df_hash,22ZHK4.SNEL2E
device,HZ2X61
project_hash,29R7
project_name,istanbul_aydin_university
person_hash,29R7.ZR5A
person_label,v107
date_time_start,2026-03-02_13-49-02.582000_+03
date_time_start_unix,1772444942.582
date_time_end,2026-03-02_13-57-50.804000_+03
length_difference_noticed,no

time,acc_mag
5.029,0.988
5.059,0.981
5.089,0.984
5.119,0.984
5.149,0.981
5.179,1.006
5.209,0.989
5.239,0.979
5.269,0.977
5.299,0.979
5.329,0.993
5.359,0.980
5.389,0.988
5.419,0.988
5.449,0.993
5.479,0.990
5.509,0.983
5.539,0.985
5.569,0.993
5.599,0.985
5.629,0.974
5.659,0.995
5.689,0.979
5.719,0.993
5.749,1.003
5.779,0.970
5.809,0.985
5.839,0.982
5.869,0.988
5.899,0.978
5.929,0.994
5.959,0.991
5.989,0.988
6.019,0.983
6.049,0.985
6.079,0.985
6.109,0.983
6.139,0.977
6.169,0.982
6.199,0.980
6.229,0.992
6.259,0.991
6.289,0.992
6.319,0.972
6.349,0.978
6.379,0.989
6.409,0.992
6.439,0.982
6.469,0.984
6.499,0.982
6.529,0.995
6.559,0.977
6.589,0.983
6.619,0.986
6.649,0.992
6.679,0.977
6.709,0.989
6.739,0.982
6.769,0.994
6.799,0.997
6.829,0.983
6.859,0.979
6.889,0.987
6.919,0.983
6.949,0.981
6.979,0.983
7.009,0.991
7.039,0.991
7.069,0.988
7.099,0.982
7.129,0.984
7.159,0.986
7.189,0.983
7.219,0.982
7.249,0.989
7.279,0.979
7.309,1.004
7.339,0.996
7.369,0.982
7.399,0.978
7.429,0.981
7.459,0.986
7.489,0.988
7.519,0.991
7.549,0.987
7.579,0.985
7.609,0.994
7.639,0.986
7.669,0.983
7.699,0.980
7.729,0.988
7.759,0.989
7.789,0.995
7.819,0.985
7.849,0.996
7.879,0.987
7.909,0.976
7.939,0.980
7.969,0.987
7.999,0.993
8.029,0.983
8.059,0.987
8.089,0.993
8.119,0.985
8.149,0.987
8.179,0.986
8.209,0.986
8.239,0.986
8.269,0.985
8.299,0.981
8.329,0.989
8.359,0.986
8.389,0.996
8.419,0.989
8.449,0.987
8.479,0.982
8.509,0.979
8.539,0.987
8.569,0.985
8.599,0.983
8.629,0.994
8.659,0.990
8.689,0.982
8.719,0.987
8.749,0.989
8.779,0.988
8.809,0.987
8.839,0.988
8.869,0.979
8.899,0.994
8.929,0.984
8.959,0.993
8.989,0.990
9.019,0.987
9.049,0.979
9.079,0.980
9.109,0.990
9.139,0.989
9.169,0.984
9.199,0.993
9.229,0.984
9.259,0.983
9.289,0.982
9.319,0.979
9.349,0.992
9.379,0.984
9.409,0.985
9.439,0.988
9.469,0.984
9.499,0.993
9.529,0.979
9.559,0.994
9.589,0.996
9.619,0.984
9.649,0.972
9.679,0.978
9.709,0.988
9.739,0.988
9.769,0.991
9.799,0.990
9.829,0.989
9.859,0.979
9.889,0.984
9.919,0.985
9.949,0.982
9.979,0.994
10.009,0.986
10.039,0.980
10.069,0.988
10.099,0.984
10.129,0.989
10.159,1.002
10.189,0.978
10.219,0.978
10.249,0.986
10.279,0.982
10.309,0.985
10.339,0.984
10.369,1.000
10.399,0.989
10.429,0.988
10.459,0.987
10.489,0.982
10.519,0.991
10.549,0.991
10.579,0.986
10.609,0.985
10.639,0.991
10.669,0.981
10.699,1.002
10.729,0.998
10.759,0.977
10.789,0.983
10.819,0.986
10.849,0.992
10.879,0.980
10.909,0.998
10.939,0.988
10.969,0.994
10.999,0.985
11.029,0.985
11.059,0.984
11.089,0.988
11.119,0.989
11.149,0.984
11.179,0.994
11.209,0.982
11.239,1.000
11.269,0.996
11.299,0.978
11.329,0.980
11.359,0.988
11.389,0.994
11.419,0.982
11.449,0.995
11.479,0.991
11.509,0.989
11.539,0.986
11.569,0.984
11.599,0.989
11.629,0.985
11.659,0.986
11.689,0.984
11.719,0.994
11.749,0.984
11.779,0.998
11.809,0.991
11.839,0.988
11.869,0.979
11.899,0.985
11.929,0.997
11.959,0.986
11.989,0.985
12.019,0.992
12.049,0.988
12.079,0.985
12.109,0.990
12.139,0.990
12.169,0.990
12.199,0.979
12.229,0.987
12.259,0.989
12.289,0.986
12.319,1.003
12.349,0.994
12.379,0.981
12.409,0.975
12.439,0.989
12.469,0.996
12.499,0.985
12.529,0.987
12.559,0.995
12.589,0.990
12.619,0.991
12.649,0.983
12.679,0.983
12.709,0.985
12.739,0.992
12.769,0.978
12.799,0.987
12.829,0.986
12.859,0.996
12.889,0.995
12.919,0.985
12.949,0.981
12.979,0.984
13.009,0.982
13.039,0.986
13.069,0.983
13.099,0.998
13.129,0.987
13.159,0.986
13.189,0.989
13.219,0.985
13.249,0.986
13.279,0.984
13.309,0.985
13.339,0.981
13.369,0.994
13.399,0.980
13.429,0.999
13.459,0.989
13.489,0.988
13.519,0.981
13.549,0.982
13.579,0.993
13.609,0.985
13.639,0.997
13.669,0.989
13.699,0.985
13.729,0.985
13.759,0.990
13.789,0.982
13.819,0.988
13.849,0.988
13.879,0.986
13.909,0.986
13.939,0.999
13.969,0.980
13.999,1.002
14.029,0.988
14.059,0.985
14.089,0.981
14.119,0.981
14.149,0.994
14.179,0.980
14.209,1.001
14.239,0.988
14.269,0.987
14.299,0.973
14.329,0.992
14.359,0.994
14.389,0.981
14.419,0.981
14.449,0.989
14.479,0.982
14.509,0.996
14.539,0.978
14.569,0.999
14.599,0.997
14.629,0.992
14.659,0.976
14.689,0.984
14.719,0.990
14.749,0.982
14.779,0.997
14.809,0.992
14.839,0.992
14.869,0.985
14.899,0.989
14.929,0.985
14.959,0.986
14.989,0.991
15.019,0.979
15.049,0.986
15.079,0.995
15.109,0.981
15.139,1.008
15.169,0.994
15.199,0.979
15.229,0.983
15.259,0.982
15.289,0.990
15.319,0.973
15.349,0.995
15.379,0.985
15.409,0.995
15.439,0.985
15.469,0.984
15.499,0.989
15.529,0.988
15.559,0.985
15.589,0.981
15.619,0.990
15.649,0.980
15.679,1.003
15.709,0.992
15.739,0.978
15.769,0.986
15.799,0.988
15.829,0.995
15.859,0.978
15.889,0.993
15.919,0.990
15.949,0.996
15.979,0.981
16.009,0.993
16.039,0.984
16.069,0.987
16.099,0.982
16.129,0.992
16.159,0.985
16.189,0.990
16.219,1.007
16.249,0.986
16.279,0.979
16.309,0.985
16.339,0.991
16.369,0.988
16.399,0.986
16.429,0.993
16.459,0.990
16.489,0.991
16.519,0.981
16.549,0.987
16.579,0.992
16.609,0.985
16.639,0.981
16.669,0.995
16.699,0.984
16.729,0.996
16.759,1.003
16.789,0.980
16.819,0.983
16.849,0.981
16.879,0.993
16.909,0.990
16.939,0.989
16.969,0.992
16.999,0.995
17.029,0.990
17.059,0.987
17.089,0.982
17.119,0.990
17.149,0.983
17.179,0.988
17.209,0.990
17.239,0.986
17.269,0.999
17.299,0.991
17.329,0.986
17.359,0.979
17.389,0.983
17.419,0.990
17.449,0.983
17.479,0.994
17.509,0.987
17.539,1.001
17.569,0.986
17.599,0.980
17.629,0.993
17.659,0.981
17.689,0.984
17.719,0.989
17.749,0.989
17.779,1.003
17.809,0.994
17.839,0.997
17.869,0.976
17.899,0.986
17.929,0.986
17.959,0.991
17.989,0.971
18.019,0.997
18.049,0.993
18.079,0.990
18.109,0.981
18.139,0.987
18.169,0.986
18.199,0.988
18.229,0.984
18.259,0.991
18.289,0.985
18.319,0.997
18.349,0.993
18.379,0.988
18.409,0.979
18.439,0.983
18.469,0.979
18.499,0.990
18.529,0.980
18.559,0.995
18.589,0.992
18.619,0.986
18.649,0.985
18.679,0.985
18.709,0.991
18.739,0.989
18.769,0.988
18.799,0.977
18.829,0.997
18.859,0.985
18.889,0.996
18.919,0.988
18.949,0.984
18.979,0.982
19.009,0.980
19.039,0.988
19.069,0.980
19.099,0.999
19.129,0.986
19.159,0.988
19.189,0.986
19.219,0.984
19.249,0.986
19.279,0.989
19.309,0.989
19.339,0.982
19.369,0.983
19.399,0.995
19.429,0.982
19.459,0.995
19.489,0.991
19.519,0.981
19.549,0.983
19.579,0.979
19.609,0.992
19.639,0.980
19.669,0.996
19.699,0.987
19.729,0.983
19.759,0.986
19.789,0.988
19.819,0.992
19.849,0.985
19.879,0.981
19.909,0.986
19.939,0.982
19.969,0.994
19.999,0.980
20.029,0.988
20.059,1.008
20.089,0.983
20.119,0.975
20.149,0.981
20.179,0.990
20.209,0.990
20.239,0.990
20.269,0.997
20.299,0.993
20.329,0.984
20.359,0.989
20.389,0.985
20.419,0.989
20.449,0.992
20.479,0.986
20.509,0.983
20.539,0.987
20.569,0.989
20.599,0.984
20.629,1.005
20.659,0.988
20.689,0.979
20.719,0.980
20.749,0.984
20.779,0.989
20.809,0.980
20.839,1.001
20.869,0.985
20.899,0.987
20.929,0.990
20.959,0.988
20.989,0.992
21.019,0.986
21.049,0.992
21.079,0.983
21.109,0.999
21.139,0.974
21.169,1.001
21.199,1.002
21.229,0.977
21.259,0.981
21.289,0.985
21.319,0.995
21.349,0.982
21.379,0.999
21.409,0.989
21.439,0.996
21.469,0.989
21.499,0.989
21.529,0.990
21.559,0.986
21.589,0.985
21.619,0.988
21.649,0.994
21.679,0.986
21.709,1.005
21.739,0.998
21.769,0.982
21.799,0.987
21.829,0.985
21.859,0.990
21.889,0.981
21.919,0.992
21.949,0.991
21.979,0.995
22.009,0.989
22.039,0.985
22.069,0.988
22.099,0.994
22.129,0.985
22.159,0.993
22.189,0.980
22.219,0.995
22.249,1.008
22.279,0.991
22.309,0.978
22.339,0.991
22.369,0.991
22.399,0.994
22.429,0.980
22.459,1.002
22.489,0.990
22.519,0.990
22.549,0.980
22.579,0.992
22.609,0.994
22.639,0.984
22.669,0.985
22.699,0.989
22.729,0.981
22.759,1.005
22.789,0.994
22.819,0.981
22.849,0.980
22.879,0.990
22.909,0.989
22.939,0.987
22.969,0.995
22.999,0.986
23.029,1.002
23.059,0.989
23.089,0.990
23.119,0.983
23.149,0.992
23.179,0.984
23.209,0.996
23.239,0.982
23.269,0.988
23.299,1.002
23.329,0.996
23.359,0.985
23.389,0.978
23.419,0.987
23.449,1.001
23.479,0.981
23.509,1.001
23.539,0.984
23.569,0.995
23.599,0.987
23.629,0.989
23.659,0.984
23.689,0.994
23.719,0.982
23.749,0.993
23.779,0.982
23.809,0.995
23.839,0.992
23.869,0.992
23.899,0.976
23.929,0.985
23.959,0.984
23.989,0.994
24.019,0.991
24.049,0.997
24.079,0.989
24.109,0.994
24.139,0.992
24.169,0.979
24.199,0.993
24.229,0.991
24.259,0.983
24.289,0.989
24.319,0.989
24.349,0.999
24.379,1.000
24.409,0.988
24.439,0.982
24.469,0.979
24.499,0.986
24.529,0.989
24.559,0.981
24.589,0.994
24.619,0.990
24.649,0.986
24.679,0.993
24.709,0.988
24.739,0.986
24.769,0.992
24.799,0.987
24.829,0.984
24.859,0.990
24.889,0.985
24.919,0.995
24.949,0.997
24.979,0.986
25.009,0.980
25.039,0.986
25.069,0.988
25.099,0.992
25.129,0.986
25.159,0.991
25.189,0.986
25.219,0.987
25.249,0.990
25.279,0.983
25.309,0.985
25.339,0.995
25.369,0.992
25.399,0.984
25.429,0.983
25.459,0.995
25.489,0.986
25.519,1.000
25.549,0.991
25.579,0.988
25.609,0.985
25.639,0.978
25.669,0.993
25.699,0.979
25.729,0.993
25.759,0.985
25.789,0.991
25.819,0.990
25.849,0.982
25.879,0.994
25.909,0.983
25.939,0.989
25.969,0.988
25.999,0.986
26.029,0.985
26.059,0.992
26.089,0.986
26.119,1.008
26.149,0.988
26.179,0.979
26.209,0.980
26.239,0.982
26.269,0.994
26.299,0.975
26.329,1.002
26.359,0.984
26.389,0.990
26.419,0.991
26.449,0.982
26.479,0.989
26.509,0.990
26.539,0.991
26.569,0.980
26.599,0.984
26.629,0.991
26.659,0.983
26.689,1.009
26.719,0.985
26.749,0.977
26.779,0.990
26.809,0.984
26.839,0.990
26.869,0.983
26.899,1.002
26.929,0.979
26.959,0.994
26.989,0.984
27.019,0.983
27.049,0.988
27.079,0.985
27.109,0.985
27.139,0.985
27.169,0.994
27.199,0.978
27.229,1.002
27.259,0.997
27.289,0.979
27.319,0.981
27.349,0.985
27.379,0.997
27.409,0.983
27.439,0.992
27.469,0.988
27.499,0.995
27.529,0.987
27.559,0.985
27.589,0.989
27.619,0.985
27.649,0.990
27.679,0.985
27.709,0.990
27.739,0.984
27.769,1.001
27.799,1.000
27.829,0.974
27.859,0.981
27.889,0.986
27.919,0.995
27.949,0.979
27.979,0.993
28.009,0.987
28.039,0.995
28.069,0.986
28.099,0.980
28.129,0.989
28.159,0.992
28.189,0.982
28.219,0.987
28.249,0.985
28.279,0.992
28.309,1.003
28.339,0.992
28.369,0.982
28.399,0.983
28.429,0.987
28.459,0.989
28.489,0.985
28.519,0.997
28.549,0.988
28.579,0.992
28.609,0.987
28.639,0.985
28.669,0.988
28.699,0.988
28.729,0.981
28.759,0.987
28.789,0.979
28.819,0.994
28.849,1.001
28.879,0.981
28.909,0.982
28.939,0.985
28.969,0.984
28.999,0.986
29.029,0.985
29.059,0.998
29.089,0.987
29.119,0.992
29.149,0.991
29.179,0.982
29.209,0.988
29.239,0.989
29.269,0.983
29.299,0.993
29.329,0.983
29.359,1.000
29.389,0.997
29.419,0.989
29.449,0.985
29.479,0.979
29.509,0.983
29.539,0.991
29.569,0.989
29.599,1.002
29.629,0.987
29.659,0.985
29.689,0.995
29.719,0.985
29.749,0.994
29.779,0.990
29.809,0.982
29.839,0.997
29.869,0.991
29.899,0.988
29.929,0.999
29.959,0.993
29.989,0.979
30.019,0.983
30.049,0.986
30.079,0.989
30.109,0.973
30.139,0.996
30.169,0.985
30.199,0.991
30.229,0.984
30.259,0.986
30.289,0.986
30.319,0.984
30.349,0.983
30.379,0.979
30.409,0.991
30.439,0.984
30.469,0.996
30.499,0.994
30.529,0.989
30.559,0.981
30.589,0.978
30.619,0.990
30.649,0.989
30.679,0.991
30.709,0.990
30.739,0.984
30.769,0.983
30.799,0.991
30.829,0.982
30.859,0.989
30.889,0.988
30.919,0.987
30.949,0.982
30.979,0.994
31.009,0.982
31.039,0.993
31.069,0.991
31.099,0.984
31.129,0.981
31.159,0.987
31.189,0.990
31.219,0.982
31.249,0.995
31.279,0.989
31.309,0.988
31.339,0.985
31.369,0.988
31.399,0.986
31.429,0.986
31.459,0.990
31.489,0.988
31.519,0.978
31.549,0.991
31.579,0.989
31.609,0.995
31.639,0.999
31.669,0.984
31.699,0.978
31.729,0.981
31.759,0.989
31.789,0.984
31.819,1.000
31.849,0.989
31.879,0.992
31.909,0.983
31.939,0.986
31.969,0.989
31.999,0.990
32.029,0.988
32.059,0.976
32.089,0.993
32.119,0.992
32.149,0.983
32.179,1.005
32.209,0.990
32.239,0.971
32.269,0.985
32.299,0.987
32.329,0.988
32.359,0.979
32.389,0.998
32.419,0.982
32.449,0.988
32.479,0.990
32.509,0.986
32.539,0.989
32.569,0.987
32.599,0.982
32.629,0.986
32.659,0.996
32.689,0.980
32.719,1.003
32.749,1.004
32.779,0.980
32.809,0.979
32.839,0.983
32.869,0.991
32.899,0.984
32.929,0.993
32.959,0.985
32.989,0.992
33.019,0.989
33.049,0.991
33.079,0.989
33.109,0.990
33.139,0.985
33.169,0.981
33.199,0.997
33.229,0.981
33.259,1.000
33.289,1.004
33.319,0.978
33.349,0.983
33.379,0.986
33.409,0.992
33.439,0.987
33.469,0.994
33.499,0.986
33.529,0.996
33.559,0.986
33.589,0.988
33.619,0.988
33.649,0.982
33.679,0.990
33.709,0.986
33.739,0.989
33.769,0.981
33.799,1.004
33.829,0.994
33.859,0.978
33.889,0.986
33.919,0.981
33.949,0.999
33.979,0.981
34.009,0.999
34.039,0.983
34.069,0.993
34.099,0.985
34.129,0.987
34.159,0.981
34.189,0.997
34.219,0.987
34.249,0.988
34.279,0.986
34.309,0.986
34.339,1.006
34.369,0.989
34.399,0.979
34.429,0.985
34.459,0.990
34.489,0.994
34.519,0.981
34.549,0.996
34.579,0.981
34.609,0.988
34.639,0.990
34.669,0.986
34.699,0.990
34.729,0.985
34.759,0.986
34.789,0.991
34.819,0.993
34.849,0.983
34.879,1.002
34.909,0.990
34.939,0.982
34.969,0.982
34.999,0.984
35.029,1.003
35.059,0.980
35.089,1.000
35.119,0.990
35.149,0.988
35.179,0.993
35.209,0.989
35.239,0.990
35.269,0.990
35.299,0.987
35.329,0.980
35.359,1.000
35.389,0.993
35.419,0.997
35.449,0.992
35.479,0.992
35.509,0.980
35.539,0.985
35.569,0.987
35.599,0.994
35.629,0.985
35.659,0.998
35.689,0.992
35.719,0.988
35.749,0.989
35.779,0.985
35.809,0.990
35.839,0.992
35.869,0.989
35.899,0.979
35.929,0.994
35.959,0.993
35.989,0.994
36.019,0.992
36.049,0.991
36.079,0.981
36.109,0.985
36.139,0.983
36.169,0.992
36.199,0.991
36.229,0.996
36.259,0.991
36.289,0.984
36.319,0.989
36.349,0.986
36.379,0.987
36.409,0.990
36.439,0.994
36.469,0.986
36.499,0.980
36.529,0.994
36.559,0.982
36.589,0.999
36.619,0.997
36.649,0.983
36.679,0.979
36.709,0.984
36.739,0.993
36.769,0.989
36.799,0.989
36.829,1.000
36.859,0.990
36.889,0.983
36.919,0.994
36.949,0.986
36.979,0.989
37.009,0.992
37.039,0.990
37.069,0.988
37.099,0.987
37.129,0.995
37.159,0.980
37.189,1.002
37.219,1.000
37.249,0.984
37.279,0.980
37.309,0.987
37.339,0.995
37.369,0.980
37.399,1.003
37.429,0.983
37.459,0.992
37.489,0.991
37.519,0.985
37.549,0.986
37.579,0.987
37.609,0.991
37.639,0.993
37.669,0.987
37.699,0.992
37.729,0.985
37.759,0.996
37.789,1.004
37.819,0.982
37.849,0.986
37.879,0.987
37.909,0.994
37.939,0.984
37.969,0.996
37.999,0.989
38.029,0.989
38.059,0.993
38.089,0.984
38.119,0.990
38.149,0.990
38.179,0.986
38.209,0.992
38.239,0.988
38.269,0.981
38.299,0.993
38.329,1.005
38.359,0.986
38.389,0.981
38.419,0.987
38.449,0.994
38.479,0.988
38.509,0.983
38.539,1.000
38.569,0.993
38.599,0.991
38.629,0.984
38.659,0.990
38.689,0.985
38.719,0.989
38.749,0.990
38.779,0.990
38.809,0.985
38.839,0.983
38.869,1.008
38.899,0.980
38.929,0.989
38.959,0.982
38.989,1.002
39.019,0.989
39.049,0.997
39.079,0.997
39.109,0.980
39.139,0.987
39.169,0.990
39.199,0.975
39.229,0.986
39.259,0.993
39.289,0.980
39.319,0.987
39.349,0.984
39.379,0.997
39.409,1.006
39.439,0.979
39.469,0.992
39.499,0.991
39.529,0.991
39.559,0.974
39.589,1.001
39.619,0.994
39.649,0.985
39.679,0.993
39.709,0.986
39.739,0.987
39.769,0.986
39.799,0.991
39.829,0.981
39.859,1.000
39.889,0.982
39.919,0.997
39.949,0.995
39.979,0.992
40.009,0.988
40.039,0.979
40.069,0.988
40.099,0.985
40.129,0.996
40.159,0.980
40.189,0.993
40.219,0.988
40.249,0.987
40.279,0.986
40.309,0.996
40.339,0.983
40.369,0.984
40.399,0.997
40.429,0.983
40.459,0.999
40.489,1.005
40.519,0.988
40.549,0.986
40.579,0.985
40.609,0.992
40.639,0.975
40.669,1.003
40.699,0.996
40.729,0.983
40.759,0.990
40.789,0.989
40.819,0.985
40.849,0.988
40.879,0.991
40.909,0.990
40.939,0.993
40.969,0.986
40.999,1.001
41.029,0.999
41.059,0.984
41.089,0.985
41.119,0.985
41.149,0.992
41.179,0.977
41.209,1.003
41.239,0.984
41.269,0.990
41.299,0.996
41.329,0.990
41.359,0.987
41.389,0.985
41.419,0.979
41.449,0.991
41.479,0.993
41.509,0.987
41.539,1.000
41.569,0.984
41.599,0.988
41.629,0.987
41.659,0.984
41.689,0.990
41.719,0.980
41.749,0.996
41.779,0.985
41.809,0.994
41.839,0.995
41.869,0.986
41.899,0.987
41.929,0.992
41.959,0.980
41.989,0.991
42.019,0.990
42.049,0.994
42.079,0.995
42.109,0.996
42.139,0.989
42.169,0.982
42.199,0.983
42.229,0.994
42.259,0.985
42.289,0.999
42.319,0.990
42.349,0.985
42.379,0.994
42.409,0.986
42.439,0.987
42.469,0.989
42.499,0.981
42.529,0.992
42.559,0.989
42.589,0.988
42.619,0.999
42.649,0.991
42.679,0.977
42.709,0.991
42.739,0.980
42.769,0.993
42.799,0.991
42.829,0.998
42.859,0.988
42.889,0.987
42.919,0.991
42.949,0.984
42.979,0.995
43.009,0.993
43.039,0.985
43.069,0.991
43.099,0.987
43.129,0.992
43.159,1.004
43.189,0.994
43.219,0.980
43.249,0.989
43.279,0.987
43.309,0.990
43.339,0.986
43.369,1.002
43.399,0.987
43.429,0.989
43.459,0.989
43.489,0.989
43.519,0.996
43.549,0.991
43.579,0.983
43.609,0.989
43.639,0.992
43.669,0.986
43.699,1.011
43.729,0.988
43.759,0.983
43.789,0.985
43.819,0.995
43.849,0.985
43.879,0.967
43.909,0.996
43.939,0.995
43.969,1.000
43.999,0.993
44.029,0.989
44.059,0.992
44.089,0.992
44.119,0.979
44.149,0.989
44.179,0.985
44.209,0.995
44.239,1.010
44.269,0.986
44.299,0.986
44.329,0.981
44.359,0.992
44.389,0.992
44.419,0.982
44.449,0.997
44.479,0.989
44.509,0.993
44.539,0.989
44.569,0.985
44.599,0.990
44.629,0.995
44.659,0.988
44.689,0.989
44.719,0.979
44.749,0.994
44.779,1.013
44.809,0.979
44.839,0.983
44.869,0.987
44.899,0.992
44.929,0.993
44.959,0.982
44.989,0.995
45.019,0.996
45.049,0.991
45.079,0.985
45.109,0.987
45.139,0.994
45.169,0.988
45.199,0.986
45.229,0.998
45.259,0.981
45.289,1.010
45.319,0.995
45.349,0.980
45.379,0.980
45.409,0.989
45.439,0.998
45.469,0.987
45.499,0.990
45.529,0.994
45.559,0.994
45.589,0.990
45.619,0.985
45.649,0.992
45.679,0.987
45.709,0.991
45.739,0.989
45.769,0.995
45.799,0.980
45.829,1.001
45.859,1.000
45.889,0.987
45.919,0.984
45.949,0.989
45.979,0.990
46.009,0.992
46.039,0.984
46.069,0.995
46.099,0.992
46.129,0.997
46.159,0.984
46.189,0.991
46.219,0.991
46.249,0.990
46.279,0.985
46.309,0.990
46.339,1.001
46.369,0.982
46.399,0.999
46.429,0.999
46.459,0.990
46.489,0.986
46.519,0.981
46.549,0.986
46.579,0.985
46.609,0.983
46.639,0.994
46.669,0.989
46.699,0.989
46.729,0.995
46.759,0.988
46.789,0.995
46.819,0.992
46.849,0.987
46.879,0.991
46.909,0.988
46.939,0.993
46.969,0.982
46.999,1.006
47.029,0.994
47.059,0.987
47.089,0.982
47.119,0.987
47.149,0.995
47.179,0.988
47.209,0.990
47.239,1.000
47.269,0.991
47.299,0.989
47.329,0.983
47.359,0.989
47.389,0.991
47.419,0.989
47.449,0.990
47.479,0.989
47.509,0.985
47.539,0.985
47.569,0.989
47.599,0.991
47.629,0.997
47.659,0.993
47.689,0.982
47.719,0.984
47.749,0.984
47.779,0.992
47.809,0.985
47.839,0.997
47.869,0.990
47.899,0.983
47.929,0.991
47.959,0.985
47.989,0.992
48.019,0.987
48.049,0.990
48.079,0.989
48.109,0.991
48.139,0.980
48.169,0.998
48.199,0.984
48.229,0.995
48.259,0.999
48.289,0.990
48.319,0.981
48.349,0.983
48.379,0.985
48.409,0.993
48.439,0.984
48.469,0.994
48.499,0.996
48.529,0.985
48.559,0.990
48.589,0.986
48.619,0.992
48.649,0.989
48.679,0.994
48.709,0.988
48.739,0.989
48.769,0.978
48.799,0.998
48.829,0.987
48.859,0.988
48.889,1.005
48.919,0.986
48.949,0.981
48.979,0.984
49.009,0.994
49.039,0.985
49.069,0.991
49.099,0.998
49.129,0.988
49.159,0.989
49.189,0.985
49.219,0.983
49.249,0.991
49.279,0.991
49.309,0.990
49.339,0.990
49.369,0.985
49.399,0.993
49.429,0.989
49.459,0.992
49.489,1.008
49.519,0.987
49.549,0.983
49.579,0.990
49.609,0.989
49.639,0.992
49.669,0.983
49.699,1.001
49.729,0.991
49.759,0.990
49.789,0.997
49.819,0.988
49.849,0.992
49.879,0.987
49.909,0.990
49.939,0.983
49.969,0.994
49.999,0.988
50.029,0.987
50.059,1.010
50.089,0.982
50.119,0.981
50.149,0.988
50.179,0.986
50.209,0.990
50.239,0.982
50.269,1.001
50.299,0.989
50.329,0.992
50.359,0.992
50.389,0.985
50.419,0.993
50.449,0.987
50.479,0.989
50.509,0.991
50.539,0.994
50.569,0.987
50.599,1.002
50.629,0.994
50.659,0.981
50.689,0.982
50.719,0.996
50.749,0.998
50.779,0.987
50.809,1.000
50.839,0.988
50.869,0.992
50.899,0.990
50.929,0.987
50.959,0.992
50.989,0.991
51.019,0.986
51.049,0.992
51.079,0.986
51.109,0.991
51.139,1.012
51.169,0.992
51.199,0.978
51.229,0.983
51.259,0.991
51.289,0.995
51.319,0.986
51.349,0.992
51.379,0.991
51.409,0.996
51.439,0.988
51.469,0.988
51.499,0.988
51.529,0.992
51.559,0.992
51.589,0.995
51.619,0.985
51.649,0.991
51.679,1.010
51.709,0.989
51.739,0.985
51.769,0.983
51.799,0.992
51.829,0.995
51.859,0.981
51.889,1.001
51.919,0.989
51.949,0.995
51.979,0.985
52.009,0.986
52.039,0.991
52.069,0.992
52.099,0.982
52.129,1.000
52.159,0.987
52.189,0.995
52.219,0.996
52.249,0.992
52.279,0.988
52.309,1.001
52.339,0.990
52.369,0.991
52.399,0.985
52.429,0.998
52.459,0.985
52.489,0.996
52.519,0.996
52.549,0.990
52.579,0.988
52.609,0.984
52.639,0.991
52.669,0.997
52.699,0.985
52.729,0.995
52.759,1.003
52.789,0.997
52.819,0.985
52.849,0.990
52.879,0.982
52.909,1.000
52.939,0.980
52.969,1.003
52.999,0.988
53.029,0.987
53.059,0.997
53.089,0.985
53.119,0.997
53.149,0.987
53.179,0.988
53.209,0.987
53.239,0.996
53.269,0.984
53.299,1.003
53.329,0.992
53.359,0.991
53.389,0.986
53.419,0.988
53.449,1.002
53.479,0.985
53.509,0.993
53.539,0.995
53.569,0.991
53.599,0.991
53.629,0.990
53.659,0.991
53.689,0.999
53.719,0.990
53.749,0.993
53.779,0.984
53.809,1.001
53.839,0.988
53.869,0.998
53.899,0.994
53.929,0.990
53.959,0.981
53.989,0.985
54.019,0.998
54.049,0.987
54.079,0.995
54.109,0.989
54.139,0.989
54.169,0.988
54.199,0.989
54.229,0.991
54.259,0.992
54.289,0.994
54.319,0.989
54.349,0.984
54.379,0.999
54.409,0.989
54.439,0.998
54.469,0.995
54.499,0.992
54.529,0.979
54.559,0.988
54.589,0.986
54.619,0.993
54.649,0.993
54.679,1.003
54.709,0.990
54.739,0.985
54.769,0.988
54.799,0.986
54.829,0.995
54.859,0.992
54.889,0.989
54.919,0.988
54.949,0.991
54.979,0.998
55.009,0.982
55.039,1.004
55.069,1.000
55.099,0.985
55.129,0.979
55.159,0.991
55.189,0.998
55.219,0.980
55.249,1.004
55.279,0.989
55.309,0.994
55.339,0.988
55.369,0.990
55.399,0.994
55.429,0.995
55.459,0.992
55.489,0.986
55.519,0.986
55.549,1.000
55.579,0.986
55.609,1.002
55.639,1.001
55.669,0.981
55.699,0.983
55.729,0.994
55.759,0.998
55.789,0.981
55.819,1.000
55.849,0.990
55.879,0.993
55.909,0.995
55.939,0.990
55.969,0.989
55.999,0.992
56.029,0.991
56.059,0.990
56.089,0.994
56.119,0.991
56.149,0.991
56.179,1.009
56.209,0.983
56.239,0.987
56.269,0.990
56.299,0.991
56.329,0.993
56.359,0.979
56.389,0.996
56.419,0.992
56.449,0.995
56.479,0.993
56.509,0.983
56.539,0.996
56.569,0.994
56.599,0.995
56.629,0.996
56.659,0.989
56.689,0.986
56.719,1.001
56.749,0.992
56.779,0.984
56.809,0.986
56.839,0.988
56.869,0.990
56.899,0.989
56.929,1.011
56.959,0.990
56.989,1.000
57.019,0.989
57.049,0.991
57.079,0.987
57.109,0.992
57.139,0.987
57.169,0.992
57.199,0.990
57.229,0.992
57.259,1.013
57.289,0.985
57.319,0.988
57.349,0.986
57.379,0.993
57.409,0.997
57.439,0.988
57.469,0.996
57.499,0.991
57.529,0.993
57.559,0.987
57.589,0.993
57.619,0.992
57.649,0.991
57.679,0.994
57.709,0.992
57.739,0.987
57.769,1.002
57.799,1.003
57.829,0.987
57.859,0.983
57.889,0.986
57.919,0.991
57.949,0.988
57.979,0.984
58.009,1.001
58.039,0.993
58.069,0.992
58.099,0.991
58.129,0.990
58.159,0.990
58.189,0.993
58.219,0.988
58.249,0.999
58.279,0.978
58.309,1.001
58.339,1.008
58.369,0.982
58.399,0.992
58.429,0.997
58.459,0.992
58.489,0.981
58.519,0.998
58.549,0.999
58.579,0.988
58.609,0.982
58.639,1.000
58.669,0.994
58.699,0.985
58.729,0.989
58.759,0.988
58.789,0.999
58.819,0.988
58.849,0.990
58.879,1.003
58.909,0.995
58.939,0.983
58.969,0.990
58.999,0.984
59.029,0.988
59.059,0.994
59.089,1.005
59.119,0.997
59.149,0.991
59.179,0.991
59.209,0.995
59.239,0.994
59.269,0.984
59.299,0.985
59.329,0.993
59.359,0.991
59.389,0.983
59.419,1.007
59.449,0.996
59.479,0.989
59.509,0.984
59.539,0.988
59.569,0.990
59.599,0.988
59.629,1.000
59.659,0.992
59.689,0.996
59.719,0.994
59.749,0.994
59.779,0.990
59.809,0.993
59.839,0.994
59.869,0.982
59.899,0.999
59.929,0.987
59.959,0.998
59.989,0.996
60.019,0.994
60.049,0.983
60.079,0.984
60.109,0.995
60.139,0.991
60.169,0.996
60.199,0.994
60.229,0.992
60.259,0.988
60.289,0.996
60.319,0.990
60.349,0.992
60.379,0.996
60.409,0.981
60.439,0.996
60.469,1.001
60.499,0.983
60.529,1.004
60.559,0.994
60.589,0.989
60.619,0.985
60.649,0.988
60.679,0.996
60.709,0.989
60.739,0.993
60.769,0.992
60.799,0.991
60.829,0.989
60.859,0.989
60.889,0.994
60.919,0.991
60.949,0.991
60.979,0.980
61.009,0.997
61.039,0.983
61.069,1.002
61.099,1.003
61.129,0.989
61.159,0.974
61.189,0.990
61.219,0.997
61.249,0.990
61.279,1.002
61.309,0.994
61.339,0.992
61.369,0.992
61.399,0.994
61.429,0.992
61.459,0.991
61.489,0.991
61.519,0.981
61.549,0.995
61.579,0.991
61.609,0.990
61.639,1.010
61.669,0.989
61.699,0.984
61.729,0.989
61.759,0.993
61.789,0.988
61.819,0.988
61.849,1.006
61.879,0.991
61.909,0.990
61.939,0.990
61.969,0.992
61.999,0.989
62.029,0.990
62.059,0.990
62.089,0.994
62.119,0.994
62.149,0.989
62.179,1.013
62.209,0.988
62.239,0.985
62.269,0.989
62.299,0.994
62.329,0.990
62.359,0.985
62.389,1.002
62.419,0.991
62.449,0.996
62.479,0.991
62.509,0.993
62.539,0.993
62.569,0.991
62.599,0.988
62.629,0.994
62.659,0.982
62.689,0.992
62.719,1.013
62.749,0.983
62.779,0.984
62.809,0.985
62.839,1.000
62.869,0.998
62.899,0.982
62.929,1.002
62.959,0.987
62.989,0.990
63.019,0.990
63.049,0.989
63.079,0.991
63.109,0.990
63.139,0.983
63.169,0.999
63.199,0.985
63.229,1.001
63.259,1.000
63.289,0.988
63.319,0.987
63.349,0.993
63.379,0.984
63.409,0.990
63.439,0.989
63.469,1.005
63.499,0.988
63.529,0.988
63.559,0.998
63.589,0.991
63.619,0.994
63.649,0.992
63.679,0.987
63.709,0.994
63.739,0.989
63.769,0.993
63.799,1.003
63.829,0.992
63.859,0.985
63.889,0.989
63.919,0.989
63.949,1.000
63.979,0.977
64.009,1.008
64.039,0.992
64.069,0.993
64.099,0.996
64.129,0.993
64.159,0.994
64.189,0.994
64.219,0.991
64.249,0.984
64.279,1.000
64.309,0.994
64.339,1.001
64.369,1.002
64.399,0.995
64.429,0.980
64.459,0.988
64.489,0.994
64.519,0.996
64.549,0.990
64.579,1.002
64.609,0.992
64.639,0.984
64.669,0.993
64.699,0.991
64.729,0.995
64.759,0.993
64.789,0.992
64.819,0.985
64.849,1.000
64.879,0.988
64.909,1.006
64.939,0.990
64.969,0.992
64.999,0.986
65.029,0.984
65.059,0.995
65.089,0.989
65.119,1.001
65.149,0.994
65.179,0.994
65.209,0.989
65.239,0.992
65.269,0.990
65.299,0.995
65.329,0.996
65.359,0.991
65.389,0.985
65.419,1.002
65.449,0.992
65.479,0.992
65.509,0.999
65.539,0.992
65.569,0.987
65.599,0.991
65.629,0.991
65.659,0.996
65.689,0.997
65.719,0.998
65.749,0.990
65.779,0.982
65.809,0.992
65.839,1.000
65.869,0.992
65.899,0.993
65.929,0.992
65.959,0.990
65.989,0.998
66.019,0.986
66.049,0.992
66.079,1.014
66.109,0.990
66.139,0.983
66.169,0.990
66.199,0.991
66.229,0.994
66.259,0.989
66.289,1.005
66.319,0.995
66.349,0.997
66.379,0.991
66.409,0.990
66.439,0.996
66.469,0.993
66.499,0.992
66.529,0.986
66.559,0.997
66.589,0.989
66.619,0.994
66.649,1.011
66.679,0.985
66.709,0.983
66.739,0.991
66.769,0.994
66.799,0.989
66.829,0.984
66.859,1.003
66.889,0.987
66.919,0.994
66.949,0.995
66.979,0.988
67.009,0.997
67.039,0.993
67.069,0.988
67.099,0.988
67.129,0.998
67.159,0.991
67.189,1.003
67.219,1.003
67.249,0.986
67.279,0.989
67.309,0.989
67.339,0.996
67.369,0.987
67.399,1.000
67.429,0.992
67.459,0.998
67.489,0.993
67.519,0.986
67.549,0.992
67.579,0.998
67.609,0.989
67.639,0.995
67.669,0.996
67.699,0.994
67.729,1.009
67.759,0.996
67.789,0.986
67.819,0.988
67.849,0.990
67.879,0.999
67.909,0.987
67.939,0.996
67.969,0.990
67.999,0.999
68.029,0.981
68.059,0.993
68.089,0.991
68.119,0.994
68.149,0.991
68.179,0.997
68.209,0.987
68.239,0.995
68.269,1.015
68.299,0.979
68.329,0.986
68.359,0.992
68.389,0.995
68.419,0.988
68.449,0.983
68.479,1.006
68.509,0.988
68.539,0.993
68.569,0.988
68.599,1.002
68.629,0.992
68.659,0.984
68.689,0.991
68.719,1.001
68.749,0.985
68.779,0.996
68.809,1.015
68.839,0.991
68.869,0.980
68.899,0.992
68.929,0.990
68.959,0.996
68.989,0.988
69.019,1.002
69.049,0.987
69.079,0.996
69.109,0.994
69.139,0.988
69.169,0.986
69.199,0.990
69.229,0.989
69.259,0.999
69.289,0.987
69.319,0.999
69.349,0.998
69.379,0.994
69.409,0.985
69.439,0.990
69.469,0.984
69.499,0.996
69.529,0.998
69.559,1.001
69.589,0.991
69.619,0.987
69.649,0.998
69.679,0.993
69.709,0.993
69.739,0.994
69.769,0.988
69.799,0.993
69.829,0.989
69.859,0.996
69.889,1.004
69.919,0.994
69.949,0.981
69.979,0.990
70.009,0.983
70.039,0.993
70.069,0.985
70.099,0.999
70.129,0.989
70.159,0.991
70.189,0.998
70.219,0.991
70.249,0.994
70.279,0.992
70.309,0.990
70.339,0.989
70.369,0.995
70.399,0.992
70.429,1.003
70.459,0.993
70.489,0.992
70.519,0.986
70.549,0.990
70.579,0.999
70.609,0.987
70.639,1.001
70.669,0.993
70.699,0.991
70.729,0.988
70.759,0.996
70.789,0.985
70.819,0.994
70.849,0.991
70.879,0.987
70.909,0.992
70.939,0.996
70.969,0.988
70.999,1.000
71.029,0.996
71.059,0.986
71.089,0.989
71.119,0.988
71.149,0.995
71.179,0.984
71.209,1.002
71.239,0.990
71.269,0.991
71.299,0.990
71.329,0.990
71.359,0.998
71.389,0.989
71.419,0.988
71.449,0.991
71.479,0.993
71.509,0.991
71.539,0.996
71.569,1.011
71.599,0.987
71.629,0.985
71.659,0.984
71.689,0.992
71.719,0.993
71.749,0.989
71.779,1.002
71.809,0.992
71.839,0.986
71.869,0.997
71.899,0.989
71.929,0.994
71.959,0.989
71.989,0.991
72.019,0.989
72.049,1.003
72.079,0.985
72.109,1.009
72.139,1.002
72.169,0.984
72.199,0.984
72.229,0.995
72.259,0.997
72.289,0.984
72.319,1.003
72.349,0.990
72.379,0.999
72.409,0.994
72.439,0.989
72.469,0.990
72.499,0.987
72.529,0.992
72.559,0.989
72.589,1.001
72.619,0.983
72.649,1.004
72.679,1.003
72.709,0.979
72.739,0.989
72.769,0.989
72.799,0.991
72.829,0.995
72.859,0.998
72.889,0.995
72.919,1.000
72.949,0.991
72.979,0.984
73.009,0.992
73.039,0.993
73.069,0.987
73.099,0.986
73.129,0.997
73.159,0.982
73.189,1.014
73.219,0.996
73.249,0.988
73.279,0.984
73.309,0.996
73.339,0.999
73.369,0.986
73.399,0.998
73.429,0.989
73.459,0.999
73.489,0.984
73.519,0.991
73.549,0.989
73.579,0.995
73.609,0.988
73.639,0.993
73.669,0.983
73.699,0.998
73.729,1.006
73.759,0.989
73.789,0.985
73.819,0.992
73.849,0.997
73.879,0.995
73.909,0.986
73.939,1.004
73.969,0.988
73.999,0.997
74.029,0.990
74.059,0.991
74.089,0.993
74.119,0.989
74.149,0.980
74.179,0.999
74.209,0.989
74.239,1.002
74.269,1.002
74.299,0.995
74.329,0.988
74.359,0.992
74.389,0.989
74.419,0.988
74.449,0.993
74.479,1.003
74.509,0.987
74.539,0.997
74.569,0.992
74.599,0.993
74.629,0.994
74.659,0.991
74.689,0.983
74.719,1.003
74.749,0.983
74.779,1.004
74.809,1.000
74.839,0.996
74.869,0.981
74.899,0.994
74.929,0.995
74.959,0.993
74.989,0.999
75.019,0.999
75.049,0.994
75.079,0.994
75.109,0.995
75.139,0.990
75.169,0.997
75.199,0.994
75.229,0.986
75.259,1.000
75.289,0.983
75.319,1.009
75.349,1.002
75.379,0.992
75.409,0.978
75.439,0.993
75.469,0.997
75.499,0.998
75.529,0.993
75.559,1.003
75.589,0.991
75.619,0.991
75.649,0.995
75.679,0.991
75.709,0.997
75.739,0.993
75.769,0.985
75.799,0.993
75.829,0.991
75.859,0.993
75.889,0.997
75.919,0.994
75.949,0.984
75.979,0.993
76.009,0.992
76.039,0.993
76.069,0.994
76.099,0.997
76.129,0.996
76.159,0.988
76.189,0.996
76.219,0.986
76.249,0.991
76.279,0.997
76.309,0.987
76.339,0.997
76.369,1.008
76.399,0.980
76.429,1.001
76.459,0.999
76.489,0.989
76.519,0.981
76.549,0.990
76.579,0.998
76.609,0.985
76.639,1.011
76.669,0.993
76.699,0.988
76.729,0.989
76.759,0.993
76.789,0.994
76.819,0.993
76.849,0.993
76.879,0.990
76.909,0.987
76.939,0.994
76.969,0.988
76.999,1.012
77.029,0.990
77.059,0.981
77.089,0.989
77.119,0.990
77.149,0.993
77.179,0.986
77.209,1.003
77.239,0.991
77.269,0.996
77.299,0.994
77.329,0.994
77.359,0.993
77.389,0.993
77.419,0.994
77.449,0.989
77.479,1.001
77.509,0.986
77.539,1.009
77.569,1.003
77.599,0.983
77.629,0.988
77.659,0.991
77.689,0.999
77.719,0.990
77.749,1.004
77.779,0.988
77.809,1.004
77.839,0.989
77.869,0.989
77.899,0.995
77.929,0.989
77.959,0.990
77.989,0.990
78.019,0.994
78.049,0.993
78.079,1.008
78.109,0.994
78.139,0.984
78.169,0.984
78.199,0.996
78.229,0.997
78.259,0.989
78.289,1.000
78.319,0.992
78.349,0.997
78.379,0.994
78.409,0.994
78.439,0.993
78.469,0.990
78.499,0.985
78.529,0.999
78.559,0.981
78.589,1.003
78.619,1.009
78.649,0.982
78.679,0.980
78.709,0.993
78.739,0.996
78.769,0.992
78.799,0.987
78.829,0.997
78.859,0.995
78.889,0.991
78.919,0.991
78.949,1.003
78.979,0.997
79.009,0.994
79.039,0.988
79.069,0.995
79.099,0.983
79.129,1.017
79.159,0.998
79.189,0.980
79.219,0.983
79.249,0.995
79.279,0.997
79.309,0.987
79.339,0.997
79.369,0.992
79.399,0.996
79.429,0.994
79.459,0.993
79.489,0.992
79.519,0.991
79.549,0.989
79.579,0.991
79.609,0.999
79.639,0.996
79.669,1.002
79.699,0.980
79.729,0.985
79.759,0.998
79.789,0.990
79.819,0.998
79.849,0.984
79.879,1.008
79.909,0.991
79.939,0.992
79.969,0.992
79.999,0.994
80.029,1.000
80.059,1.000
80.089,0.983
80.119,0.996
80.149,0.992
80.179,1.006
80.209,1.000
80.239,0.992
80.269,0.985
80.299,0.990
80.329,0.992
80.359,0.996
80.389,0.989
80.419,0.998
80.449,0.995
80.479,0.992
80.509,0.997
80.539,0.991
80.569,0.991
80.599,0.995
80.629,0.988
80.659,1.000
80.689,0.991
80.719,1.002
80.749,1.004
80.779,0.996
80.809,0.989
80.839,0.990
80.869,0.997
80.899,0.994
80.929,0.996
80.959,0.996
80.989,0.994
81.019,0.993
81.049,0.988
81.079,0.987
81.109,0.993
81.139,0.995
81.169,0.986
81.199,0.999
81.229,0.989
81.259,1.001
81.289,0.998
81.319,0.996
81.349,0.982
81.379,0.987
81.409,0.993
81.439,0.998
81.469,0.998
81.499,0.997
81.529,0.996
81.559,0.990
81.589,0.993
81.619,0.990
81.649,0.994
81.679,0.995
81.709,0.991
81.739,0.993
81.769,1.008
81.799,0.989
81.829,0.998
81.859,0.997
81.889,0.990
81.919,0.984
81.949,0.982
81.979,1.008
82.009,0.983
82.039,1.010
82.069,0.993
82.099,0.995
82.129,0.992
82.159,0.993
82.189,0.999
82.219,0.998
82.249,0.992
82.279,0.981
82.309,0.999
82.339,0.986
82.369,0.997
82.399,1.009
82.429,0.991
82.459,0.982
82.489,0.988
82.519,0.992
82.549,0.994
82.579,0.997
82.609,1.002
82.639,0.993
82.669,0.991
82.699,1.000
82.729,0.990
82.759,1.000
82.789,0.994
82.819,0.987
82.849,0.997
82.879,0.993
82.909,0.989
82.939,1.012
82.969,0.994
82.999,0.984
83.029,0.989
83.059,0.992
83.089,0.996
83.119,0.985
83.149,1.005
83.179,0.985
83.209,0.999
83.239,0.992
83.269,0.992
83.299,0.998
83.329,0.992
83.359,0.987
83.389,0.994
83.419,0.991
83.449,0.993
83.479,1.006
83.509,0.991
83.539,0.989
83.569,0.990
83.599,0.990
83.629,0.998
83.659,0.985
83.689,1.000
83.719,0.990
83.749,1.001
83.779,0.994
83.809,0.990
83.839,0.990
83.869,0.993
83.899,0.993
83.929,1.000
83.959,0.984
83.989,1.003
84.019,1.013
84.049,0.983
84.079,0.987
84.109,0.991
84.139,0.996
84.169,0.990
84.199,0.989
84.229,1.003
84.259,0.995
84.289,0.995
84.319,0.993
84.349,0.989
84.379,0.995
84.409,0.989
84.439,0.991
84.469,0.998
84.499,0.993
84.529,1.010
84.559,0.989
84.589,0.986
84.619,0.990
84.649,0.997
84.679,1.000
84.709,0.983
84.739,0.998
84.769,0.991
84.799,1.000
84.829,0.991
84.859,0.990
84.889,0.993
84.919,1.001
84.949,0.986
84.979,1.000
85.009,0.982
85.039,1.003
85.069,1.006
85.099,0.996
85.129,0.981
85.159,0.991
85.189,0.991
85.219,0.996
85.249,0.992
85.279,1.004
85.309,0.999
85.339,0.989
85.369,0.994
85.399,0.994
85.429,0.995
85.459,0.991
85.489,0.986
85.519,1.002
85.549,0.988
85.579,1.006
85.609,0.994
85.639,0.992
85.669,0.986
85.699,0.996
85.729,0.996
85.759,0.988
85.789,0.999
85.819,0.994
85.849,1.000
85.879,0.990
85.909,0.992
85.939,0.997
85.969,0.996
85.999,0.993
86.029,0.984
86.059,0.998
86.089,0.989
86.119,1.004
86.149,0.997
86.179,0.994
86.209,0.979
86.239,0.993
86.269,0.995
86.299,0.993
86.329,0.997
86.359,0.999
86.389,0.994
86.419,0.992
86.449,0.995
86.479,0.993
86.509,0.998
86.539,0.990
86.569,0.987
86.599,0.998
86.629,0.990
86.659,0.993
86.689,1.000
86.719,0.995
86.749,0.983
86.779,0.988
86.809,0.993
86.839,0.996
86.869,0.996
86.899,1.001
86.929,0.997
86.959,0.989
86.989,0.993
87.019,0.997
87.049,0.994
87.079,0.995
87.109,0.985
87.139,0.997
87.169,0.998
87.199,0.991
87.229,1.002
87.259,0.996
87.289,0.982
87.319,0.992
87.349,0.983
87.379,1.000
87.409,0.993
87.439,1.001
87.469,0.990
87.499,0.992
87.529,0.994
87.559,0.992
87.589,0.996
87.619,0.989
87.649,0.998
87.679,0.979
87.709,1.001
87.739,0.989
87.769,1.002
87.799,1.001
87.829,0.992
87.859,0.979
87.889,0.985
87.919,0.997
87.949,0.989
87.979,1.006
88.009,0.990
88.039,1.001
88.069,0.988
88.099,0.991
88.129,0.994
88.159,0.996
88.189,0.990
88.219,0.989
88.249,0.996
88.279,0.989
88.309,1.000
88.339,1.011
88.369,0.989
88.399,0.979
88.429,0.996
88.459,0.999
88.489,0.992
88.519,0.995
88.549,1.004
88.579,0.992
88.609,0.990
88.639,0.993
88.669,0.995
88.699,0.993
88.729,0.998
88.759,0.980
88.789,0.997
88.819,0.987
88.849,1.000
88.879,1.010
88.909,0.983
88.939,0.980
88.969,0.993
88.999,0.991
89.029,0.993
89.059,0.996
89.089,1.002
89.119,0.999
89.149,0.996
89.179,0.990
89.209,0.995
89.239,0.990
89.269,0.997
89.299,0.992
89.329,1.001
89.359,0.984
89.389,1.006
89.419,1.009
89.449,0.983
89.479,0.988
89.509,0.992
89.539,1.000
89.569,0.993
89.599,1.002
89.629,0.989
89.659,1.001
89.689,0.991
89.719,0.994
89.749,0.993
89.779,0.995
89.809,0.985
89.839,0.993
89.869,0.992
89.899,0.995
89.929,1.011
89.959,0.986
89.989,0.979
90.019,0.994
90.049,0.991
90.079,0.996
90.109,0.989
90.139,1.002
90.169,0.994
90.199,1.000
90.229,0.988
90.259,0.988
90.289,0.999
90.319,0.997
90.349,0.983
90.379,1.004
90.409,0.988
90.439,1.010
90.469,1.000
90.499,0.993
90.529,0.981
90.559,0.998
90.589,0.996
90.619,0.985
90.649,0.998
90.679,1.000
90.709,0.996
90.739,0.987
90.769,0.990
90.799,0.997
90.829,0.994
90.859,0.990
90.889,0.995
90.919,1.000
90.949,0.992
90.979,1.007
91.009,0.995
91.039,0.988
91.069,0.989
91.099,0.992
91.129,0.999
91.159,0.983
91.189,1.010
91.219,0.988
91.249,0.993
91.279,0.998
91.309,0.998
91.339,0.994
91.369,0.989
91.399,0.993
91.429,0.990
91.459,0.999
91.489,0.987
91.519,1.002
91.549,0.995
91.579,0.994
91.609,0.994
91.639,0.996
91.669,1.001
91.699,0.987
91.729,0.999
91.759,0.996
91.789,0.994
91.819,0.993
91.849,0.993
91.879,0.995
91.909,0.997
91.939,0.990
91.969,0.988
91.999,1.001
92.029,0.986
92.059,1.004
92.089,0.996
92.119,0.989
92.149,0.985
92.179,0.991
92.209,0.999
92.239,0.985
92.269,1.003
92.299,0.992
92.329,0.998
92.359,0.993
92.389,0.990
92.419,0.997
92.449,0.997
92.479,0.992
92.509,0.986
92.539,0.999
92.569,0.993
92.599,1.004
92.629,1.001
92.659,0.994
92.689,0.984
92.719,0.985
92.749,1.004
92.779,0.986
92.809,1.005
92.839,0.993
92.869,0.994
92.899,0.985
92.929,0.995
92.959,0.996
92.989,0.994
93.019,0.999
93.049,0.984
93.079,1.000
93.109,0.991
93.139,1.000
93.169,1.014
93.199,0.992
93.229,0.977
93.259,0.988
93.289,1.000
93.319,0.994
93.349,1.001
93.379,1.003
93.409,0.991
93.439,0.989
93.469,0.996
93.499,0.991
93.529,0.989
93.559,0.994
93.589,0.988
93.619,1.003
93.649,0.985
93.679,1.002
93.709,1.011
93.739,0.990
93.769,0.983
93.799,0.992
93.829,0.998
93.859,0.989
93.889,0.996
93.919,1.005
93.949,0.999
93.979,0.995
94.009,0.996
94.039,0.993
94.069,0.996
94.099,0.989
94.129,0.983
94.159,1.004
94.189,0.989
94.219,1.009
94.249,1.005
94.279,0.985
94.309,0.986
94.339,0.993
94.369,0.999
94.399,0.981
94.429,1.006
94.459,0.993
94.489,1.001
94.519,0.992
94.549,0.991
94.579,0.995
94.609,0.994
94.639,0.987
94.669,0.997
94.699,0.992
94.729,1.000
94.759,1.017
94.789,0.983
94.819,0.983
94.849,0.993
94.879,0.994
94.909,0.997
94.939,0.987
94.969,1.008
94.999,0.993
95.029,0.997
95.059,0.987
95.089,0.994
95.119,0.993
95.149,0.995
95.179,0.985
95.209,1.003
95.239,0.986
95.269,1.011
95.299,0.998
95.329,0.988
95.359,0.988
95.389,0.995
95.419,0.998
95.449,0.991
95.479,1.004
95.509,0.995
95.539,0.997
95.569,0.994
95.599,0.992
95.629,0.997
95.659,0.998
95.689,0.987
95.719,0.990
95.749,0.995
95.779,0.994
95.809,1.010
95.839,0.996
95.869,0.986
95.899,0.985
95.929,0.997
95.959,1.004
95.989,0.992
96.019,1.005
96.049,0.993
96.079,0.998
96.109,0.997
96.139,0.991
96.169,0.996
96.199,0.991
96.229,0.985
96.259,1.001
96.289,0.998
96.319,1.004
96.349,1.004
96.379,1.000
96.409,0.987
96.439,0.985
96.469,0.991
96.499,0.993
96.529,0.996
96.559,1.002
96.589,0.996
96.619,0.990
96.649,0.995
96.679,0.994
96.709,0.998
96.739,0.997
96.769,0.984
96.799,0.999
96.829,0.993
96.859,0.999
96.889,1.000
96.919,0.995
96.949,0.986
96.979,0.996
97.009,0.997
97.039,0.997
97.069,1.005
97.099,0.998
97.129,0.997
97.159,0.995
97.189,0.993
97.219,0.990
97.249,0.995
97.279,0.993
97.309,0.987
97.339,1.004
97.369,0.988
97.399,0.999
97.429,1.008
97.459,0.995
97.489,0.976
97.519,0.989
97.549,1.005
97.579,0.990
97.609,1.000
97.639,0.993
97.669,1.000
97.699,0.991
97.729,0.996
97.759,0.992
97.789,0.997
97.819,0.995
97.849,0.977
97.879,1.002
97.909,0.987
97.939,1.002
97.969,1.012
97.999,0.994
98.029,0.980
98.059,0.994
98.089,0.997
98.119,0.995
98.149,1.004
98.179,0.995
98.209,0.997
98.239,0.991
98.269,0.995
98.299,0.996
98.329,0.993
98.359,0.996
98.389,0.989
98.419,1.000
98.449,0.988
98.479,1.009
98.509,1.008
98.539,0.993
98.569,0.979
98.599,1.000
98.629,0.998
98.659,0.990
98.689,1.008
98.719,0.990
98.749,1.001
98.779,0.994
98.809,0.992
98.839,0.994
98.869,0.994
98.899,0.993
98.929,0.992
98.959,0.992
98.989,0.994
99.019,1.011
99.049,1.000
99.079,0.987
99.109,0.989
99.139,0.997
99.169,0.998
99.199,0.987
99.229,1.005
99.259,0.992
99.289,1.000
99.319,0.995
99.349,0.993
99.379,0.990
99.409,0.996
99.439,0.983
99.469,0.998
99.499,0.983
99.529,1.011
99.559,1.010
99.589,0.980
99.619,0.989
99.649,0.995
99.679,1.002
99.709,0.999
99.739,0.998
99.769,0.998
99.799,0.997
99.829,0.991
99.859,0.999
99.889,0.989
99.919,0.991
99.949,0.995
99.979,0.992
100.009,0.991
100.039,0.999
100.069,1.013
100.099,0.990
100.129,0.986
100.159,0.991
100.189,0.995
100.219,0.998
100.249,0.989
100.279,1.007
100.309,0.991
100.339,0.996
100.369,0.998
100.399,0.994
100.429,0.996
100.459,0.994
100.489,0.984
100.519,1.001
100.549,0.986
100.579,1.009
100.609,0.999
100.639,0.992
100.669,0.986
100.699,1.000
100.729,1.003
100.759,0.988
100.789,0.996
100.819,1.006
100.849,0.998
100.879,0.990
100.909,0.991
100.939,0.988
100.969,0.998
100.999,0.994
101.029,0.986
101.059,1.003
101.089,0.998
101.119,1.010
101.149,0.991
101.179,0.991
101.209,0.989
101.239,0.990
101.269,1.005
101.299,0.982
101.329,1.003
101.359,0.993
101.389,0.995
101.419,0.991
101.449,0.992
101.479,1.001
101.509,0.997
101.539,0.991
101.569,0.987
101.599,1.005
101.629,0.990
101.659,1.003
101.689,1.003
101.719,0.990
101.749,0.991
101.779,0.987
101.809,0.998
101.839,0.990
101.869,1.002
101.899,0.996
101.929,0.994
101.959,0.995
101.989,0.989
102.019,0.995
102.049,0.995
102.079,0.994
102.109,0.989
102.139,1.006
102.169,0.993
102.199,1.004
102.229,0.996
102.259,0.990
102.289,0.986
102.319,0.987
102.349,0.996
102.379,0.994
102.409,1.010
102.439,0.989
102.469,0.996
102.499,0.989
102.529,0.991
102.559,1.005
102.589,0.988
102.619,0.994
102.649,0.997
102.679,1.002
102.709,0.988
102.739,1.003
102.769,1.006
102.799,0.994
102.829,0.979
102.859,0.994
102.889,1.002
102.919,0.986
102.949,1.005
102.979,0.997
103.009,0.999
103.039,0.994
103.069,0.992
103.099,0.996
103.129,0.992
103.159,0.998
103.189,0.982
103.219,1.007
103.249,0.987
103.279,1.004
103.309,1.012
103.339,0.988
103.369,0.984
103.399,0.998
103.429,1.000
103.459,0.988
103.489,1.003
103.519,0.999
103.549,0.998
103.579,0.996
103.609,0.991
103.639,0.997
103.669,0.991
103.699,0.994
103.729,0.991
103.759,1.000
103.789,0.986
103.819,1.014
103.849,1.011
103.879,0.982
103.909,0.987
103.939,0.991
103.969,0.998
103.999,0.994
104.029,1.001
104.059,0.993
104.089,1.002
104.119,0.994
104.149,0.997
104.179,0.987
104.209,0.992
104.239,0.990
104.269,0.997
104.299,0.991
104.329,1.002
104.359,1.019
104.389,0.990
104.419,0.994
104.449,0.998
104.479,0.996
104.509,0.997
104.539,0.992
104.569,0.999
104.599,0.999
104.629,0.998
104.659,0.989
104.689,1.000
104.719,0.996
104.749,0.991
104.779,0.992
104.809,0.996
104.839,0.987
104.869,1.018
104.899,1.004
104.929,0.984
104.959,0.990
104.989,0.997
105.019,1.003
105.049,0.991
105.079,1.005
105.109,0.992
105.139,1.001
105.169,0.992
105.199,0.991
105.229,0.990
105.259,0.991
105.289,0.988
105.319,1.000
105.349,0.987
105.379,1.006
105.409,1.008
105.439,0.989
105.469,0.989
105.499,1.000
105.529,0.987
105.559,0.997
105.589,1.001
105.619,1.002
105.649,0.997
105.679,0.993
105.709,0.992
105.739,0.996
105.769,1.001
105.799,0.990
105.829,0.989
105.859,1.002
105.889,0.990
105.919,1.010
105.949,0.997
105.979,0.988
106.009,0.989
106.039,0.993
106.069,1.000
106.099,0.984
106.129,1.001
106.159,0.996
106.189,0.997
106.219,0.995
106.249,0.993
106.279,0.992
106.309,0.995
106.339,0.993
106.369,0.996
106.399,0.996
106.429,1.001
106.459,1.002
106.489,0.999
106.519,0.990
106.549,0.993
106.579,0.992
106.609,1.000
106.639,0.990
106.669,1.008
106.699,0.991
106.729,1.000
106.759,0.995
106.789,0.989
106.819,0.995
106.849,0.998
106.879,0.990
106.909,1.002
106.939,0.992
106.969,1.002
106.999,1.002
107.029,0.998
107.059,0.989
107.089,0.997
107.119,0.995
107.149,0.994
107.179,0.992
107.209,1.007
107.239,0.995
107.269,0.991
107.299,0.994
107.329,0.991
107.359,0.996
107.389,0.996
107.419,0.990
107.449,0.995
107.479,0.996
107.509,0.995
107.539,1.004
107.569,0.997
107.599,0.979
107.629,0.987
107.659,0.996
107.689,0.997
107.719,0.999
107.749,1.000
107.779,0.991
107.809,0.994
107.839,0.994
107.869,0.988
107.899,0.999
107.929,1.000
107.959,0.988
107.989,0.994
108.019,0.993
108.049,0.992
108.079,1.016
108.109,0.995
108.139,0.983
108.169,0.990
108.199,1.000
108.229,0.992
108.259,0.994
108.289,1.007
108.319,0.996
108.349,0.988
108.379,0.996
108.409,0.994
108.439,0.998
108.469,1.000
108.499,0.988
108.529,1.002
108.559,0.985
108.589,0.994
108.619,1.016
108.649,0.991
108.679,0.984
108.709,0.988
108.739,0.999
108.769,0.992
108.799,0.993
108.829,1.002
108.859,0.999
108.889,0.999
108.919,0.997
108.949,0.987
108.979,0.996
109.009,0.997
109.039,0.985
109.069,1.004
109.099,0.987
109.129,1.007
109.159,1.013
109.189,0.981
109.219,0.994
109.249,0.990
109.279,0.995
109.309,0.988
109.339,1.002
109.369,0.999
109.399,1.003
109.429,0.990
109.459,0.999
109.489,0.990
109.519,0.999
109.549,0.990
109.579,0.998
109.609,0.993
109.639,1.001
109.669,1.013
109.699,0.997
109.729,0.984
109.759,0.993
109.789,0.996
109.819,0.999
109.849,0.989
109.879,1.003
109.909,0.990
109.939,1.001
109.969,0.990
109.999,0.996
110.029,0.998
110.059,0.992
110.089,0.989
110.119,1.008
110.149,0.984
110.179,1.011
110.209,1.010
110.239,0.983
110.269,0.990
110.299,0.995
110.329,0.991
110.359,0.987
110.389,0.999
110.419,1.012
110.449,1.000
110.479,0.994
110.509,0.991
110.539,0.993
110.569,0.997
110.599,0.992
110.629,0.988
110.659,0.999
110.689,0.999
110.719,1.009
110.749,0.999
110.779,0.990
110.809,0.986
110.839,0.996
110.869,0.999
110.899,0.991
110.929,1.007
110.959,0.994
110.989,0.995
111.019,0.993
111.049,0.997
111.079,0.994
111.109,0.992
111.139,0.991
111.169,1.002
111.199,0.994
111.229,1.001
111.259,1.009
111.289,1.003
111.319,0.988
111.349,0.994
111.379,0.989
111.409,0.996
111.439,0.991
111.469,1.006
111.499,0.996
111.529,0.992
111.559,1.001
111.589,0.986
111.619,0.998
111.649,0.994
111.679,0.988
111.709,1.000
111.739,0.996
111.769,1.003
111.799,1.003
111.829,0.996
111.859,0.982
111.889,0.994
111.919,0.990
111.949,0.995
111.979,0.990
112.009,1.004
112.039,0.996
112.069,0.990
112.099,0.998
112.129,0.994
112.159,0.996
112.189,0.993
112.219,0.990
112.249,0.989
112.279,1.000
112.309,0.994
112.339,1.007
112.369,0.999
112.399,0.987
112.429,0.991
112.459,0.992
112.489,0.999
112.519,0.989
112.549,1.003
112.579,0.997
112.609,0.993
112.639,0.996
112.669,0.992
112.699,0.999
112.729,0.996
112.759,0.992
112.789,0.989
112.819,1.000
112.849,0.995
112.879,0.998
112.909,0.996
112.939,0.999
112.969,0.982
112.999,0.998
113.029,0.993
113.059,0.998
113.089,0.995
113.119,1.000
113.149,0.994
113.179,0.991
113.209,0.995
113.239,0.990
113.269,0.994
113.299,0.996
113.329,0.991
113.359,0.993
113.389,0.999
113.419,0.994
113.449,0.999
113.479,1.000
113.509,0.996
113.539,0.984
113.569,0.994
113.599,0.991
113.629,0.999
113.659,0.988
113.689,1.006
113.719,0.996
113.749,0.991
113.779,0.988
113.809,0.989
113.839,0.996
113.869,0.996
113.899,1.002
113.929,0.982
113.959,0.997
113.989,0.997
114.019,0.997
114.049,1.007
114.079,0.989
114.109,0.981
114.139,0.988
114.169,0.995
114.199,0.999
114.229,0.991
114.259,1.005
114.289,0.999
114.319,0.989
114.349,0.994
114.379,1.000
114.409,1.001
114.439,0.996
114.469,0.990
114.499,0.993
114.529,1.000
114.559,0.993
114.589,1.009
114.619,0.999
114.649,0.990
114.679,0.988
114.709,0.993
114.739,0.999
114.769,0.982
114.799,1.009
114.829,0.991
114.859,0.998
114.889,0.991
114.919,0.995
114.949,0.997
114.979,0.997
115.009,0.999
115.039,0.992
115.069,0.999
115.099,0.991
115.129,1.006
115.159,0.998
115.189,0.987
115.219,0.992
115.249,0.991
115.279,0.996
115.309,0.989
115.339,1.008
115.369,0.989
115.399,0.999
115.429,0.988
115.459,0.994
115.489,0.994
115.519,0.996
115.549,0.995
115.579,0.993
115.609,0.993
115.639,0.999
115.669,1.016
115.699,0.988
115.729,0.989
115.759,0.991
115.789,0.999
115.819,0.999
115.849,0.981
115.879,1.007
115.909,1.003
115.939,0.994
115.969,0.988
115.999,0.996
116.029,0.996
116.059,0.999
116.089,0.987
116.119,0.999
116.149,0.992
116.179,1.017
116.209,1.002
116.239,0.983
116.269,0.986
116.299,0.996
116.329,1.000
116.359,0.996
116.389,0.999
116.419,0.998
116.449,1.004
116.479,0.995
116.509,0.994
116.539,0.988
116.569,0.999
116.599,0.990
116.629,0.995
116.659,0.994
116.689,1.000
116.719,1.004
116.749,0.995
116.779,0.988
116.809,0.990
116.839,0.993
116.869,0.998
116.899,0.989
116.929,1.007
116.959,0.997
116.989,0.999
117.019,0.988
117.049,0.996
117.079,0.996
117.109,0.999
117.139,0.985
117.169,0.999
117.199,0.997
117.229,1.016
117.259,0.996
117.289,0.988
117.319,0.990
117.349,0.994
117.379,1.005
117.409,0.992
117.439,0.997
117.469,1.000
117.499,0.999
117.529,0.991
117.559,0.994
117.589,0.992
117.619,0.999
117.649,0.997
117.679,0.994
117.709,0.995
117.739,0.998
117.769,1.009
117.799,0.996
117.829,0.988
117.859,0.995
117.889,0.987
117.919,0.998
117.949,0.988
117.979,1.004
118.009,0.998
118.039,0.995
118.069,0.993
118.099,0.990
118.129,0.997
118.159,0.995
118.189,0.991
118.219,0.994
118.249,0.998
118.279,0.990
118.309,1.006
118.339,1.000
118.369,0.989
118.399,0.990
118.429,0.992
118.459,0.999
118.489,0.986
118.519,1.007
118.549,0.997
118.579,0.991
118.609,0.998
118.639,0.992
118.669,0.997
118.699,0.992
118.729,0.991
118.759,0.994
118.789,1.002
118.819,0.990
118.849,1.009
118.879,0.997
118.909,0.995
118.939,0.988
118.969,0.988
118.999,1.005
119.029,0.990
119.059,1.005
119.089,0.996
119.119,0.997
119.149,0.993
119.179,0.993
119.209,0.993
119.239,0.994
119.269,1.000
119.299,0.989
119.329,0.993
119.359,0.997
119.389,1.004
119.419,1.008
119.449,0.993
119.479,0.986
119.509,0.986
119.539,0.992
119.569,0.998
119.599,0.994
119.629,1.004
119.659,0.992
119.689,0.993
119.719,1.002
119.749,0.994
119.779,0.998
119.809,0.991
119.839,0.989
119.869,0.997
119.899,0.999
119.929,0.990
119.959,1.018
119.989,0.997
120.019,0.989
120.049,0.992
120.079,0.989
120.109,0.998
120.139,0.983
120.169,1.007
120.199,0.989
120.229,1.003
120.259,0.996
120.289,0.997
120.319,0.994
120.349,0.997
120.379,0.991
120.409,0.994
120.439,0.999
120.469,0.996
120.499,1.010
120.529,0.995
120.559,0.984
120.589,0.995
120.619,0.998
120.649,1.002
120.679,0.988
120.709,1.006
120.739,0.993
120.769,1.001
120.799,0.996
120.829,0.994
120.859,0.992
120.889,1.000
120.919,0.992
120.949,1.002
120.979,0.992
121.009,1.000
121.039,1.015
121.069,0.991
121.099,0.985
121.129,0.992
121.159,0.999
121.189,0.995
121.219,0.990
121.249,1.005
121.279,0.996
121.309,0.997
121.339,0.991
121.369,0.995
121.399,1.000
121.429,0.994
121.459,0.988
121.489,1.001
121.519,0.989
121.549,1.016
121.579,1.006
121.609,0.986
121.639,0.985
121.669,0.996
121.699,0.998
121.729,0.992
121.759,0.997
121.789,0.998
121.819,0.999
121.849,0.996
121.879,0.996
121.909,0.992
121.939,0.998
121.969,0.994
121.999,0.994
122.029,1.003
122.059,0.989
122.089,1.008
122.119,0.999
122.149,0.989
122.179,0.989
122.209,0.987
122.239,1.003
122.269,0.992
122.299,1.006
122.329,0.992
122.359,0.998
122.389,0.994
122.419,0.993
122.449,0.999
122.479,1.002
122.509,0.990
122.539,0.995
122.569,0.994
122.599,1.002
122.629,1.013
122.659,1.002
122.689,0.982
122.719,0.991
122.749,0.995
122.779,1.000
122.809,0.986
122.839,1.004
122.869,0.995
122.899,0.995
122.929,0.999
122.959,0.989
122.989,0.996
123.019,0.995
123.049,0.985
123.079,0.999
123.109,0.994
123.139,0.999
123.169,1.002
123.199,1.000
123.229,0.983
123.259,0.989
123.289,0.991
123.319,1.005
123.349,0.985
123.379,1.003
123.409,0.996
123.439,0.993
123.469,0.995
123.499,0.997
123.529,0.994
123.559,0.995
123.589,0.995
123.619,0.998
123.649,1.000
123.679,0.994
123.709,1.006
123.739,0.999
123.769,0.995
123.799,0.990
123.829,0.990
123.859,1.001
123.889,0.992
123.919,1.005
123.949,0.993
123.979,0.996
124.009,0.993
124.039,0.994
124.069,0.994
124.099,0.996
124.129,0.996
124.159,0.989
124.189,1.001
124.219,0.988
124.249,1.000
124.279,1.008
124.309,0.993
124.339,0.983
124.369,0.990
124.399,0.994
124.429,0.997
124.459,0.991
124.489,1.008
124.519,0.993
124.549,0.997
124.579,0.998
124.609,0.991
124.639,1.000
124.669,0.995
124.699,0.990
124.729,0.997
124.759,0.996
124.789,0.994
124.819,1.015
124.849,0.997
124.879,0.983
124.909,0.991
124.939,0.993
124.969,1.002
124.999,0.985
125.029,1.014
125.059,0.989
125.089,1.000
125.119,0.992
125.149,0.996
125.179,0.997
125.209,0.994
125.239,0.989
125.269,0.992
125.299,0.996
125.329,0.994
125.359,1.010
125.389,1.000
125.419,0.986
125.449,0.993
125.479,1.000
125.509,1.001
125.539,0.986
125.569,1.007
125.599,0.994
125.629,1.000
125.659,0.994
125.689,0.992
125.719,0.996
125.749,0.993
125.779,0.993
125.809,1.000
125.839,0.988
125.869,0.999
125.899,1.008
125.929,0.988
125.959,0.991
125.989,0.997
126.019,0.996
126.049,0.997
126.079,0.989
126.109,1.004
126.139,0.992
126.169,0.997
126.199,0.993
126.229,0.994
126.259,0.997
126.289,1.000
126.319,0.990
126.349,1.001
126.379,0.986
126.409,1.013
126.439,1.005
126.469,0.994
126.499,0.986
126.529,0.995
126.559,0.996
126.589,0.994
126.619,0.998
126.649,1.001
126.679,0.994
126.709,0.996
126.739,1.003
126.769,0.997
126.799,0.991
126.829,0.990
126.859,0.998
126.889,1.003
126.919,0.988
126.949,1.009
126.979,1.002
127.009,0.996
127.039,0.985
127.069,0.992
127.099,1.006
127.129,0.991
127.159,1.000
127.189,1.000
127.219,0.995
127.249,0.995
127.279,0.994
127.309,0.996
127.339,0.998
127.369,0.990
127.399,0.994
127.429,1.001
127.459,0.991
127.489,1.006
127.519,0.999
127.549,0.992
127.579,0.986
127.609,0.993
127.639,1.007
127.669,0.986
127.699,1.001
127.729,0.999
127.759,0.998
127.789,0.999
127.819,0.994
127.849,0.999
127.879,0.998
127.909,0.993
127.939,0.992
127.969,0.996
127.999,0.992
128.029,1.006
128.059,1.003
128.089,0.995
128.119,0.994
128.149,0.988
128.179,1.001
128.209,0.990
128.239,1.003
128.269,0.999
128.299,0.997
128.329,0.999
128.359,0.994
128.389,0.999
128.419,0.996
128.449,0.996
128.479,0.993
128.509,1.004
128.539,0.993
128.569,1.009
128.599,1.004
128.629,0.993
128.659,0.989
128.689,0.993
128.719,1.000
128.749,0.995
128.779,1.003
128.809,0.996
128.839,0.996
128.869,0.994
128.899,0.995
128.929,0.998
128.959,0.997
128.989,0.997
129.019,0.992
129.049,0.996
129.079,0.991
129.109,0.999
129.139,1.015
129.169,0.994
129.199,0.982
129.229,0.990
129.259,0.993
129.289,1.003
129.319,0.988
129.349,1.013
129.379,0.996
129.409,0.994
129.439,1.000
129.469,0.991
129.499,0.994
129.529,0.999
129.559,0.995
129.589,0.998
129.619,0.996
129.649,0.996
129.679,1.014
129.709,0.995
129.739,0.986
129.769,0.987
129.799,0.993
129.829,1.000
129.859,0.985
129.889,1.010
129.919,0.991
129.949,1.000
129.979,0.994
130.009,0.995
130.039,0.995
130.069,0.999
130.099,0.995
130.129,0.999
130.159,0.993
130.189,0.995
130.219,1.011
130.249,0.997
130.279,0.988
130.309,0.990
130.339,0.998
130.369,0.998
130.399,0.992
130.429,1.007
130.459,0.997
130.489,0.999
130.519,0.990
130.549,0.993
130.579,0.994
130.609,1.000
130.639,0.984
130.669,1.000
130.699,0.987
130.729,1.002
130.759,1.013
130.789,0.990
130.819,0.984
130.849,0.993
130.879,0.997
130.909,0.998
130.939,0.989
130.969,1.007
130.999,0.994
131.029,0.995
131.059,0.995
131.089,0.999
131.119,0.998
131.149,0.992
131.179,0.992
131.209,1.003
131.239,0.989
131.269,1.010
131.299,1.004
131.329,0.993
131.359,0.989
131.389,0.994
131.419,0.998
131.449,0.997
131.479,1.000
131.509,1.003
131.539,1.006
131.569,0.992
131.599,0.995
131.629,0.989
131.659,1.005
131.689,1.001
131.719,0.988
131.749,1.004
131.779,0.993
131.809,1.012
131.839,1.006
131.869,0.984
131.899,0.979
131.929,0.988
131.959,1.002
131.989,0.990
132.019,1.001
132.049,0.998
132.079,0.997
132.109,0.994
132.139,0.995
132.169,0.997
132.199,0.998
132.229,0.994
132.259,0.991
132.289,1.003
132.319,0.991
132.349,1.007
132.379,1.002
132.409,0.991
132.439,0.989
132.469,0.988
132.499,0.999
132.529,0.994
132.559,1.001
132.589,1.000
132.619,0.997
132.649,0.997
132.679,0.996
132.709,0.996
132.739,0.997
132.769,0.994
132.799,0.989
132.829,1.001
132.859,0.994
132.889,1.004
132.919,1.000
132.949,0.995
132.979,0.989
133.009,0.996
133.039,0.998
133.069,0.994
133.099,1.001
133.129,1.002
133.159,0.998
133.189,0.991
133.219,0.995
133.249,0.998
133.279,0.996
133.309,0.995
133.339,0.992
133.369,1.001
133.399,0.998
133.429,0.995
133.459,1.002
133.489,1.002
133.519,0.988
133.549,0.994
133.579,0.987
133.609,1.007
133.639,0.992
133.669,1.008
133.699,0.988
133.729,0.999
133.759,0.996
133.789,0.993
133.819,0.996
133.849,1.002
133.879,0.990
133.909,0.988
133.939,1.000
133.969,0.993
133.999,0.995
134.029,1.015
134.059,0.995
134.089,0.983
134.119,0.988
134.149,0.999
134.179,1.001
134.209,0.993
134.239,1.008
134.269,0.996
134.299,0.991
134.329,0.999
134.359,0.991
134.389,0.999
134.419,0.996
134.449,0.992
134.479,0.988
134.509,0.996
134.539,0.996
134.569,1.013
134.599,0.998
134.629,0.987
134.659,0.990
134.689,0.999
134.719,1.000
134.749,0.990
134.779,1.009
134.809,0.993
134.839,1.001
134.869,0.998
134.899,0.996
134.929,0.996
134.959,0.998
134.989,0.985
135.019,0.996
135.049,0.997
135.079,0.996
135.109,1.014
135.139,1.000
135.169,0.986
135.199,0.990
135.229,0.998
135.259,1.001
135.289,0.992
135.319,1.004
135.349,0.993
135.379,1.004
135.409,0.994
135.439,0.993
135.469,0.997
135.499,0.992
135.529,0.991
135.559,1.000
135.589,0.987
135.619,1.001
135.649,1.016
135.679,0.989
135.709,0.982
135.739,0.992
135.769,1.003
135.799,1.005
135.829,0.982
135.859,1.001
135.889,0.993
135.919,1.000
135.949,0.994
135.979,0.992
136.009,0.995
136.039,0.999
136.069,0.990
136.099,1.003
136.129,0.986
136.159,1.009
136.189,1.007
136.219,0.992
136.249,0.987
136.279,0.993
136.309,0.996
136.339,0.999
136.369,0.993
136.399,1.005
136.429,0.998
136.459,0.997
136.489,0.997
136.519,0.991
136.549,0.998
136.579,1.000
136.609,0.991
136.639,1.003
136.669,0.993
136.699,1.012
136.729,1.002
136.759,0.996
136.789,0.985
136.819,0.989
136.849,0.997
136.879,0.997
136.909,1.003
136.939,1.001
136.969,0.992
136.999,0.996
137.029,0.997
137.059,0.993
137.089,0.994
137.119,0.998
137.149,0.989
137.179,1.009
137.209,0.993
137.239,1.001
137.269,1.005
137.299,0.996
137.329,0.990
137.359,0.990
137.389,0.996
137.419,0.998
137.449,0.998
137.479,1.005
137.509,0.997
137.539,0.994
137.569,1.000
137.599,0.989
137.629,0.996
137.659,0.997
137.689,0.996
137.719,0.997
137.749,1.004
137.779,0.991
137.809,1.007
137.839,1.003
137.869,0.989
137.899,0.984
137.929,0.990
137.959,1.008
137.989,0.990
138.019,1.009
138.049,0.997
138.079,1.001
138.109,0.994
138.139,0.999
138.169,0.996
138.199,0.995
138.229,0.997
138.259,0.989
138.289,0.992
138.319,1.001
138.349,0.990
138.379,1.016
138.409,0.999
138.439,0.988
138.469,0.989
138.499,0.995
138.529,1.001
138.559,0.987
138.589,1.011
138.619,0.998
138.649,1.001
138.679,0.992
138.709,0.997
138.739,0.993
138.769,0.997
138.799,0.995
138.829,0.994
138.859,0.996
138.889,1.003
138.919,0.992
138.949,1.012
138.979,1.000
139.009,0.990
139.039,0.992
139.069,0.995
139.099,1.003
139.129,0.989
139.159,1.008
139.189,0.994
139.219,0.998
139.249,0.992
139.279,0.996
139.309,0.999
139.339,0.997
139.369,0.999
139.399,0.990
139.429,1.005
139.459,0.989
139.489,1.000
139.519,1.013
139.549,0.986
139.579,0.990
139.609,0.994
139.639,0.999
139.669,0.998
139.699,0.998
139.729,1.002
139.759,0.995
139.789,1.000
139.819,0.996
139.849,0.997
139.879,0.989
139.909,1.000
139.939,0.990
139.969,1.002
139.999,0.990
140.029,1.002
140.059,1.007
140.089,0.993
140.119,0.990
140.149,0.990
140.179,0.997
140.209,1.003
140.239,0.989
140.269,1.009
140.299,0.991
140.329,0.994
140.359,0.998
140.389,0.993
140.419,0.999
140.449,0.998
140.479,0.991
140.509,1.001
140.539,0.999
140.569,0.998
140.599,1.007
140.629,0.996
140.659,0.997
140.689,0.994
140.719,0.990
140.749,1.002
140.779,0.991
140.809,1.007
140.839,0.993
140.869,1.000
140.899,1.000
140.929,0.994
140.959,0.993
140.989,0.998
141.019,0.996
141.049,0.996
141.079,1.003
141.109,0.992
141.139,1.014
141.169,1.003
141.199,0.993
141.229,0.992
141.259,0.992
141.289,0.998
141.319,0.994
141.349,1.000
141.379,1.004
141.409,0.999
141.439,0.995
141.469,0.998
141.499,0.995
141.529,0.998
141.559,1.000
141.589,0.991
141.619,0.999
141.649,1.002
141.679,1.003
141.709,1.003
141.739,0.997
141.769,0.990
141.799,0.994
141.829,0.989
141.859,1.002
141.889,0.989
141.919,1.006
141.949,0.994
141.979,0.997
142.009,0.995
142.039,0.993
142.069,0.996
142.099,0.997
142.129,0.997
142.159,0.989
142.189,0.995
142.219,1.001
142.249,0.997
142.279,1.000
142.309,1.004
142.339,0.986
142.369,0.992
142.399,0.992
142.429,1.005
142.459,0.985
142.489,1.008
142.519,0.996
142.549,0.995
142.579,0.996
142.609,0.997
142.639,0.990
142.669,0.999
142.699,1.001
142.729,0.991
142.759,0.999
142.789,0.994
142.819,0.998
142.849,1.021
142.879,0.989
142.909,0.981
142.939,0.998
142.969,0.996
142.999,0.994
143.029,0.992
143.059,1.011
143.089,0.995
143.119,0.996
143.149,1.004
143.179,0.989
143.209,0.997
143.239,0.999
143.269,0.992
143.299,0.996
143.329,1.004
143.359,0.989
143.389,0.991
143.419,1.026
143.449,0.991
143.479,0.992
143.509,0.992
143.539,0.996
143.569,0.995
143.599,0.997
143.629,1.006
143.659,0.993
143.689,0.996
143.719,0.995
143.749,0.998
143.779,1.000
143.809,0.999
143.839,0.991
143.869,1.004
143.899,0.987
143.929,0.995
143.959,1.016
143.989,0.990
144.019,0.988
144.049,0.992
144.079,0.998
144.109,1.002
144.139,0.990
144.169,1.005
144.199,0.996
144.229,1.003
144.259,0.997
144.289,0.996
144.319,0.999
144.349,0.998
144.379,0.991
144.409,0.998
144.439,0.995
144.469,0.999
144.499,1.018
144.529,0.994
144.559,0.993
144.589,0.989
144.619,0.998
144.649,1.004
144.679,0.989
144.709,1.003
144.739,0.991
144.769,1.004
144.799,0.995
144.829,0.996
144.859,0.999
144.889,0.998
144.919,0.994
144.949,0.998
144.979,0.994
145.009,0.998
145.039,1.013
145.069,0.995
145.099,0.988
145.129,0.991
145.159,0.996
145.189,1.004
145.219,0.994
145.249,1.008
145.279,0.995
145.309,1.000
145.339,0.998
145.369,1.000
145.399,0.997
145.429,0.999
145.459,0.995
145.489,0.997
145.519,0.997
145.549,0.990
145.579,1.016
145.609,1.006
145.639,0.990
145.669,0.990
145.699,0.995
145.729,1.006
145.759,0.996
145.789,1.004
145.819,1.002
145.849,0.995
145.879,0.997
145.909,0.995
145.939,0.998
145.969,1.001
145.999,0.992
146.029,0.988
146.059,1.003
146.089,0.992
146.119,1.004
146.149,1.007
146.179,0.999
146.209,0.985
146.239,0.996
146.269,0.995
146.299,0.998
146.329,0.993
146.359,1.006
146.389,1.000
146.419,0.996
146.449,0.998
146.479,0.998
146.509,0.994
146.539,0.998
146.569,0.994
146.599,1.000
146.629,0.995
146.659,0.995
146.689,1.011
146.719,0.995
146.749,0.993
146.779,0.992
146.809,0.990
146.839,1.001
146.869,0.993
146.899,1.009
146.929,0.995
146.959,0.994
146.989,0.994
147.019,0.997
147.049,0.996
147.079,1.002
147.109,0.997
147.139,0.991
147.169,1.003
147.199,0.997
147.229,1.002
147.259,1.006
147.289,0.991
147.319,0.989
147.349,0.995
147.379,0.996
147.409,1.001
147.439,1.001
147.469,1.001
147.499,0.998
147.529,0.990
147.559,0.997
147.589,0.999
147.619,0.995
147.649,0.998
147.679,0.994
147.709,0.999
147.739,0.993
147.769,0.996
147.799,1.015
147.829,0.998
147.859,0.987
147.889,0.994
147.919,0.992
147.949,1.002
147.979,0.987
148.009,1.015
148.039,0.990
148.069,1.000
148.099,0.994
148.129,0.996
148.159,0.998
148.189,0.998
148.219,0.992
148.249,0.993
148.279,1.004
148.309,0.993
148.339,1.006
148.369,1.010
148.399,0.990
148.429,0.987
148.459,0.996
148.489,1.002
148.519,0.992
148.549,1.004
148.579,0.999
148.609,1.003
148.639,0.993
148.669,0.999
148.699,0.995
148.729,0.997
148.759,1.000
148.789,0.992
148.819,1.001
148.849,0.994
148.879,1.002
148.909,1.009
148.939,0.989
148.969,0.990
148.999,0.995
149.029,0.993
149.059,1.000
149.089,0.991
149.119,1.012
149.149,0.993
149.179,1.005
149.209,0.994
149.239,0.998
149.269,0.995
149.299,0.998
149.329,0.992
149.359,1.004
149.389,0.987
149.419,1.005
149.449,1.010
149.479,0.991
149.509,0.990
149.539,0.996
149.569,0.997
149.599,0.996
149.629,0.990
149.659,1.003
149.689,0.996
149.719,0.996
149.749,0.996
149.779,0.994
149.809,0.998
149.839,1.003
149.869,0.993
149.899,1.002
149.929,0.990
149.959,1.001
149.989,1.013
150.019,0.991
150.049,0.987
150.079,0.995
150.109,0.995
150.139,1.001
150.169,0.984
150.199,1.008
150.229,0.995
150.259,1.000
150.289,0.998
150.319,0.996
150.349,0.998
150.379,0.992
150.409,0.995
150.439,0.994
150.469,1.003
150.499,0.993
150.529,1.009
150.559,0.999
150.589,0.994
150.619,0.991
150.649,0.993
150.679,1.004
150.709,0.994
150.739,1.001
150.769,1.003
150.799,0.996
150.829,0.995
150.859,0.992
150.889,0.998
150.919,0.997
150.949,0.996
150.979,0.992
151.009,0.999
151.039,1.000
151.069,0.996
151.099,1.008
151.129,0.997
151.159,0.992
151.189,0.993
151.219,0.993
151.249,1.007
151.279,0.987
151.309,1.003
151.339,0.994
151.369,0.994
151.399,0.997
151.429,0.995
151.459,0.998
151.489,0.997
151.519,0.997
151.549,0.996
151.579,1.000
151.609,0.994
151.639,0.997
151.669,1.002
151.699,1.005
151.729,0.992
151.759,0.993
151.789,0.993
151.819,1.005
151.849,0.989
151.879,1.003
151.909,0.995
151.939,0.992
151.969,0.997
151.999,0.995
152.029,1.000
152.059,1.000
152.089,0.996
152.119,0.994
152.149,1.001
152.179,0.995
152.209,0.993
152.239,1.020
152.269,0.995
152.299,0.989
152.329,0.995
152.359,0.990
152.389,1.009
152.419,0.987
152.449,1.013
152.479,0.997
152.509,0.999
152.539,0.999
152.569,0.993
152.599,0.997
152.629,0.997
152.659,0.997
152.689,0.988
152.719,1.008
152.749,0.985
152.779,1.007
152.809,1.015
152.839,0.982
152.869,0.990
152.899,0.997
152.929,0.997
152.959,0.998
152.989,0.999
153.019,1.007
153.049,0.997
153.079,1.000
153.109,0.995
153.139,0.997
153.169,0.998
153.199,0.998
153.229,0.990
153.259,1.005
153.289,0.990
153.319,1.001
153.349,1.019
153.379,0.988
153.409,0.991
153.439,0.992
153.469,0.996
153.499,1.000
153.529,0.989
153.559,1.008
153.589,0.993
153.619,1.005
153.649,0.993
153.679,0.997
153.709,1.000
153.739,0.996
153.769,0.993
153.799,1.002
153.829,0.995
153.859,1.002
153.889,1.011
153.919,0.990
153.949,0.996
153.979,0.991
154.009,1.001
154.039,1.000
154.069,0.993
154.099,1.005
154.129,0.994
154.159,1.002
154.189,0.998
154.219,0.998
154.249,0.994
154.279,1.000
154.309,0.992
154.339,1.001
154.369,0.990
154.399,1.008
154.429,1.012
154.459,0.992
154.489,0.994
154.519,0.999
154.549,0.994
154.579,0.997
154.609,0.988
154.639,1.009
154.669,0.994
154.699,1.004
154.729,0.995
154.759,0.993
154.789,1.000
154.819,0.997
154.849,0.990
154.879,1.005
154.909,0.990
154.939,1.009
154.969,1.006
154.999,0.989
155.029,0.997
155.059,0.993
155.089,0.995
155.119,1.002
155.149,0.991
155.179,1.009
155.209,0.995
155.239,0.997
155.269,1.000
155.299,0.995
155.329,1.000
155.359,0.995
155.389,0.994
155.419,0.998
155.449,0.995
155.479,1.006
155.509,1.003
155.539,0.999
155.569,0.992
155.599,0.994
155.629,0.995
155.659,1.001
155.689,0.990
155.719,1.011
155.749,0.997
155.779,0.994
155.809,0.995
155.839,0.996
155.869,1.001
155.899,0.998
155.929,0.993
155.959,0.999
155.989,0.998
156.019,0.997
156.049,1.011
156.079,0.998
156.109,0.994
156.139,0.993
156.169,0.989
156.199,0.996
156.229,0.992
156.259,1.002
156.289,1.000
156.319,0.999
156.349,0.997
156.379,0.996
156.409,0.997
156.439,0.998
156.469,0.995
156.499,0.991
156.529,1.005
156.559,0.997
156.589,1.001
156.619,1.003
156.649,0.996
156.679,0.994
156.709,0.997
156.739,0.997
156.769,1.000
156.799,0.998
156.829,1.003
156.859,0.999
156.889,0.991
156.919,1.001
156.949,0.994
156.979,1.000
157.009,0.998
157.039,0.992
157.069,0.998
157.099,1.001
157.129,0.998
157.159,1.007
157.189,0.997
157.219,0.995
157.249,0.994
157.279,0.991
157.309,1.003
157.339,0.993
157.369,1.010
157.399,0.997
157.429,0.993
157.459,0.997
157.489,0.995
157.519,1.002
157.549,0.994
157.579,0.994
157.609,0.995
157.639,1.004
157.669,0.994
157.699,0.993
157.729,1.018
157.759,0.996
157.789,0.983
157.819,0.992
157.849,0.999
157.879,1.004
157.909,0.999
157.939,1.003
157.969,0.999
157.999,0.992
158.029,1.000
158.059,1.002
158.089,0.997
158.119,0.994
158.149,0.993
158.179,0.999
158.209,0.995
158.239,0.993
158.269,1.021
158.299,1.000
158.329,0.988
158.359,0.991
158.389,0.997
158.419,1.006
158.449,0.994
158.479,1.014
158.509,0.995
158.539,0.995
158.569,0.999
158.599,0.996
158.629,0.999
158.659,1.000
158.689,0.989
158.719,0.996
158.749,1.000
158.779,0.996
158.809,1.016
158.839,1.001
158.869,0.993
158.899,0.994
158.929,0.996
158.959,1.004
158.989,0.990
159.019,1.008
159.049,0.997
159.079,0.999
159.109,0.997
159.139,0.994
159.169,0.994
159.199,0.996
159.229,0.988
159.259,1.000
159.289,1.000
159.319,1.000
159.349,1.008
159.379,0.995
159.409,0.991
159.439,0.991
159.469,0.998
159.499,1.007
159.529,0.994
159.559,1.014
159.589,0.992
159.619,1.000
159.649,0.996
159.679,0.998
159.709,0.995
159.739,0.997
159.769,0.991
159.799,1.001
159.829,0.990
159.859,1.006
159.889,1.009
159.919,0.996
159.949,0.993
159.979,0.999
160.009,0.996
160.039,1.003
160.069,0.986
160.099,1.010
160.129,1.000
160.159,1.002
160.189,0.997
160.219,0.993
160.249,1.000
160.279,1.000
160.309,0.989
160.339,0.999
160.369,0.994
160.399,1.001
160.429,1.008
160.459,0.999
160.489,0.991
160.519,0.995
160.549,0.996
160.579,1.007
160.609,0.990
160.639,1.006
160.669,1.000
160.699,0.995
160.729,1.003
160.759,0.992
160.789,1.002
160.819,0.996
160.849,0.992
160.879,0.999
160.909,0.998
160.939,0.997
160.969,1.008
160.999,1.000
161.029,0.990
161.059,0.995
161.089,0.992
161.119,1.009
161.149,0.990
161.179,1.012
161.209,0.994
161.239,1.000
161.269,0.997
161.299,0.994
161.329,1.000
161.359,0.998
161.389,0.996
161.419,0.996
161.449,1.003
161.479,0.992
161.509,1.004
161.539,1.002
161.569,0.995
161.599,0.988
161.629,0.995
161.659,1.003
161.689,0.998
161.719,1.007
161.749,1.000
161.779,1.003
161.809,0.991
161.839,0.997
161.869,0.997
161.899,0.997
161.929,0.998
161.959,0.993
161.989,1.000
162.019,0.997
162.049,0.999
162.079,1.019
162.109,0.994
162.139,0.991
162.169,0.992
162.199,0.996
162.229,1.004
162.259,0.988
162.289,1.014
162.319,0.995
162.349,0.997
162.379,0.994
162.409,0.995
162.439,1.000
162.469,0.996
162.499,0.997
162.529,0.993
162.559,1.003
162.589,0.995
162.619,1.006
162.649,1.012
162.679,0.994
162.709,0.990
162.739,0.999
162.769,1.002
162.799,0.995
162.829,1.006
162.859,1.000
162.889,1.003
162.919,0.994
162.949,0.992
162.979,0.997
163.009,1.000
163.039,1.000
163.069,0.988
163.099,1.005
163.129,0.996
163.159,1.001
163.189,1.013
163.219,0.992
163.249,0.992
163.279,0.997
163.309,1.000
163.339,0.997
163.369,0.998
163.399,1.009
163.429,0.997
163.459,1.002
163.489,1.000
163.519,0.992
163.549,1.003
163.579,1.000
163.609,0.991
163.639,0.999
163.669,0.993
163.699,1.006
163.729,1.007
163.759,0.996
163.789,0.987
163.819,0.998
163.849,0.992
163.879,0.998
163.909,0.991
163.939,1.011
163.969,0.996
163.999,0.992
164.029,1.000
164.059,0.992
164.089,1.002
164.119,1.001
164.149,0.995
164.179,0.997
164.209,0.998
164.239,1.000
164.269,1.008
164.299,0.999
164.329,0.991
164.359,0.996
164.389,0.995
164.419,1.006
164.449,0.988
164.479,1.009
164.509,0.997
164.539,0.998
164.569,1.000
164.599,0.994
164.629,0.997
164.659,1.002
164.689,1.000
164.719,0.995
164.749,1.005
164.779,0.993
164.809,1.011
164.839,1.001
164.869,0.996
164.899,0.990
164.929,0.990
164.959,1.006
164.989,0.996
165.019,1.006
165.049,1.003
165.079,0.999
165.109,0.997
165.139,0.997
165.169,1.000
165.199,0.996
165.229,0.995
165.259,0.993
165.289,1.005
165.319,0.992
165.349,0.998
165.379,1.016
165.409,0.997
165.439,0.980
165.469,0.999
165.499,0.999
165.529,0.994
165.559,0.997
165.589,1.011
165.619,0.996
165.649,0.997
165.679,1.001
165.709,0.995
165.739,1.000
165.769,0.997
165.799,0.988
165.829,1.000
165.859,0.996
165.889,0.998
165.919,1.018
165.949,0.996
165.979,0.988
166.009,0.993
166.039,0.998
166.069,0.997
166.099,0.986
166.129,1.018
166.159,0.993
166.189,0.998
166.219,0.996
166.249,1.003
166.279,0.995
166.309,1.000
166.339,0.995
166.369,0.999
166.399,0.994
166.429,0.998
166.459,1.018
166.489,0.994
166.519,0.988
166.549,0.995
166.579,0.996
166.609,1.000
166.639,0.988
166.669,1.009
166.699,0.990
166.729,1.001
166.759,1.000
166.789,1.001
166.819,0.996
166.849,1.002
166.879,0.984
166.909,1.007
166.939,0.987
166.969,0.999
166.999,1.020
167.029,0.990
167.059,0.990
167.089,0.992
167.119,1.000
167.149,1.003
167.179,0.996
167.209,1.005
167.239,0.991
167.269,1.003
167.299,0.991
167.329,0.995
167.359,0.999
167.389,0.999
167.419,0.995
167.449,1.000
167.479,0.993
167.509,1.009
167.539,1.017
167.569,0.981
167.599,0.997
167.629,0.995
167.659,0.998
167.689,0.988
167.719,0.998
167.749,1.008
167.779,1.000
167.809,0.992
167.839,1.001
167.869,1.000
167.899,1.001
167.929,0.988
167.959,0.999
167.989,1.003
168.019,0.993
168.049,1.010
168.079,1.013
168.109,0.990
168.139,0.988
168.169,0.996
168.199,1.004
168.229,0.994
168.259,1.008
168.289,0.998
168.319,1.000
168.349,1.002
168.379,1.001
168.409,0.998
168.439,0.992
168.469,0.993
168.499,1.004
168.529,0.996
168.559,0.999
168.589,1.012
168.619,0.997
168.649,0.994
168.679,0.995
168.709,0.991
168.739,0.998
168.769,0.990
168.799,1.005
168.829,0.992
168.859,1.006
168.889,0.999
168.919,0.999
168.949,1.001
168.979,0.998
169.009,0.993
169.039,1.004
169.069,0.994
169.099,1.005
169.129,1.005
169.159,0.997
169.189,0.993
169.219,0.996
169.249,1.003
169.279,1.000
169.309,0.991
169.339,1.007
169.369,0.997
169.399,0.996
169.429,1.003
169.459,0.995
169.489,0.998
169.519,0.997
169.549,0.991
169.579,1.004
169.609,0.996
169.639,1.004
169.669,1.009
169.699,0.998
169.729,0.989
169.759,0.998
169.789,0.994
169.819,1.001
169.849,0.993
169.879,1.008
169.909,1.003
169.939,0.994
169.969,0.997
169.999,0.999
170.029,0.997
170.059,1.000
170.089,0.991
170.119,1.002
170.149,0.996
170.179,1.000
170.209,1.009
170.239,1.000
170.269,0.994
170.299,1.000
170.329,0.991
170.359,1.005
170.389,0.994
170.419,1.008
170.449,0.994
170.479,0.995
170.509,0.999
170.539,0.995
170.569,0.998
170.599,1.002
170.629,0.992
170.659,0.994
170.689,1.007
170.719,0.998
170.749,1.008
170.779,1.005
170.809,0.998
170.839,0.985
170.869,0.992
170.899,1.010
170.929,0.990
170.959,1.012
170.989,0.999
171.019,0.997
171.049,0.997
171.079,0.997
171.109,1.000
171.139,0.993
171.169,0.997
171.199,0.988
171.229,1.006
171.259,0.990
171.289,1.005
171.319,1.017
171.349,0.996
171.379,0.990
171.409,0.995
171.439,1.000
171.469,1.000
171.499,0.992
171.529,1.011
171.559,1.001
171.589,0.997
171.619,0.997
171.649,0.997
171.679,0.998
171.709,0.999
171.739,0.996
171.769,1.005
171.799,0.993
171.829,1.001
171.859,1.016
171.889,0.998
171.919,0.987
171.949,0.997
171.979,0.994
172.009,1.003
172.039,0.989
172.069,1.012
172.099,0.997
172.129,1.007
172.159,0.995
172.189,0.995
172.219,0.996
172.249,0.998
172.279,0.991
172.309,1.003
172.339,0.997
172.369,1.002
172.399,1.017
172.429,0.996
172.459,0.986
172.489,0.992
172.519,0.991
172.549,1.007
172.579,0.992
172.609,1.007
172.639,0.994
172.669,1.013
172.699,0.991
172.729,0.993
172.759,0.999
172.789,0.999
172.819,0.996
172.849,1.000
172.879,0.994
172.909,1.003
172.939,1.011
172.969,0.993
172.999,0.984
173.029,0.996
173.059,1.002
173.089,1.006
173.119,0.989
173.149,1.011
173.179,0.997
173.209,0.999
173.239,0.997
173.269,0.999
173.299,1.000
173.329,0.992
173.359,0.991
173.389,1.008
173.419,0.990
173.449,1.007
173.479,1.011
173.509,0.993
173.539,0.991
173.569,0.995
173.599,0.999
173.629,1.004
173.659,0.990
173.689,1.007
173.719,0.997
173.749,1.003
173.779,0.998
173.809,0.994
173.839,1.003
173.869,1.000
173.899,0.996
173.929,0.999
173.959,1.000
173.989,1.003
174.019,1.006
174.049,0.995
174.079,0.992
174.109,0.995
174.139,0.994
174.169,1.007
174.199,0.988
174.229,1.010
174.259,0.999
174.289,0.997
174.319,0.999
174.349,0.993
174.379,1.007
174.409,0.998
174.439,0.997
174.469,0.996
174.499,1.008
174.529,0.996
174.559,1.003
174.589,1.005
174.619,0.999
174.649,0.988
174.679,0.994
174.709,0.999
174.739,1.006
174.769,0.996
174.799,1.004
174.829,0.996
174.859,0.997
174.889,1.000
174.919,0.987
174.949,1.001
174.979,1.000
175.009,0.998
175.039,0.993
175.069,1.004
175.099,0.997
175.129,1.005
175.159,1.007
175.189,0.995
175.219,0.990
175.249,0.991
175.279,1.005
175.309,1.000
175.339,1.001
175.369,1.004
175.399,1.000
175.429,0.993
175.459,1.001
175.489,0.996
175.519,1.004
175.549,1.000
175.579,0.998
175.609,0.997
175.639,1.003
175.669,0.993
175.699,1.017
175.729,1.006
175.759,0.992
175.789,0.994
175.819,0.995
175.849,1.005
175.879,0.995
175.909,1.003
175.939,1.004
175.969,1.001
175.999,0.998
176.029,0.996
176.059,0.997
176.089,0.997
176.119,0.999
176.149,0.993
176.179,1.005
176.209,0.997
176.239,1.000
176.269,1.017
176.299,0.991
176.329,0.990
176.359,0.996
176.389,0.999
176.419,1.005
176.449,0.991
176.479,1.010
176.509,0.990
176.539,1.004
176.569,0.993
176.599,0.995
176.629,1.001
176.659,1.002
176.689,0.993
176.719,1.000
176.749,1.006
176.779,0.996
176.809,1.007
176.839,1.003
176.869,0.989
176.899,0.998
176.929,1.001
176.959,1.001
176.989,0.998
177.019,1.008
177.049,0.998
177.079,1.002
177.109,0.998
177.139,0.992
177.169,0.999
177.199,0.999
177.229,0.996
177.259,0.999
177.289,1.002
177.319,0.996
177.349,1.012
177.379,0.997
177.409,0.996
177.439,0.990
177.469,0.992
177.499,1.007
177.529,0.992
177.559,1.007
177.589,1.002
177.619,1.001
177.649,0.996
177.679,0.997
177.709,1.000
177.739,0.998
177.769,0.997
177.799,0.995
177.829,1.006
177.859,0.994
177.889,1.011
177.919,1.000
177.949,0.998
177.979,0.991
178.009,0.996
178.039,1.003
178.069,0.999
178.099,0.991
178.129,1.014
178.159,1.004
178.189,1.000
178.219,1.000
178.249,0.998
178.279,0.995
178.309,1.001
178.339,0.991
178.369,1.003
178.399,0.994
178.429,0.999
178.459,1.011
178.489,0.998
178.519,0.991
178.549,0.996
178.579,0.994
178.609,1.006
178.639,0.995
178.669,1.008
178.699,0.994
178.729,0.998
178.759,1.002
178.789,0.994
178.819,0.998
178.849,1.002
178.879,0.993
178.909,0.996
178.939,1.005
178.969,0.996
178.999,1.009
179.029,1.002
179.059,1.000
179.089,0.989
179.119,0.996
179.149,1.007
179.179,0.996
179.209,1.009
179.239,1.004
179.269,0.999
179.299,0.999
179.329,0.999
179.359,0.996
179.389,0.998
179.419,1.002
179.449,0.988
179.479,1.005
179.509,0.996
179.539,0.998
179.569,1.023
179.599,0.995
179.629,0.990
179.659,0.995
179.689,0.997
179.719,1.001
179.749,0.989
179.779,1.015
179.809,0.992
179.839,1.002
179.869,0.997
179.899,0.994
179.929,0.999
179.959,1.001
179.989,1.000
180.019,0.998
180.049,1.006
180.079,0.994
180.109,1.013
180.139,1.013
180.169,0.986
180.199,0.992
180.229,0.999
180.259,0.999
180.289,0.995
180.319,1.010
180.349,0.998
180.379,1.002
180.409,1.003
180.439,0.997
180.469,1.000
180.499,0.999
180.529,0.997
180.559,1.000
180.589,1.003
180.619,0.997
180.649,1.009
180.679,1.009
180.709,0.987
180.739,0.996
180.769,1.001
180.799,1.005
180.829,0.998
180.859,1.000
180.889,1.002
180.919,1.006
180.949,0.993
180.979,0.994
181.009,1.000
181.039,1.002
181.069,1.003
181.099,0.991
181.129,1.003
181.159,0.995
181.189,1.008
181.219,1.005
181.249,0.998
181.279,0.992
181.309,0.994
181.339,1.007
181.369,0.997
181.399,1.001
181.429,1.005
181.459,1.001
181.489,0.994
181.519,0.995
181.549,0.997
181.579,0.999
181.609,1.000
181.639,0.996
181.669,1.008
181.699,0.995
181.729,1.007
181.759,1.007
181.789,0.997
181.819,0.994
181.849,0.994
181.879,1.000
181.909,0.999
181.939,1.002
181.969,1.003
181.999,1.000
182.029,1.000
182.059,0.998
182.089,0.996
182.119,1.000
182.149,1.000
182.179,0.997
182.209,1.007
182.239,0.997
182.269,1.006
182.299,1.007
182.329,0.994
182.359,0.989
182.389,0.993
182.419,1.005
182.449,0.998
182.479,1.003
182.509,1.002
182.539,0.996
182.569,0.999
182.599,0.997
182.629,0.999
182.659,0.999
182.689,1.000
182.719,0.994
182.749,1.003
182.779,0.995
182.809,1.005
182.839,1.007
182.869,1.005
182.899,0.991
182.929,0.998
182.959,1.007
182.989,1.000
183.019,1.003
183.049,1.005
183.079,1.000
183.109,0.993
183.139,1.002
183.169,1.000
183.199,1.000
183.229,0.998
183.259,0.993
183.289,1.008
183.319,0.994
183.349,1.006
183.379,1.017
183.409,0.992
183.439,0.989
183.469,0.996
183.499,1.008
183.529,0.992
183.559,1.001
183.589,1.008
183.619,0.997
183.649,0.996
183.679,1.000
183.709,0.998
183.739,1.000
183.769,0.998
183.799,0.995
183.829,1.007
183.859,0.995
183.889,1.008
183.919,1.014
183.949,0.987
183.979,0.990
184.009,0.992
184.039,1.007
184.069,0.994
184.099,1.004
184.129,1.001
184.159,1.002
184.189,0.996
184.219,1.001
184.249,0.997
184.279,1.002
184.309,0.993
184.339,1.000
184.369,1.003
184.399,0.995
184.429,1.014
184.459,1.004
184.489,0.991
184.519,0.994
184.549,0.999
184.579,1.010
184.609,0.991
184.639,1.011
184.669,1.001
184.699,1.004
184.729,0.996
184.759,0.999
184.789,0.999
184.819,0.997
184.849,0.994
184.879,1.003
184.909,0.994
184.939,1.003
184.969,1.018
184.999,0.991
185.029,0.992
185.059,0.997
185.089,1.001
185.119,1.001
185.149,0.991
185.179,1.011
185.209,0.996
185.239,0.999
185.269,0.999
185.299,0.997
185.329,1.002
185.359,0.992
185.389,1.000
185.419,1.005
185.449,0.995
185.479,1.015
185.509,1.003
185.539,0.993
185.569,0.994
185.599,0.995
185.629,1.005
185.659,1.000
185.689,1.004
185.719,1.001
185.749,1.001
185.779,1.000
185.809,0.997
185.839,1.001
185.869,1.003
185.899,0.996
185.929,1.000
185.959,1.000
185.989,0.996
186.019,1.011
186.049,1.000
186.079,0.995
186.109,0.998
186.139,0.992
186.169,1.008
186.199,0.988
186.229,1.008
186.259,1.002
186.289,0.999
186.319,1.000
186.349,0.993
186.379,1.002
186.409,1.000
186.439,0.996
186.469,0.997
186.499,1.005
186.529,0.993
186.559,1.010
186.589,1.005
186.619,0.995
186.649,0.995
186.679,0.993
186.709,1.006
186.739,1.001
186.769,1.007
186.799,0.997
186.829,0.999
186.859,1.000
186.889,0.996
186.919,1.000
186.949,1.001
186.979,1.000
187.009,0.992
187.039,1.006
187.069,1.001
187.099,0.995
187.129,1.014
187.159,1.002
187.189,0.993
187.219,0.993
187.249,0.995
187.279,1.006
187.309,0.993
187.339,1.010
187.369,0.997
187.399,0.993
187.429,0.999
187.459,0.997
187.489,1.000
187.519,0.997
187.549,1.003
187.579,0.992
187.609,1.007
187.639,0.998
187.669,0.999
187.699,1.018
187.729,1.000
187.759,0.992
187.789,0.994
187.819,0.998
187.849,1.004
187.879,0.987
187.909,1.014
187.939,0.997
187.969,0.995
187.999,1.000
188.029,0.998
188.059,1.003
188.089,0.997
188.119,0.997
188.149,0.995
188.179,1.002
188.209,0.998
188.239,1.000
188.269,1.015
188.299,0.994
188.329,0.991
188.359,0.991
188.389,1.002
188.419,1.004
188.449,0.986
188.479,1.012
188.509,0.995
188.539,0.998
188.569,0.998
188.599,0.995
188.629,1.003
188.659,1.001
188.689,1.003
188.719,0.996
188.749,1.004
188.779,0.994
188.809,1.000
188.839,1.018
188.869,0.990
188.899,0.990
188.929,0.996
188.959,1.000
188.989,1.003
189.019,0.990
189.049,1.014
189.079,0.996
189.109,0.999
189.139,0.998
189.169,0.996
189.199,1.000
189.229,0.998
189.259,0.997
189.289,1.002
189.319,0.998
189.349,0.999
189.379,1.006
189.409,1.001
189.439,0.993
189.469,0.992
189.499,0.996
189.529,1.010
189.559,0.995
189.589,1.005
189.619,0.998
189.649,1.002
189.679,0.997
189.709,0.993
189.739,0.996
189.769,1.002
189.799,1.001
189.829,0.992
189.859,1.002
189.889,0.990
189.919,1.010
189.949,1.007
189.979,0.996
190.009,0.992
190.039,0.995
190.069,0.997
190.099,1.001
190.129,0.999
190.159,1.010
190.189,0.998
190.219,0.994
190.249,1.003
190.279,0.998
190.309,0.999
190.339,0.999
190.369,0.995
190.399,1.003
190.429,1.000
190.459,1.000
190.489,1.014
190.519,0.998
190.549,0.996
190.579,0.998
190.609,0.991
190.639,1.004
190.669,0.995
190.699,1.010
190.729,1.001
190.759,0.999
190.789,0.997
190.819,0.998
190.849,0.999
190.879,1.000
190.909,1.000
190.939,0.990
190.969,1.005
190.999,0.994
191.029,1.005
191.059,1.005
191.089,1.002
191.119,0.992
191.149,0.992
191.179,0.995
191.209,1.001
191.239,0.997
191.269,1.010
191.299,0.997
191.329,0.997
191.359,0.997
191.389,1.000
191.419,1.001
191.449,1.002
191.479,0.993
191.509,0.995
191.539,1.007
191.569,0.991
191.599,1.006
191.629,1.004
191.659,1.000
191.689,0.992
191.719,0.993
191.749,1.005
191.779,1.000
191.809,1.003
191.839,1.005
191.869,0.999
191.899,0.995
191.929,0.998
191.959,0.996
191.989,1.001
192.019,1.000
192.049,0.994
192.079,0.999
192.109,1.000
192.139,0.995
192.169,1.021
192.199,1.000
192.229,0.987
192.259,0.992
192.289,0.998
192.319,1.005
192.349,0.988
192.379,1.012
192.409,0.993
192.439,1.000
192.469,1.003
192.499,0.992
192.529,1.002
192.559,0.998
192.589,1.003
192.619,0.992
192.649,1.007
192.679,0.993
192.709,1.013
192.739,1.009
192.769,0.987
192.799,0.991
192.829,0.999
192.859,1.002
192.889,0.997
192.919,1.002
192.949,1.002
192.979,1.000
193.009,0.998
193.039,1.000
193.069,0.998
193.099,0.995
193.129,0.992
193.159,0.999
193.189,0.999
193.219,0.996
193.249,1.011
193.279,1.005
193.309,0.985
193.339,0.994
193.369,1.000
193.399,1.010
193.429,0.992
193.459,1.007
193.489,1.004
193.519,1.002
193.549,0.999
193.579,0.997
193.609,0.997
193.639,0.999
193.669,0.997
193.699,0.996
193.729,1.007
193.759,1.000
193.789,1.012
193.819,0.997
193.849,0.998
193.879,0.991
193.909,1.001
193.939,1.007
193.969,0.992
193.999,1.010
194.029,1.000
194.059,1.007
194.089,0.997
194.119,0.997
194.149,1.000
194.179,0.999
194.209,0.998
194.239,1.003
194.269,0.998
194.299,1.001
194.329,1.012
194.359,0.999
194.389,0.994
194.419,0.995
194.449,1.000
194.479,1.006
194.509,0.989
194.539,1.015
194.569,0.997
194.599,1.003
194.629,0.999
194.659,0.994
194.689,1.004
194.719,1.000
194.749,0.993
194.779,1.004
194.809,0.996
194.839,1.006
194.869,1.005
194.899,0.998
194.929,0.994
194.959,0.995
194.989,0.996
195.019,1.002
195.049,0.996
195.079,1.005
195.109,0.999
195.139,0.998
195.169,1.000
195.199,0.997
195.229,1.000
195.259,1.000
195.289,0.991
195.319,1.003
195.349,0.993
195.379,1.000
195.409,1.006
195.439,0.999
195.469,0.996
195.499,0.996
195.529,0.998
195.559,1.004
195.589,0.999
195.619,1.004
195.649,1.000
195.679,0.999
195.709,0.999
195.739,0.997
195.769,0.996
195.799,1.001
195.829,0.990
195.859,1.007
195.889,0.997
195.919,1.002
195.949,1.010
195.979,1.001
196.009,0.989
196.039,0.994
196.069,1.003
196.099,0.998
196.129,1.003
196.159,1.006
196.189,0.997
196.219,0.999
196.249,1.003
196.279,0.996
196.309,1.000
196.339,1.003
196.369,0.994
196.399,1.007
196.429,0.995
196.459,1.006
196.489,1.014
196.519,0.998
196.549,0.988
196.579,0.993
196.609,1.002
196.639,0.998
196.669,1.004
196.699,1.008
196.729,1.000
196.759,0.995
196.789,1.000
196.819,0.997
196.849,0.998
196.879,0.998
196.909,0.993
196.939,1.008
196.969,0.989
196.999,1.015
197.029,1.017
197.059,0.989
197.089,0.993
197.119,0.995
197.149,1.004
197.179,0.996
197.209,1.006
197.239,1.003
197.269,1.003
197.299,0.997
197.329,1.002
197.359,1.000
197.389,1.002
197.419,0.993
197.449,0.998
197.479,0.997
197.509,0.998
197.539,1.018
197.569,0.995
197.599,0.988
197.629,0.995
197.659,1.000
197.689,1.002
197.719,0.989
197.749,1.011
197.779,0.992
197.809,1.003
197.839,1.003
197.869,1.000
197.899,0.995
197.929,1.001
197.959,0.989
197.989,1.007
198.019,0.991
198.049,1.004
198.079,1.010
198.109,0.991
198.139,0.996
198.169,1.002
198.199,1.006
198.229,1.000
198.259,1.004
198.289,1.002
198.319,0.999
198.349,0.998
198.379,0.995
198.409,1.006
198.439,1.002
198.469,1.000
198.499,1.003
198.529,1.001
198.559,1.002
198.589,1.011
198.619,1.001
198.649,0.994
198.679,0.998
198.709,0.999
198.739,1.007
198.769,0.992
198.799,1.008
198.829,1.001
198.859,1.000
198.889,1.002
198.919,0.999
198.949,1.000
198.979,1.001
199.009,0.995
199.039,1.006
199.069,0.996
199.099,1.002
199.129,1.007
199.159,1.001
199.189,0.989
199.219,0.993
199.249,1.000
199.279,1.002
199.309,0.995
199.339,1.011
199.369,0.997
199.399,1.000
199.429,0.998
199.459,0.994
199.489,1.005
199.519,0.996
199.549,0.994
199.579,1.006
199.609,0.997
199.639,1.000
199.669,1.007
199.699,1.005
199.729,0.992
199.759,0.997
199.789,0.996
199.819,1.007
199.849,0.994
199.879,1.010
199.909,1.002
199.939,0.998
199.969,0.998
199.999,0.995
200.029,1.006
200.059,1.001
200.089,0.990
200.119,0.994
200.149,1.008
200.179,0.992
200.209,1.007
200.239,1.011
200.269,0.994
200.299,0.989
200.329,0.998
200.359,1.008
200.389,0.998
200.419,1.005
200.449,1.005
200.479,1.004
200.509,0.996
200.539,1.001
200.569,0.993
200.599,1.001
200.629,1.000
200.659,0.998
200.689,1.003
200.719,1.002
200.749,0.997
200.779,1.016
200.809,1.001
200.839,0.992
200.869,0.997
200.899,0.997
200.929,1.011
200.959,0.990
200.989,1.011
201.019,1.002
201.049,1.002
201.079,0.998
201.109,0.999
201.139,0.997
201.169,0.998
201.199,1.004
201.229,0.996
201.259,1.005
201.289,0.994
201.319,1.008
201.349,1.019
201.379,0.990
201.409,0.989
201.439,0.998
201.469,1.004
201.499,0.999
201.529,0.997
201.559,1.012
201.589,0.994
201.619,1.001
201.649,1.003
201.679,0.995
201.709,1.002
201.739,1.000
201.769,0.994
201.799,1.001
201.829,1.003
201.859,1.001
201.889,1.010
201.919,1.001
201.949,1.006
201.979,0.988
202.009,0.991
202.039,1.005
202.069,0.990
202.099,1.014
202.129,1.011
202.159,1.001
202.189,0.995
202.219,0.992
202.249,1.000
202.279,1.003
202.309,1.008
202.339,0.993
202.369,1.003
202.399,0.991
202.429,0.996
202.459,1.006
202.489,1.009
202.519,1.005
202.549,0.995
202.579,0.987
202.609,1.005
202.639,0.989
202.669,1.004
202.699,1.000
202.729,0.999
202.759,0.999
202.789,0.995
202.819,0.987
202.849,0.994
202.879,1.004
202.909,0.987
202.939,1.005
202.969,1.011
202.999,1.010
203.029,1.012
203.059,1.003
203.089,1.006
203.119,1.010
203.149,0.990
203.179,0.995
203.209,0.995
203.239,1.008
203.269,0.999
203.299,0.999
203.329,1.007
203.359,1.008
203.389,0.993
203.419,1.007
203.449,1.004
203.479,0.989
203.509,0.985
203.539,0.996
203.569,0.994
203.599,1.027
203.629,1.013
203.659,0.992
203.689,0.997
203.719,0.993
203.749,1.013
203.779,0.997
203.809,1.005
203.839,1.009
203.869,0.993
203.899,0.997
203.929,1.001
203.959,1.003
203.989,1.007
204.019,1.000
204.049,0.993
204.079,1.007
204.109,0.999
204.139,0.997
204.169,1.019
204.199,1.001
204.229,0.989
204.259,0.998
204.289,1.007
204.319,1.008
204.349,0.993
204.379,1.011
204.409,0.998
204.439,1.008
204.469,1.007
204.499,0.995
204.529,0.998
204.559,1.005
204.589,1.002
204.619,0.994
204.649,1.007
204.679,0.994
204.709,1.008
204.739,1.021
204.769,0.988
204.799,0.991
204.829,1.000
204.859,1.002
204.889,0.998
204.919,0.999
204.949,1.011
204.979,1.001
205.009,1.004
205.039,0.999
205.069,1.003
205.099,0.998
205.129,0.999
205.159,0.996
205.189,1.006
205.219,0.996
205.249,1.004
205.279,1.018
205.309,0.991
205.339,0.994
205.369,0.993
205.399,1.003
205.429,0.999
205.459,0.999
205.489,1.005
205.519,0.995
205.549,1.002
205.579,1.004
205.609,0.995
205.639,1.002
205.669,1.007
205.699,0.992
205.729,1.005
205.759,1.000
205.789,0.997
205.819,1.017
205.849,1.004
205.879,0.996
205.909,0.991
205.939,1.005
205.969,1.008
205.999,0.986
206.029,1.017
206.059,0.998
206.089,1.007
206.119,1.001
206.149,0.994
206.179,1.008
206.209,0.996
206.239,1.000
206.269,0.997
206.299,1.001
206.329,1.004
206.359,1.014
206.389,1.006
206.419,0.999
206.449,0.994
206.479,0.999
206.509,1.006
206.539,0.995
206.569,1.007
206.599,1.005
206.629,1.000
206.659,0.994
206.689,1.001
206.719,1.001
206.749,0.997
206.779,1.000
206.809,0.996
206.839,1.007
206.869,1.001
206.899,1.009
206.929,1.010
206.959,1.001
206.989,0.996
207.019,0.996
207.049,1.004
207.079,0.995
207.109,1.007
207.139,1.006
207.169,1.001
207.199,0.998
207.229,0.998
207.259,1.002
207.289,1.002
207.319,1.002
207.349,0.996
207.379,1.009
207.409,0.995
207.439,1.006
207.469,1.008
207.499,1.004
207.529,0.994
207.559,0.993
207.589,1.005
207.619,0.998
207.649,1.010
207.679,1.004
207.709,1.004
207.739,0.996
207.769,1.000
207.799,1.005
207.829,0.998
207.859,0.999
207.889,0.995
207.919,1.011
207.949,0.995
207.979,0.999
208.009,1.014
208.039,0.997
208.069,0.989
208.099,0.998
208.129,1.004
208.159,1.001
208.189,1.007
208.219,1.010
208.249,0.995
208.279,1.004
208.309,1.003
208.339,1.002
208.369,1.001
208.399,1.000
208.429,0.992
208.459,1.010
208.489,0.994
208.519,1.007
208.549,1.017
208.579,0.990
208.609,0.990
208.639,1.001
208.669,1.002
208.699,0.997
208.729,1.001
208.759,1.006
208.789,1.000
208.819,0.997
208.849,0.999
208.879,0.998
208.909,1.003
208.939,1.000
208.969,0.995
208.999,1.005
209.029,0.999
209.059,1.007
209.089,1.018
209.119,0.992
209.149,0.996
209.179,0.997
209.209,1.004
209.239,1.001
209.269,1.004
209.299,0.999
209.329,1.001
209.359,0.996
209.389,0.999
209.419,1.000
209.449,1.009
209.479,0.990
209.509,1.003
209.539,0.998
209.569,1.000
209.599,1.022
209.629,1.002
209.659,0.996
209.689,0.989
209.719,1.002
209.749,1.003
209.779,0.994
209.809,1.005
209.839,0.997
209.869,1.002
209.899,1.003
209.929,1.003
209.959,1.004
209.989,1.001
210.019,1.000
210.049,0.997
210.079,0.999
210.109,1.012
210.139,1.013
210.169,1.000
210.199,0.994
210.229,1.004
210.259,1.008
210.289,0.998
210.319,1.012
210.349,1.001
210.379,1.006
210.409,0.993
210.439,1.006
210.469,0.997
210.499,0.995
210.529,1.007
210.559,0.986
210.589,1.004
210.619,1.014
210.649,1.005
210.679,1.007
210.709,1.002
210.739,0.988
210.769,1.002
210.799,1.003
210.829,0.998
210.859,1.015
210.889,0.999
210.919,1.007
210.949,0.996
210.979,1.004
211.009,0.996
211.039,0.997
211.069,1.006
211.099,0.992
211.129,1.001
211.159,1.014
211.189,1.006
211.219,0.996
211.249,0.994
211.279,1.003
211.309,0.994
211.339,1.000
211.369,1.005
211.399,1.012
211.429,1.005
211.459,0.994
211.489,1.000
211.519,1.002
211.549,1.002
211.579,1.004
211.609,0.995
211.639,1.003
211.669,1.008
211.699,1.014
211.729,0.992
211.759,1.001
211.789,1.004
211.819,1.000
211.849,0.996
211.879,1.017
211.909,1.001
211.939,0.997
211.969,0.997
211.999,0.999
212.029,1.005
212.059,0.994
212.089,0.997
212.119,0.996
212.149,1.009
212.179,1.015
212.209,1.008
212.239,0.994
212.269,0.994
212.299,0.998
212.329,1.009
212.359,0.984
212.389,1.012
212.419,1.005
212.449,1.004
212.479,0.995
212.509,1.004
212.539,0.997
212.569,0.998
212.599,1.001
212.629,1.012
212.659,0.991
212.689,1.010
212.719,1.011
212.749,1.000
212.779,0.993
212.809,1.000
212.839,1.014
212.869,1.001
212.899,1.009
212.929,1.009
212.959,1.003
212.989,0.997
213.019,1.004
213.049,1.001
213.079,1.003
213.109,1.000
213.139,1.008
213.169,1.000
213.199,1.001
213.229,1.011
213.259,1.007
213.289,0.995
213.319,0.996
213.349,0.999
213.379,1.002
213.409,0.999
213.439,1.007
213.469,1.003
213.499,0.996
213.529,0.998
213.559,1.002
213.589,1.004
213.619,0.995
213.649,1.001
213.679,1.005
213.709,0.995
213.739,1.015
213.769,1.007
213.799,0.996
213.829,0.995
213.859,0.996
213.889,1.011
213.919,0.994
213.949,1.008
213.979,1.007
214.009,1.002
214.039,0.997
214.069,0.999
214.099,1.004
214.129,0.998
214.159,0.996
214.189,1.009
214.219,0.991
214.249,1.005
214.279,1.022
214.309,1.000
214.339,0.989
214.369,1.001
214.399,1.002
214.429,1.001
214.459,1.004
214.489,1.016
214.519,1.001
214.549,1.000
214.579,1.008
214.609,1.000
214.639,1.003
214.669,0.997
214.699,0.997
214.729,1.010
214.759,0.992
214.789,1.020
214.819,1.010
214.849,0.990
214.879,0.995
214.909,1.002
214.939,1.008
214.969,0.991
214.999,1.011
215.029,0.997
215.059,1.004
215.089,1.000
215.119,1.000
215.149,1.000
215.179,1.002
215.209,0.995
215.239,1.005
215.269,0.992
215.299,1.009
215.329,1.021
215.359,0.991
215.389,0.991
215.419,0.996
215.449,1.005
215.479,1.004
215.509,0.992
215.539,1.014
215.569,1.001
215.599,0.999
215.629,1.005
215.659,0.998
215.689,1.003
215.719,1.002
215.749,0.999
215.779,1.003
215.809,0.997
215.839,1.014
215.869,1.017
215.899,0.989
215.929,0.990
215.959,1.001
215.989,1.011
216.019,1.003
216.049,1.003
216.079,1.001
216.109,1.001
216.139,1.003
216.169,1.001
216.199,0.995
216.229,1.001
216.259,0.999
216.289,1.003
216.319,0.998
216.349,0.997
216.379,1.015
216.409,1.002
216.439,1.003
216.469,0.994
216.499,0.998
216.529,1.010
216.559,0.996
216.589,1.010
216.619,1.002
216.649,1.005
216.679,1.002
216.709,1.000
216.739,1.003
216.769,1.003
216.799,1.002
216.829,0.992
216.859,1.011
216.889,0.995
216.919,1.012
216.949,1.009
216.979,1.003
217.009,0.997
217.039,0.997
217.069,1.002
217.099,1.006
217.129,0.996
217.159,1.009
217.189,1.004
217.219,0.996
217.249,1.001
217.279,1.005
217.309,1.001
217.339,1.003
217.369,1.002
217.399,0.996
217.429,1.008
217.459,0.997
217.489,1.002
217.519,1.010
217.549,1.002
217.579,0.992
217.609,1.002
217.639,1.000
217.669,1.008
217.699,0.996
217.729,1.012
217.759,1.001
217.789,1.000
217.819,1.000
217.849,1.003
217.879,1.000
217.909,0.999
217.939,1.009
217.969,0.997
217.999,0.990
218.029,1.013
218.059,1.000
218.089,0.991
218.119,1.021
218.149,1.001
218.179,0.994
218.209,0.996
218.239,0.999
218.269,1.013
218.299,0.988
218.329,1.008
218.359,1.001
218.389,1.001
218.419,1.005
218.449,1.001
218.479,1.004
218.509,1.001
218.539,1.004
218.569,1.002
218.599,1.000
218.629,1.003
218.659,0.995
218.689,0.996
218.719,1.021
218.749,1.000
218.779,0.994
218.809,0.996
218.839,1.008
218.869,1.009
218.899,0.999
218.929,1.007
218.959,0.998
218.989,1.003
219.019,0.999
219.049,1.002
219.079,1.006
219.109,0.999
219.139,1.008
219.169,1.001
219.199,1.000
219.229,1.004
219.259,0.995
219.289,1.010
219.319,1.018
219.349,0.988
219.379,0.998
219.409,0.999
219.439,1.003
219.469,0.996
219.499,0.999
219.529,1.009
219.559,1.007
219.589,0.999
219.619,0.999
219.649,0.995
219.679,1.005
219.709,1.000
219.739,0.998
219.769,1.001
219.799,1.003
219.829,0.998
219.859,1.010
219.889,1.017
219.919,0.992
219.949,0.994
219.979,1.003
220.009,0.999
220.039,1.004
220.069,1.002
220.099,1.000
220.129,1.005
220.159,1.006
220.189,1.009
220.219,0.991
220.249,1.000
220.279,1.007
220.309,1.000
220.339,1.002
220.369,0.997
220.399,0.999
220.429,1.015
220.459,1.002
220.489,1.000
220.519,1.000
220.549,1.000
220.579,1.007
220.609,1.002
220.639,1.005
220.669,1.004
220.699,1.000
220.729,0.995
220.759,1.000
220.789,1.007
220.819,1.004
220.849,1.003
220.879,0.996
220.909,1.002
220.939,1.003
220.969,0.993
220.999,1.009
221.029,1.003
221.059,1.002
221.089,0.998
221.119,0.994
221.149,1.008
221.179,1.001
221.209,1.003
221.239,1.009
221.269,1.002
221.299,1.000
221.329,1.000
221.359,1.004
221.389,1.002
221.419,1.001
221.449,1.000
221.479,0.997
221.509,1.007
221.539,1.003
221.569,1.006
221.599,1.006
221.629,1.001
221.659,0.993
221.689,0.995
221.719,1.004
221.749,1.000
221.779,1.000
221.809,1.015
221.839,1.004
221.869,0.998
221.899,1.005
221.929,0.998
221.959,1.006
221.989,1.006
222.019,1.002
222.049,0.995
222.079,1.007
222.109,1.000
222.139,1.000
222.169,1.010
222.199,1.003
222.229,0.998
222.259,1.000
222.289,1.001
222.319,1.006
222.349,0.999
222.379,1.017
222.409,1.001
222.439,1.003
222.469,1.002
222.499,1.004
222.529,1.002
222.559,1.002
222.589,1.000
222.619,0.999
222.649,1.005
222.679,1.002
222.709,0.992
222.739,1.016
222.769,1.007
222.799,0.991
222.829,0.991
222.859,1.001
222.889,1.009
222.919,0.989
222.949,1.019
222.979,0.999
223.009,1.002
223.039,1.003
223.069,1.002
223.099,1.000
223.129,1.001
223.159,0.996
223.189,0.996
223.219,1.005
223.249,1.000
223.279,1.000
223.309,1.022
223.339,0.995
223.369,0.991
223.399,1.003
223.429,1.001
223.459,1.001
223.489,0.997
223.519,1.014
223.549,1.002
223.579,1.002
223.609,1.001
223.639,1.000
223.669,1.003
223.699,1.003
223.729,0.998
223.759,1.001
223.789,1.001
223.819,1.001
223.849,1.015
223.879,1.008
223.909,0.992
223.939,0.997
223.969,0.999
223.999,1.006
224.029,0.996
224.059,1.008
224.089,1.007
224.119,1.002
224.149,0.999
224.179,1.000
224.209,1.006
224.239,0.999
224.269,1.000
224.299,0.996
224.329,1.006
224.359,0.997
224.389,1.005
224.419,1.014
224.449,0.999
224.479,0.995
224.509,0.996
224.539,1.002
224.569,1.007
224.599,1.002
224.629,1.007
224.659,1.000
224.689,1.003
224.719,1.006
224.749,1.000
224.779,1.001
224.809,1.008
224.839,1.000
224.869,1.003
224.899,0.996
224.929,1.010
224.959,1.019
224.989,1.001
225.019,0.997
225.049,0.998
225.079,1.002
225.109,1.009
225.139,0.998
225.169,1.007
225.199,1.000
225.229,1.002
225.259,1.005
225.289,1.000
225.319,1.003
225.349,0.999
225.379,0.996
225.409,1.010
225.439,0.996
225.469,1.001
225.499,1.008
225.529,1.006
225.559,1.000
225.589,1.000
225.619,0.997
225.649,1.008
225.679,0.998
225.709,1.008
225.739,1.002
225.769,0.996
225.799,1.007
225.829,1.000
225.859,1.002
225.889,1.007
225.919,1.000
225.949,1.002
225.979,1.005
226.009,0.998
226.039,1.008
226.069,1.008
226.099,0.998
226.129,0.999
226.159,0.999
226.189,1.010
226.219,0.999
226.249,1.013
226.279,1.002
226.309,1.003
226.339,1.000
226.369,1.000
226.399,1.011
226.429,1.004
226.459,1.004
226.489,0.998
226.519,1.007
226.549,0.999
226.579,1.000
226.609,1.018
226.639,1.004
226.669,0.987
226.699,1.000
226.729,1.006
226.759,1.006
226.789,0.996
226.819,1.012
226.849,1.000
226.879,0.991
226.909,1.003
226.939,1.003
226.969,1.004
226.999,1.001
227.029,1.003
227.059,0.997
227.089,1.009
227.119,0.995
227.149,1.006
227.179,1.021
227.209,0.997
227.239,0.991
227.269,1.003
227.299,1.006
227.329,1.001
227.359,0.999
227.389,1.014
227.419,1.002
227.449,0.994
227.479,1.004
227.509,0.998
227.539,1.003
227.569,0.999
227.599,0.999
227.629,1.002
227.659,1.002
227.689,0.993
227.719,1.012
227.749,1.008
227.779,0.991
227.809,1.002
227.839,1.005
227.869,1.008
227.899,0.994
227.929,1.011
227.959,1.000
227.989,1.009
228.019,1.005
228.049,0.999
228.079,1.008
228.109,0.999
228.139,1.002
228.169,0.998
228.199,1.006
228.229,1.000
228.259,1.008
228.289,1.020
228.319,0.986
228.349,0.996
228.379,1.002
228.409,1.000
228.439,1.005
228.469,1.000
228.499,1.004
228.529,1.006
228.559,1.007
228.589,0.993
228.619,0.996
228.649,1.000
228.679,0.999
228.709,0.995
228.739,1.011
228.769,0.995
228.799,1.005
228.829,1.019
228.859,0.987
228.889,1.000
228.919,0.994
228.949,1.004
228.979,1.004
229.009,0.999
229.039,1.002
229.069,1.004
229.099,1.007
229.129,1.002
229.159,1.000
229.189,1.011
229.219,1.004
229.249,0.998
229.279,0.998
229.309,1.005
229.339,1.004
229.369,1.016
229.399,0.997
229.429,1.003
229.459,1.009
229.489,1.001
229.519,1.006
229.549,0.987
229.579,1.015
229.609,1.002
229.639,1.004
229.669,1.003
229.699,0.997
229.729,0.996
229.759,1.007
229.789,1.003
229.819,0.990
229.849,1.005
229.879,1.000
229.909,1.015
229.939,1.006
229.969,1.003
229.999,0.992
230.029,1.003
230.059,1.009
230.089,1.003
230.119,1.001
230.149,1.008
230.179,1.004
230.209,0.996
230.239,1.003
230.269,0.999
230.299,1.003
230.329,1.005
230.359,0.998
230.389,1.004
230.419,1.008
230.449,0.999
230.479,1.008
230.509,1.007
230.539,0.998
230.569,0.997
230.599,0.995
230.629,1.010
230.659,1.000
230.689,1.007
230.719,1.005
230.749,1.001
230.779,1.000
230.809,1.001
230.839,1.000
230.869,0.999
230.899,1.004
230.929,0.996
230.959,1.003
230.989,1.006
231.019,1.001
231.049,1.014
231.079,1.010
231.109,0.996
231.139,0.994
231.169,0.996
231.199,1.013
231.229,1.000
231.259,1.011
231.289,1.000
231.319,1.000
231.349,1.001
231.379,1.001
231.409,1.003
231.439,1.004
231.469,1.000
231.499,1.003
231.529,0.999
231.559,1.015
231.589,0.998
231.619,1.006
231.649,1.013
231.679,1.002
231.709,0.988
231.739,0.994
231.769,1.017
231.799,0.996
231.829,1.014
231.859,1.001
231.889,1.004
231.919,1.000
231.949,1.004
231.979,1.001
232.009,1.002
232.039,1.003
232.069,0.995
232.099,1.003
232.129,1.011
232.159,0.993
232.189,1.020
232.219,1.010
232.249,0.994
232.279,0.995
232.309,1.000
232.339,1.009
232.369,0.996
232.399,1.012
232.429,1.003
232.459,1.003
232.489,1.005
232.519,1.000
232.549,0.999
232.579,1.003
232.609,0.999
232.639,0.995
232.669,1.003
232.699,0.998
232.729,1.001
232.759,1.024
232.789,0.994
232.819,0.998
232.849,0.999
232.879,1.003
232.909,1.002
232.939,0.993
232.969,1.015
232.999,0.995
233.029,1.004
233.059,1.000
233.089,1.000
233.119,1.001
233.149,1.002
233.179,1.006
233.209,1.005
233.239,0.992
233.269,1.003
233.299,1.018
233.329,1.001
233.359,0.994
233.389,1.001
233.419,1.000
233.449,1.004
233.479,0.997
233.509,1.007
233.539,1.008
233.569,1.004
233.599,1.000
233.629,1.002
233.659,0.999
233.689,1.002
233.719,1.000
233.749,1.012
233.779,0.994
233.809,1.005
233.839,1.014
233.869,1.003
233.899,0.999
233.929,1.004
233.959,1.005
233.989,1.007
234.019,1.006
234.049,1.008
234.079,1.012
234.109,1.009
234.139,1.001
234.169,1.006
234.199,1.005
234.229,0.996
234.259,1.004
234.289,0.996
234.319,1.007
234.349,1.013
234.379,0.997
234.409,0.999
234.439,0.994
234.469,1.001
234.499,0.994
234.529,0.999
234.559,1.012
234.589,1.000
234.619,0.998
234.649,1.006
234.679,0.996
234.709,1.000
234.739,1.010
234.769,1.012
234.799,0.984
234.829,1.005
234.859,1.015
234.889,1.007
234.919,0.997
234.949,1.020
234.979,1.008
235.009,0.989
235.039,0.987
235.069,0.989
235.099,1.024
235.129,0.995
235.159,1.011
235.189,1.003
235.219,1.000
235.249,0.993
235.279,1.011
235.309,1.004
235.339,0.999
235.369,0.996
235.399,1.011
235.429,1.007
235.459,1.003
235.489,1.003
235.519,1.005
235.549,0.995
235.579,1.002
235.609,1.003
235.639,1.016
235.669,0.996
235.699,1.010
235.729,1.006
235.759,0.998
235.789,1.004
235.819,1.007
235.849,1.000
235.879,1.008
235.909,0.998
235.939,0.996
235.969,1.009
235.999,1.002
236.029,0.995
236.059,1.002
236.089,1.010
236.119,1.002
236.149,1.005
236.179,1.004
236.209,0.997
236.239,1.011
236.269,1.004
236.299,1.004
236.329,1.002
236.359,0.998
236.389,0.997
236.419,1.011
236.449,0.996
236.479,1.014
236.509,1.004
236.539,0.996
236.569,0.998
236.599,1.000
236.629,1.004
236.659,0.999
236.689,1.000
236.719,1.004
236.749,0.997
236.779,0.996
236.809,1.000
236.839,1.000
236.869,1.000
236.899,0.994
236.929,1.000
236.959,1.002
236.989,0.999
237.019,1.010
237.049,1.010
237.079,0.992
237.109,0.995
237.139,1.000
237.169,1.006
237.199,0.992
237.229,1.010
237.259,1.004
237.289,1.000
237.319,0.999
237.349,1.000
237.379,0.998
237.409,1.001
237.439,0.998
237.469,1.011
237.499,0.999
237.529,0.999
237.559,1.010
237.589,1.005
237.619,0.994
237.649,0.996
237.679,0.996
237.709,1.002
237.739,0.992
237.769,1.010
237.799,1.001
237.829,0.999
237.859,1.001
237.889,1.000
237.919,1.000
237.949,0.999
237.979,0.994
238.009,1.009
238.039,0.993
238.069,0.997
238.099,1.017
238.129,1.002
238.159,0.989
238.189,0.994
238.219,0.999
238.249,1.003
238.279,0.995
238.309,1.016
238.339,1.000
238.369,0.998
238.399,1.002
238.429,0.997
238.459,1.003
238.489,0.996
238.519,0.994
238.549,1.007
238.579,0.991
238.609,1.003
238.639,1.022
238.669,0.999
238.699,0.988
238.729,0.998
238.759,0.999
238.789,1.000
238.819,0.996
238.849,1.016
238.879,1.000
238.909,1.001
238.939,1.000
238.969,0.999
238.999,1.001
239.029,1.004
239.059,0.996
239.089,1.009
239.119,0.998
239.149,1.009
239.179,1.023
239.209,0.983
239.239,1.000
239.269,1.003
239.299,1.001
239.329,1.002
239.359,0.997
239.389,1.010
239.419,0.999
239.449,1.003
239.479,0.997
239.509,0.998
239.539,1.000
239.569,1.005
239.599,0.990
239.629,1.007
239.659,0.999
239.689,1.013
239.719,1.015
239.749,0.987
239.779,0.990
239.809,1.005
239.839,1.006
239.869,1.001
239.899,1.001
239.929,1.010
239.959,1.001
239.989,1.000
240.019,0.995
240.049,0.998
240.079,1.006
240.109,1.008
240.139,0.995
240.169,0.997
240.199,1.000
240.229,1.015
240.259,1.011
240.289,0.993
240.319,0.991
240.349,1.006
240.379,1.006
240.409,1.004
240.439,1.002
240.469,1.010
240.499,1.001
240.529,1.003
240.559,1.001
240.589,0.997
240.619,1.007
240.649,1.000
240.679,0.997
240.709,1.008
240.739,1.000
240.769,1.005
240.799,1.010
240.829,1.002
240.859,0.995
240.889,1.003
240.919,0.998
240.949,1.008
240.979,0.995
241.009,1.013
241.039,1.001
241.069,1.002
241.099,1.002
241.129,0.998
241.159,1.003
241.189,1.003
241.219,1.000
241.249,0.999
241.279,0.998
241.309,1.012
241.339,1.000
241.369,1.006
241.399,1.009
241.429,1.003
241.459,0.999
241.489,0.995
241.519,1.002
241.549,1.003
241.579,0.999
241.609,1.010
241.639,1.003
241.669,1.000
241.699,1.000
241.729,0.996
241.759,1.004
241.789,1.002
241.819,1.000
241.849,0.998
241.879,1.000
241.909,0.999
241.939,1.008
241.969,0.997
241.999,1.008
242.029,1.007
242.059,0.997
242.089,0.998
242.119,0.998
242.149,1.004
242.179,1.003
242.209,0.998
242.239,1.007
242.269,1.000
242.299,0.995
242.329,1.014
242.359,0.998
242.389,1.000
242.419,1.006
242.449,1.003
242.479,1.001
242.509,1.001
242.539,0.999
242.569,1.011
242.599,0.999
242.629,0.996
242.659,1.022
242.689,1.001
242.719,0.989
242.749,0.992
242.779,1.002
242.809,1.012
242.839,0.991
242.869,1.011
242.899,1.000
242.929,1.001
242.959,1.002
242.989,1.001
243.019,1.004
243.049,0.999
243.079,1.001
243.109,1.005
243.139,1.000
243.169,0.995
243.199,1.005
243.229,0.996
243.259,1.005
243.289,1.020
243.319,0.994
243.349,0.991
243.379,1.001
243.409,1.000
243.439,1.004
243.469,0.997
243.499,1.013
243.529,0.997
243.559,1.002
243.589,1.000
243.619,0.999
243.649,1.001
243.679,1.001
243.709,1.002
243.739,0.996
243.769,1.002
243.799,1.000
243.829,0.998
243.859,1.017
243.889,1.010
243.919,0.993
243.949,0.992
243.979,1.006
244.009,1.011
244.039,1.000
244.069,1.007
244.099,1.003
244.129,1.003
244.159,1.002
244.189,0.995
244.219,1.002
244.249,1.005
244.279,0.999
244.309,1.000
244.339,1.001
244.369,1.003
244.399,0.999
244.429,1.012
244.459,1.005
244.489,0.993
244.519,0.995
244.549,1.002
244.579,1.004
244.609,1.002
244.639,0.997
244.669,1.005
244.699,1.000
244.729,1.001
244.759,1.003
244.789,0.999
244.819,1.000
244.849,1.005
244.879,0.998
244.909,1.004
244.939,1.002
244.969,1.000
244.999,1.012
245.029,1.007
245.059,1.004
245.089,0.995
245.119,0.995
245.149,1.004
245.179,1.000
245.209,1.005
245.239,1.006
245.269,1.005
245.299,0.996
245.329,1.002
245.359,1.001
245.389,1.006
245.419,1.002
245.449,0.998
245.479,0.995
245.509,1.012
245.539,0.999
245.569,1.007
245.599,1.007
245.629,1.001
245.659,0.998
245.689,0.996
245.719,1.003
245.749,1.006
245.779,0.996
245.809,1.009
245.839,1.001
245.869,1.000
245.899,1.001
245.929,1.000
245.959,1.004
245.989,1.004
246.019,1.001
246.049,0.996
246.079,1.014
246.109,1.001
246.139,1.004
246.169,1.009
246.199,1.005
246.229,0.992
246.259,1.001
246.289,1.000
246.319,1.008
246.349,0.998
246.379,1.009
246.409,0.998
246.439,0.999
246.469,1.004
246.499,0.999
246.529,1.002
246.559,1.001
246.589,1.004
246.619,0.997
246.649,1.007
246.679,1.001
246.709,0.995
246.739,1.011
246.769,1.008
246.799,0.992
246.829,0.995
246.859,0.997
246.889,1.015
246.919,0.995
246.949,1.011
246.979,1.002
247.009,1.001
247.039,0.998
247.069,1.001
247.099,1.004
247.129,1.002
247.159,1.000
247.189,0.999
247.219,1.003
247.249,1.010
247.279,0.997
247.309,1.021
247.339,1.008
247.369,0.987
247.399,0.992
247.429,1.002
247.459,1.009
247.489,0.995
247.519,1.011
247.549,1.000
247.579,1.002
247.609,1.000
247.639,0.999
247.669,0.996
247.699,1.003
247.729,1.005
247.759,1.003
247.789,1.010
247.819,0.996
247.849,1.003
247.879,1.019
247.909,0.995
247.939,0.991
247.969,0.998
247.999,1.003
248.029,1.009
248.059,0.993
248.089,1.017
248.119,0.996
248.149,1.004
248.179,1.000
248.209,1.002
248.239,1.003
248.269,1.000
248.299,1.001
248.329,0.998
248.359,1.003
248.389,0.994
248.419,1.018
248.449,1.013
248.479,0.986
248.509,0.995
248.539,1.003
248.569,1.004
248.599,1.000
248.629,1.001
248.659,1.013
248.689,0.999
248.719,1.000
248.749,1.000
248.779,1.000
248.809,1.003
248.839,1.007
248.869,0.997
248.899,1.005
248.929,0.994
248.959,1.009
248.989,1.015
249.019,0.996
249.049,0.993
249.079,1.003
249.109,1.003
249.139,1.003
249.169,0.996
249.199,1.013
249.229,0.998
249.259,0.999
249.289,1.003
249.319,1.001
249.349,1.004
249.379,1.005
249.409,0.996
249.439,1.001
249.469,1.004
249.499,1.003
249.529,1.011
249.559,1.003
249.589,0.997
249.619,0.998
249.649,1.001
249.679,1.013
249.709,0.996
249.739,1.010
249.769,1.000
249.799,0.998
249.829,1.000
249.859,1.003
249.889,1.007
249.919,1.006
249.949,1.000
249.979,0.997
250.009,1.013
250.039,0.997
250.069,1.007
250.099,1.013
250.129,1.004
250.159,0.998
250.189,0.995
250.219,1.002
250.249,1.003
250.279,0.999
250.309,1.006
250.339,0.998
250.369,0.999
250.399,1.004
250.429,0.995
250.459,1.007
250.489,1.002
250.519,1.000
250.549,1.002
250.579,1.004
250.609,0.999
250.639,1.009
250.669,1.012
250.699,0.995
250.729,0.998
250.759,1.000
250.789,1.009
250.819,1.003
250.849,1.011
250.879,1.003
250.909,0.999
250.939,1.002
250.969,0.998
250.999,1.005
251.029,1.010
251.059,1.000
251.089,0.994
251.119,1.011
251.149,0.999
251.179,1.001
251.209,1.012
251.239,1.009
251.269,0.988
251.299,0.992
251.329,1.001
251.359,1.008
251.389,0.991
251.419,1.020
251.449,1.002
251.479,0.999
251.509,1.000
251.539,1.003
251.569,1.002
251.599,1.000
251.629,1.000
251.659,0.996
251.689,1.009
251.719,0.998
251.749,1.011
251.779,1.021
251.809,0.999
251.839,0.989
251.869,1.002
251.899,1.005
251.929,0.996
251.959,0.998
251.989,1.010
252.019,1.001
252.049,1.000
252.079,1.003
252.109,1.000
252.139,1.008
252.169,1.003
252.199,0.992
252.229,1.003
252.259,0.999
252.289,1.000
252.319,1.020
252.349,1.004
252.379,0.992
252.409,0.995
252.439,1.003
252.469,1.003
252.499,0.994
252.529,1.018
252.559,0.997
252.589,1.005
252.619,0.998
252.649,0.998
252.679,0.998
252.709,1.009
252.739,0.997
252.769,1.006
252.799,0.995
252.829,1.005
252.859,1.014
252.889,1.001
252.919,0.989
252.949,0.999
252.979,1.003
253.009,1.013
253.039,1.000
253.069,1.017
253.099,0.996
253.129,1.007
253.159,1.007
253.189,1.013
253.219,1.000
253.249,1.019
253.279,1.002
253.309,1.013
253.339,0.992
253.369,0.998
253.399,0.942
253.429,1.000
253.459,0.932
253.489,1.012
253.519,0.986
253.549,1.023
253.579,0.989
253.609,0.998
253.639,0.986
253.669,1.000
253.699,0.977
253.729,0.989
253.759,0.999
253.789,1.000
253.819,1.000
253.849,1.000
253.879,0.998
253.909,0.994
253.939,1.009
253.969,0.991
253.999,1.008
254.029,0.991
254.059,1.008
254.089,1.005
254.119,0.985
254.149,1.002
254.179,1.014
254.209,1.020
254.239,1.002
254.269,1.001
254.299,0.996
254.329,1.006
254.359,1.009
254.389,0.995
254.419,0.997
254.449,0.994
254.479,0.997
254.509,1.009
254.539,1.014
254.569,1.004
254.599,1.005
254.629,1.004
254.659,1.013
254.689,1.009
254.719,1.008
254.749,1.020
254.779,1.008
254.809,1.000
254.839,0.998
254.869,1.004
254.899,1.009
254.929,1.001
254.959,1.001
254.989,1.010
255.019,1.006
255.049,1.027
255.079,1.018
255.109,1.020
255.139,1.021
255.169,1.016
255.199,1.005
255.229,1.010
255.259,1.003
255.289,0.998
255.319,1.004
255.349,1.005
255.379,1.016
255.409,1.012
255.439,1.018
255.469,1.029
255.499,1.015
255.529,1.015
255.559,1.021
255.589,1.021
255.619,1.026
255.649,1.023
255.679,1.008
255.709,0.998
255.739,1.014
255.769,1.018
255.799,1.012
255.829,1.030
255.859,1.022
255.889,1.024
255.919,1.016
255.949,1.014
255.979,1.018
256.009,1.020
256.039,1.033
256.069,1.016
256.099,1.026
256.129,1.012
256.159,1.012
256.189,1.022
256.219,1.009
256.249,1.001
256.279,1.014
256.309,1.013
256.339,1.019
256.369,1.015
256.399,1.023
256.429,1.032
256.459,1.021
256.489,1.024
256.519,1.021
256.549,1.013
256.579,0.993
256.609,1.005
256.639,1.011
256.669,1.021
256.699,1.012
256.729,1.015
256.759,1.011
256.789,1.009
256.819,1.007
256.849,1.011
256.879,1.027
256.909,1.020
256.939,1.018
256.969,1.024
256.999,1.015
257.029,1.004
257.059,1.003
257.089,1.009
257.119,1.008
257.149,1.015
257.179,1.009
257.209,1.010
257.239,1.023
257.269,1.031
257.299,1.031
257.329,1.049
257.359,1.031
257.389,1.031
257.419,1.007
257.449,1.017
257.479,1.008
257.509,1.026
257.539,1.027
257.569,1.040
257.599,1.042
257.629,1.026
257.659,1.022
257.689,1.018
257.719,1.026
257.749,1.007
257.779,1.036
257.809,1.032
257.839,1.024
257.869,1.025
257.899,1.032
257.929,1.038
257.959,1.023
257.989,1.018
258.019,1.031
258.049,1.048
258.079,1.052
258.109,1.061
258.139,1.054
258.169,1.056
258.199,1.033
258.229,1.044
258.259,1.021
258.289,1.043
258.319,1.044
258.349,1.047
258.379,1.044
258.409,1.054
258.439,1.050
258.469,1.042
258.499,1.042
258.529,1.044
258.559,1.021
258.589,1.021
258.619,1.021
258.649,1.025
258.679,1.024
258.709,1.029
258.739,1.017
258.769,1.018
258.799,1.018
258.829,1.029
258.859,1.007
258.889,0.991
258.919,1.012
258.949,1.051
258.979,1.002
259.009,0.982
259.039,0.988
259.069,0.972
259.099,0.973
259.129,0.988
259.159,0.978
259.189,1.008
259.219,1.015
259.249,1.013
259.279,1.004
259.309,1.003
259.339,1.021
259.369,1.020
259.399,1.007
259.429,1.028
259.459,1.020
259.489,1.050
259.519,1.007
259.549,1.017
259.579,1.043
259.609,1.026
259.639,1.025
259.669,1.047
259.699,1.013
259.729,1.018
259.759,1.024
259.789,1.035
259.819,1.033
259.849,1.026
259.879,1.033
259.909,1.029
259.939,1.039
259.969,1.041
259.999,1.038
260.029,1.029
260.059,1.029
260.089,1.026
260.119,1.029
260.149,1.007
260.179,1.027
260.209,1.039
260.239,1.038
260.269,1.037
260.299,1.044
260.329,1.040
260.359,1.023
260.389,1.016
260.419,1.032
260.449,1.029
260.479,1.029
260.509,1.026
260.539,1.036
260.569,1.026
260.599,1.037
260.629,1.025
260.659,1.021
260.689,1.029
260.719,1.013
260.749,1.030
260.779,1.032
260.809,1.030
260.839,1.021
260.869,1.018
260.899,1.022
260.929,1.032
260.959,1.021
260.989,1.037
261.019,1.035
261.049,1.021
261.079,0.988
261.109,0.968
261.139,0.982
261.169,0.981
261.199,0.991
261.229,1.025
261.259,1.031
261.289,1.028
261.319,1.063
261.349,1.096
261.379,1.048
261.409,1.035
261.439,1.044
261.469,1.010
261.499,1.013
261.529,1.021
261.559,1.024
261.589,1.027
261.619,1.028
261.649,1.046
261.679,1.057
261.709,1.035
261.739,1.047
261.769,1.041
261.799,1.053
261.829,1.047
261.859,1.044
261.889,1.050
261.919,1.043
261.949,1.062
261.979,1.051
262.009,1.050
262.039,1.059
262.069,1.050
262.099,1.054
262.129,1.061
262.159,1.052
262.189,1.051
262.219,1.058
262.249,1.057
262.279,1.054
262.309,1.061
262.339,1.053
262.369,1.050
262.399,1.063
262.429,1.050
262.459,1.046
262.489,1.058
262.519,1.041
262.549,1.050
262.579,1.044
262.609,1.044
262.639,1.042
262.669,1.041
262.699,1.031
262.729,1.041
262.759,1.048
262.789,1.040
262.819,1.032
262.849,1.032
262.879,1.038
262.909,1.049
262.939,1.053
262.969,1.058
262.999,1.041
263.029,1.044
263.059,1.043
263.089,1.049
263.119,1.053
263.149,1.056
263.179,1.053
263.209,1.050
263.239,1.060
263.269,1.045
263.299,1.050
263.329,1.048
263.359,1.048
263.389,1.047
263.419,1.051
263.449,1.047
263.479,1.046
263.509,1.052
263.539,1.057
263.569,1.051
263.599,1.052
263.629,1.055
263.659,1.049
263.689,1.046
263.719,1.049
263.749,1.054
263.779,1.049
263.809,1.053
263.839,1.057
263.869,1.047
263.899,1.055
263.929,1.053
263.959,1.053
263.989,1.051
264.019,1.052
264.049,1.044
264.079,1.055
264.109,1.050
264.139,1.055
264.169,1.057
264.199,1.045
264.229,1.045
264.259,1.050
264.289,1.047
264.319,1.056
264.349,1.052
264.379,1.055
264.409,1.047
264.439,1.050
264.469,1.056
264.499,1.050
264.529,1.058
264.559,1.050
264.589,1.045
264.619,1.048
264.649,1.054
264.679,1.050
264.709,1.053
264.739,1.044
264.769,1.046
264.799,1.053
264.829,1.049
264.859,1.057
264.889,1.047
264.919,1.048
264.949,1.039
264.979,1.045
265.009,1.054
265.039,1.052
265.069,1.052
265.099,1.056
265.129,1.048
265.159,1.049
265.189,1.063
265.219,1.049
265.249,1.056
265.279,1.052
265.309,1.055
265.339,1.055
265.369,1.051
265.399,1.049
265.429,1.051
265.459,1.052
265.489,1.049
265.519,1.056
265.549,1.050
265.579,1.059
265.609,1.059
265.639,1.050
265.669,1.053
265.699,1.047
265.729,1.053
265.759,1.051
265.789,1.058
265.819,1.056
265.849,1.053
265.879,1.054
265.909,1.050
265.939,1.048
265.969,1.050
265.999,1.037
266.029,1.039
266.059,1.046
266.089,1.055
266.119,1.053
266.149,1.065
266.179,1.063
266.209,1.062
266.239,1.057
266.269,1.063
266.299,1.068
266.329,1.065
266.359,1.070
266.389,1.064
266.419,1.078
266.449,1.073
266.479,1.061
266.509,1.087
266.539,1.102
266.569,1.120
266.599,1.178
266.629,1.166
266.659,1.074
266.689,1.031
266.719,0.944
266.749,0.926
266.779,0.945
266.809,0.981
266.839,0.994
266.869,1.021
266.899,1.018
266.929,0.980
266.959,1.029
266.989,1.013
267.019,1.013
267.049,0.994
267.079,1.017
267.109,1.021
267.139,1.010
267.169,1.041
267.199,1.016
267.229,1.025
267.259,1.017
267.289,1.027
267.319,1.042
267.349,1.021
267.379,1.027
267.409,1.034
267.439,1.029
267.469,1.040
267.499,1.030
267.529,1.016
267.559,1.029
267.589,1.020
267.619,1.026
267.649,1.025
267.679,1.025
267.709,1.031
267.739,1.029
267.769,1.016
267.799,1.005
267.829,1.017
267.859,1.024
267.889,1.011
267.919,1.025
267.949,1.040
267.979,1.021
268.009,1.019
268.039,1.022
268.069,1.022
268.099,1.015
268.129,1.016
268.159,1.012
268.189,1.026
268.219,1.026
268.249,1.031
268.279,1.033
268.309,1.018
268.339,1.021
268.369,1.024
268.399,1.036
268.429,1.040
268.459,1.055
268.489,1.043
268.519,1.045
268.549,1.042
268.579,1.036
268.609,1.053
268.639,1.042
268.669,1.034
268.699,1.042
268.729,1.014
268.759,1.023
268.789,1.006
268.819,0.981
268.849,0.997
268.879,0.984
268.909,0.981
268.939,1.002
268.969,1.003
268.999,0.998
269.029,0.996
269.059,0.990
269.089,0.993
269.119,0.981
269.149,1.004
269.179,1.009
269.209,1.003
269.239,1.013
269.269,1.001
269.299,1.013
269.329,1.000
269.359,0.988
269.389,0.996
269.419,1.018
269.449,0.990
269.479,1.012
269.509,1.045
269.539,0.998
269.569,1.026
269.599,1.039
269.629,1.034
269.659,1.042
269.689,1.022
269.719,1.031
269.749,1.021
269.779,0.982
269.809,1.007
269.839,1.033
269.869,1.010
269.899,0.999
269.929,1.014
269.959,1.023
269.989,1.023
270.019,1.050
270.049,1.027
270.079,1.021
270.109,1.043
270.139,1.047
270.169,1.038
270.199,1.067
270.229,1.043
270.259,1.053
270.289,1.081
270.319,1.050
270.349,1.033
270.379,1.046
270.409,1.054
270.439,1.049
270.469,1.043
270.499,1.074
270.529,1.063
270.559,1.062
270.589,1.038
270.619,1.028
270.649,1.034
270.679,1.024
270.709,1.028
270.739,1.031
270.769,1.049
270.799,1.059
270.829,1.076
270.859,1.069
270.889,1.056
270.919,1.067
270.949,1.060
270.979,1.058
271.009,1.059
271.039,1.053
271.069,1.058
271.099,1.063
271.129,1.063
271.159,1.062
271.189,1.059
271.219,1.052
271.249,1.059
271.279,1.058
271.309,1.056
271.339,1.056
271.369,1.058
271.399,1.046
271.429,1.047
271.459,1.052
271.489,1.054
271.519,1.058
271.549,1.053
271.579,1.054
271.609,1.049
271.639,1.054
271.669,1.055
271.699,1.052
271.729,1.061
271.759,1.057
271.789,1.047
271.819,1.050
271.849,1.055
271.879,1.058
271.909,1.056
271.939,1.053
271.969,1.050
271.999,1.062
272.029,1.053
272.059,1.053
272.089,1.044
272.119,1.056
272.149,1.056
272.179,1.053
272.209,1.050
272.239,1.051
272.269,1.047
272.299,1.052
272.329,1.049
272.359,1.050
272.389,1.051
272.419,1.057
272.449,1.060
272.479,1.056
272.509,1.051
272.539,1.056
272.569,1.052
272.599,1.060
272.629,1.048
272.659,1.049
272.689,1.052
272.719,1.052
272.749,1.059
272.779,1.055
272.809,1.055
272.839,1.050
272.869,1.048
272.899,1.052
272.929,1.062
272.959,1.056
272.989,1.054
273.019,1.049
273.049,1.049
273.079,1.058
273.109,1.062
273.139,1.056
273.169,1.053
273.199,1.054
273.229,1.055
273.259,1.055
273.289,1.055
273.319,1.054
273.349,1.061
273.379,1.051
273.409,1.049
273.439,1.044
273.469,1.061
273.499,1.051
273.529,1.054
273.559,1.059
273.589,1.061
273.619,1.056
273.649,1.056
273.679,1.060
273.709,1.047
273.739,1.054
273.769,1.050
273.799,1.056
273.829,1.056
273.859,1.060
273.889,1.051
273.919,1.050
273.949,1.039
273.979,1.037
274.009,1.053
274.039,1.024
274.069,1.103
274.099,1.124
274.129,1.073
274.159,1.054
274.189,1.037
274.219,0.998
274.249,0.939
274.279,1.004
274.309,1.040
274.339,1.067
274.369,1.066
274.399,1.076
274.429,1.081
274.459,1.081
274.489,1.082
274.519,1.040
274.549,1.055
274.579,1.077
274.609,1.053
274.639,1.060
274.669,1.055
274.699,1.050
274.729,1.093
274.759,1.079
274.789,1.061
274.819,1.063
274.849,1.038
274.879,1.051
274.909,1.058
274.939,1.075
274.969,1.052
274.999,1.031
275.029,1.048
275.059,1.050
275.089,1.026
275.119,1.031
275.149,1.056
275.179,1.033
275.209,1.021
275.239,1.068
275.269,1.071
275.299,1.062
275.329,1.069
275.359,1.046
275.389,1.084
275.419,1.070
275.449,1.055
275.479,1.060
275.509,1.069
275.539,1.059
275.569,1.054
275.599,1.053
275.629,1.052
275.659,1.055
275.689,1.052
275.719,1.066
275.749,1.063
275.779,1.053
275.809,1.051
275.839,1.054
275.869,1.057
275.899,1.048
275.929,1.062
275.959,1.058
275.989,1.053
276.019,1.062
276.049,1.060
276.079,1.055
276.109,1.049
276.139,1.053
276.169,1.056
276.199,1.055
276.229,1.049
276.259,1.059
276.289,1.059
276.319,1.058
276.349,1.045
276.379,1.054
276.409,1.060
276.439,1.050
276.469,1.058
276.499,1.058
276.529,1.048
276.559,1.053
276.589,1.054
276.619,1.057
276.649,1.058
276.679,1.054
276.709,1.055
276.739,1.054
276.769,1.051
276.799,1.059
276.829,1.057
276.859,1.048
276.889,1.059
276.919,1.058
276.949,1.056
276.979,1.054
277.009,1.058
277.039,1.058
277.069,1.055
277.099,1.064
277.129,1.057
277.159,1.053
277.189,1.059
277.219,1.063
277.249,1.063
277.279,1.064
277.309,1.062
277.339,1.073
277.369,1.077
277.399,1.075
277.429,1.083
277.459,1.075
277.489,1.071
277.519,1.062
277.549,1.023
277.579,1.062
277.609,1.077
277.639,1.044
277.669,1.082
277.699,1.056
277.729,1.059
277.759,1.045
277.789,1.035
277.819,1.043
277.849,1.019
277.879,1.029
277.909,1.035
277.939,1.029
277.969,1.038
277.999,1.042
278.029,1.033
278.059,1.041
278.089,1.053
278.119,1.054
278.149,1.049
278.179,1.059
278.209,1.062
278.239,1.047
278.269,1.041
278.299,1.041
278.329,1.022
278.359,1.052
278.389,1.034
278.419,1.025
278.449,1.029
278.479,1.028
278.509,1.010
278.539,1.036
278.569,1.023
278.599,1.056
278.629,1.066
278.659,1.063
278.689,1.078
278.719,1.073
278.749,1.081
278.779,1.063
278.809,1.060
278.839,1.043
278.869,1.064
278.899,1.028
278.929,1.017
278.959,1.031
278.989,1.037
279.019,1.027
279.049,1.041
279.079,1.039
279.109,1.043
279.139,1.026
279.169,1.016
279.199,1.033
279.229,1.015
279.259,0.993
279.289,1.018
279.319,1.049
279.349,1.022
279.379,1.038
279.409,1.045
279.439,1.037
279.469,1.066
279.499,1.031
279.529,1.057
279.559,1.058
279.589,1.043
279.619,1.040
279.649,1.066
279.679,1.066
279.709,1.071
279.739,1.074
279.769,1.057
279.799,1.062
279.829,1.067
279.859,1.070
279.889,1.065
279.919,1.062
279.949,1.058
279.979,1.065
280.009,1.061
280.039,1.062
280.069,1.057
280.099,1.054
280.129,1.053
280.159,1.046
280.189,1.047
280.219,1.051
280.249,1.050
280.279,1.053
280.309,1.055
280.339,1.053
280.369,1.054
280.399,1.053
280.429,1.052
280.459,1.050
280.489,1.051
280.519,1.049
280.549,1.066
280.579,1.050
280.609,1.052
280.639,1.057
280.669,1.051
280.699,1.045
280.729,1.054
280.759,1.056
280.789,1.048
280.819,1.058
280.849,1.048
280.879,1.058
280.909,1.054
280.939,1.050
280.969,1.060
280.999,1.050
281.029,1.046
281.059,1.042
281.089,1.061
281.119,1.049
281.149,1.050
281.179,1.062
281.209,1.050
281.239,1.055
281.269,1.056
281.299,1.052
281.329,1.046
281.359,1.052
281.389,1.055
281.419,1.055
281.449,1.052
281.479,1.052
281.509,1.055
281.539,1.054
281.569,1.060
281.599,1.045
281.629,1.058
281.659,1.063
281.689,1.051
281.719,1.059
281.749,1.056
281.779,1.047
281.809,1.054
281.839,1.053
281.869,1.051
281.899,1.048
281.929,1.056
281.959,1.047
281.989,1.053
282.019,1.057
282.049,1.054
282.079,1.057
282.109,1.055
282.139,1.055
282.169,1.052
282.199,1.056
282.229,1.048
282.259,1.054
282.289,1.056
282.319,1.056
282.349,1.047
282.379,1.052
282.409,1.058
282.439,1.053
282.469,1.051
282.499,1.055
282.529,1.061
282.559,1.049
282.589,1.054
282.619,1.051
282.649,1.051
282.679,1.046
282.709,1.050
282.739,1.041
282.769,1.043
282.799,1.046
282.829,1.053
282.859,1.053
282.889,1.035
282.919,1.045
282.949,1.032
282.979,1.024
283.009,1.021
283.039,1.021
283.069,1.044
283.099,1.070
283.129,1.094
283.159,1.063
283.189,1.053
283.219,1.052
283.249,1.062
283.279,1.054
283.309,1.049
283.339,1.043
283.369,1.048
283.399,1.047
283.429,1.046
283.459,1.021
283.489,1.032
283.519,1.039
283.549,1.032
283.579,1.044
283.609,1.037
283.639,1.044
283.669,1.035
283.699,1.025
283.729,1.032
283.759,1.039
283.789,1.027
283.819,1.043
283.849,1.029
283.879,1.026
283.909,1.017
283.939,1.021
283.969,1.024
283.999,1.014
284.029,1.045
284.059,1.029
284.089,1.008
284.119,1.026
284.149,1.021
284.179,1.046
284.209,1.029
284.239,1.036
284.269,1.037
284.299,1.018
284.329,1.019
284.359,1.013
284.389,1.027
284.419,1.024
284.449,1.031
284.479,1.035
284.509,1.042
284.539,1.037
284.569,1.025
284.599,1.014
284.629,1.022
284.659,1.029
284.689,1.029
284.719,1.034
284.749,1.026
284.779,1.034
284.809,1.025
284.839,1.021
284.869,1.007
284.899,1.014
284.929,1.011
284.959,1.027
284.989,1.007
285.019,1.035
285.049,1.036
285.079,1.038
285.109,1.046
285.139,1.035
285.169,1.040
285.199,1.026
285.229,1.037
285.259,1.043
285.289,1.028
285.319,1.041
285.349,1.046
285.379,1.050
285.409,1.004
285.439,1.042
285.469,1.016
285.499,1.041
285.529,1.018
285.559,1.022
285.589,1.031
285.619,1.037
285.649,1.025
285.679,1.075
285.709,1.057
285.739,1.046
285.769,1.064
285.799,1.020
285.829,1.057
285.859,1.045
285.889,1.059
285.919,1.072
285.949,1.059
285.979,1.064
286.009,1.062
286.039,1.042
286.069,1.065
286.099,1.056
286.129,1.040
286.159,1.056
286.189,1.060
286.219,1.057
286.249,1.069
286.279,1.080
286.309,1.065
286.339,1.068
286.369,1.067
286.399,1.064
286.429,1.064
286.459,1.068
286.489,1.062
286.519,1.058
286.549,1.059
286.579,1.053
286.609,1.048
286.639,1.051
286.669,1.061
286.699,1.060
286.729,1.056
286.759,1.051
286.789,1.049
286.819,1.059
286.849,1.055
286.879,1.049
286.909,1.061
286.939,1.058
286.969,1.052
286.999,1.055
287.029,1.058
287.059,1.061
287.089,1.057
287.119,1.053
287.149,1.057
287.179,1.060
287.209,1.060
287.239,1.063
287.269,1.062
287.299,1.054
287.329,1.052
287.359,1.065
287.389,1.058
287.419,1.059
287.449,1.049
287.479,1.053
287.509,1.061
287.539,1.055
287.569,1.062
287.599,1.056
287.629,1.059
287.659,1.055
287.689,1.053
287.719,1.051
287.749,1.055
287.779,1.060
287.809,1.059
287.839,1.059
287.869,1.056
287.899,1.057
287.929,1.061
287.959,1.061
287.989,1.060
288.019,1.049
288.049,1.053
288.079,1.056
288.109,1.055
288.139,1.075
288.169,1.063
288.199,1.057
288.229,1.053
288.259,1.052
288.289,1.059
288.319,1.055
288.349,1.061
288.379,1.054
288.409,1.059
288.439,1.055
288.469,1.057
288.499,1.058
288.529,1.057
288.559,1.059
288.589,1.054
288.619,1.054
288.649,1.051
288.679,1.048
288.709,1.058
288.739,1.059
288.769,1.060
288.799,1.060
288.829,1.056
288.859,1.059
288.889,1.053
288.919,1.061
288.949,1.058
288.979,1.060
289.009,1.062
289.039,1.052
289.069,1.062
289.099,1.060
289.129,1.062
289.159,1.057
289.189,1.051
289.219,1.052
289.249,1.052
289.279,1.062
289.309,1.062
289.339,1.062
289.369,1.055
289.399,1.056
289.429,1.055
289.459,1.049
289.489,1.049
289.519,1.060
289.549,1.057
289.579,1.056
289.609,1.059
289.639,1.057
289.669,1.063
289.699,1.063
289.729,1.058
289.759,1.060
289.789,1.058
289.819,1.058
289.849,1.060
289.879,1.060
289.909,1.060
289.939,1.061
289.969,1.056
289.999,1.057
290.029,1.054
290.059,1.051
290.089,1.061
290.119,1.057
290.149,1.059
290.179,1.057
290.209,1.057
290.239,1.061
290.269,1.060
290.299,1.060
290.329,1.060
290.359,1.053
290.389,1.059
290.419,1.058
290.449,1.062
290.479,1.060
290.509,1.058
290.539,1.061
290.569,1.062
290.599,1.055
290.629,1.054
290.659,1.057
290.689,1.065
290.719,1.055
290.749,1.056
290.779,1.060
290.809,1.059
290.839,1.057
290.869,1.057
290.899,1.063
290.929,1.049
290.959,1.055
290.989,1.059
291.019,1.059
291.049,1.063
291.079,1.059
291.109,1.062
291.139,1.063
291.169,1.055
291.199,1.062
291.229,1.056
291.259,1.064
291.289,1.063
291.319,1.062
291.349,1.067
291.379,1.059
291.409,1.060
291.439,1.059
291.469,1.058
291.499,1.059
291.529,1.058
291.559,1.056
291.589,1.055
291.619,1.062
291.649,1.062
291.679,1.057
291.709,1.059
291.739,1.057
291.769,1.058
291.799,1.059
291.829,1.061
291.859,1.054
291.889,1.056
291.919,1.057
291.949,1.053
291.979,1.053
292.009,1.051
292.039,1.058
292.069,1.052
292.099,1.048
292.129,1.055
292.159,1.054
292.189,1.062
292.219,1.059
292.249,1.054
292.279,1.060
292.309,1.054
292.339,1.053
292.369,1.058
292.399,1.052
292.429,1.060
292.459,1.055
292.489,1.068
292.519,1.067
292.549,1.062
292.579,1.068
292.609,1.078
292.639,1.071
292.669,1.065
292.699,1.061
292.729,1.062
292.759,1.064
292.789,1.062
292.819,1.062
292.849,1.062
292.879,1.054
292.909,1.050
292.939,1.072
292.969,1.067
292.999,1.059
293.029,1.059
293.059,1.067
293.089,1.070
293.119,1.058
293.149,1.042
293.179,1.060
293.209,1.068
293.239,1.066
293.269,1.060
293.299,1.060
293.329,1.057
293.359,1.065
293.389,1.061
293.419,1.055
293.449,1.058
293.479,1.059
293.509,1.060
293.539,1.056
293.569,1.062
293.599,1.063
293.629,1.060
293.659,1.061
293.689,1.067
293.719,1.061
293.749,1.059
293.779,1.054
293.809,1.063
293.839,1.064
293.869,1.055
293.899,1.058
293.929,1.063
293.959,1.067
293.989,1.057
294.019,1.056
294.049,1.061
294.079,1.064
294.109,1.056
294.139,1.059
294.169,1.065
294.199,1.061
294.229,1.063
294.259,1.062
294.289,1.062
294.319,1.056
294.349,1.060
294.379,1.064
294.409,1.054
294.439,1.061
294.469,1.064
294.499,1.064
294.529,1.062
294.559,1.054
294.589,1.055
294.619,1.062
294.649,1.063
294.679,1.065
294.709,1.060
294.739,1.066
294.769,1.069
294.799,1.068
294.829,1.068
294.859,1.071
294.889,1.065
294.919,1.059
294.949,1.070
294.979,1.074
295.009,1.071
295.039,1.063
295.069,1.061
295.099,1.063
295.129,1.062
295.159,1.068
295.189,1.080
295.219,1.082
295.249,1.079
295.279,1.068
295.309,1.069
295.339,1.058
295.369,1.044
295.399,1.057
295.429,1.041
295.459,1.046
295.489,1.046
295.519,1.024
295.549,1.035
295.579,1.044
295.609,1.041
295.639,1.045
295.669,1.029
295.699,1.050
295.729,1.046
295.759,1.039
295.789,1.052
295.819,1.046
295.849,1.035
295.879,1.044
295.909,1.037
295.939,1.032
295.969,1.034
295.999,1.036
296.029,1.039
296.059,1.050
296.089,1.034
296.119,1.047
296.149,1.034
296.179,1.047
296.209,1.042
296.239,1.057
296.269,1.053
296.299,1.056
296.329,1.065
296.359,1.067
296.389,1.022
296.419,1.027
296.449,1.030
296.479,1.020
296.509,1.022
296.539,1.020
296.569,1.034
296.599,1.045
296.629,1.036
296.659,1.027
296.689,1.037
296.719,1.027
296.749,1.033
296.779,1.030
296.809,1.025
296.839,1.001
296.869,0.985
296.899,1.003
296.929,0.963
296.959,0.989
296.989,0.995
297.019,1.025
297.049,1.001
297.079,0.997
297.109,1.037
297.139,1.049
297.169,1.021
297.199,1.038
297.229,1.059
297.259,1.036
297.289,1.064
297.319,1.049
297.349,1.058
297.379,1.065
297.409,1.069
297.439,1.059
297.469,1.055
297.499,1.062
297.529,1.068
297.559,1.071
297.589,1.064
297.619,1.067
297.649,1.062
297.679,1.062
297.709,1.053
297.739,1.053
297.769,1.061
297.799,1.064
297.829,1.043
297.859,1.041
297.889,1.041
297.919,1.029
297.949,1.020
297.979,1.002
298.009,1.021
298.039,1.009
298.069,1.029
298.099,1.056
298.129,1.044
298.159,1.048
298.189,1.048
298.219,1.053
298.249,1.048
298.279,1.040
298.309,1.052
298.339,1.055
298.369,1.053
298.399,1.062
298.429,1.058
298.459,1.046
298.489,1.039
298.519,1.049
298.549,1.050
298.579,1.051
298.609,1.049
298.639,1.048
298.669,1.046
298.699,1.049
298.729,1.054
298.759,1.060
298.789,1.054
298.819,1.047
298.849,1.050
298.879,1.053
298.909,1.057
298.939,1.056
298.969,1.048
298.999,1.049
299.029,1.045
299.059,1.050
299.089,1.052
299.119,1.053
299.149,1.062
299.179,1.057
299.209,1.050
299.239,1.057
299.269,1.048
299.299,1.049
299.329,1.044
299.359,1.054
299.389,1.056
299.419,1.052
299.449,1.055
299.479,1.052
299.509,1.049
299.539,1.051
299.569,1.044
299.599,1.048
299.629,1.052
299.659,1.053
299.689,1.054
299.719,1.052
299.749,1.048
299.779,1.053
299.809,1.050
299.839,1.048
299.869,1.045
299.899,1.044
299.929,1.052
299.959,1.050
299.989,1.055
300.019,1.047
300.049,1.058
300.079,1.047
300.109,1.044
300.139,1.049
300.169,1.050
300.199,1.051
300.229,1.049
300.259,1.052
300.289,1.052
300.319,1.054
300.349,1.053
300.379,1.050
300.409,1.043
300.439,1.041
300.469,1.050
300.499,1.054
300.529,1.049
300.559,1.059
300.589,1.051
300.619,1.052
300.649,1.051
300.679,1.050
300.709,1.038
300.739,1.056
300.769,1.047
300.799,1.055
300.829,1.055
300.859,1.064
300.889,1.054
300.919,1.043
300.949,1.057
300.979,1.046
301.009,1.054
301.039,1.052
301.069,1.058
301.099,1.047
301.129,1.058
301.159,1.052
301.189,1.052
301.219,1.049
301.249,1.048
301.279,1.049
301.309,1.055
301.339,1.053
301.369,1.051
301.399,1.056
301.429,1.054
301.459,1.051
301.489,1.056
301.519,1.051
301.549,1.051
301.579,1.049
301.609,1.050
301.639,1.052
301.669,1.055
301.699,1.055
301.729,1.055
301.759,1.049
301.789,1.049
301.819,1.048
301.849,1.056
301.879,1.046
301.909,1.047
301.939,1.058
301.969,1.048
301.999,1.044
302.029,1.055
302.059,1.050
302.089,1.057
302.119,1.040
302.149,1.046
302.179,1.043
302.209,1.042
302.239,1.052
302.269,1.054
302.299,1.051
302.329,1.054
302.359,1.059
302.389,1.061
302.419,1.056
302.449,1.062
302.479,1.053
302.509,1.049
302.539,1.056
302.569,1.058
302.599,1.050
302.629,1.052
302.659,1.047
302.689,1.054
302.719,1.050
302.749,1.054
302.779,1.047
302.809,1.059
302.839,1.056
302.869,1.049
302.899,1.052
302.929,1.051
302.959,1.051
302.989,1.048
303.019,1.064
303.049,1.046
303.079,1.057
303.109,1.056
303.139,1.051
303.169,1.046
303.199,1.055
303.229,1.053
303.259,1.042
303.289,1.050
303.319,1.054
303.349,1.052
303.379,1.048
303.409,1.056
303.439,1.047
303.469,1.052
303.499,1.054
303.529,1.048
303.559,1.045
303.589,1.056
303.619,1.049
303.649,1.050
303.679,1.055
303.709,1.050
303.739,1.050
303.769,1.055
303.799,1.053
303.829,1.054
303.859,1.044
303.889,1.047
303.919,1.054
303.949,1.051
303.979,1.060
304.009,1.050
304.039,1.054
304.069,1.053
304.099,1.050
304.129,1.051
304.159,1.051
304.189,1.059
304.219,1.050
304.249,1.053
304.279,1.053
304.309,1.046
304.339,1.062
304.369,1.051
304.399,1.053
304.429,1.044
304.459,1.048
304.489,1.049
304.519,1.053
304.549,1.053
304.579,1.050
304.609,1.056
304.639,1.052
304.669,1.048
304.699,1.056
304.729,1.047
304.759,1.053
304.789,1.047
304.819,1.044
304.849,1.059
304.879,1.052
304.909,1.056
304.939,1.058
304.969,1.050
304.999,1.046
305.029,1.044
305.059,1.046
305.089,1.046
305.119,1.050
305.149,1.054
305.179,1.050
305.209,1.054
305.239,1.054
305.269,1.049
305.299,1.053
305.329,1.054
305.359,1.055
305.389,1.053
305.419,1.056
305.449,1.054
305.479,1.055
305.509,1.055
305.539,1.048
305.569,1.054
305.599,1.044
305.629,1.051
305.659,1.051
305.689,1.051
305.719,1.060
305.749,1.051
305.779,1.052
305.809,1.050
305.839,1.048
305.869,1.047
305.899,1.052
305.929,1.057
305.959,1.056
305.989,1.056
306.019,1.049
306.049,1.050
306.079,1.047
306.109,1.048
306.139,1.041
306.169,1.062
306.199,1.044
306.229,1.047
306.259,1.050
306.289,1.057
306.319,1.056
306.349,1.036
306.379,1.065
306.409,1.036
306.439,1.045
306.469,1.017
306.499,1.049
306.529,1.025
306.559,1.050
306.589,1.047
306.619,1.055
306.649,1.068
306.679,1.068
306.709,1.073
306.739,1.080
306.769,1.062
306.799,1.077
306.829,1.078
306.859,1.055
306.889,1.078
306.919,1.080
306.949,1.066
306.979,1.080
307.009,1.075
307.039,1.087
307.069,1.072
307.099,1.080
307.129,1.066
307.159,1.068
307.189,1.060
307.219,1.062
307.249,1.036
307.279,1.048
307.309,1.043
307.339,1.038
307.369,1.040
307.399,1.030
307.429,1.014
307.459,1.003
307.489,1.022
307.519,1.019
307.549,1.012
307.579,1.028
307.609,1.002
307.639,1.028
307.669,1.021
307.699,0.997
307.729,1.024
307.759,1.017
307.789,1.005
307.819,1.017
307.849,1.008
307.879,1.020
307.909,1.021
307.939,1.035
307.969,1.025
307.999,1.033
308.029,1.023
308.059,1.027
308.089,1.033
308.119,1.023
308.149,1.032
308.179,1.043
308.209,1.035
308.239,1.039
308.269,1.031
308.299,1.025
308.329,1.042
308.359,1.040
308.389,1.021
308.419,1.033
308.449,1.025
308.479,1.035
308.509,1.034
308.539,1.033
308.569,1.035
308.599,1.037
308.629,1.039
308.659,1.041
308.689,1.035
308.719,1.032
308.749,1.025
308.779,1.040
308.809,1.030
308.839,1.041
308.869,1.039
308.899,1.028
308.929,1.042
308.959,1.033
308.989,1.031
309.019,1.036
309.049,1.034
309.079,1.041
309.109,1.036
309.139,1.029
309.169,1.039
309.199,1.034
309.229,1.038
309.259,1.036
309.289,1.031
309.319,1.039
309.349,1.031
309.379,1.040
309.409,1.038
309.439,1.032
309.469,1.037
309.499,1.037
309.529,1.031
309.559,1.030
309.589,1.032
309.619,1.033
309.649,1.034
309.679,1.039
309.709,1.034
309.739,1.036
309.769,1.038
309.799,1.030
309.829,1.026
309.859,1.029
309.889,1.044
309.919,1.031
309.949,1.032
309.979,1.037
310.009,1.047
310.039,1.035
310.069,1.032
310.099,1.037
310.129,1.032
310.159,1.037
310.189,1.036
310.219,1.033
310.249,1.035
310.279,1.032
310.309,1.035
310.339,1.036
310.369,1.033
310.399,1.038
310.429,1.030
310.459,1.044
310.489,1.027
310.519,1.030
310.549,1.042
310.579,1.037
310.609,1.032
310.639,1.040
310.669,1.027
310.699,1.040
310.729,1.026
310.759,1.031
310.789,1.038
310.819,1.033
310.849,1.036
310.879,1.036
310.909,1.030
310.939,1.034
310.969,1.038
310.999,1.033
311.029,1.034
311.059,1.038
311.089,1.028
311.119,1.034
311.149,1.036
311.179,1.032
311.209,1.042
311.239,1.034
311.269,1.038
311.299,1.043
311.329,1.028
311.359,1.032
311.389,1.035
311.419,1.042
311.449,1.032
311.479,1.043
311.509,1.037
311.539,1.035
311.569,1.040
311.599,1.035
311.629,1.031
311.659,1.034
311.689,1.039
311.719,1.036
311.749,1.037
311.779,1.040
311.809,1.038
311.839,1.041
311.869,1.040
311.899,1.033
311.929,1.041
311.959,1.035
311.989,1.033
312.019,1.034
312.049,1.044
312.079,1.036
312.109,1.035
312.139,1.039
312.169,1.037
312.199,1.035
312.229,1.038
312.259,1.037
312.289,1.038
312.319,1.039
312.349,1.040
312.379,1.039
312.409,1.041
312.439,1.032
312.469,1.041
312.499,1.041
312.529,1.036
312.559,1.032
312.589,1.033
312.619,1.034
312.649,1.039
312.679,1.035
312.709,1.026
312.739,1.036
312.769,1.024
312.799,1.019
312.829,1.039
312.859,1.023
312.889,1.029
312.919,1.042
312.949,1.032
312.979,1.030
313.009,1.045
313.039,1.035
313.069,1.044
313.099,1.047
313.129,1.050
313.159,1.052
313.189,1.054
313.219,1.056
313.249,1.062
313.279,1.041
313.309,1.061
313.339,1.048
313.369,1.049
313.399,1.045
313.429,1.042
313.459,1.036
313.489,1.046
313.519,1.042
313.549,1.041
313.579,1.039
313.609,1.039
313.639,1.046
313.669,1.043
313.699,1.042
313.729,1.047
313.759,1.045
313.789,1.051
313.819,1.047
313.849,1.050
313.879,1.046
313.909,1.040
313.939,1.041
313.969,1.040
313.999,1.043
314.029,1.042
314.059,1.032
314.089,1.036
314.119,1.033
314.149,1.040
314.179,1.030
314.209,1.038
314.239,1.033
314.269,1.051
314.299,1.041
314.329,1.042
314.359,1.049
314.389,1.045
314.419,1.046
314.449,1.043
314.479,1.061
314.509,1.054
314.539,1.048
314.569,1.062
314.599,1.060
314.629,1.047
314.659,1.061
314.689,1.062
314.719,1.052
314.749,1.061
314.779,1.049
314.809,1.053
314.839,1.048
314.869,1.052
314.899,1.048
314.929,1.057
314.959,1.052
314.989,1.051
315.019,1.046
315.049,1.059
315.079,1.044
315.109,1.059
315.139,1.053
315.169,1.048
315.199,1.053
315.229,1.047
315.259,1.057
315.289,1.053
315.319,1.051
315.349,1.053
315.379,1.052
315.409,1.050
315.439,1.047
315.469,1.051
315.499,1.055
315.529,1.045
315.559,1.049
315.589,1.053
315.619,1.047
315.649,1.054
315.679,1.044
315.709,1.058
315.739,1.061
315.769,1.054
315.799,1.064
315.829,1.062
315.859,1.061
315.889,1.062
315.919,1.061
315.949,1.052
315.979,1.055
316.009,1.049
316.039,1.056
316.069,1.060
316.099,1.054
316.129,1.056
316.159,1.049
316.189,1.057
316.219,1.055
316.249,1.058
316.279,1.059
316.309,1.054
316.339,1.051
316.369,1.043
316.399,1.054
316.429,1.056
316.459,1.050
316.489,1.056
316.519,1.058
316.549,1.054
316.579,1.053
316.609,1.053
316.639,1.059
316.669,1.056
316.699,1.059
316.729,1.065
316.759,1.059
316.789,1.067
316.819,1.064
316.849,1.057
316.879,1.052
316.909,1.060
316.939,1.087
316.969,1.070
316.999,1.088
317.029,1.094
317.059,1.086
317.089,1.082
317.119,1.069
317.149,1.053
317.179,1.046
317.209,1.050
317.239,1.055
317.269,1.038
317.299,1.034
317.329,1.033
317.359,1.041
317.389,1.032
317.419,1.033
317.449,1.066
317.479,1.059
317.509,1.050
317.539,1.044
317.569,1.052
317.599,1.027
317.629,1.031
317.659,1.044
317.689,1.033
317.719,1.024
317.749,1.021
317.779,1.029
317.809,1.028
317.839,1.021
317.869,1.014
317.899,1.023
317.929,1.026
317.959,1.042
317.989,1.044
318.019,1.037
318.049,1.049
318.079,1.032
318.109,1.031
318.139,1.027
318.169,1.015
318.199,1.000
318.229,1.011
318.259,1.009
318.289,1.008
318.319,1.009
318.349,1.009
318.379,1.014
318.409,1.012
318.439,1.007
318.469,1.026
318.499,1.028
318.529,1.024
318.559,1.022
318.589,1.004
318.619,1.013
318.649,1.000
318.679,0.992
318.709,0.997
318.739,1.010
318.769,0.987
318.799,0.995
318.829,1.001
318.859,1.019
318.889,1.046
318.919,1.050
318.949,1.055
318.979,1.055
319.009,1.077
319.039,1.061
319.069,1.061
319.099,1.078
319.129,1.061
319.159,1.059
319.189,1.056
319.219,1.038
319.249,1.049
319.279,1.042
319.309,1.032
319.339,1.038
319.369,1.028
319.399,1.039
319.429,1.033
319.459,1.035
319.489,1.041
319.519,1.031
319.549,1.037
319.579,1.038
319.609,1.032
319.639,1.025
319.669,1.042
319.699,1.028
319.729,1.037
319.759,1.042
319.789,1.033
319.819,1.033
319.849,1.034
319.879,1.027
319.909,1.039
319.939,1.028
319.969,1.031
319.999,1.031
320.029,1.040
320.059,1.033
320.089,1.036
320.119,1.036
320.149,1.030
320.179,1.033
320.209,1.034
320.239,1.032
320.269,1.033
320.299,1.040
320.329,1.041
320.359,1.034
320.389,1.031
320.419,1.036
320.449,1.035
320.479,1.035
320.509,1.030
320.539,1.035
320.569,1.032
320.599,1.036
320.629,1.039
320.659,1.029
320.689,1.036
320.719,1.035
320.749,1.034
320.779,1.027
320.809,1.039
320.839,1.033
320.869,1.038
320.899,1.036
320.929,1.035
320.959,1.031
320.989,1.036
321.019,1.030
321.049,1.035
321.079,1.032
321.109,1.036
321.139,1.031
321.169,1.036
321.199,1.040
321.229,1.028
321.259,1.035
321.289,1.033
321.319,1.032
321.349,1.038
321.379,1.030
321.409,1.032
321.439,1.035
321.469,1.031
321.499,1.041
321.529,1.029
321.559,1.035
321.589,1.035
321.619,1.040
321.649,1.032
321.679,1.034
321.709,1.040
321.739,1.035
321.769,1.035
321.799,1.042
321.829,1.032
321.859,1.036
321.889,1.036
321.919,1.035
321.949,1.033
321.979,1.039
322.009,1.039
322.039,1.032
322.069,1.040
322.099,1.037
322.129,1.034
322.159,1.033
322.189,1.032
322.219,1.035
322.249,1.031
322.279,1.040
322.309,1.032
322.339,1.039
322.369,1.040
322.399,1.035
322.429,1.032
322.459,1.038
322.489,1.037
322.519,1.037
322.549,1.042
322.579,1.044
322.609,1.048
322.639,1.045
322.669,1.039
322.699,1.038
322.729,1.054
322.759,1.037
322.789,1.030
322.819,1.036
322.849,1.021
322.879,1.015
322.909,1.022
322.939,1.040
322.969,1.028
322.999,1.038
323.029,1.068
323.059,1.083
323.089,1.062
323.119,1.068
323.149,1.062
323.179,1.040
323.209,1.045
323.239,1.041
323.269,1.035
323.299,1.034
323.329,1.027
323.359,1.015
323.389,1.028
323.419,1.024
323.449,1.025
323.479,1.046
323.509,1.043
323.539,1.047
323.569,1.057
323.599,1.035
323.629,1.033
323.659,1.031
323.689,1.029
323.719,1.031
323.749,1.016
323.779,1.025
323.809,1.038
323.839,1.056
323.869,1.042
323.899,1.035
323.929,1.045
323.959,1.022
323.989,1.021
324.019,1.020
324.049,1.014
324.079,1.019
324.109,1.015
324.139,1.015
324.169,1.008
324.199,1.008
324.229,1.022
324.259,1.033
324.289,1.022
324.319,1.016
324.349,1.044
324.379,1.024
324.409,1.021
324.439,1.020
324.469,1.022
324.499,1.017
324.529,1.014
324.559,1.046
324.589,1.030
324.619,1.030
324.649,1.055
324.679,1.049
324.709,1.044
324.739,1.032
324.769,1.042
324.799,1.052
324.829,1.050
324.859,1.059
324.889,1.062
324.919,1.053
324.949,1.062
324.979,1.062
325.009,1.054
325.039,1.060
325.069,1.060
325.099,1.053
325.129,1.050
325.159,1.050
325.189,1.057
325.219,1.044
325.249,1.046
325.279,1.043
325.309,1.043
325.339,1.043
325.369,1.046
325.399,1.047
325.429,1.041
325.459,1.047
325.489,1.043
325.519,1.042
325.549,1.037
325.579,1.040
325.609,1.042
325.639,1.043
325.669,1.044
325.699,1.043
325.729,1.041
325.759,1.050
325.789,1.037
325.819,1.046
325.849,1.046
325.879,1.038
325.909,1.045
325.939,1.044
325.969,1.048
325.999,1.045
326.029,1.042
326.059,1.042
326.089,1.041
326.119,1.036
326.149,1.039
326.179,1.051
326.209,1.045
326.239,1.042
326.269,1.050
326.299,1.045
326.329,1.044
326.359,1.041
326.389,1.039
326.419,1.040
326.449,1.042
326.479,1.044
326.509,1.042
326.539,1.043
326.569,1.045
326.599,1.041
326.629,1.044
326.659,1.045
326.689,1.038
326.719,1.053
326.749,1.039
326.779,1.039
326.809,1.054
326.839,1.041
326.869,1.040
326.899,1.053
326.929,1.039
326.959,1.042
326.989,1.045
327.019,1.039
327.049,1.039
327.079,1.048
327.109,1.047
327.139,1.044
327.169,1.044
327.199,1.039
327.229,1.042
327.259,1.044
327.289,1.047
327.319,1.041
327.349,1.046
327.379,1.046
327.409,1.043
327.439,1.050
327.469,1.044
327.499,1.040
327.529,1.047
327.559,1.038
327.589,1.048
327.619,1.045
327.649,1.040
327.679,1.041
327.709,1.041
327.739,1.042
327.769,1.040
327.799,1.040
327.829,1.042
327.859,1.049
327.889,1.046
327.919,1.040
327.949,1.042
327.979,1.047
328.009,1.046
328.039,1.041
328.069,1.039
328.099,1.046
328.129,1.042
328.159,1.048
328.189,1.042
328.219,1.039
328.249,1.053
328.279,1.042
328.309,1.039
328.339,1.043
328.369,1.049
328.399,1.038
328.429,1.050
328.459,1.045
328.489,1.038
328.519,1.047
328.549,1.046
328.579,1.041
328.609,1.047
328.639,1.039
328.669,1.046
328.699,1.038
328.729,1.041
328.759,1.044
328.789,1.045
328.819,1.050
328.849,1.040
328.879,1.044
328.909,1.048
328.939,1.044
328.969,1.037
328.999,1.046
329.029,1.048
329.059,1.043
329.089,1.038
329.119,1.050
329.149,1.034
329.179,1.048
329.209,1.043
329.239,1.041
329.269,1.037
329.299,1.046
329.329,1.045
329.359,1.044
329.389,1.046
329.419,1.044
329.449,1.042
329.479,1.043
329.509,1.054
329.539,1.042
329.569,1.045
329.599,1.054
329.629,1.039
329.659,1.048
329.689,1.037
329.719,1.036
329.749,1.043
329.779,1.038
329.809,1.048
329.839,1.044
329.869,1.038
329.899,1.043
329.929,1.026
329.959,1.046
329.989,1.042
330.019,1.048
330.049,1.043
330.079,1.044
330.109,1.047
330.139,1.042
330.169,1.041
330.199,1.043
330.229,1.043
330.259,1.040
330.289,1.042
330.319,1.044
330.349,1.041
330.379,1.057
330.409,1.047
330.439,1.052
330.469,1.043
330.499,1.039
330.529,1.042
330.559,1.041
330.589,1.060
330.619,1.045
330.649,1.061
330.679,1.058
330.709,1.057
330.739,1.061
330.769,1.047
330.799,1.054
330.829,1.047
330.859,1.051
330.889,1.051
330.919,1.048
330.949,1.055
330.979,1.045
331.009,1.047
331.039,1.059
331.069,1.048
331.099,1.053
331.129,1.047
331.159,1.049
331.189,1.057
331.219,1.055
331.249,1.054
331.279,1.051
331.309,1.055
331.339,1.049
331.369,1.051
331.399,1.050
331.429,1.054
331.459,1.044
331.489,1.046
331.519,1.058
331.549,1.045
331.579,1.052
331.609,1.062
331.639,1.043
331.669,1.046
331.699,1.054
331.729,1.045
331.759,1.045
331.789,1.044
331.819,1.049
331.849,1.051
331.879,1.056
331.909,1.045
331.939,1.052
331.969,1.057
331.999,1.049
332.029,1.047
332.059,1.040
332.089,1.051
332.119,1.051
332.149,1.051
332.179,1.053
332.209,1.050
332.239,1.046
332.269,1.050
332.299,1.056
332.329,1.055
332.359,1.041
332.389,1.053
332.419,1.044
332.449,1.052
332.479,1.057
332.509,1.051
332.539,1.055
332.569,1.048
332.599,1.053
332.629,1.059
332.659,1.048
332.689,1.048
332.719,1.046
332.749,1.051
332.779,1.058
332.809,1.048
332.839,1.051
332.869,1.054
332.899,1.051
332.929,1.055
332.959,1.048
332.989,1.050
333.019,1.051
333.049,1.054
333.079,1.053
333.109,1.050
333.139,1.059
333.169,1.044
333.199,1.047
333.229,1.052
333.259,1.050
333.289,1.048
333.319,1.042
333.349,1.051
333.379,1.054
333.409,1.048
333.439,1.054
333.469,1.052
333.499,1.053
333.529,1.048
333.559,1.050
333.589,1.053
333.619,1.042
333.649,1.051
333.679,1.044
333.709,1.062
333.739,1.056
333.769,1.050
333.799,1.048
333.829,1.050
333.859,1.055
333.889,1.050
333.919,1.045
333.949,1.057
333.979,1.049
334.009,1.050
334.039,1.054
334.069,1.050
334.099,1.050
334.129,1.054
334.159,1.048
334.189,1.049
334.219,1.046
334.249,1.053
334.279,1.046
334.309,1.054
334.339,1.054
334.369,1.050
334.399,1.054
334.429,1.051
334.459,1.055
334.489,1.050
334.519,1.046
334.549,1.055
334.579,1.055
334.609,1.044
334.639,1.059
334.669,1.047
334.699,1.048
334.729,1.056
334.759,1.046
334.789,1.051
334.819,1.049
334.849,1.054
334.879,1.046
334.909,1.049
334.939,1.053
334.969,1.053
334.999,1.049
335.029,1.047
335.059,1.052
335.089,1.046
335.119,1.050
335.149,1.059
335.179,1.042
335.209,1.051
335.239,1.062
335.269,1.053
335.299,1.048
335.329,1.049
335.359,1.046
335.389,1.052
335.419,1.046
335.449,1.049
335.479,1.053
335.509,1.054
335.539,1.051
335.569,1.054
335.599,1.055
335.629,1.052
335.659,1.046
335.689,1.048
335.719,1.052
335.749,1.049
335.779,1.056
335.809,1.046
335.839,1.053
335.869,1.046
335.899,1.052
335.929,1.049
335.959,1.054
335.989,1.045
336.019,1.046
336.049,1.055
336.079,1.057
336.109,1.053
336.139,1.050
336.169,1.047
336.199,1.059
336.229,1.048
336.259,1.048
336.289,1.048
336.319,1.053
336.349,1.052
336.379,1.051
336.409,1.053
336.439,1.050
336.469,1.052
336.499,1.055
336.529,1.055
336.559,1.058
336.589,1.048
336.619,1.048
336.649,1.040
336.679,1.049
336.709,1.048
336.739,1.050
336.769,1.055
336.799,1.056
336.829,1.043
336.859,1.049
336.889,1.046
336.919,1.052
336.949,1.049
336.979,1.051
337.009,1.057
337.039,1.049
337.069,1.050
337.099,1.060
337.129,1.050
337.159,1.051
337.189,1.050
337.219,1.048
337.249,1.049
337.279,1.042
337.309,1.059
337.339,1.049
337.369,1.052
337.399,1.053
337.429,1.046
337.459,1.052
337.489,1.049
337.519,1.050
337.549,1.051
337.579,1.047
337.609,1.047
337.639,1.062
337.669,1.055
337.699,1.048
337.729,1.047
337.759,1.053
337.789,1.057
337.819,1.057
337.849,1.039
337.879,1.049
337.909,1.049
337.939,1.054
337.969,1.052
337.999,1.048
338.029,1.054
338.059,1.054
338.089,1.046
338.119,1.054
338.149,1.054
338.179,1.049
338.209,1.053
338.239,1.054
338.269,1.057
338.299,1.053
338.329,1.056
338.359,1.066
338.389,1.058
338.419,1.048
338.449,1.055
338.479,1.053
338.509,1.043
338.539,1.050
338.569,1.054
338.599,1.079
338.629,1.059
338.659,1.122
338.689,1.090
338.719,1.039
338.749,1.067
338.779,1.014
338.809,1.012
338.839,1.000
338.869,1.059
338.899,1.091
338.929,1.064
338.959,1.083
338.989,1.047
339.019,1.063
339.049,1.023
339.079,1.059
339.109,1.073
339.139,1.129
339.169,1.138
339.199,1.128
339.229,1.110
339.259,1.139
339.289,1.131
339.319,1.096
339.349,1.086
339.379,1.030
339.409,1.034
339.439,1.000
339.469,1.030
339.499,1.030
339.529,0.999
339.559,1.053
339.589,1.020
339.619,1.011
339.649,1.071
339.679,0.993
339.709,1.025
339.739,1.064
339.769,1.062
339.799,1.053
339.829,1.109
339.859,1.037
339.889,1.016
339.919,1.023
339.949,1.019
339.979,1.050
340.009,1.006
340.039,0.996
340.069,1.008
340.099,0.990
340.129,1.018
340.159,0.997
340.189,0.971
340.219,1.005
340.249,0.976
340.279,0.987
340.309,1.045
340.339,1.041
340.369,1.057
340.399,1.107
340.429,1.082
340.459,1.055
340.489,1.070
340.519,1.117
340.549,1.109
340.579,1.140
340.609,1.108
340.639,1.072
340.669,1.036
340.699,1.006
340.729,0.976
340.759,0.996
340.789,0.978
340.819,1.005
340.849,1.008
340.879,1.030
340.909,1.056
340.939,1.011
340.969,1.007
340.999,1.021
341.029,1.016
341.059,1.019
341.089,1.020
341.119,1.015
341.149,1.033
341.179,1.024
341.209,1.024
341.239,1.023
341.269,1.024
341.299,0.998
341.329,1.025
341.359,1.023
341.389,1.001
341.419,0.997
341.449,1.017
341.479,1.035
341.509,1.010
341.539,0.996
341.569,0.997
341.599,1.007
341.629,0.971
341.659,1.004
341.689,1.020
341.719,1.011
341.749,1.004
341.779,1.022
341.809,1.017
341.839,1.042
341.869,1.056
341.899,1.078
341.929,1.088
341.959,1.067
341.989,1.060
342.019,1.047
342.049,1.085
342.079,1.082
342.109,1.068
342.139,1.080
342.169,1.068
342.199,1.056
342.229,1.053
342.259,1.067
342.289,1.058
342.319,1.064
342.349,1.052
342.379,1.040
342.409,1.040
342.439,1.049
342.469,1.039
342.499,1.052
342.529,1.050
342.559,1.060
342.589,1.044
342.619,1.042
342.649,1.065
342.679,1.040
342.709,1.042
342.739,1.056
342.769,1.044
342.799,1.046
342.829,1.054
342.859,1.060
342.889,1.046
342.919,1.042
342.949,1.046
342.979,1.053
343.009,1.046
343.039,1.051
343.069,1.051
343.099,1.048
343.129,1.053
343.159,1.051
343.189,1.043
343.219,1.045
343.249,1.044
343.279,1.042
343.309,1.045
343.339,1.052
343.369,1.051
343.399,1.046
343.429,1.043
343.459,1.049
343.489,1.043
343.519,1.042
343.549,1.048
343.579,1.047
343.609,1.051
343.639,1.053
343.669,1.043
343.699,1.049
343.729,1.053
343.759,1.039
343.789,1.040
343.819,1.050
343.849,1.046
343.879,1.053
343.909,1.046
343.939,1.049
343.969,1.044
343.999,1.045
344.029,1.050
344.059,1.041
344.089,1.048
344.119,1.041
344.149,1.051
344.179,1.049
344.209,1.040
344.239,1.044
344.269,1.044
344.299,1.038
344.329,1.031
344.359,1.040
344.389,1.043
344.419,1.045
344.449,1.045
344.479,1.049
344.509,1.040
344.539,1.050
344.569,1.062
344.599,1.050
344.629,1.053
344.659,1.056
344.689,1.055
344.719,1.052
344.749,1.060
344.779,1.067
344.809,1.060
344.839,1.054
344.869,1.052
344.899,1.044
344.929,1.052
344.959,1.046
344.989,1.050
345.019,1.048
345.049,1.046
345.079,1.050
345.109,1.052
345.139,1.051
345.169,1.051
345.199,1.046
345.229,1.055
345.259,1.056
345.289,1.051
345.319,1.051
345.349,1.050
345.379,1.040
345.409,1.044
345.439,1.044
345.469,1.038
345.499,1.038
345.529,1.049
345.559,1.058
345.589,1.056
345.619,1.055
345.649,1.047
345.679,1.052
345.709,1.052
345.739,1.053
345.769,1.058
345.799,1.073
345.829,1.063
345.859,1.058
345.889,1.061
345.919,1.054
345.949,1.064
345.979,1.058
346.009,1.060
346.039,1.056
346.069,1.060
346.099,1.063
346.129,1.054
346.159,1.058
346.189,1.052
346.219,1.055
346.249,1.037
346.279,1.042
346.309,1.044
346.339,1.053
346.369,1.062
346.399,1.054
346.429,1.057
346.459,1.060
346.489,1.060
346.519,1.058
346.549,1.055
346.579,1.062
346.609,1.048
346.639,1.067
346.669,1.061
346.699,1.053
346.729,1.053
346.759,1.055
346.789,1.056
346.819,1.056
346.849,1.054
346.879,1.054
346.909,1.053
346.939,1.055
346.969,1.052
346.999,1.059
347.029,1.056
347.059,1.057
347.089,1.065
347.119,1.057
347.149,1.052
347.179,1.043
347.209,1.062
347.239,1.048
347.269,1.059
347.299,1.063
347.329,1.057
347.359,1.051
347.389,1.058
347.419,1.052
347.449,1.060
347.479,1.048
347.509,1.058
347.539,1.055
347.569,1.052
347.599,1.057
347.629,1.052
347.659,1.055
347.689,1.057
347.719,1.056
347.749,1.058
347.779,1.054
347.809,1.062
347.839,1.063
347.869,1.058
347.899,1.053
347.929,1.056
347.959,1.055
347.989,1.066
348.019,1.087
348.049,1.072
348.079,1.090
348.109,1.074
348.139,1.049
348.169,1.071
348.199,1.062
348.229,1.088
348.259,1.064
348.289,1.054
348.319,1.058
348.349,1.065
348.379,1.068
348.409,1.062
348.439,1.045
348.469,1.034
348.499,1.027
348.529,1.025
348.559,1.042
348.589,1.034
348.619,1.045
348.649,1.022
348.679,1.031
348.709,1.028
348.739,1.025
348.769,1.029
348.799,1.014
348.829,1.030
348.859,1.029
348.889,1.021
348.919,1.026
348.949,1.022
348.979,1.035
349.009,1.071
349.039,1.068
349.069,1.073
349.099,1.057
349.129,1.054
349.159,1.014
349.189,1.009
349.219,1.010
349.249,1.038
349.279,1.032
349.309,1.057
349.339,1.035
349.369,1.005
349.399,0.997
349.429,0.994
349.459,1.025
349.489,1.039
349.519,1.048
349.549,1.044
349.579,1.011
349.609,1.005
349.639,1.012
349.669,1.012
349.699,1.052
349.729,1.060
349.759,1.046
349.789,1.028
349.819,0.999
349.849,1.024
349.879,1.047
349.909,1.036
349.939,1.041
349.969,1.056
349.999,1.038
350.029,1.020
350.059,1.035
350.089,1.017
350.119,1.021
350.149,1.014
350.179,1.036
350.209,1.026
350.239,1.019
350.269,1.032
350.299,0.996
350.329,1.000
350.359,1.003
350.389,1.014
350.419,1.030
350.449,1.062
350.479,1.051
350.509,1.039
350.539,1.017
350.569,1.000
350.599,1.015
350.629,1.005
350.659,1.018
350.689,1.046
350.719,1.025
350.749,1.055
350.779,1.068
350.809,1.038
350.839,1.025
350.869,1.021
350.899,1.010
350.929,1.023
350.959,1.044
350.989,1.065
351.019,1.041
351.049,1.030
351.079,1.038
351.109,1.025
351.139,1.031
351.169,1.032
351.199,1.056
351.229,1.082
351.259,1.076
351.289,1.038
351.319,1.030
351.349,1.029
351.379,1.026
351.409,1.060
351.439,1.057
351.469,1.057
351.499,1.039
351.529,0.979
351.559,0.995
351.589,1.024
351.619,1.045
351.649,1.072
351.679,1.080
351.709,1.048
351.739,1.034
351.769,1.047
351.799,1.053
351.829,1.074
351.859,1.072
351.889,1.069
351.919,1.056
351.949,1.053
351.979,1.045
352.009,1.047
352.039,1.057
352.069,1.046
352.099,1.050
352.129,1.047
352.159,1.048
352.189,1.045
352.219,1.054
352.249,1.066
352.279,1.049
352.309,1.056
352.339,1.044
352.369,1.046
352.399,1.059
352.429,1.056
352.459,1.042
352.489,1.059
352.519,1.052
352.549,1.051
352.579,1.058
352.609,1.046
352.639,1.047
352.669,1.056
352.699,1.048
352.729,1.055
352.759,1.049
352.789,1.050
352.819,1.055
352.849,1.051
352.879,1.045
352.909,1.058
352.939,1.056
352.969,1.048
352.999,1.050
353.029,1.052
353.059,1.055
353.089,1.045
353.119,1.053
353.149,1.049
353.179,1.049
353.209,1.062
353.239,1.054
353.269,1.050
353.299,1.049
353.329,1.053
353.359,1.054
353.389,1.049
353.419,1.057
353.449,1.053
353.479,1.049
353.509,1.049
353.539,1.051
353.569,1.055
353.599,1.054
353.629,1.052
353.659,1.052
353.689,1.044
353.719,1.051
353.749,1.056
353.779,1.053
353.809,1.056
353.839,1.057
353.869,1.045
353.899,1.056
353.929,1.047
353.959,1.053
353.989,1.042
354.019,1.047
354.049,1.054
354.079,1.060
354.109,1.059
354.139,1.054
354.169,1.053
354.199,1.048
354.229,1.053
354.259,1.053
354.289,1.048
354.319,1.053
354.349,1.050
354.379,1.058
354.409,1.057
354.439,1.050
354.469,1.052
354.499,1.050
354.529,1.048
354.559,1.048
354.589,1.050
354.619,1.052
354.649,1.050
354.679,1.060
354.709,1.052
354.739,1.057
354.769,1.051
354.799,1.053
354.829,1.044
354.859,1.052
354.889,1.055
354.919,1.050
354.949,1.058
354.979,1.051
355.009,1.053
355.039,1.051
355.069,1.041
355.099,1.061
355.129,1.047
355.159,1.054
355.189,1.048
355.219,1.047
355.249,1.054
355.279,1.057
355.309,1.058
355.339,1.062
355.369,1.056
355.399,1.059
355.429,1.055
355.459,1.051
355.489,1.054
355.519,1.054
355.549,1.060
355.579,1.062
355.609,1.062
355.639,1.059
355.669,1.061
355.699,1.064
355.729,1.057
355.759,1.056
355.789,1.056
355.819,1.053
355.849,1.050
355.879,1.049
355.909,1.043
355.939,1.062
355.969,1.050
355.999,1.060
356.029,1.055
356.059,1.064
356.089,1.060
356.119,1.058
356.149,1.054
356.179,1.052
356.209,1.050
356.239,1.047
356.269,1.046
356.299,1.044
356.329,1.036
356.359,1.046
356.389,1.037
356.419,1.041
356.449,1.054
356.479,1.036
356.509,1.044
356.539,1.039
356.569,1.038
356.599,1.045
356.629,1.025
356.659,1.038
356.689,1.036
356.719,1.023
356.749,1.032
356.779,1.034
356.809,1.035
356.839,1.033
356.869,1.028
356.899,1.042
356.929,1.033
356.959,1.031
356.989,1.008
357.019,1.017
357.049,1.023
357.079,1.025
357.109,1.025
357.139,1.025
357.169,1.035
357.199,1.026
357.229,1.037
357.259,1.043
357.289,1.047
357.319,1.056
357.349,1.063
357.379,1.056
357.409,1.075
357.439,1.061
357.469,1.060
357.499,1.044
357.529,1.056
357.559,1.051
357.589,1.061
357.619,1.060
357.649,1.060
357.679,1.048
357.709,1.052
357.739,1.047
357.769,1.055
357.799,1.048
357.829,1.058
357.859,1.057
357.889,1.066
357.919,1.059
357.949,1.061
357.979,1.059
358.009,1.055
358.039,1.055
358.069,1.056
358.099,1.059
358.129,1.059
358.159,1.062
358.189,1.061
358.219,1.058
358.249,1.058
358.279,1.057
358.309,1.049
358.339,1.056
358.369,1.053
358.399,1.062
358.429,1.060
358.459,1.066
358.489,1.059
358.519,1.059
358.549,1.057
358.579,1.051
358.609,1.055
358.639,1.057
358.669,1.060
358.699,1.054
358.729,1.060
358.759,1.055
358.789,1.057
358.819,1.054
358.849,1.054
358.879,1.056
358.909,1.054
358.939,1.055
358.969,1.054
358.999,1.054
359.029,1.055
359.059,1.056
359.089,1.055
359.119,1.051
359.149,1.045
359.179,1.041
359.209,1.047
359.239,1.038
359.269,1.047
359.299,1.054
359.329,1.060
359.359,1.061
359.389,1.065
359.419,1.069
359.449,1.068
359.479,1.069
359.509,1.067
359.539,1.058
359.569,1.061
359.599,1.067
359.629,1.064
359.659,1.064
359.689,1.065
359.719,1.071
359.749,1.068
359.779,1.055
359.809,1.054
359.839,1.059
359.869,1.058
359.899,1.057
359.929,1.059
359.959,1.059
359.989,1.055
360.019,1.053
360.049,1.058
360.079,1.054
360.109,1.062
360.139,1.060
360.169,1.056
360.199,1.057
360.229,1.062
360.259,1.057
360.289,1.059
360.319,1.060
360.349,1.067
360.379,1.065
360.409,1.058
360.439,1.061
360.469,1.056
360.499,1.056
360.529,1.060
360.559,1.057
360.589,1.063
360.619,1.059
360.649,1.064
360.679,1.058
360.709,1.059
360.739,1.059
360.769,1.061
360.799,1.060
360.829,1.060
360.859,1.060
360.889,1.062
360.919,1.062
360.949,1.060
360.979,1.060
361.009,1.059
361.039,1.059
361.069,1.059
361.099,1.062
361.129,1.054
361.159,1.061
361.189,1.058
361.219,1.063
361.249,1.062
361.279,1.062
361.309,1.061
361.339,1.055
361.369,1.057
361.399,1.061
361.429,1.061
361.459,1.062
361.489,1.058
361.519,1.060
361.549,1.065
361.579,1.062
361.609,1.065
361.639,1.061
361.669,1.056
361.699,1.056
361.729,1.060
361.759,1.054
361.789,1.057
361.819,1.062
361.849,1.057
361.879,1.057
361.909,1.060
361.939,1.057
361.969,1.058
361.999,1.060
362.029,1.057
362.059,1.056
362.089,1.060
362.119,1.061
362.149,1.058
362.179,1.058
362.209,1.062
362.239,1.062
362.269,1.057
362.299,1.060
362.329,1.057
362.359,1.062
362.389,1.062
362.419,1.064
362.449,1.060
362.479,1.058
362.509,1.058
362.539,1.056
362.569,1.059
362.599,1.055
362.629,1.052
362.659,1.058
362.689,1.055
362.719,1.064
362.749,1.071
362.779,1.064
362.809,1.077
362.839,1.073
362.869,1.072
362.899,1.078
362.929,1.072
362.959,1.073
362.989,1.073
363.019,1.088
363.049,1.082
363.079,1.072
363.109,1.079
363.139,1.062
363.169,1.049
363.199,1.037
363.229,1.022
363.259,1.027
363.289,0.988
363.319,1.018
363.349,1.034
363.379,1.086
363.409,1.112
363.439,1.104
363.469,1.122
363.499,1.104
363.529,1.123
363.559,1.093
363.589,1.080
363.619,1.081
363.649,1.095
363.679,1.051
363.709,1.038
363.739,1.042
363.769,1.030
363.799,0.994
363.829,1.022
363.859,1.026
363.889,1.045
363.919,1.059
363.949,1.013
363.979,1.013
364.009,1.023
364.039,0.983
364.069,1.010
364.099,1.013
364.129,0.972
364.159,1.009
364.189,1.035
364.219,1.010
364.249,1.000
364.279,1.048
364.309,1.043
364.339,1.006
364.369,1.041
364.399,1.045
364.429,1.041
364.459,1.035
364.489,1.036
364.519,1.054
364.549,1.021
364.579,1.035
364.609,1.051
364.639,1.049
364.669,1.038
364.699,1.049
364.729,1.043
364.759,1.018
364.789,1.059
364.819,1.056
364.849,1.039
364.879,1.035
364.909,1.024
364.939,1.002
364.969,1.001
364.999,1.017
365.029,1.036
365.059,0.996
365.089,1.051
365.119,1.027
365.149,1.051
365.179,1.017
365.209,1.023
365.239,1.011
365.269,0.988
365.299,1.014
365.329,1.015
365.359,1.048
365.389,1.066
365.419,1.055
365.449,1.069
365.479,1.062
365.509,1.067
365.539,1.060
365.569,1.062
365.599,1.079
365.629,1.062
365.659,1.069
365.689,1.078
365.719,1.073
365.749,1.078
365.779,1.074
365.809,1.055
365.839,1.056
365.869,1.047
365.899,1.043
365.929,1.056
365.959,1.061
365.989,1.051
366.019,1.049
366.049,1.055
366.079,1.055
366.109,1.049
366.139,1.046
366.169,1.052
366.199,1.045
366.229,1.060
366.259,1.048
366.289,1.046
366.319,1.060
366.349,1.054
366.379,1.056
366.409,1.060
366.439,1.056
366.469,1.044
366.499,1.049
366.529,1.056
366.559,1.053
366.589,1.054
366.619,1.052
366.649,1.049
366.679,1.050
366.709,1.051
366.739,1.048
366.769,1.055
366.799,1.048
366.829,1.045
366.859,1.052
366.889,1.054
366.919,1.049
366.949,1.053
366.979,1.049
367.009,1.044
367.039,1.049
367.069,1.046
367.099,1.054
367.129,1.053
367.159,1.058
367.189,1.052
367.219,1.054
367.249,1.054
367.279,1.051
367.309,1.051
367.339,1.043
367.369,1.051
367.399,1.049
367.429,1.059
367.459,1.059
367.489,1.056
367.519,1.056
367.549,1.045
367.579,1.050
367.609,1.053
367.639,1.055
367.669,1.058
367.699,1.052
367.729,1.056
367.759,1.051
367.789,1.054
367.819,1.055
367.849,1.044
367.879,1.051
367.909,1.043
367.939,1.060
367.969,1.050
367.999,1.055
368.029,1.059
368.059,1.052
368.089,1.050
368.119,1.049
368.149,1.053
368.179,1.056
368.209,1.052
368.239,1.057
368.269,1.054
368.299,1.050
368.329,1.054
368.359,1.051
368.389,1.055
368.419,1.049
368.449,1.052
368.479,1.054
368.509,1.055
368.539,1.053
368.569,1.057
368.599,1.053
368.629,1.057
368.659,1.059
368.689,1.048
368.719,1.041
368.749,1.049
368.779,1.053
368.809,1.058
368.839,1.058
368.869,1.054
368.899,1.049
368.929,1.052
368.959,1.059
368.989,1.058
369.019,1.054
369.049,1.049
369.079,1.060
369.109,1.052
369.139,1.050
369.169,1.051
369.199,1.050
369.229,1.058
369.259,1.063
369.289,1.076
369.319,1.101
369.349,1.102
369.379,1.105
369.409,1.092
369.439,1.105
369.469,1.101
369.499,1.079
369.529,1.106
369.559,1.088
369.589,1.043
369.619,1.065
369.649,1.064
369.679,1.059
369.709,1.042
369.739,1.074
369.769,1.054
369.799,1.017
369.829,1.010
369.859,0.996
369.889,1.013
369.919,0.970
369.949,1.007
369.979,1.020
370.009,1.016
370.039,1.023
370.069,1.019
370.099,1.015
370.129,1.029
370.159,1.005
370.189,1.026
370.219,1.036
370.249,1.079
370.279,1.092
370.309,1.080
370.339,1.056
370.369,0.987
370.399,0.948
370.429,0.972
370.459,0.996
370.489,1.038
370.519,1.018
370.549,1.021
370.579,1.018
370.609,1.014
370.639,1.008
370.669,0.992
370.699,0.992
370.729,0.993
370.759,1.043
370.789,1.011
370.819,1.038
370.849,1.024
370.879,1.019
370.909,1.051
370.939,1.042
370.969,1.037
370.999,1.061
371.029,1.050
371.059,1.053
371.089,1.024
371.119,1.062
371.149,1.066
371.179,1.050
371.209,1.070
371.239,1.060
371.269,1.065
371.299,1.091
371.329,1.089
371.359,1.121
371.389,1.060
371.419,0.989
371.449,1.011
371.479,1.044
371.509,1.158
371.539,1.147
371.569,1.122
371.599,1.058
371.629,1.026
371.659,1.031
371.689,0.991
371.719,1.073
371.749,1.029
371.779,0.999
371.809,1.052
371.839,1.043
371.869,1.082
371.899,1.067
371.929,1.066
371.959,1.111
371.989,1.080
372.019,1.079
372.049,1.123
372.079,1.074
372.109,1.046
372.139,1.073
372.169,1.080
372.199,1.044
372.229,1.038
372.259,1.050
372.289,1.024
372.319,1.021
372.349,0.983
372.379,1.032
372.409,1.173
372.439,1.259
372.469,1.168
372.499,0.979
372.529,0.910
372.559,0.952
372.589,1.062
372.619,1.107
372.649,1.029
372.679,1.062
372.709,1.039
372.739,1.062
372.769,1.044
372.799,1.045
372.829,1.025
372.859,1.030
372.889,1.083
372.919,1.087
372.949,1.064
372.979,1.048
373.009,1.075
373.039,1.078
373.069,1.056
373.099,1.045
373.129,1.025
373.159,1.054
373.189,1.080
373.219,1.078
373.249,1.060
373.279,1.056
373.309,1.043
373.339,1.031
373.369,1.068
373.399,1.087
373.429,1.061
373.459,1.061
373.489,1.029
373.519,1.043
373.549,1.058
373.579,1.091
373.609,1.067
373.639,1.029
373.669,1.050
373.699,1.043
373.729,1.033
373.759,1.032
373.789,1.061
373.819,1.064
373.849,1.069
373.879,1.084
373.909,1.062
373.939,1.050
373.969,1.056
373.999,1.056
374.029,1.079
374.059,1.091
374.089,1.085
374.119,1.056
374.149,1.064
374.179,1.090
374.209,1.081
374.239,1.053
374.269,1.057
374.299,1.063
374.329,1.060
374.359,1.056
374.389,1.060
374.419,1.064
374.449,1.057
374.479,1.058
374.509,1.065
374.539,1.072
374.569,1.066
374.599,1.069
374.629,1.062
374.659,1.056
374.689,1.064
374.719,1.069
374.749,1.065
374.779,1.058
374.809,1.055
374.839,1.066
374.869,1.065
374.899,1.055
374.929,1.064
374.959,1.065
374.989,1.056
375.019,1.054
375.049,1.067
375.079,1.069
375.109,1.062
375.139,1.067
375.169,1.065
375.199,1.057
375.229,1.059
375.259,1.063
375.289,1.058
375.319,1.064
375.349,1.066
375.379,1.066
375.409,1.062
375.439,1.056
375.469,1.067
375.499,1.062
375.529,1.053
375.559,1.065
375.589,1.062
375.619,1.062
375.649,1.057
375.679,1.060
375.709,1.058
375.739,1.066
375.769,1.060
375.799,1.062
375.829,1.065
375.859,1.063
375.889,1.055
375.919,1.056
375.949,1.062
375.979,1.072
376.009,1.068
376.039,1.064
376.069,1.064
376.099,1.059
376.129,1.061
376.159,1.061
376.189,1.053
376.219,1.053
376.249,1.045
376.279,1.071
376.309,1.059
376.339,1.054
376.369,1.066
376.399,1.067
376.429,1.062
376.459,1.065
376.489,1.058
376.519,1.067
376.549,1.071
376.579,1.069
376.609,1.067
376.639,1.062
376.669,1.069
376.699,1.056
376.729,1.062
376.759,1.062
376.789,1.065
376.819,1.063
376.849,1.071
376.879,1.067
376.909,1.058
376.939,1.062
376.969,1.067
376.999,1.065
377.029,1.063
377.059,1.067
377.089,1.071
377.119,1.062
377.149,1.062
377.179,1.060
377.209,1.069
377.239,1.059
377.269,1.058
377.299,1.055
377.329,1.069
377.359,1.071
377.389,1.069
377.419,1.062
377.449,1.055
377.479,1.063
377.509,1.062
377.539,1.063
377.569,1.066
377.599,1.069
377.629,1.057
377.659,1.065
377.689,1.066
377.719,1.057
377.749,1.062
377.779,1.062
377.809,1.060
377.839,1.066
377.869,1.063
377.899,1.059
377.929,1.062
377.959,1.065
377.989,1.060
378.019,1.067
378.049,1.065
378.079,1.056
378.109,1.061
378.139,1.063
378.169,1.059
378.199,1.065
378.229,1.067
378.259,1.066
378.289,1.065
378.319,1.067
378.349,1.064
378.379,1.066
378.409,1.059
378.439,1.067
378.469,1.071
378.499,1.070
378.529,1.065
378.559,1.066
378.589,1.082
378.619,1.082
378.649,1.117
378.679,1.104
378.709,1.113
378.739,1.100
378.769,1.116
378.799,1.099
378.829,1.096
378.859,1.060
378.889,1.058
378.919,1.050
378.949,1.029
378.979,1.047
379.009,1.047
379.039,1.055
379.069,1.071
379.099,1.051
379.129,1.051
379.159,1.020
379.189,1.020
379.219,1.016
379.249,1.024
379.279,1.015
379.309,1.039
379.339,1.016
379.369,1.034
379.399,1.026
379.429,1.034
379.459,1.029
379.489,1.042
379.519,1.052
379.549,1.025
379.579,1.024
379.609,1.029
379.639,1.025
379.669,1.019
379.699,1.025
379.729,1.028
379.759,1.052
379.789,1.065
379.819,1.054
379.849,1.059
379.879,1.064
379.909,1.067
379.939,1.067
379.969,1.077
379.999,1.082
380.029,1.078
380.059,1.074
380.089,1.070
380.119,1.060
380.149,1.070
380.179,1.075
380.209,1.071
380.239,1.066
380.269,1.068
380.299,1.059
380.329,1.061
380.359,1.062
380.389,1.067
380.419,1.060
380.449,1.056
380.479,1.063
380.509,1.062
380.539,1.056
380.569,1.064
380.599,1.060
380.629,1.065
380.659,1.067
380.689,1.062
380.719,1.060
380.749,1.067
380.779,1.083
380.809,1.088
380.839,1.092
380.869,1.087
380.899,1.087
380.929,1.082
380.959,1.078
380.989,1.087
381.019,1.091
381.049,1.077
381.079,1.079
381.109,1.060
381.139,1.058
381.169,1.066
381.199,1.045
381.229,1.046
381.259,1.072
381.289,1.056
381.319,1.070
381.349,1.040
381.379,1.054
381.409,1.034
381.439,1.029
381.469,1.035
381.499,1.022
381.529,1.010
381.559,1.013
381.589,0.984
381.619,1.018
381.649,0.989
381.679,0.974
381.709,1.014
381.739,1.026
381.769,1.007
381.799,1.022
381.829,1.035
381.859,1.024
381.889,1.021
381.919,1.062
381.949,1.113
381.979,1.042
382.009,1.074
382.039,1.050
382.069,1.058
382.099,1.060
382.129,1.001
382.159,0.990
382.189,1.002
382.219,0.964
382.249,1.036
382.279,1.015
382.309,0.996
382.339,0.994
382.369,1.036
382.399,1.062
382.429,1.036
382.459,1.035
382.489,1.062
382.519,1.050
382.549,1.063
382.579,1.072
382.609,1.060
382.639,1.028
382.669,1.043
382.699,1.039
382.729,1.033
382.759,1.032
382.789,1.041
382.819,1.057
382.849,1.046
382.879,1.003
382.909,1.034
382.939,1.037
382.969,1.014
382.999,1.040
383.029,1.068
383.059,1.056
383.089,1.062
383.119,1.065
383.149,1.049
383.179,1.023
383.209,1.011
383.239,1.017
383.269,0.973
383.299,0.986
383.329,1.041
383.359,1.036
383.389,1.046
383.419,1.056
383.449,1.052
383.479,1.037
383.509,1.034
383.539,1.043
383.569,1.071
383.599,1.050
383.629,1.087
383.659,1.063
383.689,1.054
383.719,1.047
383.749,1.051
383.779,1.044
383.809,1.049
383.839,1.033
383.869,1.045
383.899,1.048
383.929,1.074
383.959,1.066
383.989,1.075
384.019,1.055
384.049,1.049
384.079,1.023
384.109,1.049
384.139,1.028
384.169,1.053
384.199,0.990
384.229,0.992
384.259,0.997
384.289,1.021
384.319,1.028
384.349,1.040
384.379,1.047
384.409,1.057
384.439,1.051
384.469,1.046
384.499,1.060
384.529,1.074
384.559,1.060
384.589,1.057
384.619,1.070
384.649,1.060
384.679,1.056
384.709,1.065
384.739,1.065
384.769,1.062
384.799,1.064
384.829,1.062
384.859,1.041
384.889,1.031
384.919,1.028
384.949,1.046
384.979,1.019
385.009,1.036
385.039,1.020
385.069,1.016
385.099,1.031
385.129,1.043
385.159,1.039
385.189,1.029
385.219,1.061
385.249,1.069
385.279,1.081
385.309,1.070
385.339,1.062
385.369,1.062
385.399,1.053
385.429,1.058
385.459,1.050
385.489,1.058
385.519,1.051
385.549,1.032
385.579,1.041
385.609,1.042
385.639,1.043
385.669,1.049
385.699,1.028
385.729,1.026
385.759,1.033
385.789,1.031
385.819,1.031
385.849,1.031
385.879,1.033
385.909,1.030
385.939,1.026
385.969,1.032
385.999,1.041
386.029,1.051
386.059,1.053
386.089,1.057
386.119,1.068
386.149,1.059
386.179,1.067
386.209,1.047
386.239,1.061
386.269,1.065
386.299,1.061
386.329,1.051
386.359,1.037
386.389,1.039
386.419,1.061
386.449,1.055
386.479,1.059
386.509,1.049
386.539,1.045
386.569,1.048
386.599,1.048
386.629,1.048
386.659,1.048
386.689,1.057
386.719,1.059
386.749,1.044
386.779,1.055
386.809,1.052
386.839,1.049
386.869,1.043
386.899,1.054
386.929,1.053
386.959,1.042
386.989,1.049
387.019,1.054
387.049,1.049
387.079,1.048
387.109,1.042
387.139,1.057
387.169,1.059
387.199,1.050
387.229,1.042
387.259,1.048
387.289,1.043
387.319,1.056
387.349,1.062
387.379,1.043
387.409,1.037
387.439,1.053
387.469,1.050
387.499,1.051
387.529,1.050
387.559,1.052
387.589,1.057
387.619,1.049
387.649,1.041
387.679,1.042
387.709,1.035
387.739,1.040
387.769,1.043
387.799,1.048
387.829,1.062
387.859,1.079
387.889,1.068
387.919,1.057
387.949,1.058
387.979,1.067
388.009,1.072
388.039,1.054
388.069,1.049
388.099,1.057
388.129,1.043
388.159,1.030
388.189,1.037
388.219,1.023
388.249,1.022
388.279,1.045
388.309,1.050
388.339,1.043
388.369,1.050
388.399,1.062
388.429,1.055
388.459,1.043
388.489,1.059
388.519,1.064
388.549,1.059
388.579,1.061
388.609,1.067
388.639,1.081
388.669,1.074
388.699,1.072
388.729,1.079
388.759,1.073
388.789,1.070
388.819,1.071
388.849,1.067
388.879,1.065
388.909,1.067
388.939,1.071
388.969,1.065
388.999,1.059
389.029,1.061
389.059,1.060
389.089,1.059
389.119,1.063
389.149,1.066
389.179,1.062
389.209,1.059
389.239,1.061
389.269,1.052
389.299,1.057
389.329,1.057
389.359,1.065
389.389,1.062
389.419,1.065
389.449,1.062
389.479,1.052
389.509,1.053
389.539,1.061
389.569,1.061
389.599,1.059
389.629,1.055
389.659,1.060
389.689,1.059
389.719,1.050
389.749,1.058
389.779,1.061
389.809,1.062
389.839,1.063
389.869,1.053
389.899,1.066
389.929,1.063
389.959,1.051
389.989,1.058
390.019,1.066
390.049,1.062
390.079,1.058
390.109,1.057
390.139,1.059
390.169,1.060
390.199,1.054
390.229,1.058
390.259,1.057
390.289,1.062
390.319,1.059
390.349,1.062
390.379,1.060
390.409,1.064
390.439,1.070
390.469,1.062
390.499,1.050
390.529,1.050
390.559,1.058
390.589,1.062
390.619,1.062
390.649,1.068
390.679,1.060
390.709,1.062
390.739,1.062
390.769,1.059
390.799,1.067
390.829,1.062
390.859,1.060
390.889,1.060
390.919,1.058
390.949,1.056
390.979,1.059
391.009,1.061
391.039,1.065
391.069,1.055
391.099,1.061
391.129,1.061
391.159,1.063
391.189,1.063
391.219,1.062
391.249,1.061
391.279,1.064
391.309,1.059
391.339,1.066
391.369,1.062
391.399,1.063
391.429,1.055
391.459,1.061
391.489,1.065
391.519,1.054
391.549,1.062
391.579,1.060
391.609,1.056
391.639,1.057
391.669,1.058
391.699,1.063
391.729,1.061
391.759,1.055
391.789,1.057
391.819,1.062
391.849,1.061
391.879,1.062
391.909,1.061
391.939,1.059
391.969,1.062
391.999,1.062
392.029,1.062
392.059,1.058
392.089,1.060
392.119,1.062
392.149,1.062
392.179,1.063
392.209,1.062
392.239,1.060
392.269,1.063
392.299,1.059
392.329,1.062
392.359,1.059
392.389,1.056
392.419,1.062
392.449,1.060
392.479,1.060
392.509,1.062
392.539,1.067
392.569,1.067
392.599,1.066
392.629,1.065
392.659,1.067
392.689,1.057
392.719,1.065
392.749,1.064
392.779,1.062
392.809,1.072
392.839,1.089
392.869,1.096
392.899,1.091
392.929,1.082
392.959,1.103
392.989,1.074
393.019,1.093
393.049,1.094
393.079,1.095
393.109,1.095
393.139,1.060
393.169,1.064
393.199,1.046
393.229,1.042
393.259,1.044
393.289,1.032
393.319,1.031
393.349,1.021
393.379,1.004
393.409,1.031
393.439,1.021
393.469,1.030
393.499,1.080
393.529,1.066
393.559,1.058
393.589,1.050
393.619,1.004
393.649,1.008
393.679,1.012
393.709,1.021
393.739,1.054
393.769,1.073
393.799,1.071
393.829,1.051
393.859,0.992
393.889,0.984
393.919,0.995
393.949,1.039
393.979,1.060
394.009,1.088
394.039,1.077
394.069,1.043
394.099,1.026
394.129,1.015
394.159,1.038
394.189,1.073
394.219,1.081
394.249,1.069
394.279,1.080
394.309,1.086
394.339,1.090
394.369,1.113
394.399,1.081
394.429,1.079
394.459,1.047
394.489,1.032
394.519,1.002
394.549,0.982
394.579,1.009
394.609,1.017
394.639,0.973
394.669,0.978
394.699,0.992
394.729,1.027
394.759,0.996
394.789,0.990
394.819,0.990
394.849,1.009
394.879,0.990
394.909,1.036
394.939,1.039
394.969,1.035
394.999,1.054
395.029,1.075
395.059,1.087
395.089,1.083
395.119,1.087
395.149,1.067
395.179,1.073
395.209,1.040
395.239,1.025
395.269,1.010
395.299,1.030
395.329,1.021
395.359,1.010
395.389,1.033
395.419,1.029
395.449,1.033
395.479,1.035
395.509,1.036
395.539,1.048
395.569,1.045
395.599,1.031
395.629,1.048
395.659,1.040
395.689,1.047
395.719,1.046
395.749,1.062
395.779,1.057
395.809,1.054
395.839,1.052
395.869,1.048
395.899,1.038
395.929,1.043
395.959,1.036
395.989,1.043
396.019,1.050
396.049,1.059
396.079,1.039
396.109,1.047
396.139,1.051
396.169,1.052
396.199,1.058
396.229,1.051
396.259,1.058
396.289,1.048
396.319,1.049
396.349,1.042
396.379,1.050
396.409,1.060
396.439,1.052
396.469,1.055
396.499,1.049
396.529,1.050
396.559,1.042
396.589,1.034
396.619,1.042
396.649,1.058
396.679,1.047
396.709,1.040
396.739,1.054
396.769,1.066
396.799,1.054
396.829,1.051
396.859,1.047
396.889,1.057
396.919,1.052
396.949,1.061
396.979,1.045
397.009,1.043
397.039,1.054
397.069,1.039
397.099,1.054
397.129,1.068
397.159,1.041
397.189,1.057
397.219,1.036
397.249,1.043
397.279,1.057
397.309,1.057
397.339,1.062
397.369,1.070
397.399,1.077
397.429,1.064
397.459,1.109
397.489,1.035
397.519,1.080
397.549,1.085
397.579,1.050
397.609,1.040
397.639,1.055
397.669,1.075
397.699,1.056
397.729,1.064
397.759,1.056
397.789,1.062
397.819,1.038
397.849,1.030
397.879,1.013
397.909,0.982
397.939,0.978
397.969,0.977
397.999,1.027
398.029,1.021
398.059,1.026
398.089,1.049
398.119,1.047
398.149,1.073
398.179,1.043
398.209,1.060
398.239,1.038
398.269,1.015
398.299,1.029
398.329,1.015
398.359,1.021
398.389,1.034
398.419,1.019
398.449,1.017
398.479,1.040
398.509,1.032
398.539,1.024
398.569,1.054
398.599,1.060
398.629,1.059
398.659,1.050
398.689,1.027
398.719,1.022
398.749,1.040
398.779,1.037
398.809,1.005
398.839,1.027
398.869,1.040
398.899,1.034
398.929,1.052
398.959,1.043
398.989,1.038
399.019,1.039
399.049,1.028
399.079,1.017
399.109,1.001
399.139,1.043
399.169,1.002
399.199,0.985
399.229,0.998
399.259,1.004
399.289,1.030
399.319,1.023
399.349,1.027
399.379,1.021
399.409,1.019
399.439,1.049
399.469,0.994
399.499,1.006
399.529,1.005
399.559,1.030
399.589,1.011
399.619,0.999
399.649,1.010
399.679,0.998
399.709,0.984
399.739,1.040
399.769,1.070
399.799,1.008
399.829,0.964
399.859,0.898
399.889,0.980
399.919,1.046
399.949,1.087
399.979,1.109
400.009,1.091
400.039,1.052
400.069,0.999
400.099,0.994
400.129,0.987
400.159,1.070
400.189,1.065
400.219,1.018
400.249,0.987
400.279,1.009
400.309,0.998
400.339,1.000
400.369,1.031
400.399,1.035
400.429,1.013
400.459,1.004
400.489,1.042
400.519,1.017
400.549,0.977
400.579,0.996
400.609,0.989
400.639,0.970
400.669,0.979
400.699,1.054
400.729,1.057
400.759,1.029
400.789,1.025
400.819,1.055
400.849,1.050
400.879,1.005
400.909,1.042
400.939,1.039
400.969,1.055
400.999,1.047
401.029,1.054
401.059,1.069
401.089,1.023
401.119,1.019
401.149,1.038
401.179,1.038
401.209,1.023
401.239,1.027
401.269,1.027
401.299,1.010
401.329,1.022
401.359,1.008
401.389,1.018
401.419,0.999
401.449,1.043
401.479,1.035
401.509,1.027
401.539,1.026
401.569,1.031
401.599,1.044
401.629,1.038
401.659,1.037
401.689,1.045
401.719,1.045
401.749,1.029
401.779,1.039
401.809,1.041
401.839,1.022
401.869,1.059
401.899,1.035
401.929,1.046
401.959,1.057
401.989,1.038
402.019,1.055
402.049,1.056
402.079,1.048
402.109,1.044
402.139,1.037
402.169,1.047
402.199,1.056
402.229,1.048
402.259,1.037
402.289,1.048
402.319,1.050
402.349,1.048
402.379,1.043
402.409,1.049
402.439,1.033
402.469,1.046
402.499,1.047
402.529,1.029
402.559,1.041
402.589,1.037
402.619,1.041
402.649,1.038
402.679,1.045
402.709,1.042
402.739,1.031
402.769,1.041
402.799,1.043
402.829,1.022
402.859,1.039
402.889,1.042
402.919,1.050
402.949,1.037
402.979,1.047
403.009,1.034
403.039,1.035
403.069,1.040
403.099,1.031
403.129,1.043
403.159,1.049
403.189,1.039
403.219,1.040
403.249,1.044
403.279,1.038
403.309,1.029
403.339,1.032
403.369,1.042
403.399,1.039
403.429,1.042
403.459,1.052
403.489,1.038
403.519,1.046
403.549,1.043
403.579,1.034
403.609,1.042
403.639,1.034
403.669,1.030
403.699,1.047
403.729,1.036
403.759,1.041
403.789,1.045
403.819,1.039
403.849,1.034
403.879,1.029
403.909,1.045
403.939,1.041
403.969,1.040
403.999,1.048
404.029,1.045
404.059,1.036
404.089,1.039
404.119,1.040
404.149,1.043
404.179,1.043
404.209,1.047
404.239,1.036
404.269,1.051
404.299,1.044
404.329,1.033
404.359,1.039
404.389,1.042
404.419,1.037
404.449,1.040
404.479,1.039
404.509,1.035
404.539,1.040
404.569,1.036
404.599,1.047
404.629,1.042
404.659,1.040
404.689,1.042
404.719,1.043
404.749,1.038
404.779,1.038
404.809,1.039
404.839,1.052
404.869,1.030
404.899,1.043
404.929,1.039
404.959,1.034
404.989,1.037
405.019,1.031
405.049,1.037
405.079,1.023
405.109,1.036
405.139,1.043
405.169,1.028
405.199,1.031
405.229,1.042
405.259,1.028
405.289,1.038
405.319,1.033
405.349,1.040
405.379,1.047
405.409,1.054
405.439,1.044
405.469,1.050
405.499,1.050
405.529,1.036
405.559,1.048
405.589,1.049
405.619,1.046
405.649,1.048
405.679,1.055
405.709,1.052
405.739,1.046
405.769,1.057
405.799,1.050
405.829,1.052
405.859,1.055
405.889,1.050
405.919,1.056
405.949,1.059
405.979,1.054
406.009,1.073
406.039,1.086
406.069,1.072
406.099,1.071
406.129,1.094
406.159,1.104
406.189,1.069
406.219,1.084
406.249,1.096
406.279,1.102
406.309,1.078
406.339,1.055
406.369,1.065
406.399,1.044
406.429,1.033
406.459,1.025
406.489,1.009
406.519,0.989
406.549,0.952
406.579,0.968
406.609,0.946
406.639,0.969
406.669,0.966
406.699,0.970
406.729,1.011
406.759,1.034
406.789,1.010
406.819,1.059
406.849,1.067
406.879,1.096
406.909,1.115
406.939,1.072
406.969,1.025
406.999,0.980
407.029,0.949
407.059,0.945
407.089,0.995
407.119,1.045
407.149,1.070
407.179,1.062
407.209,1.037
407.239,1.006
407.269,1.023
407.299,1.018
407.329,1.045
407.359,1.048
407.389,1.041
407.419,1.032
407.449,1.020
407.479,0.976
407.509,0.950
407.539,0.946
407.569,0.973
407.599,1.045
407.629,1.035
407.659,1.056
407.689,1.016
407.719,1.016
407.749,0.939
407.779,0.988
407.809,1.023
407.839,1.040
407.869,1.003
407.899,0.991
407.929,0.984
407.959,1.019
407.989,1.060
408.019,1.023
408.049,1.084
408.079,1.069
408.109,1.059
408.139,1.029
408.169,1.043
408.199,1.035
408.229,1.054
408.259,1.030
408.289,1.034
408.319,1.034
408.349,1.018
408.379,1.015
408.409,1.027
408.439,1.047
408.469,1.042
408.499,1.020
408.529,1.029
408.559,1.040
408.589,1.014
408.619,1.028
408.649,1.037
408.679,1.039
408.709,1.039
408.739,1.045
408.769,1.058
408.799,1.058
408.829,1.076
408.859,1.074
408.889,1.058
408.919,1.054
408.949,1.063
408.979,1.067
409.009,1.055
409.039,1.062
409.069,1.069
409.099,1.071
409.129,1.053
409.159,1.055
409.189,1.048
409.219,1.066
409.249,1.067
409.279,1.062
409.309,1.053
409.339,1.057
409.369,1.053
409.399,1.048
409.429,1.076
409.459,1.092
409.489,1.102
409.519,1.079
409.549,1.078
409.579,1.059
409.609,1.055
409.639,1.052
409.669,1.045
409.699,1.062
409.729,1.040
409.759,1.021
409.789,1.029
409.819,1.033
409.849,1.009
409.879,1.026
409.909,1.030
409.939,0.993
409.969,1.015
409.999,1.004
410.029,1.010
410.059,1.020
410.089,1.046
410.119,1.017
410.149,1.012
410.179,1.007
410.209,1.001
410.239,1.007
410.269,1.014
410.299,1.025
410.329,1.057
410.359,1.005
410.389,0.972
410.419,1.013
410.449,1.025
410.479,1.066
410.509,1.042
410.539,1.063
410.569,1.018
410.599,0.959
410.629,1.070
410.659,1.043
410.689,1.037
410.719,1.055
410.749,1.058
410.779,0.963
410.809,1.073
410.839,1.071
410.869,1.064
410.899,1.056
410.929,1.040
410.959,1.057
410.989,1.084
411.019,1.089
411.049,1.084
411.079,1.085
411.109,1.097
411.139,1.105
411.169,1.085
411.199,1.094
411.229,1.065
411.259,1.050
411.289,1.035
411.319,1.046
411.349,1.050
411.379,1.050
411.409,1.033
411.439,1.030
411.469,0.994
411.499,1.042
411.529,1.043
411.559,0.993
411.589,1.033
411.619,1.021
411.649,1.021
411.679,0.996
411.709,0.967
411.739,1.005
411.769,0.979
411.799,1.007
411.829,0.996
411.859,0.993
411.889,1.016
411.919,1.045
411.949,1.049
411.979,1.070
412.009,1.027
412.039,0.958
412.069,0.963
412.099,0.986
412.129,1.062
412.159,1.119
412.189,1.103
412.219,0.997
412.249,0.999
412.279,0.988
412.309,1.007
412.339,1.004
412.369,1.011
412.399,1.021
412.429,1.023
412.459,1.060
412.489,1.075
412.519,1.057
412.549,1.012
412.579,0.963
412.609,0.969
412.639,0.962
412.669,1.009
412.699,1.070
412.729,1.039
412.759,1.019
412.789,1.005
412.819,0.976
412.849,0.973
412.879,0.982
412.909,1.014
412.939,0.987
412.969,0.980
412.999,1.012
413.029,0.988
413.059,0.995
413.089,1.007
413.119,1.007
413.149,0.995
413.179,1.069
413.209,1.027
413.239,1.021
413.269,1.054
413.299,1.032
413.329,1.075
413.359,1.074
413.389,1.055
413.419,1.051
413.449,1.147
413.479,1.081
413.509,1.052
413.539,1.043
413.569,1.025
413.599,1.037
413.629,1.088
413.659,1.094
413.689,1.076
413.719,1.066
413.749,1.020
413.779,1.085
413.809,1.076
413.839,1.038
413.869,1.055
413.899,1.004
413.929,0.988
413.959,1.015
413.989,1.059
414.019,1.050
414.049,1.018
414.079,1.022
414.109,1.002
414.139,1.018
414.169,1.020
414.199,1.019
414.229,0.990
414.259,1.024
414.289,1.019
414.319,1.029
414.349,1.040
414.379,1.057
414.409,1.059
414.439,1.043
414.469,1.035
414.499,1.033
414.529,1.043
414.559,1.021
414.589,1.036
414.619,1.087
414.649,1.087
414.679,1.055
414.709,1.086
414.739,1.093
414.769,1.102
414.799,1.073
414.829,1.100
414.859,1.087
414.889,1.086
414.919,1.069
414.949,1.068
414.979,1.070
415.009,1.089
415.039,1.079
415.069,1.091
415.099,1.076
415.129,1.075
415.159,1.071
415.189,1.064
415.219,1.075
415.249,1.070
415.279,1.062
415.309,1.084
415.339,1.073
415.369,1.068
415.399,1.065
415.429,1.066
415.459,1.060
415.489,1.059
415.519,1.066
415.549,1.058
415.579,1.054
415.609,1.063
415.639,1.061
415.669,1.052
415.699,1.061
415.729,1.066
415.759,1.059
415.789,1.052
415.819,1.058
415.849,1.059
415.879,1.062
415.909,1.054
415.939,1.065
415.969,1.060
415.999,1.060
416.029,1.062
416.059,1.067
416.089,1.063
416.119,1.062
416.149,1.062
416.179,1.060
416.209,1.067
416.239,1.065
416.269,1.070
416.299,1.056
416.329,1.061
416.359,1.057
416.389,1.067
416.419,1.058
416.449,1.059
416.479,1.057
416.509,1.064
416.539,1.063
416.569,1.064
416.599,1.065
416.629,1.068
416.659,1.064
416.689,1.062
416.719,1.064
416.749,1.063
416.779,1.068
416.809,1.061
416.839,1.061
416.869,1.062
416.899,1.062
416.929,1.060
416.959,1.062
416.989,1.058
417.019,1.062
417.049,1.065
417.079,1.065
417.109,1.065
417.139,1.065
417.169,1.068
417.199,1.057
417.229,1.069
417.259,1.063
417.289,1.062
417.319,1.059
417.349,1.061
417.379,1.065
417.409,1.059
417.439,1.064
417.469,1.064
417.499,1.061
417.529,1.063
417.559,1.061
417.589,1.062
417.619,1.059
417.649,1.065
417.679,1.065
417.709,1.063
417.739,1.062
417.769,1.073
417.799,1.068
417.829,1.068
417.859,1.067
417.889,1.062
417.919,1.062
417.949,1.062
417.979,1.064
418.009,1.068
418.039,1.067
418.069,1.073
418.099,1.069
418.129,1.072
418.159,1.068
418.189,1.076
418.219,1.084
418.249,1.086
418.279,1.069
418.309,1.074
418.339,1.070
418.369,1.074
418.399,1.060
418.429,1.058
418.459,1.064
418.489,1.055
418.519,1.035
418.549,1.027
418.579,1.022
418.609,1.028
418.639,1.023
418.669,1.033
418.699,1.029
418.729,1.044
418.759,1.062
418.789,1.055
418.819,1.055
418.849,1.056
418.879,1.062
418.909,1.057
418.939,1.061
418.969,1.075
418.999,1.079
419.029,1.074
419.059,1.070
419.089,1.080
419.119,1.077
419.149,1.080
419.179,1.079
419.209,1.076
419.239,1.074
419.269,1.072
419.299,1.064
419.329,1.066
419.359,1.072
419.389,1.064
419.419,1.061
419.449,1.062
419.479,1.066
419.509,1.068
419.539,1.066
419.569,1.058
419.599,1.065
419.629,1.064
419.659,1.063
419.689,1.062
419.719,1.058
419.749,1.061
419.779,1.064
419.809,1.070
419.839,1.072
419.869,1.071
419.899,1.061
419.929,1.062
419.959,1.062
419.989,1.061
420.019,1.067
420.049,1.062
420.079,1.062
420.109,1.064
420.139,1.064
420.169,1.069
420.199,1.059
420.229,1.065
420.259,1.062
420.289,1.062
420.319,1.069
420.349,1.068
420.379,1.059
420.409,1.065
420.439,1.071
420.469,1.054
420.499,1.066
420.529,1.061
420.559,1.073
420.589,1.072
420.619,1.063
420.649,1.064
420.679,1.062
420.709,1.058
420.739,1.062
420.769,1.069
420.799,1.066
420.829,1.068
420.859,1.066
420.889,1.071
420.919,1.064
420.949,1.056
420.979,1.066
421.009,1.064
421.039,1.064
421.069,1.064
421.099,1.068
421.129,1.064
421.159,1.062
421.189,1.064
421.219,1.064
421.249,1.059
421.279,1.063
421.309,1.063
421.339,1.068
421.369,1.066
421.399,1.069
421.429,1.069
421.459,1.062
421.489,1.066
421.519,1.071
421.549,1.067
421.579,1.058
421.609,1.066
421.639,1.067
421.669,1.058
421.699,1.068
421.729,1.071
421.759,1.063
421.789,1.065
421.819,1.063
421.849,1.061
421.879,1.067
421.909,1.058
421.939,1.061
421.969,1.062
421.999,1.064
422.029,1.066
422.059,1.061
422.089,1.064
422.119,1.067
422.149,1.067
422.179,1.063
422.209,1.061
422.239,1.059
422.269,1.068
422.299,1.067
422.329,1.064
422.359,1.067
422.389,1.066
422.419,1.063
422.449,1.065
422.479,1.058
422.509,1.058
422.539,1.062
422.569,1.062
422.599,1.063
422.629,1.066
422.659,1.071
422.689,1.065
422.719,1.066
422.749,1.062
422.779,1.065
422.809,1.062
422.839,1.067
422.869,1.062
422.899,1.062
422.929,1.066
422.959,1.064
422.989,1.069
423.019,1.065
423.049,1.065
423.079,1.070
423.109,1.062
423.139,1.059
423.169,1.067
423.199,1.078
423.229,1.073
423.259,1.077
423.289,1.073
423.319,1.092
423.349,1.081
423.379,1.077
423.409,1.090
423.439,1.110
423.469,1.076
423.499,1.094
423.529,1.142
423.559,1.123
423.589,1.093
423.619,1.096
423.649,1.070
423.679,1.032
423.709,1.047
423.739,1.041
423.769,1.048
423.799,1.062
423.829,1.044
423.859,1.052
423.889,1.058
423.919,1.071
423.949,1.069
423.979,1.084
424.009,1.093
424.039,1.098
424.069,1.057
424.099,1.056
424.129,1.056
424.159,1.074
424.189,1.053
424.219,1.065
424.249,1.083
424.279,1.045
424.309,1.056
424.339,1.047
424.369,1.025
424.399,1.019
424.429,1.007
424.459,0.989
424.489,0.983
424.519,0.978
424.549,0.978
424.579,0.960
424.609,0.988
424.639,1.013
424.669,0.991
424.699,0.996
424.729,1.029
424.759,0.993
424.789,0.988
424.819,1.002
424.849,1.020
424.879,1.018
424.909,1.021
424.939,1.015
424.969,1.040
424.999,1.034
425.029,1.023
425.059,1.016
425.089,1.016
425.119,1.032
425.149,1.010
425.179,1.016
425.209,1.030
425.239,1.018
425.269,1.027
425.299,1.029
425.329,1.059
425.359,1.057
425.389,1.019
425.419,1.051
425.449,1.054
425.479,1.034
425.509,1.053
425.539,1.093
425.569,1.064
425.599,1.070
425.629,1.096
425.659,1.066
425.689,1.072
425.719,1.094
425.749,1.070
425.779,1.070
425.809,1.077
425.839,1.075
425.869,1.068
425.899,1.072
425.929,1.069
425.959,1.072
425.989,1.077
426.019,1.075
426.049,1.063
426.079,1.062
426.109,1.062
426.139,1.055
426.169,1.053
426.199,1.053
426.229,1.059
426.259,1.061
426.289,1.057
426.319,1.064
426.349,1.061
426.379,1.048
426.409,1.049
426.439,1.056
426.469,1.051
426.499,1.044
426.529,1.049
426.559,1.060
426.589,1.050
426.619,1.053
426.649,1.054
426.679,1.048
426.709,1.050
426.739,1.051
426.769,1.051
426.799,1.054
426.829,1.060
426.859,1.060
426.889,1.060
426.919,1.058
426.949,1.059
426.979,1.054
427.009,1.059
427.039,1.059
427.069,1.056
427.099,1.049
427.129,1.060
427.159,1.058
427.189,1.050
427.219,1.059
427.249,1.056
427.279,1.055
427.309,1.053
427.339,1.054
427.369,1.053
427.399,1.053
427.429,1.057
427.459,1.060
427.489,1.056
427.519,1.056
427.549,1.043
427.579,1.054
427.609,1.045
427.639,1.042
427.669,1.042
427.699,1.043
427.729,1.039
427.759,1.030
427.789,1.032
427.819,1.046
427.849,1.044
427.879,1.042
427.909,1.048
427.939,1.060
427.969,1.075
427.999,1.066
428.029,1.084
428.059,1.093
428.089,1.104
428.119,1.106
428.149,1.118
428.179,1.108
428.209,1.097
428.239,1.097
428.269,1.096
428.299,1.075
428.329,1.063
428.359,1.067
428.389,1.061
428.419,1.064
428.449,1.067
428.479,1.062
428.509,1.067
428.539,1.055
428.569,1.052
428.599,1.053
428.629,1.034
428.659,1.035
428.689,1.029
428.719,1.024
428.749,1.042
428.779,1.045
428.809,1.055
428.839,1.063
428.869,1.069
428.899,1.085
428.929,1.086
428.959,1.087
428.989,1.058
429.019,1.046
429.049,1.031
429.079,1.037
429.109,1.022
429.139,1.020
429.169,0.996
429.199,1.005
429.229,1.032
429.259,1.008
429.289,1.021
429.319,1.018
429.349,1.013
429.379,1.028
429.409,1.062
429.439,1.039
429.469,1.023
429.499,1.038
429.529,1.026
429.559,1.051
429.589,1.044
429.619,1.030
429.649,1.002
429.679,0.999
429.709,1.030
429.739,1.058
429.769,1.047
429.799,1.047
429.829,1.028
429.859,1.023
429.889,1.010
429.919,1.015
429.949,1.032
429.979,1.016
430.009,1.026
430.039,1.046
430.069,1.017
430.099,1.035
430.129,1.048
430.159,1.033
430.189,1.057
430.219,1.073
430.249,1.060
430.279,1.062
430.309,1.066
430.339,1.070
430.369,1.065
430.399,1.060
430.429,1.064
430.459,1.065
430.489,1.069
430.519,1.085
430.549,1.076
430.579,1.071
430.609,1.074
430.639,1.090
430.669,1.081
430.699,1.064
430.729,1.073
430.759,1.076
430.789,1.087
430.819,1.079
430.849,1.094
430.879,1.078
430.909,1.093
430.939,1.101
430.969,1.104
430.999,1.094
431.029,1.065
431.059,1.137
431.089,1.131
431.119,1.122
431.149,1.115
431.179,1.131
431.209,1.149
431.239,1.101
431.269,1.096
431.299,1.086
431.329,1.045
431.359,1.053
431.389,1.037
431.419,1.036
431.449,1.049
431.479,1.032
431.509,1.031
431.539,1.042
431.569,1.046
431.599,1.050
431.629,1.025
431.659,0.968
431.689,0.946
431.719,0.935
431.749,0.970
431.779,1.039
431.809,1.090
431.839,1.045
431.869,1.020
431.899,0.961
431.929,0.919
431.959,0.943
431.989,0.974
432.019,1.006
432.049,1.006
432.079,0.983
432.109,0.973
432.139,1.006
432.169,0.987
432.199,0.979
432.229,0.991
432.259,0.965
432.289,1.015
432.319,0.995
432.349,1.012
432.379,1.023
432.409,1.006
432.439,0.963
432.469,0.949
432.499,1.010
432.529,1.002
432.559,0.997
432.589,1.017
432.619,1.016
432.649,1.019
432.679,1.016
432.709,0.969
432.739,1.001
432.769,1.023
432.799,1.022
432.829,1.023
432.859,1.028
432.889,1.020
432.919,0.999
432.949,1.014
432.979,1.016
433.009,0.991
433.039,1.031
433.069,1.022
433.099,1.036
433.129,1.019
433.159,0.989
433.189,1.023
433.219,1.030
433.249,1.016
433.279,1.010
433.309,0.991
433.339,1.041
433.369,0.999
433.399,1.000
433.429,1.010
433.459,1.021
433.489,1.046
433.519,1.020
433.549,1.028
433.579,1.014
433.609,1.007
433.639,0.985
433.669,1.019
433.699,1.019
433.729,1.027
433.759,0.999
433.789,0.982
433.819,1.008
433.849,0.982
433.879,1.018
433.909,1.062
433.939,1.047
433.969,1.016
433.999,1.047
434.029,1.044
434.059,1.033
434.089,1.021
434.119,1.023
434.149,1.034
434.179,1.023
434.209,1.028
434.239,1.032
434.269,1.043
434.299,1.042
434.329,1.021
434.359,1.005
434.389,1.013
434.419,0.990
434.449,1.004
434.479,1.001
434.509,0.980
434.539,0.989
434.569,1.017
434.599,1.001
434.629,0.995
434.659,1.010
434.689,1.031
434.719,1.021
434.749,0.991
434.779,1.035
434.809,1.048
434.839,1.030
434.869,1.008
434.899,1.055
434.929,1.017
434.959,0.968
434.989,0.981
435.019,1.116
435.049,1.040
435.079,0.924
435.109,0.911
435.139,0.976
435.169,0.954
435.199,0.909
435.229,0.958
435.259,1.092
435.289,1.023
435.319,1.060
435.349,1.115
435.379,1.129
435.409,1.076
435.439,1.031
435.469,1.003
435.499,0.988
435.529,1.004
435.559,0.992
435.589,0.986
435.619,0.976
435.649,0.980
435.679,0.985
435.709,0.988
435.739,1.004
435.769,1.018
435.799,1.005
435.829,1.015
435.859,1.012
435.889,0.994
435.919,1.007
435.949,0.999
435.979,1.000
436.009,1.004
436.039,1.014
436.069,1.005
436.099,1.000
436.129,1.015
436.159,1.000
436.189,1.001
436.219,1.009
436.249,1.007
436.279,1.001
436.309,1.008
436.339,0.998
436.369,1.008
436.399,1.011
436.429,1.031
436.459,1.023
436.489,1.006
436.519,1.008
436.549,0.995
436.579,0.994
436.609,0.997
436.639,1.005
436.669,1.012
436.699,1.007
436.729,1.008
436.759,1.007
436.789,1.010
436.819,1.007
436.849,1.000
436.879,0.997
436.909,1.013
436.939,1.004
436.969,1.009
436.999,1.008
437.029,1.002
437.059,1.001
437.089,1.015
437.119,1.012
437.149,1.002
437.179,1.007
437.209,1.016
437.239,1.025
437.269,1.006
437.299,0.999
437.329,1.008
437.359,1.000
437.389,1.013
437.419,1.003
437.449,1.008
437.479,1.013
437.509,1.016
437.539,0.996
437.569,1.010
437.599,1.007
437.629,0.995
437.659,0.969
437.689,1.036
437.719,1.034
437.749,1.011
437.779,1.007
437.809,1.025
437.839,1.009
437.869,1.010
437.899,1.011
437.929,1.009
437.959,0.987
437.989,1.000
438.019,1.025
438.049,0.982
438.079,1.034
438.109,1.026
438.139,1.014
438.169,0.984
438.199,1.021
438.229,1.040
438.259,1.009
438.289,1.004
438.319,1.005
438.349,0.999
438.379,1.015
438.409,1.003
438.439,1.018
438.469,1.010
438.499,0.999
438.529,0.993
438.559,1.011
438.589,1.011
438.619,1.014
438.649,1.000
438.679,1.000
438.709,0.992
438.739,0.979
438.769,0.955
438.799,0.960
438.829,0.999
438.859,1.046
438.889,1.085
438.919,1.040
438.949,1.067
438.979,0.991
439.009,0.973
439.039,0.958
439.069,0.973
439.099,1.036
439.129,1.064
439.159,1.072
439.189,0.991
439.219,1.016
439.249,0.970
439.279,0.984
439.309,0.977
439.339,1.012
439.369,0.999
439.399,0.989
439.429,1.008
439.459,0.962
439.489,0.937
439.519,0.996
439.549,0.989
439.579,0.976
439.609,1.003
439.639,1.006
439.669,1.002
439.699,0.995
439.729,0.947
439.759,0.969
439.789,0.974
439.819,0.951
439.849,0.962
439.879,0.945
439.909,0.952
439.939,0.937
439.969,0.936
439.999,0.958
440.029,1.024
440.059,1.063
440.089,1.054
440.119,0.959
440.149,0.960
440.179,0.979
440.209,1.016
440.239,1.009
440.269,1.061
440.299,1.048
440.329,1.034
440.359,1.029
440.389,1.010
440.419,1.032
440.449,1.013
440.479,1.017
440.509,1.025
440.539,1.008
440.569,1.024
440.599,1.016
440.629,1.011
440.659,1.006
440.689,1.007
440.719,1.009
440.749,1.020
440.779,0.992
440.809,0.994
440.839,1.007
440.869,1.016
440.899,0.999
440.929,1.003
440.959,0.999
440.989,1.015
441.019,1.003
441.049,0.999
441.079,1.008
441.109,1.009
441.139,0.997
441.169,0.998
441.199,1.007
441.229,1.006
441.259,1.009
441.289,1.007
441.319,0.986
441.349,0.998
441.379,1.008
441.409,1.005
441.439,1.008
441.469,1.006
441.499,1.010
441.529,1.000
441.559,1.003
441.589,1.006
441.619,1.015
441.649,1.012
441.679,0.997
441.709,1.005
441.739,0.997
441.769,1.009
441.799,1.030
441.829,1.008
441.859,1.000
441.889,1.001
441.919,1.009
441.949,1.008
441.979,1.009
442.009,1.012
442.039,1.006
442.069,1.011
442.099,1.001
442.129,1.013
442.159,1.011
442.189,1.000
442.219,0.998
442.249,1.014
442.279,1.011
442.309,1.023
442.339,1.010
442.369,0.994
442.399,0.999
442.429,1.000
442.459,1.012
442.489,1.001
442.519,1.007
442.549,1.004
442.579,1.008
442.609,1.003
442.639,1.005
442.669,1.011
442.699,1.018
442.729,1.005
442.759,1.002
442.789,1.015
442.819,0.996
442.849,1.015
442.879,1.015
442.909,1.016
442.939,1.006
442.969,1.006
442.999,1.014
443.029,0.998
443.059,1.008
443.089,1.016
443.119,1.010
443.149,0.994
443.179,1.000
443.209,1.015
443.239,1.007
443.269,1.012
443.299,1.010
443.329,1.012
443.359,1.013
443.389,1.011
443.419,1.017
443.449,1.014
443.479,1.006
443.509,1.005
443.539,1.002
443.569,1.015
443.599,1.013
443.629,1.007
443.659,1.013
443.689,1.018
443.719,1.009
443.749,1.006
443.779,1.007
443.809,1.003
443.839,1.017
443.869,1.004
443.899,1.002
443.929,1.004
443.959,1.013
443.989,1.012
444.019,1.018
444.049,1.018
444.079,0.997
444.109,0.990
444.139,0.998
444.169,1.018
444.199,0.990
444.229,1.012
444.259,1.014
444.289,1.013
444.319,1.008
444.349,1.011
444.379,1.016
444.409,1.007
444.439,1.012
444.469,1.017
444.499,1.009
444.529,1.000
444.559,1.003
444.589,1.007
444.619,1.025
444.649,1.011
444.679,0.998
444.709,1.005
444.739,0.999
444.769,1.015
444.799,1.000
444.829,1.016
444.859,1.005
444.889,1.008
444.919,1.008
444.949,1.000
444.979,1.009
445.009,1.009
445.039,1.008
445.069,1.007
445.099,1.004
445.129,1.013
445.159,1.003
445.189,1.016
445.219,1.018
445.249,1.005
445.279,0.999
445.309,1.006
445.339,1.013
445.369,1.006
445.399,1.012
445.429,1.010
445.459,1.011
445.489,1.004
445.519,1.005
445.549,1.004
445.579,1.012
445.609,1.007
445.639,1.012
445.669,0.999
445.699,1.004
445.729,1.010
445.759,1.009
445.789,1.020
445.819,1.012
445.849,1.004
445.879,1.007
445.909,1.005
445.939,1.014
445.969,1.001
445.999,1.017
446.029,1.007
446.059,1.012
446.089,1.003
446.119,1.002
446.149,1.009
446.179,1.012
446.209,1.009
446.239,1.008
446.269,1.006
446.299,1.003
446.329,1.006
446.359,1.018
446.389,1.017
446.419,1.010
446.449,1.000
446.479,1.001
446.509,1.006
446.539,1.010
446.569,0.999
446.599,1.015
446.629,1.013
446.659,1.004
446.689,1.008
446.719,1.001
446.749,1.010
446.779,1.012
446.809,1.012
446.839,1.003
446.869,1.001
446.899,1.001
446.929,1.010
446.959,1.009
446.989,1.025
447.019,1.017
447.049,1.001
447.079,0.999
447.109,0.997
447.139,1.021
447.169,0.996
447.199,1.022
447.229,1.007
447.259,1.005
447.289,1.009
447.319,1.004
447.349,1.006
447.379,1.002
447.409,1.013
447.439,1.011
447.469,1.000
447.499,1.001
447.529,1.015
447.559,0.997
447.589,1.028
447.619,1.013
447.649,1.004
447.679,0.998
447.709,1.002
447.739,1.010
447.769,1.003
447.799,1.018
447.829,1.008
447.859,1.012
447.889,1.009
447.919,1.002
447.949,1.007
447.979,1.005
448.009,1.011
448.039,1.004
448.069,0.998
448.099,1.018
448.129,0.997
448.159,1.024
448.189,1.021
448.219,1.002
448.249,0.999
448.279,1.006
448.309,1.007
448.339,0.993
448.369,1.018
448.399,1.009
448.429,1.013
448.459,1.001
448.489,1.010
448.519,1.005
448.549,1.012
448.579,1.004
448.609,1.007
448.639,1.001
448.669,1.010
448.699,1.008
448.729,1.022
448.759,1.010
448.789,1.002
448.819,1.002
448.849,1.007
448.879,1.009
448.909,0.999
448.939,1.019
448.969,1.013
448.999,1.013
449.029,1.005
449.059,1.007
449.089,1.006
449.119,1.012
449.149,1.009
449.179,0.999
449.209,1.008
449.239,1.001
449.269,1.030
449.299,1.016
449.329,1.003
449.359,0.996
449.389,1.010
449.419,1.009
449.449,0.997
449.479,1.018
449.509,1.000
449.539,1.020
449.569,1.010
449.599,1.010
449.629,1.001
449.659,1.008
449.689,1.013
449.719,0.997
449.749,1.005
449.779,1.005
449.809,1.012
449.839,1.021
449.869,1.016
449.899,1.002
449.929,1.001
449.959,1.013
449.989,1.012
450.019,0.998
450.049,1.010
450.079,1.017
450.109,1.005
450.139,1.013
450.169,1.006
450.199,1.001
450.229,1.012
450.259,1.013
450.289,1.002
450.319,1.013
450.349,1.007
450.379,1.021
450.409,1.004
450.439,1.012
450.469,1.001
450.499,1.006
450.529,1.007
450.559,1.005
450.589,1.008
450.619,1.015
450.649,1.015
450.679,1.012
450.709,1.005
450.739,1.010
450.769,1.013
450.799,1.011
450.829,1.007
450.859,1.001
450.889,1.014
450.919,1.007
450.949,1.015
450.979,1.009
451.009,1.008
451.039,1.005
451.069,0.998
451.099,1.013
451.129,1.005
451.159,1.015
451.189,1.012
451.219,1.008
451.249,1.007
451.279,1.007
451.309,1.007
451.339,1.013
451.369,1.004
451.399,1.008
451.429,1.008
451.459,1.009
451.489,1.008
451.519,1.012
451.549,1.017
451.579,1.013
451.609,0.999
451.639,1.008
451.669,1.008
451.699,1.008
451.729,1.007
451.759,1.021
451.789,1.020
451.819,1.003
451.849,1.008
451.879,1.008
451.909,1.010
451.939,1.006
451.969,1.010
451.999,1.004
452.029,1.007
452.059,1.012
452.089,0.998
452.119,1.017
452.149,1.021
452.179,1.014
452.209,0.989
452.239,1.004
452.269,1.016
452.299,1.003
452.329,1.017
452.359,1.014
452.389,1.010
452.419,1.001
452.449,1.009
452.479,1.009
452.509,1.006
452.539,1.012
452.569,1.006
452.599,1.002
452.629,1.010
452.659,1.013
452.689,1.002
452.719,1.028
452.749,1.010
452.779,0.997
452.809,1.004
452.839,1.004
452.869,1.011
452.899,1.006
452.929,1.014
452.959,1.011
452.989,1.002
453.019,1.011
453.049,1.012
453.079,1.005
453.109,1.015
453.139,1.006
453.169,1.005
453.199,1.012
453.229,1.007
453.259,1.013
453.289,1.020
453.319,0.997
453.349,0.998
453.379,1.008
453.409,1.014
453.439,1.011
453.469,1.006
453.499,1.011
453.529,1.017
453.559,1.003
453.589,1.012
453.619,1.005
453.649,1.003
453.679,1.008
453.709,1.011
453.739,0.996
453.769,1.014
453.799,1.013
453.829,1.021
453.859,1.018
453.889,1.017
453.919,0.995
453.949,1.003
453.979,1.012
454.009,1.011
454.039,1.006
454.069,1.000
454.099,1.020
454.129,1.005
454.159,1.012
454.189,1.015
454.219,1.012
454.249,1.005
454.279,1.014
454.309,1.004
454.339,1.011
454.369,1.005
454.399,1.021
454.429,1.009
454.459,1.011
454.489,1.006
454.519,1.010
454.549,1.015
454.579,1.012
454.609,1.011
454.639,1.017
454.669,1.011
454.699,1.006
454.729,1.009
454.759,1.010
454.789,1.011
454.819,1.013
454.849,1.008
454.879,1.006
454.909,1.008
454.939,1.010
454.969,1.005
454.999,1.024
455.029,1.009
455.059,0.999
455.089,1.009
455.119,0.995
455.149,1.013
455.179,1.002
455.209,1.019
455.239,1.007
455.269,1.007
455.299,1.012
455.329,1.006
455.359,1.011
455.389,1.014
455.419,1.010
455.449,1.011
455.479,1.011
455.509,1.008
455.539,1.015
455.569,1.002
455.599,1.023
455.629,1.004
455.659,1.001
455.689,1.004
455.719,1.004
455.749,1.015
455.779,0.996
455.809,1.026
455.839,1.015
455.869,1.008
455.899,1.012
455.929,1.003
455.959,1.011
455.989,1.005
456.019,1.007
456.049,1.015
456.079,1.015
456.109,1.005
456.139,1.012
456.169,1.000
456.199,1.034
456.229,1.012
456.259,1.000
456.289,1.009
456.319,1.007
456.349,1.013
456.379,0.995
456.409,1.028
456.439,1.011
456.469,1.008
456.499,1.011
456.529,1.010
456.559,1.009
456.589,1.007
456.619,1.012
456.649,1.016
456.679,1.009
456.709,1.020
456.739,1.003
456.769,1.016
456.799,1.026
456.829,0.999
456.859,1.000
456.889,1.013
456.919,1.009
456.949,1.008
456.979,1.011
457.009,1.012
457.039,1.016
457.069,1.005
457.099,1.008
457.129,1.010
457.159,1.006
457.189,1.009
457.219,1.007
457.249,1.006
457.279,1.015
457.309,1.002
457.339,1.014
457.369,1.033
457.399,1.003
457.429,0.998
457.459,1.014
457.489,1.015
457.519,1.011
457.549,1.001
457.579,1.027
457.609,1.015
457.639,1.003
457.669,1.013
457.699,1.012
457.729,1.012
457.759,1.013
457.789,1.014
457.819,1.006
457.849,1.013
457.879,1.009
457.909,1.012
457.939,1.022
457.969,1.009
457.999,1.004
458.029,1.016
458.059,1.002
458.089,1.014
458.119,1.003
458.149,1.022
458.179,1.014
458.209,1.012
458.239,1.009
458.269,1.008
458.299,1.012
458.329,1.007
458.359,1.008
458.389,1.010
458.419,1.009
458.449,1.015
458.479,1.008
458.509,1.021
458.539,1.009
458.569,1.007
458.599,1.009
458.629,0.998
458.659,1.013
458.689,1.001
458.719,1.021
458.749,1.014
458.779,1.012
458.809,1.005
458.839,1.011
458.869,1.010
458.899,1.011
458.929,1.013
458.959,1.010
458.989,1.009
459.019,1.001
459.049,1.023
459.079,1.008
459.109,1.018
459.139,1.007
459.169,1.007
459.199,1.005
459.229,1.002
459.259,1.015
459.289,1.003
459.319,1.006
459.349,1.022
459.379,1.017
459.409,1.003
459.439,1.006
459.469,1.019
459.499,1.011
459.529,1.008
459.559,1.010
459.589,1.005
459.619,1.009
459.649,1.004
459.679,1.017
459.709,1.005
459.739,1.030
459.769,1.012
459.799,1.004
459.829,1.004
459.859,1.007
459.889,1.018
459.919,0.992
459.949,1.029
459.979,1.007
460.009,1.009
460.039,1.008
460.069,1.013
460.099,1.014
460.129,1.012
460.159,1.005
460.189,1.009
460.219,1.012
460.249,1.006
460.279,1.013
460.309,1.004
460.339,1.027
460.369,1.018
460.399,1.007
460.429,0.995
460.459,1.003
460.489,1.012
460.519,1.004
460.549,1.019
460.579,1.010
460.609,1.024
460.639,1.000
460.669,1.011
460.699,1.010
460.729,1.012
460.759,1.005
460.789,1.013
460.819,1.007
460.849,1.014
460.879,1.006
460.909,1.018
460.939,1.024
460.969,1.001
460.999,1.005
461.029,1.009
461.059,1.011
461.089,0.994
461.119,1.017
461.149,1.021
461.179,1.011
461.209,1.000
461.239,1.014
461.269,1.004
461.299,1.007
461.329,1.017
461.359,1.010
461.389,1.005
461.419,1.011
461.449,1.001
461.479,1.016
461.509,1.022
461.539,0.996
461.569,1.004
461.599,1.009
461.629,1.007
461.659,1.012
461.689,1.011
461.719,1.009
461.749,1.015
461.779,1.010
461.809,1.012
461.839,1.004
461.869,1.012
461.899,1.005
461.929,1.010
461.959,1.009
461.989,1.014
462.019,0.995
462.049,1.033
462.079,1.021
462.109,1.003
462.139,0.993
462.169,1.016
462.199,1.015
462.229,1.003
462.259,1.013
462.289,1.010
462.319,1.019
462.349,1.004
462.379,1.010
462.409,1.012
462.439,1.005
462.469,1.007
462.499,1.010
462.529,1.009
462.559,1.013
462.589,1.009
462.619,1.028
462.649,1.009
462.679,1.010
462.709,1.004
462.739,1.006
462.769,1.016
462.799,1.005
462.829,1.019
462.859,1.007
462.889,1.012
462.919,1.011
462.949,1.018
462.979,1.006
463.009,1.012
463.039,1.011
463.069,1.005
463.099,1.006
463.129,1.016
463.159,1.021
463.189,1.026
463.219,1.013
463.249,1.010
463.279,0.998
463.309,1.000
463.339,1.015
463.369,1.008
463.399,1.013
463.429,1.014
463.459,1.017
463.489,1.009
463.519,1.014
463.549,1.006
463.579,1.009
463.609,1.012
463.639,1.008
463.669,1.012
463.699,1.008
463.729,1.016
463.759,1.009
463.789,1.019
463.819,1.011
463.849,1.005
463.879,1.016
463.909,1.006
463.939,1.009
463.969,1.009
463.999,1.014
464.029,1.011
464.059,1.007
464.089,1.006
464.119,1.011
464.149,1.013
464.179,1.010
464.209,1.010
464.239,1.017
464.269,1.009
464.299,1.000
464.329,1.020
464.359,1.007
464.389,1.021
464.419,1.017
464.449,1.011
464.479,1.000
464.509,1.006
464.539,1.014
464.569,1.008
464.599,1.009
464.629,1.020
464.659,1.013
464.689,1.010
464.719,1.009
464.749,1.010
464.779,1.012
464.809,1.012
464.839,1.011
464.869,1.011
464.899,1.004
464.929,1.016
464.959,1.008
464.989,1.009
465.019,1.029
465.049,1.006
465.079,1.002
465.109,1.009
465.139,1.007
465.169,1.012
465.199,1.005
465.229,1.026
465.259,1.009
465.289,1.006
465.319,1.014
465.349,1.011
465.379,1.011
465.409,1.015
465.439,1.007
465.469,1.013
465.499,1.006
465.529,1.020
465.559,1.005
465.589,1.014
465.619,1.025
465.649,1.002
465.679,1.003
465.709,1.012
465.739,1.010
465.769,1.008
465.799,1.014
465.829,1.021
465.859,1.011
465.889,1.005
465.919,1.014
465.949,1.008
465.979,1.011
466.009,1.011
466.039,1.010
466.069,1.002
466.099,1.016
466.129,1.022
466.159,1.007
466.189,1.017
466.219,1.013
466.249,1.018
466.279,1.006
466.309,1.007
466.339,1.015
466.369,1.005
466.399,1.020
466.429,1.007
466.459,1.015
466.489,1.014
466.519,1.011
466.549,1.016
466.579,1.005
466.609,1.011
466.639,1.012
466.669,1.004
466.699,1.011
466.729,1.017
466.759,1.010
466.789,1.020
466.819,1.016
466.849,1.010
466.879,1.007
466.909,1.004
466.939,1.017
466.969,1.006
466.999,1.017
467.029,1.014
467.059,1.012
467.089,1.007
467.119,1.006
467.149,1.014
467.179,1.011
467.209,1.016
467.239,1.009
467.269,1.012
467.299,1.009
467.329,1.013
467.359,1.006
467.389,1.022
467.419,1.013
467.449,1.000
467.479,1.015
467.509,1.003
467.539,1.011
467.569,1.004
467.599,1.022
467.629,1.010
467.659,1.013
467.689,1.010
467.719,1.012
467.749,1.007
467.779,1.014
467.809,1.014
467.839,1.008
467.869,1.013
467.899,1.015
467.929,1.016
467.959,1.002
467.989,1.018
468.019,1.025
468.049,1.007
468.079,0.995
468.109,1.014
468.139,1.012
468.169,1.015
468.199,1.020
468.229,1.010
468.259,1.018
468.289,1.007
468.319,1.009
468.349,1.014
468.379,1.010
468.409,1.008
468.439,1.017
468.469,1.014
468.499,1.005
468.529,1.016
468.559,1.001
468.589,1.009
468.619,1.036
468.649,1.001
468.679,1.005
468.709,1.012
468.739,1.013
468.769,1.006
468.799,1.009
468.829,1.021
468.859,1.011
468.889,1.006
468.919,1.015
468.949,1.011
468.979,1.011
469.009,1.013
469.039,1.007
469.069,1.010
469.099,1.010
469.129,1.015
469.159,1.009
469.189,1.022
469.219,1.014
469.249,1.002
469.279,1.006
469.309,1.013
469.339,1.015
469.369,1.009
469.399,1.021
469.429,1.004
469.459,1.017
469.489,1.012
469.519,1.011
469.549,1.010
469.579,1.010
469.609,1.005
469.639,1.021
469.669,1.014
469.699,1.020
469.729,1.004
469.759,1.016
469.789,1.019
469.819,1.013
469.849,1.000
469.879,1.014
469.909,1.010
469.939,1.016
469.969,1.002
469.999,1.020
470.029,1.017
470.059,1.007
470.089,1.021
470.119,1.016
470.149,1.029
470.179,1.039
470.209,1.024
470.239,1.020
470.269,1.032
470.299,1.012
470.329,1.009
470.359,0.990
470.389,0.988
470.419,0.987
470.449,1.001
470.479,1.012
470.509,1.022
470.539,0.990
470.569,1.010
470.599,0.996
470.629,0.994
470.659,1.012
470.689,1.016
470.719,1.017
470.749,0.995
470.779,1.018
470.809,1.012
470.839,0.992
470.869,0.982
470.899,0.999
470.929,0.997
470.959,0.997
470.989,1.005
471.019,0.999
471.049,0.992
471.079,0.994
471.109,1.020
471.139,1.008
471.169,1.023
471.199,1.015
471.229,0.995
471.259,1.007
471.289,0.995
471.319,1.007
471.349,1.032
471.379,1.017
471.409,1.017
471.439,0.989
471.469,0.995
471.499,0.997
471.529,0.997
471.559,1.018
471.589,1.002
471.619,1.000
471.649,1.008
471.679,1.000
471.709,0.985
471.739,0.998
471.769,1.013
471.799,1.004
471.829,1.006
471.859,1.016
471.889,1.012
471.919,1.011
471.949,1.009
471.979,1.002
472.009,1.000
472.039,1.011
472.069,1.004
472.099,1.009
472.129,1.025
472.159,0.999
472.189,0.995
472.219,1.002
472.249,1.007
472.279,1.011
472.309,0.995
472.339,1.016
472.369,1.014
472.399,1.001
472.429,1.002
472.459,0.999
472.489,1.012
472.519,1.012
472.549,1.003
472.579,1.000
472.609,1.004
472.639,1.000
472.669,1.000
472.699,1.015
472.729,1.009
472.759,1.000
472.789,0.998
472.819,1.004
472.849,1.011
472.879,0.999
472.909,1.014
472.939,1.012
472.969,1.004
472.999,1.018
473.029,1.002
473.059,1.002
473.089,1.007
473.119,1.005
473.149,1.001
473.179,1.007
473.209,1.007
473.239,1.006
473.269,1.009
473.299,1.016
473.329,1.004
473.359,1.002
473.389,0.999
473.419,1.013
473.449,1.000
473.479,1.013
473.509,1.008
473.539,1.002
473.569,1.009
473.599,1.001
473.629,1.003
473.659,1.006
473.689,1.006
473.719,0.998
473.749,1.002
473.779,1.016
473.809,0.999
473.839,1.012
473.869,1.008
473.899,1.008
473.929,1.002
473.959,1.007
473.989,1.006
474.019,0.999
474.049,1.008
474.079,1.014
474.109,1.003
474.139,1.000
474.169,1.008
474.199,1.008
474.229,1.000
474.259,1.008
474.289,1.016
474.319,1.006
474.349,0.995
474.379,1.012
474.409,1.001
474.439,1.008
474.469,1.023
474.499,1.006
474.529,0.999
474.559,1.001
474.589,0.996
474.619,1.012
474.649,0.999
474.679,1.018
474.709,1.008
474.739,1.001
474.769,1.004
474.799,1.000
474.829,1.008
474.859,1.003
474.889,1.010
474.919,1.002
474.949,1.004
474.979,1.006
475.009,1.004
475.039,0.995
475.069,1.024
475.099,1.011
475.129,0.999
475.159,1.000
475.189,1.004
475.219,1.011
475.249,0.992
475.279,1.017
475.309,1.005
475.339,1.005
475.369,1.004
475.399,0.997
475.429,1.006
475.459,1.003
475.489,1.003
475.519,1.010
475.549,0.999
475.579,1.005
475.609,1.002
475.639,1.004
475.669,1.020
475.699,0.999
475.729,0.998
475.759,1.002
475.789,1.006
475.819,1.010
475.849,0.994
475.879,1.016
475.909,1.005
475.939,1.011
475.969,1.004
475.999,1.000
476.029,1.002
476.059,1.007
476.089,1.005
476.119,1.006
476.149,1.001
476.179,1.008
476.209,1.007
476.239,1.005
476.269,1.012
476.299,0.999
476.329,1.001
476.359,1.004
476.389,1.011
476.419,1.008
476.449,1.012
476.479,1.013
476.509,1.007
476.539,1.002
476.569,0.999
476.599,1.007
476.629,1.008
476.659,1.004
476.689,1.006
476.719,1.001
476.749,1.014
476.779,1.003
476.809,1.005
476.839,1.020
476.869,1.005
476.899,0.998
476.929,1.006
476.959,1.005
476.989,1.003
477.019,1.001
477.049,1.014
477.079,1.006
477.109,1.005
477.139,1.004
477.169,1.003
477.199,1.009
477.229,1.004
477.259,1.001
477.289,1.004
477.319,0.997
477.349,1.016
477.379,1.004
477.409,1.009
477.439,1.008
477.469,1.010
477.499,0.999
477.529,1.005
477.559,1.002
477.589,1.006
477.619,1.002
477.649,1.012
477.679,1.002
477.709,1.003
477.739,1.008
477.769,1.002
477.799,0.999
477.829,1.008
477.859,1.005
477.889,1.005
477.919,1.004
477.949,1.015
477.979,1.002
478.009,1.005
478.039,1.011
478.069,1.002
478.099,0.992
478.129,1.005
478.159,1.007
478.189,1.003
478.219,1.005
478.249,1.016
478.279,1.011
478.309,0.996
478.339,1.004
478.369,1.006
478.399,1.003
478.429,1.002
478.459,1.007
478.489,1.003
478.519,0.998
478.549,1.014
478.579,1.000
478.609,1.015
478.639,1.016
478.669,0.999
478.699,0.999
478.729,1.007
478.759,1.006
478.789,0.997
478.819,1.012
478.849,1.009
478.879,1.007
478.909,1.004
478.939,1.004
478.969,1.005
478.999,1.006
479.029,1.005
479.059,1.000
479.089,1.001
479.119,1.010
479.149,1.000
479.179,1.004
479.209,1.016
479.239,0.997
479.269,0.999
479.299,1.010
479.329,1.005
479.359,1.007
479.389,1.001
479.419,1.017
479.449,0.997
479.479,1.005
479.509,1.012
479.539,1.006
479.569,0.998
479.599,1.006
479.629,1.006
479.659,1.003
479.689,1.005
479.719,1.004
479.749,1.008
479.779,1.019
479.809,1.004
479.839,0.998
479.869,1.007
479.899,1.003
479.929,1.007
479.959,0.995
479.989,1.014
480.019,1.006
480.049,1.005
480.079,1.006
480.109,1.008
480.139,1.009
480.169,1.008
480.199,1.006
480.229,1.006
480.259,1.000
480.289,1.008
480.319,1.003
480.349,1.012
480.379,1.010
480.409,1.007
480.439,1.005
480.469,0.997
480.499,1.008
480.529,1.000
480.559,1.011
480.589,1.008
480.619,1.010
480.649,1.002
480.679,1.005
480.709,1.007
480.739,1.004
480.769,1.008
480.799,1.003
480.829,0.997
480.859,1.009
480.889,1.005
480.919,1.005
480.949,1.012
480.979,1.013
481.009,1.001
481.039,1.006
481.069,0.995
481.099,1.009
481.129,1.004
481.159,1.018
481.189,1.006
481.219,1.002
481.249,1.014
481.279,1.000
481.309,1.004
481.339,1.011
481.369,1.008
481.399,1.005
481.429,0.996
481.459,1.017
481.489,1.002
481.519,1.004
481.549,1.021
481.579,1.004
481.609,0.996
481.639,1.002
481.669,1.006
481.699,1.007
481.729,1.001
481.759,1.017
481.789,1.003
481.819,1.000
481.849,1.008
481.879,0.999
481.909,1.005
481.939,1.010
481.969,1.005
481.999,1.001
482.029,1.002
482.059,1.009
482.089,1.000
482.119,1.017
482.149,1.020
482.179,0.995
482.209,0.999
482.239,1.004
482.269,1.010
482.299,0.997
482.329,1.017
482.359,1.006
482.389,1.013
482.419,1.004
482.449,1.001
482.479,1.003
482.509,1.008
482.539,1.005
482.569,1.006
482.599,0.998
482.629,1.012
482.659,1.000
482.689,1.004
482.719,1.020
482.749,1.004
482.779,1.000
482.809,1.002
482.839,1.001
482.869,1.014
482.899,1.001
482.929,1.021
482.959,1.007
482.989,1.005
483.019,1.008
483.049,1.005
483.079,1.008
483.109,1.004
483.139,1.002
483.169,1.010
483.199,1.011
483.229,1.011
483.259,1.002
483.289,1.006
483.319,1.018
483.349,1.005
483.379,0.999
483.409,1.002
483.439,1.011
483.469,1.003
483.499,1.009
483.529,1.011
483.559,1.007
483.589,1.003
483.619,1.013
483.649,1.003
483.679,1.007
483.709,1.008
483.739,1.004
483.769,1.005
483.799,1.011
483.829,1.012
483.859,1.003
483.889,1.015
483.919,1.008
483.949,1.000
483.979,1.006
484.009,0.998
484.039,1.012
484.069,1.004
484.099,1.016
484.129,1.005
484.159,1.004
484.189,1.015
484.219,1.001
484.249,1.008
484.279,1.012
484.309,1.011
484.339,1.005
484.369,0.996
484.399,1.004
484.429,1.016
484.459,0.999
484.489,1.011
484.519,1.017
484.549,1.003
484.579,0.994
484.609,1.010
484.639,1.007
484.669,1.006
484.699,1.006
484.729,1.018
484.759,1.010
484.789,1.001
484.819,1.002
484.849,1.007
484.879,1.004
484.909,1.006
484.939,1.006
484.969,1.007
484.999,1.003
485.029,1.011
485.059,0.999
485.089,1.005
485.119,1.025
485.149,0.997
485.179,1.000
485.209,1.005
485.239,1.004
485.269,1.012
485.299,0.999
485.329,1.019
485.359,1.003
485.389,1.006
485.419,1.007
485.449,1.004
485.479,1.008
485.509,1.007
485.539,1.007
485.569,1.007
485.599,0.999
485.629,1.009
485.659,1.000
485.689,1.007
485.719,1.024
485.749,0.994
485.779,0.997
485.809,1.006
485.839,1.007
485.869,1.011
485.899,1.000
485.929,1.012
485.959,1.007
485.989,1.007
486.019,1.008
486.049,1.001
486.079,1.004
486.109,1.007
486.139,1.008
486.169,1.000
486.199,1.005
486.229,1.014
486.259,1.007
486.289,1.009
486.319,1.011
486.349,1.007
486.379,1.000
486.409,1.002
486.439,1.008
486.469,1.005
486.499,1.011
486.529,1.008
486.559,1.011
486.589,1.000
486.619,1.000
486.649,1.003
486.679,1.007
486.709,1.009
486.739,1.006
486.769,0.997
486.799,1.014
486.829,1.011
486.859,1.007
486.889,1.014
486.919,1.006
486.949,1.003
486.979,1.009
487.009,0.998
487.039,1.015
487.069,0.998
487.099,1.020
487.129,1.007
487.159,1.002
487.189,1.004
487.219,1.003
487.249,1.005
487.279,1.006
487.309,1.005
487.339,1.001
487.369,1.002
487.399,1.015
487.429,1.005
487.459,1.003
487.489,1.019
487.519,1.009
487.549,0.993
487.579,1.011
487.609,1.004
487.639,1.011
487.669,1.005
487.699,1.016
487.729,1.009
487.759,1.003
487.789,1.012
487.819,1.000
487.849,1.009
487.879,1.009
487.909,1.006
487.939,1.005
487.969,1.000
487.999,1.011
488.029,1.001
488.059,1.012
488.089,1.022
488.119,0.999
488.149,0.998
488.179,1.006
488.209,1.004
488.239,1.008
488.269,1.000
488.299,1.020
488.329,1.007
488.359,1.003
488.389,1.009
488.419,1.007
488.449,1.005
488.479,1.003
488.509,1.008
488.539,1.011
488.569,1.002
488.599,1.009
488.629,1.005
488.659,1.015
488.689,1.018
488.719,0.997
488.749,1.002
488.779,1.006
488.809,1.009
488.839,1.001
488.869,1.010
488.899,1.012
488.929,1.007
488.959,1.004
488.989,1.003
489.019,0.999
489.049,1.007
489.079,1.008
489.109,1.001
489.139,1.003
489.169,1.012
489.199,0.999
489.229,1.010
489.259,1.023
489.289,1.003
489.319,1.001
489.349,1.011
489.379,1.004
489.409,1.009
489.439,0.998
489.469,1.017
489.499,1.007
489.529,1.003
489.559,1.013
489.589,1.001
489.619,1.008
489.649,1.007
489.679,1.006
489.709,1.000
489.739,1.009
489.769,1.008
489.799,1.007
489.829,1.017
489.859,1.003
489.889,1.003
489.919,1.010
489.949,1.001
489.979,1.015
490.009,1.000
490.039,1.015
490.069,1.009
490.099,1.005
490.129,1.009
490.159,1.001
490.189,1.009
490.219,1.007
490.249,1.002
490.279,1.005
490.309,1.007
490.339,1.009
490.369,1.002
490.399,1.015
490.429,1.009
490.459,1.004
490.489,1.003
490.519,1.001
490.549,1.011
490.579,1.005
490.609,1.009
490.639,1.010
490.669,1.006
490.699,1.005
490.729,1.005
490.759,1.012
490.789,1.005
490.819,1.008
490.849,1.004
490.879,1.002
490.909,1.013
490.939,1.005
490.969,1.004
490.999,1.018
491.029,1.009
491.059,0.989
491.089,1.004
491.119,0.999
491.149,1.014
491.179,0.999
491.209,1.021
491.239,1.006
491.269,1.010
491.299,1.006
491.329,1.000
491.359,1.009
491.389,1.008
491.419,1.002
491.449,0.999
491.479,1.008
491.509,1.011
491.539,1.000
491.569,1.022
491.599,1.005
491.629,0.997
491.659,1.001
491.689,1.005
491.719,1.017
491.749,0.995
491.779,1.023
491.809,1.005
491.839,1.005
491.869,1.009
491.899,1.003
491.929,1.007
491.959,1.006
491.989,1.006
492.019,1.005
492.049,1.005
492.079,1.011
492.109,0.997
492.139,1.014
492.169,1.018
492.199,0.997
492.229,0.997
492.259,1.007
492.289,1.012
492.319,1.003
492.349,1.011
492.379,1.002
492.409,1.006
492.439,1.008
492.469,1.003
492.499,1.009
492.529,1.007
492.559,1.008
492.589,1.005
492.619,1.002
492.649,1.008
492.679,1.005
492.709,1.010
492.739,1.015
492.769,1.006
492.799,0.994
492.829,1.001
492.859,1.004
492.889,1.008
492.919,1.008
492.949,1.015
492.979,1.011
493.009,1.005
493.039,1.010
493.069,1.009
493.099,1.006
493.129,1.010
493.159,1.010
493.189,1.000
493.219,1.010
493.249,1.010
493.279,1.008
493.309,1.011
493.339,1.011
493.369,1.004
493.399,1.005
493.429,0.999
493.459,1.011
493.489,0.999
493.519,1.014
493.549,1.008
493.579,1.005
493.609,1.010
493.639,1.002
493.669,1.010
493.699,1.010
493.729,1.003
493.759,1.007
493.789,1.003
493.819,1.008
493.849,1.013
493.879,1.006
493.909,1.016
493.939,1.007
493.969,1.000
493.999,1.000
494.029,1.001
494.059,1.021
494.089,1.002
494.119,1.007
494.149,1.009
494.179,1.010
494.209,1.003
494.239,1.005
494.269,1.008
494.299,1.010
494.329,1.004
494.359,1.005
494.389,1.005
494.419,1.010
494.449,1.012
494.479,1.001
494.509,1.019
494.539,1.021
494.569,0.999
494.599,0.994
494.629,1.007
494.659,1.011
494.689,1.001
494.719,1.005
494.749,1.014
494.779,1.012
494.809,1.003
494.839,1.008
494.869,1.003
494.899,1.008
494.929,1.010
494.959,1.008
494.989,1.011
495.019,1.017
495.049,1.029
495.079,1.011
495.109,1.019
495.139,1.045
495.169,1.024
495.199,1.029
495.229,1.029
495.259,1.020
495.289,1.016
495.319,1.021
495.349,1.005
495.379,1.010
495.409,0.970
495.439,1.008
495.469,1.011
495.499,1.024
495.529,1.008
495.559,1.017
495.589,1.016
495.619,0.991
495.649,0.983
495.679,0.986
495.709,1.001
495.739,1.008
495.769,0.999
495.799,1.002
495.829,1.007
495.859,1.030
495.889,0.998
495.919,0.965
495.949,0.982
495.979,0.982
496.009,0.966
496.039,0.995
496.069,1.007
496.099,1.004
496.129,0.999
496.159,1.020
496.189,1.063
496.219,1.068
496.249,1.059
496.279,1.064
496.309,1.064
496.339,1.098
496.369,1.047
496.399,1.042
496.429,1.057
496.459,1.051
496.489,1.039
496.519,1.043
496.549,1.038
496.579,1.034
496.609,1.043
496.639,1.024
496.669,1.019
496.699,1.019
496.729,1.002
496.759,0.996
496.789,1.000
496.819,1.001
496.849,0.976
496.879,1.010
496.909,0.990
496.939,0.966
496.969,0.968
496.999,0.989
497.029,1.046
497.059,1.020
497.089,1.011
497.119,1.015
497.149,1.006
497.179,1.017
497.209,0.997
497.239,0.996
497.269,0.993
497.299,0.994
497.329,0.994
497.359,0.997
497.389,1.000
497.419,0.999
497.449,0.984
497.479,1.004
497.509,0.990
497.539,1.005
497.569,1.005
497.599,1.014
497.629,1.006
497.659,1.003
497.689,1.010
497.719,1.010
497.749,1.004
497.779,1.017
497.809,1.014
497.839,1.014
497.869,1.021
497.899,1.011
497.929,1.002
497.959,1.002
497.989,1.014
498.019,1.015
498.049,1.008
498.079,1.009
498.109,1.012
498.139,1.003
498.169,1.014
498.199,1.012
498.229,1.024
498.259,1.012
498.289,0.995
498.319,1.002
498.349,0.989
498.379,1.007
498.409,1.033
498.439,1.021
498.469,1.008
498.499,1.017
498.529,1.006
498.559,1.001
498.589,1.014
498.619,0.999
498.649,1.005
498.679,0.996
498.709,0.999
498.739,1.022
498.769,1.022
498.799,1.018
498.829,1.008
498.859,1.015
498.889,1.002
498.919,0.996
498.949,1.005
498.979,0.996
499.009,0.995
499.039,0.990
499.069,0.970
499.099,0.990
499.129,1.006
499.159,0.968
499.189,0.979
499.219,0.997
499.249,0.980
499.279,0.980
499.309,0.996
499.339,1.039
499.369,1.035
499.399,0.997
499.429,0.974
499.459,1.012
499.489,1.017
499.519,1.043
499.549,1.042
499.579,1.029
499.609,1.025
499.639,1.019
499.669,1.010
499.699,1.008
499.729,1.003
499.759,0.984
499.789,0.991
499.819,0.996
499.849,0.999
499.879,1.000
499.909,0.993
499.939,1.012
499.969,1.012
499.999,1.004
500.029,1.035
500.059,1.022
500.089,0.976
500.119,0.961
500.149,0.997
500.179,1.001
500.209,1.025
500.239,1.027
500.269,1.022
500.299,1.000
500.329,0.977
500.359,0.996
500.389,1.008
500.419,1.008
500.449,1.000
500.479,1.013
500.509,0.999
500.539,0.995
500.569,1.003
500.599,1.017
500.629,1.007
500.659,0.993
500.689,1.007
500.719,0.995
500.749,1.006
500.779,1.019
500.809,1.020
500.839,0.995
500.869,0.995
500.899,1.004
500.929,0.998
500.959,1.021
500.989,1.008
501.019,1.028
501.049,1.007
501.079,1.028
501.109,1.004
501.139,1.000
501.169,1.000
501.199,1.002
501.229,1.008
501.259,1.040
501.289,1.025
501.319,1.035
501.349,1.007
501.379,0.986
501.409,0.997
501.439,0.974
501.469,0.986
501.499,0.989
501.529,0.989
501.559,0.992
501.589,0.993
501.619,0.989
501.649,1.007
501.679,1.006
501.709,1.006
501.739,0.987
501.769,1.011
501.799,1.005
501.829,1.001
501.859,1.010
501.889,1.021
501.919,0.993
501.949,0.999
501.979,1.004
502.009,1.010
502.039,1.007
502.069,1.010
502.099,1.017
502.129,0.998
502.159,1.001
502.189,1.008
502.219,1.008
502.249,1.007
502.279,1.000
502.309,1.007
502.339,1.011
502.369,1.003
502.399,1.010
502.429,1.008
502.459,1.000
502.489,1.002
502.519,1.009
502.549,1.011
502.579,1.011
502.609,1.002
502.639,1.010
502.669,1.003
502.699,1.000
502.729,1.004
502.759,1.014
502.789,1.021
502.819,0.997
502.849,1.004
502.879,0.999
502.909,1.016
502.939,1.023
502.969,1.004
502.999,1.000
503.029,0.998
503.059,1.008
503.089,1.000
503.119,1.006
503.149,1.002
503.179,1.007
503.209,1.013
503.239,1.019
503.269,1.007
503.299,0.998
503.329,1.032
503.359,1.074
503.389,1.076
503.419,1.060
503.449,1.035
503.479,0.960
503.509,0.966
503.539,0.956
503.569,0.995
503.599,0.984
503.629,0.994
503.659,0.966
503.689,0.930
503.719,0.861
503.749,0.934
503.779,1.014
503.809,1.075
503.839,1.112
503.869,1.094
503.899,1.056
503.929,1.051
503.959,1.050
503.989,1.043
504.019,1.068
504.049,0.992
504.079,0.940
504.109,0.990
504.139,1.018
504.169,1.022
504.199,1.047
504.229,1.071
504.259,1.061
504.289,1.005
504.319,0.975
504.349,0.980
504.379,1.033
504.409,1.045
504.439,1.000
504.469,1.008
504.499,1.053
504.529,1.031
504.559,1.027
504.589,1.004
504.619,0.986
504.649,1.045
504.679,1.061
504.709,1.000
504.739,0.982
504.769,1.023
504.799,1.031
504.829,1.009
504.859,1.022
504.889,1.034
504.919,1.005
504.949,0.998
504.979,0.994
505.009,0.996
505.039,1.012
505.069,1.038
505.099,1.022
505.129,1.044
505.159,1.039
505.189,1.013
505.219,1.041
505.249,1.036
505.279,1.020
505.309,1.003
505.339,1.009
505.369,1.015
505.399,1.021
505.429,1.044
505.459,0.998
505.489,1.009
505.519,1.063
505.549,0.999
505.579,0.976
505.609,1.059
505.639,1.036
505.669,0.983
505.699,1.026
505.729,1.029
505.759,1.047
505.789,1.038
505.819,1.064
505.849,1.114
505.879,1.070
505.909,1.052
505.939,1.005
505.969,1.024
505.999,0.998
506.029,0.943
506.059,0.930
506.089,1.017
506.119,1.030
506.149,0.988
506.179,1.039
506.209,1.116
506.239,1.075
506.269,1.093
506.299,1.121
506.329,1.152
506.359,1.100
506.389,1.087
506.419,1.091
506.449,1.078
506.479,1.034
506.509,0.993
506.539,1.007
506.569,1.021
506.599,1.030
506.629,1.047
506.659,1.038
506.689,1.058
506.719,1.005
506.749,0.951
506.779,0.979
506.809,0.993
506.839,1.018
506.869,1.003
506.899,1.004
506.929,1.011
506.959,1.025
506.989,1.040
507.019,1.024
507.049,1.043
507.079,1.031
507.109,1.051
507.139,1.034
507.169,1.053
507.199,1.031
507.229,1.029
507.259,1.017
507.289,1.037
507.319,1.042
507.349,1.049
507.379,1.053
507.409,1.036
507.439,1.036
507.469,1.030
507.499,1.022
507.529,1.026
507.559,1.042
507.589,1.043
507.619,1.046
507.649,1.036
507.679,1.049
507.709,1.039
507.739,1.043
507.769,1.049
507.799,1.043
507.829,1.045
507.859,1.036
507.889,1.034
507.919,1.040
507.949,1.039
507.979,1.034
508.009,1.034
508.039,1.039
508.069,1.036
508.099,1.040
508.129,1.045
508.159,1.049
508.189,1.045
508.219,1.037
508.249,1.043
508.279,1.020
508.309,1.025
508.339,1.045
508.369,1.040
508.399,1.043
508.429,1.014
508.459,1.017
508.489,1.016
508.519,1.018
508.549,1.011
508.579,1.031
508.609,1.015
508.639,1.011
508.669,1.022
508.699,1.021
508.729,1.027
508.759,1.029
508.789,1.018
508.819,1.025
508.849,1.012
508.879,1.009
508.909,1.004
508.939,0.980
508.969,0.991
508.999,0.976
509.029,0.967
509.059,1.004
509.089,1.012
509.119,0.983
509.149,1.003
509.179,1.024
509.209,1.000
509.239,1.013
509.269,0.995
509.299,1.019
509.329,1.023
509.359,1.034
509.389,1.024
509.419,1.062
509.449,1.054
509.479,1.042
509.509,1.057
509.539,1.048
509.569,1.053
509.599,1.039
509.629,1.027
509.659,1.059
509.689,1.051
509.719,1.051
509.749,1.042
509.779,1.035
509.809,1.054
509.839,1.041
509.869,1.039
509.899,1.023
509.929,1.020
509.959,1.032
509.989,1.028
510.019,1.024
510.049,1.024
510.079,1.021
510.109,1.032
510.139,1.029
510.169,1.044
510.199,1.026
510.229,1.028
510.259,1.021
510.289,1.029
510.319,1.018
510.349,1.022
510.379,1.037
510.409,1.026
510.439,1.028
510.469,1.028
510.499,1.021
510.529,1.022
510.559,1.023
510.589,1.023
510.619,1.029
510.649,1.016
510.679,1.017
510.709,1.025
510.739,1.023
510.769,1.027
510.799,1.029
510.829,1.021
510.859,1.029
510.889,1.023
510.919,1.023
510.949,1.029
510.979,1.022
511.009,1.028
511.039,1.020
511.069,1.025
511.099,1.029
511.129,1.033
511.159,1.026
511.189,1.025
511.219,1.022
511.249,1.017
511.279,1.023
511.309,1.026
511.339,1.030
511.369,1.026
511.399,1.020
511.429,1.028
511.459,1.022
511.489,1.027
511.519,1.026
511.549,1.023
511.579,1.024
511.609,1.021
511.639,1.025
511.669,1.031
511.699,1.024
511.729,1.023
511.759,1.022
511.789,1.021
511.819,1.018
511.849,1.030
511.879,1.027
511.909,1.029
511.939,1.033
511.969,1.021
511.999,1.023
512.029,1.025
512.059,1.021
512.089,1.034
512.119,1.022
512.149,1.021
512.179,1.025
512.209,1.026
512.239,1.027
512.269,1.025
512.299,1.028
512.329,1.030
512.359,1.017
512.389,1.021
512.419,1.018
512.449,1.026
512.479,1.027
512.509,1.032
512.539,1.021
512.569,1.030
512.599,1.024
512.629,1.028
512.659,1.028
512.689,1.018
512.719,1.027
512.749,1.033
512.779,1.024
512.809,1.028
512.839,1.029
512.869,1.026
512.899,1.027
512.929,1.026
512.959,1.015
512.989,1.024
513.019,1.021
513.049,1.031
513.079,1.026
513.109,1.026
513.139,1.023
513.169,1.022
513.199,1.028
513.229,1.029
513.259,1.022
513.289,1.030
513.319,1.019
513.349,1.024
513.379,1.027
513.409,1.022
513.439,1.029
513.469,1.037
513.499,1.025
513.529,1.022
513.559,1.026
513.589,1.020
513.619,1.028
513.649,1.018
513.679,1.030
513.709,1.028
513.739,1.027
513.769,1.019
513.799,1.024
513.829,1.029
513.859,1.024
513.889,1.026
513.919,1.016
513.949,1.026
513.979,1.028
514.009,1.029
514.039,1.028
514.069,1.031
514.099,1.028
514.129,1.026
514.159,1.035
514.189,1.040
514.219,1.046
514.249,1.054
514.279,1.055
514.309,1.082
514.339,1.083
514.369,1.088
514.399,1.097
514.429,1.071
514.459,1.094
514.489,1.055
514.519,1.043
514.549,1.006
514.579,1.003
514.609,1.008
514.639,0.999
514.669,1.007
514.699,1.018
514.729,1.009
514.759,1.021
514.789,1.014
514.819,1.015
514.849,1.009
514.879,0.996
514.909,0.978
514.939,0.977
514.969,0.988
514.999,0.991
515.029,0.976
515.059,0.999
515.089,0.989
515.119,1.010
515.149,0.994
515.179,0.980
515.209,0.972
515.239,0.976
515.269,0.997
515.299,0.981
515.329,0.968
515.359,0.991
515.389,0.979
515.419,0.982
515.449,0.980
515.479,0.976
515.509,0.986
515.539,0.996
515.569,0.980
515.599,0.992
515.629,1.001
515.659,1.004
515.689,0.994
515.719,0.991
515.749,1.014
515.779,1.020
515.809,1.004
515.839,0.978
515.869,0.969
515.899,0.940
515.929,0.923
515.959,0.932
515.989,1.002
516.019,1.056
516.049,1.081
516.079,1.061
516.109,1.045
516.139,0.998
516.169,1.002
516.199,1.036
516.229,1.059
516.259,1.030
516.289,0.988
516.319,0.968
516.349,0.981
516.379,0.999
516.409,1.011
516.439,1.033
516.469,1.021
516.499,1.015
516.529,1.013
516.559,1.018
516.589,1.021
516.619,1.012
516.649,1.009
516.679,1.005
516.709,1.010
516.739,1.000
516.769,1.006
516.799,0.997
516.829,1.013
516.859,1.024
516.889,1.011
516.919,0.985
516.949,0.986
516.979,1.007
517.009,1.032
517.039,1.024
517.069,1.006
517.099,1.004
517.129,0.985
517.159,0.983
517.189,1.006
517.219,1.039
517.249,0.957
517.279,0.963
517.309,1.019
517.339,1.086
517.369,1.090
517.399,0.997
517.429,0.992
517.459,1.009
517.489,0.963
517.519,0.965
517.549,0.961
517.579,0.970
517.609,1.003
517.639,1.003
517.669,1.015
517.699,1.015
517.729,1.007
517.759,1.000
517.789,1.007
517.819,1.009
517.849,0.995
517.879,0.986
517.909,1.009
517.939,1.018
517.969,1.003
517.999,0.999
518.029,1.001
518.059,0.997
518.089,1.000
518.119,0.993
518.149,0.996
518.179,0.999
518.209,1.004
518.239,1.000
518.269,1.007
518.299,1.003
518.329,1.003
518.359,1.002
518.389,1.010
518.419,0.994
518.449,1.000
518.479,0.996
518.509,1.001
518.539,0.994
518.569,0.988
518.599,1.018
518.629,1.004
518.659,1.004
518.689,1.020
518.719,0.989
518.749,0.999
518.779,1.014
518.809,0.980
518.839,0.946
518.869,0.968
518.899,0.968
518.929,0.960
518.959,0.971
518.989,1.003
519.019,1.003
519.049,0.982
519.079,0.992
519.109,0.988
519.139,1.019
519.169,1.026
519.199,1.039
519.229,1.059
519.259,1.077
519.289,1.082
519.319,1.129
519.349,1.143
519.379,1.148
519.409,1.115
519.439,1.051
519.469,1.027
519.499,0.993
519.529,0.948
519.559,0.944
519.589,0.962
519.619,0.999
519.649,1.063
519.679,1.057
519.709,1.100
519.739,1.135
519.769,1.119
519.799,1.035
519.829,0.914
519.859,0.917
519.889,0.941
519.919,0.964
519.949,0.952
519.979,0.979
520.009,0.985
520.039,0.983
520.069,0.979
520.099,0.970
520.129,0.985
520.159,1.018
520.189,0.995
520.219,1.007
520.249,1.003
520.279,1.001
520.309,1.026
520.339,1.026
520.369,1.025
520.399,1.012
520.429,1.008
520.459,1.020
520.489,1.003
520.519,1.003
520.549,1.017
520.579,1.013
520.609,1.000
520.639,1.010
520.669,1.012
520.699,1.011
520.729,1.013
520.759,1.004
520.789,0.997
520.819,0.941
520.849,1.019
520.879,1.247
520.909,1.114
520.939,1.021
520.969,1.019
520.999,0.988
521.029,1.742
521.059,1.028
521.089,0.911
521.119,0.947
521.149,1.125
521.179,1.175
521.209,1.034
521.239,0.968
521.269,0.994
521.299,1.196
521.329,1.244
521.359,0.848
521.389,0.971
521.419,1.126
521.449,0.969
521.479,1.058
521.509,1.500
521.539,1.327
521.569,1.391
521.599,1.113
521.629,1.146
521.659,1.160
521.689,1.203
521.719,0.961
521.749,1.189
521.779,1.275
521.809,0.724
521.839,0.769
521.869,1.234
521.899,1.114
521.929,0.866
521.959,1.114
521.989,1.336
522.019,0.528
522.049,1.033
522.079,1.083
522.109,1.048
522.139,1.558
522.169,1.406
522.199,0.979
522.229,0.962
522.259,1.150
522.289,1.163
522.319,0.979
522.349,1.072
522.379,1.264
522.409,0.764
522.439,1.283
522.469,0.755
522.499,0.678
522.529,1.326
522.559,1.539
522.589,1.024
522.619,1.332
522.649,1.373
522.679,1.307
522.709,1.220
522.739,0.962
522.769,1.262
522.799,1.062
522.829,0.983
522.859,1.073
522.889,1.529
522.919,1.198
522.949,1.352
522.979,1.220
523.009,1.204
523.039,1.149
523.069,0.909
523.099,0.969
523.129,0.953
523.159,1.052
523.189,1.206
523.219,1.179
523.249,0.991
523.279,1.020
523.309,1.020
523.339,0.963
523.369,0.971
523.399,1.157
523.429,1.157
523.459,0.939
523.489,0.879
523.519,1.103
523.549,0.991
523.579,0.779
523.609,0.920
523.639,1.024
523.669,1.018
523.699,1.144
523.729,1.009
523.759,0.805
523.789,1.460
523.819,1.491
523.849,1.332
523.879,1.002
523.909,0.961
523.939,1.329
523.969,1.110
523.999,0.693
524.029,1.228
524.059,0.935
524.089,1.114
524.119,1.093
524.149,0.749
524.179,1.047
524.209,1.076
524.239,1.283
524.269,1.009
524.299,1.203
524.329,1.271
524.359,1.176
524.389,1.125
524.419,1.138
524.449,1.231
524.479,1.192
524.509,1.148
524.539,0.965
524.569,0.998
524.599,1.053
524.629,1.084
524.659,0.551
524.689,0.938
524.719,1.179
524.749,1.175
524.779,1.819
524.809,0.685
524.839,0.307
524.869,0.769
524.899,0.950
524.929,1.435
524.959,1.030
524.989,1.051
525.019,1.048
525.049,1.058
525.079,1.047
525.109,1.059
525.139,1.062
525.169,1.068
525.199,1.065
525.229,1.051
525.259,1.060
525.289,1.059
525.319,1.065
525.349,1.061
525.379,1.059
525.409,1.059
525.439,1.062
525.469,1.062
525.499,1.063
525.529,1.061
525.559,1.060
525.589,1.057
525.619,1.059
525.649,1.063
525.679,1.059
525.709,1.061
525.739,1.061
525.769,1.062
