df_hash,22ZHK4.PMY16R
device,HZ2X61
project_hash,29R7
project_name,istanbul_aydin_university
person_hash,29R7.EM1Q
person_label,V41
date_time_start,2025-10-27_13-47-49.203000_+03
date_time_start_unix,1761558469.203
date_time_end,2025-10-27_13-56-02.654000_+03
length_difference_noticed,no

time,acc_mag
5.175,1.040
5.205,1.042
5.235,1.042
5.265,1.052
5.295,1.062
5.325,1.058
5.355,1.053
5.385,1.057
5.415,1.056
5.445,1.038
5.475,1.046
5.505,1.046
5.535,1.044
5.565,1.043
5.595,1.041
5.625,1.037
5.655,1.045
5.685,1.049
5.715,1.045
5.745,1.054
5.775,1.054
5.805,1.046
5.835,1.045
5.865,1.050
5.895,1.043
5.925,1.053
5.955,1.048
5.985,1.048
6.015,1.052
6.045,1.043
6.075,1.043
6.105,1.046
6.135,1.050
6.165,1.049
6.195,1.053
6.225,1.052
6.255,1.039
6.285,1.048
6.315,1.044
6.345,1.048
6.375,1.046
6.405,1.053
6.435,1.055
6.465,1.055
6.495,1.050
6.525,1.041
6.555,1.049
6.585,1.040
6.615,1.046
6.645,1.044
6.675,1.047
6.705,1.052
6.735,1.055
6.765,1.046
6.795,1.044
6.825,1.048
6.855,1.045
6.885,1.050
6.915,1.052
6.945,1.043
6.975,1.047
7.005,1.050
7.035,1.046
7.065,1.050
7.095,1.050
7.125,1.050
7.155,1.046
7.185,1.045
7.215,1.051
7.245,1.043
7.275,1.041
7.305,1.038
7.335,1.057
7.365,1.055
7.395,1.046
7.425,1.057
7.455,1.045
7.485,1.041
7.515,1.045
7.545,1.052
7.575,1.048
7.605,1.049
7.635,1.048
7.665,1.044
7.695,1.054
7.725,1.054
7.755,1.041
7.785,1.038
7.815,1.040
7.845,1.045
7.875,1.040
7.905,1.050
7.935,1.051
7.965,1.040
7.995,1.060
8.025,1.031
8.055,1.056
8.085,1.054
8.115,1.049
8.145,1.043
8.175,1.035
8.205,1.059
8.235,1.009
8.265,1.040
8.295,1.057
8.325,1.055
8.355,1.071
8.385,1.058
8.415,1.058
8.445,1.047
8.475,1.055
8.505,1.032
8.535,1.056
8.565,1.059
8.595,1.047
8.625,1.056
8.655,1.048
8.685,1.044
8.715,1.046
8.745,1.050
8.775,1.048
8.805,1.051
8.835,1.059
8.865,1.048
8.895,1.035
8.925,1.033
8.955,1.049
8.985,1.054
9.015,1.050
9.045,1.047
9.075,1.051
9.105,1.044
9.135,1.042
9.165,1.053
9.195,1.044
9.225,1.046
9.255,1.051
9.285,1.046
9.315,1.042
9.345,1.048
9.375,1.052
9.405,1.040
9.435,1.050
9.465,1.042
9.495,1.051
9.525,1.046
9.555,1.049
9.585,1.046
9.615,1.044
9.645,1.046
9.675,1.051
9.705,1.052
9.735,1.049
9.765,1.051
9.795,1.039
9.825,1.043
9.855,1.048
9.885,1.048
9.915,1.041
9.945,1.039
9.975,1.043
10.005,1.047
10.035,1.042
10.065,1.047
10.095,1.049
10.125,1.048
10.155,1.047
10.185,1.055
10.215,1.042
10.245,1.044
10.275,1.044
10.305,1.051
10.335,1.048
10.365,1.046
10.395,1.046
10.425,1.051
10.455,1.051
10.485,1.044
10.515,1.044
10.545,1.047
10.575,1.046
10.605,1.048
10.635,1.048
10.665,1.044
10.695,1.049
10.725,1.046
10.755,1.042
10.785,1.046
10.815,1.044
10.845,1.043
10.875,1.048
10.905,1.048
10.935,1.040
10.965,1.051
10.995,1.048
11.025,1.045
11.055,1.048
11.085,1.050
11.115,1.042
11.145,1.043
11.175,1.047
11.205,1.049
11.235,1.048
11.265,1.048
11.295,1.050
11.325,1.047
11.355,1.042
11.385,1.044
11.415,1.048
11.445,1.054
11.475,1.048
11.505,1.045
11.535,1.046
11.565,1.046
11.595,1.047
11.625,1.046
11.655,1.049
11.685,1.051
11.715,1.056
11.745,1.044
11.775,1.046
11.805,1.043
11.835,1.046
11.865,1.048
11.895,1.051
11.925,1.044
11.955,1.040
11.985,1.048
12.015,1.042
12.045,1.045
12.075,1.048
12.105,1.051
12.135,1.050
12.165,1.052
12.195,1.052
12.225,1.047
12.255,1.050
12.285,1.050
12.315,1.049
12.345,1.048
12.375,1.045
12.405,1.054
12.435,1.050
12.465,1.052
12.495,1.050
12.525,1.047
12.555,1.040
12.585,1.044
12.615,1.046
12.645,1.048
12.675,1.050
12.705,1.051
12.735,1.048
12.765,1.044
12.795,1.052
12.825,1.047
12.855,1.044
12.885,1.048
12.915,1.049
12.945,1.045
12.975,1.047
13.005,1.054
13.035,1.045
13.065,1.045
13.095,1.045
13.125,1.051
13.155,1.051
13.185,1.047
13.215,1.047
13.245,1.046
13.275,1.048
13.305,1.048
13.335,1.049
13.365,1.048
13.395,1.046
13.425,1.042
13.455,1.048
13.485,1.050
13.515,1.050
13.545,1.051
13.575,1.044
13.605,1.051
13.635,1.046
13.665,1.040
13.695,1.055
13.725,1.051
13.755,1.045
13.785,1.054
13.815,1.046
13.845,1.041
13.875,1.046
13.905,1.057
13.935,1.050
13.965,1.047
13.995,1.043
14.025,1.044
14.055,1.052
14.085,1.047
14.115,1.054
14.145,1.046
14.175,1.048
14.205,1.041
14.235,1.041
14.265,1.041
14.295,1.047
14.325,1.050
14.355,1.048
14.385,1.055
14.415,1.049
14.445,1.043
14.475,1.039
14.505,1.051
14.535,1.046
14.565,1.043
14.595,1.053
14.625,1.044
14.655,1.047
14.685,1.047
14.715,1.045
14.745,1.050
14.775,1.043
14.805,1.046
14.835,1.047
14.865,1.054
14.895,1.050
14.925,1.052
14.955,1.044
14.985,1.045
15.015,1.043
15.045,1.044
15.075,1.052
15.105,1.044
15.135,1.043
15.165,1.048
15.195,1.051
15.225,1.043
15.255,1.046
15.285,1.050
15.315,1.048
15.345,1.043
15.375,1.050
15.405,1.050
15.435,1.052
15.465,1.053
15.495,1.048
15.525,1.043
15.555,1.046
15.585,1.043
15.615,1.049
15.645,1.047
15.675,1.047
15.705,1.042
15.735,1.046
15.765,1.044
15.795,1.052
15.825,1.048
15.855,1.047
15.885,1.047
15.915,1.039
15.945,1.043
15.975,1.046
16.005,1.045
16.035,1.050
16.065,1.045
16.095,1.052
16.125,1.049
16.155,1.051
16.185,1.047
16.215,1.046
16.245,1.047
16.275,1.050
16.305,1.049
16.335,1.046
16.365,1.043
16.395,1.047
16.425,1.049
16.455,1.049
16.485,1.047
16.515,1.049
16.545,1.048
16.575,1.048
16.605,1.050
16.635,1.039
16.665,1.050
16.695,1.048
16.725,1.041
16.755,1.042
16.785,1.048
16.815,1.051
16.845,1.052
16.875,1.050
16.905,1.049
16.935,1.043
16.965,1.049
16.995,1.052
17.025,1.042
17.055,1.042
17.085,1.041
17.115,1.041
17.145,1.047
17.175,1.053
17.205,1.053
17.235,1.047
17.265,1.051
17.295,1.045
17.325,1.043
17.355,1.050
17.385,1.053
17.415,1.045
17.445,1.039
17.475,1.049
17.505,1.044
17.535,1.049
17.565,1.054
17.595,1.045
17.625,1.043
17.655,1.044
17.685,1.048
17.715,1.042
17.745,1.048
17.775,1.051
17.805,1.048
17.835,1.042
17.865,1.046
17.895,1.045
17.925,1.043
17.955,1.049
17.985,1.051
18.015,1.044
18.045,1.045
18.075,1.046
18.105,1.044
18.135,1.050
18.165,1.049
18.195,1.049
18.225,1.049
18.255,1.042
18.285,1.043
18.315,1.044
18.345,1.043
18.375,1.046
18.405,1.053
18.435,1.048
18.465,1.045
18.495,1.046
18.525,1.049
18.555,1.042
18.585,1.051
18.615,1.048
18.645,1.043
18.675,1.046
18.705,1.049
18.735,1.045
18.765,1.050
18.795,1.050
18.825,1.049
18.855,1.047
18.885,1.046
18.915,1.047
18.945,1.046
18.975,1.048
19.005,1.047
19.035,1.045
19.065,1.046
19.095,1.040
19.125,1.052
19.155,1.047
19.185,1.047
19.215,1.049
19.245,1.046
19.275,1.046
19.305,1.046
19.335,1.052
19.365,1.040
19.395,1.040
19.425,1.048
19.455,1.049
19.485,1.047
19.515,1.050
19.545,1.043
19.575,1.042
19.605,1.044
19.635,1.046
19.665,1.043
19.695,1.048
19.725,1.048
19.755,1.047
19.785,1.052
19.815,1.051
19.845,1.046
19.875,1.043
19.905,1.044
19.935,1.050
19.965,1.062
19.995,1.066
20.025,1.045
20.055,1.051
20.085,1.047
20.115,1.036
20.145,1.042
20.175,1.047
20.205,1.050
20.235,1.048
20.265,1.042
20.295,1.048
20.325,1.047
20.355,1.046
20.385,1.048
20.415,1.052
20.445,1.046
20.475,1.046
20.505,1.042
20.535,1.050
20.565,1.054
20.595,1.048
20.625,1.047
20.655,1.043
20.685,1.045
20.715,1.047
20.745,1.043
20.775,1.054
20.805,1.046
20.835,1.045
20.865,1.045
20.895,1.052
20.925,1.043
20.955,1.044
20.985,1.049
21.015,1.048
21.045,1.048
21.075,1.042
21.105,1.046
21.135,1.044
21.165,1.048
21.195,1.046
21.225,1.047
21.255,1.046
21.285,1.048
21.315,1.048
21.345,1.047
21.375,1.050
21.405,1.046
21.435,1.047
21.465,1.043
21.495,1.044
21.525,1.044
21.555,1.048
21.585,1.049
21.615,1.048
21.645,1.048
21.675,1.042
21.705,1.042
21.735,1.050
21.765,1.041
21.795,1.051
21.825,1.052
21.855,1.044
21.885,1.047
21.915,1.047
21.945,1.043
21.975,1.044
22.005,1.047
22.035,1.046
22.065,1.043
22.095,1.049
22.125,1.050
22.155,1.046
22.185,1.049
22.215,1.048
22.245,1.049
22.275,1.040
22.305,1.043
22.335,1.040
22.365,1.047
22.395,1.047
22.425,1.045
22.455,1.049
22.485,1.051
22.515,1.044
22.545,1.045
22.575,1.046
22.605,1.041
22.635,1.044
22.665,1.051
22.695,1.051
22.725,1.048
22.755,1.046
22.785,1.046
22.815,1.043
22.845,1.051
22.875,1.046
22.905,1.040
22.935,1.043
22.965,1.051
22.995,1.054
23.025,1.055
23.055,1.056
23.085,1.042
23.115,1.041
23.145,1.042
23.175,1.048
23.205,1.049
23.235,1.049
23.265,1.051
23.295,1.046
23.325,1.047
23.355,1.052
23.385,1.041
23.415,1.055
23.445,1.053
23.475,1.048
23.505,1.050
23.535,1.042
23.565,1.044
23.595,1.048
23.625,1.049
23.655,1.049
23.685,1.045
23.715,1.047
23.745,1.053
23.775,1.049
23.805,1.050
23.835,1.048
23.865,1.055
23.895,1.045
23.925,1.044
23.955,1.044
23.985,1.044
24.015,1.046
24.045,1.054
24.075,1.047
24.105,1.042
24.135,1.043
24.165,1.054
24.195,1.045
24.225,1.052
24.255,1.052
24.285,1.044
24.315,1.048
24.345,1.044
24.375,1.047
24.405,1.048
24.435,1.049
24.465,1.046
24.495,1.044
24.525,1.045
24.555,1.050
24.585,1.047
24.615,1.042
24.645,1.046
24.675,1.052
24.705,1.044
24.735,1.050
24.765,1.046
24.795,1.049
24.825,1.044
24.855,1.047
24.885,1.050
24.915,1.051
24.945,1.044
24.975,1.045
25.005,1.041
25.035,1.041
25.065,1.046
25.095,1.054
25.125,1.048
25.155,1.047
25.185,1.047
25.215,1.048
25.245,1.047
25.275,1.048
25.305,1.049
25.335,1.053
25.365,1.051
25.395,1.045
25.425,1.047
25.455,1.051
25.485,1.049
25.515,1.048
25.545,1.047
25.575,1.041
25.605,1.038
25.635,1.042
25.665,1.052
25.695,1.046
25.725,1.041
25.755,1.045
25.785,1.048
25.815,1.049
25.845,1.047
25.875,1.047
25.905,1.046
25.935,1.041
25.965,1.047
25.995,1.049
26.025,1.047
26.055,1.044
26.085,1.049
26.115,1.047
26.145,1.049
26.175,1.051
26.205,1.050
26.235,1.044
26.265,1.049
26.295,1.047
26.325,1.046
26.355,1.046
26.385,1.049
26.415,1.052
26.445,1.047
26.475,1.042
26.505,1.044
26.535,1.049
26.565,1.046
26.595,1.048
26.625,1.048
26.655,1.042
26.685,1.042
26.715,1.047
26.745,1.041
26.775,1.044
26.805,1.053
26.835,1.048
26.865,1.048
26.895,1.047
26.925,1.046
26.955,1.047
26.985,1.047
27.015,1.046
27.045,1.045
27.075,1.047
27.105,1.045
27.135,1.046
27.165,1.050
27.195,1.046
27.225,1.044
27.255,1.048
27.285,1.050
27.315,1.055
27.345,1.046
27.375,1.049
27.405,1.041
27.435,1.046
27.465,1.051
27.495,1.048
27.525,1.047
27.555,1.045
27.585,1.043
27.615,1.052
27.645,1.049
27.675,1.049
27.705,1.050
27.735,1.040
27.765,1.041
27.795,1.043
27.825,1.043
27.855,1.044
27.885,1.053
27.915,1.047
27.945,1.046
27.975,1.045
28.005,1.047
28.035,1.048
28.065,1.046
28.095,1.049
28.125,1.047
28.155,1.049
28.185,1.050
28.215,1.051
28.245,1.042
28.275,1.047
28.305,1.046
28.335,1.048
28.365,1.043
28.395,1.046
28.425,1.047
28.455,1.049
28.485,1.046
28.515,1.051
28.545,1.048
28.575,1.044
28.605,1.051
28.635,1.052
28.665,1.045
28.695,1.043
28.725,1.041
28.755,1.048
28.785,1.051
28.815,1.052
28.845,1.051
28.875,1.048
28.905,1.044
28.935,1.048
28.965,1.049
28.995,1.044
29.025,1.045
29.055,1.046
29.085,1.050
29.115,1.046
29.145,1.044
29.175,1.050
29.205,1.048
29.235,1.047
29.265,1.051
29.295,1.045
29.325,1.048
29.355,1.046
29.385,1.047
29.415,1.041
29.445,1.046
29.475,1.049
29.505,1.046
29.535,1.045
29.565,1.044
29.595,1.046
29.625,1.046
29.655,1.047
29.685,1.050
29.715,1.050
29.745,1.049
29.775,1.049
29.805,1.049
29.835,1.046
29.865,1.046
29.895,1.045
29.925,1.048
29.955,1.047
29.985,1.050
30.015,1.047
30.045,1.050
30.075,1.040
30.105,1.053
30.135,1.046
30.165,1.050
30.195,1.049
30.225,1.047
30.255,1.045
30.285,1.045
30.315,1.044
30.345,1.047
30.375,1.043
30.405,1.051
30.435,1.050
30.465,1.048
30.495,1.046
30.525,1.046
30.555,1.044
30.585,1.047
30.615,1.047
30.645,1.057
30.675,1.047
30.705,1.045
30.735,1.050
30.765,1.048
30.795,1.045
30.825,1.043
30.855,1.045
30.885,1.045
30.915,1.053
30.945,1.055
30.975,1.043
31.005,1.048
31.035,1.048
31.065,1.046
31.095,1.045
31.125,1.047
31.155,1.045
31.185,1.048
31.215,1.051
31.245,1.050
31.275,1.043
31.305,1.048
31.335,1.052
31.365,1.049
31.395,1.047
31.425,1.044
31.455,1.044
31.485,1.044
31.515,1.048
31.545,1.050
31.575,1.048
31.605,1.045
31.635,1.050
31.665,1.044
31.695,1.050
31.725,1.048
31.755,1.044
31.785,1.051
31.815,1.043
31.845,1.049
31.875,1.042
31.905,1.050
31.935,1.042
31.965,1.044
31.995,1.048
32.025,1.045
32.055,1.042
32.085,1.044
32.115,1.049
32.145,1.050
32.175,1.042
32.205,1.048
32.235,1.049
32.265,1.049
32.295,1.045
32.325,1.043
32.355,1.044
32.385,1.045
32.415,1.048
32.445,1.046
32.475,1.045
32.505,1.047
32.535,1.049
32.565,1.053
32.595,1.050
32.625,1.046
32.655,1.048
32.685,1.047
32.715,1.044
32.745,1.046
32.775,1.053
32.805,1.041
32.835,1.045
32.865,1.048
32.895,1.048
32.925,1.046
32.955,1.052
32.985,1.042
33.015,1.046
33.045,1.043
33.075,1.055
33.105,1.046
33.135,1.040
33.165,1.048
33.195,1.050
33.225,1.047
33.255,1.047
33.285,1.046
33.315,1.044
33.345,1.046
33.375,1.049
33.405,1.048
33.435,1.048
33.465,1.046
33.495,1.050
33.525,1.051
33.555,1.050
33.585,1.046
33.615,1.048
33.645,1.049
33.675,1.048
33.705,1.044
33.735,1.050
33.765,1.045
33.795,1.049
33.825,1.047
33.855,1.045
33.885,1.049
33.915,1.053
33.945,1.050
33.975,1.047
34.005,1.043
34.035,1.043
34.065,1.046
34.095,1.048
34.125,1.051
34.155,1.053
34.185,1.045
34.215,1.046
34.245,1.046
34.275,1.046
34.305,1.050
34.335,1.049
34.365,1.046
34.395,1.047
34.425,1.044
34.455,1.046
34.485,1.046
34.515,1.044
34.545,1.046
34.575,1.047
34.605,1.048
34.635,1.049
34.665,1.047
34.695,1.052
34.725,1.045
34.755,1.048
34.785,1.048
34.815,1.054
34.845,1.050
34.875,1.047
34.905,1.043
34.935,1.051
34.965,1.043
34.995,1.047
35.025,1.051
35.055,1.046
35.085,1.046
35.115,1.045
35.145,1.045
35.175,1.047
35.205,1.048
35.235,1.049
35.265,1.045
35.295,1.048
35.325,1.048
35.355,1.049
35.385,1.049
35.415,1.049
35.445,1.049
35.475,1.046
35.505,1.044
35.535,1.048
35.565,1.051
35.595,1.043
35.625,1.042
35.655,1.044
35.685,1.050
35.715,1.045
35.745,1.048
35.775,1.045
35.805,1.045
35.835,1.046
35.865,1.049
35.895,1.048
35.925,1.044
35.955,1.052
35.985,1.048
36.015,1.048
36.045,1.044
36.075,1.049
36.105,1.046
36.135,1.049
36.165,1.049
36.195,1.050
36.225,1.048
36.255,1.048
36.285,1.048
36.315,1.047
36.345,1.047
36.375,1.044
36.405,1.048
36.435,1.046
36.465,1.047
36.495,1.047
36.525,1.045
36.555,1.050
36.585,1.048
36.615,1.044
36.645,1.049
36.675,1.047
36.705,1.049
36.735,1.048
36.765,1.044
36.795,1.052
36.825,1.043
36.855,1.046
36.885,1.052
36.915,1.048
36.945,1.049
36.975,1.046
37.005,1.042
37.035,1.050
37.065,1.049
37.095,1.054
37.125,1.047
37.155,1.048
37.185,1.041
37.215,1.049
37.245,1.047
37.275,1.051
37.305,1.049
37.335,1.055
37.365,1.059
37.395,1.053
37.425,1.054
37.455,1.050
37.485,1.044
37.515,1.050
37.545,1.044
37.575,1.042
37.605,1.051
37.635,1.047
37.665,1.054
37.695,1.048
37.725,1.064
37.755,1.058
37.785,1.060
37.815,1.054
37.845,1.049
37.875,1.049
37.905,1.034
37.935,1.044
37.965,1.039
37.995,1.043
38.025,1.053
38.055,1.043
38.085,1.035
38.115,1.049
38.145,1.034
38.175,1.037
38.205,1.044
38.235,1.042
38.265,1.053
38.295,1.043
38.325,1.049
38.355,1.046
38.385,1.042
38.415,1.057
38.445,1.047
38.475,1.038
38.505,1.044
38.535,1.045
38.565,1.047
38.595,1.049
38.625,1.054
38.655,1.052
38.685,1.046
38.715,1.044
38.745,1.046
38.775,1.041
38.805,1.049
38.835,1.049
38.865,1.050
38.895,1.052
38.925,1.043
38.955,1.043
38.985,1.039
39.015,1.048
39.045,1.052
39.075,1.059
39.105,1.056
39.135,1.041
39.165,1.038
39.195,1.048
39.225,1.062
39.255,1.051
39.285,1.046
39.315,1.045
39.345,1.040
39.375,1.040
39.405,1.047
39.435,1.048
39.465,1.057
39.495,1.052
39.525,1.048
39.555,1.044
39.585,1.043
39.615,1.048
39.645,1.053
39.675,1.059
39.705,1.058
39.735,1.041
39.765,1.043
39.795,1.040
39.825,1.049
39.855,1.048
39.885,1.057
39.915,1.054
39.945,1.049
39.975,1.050
40.005,1.049
40.035,1.040
40.065,1.040
40.095,1.044
40.125,1.048
40.155,1.047
40.185,1.054
40.215,1.060
40.245,1.054
40.275,1.053
40.305,1.042
40.335,1.047
40.365,1.043
40.395,1.051
40.425,1.057
40.455,1.049
40.485,1.053
40.515,1.053
40.545,1.061
40.575,1.053
40.605,1.049
40.635,1.056
40.665,1.048
40.695,1.051
40.725,1.045
40.755,1.052
40.785,1.056
40.815,1.047
40.845,1.042
40.875,1.051
40.905,1.038
40.935,1.040
40.965,1.033
40.995,1.043
41.025,1.047
41.055,1.036
41.085,1.041
41.115,1.032
41.145,1.041
41.175,1.031
41.205,1.038
41.235,1.028
41.265,1.038
41.295,1.047
41.325,1.037
41.355,1.037
41.385,1.045
41.415,1.037
41.445,1.043
41.475,1.042
41.505,1.049
41.535,1.044
41.565,1.043
41.595,1.041
41.625,1.038
41.655,1.037
41.685,1.042
41.715,1.042
41.745,1.043
41.775,1.046
41.805,1.047
41.835,1.046
41.865,1.041
41.895,1.046
41.925,1.048
41.955,1.037
41.985,1.039
42.015,1.046
42.045,1.042
42.075,1.041
42.105,1.045
42.135,1.047
42.165,1.058
42.195,1.044
42.225,1.036
42.255,1.040
42.285,1.047
42.315,1.045
42.345,1.038
42.375,1.040
42.405,1.049
42.435,1.049
42.465,1.041
42.495,1.045
42.525,1.046
42.555,1.041
42.585,1.041
42.615,1.045
42.645,1.044
42.675,1.040
42.705,1.051
42.735,1.047
42.765,1.045
42.795,1.047
42.825,1.046
42.855,1.046
42.885,1.035
42.915,1.050
42.945,1.036
42.975,1.041
43.005,1.047
43.035,1.042
43.065,1.037
43.095,1.036
43.125,1.046
43.155,1.048
43.185,1.048
43.215,1.042
43.245,1.031
43.275,1.040
43.305,1.033
43.335,1.032
43.365,1.047
43.395,1.062
43.425,1.060
43.455,1.058
43.485,1.057
43.515,1.046
43.545,1.048
43.575,1.041
43.605,1.041
43.635,1.047
43.665,1.048
43.695,1.049
43.725,1.039
43.755,1.031
43.785,1.051
43.815,1.051
43.845,1.045
43.875,1.045
43.905,1.051
43.935,1.040
43.965,1.045
43.995,1.044
44.025,1.041
44.055,1.041
44.085,1.049
44.115,1.047
44.145,1.048
44.175,1.056
44.205,1.056
44.235,1.047
44.265,1.043
44.295,1.035
44.325,1.042
44.355,1.042
44.385,1.045
44.415,1.049
44.445,1.049
44.475,1.049
44.505,1.048
44.535,1.041
44.565,1.046
44.595,1.045
44.625,1.047
44.655,1.041
44.685,1.047
44.715,1.043
44.745,1.045
44.775,1.049
44.805,1.046
44.835,1.044
44.865,1.041
44.895,1.045
44.925,1.040
44.955,1.041
44.985,1.041
45.015,1.047
45.045,1.049
45.075,1.045
45.105,1.043
45.135,1.043
45.165,1.040
45.195,1.044
45.225,1.038
45.255,1.040
45.285,1.054
45.315,1.039
45.345,1.049
45.375,1.051
45.405,1.042
45.435,1.044
45.465,1.042
45.495,1.036
45.525,1.043
45.555,1.048
45.585,1.049
45.615,1.047
45.645,1.047
45.675,1.046
45.705,1.048
45.735,1.048
45.765,1.038
45.795,1.050
45.825,1.046
45.855,1.052
45.885,1.052
45.915,1.044
45.945,1.043
45.975,1.040
46.005,1.044
46.035,1.042
46.065,1.046
46.095,1.052
46.125,1.049
46.155,1.041
46.185,1.038
46.215,1.043
46.245,1.041
46.275,1.038
46.305,1.042
46.335,1.045
46.365,1.041
46.395,1.048
46.425,1.045
46.455,1.042
46.485,1.047
46.515,1.043
46.545,1.043
46.575,1.039
46.605,1.042
46.635,1.044
46.665,1.045
46.695,1.042
46.725,1.044
46.755,1.047
46.785,1.045
46.815,1.040
46.845,1.047
46.875,1.039
46.905,1.037
46.935,1.039
46.965,1.046
46.995,1.035
47.025,1.041
47.055,1.049
47.085,1.040
47.115,1.037
47.145,1.036
47.175,1.042
47.205,1.045
47.235,1.039
47.265,1.042
47.295,1.045
47.325,1.045
47.355,1.042
47.385,1.043
47.415,1.040
47.445,1.043
47.475,1.045
47.505,1.040
47.535,1.040
47.565,1.039
47.595,1.043
47.625,1.045
47.655,1.037
47.685,1.042
47.715,1.046
47.745,1.042
47.775,1.043
47.805,1.047
47.835,1.051
47.865,1.039
47.895,1.038
47.925,1.045
47.955,1.043
47.985,1.040
48.015,1.042
48.045,1.044
48.075,1.043
48.105,1.042
48.135,1.044
48.165,1.040
48.195,1.043
48.225,1.035
48.255,1.044
48.285,1.045
48.315,1.043
48.345,1.044
48.375,1.046
48.405,1.042
48.435,1.041
48.465,1.048
48.495,1.047
48.525,1.041
48.555,1.039
48.585,1.041
48.615,1.043
48.645,1.046
48.675,1.052
48.705,1.039
48.735,1.035
48.765,1.043
48.795,1.045
48.825,1.042
48.855,1.043
48.885,1.041
48.915,1.039
48.945,1.043
48.975,1.047
49.005,1.043
49.035,1.042
49.065,1.043
49.095,1.043
49.125,1.043
49.155,1.039
49.185,1.036
49.215,1.044
49.245,1.046
49.275,1.038
49.305,1.039
49.335,1.043
49.365,1.043
49.395,1.046
49.425,1.044
49.455,1.050
49.485,1.039
49.515,1.045
49.545,1.045
49.575,1.039
49.605,1.040
49.635,1.042
49.665,1.042
49.695,1.045
49.725,1.042
49.755,1.041
49.785,1.043
49.815,1.047
49.845,1.039
49.875,1.037
49.905,1.045
49.935,1.047
49.965,1.044
49.995,1.044
50.025,1.039
50.055,1.040
50.085,1.040
50.115,1.046
50.145,1.048
50.175,1.038
50.205,1.048
50.235,1.041
50.265,1.047
50.295,1.046
50.325,1.037
50.355,1.039
50.385,1.046
50.415,1.039
50.445,1.044
50.475,1.043
50.505,1.044
50.535,1.041
50.565,1.047
50.595,1.044
50.625,1.046
50.655,1.040
50.685,1.044
50.715,1.044
50.745,1.045
50.775,1.042
50.805,1.036
50.835,1.042
50.865,1.042
50.895,1.043
50.925,1.047
50.955,1.044
50.985,1.036
51.015,1.040
51.045,1.049
51.075,1.042
51.105,1.042
51.135,1.043
51.165,1.043
51.195,1.042
51.225,1.041
51.255,1.044
51.285,1.042
51.315,1.042
51.345,1.043
51.375,1.044
51.405,1.042
51.435,1.043
51.465,1.044
51.495,1.046
51.525,1.043
51.555,1.042
51.585,1.046
51.615,1.043
51.645,1.041
51.675,1.042
51.705,1.040
51.735,1.043
51.765,1.046
51.795,1.044
51.825,1.037
51.855,1.044
51.885,1.048
51.915,1.040
51.945,1.042
51.975,1.044
52.005,1.044
52.035,1.040
52.065,1.038
52.095,1.045
52.125,1.044
52.155,1.047
52.185,1.046
52.215,1.040
52.245,1.042
52.275,1.045
52.305,1.045
52.335,1.042
52.365,1.041
52.395,1.041
52.425,1.040
52.455,1.042
52.485,1.046
52.515,1.048
52.545,1.042
52.575,1.042
52.605,1.041
52.635,1.050
52.665,1.042
52.695,1.038
52.725,1.041
52.755,1.044
52.785,1.040
52.815,1.040
52.845,1.043
52.875,1.053
52.905,1.036
52.935,1.042
52.965,1.047
52.995,1.046
53.025,1.037
53.055,1.040
53.085,1.041
53.115,1.045
53.145,1.044
53.175,1.044
53.205,1.043
53.235,1.041
53.265,1.046
53.295,1.043
53.325,1.045
53.355,1.042
53.385,1.038
53.415,1.038
53.445,1.041
53.475,1.040
53.505,1.041
53.535,1.046
53.565,1.043
53.595,1.039
53.625,1.039
53.655,1.044
53.685,1.041
53.715,1.043
53.745,1.041
53.775,1.046
53.805,1.042
53.835,1.041
53.865,1.039
53.895,1.044
53.925,1.040
53.955,1.044
53.985,1.045
54.015,1.041
54.045,1.038
54.075,1.040
54.105,1.045
54.135,1.044
54.165,1.042
54.195,1.048
54.225,1.044
54.255,1.038
54.285,1.039
54.315,1.044
54.345,1.042
54.375,1.043
54.405,1.040
54.435,1.041
54.465,1.040
54.495,1.042
54.525,1.048
54.555,1.040
54.585,1.043
54.615,1.046
54.645,1.051
54.675,1.044
54.705,1.041
54.735,1.040
54.765,1.039
54.795,1.041
54.825,1.042
54.855,1.041
54.885,1.045
54.915,1.039
54.945,1.044
54.975,1.045
55.005,1.038
55.035,1.042
55.065,1.044
55.095,1.042
55.125,1.043
55.155,1.047
55.185,1.043
55.215,1.042
55.245,1.043
55.275,1.041
55.305,1.040
55.335,1.041
55.365,1.043
55.395,1.040
55.425,1.045
55.455,1.045
55.485,1.038
55.515,1.048
55.545,1.045
55.575,1.043
55.605,1.044
55.635,1.042
55.665,1.044
55.695,1.047
55.725,1.044
55.755,1.048
55.785,1.042
55.815,1.042
55.845,1.046
55.875,1.037
55.905,1.039
55.935,1.042
55.965,1.044
55.995,1.040
56.025,1.048
56.055,1.045
56.085,1.043
56.115,1.039
56.145,1.045
56.175,1.047
56.205,1.049
56.235,1.044
56.265,1.036
56.295,1.036
56.325,1.046
56.355,1.047
56.385,1.042
56.415,1.039
56.445,1.036
56.475,1.039
56.505,1.043
56.535,1.047
56.565,1.041
56.595,1.045
56.625,1.039
56.655,1.045
56.685,1.048
56.715,1.037
56.745,1.043
56.775,1.041
56.805,1.039
56.835,1.045
56.865,1.045
56.895,1.043
56.925,1.040
56.955,1.044
56.985,1.045
57.015,1.048
57.045,1.047
57.075,1.042
57.105,1.039
57.135,1.035
57.165,1.047
57.195,1.045
57.225,1.047
57.255,1.044
57.285,1.043
57.315,1.039
57.345,1.040
57.375,1.043
57.405,1.048
57.435,1.037
57.465,1.039
57.495,1.043
57.525,1.041
57.555,1.039
57.585,1.044
57.615,1.043
57.645,1.043
57.675,1.043
57.705,1.045
57.735,1.041
57.765,1.042
57.795,1.040
57.825,1.044
57.855,1.042
57.885,1.044
57.915,1.040
57.945,1.042
57.975,1.050
58.005,1.045
58.035,1.046
58.065,1.039
58.095,1.045
58.125,1.040
58.155,1.043
58.185,1.046
58.215,1.043
58.245,1.039
58.275,1.040
58.305,1.042
58.335,1.047
58.365,1.039
58.395,1.047
58.425,1.046
58.455,1.039
58.485,1.037
58.515,1.041
58.545,1.041
58.575,1.041
58.605,1.041
58.635,1.041
58.665,1.039
58.695,1.042
58.725,1.046
58.755,1.044
58.785,1.044
58.815,1.040
58.845,1.038
58.875,1.041
58.905,1.042
58.935,1.045
58.965,1.047
58.995,1.047
59.025,1.040
59.055,1.046
59.085,1.040
59.115,1.037
59.145,1.042
59.175,1.041
59.205,1.042
59.235,1.040
59.265,1.040
59.295,1.047
59.325,1.037
59.355,1.040
59.385,1.049
59.415,1.039
59.445,1.040
59.475,1.043
59.505,1.045
59.535,1.044
59.565,1.044
59.595,1.039
59.625,1.037
59.655,1.041
59.685,1.045
59.715,1.046
59.745,1.043
59.775,1.041
59.805,1.039
59.835,1.040
59.865,1.041
59.895,1.041
59.925,1.047
59.955,1.044
59.985,1.041
60.015,1.040
60.045,1.043
60.075,1.044
60.105,1.040
60.135,1.042
60.165,1.044
60.195,1.039
60.225,1.041
60.255,1.042
60.285,1.045
60.315,1.038
60.345,1.046
60.375,1.045
60.405,1.037
60.435,1.040
60.465,1.038
60.495,1.037
60.525,1.040
60.555,1.044
60.585,1.043
60.615,1.041
60.645,1.044
60.675,1.043
60.705,1.045
60.735,1.040
60.765,1.043
60.795,1.038
60.825,1.044
60.855,1.047
60.885,1.040
60.915,1.037
60.945,1.042
60.975,1.045
61.005,1.044
61.035,1.044
61.065,1.039
61.095,1.043
61.125,1.044
61.155,1.043
61.185,1.046
61.215,1.041
61.245,1.042
61.275,1.041
61.305,1.043
61.335,1.040
61.365,1.035
61.395,1.041
61.425,1.043
61.455,1.043
61.485,1.045
61.515,1.041
61.545,1.044
61.575,1.041
61.605,1.042
61.635,1.042
61.665,1.045
61.695,1.045
61.725,1.043
61.755,1.039
61.785,1.045
61.815,1.048
61.845,1.043
61.875,1.036
61.905,1.039
61.935,1.041
61.965,1.041
61.995,1.040
62.025,1.047
62.055,1.041
62.085,1.038
62.115,1.044
62.145,1.040
62.175,1.038
62.205,1.042
62.235,1.044
62.265,1.041
62.295,1.044
62.325,1.045
62.355,1.045
62.385,1.044
62.415,1.047
62.445,1.046
62.475,1.044
62.505,1.044
62.535,1.041
62.565,1.046
62.595,1.039
62.625,1.040
62.655,1.044
62.685,1.046
62.715,1.042
62.745,1.042
62.775,1.042
62.805,1.043
62.835,1.042
62.865,1.040
62.895,1.040
62.925,1.041
62.955,1.043
62.985,1.049
63.015,1.047
63.045,1.039
63.075,1.039
63.105,1.041
63.135,1.042
63.165,1.042
63.195,1.044
63.225,1.041
63.255,1.042
63.285,1.044
63.315,1.045
63.345,1.042
63.375,1.045
63.405,1.042
63.435,1.047
63.465,1.043
63.495,1.041
63.525,1.042
63.555,1.041
63.585,1.039
63.615,1.043
63.645,1.043
63.675,1.043
63.705,1.041
63.735,1.042
63.765,1.042
63.795,1.045
63.825,1.040
63.855,1.049
63.885,1.040
63.915,1.040
63.945,1.048
63.975,1.045
64.005,1.041
64.035,1.041
64.065,1.043
64.095,1.043
64.125,1.042
64.155,1.042
64.185,1.044
64.215,1.042
64.245,1.040
64.275,1.045
64.305,1.043
64.335,1.044
64.365,1.042
64.395,1.042
64.425,1.042
64.455,1.040
64.485,1.045
64.515,1.050
64.545,1.047
64.575,1.039
64.605,1.048
64.635,1.045
64.665,1.043
64.695,1.042
64.725,1.045
64.755,1.041
64.785,1.042
64.815,1.040
64.845,1.041
64.875,1.042
64.905,1.041
64.935,1.040
64.965,1.041
64.995,1.043
65.025,1.043
65.055,1.042
65.085,1.041
65.115,1.041
65.145,1.048
65.175,1.044
65.205,1.041
65.235,1.045
65.265,1.043
65.295,1.043
65.325,1.044
65.355,1.040
65.385,1.042
65.415,1.044
65.445,1.045
65.475,1.045
65.505,1.047
65.535,1.051
65.565,1.044
65.595,1.037
65.625,1.038
65.655,1.042
65.685,1.045
65.715,1.049
65.745,1.051
65.775,1.040
65.805,1.040
65.835,1.044
65.865,1.048
65.895,1.044
65.925,1.039
65.955,1.040
65.985,1.041
66.015,1.040
66.045,1.044
66.075,1.045
66.105,1.041
66.135,1.042
66.165,1.041
66.195,1.045
66.225,1.043
66.255,1.046
66.285,1.041
66.315,1.037
66.345,1.035
66.375,1.044
66.405,1.048
66.435,1.041
66.465,1.045
66.495,1.045
66.525,1.043
66.555,1.039
66.585,1.052
66.615,1.036
66.645,1.041
66.675,1.052
66.705,1.045
66.735,1.037
66.765,1.042
66.795,1.044
66.825,1.042
66.855,1.043
66.885,1.044
66.915,1.040
66.945,1.047
66.975,1.042
67.005,1.042
67.035,1.042
67.065,1.042
67.095,1.046
67.125,1.049
67.155,1.047
67.185,1.038
67.215,1.044
67.245,1.045
67.275,1.040
67.305,1.037
67.335,1.045
67.365,1.043
67.395,1.043
67.425,1.049
67.455,1.040
67.485,1.035
67.515,1.049
67.545,1.048
67.575,1.041
67.605,1.043
67.635,1.043
67.665,1.043
67.695,1.044
67.725,1.045
67.755,1.044
67.785,1.042
67.815,1.041
67.845,1.044
67.875,1.046
67.905,1.042
67.935,1.045
67.965,1.044
67.995,1.044
68.025,1.046
68.055,1.040
68.085,1.043
68.115,1.052
68.145,1.043
68.175,1.038
68.205,1.040
68.235,1.040
68.265,1.042
68.295,1.043
68.325,1.045
68.355,1.043
68.385,1.040
68.415,1.049
68.445,1.045
68.475,1.043
68.505,1.044
68.535,1.038
68.565,1.040
68.595,1.044
68.625,1.051
68.655,1.048
68.685,1.043
68.715,1.044
68.745,1.039
68.775,1.042
68.805,1.047
68.835,1.041
68.865,1.043
68.895,1.050
68.925,1.039
68.955,1.047
68.985,1.046
69.015,1.040
69.045,1.041
69.075,1.041
69.105,1.042
69.135,1.046
69.165,1.042
69.195,1.047
69.225,1.036
69.255,1.039
69.285,1.046
69.315,1.045
69.345,1.038
69.375,1.040
69.405,1.046
69.435,1.040
69.465,1.044
69.495,1.047
69.525,1.046
69.555,1.041
69.585,1.041
69.615,1.042
69.645,1.045
69.675,1.044
69.705,1.041
69.735,1.047
69.765,1.047
69.795,1.040
69.825,1.038
69.855,1.046
69.885,1.045
69.915,1.040
69.945,1.042
69.975,1.041
70.005,1.038
70.035,1.042
70.065,1.038
70.095,1.043
70.125,1.039
70.155,1.047
70.185,1.045
70.215,1.041
70.245,1.040
70.275,1.040
70.305,1.043
70.335,1.045
70.365,1.048
70.395,1.048
70.425,1.044
70.455,1.041
70.485,1.043
70.515,1.045
70.545,1.046
70.575,1.046
70.605,1.042
70.635,1.039
70.665,1.044
70.695,1.046
70.725,1.045
70.755,1.039
70.785,1.042
70.815,1.043
70.845,1.046
70.875,1.044
70.905,1.042
70.935,1.035
70.965,1.036
70.995,1.048
71.025,1.045
71.055,1.042
71.085,1.046
71.115,1.044
71.145,1.035
71.175,1.043
71.205,1.045
71.235,1.046
71.265,1.044
71.295,1.039
71.325,1.041
71.355,1.043
71.385,1.046
71.415,1.049
71.445,1.050
71.475,1.041
71.505,1.037
71.535,1.042
71.565,1.047
71.595,1.047
71.625,1.037
71.655,1.041
71.685,1.041
71.715,1.050
71.745,1.047
71.775,1.043
71.805,1.041
71.835,1.044
71.865,1.046
71.895,1.044
71.925,1.043
71.955,1.045
71.985,1.034
72.015,1.042
72.045,1.045
72.075,1.037
72.105,1.037
72.135,1.043
72.165,1.043
72.195,1.046
72.225,1.048
72.255,1.045
72.285,1.043
72.315,1.043
72.345,1.040
72.375,1.047
72.405,1.047
72.435,1.045
72.465,1.038
72.495,1.041
72.525,1.037
72.555,1.046
72.585,1.046
72.615,1.044
72.645,1.043
72.675,1.040
72.705,1.042
72.735,1.044
72.765,1.041
72.795,1.052
72.825,1.039
72.855,1.040
72.885,1.045
72.915,1.045
72.945,1.038
72.975,1.034
73.005,1.046
73.035,1.047
73.065,1.043
73.095,1.042
73.125,1.045
73.155,1.042
73.185,1.042
73.215,1.041
73.245,1.040
73.275,1.042
73.305,1.041
73.335,1.048
73.365,1.047
73.395,1.047
73.425,1.041
73.455,1.046
73.485,1.045
73.515,1.043
73.545,1.038
73.575,1.041
73.605,1.044
73.635,1.042
73.665,1.039
73.695,1.045
73.725,1.035
73.755,1.042
73.785,1.045
73.815,1.038
73.845,1.038
73.875,1.043
73.905,1.045
73.935,1.043
73.965,1.042
73.995,1.046
74.025,1.039
74.055,1.040
74.085,1.044
74.115,1.045
74.145,1.042
74.175,1.040
74.205,1.041
74.235,1.039
74.265,1.041
74.295,1.044
74.325,1.042
74.355,1.043
74.385,1.043
74.415,1.041
74.445,1.040
74.475,1.042
74.505,1.041
74.535,1.042
74.565,1.046
74.595,1.046
74.625,1.039
74.655,1.040
74.685,1.046
74.715,1.044
74.745,1.040
74.775,1.043
74.805,1.043
74.835,1.040
74.865,1.042
74.895,1.045
74.925,1.047
74.955,1.042
74.985,1.044
75.015,1.044
75.045,1.046
75.075,1.042
75.105,1.039
75.135,1.037
75.165,1.039
75.195,1.038
75.225,1.044
75.255,1.043
75.285,1.039
75.315,1.038
75.345,1.042
75.375,1.045
75.405,1.048
75.435,1.042
75.465,1.041
75.495,1.038
75.525,1.044
75.555,1.051
75.585,1.044
75.615,1.038
75.645,1.041
75.675,1.041
75.705,1.039
75.735,1.042
75.765,1.040
75.795,1.043
75.825,1.041
75.855,1.040
75.885,1.040
75.915,1.045
75.945,1.042
75.975,1.040
76.005,1.044
76.035,1.039
76.065,1.044
76.095,1.045
76.125,1.041
76.155,1.041
76.185,1.045
76.215,1.042
76.245,1.042
76.275,1.042
76.305,1.045
76.335,1.040
76.365,1.046
76.395,1.049
76.425,1.042
76.455,1.040
76.485,1.045
76.515,1.045
76.545,1.040
76.575,1.045
76.605,1.043
76.635,1.041
76.665,1.041
76.695,1.042
76.725,1.042
76.755,1.044
76.785,1.040
76.815,1.042
76.845,1.040
76.875,1.044
76.905,1.044
76.935,1.040
76.965,1.038
76.995,1.044
77.025,1.040
77.055,1.044
77.085,1.038
77.115,1.043
77.145,1.042
77.175,1.040
77.205,1.043
77.235,1.044
77.265,1.037
77.295,1.040
77.325,1.044
77.355,1.042
77.385,1.040
77.415,1.039
77.445,1.043
77.475,1.041
77.505,1.041
77.535,1.042
77.565,1.038
77.595,1.043
77.625,1.045
77.655,1.043
77.685,1.040
77.715,1.039
77.745,1.044
77.775,1.047
77.805,1.042
77.835,1.049
77.865,1.037
77.895,1.039
77.925,1.039
77.955,1.047
77.985,1.046
78.015,1.040
78.045,1.042
78.075,1.036
78.105,1.039
78.135,1.044
78.165,1.041
78.195,1.044
78.225,1.039
78.255,1.038
78.285,1.040
78.315,1.040
78.345,1.039
78.375,1.039
78.405,1.042
78.435,1.044
78.465,1.044
78.495,1.044
78.525,1.041
78.555,1.043
78.585,1.043
78.615,1.041
78.645,1.044
78.675,1.040
78.705,1.045
78.735,1.046
78.765,1.046
78.795,1.037
78.825,1.041
78.855,1.043
78.885,1.043
78.915,1.040
78.945,1.044
78.975,1.046
79.005,1.041
79.035,1.036
79.065,1.044
79.095,1.041
79.125,1.036
79.155,1.044
79.185,1.043
79.215,1.043
79.245,1.041
79.275,1.041
79.305,1.040
79.335,1.046
79.365,1.045
79.395,1.042
79.425,1.041
79.455,1.043
79.485,1.042
79.515,1.044
79.545,1.041
79.575,1.040
79.605,1.046
79.635,1.043
79.665,1.032
79.695,1.041
79.725,1.040
79.755,1.041
79.785,1.044
79.815,1.039
79.845,1.039
79.875,1.042
79.905,1.041
79.935,1.039
79.965,1.043
79.995,1.051
80.025,1.039
80.055,1.045
80.085,1.047
80.115,1.043
80.145,1.042
80.175,1.039
80.205,1.043
80.235,1.044
80.265,1.043
80.295,1.043
80.325,1.044
80.355,1.040
80.385,1.042
80.415,1.040
80.445,1.041
80.475,1.042
80.505,1.043
80.535,1.043
80.565,1.038
80.595,1.044
80.625,1.042
80.655,1.051
80.685,1.047
80.715,1.040
80.745,1.041
80.775,1.038
80.805,1.041
80.835,1.045
80.865,1.042
80.895,1.039
80.925,1.036
80.955,1.047
80.985,1.047
81.015,1.039
81.045,1.039
81.075,1.037
81.105,1.044
81.135,1.047
81.165,1.046
81.195,1.042
81.225,1.039
81.255,1.040
81.285,1.044
81.315,1.044
81.345,1.038
81.375,1.038
81.405,1.039
81.435,1.045
81.465,1.040
81.495,1.043
81.525,1.041
81.555,1.044
81.585,1.043
81.615,1.044
81.645,1.043
81.675,1.039
81.705,1.038
81.735,1.046
81.765,1.044
81.795,1.039
81.825,1.037
81.855,1.041
81.885,1.041
81.915,1.043
81.945,1.046
81.975,1.043
82.005,1.045
82.035,1.041
82.065,1.042
82.095,1.044
82.125,1.043
82.155,1.038
82.185,1.040
82.215,1.041
82.245,1.035
82.275,1.041
82.305,1.043
82.335,1.041
82.365,1.045
82.395,1.042
82.425,1.038
82.455,1.041
82.485,1.053
82.515,1.039
82.545,1.040
82.575,1.046
82.605,1.042
82.635,1.042
82.665,1.042
82.695,1.038
82.725,1.046
82.755,1.043
82.785,1.041
82.815,1.042
82.845,1.038
82.875,1.044
82.905,1.043
82.935,1.043
82.965,1.042
82.995,1.040
83.025,1.037
83.055,1.039
83.085,1.039
83.115,1.045
83.145,1.044
83.175,1.043
83.205,1.040
83.235,1.038
83.265,1.039
83.295,1.042
83.325,1.039
83.355,1.045
83.385,1.037
83.415,1.042
83.445,1.044
83.475,1.042
83.505,1.046
83.535,1.043
83.565,1.041
83.595,1.045
83.625,1.044
83.655,1.039
83.685,1.043
83.715,1.044
83.745,1.041
83.775,1.044
83.805,1.043
83.835,1.038
83.865,1.043
83.895,1.049
83.925,1.047
83.955,1.043
83.985,1.042
84.015,1.039
84.045,1.040
84.075,1.039
84.105,1.042
84.135,1.040
84.165,1.037
84.195,1.043
84.225,1.050
84.255,1.038
84.285,1.035
84.315,1.043
84.345,1.040
84.375,1.034
84.405,1.039
84.435,1.042
84.465,1.044
84.495,1.042
84.525,1.043
84.555,1.042
84.585,1.039
84.615,1.039
84.645,1.042
84.675,1.045
84.705,1.040
84.735,1.040
84.765,1.040
84.795,1.037
84.825,1.040
84.855,1.041
84.885,1.035
84.915,1.042
84.945,1.042
84.975,1.041
85.005,1.035
85.035,1.040
85.065,1.042
85.095,1.041
85.125,1.039
85.155,1.050
85.185,1.034
85.215,1.036
85.245,1.046
85.275,1.040
85.305,1.034
85.335,1.037
85.365,1.043
85.395,1.041
85.425,1.044
85.455,1.044
85.485,1.045
85.515,1.041
85.545,1.040
85.575,1.042
85.605,1.042
85.635,1.040
85.665,1.042
85.695,1.041
85.725,1.040
85.755,1.037
85.785,1.042
85.815,1.037
85.845,1.045
85.875,1.040
85.905,1.039
85.935,1.038
85.965,1.039
85.995,1.045
86.025,1.043
86.055,1.038
86.085,1.043
86.115,1.038
86.145,1.038
86.175,1.046
86.205,1.042
86.235,1.039
86.265,1.037
86.295,1.042
86.325,1.041
86.355,1.043
86.385,1.045
86.415,1.040
86.445,1.040
86.475,1.042
86.505,1.039
86.535,1.041
86.565,1.039
86.595,1.043
86.625,1.042
86.655,1.042
86.685,1.045
86.715,1.042
86.745,1.039
86.775,1.042
86.805,1.040
86.835,1.040
86.865,1.043
86.895,1.040
86.925,1.045
86.955,1.036
86.985,1.036
87.015,1.040
87.045,1.042
87.075,1.042
87.105,1.042
87.135,1.040
87.165,1.039
87.195,1.043
87.225,1.044
87.255,1.043
87.285,1.041
87.315,1.042
87.345,1.042
87.375,1.044
87.405,1.037
87.435,1.041
87.465,1.048
87.495,1.042
87.525,1.044
87.555,1.038
87.585,1.044
87.615,1.043
87.645,1.042
87.675,1.041
87.705,1.043
87.735,1.040
87.765,1.038
87.795,1.038
87.825,1.042
87.855,1.038
87.885,1.045
87.915,1.044
87.945,1.037
87.975,1.039
88.005,1.042
88.035,1.044
88.065,1.041
88.095,1.043
88.125,1.043
88.155,1.042
88.185,1.040
88.215,1.042
88.245,1.042
88.275,1.041
88.305,1.041
88.335,1.047
88.365,1.040
88.395,1.039
88.425,1.036
88.455,1.041
88.485,1.040
88.515,1.043
88.545,1.043
88.575,1.037
88.605,1.039
88.635,1.041
88.665,1.042
88.695,1.043
88.725,1.052
88.755,1.039
88.785,1.041
88.815,1.048
88.845,1.044
88.875,1.036
88.905,1.038
88.935,1.046
88.965,1.048
88.995,1.041
89.025,1.046
89.055,1.043
89.085,1.039
89.115,1.041
89.145,1.043
89.175,1.044
89.205,1.042
89.235,1.042
89.265,1.045
89.295,1.041
89.325,1.039
89.355,1.047
89.385,1.046
89.415,1.042
89.445,1.036
89.475,1.039
89.505,1.040
89.535,1.043
89.565,1.049
89.595,1.047
89.625,1.038
89.655,1.036
89.685,1.042
89.715,1.048
89.745,1.040
89.775,1.042
89.805,1.039
89.835,1.042
89.865,1.044
89.895,1.045
89.925,1.043
89.955,1.040
89.985,1.042
90.015,1.047
90.045,1.039
90.075,1.044
90.105,1.039
90.135,1.041
90.165,1.038
90.195,1.043
90.225,1.038
90.255,1.041
90.285,1.043
90.315,1.040
90.345,1.038
90.375,1.042
90.405,1.036
90.435,1.042
90.465,1.037
90.495,1.048
90.525,1.040
90.555,1.042
90.585,1.043
90.615,1.042
90.645,1.041
90.675,1.040
90.705,1.043
90.735,1.044
90.765,1.042
90.795,1.042
90.825,1.040
90.855,1.042
90.885,1.043
90.915,1.043
90.945,1.047
90.975,1.042
91.005,1.042
91.035,1.042
91.065,1.040
91.095,1.045
91.125,1.043
91.155,1.039
91.185,1.040
91.215,1.043
91.245,1.043
91.275,1.036
91.305,1.043
91.335,1.039
91.365,1.041
91.395,1.041
91.425,1.049
91.455,1.040
91.485,1.037
91.515,1.044
91.545,1.044
91.575,1.036
91.605,1.041
91.635,1.040
91.665,1.043
91.695,1.042
91.725,1.044
91.755,1.043
91.785,1.037
91.815,1.043
91.845,1.038
91.875,1.043
91.905,1.044
91.935,1.042
91.965,1.040
91.995,1.041
92.025,1.043
92.055,1.042
92.085,1.041
92.115,1.044
92.145,1.050
92.175,1.042
92.205,1.038
92.235,1.037
92.265,1.041
92.295,1.041
92.325,1.043
92.355,1.048
92.385,1.037
92.415,1.042
92.445,1.044
92.475,1.045
92.505,1.041
92.535,1.039
92.565,1.039
92.595,1.038
92.625,1.041
92.655,1.045
92.685,1.044
92.715,1.039
92.745,1.043
92.775,1.044
92.805,1.041
92.835,1.041
92.865,1.039
92.895,1.040
92.925,1.038
92.955,1.044
92.985,1.041
93.015,1.040
93.045,1.039
93.075,1.040
93.105,1.042
93.135,1.046
93.165,1.041
93.195,1.046
93.225,1.035
93.255,1.042
93.285,1.044
93.315,1.041
93.345,1.042
93.375,1.041
93.405,1.038
93.435,1.039
93.465,1.043
93.495,1.040
93.525,1.040
93.555,1.041
93.585,1.041
93.615,1.043
93.645,1.040
93.675,1.038
93.705,1.046
93.735,1.049
93.765,1.041
93.795,1.035
93.825,1.048
93.855,1.044
93.885,1.042
93.915,1.044
93.945,1.043
93.975,1.036
94.005,1.039
94.035,1.037
94.065,1.041
94.095,1.037
94.125,1.043
94.155,1.045
94.185,1.037
94.215,1.037
94.245,1.039
94.275,1.047
94.305,1.041
94.335,1.038
94.365,1.044
94.395,1.040
94.425,1.046
94.455,1.044
94.485,1.042
94.515,1.042
94.545,1.039
94.575,1.042
94.605,1.042
94.635,1.041
94.665,1.042
94.695,1.044
94.725,1.039
94.755,1.040
94.785,1.037
94.815,1.038
94.845,1.037
94.875,1.043
94.905,1.053
94.935,1.036
94.965,1.039
94.995,1.047
95.025,1.041
95.055,1.035
95.085,1.041
95.115,1.040
95.145,1.042
95.175,1.040
95.205,1.041
95.235,1.048
95.265,1.037
95.295,1.039
95.325,1.042
95.355,1.042
95.385,1.047
95.415,1.035
95.445,1.037
95.475,1.037
95.505,1.046
95.535,1.045
95.565,1.040
95.595,1.036
95.625,1.035
95.655,1.037
95.685,1.041
95.715,1.036
95.745,1.039
95.775,1.033
95.805,1.040
95.835,1.045
95.865,1.040
95.895,1.039
95.925,1.040
95.955,1.037
95.985,1.039
96.015,1.044
96.045,1.039
96.075,1.039
96.105,1.041
96.135,1.040
96.165,1.040
96.195,1.042
96.225,1.041
96.255,1.037
96.285,1.044
96.315,1.042
96.345,1.038
96.375,1.042
96.405,1.042
96.435,1.038
96.465,1.043
96.495,1.041
96.525,1.045
96.555,1.040
96.585,1.038
96.615,1.044
96.645,1.041
96.675,1.039
96.705,1.041
96.735,1.040
96.765,1.041
96.795,1.044
96.825,1.041
96.855,1.043
96.885,1.038
96.915,1.040
96.945,1.041
96.975,1.041
97.005,1.039
97.035,1.043
97.065,1.044
97.095,1.038
97.125,1.045
97.155,1.045
97.185,1.043
97.215,1.038
97.245,1.041
97.275,1.040
97.305,1.038
97.335,1.046
97.365,1.042
97.395,1.035
97.425,1.046
97.455,1.041
97.485,1.039
97.515,1.036
97.545,1.044
97.575,1.042
97.605,1.042
97.635,1.038
97.665,1.041
97.695,1.040
97.725,1.046
97.755,1.040
97.785,1.045
97.815,1.039
97.845,1.034
97.875,1.040
97.905,1.046
97.935,1.044
97.965,1.036
97.995,1.039
98.025,1.045
98.055,1.044
98.085,1.043
98.115,1.046
98.145,1.046
98.175,1.044
98.205,1.043
98.235,1.046
98.265,1.041
98.295,1.038
98.325,1.038
98.355,1.043
98.385,1.045
98.415,1.047
98.445,1.042
98.475,1.047
98.505,1.042
98.535,1.043
98.565,1.038
98.595,1.040
98.625,1.040
98.655,1.040
98.685,1.035
98.715,1.043
98.745,1.036
98.775,1.038
98.805,1.026
98.835,1.021
98.865,1.031
98.895,1.040
98.925,1.043
98.955,1.038
98.985,1.022
99.015,1.020
99.045,1.036
99.075,1.035
99.105,1.055
99.135,1.065
99.165,1.054
99.195,1.033
99.225,1.059
99.255,1.053
99.285,1.062
99.315,1.029
99.345,1.042
99.375,1.065
99.405,1.044
99.435,1.021
99.465,1.047
99.495,1.053
99.525,1.031
99.555,1.043
99.585,1.044
99.615,1.026
99.645,1.028
99.675,1.055
99.705,1.049
99.735,1.038
99.765,1.036
99.795,1.027
99.825,1.043
99.855,1.040
99.885,1.027
99.915,1.033
99.945,1.037
99.975,1.038
100.005,1.031
100.035,1.032
100.065,1.035
100.095,1.027
100.125,1.039
100.155,1.029
100.185,1.031
100.215,1.042
100.245,1.026
100.275,1.034
100.305,1.034
100.335,1.031
100.365,1.037
100.395,1.041
100.425,1.033
100.455,1.035
100.485,1.041
100.515,1.035
100.545,1.039
100.575,1.031
100.605,1.024
100.635,1.033
100.665,1.042
100.695,1.037
100.725,1.026
100.755,1.034
100.785,1.040
100.815,1.037
100.845,1.033
100.875,1.036
100.905,1.028
100.935,1.040
100.965,1.043
100.995,1.039
101.025,1.047
101.055,1.034
101.085,1.031
101.115,1.036
101.145,1.037
101.175,1.021
101.205,1.030
101.235,1.039
101.265,1.028
101.295,1.031
101.325,1.040
101.355,1.050
101.385,1.050
101.415,1.032
101.445,1.024
101.475,1.045
101.505,1.045
101.535,1.034
101.565,1.031
101.595,1.038
101.625,1.030
101.655,1.045
101.685,1.035
101.715,1.044
101.745,1.038
101.775,1.035
101.805,1.039
101.835,1.042
101.865,1.042
101.895,1.048
101.925,1.038
101.955,1.041
101.985,1.036
102.015,1.035
102.045,1.035
102.075,1.055
102.105,1.034
102.135,1.047
102.165,1.044
102.195,1.035
102.225,1.026
102.255,1.040
102.285,1.045
102.315,1.045
102.345,1.035
102.375,1.035
102.405,1.041
102.435,1.042
102.465,1.038
102.495,1.035
102.525,1.046
102.555,1.041
102.585,1.052
102.615,1.046
102.645,1.029
102.675,1.043
102.705,1.044
102.735,1.066
102.765,1.039
102.795,1.033
102.825,1.048
102.855,1.025
102.885,1.035
102.915,1.077
102.945,1.042
102.975,1.028
103.005,1.032
103.035,1.027
103.065,1.007
103.095,1.038
103.125,1.033
103.155,1.043
103.185,1.024
103.215,1.028
103.245,1.046
103.275,1.039
103.305,1.045
103.335,1.037
103.365,1.080
103.395,1.040
103.425,1.033
103.455,1.024
103.485,1.035
103.515,1.037
103.545,1.022
103.575,1.023
103.605,1.028
103.635,1.043
103.665,1.057
103.695,1.065
103.725,1.056
103.755,1.052
103.785,1.047
103.815,1.038
103.845,1.028
103.875,1.025
103.905,1.041
103.935,1.037
103.965,1.046
103.995,1.042
104.025,1.040
104.055,1.043
104.085,1.033
104.115,1.036
104.145,1.037
104.175,1.035
104.205,1.041
104.235,1.045
104.265,1.048
104.295,1.039
104.325,1.048
104.355,1.046
104.385,1.038
104.415,1.037
104.445,1.044
104.475,1.037
104.505,1.041
104.535,1.045
104.565,1.047
104.595,1.039
104.625,1.041
104.655,1.034
104.685,1.043
104.715,1.037
104.745,1.037
104.775,1.036
104.805,1.041
104.835,1.032
104.865,1.034
104.895,1.042
104.925,1.045
104.955,1.042
104.985,1.034
105.015,1.035
105.045,1.035
105.075,1.038
105.105,1.035
105.135,1.049
105.165,1.040
105.195,1.047
105.225,1.054
105.255,1.046
105.285,1.037
105.315,1.036
105.345,1.041
105.375,1.041
105.405,1.043
105.435,1.037
105.465,1.037
105.495,1.039
105.525,1.042
105.555,1.046
105.585,1.048
105.615,1.042
105.645,1.042
105.675,1.043
105.705,1.048
105.735,1.041
105.765,1.023
105.795,1.029
105.825,1.029
105.855,1.035
105.885,1.041
105.915,1.039
105.945,1.041
105.975,1.041
106.005,1.045
106.035,1.038
106.065,1.038
106.095,1.039
106.125,1.044
106.155,1.037
106.185,1.036
106.215,1.036
106.245,1.041
106.275,1.040
106.305,1.042
106.335,1.034
106.365,1.038
106.395,1.039
106.425,1.043
106.455,1.047
106.485,1.046
106.515,1.037
106.545,1.033
106.575,1.035
106.605,1.046
106.635,1.043
106.665,1.048
106.695,1.041
106.725,1.036
106.755,1.037
106.785,1.037
106.815,1.038
106.845,1.036
106.875,1.034
106.905,1.039
106.935,1.036
106.965,1.040
106.995,1.051
107.025,1.037
107.055,1.037
107.085,1.042
107.115,1.041
107.145,1.043
107.175,1.046
107.205,1.042
107.235,1.039
107.265,1.032
107.295,1.029
107.325,1.036
107.355,1.042
107.385,1.037
107.415,1.037
107.445,1.048
107.475,1.041
107.505,1.046
107.535,1.044
107.565,1.050
107.595,1.042
107.625,1.034
107.655,1.039
107.685,1.038
107.715,1.040
107.745,1.040
107.775,1.041
107.805,1.039
107.835,1.039
107.865,1.044
107.895,1.047
107.925,1.043
107.955,1.044
107.985,1.040
108.015,1.038
108.045,1.044
108.075,1.044
108.105,1.040
108.135,1.038
108.165,1.039
108.195,1.042
108.225,1.038
108.255,1.038
108.285,1.035
108.315,1.036
108.345,1.036
108.375,1.037
108.405,1.042
108.435,1.041
108.465,1.044
108.495,1.043
108.525,1.041
108.555,1.044
108.585,1.040
108.615,1.038
108.645,1.031
108.675,1.043
108.705,1.046
108.735,1.038
108.765,1.038
108.795,1.044
108.825,1.046
108.855,1.043
108.885,1.046
108.915,1.040
108.945,1.035
108.975,1.037
109.005,1.041
109.035,1.042
109.065,1.038
109.095,1.045
109.125,1.043
109.155,1.045
109.185,1.036
109.215,1.043
109.245,1.044
109.275,1.038
109.305,1.043
109.335,1.044
109.365,1.039
109.395,1.044
109.425,1.043
109.455,1.043
109.485,1.040
109.515,1.044
109.545,1.042
109.575,1.040
109.605,1.039
109.635,1.038
109.665,1.041
109.695,1.040
109.725,1.045
109.755,1.045
109.785,1.041
109.815,1.040
109.845,1.039
109.875,1.036
109.905,1.039
109.935,1.039
109.965,1.040
109.995,1.042
110.025,1.060
110.055,1.055
110.085,1.050
110.115,1.043
110.145,1.035
110.175,1.021
110.205,1.030
110.235,1.028
110.265,1.036
110.295,1.034
110.325,1.040
110.355,1.040
110.385,1.032
110.415,1.041
110.445,1.042
110.475,1.039
110.505,1.045
110.535,1.045
110.565,1.041
110.595,1.037
110.625,1.037
110.655,1.043
110.685,1.037
110.715,1.031
110.745,1.030
110.775,1.041
110.805,1.042
110.835,1.037
110.865,1.038
110.895,1.037
110.925,1.042
110.955,1.046
110.985,1.048
111.015,1.043
111.045,1.035
111.075,1.039
111.105,1.046
111.135,1.041
111.165,1.042
111.195,1.040
111.225,1.035
111.255,1.039
111.285,1.040
111.315,1.040
111.345,1.048
111.375,1.044
111.405,1.042
111.435,1.045
111.465,1.043
111.495,1.037
111.525,1.048
111.555,1.040
111.585,1.040
111.615,1.042
111.645,1.037
111.675,1.041
111.705,1.038
111.735,1.047
111.765,1.042
111.795,1.043
111.825,1.043
111.855,1.041
111.885,1.036
111.915,1.040
111.945,1.039
111.975,1.040
112.005,1.045
112.035,1.039
112.065,1.038
112.095,1.039
112.125,1.041
112.155,1.044
112.185,1.044
112.215,1.044
112.245,1.033
112.275,1.044
112.305,1.043
112.335,1.038
112.365,1.040
112.395,1.043
112.425,1.043
112.455,1.039
112.485,1.046
112.515,1.042
112.545,1.032
112.575,1.045
112.605,1.042
112.635,1.037
112.665,1.044
112.695,1.042
112.725,1.035
112.755,1.043
112.785,1.045
112.815,1.041
112.845,1.040
112.875,1.038
112.905,1.042
112.935,1.036
112.965,1.042
112.995,1.039
113.025,1.034
113.055,1.032
113.085,1.043
113.115,1.040
113.145,1.039
113.175,1.040
113.205,1.037
113.235,1.035
113.265,1.041
113.295,1.044
113.325,1.039
113.355,1.036
113.385,1.043
113.415,1.039
113.445,1.038
113.475,1.034
113.505,1.037
113.535,1.037
113.565,1.041
113.595,1.041
113.625,1.041
113.655,1.039
113.685,1.043
113.715,1.041
113.745,1.040
113.775,1.046
113.805,1.041
113.835,1.040
113.865,1.037
113.895,1.040
113.925,1.038
113.955,1.040
113.985,1.041
114.015,1.041
114.045,1.039
114.075,1.032
114.105,1.044
114.135,1.047
114.165,1.037
114.195,1.038
114.225,1.044
114.255,1.031
114.285,1.030
114.315,1.023
114.345,1.057
114.375,1.062
114.405,1.043
114.435,1.026
114.465,1.042
114.495,1.046
114.525,1.040
114.555,1.039
114.585,1.062
114.615,1.065
114.645,1.075
114.675,1.064
114.705,1.056
114.735,1.033
114.765,1.017
114.795,1.025
114.825,1.040
114.855,1.043
114.885,1.071
114.915,1.104
114.945,1.085
114.975,1.062
115.005,1.037
115.035,1.010
115.065,1.020
115.095,1.030
115.125,1.046
115.155,1.035
115.185,1.052
115.215,1.075
115.245,1.080
115.275,1.062
115.305,1.043
115.335,1.030
115.365,1.035
115.395,1.034
115.425,1.031
115.455,1.029
115.485,1.033
115.515,1.037
115.545,1.054
115.575,1.049
115.605,1.047
115.635,1.044
115.665,1.053
115.695,1.045
115.725,1.038
115.755,1.042
115.785,1.059
115.815,1.051
115.845,1.049
115.875,1.049
115.905,1.031
115.935,1.038
115.965,1.045
115.995,1.039
116.025,1.040
116.055,1.045
116.085,1.051
116.115,1.046
116.145,1.043
116.175,1.042
116.205,1.045
116.235,1.041
116.265,1.043
116.295,1.046
116.325,1.045
116.355,1.036
116.385,1.040
116.415,1.035
116.445,1.038
116.475,1.039
116.505,1.040
116.535,1.037
116.565,1.027
116.595,1.042
116.625,1.058
116.655,1.055
116.685,1.062
116.715,1.059
116.745,1.058
116.775,1.056
116.805,1.050
116.835,1.050
116.865,1.051
116.895,1.030
116.925,1.035
116.955,1.030
116.985,1.033
117.015,1.041
117.045,1.040
117.075,1.039
117.105,1.033
117.135,1.027
117.165,1.039
117.195,1.045
117.225,1.046
117.255,1.048
117.285,1.042
117.315,1.040
117.345,1.036
117.375,1.039
117.405,1.045
117.435,1.039
117.465,1.039
117.495,1.042
117.525,1.042
117.555,1.039
117.585,1.042
117.615,1.046
117.645,1.039
117.675,1.043
117.705,1.042
117.735,1.042
117.765,1.037
117.795,1.042
117.825,1.049
117.855,1.051
117.885,1.048
117.915,1.048
117.945,1.055
117.975,1.045
118.005,1.046
118.035,1.051
118.065,1.047
118.095,1.050
118.125,1.052
118.155,1.044
118.185,1.036
118.215,1.033
118.245,1.029
118.275,1.049
118.305,1.044
118.335,1.052
118.365,1.052
118.395,1.048
118.425,1.055
118.455,1.061
118.485,1.058
118.515,1.043
118.545,1.045
118.575,1.044
118.605,1.036
118.635,1.044
118.665,1.053
118.695,1.072
118.725,1.072
118.755,1.060
118.785,1.050
118.815,1.039
118.845,1.040
118.875,1.037
118.905,1.036
118.935,1.047
118.965,1.048
118.995,1.054
119.025,1.045
119.055,1.047
119.085,1.044
119.115,1.047
119.145,1.048
119.175,1.048
119.205,1.041
119.235,1.037
119.265,1.035
119.295,1.042
119.325,1.040
119.355,1.037
119.385,1.041
119.415,1.045
119.445,1.054
119.475,1.054
119.505,1.047
119.535,1.048
119.565,1.045
119.595,1.049
119.625,1.041
119.655,1.053
119.685,1.044
119.715,1.045
119.745,1.042
119.775,1.044
119.805,1.044
119.835,1.047
119.865,1.061
119.895,1.053
119.925,1.047
119.955,1.048
119.985,1.048
120.015,1.048
120.045,1.049
120.075,1.045
120.105,1.046
120.135,1.046
120.165,1.047
120.195,1.047
120.225,1.054
120.255,1.046
120.285,1.040
120.315,1.038
120.345,1.036
120.375,1.040
120.405,1.051
120.435,1.040
120.465,1.033
120.495,1.046
120.525,1.051
120.555,1.046
120.585,1.047
120.615,1.060
120.645,1.047
120.675,1.045
120.705,1.048
120.735,1.036
120.765,1.038
120.795,1.044
120.825,1.047
120.855,1.046
120.885,1.046
120.915,1.047
120.945,1.056
120.975,1.059
121.005,1.051
121.035,1.055
121.065,1.047
121.095,1.039
121.125,1.031
121.155,1.037
121.185,1.042
121.215,1.049
121.245,1.059
121.275,1.059
121.305,1.062
121.335,1.043
121.365,1.047
121.395,1.034
121.425,1.044
121.455,1.047
121.485,1.054
121.515,1.050
121.545,1.050
121.575,1.051
121.605,1.040
121.635,1.036
121.665,1.044
121.695,1.040
121.725,1.042
121.755,1.053
121.785,1.062
121.815,1.060
121.845,1.058
121.875,1.047
121.905,1.039
121.935,1.044
121.965,1.044
121.995,1.041
122.025,1.042
122.055,1.046
122.085,1.045
122.115,1.052
122.145,1.048
122.175,1.043
122.205,1.040
122.235,1.048
122.265,1.044
122.295,1.041
122.325,1.046
122.355,1.041
122.385,1.039
122.415,1.040
122.445,1.043
122.475,1.046
122.505,1.044
122.535,1.048
122.565,1.046
122.595,1.047
122.625,1.053
122.655,1.046
122.685,1.046
122.715,1.041
122.745,1.055
122.775,1.051
122.805,1.050
122.835,1.044
122.865,1.047
122.895,1.043
122.925,1.048
122.955,1.060
122.985,1.050
123.015,1.047
123.045,1.045
123.075,1.036
123.105,1.031
123.135,1.033
123.165,1.037
123.195,1.041
123.225,1.040
123.255,1.044
123.285,1.044
123.315,1.040
123.345,1.039
123.375,1.046
123.405,1.042
123.435,1.041
123.465,1.047
123.495,1.039
123.525,1.046
123.555,1.049
123.585,1.036
123.615,1.045
123.645,1.046
123.675,1.047
123.705,1.047
123.735,1.052
123.765,1.038
123.795,1.036
123.825,1.043
123.855,1.047
123.885,1.045
123.915,1.045
123.945,1.048
123.975,1.048
124.005,1.044
124.035,1.043
124.065,1.050
124.095,1.045
124.125,1.044
124.155,1.046
124.185,1.039
124.215,1.043
124.245,1.043
124.275,1.041
124.305,1.036
124.335,1.043
124.365,1.046
124.395,1.044
124.425,1.046
124.455,1.042
124.485,1.042
124.515,1.035
124.545,1.033
124.575,1.044
124.605,1.041
124.635,1.045
124.665,1.049
124.695,1.042
124.725,1.036
124.755,1.045
124.785,1.045
124.815,1.045
124.845,1.045
124.875,1.042
124.905,1.051
124.935,1.050
124.965,1.037
124.995,1.043
125.025,1.051
125.055,1.046
125.085,1.046
125.115,1.044
125.145,1.044
125.175,1.044
125.205,1.042
125.235,1.046
125.265,1.047
125.295,1.040
125.325,1.040
125.355,1.045
125.385,1.047
125.415,1.046
125.445,1.036
125.475,1.040
125.505,1.045
125.535,1.045
125.565,1.049
125.595,1.047
125.625,1.045
125.655,1.044
125.685,1.050
125.715,1.045
125.745,1.045
125.775,1.046
125.805,1.050
125.835,1.040
125.865,1.035
125.895,1.038
125.925,1.037
125.955,1.047
125.985,1.048
126.015,1.044
126.045,1.038
126.075,1.049
126.105,1.044
126.135,1.049
126.165,1.048
126.195,1.044
126.225,1.043
126.255,1.047
126.285,1.043
126.315,1.043
126.345,1.041
126.375,1.043
126.405,1.040
126.435,1.044
126.465,1.050
126.495,1.044
126.525,1.044
126.555,1.041
126.585,1.047
126.615,1.044
126.645,1.040
126.675,1.044
126.705,1.045
126.735,1.046
126.765,1.043
126.795,1.043
126.825,1.041
126.855,1.048
126.885,1.046
126.915,1.046
126.945,1.049
126.975,1.041
127.005,1.042
127.035,1.051
127.065,1.045
127.095,1.045
127.125,1.039
127.155,1.046
127.185,1.044
127.215,1.042
127.245,1.045
127.275,1.047
127.305,1.046
127.335,1.038
127.365,1.047
127.395,1.045
127.425,1.043
127.455,1.047
127.485,1.048
127.515,1.045
127.545,1.038
127.575,1.046
127.605,1.047
127.635,1.044
127.665,1.042
127.695,1.043
127.725,1.042
127.755,1.043
127.785,1.055
127.815,1.039
127.845,1.050
127.875,1.044
127.905,1.045
127.935,1.040
127.965,1.043
127.995,1.040
128.025,1.045
128.055,1.047
128.085,1.052
128.115,1.035
128.145,1.049
128.175,1.046
128.205,1.057
128.235,1.043
128.265,1.039
128.295,1.035
128.325,1.043
128.355,1.042
128.385,1.052
128.415,1.050
128.445,1.035
128.475,1.031
128.505,1.027
128.535,1.046
128.565,1.062
128.595,1.046
128.625,1.037
128.655,1.046
128.685,1.045
128.715,1.045
128.745,1.045
128.775,1.045
128.805,1.043
128.835,1.033
128.865,1.036
128.895,1.049
128.925,1.048
128.955,1.043
128.985,1.047
129.015,1.049
129.045,1.051
129.075,1.047
129.105,1.047
129.135,1.044
129.165,1.042
129.195,1.042
129.225,1.045
129.255,1.046
129.285,1.043
129.315,1.046
129.345,1.044
129.375,1.049
129.405,1.044
129.435,1.047
129.465,1.040
129.495,1.044
129.525,1.042
129.555,1.048
129.585,1.054
129.615,1.049
129.645,1.046
129.675,1.040
129.705,1.045
129.735,1.040
129.765,1.047
129.795,1.045
129.825,1.038
129.855,1.046
129.885,1.048
129.915,1.043
129.945,1.038
129.975,1.052
130.005,1.038
130.035,1.043
130.065,1.053
130.095,1.050
130.125,1.048
130.155,1.042
130.185,1.043
130.215,1.044
130.245,1.044
130.275,1.045
130.305,1.050
130.335,1.052
130.365,1.048
130.395,1.048
130.425,1.050
130.455,1.052
130.485,1.053
130.515,1.050
130.545,1.044
130.575,1.039
130.605,1.045
130.635,1.039
130.665,1.049
130.695,1.042
130.725,1.043
130.755,1.042
130.785,1.043
130.815,1.042
130.845,1.044
130.875,1.046
130.905,1.041
130.935,1.043
130.965,1.046
130.995,1.046
131.025,1.045
131.055,1.049
131.085,1.045
131.115,1.042
131.145,1.038
131.175,1.056
131.205,1.048
131.235,1.041
131.265,1.043
131.295,1.044
131.325,1.047
131.355,1.041
131.385,1.048
131.415,1.045
131.445,1.045
131.475,1.051
131.505,1.042
131.535,1.042
131.565,1.051
131.595,1.047
131.625,1.048
131.655,1.045
131.685,1.046
131.715,1.050
131.745,1.052
131.775,1.049
131.805,1.048
131.835,1.047
131.865,1.037
131.895,1.043
131.925,1.049
131.955,1.044
131.985,1.043
132.015,1.040
132.045,1.044
132.075,1.047
132.105,1.053
132.135,1.047
132.165,1.048
132.195,1.044
132.225,1.046
132.255,1.047
132.285,1.043
132.315,1.045
132.345,1.045
132.375,1.046
132.405,1.040
132.435,1.044
132.465,1.046
132.495,1.040
132.525,1.045
132.555,1.043
132.585,1.042
132.615,1.040
132.645,1.047
132.675,1.051
132.705,1.042
132.735,1.039
132.765,1.036
132.795,1.042
132.825,1.053
132.855,1.053
132.885,1.083
132.915,1.043
132.945,1.021
132.975,1.027
133.005,1.040
133.035,1.050
133.065,1.056
133.095,1.062
133.125,1.053
133.155,1.049
133.185,1.044
133.215,1.038
133.245,1.035
133.275,1.038
133.305,1.032
133.335,1.034
133.365,1.043
133.395,1.055
133.425,1.057
133.455,1.044
133.485,1.052
133.515,1.043
133.545,1.040
133.575,1.048
133.605,1.051
133.635,1.050
133.665,1.038
133.695,1.035
133.725,1.038
133.755,1.041
133.785,1.038
133.815,1.041
133.845,1.040
133.875,1.047
133.905,1.045
133.935,1.048
133.965,1.045
133.995,1.050
134.025,1.046
134.055,1.043
134.085,1.043
134.115,1.045
134.145,1.042
134.175,1.042
134.205,1.044
134.235,1.051
134.265,1.048
134.295,1.048
134.325,1.040
134.355,1.051
134.385,1.043
134.415,1.038
134.445,1.043
134.475,1.047
134.505,1.043
134.535,1.042
134.565,1.057
134.595,1.045
134.625,1.039
134.655,1.045
134.685,1.051
134.715,1.046
134.745,1.042
134.775,1.043
134.805,1.041
134.835,1.047
134.865,1.046
134.895,1.049
134.925,1.038
134.955,1.045
134.985,1.054
135.015,1.053
135.045,1.042
135.075,1.033
135.105,1.023
135.135,1.055
135.165,1.032
135.195,1.052
135.225,1.064
135.255,1.045
135.285,1.046
135.315,1.049
135.345,1.039
135.375,1.031
135.405,1.050
135.435,1.025
135.465,1.021
135.495,1.034
135.525,1.036
135.555,1.037
135.585,1.022
135.615,1.032
135.645,1.038
135.675,1.031
135.705,1.053
135.735,1.044
135.765,1.046
135.795,1.045
135.825,1.039
135.855,1.047
135.885,1.053
135.915,1.043
135.945,1.042
135.975,1.039
136.005,1.049
136.035,1.039
136.065,1.048
136.095,1.049
136.125,1.043
136.155,1.046
136.185,1.048
136.215,1.036
136.245,1.037
136.275,1.041
136.305,1.038
136.335,1.039
136.365,1.039
136.395,1.041
136.425,1.047
136.455,1.043
136.485,1.041
136.515,1.040
136.545,1.044
136.575,1.045
136.605,1.046
136.635,1.046
136.665,1.042
136.695,1.048
136.725,1.046
136.755,1.041
136.785,1.036
136.815,1.034
136.845,1.033
136.875,1.045
136.905,1.050
136.935,1.041
136.965,1.040
136.995,1.041
137.025,1.042
137.055,1.038
137.085,1.049
137.115,1.039
137.145,1.043
137.175,1.042
137.205,1.041
137.235,1.036
137.265,1.039
137.295,1.046
137.325,1.043
137.355,1.044
137.385,1.042
137.415,1.044
137.445,1.040
137.475,1.043
137.505,1.047
137.535,1.047
137.565,1.033
137.595,1.044
137.625,1.047
137.655,1.043
137.685,1.043
137.715,1.037
137.745,1.039
137.775,1.043
137.805,1.039
137.835,1.042
137.865,1.037
137.895,1.041
137.925,1.044
137.955,1.040
137.985,1.038
138.015,1.044
138.045,1.041
138.075,1.040
138.105,1.045
138.135,1.046
138.165,1.044
138.195,1.044
138.225,1.049
138.255,1.047
138.285,1.043
138.315,1.045
138.345,1.040
138.375,1.044
138.405,1.040
138.435,1.040
138.465,1.041
138.495,1.042
138.525,1.037
138.555,1.050
138.585,1.038
138.615,1.046
138.645,1.044
138.675,1.039
138.705,1.039
138.735,1.043
138.765,1.045
138.795,1.045
138.825,1.042
138.855,1.044
138.885,1.044
138.915,1.043
138.945,1.048
138.975,1.044
139.005,1.039
139.035,1.038
139.065,1.036
139.095,1.045
139.125,1.050
139.155,1.036
139.185,1.043
139.215,1.041
139.245,1.038
139.275,1.046
139.305,1.033
139.335,1.051
139.365,1.032
139.395,1.054
139.425,1.079
139.455,0.998
139.485,1.050
139.515,1.057
139.545,1.025
139.575,1.049
139.605,1.046
139.635,1.045
139.665,1.031
139.695,1.046
139.725,1.038
139.755,1.044
139.785,1.042
139.815,1.046
139.845,1.044
139.875,1.029
139.905,1.043
139.935,1.045
139.965,1.043
139.995,1.045
140.025,1.040
140.055,1.042
140.085,1.025
140.115,1.039
140.145,1.043
140.175,1.050
140.205,1.048
140.235,1.050
140.265,1.043
140.295,1.043
140.325,1.045
140.355,1.042
140.385,1.039
140.415,1.047
140.445,1.049
140.475,1.057
140.505,1.051
140.535,1.050
140.565,1.050
140.595,1.035
140.625,1.033
140.655,1.041
140.685,1.049
140.715,1.040
140.745,1.043
140.775,1.044
140.805,1.064
140.835,1.046
140.865,1.039
140.895,1.031
140.925,1.007
140.955,1.023
140.985,1.058
141.015,1.051
141.045,1.054
141.075,1.022
141.105,1.055
141.135,1.048
141.165,1.029
141.195,1.042
141.225,1.051
141.255,1.040
141.285,1.021
141.315,1.064
141.345,1.034
141.375,1.062
141.405,1.041
141.435,1.043
141.465,1.049
141.495,1.058
141.525,1.043
141.555,1.039
141.585,1.034
141.615,1.031
141.645,1.035
141.675,1.033
141.705,1.004
141.735,1.021
141.765,1.055
141.795,1.064
141.825,1.053
141.855,1.028
141.885,1.042
141.915,1.051
141.945,1.044
141.975,1.051
142.005,1.051
142.035,1.049
142.065,1.041
142.095,1.045
142.125,1.049
142.155,1.044
142.185,1.040
142.215,1.042
142.245,1.041
142.275,1.045
142.305,1.041
142.335,1.041
142.365,1.044
142.395,1.045
142.425,1.039
142.455,1.043
142.485,1.044
142.515,1.044
142.545,1.045
142.575,1.047
142.605,1.044
142.635,1.047
142.665,1.042
142.695,1.041
142.725,1.050
142.755,1.051
142.785,1.041
142.815,1.045
142.845,1.044
142.875,1.044
142.905,1.043
142.935,1.042
142.965,1.043
142.995,1.045
143.025,1.047
143.055,1.046
143.085,1.044
143.115,1.045
143.145,1.043
143.175,1.044
143.205,1.046
143.235,1.044
143.265,1.041
143.295,1.042
143.325,1.048
143.355,1.045
143.385,1.040
143.415,1.042
143.445,1.030
143.475,1.033
143.505,1.051
143.535,1.039
143.565,1.046
143.595,1.042
143.625,1.056
143.655,1.062
143.685,1.046
143.715,1.036
143.745,1.032
143.775,1.049
143.805,1.053
143.835,1.045
143.865,1.055
143.895,1.037
143.925,1.048
143.955,1.042
143.985,1.037
144.015,1.039
144.045,1.040
144.075,1.039
144.105,1.042
144.135,1.046
144.165,1.048
144.195,1.049
144.225,1.049
144.255,1.043
144.285,1.048
144.315,1.049
144.345,1.041
144.375,1.053
144.405,1.037
144.435,1.044
144.465,1.038
144.495,1.071
144.525,1.070
144.555,1.057
144.585,1.066
144.615,1.071
144.645,1.044
144.675,1.006
144.705,0.989
144.735,0.982
144.765,1.007
144.795,1.028
144.825,1.040
144.855,1.048
144.885,1.073
144.915,1.067
144.945,1.046
144.975,1.050
145.005,1.051
145.035,1.050
145.065,1.039
145.095,1.049
145.125,1.042
145.155,1.037
145.185,1.041
145.215,1.045
145.245,1.044
145.275,1.045
145.305,1.055
145.335,1.047
145.365,1.045
145.395,1.048
145.425,1.047
145.455,1.038
145.485,1.038
145.515,1.043
145.545,1.042
145.575,1.048
145.605,1.047
145.635,1.043
145.665,1.046
145.695,1.046
145.725,1.038
145.755,1.045
145.785,1.048
145.815,1.046
145.845,1.048
145.875,1.041
145.905,1.046
145.935,1.048
145.965,1.054
145.995,1.046
146.025,1.038
146.055,1.042
146.085,1.044
146.115,1.039
146.145,1.049
146.175,1.057
146.205,1.057
146.235,1.047
146.265,1.047
146.295,1.044
146.325,1.040
146.355,1.040
146.385,1.035
146.415,1.038
146.445,1.038
146.475,1.041
146.505,1.042
146.535,1.039
146.565,1.043
146.595,1.046
146.625,1.044
146.655,1.047
146.685,1.044
146.715,1.046
146.745,1.043
146.775,1.036
146.805,1.041
146.835,1.044
146.865,1.037
146.895,1.048
146.925,1.056
146.955,1.052
146.985,1.045
147.015,1.048
147.045,1.039
147.075,1.040
147.105,1.046
147.135,1.048
147.165,1.046
147.195,1.041
147.225,1.043
147.255,1.039
147.285,1.045
147.315,1.044
147.345,1.045
147.375,1.041
147.405,1.048
147.435,1.044
147.465,1.038
147.495,1.040
147.525,1.053
147.555,1.042
147.585,1.043
147.615,1.043
147.645,1.039
147.675,1.058
147.705,1.042
147.735,1.037
147.765,1.039
147.795,1.040
147.825,1.037
147.855,1.042
147.885,1.037
147.915,1.040
147.945,1.050
147.975,1.055
148.005,1.039
148.035,1.038
148.065,1.051
148.095,1.058
148.125,1.039
148.155,1.038
148.185,1.038
148.215,1.036
148.245,1.027
148.275,1.038
148.305,1.040
148.335,1.039
148.365,1.040
148.395,1.041
148.425,1.038
148.455,1.046
148.485,1.044
148.515,1.045
148.545,1.035
148.575,1.036
148.605,1.040
148.635,1.044
148.665,1.031
148.695,1.037
148.725,1.035
148.755,1.040
148.785,1.038
148.815,1.041
148.845,1.042
148.875,1.041
148.905,1.042
148.935,1.044
148.965,1.046
148.995,1.049
149.025,1.040
149.055,1.044
149.085,1.040
149.115,1.036
149.145,1.038
149.175,1.044
149.205,1.040
149.235,1.041
149.265,1.043
149.295,1.036
149.325,1.045
149.355,1.043
149.385,1.039
149.415,1.040
149.445,1.044
149.475,1.039
149.505,1.039
149.535,1.039
149.565,1.045
149.595,1.033
149.625,1.041
149.655,1.045
149.685,1.038
149.715,1.035
149.745,1.045
149.775,1.040
149.805,1.044
149.835,1.046
149.865,1.039
149.895,1.041
149.925,1.037
149.955,1.047
149.985,1.043
150.015,1.045
150.045,1.043
150.075,1.043
150.105,1.042
150.135,1.040
150.165,1.041
150.195,1.044
150.225,1.046
150.255,1.036
150.285,1.058
150.315,1.043
150.345,1.036
150.375,1.032
150.405,1.057
150.435,1.045
150.465,1.041
150.495,1.045
150.525,1.040
150.555,1.038
150.585,1.041
150.615,1.050
150.645,1.048
150.675,1.048
150.705,1.044
150.735,1.047
150.765,1.047
150.795,1.043
150.825,1.056
150.855,1.056
150.885,1.052
150.915,1.054
150.945,1.052
150.975,1.053
151.005,1.057
151.035,1.055
151.065,1.059
151.095,1.051
151.125,1.045
151.155,1.048
151.185,1.046
151.215,1.045
151.245,1.049
151.275,1.047
151.305,1.049
151.335,1.051
151.365,1.056
151.395,1.055
151.425,1.046
151.455,1.047
151.485,1.054
151.515,1.053
151.545,1.050
151.575,1.047
151.605,1.050
151.635,1.047
151.665,1.048
151.695,1.050
151.725,1.052
151.755,1.051
151.785,1.049
151.815,1.051
151.845,1.043
151.875,1.047
151.905,1.048
151.935,1.050
151.965,1.053
151.995,1.055
152.025,1.046
152.055,1.046
152.085,1.047
152.115,1.051
152.145,1.048
152.175,1.049
152.205,1.050
152.235,1.045
152.265,1.048
152.295,1.046
152.325,1.056
152.355,1.041
152.385,1.050
152.415,1.055
152.445,1.049
152.475,1.042
152.505,1.049
152.535,1.049
152.565,1.042
152.595,1.052
152.625,1.047
152.655,1.049
152.685,1.051
152.715,1.047
152.745,1.051
152.775,1.050
152.805,1.046
152.835,1.049
152.865,1.050
152.895,1.044
152.925,1.052
152.955,1.047
152.985,1.044
153.015,1.049
153.045,1.056
153.075,1.048
153.105,1.042
153.135,1.051
153.165,1.047
153.195,1.043
153.225,1.048
153.255,1.057
153.285,1.047
153.315,1.050
153.345,1.054
153.375,1.048
153.405,1.041
153.435,1.045
153.465,1.051
153.495,1.050
153.525,1.053
153.555,1.057
153.585,1.050
153.615,1.046
153.645,1.047
153.675,1.049
153.705,1.051
153.735,1.047
153.765,1.052
153.795,1.052
153.825,1.051
153.855,1.050
153.885,1.036
153.915,1.040
153.945,1.053
153.975,1.052
154.005,1.048
154.035,1.049
154.065,1.043
154.095,1.048
154.125,1.045
154.155,1.046
154.185,1.054
154.215,1.045
154.245,1.051
154.275,1.052
154.305,1.048
154.335,1.052
154.365,1.048
154.395,1.048
154.425,1.046
154.455,1.049
154.485,1.049
154.515,1.048
154.545,1.045
154.575,1.050
154.605,1.050
154.635,1.051
154.665,1.049
154.695,1.050
154.725,1.047
154.755,1.051
154.785,1.052
154.815,1.053
154.845,1.050
154.875,1.048
154.905,1.044
154.935,1.048
154.965,1.046
154.995,1.055
155.025,1.047
155.055,1.046
155.085,1.047
155.115,1.053
155.145,1.049
155.175,1.046
155.205,1.044
155.235,1.050
155.265,1.047
155.295,1.057
155.325,1.049
155.355,1.045
155.385,1.044
155.415,1.051
155.445,1.050
155.475,1.046
155.505,1.053
155.535,1.050
155.565,1.052
155.595,1.048
155.625,1.050
155.655,1.048
155.685,1.050
155.715,1.053
155.745,1.048
155.775,1.045
155.805,1.045
155.835,1.047
155.865,1.045
155.895,1.043
155.925,1.050
155.955,1.049
155.985,1.049
156.015,1.043
156.045,1.046
156.075,1.049
156.105,1.047
156.135,1.052
156.165,1.052
156.195,1.050
156.225,1.047
156.255,1.048
156.285,1.045
156.315,1.050
156.345,1.048
156.375,1.055
156.405,1.047
156.435,1.046
156.465,1.043
156.495,1.048
156.525,1.042
156.555,1.046
156.585,1.050
156.615,1.049
156.645,1.049
156.675,1.045
156.705,1.051
156.735,1.049
156.765,1.046
156.795,1.050
156.825,1.054
156.855,1.049
156.885,1.051
156.915,1.045
156.945,1.053
156.975,1.055
157.005,1.055
157.035,1.044
157.065,1.048
157.095,1.049
157.125,1.043
157.155,1.050
157.185,1.043
157.215,1.047
157.245,1.043
157.275,1.043
157.305,1.045
157.335,1.041
157.365,1.035
157.395,1.033
157.425,1.044
157.455,1.036
157.485,1.036
157.515,1.045
157.545,1.047
157.575,1.039
157.605,1.042
157.635,1.041
157.665,1.054
157.695,1.048
157.725,1.036
157.755,1.049
157.785,1.045
157.815,1.046
157.845,1.047
157.875,1.046
157.905,1.057
157.935,1.047
157.965,1.050
157.995,1.054
158.025,1.053
158.055,1.058
158.085,1.046
158.115,1.037
158.145,1.046
158.175,1.046
158.205,1.048
158.235,1.041
158.265,1.043
158.295,1.041
158.325,1.047
158.355,1.049
158.385,1.050
158.415,1.041
158.445,1.049
158.475,1.043
158.505,1.025
158.535,1.029
158.565,1.041
158.595,1.046
158.625,1.047
158.655,1.049
158.685,1.055
158.715,1.044
158.745,1.048
158.775,1.052
158.805,1.043
158.835,1.045
158.865,1.040
158.895,1.040
158.925,1.050
158.955,1.042
158.985,1.057
159.015,1.042
159.045,1.041
159.075,1.051
159.105,1.041
159.135,1.034
159.165,1.043
159.195,1.048
159.225,1.045
159.255,1.043
159.285,1.047
159.315,1.047
159.345,1.048
159.375,1.043
159.405,1.049
159.435,1.036
159.465,1.038
159.495,1.048
159.525,1.038
159.555,1.033
159.585,1.034
159.615,1.043
159.645,1.039
159.675,1.039
159.705,1.045
159.735,1.048
159.765,1.060
159.795,1.063
159.825,1.061
159.855,1.053
159.885,1.013
159.915,1.025
159.945,1.038
159.975,1.050
160.005,1.042
160.035,1.059
160.065,1.071
160.095,1.052
160.125,1.041
160.155,1.024
160.185,1.032
160.215,1.035
160.245,1.053
160.275,1.079
160.305,1.070
160.335,1.083
160.365,1.046
160.395,1.028
160.425,1.029
160.455,1.032
160.485,1.017
160.515,1.046
160.545,1.049
160.575,1.055
160.605,1.050
160.635,1.045
160.665,1.051
160.695,1.038
160.725,1.038
160.755,1.040
160.785,1.054
160.815,1.044
160.845,1.041
160.875,1.058
160.905,1.041
160.935,1.062
160.965,1.070
160.995,1.062
161.025,1.053
161.055,1.048
161.085,1.044
161.115,1.046
161.145,1.046
161.175,1.046
161.205,1.045
161.235,1.046
161.265,1.051
161.295,1.055
161.325,1.051
161.355,1.050
161.385,1.041
161.415,1.040
161.445,1.044
161.475,1.048
161.505,1.041
161.535,1.045
161.565,1.040
161.595,1.040
161.625,1.036
161.655,1.038
161.685,1.037
161.715,1.032
161.745,1.030
161.775,1.036
161.805,1.034
161.835,1.040
161.865,1.038
161.895,1.041
161.925,1.035
161.955,1.042
161.985,1.045
162.015,1.040
162.045,1.038
162.075,1.043
162.105,1.035
162.135,1.036
162.165,1.050
162.195,1.044
162.225,1.052
162.255,1.061
162.285,1.051
162.315,1.046
162.345,1.038
162.375,1.042
162.405,1.043
162.435,1.037
162.465,1.048
162.495,1.042
162.525,1.041
162.555,1.048
162.585,1.052
162.615,1.038
162.645,1.046
162.675,1.046
162.705,1.042
162.735,1.045
162.765,1.048
162.795,1.050
162.825,1.047
162.855,1.047
162.885,1.047
162.915,1.042
162.945,1.036
162.975,1.046
163.005,1.054
163.035,1.044
163.065,1.036
163.095,1.038
163.125,1.049
163.155,1.046
163.185,1.052
163.215,1.046
163.245,1.050
163.275,1.045
163.305,1.043
163.335,1.038
163.365,1.041
163.395,1.040
163.425,1.044
163.455,1.046
163.485,1.046
163.515,1.043
163.545,1.047
163.575,1.055
163.605,1.039
163.635,1.041
163.665,1.046
163.695,1.044
163.725,1.042
163.755,1.035
163.785,1.046
163.815,1.041
163.845,1.044
163.875,1.048
163.905,1.045
163.935,1.045
163.965,1.047
163.995,1.044
164.025,1.046
164.055,1.044
164.085,1.046
164.115,1.044
164.145,1.046
164.175,1.044
164.205,1.044
164.235,1.042
164.265,1.043
164.295,1.047
164.325,1.045
164.355,1.039
164.385,1.043
164.415,1.045
164.445,1.050
164.475,1.045
164.505,1.041
164.535,1.037
164.565,1.040
164.595,1.050
164.625,1.044
164.655,1.045
164.685,1.049
164.715,1.046
164.745,1.041
164.775,1.045
164.805,1.046
164.835,1.050
164.865,1.048
164.895,1.048
164.925,1.048
164.955,1.043
164.985,1.038
165.015,1.039
165.045,1.045
165.075,1.053
165.105,1.051
165.135,1.049
165.165,1.039
165.195,1.048
165.225,1.043
165.255,1.042
165.285,1.043
165.315,1.045
165.345,1.045
165.375,1.045
165.405,1.042
165.435,1.042
165.465,1.042
165.495,1.044
165.525,1.050
165.555,1.042
165.585,1.046
165.615,1.042
165.645,1.041
165.675,1.042
165.705,1.044
165.735,1.044
165.765,1.047
165.795,1.046
165.825,1.048
165.855,1.044
165.885,1.041
165.915,1.046
165.945,1.043
165.975,1.050
166.005,1.044
166.035,1.046
166.065,1.037
166.095,1.048
166.125,1.056
166.155,1.053
166.185,1.043
166.215,1.051
166.245,1.051
166.275,1.046
166.305,1.039
166.335,1.051
166.365,1.043
166.395,1.048
166.425,1.053
166.455,1.042
166.485,1.032
166.515,1.023
166.545,1.032
166.575,1.035
166.605,1.041
166.635,1.042
166.665,1.038
166.695,1.035
166.725,1.040
166.755,1.038
166.785,1.042
166.815,1.046
166.845,1.047
166.875,1.042
166.905,1.047
166.935,1.049
166.965,1.050
166.995,1.052
167.025,1.050
167.055,1.055
167.085,1.051
167.115,1.041
167.145,1.046
167.175,1.046
167.205,1.044
167.235,1.052
167.265,1.050
167.295,1.046
167.325,1.047
167.355,1.047
167.385,1.040
167.415,1.045
167.445,1.044
167.475,1.045
167.505,1.044
167.535,1.044
167.565,1.043
167.595,1.042
167.625,1.044
167.655,1.044
167.685,1.048
167.715,1.043
167.745,1.034
167.775,1.046
167.805,1.042
167.835,1.040
167.865,1.048
167.895,1.049
167.925,1.047
167.955,1.041
167.985,1.051
168.015,1.042
168.045,1.045
168.075,1.048
168.105,1.046
168.135,1.043
168.165,1.040
168.195,1.044
168.225,1.050
168.255,1.046
168.285,1.050
168.315,1.052
168.345,1.052
168.375,1.047
168.405,1.046
168.435,1.048
168.465,1.043
168.495,1.049
168.525,1.050
168.555,1.048
168.585,1.050
168.615,1.049
168.645,1.053
168.675,1.047
168.705,1.042
168.735,1.046
168.765,1.048
168.795,1.048
168.825,1.044
168.855,1.047
168.885,1.056
168.915,1.050
168.945,1.049
168.975,1.049
169.005,1.044
169.035,1.048
169.065,1.050
169.095,1.046
169.125,1.048
169.155,1.046
169.185,1.047
169.215,1.054
169.245,1.051
169.275,1.041
169.305,1.047
169.335,1.045
169.365,1.049
169.395,1.047
169.425,1.050
169.455,1.046
169.485,1.048
169.515,1.045
169.545,1.042
169.575,1.053
169.605,1.053
169.635,1.046
169.665,1.052
169.695,1.048
169.725,1.046
169.755,1.047
169.785,1.040
169.815,1.042
169.845,1.051
169.875,1.046
169.905,1.048
169.935,1.039
169.965,1.052
169.995,1.050
170.025,1.051
170.055,1.052
170.085,1.053
170.115,1.054
170.145,1.051
170.175,1.062
170.205,1.062
170.235,1.041
170.265,1.042
170.295,1.045
170.325,1.046
170.355,1.040
170.385,1.051
170.415,1.040
170.445,1.046
170.475,1.051
170.505,1.046
170.535,1.044
170.565,1.048
170.595,1.044
170.625,1.046
170.655,1.046
170.685,1.047
170.715,1.052
170.745,1.043
170.775,1.050
170.805,1.047
170.835,1.048
170.865,1.053
170.895,1.052
170.925,1.056
170.955,1.058
170.985,1.043
171.015,1.049
171.045,1.048
171.075,1.046
171.105,1.046
171.135,1.045
171.165,1.045
171.195,1.056
171.225,1.045
171.255,1.047
171.285,1.052
171.315,1.056
171.345,1.047
171.375,1.051
171.405,1.044
171.435,1.041
171.465,1.049
171.495,1.046
171.525,1.050
171.555,1.054
171.585,1.047
171.615,1.043
171.645,1.050
171.675,1.051
171.705,1.044
171.735,1.053
171.765,1.051
171.795,1.048
171.825,1.047
171.855,1.049
171.885,1.044
171.915,1.046
171.945,1.046
171.975,1.048
172.005,1.046
172.035,1.044
172.065,1.059
172.095,1.043
172.125,1.040
172.155,1.053
172.185,1.050
172.215,1.043
172.245,1.044
172.275,1.051
172.305,1.045
172.335,1.049
172.365,1.052
172.395,1.050
172.425,1.043
172.455,1.047
172.485,1.052
172.515,1.044
172.545,1.042
172.575,1.045
172.605,1.048
172.635,1.053
172.665,1.048
172.695,1.043
172.725,1.045
172.755,1.053
172.785,1.053
172.815,1.047
172.845,1.044
172.875,1.041
172.905,1.047
172.935,1.045
172.965,1.055
172.995,1.047
173.025,1.050
173.055,1.047
173.085,1.048
173.115,1.046
173.145,1.045
173.175,1.046
173.205,1.047
173.235,1.046
173.265,1.054
173.295,1.049
173.325,1.048
173.355,1.050
173.385,1.051
173.415,1.050
173.445,1.046
173.475,1.044
173.505,1.046
173.535,1.045
173.565,1.047
173.595,1.043
173.625,1.049
173.655,1.047
173.685,1.046
173.715,1.046
173.745,1.050
173.775,1.044
173.805,1.046
173.835,1.044
173.865,1.048
173.895,1.042
173.925,1.051
173.955,1.050
173.985,1.047
174.015,1.045
174.045,1.048
174.075,1.048
174.105,1.049
174.135,1.050
174.165,1.046
174.195,1.050
174.225,1.049
174.255,1.047
174.285,1.048
174.315,1.047
174.345,1.049
174.375,1.046
174.405,1.047
174.435,1.053
174.465,1.054
174.495,1.052
174.525,1.045
174.555,1.053
174.585,1.049
174.615,1.046
174.645,1.045
174.675,1.051
174.705,1.044
174.735,1.045
174.765,1.054
174.795,1.047
174.825,1.043
174.855,1.050
174.885,1.050
174.915,1.044
174.945,1.045
174.975,1.044
175.005,1.048
175.035,1.046
175.065,1.050
175.095,1.048
175.125,1.050
175.155,1.048
175.185,1.048
175.215,1.048
175.245,1.048
175.275,1.046
175.305,1.045
175.335,1.045
175.365,1.041
175.395,1.047
175.425,1.044
175.455,1.049
175.485,1.047
175.515,1.049
175.545,1.047
175.575,1.046
175.605,1.046
175.635,1.049
175.665,1.044
175.695,1.045
175.725,1.041
175.755,1.048
175.785,1.051
175.815,1.049
175.845,1.045
175.875,1.044
175.905,1.045
175.935,1.046
175.965,1.050
175.995,1.053
176.025,1.047
176.055,1.045
176.085,1.051
176.115,1.047
176.145,1.046
176.175,1.045
176.205,1.046
176.235,1.047
176.265,1.051
176.295,1.046
176.325,1.047
176.355,1.046
176.385,1.048
176.415,1.045
176.445,1.041
176.475,1.040
176.505,1.045
176.535,1.045
176.565,1.050
176.595,1.045
176.625,1.049
176.655,1.051
176.685,1.045
176.715,1.042
176.745,1.046
176.775,1.047
176.805,1.042
176.835,1.052
176.865,1.054
176.895,1.049
176.925,1.050
176.955,1.051
176.985,1.050
177.015,1.050
177.045,1.046
177.075,1.052
177.105,1.049
177.135,1.051
177.165,1.043
177.195,1.050
177.225,1.050
177.255,1.050
177.285,1.042
177.315,1.044
177.345,1.043
177.375,1.044
177.405,1.058
177.435,1.049
177.465,1.042
177.495,1.051
177.525,1.049
177.555,1.041
177.585,1.039
177.615,1.054
177.645,1.044
177.675,1.046
177.705,1.050
177.735,1.050
177.765,1.043
177.795,1.042
177.825,1.048
177.855,1.047
177.885,1.049
177.915,1.056
177.945,1.055
177.975,1.047
178.005,1.050
178.035,1.060
178.065,1.063
178.095,1.057
178.125,1.042
178.155,1.042
178.185,1.039
178.215,1.046
178.245,1.062
178.275,1.046
178.305,1.044
178.335,1.048
178.365,1.050
178.395,1.044
178.425,1.035
178.455,1.038
178.485,1.040
178.515,1.048
178.545,1.052
178.575,1.047
178.605,1.043
178.635,1.044
178.665,1.047
178.695,1.046
178.725,1.045
178.755,1.045
178.785,1.047
178.815,1.054
178.845,1.051
178.875,1.053
178.905,1.049
178.935,1.048
178.965,1.046
178.995,1.046
179.025,1.049
179.055,1.053
179.085,1.045
179.115,1.050
179.145,1.048
179.175,1.049
179.205,1.049
179.235,1.044
179.265,1.047
179.295,1.045
179.325,1.047
179.355,1.049
179.385,1.050
179.415,1.051
179.445,1.051
179.475,1.043
179.505,1.051
179.535,1.048
179.565,1.049
179.595,1.044
179.625,1.046
179.655,1.048
179.685,1.046
179.715,1.043
179.745,1.045
179.775,1.042
179.805,1.041
179.835,1.050
179.865,1.046
179.895,1.045
179.925,1.045
179.955,1.048
179.985,1.046
180.015,1.038
180.045,1.040
180.075,1.049
180.105,1.051
180.135,1.048
180.165,1.051
180.195,1.052
180.225,1.045
180.255,1.043
180.285,1.050
180.315,1.049
180.345,1.050
180.375,1.046
180.405,1.047
180.435,1.050
180.465,1.052
180.495,1.055
180.525,1.046
180.555,1.043
180.585,1.040
180.615,1.045
180.645,1.043
180.675,1.055
180.705,1.046
180.735,1.055
180.765,1.058
180.795,1.050
180.825,1.021
180.855,1.050
180.885,1.060
180.915,1.046
180.945,1.041
180.975,1.045
181.005,1.050
181.035,1.050
181.065,1.042
181.095,1.041
181.125,1.047
181.155,1.045
181.185,1.045
181.215,1.053
181.245,1.047
181.275,1.043
181.305,1.043
181.335,1.045
181.365,1.042
181.395,1.045
181.425,1.046
181.455,1.042
181.485,1.047
181.515,1.052
181.545,1.045
181.575,1.036
181.605,1.049
181.635,1.046
181.665,1.045
181.695,1.046
181.725,1.045
181.755,1.043
181.785,1.046
181.815,1.048
181.845,1.049
181.875,1.042
181.905,1.045
181.935,1.042
181.965,1.045
181.995,1.043
182.025,1.040
182.055,1.044
182.085,1.045
182.115,1.041
182.145,1.043
182.175,1.041
182.205,1.037
182.235,1.048
182.265,1.051
182.295,1.048
182.325,1.039
182.355,1.045
182.385,1.045
182.415,1.043
182.445,1.049
182.475,1.055
182.505,1.041
182.535,1.045
182.565,1.046
182.595,1.046
182.625,1.034
182.655,1.043
182.685,1.047
182.715,1.045
182.745,1.044
182.775,1.047
182.805,1.046
182.835,1.049
182.865,1.045
182.895,1.039
182.925,1.049
182.955,1.047
182.985,1.040
183.015,1.046
183.045,1.047
183.075,1.039
183.105,1.045
183.135,1.045
183.165,1.048
183.195,1.048
183.225,1.049
183.255,1.046
183.285,1.034
183.315,1.035
183.345,1.040
183.375,1.039
183.405,1.034
183.435,1.043
183.465,1.037
183.495,1.049
183.525,1.049
183.555,1.046
183.585,1.048
183.615,1.037
183.645,1.043
183.675,1.050
183.705,1.061
183.735,1.054
183.765,1.053
183.795,1.041
183.825,1.027
183.855,1.040
183.885,1.032
183.915,1.035
183.945,1.050
183.975,1.055
184.005,1.040
184.035,1.055
184.065,1.057
184.095,1.044
184.125,1.054
184.155,1.040
184.185,1.042
184.215,1.029
184.245,1.031
184.275,1.035
184.305,1.033
184.335,1.018
184.365,1.035
184.395,1.049
184.425,1.037
184.455,1.041
184.485,1.043
184.515,1.037
184.545,1.055
184.575,1.055
184.605,1.045
184.635,1.048
184.665,1.055
184.695,1.026
184.725,1.044
184.755,1.044
184.785,1.064
184.815,1.063
184.845,1.048
184.875,1.049
184.905,1.050
184.935,1.038
184.965,1.022
184.995,1.038
185.025,1.038
185.055,1.049
185.085,1.045
185.115,1.051
185.145,1.058
185.175,1.043
185.205,1.026
185.235,1.020
185.265,1.035
185.295,1.041
185.325,1.036
185.355,1.045
185.385,1.034
185.415,1.034
185.445,1.031
185.475,1.036
185.505,1.039
185.535,1.044
185.565,1.043
185.595,1.048
185.625,1.037
185.655,1.042
185.685,1.035
185.715,1.038
185.745,1.034
185.775,1.043
185.805,1.040
185.835,1.037
185.865,1.040
185.895,1.047
185.925,1.056
185.955,1.057
185.985,1.052
186.015,1.050
186.045,1.030
186.075,1.042
186.105,1.048
186.135,1.049
186.165,1.046
186.195,1.059
186.225,1.038
186.255,1.039
186.285,1.034
186.315,1.044
186.345,1.057
186.375,1.066
186.405,1.052
186.435,1.034
186.465,1.049
186.495,1.039
186.525,1.041
186.555,1.038
186.585,1.042
186.615,1.029
186.645,1.025
186.675,1.034
186.705,1.047
186.735,1.068
186.765,1.061
186.795,1.062
186.825,1.053
186.855,1.043
186.885,1.044
186.915,1.044
186.945,1.035
186.975,1.031
187.005,1.046
187.035,1.047
187.065,1.031
187.095,1.046
187.125,1.045
187.155,1.043
187.185,1.049
187.215,1.047
187.245,1.047
187.275,1.040
187.305,1.045
187.335,1.047
187.365,1.047
187.395,1.043
187.425,1.047
187.455,1.042
187.485,1.049
187.515,1.047
187.545,1.045
187.575,1.042
187.605,1.043
187.635,1.042
187.665,1.047
187.695,1.040
187.725,1.048
187.755,1.046
187.785,1.040
187.815,1.037
187.845,1.046
187.875,1.048
187.905,1.046
187.935,1.043
187.965,1.042
187.995,1.047
188.025,1.051
188.055,1.046
188.085,1.038
188.115,1.040
188.145,1.043
188.175,1.048
188.205,1.051
188.235,1.046
188.265,1.043
188.295,1.040
188.325,1.044
188.355,1.048
188.385,1.042
188.415,1.045
188.445,1.043
188.475,1.053
188.505,1.048
188.535,1.039
188.565,1.052
188.595,1.044
188.625,1.044
188.655,1.048
188.685,1.046
188.715,1.049
188.745,1.044
188.775,1.051
188.805,1.038
188.835,1.045
188.865,1.051
188.895,1.060
188.925,1.048
188.955,1.052
188.985,1.043
189.015,1.030
189.045,1.020
189.075,1.020
189.105,1.051
189.135,1.063
189.165,1.060
189.195,1.049
189.225,1.044
189.255,1.053
189.285,1.037
189.315,1.032
189.345,1.041
189.375,1.042
189.405,1.034
189.435,1.042
189.465,1.043
189.495,1.058
189.525,1.054
189.555,1.043
189.585,1.034
189.615,1.034
189.645,1.043
189.675,1.056
189.705,1.048
189.735,1.041
189.765,1.039
189.795,1.045
189.825,1.045
189.855,1.038
189.885,1.021
189.915,1.040
189.945,1.061
189.975,1.051
190.005,1.054
190.035,1.052
190.065,1.041
190.095,1.027
190.125,1.035
190.155,1.047
190.185,1.047
190.215,1.047
190.245,1.072
190.275,1.081
190.305,1.033
190.335,1.030
190.365,1.001
190.395,1.026
190.425,1.045
190.455,1.056
190.485,1.033
190.515,1.045
190.545,1.046
190.575,1.052
190.605,1.047
190.635,1.031
190.665,1.033
190.695,1.045
190.725,1.037
190.755,1.049
190.785,1.053
190.815,1.031
190.845,1.034
190.875,1.021
190.905,1.032
190.935,1.028
190.965,1.052
190.995,1.068
191.025,1.055
191.055,1.048
191.085,1.043
191.115,1.039
191.145,1.028
191.175,1.033
191.205,1.036
191.235,1.038
191.265,1.036
191.295,1.033
191.325,1.028
191.355,1.021
191.385,1.040
191.415,1.037
191.445,1.040
191.475,1.055
191.505,1.044
191.535,1.037
191.565,1.053
191.595,1.069
191.625,1.037
191.655,1.025
191.685,1.024
191.715,1.017
191.745,1.020
191.775,1.026
191.805,1.041
191.835,1.060
191.865,1.038
191.895,1.042
191.925,1.046
191.955,1.059
191.985,1.045
192.015,1.045
192.045,1.030
192.075,1.024
192.105,1.029
192.135,1.037
192.165,1.041
192.195,1.043
192.225,1.058
192.255,1.052
192.285,1.041
192.315,1.045
192.345,1.035
192.375,1.014
192.405,1.019
192.435,1.032
192.465,1.037
192.495,1.036
192.525,1.035
192.555,1.035
192.585,1.042
192.615,1.038
192.645,1.044
192.675,1.040
192.705,1.041
192.735,1.028
192.765,1.024
192.795,1.029
192.825,1.035
192.855,1.033
192.885,1.045
192.915,1.041
192.945,1.037
192.975,1.044
193.005,1.041
193.035,1.034
193.065,1.031
193.095,1.030
193.125,1.031
193.155,1.036
193.185,1.037
193.215,1.043
193.245,1.044
193.275,1.039
193.305,1.031
193.335,1.033
193.365,1.043
193.395,1.046
193.425,1.039
193.455,1.042
193.485,1.036
193.515,1.035
193.545,1.054
193.575,1.037
193.605,1.029
193.635,1.046
193.665,1.040
193.695,1.034
193.725,1.025
193.755,1.037
193.785,1.051
193.815,1.059
193.845,1.051
193.875,1.028
193.905,1.026
193.935,1.000
193.965,1.035
193.995,1.050
194.025,1.036
194.055,1.028
194.085,1.034
194.115,1.039
194.145,1.045
194.175,1.023
194.205,1.038
194.235,1.047
194.265,1.023
194.295,1.040
194.325,1.037
194.355,1.034
194.385,1.029
194.415,1.030
194.445,1.028
194.475,1.037
194.505,1.038
194.535,1.047
194.565,1.026
194.595,1.017
194.625,1.037
194.655,1.005
194.685,1.016
194.715,1.017
194.745,1.033
194.775,1.044
194.805,1.010
194.835,1.044
194.865,0.982
194.895,1.060
194.925,0.982
194.955,1.013
194.985,1.046
195.015,1.013
195.045,1.038
195.075,1.023
195.105,1.016
195.135,1.090
195.165,1.104
195.195,1.035
195.225,1.049
195.255,1.044
195.285,1.015
195.315,0.980
195.345,1.050
195.375,0.985
195.405,1.047
195.435,1.099
195.465,1.080
195.495,1.099
195.525,1.082
195.555,1.038
195.585,1.039
195.615,1.056
195.645,1.052
195.675,1.039
195.705,1.046
195.735,1.039
195.765,1.027
195.795,1.028
195.825,1.041
195.855,1.031
195.885,1.036
195.915,1.048
195.945,1.044
195.975,1.057
196.005,1.058
196.035,1.046
196.065,1.033
196.095,1.035
196.125,1.061
196.155,1.047
196.185,1.049
196.215,1.034
196.245,1.027
196.275,1.032
196.305,1.037
196.335,1.042
196.365,1.038
196.395,1.042
196.425,1.048
196.455,1.047
196.485,1.041
196.515,1.043
196.545,1.028
196.575,1.034
196.605,1.036
196.635,1.050
196.665,1.054
196.695,1.035
196.725,1.041
196.755,1.047
196.785,1.051
196.815,1.034
196.845,1.038
196.875,1.042
196.905,1.039
196.935,1.040
196.965,1.038
196.995,1.046
197.025,1.032
197.055,1.042
197.085,1.043
197.115,1.039
197.145,1.047
197.175,1.045
197.205,1.038
197.235,1.038
197.265,1.038
197.295,1.034
197.325,1.044
197.355,1.046
197.385,1.040
197.415,1.037
197.445,1.039
197.475,1.040
197.505,1.054
197.535,1.040
197.565,1.039
197.595,1.045
197.625,1.037
197.655,1.038
197.685,1.047
197.715,1.050
197.745,1.037
197.775,1.048
197.805,1.043
197.835,1.028
197.865,1.037
197.895,1.041
197.925,1.039
197.955,1.037
197.985,1.047
198.015,1.044
198.045,1.039
198.075,1.039
198.105,1.040
198.135,1.039
198.165,1.041
198.195,1.036
198.225,1.038
198.255,1.041
198.285,1.032
198.315,1.040
198.345,1.048
198.375,1.041
198.405,1.038
198.435,1.042
198.465,1.044
198.495,1.041
198.525,1.046
198.555,1.037
198.585,1.042
198.615,1.050
198.645,1.036
198.675,1.031
198.705,1.044
198.735,1.044
198.765,1.046
198.795,1.036
198.825,1.037
198.855,1.037
198.885,1.046
198.915,1.043
198.945,1.049
198.975,1.044
199.005,1.038
199.035,1.045
199.065,1.038
199.095,1.055
199.125,1.043
199.155,1.069
199.185,1.053
199.215,1.040
199.245,1.022
199.275,1.006
199.305,1.044
199.335,1.052
199.365,1.046
199.395,1.049
199.425,1.049
199.455,1.044
199.485,1.060
199.515,1.060
199.545,1.031
199.575,1.034
199.605,1.013
199.635,1.034
199.665,1.047
199.695,1.033
199.725,1.034
199.755,1.037
199.785,1.031
199.815,1.035
199.845,0.998
199.875,1.065
199.905,1.060
199.935,1.032
199.965,1.040
199.995,1.053
200.025,1.034
200.055,1.018
200.085,1.049
200.115,1.041
200.145,1.037
200.175,1.040
200.205,1.039
200.235,1.024
200.265,1.047
200.295,1.056
200.325,1.041
200.355,1.051
200.385,1.012
200.415,1.018
200.445,1.036
200.475,1.041
200.505,1.048
200.535,1.034
200.565,1.053
200.595,1.040
200.625,1.020
200.655,1.040
200.685,1.046
200.715,1.049
200.745,1.005
200.775,1.026
200.805,1.026
200.835,1.027
200.865,1.036
200.895,1.048
200.925,1.031
200.955,1.050
200.985,1.022
201.015,1.030
201.045,1.029
201.075,1.034
201.105,1.031
201.135,1.044
201.165,1.046
201.195,1.031
201.225,1.032
201.255,1.031
201.285,1.034
201.315,1.047
201.345,1.027
201.375,1.027
201.405,1.042
201.435,1.046
201.465,1.031
201.495,1.057
201.525,1.046
201.555,1.058
201.585,1.045
201.615,1.013
201.645,1.007
201.675,1.021
201.705,1.008
201.735,1.032
201.765,1.061
201.795,1.051
201.825,1.042
201.855,1.062
201.885,1.055
201.915,1.026
201.945,1.032
201.975,1.020
202.005,1.023
202.035,1.017
202.065,1.048
202.095,1.052
202.125,1.050
202.155,1.048
202.185,1.031
202.215,1.032
202.245,1.036
202.275,1.034
202.305,1.027
202.335,1.031
202.365,1.038
202.395,1.019
202.425,1.017
202.455,1.034
202.485,1.040
202.515,1.029
202.545,1.030
202.575,1.061
202.605,1.050
202.635,1.049
202.665,1.025
202.695,1.035
202.725,1.030
202.755,1.041
202.785,1.039
202.815,1.059
202.845,1.029
202.875,1.014
202.905,1.036
202.935,1.048
202.965,1.035
202.995,1.036
203.025,1.049
203.055,1.042
203.085,1.037
203.115,1.045
203.145,1.046
203.175,1.038
203.205,1.032
203.235,1.053
203.265,1.044
203.295,1.040
203.325,1.041
203.355,1.044
203.385,1.049
203.415,1.051
203.445,1.045
203.475,1.049
203.505,1.031
203.535,1.024
203.565,1.023
203.595,1.029
203.625,1.030
203.655,1.024
203.685,1.025
203.715,1.044
203.745,1.035
203.775,1.034
203.805,1.034
203.835,1.046
203.865,1.038
203.895,1.032
203.925,1.033
203.955,1.031
203.985,1.034
204.015,1.036
204.045,1.032
204.075,1.031
204.105,1.028
204.135,1.041
204.165,1.039
204.195,1.038
204.225,1.036
204.255,1.037
204.285,1.039
204.315,1.032
204.345,1.035
204.375,1.035
204.405,1.028
204.435,1.035
204.465,1.041
204.495,1.042
204.525,1.040
204.555,1.031
204.585,1.036
204.615,1.041
204.645,1.041
204.675,1.038
204.705,1.046
204.735,1.042
204.765,1.028
204.795,1.030
204.825,1.036
204.855,1.021
204.885,1.030
204.915,1.036
204.945,1.030
204.975,1.029
205.005,1.033
205.035,1.036
205.065,1.040
205.095,1.044
205.125,1.045
205.155,1.037
205.185,1.038
205.215,1.045
205.245,1.047
205.275,1.047
205.305,1.053
205.335,1.055
205.365,1.041
205.395,1.040
205.425,1.043
205.455,1.044
205.485,1.044
205.515,1.044
205.545,1.043
205.575,1.044
205.605,1.036
205.635,1.045
205.665,1.048
205.695,1.057
205.725,1.053
205.755,1.037
205.785,1.036
205.815,1.037
205.845,1.032
205.875,1.029
205.905,1.044
205.935,1.059
205.965,1.060
205.995,1.040
206.025,1.039
206.055,1.038
206.085,1.037
206.115,1.045
206.145,1.052
206.175,1.050
206.205,1.041
206.235,1.044
206.265,1.047
206.295,1.049
206.325,1.051
206.355,1.050
206.385,1.041
206.415,1.037
206.445,1.028
206.475,1.036
206.505,1.049
206.535,1.051
206.565,1.042
206.595,1.057
206.625,1.040
206.655,1.044
206.685,1.036
206.715,1.041
206.745,1.048
206.775,1.052
206.805,1.048
206.835,1.044
206.865,1.037
206.895,1.039
206.925,1.049
206.955,1.046
206.985,1.040
207.015,1.040
207.045,1.037
207.075,1.044
207.105,1.041
207.135,1.037
207.165,1.043
207.195,1.046
207.225,1.038
207.255,1.041
207.285,1.048
207.315,1.037
207.345,1.033
207.375,1.033
207.405,1.040
207.435,1.038
207.465,1.032
207.495,1.037
207.525,1.044
207.555,1.038
207.585,1.030
207.615,1.038
207.645,1.022
207.675,1.034
207.705,1.039
207.735,1.038
207.765,1.032
207.795,1.042
207.825,1.038
207.855,1.032
207.885,1.038
207.915,1.032
207.945,1.046
207.975,1.036
208.005,1.038
208.035,1.041
208.065,1.028
208.095,1.030
208.125,1.030
208.155,1.053
208.185,1.028
208.215,1.020
208.245,1.015
208.275,1.033
208.305,1.052
208.335,1.032
208.365,1.080
208.395,1.044
208.425,1.043
208.455,1.044
208.485,1.027
208.515,1.029
208.545,1.039
208.575,1.037
208.605,1.033
208.635,1.060
208.665,1.053
208.695,1.061
208.725,1.045
208.755,1.040
208.785,1.044
208.815,1.029
208.845,1.022
208.875,1.022
208.905,1.035
208.935,1.037
208.965,1.045
208.995,1.061
209.025,1.067
209.055,1.066
209.085,1.070
209.115,1.071
209.145,1.063
209.175,1.049
209.205,1.058
209.235,1.060
209.265,1.052
209.295,1.064
209.325,1.056
209.355,1.048
209.385,1.062
209.415,1.040
209.445,1.031
209.475,1.032
209.505,1.031
209.535,1.050
209.565,1.059
209.595,1.074
209.625,1.078
209.655,1.078
209.685,1.072
209.715,1.068
209.745,1.064
209.775,1.047
209.805,1.052
209.835,1.051
209.865,1.052
209.895,1.054
209.925,1.053
209.955,1.044
209.985,1.053
210.015,1.056
210.045,1.051
210.075,1.065
210.105,1.065
210.135,1.055
210.165,1.061
210.195,1.064
210.225,1.064
210.255,1.049
210.285,1.050
210.315,1.041
210.345,1.039
210.375,1.040
210.405,1.038
210.435,1.049
210.465,1.047
210.495,1.055
210.525,1.055
210.555,1.050
210.585,1.045
210.615,1.057
210.645,1.056
210.675,1.050
210.705,1.045
210.735,1.041
210.765,1.037
210.795,1.039
210.825,1.032
210.855,1.034
210.885,1.042
210.915,1.061
210.945,1.048
210.975,1.047
211.005,1.059
211.035,1.037
211.065,1.043
211.095,1.052
211.125,1.053
211.155,1.042
211.185,1.056
211.215,1.066
211.245,1.062
211.275,1.047
211.305,1.051
211.335,1.055
211.365,1.050
211.395,1.041
211.425,1.056
211.455,1.047
211.485,1.032
211.515,1.043
211.545,1.053
211.575,1.040
211.605,1.044
211.635,1.045
211.665,1.047
211.695,1.040
211.725,1.045
211.755,1.043
211.785,1.039
211.815,1.034
211.845,1.028
211.875,1.041
211.905,1.054
211.935,1.055
211.965,1.044
211.995,1.042
212.025,1.052
212.055,1.053
212.085,1.046
212.115,1.054
212.145,1.048
212.175,1.054
212.205,1.051
212.235,1.026
212.265,1.027
212.295,1.030
212.325,1.034
212.355,1.061
212.385,1.057
212.415,1.035
212.445,1.032
212.475,1.048
212.505,1.063
212.535,1.058
212.565,1.040
212.595,1.027
212.625,1.033
212.655,1.034
212.685,1.043
212.715,1.045
212.745,1.048
212.775,1.052
212.805,1.051
212.835,1.048
212.865,1.050
212.895,1.048
212.925,1.040
212.955,1.048
212.985,1.047
213.015,1.047
213.045,1.046
213.075,1.045
213.105,1.047
213.135,1.047
213.165,1.043
213.195,1.045
213.225,1.049
213.255,1.039
213.285,1.035
213.315,1.042
213.345,1.039
213.375,1.047
213.405,1.039
213.435,1.040
213.465,1.040
213.495,1.048
213.525,1.048
213.555,1.038
213.585,1.045
213.615,1.046
213.645,1.042
213.675,1.036
213.705,1.043
213.735,1.037
213.765,1.022
213.795,1.030
213.825,1.025
213.855,1.027
213.885,1.028
213.915,1.034
213.945,1.041
213.975,1.061
214.005,1.042
214.035,1.057
214.065,1.053
214.095,1.049
214.125,1.056
214.155,1.053
214.185,1.064
214.215,1.062
214.245,1.057
214.275,1.042
214.305,1.046
214.335,1.064
214.365,1.059
214.395,1.059
214.425,1.057
214.455,1.057
214.485,1.043
214.515,1.037
214.545,1.041
214.575,1.056
214.605,1.063
214.635,1.059
214.665,1.057
214.695,1.040
214.725,1.029
214.755,1.044
214.785,1.047
214.815,1.036
214.845,1.047
214.875,1.043
214.905,1.041
214.935,1.042
214.965,1.049
214.995,1.059
215.025,1.059
215.055,1.043
215.085,1.049
215.115,1.050
215.145,1.050
215.175,1.047
215.205,1.048
215.235,1.050
215.265,1.047
215.295,1.041
215.325,1.050
215.355,1.047
215.385,1.045
215.415,1.049
215.445,1.045
215.475,1.053
215.505,1.047
215.535,1.047
215.565,1.043
215.595,1.045
215.625,1.045
215.655,1.041
215.685,1.035
215.715,1.036
215.745,1.046
215.775,1.041
215.805,1.038
215.835,1.046
215.865,1.048
215.895,1.039
215.925,1.046
215.955,1.045
215.985,1.041
216.015,1.041
216.045,1.046
216.075,1.046
216.105,1.045
216.135,1.045
216.165,1.043
216.195,1.037
216.225,1.056
216.255,1.051
216.285,1.041
216.315,1.045
216.345,1.045
216.375,1.047
216.405,1.047
216.435,1.049
216.465,1.047
216.495,1.048
216.525,1.050
216.555,1.043
216.585,1.038
216.615,1.045
216.645,1.053
216.675,1.037
216.705,1.052
216.735,1.053
216.765,1.056
216.795,1.039
216.825,1.044
216.855,1.047
216.885,1.033
216.915,1.035
216.945,1.039
216.975,1.023
217.005,1.026
217.035,1.032
217.065,1.039
217.095,1.035
217.125,1.041
217.155,1.043
217.185,1.039
217.215,1.027
217.245,1.030
217.275,1.030
217.305,1.033
217.335,1.040
217.365,1.040
217.395,1.042
217.425,1.028
217.455,1.051
217.485,1.057
217.515,1.067
217.545,1.056
217.575,1.056
217.605,1.048
217.635,1.044
217.665,1.040
217.695,1.050
217.725,1.041
217.755,1.044
217.785,1.046
217.815,1.051
217.845,1.030
217.875,1.021
217.905,1.023
217.935,1.020
217.965,1.021
217.995,1.006
218.025,1.007
218.055,1.035
218.085,1.042
218.115,1.050
218.145,1.045
218.175,1.033
218.205,1.043
218.235,1.091
218.265,1.051
218.295,1.041
218.325,1.029
218.355,1.062
218.385,1.015
218.415,1.042
218.445,1.047
218.475,1.043
218.505,1.059
218.535,1.073
218.565,1.052
218.595,1.056
218.625,1.065
218.655,1.054
218.685,1.045
218.715,1.049
218.745,1.055
218.775,1.056
218.805,1.047
218.835,1.054
218.865,1.051
218.895,1.045
218.925,1.046
218.955,1.038
218.985,1.046
219.015,1.051
219.045,1.050
219.075,1.051
219.105,1.044
219.135,1.035
219.165,1.045
219.195,1.037
219.225,1.042
219.255,1.047
219.285,1.047
219.315,1.038
219.345,1.041
219.375,1.046
219.405,1.054
219.435,1.049
219.465,1.048
219.495,1.041
219.525,1.043
219.555,1.041
219.585,1.040
219.615,1.034
219.645,1.036
219.675,1.027
219.705,1.048
219.735,1.049
219.765,1.042
219.795,1.049
219.825,1.043
219.855,1.035
219.885,1.037
219.915,1.048
219.945,1.048
219.975,1.037
220.005,1.040
220.035,1.044
220.065,1.044
220.095,1.044
220.125,1.042
220.155,1.039
220.185,1.042
220.215,1.032
220.245,1.040
220.275,1.037
220.305,1.036
220.335,1.035
220.365,1.043
220.395,1.041
220.425,1.027
220.455,1.042
220.485,1.030
220.515,1.032
220.545,1.026
220.575,1.040
220.605,1.039
220.635,1.047
220.665,1.042
220.695,1.043
220.725,1.032
220.755,1.036
220.785,1.034
220.815,1.035
220.845,1.043
220.875,1.035
220.905,1.033
220.935,1.034
220.965,1.020
220.995,1.025
221.025,1.032
221.055,1.027
221.085,1.024
221.115,1.031
221.145,1.017
221.175,1.028
221.205,1.028
221.235,1.046
221.265,1.041
221.295,1.041
221.325,1.050
221.355,1.036
221.385,1.040
221.415,1.027
221.445,1.037
221.475,1.040
221.505,1.039
221.535,1.041
221.565,1.031
221.595,1.027
221.625,1.041
221.655,1.024
221.685,1.030
221.715,1.033
221.745,1.046
221.775,1.052
221.805,1.047
221.835,1.031
221.865,1.033
221.895,1.040
221.925,1.029
221.955,1.033
221.985,1.028
222.015,1.031
222.045,1.041
222.075,1.047
222.105,1.039
222.135,1.039
222.165,1.041
222.195,1.042
222.225,1.036
222.255,1.037
222.285,1.039
222.315,1.037
222.345,1.043
222.375,1.037
222.405,1.025
222.435,1.025
222.465,1.025
222.495,1.028
222.525,1.028
222.555,1.044
222.585,1.049
222.615,1.044
222.645,1.054
222.675,1.056
222.705,1.042
222.735,1.044
222.765,1.057
222.795,1.057
222.825,1.043
222.855,1.048
222.885,1.056
222.915,1.054
222.945,1.040
222.975,1.051
223.005,1.060
223.035,1.042
223.065,1.040
223.095,1.045
223.125,1.036
223.155,1.047
223.185,1.048
223.215,1.041
223.245,1.040
223.275,1.023
223.305,1.026
223.335,1.040
223.365,1.023
223.395,1.030
223.425,1.023
223.455,1.047
223.485,1.058
223.515,1.059
223.545,1.048
223.575,1.054
223.605,1.051
223.635,1.061
223.665,1.054
223.695,1.052
223.725,1.047
223.755,1.038
223.785,1.041
223.815,1.030
223.845,1.048
223.875,1.043
223.905,1.033
223.935,1.039
223.965,1.051
223.995,1.035
224.025,1.045
224.055,1.034
224.085,1.057
224.115,1.078
224.145,1.062
224.175,1.052
224.205,1.072
224.235,1.070
224.265,1.048
224.295,1.033
224.325,1.046
224.355,1.031
224.385,1.027
224.415,1.066
224.445,1.065
224.475,1.058
224.505,1.048
224.535,1.053
224.565,1.046
224.595,1.050
224.625,1.040
224.655,1.038
224.685,1.027
224.715,1.027
224.745,0.995
224.775,1.032
224.805,1.030
224.835,1.043
224.865,1.052
224.895,1.062
224.925,1.061
224.955,1.014
224.985,1.025
225.015,1.032
225.045,1.026
225.075,1.051
225.105,1.048
225.135,1.055
225.165,1.027
225.195,1.020
225.225,1.030
225.255,1.046
225.285,1.029
225.315,1.050
225.345,1.062
225.375,1.041
225.405,1.058
225.435,1.067
225.465,1.082
225.495,1.100
225.525,1.087
225.555,1.055
225.585,1.060
225.615,1.044
225.645,1.021
225.675,1.034
225.705,1.063
225.735,1.063
225.765,1.025
225.795,1.039
225.825,1.059
225.855,1.038
225.885,1.040
225.915,1.056
225.945,1.070
225.975,1.068
226.005,1.068
226.035,1.032
226.065,1.041
226.095,1.060
226.125,1.040
226.155,1.026
226.185,1.020
226.215,1.053
226.245,1.046
226.275,1.010
226.305,1.044
226.335,1.044
226.365,1.037
226.395,1.033
226.425,1.067
226.455,1.049
226.485,1.030
226.515,1.037
226.545,1.040
226.575,1.041
226.605,1.032
226.635,1.046
226.665,1.069
226.695,1.082
226.725,1.075
226.755,1.032
226.785,1.010
226.815,0.980
226.845,0.968
226.875,0.962
226.905,1.015
226.935,1.060
226.965,1.099
226.995,1.104
227.025,1.097
227.055,1.085
227.085,1.077
227.115,1.035
227.145,1.017
227.175,1.012
227.205,1.022
227.235,1.032
227.265,1.035
227.295,1.042
227.325,1.060
227.355,1.037
227.385,1.049
227.415,1.063
227.445,1.035
227.475,0.992
227.505,1.019
227.535,1.055
227.565,1.048
227.595,1.041
227.625,1.046
227.655,1.052
227.685,1.053
227.715,1.051
227.745,1.030
227.775,1.028
227.805,1.018
227.835,1.065
227.865,1.030
227.895,1.031
227.925,1.002
227.955,1.039
227.985,1.042
228.015,1.040
228.045,1.037
228.075,1.034
228.105,1.040
228.135,1.037
228.165,1.033
228.195,1.050
228.225,1.043
228.255,1.041
228.285,1.045
228.315,1.034
228.345,1.030
228.375,1.039
228.405,1.041
228.435,1.038
228.465,1.041
228.495,1.036
228.525,1.040
228.555,1.037
228.585,1.050
228.615,1.036
228.645,1.038
228.675,1.039
228.705,1.039
228.735,1.040
228.765,1.032
228.795,1.034
228.825,1.033
228.855,1.042
228.885,1.032
228.915,1.038
228.945,1.040
228.975,1.038
229.005,1.040
229.035,1.037
229.065,1.039
229.095,1.038
229.125,1.040
229.155,1.038
229.185,1.040
229.215,1.040
229.245,1.040
229.275,1.039
229.305,1.039
229.335,1.047
229.365,1.036
229.395,1.044
229.425,1.041
229.455,1.034
229.485,1.044
229.515,1.036
229.545,1.036
229.575,1.031
229.605,1.050
229.635,1.037
229.665,1.033
229.695,1.039
229.725,1.041
229.755,1.035
229.785,1.039
229.815,1.039
229.845,1.038
229.875,1.036
229.905,1.033
229.935,1.036
229.965,1.035
229.995,1.040
230.025,1.042
230.055,1.043
230.085,1.040
230.115,1.040
230.145,1.028
230.175,1.020
230.205,1.021
230.235,1.037
230.265,1.051
230.295,1.055
230.325,1.076
230.355,1.082
230.385,1.065
230.415,1.064
230.445,1.061
230.475,1.062
230.505,1.037
230.535,1.021
230.565,1.015
230.595,1.054
230.625,1.041
230.655,1.035
230.685,1.028
230.715,1.014
230.745,1.038
230.775,1.023
230.805,1.032
230.835,1.021
230.865,1.031
230.895,1.025
230.925,1.022
230.955,1.018
230.985,1.023
231.015,1.008
231.045,1.022
231.075,1.011
231.105,1.007
231.135,1.029
231.165,1.027
231.195,1.052
231.225,1.048
231.255,1.069
231.285,1.047
231.315,1.009
231.345,1.032
231.375,1.030
231.405,1.039
231.435,1.027
231.465,1.029
231.495,1.016
231.525,1.021
231.555,1.022
231.585,1.009
231.615,1.034
231.645,1.038
231.675,1.062
231.705,1.071
231.735,1.068
231.765,1.049
231.795,1.039
231.825,1.045
231.855,1.024
231.885,1.060
231.915,1.045
231.945,1.025
231.975,1.038
232.005,1.038
232.035,1.042
232.065,1.038
232.095,1.038
232.125,1.032
232.155,1.034
232.185,1.031
232.215,1.044
232.245,1.037
232.275,1.040
232.305,1.028
232.335,1.033
232.365,1.036
232.395,1.029
232.425,1.031
232.455,1.026
232.485,1.031
232.515,1.026
232.545,1.024
232.575,1.026
232.605,1.019
232.635,1.021
232.665,1.050
232.695,1.054
232.725,1.018
232.755,1.044
232.785,1.036
232.815,1.031
232.845,1.031
232.875,1.019
232.905,1.009
232.935,1.027
232.965,1.019
232.995,1.021
233.025,1.053
233.055,1.036
233.085,1.029
233.115,1.036
233.145,1.025
233.175,1.034
233.205,1.030
233.235,1.026
233.265,1.032
233.295,1.023
233.325,1.034
233.355,1.026
233.385,1.029
233.415,1.022
233.445,1.021
233.475,1.031
233.505,1.018
233.535,1.012
233.565,1.027
233.595,1.023
233.625,1.033
233.655,1.037
233.685,1.027
233.715,1.036
233.745,1.035
233.775,1.030
233.805,1.037
233.835,1.023
233.865,1.031
233.895,1.019
233.925,1.028
233.955,1.034
233.985,1.034
234.015,1.025
234.045,1.022
234.075,1.029
234.105,1.035
234.135,1.023
234.165,1.027
234.195,1.029
234.225,1.026
234.255,1.024
234.285,1.023
234.315,1.025
234.345,1.033
234.375,1.029
234.405,1.033
234.435,1.028
234.465,1.025
234.495,1.031
234.525,1.017
234.555,1.030
234.585,1.034
234.615,1.023
234.645,1.030
234.675,1.033
234.705,1.025
234.735,1.025
234.765,1.028
234.795,1.022
234.825,1.028
234.855,1.030
234.885,1.029
234.915,1.032
234.945,1.036
234.975,1.037
235.005,1.030
235.035,1.026
235.065,1.032
235.095,1.029
235.125,1.027
235.155,1.033
235.185,1.027
235.215,1.035
235.245,1.024
235.275,1.016
235.305,1.035
235.335,1.038
235.365,1.036
235.395,1.038
235.425,1.026
235.455,1.022
235.485,1.036
235.515,1.025
235.545,1.031
235.575,1.031
235.605,1.030
235.635,1.038
235.665,1.037
235.695,1.027
235.725,1.034
235.755,1.031
235.785,1.034
235.815,1.034
235.845,1.039
235.875,1.028
235.905,1.029
235.935,1.033
235.965,1.031
235.995,1.039
236.025,1.032
236.055,1.033
236.085,1.028
236.115,1.028
236.145,1.037
236.175,1.029
236.205,1.021
236.235,1.029
236.265,1.029
236.295,1.034
236.325,1.034
236.355,1.033
236.385,1.030
236.415,1.037
236.445,1.043
236.475,1.036
236.505,1.035
236.535,1.032
236.565,1.025
236.595,1.027
236.625,1.026
236.655,1.029
236.685,1.033
236.715,1.038
236.745,1.038
236.775,1.032
236.805,1.036
236.835,1.032
236.865,1.026
236.895,1.034
236.925,1.032
236.955,1.026
236.985,1.029
237.015,1.036
237.045,1.034
237.075,1.035
237.105,1.032
237.135,1.028
237.165,1.037
237.195,1.030
237.225,1.030
237.255,1.035
237.285,1.025
237.315,1.031
237.345,1.034
237.375,1.032
237.405,1.030
237.435,1.036
237.465,1.034
237.495,1.029
237.525,1.029
237.555,1.029
237.585,1.021
237.615,1.034
237.645,1.037
237.675,1.039
237.705,1.031
237.735,1.030
237.765,1.028
237.795,1.032
237.825,1.037
237.855,1.034
237.885,1.041
237.915,1.040
237.945,1.041
237.975,1.046
238.005,1.037
238.035,1.039
238.065,1.036
238.095,1.037
238.125,1.037
238.155,1.036
238.185,1.026
238.215,1.026
238.245,1.033
238.275,1.031
238.305,1.032
238.335,1.028
238.365,1.037
238.395,1.032
238.425,1.034
238.455,1.029
238.485,1.040
238.515,1.043
238.545,1.031
238.575,1.021
238.605,1.031
238.635,1.032
238.665,1.025
238.695,1.016
238.725,1.024
238.755,1.044
238.785,1.038
238.815,1.056
238.845,1.037
238.875,1.045
238.905,1.036
238.935,1.028
238.965,1.034
238.995,1.054
239.025,1.037
239.055,1.037
239.085,1.046
239.115,1.049
239.145,1.011
239.175,1.037
239.205,1.038
239.235,1.043
239.265,1.026
239.295,1.020
239.325,1.018
239.355,1.031
239.385,1.040
239.415,1.050
239.445,1.047
239.475,1.040
239.505,1.055
239.535,1.046
239.565,1.047
239.595,1.044
239.625,1.027
239.655,1.035
239.685,1.045
239.715,1.036
239.745,1.038
239.775,1.048
239.805,1.048
239.835,1.047
239.865,1.045
239.895,1.051
239.925,1.048
239.955,1.023
239.985,1.020
240.015,1.030
240.045,1.054
240.075,1.024
240.105,1.045
240.135,1.045
240.165,1.065
240.195,1.039
240.225,1.060
240.255,1.039
240.285,1.044
240.315,1.048
240.345,1.057
240.375,1.047
240.405,1.016
240.435,1.035
240.465,1.041
240.495,1.021
240.525,1.034
240.555,1.052
240.585,1.059
240.615,1.075
240.645,1.059
240.675,1.058
240.705,1.055
240.735,1.049
240.765,1.061
240.795,1.054
240.825,1.041
240.855,1.044
240.885,1.047
240.915,1.036
240.945,1.055
240.975,1.031
241.005,1.039
241.035,1.049
241.065,1.034
241.095,1.049
241.125,1.047
241.155,1.052
241.185,1.046
241.215,1.043
241.245,1.035
241.275,1.045
241.305,1.050
241.335,1.045
241.365,1.049
241.395,1.048
241.425,1.048
241.455,1.046
241.485,1.046
241.515,1.057
241.545,1.037
241.575,1.054
241.605,1.058
241.635,1.046
241.665,1.043
241.695,1.047
241.725,1.058
241.755,1.029
241.785,1.038
241.815,1.051
241.845,1.054
241.875,1.065
241.905,1.066
241.935,1.065
241.965,1.067
241.995,1.060
242.025,1.061
242.055,1.037
242.085,1.021
242.115,1.001
242.145,1.010
242.175,1.015
242.205,1.037
242.235,1.034
242.265,1.037
242.295,1.033
242.325,1.037
242.355,1.046
242.385,1.046
242.415,1.035
242.445,1.035
242.475,1.024
242.505,1.022
242.535,1.029
242.565,1.035
242.595,1.036
242.625,1.035
242.655,1.034
242.685,1.022
242.715,1.033
242.745,1.037
242.775,1.030
242.805,1.037
242.835,1.037
242.865,1.037
242.895,1.045
242.925,1.034
242.955,1.025
242.985,1.032
243.015,1.035
243.045,1.032
243.075,1.038
243.105,1.035
243.135,1.027
243.165,1.033
243.195,1.029
243.225,1.015
243.255,1.040
243.285,1.050
243.315,1.032
243.345,1.027
243.375,1.042
243.405,1.026
243.435,1.019
243.465,1.026
243.495,1.022
243.525,1.032
243.555,1.030
243.585,1.026
243.615,1.029
243.645,1.021
243.675,1.021
243.705,1.031
243.735,1.038
243.765,1.026
243.795,1.021
243.825,1.026
243.855,1.035
243.885,1.025
243.915,1.034
243.945,1.032
243.975,1.031
244.005,1.026
244.035,1.028
244.065,1.018
244.095,1.017
244.125,1.016
244.155,1.019
244.185,1.037
244.215,1.035
244.245,1.033
244.275,1.041
244.305,1.022
244.335,1.033
244.365,1.027
244.395,1.028
244.425,1.024
244.455,1.025
244.485,1.032
244.515,1.018
244.545,1.020
244.575,1.035
244.605,1.025
244.635,1.021
244.665,1.025
244.695,1.035
244.725,1.037
244.755,1.043
244.785,1.046
244.815,1.037
244.845,1.040
244.875,1.042
244.905,1.039
244.935,1.037
244.965,1.032
244.995,1.024
245.025,1.031
245.055,1.034
245.085,1.024
245.115,1.028
245.145,1.031
245.175,1.033
245.205,1.023
245.235,1.026
245.265,1.022
245.295,1.021
245.325,1.027
245.355,1.030
245.385,1.021
245.415,1.021
245.445,1.023
245.475,1.022
245.505,1.017
245.535,1.025
245.565,1.027
245.595,1.021
245.625,1.025
245.655,1.025
245.685,1.019
245.715,1.023
245.745,1.024
245.775,1.016
245.805,1.017
245.835,1.020
245.865,1.023
245.895,1.030
245.925,1.023
245.955,1.022
245.985,1.022
246.015,1.021
246.045,1.019
246.075,1.020
246.105,1.025
246.135,1.021
246.165,1.020
246.195,1.027
246.225,1.026
246.255,1.026
246.285,1.017
246.315,1.024
246.345,1.028
246.375,1.018
246.405,1.028
246.435,1.028
246.465,1.024
246.495,1.021
246.525,1.021
246.555,1.024
246.585,1.023
246.615,1.020
246.645,1.021
246.675,1.021
246.705,1.027
246.735,1.021
246.765,1.013
246.795,1.020
246.825,1.019
246.855,1.021
246.885,1.022
246.915,1.025
246.945,1.024
246.975,1.024
247.005,1.019
247.035,1.019
247.065,1.027
247.095,1.024
247.125,1.024
247.155,1.018
247.185,1.021
247.215,1.025
247.245,1.024
247.275,1.028
247.305,1.028
247.335,1.021
247.365,1.021
247.395,1.023
247.425,1.021
247.455,1.022
247.485,1.028
247.515,1.021
247.545,1.021
247.575,1.019
247.605,1.023
247.635,1.021
247.665,1.023
247.695,1.022
247.725,1.026
247.755,1.022
247.785,1.016
247.815,1.022
247.845,1.021
247.875,1.024
247.905,1.020
247.935,1.021
247.965,1.015
247.995,1.024
248.025,1.023
248.055,1.021
248.085,1.024
248.115,1.023
248.145,1.021
248.175,1.020
248.205,1.019
248.235,1.027
248.265,1.021
248.295,1.027
248.325,1.024
248.355,1.025
248.385,1.019
248.415,1.021
248.445,1.022
248.475,1.022
248.505,1.022
248.535,1.023
248.565,1.021
248.595,1.017
248.625,1.022
248.655,1.027
248.685,1.027
248.715,1.030
248.745,1.024
248.775,1.021
248.805,1.017
248.835,1.023
248.865,1.033
248.895,1.021
248.925,1.024
248.955,1.029
248.985,1.026
249.015,1.027
249.045,1.019
249.075,1.017
249.105,1.021
249.135,1.023
249.165,1.026
249.195,1.024
249.225,1.021
249.255,1.021
249.285,1.016
249.315,1.022
249.345,1.025
249.375,1.024
249.405,1.019
249.435,1.008
249.465,1.011
249.495,1.035
249.525,1.036
249.555,1.027
249.585,1.024
249.615,1.022
249.645,1.013
249.675,1.014
249.705,1.021
249.735,1.021
249.765,1.022
249.795,1.022
249.825,1.018
249.855,1.025
249.885,1.021
249.915,1.026
249.945,1.023
249.975,1.019
250.005,1.023
250.035,1.025
250.065,1.022
250.095,1.018
250.125,1.023
250.155,1.024
250.185,1.022
250.215,1.026
250.245,1.026
250.275,1.022
250.305,1.024
250.335,1.023
250.365,1.021
250.395,1.022
250.425,1.022
250.455,1.021
250.485,1.022
250.515,1.024
250.545,1.027
250.575,1.029
250.605,1.029
250.635,1.023
250.665,1.017
250.695,1.018
250.725,1.021
250.755,1.027
250.785,1.028
250.815,1.026
250.845,1.023
250.875,1.020
250.905,1.023
250.935,1.021
250.965,1.021
250.995,1.021
251.025,1.024
251.055,1.022
251.085,1.021
251.115,1.025
251.145,1.026
251.175,1.022
251.205,1.018
251.235,1.022
251.265,1.020
251.295,1.019
251.325,1.021
251.355,1.023
251.385,1.026
251.415,1.026
251.445,1.026
251.475,1.029
251.505,1.023
251.535,1.020
251.565,1.020
251.595,1.021
251.625,1.028
251.655,1.026
251.685,1.028
251.715,1.029
251.745,1.021
251.775,1.014
251.805,1.017
251.835,1.031
251.865,1.023
251.895,1.024
251.925,1.026
251.955,1.017
251.985,1.027
252.015,1.026
252.045,1.024
252.075,1.021
252.105,1.036
252.135,1.034
252.165,1.028
252.195,1.017
252.225,1.017
252.255,1.032
252.285,1.049
252.315,1.049
252.345,1.053
252.375,1.051
252.405,1.047
252.435,1.046
252.465,1.052
252.495,1.053
252.525,1.041
252.555,1.048
252.585,1.052
252.615,1.035
252.645,1.038
252.675,1.036
252.705,1.017
252.735,1.032
252.765,1.029
252.795,1.012
252.825,1.029
252.855,1.021
252.885,1.002
252.915,1.014
252.945,1.013
252.975,1.013
253.005,1.017
253.035,1.032
253.065,1.042
253.095,1.028
253.125,1.013
253.155,1.040
253.185,1.010
253.215,1.008
253.245,1.032
253.275,1.021
253.305,1.015
253.335,0.996
253.365,1.025
253.395,1.018
253.425,0.995
253.455,1.011
253.485,1.019
253.515,1.008
253.545,1.031
253.575,1.018
253.605,1.027
253.635,1.029
253.665,1.023
253.695,1.025
253.725,1.024
253.755,1.028
253.785,1.015
253.815,1.019
253.845,1.033
253.875,1.035
253.905,1.026
253.935,1.036
253.965,1.024
253.995,1.036
254.025,1.036
254.055,1.016
254.085,1.028
254.115,1.039
254.145,1.008
254.175,1.022
254.205,1.016
254.235,1.025
254.265,1.012
254.295,1.028
254.325,1.007
254.355,1.011
254.385,1.013
254.415,1.003
254.445,1.026
254.475,1.012
254.505,1.029
254.535,1.020
254.565,1.023
254.595,1.042
254.625,1.034
254.655,1.011
254.685,1.018
254.715,1.016
254.745,1.043
254.775,1.053
254.805,1.059
254.835,1.044
254.865,1.023
254.895,1.027
254.925,1.032
254.955,1.012
254.985,1.030
255.015,1.043
255.045,1.044
255.075,1.029
255.105,1.044
255.135,1.045
255.165,1.040
255.195,1.053
255.225,1.047
255.255,1.034
255.285,1.037
255.315,1.021
255.345,1.028
255.375,1.018
255.405,1.026
255.435,1.031
255.465,1.017
255.495,1.010
255.525,1.030
255.555,1.031
255.585,1.036
255.615,1.039
255.645,1.034
255.675,1.043
255.705,1.026
255.735,1.028
255.765,1.042
255.795,1.028
255.825,1.040
255.855,1.039
255.885,1.052
255.915,1.046
255.945,1.028
255.975,1.036
256.005,1.033
256.035,1.032
256.065,1.023
256.095,1.038
256.125,1.032
256.155,1.030
256.185,1.030
256.215,1.041
256.245,1.031
256.275,1.025
256.305,1.022
256.335,1.023
256.365,1.023
256.395,1.027
256.425,1.034
256.455,1.028
256.485,1.026
256.515,1.033
256.545,1.024
256.575,1.017
256.605,1.021
256.635,1.022
256.665,1.028
256.695,1.025
256.725,1.030
256.755,1.029
256.785,1.025
256.815,1.023
256.845,1.028
256.875,1.025
256.905,1.028
256.935,1.026
256.965,1.024
256.995,1.030
257.025,1.025
257.055,1.023
257.085,1.022
257.115,1.026
257.145,1.026
257.175,1.029
257.205,1.018
257.235,1.024
257.265,1.030
257.295,1.029
257.325,1.024
257.355,1.021
257.385,1.019
257.415,1.028
257.445,1.032
257.475,1.022
257.505,1.028
257.535,1.027
257.565,1.020
257.595,1.030
257.625,1.029
257.655,1.024
257.685,1.022
257.715,1.021
257.745,1.026
257.775,1.026
257.805,1.017
257.835,1.022
257.865,1.020
257.895,1.019
257.925,1.025
257.955,1.026
257.985,1.024
258.015,1.027
258.045,1.030
258.075,1.033
258.105,1.024
258.135,1.025
258.165,1.020
258.195,1.027
258.225,1.028
258.255,1.025
258.285,1.031
258.315,1.034
258.345,1.026
258.375,1.022
258.405,1.023
258.435,1.022
258.465,1.021
258.495,1.024
258.525,1.022
258.555,1.023
258.585,1.022
258.615,1.022
258.645,1.026
258.675,1.026
258.705,1.025
258.735,1.028
258.765,1.022
258.795,1.021
258.825,1.029
258.855,1.027
258.885,1.020
258.915,1.027
258.945,1.027
258.975,1.024
259.005,1.027
259.035,1.020
259.065,1.023
259.095,1.024
259.125,1.029
259.155,1.030
259.185,1.025
259.215,1.025
259.245,1.021
259.275,1.015
259.305,1.023
259.335,1.021
259.365,1.022
259.395,1.022
259.425,1.030
259.455,1.021
259.485,1.020
259.515,1.027
259.545,1.020
259.575,1.021
259.605,1.025
259.635,1.018
259.665,1.025
259.695,1.031
259.725,1.027
259.755,1.030
259.785,1.027
259.815,1.021
259.845,1.017
259.875,1.030
259.905,1.028
259.935,1.017
259.965,1.017
259.995,1.025
260.025,1.027
260.055,1.024
260.085,1.028
260.115,1.021
260.145,1.018
260.175,1.023
260.205,1.022
260.235,1.021
260.265,1.026
260.295,1.027
260.325,1.022
260.355,1.026
260.385,1.024
260.415,1.022
260.445,1.024
260.475,1.023
260.505,1.023
260.535,1.022
260.565,1.022
260.595,1.021
260.625,1.022
260.655,1.028
260.685,1.021
260.715,1.020
260.745,1.027
260.775,1.021
260.805,1.021
260.835,1.028
260.865,1.031
260.895,1.022
260.925,1.022
260.955,1.027
260.985,1.020
261.015,1.026
261.045,1.026
261.075,1.022
261.105,1.020
261.135,1.025
261.165,1.021
261.195,1.025
261.225,1.014
261.255,1.022
261.285,1.025
261.315,1.022
261.345,1.027
261.375,1.022
261.405,1.021
261.435,1.022
261.465,1.021
261.495,1.021
261.525,1.018
261.555,1.026
261.585,1.021
261.615,1.018
261.645,1.019
261.675,1.028
261.705,1.026
261.735,1.017
261.765,1.026
261.795,1.017
261.825,1.017
261.855,1.019
261.885,1.020
261.915,1.022
261.945,1.025
261.975,1.028
262.005,1.026
262.035,1.020
262.065,1.019
262.095,1.024
262.125,1.018
262.155,1.017
262.185,1.023
262.215,1.017
262.245,1.018
262.275,1.031
262.305,1.020
262.335,1.023
262.365,1.024
262.395,1.023
262.425,1.019
262.455,1.013
262.485,1.023
262.515,1.019
262.545,1.025
262.575,1.027
262.605,1.021
262.635,1.014
262.665,1.016
262.695,1.014
262.725,1.020
262.755,1.023
262.785,1.022
262.815,1.014
262.845,1.021
262.875,1.023
262.905,1.018
262.935,1.022
262.965,1.021
262.995,1.017
263.025,1.021
263.055,1.017
263.085,1.015
263.115,1.020
263.145,1.025
263.175,1.024
263.205,1.025
263.235,1.015
263.265,1.027
263.295,1.028
263.325,1.024
263.355,1.024
263.385,1.023
263.415,1.024
263.445,1.025
263.475,1.021
263.505,1.024
263.535,1.020
263.565,1.021
263.595,1.020
263.625,1.016
263.655,1.020
263.685,1.025
263.715,1.015
263.745,1.018
263.775,1.014
263.805,1.016
263.835,1.010
263.865,1.014
263.895,1.009
263.925,1.010
263.955,1.012
263.985,1.006
264.015,1.002
264.045,1.007
264.075,1.016
264.105,1.020
264.135,1.020
264.165,1.027
264.195,1.025
264.225,1.016
264.255,1.018
264.285,1.025
264.315,1.032
264.345,1.032
264.375,1.024
264.405,1.021
264.435,1.024
264.465,1.027
264.495,1.023
264.525,1.022
264.555,1.022
264.585,1.035
264.615,1.030
264.645,1.030
264.675,1.021
264.705,1.021
264.735,1.023
264.765,1.022
264.795,1.012
264.825,1.013
264.855,1.012
264.885,1.010
264.915,1.004
264.945,1.008
264.975,1.012
265.005,1.008
265.035,1.020
265.065,1.016
265.095,1.031
265.125,1.024
265.155,1.009
265.185,1.017
265.215,1.020
265.245,1.020
265.275,1.032
265.305,1.031
265.335,1.018
265.365,1.003
265.395,1.005
265.425,1.004
265.455,1.006
265.485,1.014
265.515,1.005
265.545,1.000
265.575,0.998
265.605,1.005
265.635,1.009
265.665,1.009
265.695,1.016
265.725,1.008
265.755,1.001
265.785,1.005
265.815,1.002
265.845,1.007
265.875,1.009
265.905,1.019
265.935,1.017
265.965,1.019
265.995,1.006
266.025,1.006
266.055,1.006
266.085,1.000
266.115,1.009
266.145,1.019
266.175,1.021
266.205,1.023
266.235,1.023
266.265,1.018
266.295,1.007
266.325,1.016
266.355,1.020
266.385,1.004
266.415,1.016
266.445,1.022
266.475,1.016
266.505,1.010
266.535,1.007
266.565,1.006
266.595,1.002
266.625,1.014
266.655,1.025
266.685,1.017
266.715,1.012
266.745,1.017
266.775,1.012
266.805,1.012
266.835,1.016
266.865,1.020
266.895,1.020
266.925,1.015
266.955,1.016
266.985,1.018
267.015,1.018
267.045,1.016
267.075,1.011
267.105,1.018
267.135,1.012
267.165,1.020
267.195,1.019
267.225,1.018
267.255,1.016
267.285,1.018
267.315,1.019
267.345,1.019
267.375,1.017
267.405,1.011
267.435,1.014
267.465,1.017
267.495,1.019
267.525,1.020
267.555,1.021
267.585,1.012
267.615,1.017
267.645,1.011
267.675,1.013
267.705,1.015
267.735,1.019
267.765,1.014
267.795,1.020
267.825,1.021
267.855,1.010
267.885,1.019
267.915,1.020
267.945,1.012
267.975,1.012
268.005,1.019
268.035,1.014
268.065,1.019
268.095,1.014
268.125,1.018
268.155,1.019
268.185,1.010
268.215,1.014
268.245,1.017
268.275,1.019
268.305,1.014
268.335,1.014
268.365,1.019
268.395,1.023
268.425,1.017
268.455,1.018
268.485,1.013
268.515,1.005
268.545,1.017
268.575,1.019
268.605,1.016
268.635,1.019
268.665,1.021
268.695,1.019
268.725,1.015
268.755,1.011
268.785,1.018
268.815,1.016
268.845,1.022
268.875,1.020
268.905,1.020
268.935,1.017
268.965,1.018
268.995,1.014
269.025,1.016
269.055,1.016
269.085,1.022
269.115,1.019
269.145,1.020
269.175,1.007
269.205,1.013
269.235,1.022
269.265,1.026
269.295,1.017
269.325,1.016
269.355,1.021
269.385,1.017
269.415,1.016
269.445,1.010
269.475,1.017
269.505,1.015
269.535,1.018
269.565,1.020
269.595,1.011
269.625,1.013
269.655,1.017
269.685,1.013
269.715,1.013
269.745,1.011
269.775,1.021
269.805,1.018
269.835,1.016
269.865,1.015
269.895,1.015
269.925,1.019
269.955,1.017
269.985,1.010
270.015,1.010
270.045,1.013
270.075,1.016
270.105,1.020
270.135,1.025
270.165,1.018
270.195,1.012
270.225,1.015
270.255,1.023
270.285,1.017
270.315,1.016
270.345,1.015
270.375,1.014
270.405,1.017
270.435,1.017
270.465,1.019
270.495,1.019
270.525,1.013
270.555,1.016
270.585,1.020
270.615,1.022
270.645,1.021
270.675,1.027
270.705,1.021
270.735,1.024
270.765,1.030
270.795,1.032
270.825,1.030
270.855,1.027
270.885,1.036
270.915,1.031
270.945,1.029
270.975,1.034
271.005,1.037
271.035,1.033
271.065,1.033
271.095,1.027
271.125,1.032
271.155,1.038
271.185,1.039
271.215,1.028
271.245,1.027
271.275,1.035
271.305,1.031
271.335,1.027
271.365,1.022
271.395,1.015
271.425,1.006
271.455,1.011
271.485,1.005
271.515,1.004
271.545,1.002
271.575,1.012
271.605,1.019
271.635,1.015
271.665,1.016
271.695,1.004
271.725,0.996
271.755,0.997
271.785,1.002
271.815,0.998
271.845,0.998
271.875,1.001
271.905,1.014
271.935,1.013
271.965,1.007
271.995,1.006
272.025,1.010
272.055,1.002
272.085,1.008
272.115,1.006
272.145,1.014
272.175,1.011
272.205,1.014
272.235,1.014
272.265,1.012
272.295,1.020
272.325,1.006
272.355,1.017
272.385,1.017
272.415,1.029
272.445,1.029
272.475,1.022
272.505,1.020
272.535,1.003
272.565,0.989
272.595,1.014
272.625,1.006
272.655,0.997
272.685,1.002
272.715,1.011
272.745,1.009
272.775,1.008
272.805,1.005
272.835,0.986
272.865,0.994
272.895,0.994
272.925,1.003
272.955,1.005
272.985,1.003
273.015,0.997
273.045,1.003
273.075,1.024
273.105,1.024
273.135,1.045
273.165,1.051
273.195,1.059
273.225,1.072
273.255,1.045
273.285,1.043
273.315,1.046
273.345,1.062
273.375,1.057
273.405,1.060
273.435,1.059
273.465,1.052
273.495,1.046
273.525,1.046
273.555,1.029
273.585,1.021
273.615,1.018
273.645,1.028
273.675,1.039
273.705,1.039
273.735,1.029
273.765,1.040
273.795,1.025
273.825,1.025
273.855,1.032
273.885,1.029
273.915,1.038
273.945,1.042
273.975,1.034
274.005,1.027
274.035,1.026
274.065,1.032
274.095,1.033
274.125,1.022
274.155,1.024
274.185,1.020
274.215,1.023
274.245,1.039
274.275,1.027
274.305,1.023
274.335,1.038
274.365,1.038
274.395,1.024
274.425,1.031
274.455,1.028
274.485,1.028
274.515,1.026
274.545,1.023
274.575,1.021
274.605,1.025
274.635,1.024
274.665,1.026
274.695,1.028
274.725,1.032
274.755,1.028
274.785,1.025
274.815,1.021
274.845,1.026
274.875,1.019
274.905,1.021
274.935,1.028
274.965,1.029
274.995,1.031
275.025,1.018
275.055,1.024
275.085,1.020
275.115,1.016
275.145,1.032
275.175,1.029
275.205,1.023
275.235,1.022
275.265,1.021
275.295,1.021
275.325,1.021
275.355,1.019
275.385,1.027
275.415,1.030
275.445,1.026
275.475,1.026
275.505,1.027
275.535,1.020
275.565,1.023
275.595,1.024
275.625,1.019
275.655,1.025
275.685,1.029
275.715,1.028
275.745,1.032
275.775,1.021
275.805,1.022
275.835,1.022
275.865,1.019
275.895,1.018
275.925,1.021
275.955,1.030
275.985,1.028
276.015,1.026
276.045,1.028
276.075,1.019
276.105,1.022
276.135,1.029
276.165,1.029
276.195,1.021
276.225,1.023
276.255,1.027
276.285,1.019
276.315,1.020
276.345,1.019
276.375,1.025
276.405,1.034
276.435,1.022
276.465,1.022
276.495,1.023
276.525,1.017
276.555,1.021
276.585,1.039
276.615,1.031
276.645,1.027
276.675,1.020
276.705,1.029
276.735,1.023
276.765,1.022
276.795,1.020
276.825,1.020
276.855,1.022
276.885,1.022
276.915,1.022
276.945,1.025
276.975,1.019
277.005,1.029
277.035,1.033
277.065,1.025
277.095,1.027
277.125,1.023
277.155,1.027
277.185,1.018
277.215,1.021
277.245,1.021
277.275,1.015
277.305,1.017
277.335,1.025
277.365,1.034
277.395,1.026
277.425,1.019
277.455,1.018
277.485,1.028
277.515,1.036
277.545,1.033
277.575,1.038
277.605,1.038
277.635,1.047
277.665,1.051
277.695,1.029
277.725,1.037
277.755,1.047
277.785,1.042
277.815,1.047
277.845,1.061
277.875,1.058
277.905,1.055
277.935,1.054
277.965,1.055
277.995,1.047
278.025,1.044
278.055,1.058
278.085,1.045
278.115,1.029
278.145,1.036
278.175,1.037
278.205,1.033
278.235,1.048
278.265,1.047
278.295,1.041
278.325,1.040
278.355,1.042
278.385,1.039
278.415,1.045
278.445,1.037
278.475,1.031
278.505,1.032
278.535,1.044
278.565,1.043
278.595,1.044
278.625,1.044
278.655,1.038
278.685,1.041
278.715,1.047
278.745,1.037
278.775,1.027
278.805,1.035
278.835,1.042
278.865,1.041
278.895,1.041
278.925,1.042
278.955,1.039
278.985,1.034
279.015,1.028
279.045,1.024
279.075,1.039
279.105,1.043
279.135,1.042
279.165,1.052
279.195,1.038
279.225,1.034
279.255,1.031
279.285,1.038
279.315,1.053
279.345,1.043
279.375,1.034
279.405,1.057
279.435,1.049
279.465,1.067
279.495,1.051
279.525,1.042
279.555,1.024
279.585,1.024
279.615,1.036
279.645,1.052
279.675,1.034
279.705,1.038
279.735,1.041
279.765,1.039
279.795,1.051
279.825,1.039
279.855,1.038
279.885,1.039
279.915,1.027
279.945,1.035
279.975,1.037
280.005,1.043
280.035,1.051
280.065,1.040
280.095,1.034
280.125,1.033
280.155,1.033
280.185,1.035
280.215,1.033
280.245,1.029
280.275,1.041
280.305,1.039
280.335,1.041
280.365,1.033
280.395,1.034
280.425,1.034
280.455,1.029
280.485,1.040
280.515,1.036
280.545,1.036
280.575,1.038
280.605,1.044
280.635,1.035
280.665,1.033
280.695,1.045
280.725,1.038
280.755,1.042
280.785,1.043
280.815,1.032
280.845,1.031
280.875,1.031
280.905,1.040
280.935,1.029
280.965,1.033
280.995,1.041
281.025,1.048
281.055,1.035
281.085,1.039
281.115,1.036
281.145,1.032
281.175,1.027
281.205,1.033
281.235,1.034
281.265,1.028
281.295,1.038
281.325,1.042
281.355,1.031
281.385,1.031
281.415,1.034
281.445,1.033
281.475,1.044
281.505,1.038
281.535,1.031
281.565,1.030
281.595,1.044
281.625,1.040
281.655,1.033
281.685,1.037
281.715,1.039
281.745,1.030
281.775,1.045
281.805,1.027
281.835,1.033
281.865,1.046
281.895,1.040
281.925,1.039
281.955,1.042
281.985,1.039
282.015,1.026
282.045,1.031
282.075,1.040
282.105,1.034
282.135,1.031
282.165,1.042
282.195,1.036
282.225,1.035
282.255,1.038
282.285,1.034
282.315,1.042
282.345,1.033
282.375,1.029
282.405,1.037
282.435,1.040
282.465,1.039
282.495,1.045
282.525,1.042
282.555,1.034
282.585,1.035
282.615,1.038
282.645,1.040
282.675,1.033
282.705,1.031
282.735,1.041
282.765,1.037
282.795,1.036
282.825,1.041
282.855,1.031
282.885,1.031
282.915,1.034
282.945,1.052
282.975,1.049
283.005,1.043
283.035,1.048
283.065,1.044
283.095,1.041
283.125,1.039
283.155,1.035
283.185,1.033
283.215,1.041
283.245,1.050
283.275,1.044
283.305,1.045
283.335,1.040
283.365,1.038
283.395,1.029
283.425,1.021
283.455,1.025
283.485,1.028
283.515,1.019
283.545,1.034
283.575,1.039
283.605,1.036
283.635,1.032
283.665,1.029
283.695,1.039
283.725,1.033
283.755,1.032
283.785,1.034
283.815,1.034
283.845,1.034
283.875,1.035
283.905,1.046
283.935,1.045
283.965,1.031
283.995,1.034
284.025,1.033
284.055,1.036
284.085,1.036
284.115,1.027
284.145,1.053
284.175,1.060
284.205,1.062
284.235,1.094
284.265,1.098
284.295,1.090
284.325,1.093
284.355,1.084
284.385,1.050
284.415,1.027
284.445,1.008
284.475,0.998
284.505,0.994
284.535,1.004
284.565,1.002
284.595,1.013
284.625,1.033
284.655,1.042
284.685,1.042
284.715,1.030
284.745,1.021
284.775,1.019
284.805,1.030
284.835,1.014
284.865,1.003
284.895,1.019
284.925,1.026
284.955,1.023
284.985,1.042
285.015,1.045
285.045,1.037
285.075,1.027
285.105,1.041
285.135,1.037
285.165,1.015
285.195,1.014
285.225,1.008
285.255,1.008
285.285,0.999
285.315,1.010
285.345,1.008
285.375,0.987
285.405,1.022
285.435,1.027
285.465,1.021
285.495,1.049
285.525,1.057
285.555,1.057
285.585,1.052
285.615,1.054
285.645,1.062
285.675,1.055
285.705,1.054
285.735,1.065
285.765,1.047
285.795,1.040
285.825,1.053
285.855,1.055
285.885,1.046
285.915,1.060
285.945,1.056
285.975,1.039
286.005,1.048
286.035,1.040
286.065,1.023
286.095,1.036
286.125,1.043
286.155,1.032
286.185,1.039
286.215,1.039
286.245,1.034
286.275,1.043
286.305,1.044
286.335,1.027
286.365,1.025
286.395,1.037
286.425,1.031
286.455,1.019
286.485,1.035
286.515,1.036
286.545,1.037
286.575,1.049
286.605,1.039
286.635,1.030
286.665,1.028
286.695,1.033
286.725,1.033
286.755,1.034
286.785,1.029
286.815,1.038
286.845,1.029
286.875,1.026
286.905,1.027
286.935,1.036
286.965,1.037
286.995,1.038
287.025,1.036
287.055,1.038
287.085,1.044
287.115,1.045
287.145,1.035
287.175,1.032
287.205,1.033
287.235,1.030
287.265,1.035
287.295,1.040
287.325,1.034
287.355,1.039
287.385,1.044
287.415,1.035
287.445,1.038
287.475,1.027
287.505,1.026
287.535,1.034
287.565,1.034
287.595,1.033
287.625,1.034
287.655,1.044
287.685,1.044
287.715,1.029
287.745,1.036
287.775,1.038
287.805,1.028
287.835,1.030
287.865,1.034
287.895,1.031
287.925,1.036
287.955,1.034
287.985,1.038
288.015,1.038
288.045,1.038
288.075,1.021
288.105,1.027
288.135,1.045
288.165,1.031
288.195,1.031
288.225,1.040
288.255,1.031
288.285,1.031
288.315,1.031
288.345,1.030
288.375,1.030
288.405,1.033
288.435,1.043
288.465,1.035
288.495,1.030
288.525,1.033
288.555,1.032
288.585,1.025
288.615,1.028
288.645,1.024
288.675,1.037
288.705,1.051
288.735,1.039
288.765,1.044
288.795,1.052
288.825,1.039
288.855,1.034
288.885,1.038
288.915,1.040
288.945,1.035
288.975,1.029
289.005,1.029
289.035,1.032
289.065,1.039
289.095,1.040
289.125,1.034
289.155,1.037
289.185,1.027
289.215,1.020
289.245,1.029
289.275,1.035
289.305,1.021
289.335,1.029
289.365,1.040
289.395,1.050
289.425,1.042
289.455,1.055
289.485,1.062
289.515,1.042
289.545,1.033
289.575,1.022
289.605,1.022
289.635,1.029
289.665,1.022
289.695,1.029
289.725,1.050
289.755,1.044
289.785,1.054
289.815,1.038
289.845,1.035
289.875,1.036
289.905,1.022
289.935,1.051
289.965,1.027
289.995,1.042
290.025,1.029
290.055,1.051
290.085,1.095
290.115,1.019
290.145,1.036
290.175,1.034
290.205,1.112
290.235,1.068
290.265,1.079
290.295,1.065
290.325,1.068
290.355,1.040
290.385,1.047
290.415,1.049
290.445,1.035
290.475,1.065
290.505,1.041
290.535,1.050
290.565,1.052
290.595,1.054
290.625,1.053
290.655,1.037
290.685,1.049
290.715,1.077
290.745,1.100
290.775,1.024
290.805,1.012
290.835,1.055
290.865,1.044
290.895,1.033
290.925,1.022
290.955,1.020
290.985,1.001
291.015,1.023
291.045,1.031
291.075,1.003
291.105,1.021
291.135,1.020
291.165,1.011
291.195,1.015
291.225,1.023
291.255,1.031
291.285,1.020
291.315,1.033
291.345,1.007
291.375,1.023
291.405,1.028
291.435,1.034
291.465,1.043
291.495,1.031
291.525,1.031
291.555,1.033
291.585,1.029
291.615,1.031
291.645,1.054
291.675,1.025
291.705,1.047
291.735,1.046
291.765,1.037
291.795,1.038
291.825,1.034
291.855,1.022
291.885,1.040
291.915,1.032
291.945,1.030
291.975,1.029
292.005,1.028
292.035,1.023
292.065,1.031
292.095,1.019
292.125,1.019
292.155,1.026
292.185,1.022
292.215,1.017
292.245,1.014
292.275,1.018
292.305,1.029
292.335,1.036
292.365,1.049
292.395,1.056
292.425,1.075
292.455,1.054
292.485,1.041
292.515,1.018
292.545,1.021
292.575,1.011
292.605,1.026
292.635,1.027
292.665,1.045
292.695,1.034
292.725,1.012
292.755,1.033
292.785,1.028
292.815,1.017
292.845,1.027
292.875,1.022
292.905,1.004
292.935,1.012
292.965,1.015
292.995,1.013
293.025,1.016
293.055,1.017
293.085,1.014
293.115,1.023
293.145,1.032
293.175,1.021
293.205,1.023
293.235,1.032
293.265,1.018
293.295,0.999
293.325,1.017
293.355,1.021
293.385,1.015
293.415,1.021
293.445,1.030
293.475,1.029
293.505,1.024
293.535,1.029
293.565,1.026
293.595,1.013
293.625,1.026
293.655,1.027
293.685,1.022
293.715,1.024
293.745,1.037
293.775,1.025
293.805,1.032
293.835,1.042
293.865,1.033
293.895,1.020
293.925,1.015
293.955,1.019
293.985,1.018
294.015,1.019
294.045,1.024
294.075,1.025
294.105,1.021
294.135,1.028
294.165,1.032
294.195,1.022
294.225,1.029
294.255,1.023
294.285,1.019
294.315,1.023
294.345,1.032
294.375,1.035
294.405,1.026
294.435,1.021
294.465,1.032
294.495,1.029
294.525,1.031
294.555,1.019
294.585,1.023
294.615,1.026
294.645,1.017
294.675,1.025
294.705,1.036
294.735,1.031
294.765,1.026
294.795,1.030
294.825,1.005
294.855,1.012
294.885,1.023
294.915,1.030
294.945,1.027
294.975,1.021
295.005,1.015
295.035,1.015
295.065,1.037
295.095,1.021
295.125,1.008
295.155,1.010
295.185,1.012
295.215,1.003
295.245,1.035
295.275,1.031
295.305,1.031
295.335,1.043
295.365,1.041
295.395,1.034
295.425,1.039
295.455,1.043
295.485,1.038
295.515,1.035
295.545,1.051
295.575,1.046
295.605,1.029
295.635,1.042
295.665,1.053
295.695,1.050
295.725,1.054
295.755,1.052
295.785,1.044
295.815,1.046
295.845,1.049
295.875,1.057
295.905,1.054
295.935,1.048
295.965,1.049
295.995,1.039
296.025,1.044
296.055,1.048
296.085,1.048
296.115,1.048
296.145,1.049
296.175,1.044
296.205,1.043
296.235,1.051
296.265,1.039
296.295,1.033
296.325,1.044
296.355,1.043
296.385,1.047
296.415,1.042
296.445,1.042
296.475,1.044
296.505,1.040
296.535,1.047
296.565,1.047
296.595,1.043
296.625,1.048
296.655,1.038
296.685,1.037
296.715,1.048
296.745,1.048
296.775,1.048
296.805,1.051
296.835,1.052
296.865,1.050
296.895,1.058
296.925,1.046
296.955,1.042
296.985,1.048
297.015,1.041
297.045,1.041
297.075,1.048
297.105,1.039
297.135,1.041
297.165,1.056
297.195,1.050
297.225,1.045
297.255,1.051
297.285,1.037
297.315,1.040
297.345,1.047
297.375,1.042
297.405,1.043
297.435,1.048
297.465,1.039
297.495,1.040
297.525,1.045
297.555,1.057
297.585,1.055
297.615,1.063
297.645,1.060
297.675,1.049
297.705,1.037
297.735,1.049
297.765,1.048
297.795,1.041
297.825,1.046
297.855,1.054
297.885,1.050
297.915,1.047
297.945,1.051
297.975,1.053
298.005,1.043
298.035,1.045
298.065,1.040
298.095,1.048
298.125,1.049
298.155,1.052
298.185,1.051
298.215,1.053
298.245,1.046
298.275,1.050
298.305,1.048
298.335,1.043
298.365,1.049
298.395,1.058
298.425,1.050
298.455,1.042
298.485,1.043
298.515,1.042
298.545,1.048
298.575,1.053
298.605,1.041
298.635,1.044
298.665,1.053
298.695,1.055
298.725,1.054
298.755,1.059
298.785,1.056
298.815,1.048
298.845,1.055
298.875,1.053
298.905,1.049
298.935,1.049
298.965,1.055
298.995,1.050
299.025,1.043
299.055,1.036
299.085,1.033
299.115,1.022
299.145,1.006
299.175,1.025
299.205,1.023
299.235,1.014
299.265,1.019
299.295,1.036
299.325,1.021
299.355,1.010
299.385,1.001
299.415,1.008
299.445,1.018
299.475,1.008
299.505,1.021
299.535,1.041
299.565,1.063
299.595,1.065
299.625,1.067
299.655,1.090
299.685,1.103
299.715,1.092
299.745,1.063
299.775,1.084
299.805,1.106
299.835,1.091
299.865,1.077
299.895,1.095
299.925,1.072
299.955,1.085
299.985,1.109
300.015,1.113
300.045,1.110
300.075,1.102
300.105,1.088
300.135,1.092
300.165,1.097
300.195,1.109
300.225,1.107
300.255,1.092
300.285,1.072
300.315,1.066
300.345,1.091
300.375,1.078
300.405,1.070
300.435,1.090
300.465,1.073
300.495,1.087
300.525,1.096
300.555,1.114
300.585,1.124
300.615,1.128
300.645,1.124
300.675,1.134
300.705,1.144
300.735,1.144
300.765,1.137
300.795,1.129
300.825,1.123
300.855,1.115
300.885,1.105
300.915,1.085
300.945,1.083
300.975,1.078
301.005,1.063
301.035,1.081
301.065,1.061
301.095,1.030
301.125,1.043
301.155,1.058
301.185,1.033
301.215,1.057
301.245,1.052
301.275,1.032
301.305,1.030
301.335,1.021
301.365,1.026
301.395,1.005
301.425,1.020
301.455,1.027
301.485,1.025
301.515,1.023
301.545,0.997
301.575,1.036
301.605,1.021
301.635,0.997
301.665,1.042
301.695,1.032
301.725,1.014
301.755,1.026
301.785,1.011
301.815,1.019
301.845,1.039
301.875,1.025
301.905,1.045
301.935,1.033
301.965,1.029
301.995,1.044
302.025,1.068
302.055,1.028
302.085,1.008
302.115,0.981
302.145,1.021
302.175,0.979
302.205,1.038
302.235,1.032
302.265,1.021
302.295,1.023
302.325,1.035
302.355,1.030
302.385,1.021
302.415,1.016
302.445,1.035
302.475,1.032
302.505,1.012
302.535,1.025
302.565,1.036
302.595,1.016
302.625,1.016
302.655,1.033
302.685,1.032
302.715,1.028
302.745,1.016
302.775,1.038
302.805,1.016
302.835,1.025
302.865,1.020
302.895,1.024
302.925,1.021
302.955,1.014
302.985,1.025
303.015,1.019
303.045,0.999
303.075,1.018
303.105,1.046
303.135,1.025
303.165,1.010
303.195,1.019
303.225,1.023
303.255,1.011
303.285,1.017
303.315,1.011
303.345,1.007
303.375,0.994
303.405,1.007
303.435,1.019
303.465,1.021
303.495,1.012
303.525,1.020
303.555,1.021
303.585,1.018
303.615,1.023
303.645,1.024
303.675,1.034
303.705,1.016
303.735,1.010
303.765,1.021
303.795,1.022
303.825,1.018
303.855,1.025
303.885,1.021
303.915,1.012
303.945,1.013
303.975,1.015
304.005,1.012
304.035,1.003
304.065,0.997
304.095,1.002
304.125,1.013
304.155,1.009
304.185,1.010
304.215,1.017
304.245,1.021
304.275,1.012
304.305,1.006
304.335,1.006
304.365,0.998
304.395,1.008
304.425,1.004
304.455,1.007
304.485,1.007
304.515,1.002
304.545,1.003
304.575,1.000
304.605,0.997
304.635,1.000
304.665,1.003
304.695,1.004
304.725,1.009
304.755,1.000
304.785,0.996
304.815,1.008
304.845,1.010
304.875,1.003
304.905,1.003
304.935,1.001
304.965,1.009
304.995,1.004
305.025,1.002
305.055,1.007
305.085,1.005
305.115,1.004
305.145,1.000
305.175,1.000
305.205,1.009
305.235,1.005
305.265,0.997
305.295,1.004
305.325,1.007
305.355,0.999
305.385,0.999
305.415,1.003
305.445,1.003
305.475,1.007
305.505,1.002
305.535,0.999
305.565,1.001
305.595,1.009
305.625,1.005
305.655,0.999
305.685,1.006
305.715,1.004
305.745,1.003
305.775,1.002
305.805,0.997
305.835,0.999
305.865,1.005
305.895,1.008
305.925,0.995
305.955,0.993
305.985,1.006
306.015,1.008
306.045,1.007
306.075,1.007
306.105,1.002
306.135,1.005
306.165,1.007
306.195,1.000
306.225,0.997
306.255,1.009
306.285,1.010
306.315,0.998
306.345,1.001
306.375,1.004
306.405,1.006
306.435,1.005
306.465,1.001
306.495,1.000
306.525,0.999
306.555,1.003
306.585,1.006
306.615,1.002
306.645,1.004
306.675,1.004
306.705,0.999
306.735,1.000
306.765,0.993
306.795,1.002
306.825,1.003
306.855,1.002
306.885,1.002
306.915,1.007
306.945,1.013
306.975,1.008
307.005,0.995
307.035,1.000
307.065,1.001
307.095,0.998
307.125,1.003
307.155,1.003
307.185,1.006
307.215,1.000
307.245,0.998
307.275,0.999
307.305,1.004
307.335,1.001
307.365,0.998
307.395,0.997
307.425,1.004
307.455,0.999
307.485,1.010
307.515,1.017
307.545,1.006
307.575,1.001
307.605,0.993
307.635,0.997
307.665,1.004
307.695,0.993
307.725,0.997
307.755,1.010
307.785,0.996
307.815,1.002
307.845,0.994
307.875,0.996
307.905,1.000
307.935,1.019
307.965,1.009
307.995,1.001
308.025,1.002
308.055,1.000
308.085,0.995
308.115,0.994
308.145,1.003
308.175,1.006
308.205,0.999
308.235,1.005
308.265,1.019
308.295,1.003
308.325,0.999
308.355,1.001
308.385,0.999
308.415,0.997
308.445,1.003
308.475,1.001
308.505,1.003
308.535,1.004
308.565,0.994
308.595,1.002
308.625,1.002
308.655,1.003
308.685,1.011
308.715,1.023
308.745,1.032
308.775,1.010
308.805,1.000
308.835,0.993
308.865,0.998
308.895,0.998
308.925,1.005
308.955,0.997
308.985,0.990
309.015,0.991
309.045,1.005
309.075,1.018
309.105,1.007
309.135,0.991
309.165,1.004
309.195,0.993
309.225,1.002
309.255,1.011
309.285,1.009
309.315,1.011
309.345,0.994
309.375,1.003
309.405,1.018
309.435,1.017
309.465,0.983
309.495,0.979
309.525,0.961
309.555,0.963
309.585,0.959
309.615,0.948
309.645,0.955
309.675,0.973
309.705,0.974
309.735,1.004
309.765,1.025
309.795,1.028
309.825,1.030
309.855,1.027
309.885,1.020
309.915,0.986
309.945,0.980
309.975,0.994
310.005,0.966
310.035,1.003
310.065,1.012
310.095,1.003
310.125,1.021
310.155,1.027
310.185,1.000
310.215,1.003
310.245,1.011
310.275,1.001
310.305,1.018
310.335,1.011
310.365,0.996
310.395,0.999
310.425,1.024
310.455,1.014
310.485,1.010
310.515,1.015
310.545,0.999
310.575,1.001
310.605,0.996
310.635,1.013
310.665,1.005
310.695,1.009
310.725,1.007
310.755,1.009
310.785,1.022
310.815,1.027
310.845,1.007
310.875,0.993
310.905,0.996
310.935,0.981
310.965,0.988
310.995,0.988
311.025,0.985
311.055,0.993
311.085,0.999
311.115,1.014
311.145,1.017
311.175,1.023
311.205,1.035
311.235,1.044
311.265,1.048
311.295,1.062
311.325,1.057
311.355,1.036
311.385,1.031
311.415,1.014
311.445,1.020
311.475,1.018
311.505,1.010
311.535,1.002
311.565,1.009
311.595,1.005
311.625,1.007
311.655,1.002
311.685,0.990
311.715,1.021
311.745,1.010
311.775,0.999
311.805,1.002
311.835,0.998
311.865,0.968
311.895,0.965
311.925,0.970
311.955,0.964
311.985,1.023
312.015,1.017
312.045,0.990
312.075,0.977
312.105,1.017
312.135,0.996
312.165,0.989
312.195,0.975
312.225,0.952
312.255,0.988
312.285,1.026
312.315,1.028
312.345,1.018
312.375,1.050
312.405,1.073
312.435,1.023
312.465,1.038
312.495,1.050
312.525,1.047
312.555,1.020
312.585,1.030
312.615,1.024
312.645,0.944
312.675,0.959
312.705,0.938
312.735,1.044
312.765,1.115
312.795,1.142
312.825,1.108
312.855,1.048
312.885,1.086
312.915,1.058
312.945,1.058
312.975,1.017
313.005,1.026
313.035,1.012
313.065,1.038
313.095,1.075
313.125,1.082
313.155,1.068
313.185,1.007
313.215,1.014
313.245,1.013
313.275,1.013
313.305,1.048
313.335,1.076
313.365,1.067
313.395,1.058
313.425,1.078
313.455,1.036
313.485,1.096
313.515,1.009
313.545,0.990
313.575,1.062
313.605,0.962
313.635,1.002
313.665,0.996
313.695,0.998
313.725,0.991
313.755,1.012
313.785,1.018
313.815,1.005
313.845,1.027
313.875,1.010
313.905,1.005
313.935,1.009
313.965,1.016
313.995,1.019
314.025,1.010
314.055,0.993
314.085,1.035
314.115,1.027
314.145,1.012
314.175,1.015
314.205,1.024
314.235,1.021
314.265,1.028
314.295,1.021
314.325,1.021
314.355,1.037
314.385,1.022
314.415,1.015
314.445,1.025
314.475,1.036
314.505,1.028
314.535,1.015
314.565,1.028
314.595,1.026
314.625,1.014
314.655,1.022
314.685,1.010
314.715,1.006
314.745,1.009
314.775,1.004
314.805,0.999
314.835,0.998
314.865,0.994
314.895,0.996
314.925,0.991
314.955,0.982
314.985,1.000
315.015,1.008
315.045,0.996
315.075,1.000
315.105,0.994
315.135,0.992
315.165,0.999
315.195,0.996
315.225,0.985
315.255,0.989
315.285,0.997
315.315,0.979
315.345,0.980
315.375,0.989
315.405,0.982
315.435,0.987
315.465,0.992
315.495,1.003
315.525,1.006
315.555,0.997
315.585,0.991
315.615,0.989
315.645,0.991
315.675,0.991
315.705,1.004
315.735,1.006
315.765,0.998
315.795,0.989
315.825,0.989
315.855,1.000
315.885,1.003
315.915,1.001
315.945,0.998
315.975,0.997
316.005,0.989
316.035,0.990
316.065,0.987
316.095,0.993
316.125,0.992
316.155,0.995
316.185,0.998
316.215,0.999
316.245,0.982
316.275,0.991
316.305,0.999
316.335,0.989
316.365,0.981
316.395,0.987
316.425,0.989
316.455,0.996
316.485,0.992
316.515,0.984
316.545,0.987
316.575,0.990
316.605,0.993
316.635,1.002
316.665,0.996
316.695,0.995
316.725,0.990
316.755,0.994
316.785,0.988
316.815,0.985
316.845,0.994
316.875,0.983
316.905,0.986
316.935,0.987
316.965,0.988
316.995,0.995
317.025,1.001
317.055,0.982
317.085,0.978
317.115,0.991
317.145,0.982
317.175,0.986
317.205,0.984
317.235,0.978
317.265,0.986
317.295,0.994
317.325,0.971
317.355,0.988
317.385,0.985
317.415,0.982
317.445,0.991
317.475,0.988
317.505,0.982
317.535,0.984
317.565,0.994
317.595,0.992
317.625,0.988
317.655,0.991
317.685,0.987
317.715,0.981
317.745,0.991
317.775,0.987
317.805,0.988
317.835,0.991
317.865,0.989
317.895,0.986
317.925,0.993
317.955,0.981
317.985,0.984
318.015,0.991
318.045,0.989
318.075,0.989
318.105,0.989
318.135,0.989
318.165,0.992
318.195,0.983
318.225,0.984
318.255,0.981
318.285,0.982
318.315,0.989
318.345,0.996
318.375,0.995
318.405,0.987
318.435,0.985
318.465,0.990
318.495,0.985
318.525,0.985
318.555,0.995
318.585,0.988
318.615,0.980
318.645,0.985
318.675,0.983
318.705,0.995
318.735,0.991
318.765,0.986
318.795,0.990
318.825,0.997
318.855,0.994
318.885,0.990
318.915,0.995
318.945,0.993
318.975,0.991
319.005,0.981
319.035,0.979
319.065,0.987
319.095,0.993
319.125,1.000
319.155,0.994
319.185,0.989
319.215,0.985
319.245,0.992
319.275,0.991
319.305,0.988
319.335,0.982
319.365,0.984
319.395,0.981
319.425,0.983
319.455,0.985
319.485,0.978
319.515,0.972
319.545,0.976
319.575,0.981
319.605,0.985
319.635,0.987
319.665,0.987
319.695,1.000
319.725,0.998
319.755,0.990
319.785,0.983
319.815,0.985
319.845,0.999
319.875,0.999
319.905,0.987
319.935,0.995
319.965,0.997
319.995,0.995
320.025,0.998
320.055,0.990
320.085,0.992
320.115,0.985
320.145,0.988
320.175,0.988
320.205,0.991
320.235,0.995
320.265,0.991
320.295,0.988
320.325,0.992
320.355,0.994
320.385,0.992
320.415,0.991
320.445,0.988
320.475,0.989
320.505,0.994
320.535,0.999
320.565,0.990
320.595,0.992
320.625,0.996
320.655,0.992
320.685,0.991
320.715,0.994
320.745,0.988
320.775,0.986
320.805,0.992
320.835,0.987
320.865,0.991
320.895,0.979
320.925,0.987
320.955,0.991
320.985,0.987
321.015,0.993
321.045,0.995
321.075,0.994
321.105,0.994
321.135,1.000
321.165,0.996
321.195,1.000
321.225,1.002
321.255,1.001
321.285,0.991
321.315,0.995
321.345,0.989
321.375,0.983
321.405,0.990
321.435,0.994
321.465,0.984
321.495,0.982
321.525,0.991
321.555,0.984
321.585,0.988
321.615,0.998
321.645,0.992
321.675,0.997
321.705,1.005
321.735,1.011
321.765,1.001
321.795,0.990
321.825,1.006
321.855,1.027
321.885,1.018
321.915,1.038
321.945,1.024
321.975,1.007
322.005,1.025
322.035,0.989
322.065,0.967
322.095,0.985
322.125,0.998
322.155,1.000
322.185,1.005
322.215,0.976
322.245,0.960
322.275,0.969
322.305,0.978
322.335,0.998
322.365,0.976
322.395,0.960
322.425,0.995
322.455,0.963
322.485,0.951
322.515,0.978
322.545,0.946
322.575,0.990
322.605,0.996
322.635,0.968
322.665,1.004
322.695,1.003
322.725,0.970
322.755,1.011
322.785,0.961
322.815,0.892
322.845,1.035
322.875,1.012
322.905,1.004
322.935,1.041
322.965,1.034
322.995,1.005
323.025,1.019
323.055,1.032
323.085,1.011
323.115,0.993
323.145,0.989
323.175,0.990
323.205,1.001
323.235,1.002
323.265,1.002
323.295,1.001
323.325,1.000
323.355,1.003
323.385,0.998
323.415,0.993
323.445,1.004
323.475,1.001
323.505,1.008
323.535,1.012
323.565,1.021
323.595,1.013
323.625,0.977
323.655,0.975
323.685,0.977
323.715,0.974
323.745,1.007
323.775,1.011
323.805,1.015
323.835,1.023
323.865,0.977
323.895,0.977
323.925,0.986
323.955,0.993
323.985,1.000
324.015,1.008
324.045,0.995
324.075,0.997
324.105,0.995
324.135,0.993
324.165,0.981
324.195,0.973
324.225,0.992
324.255,0.999
324.285,0.998
324.315,0.990
324.345,0.991
324.375,1.004
324.405,1.001
324.435,0.983
324.465,0.979
324.495,1.000
324.525,0.996
324.555,0.996
324.585,1.003
324.615,1.004
324.645,0.992
324.675,0.991
324.705,0.998
324.735,0.986
324.765,0.994
324.795,0.996
324.825,0.998
324.855,0.999
324.885,0.998
324.915,0.986
324.945,0.983
324.975,0.989
325.005,0.999
325.035,1.003
325.065,0.992
325.095,0.992
325.125,0.993
325.155,0.987
325.185,0.987
325.215,0.992
325.245,1.000
325.275,0.991
325.305,0.988
325.335,0.996
325.365,0.987
325.395,0.996
325.425,1.000
325.455,0.991
325.485,1.000
325.515,0.991
325.545,0.995
325.575,0.997
325.605,0.986
325.635,0.981
325.665,0.994
325.695,1.000
325.725,1.000
325.755,0.996
325.785,0.994
325.815,0.988
325.845,0.994
325.875,0.993
325.905,0.995
325.935,1.000
325.965,0.994
325.995,0.987
326.025,0.998
326.055,1.002
326.085,1.007
326.115,0.999
326.145,0.996
326.175,0.996
326.205,0.995
326.235,0.999
326.265,1.001
326.295,1.004
326.325,1.003
326.355,1.006
326.385,0.996
326.415,0.983
326.445,0.992
326.475,0.983
326.505,0.982
326.535,0.991
326.565,1.000
326.595,1.000
326.625,1.000
326.655,0.993
326.685,0.988
326.715,0.998
326.745,0.998
326.775,0.995
326.805,0.995
326.835,0.986
326.865,0.996
326.895,0.995
326.925,0.993
326.955,0.995
326.985,0.999
327.015,0.998
327.045,1.000
327.075,0.992
327.105,0.987
327.135,0.997
327.165,0.997
327.195,0.991
327.225,0.995
327.255,1.000
327.285,1.003
327.315,0.996
327.345,0.992
327.375,0.995
327.405,1.002
327.435,0.995
327.465,0.995
327.495,1.000
327.525,0.994
327.555,0.996
327.585,0.996
327.615,0.997
327.645,0.999
327.675,0.998
327.705,0.996
327.735,0.997
327.765,0.996
327.795,0.998
327.825,0.990
327.855,0.995
327.885,0.991
327.915,0.997
327.945,0.998
327.975,0.996
328.005,1.001
328.035,1.001
328.065,0.987
328.095,0.988
328.125,1.004
328.155,1.000
328.185,1.005
328.215,1.002
328.245,0.996
328.275,0.995
328.305,1.004
328.335,1.002
328.365,1.000
328.395,1.003
328.425,1.007
328.455,1.007
328.485,1.024
328.515,1.036
328.545,1.031
328.575,1.045
328.605,1.062
328.635,1.042
328.665,1.024
328.695,1.016
328.725,1.015
328.755,1.005
328.785,1.007
328.815,1.008
328.845,1.008
328.875,0.982
328.905,0.992
328.935,1.005
328.965,0.996
328.995,0.987
329.025,1.000
329.055,0.985
329.085,0.986
329.115,0.988
329.145,0.980
329.175,0.981
329.205,0.981
329.235,1.011
329.265,1.013
329.295,1.000
329.325,0.987
329.355,0.995
329.385,0.974
329.415,1.016
329.445,1.014
329.475,1.021
329.505,1.012
329.535,0.999
329.565,0.992
329.595,0.959
329.625,0.988
329.655,1.006
329.685,1.004
329.715,0.977
329.745,1.005
329.775,1.032
329.805,0.989
329.835,1.003
329.865,1.025
329.895,1.013
329.925,1.016
329.955,1.007
329.985,1.000
330.015,0.995
330.045,1.012
330.075,1.032
330.105,1.011
330.135,1.029
330.165,1.036
330.195,1.005
330.225,1.007
330.255,1.047
330.285,1.032
330.315,1.010
330.345,1.033
330.375,1.035
330.405,1.039
330.435,1.046
330.465,1.030
330.495,1.021
330.525,1.053
330.555,1.055
330.585,1.056
330.615,1.036
330.645,1.043
330.675,1.039
330.705,1.016
330.735,1.033
330.765,1.038
330.795,1.021
330.825,1.017
330.855,1.030
330.885,1.026
330.915,1.012
330.945,1.019
330.975,1.023
331.005,1.011
331.035,1.007
331.065,1.013
331.095,1.016
331.125,1.019
331.155,1.015
331.185,1.011
331.215,1.011
331.245,1.022
331.275,1.018
331.305,1.014
331.335,1.014
331.365,1.008
331.395,1.021
331.425,1.017
331.455,1.014
331.485,1.020
331.515,1.025
331.545,1.015
331.575,1.006
331.605,1.015
331.635,1.017
331.665,1.006
331.695,1.012
331.725,1.012
331.755,1.009
331.785,1.021
331.815,1.016
331.845,1.006
331.875,1.009
331.905,1.016
331.935,1.017
331.965,1.018
331.995,1.016
332.025,1.019
332.055,1.021
332.085,1.004
332.115,1.004
332.145,1.017
332.175,1.014
332.205,1.010
332.235,1.017
332.265,1.012
332.295,1.019
332.325,1.017
332.355,1.013
332.385,1.010
332.415,1.015
332.445,1.005
332.475,1.021
332.505,1.017
332.535,1.004
332.565,1.010
332.595,1.011
332.625,1.016
332.655,1.022
332.685,1.015
332.715,1.001
332.745,1.011
332.775,1.016
332.805,1.021
332.835,1.015
332.865,1.009
332.895,1.009
332.925,1.007
332.955,1.010
332.985,1.017
333.015,1.011
333.045,1.012
333.075,1.005
333.105,1.006
333.135,1.016
333.165,1.014
333.195,1.017
333.225,1.015
333.255,1.016
333.285,1.012
333.315,1.015
333.345,1.024
333.375,1.021
333.405,1.015
333.435,1.009
333.465,1.003
333.495,1.011
333.525,1.003
333.555,1.007
333.585,1.016
333.615,1.016
333.645,1.012
333.675,1.012
333.705,1.013
333.735,1.012
333.765,1.014
333.795,1.011
333.825,1.013
333.855,1.008
333.885,1.011
333.915,1.012
333.945,1.009
333.975,1.000
334.005,1.003
334.035,1.006
334.065,1.016
334.095,1.009
334.125,1.007
334.155,1.018
334.185,1.013
334.215,1.009
334.245,1.023
334.275,1.017
334.305,1.007
334.335,1.011
334.365,1.012
334.395,1.003
334.425,1.008
334.455,1.008
334.485,1.005
334.515,1.008
334.545,1.007
334.575,1.012
334.605,1.021
334.635,1.012
334.665,1.001
334.695,1.000
334.725,1.008
334.755,1.011
334.785,1.006
334.815,1.018
334.845,1.021
334.875,1.013
334.905,1.009
334.935,1.012
334.965,1.015
334.995,1.006
335.025,1.005
335.055,1.013
335.085,1.017
335.115,1.006
335.145,1.012
335.175,1.006
335.205,1.006
335.235,1.005
335.265,1.013
335.295,1.011
335.325,1.018
335.355,1.010
335.385,1.011
335.415,1.009
335.445,1.008
335.475,1.007
335.505,1.015
335.535,1.018
335.565,1.021
335.595,1.015
335.625,1.008
335.655,1.010
335.685,1.019
335.715,1.017
335.745,1.010
335.775,1.005
335.805,1.018
335.835,1.002
335.865,1.000
335.895,1.007
335.925,1.002
335.955,1.004
335.985,1.015
336.015,1.009
336.045,1.001
336.075,1.009
336.105,1.019
336.135,1.017
336.165,1.010
336.195,1.004
336.225,1.006
336.255,1.008
336.285,1.006
336.315,1.022
336.345,1.025
336.375,1.009
336.405,1.008
336.435,1.016
336.465,1.015
336.495,1.013
336.525,1.017
336.555,1.022
336.585,1.021
336.615,1.012
336.645,1.001
336.675,1.001
336.705,1.010
336.735,1.015
336.765,1.009
336.795,1.006
336.825,1.003
336.855,1.000
336.885,1.001
336.915,1.002
336.945,0.999
336.975,0.998
337.005,1.009
337.035,1.016
337.065,1.009
337.095,1.014
337.125,1.013
337.155,1.001
337.185,1.003
337.215,1.016
337.245,1.019
337.275,1.019
337.305,1.017
337.335,1.018
337.365,1.015
337.395,1.006
337.425,1.006
337.455,1.017
337.485,1.016
337.515,1.011
337.545,1.017
337.575,1.017
337.605,1.005
337.635,0.997
337.665,1.002
337.695,1.008
337.725,1.002
337.755,1.015
337.785,1.017
337.815,1.014
337.845,0.999
337.875,0.999
337.905,1.013
337.935,1.018
337.965,1.014
337.995,1.012
338.025,1.008
338.055,1.011
338.085,1.010
338.115,0.993
338.145,1.006
338.175,1.012
338.205,1.016
338.235,1.019
338.265,1.016
338.295,1.009
338.325,1.021
338.355,1.010
338.385,0.999
338.415,1.006
338.445,1.014
338.475,1.018
338.505,1.021
338.535,1.021
338.565,1.021
338.595,1.006
338.625,1.007
338.655,1.011
338.685,1.019
338.715,1.012
338.745,0.996
338.775,1.005
338.805,1.018
338.835,1.024
338.865,1.031
338.895,1.053
338.925,1.047
338.955,1.049
338.985,1.044
339.015,1.037
339.045,1.032
339.075,1.031
339.105,1.065
339.135,1.028
339.165,0.992
339.195,0.996
339.225,0.989
339.255,1.016
339.285,1.035
339.315,1.037
339.345,1.030
339.375,1.022
339.405,1.005
339.435,0.989
339.465,0.979
339.495,0.995
339.525,1.025
339.555,1.026
339.585,1.026
339.615,1.018
339.645,1.020
339.675,1.021
339.705,1.002
339.735,1.022
339.765,1.030
339.795,1.023
339.825,1.020
339.855,1.031
339.885,1.011
339.915,0.993
339.945,1.003
339.975,1.030
340.005,1.027
340.035,1.027
340.065,1.038
340.095,1.013
340.125,1.003
340.155,1.021
340.185,1.021
340.215,1.005
340.245,0.995
340.275,1.006
340.305,1.012
340.335,1.016
340.365,1.016
340.395,1.021
340.425,1.018
340.455,1.021
340.485,1.021
340.515,1.036
340.545,1.028
340.575,1.019
340.605,1.026
340.635,1.029
340.665,1.033
340.695,1.018
340.725,1.021
340.755,1.023
340.785,1.019
340.815,1.021
340.845,1.023
340.875,1.021
340.905,1.025
340.935,1.021
340.965,1.021
340.995,1.014
341.025,1.011
341.055,1.011
341.085,1.017
341.115,1.011
341.145,1.013
341.175,1.014
341.205,1.021
341.235,1.017
341.265,1.021
341.295,1.010
341.325,1.006
341.355,1.018
341.385,1.013
341.415,1.007
341.445,1.008
341.475,1.014
341.505,1.014
341.535,1.011
341.565,1.021
341.595,1.025
341.625,1.024
341.655,1.018
341.685,1.013
341.715,1.013
341.745,1.017
341.775,1.015
341.805,1.022
341.835,1.026
341.865,1.016
341.895,1.014
341.925,1.021
341.955,1.011
341.985,1.008
342.015,1.012
342.045,1.023
342.075,1.023
342.105,1.012
342.135,1.014
342.165,1.016
342.195,1.015
342.225,1.018
342.255,1.019
342.285,1.017
342.315,1.014
342.345,1.012
342.375,1.013
342.405,1.022
342.435,1.023
342.465,1.019
342.495,1.021
342.525,1.018
342.555,1.016
342.585,1.015
342.615,1.019
342.645,1.013
342.675,1.016
342.705,1.012
342.735,1.011
342.765,1.021
342.795,1.018
342.825,1.015
342.855,1.014
342.885,1.016
342.915,1.016
342.945,1.003
342.975,1.013
343.005,1.019
343.035,1.011
343.065,1.014
343.095,1.021
343.125,1.018
343.155,1.015
343.185,1.020
343.215,1.019
343.245,1.021
343.275,1.020
343.305,1.020
343.335,1.020
343.365,1.013
343.395,1.014
343.425,1.009
343.455,1.012
343.485,1.006
343.515,1.017
343.545,1.020
343.575,1.015
343.605,1.019
343.635,1.020
343.665,1.011
343.695,1.010
343.725,1.012
343.755,1.017
343.785,1.013
343.815,1.019
343.845,1.010
343.875,1.004
343.905,1.018
343.935,1.013
343.965,1.018
343.995,1.022
344.025,1.020
344.055,1.013
344.085,1.011
344.115,1.027
344.145,1.023
344.175,1.021
344.205,1.035
344.235,1.021
344.265,1.031
344.295,1.042
344.325,1.030
344.355,1.046
344.385,1.048
344.415,1.046
344.445,1.042
344.475,1.037
344.505,1.024
344.535,1.027
344.565,1.023
344.595,1.007
344.625,1.015
344.655,1.009
344.685,1.010
344.715,1.018
344.745,1.014
344.775,1.012
344.805,1.013
344.835,1.002
344.865,1.009
344.895,1.006
344.925,1.008
344.955,1.018
344.985,1.016
345.015,1.006
345.045,1.005
345.075,0.998
345.105,0.991
345.135,1.003
345.165,1.000
345.195,1.025
345.225,1.017
345.255,1.025
345.285,0.999
345.315,1.007
345.345,1.000
345.375,0.994
345.405,0.998
345.435,1.004
345.465,0.998
345.495,1.006
345.525,1.015
345.555,1.014
345.585,1.010
345.615,1.019
345.645,1.027
345.675,1.015
345.705,1.007
345.735,1.005
345.765,0.981
345.795,0.980
345.825,1.000
345.855,0.996
345.885,1.021
345.915,1.027
345.945,1.031
345.975,1.019
346.005,1.038
346.035,1.026
346.065,1.018
346.095,1.012
346.125,1.026
346.155,1.018
346.185,1.022
346.215,1.012
346.245,1.008
346.275,1.018
346.305,0.989
346.335,1.020
346.365,1.018
346.395,1.005
346.425,1.021
346.455,1.008
346.485,1.024
346.515,1.039
346.545,1.043
346.575,1.064
346.605,1.057
346.635,1.056
346.665,1.064
346.695,1.052
346.725,1.065
346.755,1.052
346.785,1.048
346.815,1.040
346.845,1.050
346.875,1.064
346.905,1.057
346.935,1.053
346.965,1.044
346.995,1.039
347.025,1.044
347.055,1.036
347.085,1.028
347.115,1.027
347.145,1.024
347.175,1.028
347.205,1.019
347.235,1.024
347.265,1.034
347.295,1.043
347.325,1.038
347.355,1.025
347.385,1.031
347.415,1.042
347.445,1.042
347.475,1.045
347.505,1.028
347.535,1.029
347.565,1.036
347.595,1.026
347.625,1.025
347.655,1.021
347.685,1.021
347.715,1.018
347.745,1.024
347.775,1.019
347.805,1.017
347.835,1.025
347.865,1.031
347.895,1.020
347.925,1.010
347.955,1.022
347.985,1.026
348.015,1.016
348.045,1.014
348.075,1.022
348.105,1.016
348.135,1.010
348.165,1.022
348.195,1.025
348.225,1.019
348.255,1.019
348.285,1.026
348.315,1.019
348.345,1.021
348.375,1.016
348.405,1.021
348.435,1.023
348.465,1.020
348.495,1.017
348.525,1.025
348.555,1.027
348.585,1.013
348.615,1.019
348.645,1.018
348.675,1.014
348.705,1.022
348.735,1.021
348.765,1.026
348.795,1.020
348.825,1.020
348.855,1.016
348.885,1.019
348.915,1.015
348.945,1.015
348.975,1.021
349.005,1.023
349.035,1.021
349.065,1.019
349.095,1.018
349.125,1.016
349.155,1.021
349.185,1.022
349.215,1.023
349.245,1.024
349.275,1.018
349.305,1.016
349.335,1.016
349.365,1.020
349.395,1.016
349.425,1.022
349.455,1.030
349.485,1.020
349.515,1.016
349.545,1.016
349.575,1.013
349.605,1.018
349.635,1.024
349.665,1.016
349.695,1.019
349.725,1.024
349.755,1.025
349.785,1.019
349.815,1.019
349.845,1.016
349.875,1.011
349.905,1.012
349.935,1.010
349.965,1.018
349.995,1.020
350.025,1.013
350.055,1.028
350.085,1.032
350.115,1.022
350.145,1.019
350.175,1.014
350.205,1.013
350.235,1.030
350.265,1.026
350.295,1.019
350.325,1.019
350.355,1.019
350.385,1.017
350.415,1.019
350.445,1.024
350.475,1.021
350.505,1.018
350.535,1.022
350.565,1.018
350.595,1.025
350.625,1.021
350.655,1.016
350.685,1.017
350.715,1.018
350.745,1.014
350.775,1.021
350.805,1.017
350.835,1.018
350.865,1.021
350.895,1.023
350.925,1.019
350.955,1.007
350.985,1.017
351.015,1.015
351.045,1.016
351.075,1.023
351.105,1.024
351.135,1.022
351.165,1.021
351.195,1.020
351.225,1.025
351.255,1.021
351.285,1.017
351.315,1.023
351.345,1.022
351.375,1.020
351.405,1.022
351.435,1.019
351.465,1.018
351.495,1.020
351.525,1.016
351.555,1.010
351.585,1.014
351.615,1.018
351.645,1.024
351.675,1.025
351.705,1.026
351.735,1.022
351.765,1.016
351.795,1.020
351.825,1.012
351.855,1.017
351.885,1.020
351.915,1.021
351.945,1.026
351.975,1.017
352.005,1.015
352.035,1.016
352.065,1.014
352.095,1.017
352.125,1.019
352.155,1.021
352.185,1.021
352.215,1.021
352.245,1.027
352.275,1.018
352.305,1.015
352.335,1.021
352.365,1.016
352.395,1.019
352.425,1.018
352.455,1.015
352.485,1.012
352.515,1.018
352.545,1.016
352.575,1.021
352.605,1.020
352.635,1.020
352.665,1.016
352.695,1.017
352.725,1.023
352.755,1.019
352.785,1.016
352.815,1.015
352.845,1.012
352.875,1.019
352.905,1.016
352.935,1.020
352.965,1.021
352.995,1.019
353.025,1.018
353.055,1.020
353.085,1.025
353.115,1.021
353.145,1.013
353.175,1.015
353.205,1.019
353.235,1.015
353.265,1.021
353.295,1.017
353.325,1.025
353.355,1.029
353.385,1.023
353.415,1.014
353.445,1.005
353.475,1.006
353.505,1.008
353.535,1.018
353.565,1.020
353.595,1.027
353.625,1.021
353.655,1.021
353.685,1.021
353.715,1.016
353.745,1.017
353.775,1.011
353.805,1.015
353.835,1.020
353.865,1.015
353.895,1.018
353.925,1.018
353.955,1.019
353.985,1.021
354.015,1.017
354.045,1.010
354.075,1.012
354.105,1.011
354.135,1.019
354.165,1.015
354.195,1.017
354.225,1.014
354.255,1.013
354.285,1.020
354.315,1.012
354.345,1.020
354.375,1.021
354.405,1.015
354.435,1.014
354.465,1.014
354.495,1.012
354.525,1.025
354.555,1.032
354.585,1.029
354.615,1.027
354.645,1.016
354.675,1.010
354.705,1.003
354.735,1.011
354.765,1.019
354.795,1.028
354.825,1.026
354.855,1.015
354.885,1.016
354.915,1.017
354.945,1.014
354.975,1.012
355.005,1.006
355.035,1.010
355.065,1.014
355.095,1.012
355.125,1.008
355.155,1.013
355.185,1.014
355.215,1.014
355.245,1.013
355.275,1.018
355.305,1.021
355.335,1.012
355.365,1.011
355.395,1.014
355.425,1.019
355.455,1.013
355.485,1.016
355.515,1.013
355.545,1.009
355.575,1.014
355.605,1.021
355.635,1.019
355.665,1.012
355.695,1.021
355.725,1.008
355.755,1.008
355.785,1.013
355.815,1.012
355.845,1.015
355.875,1.022
355.905,1.017
355.935,1.015
355.965,1.016
355.995,1.007
356.025,1.022
356.055,1.017
356.085,1.010
356.115,1.012
356.145,1.010
356.175,1.013
356.205,1.010
356.235,1.013
356.265,1.025
356.295,1.025
356.325,1.014
356.355,1.021
356.385,1.021
356.415,1.023
356.445,1.021
356.475,1.010
356.505,1.010
356.535,1.000
356.565,1.008
356.595,1.021
356.625,1.028
356.655,1.020
356.685,1.020
356.715,1.014
356.745,1.001
356.775,0.999
356.805,1.010
356.835,1.006
356.865,1.012
356.895,1.009
356.925,1.014
356.955,1.019
356.985,1.015
357.015,1.019
357.045,1.013
357.075,1.009
357.105,1.017
357.135,1.014
357.165,1.015
357.195,1.014
357.225,1.020
357.255,1.019
357.285,1.015
357.315,1.019
357.345,1.021
357.375,1.016
357.405,1.014
357.435,1.020
357.465,1.021
357.495,1.016
357.525,1.019
357.555,1.016
357.585,1.015
357.615,1.018
357.645,1.018
357.675,1.021
357.705,1.012
357.735,1.018
357.765,1.021
357.795,1.014
357.825,1.005
357.855,1.005
357.885,1.013
357.915,1.011
357.945,1.013
357.975,1.017
358.005,1.015
358.035,1.009
358.065,1.018
358.095,1.014
358.125,1.013
358.155,1.004
358.185,1.009
358.215,1.017
358.245,1.013
358.275,1.011
358.305,1.019
358.335,1.025
358.365,1.037
358.395,1.023
358.425,1.023
358.455,1.018
358.485,1.011
358.515,1.021
358.545,1.019
358.575,1.029
358.605,1.024
358.635,1.021
358.665,1.023
358.695,1.017
358.725,1.018
358.755,1.025
358.785,1.027
358.815,1.037
358.845,1.017
358.875,0.999
358.905,1.006
358.935,1.003
358.965,1.008
358.995,1.026
359.025,1.011
359.055,1.009
359.085,0.995
359.115,0.955
359.145,0.976
359.175,0.990
359.205,0.987
359.235,1.038
359.265,1.040
359.295,1.028
359.325,1.025
359.355,1.011
359.385,1.017
359.415,1.037
359.445,1.044
359.475,1.018
359.505,0.996
359.535,0.998
359.565,1.000
359.595,0.996
359.625,1.024
359.655,1.024
359.685,1.029
359.715,1.031
359.745,1.023
359.775,1.009
359.805,0.998
359.835,1.015
359.865,1.016
359.895,1.025
359.925,1.021
359.955,1.021
359.985,1.017
360.015,1.010
360.045,1.004
360.075,1.010
360.105,1.023
360.135,1.024
360.165,1.013
360.195,1.015
360.225,1.026
360.255,1.022
360.285,1.019
360.315,1.010
360.345,0.996
360.375,1.004
360.405,1.014
360.435,1.022
360.465,1.028
360.495,1.021
360.525,1.020
360.555,1.019
360.585,1.015
360.615,1.018
360.645,1.018
360.675,1.007
360.705,1.009
360.735,1.019
360.765,1.018
360.795,1.015
360.825,1.015
360.855,1.018
360.885,1.021
360.915,1.020
360.945,1.012
360.975,1.019
361.005,1.015
361.035,1.013
361.065,1.018
361.095,1.003
361.125,1.002
361.155,1.016
361.185,1.014
361.215,1.013
361.245,1.021
361.275,1.012
361.305,1.017
361.335,1.020
361.365,1.008
361.395,1.010
361.425,1.009
361.455,1.014
361.485,1.022
361.515,1.020
361.545,1.014
361.575,1.005
361.605,1.017
361.635,1.016
361.665,1.012
361.695,1.019
361.725,1.015
361.755,1.012
361.785,1.012
361.815,1.009
361.845,1.013
361.875,1.011
361.905,1.011
361.935,1.018
361.965,1.015
361.995,1.020
362.025,1.013
362.055,1.007
362.085,1.019
362.115,1.015
362.145,1.012
362.175,1.016
362.205,1.008
362.235,1.008
362.265,1.010
362.295,1.021
362.325,1.020
362.355,1.017
362.385,1.015
362.415,1.012
362.445,1.017
362.475,1.018
362.505,1.018
362.535,1.021
362.565,1.015
362.595,1.011
362.625,1.002
362.655,1.007
362.685,1.020
362.715,1.019
362.745,1.011
362.775,1.010
362.805,1.015
362.835,1.012
362.865,1.010
362.895,1.020
362.925,1.017
362.955,1.012
362.985,1.010
363.015,1.015
363.045,1.023
363.075,1.021
363.105,1.017
363.135,1.008
363.165,1.008
363.195,1.013
363.225,1.022
363.255,1.020
363.285,1.033
363.315,1.028
363.345,1.019
363.375,1.014
363.405,1.019
363.435,1.001
363.465,1.015
363.495,1.012
363.525,1.002
363.555,1.006
363.585,1.001
363.615,1.018
363.645,1.017
363.675,1.022
363.705,1.028
363.735,1.004
363.765,0.999
363.795,1.015
363.825,1.009
363.855,1.023
363.885,1.006
363.915,1.016
363.945,1.026
363.975,1.011
364.005,1.000
364.035,1.013
364.065,1.026
364.095,1.020
364.125,1.024
364.155,1.026
364.185,1.022
364.215,1.021
364.245,1.010
364.275,1.006
364.305,1.015
364.335,1.022
364.365,1.022
364.395,1.021
364.425,1.023
364.455,1.024
364.485,1.020
364.515,1.016
364.545,1.019
364.575,1.010
364.605,1.015
364.635,1.019
364.665,1.012
364.695,1.015
364.725,1.017
364.755,1.021
364.785,1.025
364.815,1.020
364.845,1.012
364.875,1.013
364.905,1.006
364.935,1.007
364.965,1.013
364.995,1.021
365.025,1.021
365.055,1.022
365.085,1.028
365.115,1.023
365.145,1.017
365.175,1.018
365.205,1.008
365.235,1.015
365.265,1.011
365.295,1.014
365.325,1.017
365.355,1.024
365.385,1.017
365.415,1.013
365.445,1.015
365.475,1.008
365.505,1.011
365.535,1.019
365.565,1.009
365.595,1.021
365.625,1.021
365.655,1.016
365.685,1.017
365.715,1.017
365.745,1.018
365.775,1.016
365.805,1.008
365.835,1.015
365.865,1.021
365.895,1.018
365.925,1.022
365.955,1.021
365.985,1.021
366.015,1.014
366.045,1.005
366.075,1.020
366.105,1.017
366.135,1.016
366.165,1.020
366.195,1.017
366.225,1.021
366.255,1.015
366.285,1.014
366.315,1.012
366.345,1.018
366.375,1.015
366.405,1.021
366.435,1.021
366.465,1.022
366.495,1.021
366.525,1.019
366.555,1.018
366.585,1.019
366.615,1.007
366.645,1.011
366.675,1.016
366.705,1.010
366.735,1.011
366.765,1.008
366.795,1.016
366.825,1.022
366.855,1.019
366.885,1.015
366.915,1.013
366.945,1.007
366.975,1.013
367.005,1.020
367.035,1.021
367.065,1.017
367.095,1.017
367.125,1.014
367.155,1.027
367.185,1.022
367.215,1.006
367.245,1.014
367.275,1.013
367.305,1.006
367.335,1.008
367.365,1.011
367.395,1.026
367.425,1.030
367.455,1.020
367.485,1.023
367.515,1.022
367.545,1.012
367.575,1.015
367.605,1.013
367.635,1.012
367.665,1.014
367.695,1.019
367.725,1.022
367.755,1.021
367.785,1.023
367.815,1.026
367.845,1.014
367.875,1.010
367.905,1.007
367.935,1.008
367.965,1.005
367.995,1.017
368.025,1.026
368.055,1.027
368.085,1.029
368.115,1.025
368.145,1.019
368.175,1.006
368.205,1.007
368.235,1.009
368.265,1.016
368.295,1.014
368.325,1.022
368.355,1.021
368.385,1.021
368.415,1.025
368.445,1.021
368.475,1.012
368.505,1.009
368.535,1.008
368.565,1.010
368.595,1.021
368.625,1.028
368.655,1.021
368.685,1.021
368.715,1.022
368.745,1.020
368.775,1.015
368.805,1.012
368.835,1.006
368.865,1.010
368.895,1.022
368.925,1.021
368.955,1.021
368.985,1.026
369.015,1.005
369.045,1.012
369.075,1.011
369.105,1.013
369.135,1.014
369.165,1.011
369.195,1.018
369.225,1.025
369.255,1.013
369.285,1.011
369.315,1.019
369.345,1.011
369.375,1.013
369.405,1.017
369.435,1.022
369.465,1.021
369.495,1.016
369.525,1.021
369.555,1.020
369.585,1.021
369.615,1.024
369.645,1.013
369.675,1.012
369.705,1.016
369.735,1.020
369.765,1.016
369.795,1.014
369.825,1.012
369.855,1.018
369.885,1.016
369.915,1.015
369.945,1.017
369.975,1.019
370.005,1.021
370.035,1.015
370.065,1.012
370.095,1.008
370.125,1.017
370.155,1.017
370.185,1.024
370.215,1.027
370.245,1.021
370.275,1.013
370.305,1.016
370.335,1.015
370.365,1.009
370.395,1.020
370.425,1.021
370.455,1.021
370.485,1.024
370.515,1.021
370.545,1.011
370.575,1.010
370.605,1.006
370.635,1.012
370.665,1.017
370.695,1.021
370.725,1.021
370.755,1.018
370.785,1.015
370.815,1.010
370.845,1.023
370.875,1.018
370.905,1.005
370.935,1.011
370.965,1.006
370.995,1.021
371.025,1.025
371.055,1.021
371.085,1.023
371.115,1.021
371.145,1.018
371.175,1.011
371.205,1.016
371.235,1.015
371.265,1.011
371.295,1.011
371.325,1.016
371.355,1.017
371.385,1.017
371.415,1.016
371.445,1.017
371.475,1.023
371.505,1.015
371.535,1.013
371.565,1.015
371.595,1.016
371.625,1.025
371.655,1.021
371.685,1.017
371.715,1.003
371.745,1.013
371.775,1.016
371.805,1.012
371.835,1.022
371.865,1.026
371.895,1.023
371.925,1.016
371.955,1.011
371.985,1.016
372.015,1.010
372.045,1.013
372.075,1.019
372.105,1.014
372.135,1.015
372.165,1.017
372.195,1.013
372.225,1.010
372.255,1.009
372.285,1.012
372.315,1.016
372.345,1.022
372.375,1.020
372.405,1.020
372.435,1.020
372.465,1.011
372.495,1.012
372.525,1.012
372.555,1.016
372.585,1.019
372.615,1.021
372.645,1.022
372.675,1.021
372.705,1.024
372.735,1.013
372.765,1.012
372.795,1.004
372.825,1.015
372.855,1.018
372.885,1.019
372.915,1.024
372.945,1.019
372.975,1.016
373.005,1.008
373.035,1.009
373.065,1.015
373.095,1.017
373.125,1.010
373.155,1.004
373.185,1.012
373.215,1.019
373.245,1.015
373.275,1.015
373.305,1.014
373.335,1.015
373.365,1.018
373.395,1.015
373.425,1.012
373.455,1.015
373.485,1.015
373.515,1.011
373.545,1.008
373.575,1.014
373.605,1.009
373.635,1.009
373.665,1.021
373.695,1.015
373.725,1.024
373.755,1.022
373.785,1.012
373.815,1.006
373.845,1.001
373.875,1.007
373.905,1.015
373.935,1.023
373.965,1.017
373.995,1.009
374.025,1.023
374.055,1.013
374.085,1.012
374.115,1.014
374.145,1.004
374.175,1.007
374.205,1.002
374.235,1.003
374.265,1.012
374.295,1.019
374.325,1.017
374.355,1.015
374.385,1.012
374.415,1.014
374.445,1.019
374.475,1.014
374.505,1.032
374.535,1.023
374.565,1.017
374.595,1.015
374.625,1.018
374.655,1.019
374.685,1.017
374.715,1.011
374.745,1.017
374.775,1.018
374.805,1.013
374.835,1.013
374.865,1.016
374.895,1.021
374.925,1.021
374.955,1.015
374.985,1.006
375.015,1.005
375.045,1.011
375.075,1.017
375.105,1.015
375.135,1.027
375.165,1.026
375.195,1.018
375.225,1.013
375.255,1.017
375.285,1.014
375.315,1.007
375.345,1.011
375.375,1.016
375.405,1.020
375.435,1.018
375.465,1.015
375.495,1.015
375.525,1.013
375.555,1.012
375.585,1.013
375.615,1.012
375.645,1.011
375.675,1.014
375.705,1.021
375.735,1.016
375.765,1.011
375.795,1.012
375.825,1.016
375.855,1.015
375.885,1.016
375.915,1.017
375.945,1.020
375.975,1.021
376.005,1.021
376.035,1.017
376.065,1.010
376.095,1.011
376.125,1.015
376.155,1.018
376.185,1.010
376.215,1.011
376.245,1.016
376.275,1.016
376.305,1.014
376.335,1.013
376.365,1.015
376.395,1.011
376.425,1.014
376.455,1.018
376.485,1.015
376.515,1.021
376.545,1.016
376.575,1.008
376.605,1.017
376.635,1.011
376.665,1.009
376.695,1.021
376.725,1.017
376.755,1.021
376.785,1.023
376.815,1.007
376.845,1.005
376.875,1.019
376.905,1.018
376.935,1.011
376.965,1.017
376.995,1.017
377.025,1.021
377.055,1.015
377.085,1.014
377.115,1.027
377.145,1.015
377.175,1.005
377.205,1.035
377.235,0.999
377.265,1.008
377.295,1.019
377.325,1.021
377.355,1.018
377.385,1.007
377.415,1.013
377.445,1.011
377.475,1.019
377.505,1.018
377.535,1.015
377.565,1.022
377.595,1.022
377.625,1.017
377.655,1.018
377.685,1.011
377.715,1.000
377.745,1.013
377.775,1.015
377.805,1.019
377.835,1.017
377.865,1.019
377.895,1.017
377.925,1.015
377.955,1.006
377.985,1.008
378.015,1.011
378.045,1.013
378.075,1.018
378.105,1.014
378.135,1.016
378.165,1.019
378.195,1.013
378.225,1.014
378.255,1.015
378.285,1.013
378.315,1.015
378.345,1.020
378.375,1.021
378.405,1.021
378.435,1.015
378.465,1.016
378.495,1.014
378.525,1.013
378.555,1.019
378.585,1.015
378.615,1.012
378.645,1.016
378.675,1.017
378.705,1.017
378.735,1.013
378.765,1.014
378.795,1.013
378.825,1.013
378.855,1.010
378.885,1.010
378.915,1.017
378.945,1.020
378.975,1.022
379.005,1.016
379.035,1.007
379.065,1.006
379.095,1.013
379.125,1.013
379.155,1.016
379.185,1.020
379.215,1.024
379.245,1.017
379.275,1.011
379.305,1.015
379.335,1.018
379.365,1.009
379.395,1.012
379.425,1.019
379.455,1.018
379.485,1.016
379.515,1.014
379.545,1.013
379.575,1.014
379.605,1.018
379.635,1.003
379.665,1.009
379.695,1.020
379.725,1.017
379.755,1.015
379.785,1.014
379.815,1.013
379.845,1.009
379.875,1.019
379.905,1.018
379.935,1.015
379.965,1.015
379.995,1.020
380.025,1.023
380.055,1.019
380.085,1.021
380.115,1.018
380.145,1.016
380.175,1.009
380.205,1.012
380.235,1.009
380.265,1.009
380.295,1.016
380.325,1.002
380.355,1.007
380.385,1.010
380.415,1.017
380.445,1.023
380.475,1.029
380.505,1.025
380.535,1.014
380.565,1.009
380.595,1.009
380.625,1.011
380.655,1.017
380.685,1.015
380.715,1.002
380.745,1.006
380.775,1.017
380.805,1.026
380.835,1.021
380.865,1.021
380.895,1.014
380.925,1.006
380.955,1.017
380.985,1.018
381.015,1.018
381.045,1.010
381.075,1.014
381.105,1.011
381.135,1.014
381.165,1.014
381.195,1.016
381.225,1.021
381.255,1.020
381.285,1.027
381.315,1.031
381.345,1.025
381.375,1.030
381.405,1.023
381.435,1.007
381.465,1.005
381.495,0.994
381.525,0.994
381.555,1.002
381.585,1.019
381.615,1.019
381.645,1.020
381.675,1.017
381.705,1.011
381.735,1.013
381.765,1.012
381.795,1.013
381.825,1.017
381.855,1.019
381.885,1.017
381.915,1.007
381.945,1.008
381.975,1.015
382.005,1.010
382.035,1.015
382.065,1.014
382.095,1.019
382.125,1.017
382.155,1.020
382.185,1.028
382.215,1.022
382.245,1.021
382.275,1.017
382.305,1.021
382.335,1.028
382.365,1.022
382.395,1.027
382.425,1.034
382.455,1.050
382.485,1.035
382.515,1.043
382.545,1.038
382.575,1.039
382.605,1.053
382.635,1.043
382.665,1.030
382.695,1.057
382.725,1.042
382.755,0.991
382.785,1.016
382.815,0.988
382.845,0.992
382.875,0.982
382.905,1.022
382.935,1.036
382.965,1.046
382.995,1.025
383.025,1.035
383.055,1.014
383.085,1.007
383.115,1.033
383.145,1.016
383.175,1.029
383.205,1.049
383.235,1.027
383.265,1.029
383.295,1.016
383.325,1.026
383.355,1.045
383.385,1.034
383.415,1.053
383.445,1.066
383.475,0.977
383.505,1.047
383.535,1.025
383.565,0.949
383.595,0.977
383.625,1.014
383.655,1.078
383.685,1.042
383.715,1.022
383.745,1.036
383.775,1.034
383.805,1.032
383.835,1.020
383.865,1.072
383.895,1.019
383.925,1.018
383.955,1.034
383.985,1.042
384.015,1.033
384.045,1.058
384.075,1.062
384.105,1.035
384.135,1.024
384.165,1.036
384.195,1.043
384.225,1.037
384.255,1.079
384.285,1.020
384.315,1.054
384.345,1.047
384.375,1.049
384.405,1.032
384.435,1.029
384.465,1.045
384.495,1.018
384.525,1.021
384.555,1.016
384.585,1.024
384.615,1.053
384.645,1.057
384.675,1.043
384.705,1.029
384.735,1.024
384.765,1.054
384.795,1.037
384.825,1.018
384.855,1.011
384.885,1.020
384.915,1.023
384.945,1.049
384.975,1.062
385.005,1.050
385.035,1.049
385.065,1.026
385.095,1.033
385.125,1.031
385.155,1.019
385.185,1.027
385.215,1.029
385.245,1.033
385.275,1.046
385.305,1.038
385.335,1.031
385.365,1.034
385.395,1.039
385.425,1.035
385.455,1.025
385.485,1.031
385.515,1.030
385.545,1.019
385.575,1.032
385.605,1.045
385.635,1.037
385.665,1.037
385.695,1.032
385.725,1.020
385.755,1.027
385.785,1.028
385.815,1.033
385.845,1.038
385.875,1.026
385.905,1.035
385.935,1.040
385.965,1.034
385.995,1.014
386.025,1.021
386.055,1.030
386.085,1.034
386.115,1.021
386.145,1.025
386.175,1.035
386.205,1.025
386.235,1.029
386.265,1.028
386.295,1.024
386.325,1.025
386.355,1.029
386.385,1.029
386.415,1.030
386.445,1.027
386.475,1.045
386.505,1.025
386.535,1.033
386.565,1.038
386.595,1.019
386.625,1.022
386.655,1.028
386.685,1.034
386.715,1.029
386.745,1.028
386.775,1.032
386.805,1.029
386.835,1.030
386.865,1.023
386.895,1.021
386.925,1.037
386.955,1.033
386.985,1.020
387.015,1.025
387.045,1.028
387.075,1.026
387.105,1.031
387.135,1.028
387.165,1.027
387.195,1.018
387.225,1.022
387.255,1.024
387.285,1.030
387.315,1.026
387.345,1.021
387.375,1.037
387.405,1.027
387.435,1.028
387.465,1.037
387.495,1.040
387.525,1.027
387.555,1.014
387.585,1.022
387.615,1.030
387.645,1.023
387.675,1.017
387.705,1.033
387.735,1.035
387.765,1.034
387.795,1.033
387.825,1.028
387.855,1.023
387.885,1.029
387.915,1.057
387.945,1.045
387.975,1.011
388.005,1.021
388.035,0.987
388.065,1.009
388.095,1.017
388.125,1.042
388.155,1.036
388.185,1.018
388.215,1.033
388.245,1.025
388.275,1.021
388.305,1.012
388.335,1.028
388.365,1.016
388.395,1.024
388.425,1.033
388.455,1.011
388.485,1.030
388.515,1.029
388.545,1.019
388.575,1.017
388.605,1.021
388.635,1.023
388.665,1.029
388.695,1.026
388.725,1.025
388.755,1.027
388.785,1.029
388.815,1.024
388.845,1.017
388.875,1.012
388.905,1.020
388.935,1.011
388.965,1.021
388.995,1.014
389.025,1.013
389.055,1.015
389.085,1.004
389.115,1.021
389.145,1.021
389.175,1.009
389.205,1.023
389.235,1.026
389.265,1.021
389.295,1.020
389.325,1.017
389.355,1.017
389.385,1.011
389.415,0.998
389.445,1.013
389.475,1.019
389.505,1.019
389.535,1.017
389.565,1.019
389.595,1.017
389.625,1.017
389.655,1.012
389.685,1.014
389.715,1.006
389.745,1.004
389.775,1.005
389.805,1.012
389.835,1.012
389.865,1.017
389.895,1.010
389.925,1.013
389.955,1.014
389.985,1.002
390.015,1.014
390.045,1.011
390.075,0.999
390.105,1.000
390.135,1.020
390.165,1.018
390.195,1.008
390.225,1.011
390.255,1.012
390.285,1.013
390.315,1.007
390.345,1.010
390.375,1.006
390.405,1.014
390.435,1.019
390.465,1.008
390.495,1.002
390.525,1.018
390.555,1.020
390.585,1.016
390.615,1.027
390.645,1.028
390.675,1.022
390.705,1.026
390.735,1.021
390.765,0.999
390.795,0.978
390.825,0.972
390.855,1.016
390.885,0.996
390.915,0.998
390.945,1.021
390.975,0.995
391.005,1.040
391.035,0.976
391.065,1.055
391.095,1.006
391.125,0.980
391.155,1.018
391.185,0.984
391.215,1.005
391.245,1.001
391.275,1.024
391.305,1.000
391.335,1.024
391.365,1.022
391.395,0.991
391.425,1.001
391.455,1.011
391.485,1.014
391.515,1.022
391.545,1.017
391.575,0.995
391.605,1.008
391.635,1.024
391.665,1.016
391.695,1.007
391.725,0.998
391.755,1.009
391.785,1.009
391.815,1.052
391.845,1.034
391.875,0.989
391.905,1.005
391.935,1.001
391.965,1.007
391.995,1.003
392.025,1.012
392.055,1.027
392.085,1.017
392.115,1.017
392.145,0.988
392.175,0.981
392.205,0.986
392.235,0.991
392.265,1.039
392.295,1.021
392.325,1.007
392.355,1.015
392.385,1.017
392.415,1.025
392.445,1.011
392.475,1.009
392.505,1.004
392.535,1.007
392.565,1.007
392.595,1.017
392.625,1.009
392.655,1.023
392.685,1.023
392.715,1.038
392.745,1.034
392.775,1.028
392.805,1.025
392.835,1.026
392.865,1.032
392.895,1.030
392.925,1.023
392.955,1.033
392.985,1.027
393.015,1.021
393.045,1.031
393.075,1.034
393.105,1.046
393.135,1.046
393.165,1.060
393.195,1.041
393.225,1.028
393.255,1.045
393.285,1.038
393.315,1.076
393.345,1.019
393.375,0.999
393.405,1.034
393.435,0.994
393.465,1.031
393.495,1.016
393.525,1.056
393.555,1.046
393.585,1.041
393.615,1.026
393.645,1.018
393.675,1.043
393.705,1.043
393.735,1.020
393.765,1.021
393.795,1.020
393.825,1.046
393.855,1.029
393.885,1.023
393.915,1.033
393.945,1.013
393.975,1.031
394.005,1.012
394.035,1.026
394.065,1.036
394.095,1.088
394.125,1.089
394.155,1.023
394.185,0.994
394.215,0.904
394.245,0.940
394.275,0.991
394.305,0.963
394.335,1.110
394.365,1.133
394.395,1.085
394.425,1.025
394.455,1.048
394.485,1.062
394.515,1.039
394.545,1.034
394.575,1.071
394.605,1.060
394.635,1.048
394.665,1.046
394.695,1.043
394.725,1.062
394.755,1.063
394.785,1.068
394.815,1.081
394.845,1.082
394.875,1.077
394.905,1.045
394.935,1.037
394.965,1.049
394.995,1.043
395.025,1.040
395.055,1.051
395.085,1.055
395.115,1.045
395.145,1.040
395.175,1.040
395.205,1.041
395.235,1.034
395.265,1.032
395.295,1.050
395.325,1.032
395.355,1.034
395.385,1.046
395.415,1.041
395.445,1.025
395.475,1.052
395.505,1.052
395.535,1.042
395.565,1.032
395.595,1.025
395.625,1.041
395.655,1.052
395.685,1.040
395.715,1.035
395.745,1.031
395.775,1.042
395.805,1.047
395.835,1.041
395.865,1.036
395.895,1.039
395.925,1.040
395.955,1.040
395.985,1.042
396.015,1.034
396.045,1.035
396.075,1.034
396.105,1.027
396.135,1.034
396.165,1.034
396.195,1.039
396.225,1.044
396.255,1.040
396.285,1.044
396.315,1.037
396.345,1.027
396.375,1.038
396.405,1.037
396.435,1.045
396.465,1.032
396.495,1.035
396.525,1.038
396.555,1.036
396.585,1.036
396.615,1.035
396.645,1.033
396.675,1.021
396.705,1.033
396.735,1.042
396.765,1.033
396.795,1.036
396.825,1.036
396.855,1.037
396.885,1.027
396.915,1.038
396.945,1.038
396.975,1.039
397.005,1.041
397.035,1.040
397.065,1.029
397.095,1.027
397.125,1.028
397.155,1.031
397.185,1.025
397.215,1.026
397.245,1.034
397.275,1.025
397.305,1.033
397.335,1.029
397.365,1.032
397.395,1.030
397.425,1.028
397.455,1.027
397.485,1.028
397.515,1.030
397.545,1.027
397.575,1.037
397.605,1.034
397.635,1.026
397.665,1.030
397.695,1.023
397.725,1.030
397.755,1.033
397.785,1.033
397.815,1.025
397.845,1.035
397.875,1.035
397.905,1.026
397.935,1.032
397.965,1.033
397.995,1.029
398.025,1.027
398.055,1.028
398.085,1.030
398.115,1.038
398.145,1.036
398.175,1.030
398.205,1.026
398.235,1.035
398.265,1.038
398.295,1.036
398.325,1.032
398.355,1.037
398.385,1.021
398.415,1.036
398.445,1.043
398.475,1.040
398.505,1.060
398.535,1.049
398.565,1.043
398.595,1.043
398.625,1.045
398.655,1.035
398.685,1.016
398.715,1.014
398.745,1.017
398.775,1.066
398.805,0.972
398.835,1.010
398.865,1.035
398.895,1.046
398.925,1.087
398.955,1.141
398.985,1.076
399.015,1.089
399.045,1.122
399.075,1.075
399.105,1.075
399.135,1.015
399.165,1.044
399.195,0.913
399.225,0.965
399.255,1.001
399.285,0.988
399.315,1.096
399.345,0.957
399.375,1.144
399.405,1.205
399.435,1.038
399.465,1.009
399.495,0.912
399.525,1.094
399.555,1.134
399.585,1.033
399.615,1.045
399.645,0.887
399.675,1.122
399.705,1.112
399.735,1.043
399.765,0.995
399.795,0.956
399.825,1.186
399.855,1.209
399.885,1.035
399.915,0.918
399.945,0.948
399.975,0.858
400.005,0.951
400.035,1.111
400.065,1.030
400.095,1.016
400.125,1.027
400.155,1.095
400.185,1.059
400.215,1.063
400.245,1.062
400.275,1.005
400.305,0.958
400.335,0.973
400.365,0.989
400.395,1.004
400.425,1.016
400.455,1.002
400.485,0.996
400.515,1.030
400.545,1.028
400.575,1.026
400.605,1.032
400.635,1.013
400.665,1.018
400.695,1.026
400.725,1.009
400.755,1.009
400.785,1.015
400.815,1.008
400.845,1.015
400.875,1.018
400.905,1.025
400.935,1.004
400.965,1.008
400.995,0.996
401.025,0.985
401.055,1.020
401.085,1.035
401.115,1.021
401.145,0.989
401.175,0.994
401.205,1.015
401.235,1.031
401.265,1.030
401.295,1.039
401.325,1.027
401.355,1.020
401.385,0.999
401.415,0.988
401.445,0.996
401.475,1.020
401.505,1.020
401.535,0.997
401.565,0.986
401.595,0.991
401.625,1.007
401.655,1.009
401.685,1.021
401.715,1.015
401.745,1.000
401.775,0.999
401.805,0.999
401.835,0.987
401.865,1.014
401.895,1.021
401.925,1.013
401.955,1.001
401.985,1.013
402.015,1.008
402.045,0.992
402.075,1.000
402.105,0.995
402.135,1.009
402.165,1.004
402.195,0.983
402.225,0.989
402.255,0.990
402.285,0.992
402.315,1.006
402.345,1.004
402.375,1.005
402.405,0.996
402.435,1.015
402.465,0.997
402.495,0.994
402.525,0.996
402.555,1.006
402.585,1.004
402.615,1.000
402.645,1.002
402.675,1.012
402.705,0.994
402.735,1.003
402.765,0.995
402.795,0.999
402.825,1.001
402.855,1.007
402.885,0.999
402.915,1.005
402.945,1.003
402.975,0.982
403.005,0.989
403.035,1.019
403.065,1.006
403.095,0.995
403.125,1.001
403.155,1.033
403.185,1.007
403.215,0.968
403.245,1.006
403.275,1.007
403.305,1.007
403.335,0.999
403.365,1.009
403.395,1.030
403.425,1.013
403.455,1.001
403.485,1.005
403.515,0.995
403.545,0.991
403.575,0.984
403.605,1.002
403.635,0.998
403.665,1.007
403.695,1.009
403.725,1.007
403.755,0.999
403.785,1.000
403.815,1.012
403.845,1.000
403.875,0.998
403.905,1.004
403.935,1.005
403.965,0.991
403.995,1.002
404.025,1.003
404.055,0.997
404.085,1.003
404.115,1.006
404.145,1.006
404.175,1.003
404.205,0.999
404.235,1.005
404.265,1.001
404.295,0.991
404.325,0.997
404.355,1.013
404.385,1.001
404.415,1.009
404.445,1.007
404.475,1.008
404.505,1.014
404.535,1.012
404.565,1.005
404.595,1.000
404.625,1.003
404.655,1.000
404.685,0.996
404.715,0.996
404.745,1.008
404.775,1.006
404.805,1.000
404.835,1.010
404.865,1.011
404.895,1.003
404.925,0.992
404.955,0.994
404.985,1.006
405.015,1.007
405.045,1.003
405.075,0.997
405.105,1.003
405.135,1.003
405.165,0.997
405.195,1.005
405.225,1.004
405.255,1.003
405.285,1.007
405.315,1.002
405.345,1.003
405.375,0.996
405.405,0.999
405.435,0.998
405.465,1.007
405.495,1.010
405.525,1.008
405.555,1.008
405.585,1.021
405.615,1.007
405.645,0.991
405.675,1.001
405.705,1.014
405.735,1.030
405.765,1.018
405.795,1.008
405.825,1.004
405.855,1.013
405.885,1.018
405.915,1.019
405.945,1.008
405.975,1.003
406.005,1.014
406.035,1.002
406.065,0.990
406.095,0.966
406.125,0.987
406.155,1.062
406.185,1.082
406.215,1.038
406.245,0.979
406.275,0.935
406.305,0.955
406.335,0.984
406.365,1.005
406.395,1.083
406.425,1.117
406.455,1.062
406.485,1.023
406.515,0.963
406.545,0.977
406.575,1.000
406.605,1.048
406.635,1.075
406.665,1.129
406.695,1.035
406.725,0.991
406.755,1.023
406.785,0.995
406.815,0.987
406.845,1.021
406.875,1.052
406.905,1.094
406.935,1.063
406.965,1.095
406.995,1.010
407.025,1.065
407.055,0.917
407.085,1.045
407.115,1.096
407.145,1.034
407.175,1.022
407.205,0.963
407.235,1.123
407.265,1.072
407.295,0.995
407.325,1.008
407.355,1.028
407.385,0.973
407.415,1.037
407.445,1.025
407.475,1.051
407.505,1.066
407.535,1.030
407.565,0.936
407.595,1.036
407.625,0.873
407.655,1.055
407.685,1.100
407.715,1.042
407.745,1.055
407.775,1.057
407.805,1.077
407.835,1.065
407.865,1.039
407.895,1.026
407.925,1.042
407.955,1.082
407.985,1.058
408.015,1.052
408.045,1.071
408.075,1.045
408.105,1.045
408.135,1.039
408.165,1.032
408.195,1.032
408.225,1.010
408.255,1.027
408.285,1.041
408.315,1.030
408.345,1.005
408.375,1.004
408.405,1.003
408.435,1.016
408.465,1.008
408.495,1.029
408.525,1.008
408.555,1.002
408.585,0.999
408.615,1.016
408.645,1.034
408.675,0.992
408.705,0.994
408.735,1.011
408.765,1.023
408.795,1.043
408.825,1.031
408.855,1.008
408.885,1.039
408.915,1.044
408.945,1.038
408.975,1.048
409.005,1.035
409.035,1.057
409.065,1.047
409.095,1.080
409.125,1.090
409.155,1.090
409.185,1.104
409.215,1.073
409.245,1.068
409.275,1.063
409.305,1.038
409.335,1.034
409.365,1.036
409.395,1.035
409.425,1.070
409.455,1.062
409.485,1.070
409.515,1.084
409.545,1.074
409.575,1.039
409.605,1.042
409.635,1.038
409.665,1.023
409.695,1.045
409.725,1.030
409.755,1.027
409.785,1.034
409.815,1.034
409.845,1.031
409.875,1.037
409.905,1.050
409.935,1.034
409.965,1.046
409.995,1.044
410.025,1.037
410.055,1.032
410.085,1.031
410.115,1.041
410.145,1.053
410.175,1.044
410.205,1.045
410.235,1.037
410.265,1.035
410.295,1.055
410.325,1.046
410.355,1.045
410.385,1.035
410.415,1.029
410.445,1.043
410.475,1.050
410.505,1.040
410.535,1.039
410.565,1.062
410.595,1.070
410.625,1.054
410.655,1.066
410.685,1.063
410.715,1.068
410.745,1.080
410.775,1.107
410.805,1.074
410.835,1.068
410.865,1.107
410.895,1.111
410.925,1.087
410.955,1.101
410.985,1.105
411.015,1.044
411.045,1.021
411.075,1.004
411.105,1.003
411.135,1.023
411.165,0.990
411.195,1.000
411.225,0.994
411.255,0.998
411.285,0.986
411.315,1.028
411.345,1.038
411.375,0.995
411.405,0.980
411.435,1.064
411.465,1.057
411.495,1.003
411.525,0.970
411.555,1.037
411.585,1.047
411.615,1.058
411.645,1.033
411.675,1.058
411.705,1.023
411.735,1.025
411.765,1.032
411.795,1.067
411.825,1.070
411.855,1.063
411.885,1.048
411.915,1.008
411.945,1.008
411.975,0.989
412.005,0.992
412.035,1.018
412.065,0.999
412.095,1.029
412.125,1.061
412.155,1.055
412.185,1.031
412.215,1.055
412.245,1.084
412.275,1.090
412.305,1.059
412.335,1.077
412.365,1.077
412.395,1.062
412.425,1.068
412.455,1.023
412.485,1.030
412.515,1.011
412.545,0.997
412.575,0.998
412.605,1.023
412.635,0.981
412.665,1.017
412.695,1.025
412.725,1.035
412.755,1.022
412.785,1.054
412.815,1.044
412.845,1.029
412.875,1.008
412.905,1.035
412.935,1.032
412.965,1.066
412.995,1.059
413.025,1.069
413.055,1.025
413.085,1.004
413.115,0.987
413.145,0.971
413.175,1.019
413.205,1.033
413.235,1.044
413.265,1.072
413.295,1.131
413.325,1.076
413.355,1.078
413.385,1.081
413.415,1.105
413.445,1.041
413.475,1.029
413.505,1.053
413.535,1.023
413.565,1.055
413.595,1.062
413.625,1.017
413.655,1.064
413.685,1.063
413.715,1.039
413.745,1.066
413.775,1.055
413.805,1.031
413.835,1.049
413.865,1.084
413.895,1.037
413.925,0.985
413.955,1.056
413.985,1.055
414.015,1.057
414.045,1.069
414.075,0.990
414.105,1.012
414.135,1.109
414.165,1.036
414.195,0.968
414.225,1.051
414.255,1.031
414.285,1.036
414.315,1.039
414.345,1.064
414.375,1.030
414.405,1.055
414.435,1.061
414.465,1.046
414.495,1.052
414.525,1.061
414.555,1.082
414.585,1.068
414.615,1.060
414.645,1.040
414.675,1.039
414.705,1.037
414.735,1.029
414.765,1.025
414.795,1.024
414.825,1.032
414.855,1.058
414.885,1.056
414.915,1.055
414.945,1.059
414.975,1.057
415.005,1.050
415.035,1.036
415.065,1.038
415.095,1.035
415.125,1.040
415.155,1.042
415.185,1.038
415.215,1.044
415.245,1.043
415.275,1.047
415.305,1.054
415.335,1.026
415.365,1.035
415.395,1.025
415.425,1.065
415.455,1.065
415.485,1.043
415.515,0.999
415.545,1.017
415.575,1.019
415.605,0.991
415.635,1.018
415.665,1.083
415.695,1.076
415.725,1.054
415.755,1.063
415.785,1.046
415.815,1.044
415.845,1.021
415.875,1.032
415.905,0.990
415.935,1.008
415.965,1.034
415.995,1.060
416.025,1.035
416.055,1.049
416.085,1.071
416.115,1.011
416.145,1.044
416.175,1.069
416.205,1.026
416.235,1.021
416.265,1.013
416.295,1.047
416.325,1.037
416.355,1.046
416.385,1.060
416.415,0.930
416.445,1.072
416.475,1.104
416.505,1.012
416.535,0.977
416.565,1.033
416.595,1.111
416.625,1.067
416.655,1.025
416.685,0.942
416.715,1.044
416.745,1.105
416.775,1.117
416.805,1.025
416.835,0.985
416.865,0.968
416.895,1.056
416.925,1.089
416.955,1.089
416.985,1.024
417.015,0.973
417.045,0.928
417.075,1.102
417.105,1.088
417.135,1.144
417.165,1.065
417.195,0.972
417.225,0.992
417.255,1.038
417.285,1.056
417.315,1.061
417.345,1.104
417.375,0.978
417.405,1.018
417.435,1.012
417.465,1.039
417.495,1.041
417.525,1.055
417.555,1.063
417.585,1.047
417.615,1.060
417.645,1.043
417.675,1.042
417.705,1.024
417.735,1.026
417.765,1.040
417.795,1.055
417.825,1.042
417.855,1.044
417.885,1.042
417.915,1.052
417.945,1.040
417.975,1.034
418.005,1.049
418.035,1.037
418.065,1.029
418.095,1.032
418.125,1.047
418.155,1.040
418.185,1.018
418.215,1.027
418.245,1.048
418.275,1.040
418.305,1.041
418.335,1.017
418.365,1.034
418.395,1.030
418.425,1.044
418.455,1.041
418.485,1.043
418.515,1.036
418.545,1.051
418.575,1.042
418.605,1.051
418.635,1.035
418.665,1.021
418.695,0.986
418.725,1.005
418.755,1.021
418.785,1.006
418.815,0.978
418.845,1.002
418.875,1.033
418.905,1.071
418.935,1.090
418.965,1.081
418.995,1.058
419.025,1.043
419.055,1.040
419.085,1.054
419.115,1.039
419.145,1.019
419.175,1.040
419.205,1.034
419.235,1.027
419.265,1.035
419.295,1.039
419.325,1.033
419.355,1.023
419.385,1.022
419.415,1.019
419.445,1.023
419.475,1.026
419.505,1.031
419.535,1.041
419.565,1.041
419.595,1.049
419.625,1.038
419.655,1.026
419.685,0.985
419.715,1.011
419.745,1.039
419.775,0.998
419.805,1.031
419.835,0.993
419.865,0.993
419.895,1.024
419.925,1.057
419.955,1.033
419.985,1.016
420.015,1.009
420.045,1.034
420.075,1.062
420.105,1.050
420.135,1.030
420.165,1.052
420.195,1.077
420.225,1.083
420.255,1.057
420.285,1.040
420.315,1.049
420.345,1.070
420.375,1.046
420.405,1.021
420.435,1.032
420.465,1.080
420.495,1.088
420.525,1.083
420.555,1.083
420.585,1.079
420.615,1.066
420.645,1.049
420.675,1.025
420.705,1.020
420.735,1.022
420.765,1.027
420.795,1.025
420.825,1.027
420.855,1.043
420.885,1.053
420.915,1.031
420.945,1.032
420.975,1.039
421.005,1.038
421.035,1.049
421.065,1.066
421.095,1.045
421.125,1.055
421.155,1.025
421.185,1.025
421.215,1.030
421.245,1.019
421.275,1.019
421.305,1.044
421.335,1.052
421.365,1.037
421.395,1.029
421.425,1.029
421.455,1.049
421.485,1.065
421.515,1.039
421.545,1.037
421.575,1.038
421.605,1.035
421.635,1.031
421.665,1.037
421.695,1.053
421.725,1.049
421.755,1.038
421.785,1.029
421.815,1.042
421.845,1.032
421.875,1.030
421.905,1.048
421.935,1.048
421.965,1.054
421.995,1.059
422.025,1.036
422.055,1.036
422.085,1.053
422.115,1.048
422.145,1.036
422.175,1.044
422.205,1.046
422.235,1.016
422.265,1.040
422.295,1.067
422.325,1.071
422.355,1.052
422.385,0.973
422.415,0.985
422.445,1.001
422.475,1.042
422.505,1.028
422.535,1.059
422.565,1.039
422.595,1.020
422.625,1.025
422.655,1.037
422.685,1.067
422.715,1.072
422.745,1.107
422.775,1.071
422.805,1.078
422.835,1.007
422.865,0.994
422.895,1.015
422.925,1.005
422.955,1.000
422.985,1.014
423.015,1.066
423.045,1.060
423.075,1.073
423.105,1.068
423.135,1.075
423.165,1.014
423.195,0.993
423.225,1.025
423.255,1.023
423.285,1.032
423.315,1.039
423.345,1.084
423.375,1.071
423.405,1.073
423.435,1.070
423.465,1.069
423.495,1.039
423.525,1.017
423.555,1.029
423.585,1.021
423.615,1.020
423.645,1.056
423.675,1.086
423.705,1.060
423.735,1.066
423.765,1.065
423.795,1.083
423.825,1.049
423.855,1.020
423.885,1.031
423.915,1.038
423.945,1.016
423.975,1.013
424.005,1.029
424.035,1.034
424.065,1.020
424.095,1.032
424.125,1.055
424.155,1.048
424.185,1.037
424.215,1.047
424.245,1.039
424.275,1.033
424.305,1.028
424.335,1.049
424.365,1.071
424.395,1.070
424.425,1.063
424.455,1.049
424.485,1.040
424.515,1.043
424.545,1.042
424.575,1.029
424.605,1.042
424.635,1.048
424.665,1.043
424.695,1.039
424.725,1.055
424.755,1.044
424.785,1.040
424.815,1.038
424.845,1.049
424.875,1.027
424.905,0.988
424.935,1.052
424.965,1.090
424.995,1.071
425.025,1.050
425.055,1.034
425.085,1.010
425.115,0.988
425.145,1.005
425.175,1.029
425.205,1.049
425.235,1.043
425.265,1.049
425.295,1.060
425.325,1.057
425.355,1.047
425.385,1.037
425.415,1.037
425.445,1.041
425.475,1.025
425.505,1.023
425.535,1.009
425.565,1.033
425.595,1.042
425.625,1.062
425.655,1.043
425.685,1.054
425.715,1.060
425.745,1.035
425.775,1.034
425.805,1.016
425.835,1.010
425.865,1.022
425.895,1.034
425.925,1.043
425.955,1.052
425.985,1.069
426.015,1.067
426.045,1.049
426.075,1.036
426.105,1.026
426.135,1.025
426.165,1.022
426.195,1.036
426.225,1.022
426.255,1.036
426.285,1.062
426.315,1.066
426.345,1.062
426.375,1.046
426.405,1.048
426.435,1.029
426.465,1.030
426.495,1.023
426.525,1.021
426.555,1.043
426.585,1.061
426.615,1.052
426.645,1.042
426.675,1.043
426.705,1.050
426.735,1.024
426.765,1.026
426.795,1.028
426.825,1.035
426.855,1.043
426.885,1.042
426.915,1.037
426.945,1.035
426.975,1.038
427.005,1.041
427.035,1.036
427.065,1.042
427.095,1.040
427.125,1.037
427.155,1.036
427.185,1.044
427.215,1.043
427.245,1.042
427.275,1.038
427.305,1.041
427.335,1.048
427.365,1.046
427.395,1.029
427.425,1.044
427.455,1.044
427.485,1.033
427.515,1.044
427.545,1.051
427.575,1.042
427.605,1.041
427.635,1.044
427.665,1.045
427.695,1.054
427.725,1.016
427.755,1.011
427.785,1.084
427.815,1.066
427.845,1.022
427.875,1.025
427.905,1.036
427.935,1.029
427.965,1.043
427.995,1.014
428.025,1.063
428.055,1.092
428.085,1.069
428.115,1.039
428.145,1.036
428.175,1.030
428.205,1.021
428.235,1.020
428.265,1.034
428.295,1.029
428.325,1.050
428.355,1.060
428.385,1.047
428.415,1.042
428.445,1.035
428.475,1.036
428.505,1.034
428.535,1.023
428.565,1.036
428.595,1.051
428.625,1.034
428.655,1.036
428.685,1.044
428.715,1.043
428.745,1.038
428.775,1.049
428.805,1.042
428.835,1.030
428.865,1.037
428.895,1.046
428.925,1.039
428.955,1.051
428.985,1.050
429.015,1.048
429.045,1.052
429.075,1.039
429.105,1.031
429.135,1.033
429.165,1.044
429.195,1.043
429.225,1.042
429.255,1.040
429.285,1.042
429.315,1.045
429.345,1.053
429.375,1.062
429.405,1.032
429.435,1.021
429.465,1.040
429.495,1.035
429.525,1.043
429.555,1.038
429.585,1.034
429.615,1.044
429.645,1.042
429.675,1.041
429.705,1.035
429.735,1.039
429.765,1.041
429.795,1.035
429.825,1.031
429.855,1.041
429.885,1.042
429.915,1.033
429.945,1.038
429.975,1.032
430.005,1.049
430.035,1.047
430.065,1.043
430.095,1.040
430.125,1.049
430.155,1.037
430.185,1.031
430.215,1.044
430.245,1.042
430.275,1.033
430.305,1.035
430.335,1.043
430.365,1.041
430.395,1.047
430.425,1.043
430.455,1.039
430.485,1.040
430.515,1.043
430.545,1.034
430.575,1.034
430.605,1.042
430.635,1.044
430.665,1.041
430.695,1.036
430.725,1.046
430.755,1.037
430.785,1.040
430.815,1.050
430.845,1.044
430.875,1.038
430.905,1.040
430.935,1.051
430.965,1.045
430.995,1.055
431.025,1.053
431.055,1.064
431.085,1.047
431.115,1.020
431.145,1.022
431.175,1.021
431.205,1.026
431.235,1.050
431.265,1.020
431.295,1.068
431.325,1.065
431.355,1.031
431.385,1.028
431.415,1.033
431.445,1.016
431.475,1.049
431.505,1.054
431.535,1.053
431.565,1.046
431.595,1.047
431.625,1.011
431.655,1.022
431.685,1.021
431.715,1.020
431.745,1.025
431.775,1.060
431.805,1.046
431.835,1.061
431.865,1.035
431.895,1.041
431.925,1.026
431.955,1.041
431.985,1.053
432.015,1.047
432.045,1.029
432.075,1.026
432.105,1.040
432.135,1.043
432.165,1.047
432.195,1.042
432.225,1.027
432.255,1.032
432.285,1.035
432.315,1.031
432.345,1.041
432.375,1.038
432.405,1.062
432.435,1.055
432.465,1.053
432.495,1.021
432.525,1.036
432.555,1.063
432.585,1.049
432.615,1.049
432.645,1.050
432.675,1.047
432.705,1.047
432.735,1.046
432.765,1.047
432.795,1.043
432.825,1.037
432.855,1.018
432.885,1.035
432.915,1.030
432.945,1.032
432.975,1.059
433.005,1.061
433.035,1.066
433.065,1.054
433.095,1.027
433.125,1.051
433.155,1.035
433.185,1.029
433.215,1.039
433.245,1.043
433.275,1.047
433.305,1.096
433.335,1.054
433.365,1.051
433.395,0.999
433.425,0.989
433.455,1.032
433.485,1.034
433.515,1.071
433.545,1.067
433.575,1.053
433.605,1.049
433.635,1.046
433.665,1.040
433.695,1.026
433.725,1.035
433.755,1.041
433.785,1.040
433.815,1.042
433.845,1.044
433.875,1.040
433.905,1.047
433.935,1.061
433.965,1.055
433.995,1.040
434.025,1.043
434.055,1.032
434.085,1.018
434.115,1.026
434.145,1.037
434.175,1.054
434.205,1.061
434.235,1.062
434.265,1.057
434.295,1.032
434.325,1.020
434.355,1.015
434.385,1.013
434.415,1.056
434.445,1.073
434.475,1.081
434.505,1.090
434.535,1.142
434.565,1.124
434.595,1.026
434.625,0.970
434.655,0.969
434.685,0.980
434.715,0.996
434.745,1.007
434.775,1.029
434.805,1.052
434.835,1.046
434.865,1.038
434.895,1.040
434.925,1.033
434.955,1.038
434.985,1.037
435.015,1.036
435.045,1.028
435.075,1.014
435.105,1.026
435.135,1.043
435.165,1.046
435.195,1.047
435.225,1.059
435.255,1.045
435.285,1.036
435.315,1.023
435.345,1.012
435.375,1.016
435.405,1.025
435.435,1.045
435.465,1.053
435.495,1.047
435.525,1.049
435.555,1.063
435.585,1.056
435.615,1.028
435.645,1.025
435.675,1.016
435.705,1.009
435.735,1.024
435.765,1.043
435.795,1.050
435.825,1.058
435.855,1.056
435.885,1.062
435.915,1.053
435.945,1.048
435.975,1.021
436.005,1.000
436.035,1.005
436.065,1.019
436.095,1.043
436.125,1.054
436.155,1.067
436.185,1.061
436.215,1.065
436.245,1.062
436.275,1.042
436.305,1.016
436.335,1.013
436.365,1.015
436.395,1.029
436.425,1.034
436.455,1.045
436.485,1.053
436.515,1.064
436.545,1.054
436.575,1.056
436.605,1.046
436.635,1.028
436.665,1.027
436.695,1.034
436.725,1.028
436.755,1.043
436.785,1.033
436.815,1.040
436.845,1.050
436.875,1.022
436.905,1.026
436.935,1.030
436.965,1.044
436.995,1.058
437.025,1.037
437.055,1.044
437.085,1.035
437.115,1.050
437.145,1.026
437.175,1.041
437.205,1.062
437.235,1.052
437.265,1.038
437.295,1.047
437.325,1.039
437.355,1.037
437.385,1.051
437.415,1.025
437.445,1.031
437.475,1.028
437.505,1.039
437.535,1.031
437.565,1.026
437.595,1.037
437.625,1.033
437.655,1.038
437.685,1.048
437.715,1.041
437.745,1.055
437.775,1.040
437.805,1.035
437.835,1.043
437.865,1.029
437.895,1.032
437.925,1.034
437.955,1.055
437.985,1.051
438.015,1.042
438.045,1.038
438.075,1.044
438.105,1.031
438.135,1.025
438.165,1.042
438.195,1.039
438.225,1.034
438.255,1.055
438.285,1.045
438.315,1.042
438.345,1.020
438.375,1.019
438.405,1.023
438.435,1.050
438.465,1.067
438.495,1.057
438.525,1.046
438.555,1.032
438.585,1.026
438.615,1.026
438.645,1.025
438.675,1.025
438.705,1.023
438.735,1.039
438.765,1.040
438.795,1.039
438.825,1.045
438.855,1.045
438.885,1.036
438.915,1.034
438.945,1.045
438.975,1.049
439.005,1.045
439.035,1.030
439.065,1.042
439.095,1.051
439.125,1.037
439.155,1.022
439.185,1.065
439.215,1.049
439.245,1.029
439.275,1.055
439.305,1.065
439.335,1.062
439.365,1.051
439.395,1.025
439.425,1.027
439.455,1.034
439.485,1.062
439.515,1.048
439.545,1.046
439.575,1.039
439.605,1.028
439.635,1.009
439.665,1.038
439.695,1.040
439.725,1.042
439.755,1.049
439.785,1.067
439.815,1.057
439.845,1.061
439.875,1.047
439.905,1.031
439.935,1.018
439.965,0.997
439.995,1.026
440.025,1.021
440.055,1.037
440.085,1.033
440.115,1.040
440.145,1.030
440.175,1.030
440.205,1.057
440.235,1.037
440.265,1.007
440.295,1.019
440.325,1.028
440.355,1.009
440.385,1.046
440.415,1.057
440.445,1.062
440.475,1.081
440.505,1.072
440.535,1.050
440.565,1.062
440.595,1.047
440.625,1.047
440.655,0.988
440.685,0.987
440.715,1.008
440.745,0.997
440.775,1.021
440.805,1.089
440.835,1.089
440.865,1.089
440.895,1.077
440.925,1.061
440.955,1.004
440.985,1.021
441.015,1.021
441.045,1.012
441.075,0.982
441.105,0.998
441.135,1.015
441.165,1.042
441.195,1.062
441.225,1.052
441.255,1.042
441.285,1.053
441.315,1.038
441.345,1.047
441.375,1.040
441.405,1.040
441.435,1.021
441.465,1.021
441.495,1.019
441.525,0.992
441.555,0.997
441.585,1.031
441.615,1.035
441.645,1.061
441.675,1.066
441.705,1.066
441.735,1.047
441.765,1.058
441.795,1.058
441.825,1.047
441.855,1.022
441.885,1.022
441.915,1.024
441.945,0.996
441.975,0.989
442.005,1.007
442.035,1.025
442.065,1.074
442.095,1.067
442.125,1.076
442.155,1.078
442.185,1.058
442.215,1.035
442.245,1.034
442.275,1.035
442.305,1.014
442.335,1.000
442.365,0.970
442.395,0.987
442.425,1.024
442.455,1.035
442.485,1.058
442.515,1.047
442.545,1.073
442.575,1.064
442.605,1.050
442.635,1.034
442.665,1.035
442.695,1.028
442.725,1.002
442.755,1.005
442.785,1.021
442.815,1.035
442.845,1.052
442.875,1.053
442.905,1.063
442.935,1.063
442.965,1.049
442.995,1.044
443.025,1.019
443.055,1.039
443.085,1.031
443.115,1.023
443.145,1.017
443.175,1.004
443.205,1.023
443.235,1.048
443.265,1.045
443.295,1.031
443.325,1.025
443.355,1.002
443.385,1.041
443.415,1.024
443.445,1.052
443.475,1.039
443.505,1.026
443.535,1.030
443.565,1.008
443.595,1.049
443.625,1.061
443.655,1.077
443.685,1.062
443.715,1.053
443.745,1.053
443.775,1.044
443.805,1.033
443.835,1.018
443.865,1.022
443.895,1.010
443.925,0.999
443.955,0.998
443.985,1.047
444.015,1.059
444.045,1.062
444.075,1.075
444.105,1.074
444.135,1.058
444.165,1.035
444.195,1.055
444.225,1.068
444.255,1.033
444.285,1.006
444.315,1.001
444.345,1.000
444.375,0.997
444.405,1.033
444.435,1.046
444.465,1.059
444.495,1.057
444.525,1.060
444.555,1.062
444.585,1.055
444.615,1.058
444.645,1.049
444.675,1.024
444.705,1.009
444.735,1.002
444.765,1.002
444.795,1.023
444.825,1.042
444.855,1.067
444.885,1.061
444.915,1.059
444.945,1.049
444.975,1.050
445.005,1.046
445.035,1.035
445.065,1.038
445.095,1.013
445.125,0.995
445.155,0.985
445.185,1.006
445.215,1.037
445.245,1.054
445.275,1.070
445.305,1.086
445.335,1.077
445.365,1.068
445.395,1.040
445.425,1.023
445.455,1.021
445.485,1.021
445.515,1.021
445.545,1.033
445.575,1.021
445.605,1.023
445.635,1.055
445.665,1.057
445.695,1.077
445.725,1.069
445.755,1.075
445.785,1.071
445.815,1.059
445.845,1.047
445.875,1.040
445.905,1.027
445.935,1.002
445.965,1.024
445.995,1.029
446.025,1.041
446.055,1.043
446.085,1.053
446.115,1.061
446.145,1.067
446.175,1.062
446.205,1.047
446.235,1.033
446.265,1.020
446.295,1.008
446.325,1.006
446.355,1.018
446.385,1.036
446.415,1.050
446.445,1.049
446.475,1.042
446.505,1.040
446.535,1.049
446.565,1.037
446.595,1.037
446.625,1.031
446.655,1.029
446.685,1.039
446.715,1.046
446.745,1.040
446.775,1.048
446.805,1.041
446.835,1.029
446.865,1.055
446.895,1.045
446.925,1.031
446.955,1.047
446.985,1.075
447.015,1.065
447.045,1.070
447.075,1.019
447.105,1.003
447.135,0.973
447.165,0.992
447.195,1.007
447.225,1.026
447.255,1.037
447.285,1.033
447.315,1.059
447.345,1.077
447.375,1.076
447.405,1.067
447.435,1.052
447.465,1.025
447.495,1.003
447.525,0.982
447.555,0.987
447.585,1.020
447.615,1.035
447.645,1.055
447.675,1.079
447.705,1.069
447.735,1.035
447.765,1.032
447.795,1.068
447.825,1.080
447.855,1.051
447.885,1.021
447.915,0.996
447.945,0.989
447.975,1.008
448.005,1.041
448.035,1.062
448.065,1.037
448.095,1.069
448.125,1.066
448.155,1.045
448.185,1.059
448.215,1.050
448.245,1.034
448.275,1.009
448.305,1.012
448.335,1.016
448.365,1.029
448.395,1.039
448.425,1.050
448.455,1.062
448.485,1.065
448.515,1.055
448.545,1.058
448.575,1.058
448.605,1.047
448.635,1.037
448.665,1.016
448.695,0.989
448.725,0.996
448.755,1.020
448.785,1.039
448.815,1.057
448.845,1.060
448.875,1.062
448.905,1.056
448.935,1.052
448.965,1.045
448.995,1.042
449.025,1.034
449.055,1.011
449.085,1.008
449.115,1.016
449.145,1.035
449.175,1.037
449.205,1.050
449.235,1.049
449.265,1.058
449.295,1.056
449.325,1.064
449.355,1.067
449.385,1.048
449.415,1.032
449.445,1.021
449.475,1.009
449.505,0.985
449.535,1.005
449.565,1.021
449.595,1.041
449.625,1.066
449.655,1.074
449.685,1.054
449.715,1.053
449.745,1.058
449.775,1.043
449.805,1.036
449.835,1.042
449.865,1.007
449.895,0.994
449.925,1.009
449.955,1.022
449.985,1.051
450.015,1.067
450.045,1.063
450.075,1.062
450.105,1.063
450.135,1.041
450.165,1.038
450.195,1.042
450.225,1.035
450.255,1.021
450.285,0.998
450.315,0.995
450.345,1.009
450.375,1.031
450.405,1.061
450.435,1.071
450.465,1.074
450.495,1.080
450.525,1.076
450.555,1.050
450.585,1.062
450.615,1.035
450.645,1.013
450.675,0.997
450.705,0.984
450.735,0.993
450.765,1.025
450.795,1.058
450.825,1.058
450.855,1.057
450.885,1.061
450.915,1.061
450.945,1.056
450.975,1.059
451.005,1.050
451.035,1.037
451.065,1.017
451.095,0.997
451.125,1.005
451.155,1.022
451.185,1.090
451.215,1.107
451.245,1.051
451.275,1.035
451.305,1.024
451.335,1.007
451.365,1.019
451.395,1.064
451.425,1.036
451.455,1.043
451.485,1.007
451.515,1.011
451.545,1.063
451.575,1.062
451.605,1.038
451.635,1.031
451.665,1.006
451.695,1.011
451.725,1.066
451.755,1.058
451.785,1.047
451.815,1.035
451.845,1.003
451.875,1.046
451.905,1.061
451.935,1.058
451.965,1.063
451.995,1.022
452.025,0.997
452.055,1.049
452.085,1.115
452.115,1.077
452.145,1.041
452.175,1.053
452.205,0.969
452.235,0.982
452.265,1.064
452.295,1.075
452.325,1.037
452.355,1.060
452.385,1.062
452.415,1.059
452.445,1.070
452.475,1.039
452.505,1.023
452.535,1.023
452.565,0.996
452.595,0.978
452.625,1.039
452.655,1.065
452.685,1.087
452.715,1.079
452.745,1.059
452.775,1.016
452.805,1.019
452.835,1.040
452.865,1.023
452.895,1.033
452.925,1.038
452.955,1.037
452.985,1.026
453.015,1.042
453.045,1.053
453.075,1.061
453.105,1.066
453.135,1.055
453.165,1.029
453.195,1.022
453.225,1.020
453.255,1.037
453.285,1.054
453.315,1.044
453.345,1.045
453.375,1.046
453.405,1.045
453.435,1.038
453.465,1.042
453.495,1.043
453.525,1.030
453.555,1.046
453.585,1.038
453.615,1.025
453.645,1.038
453.675,1.049
453.705,1.038
453.735,1.033
453.765,1.037
453.795,1.045
453.825,1.041
453.855,1.042
453.885,1.041
453.915,1.035
453.945,1.036
453.975,1.033
454.005,1.040
454.035,1.040
454.065,1.027
454.095,1.023
454.125,1.038
454.155,1.036
454.185,1.033
454.215,1.028
454.245,1.038
454.275,1.039
454.305,1.039
454.335,1.043
454.365,1.057
454.395,1.041
454.425,1.044
454.455,1.055
454.485,1.092
454.515,1.084
454.545,1.072
454.575,1.044
454.605,1.015
454.635,1.004
454.665,1.003
454.695,0.997
454.725,1.017
454.755,1.011
454.785,1.013
454.815,1.054
454.845,1.037
454.875,1.037
454.905,1.051
454.935,1.024
454.965,1.012
454.995,1.028
455.025,1.023
455.055,1.021
455.085,1.039
455.115,1.021
455.145,1.031
455.175,1.035
455.205,1.048
455.235,1.030
455.265,1.012
455.295,1.020
455.325,1.023
455.355,1.019
455.385,1.036
455.415,1.044
455.445,1.031
455.475,1.034
455.505,1.034
455.535,1.035
455.565,1.028
455.595,1.038
455.625,1.049
455.655,1.049
455.685,1.038
455.715,1.021
455.745,1.013
455.775,1.026
455.805,1.005
455.835,1.002
455.865,1.019
455.895,1.007
455.925,1.029
455.955,1.027
455.985,1.043
456.015,1.071
456.045,1.107
456.075,1.076
456.105,1.021
456.135,0.984
456.165,0.997
456.195,0.988
456.225,1.002
456.255,1.005
456.285,1.011
456.315,1.032
456.345,1.024
456.375,1.019
456.405,1.011
456.435,1.021
456.465,1.012
456.495,1.021
456.525,1.037
456.555,1.044
456.585,1.025
456.615,1.038
456.645,1.054
456.675,1.012
456.705,1.039
456.735,0.973
456.765,1.016
456.795,1.017
456.825,1.050
456.855,1.021
456.885,1.046
456.915,1.009
456.945,1.049
456.975,1.070
457.005,1.025
457.035,1.032
457.065,1.032
457.095,0.983
457.125,1.044
457.155,1.029
457.185,1.006
457.215,1.034
457.245,1.021
457.275,1.052
457.305,1.016
457.335,1.049
457.365,1.073
457.395,1.035
457.425,1.041
457.455,1.021
457.485,1.018
457.515,1.032
457.545,1.017
457.575,1.039
457.605,1.034
457.635,1.045
457.665,1.033
457.695,1.037
457.725,1.037
457.755,1.025
457.785,1.029
457.815,1.034
457.845,0.981
457.875,1.024
457.905,1.067
457.935,1.035
457.965,1.009
457.995,1.055
458.025,1.062
458.055,1.028
458.085,1.034
458.115,1.042
458.145,1.037
458.175,1.064
458.205,0.968
458.235,0.923
458.265,1.031
458.295,1.059
458.325,1.087
458.355,1.091
458.385,1.086
458.415,1.097
458.445,1.077
458.475,1.040
458.505,1.028
458.535,1.037
458.565,1.032
458.595,1.005
458.625,1.026
458.655,1.048
458.685,1.045
458.715,1.044
458.745,1.052
458.775,1.054
458.805,1.061
458.835,1.055
458.865,1.046
458.895,1.027
458.925,1.042
458.955,1.039
458.985,1.032
459.015,1.016
459.045,0.986
459.075,0.934
459.105,0.917
459.135,0.961
459.165,1.035
459.195,1.094
459.225,1.097
459.255,1.113
459.285,1.126
459.315,1.113
459.345,1.086
459.375,1.081
459.405,1.067
459.435,1.062
459.465,1.058
459.495,1.069
459.525,1.082
459.555,1.066
459.585,1.057
459.615,1.058
459.645,1.045
459.675,1.045
459.705,1.032
459.735,1.029
459.765,1.042
459.795,1.076
459.825,1.062
459.855,1.050
459.885,1.054
459.915,1.056
459.945,1.048
459.975,1.047
460.005,1.053
460.035,1.042
460.065,1.047
460.095,1.050
460.125,1.046
460.155,1.044
460.185,1.051
460.215,1.045
460.245,1.040
460.275,1.038
460.305,1.049
460.335,1.044
460.365,1.038
460.395,1.046
460.425,1.052
460.455,1.060
460.485,1.064
460.515,1.060
460.545,1.047
460.575,1.054
460.605,1.051
460.635,1.047
460.665,1.048
460.695,1.052
460.725,1.054
460.755,1.052
460.785,1.036
460.815,1.046
460.845,1.045
460.875,1.047
460.905,1.047
460.935,1.054
460.965,1.056
460.995,1.049
461.025,1.046
461.055,1.042
461.085,1.048
461.115,1.052
461.145,1.059
461.175,1.050
461.205,1.049
461.235,1.052
461.265,1.047
461.295,1.053
461.325,1.052
461.355,1.050
461.385,1.051
461.415,1.050
461.445,1.052
461.475,1.049
461.505,1.054
461.535,1.049
461.565,1.052
461.595,1.054
461.625,1.046
461.655,1.047
461.685,1.048
461.715,1.054
461.745,1.039
461.775,1.047
461.805,1.054
461.835,1.051
461.865,1.041
461.895,1.045
461.925,1.050
461.955,1.046
461.985,1.044
462.015,1.057
462.045,1.056
462.075,1.047
462.105,1.042
462.135,1.050
462.165,1.049
462.195,1.047
462.225,1.046
462.255,1.054
462.285,1.057
462.315,1.057
462.345,1.046
462.375,1.049
462.405,1.050
462.435,1.046
462.465,1.056
462.495,1.053
462.525,1.047
462.555,1.046
462.585,1.056
462.615,1.048
462.645,1.051
462.675,1.055
462.705,1.053
462.735,1.053
462.765,1.046
462.795,1.045
462.825,1.051
462.855,1.054
462.885,1.051
462.915,1.051
462.945,1.053
462.975,1.043
463.005,1.047
463.035,1.049
463.065,1.052
463.095,1.051
463.125,1.049
463.155,1.048
463.185,1.052
463.215,1.050
463.245,1.051
463.275,1.056
463.305,1.049
463.335,1.051
463.365,1.056
463.395,1.048
463.425,1.042
463.455,1.043
463.485,1.056
463.515,1.048
463.545,1.051
463.575,1.058
463.605,1.053
463.635,1.046
463.665,1.047
463.695,1.051
463.725,1.050
463.755,1.053
463.785,1.057
463.815,1.049
463.845,1.049
463.875,1.047
463.905,1.051
463.935,1.050
463.965,1.051
463.995,1.048
464.025,1.047
464.055,1.058
464.085,1.054
464.115,1.048
464.145,1.049
464.175,1.058
464.205,1.049
464.235,1.045
464.265,1.056
464.295,1.055
464.325,1.042
464.355,1.039
464.385,1.055
464.415,1.047
464.445,1.046
464.475,1.056
464.505,1.051
464.535,1.049
464.565,1.053
464.595,1.051
464.625,1.048
464.655,1.055
464.685,1.059
464.715,1.053
464.745,1.048
464.775,1.052
464.805,1.052
464.835,1.050
464.865,1.049
464.895,1.052
464.925,1.046
464.955,1.051
464.985,1.049
465.015,1.056
465.045,1.050
465.075,1.056
465.105,1.053
465.135,1.049
465.165,1.048
465.195,1.044
465.225,1.047
465.255,1.049
465.285,1.058
465.315,1.048
465.345,1.049
465.375,1.054
465.405,1.054
465.435,1.050
465.465,1.049
465.495,1.050
465.525,1.053
465.555,1.058
465.585,1.060
465.615,1.053
465.645,1.056
465.675,1.054
465.705,1.057
465.735,1.066
465.765,1.063
465.795,1.051
465.825,1.049
465.855,1.044
465.885,1.055
465.915,1.058
465.945,1.057
465.975,1.054
466.005,1.062
466.035,1.070
466.065,1.057
466.095,1.062
466.125,1.062
466.155,1.043
466.185,1.049
466.215,1.038
466.245,1.021
466.275,1.005
466.305,1.002
466.335,1.004
466.365,1.005
466.395,0.999
466.425,0.994
466.455,0.999
466.485,1.014
466.515,1.014
466.545,1.017
466.575,1.023
466.605,1.024
466.635,1.024
466.665,1.037
466.695,1.036
466.725,1.032
466.755,1.027
466.785,1.028
466.815,1.029
466.845,1.020
466.875,1.026
466.905,1.031
466.935,1.031
466.965,1.029
466.995,1.026
467.025,1.031
467.055,1.027
467.085,1.032
467.115,1.032
467.145,1.036
467.175,1.032
467.205,1.033
467.235,1.031
467.265,1.033
467.295,1.027
467.325,1.025
467.355,1.028
467.385,1.027
467.415,1.028
467.445,1.037
467.475,1.030
467.505,1.031
467.535,1.025
467.565,1.029
467.595,1.028
467.625,1.026
467.655,1.026
467.685,1.032
467.715,1.022
467.745,1.029
467.775,1.029
467.805,1.030
467.835,1.035
467.865,1.033
467.895,1.032
467.925,1.032
467.955,1.027
467.985,1.028
468.015,1.026
468.045,1.032
468.075,1.035
468.105,1.044
468.135,1.028
468.165,1.024
468.195,1.037
468.225,1.033
468.255,1.030
468.285,1.031
468.315,1.031
468.345,1.030
468.375,1.035
468.405,1.034
468.435,1.030
468.465,1.031
468.495,1.033
468.525,1.034
468.555,1.034
468.585,1.030
468.615,1.030
468.645,1.034
468.675,1.031
468.705,1.036
468.735,1.032
468.765,1.040
468.795,1.027
468.825,1.034
468.855,1.032
468.885,1.029
468.915,1.030
468.945,1.032
468.975,1.027
469.005,1.028
469.035,1.038
469.065,1.034
469.095,1.024
469.125,1.035
469.155,1.033
469.185,1.031
469.215,1.032
469.245,1.034
469.275,1.027
469.305,1.033
469.335,1.031
469.365,1.028
469.395,1.034
469.425,1.034
469.455,1.029
469.485,1.029
469.515,1.037
469.545,1.034
469.575,1.028
469.605,1.027
469.635,1.032
469.665,1.030
469.695,1.041
469.725,1.033
469.755,1.030
469.785,1.030
469.815,1.028
469.845,1.035
469.875,1.034
469.905,1.031
469.935,1.032
469.965,1.027
469.995,1.034
470.025,1.032
470.055,1.039
470.085,1.034
470.115,1.030
470.145,1.031
470.175,1.032
470.205,1.033
470.235,1.031
470.265,1.035
470.295,1.039
470.325,1.027
470.355,1.033
470.385,1.031
470.415,1.031
470.445,1.028
470.475,1.032
470.505,1.033
470.535,1.032
470.565,1.031
470.595,1.034
470.625,1.026
470.655,1.040
470.685,1.035
470.715,1.032
470.745,1.023
470.775,1.034
470.805,1.035
470.835,1.034
470.865,1.028
470.895,1.031
470.925,1.027
470.955,1.038
470.985,1.045
471.015,1.046
471.045,1.025
471.075,1.026
471.105,1.026
471.135,1.034
471.165,1.041
471.195,1.037
471.225,1.035
471.255,1.030
471.285,1.030
471.315,1.034
471.345,1.039
471.375,1.031
471.405,1.029
471.435,1.023
471.465,1.030
471.495,1.038
471.525,1.041
471.555,1.032
471.585,1.035
471.615,1.026
471.645,1.027
471.675,1.035
471.705,1.033
471.735,1.028
471.765,1.028
471.795,1.042
471.825,1.029
471.855,1.032
471.885,1.041
471.915,1.035
471.945,1.026
471.975,1.033
472.005,1.033
472.035,1.033
472.065,1.031
472.095,1.034
472.125,1.035
472.155,1.031
472.185,1.032
472.215,1.037
472.245,1.035
472.275,1.030
472.305,1.031
472.335,1.033
472.365,1.029
472.395,1.023
472.425,1.033
472.455,1.025
472.485,1.027
472.515,1.037
472.545,1.038
472.575,1.031
472.605,1.035
472.635,1.042
472.665,1.034
472.695,1.028
472.725,1.041
472.755,1.026
472.785,1.033
472.815,1.030
472.845,1.034
472.875,1.042
472.905,1.034
472.935,1.028
472.965,1.030
472.995,1.039
473.025,1.051
473.055,1.048
473.085,1.055
473.115,1.039
473.145,1.028
473.175,1.031
473.205,1.030
473.235,1.037
473.265,1.016
473.295,1.029
473.325,1.038
473.355,1.043
473.385,1.033
473.415,1.033
473.445,1.034
473.475,1.032
473.505,1.038
473.535,1.038
473.565,1.042
473.595,1.044
473.625,1.036
473.655,1.051
473.685,1.034
473.715,1.032
473.745,1.037
473.775,1.036
473.805,1.035
473.835,1.034
473.865,1.034
473.895,1.035
473.925,1.034
473.955,1.043
473.985,1.042
474.015,1.035
474.045,1.041
474.075,1.042
474.105,1.037
474.135,1.039
474.165,1.038
474.195,1.039
474.225,1.037
474.255,1.040
474.285,1.034
474.315,1.042
474.345,1.043
474.375,1.038
474.405,1.043
474.435,1.043
474.465,1.034
474.495,1.039
474.525,1.050
474.555,1.047
474.585,1.032
474.615,1.031
474.645,1.042
474.675,1.038
474.705,1.031
474.735,1.039
474.765,1.028
474.795,1.020
474.825,1.012
474.855,0.984
474.885,0.977
474.915,1.016
474.945,1.073
474.975,1.095
475.005,1.099
475.035,1.091
475.065,1.079
475.095,1.070
475.125,1.043
475.155,1.018
475.185,1.009
475.215,1.026
475.245,1.038
475.275,1.028
475.305,1.043
475.335,1.050
475.365,1.046
475.395,1.036
475.425,1.039
475.455,1.024
475.485,1.038
475.515,1.041
475.545,1.044
475.575,1.041
475.605,1.043
475.635,1.047
475.665,1.052
475.695,1.053
475.725,1.054
475.755,1.027
475.785,1.034
475.815,1.028
475.845,1.034
475.875,1.039
475.905,1.028
475.935,1.026
475.965,1.033
475.995,1.049
476.025,1.036
476.055,1.013
476.085,1.014
476.115,1.026
476.145,1.019
476.175,1.011
476.205,1.029
476.235,1.037
476.265,1.069
476.295,1.074
476.325,1.085
476.355,1.086
476.385,1.072
476.415,1.058
476.445,1.050
476.475,1.031
476.505,1.023
476.535,1.028
476.565,1.035
476.595,1.045
476.625,1.061
476.655,1.051
476.685,1.049
476.715,1.047
476.745,1.043
476.775,1.051
476.805,1.034
476.835,1.054
476.865,1.016
476.895,1.033
476.925,1.062
476.955,1.048
476.985,1.047
477.015,0.958
477.045,1.063
477.075,1.070
477.105,1.066
477.135,1.205
477.165,1.005
477.195,1.035
477.225,1.088
477.255,0.989
477.285,1.146
477.315,1.024
477.345,1.050
477.375,0.988
477.405,1.124
477.435,0.995
477.465,1.077
477.495,1.001
477.525,1.000
477.555,1.027
477.585,1.011
477.615,1.035
477.645,1.075
477.675,1.040
477.705,1.115
477.735,1.063
477.765,1.061
477.795,1.051
477.825,1.052
477.855,1.060
477.885,1.052
477.915,1.038
477.945,1.000
477.975,1.031
478.005,1.021
478.035,1.039
478.065,1.062
478.095,1.041
478.125,1.030
478.155,1.022
478.185,1.036
478.215,1.021
478.245,1.037
478.275,1.037
478.305,1.038
478.335,1.019
478.365,1.038
478.395,1.092
478.425,1.016
478.455,1.047
478.485,1.031
478.515,1.063
478.545,1.046
478.575,1.058
478.605,1.036
478.635,0.989
478.665,1.032
478.695,1.074
478.725,1.025
478.755,1.021
478.785,1.031
478.815,1.025
478.845,1.000
478.875,1.039
478.905,1.042
478.935,1.049
478.965,1.040
478.995,1.027
479.025,1.023
479.055,1.031
479.085,1.026
479.115,1.015
479.145,1.021
479.175,1.035
479.205,1.021
479.235,1.010
479.265,1.040
479.295,1.018
479.325,1.021
479.355,1.019
479.385,1.044
479.415,1.049
479.445,1.012
479.475,1.001
479.505,1.017
479.535,1.018
479.565,1.015
479.595,1.037
479.625,1.041
479.655,1.038
479.685,1.013
479.715,1.006
479.745,0.997
479.775,0.984
479.805,1.020
479.835,1.033
479.865,1.021
479.895,1.003
479.925,1.021
479.955,1.039
479.985,1.026
480.015,1.008
480.045,1.033
480.075,1.039
480.105,0.960
480.135,1.013
480.165,1.037
480.195,0.948
480.225,1.013
480.255,1.009
480.285,0.993
480.315,0.978
480.345,1.015
480.375,1.061
480.405,0.970
480.435,1.035
480.465,1.028
480.495,1.007
480.525,0.957
480.555,1.006
480.585,1.032
480.615,0.997
480.645,1.029
480.675,1.018
480.705,0.967
480.735,1.006
480.765,1.020
480.795,1.034
480.825,1.023
480.855,0.921
480.885,1.390
480.915,0.896
480.945,0.901
480.975,1.003
481.005,1.033
481.035,0.986
481.065,0.991
481.095,1.054
481.125,1.018
481.155,0.974
481.185,1.085
481.215,1.000
481.245,0.955
481.275,1.018
481.305,1.071
481.335,0.987
481.365,0.940
481.395,1.020
481.425,1.049
481.455,0.999
481.485,0.956
481.515,1.032
481.545,1.013
481.575,0.992
481.605,1.010
481.635,0.982
481.665,0.985
481.695,1.011
481.725,0.988
481.755,1.031
481.785,0.956
481.815,1.032
481.845,0.966
481.875,1.034
481.905,1.009
481.935,1.005
481.965,1.002
481.995,1.023
482.025,1.031
482.055,1.039
482.085,1.035
482.115,0.996
482.145,0.999
482.175,1.060
482.205,1.027
482.235,0.977
482.265,1.051
482.295,1.063
482.325,1.000
482.355,1.057
482.385,1.010
482.415,1.034
482.445,0.998
482.475,1.019
482.505,1.012
482.535,1.014
482.565,1.010
482.595,0.998
482.625,1.023
482.655,0.992
482.685,1.044
482.715,1.061
482.745,1.007
482.775,0.964
482.805,1.011
482.835,0.996
482.865,1.067
482.895,1.004
482.925,0.921
482.955,0.999
482.985,1.005
483.015,0.913
483.045,1.094
483.075,0.946
483.105,0.940
483.135,0.972
483.165,0.896
483.195,0.998
483.225,0.868
483.255,0.810
483.285,0.800
483.315,0.784
483.345,0.932
483.375,0.726
483.405,0.898
483.435,1.318
483.465,1.146
483.495,1.151
483.525,1.463
483.555,1.186
483.585,1.210
483.615,1.240
483.645,1.373
483.675,1.183
483.705,0.973
483.735,1.740
483.765,1.276
483.795,0.656
483.825,0.831
483.855,0.889
483.885,1.330
483.915,1.119
483.945,0.865
483.975,1.062
484.005,1.136
484.035,0.847
484.065,1.045
484.095,1.062
484.125,1.026
484.155,1.084
484.185,1.117
484.215,1.119
484.245,0.930
484.275,1.004
484.305,1.093
484.335,0.940
484.365,1.097
484.395,1.075
484.425,0.907
484.455,1.057
484.485,1.128
484.515,0.989
484.545,0.963
484.575,1.042
484.605,1.016
484.635,1.119
484.665,0.992
484.695,0.914
484.725,1.062
484.755,1.191
484.785,0.989
484.815,0.896
484.845,1.089
484.875,1.138
484.905,1.000
484.935,0.887
484.965,0.956
484.995,1.003
485.025,1.019
485.055,0.997
485.085,1.020
485.115,1.118
485.145,1.147
485.175,1.061
485.205,0.924
485.235,1.037
485.265,1.183
485.295,1.088
485.325,0.993
485.355,0.909
485.385,1.081
485.415,1.087
485.445,1.216
485.475,1.015
485.505,0.826
485.535,1.180
485.565,1.007
485.595,0.946
485.625,1.050
485.655,1.149
485.685,1.050
485.715,0.976
485.745,1.083
485.775,1.112
485.805,0.974
485.835,1.046
485.865,1.026
485.895,1.081
485.925,1.038
485.955,1.050
485.985,1.034
486.015,1.040
486.045,1.027
486.075,1.096
486.105,1.010
486.135,1.002
486.165,1.014
486.195,1.051
486.225,1.083
486.255,0.994
486.285,0.948
486.315,1.105
486.345,1.076
486.375,1.027
486.405,0.929
486.435,1.146
486.465,1.001
486.495,1.109
486.525,1.155
486.555,1.020
486.585,0.951
486.615,1.095
486.645,0.968
486.675,1.015
486.705,1.039
486.735,1.041
486.765,1.041
486.795,1.054
486.825,1.056
486.855,0.992
486.885,1.059
486.915,1.046
486.945,1.130
486.975,1.007
487.005,1.044
487.035,1.012
487.065,1.051
487.095,0.980
487.125,1.168
487.155,0.953
487.185,1.126
487.215,1.043
487.245,1.016
487.275,1.385
487.305,1.048
487.335,1.050
487.365,1.022
487.395,1.087
487.425,1.081
487.455,1.093
487.485,1.061
487.515,1.020
487.545,1.052
487.575,0.961
487.605,1.069
487.635,1.128
487.665,1.143
487.695,0.802
487.725,1.354
487.755,0.969
487.785,1.019
487.815,1.225
487.845,1.064
487.875,1.029
487.905,0.998
487.935,1.014
487.965,1.033
487.995,1.015
488.025,1.031
488.055,1.078
488.085,1.036
488.115,0.787
488.145,1.210
488.175,1.112
488.205,1.043
488.235,1.004
488.265,1.058
488.295,1.262
488.325,0.958
488.355,1.228
488.385,0.991
488.415,1.055
488.445,1.066
488.475,1.086
488.505,1.025
488.535,1.034
488.565,1.042
488.595,1.057
488.625,1.062
488.655,1.018
488.685,0.965
488.715,1.080
488.745,1.004
488.775,1.082
488.805,1.025
488.835,1.067
488.865,1.021
488.895,1.105
488.925,1.038
488.955,0.999
488.985,1.044
489.015,1.024
489.045,1.000
489.075,1.047
489.105,1.006
489.135,1.013
489.165,0.988
489.195,1.090
489.225,1.130
489.255,1.030
489.285,1.046
489.315,1.031
489.345,1.042
489.375,1.046
489.405,1.024
489.435,1.103
489.465,0.994
489.495,1.006
489.525,1.002
489.555,1.057
489.585,1.034
489.615,1.030
489.645,1.096
489.675,1.023
489.705,1.037
489.735,1.017
489.765,1.149
489.795,1.035
489.825,1.024
489.855,1.050
489.885,1.034
489.915,1.047
489.945,1.017
489.975,0.997
490.005,1.058
490.035,1.050
490.065,1.035
490.095,1.071
490.125,1.009
490.155,1.054
490.185,1.018
490.215,0.942
490.245,1.243
490.275,1.232
490.305,0.998
490.335,1.026
490.365,1.176
490.395,1.050
490.425,1.105
490.455,1.008
490.485,1.110
490.515,0.995
490.545,1.063
490.575,1.035
490.605,1.321
490.635,0.950
490.665,1.169
490.695,1.172
490.725,1.132
490.755,0.990
490.785,1.011
490.815,1.072
490.845,0.995
490.875,1.098
490.905,1.178
490.935,1.149
490.965,0.989
490.995,1.131
491.025,1.198
491.055,1.159
491.085,1.214
