df_hash,22ZHK4.CSFR2S
device,HZ2X61
project_hash,29R7
project_name,istanbul_aydin_university
person_hash,29R7.1ZQF
person_label,v129
date_time_start,2026-04-07_17-41-22.154000_+03
date_time_start_unix,1775565682.154
date_time_end,2026-04-07_17-49-40.004000_+03
length_difference_noticed,no

time,ppg_med
5.448,591
5.473,679
5.498,820
5.523,895
5.548,866
5.573,835
5.598,916
5.623,1064
5.648,1121
5.673,1029
5.698,932
5.723,983
5.748,1120
5.773,1129
5.798,932
5.823,724
5.848,713
5.873,816
5.898,742
5.923,392
5.948,27
5.973,-76
5.998,-28
6.023,-212
6.048,-756
6.073,-1316
6.098,-1527
6.123,-1536
6.148,-1838
6.173,-2595
6.198,-3361
6.223,-3665
6.248,-3694
6.273,-4083
6.298,-5038
6.323,-5983
6.348,-6318
6.373,-6282
6.398,-6682
6.423,-7770
6.448,-8819
6.473,-9074
6.498,-8833
6.523,-9111
6.548,-10224
6.573,-11258
6.598,-11268
6.623,-10629
6.648,-10610
6.673,-11603
6.698,-12470
6.723,-12032
6.748,-10762
6.773,-10239
6.798,-10958
6.823,-11502
6.848,-10399
6.873,-8241
6.898,-7007
6.923,-7323
6.948,-7417
6.973,-5442
6.998,-2140
7.023,-12
7.048,134
7.073,538
7.098,3556
7.123,8252
7.148,11404
7.173,11943
7.198,12757
7.223,16944
7.248,23305
7.273,27552
7.298,28188
7.323,29089
7.348,32767
7.373,32767
7.398,32767
7.423,32767
7.448,32767
7.473,32767
7.498,32767
7.523,32767
7.548,32767
7.573,32767
7.598,32767
7.623,32767
7.648,32767
7.673,32767
7.698,15725
7.723,-32768
7.748,-32768
7.773,-32768
7.798,-32768
7.823,-32768
7.848,-32768
7.873,-32768
7.898,-32768
7.923,-32768
7.948,-32768
7.973,-32768
7.998,-32768
8.023,-32768
8.048,-32768
8.073,-30072
8.098,-27580
8.123,-27474
8.148,-24782
8.173,-18736
8.198,-13247
8.223,-11299
8.248,-11178
8.273,-9227
8.298,-4820
8.323,-872
8.348,324
8.373,40
8.398,1102
8.423,4054
8.448,6688
8.473,7230
8.498,6653
8.523,7145
8.548,9127
8.573,10871
8.598,11001
8.623,10302
8.648,10487
8.673,11824
8.698,12868
8.723,12496
8.748,11366
8.773,10906
8.798,11378
8.823,11657
8.848,10866
8.873,9556
8.898,8874
8.923,9006
8.948,9013
8.973,8167
8.998,6907
9.023,6166
9.048,6093
9.073,5911
9.098,5009
9.123,3730
9.148,2857
9.173,2585
9.198,2377
9.223,1792
9.248,1089
9.273,827
9.298,1084
9.323,1369
9.348,1290
9.373,1028
9.398,1012
9.423,1303
9.448,1528
9.473,1399
9.498,1080
9.523,929
9.548,1007
9.573,1029
9.598,764
9.623,338
9.648,47
9.673,-14
9.698,-29
9.723,-173
9.748,-402
9.773,-554
9.798,-597
9.823,-647
9.848,-778
9.873,-885
9.898,-818
9.923,-577
9.948,-322
9.973,-184
9.998,-135
10.023,-65
10.048,37
10.073,63
10.098,-79
10.123,-337
10.148,-552
10.173,-617
10.198,-552
10.223,-435
10.248,-305
10.273,-174
10.298,-95
10.323,-43
10.348,-1
10.373,34
10.398,53
10.423,38
10.448,-15
10.473,-80
10.498,-109
10.523,-70
10.548,22
10.573,118
10.598,166
10.623,163
10.648,144
10.673,149
10.698,185
10.723,236
10.748,288
10.773,349
10.798,430
10.823,514
10.848,548
10.873,473
10.898,272
10.923,-8
10.948,-273
10.973,-428
10.998,-430
11.023,-317
11.048,-176
11.073,-84
11.098,-53
11.123,-36
11.148,26
11.173,139
11.198,251
11.223,305
11.248,296
11.273,274
11.298,296
11.323,369
11.348,455
11.373,509
11.398,525
11.423,530
11.448,547
11.473,570
11.498,576
11.523,555
11.548,525
11.573,506
11.598,499
11.623,486
11.648,452
11.673,408
11.698,378
11.723,367
11.748,339
11.773,245
11.798,70
11.823,-134
11.848,-276
11.873,-284
11.898,-150
11.923,74
11.948,321
11.973,551
11.998,763
12.023,962
12.048,1133
12.073,1235
12.098,1233
12.123,1122
12.148,942
12.173,754
12.198,609
12.223,515
12.248,442
12.273,348
12.298,215
12.323,63
12.348,-73
12.373,-184
12.398,-291
12.423,-429
12.448,-602
12.473,-771
12.498,-876
12.523,-872
12.548,-759
12.573,-572
12.598,-364
12.623,-179
12.648,-41
12.673,41
12.698,67
12.723,34
12.748,-58
12.773,-190
12.798,-313
12.823,-370
12.848,-337
12.873,-239
12.898,-131
12.923,-38
12.948,58
12.973,195
12.998,375
13.023,559
13.048,709
13.073,826
13.098,929
13.123,1008
13.148,1011
13.173,897
13.198,699
13.223,511
13.248,404
13.273,359
13.298,310
13.323,230
13.348,184
13.373,251
13.398,421
13.423,573
13.448,578
13.473,424
13.498,223
13.523,109
13.548,117
13.573,174
13.598,188
13.623,138
13.648,83
13.673,86
13.698,150
13.723,227
13.748,269
13.773,274
13.798,279
13.823,315
13.848,376
13.873,420
13.898,405
13.923,323
13.948,196
13.973,61
13.998,-48
14.023,-112
14.048,-112
14.073,-35
14.098,101
14.123,247
14.148,330
14.173,306
14.198,195
14.223,65
14.248,-12
14.273,-11
14.298,47
14.323,132
14.348,219
14.373,305
14.398,390
14.423,462
14.448,503
14.473,491
14.498,414
14.523,281
14.548,129
14.573,9
14.598,-46
14.623,-45
14.648,-23
14.673,-8
14.698,3
14.723,30
14.748,72
14.773,100
14.798,93
14.823,71
14.848,85
14.873,169
14.898,304
14.923,436
14.948,529
14.973,591
14.998,650
15.023,708
15.048,737
15.073,715
15.098,660
15.123,615
15.148,605
15.173,618
15.198,620
15.223,588
15.248,528
15.273,454
15.298,370
15.323,275
15.348,171
15.373,71
15.398,-9
15.423,-64
15.448,-92
15.473,-93
15.498,-66
15.523,-16
15.548,39
15.573,83
15.598,112
15.623,135
15.648,163
15.673,186
15.698,181
15.723,135
15.748,60
15.773,-9
15.798,-52
15.823,-67
15.848,-77
15.873,-97
15.898,-122
15.923,-137
15.948,-138
15.973,-142
15.998,-164
16.023,-191
16.048,-179
16.073,-96
16.098,48
16.123,203
16.148,317
16.173,374
16.198,396
16.223,409
16.248,415
16.273,402
16.298,368
16.323,338
16.348,340
16.373,378
16.398,431
16.423,469
16.448,481
16.473,468
16.498,434
16.523,383
16.548,314
16.573,234
16.598,151
16.623,81
16.648,45
16.673,72
16.698,177
16.723,340
16.748,504
16.773,606
16.798,621
16.823,577
16.848,523
16.873,488
16.898,467
16.923,442
16.948,410
16.973,380
16.998,358
17.023,338
17.048,308
17.073,269
17.098,231
17.123,198
17.148,166
17.173,134
17.198,111
17.223,110
17.248,123
17.273,111
17.298,39
17.323,-91
17.348,-229
17.373,-314
17.398,-317
17.423,-262
17.448,-186
17.473,-108
17.498,-15
17.523,108
17.548,248
17.573,366
17.598,426
17.623,431
17.648,416
17.673,415
17.698,431
17.723,439
17.748,418
17.773,366
17.798,298
17.823,227
17.848,154
17.873,77
17.898,6
17.923,-49
17.948,-93
17.973,-139
17.998,-191
18.023,-223
18.048,-194
18.073,-94
18.098,41
18.123,157
18.148,220
18.173,249
18.198,280
18.223,327
18.248,375
18.273,407
18.298,425
18.323,448
18.348,483
18.373,522
18.398,550
18.423,567
18.448,586
18.473,614
18.498,654
18.523,704
18.548,760
18.573,808
18.598,817
18.623,766
18.648,669
18.673,576
18.698,530
18.723,528
18.748,530
18.773,501
18.798,445
18.823,390
18.848,348
18.873,312
18.898,276
18.923,255
18.948,267
18.973,302
18.998,320
19.023,298
19.048,255
19.073,232
19.098,246
19.123,272
19.148,273
19.173,233
19.198,161
19.223,58
19.248,-81
19.273,-237
19.298,-354
19.323,-379
19.348,-318
19.373,-240
19.398,-214
19.423,-248
19.448,-295
19.473,-321
19.498,-333
19.523,-351
19.548,-348
19.573,-270
19.598,-103
19.623,82
19.648,179
19.673,141
19.698,26
19.723,-54
19.748,-34
19.773,68
19.798,182
19.823,234
19.848,190
19.873,63
19.898,-84
19.923,-173
19.948,-151
19.973,-51
19.998,27
20.023,-3
20.048,-130
20.073,-247
20.098,-252
20.123,-146
20.148,-26
20.173,17
20.198,-11
20.223,-27
20.248,50
20.273,221
20.298,411
20.323,547
20.348,610
20.373,631
20.398,642
20.423,644
20.448,618
20.473,567
20.498,530
20.523,562
20.548,679
20.573,838
20.598,974
20.623,1059
20.648,1120
20.673,1195
20.698,1265
20.723,1255
20.748,1117
20.773,899
20.798,720
20.823,653
20.848,658
20.873,623
20.898,492
20.923,313
20.948,168
20.973,64
20.998,-68
21.023,-279
21.048,-504
21.073,-617
21.098,-552
21.123,-365
21.148,-165
21.173,-5
21.198,143
21.223,310
21.248,460
21.273,523
21.298,485
21.323,410
21.348,377
21.373,395
21.398,409
21.423,376
21.448,310
21.473,259
21.498,243
21.523,234
21.548,209
21.573,180
21.598,182
21.623,229
21.648,295
21.673,337
21.698,327
21.723,267
21.748,174
21.773,74
21.798,-2
21.823,-43
21.848,-71
21.873,-129
21.898,-235
21.923,-343
21.948,-373
21.973,-274
21.998,-82
22.023,108
22.048,215
22.073,210
22.098,114
22.123,-33
22.148,-183
22.173,-277
22.198,-265
22.223,-141
22.248,40
22.273,206
22.298,313
22.323,366
22.348,382
22.373,364
22.398,323
22.423,306
22.448,373
22.473,525
22.498,663
22.523,657
22.548,462
22.573,161
22.598,-104
22.623,-266
22.648,-355
22.673,-423
22.698,-446
22.723,-345
22.748,-80
22.773,272
22.798,573
22.823,739
22.848,800
22.873,853
22.898,950
22.923,1058
22.948,1108
22.973,1064
22.998,946
23.023,803
23.048,674
23.073,575
23.098,503
23.123,444
23.148,374
23.173,276
23.198,168
23.223,100
23.248,115
23.273,206
23.298,312
23.323,367
23.348,346
23.373,273
23.398,181
23.423,76
23.448,-62
23.473,-249
23.498,-462
23.523,-645
23.548,-736
23.573,-710
23.598,-592
23.623,-452
23.648,-361
23.673,-340
23.698,-343
23.723,-290
23.748,-135
23.773,92
23.798,311
23.823,458
23.848,528
23.873,560
23.898,584
23.923,592
23.948,560
23.973,485
23.998,392
24.023,307
24.048,227
24.073,135
24.098,25
24.123,-84
24.148,-174
24.173,-242
24.198,-294
24.223,-321
24.248,-288
24.273,-163
24.298,51
24.323,317
24.348,582
24.373,811
24.398,987
24.423,1103
24.448,1157
24.473,1153
24.498,1106
24.523,1027
24.548,916
24.573,770
24.598,596
24.623,421
24.648,268
24.673,132
24.698,-5
24.723,-144
24.748,-249
24.773,-270
24.798,-186
24.823,-32
24.848,131
24.873,266
24.898,366
24.923,445
24.948,506
24.973,540
24.998,548
25.023,548
25.048,559
25.073,579
25.098,586
25.123,557
25.148,490
25.173,397
25.198,285
25.223,155
25.248,11
25.273,-118
25.298,-190
25.323,-180
25.348,-99
25.373,6
25.398,97
25.423,156
25.448,189
25.473,205
25.498,202
25.523,173
25.548,126
25.573,75
25.598,29
25.623,-15
25.648,-68
25.673,-128
25.698,-178
25.723,-207
25.748,-222
25.773,-243
25.798,-272
25.823,-280
25.848,-225
25.873,-94
25.898,80
25.923,245
25.948,362
25.973,424
25.998,445
26.023,435
26.048,392
26.073,321
26.098,239
26.123,170
26.148,126
26.173,109
26.198,118
26.223,155
26.248,219
26.273,293
26.298,353
26.323,385
26.348,399
26.373,422
26.398,476
26.423,565
26.448,675
26.473,782
26.498,857
26.523,877
26.548,839
26.573,766
26.598,694
26.623,650
26.648,635
26.673,631
26.698,617
26.723,579
26.748,498
26.773,349
26.798,126
26.823,-144
26.848,-403
26.873,-602
26.898,-728
26.923,-796
26.948,-805
26.973,-731
26.998,-561
27.023,-330
27.048,-115
27.073,18
27.098,72
27.123,105
27.148,177
27.173,302
27.198,452
27.223,593
27.248,706
27.273,780
27.298,797
27.323,738
27.348,608
27.373,430
27.398,236
27.423,50
27.448,-100
27.473,-181
27.498,-158
27.523,-33
27.548,140
27.573,295
27.598,387
27.623,424
27.648,432
27.673,427
27.698,405
27.723,365
27.748,325
27.773,301
27.798,292
27.823,276
27.848,234
27.873,172
27.898,114
27.923,70
27.948,31
27.973,-15
27.998,-62
28.023,-81
28.048,-47
28.073,39
28.098,152
28.123,259
28.148,340
28.173,392
28.198,420
28.223,428
28.248,419
28.273,399
28.298,371
28.323,333
28.348,283
28.373,218
28.398,147
28.423,83
28.448,35
28.473,1
28.498,-31
28.523,-71
28.548,-106
28.573,-110
28.598,-56
28.623,53
28.648,192
28.673,319
28.698,415
28.723,481
28.748,525
28.773,548
28.798,545
28.823,522
28.848,495
28.873,483
28.898,484
28.923,478
28.948,452
28.973,409
28.998,362
29.023,315
29.048,253
29.073,166
29.098,68
29.123,-1
29.148,-11
29.173,36
29.198,105
29.223,151
29.248,157
29.273,134
29.298,105
29.323,87
29.348,79
29.373,70
29.398,59
29.423,54
29.448,69
29.473,110
29.498,161
29.523,200
29.548,217
29.573,220
29.598,220
29.623,215
29.648,187
29.673,126
29.698,63
29.723,52
29.748,129
29.773,273
29.798,419
29.823,511
29.848,544
29.873,551
29.898,559
29.923,565
29.948,548
29.973,504
29.998,452
30.023,415
30.048,391
30.073,364
30.098,324
30.123,278
30.148,236
30.173,195
30.198,150
30.223,107
30.248,83
30.273,81
30.298,77
30.323,39
30.348,-33
30.373,-96
30.398,-94
30.423,-11
30.448,116
30.473,236
30.498,321
30.523,375
30.548,415
30.573,443
30.598,450
30.623,433
30.648,404
30.673,378
30.698,358
30.723,338
30.748,304
30.773,253
30.798,189
30.823,121
30.848,59
30.873,1
30.898,-64
30.923,-155
30.948,-270
30.973,-377
30.998,-425
31.023,-386
31.048,-282
31.073,-174
31.098,-110
31.123,-93
31.148,-84
31.173,-45
31.198,27
31.223,114
31.248,199
31.273,285
31.298,379
31.323,479
31.348,565
31.373,626
31.398,666
31.423,694
31.448,703
31.473,668
31.498,571
31.523,420
31.548,253
31.573,120
31.598,52
31.623,54
31.648,109
31.673,190
31.698,271
31.723,339
31.748,389
31.773,421
31.798,439
31.823,443
31.848,440
31.873,434
31.898,430
31.923,421
31.948,390
31.973,331
31.998,255
32.023,194
32.048,171
32.073,177
32.098,176
32.123,131
32.148,37
32.173,-65
32.198,-119
32.223,-86
32.248,22
32.273,165
32.298,295
32.323,385
32.348,437
32.373,465
32.398,477
32.423,475
32.448,460
32.473,435
32.498,403
32.523,363
32.548,311
32.573,253
32.598,207
32.623,193
32.648,207
32.673,219
32.698,188
32.723,98
32.748,-18
32.773,-104
32.798,-117
32.823,-62
32.848,18
32.873,90
32.898,153
32.923,226
32.948,318
32.973,406
32.998,458
33.023,470
33.048,467
33.073,472
33.098,476
33.123,439
33.148,338
33.173,193
33.198,56
33.223,-42
33.248,-119
33.273,-204
33.298,-291
33.323,-328
33.348,-263
33.373,-103
33.398,85
33.423,233
33.448,318
33.473,370
33.498,417
33.523,452
33.548,449
33.573,409
33.598,363
33.623,346
33.648,356
33.673,359
33.698,334
33.723,292
33.748,254
33.773,215
33.798,149
33.823,43
33.848,-65
33.873,-116
33.898,-83
33.923,0
33.948,77
33.973,120
33.998,151
34.023,199
34.048,264
34.073,314
34.098,330
34.123,333
34.148,361
34.173,423
34.198,488
34.223,516
34.248,499
34.273,455
34.298,395
34.323,299
34.348,140
34.373,-69
34.398,-265
34.423,-365
34.448,-333
34.473,-200
34.498,-42
34.523,79
34.548,148
34.573,189
34.598,227
34.623,273
34.648,318
34.673,355
34.698,387
34.723,413
34.748,421
34.773,398
34.798,342
34.823,276
34.848,228
34.873,207
34.898,188
34.923,139
34.948,59
34.973,-14
34.998,-28
35.023,39
35.048,174
35.073,334
35.098,486
35.123,618
35.148,736
35.173,842
35.198,934
35.223,998
35.248,1009
35.273,938
35.298,775
35.323,547
35.348,316
35.373,144
35.398,48
35.423,-3
35.448,-53
35.473,-118
35.498,-184
35.523,-243
35.548,-307
35.573,-390
35.598,-476
35.623,-509
35.648,-438
35.673,-269
35.698,-61
35.723,115
35.748,233
35.773,307
35.798,364
35.823,410
35.848,430
35.873,418
35.898,391
35.923,375
35.948,377
35.973,381
35.998,362
36.023,318
36.048,264
36.073,220
36.098,182
36.123,131
36.148,56
36.173,-27
36.198,-78
36.223,-59
36.248,28
36.273,148
36.298,256
36.323,330
36.348,378
36.373,419
36.398,453
36.423,468
36.448,453
36.473,417
36.498,382
36.523,361
36.548,349
36.573,328
36.598,291
36.623,243
36.648,193
36.673,145
36.698,99
36.723,56
36.748,18
36.773,-20
36.798,-70
36.823,-130
36.848,-178
36.873,-178
36.898,-111
36.923,3
36.948,120
36.973,202
36.998,248
37.023,284
37.048,332
37.073,385
37.098,423
37.123,434
37.148,428
37.173,426
37.198,433
37.223,437
37.248,422
37.273,387
37.298,344
37.323,302
37.348,257
37.373,202
37.398,140
37.423,80
37.448,24
37.473,-34
37.498,-105
37.523,-181
37.548,-230
37.573,-220
37.598,-146
37.623,-32
37.648,83
37.673,181
37.698,263
37.723,339
37.748,412
37.773,470
37.798,507
37.823,523
37.848,533
37.873,546
37.898,564
37.923,580
37.948,584
37.973,574
37.998,561
38.023,562
38.048,590
38.073,637
38.098,674
38.123,669
38.148,620
38.173,560
38.198,531
38.223,547
38.248,582
38.273,591
38.298,554
38.323,487
38.348,419
38.373,362
38.398,300
38.423,211
38.448,91
38.473,-42
38.498,-169
38.523,-280
38.548,-380
38.573,-474
38.598,-562
38.623,-640
38.648,-708
38.673,-775
38.698,-852
38.723,-940
38.748,-1020
38.773,-1056
38.798,-1011
38.823,-867
38.848,-642
38.873,-379
38.898,-125
38.923,95
38.948,284
38.973,446
38.998,580
39.023,676
39.048,736
39.073,779
39.098,823
39.123,875
39.148,919
39.173,941
39.198,942
39.223,933
39.248,922
39.273,905
39.298,872
39.323,823
39.348,769
39.373,717
39.398,662
39.423,587
39.448,488
39.473,380
39.498,293
39.523,249
39.548,252
39.573,282
39.598,318
39.623,348
39.648,374
39.673,405
39.698,440
39.723,466
39.748,465
39.773,436
39.798,387
39.823,332
39.848,274
39.873,205
39.898,127
39.923,51
39.948,-11
39.973,-64
39.998,-124
40.023,-198
40.048,-264
40.073,-294
40.098,-294
40.123,-316
40.148,-422
40.173,-616
40.198,-819
40.223,-919
40.248,-845
40.273,-605
40.298,-258
40.323,136
40.348,530
40.373,864
40.398,1064
40.423,1085
40.448,958
40.473,788
40.498,674
40.523,643
40.548,644
40.573,619
40.598,554
40.623,471
40.648,384
40.673,276
40.698,129
40.723,-35
40.748,-174
40.773,-259
40.798,-306
40.823,-342
40.848,-364
40.873,-338
40.898,-248
40.923,-125
40.948,-23
40.973,39
40.998,90
41.023,167
41.048,260
41.073,323
41.098,325
41.123,292
41.148,281
41.173,326
41.198,414
41.223,515
41.248,615
41.273,712
41.298,790
41.323,810
41.348,754
41.373,647
41.398,546
41.423,472
41.448,388
41.473,243
41.498,42
41.523,-138
41.548,-216
41.573,-173
41.598,-61
41.623,56
41.648,158
41.673,260
41.698,370
41.723,471
41.748,551
41.773,633
41.798,749
41.823,892
41.848,997
41.873,992
41.898,869
41.923,692
41.948,536
41.973,422
41.998,313
42.023,178
42.048,34
42.073,-64
42.098,-87
42.123,-48
42.148,7
42.173,51
42.198,78
42.223,100
42.248,122
42.273,138
42.298,142
42.323,125
42.348,80
42.373,6
42.398,-76
42.423,-138
42.448,-167
42.473,-186
42.498,-232
42.523,-322
42.548,-430
42.573,-515
42.598,-541
42.623,-481
42.648,-321
42.673,-73
42.698,186
42.723,321
42.748,220
42.773,-104
42.798,-497
42.823,-757
42.848,-757
42.873,-489
42.898,-10
42.923,612
42.948,1280
42.973,1826
42.998,2061
43.023,1908
43.048,1499
43.073,1089
43.098,863
43.123,794
43.148,716
43.173,505
43.198,199
43.223,-67
43.248,-202
43.273,-226
43.298,-220
43.323,-238
43.348,-278
43.373,-321
43.398,-358
43.423,-376
43.448,-352
43.473,-279
43.498,-193
43.523,-158
43.548,-205
43.573,-305
43.598,-401
43.623,-455
43.648,-458
43.673,-393
43.698,-224
43.723,49
43.748,353
43.773,563
43.798,610
43.823,537
43.848,459
43.873,446
43.898,478
43.923,489
43.948,459
43.973,429
43.998,448
44.023,517
44.048,587
44.073,618
44.098,605
44.123,566
44.148,514
44.173,463
44.198,435
44.223,450
44.248,496
44.273,531
44.298,524
44.323,491
44.348,479
44.373,514
44.398,567
44.423,589
44.448,570
44.473,549
44.498,562
44.523,592
44.548,575
44.573,470
44.598,297
44.623,119
44.648,-18
44.673,-118
44.698,-202
44.723,-270
44.748,-295
44.773,-255
44.798,-167
44.823,-77
44.848,-22
44.873,-5
44.898,-1
44.923,8
44.948,30
44.973,54
44.998,78
45.023,108
45.048,151
45.073,207
45.098,265
45.123,313
45.148,339
45.173,335
45.198,300
45.223,244
45.248,186
45.273,134
45.298,71
45.323,-30
45.348,-186
45.373,-356
45.398,-460
45.423,-428
45.448,-257
45.473,-22
45.498,177
45.523,286
45.548,322
45.573,348
45.598,408
45.623,508
45.648,622
45.673,728
45.698,817
45.723,873
45.748,875
45.773,801
45.798,657
45.823,473
45.848,287
45.873,125
45.898,-6
45.923,-112
45.948,-194
45.973,-252
45.998,-289
46.023,-298
46.048,-271
46.073,-195
46.098,-75
46.123,64
46.148,191
46.173,282
46.198,331
46.223,346
46.248,336
46.273,319
46.298,307
46.323,308
46.348,309
46.373,286
46.398,230
46.423,157
46.448,95
46.473,52
46.498,6
46.523,-69
46.548,-163
46.573,-226
46.598,-212
46.623,-123
46.648,-3
46.673,105
46.698,200
46.723,309
46.748,441
46.773,567
46.798,642
46.823,651
46.848,622
46.873,594
46.898,585
46.923,579
46.948,550
46.973,489
46.998,405
47.023,315
47.048,224
47.073,130
47.098,31
47.123,-67
47.148,-149
47.173,-188
47.198,-164
47.223,-76
47.248,48
47.273,169
47.298,264
47.323,342
47.348,426
47.373,526
47.398,620
47.423,676
47.448,678
47.473,637
47.498,577
47.523,511
47.548,437
47.573,344
47.598,228
47.623,95
47.648,-38
47.673,-153
47.698,-231
47.723,-273
47.748,-294
47.773,-315
47.798,-341
47.823,-359
47.848,-356
47.873,-339
47.898,-331
47.923,-343
47.948,-353
47.973,-322
47.998,-231
48.023,-98
48.048,35
48.073,143
48.098,225
48.123,298
48.148,368
48.173,434
48.198,495
48.223,556
48.248,620
48.273,674
48.298,694
48.323,669
48.348,613
48.373,562
48.398,553
48.423,597
48.448,678
48.473,759
48.498,803
48.523,791
48.548,721
48.573,609
48.598,468
48.623,308
48.648,144
48.673,6
48.698,-67
48.723,-56
48.748,22
48.773,121
48.798,198
48.823,241
48.848,266
48.873,290
48.898,311
48.923,314
48.948,299
48.973,279
48.998,273
49.023,280
49.048,284
49.073,268
49.098,226
49.123,166
49.148,94
49.173,19
49.198,-51
49.223,-109
49.248,-153
49.273,-193
49.298,-235
49.323,-269
49.348,-268
49.373,-209
49.398,-100
49.423,23
49.448,127
49.473,199
49.498,251
49.523,295
49.548,329
49.573,346
49.598,342
49.623,329
49.648,318
49.673,309
49.698,290
49.723,255
49.748,209
49.773,168
49.798,137
49.823,112
49.848,84
49.873,51
49.898,23
49.923,4
49.948,-14
49.973,-44
49.998,-86
50.023,-114
50.048,-91
50.073,3
50.098,151
50.123,304
50.148,417
50.173,478
50.198,509
50.223,537
50.248,568
50.273,591
50.298,599
50.323,605
50.348,628
50.373,660
50.398,668
50.423,616
50.448,508
50.473,389
50.498,300
50.523,234
50.548,140
50.573,-25
50.598,-245
50.623,-447
50.648,-558
50.673,-560
50.698,-496
50.723,-418
50.748,-347
50.773,-265
50.798,-146
50.823,9
50.848,177
50.873,331
50.898,458
50.923,556
50.948,625
50.973,664
50.998,676
51.023,670
51.048,663
51.073,659
51.098,651
51.123,632
51.148,597
51.173,554
51.198,509
51.223,461
51.248,405
51.273,342
51.298,282
51.323,239
51.348,207
51.373,151
51.398,28
51.423,-177
51.448,-421
51.473,-611
51.498,-661
51.523,-547
51.548,-320
51.573,-68
51.598,144
51.623,302
51.648,412
51.673,476
51.698,483
51.723,434
51.748,357
51.773,296
51.798,278
51.823,291
51.848,304
51.873,304
51.898,298
51.923,297
51.948,297
51.973,281
51.998,246
52.023,207
52.048,172
52.073,125
52.098,42
52.123,-64
52.148,-130
52.173,-80
52.198,101
52.223,344
52.248,546
52.273,648
52.298,670
52.323,666
52.348,659
52.373,622
52.398,522
52.423,371
52.448,219
52.473,116
52.498,71
52.523,61
52.548,62
52.573,70
52.598,86
52.623,108
52.648,130
52.673,148
52.698,156
52.723,139
52.748,73
52.773,-34
52.798,-132
52.823,-152
52.848,-75
52.873,37
52.898,90
52.923,40
52.948,-59
52.973,-108
52.998,-46
53.023,101
53.048,254
53.073,358
53.098,415
53.123,460
53.148,510
53.173,549
53.198,549
53.223,497
53.248,404
53.273,292
53.298,188
53.323,109
53.348,59
53.373,24
53.398,-10
53.423,-41
53.448,-36
53.473,31
53.498,149
53.523,252
53.548,276
53.573,217
53.598,142
53.623,132
53.648,213
53.673,340
53.698,442
53.723,488
53.748,501
53.773,516
53.798,534
53.823,523
53.848,454
53.873,334
53.898,206
53.923,105
53.948,35
53.973,-26
53.998,-99
54.023,-175
54.048,-225
54.073,-226
54.098,-191
54.123,-151
54.148,-131
54.173,-123
54.198,-91
54.223,-7
54.248,126
54.273,275
54.298,405
54.323,501
54.348,573
54.373,626
54.398,651
54.423,625
54.448,542
54.473,424
54.498,315
54.523,248
54.548,226
54.573,224
54.598,208
54.623,170
54.648,132
54.673,129
54.698,171
54.723,226
54.748,243
54.773,198
54.798,123
54.823,80
54.848,113
54.873,207
54.898,303
54.923,359
54.948,377
54.973,396
54.998,435
55.023,472
55.048,459
55.073,379
55.098,262
55.123,159
55.148,98
55.173,52
55.198,-19
55.223,-132
55.248,-242
55.273,-280
55.298,-202
55.323,-24
55.348,187
55.373,356
55.398,440
55.423,435
55.448,361
55.473,247
55.498,129
55.523,47
55.548,29
55.573,74
55.598,149
55.623,214
55.648,251
55.673,270
55.698,285
55.723,294
55.748,281
55.773,237
55.798,175
55.823,108
55.848,39
55.873,-34
55.898,-94
55.923,-101
55.948,-24
55.973,118
55.998,269
56.023,376
56.048,436
56.073,477
56.098,517
56.123,529
56.148,477
56.173,359
56.198,218
56.223,110
56.248,61
56.273,66
56.298,110
56.323,179
56.348,257
56.373,318
56.398,347
56.423,353
56.448,365
56.473,395
56.498,417
56.523,397
56.548,332
56.573,264
56.598,245
56.623,284
56.648,345
56.673,381
56.698,371
56.723,329
56.748,278
56.773,232
56.798,195
56.823,168
56.848,151
56.873,141
56.898,139
56.923,160
56.948,222
56.973,318
56.998,399
57.023,399
57.048,278
57.073,57
57.098,-191
57.123,-387
57.148,-482
57.173,-475
57.198,-409
57.223,-336
57.248,-290
57.273,-263
57.298,-210
57.323,-94
57.348,78
57.373,249
57.398,357
57.423,389
57.448,387
57.473,402
57.498,447
57.523,494
57.548,511
57.573,501
57.598,490
57.623,492
57.648,498
57.673,487
57.698,452
57.723,409
57.748,370
57.773,336
57.798,296
57.823,246
57.848,191
57.873,135
57.898,78
57.923,17
57.948,-33
57.973,-56
57.998,-39
58.023,7
58.048,63
58.073,117
58.098,171
58.123,232
58.148,294
58.173,343
58.198,364
58.223,356
58.248,330
58.273,296
58.298,259
58.323,224
58.348,194
58.373,180
58.398,181
58.423,186
58.448,178
58.473,148
58.498,104
58.523,61
58.548,22
58.573,-22
58.598,-76
58.623,-124
58.648,-133
58.673,-78
58.698,33
58.723,163
58.748,269
58.773,334
58.798,365
58.823,379
58.848,385
58.873,379
58.898,364
58.923,350
58.948,349
58.973,359
58.998,371
59.023,372
59.048,358
59.073,334
59.098,309
59.123,289
59.148,272
59.173,250
59.198,219
59.223,190
59.248,191
59.273,250
59.298,372
59.323,525
59.348,658
59.373,735
59.398,755
59.423,740
59.448,709
59.473,670
59.498,629
59.523,600
59.548,595
59.573,605
59.598,594
59.623,525
59.648,391
59.673,222
59.698,60
59.723,-69
59.748,-178
59.773,-293
59.798,-443
59.823,-635
59.848,-836
59.873,-982
59.898,-1017
59.923,-933
59.948,-785
59.973,-650
59.998,-559
60.023,-471
60.048,-326
60.073,-110
60.098,122
60.123,304
60.148,421
60.173,520
60.198,643
60.223,780
60.248,878
60.273,899
60.298,858
60.323,795
60.348,721
60.373,613
60.398,460
60.423,297
60.448,189
60.473,177
60.498,236
60.523,307
60.548,344
60.573,346
60.598,335
60.623,329
60.648,324
60.673,311
60.698,290
60.723,272
60.748,263
60.773,260
60.798,254
60.823,234
60.848,194
60.873,135
60.898,64
60.923,-10
60.948,-86
60.973,-167
60.998,-248
61.023,-308
61.048,-313
61.073,-243
61.098,-113
61.123,30
61.148,142
61.173,207
61.198,239
61.223,258
61.248,274
61.273,291
61.298,319
61.323,372
61.348,455
61.373,548
61.398,617
61.423,634
61.448,599
61.473,533
61.498,455
61.523,365
61.548,251
61.573,108
61.598,-37
61.623,-145
61.648,-179
61.673,-136
61.698,-49
61.723,34
61.748,93
61.773,130
61.798,164
61.823,201
61.848,231
61.873,244
61.898,247
61.923,258
61.948,287
61.973,319
61.998,334
62.023,323
62.048,303
62.073,296
62.098,302
62.123,297
62.148,258
62.173,191
62.198,129
62.223,113
62.248,153
62.273,233
62.298,319
62.323,391
62.348,441
62.373,470
62.398,479
62.423,464
62.448,426
62.473,372
62.498,318
62.523,275
62.548,240
62.573,208
62.598,176
62.623,146
62.648,121
62.673,86
62.698,15
62.723,-105
62.748,-257
62.773,-384
62.798,-426
62.823,-363
62.848,-224
62.873,-66
62.898,75
62.923,198
62.948,320
62.973,444
62.998,552
63.023,622
63.048,643
63.073,624
63.098,582
63.123,534
63.148,489
63.173,450
63.198,413
63.223,370
63.248,313
63.273,243
63.298,169
63.323,100
63.348,40
63.373,-11
63.398,-60
63.423,-112
63.448,-187
63.473,-301
63.498,-444
63.523,-563
63.548,-583
63.573,-460
63.598,-220
63.623,53
63.648,275
63.673,415
63.698,497
63.723,559
63.748,617
63.773,662
63.798,686
63.823,697
63.848,705
63.873,705
63.898,680
63.923,617
63.948,523
63.973,419
63.998,322
64.023,239
64.048,167
64.073,104
64.098,49
64.123,-3
64.148,-62
64.173,-124
64.198,-183
64.223,-235
64.248,-278
64.273,-305
64.298,-295
64.323,-221
64.348,-79
64.373,95
64.398,247
64.423,339
64.448,376
64.473,394
64.498,422
64.523,464
64.548,503
64.573,527
64.598,535
64.623,533
64.648,519
64.673,493
64.698,452
64.723,396
64.748,313
64.773,200
64.798,70
64.823,-35
64.848,-81
64.873,-71
64.898,-46
64.923,-40
64.948,-40
64.973,2
64.998,121
65.023,285
65.048,426
65.073,500
65.098,527
65.123,557
65.148,607
65.173,648
65.198,640
65.223,576
65.248,483
65.273,383
65.298,274
65.323,150
65.348,33
65.373,-43
65.398,-70
65.423,-80
65.448,-108
65.473,-158
65.498,-206
65.523,-253
65.548,-331
65.573,-460
65.598,-580
65.623,-587
65.648,-441
65.673,-237
65.698,-137
65.723,-210
65.748,-344
65.773,-340
65.798,-96
65.823,291
65.848,621
65.873,766
65.898,761
65.923,725
65.948,724
65.973,728
65.998,674
66.023,558
66.048,437
66.073,364
66.098,338
66.123,320
66.148,286
66.173,254
66.198,256
66.223,305
66.248,389
66.273,491
66.298,595
66.323,680
66.348,721
66.373,703
66.398,638
66.423,562
66.448,493
66.473,418
66.498,306
66.523,148
66.548,-26
66.573,-162
66.598,-214
66.623,-177
66.648,-87
66.673,2
66.698,51
66.723,56
66.748,48
66.773,60
66.798,94
66.823,117
66.848,93
66.873,28
66.898,-26
66.923,-20
66.948,51
66.973,144
66.998,210
67.023,233
67.048,230
67.073,214
67.098,180
67.123,124
67.148,77
67.173,88
67.198,177
67.223,302
67.248,387
67.273,380
67.298,300
67.323,211
67.348,166
67.373,166
67.398,170
67.423,144
67.448,81
67.473,4
67.498,-52
67.523,-66
67.548,-27
67.573,53
67.598,152
67.623,241
67.648,304
67.673,343
67.698,369
67.723,386
67.748,387
67.773,367
67.798,334
67.823,308
67.848,297
67.873,292
67.898,274
67.923,234
67.948,183
67.973,138
67.998,104
68.023,68
68.048,14
68.073,-55
68.098,-113
68.123,-123
68.148,-68
68.173,42
68.198,177
68.223,302
68.248,398
68.273,461
68.298,493
68.323,499
68.348,484
68.373,453
68.398,413
68.423,373
68.448,338
68.473,312
68.498,291
68.523,272
68.548,247
68.573,211
68.598,163
68.623,109
68.648,54
68.673,0
68.698,-61
68.723,-126
68.748,-185
68.773,-216
68.798,-195
68.823,-120
68.848,-11
68.873,98
68.898,183
68.923,242
68.948,286
68.973,327
68.998,364
69.023,386
69.048,388
69.073,381
69.098,384
69.123,402
69.148,422
69.173,426
69.198,412
69.223,395
69.248,386
69.273,377
69.298,344
69.323,275
69.348,189
69.373,126
69.398,109
69.423,129
69.448,162
69.473,205
69.498,276
69.523,392
69.548,539
69.573,670
69.598,742
69.623,745
69.648,702
69.673,634
69.698,549
69.723,447
69.748,338
69.773,239
69.798,153
69.823,62
69.848,-53
69.873,-186
69.898,-307
69.923,-391
69.948,-449
69.973,-510
69.998,-581
70.023,-630
70.048,-614
70.073,-525
70.098,-402
70.123,-298
70.148,-236
70.173,-204
70.198,-180
70.223,-159
70.248,-148
70.273,-141
70.298,-107
70.323,-14
70.348,136
70.373,308
70.398,452
70.423,540
70.448,577
70.473,586
70.498,589
70.523,595
70.548,595
70.573,567
70.598,498
70.623,395
70.648,296
70.673,248
70.698,274
70.723,360
70.748,468
70.773,561
70.798,627
70.823,671
70.848,697
70.873,702
70.898,681
70.923,634
70.948,572
70.973,504
70.998,442
71.023,395
71.048,372
71.073,374
71.098,387
71.123,386
71.148,351
71.173,277
71.198,178
71.223,80
71.248,-1
71.273,-70
71.298,-144
71.323,-231
71.348,-316
71.373,-360
71.398,-334
71.423,-244
71.448,-129
71.473,-29
71.498,45
71.523,112
71.548,185
71.573,252
71.598,295
71.623,310
71.648,313
71.673,312
71.698,290
71.723,226
71.748,137
71.773,84
71.798,125
71.823,253
71.848,392
71.873,451
71.898,393
71.923,252
71.948,88
71.973,-57
71.998,-184
72.023,-307
72.048,-441
72.073,-584
72.098,-713
72.123,-781
72.148,-734
72.173,-549
72.198,-259
72.223,61
72.248,366
72.273,666
72.298,994
72.323,1341
72.348,1615
72.373,1704
72.398,1565
72.423,1268
72.448,936
72.473,660
72.498,460
72.523,312
72.548,193
72.573,97
72.598,16
72.623,-69
72.648,-164
72.673,-255
72.698,-322
72.723,-381
72.748,-470
72.773,-600
72.798,-713
72.823,-713
72.848,-547
72.873,-264
72.898,17
72.923,207
72.948,301
72.973,360
72.998,434
73.023,515
73.048,562
73.073,554
73.098,505
73.123,448
73.148,399
73.173,363
73.198,347
73.223,365
73.248,412
73.273,438
73.298,377
73.323,204
73.348,-29
73.373,-212
73.398,-250
73.423,-122
73.448,107
73.473,346
73.498,531
73.523,647
73.548,717
73.573,759
73.598,778
73.623,769
73.648,734
73.673,687
73.698,639
73.723,592
73.748,536
73.773,463
73.798,369
73.823,255
73.848,109
73.873,-76
73.898,-294
73.923,-499
73.948,-629
73.973,-644
73.998,-564
74.023,-448
74.048,-349
74.073,-271
74.098,-176
74.123,-39
74.148,118
74.173,245
74.198,311
74.223,339
74.248,376
74.273,436
74.298,484
74.323,471
74.348,393
74.373,303
74.398,257
74.423,267
74.448,302
74.473,334
74.498,367
74.523,413
74.548,436
74.573,356
74.598,125
74.623,-197
74.648,-464
74.673,-541
74.698,-414
74.723,-192
74.748,0
74.773,114
74.798,193
74.823,293
74.848,417
74.873,521
74.898,569
74.923,561
74.948,521
74.973,459
74.998,372
75.023,263
75.048,161
75.073,107
75.098,121
75.123,190
75.148,275
75.173,318
75.198,267
75.223,101
75.248,-131
75.273,-322
75.298,-367
75.323,-252
75.348,-67
75.373,63
75.398,91
75.423,69
75.448,88
75.473,174
75.498,277
75.523,334
75.548,344
75.573,356
75.598,406
75.623,471
75.648,503
75.673,485
75.698,452
75.723,442
75.748,455
75.773,452
75.798,410
75.823,341
75.848,275
75.873,222
75.898,176
75.923,135
75.948,113
75.973,113
75.998,107
76.023,58
76.048,-28
76.073,-97
76.098,-96
76.123,-45
76.148,-25
76.173,-90
76.198,-196
76.223,-221
76.248,-86
76.273,167
76.298,416
76.323,570
76.348,634
76.373,671
76.398,711
76.423,727
76.448,688
76.473,609
76.498,540
76.523,498
76.548,448
76.573,358
76.598,248
76.623,171
76.648,133
76.673,63
76.698,-121
76.723,-409
76.748,-675
76.773,-776
76.798,-667
76.823,-423
76.848,-161
76.873,42
76.898,171
76.923,232
76.948,241
76.973,233
76.998,263
77.023,367
77.048,519
77.073,647
77.098,701
77.123,695
77.148,683
77.173,684
77.198,663
77.223,573
77.248,423
77.273,272
77.298,175
77.323,128
77.348,85
77.373,15
77.398,-70
77.423,-136
77.448,-155
77.473,-125
77.498,-60
77.523,22
77.548,104
77.573,162
77.598,185
77.623,184
77.648,182
77.673,188
77.698,192
77.723,176
77.748,142
77.773,108
77.798,90
77.823,88
77.848,91
77.873,93
77.898,88
77.923,69
77.948,30
77.973,-21
77.998,-62
78.023,-68
78.048,-39
78.073,1
78.098,39
78.123,82
78.148,149
78.173,241
78.198,329
78.223,380
78.248,390
78.273,387
78.298,396
78.323,422
78.348,449
78.373,462
78.398,466
78.423,467
78.448,465
78.473,452
78.498,422
78.523,383
78.548,345
78.573,313
78.598,282
78.623,241
78.648,183
78.673,111
78.698,38
78.723,-9
78.748,-9
78.773,44
78.798,126
78.823,198
78.848,236
78.873,243
78.898,239
78.923,240
78.948,238
78.973,222
78.998,191
79.023,159
79.048,136
79.073,120
79.098,98
79.123,60
79.148,12
79.173,-32
79.198,-64
79.223,-83
79.248,-94
79.273,-103
79.298,-105
79.323,-89
79.348,-44
79.373,31
79.398,124
79.423,210
79.448,273
79.473,312
79.498,339
79.523,363
79.548,380
79.573,387
79.598,384
79.623,379
79.648,379
79.673,381
79.698,375
79.723,359
79.748,337
79.773,314
79.798,286
79.823,253
79.848,216
79.873,179
79.898,141
79.923,92
79.948,30
79.973,-23
79.998,-40
80.023,0
80.048,84
80.073,174
80.098,243
80.123,288
80.148,319
80.173,347
80.198,367
80.223,376
80.248,379
80.273,383
80.298,390
80.323,391
80.348,381
80.373,363
80.398,343
80.423,315
80.448,275
80.473,223
80.498,171
80.523,126
80.548,79
80.573,16
80.598,-57
80.623,-109
80.648,-103
80.673,-38
80.698,52
80.723,127
80.748,172
80.773,201
80.798,227
80.823,248
80.848,251
80.873,235
80.898,211
80.923,197
80.948,192
80.973,192
80.998,190
81.023,191
81.048,193
81.073,191
81.098,177
81.123,153
81.148,121
81.173,82
81.198,31
81.223,-22
81.248,-50
81.273,-23
81.298,55
81.323,146
81.348,205
81.373,225
81.398,235
81.423,265
81.448,311
81.473,338
81.498,326
81.523,292
81.548,270
81.573,275
81.598,286
81.623,274
81.648,230
81.673,172
81.698,122
81.723,84
81.748,54
81.773,27
81.798,5
81.823,-12
81.848,-31
81.873,-49
81.898,-49
81.923,-8
81.948,74
81.973,174
81.998,255
82.023,303
82.048,335
82.073,374
82.098,423
82.123,461
82.148,471
82.173,458
82.198,448
82.223,457
82.248,476
82.273,483
82.298,466
82.323,433
82.348,401
82.373,373
82.398,342
82.423,295
82.448,235
82.473,180
82.498,141
82.523,110
82.548,65
82.573,-5
82.598,-86
82.623,-139
82.648,-130
82.673,-62
82.698,29
82.723,105
82.748,148
82.773,168
82.798,182
82.823,195
82.848,196
82.873,179
82.898,154
82.923,140
82.948,150
82.973,174
82.998,197
83.023,210
83.048,217
83.073,226
83.098,230
83.123,215
83.148,171
83.173,104
83.198,32
83.223,-27
83.248,-74
83.273,-115
83.298,-147
83.323,-151
83.348,-105
83.373,-5
83.398,125
83.423,247
83.448,329
83.473,363
83.498,369
83.523,371
83.548,381
83.573,396
83.598,406
83.623,405
83.648,403
83.673,408
83.698,424
83.723,440
83.748,433
83.773,389
83.798,312
83.823,227
83.848,158
83.873,114
83.898,86
83.923,59
83.948,31
83.973,22
83.998,54
84.023,132
84.048,231
84.073,317
84.098,369
84.123,389
84.148,390
84.173,381
84.198,357
84.223,316
84.248,263
84.273,214
84.298,180
84.323,164
84.348,162
84.373,167
84.398,174
84.423,178
84.448,170
84.473,146
84.498,110
84.523,70
84.548,28
84.573,-17
84.598,-71
84.623,-117
84.648,-131
84.673,-93
84.698,-13
84.723,80
84.748,159
84.773,215
84.798,261
84.823,304
84.848,337
84.873,347
84.898,335
84.923,314
84.948,300
84.973,296
84.998,291
85.023,278
85.048,259
85.073,240
85.098,222
85.123,195
85.148,158
85.173,118
85.198,87
85.223,62
85.248,33
85.273,-2
85.298,-28
85.323,-18
85.348,37
85.373,122
85.398,203
85.423,261
85.448,293
85.473,307
85.498,308
85.523,296
85.548,273
85.573,250
85.598,234
85.623,223
85.648,211
85.673,197
85.698,188
85.723,187
85.748,190
85.773,184
85.798,165
85.823,134
85.848,95
85.873,49
85.898,1
85.923,-29
85.948,-19
85.973,40
85.998,135
86.023,230
86.048,301
86.073,347
86.098,379
86.123,404
86.148,417
86.173,416
86.198,413
86.223,421
86.248,444
86.273,464
86.298,465
86.323,443
86.348,410
86.373,378
86.398,349
86.423,315
86.448,272
86.473,216
86.498,139
86.523,36
86.548,-79
86.573,-172
86.598,-199
86.623,-143
86.648,-30
86.673,89
86.698,172
86.723,210
86.748,216
86.773,212
86.798,206
86.823,198
86.848,184
86.873,164
86.898,139
86.923,115
86.948,94
86.973,74
86.998,49
87.023,19
87.048,-2
87.073,-1
87.098,18
87.123,31
87.148,10
87.173,-40
87.198,-79
87.223,-60
87.248,20
87.273,122
87.298,203
87.323,261
87.348,330
87.373,439
87.398,572
87.423,683
87.448,740
87.473,749
87.498,737
87.523,721
87.548,695
87.573,651
87.598,591
87.623,525
87.648,458
87.673,384
87.698,295
87.723,189
87.748,67
87.773,-64
87.798,-190
87.823,-278
87.848,-296
87.873,-240
87.898,-138
87.923,-24
87.948,83
87.973,183
87.998,257
88.023,271
88.048,209
88.073,107
88.098,33
88.123,20
88.148,24
88.173,-33
88.198,-182
88.223,-351
88.248,-435
88.273,-386
88.298,-251
88.323,-120
88.348,-40
88.373,4
88.398,47
88.423,106
88.448,182
88.473,286
88.498,428
88.523,584
88.548,681
88.573,650
88.598,495
88.623,304
88.648,181
88.673,167
88.698,223
88.723,287
88.748,335
88.773,382
88.798,443
88.823,498
88.848,516
88.873,484
88.898,425
88.923,369
88.948,329
88.973,290
88.998,238
89.023,177
89.048,133
89.073,127
89.098,165
89.123,231
89.148,297
89.173,346
89.198,372
89.223,386
89.248,399
89.273,408
89.298,402
89.323,378
89.348,345
89.373,316
89.398,296
89.423,277
89.448,245
89.473,201
89.498,155
89.523,116
89.548,77
89.573,25
89.598,-36
89.623,-87
89.648,-101
89.673,-66
89.698,0
89.723,76
89.748,141
89.773,191
89.798,227
89.823,246
89.848,244
89.873,216
89.898,166
89.923,105
89.948,45
89.973,1
89.998,-25
90.023,-40
90.048,-53
90.073,-71
90.098,-93
90.123,-125
90.148,-175
90.173,-256
90.198,-359
90.223,-450
90.248,-482
90.273,-424
90.298,-282
90.323,-94
90.348,97
90.373,263
90.398,392
90.423,480
90.448,528
90.473,541
90.498,535
90.523,530
90.548,542
90.573,579
90.598,631
90.623,684
90.648,714
90.673,707
90.698,661
90.723,588
90.748,506
90.773,425
90.798,341
90.823,251
90.848,171
90.873,128
90.898,138
90.923,191
90.948,253
90.973,296
90.998,316
91.023,329
91.048,344
91.073,346
91.098,315
91.123,251
91.148,179
91.173,134
91.198,126
91.223,140
91.248,150
91.273,142
91.298,124
91.323,101
91.348,69
91.373,17
91.398,-55
91.423,-130
91.448,-181
91.473,-185
91.498,-137
91.523,-51
91.548,48
91.573,137
91.598,200
91.623,236
91.648,253
91.673,259
91.698,260
91.723,258
91.748,252
91.773,245
91.798,233
91.823,212
91.848,177
91.873,138
91.898,107
91.923,86
91.948,64
91.973,28
91.998,-18
92.023,-50
92.048,-45
92.073,-2
92.098,54
92.123,105
92.148,144
92.173,177
92.198,201
92.223,205
92.248,190
92.273,175
92.298,181
92.323,209
92.348,236
92.373,240
92.398,222
92.423,201
92.448,181
92.473,150
92.498,97
92.523,34
92.548,-17
92.573,-55
92.598,-99
92.623,-157
92.648,-199
92.673,-180
92.698,-93
92.723,17
92.748,97
92.773,138
92.798,180
92.823,257
92.848,352
92.873,418
92.898,441
92.923,456
92.948,501
92.973,556
92.998,568
93.023,517
93.048,458
93.073,474
93.098,592
93.123,762
93.148,914
93.173,1024
93.198,1108
93.223,1172
93.248,1181
93.273,1102
93.298,961
93.323,831
93.348,754
93.373,698
93.398,595
93.423,425
93.448,251
93.473,154
93.498,148
93.523,165
93.548,120
93.573,-12
93.598,-183
93.623,-323
93.648,-399
93.673,-429
93.698,-452
93.723,-503
93.748,-589
93.773,-689
93.798,-758
93.823,-758
93.848,-684
93.873,-580
93.898,-502
93.923,-471
93.948,-455
93.973,-406
93.998,-312
94.023,-205
94.048,-128
94.073,-90
94.098,-57
94.123,2
94.148,91
94.173,180
94.198,239
94.223,266
94.248,282
94.273,311
94.298,362
94.323,430
94.348,507
94.373,579
94.398,626
94.423,622
94.448,554
94.473,425
94.498,263
94.523,107
94.548,-8
94.573,-65
94.598,-56
94.623,9
94.648,122
94.673,263
94.698,410
94.723,536
94.748,618
94.773,646
94.798,628
94.823,584
94.848,535
94.873,490
94.898,451
94.923,417
94.948,389
94.973,368
94.998,354
95.023,338
95.048,316
95.073,287
95.098,256
95.123,232
95.148,211
95.173,185
95.198,142
95.223,82
95.248,22
95.273,-10
95.298,3
95.323,61
95.348,142
95.373,215
95.398,266
95.423,296
95.448,316
95.473,330
95.498,331
95.523,313
95.548,282
95.573,252
95.598,233
95.623,220
95.648,199
95.673,164
95.698,121
95.723,84
95.748,56
95.773,30
95.798,-2
95.823,-40
95.848,-77
95.873,-110
95.898,-143
95.923,-175
95.948,-192
95.973,-168
95.998,-91
96.023,20
96.048,131
96.073,209
96.098,254
96.123,285
96.148,319
96.173,352
96.198,370
96.223,370
96.248,365
96.273,373
96.298,396
96.323,416
96.348,421
96.373,413
96.398,408
96.423,415
96.448,423
96.473,416
96.498,383
96.523,329
96.548,264
96.573,194
96.598,122
96.623,60
96.648,34
96.673,63
96.698,140
96.723,233
96.748,304
96.773,335
96.798,335
96.823,322
96.848,303
96.873,277
96.898,244
96.923,213
96.948,195
96.973,189
96.998,185
97.023,175
97.048,158
97.073,138
97.098,118
97.123,91
97.148,55
97.173,17
97.198,-14
97.223,-43
97.248,-82
97.273,-132
97.298,-174
97.323,-175
97.348,-117
97.373,-12
97.398,99
97.423,187
97.448,244
97.473,282
97.498,312
97.523,331
97.548,332
97.573,320
97.598,307
97.623,302
97.648,304
97.673,301
97.698,288
97.723,263
97.748,230
97.773,189
97.798,141
97.823,94
97.848,55
97.873,21
97.898,-20
97.923,-77
97.948,-131
97.973,-144
97.998,-91
98.023,17
98.048,142
98.073,239
98.098,295
98.123,326
98.148,351
98.173,370
98.198,373
98.223,359
98.248,338
98.273,328
98.298,330
98.323,333
98.348,327
98.373,313
98.398,302
98.423,296
98.448,286
98.473,262
98.498,224
98.523,185
98.548,153
98.573,118
98.598,69
98.623,9
98.648,-29
98.673,-10
98.698,76
98.723,201
98.748,318
98.773,399
98.798,449
98.823,491
98.848,536
98.873,567
98.898,561
98.923,519
98.948,467
98.973,437
98.998,430
99.023,423
99.048,389
99.073,324
99.098,248
99.123,181
99.148,126
99.173,74
99.198,20
99.223,-31
99.248,-78
99.273,-127
99.298,-187
99.323,-249
99.348,-281
99.373,-252
99.398,-161
99.423,-41
99.448,62
99.473,129
99.498,169
99.523,198
99.548,219
99.573,224
99.598,211
99.623,193
99.648,188
99.673,201
99.698,223
99.723,238
99.748,238
99.773,222
99.798,189
99.823,140
99.848,83
99.873,29
99.898,-17
99.923,-60
99.948,-104
99.973,-138
99.998,-134
100.023,-64
100.048,75
100.073,257
100.098,437
100.123,576
100.148,653
100.173,670
100.198,639
100.223,586
100.248,536
100.273,504
100.298,487
100.323,473
100.348,452
100.373,425
100.398,398
100.423,373
100.448,347
100.473,319
100.498,290
100.523,249
100.548,169
100.573,30
100.598,-158
100.623,-340
100.648,-448
100.673,-449
100.698,-363
100.723,-239
100.748,-118
100.773,-12
100.798,81
100.823,164
100.848,235
100.873,299
100.898,368
100.923,437
100.948,483
100.973,480
100.998,432
101.023,373
101.048,338
101.073,325
101.098,306
101.123,261
101.148,202
101.173,153
101.198,119
101.223,79
101.248,24
101.273,-21
101.298,-9
101.323,82
101.348,220
101.373,348
101.398,432
101.423,481
101.448,519
101.473,542
101.498,518
101.523,428
101.548,291
101.573,156
101.598,56
101.623,-4
101.648,-41
101.673,-63
101.698,-70
101.723,-65
101.748,-60
101.773,-64
101.798,-71
101.823,-71
101.848,-61
101.873,-57
101.898,-71
101.923,-89
101.948,-75
101.973,-8
101.998,99
102.023,213
102.048,307
102.073,378
102.098,437
102.123,485
102.148,513
102.173,512
102.198,492
102.223,472
102.248,464
102.273,468
102.298,475
102.323,475
102.348,460
102.373,418
102.398,347
102.423,253
102.448,146
102.473,35
102.498,-76
102.523,-182
102.548,-250
102.573,-245
102.598,-155
102.623,-7
102.648,141
102.673,253
102.698,322
102.723,368
102.748,400
102.773,407
102.798,379
102.823,326
102.848,277
102.873,247
102.898,230
102.923,207
102.948,171
102.973,134
102.998,110
103.023,98
103.048,86
103.073,63
103.098,28
103.123,-15
103.148,-69
103.173,-125
103.198,-157
103.223,-132
103.248,-42
103.273,85
103.298,203
103.323,282
103.348,330
103.373,372
103.398,417
103.423,452
103.448,462
103.473,455
103.498,450
103.523,452
103.548,431
103.573,348
103.598,198
103.623,23
103.648,-119
103.673,-198
103.698,-229
103.723,-245
103.748,-264
103.773,-278
103.798,-277
103.823,-268
103.848,-269
103.873,-286
103.898,-292
103.923,-249
103.948,-137
103.973,22
103.998,185
104.023,317
104.048,411
104.073,485
104.098,558
104.123,631
104.148,694
104.173,743
104.198,781
104.223,820
104.248,867
104.273,916
104.298,957
104.323,985
104.348,1005
104.373,1021
104.398,1029
104.423,1015
104.448,967
104.473,889
104.498,794
104.523,690
104.548,564
104.573,396
104.598,191
104.623,-7
104.648,-142
104.673,-180
104.698,-147
104.723,-108
104.748,-113
104.773,-168
104.798,-244
104.823,-313
104.848,-381
104.873,-461
104.898,-553
104.923,-626
104.948,-652
104.973,-629
104.998,-585
105.023,-546
105.048,-519
105.073,-489
105.098,-446
105.123,-391
105.148,-332
105.173,-272
105.198,-213
105.223,-161
105.248,-125
105.273,-97
105.298,-53
105.323,32
105.348,164
105.373,317
105.398,459
105.423,577
105.448,678
105.473,767
105.498,833
105.523,858
105.548,838
105.573,787
105.598,726
105.623,658
105.648,578
105.673,490
105.698,420
105.723,393
105.748,407
105.773,428
105.798,416
105.823,357
105.848,271
105.873,188
105.898,124
105.923,78
105.948,53
105.973,61
105.998,116
106.023,208
106.048,296
106.073,333
106.098,304
106.123,231
106.148,155
106.173,104
106.198,81
106.223,73
106.248,75
106.273,90
106.298,123
106.323,164
106.348,196
106.373,208
106.398,199
106.423,184
106.448,171
106.473,165
106.498,156
106.523,133
106.548,89
106.573,27
106.598,-29
106.623,-47
106.648,-4
106.673,89
106.698,193
106.723,264
106.748,291
106.773,295
106.798,308
106.823,342
106.848,381
106.873,407
106.898,418
106.923,428
106.948,444
106.973,457
106.998,451
107.023,418
107.048,367
107.073,310
107.098,255
107.123,199
107.148,136
107.173,60
107.198,-34
107.223,-140
107.248,-236
107.273,-282
107.298,-255
107.323,-161
107.348,-42
107.373,58
107.398,120
107.423,156
107.448,185
107.473,214
107.498,239
107.523,257
107.548,277
107.573,310
107.598,354
107.623,391
107.648,405
107.673,393
107.698,366
107.723,336
107.748,305
107.773,263
107.798,205
107.823,135
107.848,72
107.873,41
107.898,61
107.923,131
107.948,227
107.973,322
107.998,391
108.023,424
108.048,418
108.073,364
108.098,254
108.123,98
108.148,-67
108.173,-194
108.198,-250
108.223,-234
108.248,-177
108.273,-111
108.298,-56
108.323,-9
108.348,35
108.373,80
108.398,119
108.423,143
108.448,156
108.473,173
108.498,214
108.523,287
108.548,378
108.573,453
108.598,484
108.623,470
108.648,434
108.673,406
108.698,395
108.723,395
108.748,395
108.773,396
108.798,405
108.823,418
108.848,420
108.873,398
108.898,356
108.923,308
108.948,267
108.973,228
108.998,180
109.023,116
109.048,41
109.073,-29
109.098,-82
109.123,-98
109.148,-66
109.173,10
109.198,106
109.223,181
109.248,208
109.273,188
109.298,145
109.323,100
109.348,56
109.373,16
109.398,-4
109.423,19
109.448,97
109.473,207
109.498,314
109.523,401
109.548,478
109.573,561
109.598,642
109.623,690
109.648,686
109.673,636
109.698,567
109.723,496
109.748,423
109.773,350
109.798,295
109.823,285
109.848,325
109.873,387
109.898,432
109.923,440
109.948,415
109.973,378
109.998,340
110.023,306
110.048,285
110.073,283
110.098,299
110.123,317
110.148,322
110.173,311
110.198,290
110.223,261
110.248,215
110.273,142
110.298,51
110.323,-39
110.348,-125
110.373,-213
110.398,-309
110.423,-395
110.448,-443
110.473,-443
110.498,-419
110.523,-404
110.548,-405
110.573,-399
110.598,-377
110.623,-375
110.648,-454
110.673,-633
110.698,-858
110.723,-1038
110.748,-1117
110.773,-1110
110.798,-1069
110.823,-1021
110.848,-938
110.873,-771
110.898,-504
110.923,-168
110.948,169
110.973,454
110.998,662
111.023,804
111.048,915
111.073,1033
111.098,1178
111.123,1331
111.148,1457
111.173,1528
111.198,1552
111.223,1563
111.248,1588
111.273,1615
111.298,1601
111.323,1503
111.348,1312
111.373,1055
111.398,780
111.423,533
111.448,339
111.473,209
111.498,139
111.523,115
111.548,116
111.573,114
111.598,81
111.623,9
111.648,-81
111.673,-147
111.698,-153
111.723,-97
111.748,-16
111.773,49
111.798,87
111.823,116
111.848,160
111.873,219
111.898,272
111.923,303
111.948,317
111.973,332
111.998,350
112.023,360
112.048,349
112.073,313
112.098,260
112.123,194
112.148,113
112.173,21
112.198,-69
112.223,-153
112.248,-242
112.273,-353
112.298,-476
112.323,-565
112.348,-566
112.373,-468
112.398,-309
112.423,-147
112.448,-14
112.473,98
112.498,204
112.523,294
112.548,344
112.573,347
112.598,330
112.623,325
112.648,340
112.673,355
112.698,351
112.723,333
112.748,323
112.773,329
112.798,332
112.823,311
112.848,266
112.873,221
112.898,203
112.923,212
112.948,232
112.973,246
112.998,246
113.023,228
113.048,183
113.073,109
113.098,21
113.123,-49
113.148,-84
113.173,-84
113.198,-68
113.223,-46
113.248,-12
113.273,42
113.298,105
113.323,150
113.348,159
113.373,140
113.398,117
113.423,98
113.448,69
113.473,19
113.498,-37
113.523,-59
113.548,-18
113.573,75
113.598,179
113.623,256
113.648,300
113.673,325
113.698,344
113.723,353
113.748,341
113.773,310
113.798,272
113.823,243
113.848,231
113.873,229
113.898,226
113.923,213
113.948,185
113.973,145
113.998,105
114.023,71
114.048,43
114.073,9
114.098,-29
114.123,-55
114.148,-34
114.173,48
114.198,173
114.223,297
114.248,386
114.273,442
114.298,489
114.323,546
114.348,606
114.373,649
114.398,672
114.423,691
114.448,728
114.473,783
114.498,837
114.523,866
114.548,861
114.573,826
114.598,766
114.623,685
114.648,588
114.673,477
114.698,356
114.723,222
114.748,69
114.773,-101
114.798,-266
114.823,-388
114.848,-432
114.873,-392
114.898,-301
114.923,-213
114.948,-161
114.973,-142
114.998,-117
115.023,-56
115.048,28
115.073,101
115.098,139
115.123,163
115.148,213
115.173,286
115.198,323
115.223,262
115.248,104
115.273,-64
115.298,-154
115.323,-148
115.348,-114
115.373,-124
115.398,-189
115.423,-257
115.448,-284
115.473,-275
115.498,-253
115.523,-209
115.548,-99
115.573,95
115.598,328
115.623,516
115.648,617
115.673,652
115.698,658
115.723,644
115.748,591
115.773,504
115.798,429
115.823,412
115.848,443
115.873,468
115.898,443
115.923,367
115.948,267
115.973,153
115.998,17
116.023,-134
116.048,-277
116.073,-390
116.098,-484
116.123,-571
116.148,-626
116.173,-597
116.198,-472
116.223,-319
116.248,-232
116.273,-236
116.298,-265
116.323,-244
116.348,-181
116.373,-148
116.398,-180
116.423,-221
116.448,-204
116.473,-145
116.498,-126
116.523,-167
116.548,-171
116.573,-28
116.598,215
116.623,351
116.648,219
116.673,-72
116.698,-174
116.723,218
116.748,1089
116.773,2105
116.798,2869
116.823,3194
116.848,3162
116.873,2980
116.898,2807
116.923,2681
116.948,2557
116.973,2374
116.998,2110
117.023,1802
117.048,1514
117.073,1282
117.098,1058
117.123,740
117.148,262
117.173,-330
117.198,-910
117.223,-1370
117.248,-1691
117.273,-1917
117.298,-2084
117.323,-2195
117.348,-2260
117.373,-2307
117.398,-2331
117.423,-2260
117.448,-2006
117.473,-1584
117.498,-1147
117.523,-866
117.548,-774
117.573,-732
117.598,-575
117.623,-272
117.648,67
117.673,331
117.698,510
117.723,671
117.748,839
117.773,968
117.798,1018
117.823,1025
117.848,1059
117.873,1108
117.898,1056
117.923,798
117.948,383
117.973,18
117.998,-88
118.023,103
118.048,447
118.073,734
118.098,848
118.123,811
118.148,723
118.173,667
118.198,657
118.223,652
118.248,599
118.273,478
118.298,319
118.323,177
118.348,86
118.373,33
118.398,-16
118.423,-72
118.448,-108
118.473,-95
118.498,-51
118.523,-30
118.548,-64
118.573,-123
118.598,-146
118.623,-110
118.648,-55
118.673,-27
118.698,-14
118.723,48
118.748,198
118.773,392
118.798,536
118.823,575
118.848,528
118.873,446
118.898,351
118.923,227
118.948,77
118.973,-41
118.998,-64
119.023,14
119.048,121
119.073,180
119.098,175
119.123,158
119.148,166
119.173,183
119.198,162
119.223,95
119.248,38
119.273,53
119.298,146
119.323,265
119.348,356
119.373,412
119.398,466
119.423,540
119.448,622
119.473,684
119.498,719
119.523,740
119.548,758
119.573,757
119.598,709
119.623,602
119.648,456
119.673,306
119.698,184
119.723,102
119.748,60
119.773,42
119.798,28
119.823,-6
119.848,-84
119.873,-214
119.898,-383
119.923,-553
119.948,-667
119.973,-671
119.998,-541
120.023,-312
120.048,-56
120.073,154
120.098,289
120.123,361
120.148,397
120.173,411
120.198,405
120.223,387
120.248,374
120.273,379
120.298,399
120.323,417
120.348,420
120.373,407
120.398,384
120.423,356
120.448,331
120.473,313
120.498,296
120.523,261
120.548,188
120.573,88
120.598,11
120.623,9
120.648,89
120.673,198
120.698,269
120.723,276
120.748,251
120.773,233
120.798,227
120.823,205
120.848,146
120.873,62
120.898,-12
120.923,-63
120.948,-100
120.973,-138
120.998,-179
121.023,-211
121.048,-223
121.073,-208
121.098,-152
121.123,-44
121.148,105
121.173,252
121.198,334
121.223,313
121.248,193
121.273,16
121.298,-152
121.323,-251
121.348,-237
121.373,-123
121.398,4
121.423,40
121.448,-50
121.473,-165
121.498,-124
121.523,179
121.548,668
121.573,1122
121.598,1347
121.623,1313
121.648,1150
121.673,1001
121.698,910
121.723,828
121.748,700
121.773,533
121.798,373
121.823,244
121.848,130
121.873,9
121.898,-112
121.923,-205
121.948,-264
121.973,-319
121.998,-402
122.023,-497
122.048,-540
122.073,-472
122.098,-292
122.123,-64
122.148,134
122.173,262
122.198,334
122.223,379
122.248,410
122.273,419
122.298,402
122.323,382
122.348,389
122.373,431
122.398,482
122.423,508
122.448,500
122.473,482
122.498,474
122.523,470
122.548,454
122.573,434
122.598,448
122.623,515
122.648,600
122.673,622
122.698,534
122.723,371
122.748,222
122.773,144
122.798,112
122.823,50
122.848,-85
122.873,-267
122.898,-432
122.923,-542
122.948,-604
122.973,-633
122.998,-612
123.023,-511
123.048,-332
123.073,-123
123.098,53
123.123,171
123.148,247
123.173,310
123.198,364
123.223,385
123.248,355
123.273,288
123.298,225
123.323,196
123.348,201
123.373,208
123.398,188
123.423,140
123.448,102
123.473,118
123.498,205
123.523,333
123.548,451
123.573,521
123.598,547
123.623,555
123.648,561
123.673,552
123.698,508
123.723,428
123.748,340
123.773,269
123.798,221
123.823,180
123.848,133
123.873,83
123.898,40
123.923,4
123.948,-28
123.973,-57
123.998,-74
124.023,-79
124.048,-84
124.073,-102
124.098,-122
124.123,-111
124.148,-47
124.173,57
124.198,156
124.223,218
124.248,248
124.273,277
124.298,319
124.323,357
124.348,366
124.373,346
124.398,323
124.423,321
124.448,331
124.473,323
124.498,283
124.523,223
124.548,172
124.573,141
124.598,120
124.623,96
124.648,65
124.673,35
124.698,5
124.723,-32
124.748,-77
124.773,-104
124.798,-81
124.823,4
124.848,130
124.873,249
124.898,328
124.923,367
124.948,388
124.973,410
124.998,431
125.023,437
125.048,423
125.073,404
125.098,398
125.123,411
125.148,427
125.173,422
125.198,392
125.223,351
125.248,321
125.273,305
125.298,279
125.323,220
125.348,129
125.373,30
125.398,-48
125.423,-101
125.448,-138
125.473,-164
125.498,-167
125.523,-128
125.548,-52
125.573,32
125.598,94
125.623,124
125.648,139
125.673,158
125.698,183
125.723,203
125.748,210
125.773,214
125.798,230
125.823,260
125.848,291
125.873,310
125.898,312
125.923,303
125.948,291
125.973,280
125.998,267
126.023,249
126.048,221
126.073,184
126.098,139
126.123,96
126.148,61
126.173,31
126.198,-1
126.223,-37
126.248,-61
126.273,-46
126.298,20
126.323,123
126.348,229
126.373,310
126.398,360
126.423,388
126.448,405
126.473,412
126.498,404
126.523,382
126.548,354
126.573,332
126.598,316
126.623,305
126.648,294
126.673,278
126.698,254
126.723,223
126.748,192
126.773,167
126.798,148
126.823,126
126.848,91
126.873,48
126.898,9
126.923,-19
126.948,-46
126.973,-90
126.998,-147
127.023,-189
127.048,-177
127.073,-100
127.098,11
127.123,115
127.148,183
127.173,223
127.198,255
127.223,287
127.248,309
127.273,309
127.298,293
127.323,281
127.348,286
127.373,307
127.398,328
127.423,335
127.448,325
127.473,303
127.498,278
127.523,257
127.548,236
127.573,210
127.598,176
127.623,137
127.648,103
127.673,76
127.698,47
127.723,4
127.748,-47
127.773,-78
127.798,-57
127.823,20
127.848,124
127.873,215
127.898,285
127.923,354
127.948,443
127.973,535
127.998,588
128.023,579
128.048,529
128.073,483
128.098,465
128.123,458
128.148,434
128.173,394
128.198,364
128.223,359
128.248,350
128.273,283
128.298,136
128.323,-48
128.348,-197
128.373,-261
128.398,-245
128.423,-198
128.448,-167
128.473,-171
128.498,-199
128.523,-228
128.548,-233
128.573,-193
128.598,-109
128.623,1
128.648,107
128.673,189
128.698,247
128.723,294
128.748,337
128.773,371
128.798,385
128.823,384
128.848,380
128.873,383
128.898,391
128.923,393
128.948,384
128.973,368
128.998,349
129.023,323
129.048,284
129.073,230
129.098,172
129.123,124
129.148,88
129.173,57
129.198,22
129.223,-21
129.248,-64
129.273,-89
129.298,-74
129.323,-11
129.348,92
129.373,206
129.398,295
129.423,342
129.448,359
129.473,370
129.498,389
129.523,404
129.548,398
129.573,370
129.598,339
129.623,328
129.648,335
129.673,340
129.698,324
129.723,287
129.748,246
129.773,211
129.798,178
129.823,139
129.848,95
129.873,55
129.898,24
129.923,-7
129.948,-52
129.973,-101
129.998,-126
130.023,-95
130.048,-9
130.073,100
130.098,194
130.123,249
130.148,274
130.173,289
130.198,302
130.223,308
130.248,300
130.273,285
130.298,276
130.323,280
130.348,287
130.373,282
130.398,261
130.423,232
130.448,205
130.473,180
130.498,152
130.523,119
130.548,88
130.573,63
130.598,38
130.623,0
130.648,-56
130.673,-105
130.698,-114
130.723,-64
130.748,31
130.773,136
130.798,218
130.823,269
130.848,300
130.873,322
130.898,337
130.923,337
130.948,321
130.973,299
130.998,288
131.023,295
131.048,313
131.073,327
131.098,327
131.123,312
131.148,290
131.173,265
131.198,237
131.223,198
131.248,152
131.273,107
131.298,74
131.323,48
131.348,11
131.373,-44
131.398,-100
131.423,-118
131.448,-68
131.473,37
131.498,156
131.523,243
131.548,287
131.573,306
131.598,325
131.623,348
131.648,362
131.673,361
131.698,349
131.723,342
131.748,344
131.773,350
131.798,349
131.823,340
131.848,323
131.873,302
131.898,277
131.923,246
131.948,211
131.973,173
131.998,133
132.023,95
132.048,61
132.073,28
132.098,-11
132.123,-63
132.148,-117
132.173,-144
132.198,-113
132.223,-20
132.248,101
132.273,205
132.298,264
132.323,286
132.348,303
132.373,330
132.398,358
132.423,366
132.448,350
132.473,325
132.498,312
132.523,315
132.548,319
132.573,307
132.598,281
132.623,252
132.648,228
132.673,203
132.698,166
132.723,117
132.748,68
132.773,32
132.798,6
132.823,-24
132.848,-70
132.873,-122
132.898,-153
132.923,-138
132.948,-73
132.973,24
132.998,127
133.023,208
133.048,255
133.073,271
133.098,273
133.123,277
133.148,286
133.173,290
133.198,279
133.223,268
133.248,290
133.273,372
133.298,497
133.323,598
133.348,606
133.373,502
133.398,334
133.423,185
133.448,104
133.473,82
133.498,64
133.523,3
133.548,-108
133.573,-232
133.598,-306
133.623,-279
133.648,-138
133.673,82
133.698,317
133.723,504
133.748,618
133.773,674
133.798,701
133.823,710
133.848,699
133.873,668
133.898,632
133.923,601
133.948,565
133.973,501
133.998,407
134.023,317
134.048,270
134.073,269
134.098,273
134.123,240
134.148,169
134.173,92
134.198,31
134.223,-31
134.248,-126
134.273,-250
134.298,-362
134.323,-426
134.348,-440
134.373,-418
134.398,-344
134.423,-183
134.448,52
134.473,252
134.498,267
134.523,33
134.548,-346
134.573,-659
134.598,-744
134.623,-598
134.648,-343
134.673,-110
134.698,41
134.723,118
134.748,136
134.773,100
134.798,23
134.823,-58
134.848,-108
134.873,-117
134.898,-105
134.923,-80
134.948,-23
134.973,78
134.998,204
135.023,301
135.048,342
135.073,356
135.098,402
135.123,502
135.148,620
135.173,701
135.198,729
135.223,728
135.248,727
135.273,729
135.298,720
135.323,712
135.348,737
135.373,814
135.398,910
135.423,959
135.448,913
135.473,787
135.498,638
135.523,517
135.548,432
135.573,363
135.598,289
135.623,211
135.648,138
135.673,68
135.698,-5
135.723,-88
135.748,-167
135.773,-215
135.798,-211
135.823,-158
135.848,-84
135.873,-20
135.898,19
135.923,43
135.948,68
135.973,94
135.998,109
136.023,100
136.048,71
136.073,41
136.098,25
136.123,23
136.148,34
136.173,62
136.198,115
136.223,185
136.248,247
136.273,278
136.298,281
136.323,284
136.348,308
136.373,345
136.398,370
136.423,381
136.448,411
136.473,498
136.498,649
136.523,821
136.548,965
136.573,1064
136.598,1133
136.623,1191
136.648,1231
136.673,1234
136.698,1193
136.723,1129
136.748,1070
136.773,1021
136.798,964
136.823,877
136.848,753
136.873,598
136.898,422
136.923,229
136.948,27
136.973,-177
136.998,-389
137.023,-621
137.048,-886
137.073,-1166
137.098,-1421
137.123,-1619
137.148,-1767
137.173,-1905
137.198,-2075
137.223,-2291
137.248,-2541
137.273,-2817
137.298,-3123
137.323,-3463
137.348,-3825
137.373,-4192
137.398,-4556
137.423,-4920
137.448,-5285
137.473,-5645
137.498,-5997
137.523,-6348
137.548,-6705
137.573,-7050
137.598,-7353
137.623,-7596
137.648,-7794
137.673,-7956
137.698,-8059
137.723,-8066
137.748,-7973
137.773,-7812
137.798,-7594
137.823,-7262
137.848,-6756
137.873,-6103
137.898,-5407
137.923,-4707
137.948,-3900
137.973,-2889
137.998,-1804
138.023,-943
138.048,-352
138.073,521
138.098,2537
138.123,6019
138.148,10199
138.173,13668
138.198,15554
138.223,16291
138.248,17144
138.273,18996
138.298,21669
138.323,24439
138.348,27008
138.373,29725
138.398,32767
138.423,32767
138.448,32767
138.473,32767
138.498,32767
138.523,32767
138.548,32767
138.573,32767
138.598,32767
138.623,32767
138.648,32352
138.673,27402
138.698,20681
138.723,11336
138.748,-212
138.773,-11863
138.798,-20999
138.823,-26258
138.848,-28319
138.873,-29142
138.898,-30486
138.923,-32768
138.948,-32768
138.973,-32768
138.998,-32768
139.023,-32768
139.048,-32768
139.073,-32768
139.098,-32768
139.123,-32768
139.148,-32768
139.173,-32768
139.198,-32768
139.223,-32768
139.248,-32768
139.273,-26246
139.298,-17674
139.323,-10073
139.348,-5036
139.373,-2486
139.398,-961
139.423,1045
139.448,3991
139.473,7301
139.498,10233
139.523,12534
139.548,14356
139.573,15779
139.598,16657
139.623,16901
139.648,16736
139.673,16538
139.698,16465
139.723,16337
139.748,15901
139.773,15135
139.798,14234
139.823,13363
139.848,12508
139.873,11600
139.898,10674
139.923,9866
139.948,9253
139.973,8779
139.998,8358
140.023,7990
140.048,7726
140.073,7542
140.098,7303
140.123,6889
140.148,6317
140.173,5714
140.198,5162
140.223,4610
140.248,3946
140.273,3129
140.298,2239
140.323,1390
140.348,638
140.373,-36
140.398,-672
140.423,-1274
140.448,-1808
140.473,-2220
140.498,-2472
140.523,-2563
140.548,-2544
140.573,-2492
140.598,-2450
140.623,-2391
140.648,-2246
140.673,-1977
140.698,-1624
140.723,-1279
140.748,-1009
140.773,-814
140.798,-642
140.823,-448
140.848,-220
140.873,10
140.898,192
140.923,280
140.948,263
140.973,177
140.998,84
141.023,21
141.048,-28
141.073,-107
141.098,-219
141.123,-302
141.148,-280
141.173,-137
141.198,58
141.223,213
141.248,282
141.273,285
141.298,261
141.323,230
141.348,187
141.373,132
141.398,75
141.423,26
141.448,-20
141.473,-71
141.498,-123
141.523,-166
141.548,-208
141.573,-274
141.598,-376
141.623,-499
141.648,-615
141.673,-722
141.698,-851
141.723,-1019
141.748,-1187
141.773,-1265
141.798,-1185
141.823,-971
141.848,-725
141.873,-553
141.898,-479
141.923,-438
141.948,-336
141.973,-122
141.998,182
142.023,519
142.048,835
142.073,1103
142.098,1312
142.123,1454
142.148,1520
142.173,1510
142.198,1431
142.223,1294
142.248,1100
142.273,857
142.298,589
142.323,342
142.348,170
142.373,105
142.398,137
142.423,223
142.448,308
142.473,355
142.498,349
142.523,291
142.548,191
142.573,61
142.598,-81
142.623,-224
142.648,-362
142.673,-491
142.698,-598
142.723,-652
142.748,-608
142.773,-441
142.798,-174
142.823,124
142.848,367
142.873,495
142.898,500
142.923,428
142.948,344
142.973,307
142.998,344
143.023,443
143.048,557
143.073,632
143.098,639
143.123,591
143.148,521
143.173,444
143.198,347
143.223,210
143.248,51
143.273,-58
143.298,-51
143.323,80
143.348,268
143.373,420
143.398,491
143.423,506
143.448,506
143.473,495
143.498,439
143.523,325
143.548,199
143.573,145
143.598,210
143.623,362
143.648,519
143.673,619
143.698,658
143.723,668
143.748,671
143.773,660
143.798,626
143.823,576
143.848,530
143.873,500
143.898,475
143.923,443
143.948,399
143.973,345
143.998,280
144.023,198
144.048,104
144.073,13
144.098,-63
144.123,-143
144.148,-249
144.173,-377
144.198,-476
144.223,-484
144.248,-385
144.273,-228
144.298,-86
144.323,2
144.348,53
144.373,95
144.398,126
144.423,123
144.448,80
144.473,34
144.498,41
144.523,122
144.548,241
144.573,341
144.598,386
144.623,392
144.648,394
144.673,409
144.698,419
144.723,392
144.748,313
144.773,201
144.798,97
144.823,43
144.848,58
144.873,130
144.898,232
144.923,334
144.948,412
144.973,452
144.998,451
145.023,414
145.048,358
145.073,307
145.098,277
145.123,260
145.148,233
145.173,173
145.198,78
145.223,-27
145.248,-111
145.273,-145
145.298,-124
145.323,-59
145.348,29
145.373,124
145.398,220
145.423,326
145.448,457
145.473,616
145.498,777
145.523,897
145.548,942
145.573,910
145.598,833
145.623,748
145.648,675
145.673,614
145.698,555
145.723,495
145.748,437
145.773,380
145.798,316
145.823,242
145.848,160
145.873,79
145.898,0
145.923,-93
145.948,-212
145.973,-347
145.998,-461
146.023,-508
146.048,-468
146.073,-357
146.098,-227
146.123,-129
146.148,-90
146.173,-98
146.198,-123
146.223,-130
146.248,-101
146.273,-37
146.298,48
146.323,143
146.348,248
146.373,367
146.398,499
146.423,624
146.448,717
146.473,764
146.498,769
146.523,753
146.548,721
146.573,659
146.598,543
146.623,371
146.648,182
146.673,43
146.698,11
146.723,92
146.748,240
146.773,387
146.798,482
146.823,520
146.848,523
146.873,521
146.898,522
146.923,516
146.948,493
146.973,459
146.998,428
147.023,404
147.048,375
147.073,325
147.098,249
147.123,158
147.148,64
147.173,-36
147.198,-157
147.223,-296
147.248,-425
147.273,-514
147.298,-549
147.323,-539
147.348,-495
147.373,-408
147.398,-255
147.423,-33
147.448,226
147.473,470
147.498,662
147.523,792
147.548,869
147.573,892
147.598,859
147.623,781
147.648,694
147.673,636
147.698,616
147.723,612
147.748,591
147.773,540
147.798,472
147.823,410
147.848,364
147.873,331
147.898,296
147.923,242
147.948,150
147.973,20
147.998,-121
148.023,-220
148.048,-224
148.073,-125
148.098,30
148.123,178
148.148,274
148.173,318
148.198,330
148.223,325
148.248,298
148.273,245
148.298,179
148.323,125
148.348,92
148.373,62
148.398,11
148.423,-61
148.448,-131
148.473,-160
148.498,-139
148.523,-89
148.548,-44
148.573,-24
148.598,-30
148.623,-51
148.648,-82
148.673,-110
148.698,-106
148.723,-30
148.748,135
148.773,363
148.798,585
148.823,742
148.848,817
148.873,838
148.898,843
148.923,843
148.948,831
148.973,803
148.998,771
149.023,748
149.048,728
149.073,690
149.098,623
149.123,539
149.148,459
149.173,385
149.198,302
149.223,197
149.248,81
149.273,-26
149.298,-120
149.323,-227
149.348,-376
149.373,-553
149.398,-698
149.423,-743
149.448,-661
149.473,-483
149.498,-271
149.523,-69
149.548,111
149.573,274
149.598,413
149.623,514
149.648,568
149.673,594
149.698,627
149.723,690
149.748,769
149.773,826
149.798,827
149.823,776
149.848,704
149.873,639
149.898,579
149.923,504
149.948,402
149.973,289
149.998,193
150.023,117
150.048,36
150.073,-69
150.098,-181
150.123,-240
150.148,-195
150.173,-54
150.198,122
150.223,269
150.248,359
150.273,403
150.298,421
150.323,419
150.348,395
150.373,358
150.398,331
150.423,322
150.448,320
150.473,303
150.498,259
150.523,195
150.548,120
150.573,35
150.598,-49
150.623,-112
150.648,-121
150.673,-80
150.698,-33
150.723,-31
150.748,-77
150.773,-105
150.798,-36
150.823,143
150.848,362
150.873,523
150.898,582
150.923,573
150.948,560
150.973,572
150.998,587
151.023,571
151.048,524
151.073,474
151.098,441
151.123,421
151.148,394
151.173,348
151.198,287
151.223,210
151.248,111
151.273,-13
151.298,-147
151.323,-260
151.348,-337
151.373,-391
151.398,-441
151.423,-485
151.448,-489
151.473,-412
151.498,-240
151.523,-2
151.548,243
151.573,436
151.598,537
151.623,553
151.648,528
151.673,518
151.698,548
151.723,597
151.748,623
151.773,610
151.798,583
151.823,580
151.848,598
151.873,600
151.898,549
151.923,448
151.948,327
151.973,204
151.998,64
152.023,-96
152.048,-244
152.073,-318
152.098,-284
152.123,-176
152.148,-63
152.173,16
152.198,85
152.223,196
152.248,370
152.273,575
152.298,749
152.323,857
152.348,910
152.373,950
152.398,1014
152.423,1097
152.448,1163
152.473,1177
152.498,1144
152.523,1102
152.548,1074
152.573,1031
152.598,915
152.623,709
152.648,489
152.673,365
152.698,386
152.723,493
152.748,583
152.773,606
152.798,586
152.823,543
152.848,442
152.873,245
152.898,16
152.923,-74
152.948,100
152.973,475
152.998,796
153.023,815
153.048,486
153.073,-32
153.098,-536
153.123,-929
153.148,-1239
153.173,-1524
153.198,-1793
153.223,-2009
153.248,-2137
153.273,-2165
153.298,-2094
153.323,-1936
153.348,-1729
153.373,-1527
153.398,-1362
153.423,-1213
153.448,-1017
153.473,-721
153.498,-318
153.523,152
153.548,620
153.573,1010
153.598,1281
153.623,1458
153.648,1623
153.673,1825
153.698,1991
153.723,1949
153.748,1595
153.773,1051
153.798,621
153.823,549
153.848,797
153.873,1085
153.898,1152
153.923,983
153.948,770
153.973,680
153.998,694
154.023,677
154.048,549
154.073,368
154.098,232
154.123,160
154.148,93
154.173,0
154.198,-72
154.223,-40
154.248,109
154.273,310
154.298,485
154.323,609
154.348,692
154.373,738
154.398,732
154.423,672
154.448,593
154.473,535
154.498,500
154.523,461
154.548,402
154.573,338
154.598,289
154.623,239
154.648,138
154.673,-49
154.698,-301
154.723,-541
154.748,-683
154.773,-679
154.798,-530
154.823,-279
154.848,4
154.873,259
154.898,451
154.923,583
154.948,673
154.973,728
154.998,743
155.023,717
155.048,672
155.073,639
155.098,630
155.123,640
155.148,652
155.173,652
155.198,614
155.223,502
155.248,301
155.273,58
155.298,-134
155.323,-223
155.348,-258
155.373,-362
155.398,-606
155.423,-909
155.448,-1079
155.473,-970
155.498,-608
155.523,-168
155.548,173
155.573,360
155.598,455
155.623,542
155.648,637
155.673,699
155.698,685
155.723,607
155.748,515
155.773,448
155.798,409
155.823,377
155.848,330
155.873,272
155.898,215
155.923,160
155.948,94
155.973,0
155.998,-114
156.023,-216
156.048,-268
156.073,-262
156.098,-229
156.123,-201
156.148,-169
156.173,-84
156.198,97
156.223,350
156.248,588
156.273,731
156.298,766
156.323,747
156.348,730
156.373,725
156.398,703
156.423,649
156.448,572
156.473,495
156.498,418
156.523,331
156.548,234
156.573,144
156.598,67
156.623,-13
156.648,-111
156.673,-190
156.698,-180
156.723,-52
156.748,125
156.773,227
156.798,185
156.823,62
156.848,-5
156.873,64
156.898,226
156.923,367
156.948,419
156.973,415
156.998,430
157.023,489
157.048,543
157.073,531
157.098,444
157.123,329
157.148,234
157.173,164
157.198,91
157.223,-11
157.248,-143
157.273,-276
157.298,-377
157.323,-417
157.348,-391
157.373,-322
157.398,-256
157.423,-219
157.448,-196
157.473,-134
157.498,5
157.523,204
157.548,391
157.573,500
157.598,526
157.623,513
157.648,507
157.673,515
157.698,515
157.723,495
157.748,464
157.773,437
157.798,412
157.823,373
157.848,317
157.873,267
157.898,247
157.923,253
157.948,252
157.973,215
157.998,150
158.023,102
158.048,114
158.073,191
158.098,302
158.123,407
158.148,483
158.173,525
158.198,541
158.223,539
158.248,529
158.273,524
158.298,531
158.323,544
158.348,551
158.373,542
158.398,516
158.423,472
158.448,408
158.473,321
158.498,219
158.523,118
158.548,32
158.573,-41
158.598,-120
158.623,-201
158.648,-254
158.673,-240
158.698,-142
158.723,9
158.748,162
158.773,276
158.798,343
158.823,376
158.848,385
158.873,367
158.898,322
158.923,260
158.948,197
158.973,142
158.998,87
159.023,17
159.048,-72
159.073,-173
159.098,-268
159.123,-339
159.148,-375
159.173,-371
159.198,-329
159.223,-261
159.248,-185
159.273,-114
159.298,-45
159.323,30
159.348,124
159.373,234
159.398,348
159.423,455
159.448,544
159.473,614
159.498,664
159.523,693
159.548,694
159.573,666
159.598,616
159.623,559
159.648,506
159.673,456
159.698,389
159.723,286
159.748,150
159.773,11
159.798,-93
159.823,-149
159.848,-169
159.873,-183
159.898,-211
159.923,-247
159.948,-271
159.973,-255
159.998,-183
160.023,-49
160.048,133
160.073,333
160.098,507
160.123,627
160.148,692
160.173,726
160.198,756
160.223,786
160.248,808
160.273,810
160.298,791
160.323,758
160.348,718
160.373,670
160.398,616
160.423,560
160.448,501
160.473,432
160.498,348
160.523,256
160.548,171
160.573,100
160.598,32
160.623,-50
160.648,-144
160.673,-213
160.698,-208
160.723,-116
160.748,28
160.773,166
160.798,248
160.823,268
160.848,242
160.873,188
160.898,107
160.923,2
160.948,-110
160.973,-203
160.998,-250
161.023,-246
161.048,-202
161.073,-133
161.098,-57
161.123,8
161.148,47
161.173,56
161.198,48
161.223,43
161.248,46
161.273,42
161.298,17
161.323,-17
161.348,-23
161.373,34
161.398,157
161.423,307
161.448,442
161.473,544
161.498,619
161.523,679
161.548,715
161.573,715
161.598,683
161.623,643
161.648,619
161.673,610
161.698,596
161.723,559
161.748,501
161.773,436
161.798,373
161.823,306
161.848,228
161.873,138
161.898,40
161.923,-67
161.948,-187
161.973,-300
161.998,-369
162.023,-362
162.048,-282
162.073,-172
162.098,-74
162.123,2
162.148,79
162.173,176
162.198,283
162.223,370
162.248,422
162.273,454
162.298,492
162.323,537
162.348,569
162.373,569
162.398,540
162.423,499
162.448,451
162.473,390
162.498,308
162.523,215
162.548,125
162.573,35
162.598,-72
162.623,-201
162.648,-315
162.673,-352
162.698,-279
162.723,-126
162.748,38
162.773,160
162.798,239
162.823,305
162.848,376
162.873,435
162.898,455
162.923,433
162.948,394
162.973,365
162.998,350
163.023,335
163.048,309
163.073,278
163.098,251
163.123,226
163.148,192
163.173,146
163.198,98
163.223,56
163.248,16
163.273,-31
163.298,-80
163.323,-101
163.348,-65
163.373,29
163.398,152
163.423,260
163.448,331
163.473,372
163.498,398
163.523,414
163.548,418
163.573,407
163.598,390
163.623,379
163.648,378
163.673,380
163.698,373
163.723,354
163.748,320
163.773,274
163.798,218
163.823,157
163.848,100
163.873,48
163.898,-6
163.923,-62
163.948,-103
163.973,-97
163.998,-18
164.023,120
164.048,276
164.073,399
164.098,466
164.123,494
164.148,508
164.173,520
164.198,520
164.223,495
164.248,455
164.273,425
164.298,421
164.323,428
164.348,415
164.373,367
164.398,299
164.423,238
164.448,192
164.473,137
164.498,46
164.523,-79
164.548,-209
164.573,-311
164.598,-378
164.623,-425
164.648,-453
164.673,-440
164.698,-358
164.723,-210
164.748,-37
164.773,112
164.798,219
164.823,299
164.848,378
164.873,461
164.898,534
164.923,581
164.948,603
164.973,614
164.998,622
165.023,626
165.048,620
165.073,600
165.098,569
165.123,534
165.148,498
165.173,462
165.198,423
165.223,377
165.248,325
165.273,269
165.298,211
165.323,143
165.348,48
165.373,-81
165.398,-228
165.423,-349
165.448,-401
165.473,-373
165.498,-288
165.523,-181
165.548,-70
165.573,51
165.598,186
165.623,321
165.648,431
165.673,507
165.698,560
165.723,606
165.748,649
165.773,679
165.798,689
165.823,678
165.848,650
165.873,602
165.898,531
165.923,445
165.948,367
165.973,319
165.998,297
166.023,269
166.048,202
166.073,81
166.098,-83
166.123,-274
166.148,-460
166.173,-602
166.198,-652
166.223,-580
166.248,-405
166.273,-196
166.298,-24
166.323,81
166.348,150
166.373,226
166.398,325
166.423,430
166.448,518
166.473,587
166.498,647
166.523,697
166.548,720
166.573,699
166.598,644
166.623,583
166.648,529
166.673,464
166.698,366
166.723,231
166.748,82
166.773,-71
166.798,-247
166.823,-467
166.848,-707
166.873,-890
166.898,-934
166.923,-825
166.948,-624
166.973,-421
166.998,-261
167.023,-133
167.048,-5
167.073,131
167.098,266
167.123,390
167.148,514
167.173,641
167.198,759
167.223,839
167.248,869
167.273,862
167.298,834
167.323,800
167.348,775
167.373,793
167.398,884
167.423,1025
167.448,1124
167.473,1065
167.498,799
167.523,391
167.548,-20
167.573,-313
167.598,-441
167.623,-423
167.648,-301
167.673,-121
167.698,66
167.723,205
167.748,272
167.773,288
167.798,307
167.823,361
167.848,433
167.873,487
167.898,510
167.923,523
167.948,548
167.973,573
167.998,571
168.023,532
168.048,476
168.073,417
168.098,345
168.123,236
168.148,100
168.173,-5
168.198,-22
168.223,54
168.248,167
168.273,242
168.298,242
168.323,182
168.348,100
168.373,26
168.398,-18
168.423,-21
168.448,20
168.473,88
168.498,149
168.523,182
168.548,193
168.573,206
168.598,224
168.623,229
168.648,205
168.673,160
168.698,117
168.723,82
168.748,34
168.773,-40
168.798,-124
168.823,-171
168.848,-157
168.873,-105
168.898,-70
168.923,-78
168.948,-113
168.973,-140
168.998,-158
169.023,-191
169.048,-262
169.073,-351
169.098,-419
169.123,-447
169.148,-460
169.173,-495
169.198,-561
169.223,-637
169.248,-702
169.273,-771
169.298,-872
169.323,-1002
169.348,-1090
169.373,-1030
169.398,-752
169.423,-270
169.448,326
169.473,931
169.498,1476
169.523,1942
169.548,2333
169.573,2644
169.598,2862
169.623,2974
169.648,2972
169.673,2851
169.698,2600
169.723,2207
169.748,1694
169.773,1130
169.798,611
169.823,213
169.848,-42
169.873,-191
169.898,-284
169.923,-356
169.948,-420
169.973,-482
169.998,-552
170.023,-626
170.048,-674
170.073,-658
170.098,-563
170.123,-415
170.148,-269
170.173,-163
170.198,-101
170.223,-63
170.248,-31
170.273,-8
170.298,-1
170.323,-11
170.348,-24
170.373,-31
170.398,-36
170.423,-46
170.448,-64
170.473,-78
170.498,-77
170.523,-60
170.548,-42
170.573,-44
170.598,-82
170.623,-150
170.648,-217
170.673,-242
170.698,-198
170.723,-96
170.748,18
170.773,104
170.798,161
170.823,228
170.848,340
170.873,491
170.898,635
170.923,738
170.948,808
170.973,884
170.998,975
171.023,1041
171.048,1023
171.073,899
171.098,708
171.123,508
171.148,327
171.173,152
171.198,-33
171.223,-213
171.248,-339
171.273,-366
171.298,-286
171.323,-135
171.348,31
171.373,163
171.398,231
171.423,239
171.448,217
171.473,198
171.498,205
171.523,232
171.548,268
171.573,309
171.598,358
171.623,402
171.648,414
171.673,365
171.698,259
171.723,129
171.748,7
171.773,-104
171.798,-223
171.823,-343
171.848,-419
171.873,-397
171.898,-271
171.923,-95
171.948,59
171.973,157
171.998,212
172.023,258
172.048,303
172.073,333
172.098,338
172.123,325
172.148,319
172.173,330
172.198,350
172.223,362
172.248,359
172.273,346
172.298,334
172.323,327
172.348,324
172.373,312
172.398,283
172.423,242
172.448,209
172.473,212
172.498,263
172.523,339
172.548,399
172.573,413
172.598,391
172.623,370
172.648,379
172.673,416
172.698,450
172.723,453
172.748,421
172.773,373
172.798,329
172.823,296
172.848,266
172.873,225
172.898,169
172.923,105
172.948,46
172.973,-3
172.998,-51
173.023,-108
173.048,-174
173.073,-223
173.098,-222
173.123,-148
173.148,-17
173.173,128
173.198,247
173.223,323
173.248,363
173.273,384
173.298,398
173.323,404
173.348,401
173.373,388
173.398,368
173.423,338
173.448,297
173.473,243
173.498,178
173.523,112
173.548,53
173.573,3
173.598,-46
173.623,-108
173.648,-190
173.673,-271
173.698,-312
173.723,-277
173.748,-162
173.773,-5
173.798,142
173.823,246
173.848,308
173.873,344
173.898,369
173.923,387
173.948,397
173.973,406
173.998,418
174.023,432
174.048,441
174.073,441
174.098,434
174.123,422
174.148,406
174.173,383
174.198,351
174.223,310
174.248,253
174.273,175
174.298,87
174.323,24
174.348,34
174.373,134
174.398,287
174.423,423
174.448,485
174.473,467
174.498,416
174.523,380
174.548,380
174.573,403
174.598,421
174.623,415
174.648,379
174.673,318
174.698,250
174.723,192
174.748,151
174.773,118
174.798,79
174.823,31
174.848,-16
174.873,-56
174.898,-97
174.923,-158
174.948,-238
174.973,-302
174.998,-300
175.023,-210
175.048,-60
175.073,88
175.098,192
175.123,246
175.148,279
175.173,312
175.198,344
175.223,362
175.248,365
175.273,368
175.298,384
175.323,415
175.348,441
175.373,441
175.398,409
175.423,358
175.448,304
175.473,252
175.498,193
175.523,120
175.548,38
175.573,-24
175.598,-39
175.623,10
175.648,111
175.673,231
175.698,333
175.723,396
175.748,421
175.773,420
175.798,408
175.823,388
175.848,359
175.873,321
175.898,281
175.923,252
175.948,237
175.973,223
175.998,191
176.023,136
176.048,71
176.073,14
176.098,-33
176.123,-87
176.148,-159
176.173,-229
176.198,-251
176.223,-191
176.248,-60
176.273,86
176.298,192
176.323,238
176.348,247
176.373,254
176.398,273
176.423,297
176.448,309
176.473,310
176.498,308
176.523,314
176.548,327
176.573,336
176.598,331
176.623,310
176.648,284
176.673,264
176.698,252
176.723,241
176.748,214
176.773,164
176.798,98
176.823,34
176.848,-10
176.873,-22
176.898,7
176.923,77
176.948,170
176.973,253
176.998,302
177.023,324
177.048,353
177.073,406
177.098,462
177.123,479
177.148,453
177.173,446
177.198,527
177.223,690
177.248,831
177.273,830
177.298,660
177.323,411
177.348,209
177.373,101
177.398,42
177.423,-32
177.448,-127
177.473,-200
177.498,-222
177.523,-224
177.548,-254
177.573,-312
177.598,-340
177.623,-282
177.648,-144
177.673,11
177.698,122
177.723,176
177.748,202
177.773,230
177.798,271
177.823,315
177.848,356
177.873,397
177.898,443
177.923,494
177.948,549
177.973,599
177.998,635
178.023,645
178.048,629
178.073,596
178.098,552
178.123,486
178.148,379
178.173,233
178.198,84
178.223,-24
178.248,-80
178.273,-114
178.298,-167
178.323,-242
178.348,-296
178.373,-284
178.398,-198
178.423,-80
178.448,20
178.473,83
178.498,120
178.523,157
178.548,202
178.573,254
178.598,307
178.623,358
178.648,400
178.673,427
178.698,431
178.723,416
178.748,394
178.773,376
178.798,361
178.823,341
178.848,312
178.873,275
178.898,237
178.923,203
178.948,171
178.973,132
178.998,84
179.023,37
179.048,7
179.073,10
179.098,46
179.123,103
179.148,160
179.173,204
179.198,238
179.223,265
179.248,286
179.273,297
179.298,293
179.323,280
179.348,266
179.373,258
179.398,251
179.423,237
179.448,216
179.473,198
179.498,191
179.523,192
179.548,188
179.573,165
179.598,122
179.623,71
179.648,22
179.673,-26
179.698,-81
179.723,-138
179.748,-173
179.773,-155
179.798,-77
179.823,41
179.848,163
179.873,262
179.898,340
179.923,407
179.948,470
179.973,517
179.998,541
180.023,548
180.048,553
180.073,567
180.098,582
180.123,582
180.148,560
180.173,525
180.198,485
180.223,438
180.248,376
180.273,298
180.298,215
180.323,139
180.348,75
180.373,17
180.398,-37
180.423,-84
180.448,-123
180.473,-158
180.498,-192
180.523,-212
180.548,-195
180.573,-126
180.598,-21
180.623,82
180.648,156
180.673,202
180.698,240
180.723,285
180.748,327
180.773,350
180.798,354
180.823,357
180.848,377
180.873,406
180.898,427
180.923,427
180.948,411
180.973,390
180.998,370
181.023,346
181.048,316
181.073,285
181.098,257
181.123,229
181.148,191
181.173,143
181.198,94
181.223,53
181.248,15
181.273,-31
181.298,-86
181.323,-124
181.348,-111
181.373,-39
181.398,65
181.423,164
181.448,229
181.473,264
181.498,285
181.523,302
181.548,311
181.573,310
181.598,303
181.623,303
181.648,316
181.673,335
181.698,347
181.723,345
181.748,332
181.773,311
181.798,284
181.823,249
181.848,207
181.873,161
181.898,117
181.923,74
181.948,31
181.973,-13
181.998,-50
182.023,-63
182.048,-36
182.073,29
182.098,117
182.123,204
182.148,271
182.173,316
182.198,346
182.223,367
182.248,378
182.273,376
182.298,366
182.323,355
182.348,350
182.373,349
182.398,343
182.423,327
182.448,301
182.473,266
182.498,221
182.523,168
182.548,113
182.573,67
182.598,30
182.623,-6
182.648,-52
182.673,-96
182.698,-108
182.723,-62
182.748,37
182.773,155
182.798,246
182.823,297
182.848,323
182.873,348
182.898,379
182.923,401
182.948,405
182.973,396
182.998,389
183.023,393
183.048,401
183.073,398
183.098,380
183.123,355
183.148,327
183.173,296
183.198,258
183.223,214
183.248,166
183.273,117
183.298,68
183.323,23
183.348,-12
183.373,-41
183.398,-74
183.423,-121
183.448,-173
183.473,-199
183.498,-167
183.523,-73
183.548,54
183.573,170
183.598,251
183.623,303
183.648,346
183.673,387
183.698,415
183.723,423
183.748,420
183.773,424
183.798,443
183.823,465
183.848,474
183.873,464
183.898,442
183.923,418
183.948,389
183.973,352
183.998,307
184.023,263
184.048,227
184.073,193
184.098,153
184.123,104
184.148,56
184.173,16
184.198,-21
184.223,-71
184.248,-129
184.273,-164
184.298,-143
184.323,-58
184.348,59
184.373,165
184.398,233
184.423,266
184.448,284
184.473,293
184.498,292
184.523,282
184.548,272
184.573,271
184.598,272
184.623,252
184.648,201
184.673,129
184.698,58
184.723,-1
184.748,-58
184.773,-122
184.798,-186
184.823,-236
184.848,-266
184.873,-291
184.898,-331
184.923,-377
184.948,-392
184.973,-327
184.998,-161
185.023,92
185.048,394
185.073,701
185.098,976
185.123,1202
185.148,1377
185.173,1512
185.198,1611
185.223,1659
185.248,1631
185.273,1518
185.298,1344
185.323,1152
185.348,966
185.373,772
185.398,540
185.423,267
185.448,-8
185.473,-231
185.498,-373
185.523,-445
185.548,-482
185.573,-507
185.598,-531
185.623,-558
185.648,-590
185.673,-617
185.698,-611
185.723,-545
185.748,-425
185.773,-292
185.798,-190
185.823,-134
185.848,-100
185.873,-57
185.898,-1
185.923,49
185.948,77
185.973,89
185.998,106
186.023,141
186.048,184
186.073,222
186.098,248
186.123,268
186.148,289
186.173,308
186.198,312
186.223,289
186.248,238
186.273,172
186.298,113
186.323,76
186.348,60
186.373,47
186.398,18
186.423,-25
186.448,-60
186.473,-51
186.498,19
186.523,137
186.548,270
186.573,392
186.598,501
186.623,602
186.648,700
186.673,785
186.698,847
186.723,878
186.748,878
186.773,850
186.798,792
186.823,710
186.848,619
186.873,537
186.898,473
186.923,423
186.948,375
186.973,323
186.998,274
187.023,239
187.048,224
187.073,224
187.098,224
187.123,204
187.148,146
187.173,49
187.198,-71
187.223,-176
187.248,-229
187.273,-212
187.298,-138
187.323,-34
187.348,80
187.373,199
187.398,315
187.423,412
187.448,464
187.473,463
187.498,425
187.523,383
187.548,354
187.573,332
187.598,297
187.623,239
187.648,161
187.673,70
187.698,-30
187.723,-140
187.748,-251
187.773,-350
187.798,-429
187.823,-495
187.848,-552
187.873,-584
187.898,-560
187.923,-455
187.948,-279
187.973,-73
187.998,115
188.023,261
188.048,366
188.073,441
188.098,492
188.123,525
188.148,546
188.173,562
188.198,575
188.223,581
188.248,580
188.273,574
188.298,563
188.323,539
188.348,489
188.373,410
188.398,317
188.423,227
188.448,141
188.473,50
188.498,-43
188.523,-116
188.548,-137
188.573,-95
188.598,-15
188.623,68
188.648,136
188.673,198
188.698,266
188.723,336
188.748,389
188.773,417
188.798,430
188.823,450
188.848,480
188.873,509
188.898,515
188.923,493
188.948,451
188.973,398
188.998,338
189.023,272
189.048,202
189.073,134
189.098,67
189.123,-1
189.148,-71
189.173,-125
189.198,-137
189.223,-87
189.248,20
189.273,156
189.298,280
189.323,361
189.348,395
189.373,395
189.398,382
189.423,371
189.448,363
189.473,356
189.498,352
189.523,360
189.548,389
189.573,433
189.598,470
189.623,477
189.648,445
189.673,383
189.698,314
189.723,250
189.748,189
189.773,125
189.798,55
189.823,-13
189.848,-76
189.873,-139
189.898,-212
189.923,-293
189.948,-361
189.973,-381
189.998,-330
190.023,-217
190.048,-77
190.073,52
190.098,157
190.123,247
190.148,332
190.173,411
190.198,464
190.223,485
190.248,482
190.273,480
190.298,491
190.323,504
190.348,502
190.373,475
190.398,433
190.423,387
190.448,337
190.473,274
190.498,197
190.523,121
190.548,55
190.573,-2
190.598,-70
190.623,-152
190.648,-222
190.673,-239
190.698,-181
190.723,-66
190.748,57
190.773,154
190.798,216
190.823,259
190.848,296
190.873,326
190.898,342
190.923,342
190.948,334
190.973,328
190.998,323
191.023,317
191.048,309
191.073,300
191.098,292
191.123,281
191.148,261
191.173,232
191.198,198
191.223,165
191.248,140
191.273,121
191.298,102
191.323,72
191.348,28
191.373,-19
191.398,-48
191.423,-39
191.448,13
191.473,91
191.498,165
191.523,218
191.548,255
191.573,292
191.598,335
191.623,379
191.648,407
191.673,414
191.698,410
191.723,409
191.748,415
191.773,422
191.798,415
191.823,395
191.848,370
191.873,353
191.898,341
191.923,320
191.948,280
191.973,223
191.998,168
192.023,133
192.048,117
192.073,109
192.098,105
192.123,120
192.148,178
192.173,288
192.198,425
192.223,548
192.248,621
192.273,633
192.298,600
192.323,543
192.348,475
192.373,404
192.398,333
192.423,267
192.448,207
192.473,149
192.498,85
192.523,17
192.548,-48
192.573,-103
192.598,-144
192.623,-175
192.648,-202
192.673,-230
192.698,-263
192.723,-302
192.748,-353
192.773,-426
192.798,-523
192.823,-621
192.848,-667
192.873,-609
192.898,-431
192.923,-175
192.948,77
192.973,267
192.998,384
193.023,460
193.048,522
193.073,571
193.098,591
193.123,583
193.148,569
193.173,569
193.198,575
193.223,567
193.248,534
193.273,493
193.298,463
193.323,443
193.348,413
193.373,361
193.398,294
193.423,230
193.448,175
193.473,120
193.498,67
193.523,33
193.548,42
193.573,95
193.598,167
193.623,231
193.648,280
193.673,327
193.698,378
193.723,426
193.748,457
193.773,469
193.798,471
193.823,475
193.848,488
193.873,518
193.898,574
193.923,660
193.948,755
193.973,822
193.998,825
194.023,759
194.048,644
194.073,511
194.098,373
194.123,230
194.148,72
194.173,-105
194.198,-289
194.223,-450
194.248,-548
194.273,-556
194.298,-483
194.323,-372
194.348,-274
194.373,-208
194.398,-163
194.423,-123
194.448,-83
194.473,-49
194.498,-18
194.523,22
194.548,72
194.573,107
194.598,103
194.623,72
194.648,54
194.673,72
194.698,101
194.723,93
194.748,34
194.773,-34
194.798,-61
194.823,-42
194.848,-14
194.873,1
194.898,29
194.923,113
194.948,244
194.973,371
194.998,467
195.023,585
195.048,805
195.073,1122
195.098,1399
195.123,1458
195.148,1238
195.173,859
195.198,523
195.223,355
195.248,330
195.273,339
195.298,311
195.323,254
195.348,207
195.373,178
195.398,138
195.423,62
195.448,-40
195.473,-141
195.498,-225
195.523,-297
195.548,-363
195.573,-409
195.598,-411
195.623,-358
195.648,-266
195.673,-163
195.698,-72
195.723,4
195.748,70
195.773,128
195.798,174
195.823,205
195.848,225
195.873,245
195.898,275
195.923,316
195.948,357
195.973,386
195.998,400
196.023,409
196.048,424
196.073,441
196.098,445
196.123,430
196.148,408
196.173,395
196.198,391
196.223,374
196.248,330
196.273,277
196.298,252
196.323,274
196.348,311
196.373,309
196.398,249
196.423,171
196.448,142
196.473,186
196.498,263
196.523,307
196.548,292
196.573,246
196.598,219
196.623,224
196.648,232
196.673,206
196.698,139
196.723,61
196.748,2
196.773,-26
196.798,-37
196.823,-48
196.848,-64
196.873,-79
196.898,-86
196.923,-84
196.948,-79
196.973,-79
196.998,-97
197.023,-133
197.048,-172
197.073,-191
197.098,-169
197.123,-101
197.148,1
197.173,124
197.198,253
197.223,378
197.248,490
197.273,583
197.298,656
197.323,714
197.348,764
197.373,799
197.398,808
197.423,785
197.448,734
197.473,669
197.498,609
197.523,564
197.548,534
197.573,513
197.598,488
197.623,449
197.648,398
197.673,342
197.698,287
197.723,228
197.748,154
197.773,61
197.798,-37
197.823,-121
197.848,-184
197.873,-236
197.898,-289
197.923,-334
197.948,-347
197.973,-310
197.998,-236
198.023,-158
198.048,-103
198.073,-79
198.098,-77
198.123,-86
198.148,-104
198.173,-122
198.198,-121
198.223,-87
198.248,-20
198.273,59
198.298,135
198.323,206
198.348,282
198.373,369
198.398,456
198.423,527
198.448,569
198.473,581
198.498,574
198.523,562
198.548,555
198.573,556
198.598,544
198.623,490
198.648,373
198.673,214
198.698,68
198.723,-5
198.748,14
198.773,99
198.798,196
198.823,267
198.848,306
198.873,324
198.898,330
198.923,322
198.948,294
198.973,241
198.998,172
199.023,102
199.048,48
199.073,24
199.098,24
199.123,33
199.148,35
199.173,27
199.198,23
199.223,38
199.248,70
199.273,109
199.298,150
199.323,188
199.348,218
199.373,226
199.398,204
199.423,172
199.448,176
199.473,243
199.498,349
199.523,426
199.548,417
199.573,331
199.598,230
199.623,182
199.648,198
199.673,246
199.698,283
199.723,302
199.748,317
199.773,340
199.798,358
199.823,354
199.848,326
199.873,290
199.898,265
199.923,259
199.948,267
199.973,280
199.998,283
200.023,262
200.048,214
200.073,153
200.098,104
200.123,78
200.148,63
200.173,35
200.198,-7
200.223,-32
200.248,1
200.273,93
200.298,201
200.323,274
200.348,302
200.373,316
200.398,345
200.423,383
200.448,400
200.473,389
200.498,383
200.523,415
200.548,474
200.573,504
200.598,462
200.623,365
200.648,278
200.673,246
200.698,255
200.723,256
200.748,227
200.773,190
200.798,173
200.823,155
200.848,74
200.873,-101
200.898,-327
200.923,-498
200.948,-533
200.973,-434
200.998,-277
201.023,-139
201.048,-47
201.073,18
201.098,78
201.123,123
201.148,134
201.173,113
201.198,95
201.223,121
201.248,204
201.273,316
201.298,409
201.323,453
201.348,451
201.373,428
201.398,410
201.423,398
201.448,378
201.473,329
201.498,246
201.523,139
201.548,29
201.573,-57
201.598,-102
201.623,-93
201.648,-28
201.673,75
201.698,193
201.723,302
201.748,394
201.773,478
201.798,561
201.823,634
201.848,680
201.873,687
201.898,664
201.923,638
201.948,629
201.973,631
201.998,611
202.023,534
202.048,393
202.073,221
202.098,70
202.123,-25
202.148,-71
202.173,-107
202.198,-162
202.223,-228
202.248,-261
202.273,-228
202.298,-141
202.323,-49
202.348,6
202.373,23
202.398,37
202.423,77
202.448,139
202.473,192
202.498,217
202.523,219
202.548,218
202.573,229
202.598,252
202.623,288
202.648,343
202.673,417
202.698,487
202.723,529
202.748,537
202.773,528
202.798,519
202.823,494
202.848,414
202.873,265
202.898,94
202.923,-22
202.948,-35
202.973,33
202.998,120
203.023,174
203.048,191
203.073,197
203.098,206
203.123,208
203.148,191
203.173,160
203.198,132
203.223,113
203.248,98
203.273,86
203.298,89
203.323,118
203.348,161
203.373,189
203.398,181
203.423,144
203.448,101
203.473,63
203.498,23
203.523,-24
203.548,-62
203.573,-57
203.598,4
203.623,96
203.648,176
203.673,220
203.698,241
203.723,259
203.748,281
203.773,297
203.798,299
203.823,297
203.848,308
203.873,329
203.898,345
203.923,347
203.948,341
203.973,342
203.998,348
204.023,345
204.048,321
204.073,286
204.098,257
204.123,235
204.148,202
204.173,146
204.198,83
204.223,53
204.248,81
204.273,151
204.298,221
204.323,255
204.348,253
204.373,237
204.398,226
204.423,223
204.448,222
204.473,221
204.498,224
204.523,231
204.548,239
204.573,245
204.598,254
204.623,267
204.648,277
204.673,268
204.698,234
204.723,183
204.748,137
204.773,108
204.798,93
204.823,80
204.848,62
204.873,39
204.898,10
204.923,-29
204.948,-82
204.973,-130
204.998,-146
205.023,-107
205.048,-20
205.073,84
205.098,172
205.123,232
205.148,276
205.173,320
205.198,369
205.223,413
205.248,438
205.273,444
205.298,442
205.323,450
205.348,476
205.373,515
205.398,547
205.423,551
205.448,516
205.473,451
205.498,374
205.523,305
205.548,252
205.573,208
205.598,163
205.623,116
205.648,72
205.673,35
205.698,1
205.723,-38
205.748,-83
205.773,-118
205.798,-122
205.823,-81
205.848,-6
205.873,79
205.898,155
205.923,212
205.948,256
205.973,292
205.998,318
206.023,335
206.048,348
206.073,363
206.098,380
206.123,384
206.148,358
206.173,301
206.198,231
206.223,176
206.248,149
206.273,140
206.298,131
206.323,108
206.348,73
206.373,41
206.398,18
206.423,1
206.448,-18
206.473,-39
206.498,-51
206.523,-39
206.548,0
206.573,56
206.598,110
206.623,154
206.648,198
206.673,256
206.698,336
206.723,427
206.748,509
206.773,567
206.798,603
206.823,623
206.848,623
206.873,593
206.898,526
206.923,436
206.948,352
206.973,294
206.998,258
207.023,221
207.048,165
207.073,90
207.098,5
207.123,-83
207.148,-177
207.173,-267
207.198,-329
207.223,-332
207.248,-272
207.273,-178
207.298,-91
207.323,-28
207.348,23
207.373,92
207.398,183
207.423,279
207.448,364
207.473,437
207.498,514
207.523,598
207.548,666
207.573,689
207.598,659
207.623,601
207.648,544
207.673,498
207.698,441
207.723,349
207.748,224
207.773,98
207.798,10
207.823,-34
207.848,-62
207.873,-109
207.898,-190
207.923,-281
207.948,-344
207.973,-350
207.998,-303
208.023,-233
208.048,-165
208.073,-100
208.098,-21
208.123,86
208.148,212
208.173,320
208.198,379
208.223,393
208.248,401
208.273,446
208.298,535
208.323,636
208.348,705
208.373,727
208.398,716
208.423,694
208.448,665
208.473,616
208.498,547
208.523,481
208.548,449
208.573,446
208.598,427
208.623,341
208.648,183
208.673,4
208.698,-120
208.723,-152
208.748,-109
208.773,-41
208.798,7
208.823,31
208.848,43
208.873,63
208.898,93
208.923,125
208.948,149
208.973,158
208.998,149
209.023,125
209.048,97
209.073,80
209.098,87
209.123,118
209.148,163
209.173,201
209.198,213
209.223,194
209.248,154
209.273,111
209.298,80
209.323,60
209.348,39
209.373,5
209.398,-38
209.423,-72
209.448,-71
209.473,-26
209.498,55
209.523,153
209.548,251
209.573,334
209.598,396
209.623,434
209.648,453
209.673,462
209.698,468
209.723,467
209.748,444
209.773,385
209.798,293
209.823,190
209.848,104
209.873,48
209.898,16
209.923,-10
209.948,-46
209.973,-90
209.998,-130
210.023,-155
210.048,-172
210.073,-196
210.098,-236
210.123,-277
210.148,-284
210.173,-218
210.198,-59
210.223,179
210.248,461
210.273,737
210.298,964
210.323,1113
210.348,1168
210.373,1138
210.398,1049
210.423,938
210.448,836
210.473,765
210.498,735
210.523,759
210.548,839
210.573,963
210.598,1081
210.623,1130
210.648,1061
210.673,878
210.698,635
210.723,400
210.748,214
210.773,70
210.798,-60
210.823,-197
210.848,-328
210.873,-436
210.898,-518
210.923,-594
210.948,-684
210.973,-790
210.998,-893
211.023,-969
211.048,-1003
211.073,-985
211.098,-912
211.123,-790
211.148,-640
211.173,-491
211.198,-361
211.223,-257
211.248,-178
211.273,-130
211.298,-118
211.323,-126
211.348,-109
211.373,-38
211.398,69
211.423,160
211.448,212
211.473,289
211.498,499
211.523,883
211.548,1335
211.573,1657
211.598,1709
211.623,1527
211.648,1276
211.673,1107
211.698,1043
211.723,1000
211.748,900
211.773,753
211.798,624
211.823,553
211.848,511
211.873,442
211.898,326
211.923,193
211.948,79
211.973,-15
211.998,-123
212.023,-266
212.048,-436
212.073,-602
212.098,-734
212.123,-811
212.148,-816
212.173,-747
212.198,-631
212.223,-530
212.248,-496
212.273,-535
212.298,-589
212.323,-584
212.348,-487
212.373,-325
212.398,-149
212.423,4
212.448,142
212.473,283
212.498,433
212.523,583
212.548,723
212.573,855
212.598,974
212.623,1056
212.648,1068
212.673,1003
212.698,898
212.723,811
212.748,780
212.773,798
212.798,826
212.823,831
212.848,810
212.873,776
212.898,741
212.923,703
212.948,661
212.973,619
212.998,574
213.023,514
213.048,420
213.073,296
213.098,171
213.123,80
213.148,26
213.173,-22
213.198,-104
213.223,-226
213.248,-349
213.273,-422
213.298,-424
213.323,-371
213.348,-297
213.373,-222
213.398,-147
213.423,-66
213.448,20
213.473,98
213.498,150
213.523,170
213.548,160
213.573,134
213.598,104
213.623,77
213.648,52
213.673,25
213.698,5
213.723,8
213.748,44
213.773,98
213.798,144
213.823,169
213.848,190
213.873,242
213.898,334
213.923,431
213.948,477
213.973,454
213.998,396
214.023,361
214.048,376
214.073,413
214.098,427
214.123,405
214.148,372
214.173,355
214.198,355
214.223,346
214.248,309
214.273,253
214.298,202
214.323,167
214.348,139
214.373,109
214.398,78
214.423,51
214.448,23
214.473,-20
214.498,-80
214.523,-132
214.548,-146
214.573,-116
214.598,-57
214.623,6
214.648,70
214.673,139
214.698,205
214.723,246
214.748,240
214.773,190
214.798,125
214.823,70
214.848,29
214.873,-12
214.898,-62
214.923,-119
214.948,-171
214.973,-211
214.998,-225
215.023,-194
215.048,-99
215.073,50
215.098,217
215.123,349
215.148,416
215.173,418
215.198,378
215.223,324
215.248,281
215.273,274
215.298,318
215.323,402
215.348,488
215.373,531
215.398,521
215.423,482
215.448,454
215.473,448
215.498,450
215.523,442
215.548,427
215.573,423
215.598,437
215.623,455
215.648,458
215.673,441
215.698,416
215.723,394
215.748,370
215.773,335
215.798,291
215.823,250
215.848,219
215.873,184
215.898,131
215.923,61
215.948,5
215.973,-1
215.998,44
216.023,118
216.048,179
216.073,210
216.098,216
216.123,215
216.148,212
216.173,197
216.198,168
216.223,134
216.248,114
216.273,117
216.298,134
216.323,145
216.348,136
216.373,112
216.398,87
216.423,66
216.448,43
216.473,7
216.498,-41
216.523,-92
216.548,-135
216.573,-174
216.598,-219
216.623,-273
216.648,-314
216.673,-312
216.698,-251
216.723,-152
216.748,-52
216.773,18
216.798,63
216.823,103
216.848,150
216.873,200
216.898,244
216.923,293
216.948,370
216.973,483
216.998,603
217.023,684
217.048,706
217.073,698
217.098,708
217.123,748
217.148,772
217.173,711
217.198,544
217.223,328
217.248,154
217.273,75
217.298,67
217.323,67
217.348,36
217.373,-4
217.398,-8
217.423,45
217.448,135
217.473,216
217.498,266
217.523,294
217.548,321
217.573,354
217.598,389
217.623,418
217.648,441
217.673,463
217.698,481
217.723,484
217.748,465
217.773,426
217.798,375
217.823,321
217.848,265
217.873,211
217.898,158
217.923,110
217.948,70
217.973,38
217.998,13
218.023,-13
218.048,-45
218.073,-72
218.098,-67
218.123,-7
218.148,98
218.173,209
218.198,270
218.223,259
218.248,201
218.273,139
218.298,89
218.323,33
218.348,-48
218.373,-138
218.398,-181
218.423,-134
218.448,-10
218.473,132
218.498,237
218.523,281
218.548,270
218.573,216
218.598,124
218.623,10
218.648,-84
218.673,-120
218.698,-89
218.723,-34
218.748,-3
218.773,-12
218.798,-27
218.823,-2
218.848,80
218.873,197
218.898,307
218.923,382
218.948,422
218.973,440
218.998,454
219.023,479
219.048,527
219.073,596
219.098,670
219.123,725
219.148,749
219.173,748
219.198,738
219.223,723
219.248,694
219.273,646
219.298,587
219.323,529
219.348,461
219.373,353
219.398,187
219.423,-13
219.448,-190
219.473,-290
219.498,-311
219.523,-291
219.548,-265
219.573,-238
219.598,-199
219.623,-158
219.648,-147
219.673,-186
219.698,-248
219.723,-282
219.748,-254
219.773,-183
219.798,-115
219.823,-72
219.848,-43
219.873,-13
219.898,-1
219.923,-38
219.948,-114
219.973,-157
219.998,-78
220.023,146
220.048,445
220.073,692
220.098,797
220.123,762
220.148,657
220.173,565
220.198,523
220.223,521
220.248,523
220.273,500
220.298,452
220.323,403
220.348,378
220.373,379
220.398,390
220.423,395
220.448,402
220.473,435
220.498,499
220.523,576
220.548,636
220.573,679
220.598,727
220.623,790
220.648,832
220.673,799
220.698,670
220.723,492
220.748,336
220.773,235
220.798,158
220.823,59
220.848,-58
220.873,-148
220.898,-166
220.923,-120
220.948,-53
220.973,0
220.998,37
221.023,63
221.048,65
221.073,23
221.098,-55
221.123,-132
221.148,-169
221.173,-169
221.198,-164
221.223,-178
221.248,-200
221.273,-208
221.298,-203
221.323,-210
221.348,-239
221.373,-263
221.398,-248
221.423,-198
221.448,-159
221.473,-168
221.498,-208
221.523,-222
221.548,-172
221.573,-81
221.598,2
221.623,54
221.648,101
221.673,176
221.698,271
221.723,338
221.748,342
221.773,303
221.798,273
221.823,288
221.848,331
221.873,359
221.898,349
221.923,309
221.948,268
221.973,245
221.998,248
222.023,283
222.048,353
222.073,441
222.098,510
222.123,529
222.148,504
222.173,482
222.198,510
222.223,595
222.248,693
222.273,754
222.298,763
222.323,746
222.348,734
222.373,730
222.398,716
222.423,682
222.448,640
222.473,606
222.498,576
222.523,520
222.548,418
222.573,281
222.598,147
222.623,43
222.648,-28
222.673,-89
222.698,-152
222.723,-219
222.748,-292
222.773,-379
222.798,-482
222.823,-578
222.848,-615
222.873,-559
222.898,-430
222.923,-286
222.948,-181
222.973,-117
222.998,-56
223.023,38
223.048,158
223.073,266
223.098,333
223.123,367
223.148,392
223.173,421
223.198,444
223.223,444
223.248,418
223.273,384
223.298,356
223.323,337
223.348,317
223.373,284
223.398,236
223.423,178
223.448,121
223.473,72
223.498,32
223.523,-11
223.548,-68
223.573,-125
223.598,-145
223.623,-94
223.648,32
223.673,193
223.698,339
223.723,446
223.748,529
223.773,607
223.798,680
223.823,726
223.848,736
223.873,725
223.898,717
223.923,715
223.948,702
223.973,667
223.998,616
224.023,552
224.048,457
224.073,302
224.098,90
224.123,-119
224.148,-251
224.173,-274
224.198,-229
224.223,-188
224.248,-188
224.273,-214
224.298,-234
224.323,-248
224.348,-281
224.373,-335
224.398,-368
224.423,-333
224.448,-224
224.473,-88
224.498,15
224.523,66
224.548,76
224.573,64
224.598,28
224.623,-31
224.648,-80
224.673,-55
224.698,82
224.723,312
224.748,552
224.773,726
224.798,801
224.823,799
224.848,751
224.873,675
224.898,576
224.923,470
224.948,391
224.973,367
224.998,390
225.023,416
225.048,397
225.073,323
225.098,226
225.123,153
225.148,124
225.173,127
225.198,137
225.223,140
225.248,142
225.273,148
225.298,145
225.323,114
225.348,53
225.373,-18
225.398,-72
225.423,-97
225.448,-102
225.473,-100
225.498,-94
225.523,-81
225.548,-65
225.573,-56
225.598,-61
225.623,-72
225.648,-79
225.673,-87
225.698,-110
225.723,-145
225.748,-164
225.773,-129
225.798,-38
225.823,65
225.848,139
225.873,182
225.898,240
225.923,357
225.948,519
225.973,658
225.998,717
226.023,697
226.048,646
226.073,610
226.098,591
226.123,558
226.148,486
226.173,380
226.198,262
226.223,151
226.248,58
226.273,-14
226.298,-63
226.323,-98
226.348,-133
226.373,-172
226.398,-191
226.423,-154
226.448,-44
226.473,112
226.498,263
226.523,369
226.548,425
226.573,447
226.598,446
226.623,422
226.648,379
226.673,342
226.698,338
226.723,370
226.748,411
226.773,424
226.798,396
226.823,345
226.848,295
226.873,255
226.898,214
226.923,163
226.948,106
226.973,55
226.998,10
227.023,-42
227.048,-121
227.073,-222
227.098,-310
227.123,-333
227.148,-252
227.173,-82
227.198,120
227.223,283
227.248,370
227.273,390
227.298,384
227.323,379
227.348,377
227.373,365
227.398,345
227.423,333
227.448,342
227.473,362
227.498,372
227.523,359
227.548,333
227.573,308
227.598,285
227.623,254
227.648,209
227.673,160
227.698,118
227.723,80
227.748,33
227.773,-22
227.798,-56
227.823,-30
227.848,65
227.873,197
227.898,311
227.923,377
227.948,402
227.973,416
227.998,434
228.023,450
228.048,448
228.073,424
228.098,394
228.123,374
228.148,362
228.173,341
228.198,295
228.223,228
228.248,159
228.273,108
228.298,74
228.323,39
228.348,-14
228.373,-90
228.398,-176
228.423,-260
228.448,-339
228.473,-404
228.498,-431
228.523,-389
228.548,-269
228.573,-105
228.598,44
228.623,137
228.648,173
228.673,191
228.698,221
228.723,271
228.748,326
228.773,377
228.798,421
228.823,455
228.848,463
228.873,430
228.898,363
228.923,283
228.948,209
228.973,140
228.998,75
229.023,27
229.048,19
229.073,50
229.098,93
229.123,109
229.148,100
229.173,105
229.198,169
229.223,287
229.248,407
229.273,474
229.298,480
229.323,457
229.348,439
229.373,431
229.398,414
229.423,375
229.448,323
229.473,271
229.498,224
229.523,175
229.548,115
229.573,46
229.598,-23
229.623,-87
229.648,-141
229.673,-188
229.698,-235
229.723,-293
229.748,-369
229.773,-456
229.798,-540
229.823,-616
229.848,-691
229.873,-762
229.898,-790
229.923,-706
229.948,-466
229.973,-104
229.998,271
230.023,553
230.048,700
230.073,757
230.098,789
230.123,826
230.148,849
230.173,832
230.198,782
230.223,732
230.248,704
230.273,688
230.298,662
230.323,616
230.348,560
230.373,507
230.398,468
230.423,446
230.448,449
230.473,482
230.498,540
230.523,599
230.548,633
230.573,624
230.598,571
230.623,480
230.648,365
230.673,248
230.698,158
230.723,115
230.748,111
230.773,117
230.798,110
230.823,91
230.848,81
230.873,89
230.898,102
230.923,101
230.948,82
230.973,69
230.998,79
231.023,106
231.048,126
231.073,119
231.098,89
231.123,49
231.148,7
231.173,-45
231.198,-115
231.223,-189
231.248,-252
231.273,-299
231.298,-345
231.323,-399
231.348,-448
231.373,-454
231.398,-396
231.423,-281
231.448,-149
231.473,-31
231.498,62
231.523,146
231.548,231
231.573,314
231.598,384
231.623,438
231.648,481
231.673,524
231.698,569
231.723,606
231.748,623
231.773,612
231.798,576
231.823,519
231.848,444
231.873,356
231.898,258
231.923,158
231.948,61
231.973,-33
231.998,-128
232.023,-216
232.048,-276
232.073,-282
232.098,-223
232.123,-118
232.148,-5
232.173,79
232.198,127
232.223,152
232.248,175
232.273,203
232.298,234
232.323,264
232.348,297
232.373,333
232.398,365
232.423,382
232.448,379
232.473,362
232.498,340
232.523,320
232.548,299
232.573,273
232.598,238
232.623,192
232.648,131
232.673,57
232.698,-23
232.723,-99
232.748,-162
232.773,-211
232.798,-241
232.823,-239
232.848,-184
232.873,-67
232.898,93
232.923,258
232.948,393
232.973,489
232.998,558
233.023,617
233.048,667
233.073,696
233.098,700
233.123,683
233.148,666
233.173,660
233.198,665
233.223,664
233.248,633
233.273,551
233.298,415
233.323,241
233.348,56
233.373,-111
233.398,-247
233.423,-345
233.448,-406
233.473,-435
233.498,-445
233.523,-452
233.548,-457
233.573,-446
233.598,-393
233.623,-293
233.648,-168
233.673,-53
233.698,30
233.723,90
233.748,146
233.773,206
233.798,256
233.823,284
233.848,292
233.873,297
233.898,309
233.923,323
233.948,324
233.973,311
233.998,292
234.023,273
234.048,248
234.073,208
234.098,160
234.123,120
234.148,95
234.173,73
234.198,37
234.223,-4
234.248,-18
234.273,26
234.298,129
234.323,250
234.348,346
234.373,402
234.398,433
234.423,459
234.448,485
234.473,498
234.498,494
234.523,480
234.548,474
234.573,481
234.598,493
234.623,496
234.648,481
234.673,453
234.698,419
234.723,387
234.748,361
234.773,338
234.798,315
234.823,289
234.848,254
234.873,203
234.898,132
234.923,50
234.948,-14
234.973,-23
234.998,38
235.023,146
235.048,237
235.073,258
235.098,199
235.123,106
235.148,34
235.173,6
235.198,3
235.223,-12
235.248,-53
235.273,-92
235.298,-93
235.323,-36
235.348,59
235.373,152
235.398,203
235.423,198
235.448,149
235.473,87
235.498,36
235.523,3
235.548,-17
235.573,-27
235.598,-15
235.623,28
235.648,93
235.673,142
235.698,144
235.723,102
235.748,60
235.773,62
235.798,114
235.823,185
235.848,236
235.873,256
235.898,265
235.923,278
235.948,291
235.973,286
235.998,257
236.023,220
236.048,188
236.073,160
236.098,118
236.123,59
236.148,-1
236.173,-44
236.198,-68
236.223,-97
236.248,-146
236.273,-199
236.298,-215
236.323,-162
236.348,-54
236.373,53
236.398,109
236.423,105
236.448,82
236.473,97
236.498,171
236.523,278
236.548,374
236.573,437
236.598,474
236.623,508
236.648,544
236.673,566
236.698,560
236.723,534
236.748,511
236.773,503
236.798,502
236.823,488
236.848,459
236.873,427
236.898,403
236.923,377
236.948,331
236.973,267
236.998,213
237.023,197
237.048,217
237.073,236
237.098,225
237.123,192
237.148,174
237.173,198
237.198,252
237.223,298
237.248,312
237.273,298
237.298,278
237.323,267
237.348,261
237.373,244
237.398,208
237.423,156
237.448,100
237.473,53
237.498,28
237.523,27
237.548,38
237.573,43
237.598,32
237.623,10
237.648,-11
237.673,-30
237.698,-54
237.723,-87
237.748,-118
237.773,-137
237.798,-151
237.823,-178
237.848,-219
237.873,-244
237.898,-206
237.923,-90
237.948,63
237.973,191
237.998,259
238.023,287
238.048,319
238.073,374
238.098,431
238.123,457
238.148,448
238.173,429
238.198,428
238.223,443
238.248,451
238.273,431
238.298,390
238.323,347
238.348,313
238.373,276
238.398,219
238.423,139
238.448,51
238.473,-18
238.498,-56
238.523,-73
238.548,-90
238.573,-120
238.598,-153
238.623,-158
238.648,-111
238.673,-12
238.698,105
238.723,203
238.748,264
238.773,295
238.798,318
238.823,342
238.848,362
238.873,365
238.898,353
238.923,338
238.948,331
238.973,332
238.998,331
239.023,318
239.048,293
239.073,260
239.098,221
239.123,174
239.148,121
239.173,73
239.198,50
239.223,61
239.248,90
239.273,101
239.298,67
239.323,-7
239.348,-81
239.373,-108
239.398,-71
239.423,5
239.448,77
239.473,121
239.498,150
239.523,192
239.548,261
239.573,342
239.598,405
239.623,435
239.648,443
239.673,445
239.698,447
239.723,438
239.748,412
239.773,373
239.798,335
239.823,306
239.848,280
239.873,246
239.898,206
239.923,168
239.948,135
239.973,99
239.998,51
240.023,-1
240.048,-32
240.073,-14
240.098,53
240.123,143
240.148,219
240.173,263
240.198,281
240.223,288
240.248,288
240.273,279
240.298,257
240.323,222
240.348,178
240.373,130
240.398,84
240.423,51
240.448,41
240.473,46
240.498,43
240.523,12
240.548,-39
240.573,-75
240.598,-68
240.623,-22
240.648,23
240.673,35
240.698,19
240.723,16
240.748,71
240.773,192
240.798,343
240.823,474
240.848,548
240.873,554
240.898,505
240.923,424
240.948,340
240.973,274
240.998,232
241.023,207
241.048,184
241.073,156
241.098,131
241.123,118
241.148,119
241.173,119
241.198,99
241.223,53
241.248,-4
241.273,-46
241.298,-55
241.323,-35
241.348,-10
241.373,-5
241.398,-23
241.423,-43
241.448,-35
241.473,12
241.498,84
241.523,154
241.548,206
241.573,240
241.598,268
241.623,295
241.648,322
241.673,348
241.698,373
241.723,396
241.748,407
241.773,396
241.798,364
241.823,325
241.848,297
241.873,279
241.898,257
241.923,220
241.948,177
241.973,148
241.998,138
242.023,129
242.048,94
242.073,28
242.098,-36
242.123,-61
242.148,-27
242.173,42
242.198,116
242.223,174
242.248,223
242.273,272
242.298,320
242.323,349
242.348,344
242.373,311
242.398,272
242.423,245
242.448,234
242.473,236
242.498,243
242.523,249
242.548,246
242.573,229
242.598,196
242.623,156
242.648,119
242.673,83
242.698,37
242.723,-19
242.748,-70
242.773,-84
242.798,-42
242.823,40
242.848,126
242.873,185
242.898,216
242.923,236
242.948,259
242.973,283
242.998,297
243.023,297
243.048,294
243.073,298
243.098,308
243.123,319
243.148,321
243.173,314
243.198,293
243.223,255
243.248,203
243.273,147
243.298,102
243.323,67
243.348,30
243.373,-22
243.398,-83
243.423,-126
243.448,-127
243.473,-79
243.498,1
243.523,89
243.548,166
243.573,219
243.598,242
243.623,233
243.648,206
243.673,177
243.698,161
243.723,160
243.748,169
243.773,187
243.798,213
243.823,241
243.848,253
243.873,235
243.898,191
243.923,139
243.948,95
243.973,52
243.998,1
244.023,-48
244.048,-63
244.073,-11
244.098,98
244.123,223
244.148,318
244.173,370
244.198,395
244.223,413
244.248,425
244.273,422
244.298,406
244.323,391
244.348,385
244.373,382
244.398,370
244.423,347
244.448,320
244.473,288
244.498,245
244.523,184
244.548,120
244.573,75
244.598,57
244.623,50
244.648,38
244.673,28
244.698,49
244.723,113
244.748,192
244.773,234
244.798,212
244.823,146
244.848,81
244.873,44
244.898,24
244.923,0
244.948,-27
244.973,-40
244.998,-25
245.023,13
245.048,56
245.073,88
245.098,105
245.123,106
245.148,82
245.173,37
245.198,-15
245.223,-57
245.248,-86
245.273,-121
245.298,-174
245.323,-228
245.348,-241
245.373,-182
245.398,-60
245.423,88
245.448,230
245.473,355
245.498,471
245.523,580
245.548,666
245.573,714
245.598,724
245.623,709
245.648,682
245.673,642
245.698,583
245.723,502
245.748,408
245.773,318
245.798,245
245.823,197
245.848,168
245.873,146
245.898,117
245.923,79
245.948,43
245.973,27
245.998,44
246.023,90
246.048,148
246.073,200
246.098,235
246.123,253
246.148,260
246.173,266
246.198,273
246.223,276
246.248,269
246.273,251
246.298,232
246.323,227
246.348,230
246.373,223
246.398,185
246.423,125
246.448,72
246.473,54
246.498,60
246.523,49
246.548,-10
246.573,-112
246.598,-207
246.623,-253
246.648,-238
246.673,-185
246.698,-118
246.723,-45
246.748,31
246.773,105
246.798,161
246.823,186
246.848,185
246.873,174
246.898,167
246.923,172
246.948,188
246.973,208
246.998,221
247.023,219
247.048,203
247.073,181
247.098,157
247.123,123
247.148,76
247.173,30
247.198,21
247.223,76
247.248,183
247.273,299
247.298,390
247.323,460
247.348,531
247.373,597
247.398,607
247.423,516
247.448,343
247.473,169
247.498,77
247.523,75
247.548,106
247.573,117
247.598,111
247.623,131
247.648,189
247.673,239
247.698,221
247.723,132
247.748,29
247.773,-27
247.798,-36
247.823,-46
247.848,-88
247.873,-136
247.898,-129
247.923,-43
247.948,85
247.973,196
247.998,263
248.023,308
248.048,363
248.073,429
248.098,477
248.123,482
248.148,455
248.173,427
248.198,422
248.223,438
248.248,455
248.273,457
248.298,427
248.323,355
248.348,233
248.373,76
248.398,-74
248.423,-175
248.448,-209
248.473,-203
248.498,-203
248.523,-226
248.548,-250
248.573,-231
248.598,-155
248.623,-49
248.648,42
248.673,100
248.698,138
248.723,181
248.748,236
248.773,288
248.798,322
248.823,341
248.848,362
248.873,389
248.898,410
248.923,410
248.948,391
248.973,369
248.998,351
249.023,325
249.048,278
249.073,216
249.098,164
249.123,130
249.148,97
249.173,41
249.198,-29
249.223,-70
249.248,-40
249.273,52
249.298,156
249.323,221
249.348,246
249.373,266
249.398,304
249.423,349
249.448,372
249.473,368
249.498,361
249.523,373
249.548,399
249.573,415
249.598,409
249.623,395
249.648,384
249.673,370
249.698,338
249.723,286
249.748,231
249.773,186
249.798,131
249.823,40
249.848,-78
249.873,-174
249.898,-193
249.923,-133
249.948,-50
249.973,1
249.998,14
250.023,21
250.048,43
250.073,66
250.098,59
250.123,22
250.148,-6
250.173,0
250.198,36
250.223,63
250.248,55
250.273,25
250.298,0
250.323,-15
250.348,-33
250.373,-62
250.398,-86
250.423,-86
250.448,-64
250.473,-44
250.498,-45
250.523,-49
250.548,-20
250.573,58
250.598,165
250.623,262
250.648,328
250.673,374
250.698,418
250.723,462
250.748,492
250.773,500
250.798,497
250.823,501
250.848,521
250.873,547
250.898,557
250.923,534
250.948,482
250.973,416
250.998,357
251.023,314
251.048,281
251.073,241
251.098,187
251.123,131
251.148,101
251.173,123
251.198,193
251.223,283
251.248,356
251.273,394
251.298,398
251.323,388
251.348,377
251.373,367
251.398,347
251.423,302
251.448,236
251.473,176
251.498,163
251.523,216
251.548,304
251.573,358
251.598,317
251.623,179
251.648,-1
251.673,-159
251.698,-268
251.723,-339
251.748,-385
251.773,-389
251.798,-327
251.823,-201
251.848,-62
251.873,28
251.898,45
251.923,16
251.948,-10
251.973,-11
251.998,0
252.023,-3
252.048,-25
252.073,-44
252.098,-31
252.123,17
252.148,83
252.173,132
252.198,145
252.223,128
252.248,104
252.273,95
252.298,104
252.323,116
252.348,121
252.373,127
252.398,162
252.423,247
252.448,372
252.473,499
252.498,584
252.523,608
252.548,587
252.573,549
252.598,519
252.623,504
252.648,499
252.673,498
252.698,494
252.723,482
252.748,459
252.773,421
252.798,370
252.823,312
252.848,255
252.873,208
252.898,177
252.923,154
252.948,127
252.973,86
252.998,39
253.023,9
253.048,21
253.073,76
253.098,147
253.123,196
253.148,194
253.173,145
253.198,71
253.223,2
253.248,-42
253.273,-67
253.298,-80
253.323,-91
253.348,-99
253.373,-100
253.398,-99
253.423,-113
253.448,-158
253.473,-228
253.498,-296
253.523,-323
253.548,-286
253.573,-189
253.598,-50
253.623,113
253.648,284
253.673,439
253.698,544
253.723,578
253.748,551
253.773,502
253.798,467
253.823,455
253.848,449
253.873,435
253.898,419
253.923,420
253.948,436
253.973,448
253.998,431
254.023,388
254.048,346
254.073,328
254.098,336
254.123,344
254.148,332
254.173,297
254.198,259
254.223,240
254.248,247
254.273,273
254.298,304
254.323,327
254.348,334
254.373,322
254.398,295
254.423,260
254.448,227
254.473,201
254.498,184
254.523,173
254.548,164
254.573,149
254.598,126
254.623,97
254.648,70
254.673,46
254.698,13
254.723,-42
254.748,-121
254.773,-197
254.798,-232
254.823,-204
254.848,-126
254.873,-38
254.898,27
254.923,58
254.948,63
254.973,50
254.998,20
255.023,-26
255.048,-71
255.073,-92
255.098,-73
255.123,-24
255.148,28
255.173,69
255.198,100
255.223,128
255.248,149
255.273,145
255.298,104
255.323,46
255.348,13
255.373,46
255.398,146
255.423,275
255.448,384
255.473,444
255.498,462
255.523,464
255.548,469
255.573,476
255.598,477
255.623,467
255.648,450
255.673,432
255.698,412
255.723,382
255.748,341
255.773,297
255.798,253
255.823,205
255.848,142
255.873,64
255.898,-9
255.923,-44
255.948,-21
255.973,46
255.998,117
256.023,158
256.048,162
256.073,155
256.098,160
256.123,180
256.148,199
256.173,204
256.198,200
256.223,203
256.248,220
256.273,238
256.298,237
256.323,214
256.348,185
256.373,166
256.398,155
256.423,130
256.448,81
256.473,30
256.498,12
256.523,53
256.548,140
256.573,233
256.598,300
256.623,331
256.648,341
256.673,344
256.698,344
256.723,336
256.748,320
256.773,307
256.798,310
256.823,330
256.848,346
256.873,323
256.898,234
256.923,85
256.948,-83
256.973,-211
256.998,-260
257.023,-238
257.048,-184
257.073,-134
257.098,-87
257.123,-15
257.148,98
257.173,237
257.198,358
257.223,433
257.248,470
257.273,489
257.298,499
257.323,484
257.348,433
257.373,356
257.398,280
257.423,222
257.448,172
257.473,113
257.498,49
257.523,7
257.548,17
257.573,78
257.598,154
257.623,203
257.648,201
257.673,157
257.698,106
257.723,89
257.748,132
257.773,230
257.798,337
257.823,391
257.848,349
257.873,225
257.898,75
257.923,-39
257.948,-96
257.973,-108
257.998,-95
258.023,-55
258.048,22
258.073,127
258.098,217
258.123,255
258.148,240
258.173,204
258.198,179
258.223,154
258.248,97
258.273,-7
258.298,-128
258.323,-204
258.348,-196
258.373,-113
258.398,-1
258.423,92
258.448,150
258.473,180
258.498,195
258.523,205
258.548,219
258.573,243
258.598,276
258.623,311
258.648,341
258.673,366
258.698,387
258.723,404
258.748,406
258.773,386
258.798,347
258.823,303
258.848,263
258.873,222
258.898,171
258.923,118
258.948,91
258.973,115
258.998,190
259.023,280
259.048,345
259.073,370
259.098,367
259.123,361
259.148,358
259.173,348
259.198,327
259.223,307
259.248,307
259.273,327
259.298,342
259.323,322
259.348,263
259.373,191
259.398,138
259.423,107
259.448,72
259.473,5
259.498,-91
259.523,-193
259.548,-270
259.573,-321
259.598,-353
259.623,-362
259.648,-315
259.673,-182
259.698,31
259.723,270
259.748,460
259.773,558
259.798,576
259.823,559
259.848,548
259.873,551
259.898,556
259.923,548
259.948,525
259.973,490
259.998,432
260.023,331
260.048,167
260.073,-48
260.098,-268
260.123,-430
260.148,-497
260.173,-476
260.198,-408
260.223,-332
260.248,-258
260.273,-170
260.298,-55
260.323,74
260.348,188
260.373,267
260.398,320
260.423,379
260.448,460
260.473,549
260.498,608
260.523,608
260.548,553
260.573,477
260.598,414
260.623,372
260.648,332
260.673,269
260.698,182
260.723,96
260.748,42
260.773,30
260.798,45
260.823,65
260.848,85
260.873,115
260.898,163
260.923,219
260.948,265
260.973,290
260.998,296
261.023,290
261.048,273
261.073,248
261.098,226
261.123,224
261.148,246
261.173,268
261.198,257
261.223,203
261.248,124
261.273,43
261.298,-33
261.323,-121
261.348,-211
261.373,-265
261.398,-232
261.423,-109
261.448,54
261.473,190
261.498,265
261.523,296
261.548,319
261.573,347
261.598,369
261.623,373
261.648,363
261.673,348
261.698,328
261.723,296
261.748,247
261.773,193
261.798,147
261.823,114
261.848,84
261.873,52
261.898,16
261.923,-19
261.948,-58
261.973,-94
261.998,-108
262.023,-72
262.048,22
262.073,149
262.098,264
262.123,337
262.148,372
262.173,394
262.198,418
262.223,435
262.248,432
262.273,412
262.298,392
262.323,389
262.348,401
262.373,406
262.398,386
262.423,340
262.448,284
262.473,237
262.498,206
262.523,180
262.548,139
262.573,75
262.598,2
262.623,-43
262.648,-31
262.673,43
262.698,151
262.723,248
262.748,305
262.773,315
262.798,294
262.823,256
262.848,213
262.873,167
262.898,122
262.923,83
262.948,53
262.973,29
262.998,8
263.023,-19
263.048,-59
263.073,-114
263.098,-177
263.123,-239
263.148,-301
263.173,-374
263.198,-468
263.223,-572
263.248,-646
263.273,-639
263.298,-519
263.323,-292
263.348,4
263.373,316
263.398,594
263.423,793
263.448,885
263.473,867
263.498,771
263.523,647
263.548,541
263.573,470
263.598,416
263.623,358
263.648,291
263.673,235
263.698,209
263.723,216
263.748,234
263.773,239
263.798,233
263.823,241
263.848,295
263.873,400
263.898,526
263.923,627
263.948,671
263.973,661
263.998,618
264.023,564
264.048,503
264.073,433
264.098,356
264.123,278
264.148,206
264.173,136
264.198,61
264.223,-11
264.248,-72
264.273,-114
264.298,-145
264.323,-183
264.348,-241
264.373,-308
264.398,-359
264.423,-364
264.448,-312
264.473,-209
264.498,-79
264.523,46
264.548,144
264.573,206
264.598,242
264.623,267
264.648,286
264.673,294
264.698,287
264.723,272
264.748,263
264.773,264
264.798,266
264.823,260
264.848,249
264.873,249
264.898,267
264.923,288
264.948,292
264.973,281
264.998,290
265.023,352
265.048,466
265.073,580
265.098,628
265.123,579
265.148,458
265.173,316
265.198,196
265.223,110
265.248,51
265.273,14
265.298,3
265.323,21
265.348,58
265.373,92
265.398,104
265.423,89
265.448,54
265.473,3
265.498,-60
265.523,-136
265.548,-210
265.573,-250
265.598,-225
265.623,-131
265.648,3
265.673,129
265.698,214
265.723,253
265.748,271
265.773,286
265.798,297
265.823,291
265.848,267
265.873,239
265.898,227
265.923,230
265.948,231
265.973,217
265.998,197
266.023,185
266.048,183
266.073,172
266.098,140
266.123,103
266.148,98
266.173,147
266.198,224
266.223,275
266.248,261
266.273,191
266.298,113
266.323,64
266.348,47
266.373,43
266.398,46
266.423,64
266.448,103
266.473,142
266.498,155
266.523,133
266.548,100
266.573,83
266.598,80
266.623,62
266.648,15
266.673,-35
266.698,-36
266.723,39
266.748,166
266.773,284
266.798,351
266.823,372
266.848,376
266.873,386
266.898,392
266.923,380
266.948,351
266.973,327
266.998,325
267.023,336
267.048,338
267.073,316
267.098,274
267.123,228
267.148,179
267.173,113
267.198,26
267.223,-61
267.248,-107
267.273,-78
267.298,16
267.323,135
267.348,228
267.373,274
267.398,288
267.423,298
267.448,312
267.473,320
267.498,310
267.523,284
267.548,261
267.573,253
267.598,256
267.623,254
267.648,244
267.673,236
267.698,242
267.723,255
267.748,250
267.773,213
267.798,162
267.823,136
267.848,165
267.873,240
267.898,324
267.923,377
267.948,390
267.973,375
267.998,353
268.023,326
268.048,285
268.073,219
268.098,129
268.123,28
268.148,-73
268.173,-172
268.198,-264
268.223,-340
268.248,-387
268.273,-398
268.298,-386
268.323,-372
268.348,-366
268.373,-355
268.398,-307
268.423,-201
268.448,-50
268.473,109
268.498,244
268.523,340
268.548,408
268.573,457
268.598,492
268.623,511
268.648,522
268.673,537
268.698,562
268.723,595
268.748,623
268.773,633
268.798,615
268.823,564
268.848,482
268.873,386
268.898,296
268.923,221
268.948,151
268.973,70
268.998,-10
269.023,-57
269.048,-34
269.073,46
269.098,132
269.123,169
269.148,149
269.173,110
269.198,95
269.223,116
269.248,157
269.273,207
269.298,270
269.323,345
269.348,414
269.373,447
269.398,431
269.423,383
269.448,324
269.473,256
269.498,164
269.523,49
269.548,-68
269.573,-168
269.598,-252
269.623,-335
269.648,-411
269.673,-436
269.698,-365
269.723,-200
269.748,-4
269.773,148
269.798,230
269.823,265
269.848,290
269.873,311
269.898,313
269.923,290
269.948,264
269.973,265
269.998,300
270.023,346
270.048,369
270.073,362
270.098,341
270.123,329
270.148,337
270.173,352
270.198,350
270.223,318
270.248,263
270.273,211
270.298,185
270.323,185
270.348,185
270.373,157
270.398,100
270.423,46
270.448,28
270.473,48
270.498,80
270.523,93
270.548,89
270.573,91
270.598,118
270.623,155
270.648,172
270.673,159
270.698,135
270.723,128
270.748,140
270.773,140
270.798,101
270.823,30
270.848,-25
270.873,-20
270.898,56
270.923,169
270.948,264
270.973,313
270.998,321
271.023,314
271.048,305
271.073,292
271.098,267
271.123,240
271.148,229
271.173,241
271.198,257
271.223,249
271.248,208
271.273,156
271.298,126
271.323,122
271.348,117
271.373,79
271.398,13
271.423,-35
271.448,-20
271.473,66
271.498,183
271.523,273
271.548,311
271.573,312
271.598,307
271.623,315
271.648,327
271.673,327
271.698,312
271.723,294
271.748,289
271.773,297
271.798,302
271.823,285
271.848,242
271.873,186
271.898,131
271.923,71
271.948,-3
271.973,-88
271.998,-145
272.023,-129
272.048,-33
272.073,90
272.098,176
272.123,195
272.148,179
272.173,170
272.198,174
272.223,146
272.248,58
272.273,-61
272.298,-142
272.323,-146
272.348,-104
272.373,-79
272.398,-98
272.423,-125
272.448,-113
272.473,-61
272.498,-15
272.523,-8
272.548,-10
272.573,41
272.598,180
272.623,368
272.648,530
272.673,619
272.698,645
272.723,644
272.748,635
272.773,610
272.798,562
272.823,503
272.848,461
272.873,450
272.898,456
272.923,448
272.948,408
272.973,339
272.998,267
273.023,214
273.048,182
273.073,150
273.098,95
273.123,20
273.148,-41
273.173,-48
273.198,11
273.223,109
273.248,193
273.273,232
273.298,230
273.323,211
273.348,189
273.373,160
273.398,116
273.423,67
273.448,31
273.473,24
273.498,40
273.523,59
273.548,67
273.573,60
273.598,52
273.623,54
273.648,68
273.673,78
273.698,65
273.723,21
273.748,-29
273.773,-43
273.798,9
273.823,123
273.848,247
273.873,335
273.898,370
273.923,372
273.948,364
273.973,345
273.998,305
274.023,244
274.048,187
274.073,153
274.098,144
274.123,137
274.148,116
274.173,84
274.198,55
274.223,34
274.248,19
274.273,6
274.298,-5
274.323,-18
274.348,-44
274.373,-88
274.398,-128
274.423,-122
274.448,-42
274.473,92
274.498,229
274.523,320
274.548,358
274.573,370
274.598,383
274.623,400
274.648,409
274.673,406
274.698,399
274.723,404
274.748,419
274.773,432
274.798,431
274.823,415
274.848,391
274.873,369
274.898,353
274.923,338
274.948,312
274.973,265
274.998,205
275.023,162
275.048,171
275.073,241
275.098,339
275.123,410
275.148,415
275.173,358
275.198,277
275.223,207
275.248,151
275.273,97
275.298,40
275.323,-9
275.348,-38
275.373,-53
275.398,-76
275.423,-124
275.448,-188
275.473,-241
275.498,-261
275.523,-247
275.548,-223
275.573,-209
275.598,-206
275.623,-190
275.648,-137
275.673,-39
275.698,81
275.723,188
275.748,252
275.773,272
275.798,272
275.823,275
275.848,288
275.873,302
275.898,309
275.923,312
275.948,322
275.973,339
275.998,349
276.023,336
276.048,298
276.073,250
276.098,207
276.123,167
276.148,120
276.173,67
276.198,29
276.223,36
276.248,94
276.273,184
276.298,268
276.323,321
276.348,346
276.373,359
276.398,371
276.423,384
276.448,390
276.473,384
276.498,370
276.523,355
276.548,342
276.573,328
276.598,303
276.623,262
276.648,207
276.673,151
276.698,104
276.723,64
276.748,17
276.773,-49
276.798,-124
276.823,-172
276.848,-157
276.873,-78
276.898,29
276.923,118
276.948,164
276.973,176
276.998,181
277.023,199
277.048,232
277.073,270
277.098,310
277.123,355
277.148,405
277.173,452
277.198,484
277.223,493
277.248,477
277.273,443
277.298,401
277.323,359
277.348,310
277.373,237
277.398,132
277.423,11
277.448,-85
277.473,-112
277.498,-62
277.523,29
277.548,109
277.573,144
277.598,140
277.623,123
277.648,113
277.673,106
277.698,91
277.723,69
277.748,54
277.773,58
277.798,81
277.823,104
277.848,112
277.873,97
277.898,68
277.923,38
277.948,18
277.973,7
277.998,-4
278.023,-26
278.048,-47
278.073,-40
278.098,23
278.123,139
278.148,266
278.173,355
278.198,381
278.223,363
278.248,338
278.273,331
278.298,333
278.323,329
278.348,313
278.373,298
278.398,294
278.423,297
278.448,289
278.473,265
278.498,235
278.523,213
278.548,195
278.573,162
278.598,100
278.623,25
278.648,-21
278.673,-11
278.698,50
278.723,127
278.748,181
278.773,207
278.798,226
278.823,256
278.848,289
278.873,303
278.898,286
278.923,257
278.948,242
278.973,248
278.998,252
279.023,228
279.048,176
279.073,120
279.098,81
279.123,51
279.148,6
279.173,-58
279.198,-114
279.223,-116
279.248,-47
279.273,69
279.298,188
279.323,279
279.348,342
279.373,389
279.398,428
279.423,454
279.448,459
279.473,441
279.498,404
279.523,350
279.548,285
279.573,214
279.598,147
279.623,89
279.648,43
279.673,9
279.698,-14
279.723,-40
279.748,-78
279.773,-131
279.798,-177
279.823,-178
279.848,-111
279.873,10
279.898,137
279.923,221
279.948,248
279.973,243
279.998,237
280.023,245
280.048,257
280.073,262
280.098,260
280.123,263
280.148,274
280.173,283
280.198,276
280.223,247
280.248,204
280.273,161
280.298,127
280.323,103
280.348,79
280.373,50
280.398,21
280.423,8
280.448,32
280.473,98
280.498,193
280.523,292
280.548,373
280.573,427
280.598,455
280.623,464
280.648,461
280.673,451
280.698,437
280.723,419
280.748,398
280.773,380
280.798,368
280.823,358
280.848,337
280.873,290
280.898,219
280.923,143
280.948,82
280.973,41
280.998,9
281.023,-20
281.048,-35
281.073,-16
281.098,37
281.123,104
281.148,156
281.173,186
281.198,211
281.223,243
281.248,277
281.273,294
281.298,285
281.323,265
281.348,249
281.373,241
281.398,232
281.423,209
281.448,175
281.473,135
281.498,97
281.523,61
281.548,30
281.573,2
281.598,-32
281.623,-83
281.648,-145
281.673,-190
281.698,-184
281.723,-116
281.748,-13
281.773,85
281.798,158
281.823,207
281.848,248
281.873,284
281.898,302
281.923,298
281.948,275
281.973,246
281.998,218
282.023,191
282.048,164
282.073,143
282.098,128
282.123,115
282.148,99
282.173,78
282.198,55
282.223,26
282.248,-14
282.273,-61
282.298,-88
282.323,-71
282.348,-7
282.373,75
282.398,141
282.423,177
282.448,196
282.473,217
282.498,242
282.523,259
282.548,258
282.573,245
282.598,233
282.623,231
282.648,250
282.673,298
282.698,375
282.723,465
282.748,535
282.773,557
282.798,527
282.823,464
282.848,387
282.873,306
282.898,227
282.923,171
282.948,162
282.973,205
282.998,275
283.023,331
283.048,346
283.073,326
283.098,286
283.123,235
283.148,167
283.173,78
283.198,-25
283.223,-125
283.248,-201
283.273,-235
283.298,-215
283.323,-143
283.348,-44
283.373,43
283.398,94
283.423,107
283.448,101
283.473,91
283.498,71
283.523,37
283.548,9
283.573,24
283.598,103
283.623,231
283.648,358
283.673,445
283.698,486
283.723,500
283.748,500
283.773,485
283.798,457
283.823,427
283.848,416
283.873,428
283.898,443
283.923,437
283.948,402
283.973,351
283.998,304
284.023,264
284.048,224
284.073,180
284.098,140
284.123,110
284.148,82
284.173,35
284.198,-43
284.223,-133
284.248,-192
284.273,-180
284.298,-98
284.323,18
284.348,127
284.373,207
284.398,264
284.423,314
284.448,356
284.473,377
284.498,371
284.523,355
284.548,355
284.573,386
284.598,433
284.623,469
284.648,477
284.673,457
284.698,421
284.723,369
284.748,298
284.773,204
284.798,98
284.823,-7
284.848,-108
284.873,-203
284.898,-286
284.923,-335
284.948,-330
284.973,-271
284.998,-188
285.023,-123
285.048,-99
285.073,-109
285.098,-125
285.123,-125
285.148,-107
285.173,-82
285.198,-55
285.223,-24
285.248,12
285.273,45
285.298,57
285.323,36
285.348,0
285.373,-15
285.398,23
285.423,111
285.448,206
285.473,264
285.498,273
285.523,270
285.548,301
285.573,377
285.598,457
285.623,492
285.648,474
285.673,444
285.698,449
285.723,490
285.748,520
285.773,496
285.798,426
285.823,363
285.848,354
285.873,394
285.898,434
285.923,433
285.948,394
285.973,348
285.998,317
286.023,289
286.048,245
286.073,181
286.098,115
286.123,61
286.148,12
286.173,-41
286.198,-90
286.223,-101
286.248,-50
286.273,51
286.298,158
286.323,227
286.348,244
286.373,228
286.398,204
286.423,188
286.448,182
286.473,188
286.498,205
286.523,228
286.548,250
286.573,269
286.598,288
286.623,306
286.648,305
286.673,266
286.698,191
286.723,106
286.748,43
286.773,2
286.798,-43
286.823,-114
286.848,-191
286.873,-223
286.898,-173
286.923,-56
286.948,71
286.973,158
286.998,191
287.023,198
287.048,208
287.073,231
287.098,254
287.123,262
287.148,255
287.173,246
287.198,248
287.223,260
287.248,270
287.273,258
287.298,218
287.323,164
287.348,119
287.373,91
287.398,67
287.423,27
287.448,-23
287.473,-53
287.498,-24
287.523,67
287.548,187
287.573,291
287.598,360
287.623,407
287.648,449
287.673,486
287.698,504
287.723,494
287.748,460
287.773,413
287.798,361
287.823,308
287.848,259
287.873,219
287.898,183
287.923,140
287.948,85
287.973,25
287.998,-25
288.023,-68
288.048,-114
288.073,-165
288.098,-198
288.123,-181
288.148,-104
288.173,3
288.198,95
288.223,146
288.248,168
288.273,182
288.298,199
288.323,209
288.348,207
288.373,202
288.398,207
288.423,220
288.448,229
288.473,226
288.498,214
288.523,199
288.548,181
288.573,153
288.598,119
288.623,93
288.648,85
288.673,86
288.698,79
288.723,65
288.748,67
288.773,108
288.798,180
288.823,249
288.848,284
288.873,281
288.898,265
288.923,252
288.948,241
288.973,219
288.998,186
289.023,160
289.048,164
289.073,199
289.098,243
289.123,271
289.148,277
289.173,270
289.198,266
289.223,272
289.248,279
289.273,275
289.298,259
289.323,244
289.348,249
289.373,280
289.398,324
289.423,355
289.448,358
289.473,334
289.498,297
289.523,249
289.548,176
289.573,70
289.598,-52
289.623,-150
289.648,-182
289.673,-141
289.698,-58
289.723,23
289.748,82
289.773,125
289.798,166
289.823,205
289.848,221
289.873,197
289.898,141
289.923,85
289.948,63
289.973,90
289.998,150
290.023,217
290.048,271
290.073,308
290.098,331
290.123,344
290.148,349
290.173,346
290.198,335
290.223,306
290.248,241
290.273,128
290.298,-23
290.323,-175
290.348,-284
290.373,-334
290.398,-335
290.423,-312
290.448,-270
290.473,-205
290.498,-118
290.523,-35
290.548,17
290.573,38
290.598,64
290.623,134
290.648,255
290.673,388
290.698,488
290.723,542
290.748,575
290.773,617
290.798,672
290.823,725
290.848,767
290.873,809
290.898,863
290.923,913
290.948,909
290.973,807
290.998,603
291.023,348
291.048,113
291.073,-54
291.098,-144
291.123,-173
291.148,-167
291.173,-142
291.198,-115
291.223,-100
291.248,-102
291.273,-113
291.298,-111
291.323,-80
291.348,-26
291.373,31
291.398,70
291.423,87
291.448,91
291.473,94
291.498,93
291.523,79
291.548,55
291.573,41
291.598,57
291.623,106
291.648,162
291.673,189
291.698,176
291.723,137
291.748,99
291.773,76
291.798,61
291.823,38
291.848,7
291.873,-8
291.898,16
291.923,92
291.948,196
291.973,289
291.998,336
292.023,332
292.048,299
292.073,270
292.098,260
292.123,258
292.148,243
292.173,206
292.198,168
292.223,157
292.248,186
292.273,235
292.298,270
292.323,270
292.348,239
292.373,190
292.398,129
292.423,52
292.448,-36
292.473,-115
292.498,-154
292.523,-134
292.548,-66
292.573,20
292.598,101
292.623,171
292.648,240
292.673,315
292.698,389
292.723,439
292.748,449
292.773,422
292.798,381
292.823,349
292.848,325
292.873,284
292.898,209
292.923,114
292.948,42
292.973,26
292.998,56
293.023,86
293.048,83
293.073,56
293.098,46
293.123,90
293.148,186
293.173,309
293.198,430
293.223,529
293.248,592
293.273,607
293.298,579
293.323,534
293.348,494
293.373,456
293.398,399
293.423,315
293.448,235
293.473,195
293.498,184
293.523,132
293.548,-19
293.573,-254
293.598,-465
293.623,-549
293.648,-486
293.673,-348
293.698,-217
293.723,-112
293.748,4
293.773,164
293.798,351
293.823,522
293.848,657
293.873,767
293.898,862
293.923,928
293.948,938
293.973,893
293.998,830
294.023,790
294.048,781
294.073,771
294.098,732
294.123,665
294.148,590
294.173,509
294.198,390
294.223,195
294.248,-80
294.273,-391
294.298,-677
294.323,-896
294.348,-1050
294.373,-1158
294.398,-1218
294.423,-1207
294.448,-1102
294.473,-920
294.498,-721
294.523,-565
294.548,-467
294.573,-391
294.598,-285
294.623,-125
294.648,70
294.673,266
294.698,445
294.723,607
294.748,753
294.773,871
294.798,945
294.823,976
294.848,980
294.873,974
294.898,955
294.923,901
294.948,789
294.973,611
294.998,385
295.023,146
295.048,-65
295.073,-215
295.098,-284
295.123,-272
295.148,-201
295.173,-97
295.198,12
295.223,111
295.248,191
295.273,251
295.298,295
295.323,326
295.348,347
295.373,354
295.398,346
295.423,326
295.448,300
295.473,272
295.498,250
295.523,248
295.548,291
295.573,394
295.598,538
295.623,672
295.648,738
295.673,704
295.698,585
295.723,420
295.748,242
295.773,63
295.798,-108
295.823,-254
295.848,-339
295.873,-341
295.898,-268
295.923,-159
295.948,-53
295.973,34
295.998,117
296.023,215
296.048,322
296.073,412
296.098,455
296.123,452
296.148,433
296.173,437
296.198,479
296.223,539
296.248,583
296.273,588
296.298,548
296.323,467
296.348,344
296.373,182
296.398,1
296.423,-159
296.448,-261
296.473,-288
296.498,-255
296.523,-190
296.548,-119
296.573,-61
296.598,-33
296.623,-46
296.648,-102
296.673,-186
296.698,-279
296.723,-366
296.748,-435
296.773,-469
296.798,-446
296.823,-353
296.848,-200
296.873,-10
296.898,197
296.923,418
296.948,642
296.973,832
296.998,934
297.023,913
297.048,788
297.073,617
297.098,451
297.123,305
297.148,167
297.173,33
297.198,-69
297.223,-111
297.248,-85
297.273,-14
297.298,76
297.323,176
297.348,278
297.373,360
297.398,386
297.423,346
297.448,269
297.473,210
297.498,204
297.523,241
297.548,287
297.573,320
297.598,343
297.623,367
297.648,387
297.673,386
297.698,359
297.723,318
297.748,281
297.773,249
297.798,214
297.823,171
297.848,127
297.873,87
297.898,40
297.923,-27
297.948,-110
297.973,-173
297.998,-188
298.023,-157
298.048,-112
298.073,-78
298.098,-46
298.123,13
298.148,113
298.173,232
298.198,333
298.223,397
298.248,433
298.273,459
298.298,477
298.323,479
298.348,462
298.373,434
298.398,408
298.423,386
298.448,361
298.473,330
298.498,291
298.523,245
298.548,192
298.573,130
298.598,63
298.623,-3
298.648,-70
298.673,-141
298.698,-209
298.723,-257
298.748,-263
298.773,-226
298.798,-169
298.823,-118
298.848,-74
298.873,-11
298.898,92
298.923,225
298.948,346
298.973,424
298.998,467
299.023,510
299.048,573
299.073,628
299.098,620
299.123,524
299.148,381
299.173,275
299.198,261
299.223,316
299.248,356
299.273,312
299.298,189
299.323,61
299.348,0
299.373,18
299.398,69
299.423,104
299.448,113
299.473,121
299.498,142
299.523,162
299.548,152
299.573,105
299.598,42
299.623,-13
299.648,-56
299.673,-93
299.698,-128
299.723,-151
299.748,-155
299.773,-143
299.798,-125
299.823,-105
299.848,-80
299.873,-52
299.898,-33
299.923,-29
299.948,-24
299.973,7
299.998,76
300.023,157
300.048,214
300.073,239
300.098,255
300.123,291
300.148,347
300.173,394
300.198,407
300.223,398
300.248,398
300.273,423
300.298,458
300.323,472
300.348,452
300.373,409
300.398,357
300.423,298
300.448,222
300.473,125
300.498,32
300.523,-20
300.548,-4
300.573,75
300.598,192
300.623,309
300.648,404
300.673,478
300.698,541
300.723,600
300.748,647
300.773,669
300.798,667
300.823,652
300.848,632
300.873,598
300.898,530
300.923,420
300.948,282
300.973,138
300.998,-6
301.023,-159
301.048,-316
301.073,-441
301.098,-487
301.123,-446
301.148,-361
301.173,-290
301.198,-258
301.223,-236
301.248,-194
301.273,-138
301.298,-98
301.323,-78
301.348,-29
301.373,106
301.398,324
301.423,543
301.448,667
301.473,666
301.498,588
301.523,498
301.548,418
301.573,326
301.598,209
301.623,96
301.648,33
301.673,30
301.698,53
301.723,68
301.748,82
301.773,130
301.798,228
301.823,337
301.848,394
301.873,370
301.898,294
301.923,225
301.948,189
301.973,169
301.998,133
302.023,74
302.048,15
302.073,-29
302.098,-77
302.123,-156
302.148,-268
302.173,-365
302.198,-389
302.223,-317
302.248,-190
302.273,-70
302.298,7
302.323,63
302.348,135
302.373,232
302.398,318
302.423,343
302.448,294
302.473,205
302.498,125
302.523,79
302.548,60
302.573,53
302.598,54
302.623,68
302.648,92
302.673,109
302.698,110
302.723,115
302.748,154
302.773,241
302.798,348
302.823,434
302.848,473
302.873,483
302.898,498
302.923,535
302.948,580
302.973,608
302.998,613
303.023,610
303.048,616
303.073,625
303.098,618
303.123,583
303.148,530
303.173,481
303.198,443
303.223,402
303.248,339
303.273,252
303.298,158
303.323,80
303.348,28
303.373,-7
303.398,-38
303.423,-65
303.448,-81
303.473,-79
303.498,-58
303.523,-29
303.548,1
303.573,27
303.598,40
303.623,29
303.648,-12
303.673,-78
303.698,-144
303.723,-178
303.748,-167
303.773,-124
303.798,-79
303.823,-63
303.848,-83
303.873,-118
303.898,-133
303.923,-99
303.948,-10
303.973,113
303.998,235
304.023,326
304.048,378
304.073,404
304.098,425
304.123,446
304.148,458
304.173,453
304.198,438
304.223,432
304.248,440
304.273,445
304.298,420
304.323,361
304.348,286
304.373,222
304.398,164
304.423,75
304.448,-71
304.473,-249
304.498,-384
304.523,-404
304.548,-300
304.573,-132
304.598,26
304.623,147
304.648,247
304.673,351
304.698,450
304.723,508
304.748,511
304.773,485
304.798,481
304.823,522
304.848,581
304.873,619
304.898,624
304.923,618
304.948,623
304.973,620
304.998,562
305.023,413
305.048,195
305.073,-36
305.098,-236
305.123,-397
305.148,-539
305.173,-664
305.198,-745
305.223,-754
305.248,-694
305.273,-601
305.298,-513
305.323,-431
305.348,-329
305.373,-186
305.398,-10
305.423,164
305.448,309
305.473,421
305.498,507
305.523,570
305.548,596
305.573,575
305.598,516
305.623,449
305.648,406
305.673,394
305.698,399
305.723,402
305.748,398
305.773,396
305.798,403
305.823,406
305.848,381
305.873,316
305.898,228
305.923,153
305.948,127
305.973,161
305.998,235
306.023,322
306.048,398
306.073,445
306.098,449
306.123,407
306.148,329
306.173,248
306.198,196
306.223,192
306.248,225
306.273,272
306.298,320
306.323,368
306.348,415
306.373,445
306.398,431
306.423,362
306.448,253
306.473,138
306.498,53
306.523,12
306.548,11
306.573,43
306.598,98
306.623,162
306.648,211
306.673,223
306.698,196
306.723,152
306.748,127
306.773,145
306.798,195
306.823,240
306.848,245
306.873,201
306.898,122
306.923,19
306.948,-114
306.973,-294
306.998,-509
307.023,-708
307.048,-819
307.073,-804
307.098,-685
307.123,-528
307.148,-394
307.173,-297
307.198,-215
307.223,-127
307.248,-35
307.273,42
307.298,106
307.323,174
307.348,266
307.373,380
307.398,489
307.423,569
307.448,617
307.473,648
307.498,675
307.523,695
307.548,695
307.573,675
307.598,650
307.623,633
307.648,621
307.673,600
307.698,556
307.723,495
307.748,429
307.773,363
307.798,290
307.823,200
307.848,102
307.873,24
307.898,-7
307.923,4
307.948,39
307.973,67
307.998,82
308.023,98
308.048,127
308.073,164
308.098,190
308.123,194
308.148,179
308.173,161
308.198,151
308.223,149
308.248,150
308.273,150
308.298,148
308.323,143
308.348,131
308.373,112
308.398,87
308.423,60
308.448,31
308.473,4
308.498,-6
308.523,13
308.548,68
308.573,137
308.598,191
308.623,216
308.648,226
308.673,247
308.698,287
308.723,330
308.748,357
308.773,368
308.798,377
308.823,392
308.848,400
308.873,380
308.898,329
308.923,264
308.948,203
308.973,142
308.998,62
309.023,-39
309.048,-138
309.073,-190
309.098,-169
309.123,-91
309.148,6
309.173,91
309.198,153
309.223,199
309.248,229
309.273,236
309.298,217
309.323,185
309.348,158
309.373,150
309.398,153
309.423,154
309.448,143
309.473,122
309.498,101
309.523,84
309.548,63
309.573,31
309.598,-10
309.623,-44
309.648,-45
309.673,0
309.698,89
309.723,196
309.748,296
309.773,374
309.798,432
309.823,483
309.848,532
309.873,573
309.898,599
309.923,607
309.948,612
309.973,622
309.998,632
310.023,621
310.048,571
310.073,488
310.098,395
310.123,307
310.148,221
310.173,119
310.198,-2
310.223,-120
310.248,-196
310.273,-210
310.298,-177
310.323,-129
310.348,-91
310.373,-62
310.398,-32
310.423,5
310.448,40
310.473,60
310.498,62
310.523,57
310.548,58
310.573,73
310.598,95
310.623,117
310.648,136
310.673,155
310.698,177
310.723,202
310.748,217
310.773,215
310.798,199
310.823,191
310.848,215
310.873,271
310.898,329
310.923,345
310.948,298
310.973,205
310.998,109
311.023,39
311.048,-10
311.073,-65
311.098,-137
311.123,-202
311.148,-226
311.173,-194
311.198,-126
311.223,-58
311.248,-10
311.273,25
311.298,63
311.323,101
311.348,118
311.373,98
311.398,49
311.423,8
311.448,13
311.473,78
311.498,188
311.523,312
311.548,422
311.573,503
311.598,555
311.623,587
311.648,604
311.673,608
311.698,596
311.723,569
311.748,538
311.773,511
311.798,487
311.823,451
311.848,395
311.873,327
311.898,269
311.923,232
311.948,205
311.973,161
311.998,93
312.023,32
312.048,23
312.073,82
312.098,180
312.123,266
312.148,312
312.173,322
312.198,318
312.223,306
312.248,280
312.273,235
312.298,184
312.323,148
312.348,135
312.373,138
312.398,141
312.423,132
312.448,104
312.473,57
312.498,-6
312.523,-72
312.548,-129
312.573,-175
312.598,-219
312.623,-262
312.648,-276
312.673,-222
312.698,-89
312.723,84
312.748,230
312.773,302
312.798,307
312.823,291
312.848,286
312.873,291
312.898,283
312.923,253
312.948,219
312.973,204
312.998,211
313.023,219
313.048,200
313.073,142
313.098,56
313.123,-33
313.148,-107
313.173,-162
313.198,-204
313.223,-238
313.248,-251
313.273,-219
313.298,-127
313.323,9
313.348,151
313.373,259
313.398,319
313.423,343
313.448,353
313.473,358
313.498,357
313.523,346
313.548,328
313.573,308
313.598,290
313.623,280
313.648,287
313.673,316
313.698,350
313.723,367
313.748,353
313.773,315
313.798,274
313.823,240
313.848,209
313.873,180
313.898,175
313.923,228
313.948,348
313.973,503
313.998,642
314.023,737
314.048,797
314.073,848
314.098,895
314.123,921
314.148,910
314.173,865
314.198,798
314.223,708
314.248,578
314.273,397
314.298,184
314.323,-21
314.348,-183
314.373,-295
314.398,-376
314.423,-452
314.448,-526
314.473,-579
314.498,-580
314.523,-509
314.548,-374
314.573,-214
314.598,-78
314.623,7
314.648,49
314.673,69
314.698,73
314.723,52
314.748,9
314.773,-22
314.798,1
314.823,96
314.848,212
314.873,276
314.898,244
314.923,143
314.948,34
314.973,-36
314.998,-69
315.023,-75
315.048,-52
315.073,24
315.098,165
315.123,340
315.148,496
315.173,596
315.198,632
315.223,624
315.248,591
315.273,545
315.298,492
315.323,440
315.348,389
315.373,326
315.398,240
315.423,132
315.448,19
315.473,-82
315.498,-175
315.523,-276
315.548,-392
315.573,-507
315.598,-586
315.623,-598
315.648,-536
315.673,-412
315.698,-255
315.723,-86
315.748,75
315.773,229
315.798,380
315.823,529
315.848,666
315.873,767
315.898,817
315.923,820
315.948,797
315.973,773
315.998,755
316.023,734
316.048,695
316.073,628
316.098,522
316.123,373
316.148,189
316.173,0
316.198,-150
316.223,-241
316.248,-275
316.273,-276
316.298,-252
316.323,-188
316.348,-72
316.373,72
316.398,195
316.423,256
316.448,259
316.473,244
316.498,244
316.523,254
316.548,248
316.573,215
316.598,169
316.623,131
316.648,96
316.673,45
316.698,-19
316.723,-55
316.748,-13
316.773,117
316.798,291
316.823,442
316.848,531
316.873,565
316.898,568
316.923,555
316.948,522
316.973,471
316.998,419
317.023,383
317.048,364
317.073,338
317.098,284
317.123,202
317.148,116
317.173,45
317.198,-10
317.223,-65
317.248,-128
317.273,-188
317.298,-216
317.323,-189
317.348,-110
317.373,-10
317.398,75
317.423,128
317.448,150
317.473,154
317.498,150
317.523,142
317.548,136
317.573,142
317.598,172
317.623,219
317.648,260
317.673,278
317.698,276
317.723,273
317.748,280
317.773,277
317.798,241
317.823,171
317.848,109
317.873,106
317.898,179
317.923,292
317.948,387
317.973,433
317.998,443
318.023,446
318.048,451
318.073,448
318.098,428
318.123,404
318.148,396
318.173,406
318.198,406
318.223,372
318.248,310
318.273,254
318.298,224
318.323,203
318.348,148
318.373,49
318.398,-48
318.423,-75
318.448,0
318.473,136
318.498,260
318.523,321
318.548,327
318.573,314
318.598,300
318.623,272
318.648,213
318.673,138
318.698,80
318.723,51
318.748,25
318.773,-28
318.798,-112
318.823,-193
318.848,-253
318.873,-322
318.898,-458
318.923,-678
318.948,-926
318.973,-1110
318.998,-1176
319.023,-1145
319.048,-1075
319.073,-999
319.098,-903
319.123,-760
319.148,-576
319.173,-383
319.198,-198
319.223,10
319.248,292
319.273,657
319.298,1046
319.323,1368
319.348,1556
319.373,1612
319.398,1582
319.423,1512
319.448,1419
319.473,1295
319.498,1138
319.523,970
319.548,828
319.573,743
319.598,718
319.623,726
319.648,729
319.673,698
319.698,634
319.723,559
319.748,495
319.773,442
319.798,385
319.823,311
319.848,229
319.873,164
319.898,127
319.923,103
319.948,65
319.973,-2
319.998,-83
320.023,-155
320.048,-216
320.073,-288
320.098,-383
320.123,-477
320.148,-512
320.173,-452
320.198,-316
320.223,-175
320.248,-90
320.273,-67
320.298,-62
320.323,-36
320.348,14
320.373,63
320.398,97
320.423,128
320.448,175
320.473,232
320.498,266
320.523,253
320.548,208
320.573,173
320.598,165
320.623,162
320.648,124
320.673,44
320.698,-28
320.723,-32
320.748,47
320.773,164
320.798,250
320.823,280
320.848,288
320.873,333
320.898,432
320.923,554
320.948,648
320.973,695
320.998,712
321.023,720
321.048,719
321.073,693
321.098,646
321.123,601
321.148,576
321.173,550
321.198,481
321.223,353
321.248,206
321.273,106
321.298,83
321.323,101
321.348,99
321.373,49
321.398,-26
321.423,-86
321.448,-119
321.473,-142
321.498,-174
321.523,-210
321.548,-241
321.573,-274
321.598,-327
321.623,-398
321.648,-455
321.673,-466
321.698,-431
321.723,-384
321.748,-351
321.773,-331
321.798,-306
321.823,-279
321.848,-281
321.873,-334
321.898,-414
321.923,-468
321.948,-458
321.973,-390
321.998,-302
322.023,-213
322.048,-117
322.073,-5
322.098,105
322.123,187
322.148,235
322.173,284
322.198,372
322.223,499
322.248,619
322.273,683
322.298,691
322.323,691
322.348,743
322.373,864
322.398,1026
322.423,1179
322.448,1296
322.473,1377
322.498,1430
322.523,1457
322.548,1455
322.573,1433
322.598,1417
322.623,1427
322.648,1454
322.673,1464
322.698,1415
322.723,1291
322.748,1099
322.773,848
322.798,542
322.823,194
322.848,-146
322.873,-411
322.898,-556
322.923,-602
322.948,-611
322.973,-633
322.998,-665
323.023,-676
323.048,-659
323.073,-654
323.098,-708
323.123,-816
323.148,-928
323.173,-997
323.198,-1021
323.223,-1037
323.248,-1070
323.273,-1108
323.298,-1135
323.323,-1156
323.348,-1190
323.373,-1231
323.398,-1232
323.423,-1151
323.448,-999
323.473,-836
323.498,-715
323.523,-624
323.548,-500
323.573,-291
323.598,2
323.623,336
323.648,662
323.673,952
323.698,1187
323.723,1357
323.748,1469
323.773,1553
323.798,1633
323.823,1694
323.848,1691
323.873,1600
323.898,1463
323.923,1370
323.948,1378
323.973,1459
323.998,1524
324.023,1513
324.048,1442
324.073,1368
324.098,1318
324.123,1260
324.148,1144
324.173,961
324.198,753
324.223,570
324.248,424
324.273,292
324.298,153
324.323,3
324.348,-143
324.373,-279
324.398,-400
324.423,-497
324.448,-551
324.473,-552
324.498,-519
324.523,-484
324.548,-463
324.573,-450
324.598,-428
324.623,-400
324.648,-388
324.673,-412
324.698,-463
324.723,-515
324.748,-544
324.773,-550
324.798,-548
324.823,-547
324.848,-548
324.873,-548
324.898,-552
324.923,-562
324.948,-563
324.973,-527
324.998,-434
325.023,-290
325.048,-122
325.073,43
325.098,196
325.123,335
325.148,454
325.173,539
325.198,581
325.223,588
325.248,588
325.273,604
325.298,638
325.323,673
325.348,688
325.373,675
325.398,631
325.423,558
325.448,457
325.473,341
325.498,238
325.523,180
325.548,183
325.573,232
325.598,297
325.623,357
325.648,408
325.673,458
325.698,506
325.723,538
325.748,540
325.773,518
325.798,490
325.823,468
325.848,447
325.873,413
325.898,362
325.923,305
325.948,261
325.973,226
325.998,183
326.023,116
326.048,35
326.073,-28
326.098,-50
326.123,-36
326.148,-16
326.173,-14
326.198,-29
326.223,-40
326.248,-32
326.273,-11
326.298,4
326.323,10
326.348,15
326.373,37
326.398,76
326.423,116
326.448,137
326.473,135
326.498,119
326.523,104
326.548,90
326.573,64
326.598,18
326.623,-33
326.648,-63
326.673,-46
326.698,16
326.723,99
326.748,170
326.773,211
326.798,229
326.823,238
326.848,247
326.873,251
326.898,244
326.923,230
326.948,218
326.973,216
326.998,219
327.023,216
327.048,199
327.073,174
327.098,155
327.123,145
327.148,132
327.173,103
327.198,59
327.223,25
327.248,31
327.273,89
327.298,178
327.323,263
327.348,314
327.373,330
327.398,329
327.423,327
327.448,322
327.473,311
327.498,292
327.523,279
327.548,281
327.573,289
327.598,285
327.623,258
327.648,219
327.673,187
327.698,166
327.723,142
327.748,98
327.773,43
327.798,10
327.823,27
327.848,90
327.873,161
327.898,207
327.923,219
327.948,213
327.973,205
327.998,192
328.023,161
328.048,112
328.073,64
328.098,36
328.123,34
328.148,41
328.173,39
328.198,26
328.223,14
328.248,12
328.273,19
328.298,23
328.323,14
328.348,1
328.373,7
328.398,55
328.423,153
328.448,280
328.473,400
328.498,481
328.523,520
328.548,533
328.573,539
328.598,538
328.623,516
328.648,472
328.673,421
328.698,386
328.723,367
328.748,339
328.773,283
328.798,205
328.823,138
328.848,104
328.873,90
328.898,62
328.923,5
328.948,-52
328.973,-70
328.998,-29
329.023,42
329.048,100
329.073,112
329.098,86
329.123,45
329.148,10
329.173,-12
329.198,-24
329.223,-26
329.248,-20
329.273,-10
329.298,0
329.323,15
329.348,40
329.373,75
329.398,111
329.423,136
329.448,146
329.473,146
329.498,147
329.523,155
329.548,179
329.573,226
329.598,301
329.623,394
329.648,485
329.673,552
329.698,591
329.723,613
329.748,631
329.773,645
329.798,639
329.823,601
329.848,535
329.873,466
329.898,414
329.923,381
329.948,349
329.973,300
329.998,234
330.023,172
330.048,130
330.073,101
330.098,57
330.123,-19
330.148,-113
330.173,-175
330.198,-168
330.223,-94
330.248,-1
330.273,59
330.298,71
330.323,53
330.348,28
330.373,0
330.398,-42
330.423,-96
330.448,-142
330.473,-159
330.498,-150
330.523,-140
330.548,-145
330.573,-162
330.598,-174
330.623,-179
330.648,-194
330.673,-234
330.698,-293
330.723,-348
330.748,-375
330.773,-370
330.798,-329
330.823,-247
330.848,-117
330.873,40
330.898,181
330.923,265
330.948,294
330.973,310
330.998,364
331.023,461
331.048,565
331.073,635
331.098,659
331.123,658
331.148,656
331.173,657
331.198,646
331.223,611
331.248,557
331.273,504
331.298,473
331.323,476
331.348,512
331.373,561
331.398,588
331.423,564
331.448,493
331.473,418
331.498,399
331.523,466
331.548,588
331.573,686
331.598,682
331.623,543
331.648,292
331.673,-8
331.698,-288
331.723,-494
331.748,-601
331.773,-614
331.798,-563
331.823,-474
331.848,-361
331.873,-219
331.898,-45
331.923,145
331.948,329
331.973,482
331.998,598
332.023,679
332.048,726
332.073,734
332.098,704
332.123,650
332.148,594
332.173,546
332.198,502
332.223,446
332.248,376
332.273,305
332.298,244
332.323,189
332.348,114
332.373,0
332.398,-143
332.423,-267
332.448,-314
332.473,-255
332.498,-106
332.523,78
332.548,235
332.573,315
332.598,297
332.623,176
332.648,-29
332.673,-285
332.698,-534
332.723,-720
332.748,-811
332.773,-816
332.798,-766
332.823,-686
332.848,-580
332.873,-447
332.898,-300
332.923,-167
332.948,-66
332.973,19
332.998,132
333.023,297
333.048,497
333.073,687
333.098,830
333.123,924
333.148,983
333.173,1014
333.198,1014
333.223,990
333.248,973
333.273,992
333.298,1044
333.323,1081
333.348,1050
333.373,939
333.398,780
333.423,619
333.448,471
333.473,318
333.498,138
333.523,-61
333.548,-243
333.573,-364
333.598,-398
333.623,-348
333.648,-240
333.673,-119
333.698,-33
333.723,-11
333.748,-48
333.773,-112
333.798,-170
333.823,-211
333.848,-243
333.873,-267
333.898,-265
333.923,-221
333.948,-142
333.973,-62
333.998,-9
334.023,19
334.048,57
334.073,123
334.098,199
334.123,243
334.148,235
334.173,196
334.198,174
334.223,202
334.248,273
334.273,355
334.298,421
334.323,465
334.348,491
334.373,500
334.398,487
334.423,459
334.448,434
334.473,426
334.498,428
334.523,412
334.548,351
334.573,248
334.598,139
334.623,69
334.648,54
334.673,72
334.698,82
334.723,57
334.748,2
334.773,-49
334.798,-67
334.823,-35
334.848,42
334.873,145
334.898,245
334.923,308
334.948,310
334.973,256
334.998,185
335.023,143
335.048,147
335.073,167
335.098,156
335.123,100
335.148,42
335.173,42
335.198,119
335.223,230
335.248,305
335.273,305
335.298,239
335.323,140
335.348,23
335.373,-111
335.398,-248
335.423,-341
335.448,-341
335.473,-232
335.498,-49
335.523,151
335.548,335
335.573,487
335.598,600
335.623,658
335.648,655
335.673,612
335.698,574
335.723,572
335.748,602
335.773,631
335.798,633
335.823,615
335.848,593
335.873,576
335.898,548
335.923,499
335.948,437
335.973,384
335.998,343
336.023,291
336.048,194
336.073,38
336.098,-153
336.123,-336
336.148,-468
336.173,-526
336.198,-507
336.223,-426
336.248,-314
336.273,-207
336.298,-131
336.323,-85
336.348,-45
336.373,9
336.398,80
336.423,146
336.448,187
336.473,206
336.498,225
336.523,266
336.548,331
336.573,403
336.598,464
336.623,504
336.648,525
336.673,532
336.698,523
336.723,501
336.748,471
336.773,446
336.798,435
336.823,437
336.848,438
336.873,422
336.898,388
336.923,345
336.948,304
336.973,263
336.998,208
337.023,125
337.048,19
337.073,-76
337.098,-126
337.123,-113
337.148,-57
337.173,1
337.198,25
337.223,6
337.248,-41
337.273,-95
337.298,-144
337.323,-183
337.348,-212
337.373,-226
337.398,-223
337.423,-206
337.448,-180
337.473,-149
337.498,-108
337.523,-58
337.548,-7
337.573,29
337.598,51
337.623,78
337.648,138
337.673,244
337.698,377
337.723,507
337.748,608
337.773,679
337.798,729
337.823,764
337.848,783
337.873,788
337.898,788
337.923,788
337.948,767
337.973,689
337.998,532
338.023,318
338.048,99
338.073,-82
338.098,-223
338.123,-343
338.148,-441
338.173,-480
338.198,-417
338.223,-256
338.248,-63
338.273,84
338.298,158
338.323,183
338.348,202
338.373,227
338.398,238
338.423,219
338.448,182
338.473,153
338.498,143
338.523,140
338.548,129
338.573,115
338.598,108
338.623,103
338.648,83
338.673,45
338.698,20
338.723,52
338.748,155
338.773,299
338.798,429
338.823,517
338.848,571
338.873,607
338.898,622
338.923,595
338.948,515
338.973,396
338.998,269
339.023,149
339.048,32
339.073,-85
339.098,-192
339.123,-271
339.148,-314
339.173,-327
339.198,-312
339.223,-253
339.248,-132
339.273,53
339.298,273
339.323,476
339.348,625
339.373,706
339.398,721
339.423,680
339.448,591
339.473,474
339.498,360
339.523,276
339.548,235
339.573,227
339.598,235
339.623,243
339.648,240
339.673,221
339.698,180
339.723,122
339.748,68
339.773,55
339.798,111
339.823,230
339.848,363
339.873,440
339.898,406
339.923,260
339.948,49
339.973,-166
339.998,-341
340.023,-460
340.048,-520
340.073,-516
340.098,-444
340.123,-315
340.148,-162
340.173,-21
340.198,81
340.223,148
340.248,195
340.273,238
340.298,289
340.323,354
340.348,435
340.373,530
340.398,631
340.423,731
340.448,828
340.473,923
340.498,1007
340.523,1054
340.548,1026
340.573,893
340.598,656
340.623,346
340.648,20
340.673,-264
340.698,-467
340.723,-573
340.748,-591
340.773,-548
340.798,-474
340.823,-390
340.848,-308
340.873,-226
340.898,-135
340.923,-28
340.948,95
340.973,231
340.998,361
341.023,470
341.048,554
341.073,622
341.098,692
341.123,782
341.148,892
341.173,999
341.198,1069
341.223,1073
341.248,994
341.273,837
341.298,621
341.323,372
341.348,121
341.373,-101
341.398,-271
341.423,-380
341.448,-435
341.473,-452
341.498,-438
341.523,-391
341.548,-305
341.573,-190
341.598,-71
341.623,23
341.648,81
341.673,101
341.698,87
341.723,43
341.748,-26
341.773,-110
341.798,-189
341.823,-251
341.848,-299
341.873,-342
341.898,-384
341.923,-418
341.948,-436
341.973,-444
341.998,-451
342.023,-458
342.048,-453
342.073,-425
342.098,-373
342.123,-304
342.148,-219
342.173,-108
342.198,27
342.223,156
342.248,228
342.273,219
342.298,148
342.323,72
342.348,34
342.373,41
342.398,78
342.423,138
342.448,230
342.473,353
342.498,483
342.523,580
342.548,633
342.573,665
342.598,703
342.623,745
342.648,759
342.673,727
342.698,682
342.723,682
342.748,758
342.773,875
342.798,965
342.823,985
342.848,958
342.873,944
342.898,978
342.923,1041
342.948,1078
342.973,1045
342.998,938
343.023,778
343.048,592
343.073,394
343.098,202
343.123,47
343.148,-38
343.173,-37
343.198,34
343.223,136
343.248,227
343.273,292
343.298,345
343.323,401
343.348,449
343.373,458
343.398,396
343.423,269
343.448,129
343.473,41
343.498,33
343.523,83
343.548,136
343.573,142
343.598,75
343.623,-67
343.648,-283
343.673,-554
343.698,-832
343.723,-1049
343.748,-1150
343.773,-1126
343.798,-1024
343.823,-901
343.848,-786
343.873,-670
343.898,-525
343.923,-345
343.948,-150
343.973,32
343.998,185
344.023,303
344.048,388
344.073,443
344.098,477
344.123,511
344.148,571
344.173,671
344.198,799
344.223,913
344.248,960
344.273,890
344.298,690
344.323,388
344.348,49
344.373,-245
344.398,-439
344.423,-518
344.448,-510
344.473,-458
344.498,-387
344.523,-296
344.548,-171
344.573,-14
344.598,144
344.623,269
344.648,340
344.673,374
344.698,405
344.723,452
344.748,508
344.773,549
344.798,567
344.823,584
344.848,624
344.873,685
344.898,735
344.923,734
344.948,674
344.973,572
344.998,452
345.023,322
345.048,187
345.073,74
345.098,28
345.123,74
345.148,182
345.173,274
345.198,270
345.223,157
345.248,-10
345.273,-147
345.298,-199
345.323,-167
345.348,-102
345.373,-64
345.398,-88
345.423,-170
345.448,-274
345.473,-353
345.498,-373
345.523,-324
345.548,-217
345.573,-74
345.598,75
345.623,200
345.648,278
345.673,315
345.698,354
345.723,445
345.748,608
345.773,805
345.798,964
345.823,1029
345.848,991
345.873,872
345.898,684
345.923,419
345.948,91
345.973,-231
345.998,-447
346.023,-491
346.048,-389
346.073,-235
346.098,-114
346.123,-38
346.148,37
346.173,148
346.198,270
346.223,334
346.248,293
346.273,165
346.298,20
346.323,-72
346.348,-85
346.373,-32
346.398,45
346.423,111
346.448,145
346.473,147
346.498,141
346.523,156
346.548,207
346.573,287
346.598,369
346.623,429
346.648,455
346.673,450
346.698,419
346.723,372
346.748,329
346.773,315
346.798,333
346.823,354
346.848,332
346.873,249
346.898,146
346.923,97
346.948,148
346.973,274
346.998,397
347.023,456
347.048,453
347.073,443
347.098,475
347.123,544
347.148,599
347.173,598
347.198,539
347.223,455
347.248,372
347.273,285
347.298,174
347.323,40
347.348,-86
347.373,-173
347.398,-214
347.423,-238
347.448,-278
347.473,-332
347.498,-360
347.523,-322
347.548,-216
347.573,-87
347.598,15
347.623,75
347.648,115
347.673,168
347.698,243
347.723,321
347.748,377
347.773,400
347.798,391
347.823,348
347.848,270
347.873,171
347.898,86
347.923,46
347.948,43
347.973,26
347.998,-55
348.023,-200
348.048,-339
348.073,-387
348.098,-307
348.123,-131
348.148,66
348.173,229
348.198,338
348.223,402
348.248,427
348.273,409
348.298,352
348.323,271
348.348,193
348.373,134
348.398,92
348.423,50
348.448,-8
348.473,-87
348.498,-174
348.523,-253
348.548,-310
348.573,-342
348.598,-344
348.623,-297
348.648,-180
348.673,20
348.698,278
348.723,525
348.748,688
348.773,735
348.798,691
348.823,615
348.848,549
348.873,497
348.898,439
348.923,374
348.948,328
348.973,329
348.998,376
349.023,436
349.048,473
349.073,483
349.098,489
349.123,505
349.148,519
349.173,510
349.198,482
349.223,476
349.248,533
349.273,651
349.298,774
349.323,830
349.348,783
349.373,650
349.398,467
349.423,257
349.448,27
349.473,-202
349.498,-386
349.523,-472
349.548,-446
349.573,-345
349.598,-235
349.623,-159
349.648,-120
349.673,-87
349.698,-37
349.723,34
349.748,112
349.773,181
349.798,236
349.823,285
349.848,346
349.873,430
349.898,526
349.923,599
349.948,610
349.973,536
349.998,391
350.023,203
350.048,3
350.073,-184
350.098,-332
350.123,-406
350.148,-382
350.173,-275
350.198,-132
350.223,0
350.248,105
350.273,195
350.298,273
350.323,323
350.348,323
350.373,275
350.398,210
350.423,172
350.448,183
350.473,246
350.498,347
350.523,465
350.548,558
350.573,573
350.598,475
350.623,277
350.648,28
350.673,-219
350.698,-440
350.723,-624
350.748,-755
350.773,-808
350.798,-778
350.823,-698
350.848,-618
350.873,-555
350.898,-487
350.923,-392
350.948,-288
350.973,-226
350.998,-228
351.023,-255
351.048,-227
351.073,-100
351.098,103
351.123,327
351.148,544
351.173,768
351.198,1023
351.223,1286
351.248,1491
351.273,1581
351.298,1547
351.323,1427
351.348,1263
351.373,1071
351.398,861
351.423,656
351.448,500
351.473,421
351.498,397
351.523,370
351.548,291
351.573,168
351.598,59
351.623,31
351.648,99
351.673,222
351.698,338
351.723,412
351.748,448
351.773,473
351.798,505
351.823,535
351.848,536
351.873,485
351.898,368
351.923,186
351.948,-42
351.973,-282
351.998,-496
352.023,-651
352.048,-733
352.073,-743
352.098,-692
352.123,-601
352.148,-501
352.173,-425
352.198,-383
352.223,-351
352.248,-291
352.273,-180
352.298,-42
352.323,78
352.348,157
352.373,207
352.398,257
352.423,318
352.448,371
352.473,391
352.498,383
352.523,375
352.548,391
352.573,435
352.598,491
352.623,548
352.648,602
352.673,637
352.698,619
352.723,510
352.748,298
352.773,18
352.798,-264
352.823,-489
352.848,-618
352.873,-645
352.898,-587
352.923,-470
352.948,-325
352.973,-172
352.998,-23
353.023,116
353.048,244
353.073,358
353.098,457
353.123,543
353.148,620
353.173,687
353.198,736
353.223,764
353.248,770
353.273,755
353.298,719
353.323,661
353.348,586
353.373,498
353.398,404
353.423,305
353.448,210
353.473,135
353.498,101
353.523,112
353.548,147
353.573,174
353.598,177
353.623,160
353.648,138
353.673,119
353.698,98
353.723,72
353.748,45
353.773,26
353.798,18
353.823,13
353.848,6
353.873,0
353.898,-7
353.923,-13
353.948,-23
353.973,-36
353.998,-44
354.023,-50
354.048,-66
354.073,-105
354.098,-152
354.123,-168
354.148,-124
354.173,-24
354.198,89
354.223,180
354.248,241
354.273,289
354.298,337
354.323,376
354.348,388
354.373,371
354.398,344
354.423,325
354.448,317
354.473,311
354.498,298
354.523,278
354.548,251
354.573,218
354.598,181
354.623,146
354.648,118
354.673,90
354.698,49
354.723,-1
354.748,-36
354.773,-22
354.798,49
354.823,149
354.848,235
354.873,286
354.898,310
354.923,327
354.948,344
354.973,353
354.998,348
355.023,336
355.048,331
355.073,335
355.098,342
355.123,341
355.148,330
355.173,309
355.198,281
355.223,246
355.248,206
355.273,161
355.298,105
355.323,34
355.348,-40
355.373,-89
355.398,-83
355.423,-23
355.448,56
355.473,115
355.498,138
355.523,139
355.548,142
355.573,149
355.598,147
355.623,133
355.648,117
355.673,114
355.698,120
355.723,113
355.748,83
355.773,43
355.798,18
355.823,12
355.848,6
355.873,-22
355.898,-70
355.923,-107
355.948,-98
355.973,-36
355.998,56
356.023,148
356.048,219
356.073,268
356.098,302
356.123,324
356.148,326
356.173,306
356.198,268
356.223,231
356.248,211
356.273,211
356.298,222
356.323,228
356.348,226
356.373,226
356.398,237
356.423,248
356.448,241
356.473,208
356.498,170
356.523,155
356.548,169
356.573,184
356.598,164
356.623,103
356.648,34
356.673,-8
356.698,-21
356.723,-33
356.748,-69
356.773,-113
356.798,-122
356.823,-69
356.848,33
356.873,143
356.898,227
356.923,285
356.948,331
356.973,368
356.998,381
357.023,359
357.048,318
357.073,297
357.098,330
357.123,422
357.148,546
357.173,667
357.198,766
357.223,843
357.248,905
357.273,957
357.298,995
357.323,1019
357.348,1033
357.373,1044
357.398,1044
357.423,1007
357.448,902
357.473,707
357.498,431
357.523,107
357.548,-216
357.573,-495
357.598,-695
357.623,-808
357.648,-849
357.673,-849
357.698,-839
357.723,-821
357.748,-772
357.773,-676
357.798,-553
357.823,-457
357.848,-430
357.873,-457
357.898,-470
357.923,-409
357.948,-278
357.973,-142
357.998,-65
358.023,-56
358.048,-62
358.073,-34
358.098,25
358.123,73
358.148,81
358.173,70
358.198,95
358.223,189
358.248,334
358.273,481
358.298,586
358.323,635
358.348,629
358.373,575
358.398,484
358.423,381
358.448,290
358.473,218
358.498,144
358.523,42
358.548,-77
358.573,-172
358.598,-192
358.623,-128
358.648,-22
358.673,64
358.698,92
358.723,64
358.748,10
358.773,-34
358.798,-46
358.823,-12
358.848,61
358.873,157
358.898,257
358.923,349
358.948,436
358.973,527
358.998,632
359.023,758
359.048,907
359.073,1069
359.098,1212
359.123,1284
359.148,1242
359.173,1091
359.198,888
359.223,707
359.248,592
359.273,537
359.298,514
359.323,510
359.348,528
359.373,572
359.398,620
359.423,639
359.448,609
359.473,533
359.498,428
359.523,302
359.548,159
359.573,9
359.598,-134
359.623,-258
359.648,-359
359.673,-430
359.698,-446
359.723,-378
359.748,-227
359.773,-44
359.798,94
359.823,141
359.848,109
359.873,50
359.898,3
359.923,-29
359.948,-67
359.973,-114
359.998,-151
360.023,-159
360.048,-137
360.073,-102
360.098,-70
360.123,-39
360.148,-5
360.173,27
360.198,54
360.223,75
360.248,95
360.273,115
360.298,122
360.323,108
360.348,75
360.373,41
360.398,14
360.423,-16
360.448,-67
360.473,-133
360.498,-193
360.523,-240
360.548,-299
360.573,-409
360.598,-568
360.623,-719
360.648,-779
360.673,-710
360.698,-540
360.723,-332
360.748,-130
360.773,60
360.798,246
360.823,419
360.848,558
360.873,655
360.898,726
360.923,784
360.948,826
360.973,832
360.998,793
361.023,729
361.048,671
361.073,637
361.098,623
361.123,617
361.148,614
361.173,613
361.198,611
361.223,593
361.248,544
361.273,462
361.298,353
361.323,226
361.348,92
361.373,-35
361.398,-135
361.423,-184
361.448,-171
361.473,-100
361.498,14
361.523,151
361.548,284
361.573,389
361.598,452
361.623,474
361.648,467
361.673,436
361.698,378
361.723,293
361.748,195
361.773,113
361.798,68
361.823,63
361.848,83
361.873,118
361.898,170
361.923,247
361.948,347
361.973,450
361.998,533
362.023,586
362.048,617
362.073,641
362.098,670
362.123,706
362.148,744
362.173,776
362.198,792
362.223,783
362.248,739
362.273,647
362.298,504
362.323,318
362.348,117
362.373,-73
362.398,-244
362.423,-403
362.448,-561
362.473,-700
362.498,-772
362.523,-738
362.548,-600
362.573,-416
362.598,-252
362.623,-135
362.648,-40
362.673,74
362.698,215
362.723,344
362.748,416
362.773,424
362.798,411
362.823,428
362.848,486
362.873,541
362.898,538
362.923,451
362.948,308
362.973,157
362.998,21
363.023,-109
363.048,-250
363.073,-387
363.098,-475
363.123,-476
363.148,-394
363.173,-276
363.198,-176
363.223,-115
363.248,-82
363.273,-56
363.298,-35
363.323,-34
363.348,-66
363.373,-128
363.398,-200
363.423,-262
363.448,-302
363.473,-316
363.498,-300
363.523,-243
363.548,-135
363.573,17
363.598,182
363.623,300
363.648,321
363.673,244
363.698,119
363.723,16
363.748,-23
363.773,-9
363.798,25
363.823,65
363.848,122
363.873,204
363.898,297
363.923,373
363.948,420
363.973,454
363.998,484
364.023,494
364.048,456
364.073,384
364.098,339
364.123,381
364.148,502
364.173,630
364.198,697
364.223,708
364.248,735
364.273,833
364.298,986
364.323,1129
364.348,1219
364.373,1276
364.398,1345
364.423,1431
364.448,1479
364.473,1429
364.498,1264
364.523,1023
364.548,771
364.573,552
364.598,376
364.623,215
364.648,22
364.673,-246
364.698,-589
364.723,-936
364.748,-1186
364.773,-1272
364.798,-1217
364.823,-1109
364.848,-1022
364.873,-957
364.898,-866
364.923,-712
364.948,-513
364.973,-312
364.998,-125
365.023,70
365.048,298
365.073,537
365.098,737
365.123,858
365.148,905
365.173,912
365.198,905
365.223,884
365.248,848
365.273,805
365.298,764
365.323,715
365.348,622
365.373,457
365.398,227
365.423,-27
365.448,-268
365.473,-481
365.498,-663
365.523,-792
365.548,-830
365.573,-753
365.598,-590
365.623,-408
365.648,-265
365.673,-168
365.698,-81
365.723,29
365.748,159
365.773,275
365.798,346
365.823,373
365.848,380
365.873,391
365.898,414
365.923,450
365.948,496
365.973,544
365.998,578
366.023,575
366.048,520
366.073,412
366.098,259
366.123,68
366.148,-152
366.173,-369
366.198,-532
366.223,-587
366.248,-521
366.273,-372
366.298,-204
366.323,-72
366.348,11
366.373,69
366.398,126
366.423,189
366.448,248
366.473,284
366.498,286
366.523,259
366.548,219
366.573,180
366.598,151
366.623,140
366.648,161
366.673,235
366.698,370
366.723,541
366.748,682
366.773,720
366.798,630
366.823,456
366.848,292
366.873,210
366.898,214
366.923,255
366.948,278
366.973,271
366.998,266
367.023,304
367.048,396
367.073,520
367.098,629
367.123,681
367.148,644
367.173,520
367.198,340
367.223,158
367.248,26
367.273,-31
367.298,-29
367.323,0
367.348,32
367.373,64
367.398,100
367.423,140
367.448,177
367.473,205
367.498,230
367.523,260
367.548,296
367.573,327
367.598,338
367.623,327
367.648,303
367.673,279
367.698,266
367.723,263
367.748,259
367.773,232
367.798,163
367.823,53
367.848,-69
367.873,-165
367.898,-208
367.923,-204
367.948,-185
367.973,-173
367.998,-170
368.023,-159
368.048,-136
368.073,-114
368.098,-108
368.123,-112
368.148,-105
368.173,-76
368.198,-38
368.223,-12
368.248,-4
368.273,8
368.298,48
368.323,115
368.348,179
368.373,215
368.398,226
368.423,243
368.448,294
368.473,381
368.498,484
368.523,579
368.548,649
368.573,684
368.598,679
368.623,636
368.648,567
368.673,489
368.698,413
368.723,346
368.748,291
368.773,259
368.798,252
368.823,257
368.848,248
368.873,209
368.898,146
368.923,83
368.948,37
368.973,3
368.998,-32
369.023,-72
369.048,-95
369.073,-81
369.098,-32
369.123,26
369.148,73
369.173,106
369.198,141
369.223,187
369.248,235
369.273,266
369.298,272
369.323,263
369.348,257
369.373,263
369.398,269
369.423,262
369.448,234
369.473,190
369.498,140
369.523,88
369.548,33
369.573,-27
369.598,-85
369.623,-120
369.648,-111
369.673,-50
369.698,44
369.723,140
369.748,207
369.773,240
369.798,255
369.823,271
369.848,290
369.873,299
369.898,283
369.923,241
369.948,192
369.973,154
369.998,138
370.023,142
370.048,161
370.073,189
370.098,219
370.123,242
370.148,251
370.173,239
370.198,208
370.223,161
370.248,107
370.273,62
370.298,52
370.323,100
370.348,208
370.373,345
370.398,466
370.423,536
370.448,552
370.473,532
370.498,498
370.523,458
370.548,407
370.573,337
370.598,247
370.623,144
370.648,48
370.673,-24
370.698,-67
370.723,-90
370.748,-112
370.773,-151
370.798,-197
370.823,-223
370.848,-201
370.873,-131
370.898,-45
370.923,25
370.948,66
370.973,92
370.998,119
371.023,150
371.048,173
371.073,181
371.098,181
371.123,189
371.148,212
371.173,241
371.198,262
371.223,271
371.248,275
371.273,288
371.298,315
371.323,345
371.348,364
371.373,368
371.398,367
371.423,381
371.448,415
371.473,452
371.498,460
371.523,422
371.548,353
371.573,291
371.598,262
371.623,258
371.648,248
371.673,210
371.698,156
371.723,112
371.748,98
371.773,105
371.798,113
371.823,107
371.848,89
371.873,67
371.898,49
371.923,35
371.948,23
371.973,12
371.998,4
372.023,4
372.048,22
372.073,73
372.098,154
372.123,244
372.148,308
372.173,322
372.198,291
372.223,242
372.248,203
372.273,186
372.298,191
372.323,206
372.348,222
372.373,234
372.398,238
372.423,236
372.448,230
372.473,217
372.498,193
372.523,153
372.548,109
372.573,73
372.598,46
372.623,13
372.648,-38
372.673,-97
372.698,-128
372.723,-107
372.748,-51
372.773,0
372.798,18
372.823,19
372.848,34
372.873,75
372.898,120
372.923,139
372.948,132
372.973,128
372.998,148
373.023,184
373.048,205
373.073,201
373.098,186
373.123,185
373.148,198
373.173,208
373.198,203
373.223,195
373.248,210
373.273,256
373.298,313
373.323,358
373.348,385
373.373,404
373.398,431
373.423,462
373.448,485
373.473,495
373.498,492
373.523,468
373.548,396
373.573,248
373.598,28
373.623,-200
373.648,-354
373.673,-380
373.698,-297
373.723,-179
373.748,-92
373.773,-43
373.798,9
373.823,104
373.848,234
373.873,356
373.898,436
373.923,487
373.948,544
373.973,627
373.998,714
374.023,773
374.048,798
374.073,808
374.098,817
374.123,801
374.148,715
374.173,541
374.198,304
374.223,46
374.248,-209
374.273,-467
374.298,-717
374.323,-904
374.348,-952
374.373,-828
374.398,-579
374.423,-309
374.448,-104
374.473,25
374.498,122
374.523,231
374.548,350
374.573,447
374.598,495
374.623,494
374.648,466
374.673,429
374.698,394
374.723,372
374.748,375
374.773,409
374.798,457
374.823,487
374.848,477
374.873,431
374.898,374
374.923,326
374.948,285
374.973,233
374.998,159
375.023,69
375.048,-31
375.073,-145
375.098,-283
375.123,-432
375.148,-541
375.173,-553
375.198,-451
375.223,-279
375.248,-115
375.273,-12
375.298,41
375.323,95
375.348,186
375.373,302
375.398,395
375.423,431
375.448,415
375.473,379
375.498,356
375.523,361
375.548,393
375.573,445
375.598,505
375.623,556
375.648,578
375.673,555
375.698,476
375.723,340
375.748,150
375.773,-65
375.798,-260
375.823,-377
375.848,-390
375.873,-328
375.898,-250
375.923,-206
375.948,-196
375.973,-189
375.998,-168
376.023,-151
376.048,-173
376.073,-235
376.098,-294
376.123,-286
376.148,-185
376.173,-9
376.198,199
376.223,411
376.248,616
376.273,804
376.298,958
376.323,1061
376.348,1118
376.373,1145
376.398,1153
376.423,1136
376.448,1091
376.473,1030
376.498,977
376.523,934
376.548,864
376.573,720
376.598,494
376.623,251
376.648,85
376.673,58
376.698,160
376.723,324
376.748,471
376.773,548
376.798,536
376.823,439
376.848,283
376.873,105
376.898,-57
376.923,-188
376.948,-289
376.973,-368
376.998,-424
377.023,-448
377.048,-440
377.073,-419
377.098,-406
377.123,-408
377.148,-420
377.173,-437
377.198,-471
377.223,-525
377.248,-580
377.273,-592
377.298,-533
377.323,-416
377.348,-287
377.373,-184
377.398,-113
377.423,-51
377.448,12
377.473,65
377.498,95
377.523,113
377.548,164
377.573,287
377.598,480
377.623,689
377.648,841
377.673,881
377.698,799
377.723,627
377.748,417
377.773,215
377.798,48
377.823,-71
377.848,-133
377.873,-124
377.898,-35
377.923,115
377.948,283
377.973,416
377.998,491
378.023,518
378.048,529
378.073,542
378.098,556
378.123,562
378.148,562
378.173,564
378.198,576
378.223,591
378.248,599
378.273,586
378.298,538
378.323,433
378.348,253
378.373,5
378.398,-269
378.423,-506
378.448,-651
378.473,-689
378.498,-630
378.523,-497
378.548,-309
378.573,-92
378.598,115
378.623,275
378.648,367
378.673,408
378.698,437
378.723,475
378.748,513
378.773,529
378.798,521
378.823,522
378.848,577
378.873,690
378.898,801
378.923,816
378.948,676
378.973,402
378.998,83
379.023,-187
379.048,-361
379.073,-440
379.098,-441
379.123,-375
379.148,-253
379.173,-107
379.198,12
379.223,77
379.248,105
379.273,141
379.298,214
379.323,303
379.348,361
379.373,366
379.398,339
379.423,316
379.448,315
379.473,319
379.498,312
379.523,300
379.548,306
379.573,332
379.598,350
379.623,314
379.648,201
379.673,25
379.698,-172
379.723,-349
379.748,-462
379.773,-481
379.798,-394
379.823,-227
379.848,-34
379.873,126
379.898,230
379.923,293
379.948,348
379.973,407
379.998,451
380.023,450
380.048,392
380.073,294
380.098,193
380.123,126
380.148,119
380.173,177
380.198,283
380.223,406
380.248,515
380.273,596
380.298,656
380.323,708
380.348,754
380.373,781
380.398,776
380.423,737
380.448,680
380.473,615
380.498,545
380.523,459
380.548,351
380.573,222
380.598,73
380.623,-100
380.648,-302
380.673,-519
380.698,-709
380.723,-826
380.748,-850
380.773,-804
380.798,-739
380.823,-689
380.848,-647
380.873,-570
380.898,-427
380.923,-227
380.948,-17
380.973,157
380.998,289
381.023,401
381.048,515
381.073,623
381.098,696
381.123,720
381.148,714
381.173,714
381.198,734
381.223,747
381.248,720
381.273,653
381.298,589
381.323,581
381.348,638
381.373,719
381.398,763
381.423,737
381.448,657
381.473,562
381.498,480
381.523,413
381.548,346
381.573,268
381.598,188
381.623,131
381.648,112
381.673,120
381.698,116
381.723,54
381.748,-81
381.773,-264
381.798,-445
381.823,-594
381.848,-721
381.873,-844
381.898,-946
381.923,-966
381.948,-844
381.973,-586
381.998,-274
382.023,-6
382.048,171
382.073,288
382.098,390
382.123,491
382.148,563
382.173,582
382.198,563
382.223,546
382.248,552
382.273,564
382.298,550
382.323,502
382.348,444
382.373,394
382.398,348
382.423,285
382.448,205
382.473,139
382.498,116
382.523,128
382.548,127
382.573,62
382.598,-73
382.623,-240
382.648,-388
382.673,-489
382.698,-537
382.723,-524
382.748,-434
382.773,-260
382.798,-31
382.823,193
382.848,361
382.873,466
382.898,551
382.923,665
382.948,813
382.973,948
382.998,1007
383.023,960
383.048,840
383.073,711
383.098,632
383.123,621
383.148,660
383.173,720
383.198,773
383.223,795
383.248,753
383.273,618
383.298,393
383.323,127
383.348,-107
383.373,-261
383.398,-342
383.423,-400
383.448,-479
383.473,-563
383.498,-601
383.523,-556
383.548,-450
383.573,-344
383.598,-278
383.623,-234
383.648,-151
383.673,1
383.698,191
383.723,350
383.748,429
383.773,440
383.798,428
383.823,426
383.848,437
383.873,450
383.898,475
383.923,525
383.948,593
383.973,624
383.998,548
384.023,334
384.048,21
384.073,-301
384.098,-541
384.123,-647
384.148,-616
384.173,-479
384.198,-282
384.223,-72
384.248,117
384.273,271
384.298,390
384.323,482
384.348,556
384.373,626
384.398,711
384.423,828
384.448,963
384.473,1065
384.498,1064
384.523,915
384.548,633
384.573,280
384.598,-65
384.623,-354
384.648,-570
384.673,-712
384.698,-774
384.723,-742
384.748,-615
384.773,-414
384.798,-191
384.823,0
384.848,128
384.873,201
384.898,256
384.923,325
384.948,406
384.973,474
384.998,508
385.023,517
385.048,529
385.073,561
385.098,597
385.123,607
385.148,583
385.173,546
385.198,519
385.223,493
385.248,431
385.273,307
385.298,139
385.323,-27
385.348,-160
385.373,-263
385.398,-363
385.423,-461
385.448,-524
385.473,-510
385.498,-410
385.523,-258
385.548,-100
385.573,34
385.598,147
385.623,246
385.648,334
385.673,394
385.698,414
385.723,398
385.748,368
385.773,347
385.798,342
385.823,335
385.848,301
385.873,235
385.898,169
385.923,157
385.948,230
385.973,366
385.998,497
386.023,554
386.048,519
386.073,422
386.098,315
386.123,232
386.148,180
386.173,151
386.198,142
386.223,151
386.248,169
386.273,180
386.298,170
386.323,140
386.348,99
386.373,50
386.398,-9
386.423,-80
386.448,-148
386.473,-186
386.498,-171
386.523,-96
386.548,26
386.573,171
386.598,306
386.623,409
386.648,471
386.673,506
386.698,532
386.723,561
386.748,576
386.773,549
386.798,462
386.823,319
386.848,144
386.873,-37
386.898,-206
386.923,-344
386.948,-428
386.973,-442
386.998,-393
387.023,-309
387.048,-219
387.073,-125
387.098,-8
387.123,150
387.148,344
387.173,541
387.198,702
387.223,812
387.248,872
387.273,898
387.298,901
387.323,889
387.348,867
387.373,830
387.398,766
387.423,654
387.448,478
387.473,240
387.498,-35
387.523,-305
387.548,-519
387.573,-639
387.598,-663
387.623,-621
387.648,-559
387.673,-499
387.698,-423
387.723,-295
387.748,-107
387.773,103
387.798,281
387.823,397
387.848,469
387.873,541
387.898,636
387.923,739
387.948,812
387.973,822
387.998,755
388.023,608
388.048,385
388.073,104
388.098,-187
388.123,-425
388.148,-555
388.173,-570
388.198,-506
388.223,-418
388.248,-340
388.273,-271
388.298,-182
388.323,-54
388.348,100
388.373,246
388.398,342
388.423,372
388.448,352
388.473,316
388.498,287
388.523,277
388.548,295
388.573,357
388.598,470
388.623,615
388.648,743
388.673,802
388.698,763
388.723,631
388.748,428
388.773,165
388.798,-145
388.823,-467
388.848,-734
388.873,-874
388.898,-859
388.923,-718
388.948,-516
388.973,-305
388.998,-114
389.023,51
389.048,185
389.073,277
389.098,332
389.123,369
389.148,412
389.173,467
389.198,526
389.223,577
389.248,619
389.273,658
389.298,692
389.323,710
389.348,706
389.373,694
389.398,703
389.423,750
389.448,823
389.473,890
389.498,925
389.523,929
389.548,919
389.573,898
389.598,845
389.623,736
389.648,559
389.673,331
389.698,76
389.723,-179
389.748,-415
389.773,-599
389.798,-696
389.823,-690
389.848,-606
389.873,-499
389.898,-419
389.923,-378
389.948,-349
389.973,-297
389.998,-201
390.023,-66
390.048,81
390.073,212
390.098,304
390.123,357
390.148,396
390.173,450
390.198,524
390.223,584
390.248,572
390.273,452
390.298,241
390.323,-5
390.348,-238
390.373,-438
390.398,-607
390.423,-741
390.448,-813
390.473,-787
390.498,-652
390.523,-436
390.548,-191
390.573,33
390.598,212
390.623,351
390.648,467
390.673,568
390.698,641
390.723,666
390.748,638
390.773,587
390.798,557
390.823,568
390.848,595
390.873,588
390.898,520
390.923,410
390.948,291
390.973,174
390.998,47
391.023,-93
391.048,-202
391.073,-210
391.098,-75
391.123,176
391.148,470
391.173,736
391.198,935
391.223,1046
391.248,1041
391.273,890
391.298,606
391.323,256
391.348,-50
391.373,-229
391.398,-258
391.423,-174
391.448,-39
391.473,89
391.498,175
391.523,199
391.548,164
391.573,89
391.598,11
391.623,-35
391.648,-31
391.673,22
391.698,107
391.723,198
391.748,289
391.773,391
391.798,522
391.823,676
391.848,808
391.873,863
391.898,815
391.923,682
391.948,510
391.973,325
391.998,121
392.023,-108
392.048,-339
392.073,-518
392.098,-610
392.123,-629
392.148,-625
392.173,-626
392.198,-616
392.223,-552
392.248,-413
392.273,-225
392.298,-37
392.323,116
392.348,231
392.373,319
392.398,389
392.423,447
392.448,497
392.473,538
392.498,563
392.523,560
392.548,529
392.573,486
392.598,443
392.623,393
392.648,314
392.673,206
392.698,105
392.723,63
392.748,95
392.773,162
392.798,204
392.823,193
392.848,158
392.873,149
392.898,191
392.923,259
392.948,315
392.973,335
392.998,319
393.023,270
393.048,190
393.073,87
393.098,-8
393.123,-50
393.148,-17
393.173,70
393.198,159
393.223,202
393.248,190
393.273,148
393.298,108
393.323,92
393.348,103
393.373,142
393.398,209
393.423,303
393.448,419
393.473,542
393.498,656
393.523,746
393.548,801
393.573,806
393.598,743
393.623,593
393.648,355
393.673,63
393.698,-221
393.723,-424
393.748,-502
393.773,-458
393.798,-343
393.823,-217
393.848,-122
393.873,-63
393.898,-22
393.923,23
393.948,85
393.973,160
393.998,236
394.023,301
394.048,344
394.073,367
394.098,379
394.123,396
394.148,431
394.173,485
394.198,553
394.223,626
394.248,700
394.273,772
394.298,829
394.323,848
394.348,800
394.373,670
394.398,462
394.423,202
394.448,-80
394.473,-354
394.498,-591
394.523,-761
394.548,-845
394.573,-845
394.598,-791
394.623,-724
394.648,-663
394.673,-590
394.698,-474
394.723,-311
394.748,-144
394.773,-34
394.798,-8
394.823,-39
394.848,-70
394.873,-70
394.898,-49
394.923,-37
394.948,-37
394.973,-19
394.998,43
395.023,144
395.048,247
395.073,338
395.098,453
395.123,647
395.148,938
395.173,1262
395.198,1506
395.223,1586
395.248,1493
395.273,1289
395.298,1049
395.323,810
395.348,577
395.373,351
395.398,157
395.423,39
395.448,20
395.473,80
395.498,169
395.523,243
395.548,295
395.573,345
395.598,411
395.623,476
395.648,504
395.673,477
395.698,423
395.723,391
395.748,411
395.773,456
395.798,474
395.823,438
395.848,372
395.873,323
395.898,305
395.923,282
395.948,202
395.973,45
395.998,-160
396.023,-374
396.048,-576
396.073,-768
396.098,-937
396.123,-1050
396.148,-1077
396.173,-1032
396.198,-966
396.223,-919
396.248,-883
396.273,-815
396.298,-687
396.323,-525
396.348,-376
396.373,-264
396.398,-172
396.423,-68
396.448,48
396.473,149
396.498,218
396.523,281
396.548,388
396.573,570
396.598,800
396.623,1006
396.648,1121
396.673,1110
396.698,978
396.723,759
396.748,505
396.773,278
396.798,127
396.823,64
396.848,65
396.873,87
396.898,110
396.923,146
396.948,220
396.973,335
396.998,463
397.023,569
397.048,639
397.073,683
397.098,718
397.123,737
397.148,721
397.173,656
397.198,553
397.223,436
397.248,315
397.273,184
397.298,43
397.323,-78
397.348,-130
397.373,-71
397.398,82
397.423,265
397.448,398
397.473,449
397.498,440
397.523,417
397.548,401
397.573,375
397.598,309
397.623,205
397.648,106
397.673,61
397.698,81
397.723,133
397.748,169
397.773,170
397.798,148
397.823,117
397.848,72
397.873,1
397.898,-85
397.923,-145
397.948,-142
397.973,-87
397.998,-41
398.023,-62
398.048,-145
398.073,-230
398.098,-257
398.123,-223
398.148,-165
398.173,-117
398.198,-68
398.223,4
398.248,98
398.273,169
398.298,180
398.323,134
398.348,72
398.373,26
398.398,0
398.423,-9
398.448,29
398.473,163
398.498,392
398.523,638
398.548,790
398.573,787
398.598,664
398.623,506
398.648,364
398.673,223
398.698,50
398.723,-139
398.748,-280
398.773,-310
398.798,-237
398.823,-126
398.848,-40
398.873,14
398.898,71
398.923,153
398.948,243
398.973,295
398.998,291
399.023,255
399.048,245
399.073,302
399.098,426
399.123,579
399.148,708
399.173,776
399.198,775
399.223,727
399.248,661
399.273,594
399.298,524
399.323,437
399.348,327
399.373,197
399.398,57
399.423,-88
399.448,-239
399.473,-394
399.498,-541
399.523,-663
399.548,-740
399.573,-757
399.598,-701
399.623,-571
399.648,-385
399.673,-187
399.698,-21
399.723,87
399.748,146
399.773,183
399.798,214
399.823,237
399.848,245
399.873,243
399.898,245
399.923,262
399.948,280
399.973,280
399.998,261
400.023,254
400.048,295
400.073,390
400.098,501
400.123,580
400.148,609
400.173,613
400.198,637
400.223,695
400.248,763
400.273,799
400.298,780
400.323,712
400.348,616
400.373,501
400.398,360
400.423,190
400.448,6
400.473,-151
400.498,-248
400.523,-273
400.548,-243
400.573,-191
400.598,-143
400.623,-107
400.648,-81
400.673,-59
400.698,-40
400.723,-17
400.748,19
400.773,83
400.798,178
400.823,286
400.848,385
400.873,455
400.898,494
400.923,514
400.948,521
400.973,510
400.998,476
401.023,427
401.048,389
401.073,377
401.098,372
401.123,322
401.148,179
401.173,-53
401.198,-318
401.223,-532
401.248,-644
401.273,-654
401.298,-590
401.323,-477
401.348,-325
401.373,-141
401.398,51
401.423,223
401.448,354
401.473,445
401.498,513
401.523,570
401.548,617
401.573,658
401.598,705
401.623,770
401.648,836
401.673,860
401.698,795
401.723,628
401.748,387
401.773,118
401.798,-145
401.823,-392
401.848,-612
401.873,-775
401.898,-841
401.923,-786
401.948,-628
401.973,-421
401.998,-224
402.023,-65
402.048,59
402.073,166
402.098,267
402.123,354
402.148,417
402.173,450
402.198,459
402.223,455
402.248,450
402.273,453
402.298,464
402.323,479
402.348,488
402.373,483
402.398,468
402.423,459
402.448,468
402.473,495
402.498,515
402.523,490
402.548,399
402.573,252
402.598,88
402.623,-55
402.648,-162
402.673,-233
402.698,-267
402.723,-250
402.748,-167
402.773,-28
402.798,126
402.823,252
402.848,332
402.873,383
402.898,423
402.923,441
402.948,399
402.973,281
402.998,123
403.023,5
403.048,-11
403.073,67
403.098,180
403.123,261
403.148,292
403.173,299
403.198,313
403.223,337
403.248,349
403.273,333
403.298,294
403.323,248
403.348,201
403.373,149
403.398,87
403.423,21
403.448,-35
403.473,-78
403.498,-108
403.523,-128
403.548,-133
403.573,-114
403.598,-71
403.623,-12
403.648,50
403.673,111
403.698,168
403.723,217
403.748,250
403.773,260
403.798,250
403.823,227
403.848,197
403.873,166
403.898,138
403.923,116
403.948,101
403.973,88
403.998,65
404.023,26
404.048,-27
404.073,-79
404.098,-109
404.123,-102
404.148,-55
404.173,25
404.198,127
404.223,233
404.248,333
404.273,417
404.298,479
404.323,514
404.348,527
404.373,526
404.398,518
404.423,499
404.448,456
404.473,381
404.498,292
404.523,222
404.548,193
404.573,192
404.598,188
404.623,164
404.648,141
404.673,160
404.698,230
404.723,319
404.748,377
404.773,382
404.798,357
404.823,332
404.848,314
404.873,283
404.898,227
404.923,162
404.948,117
404.973,100
404.998,92
405.023,71
405.048,36
405.073,8
405.098,-4
405.123,-17
405.148,-48
405.173,-86
405.198,-98
405.223,-60
405.248,15
405.273,90
405.298,136
405.323,156
405.348,169
405.373,181
405.398,187
405.423,181
405.448,175
405.473,177
405.498,183
405.523,171
405.548,130
405.573,76
405.598,32
405.623,4
405.648,-26
405.673,-71
405.698,-112
405.723,-113
405.748,-57
405.773,32
405.798,112
405.823,157
405.848,173
405.873,182
405.898,193
405.923,195
405.948,182
405.973,164
405.998,154
406.023,151
406.048,145
406.073,129
406.098,108
406.123,93
406.148,74
406.173,36
406.198,-16
406.223,-52
406.248,-32
406.273,51
406.298,164
406.323,260
406.348,320
406.373,358
406.398,393
406.423,428
406.448,451
406.473,460
406.498,464
406.523,468
406.548,464
406.573,447
406.598,424
406.623,412
406.648,412
406.673,392
406.698,320
406.723,200
406.748,81
406.773,7
406.798,-19
406.823,-41
406.848,-85
406.873,-135
406.898,-149
406.923,-109
406.948,-39
406.973,19
406.998,58
407.023,100
407.048,166
407.073,250
407.098,323
407.123,368
407.148,386
407.173,387
407.198,382
407.223,389
407.248,439
407.273,555
407.298,721
407.323,876
407.348,955
407.373,942
407.398,865
407.423,759
407.448,624
407.473,434
407.498,188
407.523,-67
407.548,-263
407.573,-358
407.598,-359
407.623,-310
407.648,-259
407.673,-239
407.698,-257
407.723,-295
407.748,-318
407.773,-294
407.798,-215
407.823,-96
407.848,53
407.873,243
407.898,480
407.923,733
407.948,924
407.973,979
407.998,884
408.023,690
408.048,463
408.073,228
408.098,-24
408.123,-290
408.148,-528
408.173,-688
408.198,-768
408.223,-804
408.248,-827
408.273,-814
408.298,-715
408.323,-512
408.348,-249
408.373,3
408.398,203
408.423,356
408.448,481
408.473,576
408.498,631
408.523,646
408.548,646
408.573,656
408.598,675
408.623,670
408.648,607
408.673,463
408.698,237
408.723,-46
408.748,-329
408.773,-525
408.798,-569
408.823,-459
408.848,-267
408.873,-84
408.898,49
408.923,159
408.948,282
408.973,408
408.998,489
409.023,498
409.048,468
409.073,469
409.098,532
409.123,623
409.148,674
409.173,662
409.198,617
409.223,582
409.248,556
409.273,503
409.298,409
409.323,316
409.348,290
409.373,354
409.398,452
409.423,499
409.448,448
409.473,326
409.498,193
409.523,91
409.548,26
409.573,-6
409.598,-2
409.623,38
409.648,90
409.673,109
409.698,75
409.723,14
409.748,-28
409.773,-38
409.798,-46
409.823,-88
409.848,-152
409.873,-183
409.898,-135
409.923,-22
409.948,94
409.973,171
409.998,211
410.023,245
410.048,280
410.073,286
410.098,239
410.123,160
410.148,97
410.173,78
410.198,87
410.223,88
410.248,72
410.273,58
410.298,56
410.323,42
410.348,-23
410.373,-133
410.398,-220
410.423,-202
410.448,-48
410.473,196
410.498,448
410.523,640
410.548,742
410.573,755
410.598,696
410.623,603
410.648,538
410.673,545
410.698,613
410.723,676
410.748,668
410.773,577
410.798,452
410.823,349
410.848,279
410.873,211
410.898,123
410.923,38
410.948,1
410.973,26
410.998,78
411.023,108
411.048,100
411.073,75
411.098,59
411.123,48
411.148,20
411.173,-31
411.198,-90
411.223,-128
411.248,-140
411.273,-143
411.298,-150
411.323,-156
411.348,-146
411.373,-120
411.398,-94
411.423,-82
411.448,-75
411.473,-48
411.498,11
411.523,94
411.548,171
411.573,228
411.598,269
411.623,303
411.648,329
411.673,335
411.698,318
411.723,295
411.748,283
411.773,283
411.798,279
411.823,260
411.848,233
411.873,218
411.898,220
411.923,222
411.948,208
411.973,186
411.998,197
412.023,269
412.048,391
412.073,508
412.098,568
412.123,551
412.148,475
412.173,365
412.198,242
412.223,127
412.248,52
412.273,53
412.298,127
412.323,231
412.348,307
412.373,328
412.398,308
412.423,273
412.448,231
412.473,175
412.498,117
412.523,98
412.548,153
412.573,265
412.598,375
412.623,430
412.648,427
412.673,405
412.698,397
412.723,400
412.748,393
412.773,367
412.798,332
412.823,287
412.848,211
412.873,84
412.898,-83
412.923,-255
412.948,-405
412.973,-530
412.998,-625
413.023,-652
413.048,-549
413.073,-301
413.098,26
413.123,318
413.148,498
413.173,585
413.198,654
413.223,753
413.248,868
413.273,951
413.298,976
413.323,958
413.348,919
413.373,861
413.398,773
413.423,666
413.448,567
413.473,489
413.498,398
413.523,233
413.548,-27
413.573,-344
413.598,-632
413.623,-825
413.648,-915
413.673,-934
413.698,-917
413.723,-874
413.748,-812
413.773,-750
413.798,-722
413.823,-742
413.848,-788
413.873,-819
413.898,-815
413.923,-802
413.948,-812
413.973,-823
413.998,-744
414.023,-467
414.048,37
414.073,684
414.098,1315
414.123,1796
414.148,2073
414.173,2162
414.198,2095
414.223,1894
414.248,1595
414.273,1261
414.298,971
414.323,766
414.348,635
414.373,535
414.398,442
414.423,360
414.448,301
414.473,250
414.498,178
414.523,66
414.548,-65
414.573,-184
414.598,-268
414.623,-319
414.648,-344
414.673,-342
414.698,-306
414.723,-236
414.748,-137
414.773,-12
414.798,136
414.823,296
414.848,427
414.873,482
414.898,447
414.923,355
414.948,266
414.973,214
414.998,181
415.023,117
415.048,-10
415.073,-181
415.098,-329
415.123,-393
415.148,-354
415.173,-243
415.198,-111
415.223,6
415.248,99
415.273,173
415.298,236
415.323,283
415.348,312
415.373,322
415.398,319
415.423,311
415.448,300
415.473,286
415.498,269
415.523,248
415.548,215
415.573,167
415.598,119
415.623,101
415.648,151
415.673,275
415.698,439
415.723,588
415.748,679
415.773,708
415.798,693
415.823,644
415.848,554
415.873,411
415.898,227
415.923,30
415.948,-149
415.973,-295
415.998,-402
416.023,-462
416.048,-470
416.073,-435
416.098,-381
416.123,-328
416.148,-276
416.173,-204
416.198,-103
416.223,9
416.248,101
416.273,153
416.298,181
416.323,210
416.348,246
416.373,274
416.398,281
416.423,275
416.448,272
416.473,275
416.498,265
416.523,230
416.548,178
416.573,135
416.598,105
416.623,72
416.648,20
416.673,-27
416.698,-23
416.723,63
416.748,207
416.773,350
416.798,447
416.823,506
416.848,558
416.873,621
416.898,679
416.923,710
416.948,714
416.973,712
416.998,717
417.023,718
417.048,694
417.073,636
417.098,553
417.123,452
417.148,330
417.173,186
417.198,41
417.223,-75
417.248,-149
417.273,-194
417.298,-231
417.323,-256
417.348,-240
417.373,-165
417.398,-48
417.423,65
417.448,157
417.473,247
417.498,366
417.523,509
417.548,628
417.573,666
417.598,616
417.623,513
417.648,390
417.673,242
417.698,51
417.723,-171
417.748,-362
417.773,-449
417.798,-414
417.823,-308
417.848,-203
417.873,-136
417.898,-91
417.923,-35
417.948,36
417.973,101
417.998,144
418.023,174
418.048,210
418.073,255
418.098,285
418.123,277
418.148,227
418.173,146
418.198,39
418.223,-94
418.248,-242
418.273,-355
418.298,-367
418.323,-251
418.348,-47
418.373,162
418.398,312
418.423,397
418.448,455
418.473,514
418.498,566
418.523,588
418.548,574
418.573,543
418.598,511
418.623,466
418.648,382
418.673,257
418.698,121
418.723,17
418.748,-45
418.773,-97
418.798,-167
418.823,-247
418.848,-295
418.873,-282
418.898,-228
418.923,-187
418.948,-198
418.973,-246
418.998,-273
419.023,-231
419.048,-117
419.073,31
419.098,179
419.123,316
419.148,447
419.173,572
419.198,668
419.223,715
419.248,712
419.273,678
419.298,624
419.323,538
419.348,411
419.373,270
419.398,177
419.423,187
419.448,292
419.473,415
419.498,463
419.523,400
419.548,267
419.573,139
419.598,62
419.623,31
419.648,20
419.673,15
419.698,26
419.723,52
419.748,69
419.773,33
419.798,-82
419.823,-265
419.848,-461
419.873,-606
419.898,-647
419.923,-568
419.948,-395
419.973,-178
419.998,31
420.023,210
420.048,359
420.073,485
420.098,590
420.123,663
420.148,705
420.173,729
420.198,753
420.223,779
420.248,792
420.273,779
420.298,742
420.323,693
420.348,628
420.373,533
420.398,402
420.423,264
420.448,162
420.473,122
420.498,129
420.523,145
420.548,148
420.573,146
420.598,158
420.623,192
420.648,233
420.673,266
420.698,285
420.723,291
420.748,280
420.773,249
420.798,201
420.823,145
420.848,81
420.873,5
420.898,-68
420.923,-97
420.948,-33
420.973,118
420.998,286
421.023,375
421.048,352
421.073,268
421.098,206
421.123,190
421.148,176
421.173,113
421.198,9
421.223,-71
421.248,-85
421.273,-49
421.298,-14
421.323,-2
421.348,8
421.373,35
421.398,60
421.423,47
421.448,5
421.473,-11
421.498,40
421.523,133
421.548,199
421.573,200
421.598,169
421.623,162
421.648,185
421.673,192
421.698,144
421.723,65
421.748,10
421.773,0
421.798,-2
421.823,-29
421.848,-65
421.873,-62
421.898,-13
421.923,31
421.948,23
421.973,-18
421.998,-17
422.023,69
422.048,197
422.073,284
422.098,302
422.123,312
422.148,387
422.173,531
422.198,677
422.223,756
422.248,757
422.273,710
422.298,633
422.323,516
422.348,361
422.373,202
422.398,77
422.423,-17
422.448,-130
422.473,-291
422.498,-467
422.523,-587
422.548,-607
422.573,-547
422.598,-455
422.623,-357
422.648,-236
422.673,-74
422.698,110
422.723,277
422.748,392
422.773,452
422.798,474
422.823,471
422.848,456
422.873,451
422.898,487
422.923,575
422.948,682
422.973,740
422.998,694
423.023,538
423.048,330
423.073,154
423.098,64
423.123,60
423.148,92
423.173,111
423.198,104
423.223,103
423.248,147
423.273,242
423.298,356
423.323,443
423.348,476
423.373,460
423.398,415
423.423,362
423.448,323
423.473,312
423.498,325
423.523,330
423.548,289
423.573,193
423.598,83
423.623,24
423.648,42
423.673,107
423.698,161
423.723,176
423.748,165
423.773,158
423.798,162
423.823,159
423.848,139
423.873,112
423.898,95
423.923,80
423.948,46
423.973,-13
423.998,-68
424.023,-82
424.048,-49
424.073,-7
424.098,-5
424.123,-53
424.148,-113
424.173,-127
424.198,-55
424.223,98
424.248,296
424.273,476
424.298,578
424.323,577
424.348,493
424.373,383
424.398,299
424.423,256
424.448,230
424.473,197
424.498,156
424.523,127
424.548,119
424.573,115
424.598,96
424.623,67
424.648,50
424.673,59
424.698,70
424.723,43
424.748,-33
424.773,-130
424.798,-205
424.823,-237
424.848,-236
424.873,-217
424.898,-174
424.923,-87
424.948,43
424.973,192
424.998,329
425.023,452
425.048,575
425.073,701
425.098,802
425.123,841
425.148,810
425.173,732
425.198,637
425.223,529
425.248,403
425.273,283
425.298,215
425.323,228
425.348,279
425.373,274
425.398,145
425.423,-85
425.448,-315
425.473,-447
425.498,-454
425.523,-378
425.548,-272
425.573,-160
425.598,-43
425.623,68
425.648,156
425.673,211
425.698,254
425.723,310
425.748,390
425.773,481
425.798,575
425.823,677
425.848,782
425.873,860
425.898,861
425.923,764
425.948,598
425.973,420
425.998,265
426.023,128
426.048,-11
426.073,-146
426.098,-243
426.123,-283
426.148,-289
426.173,-301
426.198,-332
426.223,-356
426.248,-338
426.273,-284
426.298,-235
426.323,-231
426.348,-264
426.373,-277
426.398,-211
426.423,-50
426.448,169
426.473,391
426.498,571
426.523,692
426.548,762
426.573,797
426.598,810
426.623,805
426.648,791
426.673,778
426.698,782
426.723,805
426.748,825
426.773,811
426.798,738
426.823,614
426.848,469
426.873,327
426.898,186
426.923,33
426.948,-130
426.973,-280
426.998,-385
427.023,-449
427.048,-503
427.073,-577
427.098,-652
427.123,-673
427.148,-594
427.173,-430
427.198,-243
427.223,-101
427.248,-19
427.273,34
427.298,102
427.323,194
427.348,282
427.373,323
427.398,290
427.423,183
427.448,37
427.473,-82
427.498,-110
427.523,-9
427.548,195
427.573,426
427.598,606
427.623,696
427.648,712
427.673,683
427.698,630
427.723,559
427.748,490
427.773,454
427.798,459
427.823,475
427.848,448
427.873,358
427.898,237
427.923,130
427.948,43
427.973,-66
427.998,-229
428.023,-402
428.048,-488
428.073,-423
428.098,-240
428.123,-48
428.148,62
428.173,83
428.198,69
428.223,64
428.248,64
428.273,43
428.298,3
428.323,-17
428.348,18
428.373,109
428.398,226
428.423,345
428.448,457
428.473,565
428.498,668
428.523,769
428.548,880
428.573,1012
428.598,1151
428.623,1260
428.648,1314
428.673,1315
428.698,1288
428.723,1248
428.748,1196
428.773,1133
428.798,1066
428.823,997
428.848,916
428.873,819
428.898,736
428.923,702
428.948,703
428.973,669
428.998,539
429.023,340
429.048,178
429.073,136
429.098,204
429.123,313
429.148,419
429.173,528
429.198,634
429.223,676
429.248,597
429.273,408
429.298,179
429.323,-60
429.348,-368
429.373,-794
429.398,-1286
429.423,-1727
429.448,-2091
429.473,-2487
429.498,-3030
429.523,-3680
429.548,-4295
429.573,-4814
429.598,-5327
429.623,-5917
429.648,-6487
429.673,-6856
429.698,-7015
429.723,-7190
429.748,-7578
429.773,-8087
429.798,-8448
429.823,-8579
429.848,-8698
429.873,-9003
429.898,-9329
429.923,-9295
429.948,-8785
429.973,-8116
429.998,-7610
430.023,-7122
430.048,-6216
430.073,-4817
430.098,-3488
430.123,-2849
430.148,-2826
430.173,-2704
430.198,-1967
430.223,-856
430.248,85
430.273,835
430.298,1939
430.323,3688
430.348,5594
430.373,7006
430.398,8104
430.423,9812
430.448,12550
430.473,15425
430.498,17129
430.523,17632
430.548,18511
430.573,21297
430.598,25751
430.623,30177
430.648,32767
430.673,32767
430.698,32767
430.723,32767
430.748,32767
430.773,32767
430.798,32767
430.823,32767
430.848,32767
430.873,32767
430.898,32767
430.923,18270
430.948,-7543
430.973,-26239
430.998,-32768
431.023,-32768
431.048,-32768
431.073,-32768
431.098,-30937
431.123,-29256
431.148,-30468
431.173,-32768
431.198,-32768
431.223,-32768
431.248,-32768
431.273,-32768
431.298,-32768
431.323,-32768
431.348,-32768
431.373,-32768
431.398,-32768
431.423,-32768
431.448,-29566
431.473,-19832
431.498,-10671
431.523,-3925
431.548,-123
431.573,1823
431.598,3563
431.623,5878
431.648,8324
431.673,10167
431.698,11378
431.723,12549
431.748,13999
431.773,15308
431.798,15848
431.823,15571
431.848,15051
431.873,14794
431.898,14721
431.923,14416
431.948,13724
431.973,12907
431.998,12246
432.023,11688
432.048,10986
432.073,10070
432.098,9145
432.123,8410
432.148,7842
432.173,7326
432.198,6878
432.223,6631
432.248,6585
432.273,6494
432.298,6095
432.323,5392
432.348,4636
432.373,4034
432.398,3537
432.423,2950
432.448,2192
432.473,1372
432.498,633
432.523,-7
432.548,-638
432.573,-1314
432.598,-1985
432.623,-2554
432.648,-2943
432.673,-3093
432.698,-2957
432.723,-2534
432.748,-1925
432.773,-1298
432.798,-774
432.823,-359
432.848,12
432.873,376
432.898,701
432.923,936
432.948,1060
432.973,1083
432.998,1018
433.023,894
433.048,759
433.073,650
433.098,537
433.123,337
433.148,13
433.173,-334
433.198,-526
433.223,-469
433.248,-254
433.273,-73
433.298,-31
433.323,-64
433.348,-49
433.373,34
433.398,77
433.423,-34
433.448,-293
433.473,-577
433.498,-781
433.523,-894
433.548,-966
433.573,-1006
433.598,-965
433.623,-801
433.648,-554
433.673,-323
433.698,-169
433.723,-37
433.748,200
433.773,635
433.798,1225
433.823,1812
433.848,2213
433.873,2336
433.898,2207
433.923,1931
433.948,1619
433.973,1339
433.998,1118
434.023,951
434.048,816
434.073,683
434.098,526
434.123,334
434.148,111
434.173,-146
434.198,-453
434.223,-813
434.248,-1188
434.273,-1488
434.298,-1619
434.323,-1549
434.348,-1336
434.373,-1088
434.398,-887
434.423,-753
434.448,-658
434.473,-582
434.498,-531
434.523,-512
434.548,-506
434.573,-479
434.598,-421
434.623,-369
434.648,-369
434.673,-415
434.698,-432
434.723,-330
434.748,-93
434.773,205
434.798,462
434.823,634
434.848,769
434.873,943
434.898,1173
434.923,1403
434.948,1560
434.973,1625
434.998,1633
435.023,1615
435.048,1559
435.073,1437
435.098,1249
435.123,1040
435.148,851
435.173,675
435.198,470
435.223,215
435.248,-62
435.273,-333
435.298,-617
435.323,-973
435.348,-1410
435.373,-1822
435.398,-2029
435.423,-1899
435.448,-1451
435.473,-832
435.498,-205
435.523,350
435.548,836
435.573,1268
435.598,1623
435.623,1864
435.648,1987
435.673,2042
435.698,2083
435.723,2105
435.748,2047
435.773,1847
435.798,1512
435.823,1126
435.848,783
435.873,510
435.898,259
435.923,-13
435.948,-282
435.973,-455
435.998,-459
436.023,-322
436.048,-151
436.073,-34
436.098,21
436.123,58
436.148,85
436.173,42
436.198,-123
436.223,-372
436.248,-589
436.273,-688
436.298,-701
436.323,-733
436.348,-834
436.373,-927
436.398,-882
436.423,-646
436.448,-298
436.473,19
436.498,218
436.523,292
436.548,279
436.573,202
436.598,85
436.623,-19
436.648,-41
436.673,50
436.698,200
436.723,297
436.748,258
436.773,79
436.798,-159
436.823,-349
436.848,-408
436.873,-312
436.898,-109
436.923,103
436.948,227
436.973,218
436.998,115
437.023,-1
437.048,-73
437.073,-99
437.098,-109
437.123,-122
437.148,-107
437.173,-13
437.198,197
437.223,514
437.248,882
437.273,1225
437.298,1481
437.323,1628
437.348,1684
437.373,1676
437.398,1613
437.423,1482
437.448,1281
437.473,1042
437.498,817
437.523,629
437.548,457
437.573,270
437.598,70
437.623,-112
437.648,-262
437.673,-411
437.698,-599
437.723,-812
437.748,-971
437.773,-1005
437.798,-918
437.823,-776
437.848,-627
437.873,-449
437.898,-184
437.923,165
437.948,516
437.973,764
437.998,871
438.023,880
438.048,846
438.073,779
438.098,647
438.123,437
438.148,188
438.173,-34
438.198,-180
438.223,-242
438.248,-239
438.273,-204
438.298,-169
438.323,-152
438.348,-142
438.373,-104
438.398,-15
438.423,102
438.448,190
438.473,207
438.498,175
438.523,154
438.548,179
438.573,222
438.598,231
438.623,195
438.648,158
438.673,165
438.698,211
438.723,244
438.748,229
438.773,182
438.798,143
438.823,121
438.848,82
438.873,1
438.898,-91
438.923,-127
438.948,-56
438.973,105
438.998,298
439.023,466
439.048,598
439.073,706
439.098,795
439.123,852
439.148,865
439.173,835
439.198,780
439.223,715
439.248,650
439.273,590
439.298,533
439.323,471
439.348,395
439.373,302
439.398,202
439.423,107
439.448,12
439.473,-98
439.498,-224
439.523,-330
439.548,-362
439.573,-299
439.598,-170
439.623,-43
439.648,31
439.673,50
439.698,42
439.723,29
439.748,8
439.773,-28
439.798,-73
439.823,-102
439.848,-103
439.873,-93
439.898,-98
439.923,-124
439.948,-143
439.973,-119
439.998,-48
440.023,33
440.048,80
440.073,77
440.098,58
440.123,73
440.148,148
440.173,256
440.198,333
440.223,328
440.248,244
440.273,135
440.298,66
440.323,74
440.348,140
440.373,221
440.398,286
440.423,336
440.448,396
440.473,476
440.498,563
440.523,624
440.548,634
440.573,595
440.598,526
440.623,441
440.648,339
440.673,221
440.698,102
440.723,19
440.748,4
440.773,59
440.798,145
440.823,216
440.848,246
440.873,239
440.898,215
440.923,180
440.948,130
440.973,67
440.998,18
441.023,7
441.048,31
441.073,54
441.098,45
441.123,11
441.148,-5
441.173,22
441.198,66
441.223,64
441.248,-7
441.273,-96
441.298,-105
441.323,25
441.348,262
441.373,507
441.398,671
441.423,732
441.448,720
441.473,676
441.498,618
441.523,548
441.548,472
441.573,401
441.598,344
441.623,294
441.648,244
441.673,190
441.698,131
441.723,65
441.748,-12
441.773,-96
441.798,-172
441.823,-226
441.848,-257
441.873,-277
441.898,-290
441.923,-279
441.948,-227
441.973,-133
441.998,-28
442.023,53
442.048,104
442.073,146
442.098,204
442.123,275
442.148,340
442.173,383
442.198,416
442.223,455
442.248,487
442.273,469
442.298,359
442.323,169
442.348,-31
442.373,-170
442.398,-228
442.423,-247
442.448,-288
442.473,-360
442.498,-416
442.523,-391
442.548,-270
442.573,-91
442.598,87
442.623,245
442.648,397
442.673,553
442.698,691
442.723,766
442.748,756
442.773,694
442.798,639
442.823,630
442.848,655
442.873,670
442.898,651
442.923,610
442.948,574
442.973,543
442.998,487
443.023,384
443.048,253
443.073,158
443.098,155
443.123,239
443.148,344
443.173,392
443.198,358
443.223,280
443.248,214
443.273,184
443.298,162
443.323,106
443.348,3
443.373,-123
443.398,-239
443.423,-330
443.448,-394
443.473,-425
443.498,-400
443.523,-312
443.548,-198
443.573,-133
443.598,-178
443.623,-320
443.648,-476
443.673,-543
443.698,-471
443.723,-289
443.748,-73
443.773,110
443.798,240
443.823,331
443.848,408
443.873,483
443.898,554
443.923,611
443.948,646
443.973,651
443.998,626
444.023,577
444.048,517
444.073,468
444.098,445
444.123,446
444.148,449
444.173,429
444.198,375
444.223,312
444.248,287
444.273,331
444.298,432
444.323,539
444.348,591
444.373,570
444.398,505
444.423,446
444.448,418
444.473,408
444.498,389
444.523,346
444.548,288
444.573,228
444.598,166
444.623,89
444.648,-5
444.673,-104
444.698,-187
444.723,-249
444.748,-312
444.773,-393
444.798,-483
444.823,-536
444.848,-507
444.873,-392
444.898,-234
444.923,-91
444.948,4
444.973,67
444.998,130
445.023,205
445.048,275
445.073,320
445.098,347
445.123,387
445.148,456
445.173,533
445.198,578
445.223,569
445.248,524
445.273,476
445.298,428
445.323,351
445.348,229
445.373,96
445.398,24
445.423,53
445.448,152
445.473,242
445.498,270
445.523,252
445.548,245
445.573,280
445.598,328
445.623,343
445.648,309
445.673,260
445.698,229
445.723,220
445.748,202
445.773,156
445.798,94
445.823,44
445.848,19
445.873,5
445.898,-12
445.923,-26
445.948,-12
445.973,38
445.998,109
446.023,168
446.048,196
446.073,204
446.098,212
446.123,226
446.148,241
446.173,242
446.198,232
446.223,224
446.248,230
446.273,251
446.298,277
446.323,302
446.348,331
446.373,369
446.398,404
446.423,406
446.448,340
446.473,208
446.498,54
446.523,-52
446.548,-62
446.573,18
446.598,143
446.623,257
446.648,331
446.673,369
446.698,389
446.723,411
446.748,449
446.773,503
446.798,550
446.823,547
446.848,453
446.873,267
446.898,37
446.923,-167
446.948,-304
446.973,-386
446.998,-462
447.023,-567
447.048,-691
447.073,-789
447.098,-817
447.123,-759
447.148,-626
447.173,-437
447.198,-208
447.223,36
447.248,251
447.273,379
447.298,395
447.323,327
447.348,245
447.373,201
447.398,192
447.423,170
447.448,110
447.473,56
447.498,89
447.523,247
447.548,469
447.573,637
447.598,682
447.623,643
447.648,628
447.673,701
447.698,828
447.723,922
447.748,925
447.773,857
447.798,763
447.823,658
447.848,528
447.873,378
447.898,261
447.923,232
447.948,291
447.973,379
447.998,435
448.023,455
448.048,468
448.073,483
448.098,463
448.123,380
448.148,266
448.173,197
448.198,218
448.223,291
448.248,337
448.273,316
448.298,259
448.323,217
448.348,193
448.373,149
448.398,64
448.423,-26
448.448,-71
448.473,-64
448.498,-52
448.523,-82
448.548,-143
448.573,-191
448.598,-213
448.623,-247
448.648,-324
448.673,-411
448.698,-430
448.723,-334
448.748,-162
448.773,3
448.798,117
448.823,204
448.848,298
448.873,382
448.898,401
448.923,333
448.948,221
448.973,137
448.998,101
449.023,70
449.048,-1
449.073,-111
449.098,-215
449.123,-290
449.148,-357
449.173,-437
449.198,-505
449.223,-500
449.248,-393
449.273,-226
449.298,-74
449.323,26
449.348,109
449.373,222
449.398,371
449.423,513
449.448,608
449.473,660
449.498,704
449.523,756
449.548,804
449.573,822
449.598,806
449.623,764
449.648,700
449.673,601
449.698,462
449.723,298
449.748,147
449.773,44
449.798,0
449.823,13
449.848,67
449.873,145
449.898,221
449.923,275
449.948,306
449.973,332
449.998,365
450.023,399
450.048,416
450.073,410
450.098,393
450.123,383
450.148,377
450.173,360
450.198,324
450.223,279
450.248,238
450.273,193
450.298,124
450.323,22
450.348,-94
450.373,-197
450.398,-280
450.423,-361
450.448,-447
450.473,-510
450.498,-497
450.523,-386
450.548,-209
450.573,-30
450.598,99
450.623,176
450.648,224
450.673,260
450.698,278
450.723,272
450.748,250
450.773,233
450.798,230
450.823,233
450.848,226
450.873,202
450.898,169
450.923,135
450.948,97
450.973,51
450.998,0
451.023,-44
451.048,-68
451.073,-84
451.098,-113
451.123,-167
451.148,-221
451.173,-232
451.198,-168
451.223,-45
451.248,90
451.273,198
451.298,275
451.323,346
451.348,430
451.373,516
451.398,589
451.423,662
451.448,783
451.473,978
451.498,1201
451.523,1348
451.548,1335
451.573,1165
451.598,925
451.623,706
451.648,532
451.673,366
451.698,173
451.723,-32
451.748,-208
451.773,-325
451.798,-392
451.823,-424
451.848,-414
451.873,-341
451.898,-209
451.923,-59
451.948,63
451.973,140
451.998,186
452.023,221
452.048,250
452.073,263
452.098,263
452.123,257
452.148,247
452.173,218
452.198,168
452.223,119
452.248,99
452.273,109
452.298,110
452.323,67
452.348,-16
452.373,-104
452.398,-170
452.423,-229
452.448,-303
452.473,-380
452.498,-403
452.523,-333
452.548,-192
452.573,-51
452.598,34
452.623,65
452.648,76
452.673,88
452.698,101
452.723,119
452.748,175
452.773,298
452.798,474
452.823,645
452.848,764
452.873,824
452.898,844
452.923,823
452.948,730
452.973,551
452.998,331
453.023,147
453.048,41
453.073,-18
453.098,-93
453.123,-194
453.148,-262
453.173,-237
453.198,-121
453.223,7
453.248,79
453.273,94
453.298,115
453.323,193
453.348,310
453.373,399
453.398,410
453.423,361
453.448,312
453.473,314
453.498,364
453.523,416
453.548,431
453.573,405
453.598,365
453.623,337
453.648,314
453.673,273
453.698,201
453.723,108
453.748,18
453.773,-57
453.798,-125
453.823,-186
453.848,-219
453.873,-195
453.898,-112
453.923,-8
453.948,68
453.973,97
453.998,101
454.023,110
454.048,125
454.073,129
454.098,115
454.123,103
454.148,117
454.173,159
454.198,199
454.223,222
454.248,242
454.273,290
454.298,371
454.323,454
454.348,502
454.373,510
454.398,494
454.423,460
454.448,381
454.473,234
454.498,43
454.523,-116
454.548,-172
454.573,-110
454.598,20
454.623,148
454.648,234
454.673,281
454.698,309
454.723,334
454.748,359
454.773,385
454.798,406
454.823,415
454.848,408
454.873,396
454.898,399
454.923,420
454.948,424
454.973,367
454.998,232
455.023,60
455.048,-81
455.073,-159
455.098,-200
455.123,-255
455.148,-334
455.173,-385
455.198,-333
455.223,-161
455.248,70
455.273,266
455.298,370
455.323,398
455.348,401
455.373,411
455.398,423
455.423,422
455.448,412
455.473,414
455.498,434
455.523,450
455.548,436
455.573,390
455.598,338
455.623,296
455.648,255
455.673,190
455.698,103
455.723,22
455.748,-25
455.773,-54
455.798,-102
455.823,-177
455.848,-235
455.873,-208
455.898,-73
455.923,113
455.948,258
455.973,303
455.998,256
456.023,168
456.048,79
456.073,1
456.098,-63
456.123,-108
456.148,-123
456.173,-107
456.198,-73
456.223,-35
456.248,2
456.273,40
456.298,73
456.323,96
456.348,115
456.373,141
456.398,176
456.423,208
456.448,226
456.473,246
456.498,310
456.523,440
456.548,605
456.573,727
456.598,743
456.623,653
456.648,517
456.673,405
456.698,346
456.723,322
456.748,301
456.773,260
456.798,192
456.823,102
456.848,5
456.873,-71
456.898,-99
456.923,-77
456.948,-32
456.973,-9
456.998,-24
457.023,-57
457.048,-62
457.073,-10
457.098,93
457.123,218
457.148,333
457.173,428
457.198,503
457.223,560
457.248,594
457.273,597
457.298,573
457.323,533
457.348,489
457.373,445
457.398,392
457.423,322
457.448,238
457.473,158
457.498,90
457.523,26
457.548,-60
457.573,-181
457.598,-314
457.623,-406
457.648,-415
457.673,-342
457.698,-226
457.723,-110
457.748,-7
457.773,93
457.798,197
457.823,281
457.848,322
457.873,319
457.898,302
457.923,297
457.948,303
457.973,291
457.998,246
458.023,184
458.048,136
458.073,110
458.098,84
458.123,31
458.148,-42
458.173,-99
458.198,-99
458.223,-39
458.248,48
458.273,131
458.298,192
458.323,237
458.348,265
458.373,266
458.398,234
458.423,181
458.448,138
458.473,130
458.498,161
458.523,211
458.548,261
458.573,303
458.598,332
458.623,336
458.648,296
458.673,207
458.698,88
458.723,-6
458.748,-28
458.773,37
458.798,156
458.823,267
458.848,325
458.873,327
458.898,309
458.923,306
458.948,329
458.973,360
458.998,384
459.023,401
459.048,419
459.073,441
459.098,457
459.123,462
459.148,457
459.173,448
459.198,421
459.223,357
459.248,247
459.273,125
459.298,42
459.323,33
459.348,83
459.373,148
459.398,191
459.423,210
459.448,227
459.473,253
459.498,279
459.523,280
459.548,239
459.573,150
459.598,14
459.623,-160
459.648,-350
459.673,-521
459.698,-638
459.723,-680
459.748,-645
459.773,-539
459.798,-378
459.823,-194
459.848,-32
459.873,74
459.898,126
459.923,157
459.948,203
459.973,262
459.998,305
460.023,307
460.048,275
460.073,241
460.098,220
460.123,210
460.148,199
460.173,198
460.198,226
460.223,282
460.248,344
460.273,386
460.298,409
460.323,434
460.348,473
460.373,508
460.398,512
460.423,482
460.448,440
460.473,410
460.498,386
460.523,352
460.548,312
460.573,296
460.598,328
460.623,393
460.648,439
460.673,428
460.698,366
460.723,289
460.748,229
460.773,187
460.798,147
460.823,108
460.848,84
460.873,85
460.898,101
460.923,109
460.948,93
460.973,54
460.998,11
461.023,-17
461.048,-24
461.073,-12
461.098,-2
461.123,-25
461.148,-100
461.173,-207
461.198,-298
461.223,-318
461.248,-247
461.273,-108
461.298,57
461.323,216
461.348,349
461.373,443
461.398,484
461.423,467
461.448,413
461.473,356
461.498,322
461.523,311
461.548,307
461.573,294
461.598,271
461.623,245
461.648,228
461.673,230
461.698,265
461.723,333
461.748,409
461.773,452
461.798,438
461.823,388
461.848,356
461.873,388
461.898,479
461.923,579
461.948,638
461.973,640
461.998,604
462.023,552
462.048,483
462.073,387
462.098,260
462.123,124
462.148,10
462.173,-62
462.198,-94
462.223,-103
462.248,-112
462.273,-140
462.298,-196
462.323,-273
462.348,-353
462.373,-416
462.398,-454
462.423,-471
462.448,-472
462.473,-453
462.498,-402
462.523,-313
462.548,-196
462.573,-75
462.598,25
462.623,99
462.648,150
462.673,193
462.698,238
462.723,291
462.748,350
462.773,404
462.798,437
462.823,433
462.848,388
462.873,314
462.898,225
462.923,131
462.948,40
462.973,-40
462.998,-99
463.023,-130
463.048,-145
463.073,-166
463.098,-208
463.123,-251
463.148,-253
463.173,-179
463.198,-33
463.223,145
463.248,315
463.273,460
463.298,585
463.323,695
463.348,777
463.373,816
463.398,817
463.423,807
463.448,804
463.473,803
463.498,776
463.523,715
463.548,643
463.573,597
463.598,590
463.623,598
463.648,594
463.673,571
463.698,537
463.723,494
463.748,415
463.773,283
463.798,123
463.823,-4
463.848,-50
463.873,-23
463.898,15
463.923,14
463.948,-25
463.973,-63
463.998,-66
464.023,-47
464.048,-45
464.073,-78
464.098,-122
464.123,-138
464.148,-111
464.173,-66
464.198,-45
464.223,-65
464.248,-108
464.273,-148
464.298,-181
464.323,-231
464.348,-315
464.373,-419
464.398,-489
464.423,-475
464.448,-369
464.473,-208
464.498,-42
464.523,105
464.548,246
464.573,399
464.598,557
464.623,689
464.648,766
464.673,787
464.698,774
464.723,743
464.748,701
464.773,651
464.798,606
464.823,582
464.848,577
464.873,568
464.898,524
464.923,435
464.948,315
464.973,192
464.998,82
465.023,-9
465.048,-79
465.073,-124
465.098,-142
465.123,-141
465.148,-132
465.173,-120
465.198,-103
465.223,-74
465.248,-29
465.273,33
465.298,112
465.323,196
465.348,264
465.373,293
465.398,277
465.423,241
465.448,221
465.473,238
465.498,275
465.523,294
465.548,268
465.573,209
465.598,156
465.623,150
465.648,202
465.673,290
465.698,375
465.723,423
465.748,424
465.773,391
465.798,346
465.823,300
465.848,249
465.873,177
465.898,74
465.923,-58
465.948,-214
465.973,-382
465.998,-546
466.023,-686
466.048,-783
466.073,-833
466.098,-852
466.123,-857
466.148,-845
466.173,-791
466.198,-678
466.223,-519
466.248,-354
466.273,-207
466.298,-61
466.323,119
466.348,349
466.373,595
466.398,803
466.423,940
466.448,1013
466.473,1046
466.498,1048
466.523,1014
466.548,945
466.573,869
466.598,826
466.623,838
466.648,894
466.673,960
466.698,1002
466.723,1004
466.748,961
466.773,878
466.798,777
466.823,691
466.848,651
466.873,663
466.898,701
466.923,720
466.948,686
466.973,594
466.998,466
467.023,327
467.048,199
467.073,90
467.098,6
467.123,-53
467.148,-95
467.173,-136
467.198,-197
467.223,-289
467.248,-400
467.273,-503
467.298,-572
467.323,-605
467.348,-626
467.373,-659
467.398,-702
467.423,-718
467.448,-667
467.473,-543
467.498,-380
467.523,-225
467.548,-101
467.573,-3
467.598,66
467.623,81
467.648,10
467.673,-139
467.698,-298
467.723,-379
467.748,-342
467.773,-231
467.798,-126
467.823,-76
467.848,-59
467.873,-18
467.898,72
467.923,191
467.948,294
467.973,360
467.998,400
468.023,430
468.048,449
468.073,444
468.098,417
468.123,393
468.148,397
468.173,433
468.198,485
468.223,540
468.248,605
468.273,698
468.298,820
468.323,948
468.348,1048
468.373,1098
468.398,1101
468.423,1076
468.448,1039
468.473,994
468.498,925
468.523,803
468.548,609
468.573,358
468.598,105
468.623,-79
468.648,-163
468.673,-171
468.698,-165
468.723,-187
468.748,-231
468.773,-262
468.798,-267
468.823,-272
468.848,-309
468.873,-371
468.898,-408
468.923,-378
468.948,-294
468.973,-218
468.998,-202
469.023,-237
469.048,-268
469.073,-243
469.098,-160
469.123,-58
469.148,21
469.173,65
469.198,89
469.223,126
469.248,199
469.273,317
469.298,461
469.323,586
469.348,654
469.373,663
469.398,648
469.423,647
469.448,652
469.473,609
469.498,472
469.523,264
469.548,64
469.573,-58
469.598,-102
469.623,-114
469.648,-139
469.673,-179
469.698,-215
469.723,-246
469.748,-290
469.773,-336
469.798,-334
469.823,-233
469.848,-41
469.873,161
469.898,295
469.923,346
469.948,368
469.973,415
469.998,478
470.023,504
470.048,458
470.073,372
470.098,310
470.123,311
470.148,357
470.173,399
470.198,409
470.223,392
470.248,366
470.273,339
470.298,297
470.323,228
470.348,137
470.373,47
470.398,-5
470.423,4
470.448,82
470.473,208
470.498,344
470.523,458
470.548,537
470.573,590
470.598,632
470.623,666
470.648,688
470.673,695
470.698,696
470.723,706
470.748,735
470.773,775
470.798,795
470.823,751
470.848,605
470.873,347
470.898,8
470.923,-347
470.948,-657
470.973,-885
470.998,-1024
471.023,-1082
471.048,-1061
471.073,-967
471.098,-825
471.123,-676
471.148,-553
471.173,-456
471.198,-346
471.223,-191
471.248,7
471.273,210
471.298,374
471.323,489
471.348,577
471.373,658
471.398,724
471.423,739
471.448,680
471.473,562
471.498,423
471.523,299
471.548,190
471.573,82
471.598,-25
471.623,-107
471.648,-131
471.673,-99
471.698,-46
471.723,-17
471.748,-22
471.773,-33
471.798,-10
471.823,56
471.848,149
471.873,238
471.898,312
471.923,373
471.948,424
471.973,461
471.998,472
472.023,456
472.048,422
472.073,385
472.098,358
472.123,345
472.148,331
472.173,291
472.198,212
472.223,116
472.248,58
472.273,87
472.298,205
472.323,359
472.348,482
472.373,550
472.398,592
472.423,645
472.448,708
472.473,742
472.498,715
472.523,639
472.548,548
472.573,465
472.598,379
472.623,273
472.648,153
472.673,45
472.698,-33
472.723,-91
472.748,-146
472.773,-206
472.798,-260
472.823,-300
472.848,-324
472.873,-333
472.898,-313
472.923,-250
472.948,-154
472.973,-59
472.998,3
473.023,33
473.048,60
473.073,105
473.098,160
473.123,202
473.148,225
473.173,243
473.198,273
473.223,306
473.248,325
473.273,323
473.298,311
473.323,303
473.348,299
473.373,291
473.398,278
473.423,270
473.448,261
473.473,231
473.498,165
473.523,87
473.548,44
473.573,70
473.598,148
473.623,228
473.648,275
473.673,297
473.698,320
473.723,349
473.748,359
473.773,326
473.798,258
473.823,185
473.848,133
473.873,102
473.898,78
473.923,52
473.948,21
473.973,-19
473.998,-73
474.023,-130
474.048,-169
474.073,-177
474.098,-169
474.123,-172
474.148,-193
474.173,-203
474.198,-167
474.223,-82
474.248,12
474.273,72
474.298,87
474.323,79
474.348,79
474.373,101
474.398,147
474.423,217
474.448,306
474.473,394
474.498,452
474.523,466
474.548,452
474.573,439
474.598,441
474.623,443
474.648,423
474.673,374
474.698,311
474.723,245
474.748,179
474.773,119
474.798,87
474.823,107
474.848,176
474.873,261
474.898,321
474.923,342
474.948,343
474.973,348
474.998,366
475.023,387
475.048,403
475.073,414
475.098,423
475.123,424
475.148,413
475.173,392
475.198,366
475.223,336
475.248,294
475.273,233
475.298,164
475.323,104
475.348,57
475.373,14
475.398,-31
475.423,-64
475.448,-56
475.473,4
475.498,98
475.523,187
475.548,248
475.573,284
475.598,313
475.623,340
475.648,355
475.673,345
475.698,313
475.723,274
475.748,242
475.773,216
475.798,185
475.823,137
475.848,72
475.873,0
475.898,-76
475.923,-153
475.948,-234
475.973,-319
475.998,-399
476.023,-464
476.048,-516
476.073,-574
476.098,-650
476.123,-731
476.148,-771
476.173,-731
476.198,-610
476.223,-454
476.248,-309
476.273,-181
476.298,-42
476.323,134
476.348,334
476.373,517
476.398,657
476.423,763
476.448,851
476.473,914
476.498,922
476.523,855
476.548,733
476.573,598
476.598,482
476.623,385
476.648,296
476.673,215
476.698,155
476.723,124
476.748,110
476.773,104
476.798,113
476.823,160
476.848,250
476.873,359
476.898,449
476.923,503
476.948,532
476.973,555
476.998,573
477.023,568
477.048,531
477.073,470
477.098,409
477.123,364
477.148,338
477.173,326
477.198,328
477.223,344
477.248,365
477.273,370
477.298,337
477.323,264
477.348,173
477.373,98
477.398,66
477.423,82
477.448,124
477.473,164
477.498,180
477.523,172
477.548,153
477.573,134
477.598,119
477.623,109
477.648,102
477.673,106
477.698,122
477.723,140
477.748,148
477.773,142
477.798,131
477.823,127
477.848,123
477.873,99
477.898,37
477.923,-52
477.948,-134
477.973,-169
477.998,-147
478.023,-90
478.048,-34
478.073,3
478.098,26
478.123,45
478.148,58
478.173,49
478.198,6
478.223,-59
478.248,-124
478.273,-166
478.298,-186
478.323,-197
478.348,-206
478.373,-209
478.398,-196
478.423,-173
478.448,-156
478.473,-152
478.498,-140
478.523,-89
478.548,16
478.573,159
478.598,300
478.623,413
478.648,498
478.673,568
478.698,627
478.723,666
478.748,676
478.773,666
478.798,650
478.823,638
478.848,624
478.873,601
478.898,577
478.923,561
478.948,558
478.973,561
478.998,561
479.023,556
479.048,536
479.073,480
479.098,364
479.123,197
479.148,31
479.173,-73
479.198,-101
479.223,-90
479.248,-93
479.273,-130
479.298,-173
479.323,-193
479.348,-198
479.373,-217
479.398,-260
479.423,-294
479.448,-278
479.473,-204
479.498,-112
479.523,-48
479.548,-21
479.573,-10
479.598,0
479.623,3
479.648,-21
479.673,-76
479.698,-134
479.723,-171
479.748,-176
479.773,-145
479.798,-69
479.823,65
479.848,250
479.873,436
479.898,568
479.923,623
479.948,627
479.973,620
479.998,621
480.023,612
480.048,574
480.073,509
480.098,445
480.123,398
480.148,366
480.173,335
480.198,304
480.223,290
480.248,311
480.273,362
480.298,413
480.323,427
480.348,382
480.373,279
480.398,146
480.423,24
480.448,-47
480.473,-50
480.498,5
480.523,93
480.548,186
480.573,272
480.598,347
480.623,402
480.648,421
480.673,390
480.698,323
480.723,253
480.748,214
480.773,218
480.798,249
480.823,278
480.848,283
480.873,259
480.898,211
480.923,149
480.948,79
480.973,7
480.998,-64
481.023,-136
481.048,-199
481.073,-240
481.098,-242
481.123,-200
481.148,-125
481.173,-44
481.198,20
481.223,60
481.248,83
481.273,100
481.298,119
481.323,141
481.348,158
481.373,165
481.398,162
481.423,154
481.448,149
481.473,146
481.498,138
481.523,118
481.548,92
481.573,73
481.598,69
481.623,70
481.648,54
481.673,15
481.698,-20
481.723,-9
481.748,68
481.773,186
481.798,291
481.823,347
481.848,366
481.873,381
481.898,410
481.923,434
481.948,424
481.973,382
481.998,342
482.023,337
482.048,363
482.073,385
482.098,370
482.123,315
482.148,251
482.173,206
482.198,185
482.223,173
482.248,146
482.273,90
482.298,11
482.323,-66
482.348,-103
482.373,-68
482.398,36
482.423,169
482.448,274
482.473,325
482.498,334
482.523,340
482.548,365
482.573,402
482.598,430
482.623,435
482.648,423
482.673,402
482.698,380
482.723,362
482.748,351
482.773,348
482.798,343
482.823,325
482.848,292
482.873,259
482.898,236
482.923,208
482.948,150
482.973,56
482.998,-36
483.023,-64
483.048,3
483.073,136
483.098,263
483.123,324
483.148,317
483.173,283
483.198,261
483.223,257
483.248,247
483.273,211
483.298,150
483.323,82
483.348,22
483.373,-30
483.398,-90
483.423,-172
483.448,-276
483.473,-391
483.498,-503
483.523,-602
483.548,-690
483.573,-772
483.598,-850
483.623,-917
483.648,-967
483.673,-992
483.698,-972
483.723,-873
483.748,-650
483.773,-282
483.798,196
483.823,691
483.848,1089
483.873,1316
483.898,1375
483.923,1326
483.948,1243
483.973,1173
483.998,1122
484.023,1073
484.048,1011
484.073,927
484.098,825
484.123,712
484.148,596
484.173,480
484.198,360
484.223,225
484.248,75
484.273,-69
484.298,-171
484.323,-198
484.348,-148
484.373,-53
484.398,44
484.423,120
484.448,176
484.473,229
484.498,284
484.523,332
484.548,360
484.573,364
484.598,351
484.623,330
484.648,307
484.673,285
484.698,271
484.723,263
484.748,253
484.773,231
484.798,197
484.823,166
484.848,144
484.873,116
484.898,53
484.923,-49
484.948,-151
484.973,-188
484.998,-121
485.023,26
485.048,184
485.073,292
485.098,338
485.123,349
485.148,356
485.173,367
485.198,371
485.223,358
485.248,332
485.273,302
485.298,270
485.323,232
485.348,182
485.373,119
485.398,48
485.423,-18
485.448,-69
485.473,-103
485.498,-134
485.523,-178
485.548,-234
485.573,-273
485.598,-259
485.623,-178
485.648,-60
485.673,50
485.698,132
485.723,192
485.748,249
485.773,299
485.798,322
485.823,311
485.848,283
485.873,264
485.898,262
485.923,258
485.948,235
485.973,195
485.998,155
486.023,123
486.048,89
486.073,41
486.098,-11
486.123,-53
486.148,-80
486.173,-107
486.198,-141
486.223,-159
486.248,-125
486.273,-27
486.298,105
486.323,221
486.348,291
486.373,322
486.398,339
486.423,351
486.448,350
486.473,332
486.498,313
486.523,310
486.548,328
486.573,349
486.598,359
486.623,358
486.648,351
486.673,330
486.698,277
486.723,185
486.748,75
486.773,-16
486.798,-72
486.823,-103
486.848,-127
486.873,-135
486.898,-96
486.923,9
486.948,159
486.973,300
486.998,388
487.023,424
487.048,438
487.073,456
487.098,474
487.123,478
487.148,469
487.173,465
487.198,480
487.223,503
487.248,507
487.273,477
487.298,427
487.323,378
487.348,336
487.373,287
487.398,219
487.423,147
487.448,93
487.473,62
487.498,25
487.523,-47
487.548,-146
487.573,-217
487.598,-206
487.623,-104
487.648,36
487.673,145
487.698,190
487.723,182
487.748,153
487.773,122
487.798,92
487.823,73
487.848,77
487.873,111
487.898,151
487.923,163
487.948,134
487.973,86
487.998,59
488.023,60
488.048,61
488.073,29
488.098,-35
488.123,-96
488.148,-123
488.173,-123
488.198,-134
488.223,-170
488.248,-198
488.273,-171
488.298,-73
488.323,61
488.348,189
488.373,300
488.398,416
488.423,545
488.448,652
488.473,677
488.498,599
488.523,462
488.548,337
488.573,271
488.598,256
488.623,260
488.648,268
488.673,286
488.698,317
488.723,341
488.748,332
488.773,285
488.798,221
488.823,164
488.848,117
488.873,80
488.898,62
488.923,90
488.948,176
488.973,300
488.998,416
489.023,488
489.048,506
489.073,480
489.098,417
489.123,323
489.148,217
489.173,122
489.198,48
489.223,-16
489.248,-86
489.273,-157
489.298,-196
489.323,-176
489.348,-107
489.373,-27
489.398,32
489.423,67
489.448,84
489.473,75
489.498,28
489.523,-47
489.548,-104
489.573,-82
489.598,37
489.623,225
489.648,427
489.673,605
489.698,745
489.723,834
489.748,860
489.773,823
489.798,743
489.823,648
489.848,550
489.873,446
489.898,338
489.923,243
489.948,171
489.973,97
489.998,-15
490.023,-170
490.048,-321
490.073,-412
490.098,-442
490.123,-471
490.148,-552
490.173,-662
490.198,-715
490.223,-642
490.248,-459
490.273,-241
490.298,-45
490.323,124
490.348,291
490.373,458
490.398,604
490.423,725
490.448,855
490.473,1021
490.498,1198
490.523,1312
490.548,1295
490.573,1151
490.598,947
490.623,753
490.648,588
490.673,430
490.698,250
490.723,48
490.748,-153
490.773,-326
490.798,-449
490.823,-514
490.848,-517
490.873,-459
490.898,-343
490.923,-180
490.948,0
490.973,155
490.998,242
491.023,241
491.048,168
491.073,55
491.098,-78
491.123,-228
491.148,-388
491.173,-528
491.198,-622
491.223,-677
491.248,-737
491.273,-835
491.298,-940
491.323,-973
491.348,-873
491.373,-662
491.398,-423
491.423,-224
491.448,-50
491.473,168
491.498,476
491.523,841
491.548,1175
491.573,1405
491.598,1512
491.623,1523
491.648,1468
491.673,1357
491.698,1199
491.723,1017
491.748,847
491.773,720
491.798,643
491.823,597
491.848,557
491.873,506
491.898,440
491.923,361
491.948,277
491.973,190
491.998,103
492.023,20
492.048,-58
492.073,-135
492.098,-220
492.123,-314
492.148,-393
492.173,-421
492.198,-368
492.223,-249
492.248,-111
492.273,-4
492.298,58
492.323,101
492.348,148
492.373,195
492.398,217
492.423,204
492.448,178
492.473,175
492.498,206
492.523,254
492.548,297
492.573,338
492.598,399
492.623,483
492.648,558
492.673,575
492.698,518
492.723,419
492.748,327
492.773,259
492.798,190
492.823,86
492.848,-50
492.873,-169
492.898,-210
492.923,-152
492.948,-26
492.973,113
492.998,225
493.023,294
493.048,317
493.073,288
493.098,206
493.123,86
493.148,-36
493.173,-120
493.198,-142
493.223,-109
493.248,-44
493.273,21
493.298,67
493.323,87
493.348,85
493.373,78
493.398,74
493.423,68
493.448,46
493.473,3
493.498,-34
493.523,-21
493.548,64
493.573,201
493.598,331
493.623,410
493.648,441
493.673,460
493.698,486
493.723,504
493.748,485
493.773,432
493.798,385
493.823,377
493.848,401
493.873,414
493.898,382
493.923,313
493.948,241
493.973,185
493.998,136
494.023,73
494.048,-3
494.073,-81
494.098,-153
494.123,-233
494.148,-324
494.173,-398
494.198,-406
494.223,-326
494.248,-188
494.273,-51
494.298,46
494.323,118
494.348,194
494.373,282
494.398,353
494.423,373
494.448,341
494.473,284
494.498,238
494.523,213
494.548,198
494.573,182
494.598,160
494.623,138
494.648,119
494.673,101
494.698,79
494.723,45
494.748,-1
494.773,-53
494.798,-83
494.823,-61
494.848,17
494.873,129
494.898,229
494.923,291
494.948,320
494.973,340
494.998,364
495.023,383
495.048,390
495.073,385
495.098,381
495.123,381
495.148,375
495.173,352
495.198,314
495.223,274
495.248,236
495.273,197
495.298,155
495.323,115
495.348,85
495.373,56
495.398,12
495.423,-47
495.448,-90
495.473,-73
495.498,12
495.523,129
495.548,221
495.573,264
495.598,281
495.623,307
495.648,346
495.673,374
495.698,373
495.723,353
495.748,342
495.773,352
495.798,370
495.823,376
495.848,366
495.873,349
495.898,326
495.923,283
