df_hash,22ZHK4.34VB5M
device,HZ2X61
project_hash,29R7
project_name,istanbul_aydin_university
person_hash,29R7.FPTK
person_label,V77
date_time_start,2025-11-03_14-11-39.549000_+03
date_time_start_unix,1762164699.549
date_time_end,2025-11-03_14-19-57.483000_+03
length_difference_noticed,no

time,ppg_med
5.718,641
5.743,736
5.768,889
5.793,970
5.818,938
5.843,905
5.868,993
5.893,1154
5.918,1215
5.943,1117
5.968,1011
5.993,1066
6.018,1215
6.043,1224
6.068,1012
6.093,787
6.118,775
6.143,885
6.168,805
6.193,427
6.218,31
6.243,-81
6.268,-30
6.293,-230
6.318,-819
6.343,-1425
6.368,-1655
6.393,-1665
6.418,-1992
6.443,-2813
6.468,-3642
6.493,-3972
6.518,-4004
6.543,-4427
6.568,-5460
6.593,-6483
6.618,-6848
6.643,-6811
6.668,-7243
6.693,-8422
6.718,-9558
6.743,-9835
6.768,-9577
6.793,-9878
6.818,-11083
6.843,-12203
6.868,-12214
6.893,-11525
6.918,-11504
6.943,-12579
6.968,-13517
6.993,-13045
7.018,-11671
7.043,-11105
7.068,-11882
7.093,-12468
7.118,-11275
7.143,-8939
7.168,-7602
7.193,-7940
7.218,-8038
7.243,-5900
7.268,-2324
7.293,-18
7.318,144
7.343,587
7.368,3856
7.393,8940
7.418,12356
7.443,12946
7.468,13834
7.493,18368
7.518,25255
7.543,29857
7.568,30554
7.593,31536
7.618,32767
7.643,32767
7.668,32767
7.693,32767
7.718,32767
7.743,32767
7.768,32767
7.793,32767
7.818,32767
7.843,32767
7.868,32767
7.893,32767
7.918,32767
7.943,32767
7.968,17085
7.993,-32768
8.018,-32768
8.043,-32768
8.068,-32768
8.093,-32768
8.118,-32768
8.143,-32768
8.168,-32768
8.193,-32768
8.218,-32768
8.243,-32768
8.268,-32768
8.293,-32768
8.318,-32768
8.343,-32768
8.368,-30210
8.393,-30130
8.418,-27266
8.443,-20762
8.468,-14825
8.493,-12683
8.518,-12509
8.543,-10367
8.568,-5572
8.593,-1255
8.618,122
8.643,-58
8.668,1252
8.693,4628
8.718,7655
8.743,8388
8.768,7869
8.793,8473
8.818,10656
8.843,12526
8.868,12560
8.893,11601
8.918,11554
8.943,12786
8.968,13779
8.993,13313
9.018,12070
9.043,11580
9.068,12140
9.093,12525
9.118,11754
9.143,10382
9.168,9660
9.193,9845
9.218,9957
9.243,9186
9.268,7943
9.293,7203
9.318,7166
9.343,7066
9.368,6278
9.393,5140
9.418,4433
9.443,4314
9.468,4174
9.493,3513
9.518,2594
9.543,2026
9.568,1929
9.593,1825
9.618,1320
9.643,623
9.668,221
9.693,227
9.718,275
9.743,46
9.768,-337
9.793,-533
9.818,-464
9.843,-392
9.868,-544
9.893,-814
9.918,-942
9.943,-864
9.968,-773
9.993,-836
10.018,-985
10.043,-1035
10.068,-940
10.093,-839
10.118,-855
10.143,-934
10.168,-930
10.193,-796
10.218,-624
10.243,-515
10.268,-453
10.293,-358
10.318,-209
10.343,-68
10.368,2
10.393,27
10.418,77
10.443,175
10.468,270
10.493,308
10.518,309
10.543,312
10.568,291
10.593,275
10.618,261
10.643,235
10.668,195
10.693,164
10.718,171
10.743,218
10.768,276
10.793,312
10.818,322
10.843,325
10.868,332
10.893,339
10.918,332
10.943,311
10.968,290
10.993,280
11.018,275
11.043,265
11.068,250
11.093,237
11.118,223
11.143,196
11.168,153
11.193,114
11.218,111
11.243,156
11.268,227
11.293,287
11.318,318
11.343,327
11.368,330
11.393,330
11.418,319
11.443,300
11.468,281
11.493,273
11.518,271
11.543,266
11.568,253
11.593,237
11.618,217
11.643,189
11.668,155
11.693,132
11.718,143
11.743,194
11.768,262
11.793,317
11.818,342
11.843,347
11.868,344
11.893,338
11.918,325
11.943,303
11.968,283
11.993,271
12.018,265
12.043,256
12.068,237
12.093,209
12.118,175
12.143,137
12.168,102
12.193,84
12.218,98
12.243,143
12.268,198
12.293,239
12.318,260
12.343,267
12.368,273
12.393,278
12.418,277
12.443,270
12.468,260
12.493,251
12.518,243
12.543,234
12.568,222
12.593,206
12.618,183
12.643,151
12.668,119
12.693,110
12.718,140
12.743,210
12.768,296
12.793,367
12.818,403
12.843,405
12.868,384
12.893,356
12.918,331
12.943,312
12.968,298
12.993,282
13.018,262
13.043,239
13.068,214
13.093,183
13.118,143
13.143,95
13.168,57
13.193,47
13.218,70
13.243,115
13.268,169
13.293,236
13.318,325
13.343,431
13.368,521
13.393,557
13.418,528
13.443,461
13.468,395
13.493,352
13.518,325
13.543,298
13.568,264
13.593,225
13.618,184
13.643,142
13.668,105
13.693,89
13.718,107
13.743,156
13.768,211
13.793,250
13.818,265
13.843,267
13.868,268
13.893,272
13.918,271
13.943,265
13.968,255
13.993,250
14.018,250
14.043,249
14.068,240
14.093,218
14.118,186
14.143,154
14.168,139
14.193,155
14.218,200
14.243,260
14.268,313
14.293,342
14.318,348
14.343,342
14.368,334
14.393,329
14.418,322
14.443,310
14.468,295
14.493,283
14.518,273
14.543,261
14.568,235
14.593,195
14.618,155
14.643,134
14.668,147
14.693,188
14.718,235
14.743,268
14.768,281
14.793,280
14.818,275
14.843,272
14.868,271
14.893,269
14.918,265
14.943,257
14.968,247
14.993,239
15.018,234
15.043,226
15.068,204
15.093,167
15.118,131
15.143,120
15.168,148
15.193,204
15.218,260
15.243,294
15.268,304
15.293,301
15.318,297
15.343,292
15.368,285
15.393,275
15.418,267
15.443,260
15.468,253
15.493,243
15.518,230
15.543,209
15.568,178
15.593,144
15.618,124
15.643,138
15.668,188
15.693,254
15.718,306
15.743,329
15.768,326
15.793,314
15.818,303
15.843,294
15.868,286
15.893,281
15.918,279
15.943,273
15.968,257
15.993,233
16.018,208
16.043,186
16.068,162
16.093,134
16.118,113
16.143,118
16.168,157
16.193,215
16.218,266
16.243,297
16.268,310
16.293,315
16.318,314
16.343,302
16.368,283
16.393,265
16.418,259
16.443,267
16.468,279
16.493,286
16.518,283
16.543,263
16.568,226
16.593,179
16.618,145
16.643,146
16.668,189
16.693,253
16.718,310
16.743,345
16.768,359
16.793,363
16.818,358
16.843,345
16.868,325
16.893,309
16.918,299
16.943,291
16.968,280
16.993,263
17.018,244
17.043,223
17.068,190
17.093,148
17.118,113
17.143,112
17.168,157
17.193,230
17.218,296
17.243,333
17.268,340
17.293,335
17.318,329
17.343,325
17.368,315
17.393,298
17.418,277
17.443,258
17.468,246
17.493,239
17.518,230
17.543,209
17.568,172
17.593,134
17.618,115
17.643,131
17.668,176
17.693,228
17.718,266
17.743,283
17.768,288
17.793,289
17.818,290
17.843,288
17.868,280
17.893,271
17.918,263
17.943,258
17.968,252
17.993,242
18.018,220
18.043,184
18.068,142
18.093,114
18.118,119
18.143,161
18.168,222
18.193,276
18.218,303
18.243,306
18.268,295
18.293,285
18.318,280
18.343,277
18.368,274
18.393,268
18.418,262
18.443,255
18.468,249
18.493,237
18.518,212
18.543,173
18.568,135
18.593,123
18.618,152
18.643,211
18.668,272
18.693,310
18.718,324
18.743,327
18.768,327
18.793,326
18.818,317
18.843,303
18.868,289
18.893,280
18.918,272
18.943,263
18.968,251
18.993,234
19.018,207
19.043,170
19.068,135
19.093,128
19.118,163
19.143,229
19.168,292
19.193,329
19.218,337
19.243,333
19.268,330
19.293,325
19.318,314
19.343,298
19.368,285
19.393,277
19.418,269
19.443,255
19.468,237
19.493,215
19.518,185
19.543,149
19.568,119
19.593,118
19.618,156
19.643,216
19.668,269
19.693,297
19.718,308
19.743,315
19.768,319
19.793,307
19.818,280
19.843,258
19.868,261
19.893,284
19.918,300
19.943,290
19.968,258
19.993,224
20.018,191
20.043,152
20.068,110
20.093,89
20.118,116
20.143,185
20.168,256
20.193,292
20.218,293
20.243,286
20.268,290
20.293,295
20.318,286
20.343,266
20.368,257
20.393,267
20.418,280
20.443,275
20.468,252
20.493,231
20.518,219
20.543,201
20.568,163
20.593,119
20.618,107
20.643,151
20.668,229
20.693,294
20.718,317
20.743,309
20.768,300
20.793,305
20.818,314
20.843,311
20.868,300
20.893,293
20.918,293
20.943,296
20.968,294
20.993,286
21.018,275
21.043,253
21.068,216
21.093,173
21.118,152
21.143,174
21.168,232
21.193,294
21.218,331
21.243,334
21.268,320
21.293,307
21.318,300
21.343,294
21.368,286
21.393,278
21.418,274
21.443,272
21.468,265
21.493,248
21.518,219
21.543,185
21.568,154
21.593,141
21.618,155
21.643,195
21.668,248
21.693,292
21.718,312
21.743,307
21.768,293
21.793,282
21.818,280
21.843,280
21.868,272
21.893,256
21.918,241
21.943,235
21.968,233
21.993,220
22.018,185
22.043,138
22.068,108
22.093,116
22.118,164
22.143,227
22.168,278
22.193,306
22.218,314
22.243,315
22.268,312
22.293,306
22.318,295
22.343,281
22.368,265
22.393,247
22.418,232
22.443,222
22.468,212
22.493,189
22.518,147
22.543,100
22.568,78
22.593,102
22.618,161
22.643,225
22.668,265
22.693,281
22.718,292
22.743,309
22.768,327
22.793,335
22.818,332
22.843,326
22.868,324
22.893,323
22.918,315
22.943,297
22.968,271
22.993,238
23.018,196
23.043,157
23.068,141
23.093,165
23.118,221
23.143,282
23.168,324
23.193,342
23.218,347
23.243,348
23.268,344
23.293,329
23.318,306
23.343,286
23.368,271
23.393,258
23.418,243
23.443,226
23.468,204
23.493,171
23.518,123
23.543,78
23.568,68
23.593,108
23.618,183
23.643,252
23.668,286
23.693,289
23.718,285
23.743,291
23.768,301
23.793,301
23.818,289
23.843,277
23.868,270
23.893,264
23.918,253
23.943,235
23.968,214
23.993,186
24.018,151
24.043,121
24.068,117
24.093,152
24.118,214
24.143,273
24.168,307
24.193,316
24.218,314
24.243,311
24.268,303
24.293,288
24.318,272
24.343,265
24.368,266
24.393,269
24.418,265
24.443,257
24.468,247
24.493,231
24.518,206
24.543,178
24.568,168
24.593,190
24.618,241
24.643,296
24.668,332
24.693,344
24.718,343
24.743,336
24.768,325
24.793,311
24.818,296
24.843,288
24.868,287
24.893,289
24.918,290
24.943,288
24.968,278
24.993,254
25.018,218
25.043,187
25.068,183
25.093,214
25.118,266
25.143,311
25.168,332
25.193,330
25.218,318
25.243,303
25.268,286
25.293,266
25.318,244
25.343,225
25.368,213
25.393,207
25.418,204
25.443,199
25.468,181
25.493,146
25.518,104
25.543,79
25.568,92
25.593,138
25.618,192
25.643,229
25.668,247
25.693,259
25.718,272
25.743,280
25.768,273
25.793,255
25.818,241
25.843,240
25.868,247
25.893,249
25.918,241
25.943,225
25.968,201
25.993,169
26.018,139
26.043,131
26.068,160
26.093,219
26.118,279
26.143,313
26.168,320
26.193,321
26.218,332
26.243,346
26.268,349
26.293,340
26.318,336
26.343,344
26.368,355
26.393,349
26.418,316
26.443,268
26.468,218
26.493,174
26.518,138
26.543,122
26.568,140
26.593,193
26.618,257
26.643,306
26.668,327
26.693,331
26.718,333
26.743,333
26.768,323
26.793,303
26.818,285
26.843,278
26.868,275
26.893,260
26.918,231
26.943,200
26.968,178
26.993,158
27.018,128
27.043,95
27.068,84
27.093,117
27.118,187
27.143,257
27.168,298
27.193,308
27.218,304
27.243,298
27.268,283
27.293,255
27.318,224
27.343,208
27.368,213
27.393,228
27.418,236
27.443,232
27.468,224
27.493,216
27.518,199
27.543,167
27.568,128
27.593,110
27.618,133
27.643,195
27.668,277
27.693,354
27.718,409
27.743,435
27.768,432
27.793,412
27.818,388
27.843,372
27.868,364
27.893,355
27.918,337
27.943,312
27.968,284
27.993,255
28.018,219
28.043,177
28.068,140
28.093,128
28.118,147
28.143,188
28.168,230
28.193,257
28.218,266
28.243,259
28.268,246
28.293,233
28.318,224
28.343,221
28.368,221
28.393,220
28.418,223
28.443,232
28.468,241
28.493,236
28.518,211
28.543,178
28.568,164
28.593,188
28.618,244
28.643,304
28.668,344
28.693,359
28.718,360
28.743,355
28.768,345
28.793,326
28.818,304
28.843,289
28.868,287
28.893,294
28.918,298
28.943,288
28.968,260
28.993,216
29.018,162
29.043,116
29.068,98
29.093,120
29.118,173
29.143,231
29.168,271
29.193,288
29.218,290
29.243,288
29.268,284
29.293,272
29.318,252
29.343,234
29.368,227
29.393,231
29.418,236
29.443,230
29.468,203
29.493,161
29.518,121
29.543,106
29.568,130
29.593,188
29.618,259
29.643,313
29.668,337
29.693,336
29.718,325
29.743,316
29.768,309
29.793,298
29.818,278
29.843,256
29.868,240
29.893,233
29.918,225
29.943,203
29.968,162
29.993,109
30.018,70
30.043,64
30.068,98
30.093,154
30.118,207
30.143,240
30.168,254
30.193,264
30.218,283
30.243,310
30.268,331
30.293,336
30.318,328
30.343,316
30.368,305
30.393,290
30.418,258
30.443,210
30.468,159
30.493,132
30.518,147
30.543,198
30.568,266
30.593,324
30.618,356
30.643,365
30.668,359
30.693,348
30.718,338
30.743,329
30.768,319
30.793,308
30.818,298
30.843,292
30.868,290
30.893,287
30.918,272
30.943,240
30.968,198
30.993,169
31.018,170
31.043,206
31.068,258
31.093,304
31.118,331
31.143,339
31.168,338
31.193,333
31.218,324
31.243,309
31.268,287
31.293,262
31.318,242
31.343,230
31.368,224
31.393,214
31.418,189
31.443,153
31.468,122
31.493,118
31.518,148
31.543,198
31.568,245
31.593,274
31.618,284
31.643,286
31.668,283
31.693,276
31.718,265
31.743,250
31.768,236
31.793,222
31.818,209
31.843,197
31.868,186
31.893,172
31.918,148
31.943,118
31.968,101
31.993,117
32.018,168
32.043,233
32.068,285
32.093,315
32.118,332
32.143,347
32.168,357
32.193,351
32.218,329
32.243,304
32.268,290
32.293,284
32.318,277
32.343,262
32.368,242
32.393,221
32.418,194
32.443,157
32.468,125
32.493,121
32.518,161
32.543,226
32.568,282
32.593,306
32.618,311
32.643,317
32.668,330
32.693,334
32.718,317
32.743,287
32.768,265
32.793,259
32.818,256
32.843,242
32.868,217
32.893,192
32.918,172
32.943,150
32.968,123
32.993,108
33.018,128
33.043,186
33.068,256
33.093,306
33.118,327
33.143,336
33.168,349
33.193,365
33.218,369
33.243,354
33.268,331
33.293,315
33.318,306
33.343,294
33.368,274
33.393,251
33.418,230
33.443,202
33.468,162
33.493,121
33.518,107
33.543,138
33.568,202
33.593,262
33.618,291
33.643,293
33.668,293
33.693,301
33.718,308
33.743,296
33.768,271
33.793,254
33.818,257
33.843,267
33.868,261
33.893,233
33.918,201
33.943,184
33.968,178
33.993,163
34.018,134
34.043,111
34.068,124
34.093,176
34.118,239
34.143,281
34.168,298
34.193,307
34.218,321
34.243,332
34.268,324
34.293,302
34.318,287
34.343,293
34.368,308
34.393,306
34.418,276
34.443,240
34.468,218
34.493,209
34.518,188
34.543,145
34.568,103
34.593,102
34.618,155
34.643,235
34.668,300
34.693,333
34.718,346
34.743,354
34.768,357
34.793,341
34.818,308
34.843,278
34.868,269
34.893,275
34.918,275
34.943,260
34.968,238
34.993,223
35.018,210
35.043,187
35.068,151
35.093,125
35.118,133
35.143,176
35.168,231
35.193,274
35.218,299
35.243,315
35.268,325
35.293,324
35.318,308
35.343,286
35.368,274
35.393,272
35.418,271
35.443,263
35.468,254
35.493,253
35.518,255
35.543,241
35.568,205
35.593,164
35.618,150
35.643,176
35.668,227
35.693,273
35.718,299
35.743,307
35.768,306
35.793,300
35.818,286
35.843,269
35.868,258
35.893,254
35.918,249
35.943,239
35.968,228
35.993,221
36.018,212
36.043,189
36.068,151
36.093,122
36.118,129
36.143,179
36.168,246
36.193,297
36.218,319
36.243,324
36.268,328
36.293,332
36.318,328
36.343,314
36.368,299
36.393,289
36.418,280
36.443,267
36.468,247
36.493,226
36.518,204
36.543,173
36.568,137
36.593,116
36.618,135
36.643,194
36.668,267
36.693,321
36.718,345
36.743,354
36.768,364
36.793,373
36.818,369
36.843,349
36.868,321
36.893,292
36.918,263
36.943,228
36.968,193
36.993,166
37.018,149
37.043,129
37.068,99
37.093,77
37.118,91
37.143,149
37.168,224
37.193,278
37.218,294
37.243,291
37.268,292
37.293,300
37.318,299
37.343,283
37.368,262
37.393,252
37.418,251
37.443,243
37.468,220
37.493,192
37.518,171
37.543,154
37.568,127
37.593,91
37.618,74
37.643,102
37.668,172
37.693,249
37.718,302
37.743,330
37.768,353
37.793,379
37.818,394
37.843,384
37.868,359
37.893,345
37.918,351
37.943,362
37.968,352
37.993,319
38.018,284
38.043,259
38.068,236
38.093,200
38.118,158
38.143,139
38.168,165
38.193,222
38.218,273
38.243,298
38.268,308
38.293,321
38.318,338
38.343,342
38.368,323
38.393,295
38.418,279
38.443,278
38.468,275
38.493,256
38.518,232
38.543,218
38.568,211
38.593,188
38.618,143
38.643,100
38.668,99
38.693,150
38.718,225
38.743,280
38.768,297
38.793,292
38.818,285
38.843,278
38.868,263
38.893,242
38.918,232
38.943,240
38.968,256
38.993,261
39.018,250
39.043,233
39.068,221
39.093,205
39.118,176
39.143,141
39.168,129
39.193,155
39.218,210
39.243,261
39.268,291
39.293,304
39.318,313
39.343,322
39.368,320
39.393,306
39.418,292
39.443,288
39.468,291
39.493,285
39.518,267
39.543,246
39.568,232
39.593,217
39.618,188
39.643,153
39.668,135
39.693,157
39.718,208
39.743,258
39.768,286
39.793,299
39.818,314
39.843,329
39.868,328
39.893,303
39.918,271
39.943,254
39.968,255
39.993,253
40.018,233
40.043,206
40.068,191
40.093,189
40.118,181
40.143,158
40.168,138
40.193,152
40.218,206
40.243,273
40.268,318
40.293,331
40.318,331
40.343,334
40.368,339
40.393,333
40.418,318
40.443,305
40.468,302
40.493,300
40.518,286
40.543,262
40.568,240
40.593,225
40.618,207
40.643,177
40.668,150
40.693,152
40.718,195
40.743,259
40.768,312
40.793,333
40.818,332
40.843,326
40.868,321
40.893,310
40.918,290
40.943,269
40.968,252
40.993,239
41.018,224
41.043,204
41.068,184
41.093,164
41.118,137
41.143,102
41.168,72
41.193,69
41.218,104
41.243,161
41.268,212
41.293,243
41.318,255
41.343,264
41.368,274
41.393,283
41.418,289
41.443,292
41.468,294
41.493,294
41.518,286
41.543,271
41.568,252
41.593,229
41.618,203
41.643,178
41.668,168
41.693,192
41.718,249
41.743,320
41.768,374
41.793,398
41.818,399
41.843,393
41.868,391
41.893,387
41.918,374
41.943,353
41.968,333
41.993,322
42.018,319
42.043,312
42.068,290
42.093,252
42.118,207
42.143,170
42.168,156
42.193,167
42.218,199
42.243,236
42.268,263
42.293,274
42.318,270
42.343,257
42.368,244
42.393,234
42.418,225
42.443,216
42.468,210
42.493,210
42.518,212
42.543,206
42.568,181
42.593,139
42.618,100
42.643,89
42.668,116
42.693,169
42.718,220
42.743,252
42.768,264
42.793,265
42.818,261
42.843,251
42.868,236
42.893,222
42.918,214
42.943,212
42.968,211
42.993,206
43.018,195
43.043,182
43.068,168
43.093,160
43.118,172
43.143,213
43.168,277
43.193,341
43.218,383
43.243,396
43.268,395
43.293,392
43.318,385
43.343,366
43.368,336
43.393,308
43.418,293
43.443,287
43.468,275
43.493,254
43.518,232
43.543,215
43.568,193
43.593,155
43.618,113
43.643,100
43.668,142
43.693,222
43.718,296
43.743,327
43.768,324
43.793,321
43.818,336
43.843,355
43.868,351
43.893,323
43.918,295
43.943,288
43.968,293
43.993,286
44.018,253
44.043,208
44.068,169
44.093,136
44.118,97
44.143,54
44.168,34
44.193,65
44.218,141
44.243,226
44.268,281
44.293,300
44.318,306
44.343,319
44.368,332
44.393,329
44.418,310
44.443,294
44.468,298
44.493,313
44.518,312
44.543,284
44.568,245
44.593,222
44.618,217
44.643,207
44.668,169
44.693,116
44.718,89
44.743,119
44.768,193
44.793,268
44.818,312
44.843,326
44.868,335
44.893,349
44.918,356
44.943,341
44.968,311
44.993,290
45.018,290
45.043,297
45.068,288
45.093,260
45.118,229
45.143,215
45.168,210
45.193,191
45.218,153
45.243,120
45.268,125
45.293,173
45.318,238
45.343,287
45.368,313
45.393,331
45.418,350
45.443,362
45.468,350
45.493,320
45.518,294
45.543,292
45.568,304
45.593,303
45.618,277
45.643,243
45.668,222
45.693,214
45.718,198
45.743,161
45.768,122
45.793,115
45.818,154
45.843,214
45.868,255
45.893,264
45.918,262
45.943,271
45.968,289
45.993,294
46.018,276
46.043,250
46.068,239
46.093,247
46.118,254
46.143,244
46.168,220
46.193,203
46.218,197
46.243,187
46.268,160
46.293,131
46.318,129
46.343,169
46.368,232
46.393,282
46.418,301
46.443,304
46.468,311
46.493,326
46.518,329
46.543,312
46.568,288
46.593,278
46.618,286
46.643,291
46.668,276
46.693,246
46.718,224
46.743,216
46.768,207
46.793,178
46.818,139
46.843,120
46.868,146
46.893,206
46.918,263
46.943,293
46.968,301
46.993,309
47.018,323
47.043,332
47.068,320
47.093,295
47.118,279
47.143,280
47.168,285
47.193,275
47.218,249
47.243,223
47.268,210
47.293,200
47.318,173
47.343,130
47.368,100
47.393,113
47.418,166
47.443,229
47.468,270
47.493,286
47.518,297
47.543,316
47.568,333
47.593,330
47.618,311
47.643,295
47.668,297
47.693,305
47.718,297
47.743,269
47.768,237
47.793,221
47.818,210
47.843,183
47.868,131
47.893,85
47.918,82
47.943,132
47.968,208
47.993,273
48.018,316
48.043,348
48.068,379
48.093,396
48.118,386
48.143,354
48.168,326
48.193,319
48.218,324
48.243,318
48.268,295
48.293,268
48.318,249
48.343,230
48.368,197
48.393,155
48.418,133
48.443,154
48.468,208
48.493,262
48.518,294
48.543,305
48.568,312
48.593,321
48.618,319
48.643,300
48.668,276
48.693,263
48.718,264
48.743,262
48.768,246
48.793,222
48.818,203
48.843,186
48.868,158
48.893,119
48.918,95
48.943,113
48.968,172
48.993,237
49.018,274
49.043,283
49.068,285
49.093,296
49.118,305
49.143,297
49.168,274
49.193,256
49.218,256
49.243,262
49.268,255
49.293,232
49.318,208
49.343,191
49.368,175
49.393,148
49.418,121
49.443,124
49.468,170
49.493,239
49.518,293
49.543,316
49.568,318
49.593,325
49.618,339
49.643,345
49.668,333
49.693,314
49.718,302
49.743,301
49.768,296
49.793,281
49.818,260
49.843,242
49.868,222
49.893,190
49.918,152
49.943,136
49.968,164
49.993,223
50.018,278
50.043,300
50.068,296
50.093,293
50.118,301
50.143,306
50.168,293
50.193,266
50.218,245
50.243,240
50.268,237
50.293,219
50.318,195
50.343,181
50.368,180
50.393,171
50.418,138
50.443,100
50.468,100
50.493,159
50.518,252
50.543,328
50.568,358
50.593,357
50.618,352
50.643,353
50.668,346
50.693,323
50.718,298
50.743,290
50.768,297
50.793,298
50.818,281
50.843,257
50.868,242
50.893,235
50.918,214
50.943,173
50.968,134
50.993,135
51.018,185
51.043,257
51.068,313
51.093,338
51.118,343
51.143,344
51.168,343
51.193,334
51.218,317
51.243,301
51.268,291
51.293,280
51.318,263
51.343,243
51.368,228
51.393,213
51.418,187
51.443,144
51.468,103
51.493,91
51.518,120
51.543,173
51.568,222
51.593,248
51.618,258
51.643,262
51.668,266
51.693,268
51.718,269
51.743,271
51.768,275
51.793,273
51.818,262
51.843,243
51.868,222
51.893,199
51.918,171
51.943,144
51.968,134
51.993,158
52.018,214
52.043,282
52.068,336
52.093,368
52.118,382
52.143,385
52.168,377
52.193,357
52.218,330
52.243,307
52.268,292
52.293,283
52.318,274
52.343,261
52.368,242
52.393,213
52.418,176
52.443,141
52.468,129
52.493,155
52.518,208
52.543,262
52.568,294
52.593,303
52.618,302
52.643,303
52.668,305
52.693,302
52.718,291
52.743,276
52.768,262
52.793,249
52.818,238
52.843,227
52.868,210
52.893,181
52.918,143
52.943,113
52.968,115
52.993,157
53.018,218
53.043,270
53.068,294
53.093,298
53.118,298
53.143,301
53.168,300
53.193,288
53.218,271
53.243,254
53.268,242
53.293,230
53.318,216
53.343,199
53.368,178
53.393,148
53.418,112
53.443,84
53.468,88
53.493,130
53.518,196
53.543,260
53.568,308
53.593,341
53.618,368
53.643,386
53.668,388
53.693,377
53.718,362
53.743,353
53.768,344
53.793,327
53.818,304
53.843,286
53.868,273
53.893,256
53.918,222
53.943,183
53.968,165
53.993,188
54.018,238
54.043,284
54.068,307
54.093,310
54.118,310
54.143,311
54.168,305
54.193,287
54.218,264
54.243,246
54.268,234
54.293,221
54.318,205
54.343,189
54.368,175
54.393,157
54.418,133
54.443,118
54.468,133
54.493,186
54.518,258
54.543,312
54.568,331
54.593,325
54.618,315
54.643,309
54.668,299
54.693,281
54.718,260
54.743,246
54.768,239
54.793,230
54.818,216
54.843,201
54.868,184
54.893,161
54.918,125
54.943,92
54.968,86
54.993,123
55.018,188
55.043,255
55.068,309
55.093,357
55.118,407
55.143,449
55.168,464
55.193,448
55.218,423
55.243,408
55.268,405
55.293,395
55.318,368
55.343,334
55.368,306
55.393,279
55.418,237
55.443,184
55.468,148
55.493,158
55.518,210
55.543,264
55.568,288
55.593,282
55.618,273
55.643,275
55.668,273
55.693,251
55.718,215
55.743,188
55.768,179
55.793,174
55.818,156
55.843,126
55.868,100
55.893,79
55.918,51
55.943,8
55.968,-28
55.993,-24
56.018,27
56.043,95
56.068,139
56.093,151
56.118,152
56.143,164
56.168,180
56.193,180
56.218,161
56.243,146
56.268,153
56.293,167
56.318,162
56.343,137
56.368,130
56.393,175
56.418,276
56.443,398
56.468,505
56.493,586
56.518,645
56.543,678
56.568,675
56.593,638
56.618,589
56.643,551
56.668,520
56.693,480
56.718,425
56.743,375
56.768,351
56.793,348
56.818,336
56.843,297
56.868,242
56.893,194
56.918,159
56.943,117
56.968,58
56.993,5
57.018,-10
57.043,23
57.068,77
57.093,114
57.118,123
57.143,120
57.168,123
57.193,130
57.218,130
57.243,125
57.268,129
57.293,157
57.318,212
57.343,283
57.368,360
57.393,431
57.418,472
57.443,460
57.468,396
57.493,314
57.518,260
57.543,253
57.568,275
57.593,296
57.618,302
57.643,301
57.668,300
57.693,295
57.718,278
57.743,254
57.768,237
57.793,234
57.818,237
57.843,231
57.868,218
57.893,203
57.918,187
57.943,163
57.968,130
57.993,105
58.018,112
58.043,155
58.068,210
58.093,250
58.118,267
58.143,272
58.168,278
58.193,279
58.218,268
58.243,246
58.268,227
58.293,220
58.318,221
58.343,216
58.368,203
58.393,186
58.418,170
58.443,150
58.468,128
58.493,118
58.518,139
58.543,192
58.568,256
58.593,304
58.618,327
58.643,338
58.668,348
58.693,361
58.718,366
58.743,361
58.768,348
58.793,335
58.818,324
58.843,317
58.868,313
58.893,308
58.918,290
58.943,252
58.968,204
58.993,176
59.018,191
59.043,242
59.068,297
59.093,326
59.118,325
59.143,313
59.168,306
59.193,303
59.218,295
59.243,281
59.268,266
59.293,256
59.318,249
59.343,239
59.368,224
59.393,204
59.418,179
59.443,147
59.468,118
59.493,110
59.518,135
59.543,186
59.568,237
59.593,270
59.618,282
59.643,285
59.668,285
59.693,279
59.718,263
59.743,243
59.768,226
59.793,216
59.818,210
59.843,204
59.868,199
59.893,194
59.918,181
59.943,153
59.968,121
59.993,109
60.018,137
60.043,199
60.068,265
60.093,308
60.118,321
60.143,320
60.168,319
60.193,320
60.218,318
60.243,309
60.268,296
60.293,285
60.318,280
60.343,279
60.368,279
60.393,269
60.418,245
60.443,211
60.468,185
60.493,186
60.518,220
60.543,270
60.568,314
60.593,336
60.618,338
60.643,331
60.668,319
60.693,303
60.718,284
60.743,267
60.768,255
60.793,247
60.818,240
60.843,230
60.868,216
60.893,194
60.918,164
60.943,137
60.968,129
60.993,154
61.018,208
61.043,267
61.068,309
61.093,330
61.118,336
61.143,339
61.168,339
61.193,332
61.218,317
61.243,299
61.268,283
61.293,272
61.318,264
61.343,258
61.368,245
61.393,216
61.418,174
61.443,134
61.468,124
61.493,154
61.518,208
61.543,257
61.568,281
61.593,289
61.618,296
61.643,307
61.668,312
61.693,301
61.718,279
61.743,258
61.768,245
61.793,238
61.818,231
61.843,221
61.868,203
61.893,171
61.918,127
61.943,90
61.968,85
61.993,125
62.018,192
62.043,250
62.068,280
62.093,288
62.118,292
62.143,299
62.168,300
62.193,289
62.218,273
62.243,264
62.268,264
62.293,263
62.318,253
62.343,238
62.368,222
62.393,204
62.418,178
62.443,152
62.468,146
62.493,173
62.518,228
62.543,282
62.568,318
62.593,334
62.618,341
62.643,344
62.668,340
62.693,329
62.718,318
62.743,316
62.768,317
62.793,308
62.818,288
62.843,265
62.868,249
62.893,235
62.918,210
62.943,176
62.968,158
62.993,181
63.018,241
63.043,307
63.068,348
63.093,355
63.118,343
63.143,332
63.168,325
63.193,317
63.218,305
63.243,292
63.268,283
63.293,278
63.318,271
63.343,258
63.368,236
63.393,203
63.418,165
63.443,133
63.468,125
63.493,148
63.518,192
63.543,236
63.568,264
63.593,273
63.618,271
63.643,263
63.668,252
63.693,237
63.718,223
63.743,215
63.768,213
63.793,214
63.818,210
63.843,199
63.868,179
63.893,155
63.918,141
63.943,148
63.968,183
63.993,236
64.018,287
64.043,317
64.068,321
64.093,308
64.118,291
64.143,275
64.168,265
64.193,257
64.218,249
64.243,239
64.268,227
64.293,218
64.318,211
64.343,199
64.368,173
64.393,135
64.418,106
64.443,109
64.468,151
64.493,212
64.518,265
64.543,295
64.568,311
64.593,326
64.618,342
64.643,346
64.668,335
64.693,317
64.718,303
64.743,298
64.768,296
64.793,289
64.818,275
64.843,255
64.868,226
64.893,192
64.918,167
64.943,170
64.968,208
64.993,265
65.018,313
65.043,339
65.068,347
65.093,351
65.118,356
65.143,356
65.168,346
65.193,333
65.218,321
65.243,312
65.268,302
65.293,289
65.318,277
65.343,263
65.368,242
65.393,213
65.418,191
65.443,199
65.468,243
65.493,301
65.518,339
65.543,344
65.568,328
65.593,311
65.618,299
65.643,282
65.668,255
65.693,220
65.718,187
65.743,160
65.768,139
65.793,123
65.818,116
65.843,110
65.868,93
65.893,63
65.918,40
65.943,54
65.968,112
65.993,193
66.018,257
66.043,286
66.068,292
66.093,293
66.118,296
66.143,294
66.168,284
66.193,275
66.218,275
66.243,279
66.268,276
66.293,261
66.318,246
66.343,241
66.368,237
66.393,223
66.418,199
66.443,189
66.468,212
66.493,267
66.518,324
66.543,359
66.568,367
66.593,363
66.618,359
66.643,356
66.668,347
66.693,332
66.718,313
66.743,294
66.768,276
66.793,261
66.818,249
66.843,234
66.868,208
66.893,167
66.918,126
66.943,109
66.968,131
66.993,182
67.018,235
67.043,263
67.068,263
67.093,243
67.118,218
67.143,197
67.168,183
67.193,176
67.218,179
67.243,189
67.268,204
67.293,217
67.318,225
67.343,220
67.368,203
67.393,184
67.418,181
67.443,208
67.468,261
67.493,322
67.518,369
67.543,393
67.568,397
67.593,393
67.618,383
67.643,369
67.668,349
67.693,327
67.718,308
67.743,296
67.768,289
67.793,279
67.818,258
67.843,221
67.868,174
67.893,134
67.918,121
67.943,141
67.968,181
67.993,221
68.018,251
68.043,278
68.068,311
68.093,351
68.118,380
68.143,381
68.168,355
68.193,325
68.218,313
68.243,323
68.268,338
68.293,332
68.318,294
68.343,239
68.368,196
68.393,188
68.418,220
68.443,271
68.468,315
68.493,332
68.518,320
68.543,293
68.568,266
68.593,242
68.618,220
68.643,196
68.668,173
68.693,160
68.718,161
68.743,169
68.768,165
68.793,137
68.818,89
68.843,46
68.868,35
68.893,63
68.918,118
68.943,176
68.968,222
68.993,253
69.018,273
69.043,282
69.068,279
69.093,267
69.118,256
69.143,251
69.168,248
69.193,239
69.218,222
69.243,204
69.268,187
69.293,166
69.318,137
69.343,109
69.368,107
69.393,147
69.418,219
69.443,292
69.468,343
69.493,370
69.518,384
69.543,394
69.568,395
69.593,385
69.618,368
69.643,355
69.668,346
69.693,337
69.718,324
69.743,312
69.768,301
69.793,283
69.818,248
69.843,202
69.868,171
69.893,180
69.918,227
69.943,283
69.968,321
69.993,337
70.018,341
70.043,343
70.068,341
70.093,330
70.118,316
70.143,307
70.168,306
70.193,303
70.218,290
70.243,274
70.268,259
70.293,241
70.318,210
70.343,171
70.368,149
70.393,168
70.418,223
70.443,278
70.468,304
70.493,300
70.518,290
70.543,289
70.568,291
70.593,279
70.618,253
70.643,227
70.668,213
70.693,205
70.718,191
70.743,171
70.768,150
70.793,130
70.818,106
70.843,75
70.868,55
70.893,70
70.918,122
70.943,184
70.968,225
70.993,240
71.018,246
71.043,260
71.068,274
71.093,272
71.118,254
71.143,239
71.168,243
71.193,262
71.218,280
71.243,287
71.268,290
71.293,290
71.318,276
71.343,239
71.368,196
71.393,182
71.418,219
71.443,290
71.468,351
71.493,376
71.518,374
71.543,372
71.568,377
71.593,373
71.618,348
71.643,313
71.668,292
71.693,286
71.718,281
71.743,261
71.768,232
71.793,213
71.818,205
71.843,188
71.868,151
71.893,112
71.918,106
71.943,148
71.968,214
71.993,267
72.018,291
72.043,299
72.068,310
72.093,321
72.118,321
72.143,306
72.168,289
72.193,282
72.218,282
72.243,277
72.268,264
72.293,252
72.318,245
72.343,230
72.368,196
72.393,153
72.418,132
72.443,154
72.468,209
72.493,265
72.518,298
72.543,312
72.568,320
72.593,327
72.618,323
72.643,306
72.668,286
72.693,275
72.718,274
72.743,272
72.768,265
72.793,257
72.818,250
72.843,232
72.868,193
72.893,146
72.918,123
72.943,148
72.968,208
72.993,266
73.018,293
73.043,294
73.068,293
73.093,300
73.118,303
73.143,289
73.168,265
73.193,249
73.218,246
73.243,244
73.268,231
73.293,211
73.318,194
73.343,180
73.368,158
73.393,128
73.418,111
73.443,131
73.468,186
73.493,247
73.518,283
73.543,292
73.568,296
73.593,310
73.618,323
73.643,320
73.668,300
73.693,282
73.718,277
73.743,279
73.768,273
73.793,257
73.818,239
73.843,225
73.868,203
73.893,167
73.918,135
73.943,139
73.968,189
73.993,259
74.018,308
74.043,323
74.068,321
74.093,326
74.118,337
74.143,336
74.168,314
74.193,285
74.218,268
74.243,264
74.268,259
74.293,244
74.318,224
74.343,207
74.368,188
74.393,157
74.418,124
74.443,116
74.468,153
74.493,221
74.518,283
74.543,313
74.568,319
74.593,327
74.618,343
74.643,353
74.668,342
74.693,319
74.718,303
74.743,301
74.768,298
74.793,282
74.818,258
74.843,241
74.868,231
74.893,214
74.918,185
74.943,161
74.968,171
74.993,218
75.018,274
75.043,305
75.068,308
75.093,305
75.118,315
75.143,329
75.168,326
75.193,303
75.218,278
75.243,268
75.268,267
75.293,258
75.318,234
75.343,205
75.368,179
75.393,151
75.418,111
75.443,72
75.468,63
75.493,99
75.518,165
75.543,225
75.568,256
75.593,264
75.618,268
75.643,275
75.668,279
75.693,274
75.718,266
75.743,261
75.768,259
75.793,251
75.818,238
75.843,229
75.868,227
75.893,220
75.918,194
75.943,158
75.968,144
75.993,175
76.018,242
76.043,309
76.068,346
76.093,353
76.118,349
76.143,348
76.168,345
76.193,330
76.218,306
76.243,285
76.268,274
76.293,269
76.318,262
76.343,252
76.368,239
76.393,218
76.418,186
76.443,151
76.468,137
76.493,160
76.518,215
76.543,274
76.568,314
76.593,329
76.618,330
76.643,326
76.668,321
76.693,311
76.718,297
76.743,284
76.768,276
76.793,275
76.818,277
76.843,279
76.868,272
76.893,247
76.918,208
76.943,176
76.968,176
76.993,213
77.018,267
77.043,308
77.068,325
77.093,323
77.118,316
77.143,307
77.168,294
77.193,277
77.218,263
77.243,256
77.268,250
77.293,239
77.318,221
77.343,201
77.368,179
77.393,149
77.418,115
77.443,92
77.468,102
77.493,149
77.518,212
77.543,261
77.568,285
77.593,294
77.618,300
77.643,304
77.668,299
77.693,283
77.718,263
77.743,252
77.768,248
77.793,246
77.818,239
77.843,226
77.868,204
77.893,172
77.918,141
77.943,131
77.968,161
77.993,227
78.018,298
78.043,344
78.068,354
78.093,344
78.118,332
78.143,324
78.168,315
78.193,302
78.218,291
78.243,282
78.268,272
78.293,257
78.318,239
78.343,222
78.368,203
78.393,177
78.418,146
78.443,130
78.468,148
78.493,200
78.518,261
78.543,303
78.568,318
78.593,320
78.618,318
78.643,314
78.668,302
78.693,284
78.718,270
78.743,264
78.768,259
78.793,247
78.818,228
78.843,207
78.868,183
78.893,150
78.918,115
78.943,98
78.968,117
78.993,170
79.018,232
79.043,272
79.068,284
79.093,281
79.118,278
79.143,279
79.168,280
79.193,281
79.218,288
79.243,299
79.268,304
79.293,297
79.318,285
79.343,274
79.368,262
79.393,239
79.418,206
79.443,184
79.468,198
79.493,252
79.518,317
79.543,360
79.568,369
79.593,358
79.618,345
79.643,336
79.668,326
79.693,312
79.718,299
79.743,290
79.768,282
79.793,271
79.818,261
79.843,252
79.868,240
79.893,215
79.918,176
79.943,142
79.968,139
79.993,173
80.018,226
80.043,270
80.068,289
80.093,289
80.118,283
80.143,277
80.168,269
80.193,258
80.218,244
80.243,233
80.268,224
80.293,219
80.318,218
80.343,219
80.368,213
80.393,196
80.418,172
80.443,160
80.468,176
80.493,219
80.518,269
80.543,306
80.568,324
80.593,330
80.618,330
80.643,325
80.668,314
80.693,299
80.718,284
80.743,272
80.768,263
80.793,254
80.818,244
80.843,227
80.868,196
80.893,153
80.918,116
80.943,109
80.968,144
80.993,204
81.018,258
81.043,286
81.068,288
81.093,282
81.118,279
81.143,278
81.168,272
81.193,261
81.218,249
81.243,239
81.268,232
81.293,226
81.318,221
81.343,211
81.368,189
81.393,156
81.418,134
81.443,145
81.468,196
81.493,262
81.518,311
81.543,332
81.568,335
81.593,338
81.618,343
81.643,339
81.668,321
81.693,297
81.718,283
81.743,277
81.768,272
81.793,258
81.818,239
81.843,216
81.868,188
81.893,151
81.918,122
81.943,124
81.968,168
81.993,235
82.018,290
82.043,314
82.068,317
82.093,320
82.118,330
82.143,337
82.168,331
82.193,320
82.218,315
82.243,316
82.268,307
82.293,283
82.318,252
82.343,228
82.368,210
82.393,184
82.418,150
82.443,133
82.468,156
82.493,215
82.518,274
82.543,303
82.568,303
82.593,295
82.618,293
82.643,291
82.668,277
82.693,257
82.718,250
82.743,259
82.768,267
82.793,257
82.818,234
82.843,219
82.868,217
82.893,208
82.918,174
82.943,131
82.968,120
82.993,165
83.018,245
83.043,313
83.068,340
83.093,340
83.118,337
83.143,339
83.168,333
83.193,312
83.218,287
83.243,276
83.268,276
83.293,271
83.318,250
83.343,225
83.368,211
83.393,204
83.418,187
83.443,154
83.468,127
83.493,136
83.518,185
83.543,248
83.568,292
83.593,307
83.618,304
83.643,299
83.668,292
83.693,282
83.718,272
83.743,266
83.768,265
83.793,259
83.818,247
83.843,236
83.868,231
83.893,225
83.918,203
83.943,167
83.968,140
83.993,149
84.018,194
84.043,251
84.068,292
84.093,312
84.118,321
84.143,325
84.168,320
84.193,301
84.218,279
84.243,270
84.268,274
84.293,278
84.318,269
84.343,251
84.368,237
84.393,226
84.418,206
84.443,175
84.468,151
84.493,164
84.518,219
84.543,287
84.568,333
84.593,346
84.618,344
84.643,344
84.668,343
84.693,332
84.718,309
84.743,287
84.768,274
84.793,265
84.818,248
84.843,222
84.868,196
84.893,177
84.918,161
84.943,143
84.968,134
84.993,152
85.018,198
85.043,250
85.068,285
85.093,298
85.118,302
85.143,311
85.168,321
85.193,316
85.218,296
85.243,272
85.268,258
85.293,250
85.318,240
85.343,224
85.368,207
85.393,189
85.418,164
85.443,130
85.468,106
85.493,117
85.518,170
85.543,238
85.568,288
85.593,306
85.618,308
85.643,312
85.668,321
85.693,321
85.718,306
85.743,288
85.768,280
85.793,279
85.818,274
85.843,260
85.868,242
85.893,224
85.918,202
85.943,171
85.968,142
85.993,142
86.018,184
86.043,249
86.068,301
86.093,321
86.118,321
86.143,321
86.168,327
86.193,326
86.218,310
86.243,290
86.268,279
86.293,277
86.318,270
86.343,250
86.368,226
86.393,210
86.418,198
86.443,176
86.468,143
86.493,123
86.518,145
86.543,204
86.568,270
86.593,311
86.618,323
86.643,326
86.668,335
86.693,342
86.718,336
86.743,317
86.768,303
86.793,298
86.818,295
86.843,281
86.868,258
86.893,238
86.918,224
86.943,207
86.968,178
86.993,148
87.018,143
87.043,179
87.068,237
87.093,288
87.118,312
87.143,311
87.168,303
87.193,296
87.218,290
87.243,281
87.268,272
87.293,264
87.318,253
87.343,239
87.368,226
87.393,216
87.418,204
87.443,177
87.468,138
87.493,106
87.518,107
87.543,147
87.568,205
87.593,252
87.618,278
87.643,290
87.668,298
87.693,302
87.718,299
87.743,289
87.768,282
87.793,283
87.818,288
87.843,290
87.868,287
87.893,280
87.918,265
87.943,236
87.968,198
87.993,171
88.018,178
88.043,222
88.068,278
88.093,318
88.118,334
88.143,336
88.168,334
88.193,327
88.218,309
88.243,287
88.268,270
88.293,266
88.318,266
88.343,259
88.368,245
88.393,230
88.418,213
88.443,188
88.468,156
88.493,136
88.518,150
88.543,200
88.568,260
88.593,299
88.618,308
88.643,303
88.668,300
88.693,300
88.718,292
88.743,275
88.768,257
88.793,248
88.818,242
88.843,235
88.868,223
88.893,213
88.918,198
88.943,172
88.968,134
88.993,108
89.018,121
89.043,178
89.068,250
89.093,300
89.118,316
89.143,314
89.168,313
89.193,316
89.218,312
89.243,297
89.268,281
89.293,273
89.318,269
89.343,264
89.368,253
89.393,240
89.418,224
89.443,197
89.468,161
89.493,137
89.518,149
89.543,201
89.568,264
89.593,308
89.618,323
89.643,326
89.668,333
89.693,343
89.718,342
89.743,328
89.768,311
89.793,301
89.818,292
89.843,275
89.868,250
89.893,229
89.918,215
89.943,196
89.968,160
89.993,124
90.018,120
90.043,162
90.068,230
90.093,284
90.118,305
90.143,305
90.168,305
90.193,310
90.218,306
90.243,288
90.268,267
90.293,257
90.318,259
90.343,258
90.368,247
90.393,230
90.418,215
90.443,195
90.468,162
90.493,125
90.518,110
90.543,140
90.568,201
90.593,262
90.618,296
90.643,307
90.668,313
90.693,322
90.718,327
90.743,321
90.768,308
90.793,300
90.818,299
90.843,294
90.868,279
90.893,258
90.918,239
90.943,218
90.968,190
90.993,159
91.018,144
91.043,162
91.068,208
91.093,258
91.118,290
91.143,301
91.168,300
91.193,296
91.218,287
91.243,274
91.268,263
91.293,261
91.318,264
91.343,263
91.368,254
91.393,243
91.418,234
91.443,221
91.468,196
91.493,164
91.518,147
91.543,166
91.568,216
91.593,270
91.618,303
91.643,312
91.668,310
91.693,306
91.718,300
91.743,291
91.768,279
91.793,271
91.818,266
91.843,260
91.868,251
91.893,245
91.918,240
91.943,226
91.968,196
91.993,159
92.018,143
92.043,168
92.068,227
92.093,287
92.118,325
92.143,338
92.168,340
92.193,339
92.218,333
92.243,319
92.268,301
92.293,289
92.318,282
92.343,275
92.368,262
92.393,247
92.418,229
92.443,204
92.468,170
92.493,142
92.518,141
92.543,178
92.568,236
92.593,283
92.618,301
92.643,297
92.668,291
92.693,291
92.718,288
92.743,273
92.768,253
92.793,240
92.818,237
92.843,238
92.868,233
92.893,221
92.918,205
92.943,181
92.968,151
92.993,129
93.018,136
93.043,181
93.068,243
93.093,289
93.118,304
93.143,304
93.168,309
93.193,323
93.218,330
93.243,317
93.268,294
93.293,277
93.318,271
93.343,266
93.368,251
93.393,232
93.418,215
93.443,199
93.468,173
93.493,141
93.518,126
93.543,150
93.568,205
93.593,258
93.618,284
93.643,288
93.668,292
93.693,304
93.718,311
93.743,298
93.768,274
93.793,259
93.818,261
93.843,267
93.868,259
93.893,242
93.918,232
93.943,233
93.968,224
93.993,193
94.018,154
94.043,145
94.068,186
94.093,255
94.118,310
94.143,330
94.168,328
94.193,328
94.218,334
94.243,333
94.268,318
94.293,300
94.318,292
94.343,290
94.368,279
94.393,255
94.418,232
94.443,221
94.468,216
94.493,197
94.518,161
94.543,132
94.568,140
94.593,188
94.618,248
94.643,292
94.668,313
94.693,323
94.718,331
94.743,333
94.768,320
94.793,301
94.818,286
94.843,282
94.868,279
94.893,269
94.918,253
94.943,237
94.968,221
94.993,199
95.018,168
95.043,146
95.068,154
95.093,193
95.118,247
95.143,289
95.168,309
95.193,313
95.218,310
95.243,303
95.268,291
95.293,276
95.318,263
95.343,255
95.368,248
95.393,240
95.418,233
95.443,227
95.468,215
95.493,189
95.518,155
95.543,135
95.568,148
95.593,193
95.618,244
95.643,280
95.668,298
95.693,306
95.718,312
95.743,308
95.768,293
95.793,273
95.818,263
95.843,264
95.868,264
95.893,253
95.918,236
95.943,220
95.968,205
95.993,182
96.018,153
96.043,135
96.068,150
96.093,198
96.118,255
96.143,292
96.168,304
96.193,304
96.218,307
96.243,310
96.268,305
96.293,293
96.318,282
96.343,280
96.368,280
96.393,274
96.418,263
96.443,251
96.468,236
96.493,211
96.518,176
96.543,156
96.568,174
96.593,231
96.618,297
96.643,337
96.668,346
96.693,342
96.718,344
96.743,348
96.768,338
96.793,316
96.818,296
96.843,289
96.868,288
96.893,275
96.918,247
96.943,219
96.968,201
96.993,180
97.018,142
97.043,97
97.068,79
97.093,110
97.118,179
97.143,243
97.168,274
97.193,275
97.218,272
97.243,276
97.268,278
97.293,269
97.318,253
97.343,242
97.368,242
97.393,242
97.418,238
97.443,235
97.468,237
97.493,233
97.518,205
97.543,159
97.568,126
97.593,137
97.618,194
97.643,261
97.668,304
97.693,319
97.718,324
97.743,334
97.768,341
97.793,333
97.818,314
97.843,302
97.868,302
97.893,305
97.918,295
97.943,272
97.968,251
97.993,237
98.018,218
98.043,185
98.068,149
98.093,139
98.118,170
98.143,228
98.168,280
98.193,307
98.218,315
98.243,316
98.268,315
98.293,308
98.318,294
98.343,286
98.368,288
98.393,297
98.418,298
98.443,288
98.468,273
98.493,256
98.518,235
98.543,205
98.568,176
98.593,166
98.618,186
98.643,224
98.668,261
98.693,284
98.718,295
98.743,303
98.768,305
98.793,296
98.818,278
98.843,262
98.868,254
98.893,252
98.918,248
98.943,241
98.968,230
98.993,215
99.018,188
99.043,152
99.068,126
99.093,134
99.118,179
99.143,240
99.168,288
99.193,309
99.218,312
99.243,311
99.268,308
99.293,299
99.318,287
99.343,280
99.368,282
99.393,286
99.418,282
99.443,269
99.468,252
99.493,233
99.518,209
99.543,179
99.568,156
99.593,158
99.618,185
99.643,219
99.668,238
99.693,238
99.718,236
99.743,246
99.768,263
99.793,277
99.818,282
99.843,285
99.868,292
99.893,297
99.918,291
99.943,276
99.968,255
99.993,229
100.018,193
100.043,147
100.068,114
100.093,118
100.118,165
100.143,230
100.168,278
100.193,298
100.218,303
100.243,308
100.268,314
100.293,312
100.318,298
100.343,282
100.368,272
100.393,264
100.418,253
100.443,239
100.468,231
100.493,226
100.518,210
100.543,176
100.568,142
100.593,139
100.618,182
100.643,249
100.668,302
100.693,325
100.718,330
100.743,335
100.768,343
100.793,343
100.818,329
100.843,312
100.868,302
100.893,297
100.918,284
100.943,261
100.968,239
100.993,223
101.018,206
101.043,176
101.068,144
101.093,136
101.118,169
101.143,230
101.168,283
101.193,308
101.218,313
101.243,319
101.268,329
101.293,329
101.318,311
101.343,288
101.368,277
101.393,280
101.418,281
101.443,269
101.468,248
101.493,228
101.518,209
101.543,184
101.568,155
101.593,140
101.618,161
101.643,216
101.668,274
101.693,304
101.718,299
101.743,273
101.768,244
101.793,222
101.818,210
101.843,208
101.868,217
101.893,229
101.918,234
101.943,231
101.968,228
101.993,229
102.018,226
102.043,207
102.068,178
102.093,165
102.118,190
102.143,248
102.168,307
102.193,342
102.218,349
102.243,344
102.268,339
102.293,332
102.318,318
102.343,301
102.368,290
102.393,287
102.418,281
102.443,268
102.468,252
102.493,239
102.518,224
102.543,196
102.568,160
102.593,139
102.618,156
102.643,205
102.668,257
102.693,287
102.718,297
102.743,303
102.768,314
102.793,318
102.818,303
102.843,275
102.868,256
102.893,253
102.918,256
102.943,248
102.968,229
102.993,210
103.018,196
103.043,176
103.068,144
103.093,116
103.118,122
103.143,171
103.168,240
103.193,288
103.218,302
103.243,298
103.268,299
103.293,308
103.318,309
103.343,296
103.368,281
103.393,278
103.418,283
103.443,280
103.468,259
103.493,234
103.518,216
103.543,202
103.568,180
103.593,149
103.618,132
103.643,154
103.668,210
103.693,266
103.718,295
103.743,300
103.768,304
103.793,320
103.818,333
103.843,327
103.868,304
103.893,285
103.918,285
103.943,293
103.968,285
103.993,258
104.018,228
104.043,212
104.068,203
104.093,183
104.118,148
104.143,122
104.168,133
104.193,183
104.218,244
104.243,286
104.268,303
104.293,312
104.318,324
104.343,333
104.368,326
104.393,305
104.418,289
104.443,288
104.468,297
104.493,293
104.518,271
104.543,243
104.568,227
104.593,224
104.618,214
104.643,182
104.668,143
104.693,128
104.718,156
104.743,215
104.768,271
104.793,302
104.818,312
104.843,316
104.868,323
104.893,323
104.918,311
104.943,294
104.968,287
104.993,292
105.018,298
105.043,290
105.068,271
105.093,253
105.118,243
105.143,229
105.168,200
105.193,162
105.218,145
105.243,170
105.268,224
105.293,275
105.318,298
105.343,300
105.368,302
105.393,312
105.418,315
105.443,298
105.468,269
105.493,250
105.518,251
105.543,256
105.568,247
105.593,224
105.618,205
105.643,199
105.668,193
105.693,168
105.718,132
105.743,115
105.768,144
105.793,206
105.818,261
105.843,284
105.868,283
105.893,285
105.918,299
105.943,308
105.968,293
105.993,265
106.018,247
106.043,252
106.068,266
106.093,266
106.118,252
106.143,236
106.168,227
106.193,212
106.218,180
106.243,143
106.268,135
106.293,175
106.318,241
106.343,292
106.368,306
106.393,301
106.418,305
106.443,323
106.468,333
106.493,320
106.518,293
106.543,278
106.568,280
106.593,284
106.618,272
106.643,248
106.668,227
106.693,214
106.718,198
106.743,167
106.768,139
106.793,141
106.818,186
106.843,250
106.868,300
106.893,322
106.918,328
106.943,336
106.968,342
106.993,334
107.018,311
107.043,288
107.068,283
107.093,288
107.118,284
107.143,261
107.168,233
107.193,216
107.218,205
107.243,184
107.268,148
107.293,122
107.318,132
107.343,181
107.368,240
107.393,280
107.418,295
107.443,300
107.468,308
107.493,313
107.518,307
107.543,290
107.568,277
107.593,272
107.618,269
107.643,258
107.668,242
107.693,231
107.718,225
107.743,209
107.768,178
107.793,145
107.818,139
107.843,173
107.868,230
107.893,278
107.918,301
107.943,305
107.968,305
107.993,307
108.018,303
108.043,292
108.068,282
108.093,280
108.118,283
108.143,285
108.168,281
108.193,274
108.218,260
108.243,234
108.268,195
108.293,159
108.318,151
108.343,180
108.368,231
108.393,277
108.418,303
108.443,314
108.468,319
108.493,317
108.518,304
108.543,284
108.568,266
108.593,259
108.618,257
108.643,254
108.668,246
108.693,237
108.718,227
108.743,206
108.768,173
108.793,143
108.818,140
108.843,175
108.868,233
108.893,285
108.918,313
108.943,320
108.968,318
108.993,314
109.018,304
109.043,288
109.068,273
109.093,261
109.118,252
109.143,241
109.168,230
109.193,220
109.218,207
109.243,181
109.268,147
109.293,123
109.318,132
109.343,175
109.368,227
109.393,262
109.418,273
109.443,277
109.468,288
109.493,302
109.518,303
109.543,290
109.568,274
109.593,268
109.618,271
109.643,271
109.668,263
109.693,250
109.718,233
109.743,206
109.768,172
109.793,146
109.818,153
109.843,196
109.868,253
109.893,296
109.918,315
109.943,321
109.968,329
109.993,338
110.018,334
110.043,317
110.068,298
110.093,288
110.118,285
110.143,279
110.168,264
110.193,247
110.218,230
110.243,206
110.268,170
110.293,138
110.318,134
110.343,171
110.368,230
110.393,278
110.418,297
110.443,297
110.468,297
110.493,301
110.518,301
110.543,291
110.568,279
110.593,274
110.618,273
110.643,267
110.668,254
110.693,240
110.718,228
110.743,210
110.768,178
110.793,143
110.818,133
110.843,163
110.868,221
110.893,275
110.918,303
110.943,313
110.968,320
110.993,329
111.018,331
111.043,318
111.068,298
111.093,285
111.118,278
111.143,271
111.168,258
111.193,244
111.218,237
111.243,227
111.268,203
111.293,169
111.318,146
111.343,157
111.368,201
111.393,254
111.418,293
111.443,312
111.468,320
111.493,321
111.518,311
111.543,291
111.568,274
111.593,272
111.618,281
111.643,286
111.668,275
111.693,254
111.718,233
111.743,211
111.768,181
111.793,146
111.818,127
111.843,146
111.868,195
111.893,248
111.918,280
111.943,292
111.968,299
111.993,307
112.018,306
112.043,290
112.068,267
112.093,254
112.118,255
112.143,255
112.168,240
112.193,220
112.218,209
112.243,207
112.268,195
112.293,162
112.318,127
112.343,124
112.368,167
112.393,231
112.418,274
112.443,282
112.468,279
112.493,291
112.518,315
112.543,328
112.568,315
112.593,291
112.618,279
112.643,285
112.668,288
112.693,272
112.718,246
112.743,231
112.768,228
112.793,220
112.818,193
112.843,159
112.868,154
112.893,192
112.918,255
112.943,303
112.968,318
112.993,315
113.018,317
113.043,328
113.068,331
113.093,314
113.118,288
113.143,271
113.168,271
113.193,272
113.218,258
113.243,230
113.268,206
113.293,197
113.318,191
113.343,171
113.368,136
113.393,113
113.418,129
113.443,184
113.468,250
113.493,296
113.518,313
113.543,319
113.568,329
113.593,340
113.618,338
113.643,321
113.668,301
113.693,294
113.718,299
113.743,296
113.768,274
113.793,243
113.818,222
113.843,220
113.868,219
113.893,201
113.918,167
113.943,145
113.968,158
113.993,205
114.018,259
114.043,293
114.068,304
114.093,309
114.118,316
114.143,321
114.168,312
114.193,293
114.218,280
114.243,283
114.268,292
114.293,289
114.318,269
114.343,245
114.368,231
114.393,224
114.418,207
114.443,172
114.468,137
114.493,130
114.518,162
114.543,214
114.568,256
114.593,277
114.618,288
114.643,301
114.668,312
114.693,307
114.718,284
114.743,262
114.768,259
114.793,272
114.818,280
114.843,267
114.868,243
114.893,226
114.918,220
114.943,211
114.968,183
114.993,146
115.018,131
115.043,159
115.068,216
115.093,269
115.118,298
115.143,308
115.168,316
115.193,327
115.218,329
115.243,315
115.268,293
115.293,280
115.318,283
115.343,287
115.368,275
115.393,250
115.418,226
115.443,210
115.468,194
115.493,167
115.518,134
115.543,122
115.568,149
115.593,206
115.618,263
115.643,294
115.668,303
115.693,306
115.718,315
115.743,321
115.768,312
115.793,291
115.818,274
115.843,272
115.868,279
115.893,274
115.918,252
115.943,226
115.968,212
115.993,206
116.018,191
116.043,158
116.068,123
116.093,119
116.118,161
116.143,228
116.168,283
116.193,305
116.218,306
116.243,309
116.268,322
116.293,331
116.318,322
116.343,301
116.368,284
116.393,283
116.418,287
116.443,279
116.468,258
116.493,237
116.518,224
116.543,210
116.568,181
116.593,144
116.618,126
116.643,150
116.668,207
116.693,262
116.718,290
116.743,294
116.768,295
116.793,305
116.818,313
116.843,307
116.868,291
116.893,282
116.918,285
116.943,287
116.968,272
116.993,245
117.018,224
117.043,219
117.068,214
117.093,192
117.118,158
117.143,142
117.168,166
117.193,220
117.218,272
117.243,299
117.268,308
117.293,317
117.318,330
117.343,332
117.368,315
117.393,290
117.418,277
117.443,280
117.468,285
117.493,278
117.518,262
117.543,248
117.568,239
117.593,219
117.618,184
117.643,152
117.668,150
117.693,184
117.718,235
117.743,274
117.768,292
117.793,303
117.818,315
117.843,322
117.868,312
117.893,288
117.918,270
117.943,268
117.968,274
117.993,271
118.018,256
118.043,240
118.068,232
118.093,221
118.118,196
118.143,163
118.168,150
118.193,174
118.218,223
118.243,268
118.268,292
118.293,300
118.318,303
118.343,305
118.368,296
118.393,278
118.418,264
118.443,264
118.468,268
118.493,261
118.518,239
118.543,218
118.568,209
118.593,202
118.618,178
118.643,140
118.668,117
118.693,139
118.718,200
118.743,262
118.768,295
118.793,299
118.818,299
118.843,307
118.868,313
118.893,307
118.918,290
118.943,279
118.968,278
118.993,277
119.018,264
119.043,244
119.068,228
119.093,214
119.118,191
119.143,158
119.168,137
119.193,153
119.218,206
119.243,265
119.268,299
119.293,307
119.318,307
119.343,315
119.368,323
119.393,318
119.418,300
119.443,283
119.468,275
119.493,271
119.518,258
119.543,240
119.568,224
119.593,210
119.618,188
119.643,155
119.668,130
119.693,141
119.718,193
119.743,259
119.768,304
119.793,316
119.818,313
119.843,315
119.868,321
119.893,319
119.918,305
119.943,289
119.968,280
119.993,275
120.018,263
120.043,244
120.068,225
120.093,209
120.118,187
120.143,155
120.168,130
120.193,136
120.218,182
120.243,246
120.268,295
120.293,314
120.318,315
120.343,317
120.368,322
120.393,319
120.418,305
120.443,290
120.468,283
120.493,282
120.518,273
120.543,253
120.568,229
120.593,210
120.618,189
120.643,161
120.668,134
120.693,131
120.718,165
120.743,224
120.768,278
120.793,308
120.818,314
120.843,311
120.868,308
120.893,304
120.918,297
120.943,293
120.968,291
120.993,286
121.018,273
121.043,256
121.068,243
121.093,233
121.118,214
121.143,180
121.168,146
121.193,139
121.218,172
121.243,228
121.268,275
121.293,298
121.318,307
121.343,316
121.368,327
121.393,326
121.418,309
121.443,288
121.468,278
121.493,278
121.518,275
121.543,262
121.568,247
121.593,235
121.618,221
121.643,195
121.668,163
121.693,149
121.718,172
121.743,222
121.768,272
121.793,301
121.818,312
121.843,317
121.868,319
121.893,310
121.918,288
121.943,264
121.968,253
121.993,256
122.018,255
122.043,241
122.068,220
122.093,202
122.118,185
122.143,160
122.168,127
122.193,111
122.218,133
122.243,191
122.268,251
122.293,285
122.318,293
122.343,296
122.368,307
122.393,317
122.418,312
122.443,294
122.468,277
122.493,273
122.518,272
122.543,261
122.568,241
122.593,222
122.618,211
122.643,196
122.668,170
122.693,143
122.718,141
122.743,178
122.768,237
122.793,286
122.818,310
122.843,319
122.868,329
122.893,343
122.918,345
122.943,328
122.968,306
122.993,295
123.018,298
123.043,296
123.068,274
123.093,241
123.118,217
123.143,211
123.168,207
123.193,184
123.218,145
123.243,116
123.268,126
123.293,173
123.318,233
123.343,276
123.368,295
123.393,304
123.418,316
123.443,327
123.468,329
123.493,316
123.518,299
123.543,289
123.568,287
123.593,282
123.618,267
123.643,244
123.668,223
123.693,210
123.718,195
123.743,171
123.768,140
123.793,122
123.818,138
123.843,186
123.868,245
123.893,288
123.918,307
123.943,315
123.968,326
123.993,339
124.018,343
124.043,330
124.068,309
124.093,295
124.118,292
124.143,289
124.168,275
124.193,253
124.218,235
124.243,228
124.268,221
124.293,198
124.318,161
124.343,134
124.368,142
124.393,183
124.418,234
124.443,268
124.468,278
124.493,280
124.518,286
124.543,297
124.568,301
124.593,296
124.618,287
124.643,279
124.668,271
124.693,259
124.718,245
124.743,236
124.768,233
124.793,224
124.818,198
124.843,161
124.868,139
124.893,155
124.918,204
124.943,258
124.968,290
124.993,300
125.018,304
125.043,313
125.068,317
125.093,305
125.118,281
125.143,265
125.168,266
125.193,275
125.218,272
125.243,252
125.268,230
125.293,222
125.318,218
125.343,200
125.368,164
125.393,133
125.418,141
125.443,190
125.468,251
125.493,289
125.518,297
125.543,297
125.568,307
125.593,322
125.618,322
125.643,303
125.668,282
125.693,275
125.718,279
125.743,277
125.768,259
125.793,235
125.818,223
125.843,218
125.868,204
125.893,174
125.918,147
125.943,152
125.968,196
125.993,253
126.018,292
126.043,304
126.068,305
126.093,311
126.118,317
126.143,312
126.168,293
126.193,277
126.218,276
126.243,282
126.268,276
126.293,253
126.318,230
126.343,221
126.368,216
126.393,196
126.418,156
126.443,125
126.468,134
126.493,187
126.518,251
126.543,293
126.568,305
126.593,309
126.618,320
126.643,330
126.668,325
126.693,305
126.718,287
126.743,282
126.768,281
126.793,269
126.818,246
126.843,226
126.868,219
126.893,211
126.918,185
126.943,146
126.968,123
126.993,140
127.018,193
127.043,247
127.068,278
127.093,286
127.118,287
127.143,291
127.168,290
127.193,276
127.218,256
127.243,241
127.268,235
127.293,229
127.318,214
127.343,196
127.368,184
127.393,179
127.418,176
127.443,173
127.468,182
127.493,214
127.518,263
127.543,307
127.568,332
127.593,341
127.618,352
127.643,370
127.668,382
127.693,375
127.718,351
127.743,323
127.768,305
127.793,292
127.818,278
127.843,261
127.868,244
127.893,224
127.918,197
127.943,167
127.968,147
127.993,156
128.018,192
128.043,237
128.068,270
128.093,287
128.118,295
128.143,300
128.168,298
128.193,284
128.218,264
128.243,250
128.268,245
128.293,244
128.318,241
128.343,234
128.368,224
128.393,205
128.418,173
128.443,137
128.468,122
128.493,146
128.518,205
128.543,266
128.568,301
128.593,307
128.618,302
128.643,300
128.668,302
128.693,298
128.718,286
128.743,274
128.768,268
128.793,265
128.818,259
128.843,249
128.868,236
128.893,217
128.918,190
128.943,162
128.968,152
128.993,176
129.018,224
129.043,272
129.068,298
129.093,303
129.118,305
129.143,312
129.168,318
129.193,311
129.218,295
129.243,281
129.268,274
129.293,271
129.318,262
129.343,246
129.368,229
129.393,210
129.418,184
129.443,157
129.468,145
129.493,167
129.518,217
129.543,270
129.568,300
129.593,307
129.618,305
129.643,306
129.668,306
129.693,297
129.718,281
129.743,267
129.768,260
129.793,255
129.818,245
129.843,232
129.868,222
129.893,211
129.918,188
129.943,155
129.968,133
129.993,146
130.018,195
130.043,255
130.068,295
130.093,310
130.118,312
130.143,316
130.168,318
130.193,308
130.218,286
130.243,267
130.268,260
130.293,257
130.318,247
130.343,229
130.368,211
130.393,196
130.418,179
130.443,151
130.468,125
130.493,122
130.518,156
130.543,211
130.568,259
130.593,281
130.618,284
130.643,283
130.668,289
130.693,299
130.718,306
130.743,310
130.768,312
130.793,311
130.818,307
130.843,299
130.868,288
130.893,270
130.918,239
130.943,202
130.968,179
130.993,191
131.018,239
131.043,298
131.068,340
131.093,352
131.118,345
131.143,334
131.168,323
131.193,308
131.218,289
131.243,272
131.268,261
131.293,256
131.318,253
131.343,247
131.368,238
131.393,223
131.418,199
131.443,172
131.468,155
131.493,162
131.518,193
131.543,233
131.568,264
131.593,281
131.618,290
131.643,293
131.668,290
131.693,279
131.718,264
131.743,254
131.768,250
131.793,247
131.818,240
131.843,231
131.868,222
131.893,206
131.918,179
131.943,147
131.968,131
131.993,149
132.018,196
132.043,245
132.068,275
132.093,286
132.118,291
132.143,300
132.168,304
132.193,296
132.218,280
132.243,268
132.268,265
132.293,264
132.318,258
132.343,246
132.368,233
132.393,216
132.418,189
132.443,156
132.468,138
132.493,156
132.518,205
132.543,257
132.568,285
132.593,289
132.618,290
132.643,302
132.668,318
132.693,319
132.718,301
132.743,280
132.768,268
132.793,264
132.818,258
132.843,243
132.868,224
132.893,203
132.918,176
132.943,146
132.968,131
132.993,148
133.018,198
133.043,256
133.068,293
133.093,306
133.118,309
133.143,319
133.168,330
133.193,331
133.218,318
133.243,304
133.268,300
133.293,298
133.318,286
133.343,262
133.368,238
133.393,221
133.418,207
133.443,187
133.468,170
133.493,178
133.518,218
133.543,275
133.568,319
133.593,335
133.618,334
133.643,332
133.668,333
133.693,327
133.718,310
133.743,289
133.768,273
133.793,265
133.818,254
133.843,238
133.868,220
133.893,203
133.918,182
133.943,150
133.968,118
133.993,110
134.018,137
134.043,189
134.068,237
134.093,264
134.118,274
134.143,282
134.168,293
134.193,297
134.218,290
134.243,278
134.268,272
134.293,275
134.318,279
134.343,278
134.368,275
134.393,270
134.418,257
134.443,228
134.468,192
134.493,173
134.518,187
134.543,229
134.568,272
134.593,296
134.618,303
134.643,305
134.668,305
134.693,299
134.718,286
134.743,273
134.768,268
134.793,268
134.818,264
134.843,250
134.868,235
134.893,223
134.918,210
134.943,183
134.968,148
134.993,133
135.018,158
135.043,214
135.068,267
135.093,290
135.118,287
135.143,283
135.168,290
135.193,296
135.218,286
135.243,263
135.268,243
135.293,237
135.318,234
135.343,225
135.368,209
135.393,197
135.418,189
135.443,174
135.468,150
135.493,134
135.518,154
135.543,214
135.568,284
135.593,330
135.618,344
135.643,345
135.668,351
135.693,359
135.718,353
135.743,330
135.768,307
135.793,295
135.818,288
135.843,273
135.868,248
135.893,225
135.918,211
135.943,195
135.968,166
135.993,131
136.018,119
136.043,150
136.068,208
136.093,260
136.118,283
136.143,287
136.168,291
136.193,302
136.218,307
136.243,298
136.268,280
136.293,267
136.318,262
136.343,256
136.368,242
136.393,228
136.418,220
136.443,209
136.468,185
136.493,152
136.518,135
136.543,159
136.568,218
136.593,281
136.618,320
136.643,331
136.668,332
136.693,335
136.718,337
136.743,328
136.768,312
136.793,297
136.818,290
136.843,283
136.868,273
136.893,261
136.918,251
136.943,239
136.968,216
136.993,183
137.018,159
137.043,166
137.068,207
137.093,261
137.118,300
137.143,315
137.168,313
137.193,307
137.218,300
137.243,293
137.268,285
137.293,280
137.318,275
137.343,267
137.368,254
137.393,241
137.418,229
137.443,213
137.468,188
137.493,160
137.518,147
137.543,163
137.568,203
137.593,246
137.618,275
137.643,289
137.668,294
137.693,296
137.718,290
137.743,275
137.768,258
137.793,249
137.818,247
137.843,247
137.868,241
137.893,230
137.918,215
137.943,193
137.968,162
137.993,135
138.018,132
138.043,164
138.068,219
138.093,271
138.118,301
138.143,312
138.168,317
138.193,322
138.218,321
138.243,311
138.268,297
138.293,287
138.318,283
138.343,278
138.368,270
138.393,257
138.418,239
138.443,212
138.468,176
138.493,147
138.518,145
138.543,180
138.568,236
138.593,286
138.618,312
138.643,322
138.668,328
138.693,332
138.718,326
138.743,307
138.768,285
138.793,271
138.818,263
138.843,252
138.868,235
138.893,218
138.918,203
138.943,184
138.968,152
138.993,120
139.018,114
139.043,150
139.068,212
139.093,266
139.118,290
139.143,294
139.168,299
139.193,309
139.218,310
139.243,295
139.268,274
139.293,264
139.318,266
139.343,265
139.368,250
139.393,227
139.418,209
139.443,197
139.468,180
139.493,155
139.518,143
139.543,165
139.568,217
139.593,272
139.618,303
139.643,311
139.668,316
139.693,327
139.718,333
139.743,323
139.768,303
139.793,290
139.818,289
139.843,289
139.868,274
139.893,249
139.918,229
139.943,217
139.968,200
139.993,167
140.018,137
140.043,140
140.068,184
140.093,246
140.118,292
140.143,309
140.168,314
140.193,324
140.218,335
140.243,333
140.268,318
140.293,304
140.318,303
140.343,306
140.368,298
140.393,274
140.418,251
140.443,236
140.468,221
140.493,191
140.518,149
140.543,126
140.568,142
140.593,191
140.618,241
140.643,269
140.668,279
140.693,288
140.718,299
140.743,302
140.768,290
140.793,272
140.818,264
140.843,268
140.868,272
140.893,265
140.918,252
140.943,240
140.968,227
140.993,205
141.018,173
141.043,152
141.068,160
141.093,199
141.118,245
141.143,277
141.168,293
141.193,301
141.218,305
141.243,300
141.268,283
141.293,265
141.318,257
141.343,259
141.368,260
141.393,249
141.418,232
141.443,216
141.468,201
141.493,175
141.518,142
141.543,123
141.568,141
141.593,192
141.618,248
141.643,282
141.668,296
141.693,304
141.718,315
141.743,319
141.768,305
141.793,282
141.818,269
141.843,273
141.868,278
141.893,267
141.918,242
141.943,219
141.968,208
141.993,195
142.018,170
142.043,147
142.068,155
142.093,207
142.118,277
142.143,328
142.168,344
142.193,344
142.218,351
142.243,366
142.268,369
142.293,351
142.318,327
142.343,316
142.368,315
142.393,303
142.418,271
142.443,232
142.468,206
142.493,191
142.518,168
142.543,132
142.568,106
142.593,120
142.618,173
142.643,233
142.668,266
142.693,273
142.718,277
142.743,290
142.768,300
142.793,289
142.818,261
142.843,242
142.868,245
142.893,255
142.918,248
142.943,225
142.968,205
142.993,198
143.018,194
143.043,171
143.068,137
143.093,124
143.118,158
143.143,225
143.168,286
143.193,314
143.218,319
143.243,326
143.268,341
143.293,346
143.318,328
143.343,302
143.368,287
143.393,288
143.418,287
143.443,270
143.468,245
143.493,231
143.518,229
143.543,218
143.568,184
143.593,146
143.618,139
143.643,177
143.668,237
143.693,281
143.718,297
143.743,300
143.768,308
143.793,318
143.818,314
143.843,291
143.868,264
143.893,252
143.918,255
143.943,258
143.968,255
143.993,250
144.018,246
144.043,235
144.068,209
144.093,174
144.118,158
144.143,179
144.168,227
144.193,274
144.218,300
144.243,307
144.268,308
144.293,307
144.318,297
144.343,276
144.368,256
144.393,252
144.418,260
144.443,265
144.468,258
144.493,243
144.518,232
144.543,220
144.568,199
144.593,169
144.618,149
144.643,162
144.668,205
144.693,255
144.718,288
144.743,304
144.768,312
144.793,319
144.818,318
144.843,304
144.868,285
144.893,274
144.918,271
144.943,265
144.968,247
144.993,224
145.018,208
145.043,196
145.068,174
145.093,140
145.118,114
145.143,125
145.168,175
145.193,236
145.218,276
145.243,289
145.268,292
145.293,300
145.318,307
145.343,300
145.368,281
145.393,268
145.418,269
145.443,271
145.468,261
145.493,239
145.518,221
145.543,212
145.568,201
145.593,172
145.618,140
145.643,136
145.668,178
145.693,247
145.718,306
145.743,332
145.768,340
145.793,351
145.818,366
145.843,369
145.868,354
145.893,337
145.918,334
145.943,341
145.968,338
145.993,311
146.018,275
146.043,252
146.068,240
146.093,220
146.118,181
146.143,143
146.168,139
146.193,177
146.218,230
146.243,265
146.268,275
146.293,275
146.318,282
146.343,288
146.368,282
146.393,266
146.418,258
146.443,263
146.468,272
146.493,268
146.518,251
146.543,236
146.568,228
146.593,214
146.618,183
146.643,146
146.668,131
146.693,156
146.718,204
146.743,245
146.768,264
146.793,271
146.818,279
146.843,284
146.868,274
146.893,252
146.918,235
146.943,238
146.968,252
146.993,257
147.018,244
147.043,227
147.068,219
147.093,214
147.118,195
147.143,165
147.168,148
147.193,170
147.218,226
147.243,284
147.268,316
147.293,324
147.318,325
147.343,328
147.368,327
147.393,313
147.418,295
147.443,286
147.468,285
147.493,280
147.518,264
147.543,243
147.568,228
147.593,217
147.618,196
147.643,166
147.668,150
147.693,173
147.718,227
147.743,281
147.768,307
147.793,307
147.818,306
147.843,315
147.868,323
147.893,312
147.918,286
147.943,266
147.968,263
147.993,266
148.018,259
148.043,239
148.068,219
148.093,206
148.118,188
148.143,157
148.168,130
148.193,134
148.218,182
148.243,247
148.268,293
148.293,306
148.318,303
148.343,309
148.368,321
148.393,322
148.418,304
148.443,284
148.468,277
148.493,280
148.518,277
148.543,258
148.568,235
148.593,222
148.618,211
148.643,187
148.668,152
148.693,132
148.718,153
148.743,209
148.768,264
148.793,291
148.818,293
148.843,294
148.868,306
148.893,316
148.918,307
148.943,284
148.968,267
148.993,265
149.018,268
149.043,260
149.068,242
149.093,225
149.118,212
149.143,192
149.168,159
149.193,130
149.218,133
149.243,178
149.268,240
149.293,285
149.318,301
149.343,303
149.368,309
149.393,319
149.418,320
149.443,307
149.468,290
149.493,283
149.518,283
149.543,278
149.568,264
149.593,249
149.618,237
149.643,220
149.668,189
149.693,152
149.718,135
149.743,158
149.768,212
149.793,266
149.818,295
149.843,302
149.868,304
149.893,309
149.918,312
149.943,305
149.968,293
149.993,285
150.018,282
150.043,278
150.068,268
150.093,256
150.118,248
150.143,237
150.168,211
150.193,174
150.218,149
150.243,159
150.268,204
150.293,261
150.318,302
150.343,321
150.368,328
150.393,332
150.418,329
150.443,312
150.468,287
150.493,265
150.518,254
150.543,247
150.568,237
150.593,225
150.618,215
150.643,202
150.668,178
150.693,144
150.718,121
150.743,133
150.768,181
150.793,243
150.818,290
150.843,310
150.868,316
150.893,318
150.918,314
150.943,301
150.968,284
150.993,273
151.018,272
151.043,272
151.068,260
151.093,239
151.118,220
151.143,208
151.168,190
151.193,163
151.218,139
151.243,144
151.268,188
151.293,249
151.318,296
151.343,314
151.368,315
151.393,318
151.418,322
151.443,316
151.468,298
151.493,279
151.518,272
151.543,273
151.568,266
151.593,245
151.618,222
151.643,204
151.668,188
151.693,161
151.718,131
151.743,121
151.768,153
151.793,214
151.818,269
151.843,294
151.868,295
151.893,295
151.918,306
151.943,315
151.968,307
151.993,287
152.018,274
152.043,276
152.068,282
152.093,275
152.118,255
152.143,236
152.168,222
152.193,203
152.218,171
152.243,142
152.268,143
152.293,188
152.318,254
152.343,303
152.368,319
152.393,318
152.418,323
152.443,336
152.468,336
152.493,316
152.518,288
152.543,273
152.568,275
152.593,274
152.618,257
152.643,228
152.668,208
152.693,199
152.718,188
152.743,161
152.768,130
152.793,126
152.818,166
152.843,231
152.868,285
152.893,309
152.918,312
152.943,314
152.968,321
152.993,317
153.018,298
153.043,274
153.068,265
153.093,271
153.118,274
153.143,260
153.168,235
153.193,219
153.218,217
153.243,212
153.268,187
153.293,151
153.318,133
153.343,158
153.368,214
153.393,269
153.418,299
153.443,308
153.468,310
153.493,313
153.518,309
153.543,293
153.568,276
153.593,271
153.618,276
153.643,278
153.668,268
153.693,253
153.718,244
153.743,239
153.768,222
153.793,187
153.818,151
153.843,146
153.868,182
153.893,239
153.918,287
153.943,309
153.968,315
153.993,317
154.018,317
154.043,309
154.068,293
154.093,280
154.118,277
154.143,278
154.168,272
154.193,259
154.218,248
154.243,245
154.268,240
154.293,219
154.318,188
154.343,172
154.368,192
154.393,241
154.418,289
154.443,313
154.468,315
154.493,307
154.518,299
154.543,286
154.568,267
154.593,248
154.618,240
154.643,240
154.668,239
154.693,232
154.718,222
154.743,213
154.768,201
154.793,175
154.818,142
154.843,125
154.868,145
154.893,197
154.918,250
154.943,280
154.968,286
154.993,286
155.018,290
155.043,292
155.068,283
155.093,267
155.118,255
155.143,252
155.168,248
155.193,236
155.218,217
155.243,202
155.268,190
155.293,168
155.318,134
155.343,108
155.368,117
155.393,167
155.418,233
155.443,277
155.468,287
155.493,281
155.518,286
155.543,310
155.568,343
155.593,371
155.618,386
155.643,387
155.668,372
155.693,343
155.718,313
155.743,293
155.768,279
155.793,255
155.818,211
155.843,164
155.868,150
155.893,187
155.918,255
155.943,314
155.968,339
155.993,343
156.018,350
156.043,367
156.068,376
156.093,365
156.118,341
156.143,323
156.168,316
156.193,305
156.218,278
156.243,242
156.268,215
156.293,199
156.318,174
156.343,125
156.368,67
156.393,40
156.418,63
156.443,119
156.468,172
156.493,197
156.518,204
156.543,211
156.568,220
156.593,218
156.618,202
156.643,188
156.668,194
156.693,214
156.718,228
156.743,221
156.768,204
156.793,195
156.818,196
156.843,191
156.868,168
156.893,145
156.918,151
156.943,199
156.968,268
156.993,324
157.018,353
157.043,364
157.068,371
157.093,378
157.118,379
157.143,371
157.168,361
157.193,354
157.218,343
157.243,322
157.268,294
157.293,272
157.318,260
157.343,246
157.368,220
157.393,188
157.418,174
157.443,193
157.468,236
157.493,279
157.518,306
157.543,320
157.568,327
157.593,326
157.618,309
157.643,281
157.668,257
157.693,252
157.718,258
157.743,257
157.768,243
157.793,227
157.818,219
157.843,211
157.868,190
157.893,157
157.918,136
157.943,153
157.968,204
157.993,257
158.018,288
158.043,296
158.068,300
158.093,308
158.118,307
158.143,289
158.168,262
158.193,247
158.218,253
158.243,264
158.268,263
158.293,250
158.318,239
158.343,235
158.368,224
158.393,199
158.418,174
158.443,178
158.468,223
158.493,284
158.518,325
158.543,334
158.568,330
158.593,333
158.618,340
158.643,334
158.668,307
158.693,278
158.718,265
158.743,266
158.768,260
158.793,237
158.818,207
158.843,186
158.868,172
158.893,148
158.918,112
158.943,88
158.968,104
158.993,159
159.018,221
159.043,258
159.068,268
159.093,272
159.118,286
159.143,299
159.168,295
159.193,274
159.218,254
159.243,248
159.268,249
159.293,245
159.318,234
159.343,225
159.368,221
159.393,211
159.418,186
159.443,156
159.468,151
159.493,186
159.518,247
159.543,299
159.568,325
159.593,331
159.618,333
159.643,335
159.668,328
159.693,308
159.718,287
159.743,278
159.768,275
159.793,263
159.818,237
159.843,208
159.868,191
159.893,181
159.918,161
159.943,126
159.968,96
159.993,100
160.018,144
160.043,206
160.068,255
160.093,280
160.118,291
160.143,303
160.168,320
160.193,337
160.218,352
160.243,363
160.268,367
160.293,361
160.318,347
160.343,331
160.368,318
160.393,300
160.418,268
160.443,223
160.468,188
160.493,186
160.518,219
160.543,265
160.568,300
160.593,317
160.618,324
160.643,326
160.668,319
160.693,301
160.718,281
160.743,272
160.768,273
160.793,275
160.818,269
160.843,257
160.868,249
160.893,242
160.918,223
160.943,191
160.968,161
160.993,159
161.018,191
161.043,235
161.068,267
161.093,278
161.118,281
161.143,284
161.168,284
161.193,271
161.218,252
161.243,239
161.268,236
161.293,235
161.318,224
161.343,204
161.368,185
161.393,170
161.418,147
161.443,111
161.468,80
161.493,82
161.518,124
161.543,182
161.568,224
161.593,241
161.618,246
161.643,257
161.668,270
161.693,270
161.718,254
161.743,232
161.768,218
161.793,212
161.818,210
161.843,220
161.868,254
161.893,305
161.918,342
161.943,336
161.968,294
161.993,256
162.018,257
162.043,292
162.068,325
162.093,333
162.118,325
162.143,327
162.168,341
162.193,346
162.218,327
162.243,294
162.268,272
162.293,272
162.318,276
162.343,263
162.368,236
162.393,211
162.418,194
162.443,175
162.468,142
162.493,111
162.518,112
162.543,156
162.568,222
162.593,274
162.618,296
162.643,303
162.668,317
162.693,336
162.718,341
162.743,324
162.768,297
162.793,282
162.818,282
162.843,279
162.868,261
162.893,234
162.918,214
162.943,205
162.968,193
162.993,161
163.018,120
163.043,100
163.068,123
163.093,178
163.118,237
163.143,273
163.168,289
163.193,300
163.218,315
163.243,329
163.268,330
163.293,319
163.318,306
163.343,298
163.368,292
163.393,279
163.418,261
163.443,246
163.468,239
163.493,231
163.518,207
163.543,168
163.568,132
163.593,127
163.618,162
163.643,221
163.668,274
163.693,305
163.718,319
163.743,331
163.768,346
163.793,357
163.818,354
163.843,338
163.868,322
163.893,313
163.918,306
163.943,290
163.968,264
163.993,237
164.018,219
164.043,206
164.068,184
164.093,150
164.118,118
164.143,111
164.168,139
164.193,189
164.218,237
164.243,267
164.268,282
164.293,291
164.318,295
164.343,291
164.368,277
164.393,263
164.418,260
164.443,267
164.468,271
164.493,263
164.518,245
164.543,228
164.568,218
164.593,205
164.618,181
164.643,152
164.668,141
164.693,162
164.718,208
164.743,256
164.768,286
164.793,301
164.818,310
164.843,318
164.868,316
164.893,300
164.918,280
164.943,272
164.968,279
164.993,285
165.018,275
165.043,251
165.068,228
165.093,218
165.118,211
165.143,189
165.168,153
165.193,129
165.218,144
165.243,195
165.268,253
165.293,287
165.318,295
165.343,297
165.368,306
165.393,317
165.418,313
165.443,292
165.468,271
165.493,262
165.518,263
165.543,257
165.568,240
165.593,223
165.618,216
165.643,212
165.668,192
165.693,156
165.718,128
165.743,138
165.768,187
165.793,248
165.818,287
165.843,300
165.868,306
165.893,320
165.918,338
165.943,340
165.968,322
165.993,300
166.018,293
166.043,299
166.068,301
166.093,287
166.118,265
166.143,249
166.168,240
166.193,221
166.218,186
166.243,150
166.268,139
166.293,168
166.318,221
166.343,268
166.368,292
166.393,299
166.418,305
166.443,311
166.468,310
166.493,297
166.518,280
166.543,270
166.568,271
166.593,272
166.618,262
166.643,243
166.668,225
166.693,216
166.718,210
166.743,195
166.768,167
166.793,139
166.818,132
166.843,158
166.868,205
166.893,252
166.918,281
166.943,293
166.968,298
166.993,305
167.018,309
167.043,306
167.068,295
167.093,287
167.118,286
167.143,287
167.168,281
167.193,265
167.218,248
167.243,238
167.268,230
167.293,210
167.318,176
167.343,148
167.368,150
167.393,191
167.418,247
167.443,288
167.468,301
167.493,298
167.518,297
167.543,299
167.568,293
167.593,275
167.618,256
167.643,253
167.668,264
167.693,274
167.718,270
167.743,257
167.768,248
167.793,244
167.818,234
167.843,209
167.868,182
167.893,176
167.918,201
167.943,243
167.968,277
167.993,295
168.018,304
168.043,310
168.068,309
168.093,294
168.118,271
168.143,256
168.168,258
168.193,267
168.218,265
168.243,247
168.268,228
168.293,219
168.318,215
168.343,198
168.368,168
168.393,147
168.418,159
168.443,205
168.468,258
168.493,292
168.518,303
168.543,306
168.568,309
168.593,308
168.618,296
168.643,278
168.668,269
168.693,271
168.718,272
168.743,261
168.768,244
168.793,229
168.818,216
168.843,192
168.868,152
168.893,117
168.918,121
168.943,171
168.968,240
168.993,288
169.018,304
169.043,304
169.068,312
169.093,326
169.118,327
169.143,307
169.168,282
169.193,272
169.218,277
169.243,276
169.268,258
169.293,233
169.318,215
169.343,204
169.368,185
169.393,154
169.418,132
169.443,148
169.468,204
169.493,267
169.518,303
169.543,310
169.568,309
169.593,320
169.618,334
169.643,332
169.668,310
169.693,288
169.718,281
169.743,281
169.768,273
169.793,253
169.818,232
169.843,221
169.868,210
169.893,183
169.918,146
169.943,131
169.968,160
169.993,223
170.018,280
170.043,303
170.068,298
170.093,294
170.118,303
170.143,312
170.168,306
170.193,287
170.218,274
170.243,272
170.268,271
170.293,257
170.318,234
170.343,217
170.368,209
170.393,193
170.418,160
170.443,126
170.468,122
170.493,164
170.518,229
170.543,279
170.568,297
170.593,300
170.618,307
170.643,320
170.668,322
170.693,306
170.718,286
170.743,282
170.768,292
170.793,293
170.818,273
170.843,242
170.868,219
170.893,207
170.918,187
170.943,152
170.968,121
170.993,123
171.018,168
171.043,228
171.068,269
171.093,279
171.118,276
171.143,280
171.168,290
171.193,293
171.218,285
171.243,276
171.268,280
171.293,293
171.318,298
171.343,289
171.368,274
171.393,262
171.418,248
171.443,223
171.468,189
171.493,168
171.518,182
171.543,226
171.568,275
171.593,304
171.618,316
171.643,325
171.668,334
171.693,333
171.718,315
171.743,288
171.768,274
171.793,279
171.818,289
171.843,284
171.868,265
171.893,245
171.918,232
171.943,218
171.968,191
171.993,158
172.018,145
172.043,166
172.068,211
172.093,254
172.118,279
172.143,291
172.168,302
172.193,308
172.218,299
172.243,275
172.268,253
172.293,247
172.318,253
172.343,251
172.368,233
172.393,211
172.418,200
172.443,195
172.468,178
172.493,144
172.518,119
172.543,131
172.568,182
172.593,243
172.618,280
172.643,292
172.668,299
172.693,314
172.718,328
172.743,321
172.768,295
172.793,270
172.818,264
172.843,270
172.868,270
172.893,255
172.918,235
172.943,219
172.968,202
172.993,174
173.018,144
173.043,135
173.068,164
173.093,217
173.118,263
173.143,283
173.168,288
173.193,299
173.218,317
173.243,326
173.268,314
173.293,290
173.318,278
173.343,284
173.368,290
173.393,277
173.418,251
173.443,230
173.468,221
173.493,210
173.518,181
173.543,143
173.568,128
173.593,157
173.618,217
173.643,273
173.668,300
173.693,305
173.718,312
173.743,328
173.768,339
173.793,332
173.818,311
173.843,293
173.868,287
173.893,285
173.918,273
173.943,249
173.968,226
173.993,214
174.018,206
174.043,185
174.068,152
174.093,125
174.118,132
174.143,176
174.168,236
174.193,282
174.218,303
174.243,309
174.268,315
174.293,323
174.318,324
174.343,310
174.368,293
174.393,286
174.418,292
174.443,296
174.468,283
174.493,255
174.518,229
174.543,216
174.568,208
174.593,189
174.618,158
174.643,136
174.668,148
174.693,194
174.718,251
174.743,288
174.768,300
174.793,301
174.818,306
174.843,311
174.868,305
174.893,287
174.918,271
174.943,268
174.968,274
174.993,273
175.018,257
175.043,235
175.068,219
175.093,208
175.118,190
175.143,160
175.168,138
175.193,145
175.218,185
175.243,235
175.268,269
175.293,281
175.318,283
175.343,290
175.368,297
175.393,293
175.418,280
175.443,269
175.468,272
175.493,282
175.518,284
175.543,275
175.568,263
175.593,256
175.618,245
175.643,220
175.668,185
175.693,164
175.718,178
175.743,221
175.768,266
175.793,291
175.818,297
175.843,298
175.868,300
175.893,295
175.918,277
175.943,255
175.968,247
175.993,252
176.018,254
176.043,241
176.068,220
176.093,211
176.118,219
176.143,226
176.168,211
176.193,184
176.218,175
176.243,203
176.268,256
176.293,297
176.318,309
176.343,305
176.368,307
176.393,316
176.418,317
176.443,299
176.468,273
176.493,259
176.518,260
176.543,261
176.568,247
176.593,226
176.618,212
176.643,204
176.668,188
176.693,155
176.718,124
176.743,130
176.768,179
176.793,244
176.818,287
176.843,297
176.868,296
176.893,304
176.918,320
176.943,321
176.968,301
176.993,277
177.018,268
177.043,272
177.068,270
177.093,251
177.118,227
177.143,212
177.168,206
177.193,189
177.218,157
177.243,133
177.268,146
177.293,200
177.318,263
177.343,300
177.368,307
177.393,306
177.418,317
177.443,330
177.468,325
177.493,301
177.518,277
177.543,272
177.568,278
177.593,276
177.618,257
177.643,233
177.668,217
177.693,204
177.718,179
177.743,142
177.768,120
177.793,139
177.818,195
177.843,256
177.868,292
177.893,302
177.918,306
177.943,318
177.968,328
177.993,324
178.018,309
178.043,297
178.068,292
178.093,285
178.118,266
178.143,242
178.168,227
178.193,221
178.218,208
178.243,176
178.268,142
178.293,134
178.318,170
178.343,231
178.368,281
178.393,303
178.418,307
178.443,312
178.468,321
178.493,323
178.518,312
178.543,297
178.568,290
178.593,288
178.618,282
178.643,267
178.668,249
178.693,235
178.718,219
178.743,194
178.768,164
178.793,148
178.818,162
178.843,203
178.868,248
178.893,281
178.918,299
178.943,309
178.968,312
178.993,305
179.018,287
179.043,270
179.068,262
179.093,260
179.118,255
179.143,244
179.168,233
179.193,226
179.218,215
179.243,189
179.268,154
179.293,132
179.318,146
179.343,192
179.368,245
179.393,281
179.418,297
179.443,302
179.468,305
179.493,301
179.518,289
179.543,277
179.568,272
179.593,273
179.618,270
179.643,258
179.668,243
179.693,230
179.718,215
179.743,189
179.768,159
179.793,147
179.818,170
179.843,220
179.868,270
179.893,296
179.918,304
179.943,309
179.968,318
179.993,320
180.018,308
180.043,289
180.068,279
180.093,279
180.118,277
180.143,259
180.168,234
180.193,216
180.218,207
180.243,194
180.268,168
180.293,145
180.318,151
180.343,195
180.368,255
180.393,296
180.418,310
180.443,311
180.468,317
180.493,325
180.518,323
180.543,307
180.568,289
180.593,281
180.618,279
180.643,271
180.668,251
180.693,226
180.718,205
180.743,181
180.768,150
180.793,120
180.818,115
180.843,145
180.868,196
180.893,238
180.918,257
180.943,264
180.968,277
180.993,295
181.018,301
181.043,288
181.068,270
181.093,267
181.118,280
181.143,287
181.168,275
181.193,251
181.218,233
181.243,224
181.268,210
181.293,182
181.318,158
181.343,163
181.368,207
181.393,264
181.418,300
181.443,307
181.468,304
181.493,309
181.518,318
181.543,315
181.568,297
181.593,277
181.618,274
181.643,281
181.668,283
181.693,271
181.718,256
181.743,247
181.768,237
181.793,211
181.818,170
181.843,140
181.868,148
181.893,195
181.918,252
181.943,288
181.968,301
181.993,306
182.018,313
182.043,316
182.068,303
182.093,283
182.118,270
182.143,272
182.168,275
182.193,268
182.218,250
182.243,236
182.268,231
182.293,223
182.318,200
182.343,171
182.368,160
182.393,183
182.418,229
182.443,272
182.468,298
182.493,307
182.518,310
182.543,307
182.568,298
182.593,283
182.618,272
182.643,271
182.668,273
182.693,270
182.718,260
182.743,250
182.768,240
182.793,221
182.818,189
182.843,157
182.868,148
182.893,173
182.918,218
182.943,258
182.968,281
182.993,293
183.018,303
183.043,310
183.068,305
183.093,290
183.118,276
183.143,272
183.168,271
183.193,263
183.218,245
183.243,226
183.268,212
183.293,195
183.318,168
183.343,140
183.368,134
183.393,162
183.418,209
183.443,246
183.468,262
183.493,268
183.518,279
183.543,293
183.568,293
183.593,274
183.618,250
183.643,240
183.668,245
183.693,248
183.718,237
183.743,220
183.768,207
183.793,195
183.818,171
183.843,140
183.868,125
183.893,150
183.918,206
183.943,262
183.968,292
183.993,300
184.018,308
184.043,328
184.068,344
184.093,340
184.118,321
184.143,305
184.168,302
184.193,302
184.218,292
184.243,273
184.268,254
184.293,237
184.318,214
184.343,182
184.368,161
184.393,173
184.418,218
184.443,272
184.468,304
184.493,315
184.518,321
184.543,335
184.568,344
184.593,334
184.618,308
184.643,290
184.668,293
184.693,301
184.718,294
184.743,270
184.768,247
184.793,238
184.818,229
184.843,197
184.868,148
184.893,114
184.918,127
184.943,178
184.968,227
184.993,245
185.018,240
185.043,238
185.068,251
185.093,265
185.118,264
185.143,253
185.168,250
185.193,261
185.218,269
185.243,261
185.268,242
185.293,230
185.318,230
185.343,224
185.368,201
185.393,170
185.418,164
185.443,200
185.468,261
185.493,311
185.518,333
185.543,334
185.568,329
185.593,325
185.618,315
185.643,297
185.668,280
185.693,272
185.718,268
185.743,259
185.768,244
185.793,231
185.818,226
185.843,217
185.868,195
185.893,165
185.918,151
185.943,171
185.968,216
185.993,260
186.018,285
186.043,297
186.068,307
186.093,318
186.118,317
186.143,299
186.168,275
186.193,260
186.218,257
186.243,254
186.268,242
186.293,228
186.318,221
186.343,214
186.368,194
186.393,159
186.418,132
186.443,142
186.468,190
186.493,248
186.518,284
186.543,294
186.568,295
186.593,302
186.618,309
186.643,301
186.668,280
186.693,264
186.718,264
186.743,271
186.768,269
186.793,255
186.818,239
186.843,229
186.868,216
186.893,190
186.918,157
186.943,145
186.968,172
186.993,225
187.018,272
187.043,293
187.068,295
187.093,299
187.118,311
187.143,320
187.168,314
187.193,297
187.218,286
187.243,283
187.268,279
187.293,264
187.318,244
187.343,227
187.368,211
187.393,187
187.418,153
187.443,130
187.468,141
187.493,188
187.518,244
187.543,281
187.568,292
187.593,295
187.618,302
187.643,309
187.668,300
187.693,278
187.718,259
187.743,256
187.768,261
187.793,257
187.818,240
187.843,220
187.868,209
187.893,197
187.918,172
187.943,139
187.968,126
187.993,156
188.018,217
188.043,275
188.068,304
188.093,309
188.118,312
188.143,324
188.168,333
188.193,326
188.218,309
188.243,298
188.268,299
188.293,300
188.318,287
188.343,264
188.368,249
188.393,245
188.418,237
188.443,210
188.468,175
188.493,166
188.518,200
188.543,264
188.568,318
188.593,341
188.618,341
188.643,339
188.668,341
188.693,335
188.718,315
188.743,288
188.768,270
188.793,263
188.818,254
188.843,236
188.868,213
188.893,195
188.918,180
188.943,157
188.968,125
188.993,103
189.018,113
189.043,156
189.068,209
189.093,249
189.118,270
189.143,283
189.168,295
189.193,300
189.218,293
189.243,279
189.268,270
189.293,270
189.318,270
189.343,262
189.368,249
189.393,240
189.418,232
189.443,213
189.468,179
189.493,147
189.518,146
189.543,181
189.568,234
189.593,276
189.618,299
189.643,310
189.668,319
189.693,321
189.718,307
189.743,284
189.768,269
189.793,273
189.818,284
189.843,287
189.868,279
189.893,269
189.918,264
189.943,253
189.968,226
189.993,191
190.018,175
190.043,193
190.068,234
190.093,269
190.118,283
190.143,283
190.168,287
190.193,295
190.218,294
190.243,279
190.268,262
190.293,257
190.318,263
190.343,263
190.368,248
190.393,227
190.418,209
190.443,193
190.468,170
190.493,143
190.518,133
190.543,158
190.568,210
190.593,260
190.618,285
190.643,290
190.668,292
190.693,301
190.718,306
190.743,296
190.768,276
190.793,259
190.818,252
190.843,248
190.868,238
190.893,224
190.918,212
190.943,199
190.968,175
190.993,143
191.018,124
191.043,142
191.068,196
191.093,257
191.118,297
191.143,312
191.168,318
191.193,327
191.218,335
191.243,329
191.268,314
191.293,303
191.318,302
191.343,303
191.368,293
191.393,273
191.418,252
191.443,233
191.468,209
191.493,177
191.518,151
191.543,158
191.568,202
191.593,259
191.618,297
191.643,308
191.668,310
191.693,319
191.718,330
191.743,327
191.768,307
191.793,286
191.818,280
191.843,282
191.868,274
191.893,248
191.918,218
191.943,200
191.968,188
191.993,166
192.018,133
192.043,114
192.068,136
192.093,195
192.118,257
192.143,292
192.168,300
192.193,302
192.218,312
192.243,322
192.268,320
192.293,307
192.318,296
192.343,295
192.368,295
192.393,284
192.418,263
192.443,244
192.468,229
192.493,209
192.518,178
192.543,149
192.568,147
192.593,181
192.618,232
192.643,274
192.668,293
192.693,300
192.718,308
192.743,316
192.768,311
192.793,292
192.818,272
192.843,264
192.868,263
192.893,258
192.918,243
192.943,226
192.968,216
192.993,204
193.018,180
193.043,148
193.068,132
193.093,153
193.118,202
193.143,252
193.168,280
193.193,289
193.218,295
193.243,303
193.268,303
193.293,286
193.318,262
193.343,247
193.368,250
193.393,257
193.418,254
193.443,240
193.468,225
193.493,213
193.518,195
193.543,165
193.568,140
193.593,144
193.618,185
193.643,241
193.668,283
193.693,299
193.718,303
193.743,311
193.768,323
193.793,327
193.818,315
193.843,300
193.868,291
193.893,290
193.918,283
193.943,266
193.968,247
193.993,231
194.018,213
194.043,185
194.068,151
194.093,135
194.118,158
194.143,210
194.168,261
194.193,289
194.218,296
194.243,304
194.268,319
194.293,329
194.318,319
194.343,295
194.368,275
194.393,271
194.418,272
194.443,261
194.468,239
194.493,219
194.518,208
194.543,194
194.568,166
194.593,133
194.618,125
194.643,162
194.668,228
194.693,285
194.718,307
194.743,305
194.768,305
194.793,317
194.818,326
194.843,317
194.868,294
194.893,278
194.918,279
194.943,284
194.968,273
194.993,246
195.018,220
195.043,209
195.068,202
195.093,179
195.118,142
195.143,116
195.168,130
195.193,182
195.218,241
195.243,277
195.268,288
195.293,297
195.318,314
195.343,330
195.368,328
195.393,308
195.418,289
195.443,287
195.468,297
195.493,297
195.518,281
195.543,258
195.568,243
195.593,235
195.618,218
195.643,187
195.668,161
195.693,164
195.718,201
195.743,250
195.768,285
195.793,298
195.818,301
195.843,303
195.868,303
195.893,292
195.918,273
195.943,260
195.968,258
195.993,261
196.018,257
196.043,243
196.068,230
196.093,223
196.118,214
196.143,193
196.168,167
196.193,156
196.218,176
196.243,220
196.268,263
196.293,290
196.318,303
196.343,311
196.368,314
196.393,306
196.418,284
196.443,262
196.468,255
196.493,261
196.518,266
196.543,258
196.568,241
196.593,226
196.618,211
196.643,189
196.668,157
196.693,134
196.718,144
196.743,186
196.768,238
196.793,270
196.818,278
196.843,278
196.868,282
196.893,288
196.918,286
196.943,279
196.968,277
196.993,285
197.018,291
197.043,281
197.068,257
197.093,236
197.118,227
197.143,218
197.168,193
197.193,158
197.218,142
197.243,169
197.268,226
197.293,279
197.318,303
197.343,305
197.368,307
197.393,318
197.418,324
197.443,312
197.468,289
197.493,274
197.518,276
197.543,281
197.568,270
197.593,247
197.618,226
197.643,215
197.668,204
197.693,179
197.718,148
197.743,138
197.768,169
197.793,225
197.818,275
197.843,299
197.868,303
197.893,307
197.918,316
197.943,319
197.968,307
197.993,290
198.018,282
198.043,287
198.068,289
198.093,276
198.118,253
198.143,235
198.168,225
198.193,210
198.218,180
198.243,147
198.268,138
198.293,167
198.318,219
198.343,262
198.368,279
198.393,281
198.418,287
198.443,302
198.468,310
198.493,303
198.518,287
198.543,276
198.568,274
198.593,269
198.618,253
198.643,233
198.668,221
198.693,215
198.718,201
198.743,171
198.768,141
198.793,137
198.818,172
198.843,226
198.868,270
198.893,289
198.918,298
198.943,312
198.968,329
198.993,332
199.018,317
199.043,298
199.068,290
199.093,293
199.118,287
199.143,262
199.168,229
199.193,209
199.218,205
199.243,198
199.268,172
199.293,138
199.318,125
199.343,151
199.368,204
199.393,254
199.418,283
199.443,295
199.468,303
199.493,310
199.518,311
199.543,304
199.568,294
199.593,289
199.618,288
199.643,284
199.668,275
199.693,267
199.718,262
199.743,252
199.768,231
199.793,204
199.818,189
199.843,198
199.868,228
199.893,263
199.918,290
199.943,309
199.968,322
199.993,324
200.018,310
200.043,285
200.068,265
200.093,261
200.118,265
200.143,265
200.168,253
200.193,237
200.218,226
200.243,215
200.268,195
200.293,167
200.318,149
200.343,161
200.368,199
200.393,244
200.418,276
200.443,293
200.468,303
200.493,308
200.518,300
200.543,282
200.568,266
200.593,263
200.618,269
200.643,271
200.668,258
200.693,239
200.718,226
200.743,217
200.768,198
200.793,168
200.818,145
200.843,152
200.868,191
200.893,239
200.918,271
200.943,283
200.968,286
200.993,292
201.018,293
201.043,283
201.068,265
201.093,253
201.118,252
201.143,254
201.168,248
201.193,235
201.218,223
201.243,211
201.268,191
201.293,165
201.318,148
201.343,161
201.368,203
201.393,253
201.418,286
201.443,298
201.468,302
201.493,309
201.518,315
201.543,310
201.568,294
201.593,279
201.618,272
201.643,268
201.668,260
201.693,245
201.718,226
201.743,206
201.768,182
201.793,156
201.818,147
201.843,169
201.868,220
201.893,277
201.918,315
201.943,330
201.968,335
201.993,341
202.018,344
202.043,338
202.068,320
202.093,303
202.118,293
202.143,286
202.168,276
202.193,260
202.218,242
202.243,222
202.268,194
202.293,159
202.318,136
202.343,143
202.368,183
202.393,236
202.418,275
202.443,291
202.468,295
202.493,300
202.518,306
202.543,307
202.568,303
202.593,296
202.618,290
202.643,283
202.668,271
202.693,255
202.718,241
202.743,226
202.768,202
202.793,172
202.818,152
202.843,160
202.868,196
202.893,241
202.918,272
202.943,286
202.968,292
202.993,297
203.018,297
203.043,287
203.068,271
203.093,261
203.118,261
203.143,262
203.168,253
203.193,234
203.218,217
203.243,206
203.268,190
203.293,164
203.318,139
203.343,135
203.368,164
203.393,212
203.418,254
203.443,281
203.468,298
203.493,313
203.518,323
203.543,318
203.568,299
203.593,282
203.618,277
203.643,279
203.668,274
203.693,259
203.718,243
203.743,237
203.768,231
203.793,209
203.818,173
203.843,148
203.868,158
203.893,205
203.918,259
203.943,293
203.968,307
203.993,316
204.018,331
204.043,341
204.068,329
204.093,299
204.118,274
204.143,268
204.168,273
204.193,269
204.218,244
204.243,212
204.268,190
204.293,181
204.318,168
204.343,138
204.368,102
204.393,87
204.418,110
204.443,164
204.468,220
204.493,259
204.518,282
204.543,302
204.568,323
204.593,335
204.618,327
204.643,305
204.668,285
204.693,281
204.718,286
204.743,283
204.768,262
204.793,233
204.818,212
204.843,207
204.868,203
204.893,184
204.918,152
204.943,125
204.968,127
204.993,165
205.018,220
205.043,271
205.068,305
205.093,326
205.118,346
205.143,366
205.168,380
205.193,381
205.218,373
205.243,364
205.268,363
205.293,366
205.318,366
205.343,356
205.368,339
205.393,322
205.418,311
205.443,302
205.468,290
205.493,272
205.518,252
205.543,234
205.568,218
205.593,199
205.618,177
205.643,157
205.668,144
205.693,134
205.718,114
205.743,81
205.768,49
205.793,42
205.818,76
205.843,139
205.868,198
205.893,234
205.918,248
205.943,262
205.968,285
205.993,308
206.018,314
206.043,303
206.068,290
206.093,292
206.118,307
206.143,319
206.168,316
206.193,305
206.218,296
206.243,292
206.268,283
206.293,266
206.318,248
206.343,240
206.368,242
206.393,237
206.418,212
206.443,176
206.468,156
206.493,171
206.518,214
206.543,260
206.568,288
206.593,299
206.618,304
206.643,310
206.668,312
206.693,306
206.718,296
206.743,291
206.768,296
206.793,301
206.818,297
206.843,286
206.868,274
206.893,267
206.918,258
206.943,242
206.968,220
206.993,204
207.018,195
207.043,186
207.068,165
207.093,137
207.118,122
207.143,139
207.168,185
207.193,234
207.218,265
207.243,274
207.268,276
207.293,285
207.318,295
207.343,295
207.368,284
207.393,273
207.418,273
207.443,279
207.468,277
207.493,260
207.518,239
207.543,227
207.568,222
207.593,210
207.618,182
207.643,151
207.668,142
207.693,170
207.718,221
207.743,267
207.768,291
207.793,300
207.818,309
207.843,325
207.868,338
207.893,333
207.918,315
207.943,300
207.968,297
207.993,299
208.018,291
208.043,268
208.068,242
208.093,227
208.118,223
208.143,213
208.168,185
208.193,149
208.218,134
208.243,155
208.268,205
208.293,254
208.318,280
208.343,287
208.368,292
208.393,304
208.418,315
208.443,311
208.468,293
208.493,279
208.518,279
208.543,287
208.568,285
208.593,264
208.618,237
208.643,219
208.668,212
208.693,200
208.718,173
208.743,144
208.768,140
208.793,172
208.818,225
208.843,268
208.868,285
208.893,287
208.918,292
208.943,304
208.968,313
208.993,309
209.018,299
209.043,293
209.068,295
209.093,294
209.118,281
209.143,263
209.168,252
209.193,245
209.218,227
209.243,190
209.268,149
209.293,134
209.318,159
209.343,208
209.368,252
209.393,272
209.418,277
209.443,284
209.468,292
209.493,292
209.518,277
209.543,260
209.568,254
209.593,257
209.618,256
209.643,241
209.668,223
209.693,211
209.718,206
209.743,190
209.768,162
209.793,138
209.818,147
209.843,195
209.868,257
209.893,302
209.918,321
209.943,325
209.968,329
209.993,332
210.018,324
210.043,306
210.068,293
210.093,293
210.118,298
210.143,292
210.168,272
210.193,250
210.218,238
210.243,225
210.268,199
210.293,161
210.318,136
210.343,150
210.368,199
210.393,253
210.418,289
210.443,306
210.468,317
210.493,329
210.518,330
210.543,314
210.568,290
210.593,277
210.618,282
210.643,289
210.668,282
210.693,263
210.718,245
210.743,234
210.768,217
210.793,186
210.818,156
210.843,156
210.868,202
210.893,268
210.918,316
210.943,330
210.968,323
210.993,320
211.018,324
211.043,318
211.068,291
211.093,257
211.118,237
211.143,236
211.168,238
211.193,225
211.218,201
211.243,179
211.268,164
211.293,144
211.318,116
211.343,95
211.368,109
211.393,165
211.418,237
211.443,293
211.468,319
211.493,326
211.518,334
211.543,343
211.568,346
211.593,338
211.618,329
211.643,330
211.668,335
211.693,328
211.718,305
211.743,277
211.768,256
211.793,239
211.818,208
211.843,164
211.868,129
211.893,131
211.918,174
211.943,229
211.968,264
211.993,272
212.018,269
212.043,272
212.068,275
212.093,263
212.118,233
212.143,202
212.168,182
212.193,169
212.218,144
212.243,105
212.268,66
212.293,43
212.318,27
212.343,-5
212.368,-62
212.393,-107
212.418,-89
212.443,11
212.468,164
212.493,309
212.518,407
212.543,459
212.568,490
212.593,511
212.618,518
212.643,505
212.668,480
212.693,457
212.718,440
212.743,419
212.768,387
212.793,350
212.818,322
212.843,301
212.868,276
212.893,240
212.918,210
212.943,211
212.968,254
212.993,317
213.018,366
213.043,385
213.068,382
213.093,374
213.118,364
213.143,344
213.168,314
213.193,285
213.218,272
213.243,271
213.268,267
213.293,249
213.318,224
213.343,203
213.368,187
213.393,164
213.418,130
213.443,102
213.468,104
213.493,145
213.518,205
213.543,252
213.568,271
213.593,273
213.618,274
213.643,278
213.668,274
213.693,258
213.718,238
213.743,228
213.768,226
213.793,220
213.818,204
213.843,181
213.868,162
213.893,145
213.918,118
213.943,81
213.968,54
213.993,64
214.018,114
214.043,180
214.068,230
214.093,253
214.118,263
214.143,276
214.168,291
214.193,295
214.218,284
214.243,270
214.268,267
214.293,274
214.318,275
214.343,262
214.368,245
214.393,236
214.418,231
214.443,213
214.468,177
214.493,145
214.518,151
214.543,205
214.568,281
214.593,341
214.618,372
214.643,385
214.668,397
214.693,409
214.718,409
214.743,393
214.768,373
214.793,365
214.818,365
214.843,359
214.868,338
214.893,310
214.918,288
214.943,267
214.968,233
214.993,185
215.018,146
215.043,147
215.068,192
215.093,253
215.118,292
215.143,300
215.168,294
215.193,293
215.218,295
215.243,288
215.268,267
215.293,247
215.318,241
215.343,244
215.368,241
215.393,224
215.418,202
215.443,184
215.468,167
215.493,141
215.518,107
215.543,87
215.568,105
215.593,158
215.618,219
215.643,261
215.668,279
215.693,288
215.718,296
215.743,295
215.768,277
215.793,248
215.818,230
215.843,234
215.868,246
215.893,243
215.918,219
215.943,190
215.968,171
215.993,159
216.018,138
216.043,108
216.068,90
216.093,109
216.118,166
216.143,233
216.168,280
216.193,304
216.218,320
216.243,341
216.268,359
216.293,357
216.318,338
216.343,322
216.368,323
216.393,336
216.418,340
216.443,324
216.468,301
216.493,284
216.518,270
216.543,241
216.568,195
216.593,157
216.618,161
216.643,212
216.668,281
216.693,330
216.718,346
216.743,347
216.768,353
216.793,363
216.818,360
216.843,337
216.868,310
216.893,297
216.918,298
216.943,292
216.968,267
216.993,233
217.018,208
217.043,197
217.068,178
217.093,136
217.118,86
217.143,63
217.168,93
217.193,158
217.218,220
217.243,252
217.268,258
217.293,262
217.318,272
217.343,278
217.368,265
217.393,239
217.418,218
217.443,209
217.468,204
217.493,187
217.518,158
217.543,131
217.568,113
217.593,96
217.618,67
217.643,38
217.668,39
217.693,99
217.718,212
217.743,336
217.768,427
217.793,469
217.818,478
217.843,477
217.868,474
217.893,460
217.918,430
217.943,394
217.968,368
217.993,355
218.018,342
218.043,319
218.068,287
218.093,259
218.118,237
218.143,211
218.168,170
218.193,123
218.218,97
218.243,114
218.268,170
218.293,234
218.318,278
218.343,297
218.368,304
218.393,314
218.418,322
218.443,316
218.468,294
218.493,274
218.518,271
218.543,280
218.568,284
218.593,269
218.618,244
218.643,226
218.668,217
218.693,204
218.718,173
218.743,135
218.768,117
218.793,142
218.818,199
218.843,256
218.868,290
218.893,300
218.918,303
218.943,306
218.968,301
218.993,281
219.018,255
219.043,241
219.068,245
219.093,251
219.118,240
219.143,212
219.168,185
219.193,174
219.218,172
219.243,157
219.268,123
219.293,93
219.318,102
219.343,157
219.368,231
219.393,286
219.418,309
219.443,312
219.468,316
219.493,320
219.518,313
219.543,292
219.568,270
219.593,268
219.618,282
219.643,293
219.668,284
219.693,260
219.718,237
219.743,224
219.768,207
219.793,170
219.818,125
219.843,105
219.868,134
219.893,203
219.918,273
219.943,313
219.968,322
219.993,326
220.018,340
220.043,358
220.068,363
220.093,350
220.118,331
220.143,319
220.168,314
220.193,302
220.218,280
220.243,257
220.268,239
220.293,218
220.318,180
220.343,128
220.368,89
220.393,96
220.418,154
220.443,230
220.468,285
220.493,305
220.518,307
220.543,312
220.568,324
220.593,326
220.618,310
220.643,286
220.668,273
220.693,275
220.718,275
220.743,259
220.768,229
220.793,203
220.818,189
220.843,172
220.868,138
220.893,91
220.918,65
220.943,87
220.968,149
220.993,217
221.018,257
221.043,268
221.068,269
221.093,276
221.118,283
221.143,280
221.168,271
221.193,272
221.218,292
221.243,320
221.268,336
221.293,335
221.318,325
221.343,317
221.368,299
221.393,257
221.418,196
221.443,148
221.468,149
221.493,200
221.518,265
221.543,305
221.568,311
221.593,306
221.618,308
221.643,315
221.668,309
221.693,287
221.718,269
221.743,268
221.768,276
221.793,274
221.818,251
221.843,225
221.868,212
221.893,210
221.918,194
221.943,156
221.968,117
221.993,115
222.018,162
222.043,234
222.068,290
222.093,314
222.118,318
222.143,319
222.168,320
222.193,311
222.218,292
222.243,276
222.268,273
222.293,277
222.318,273
222.343,254
222.368,233
222.393,222
222.418,213
222.443,192
222.468,157
222.493,132
222.518,142
222.543,189
222.568,247
222.593,289
222.618,309
222.643,317
222.668,320
222.693,313
222.718,293
222.743,272
222.768,263
222.793,268
222.818,271
222.843,257
222.868,232
222.893,214
222.918,206
222.943,193
222.968,161
222.993,124
223.018,115
223.043,152
223.068,217
223.093,272
223.118,299
223.143,307
223.168,317
223.193,328
223.218,325
223.243,303
223.268,277
223.293,268
223.318,274
223.343,275
223.368,257
223.393,230
223.418,213
223.443,206
223.468,190
223.493,154
223.518,119
223.543,119
223.568,168
223.593,236
223.618,287
223.643,306
223.668,312
223.693,325
223.718,340
223.743,339
223.768,315
223.793,288
223.818,280
223.843,288
223.868,289
223.893,271
223.918,243
223.943,224
223.968,212
223.993,189
224.018,149
224.043,115
224.068,122
224.093,178
224.118,251
224.143,301
224.168,317
224.193,321
224.218,333
224.243,349
224.268,346
224.293,319
224.318,290
224.343,280
224.368,288
224.393,287
224.418,262
224.443,225
224.468,199
224.493,188
224.518,172
224.543,131
224.568,82
224.593,63
224.618,96
224.643,164
224.668,226
224.693,255
224.718,262
224.743,270
224.768,286
224.793,297
224.818,286
224.843,260
224.868,240
224.893,235
224.918,234
224.943,223
224.968,210
224.993,217
225.018,256
225.043,304
225.068,323
225.093,294
225.118,242
225.143,211
225.168,225
225.193,270
225.218,311
225.243,329
225.268,329
225.293,328
225.318,331
225.343,330
225.368,315
225.393,295
225.418,282
225.443,279
225.468,276
225.493,262
225.518,237
225.543,216
225.568,206
225.593,197
225.618,173
225.643,135
225.668,104
225.693,106
225.718,147
225.743,208
225.768,258
225.793,288
225.818,305
225.843,323
225.868,339
225.893,340
225.918,322
225.943,299
225.968,291
225.993,301
226.018,311
226.043,302
226.068,275
226.093,249
226.118,236
226.143,228
226.168,204
226.193,162
226.218,127
226.243,129
226.268,171
226.293,228
226.318,266
226.343,277
226.368,277
226.393,284
226.418,295
226.443,295
226.468,280
226.493,263
226.518,261
226.543,271
226.568,277
226.593,268
226.618,251
226.643,236
226.668,224
226.693,204
226.718,170
226.743,142
226.768,142
226.793,179
226.818,232
226.843,274
226.868,293
226.893,297
226.918,298
226.943,292
226.968,275
226.993,254
227.018,243
227.043,250
227.068,263
227.093,261
227.118,245
227.143,227
227.168,218
227.193,209
227.218,184
227.243,145
227.268,121
227.293,142
227.318,201
227.343,263
227.368,299
227.393,309
227.418,312
227.443,321
227.468,324
227.493,311
227.518,288
227.543,276
227.568,282
227.593,290
227.618,280
227.643,254
227.668,232
227.693,223
227.718,215
227.743,190
227.768,157
227.793,146
227.818,180
227.843,244
227.868,296
227.893,310
227.918,302
227.943,303
227.968,322
227.993,341
228.018,335
228.043,309
228.068,285
228.093,276
228.118,274
228.143,261
228.168,236
228.193,210
228.218,192
228.243,170
228.268,136
228.293,99
228.318,90
228.343,126
228.368,192
228.393,248
228.418,273
228.443,276
228.468,281
228.493,296
228.518,307
228.543,298
228.568,276
228.593,260
228.618,260
228.643,264
228.668,253
228.693,226
228.718,198
228.743,180
228.768,166
228.793,142
228.818,109
228.843,95
228.868,122
228.893,186
228.918,254
228.943,296
228.968,313
228.993,326
229.018,349
229.043,375
229.068,385
229.093,376
229.118,362
229.143,358
229.168,359
229.193,348
229.218,323
229.243,297
229.268,286
229.293,284
229.318,269
229.343,232
229.368,198
229.393,198
229.418,241
229.443,297
229.468,327
229.493,320
229.518,297
229.543,281
229.568,277
229.593,268
229.618,244
229.643,218
229.668,206
229.693,209
229.718,208
229.743,191
229.768,168
229.793,153
229.818,148
229.843,139
229.868,118
229.893,101
229.918,116
229.943,170
229.968,241
229.993,295
230.018,320
230.043,328
230.068,331
230.093,331
230.118,320
230.143,301
230.168,290
230.193,292
230.218,297
230.243,290
230.268,268
230.293,247
230.318,237
230.343,227
230.368,198
230.393,152
230.418,118
230.443,121
230.468,163
230.493,214
230.518,249
230.543,266
230.568,281
230.593,298
230.618,305
230.643,295
230.668,276
230.693,267
230.718,275
230.743,284
230.768,279
230.793,261
230.818,243
230.843,227
230.868,204
230.893,166
230.918,132
230.943,134
230.968,181
230.993,248
231.018,297
231.043,312
231.068,312
231.093,316
231.118,324
231.143,319
231.168,294
231.193,265
231.218,251
231.243,252
231.268,251
231.293,236
231.318,216
231.343,204
231.368,194
231.393,171
231.418,136
231.443,115
231.468,137
231.493,200
231.518,268
231.543,308
231.568,319
231.593,325
231.618,343
231.643,360
231.668,357
231.693,332
231.718,307
231.743,301
231.768,305
231.793,299
231.818,274
231.843,246
231.868,227
231.893,210
231.918,179
231.943,138
231.968,117
231.993,141
232.018,201
232.043,259
232.068,289
232.093,297
232.118,308
232.143,332
232.168,349
232.193,337
232.218,302
232.243,271
232.268,261
232.293,262
232.318,255
232.343,238
232.368,226
232.393,224
232.418,217
232.443,184
232.468,136
232.493,108
232.518,130
232.543,189
232.568,248
232.593,277
232.618,283
232.643,293
232.668,313
232.693,326
232.718,318
232.743,296
232.768,284
232.793,288
232.818,292
232.843,281
232.868,259
232.893,245
232.918,242
232.943,230
232.968,190
232.993,140
233.018,118
233.043,153
233.068,225
233.093,292
233.118,328
233.143,340
233.168,347
233.193,349
233.218,331
233.243,291
233.268,252
233.293,237
233.318,244
233.343,243
233.368,214
233.393,170
233.418,139
233.443,126
233.468,105
233.493,57
233.518,2
233.543,-12
233.568,39
233.593,134
233.618,222
233.643,275
233.668,307
233.693,342
233.718,382
233.743,403
233.768,393
233.793,367
233.818,352
233.843,352
233.868,349
233.893,329
233.918,300
233.943,280
233.968,270
233.993,251
234.018,212
234.043,169
234.068,157
234.093,190
234.118,246
234.143,290
234.168,308
234.193,314
234.218,323
234.243,327
234.268,314
234.293,284
234.318,260
234.343,259
234.368,273
234.393,277
234.418,261
234.443,239
234.468,226
234.493,217
234.518,192
234.543,150
234.568,120
234.593,133
234.618,189
234.643,256
234.668,302
234.693,323
234.718,336
234.743,350
234.768,355
234.793,341
234.818,317
234.843,306
234.868,315
234.893,325
234.918,317
234.943,293
234.968,274
234.993,267
235.018,255
235.043,217
235.068,164
235.093,134
235.118,152
235.143,202
235.168,243
235.193,253
235.218,244
235.243,242
235.268,252
235.293,256
235.318,242
235.343,217
235.368,202
235.393,201
235.418,200
235.443,190
235.468,178
235.493,173
235.518,169
235.543,149
235.568,114
235.593,91
235.618,111
235.643,172
235.668,238
235.693,274
235.718,281
235.743,284
235.768,300
235.793,318
235.818,320
235.843,305
235.868,289
235.893,285
235.918,284
235.943,274
235.968,257
235.993,244
236.018,237
236.043,220
236.068,185
236.093,150
236.118,150
236.143,197
236.168,265
236.193,314
236.218,329
236.243,329
236.268,335
236.293,346
236.318,344
236.343,323
236.368,301
236.393,295
236.418,300
236.443,297
236.468,276
236.493,248
236.518,229
236.543,212
236.568,184
236.593,145
236.618,122
236.643,141
236.668,197
236.693,255
236.718,287
236.743,295
236.768,297
236.793,305
236.818,310
236.843,301
236.868,282
236.893,266
236.918,260
236.943,257
236.968,249
236.993,239
237.018,231
237.043,220
237.068,197
237.093,164
237.118,142
237.143,155
237.168,201
237.193,254
237.218,292
237.243,310
237.268,323
237.293,335
237.318,340
237.343,329
237.368,309
237.393,296
237.418,294
237.443,295
237.468,288
237.493,274
237.518,259
237.543,242
237.568,216
237.593,184
237.618,163
237.643,170
237.668,203
237.693,242
237.718,270
237.743,286
237.768,298
237.793,305
237.818,301
237.843,283
237.868,266
237.893,264
237.918,274
237.943,278
237.968,263
237.993,236
238.018,212
238.043,194
238.068,171
238.093,141
238.118,123
238.143,139
238.168,190
238.193,247
238.218,281
238.243,292
238.268,297
238.293,310
238.318,321
238.343,315
238.368,295
238.393,279
238.418,277
238.443,280
238.468,271
238.493,249
238.518,225
238.543,206
238.568,185
238.593,159
238.618,142
238.643,155
238.668,203
238.693,260
238.718,294
238.743,296
238.768,286
238.793,280
238.818,278
238.843,266
238.868,240
238.893,217
238.918,212
238.943,219
238.968,223
238.993,218
239.018,208
239.043,196
239.068,173
239.093,133
239.118,92
239.143,85
239.168,128
239.193,197
239.218,253
239.243,277
239.268,286
239.293,303
239.318,326
239.343,329
239.368,301
239.393,264
239.418,256
239.443,283
239.468,315
239.493,316
239.518,285
239.543,250
239.568,233
239.593,224
239.618,203
239.643,172
239.668,159
239.693,185
239.718,239
239.743,286
239.768,303
239.793,300
239.818,301
239.843,309
239.868,310
239.893,290
239.918,262
239.943,247
239.968,249
239.993,252
240.018,238
240.043,208
240.068,184
240.093,174
240.118,167
240.143,152
240.168,137
240.193,152
240.218,211
240.243,297
240.268,371
240.293,410
240.318,423
240.343,430
240.368,437
240.393,434
240.418,409
240.443,372
240.468,343
240.493,332
240.518,332
240.543,332
240.568,328
240.593,326
240.618,324
240.643,312
240.668,290
240.693,272
240.718,281
240.743,319
240.768,366
240.793,394
240.818,397
240.843,388
240.868,381
240.893,371
240.918,348
240.943,312
240.968,280
240.993,265
241.018,257
241.043,236
241.068,192
241.093,137
241.118,86
241.143,41
241.168,-9
241.193,-65
241.218,-108
241.243,-115
241.268,-87
241.293,-49
241.318,-27
241.343,-23
241.368,-26
241.393,-25
241.418,-24
241.443,-23
241.468,-16
241.493,7
241.518,41
241.543,66
241.568,64
241.593,37
241.618,1
241.643,-43
241.668,-100
241.693,-160
241.718,-177
241.743,-91
241.768,124
241.793,427
241.818,735
241.843,977
241.868,1135
241.893,1226
241.918,1270
241.943,1263
241.968,1189
241.993,1043
242.018,847
242.043,644
242.068,478
242.093,372
242.118,315
242.143,265
242.168,180
242.193,57
242.218,-66
242.243,-139
242.268,-142
242.293,-107
242.318,-84
242.343,-93
242.368,-113
242.393,-119
242.418,-114
242.443,-125
242.468,-162
242.493,-203
242.518,-206
242.543,-156
242.568,-80
242.593,-13
242.618,34
242.643,80
242.668,148
242.693,251
242.718,387
242.743,559
242.768,770
242.793,1000
242.818,1196
242.843,1289
242.868,1238
242.893,1056
242.918,807
242.943,564
242.968,378
242.993,263
243.018,203
243.043,172
243.068,151
243.093,132
243.118,115
243.143,102
243.168,87
243.193,68
243.218,52
243.243,49
243.268,66
243.293,97
243.318,131
243.343,157
243.368,171
243.393,172
243.418,163
243.443,150
243.468,140
243.493,138
243.518,144
243.543,153
243.568,163
243.593,175
243.618,186
243.643,189
243.668,172
243.693,143
243.718,123
243.743,135
243.768,180
243.793,235
243.818,273
243.843,288
243.868,293
243.893,297
243.918,296
243.943,278
243.968,247
243.993,217
244.018,198
244.043,184
244.068,160
244.093,121
244.118,73
244.143,24
244.168,-26
244.193,-79
244.218,-111
244.243,-94
244.268,-17
244.293,91
244.318,183
244.343,229
244.368,239
244.393,243
244.418,261
244.443,285
244.468,305
244.493,320
244.518,345
244.543,384
244.568,424
244.593,444
244.618,436
244.643,407
244.668,373
244.693,347
244.718,338
244.743,352
244.768,385
244.793,422
244.818,454
244.843,495
244.868,574
244.893,711
244.918,886
244.943,1039
244.968,1119
244.993,1113
245.018,1054
245.043,971
245.068,866
245.093,716
245.118,516
245.143,296
245.168,112
245.193,8
245.218,-14
245.243,12
245.268,44
245.293,43
245.318,-9
245.343,-105
245.368,-217
245.393,-313
245.418,-382
245.443,-435
245.468,-484
245.493,-522
245.518,-526
245.543,-489
245.568,-434
245.593,-400
245.618,-397
245.643,-393
245.668,-345
245.693,-234
245.718,-83
245.743,71
245.768,207
245.793,320
245.818,399
245.843,429
245.868,409
245.893,364
245.918,330
245.943,320
245.968,324
245.993,329
246.018,349
246.043,408
246.068,508
246.093,612
246.118,675
246.143,682
246.168,660
246.193,644
246.218,653
246.243,685
246.268,731
246.293,781
246.318,814
246.343,803
246.368,737
246.393,640
246.418,551
246.443,494
246.468,459
246.493,425
246.518,389
246.543,365
246.568,349
246.593,306
246.618,197
246.643,21
246.668,-173
246.693,-317
246.718,-360
246.743,-293
246.768,-145
246.793,20
246.818,124
246.843,115
246.868,3
246.893,-134
246.918,-216
246.943,-219
246.968,-179
246.993,-136
247.018,-89
247.043,-11
247.068,96
247.093,192
247.118,239
247.143,254
247.168,292
247.193,374
247.218,461
247.243,497
247.268,485
247.293,488
247.318,553
247.343,653
247.368,717
247.393,709
247.418,663
247.443,636
247.468,642
247.493,651
247.518,640
247.543,620
247.568,611
247.593,605
247.618,571
247.643,503
247.668,442
247.693,428
247.718,447
247.743,440
247.768,372
247.793,273
247.818,208
247.843,204
247.868,227
247.893,225
247.918,184
247.943,125
247.968,61
247.993,-29
248.018,-171
248.043,-339
248.068,-468
248.093,-504
248.118,-450
248.143,-360
248.168,-281
248.193,-221
248.218,-163
248.243,-97
248.268,-33
248.293,18
248.318,62
248.343,117
248.368,194
248.393,284
248.418,370
248.443,440
248.468,491
248.493,525
248.518,540
248.543,532
248.568,502
248.593,466
248.618,443
248.643,444
248.668,466
248.693,494
248.718,507
248.743,495
248.768,458
248.793,401
248.818,325
248.843,231
248.868,129
248.893,37
248.918,-25
248.943,-55
248.968,-61
248.993,-61
249.018,-60
249.043,-52
249.068,-23
249.093,32
249.118,118
249.143,226
249.168,341
249.193,440
249.218,504
249.243,528
249.268,525
249.293,512
249.318,501
249.343,492
249.368,476
249.393,451
249.418,412
249.443,352
249.468,259
249.493,131
249.518,-1
249.543,-92
249.568,-99
249.593,-21
249.618,102
249.643,219
249.668,290
249.693,314
249.718,312
249.743,307
249.768,309
249.793,315
249.818,322
249.843,330
249.868,337
249.893,336
249.918,319
249.943,287
249.968,254
249.993,239
250.018,252
250.043,289
250.068,337
250.093,387
250.118,432
250.143,466
250.168,483
250.193,480
250.218,464
250.243,444
250.268,425
250.293,401
250.318,371
250.343,346
250.368,346
250.393,371
250.418,397
250.443,388
250.468,338
250.493,277
250.518,250
250.543,274
250.568,324
250.593,357
250.618,349
250.643,308
250.668,255
250.693,205
250.718,158
250.743,114
250.768,83
250.793,67
250.818,58
250.843,37
250.868,-8
250.893,-70
250.918,-127
250.943,-160
250.968,-164
250.993,-144
251.018,-107
251.043,-62
251.068,-24
251.093,-4
251.118,0
251.143,0
251.168,7
251.193,21
251.218,34
251.243,47
251.268,70
251.293,117
251.318,183
251.343,247
251.368,297
251.393,345
251.418,418
251.443,520
251.468,625
251.493,692
251.518,699
251.543,664
251.568,622
251.593,590
251.618,557
251.643,503
251.668,424
251.693,340
251.718,274
251.743,232
251.768,201
251.793,167
251.818,131
251.843,101
251.868,90
251.893,102
251.918,132
251.943,169
251.968,203
251.993,227
252.018,244
252.043,258
252.068,277
252.093,296
252.118,304
252.143,296
252.168,281
252.193,275
252.218,285
252.243,299
252.268,294
252.293,262
252.318,219
252.343,194
252.368,206
252.393,249
252.418,302
252.443,347
252.468,376
252.493,393
252.518,397
252.543,387
252.568,362
252.593,329
252.618,297
252.643,274
252.668,257
252.693,239
252.718,222
252.743,206
252.768,194
252.793,183
252.818,170
252.843,163
252.868,181
252.893,230
252.918,292
252.943,329
252.968,312
252.993,243
253.018,161
253.043,109
253.068,99
253.093,104
253.118,86
253.143,32
253.168,-37
253.193,-84
253.218,-79
253.243,-23
253.268,65
253.293,162
253.318,250
253.343,326
253.368,389
253.393,440
253.418,476
253.443,490
253.468,481
253.493,452
253.518,411
253.543,365
253.568,320
253.593,283
253.618,260
253.643,256
253.668,261
253.693,261
253.718,245
253.743,214
253.768,176
253.793,145
253.818,129
253.843,138
253.868,176
253.893,241
253.918,320
253.943,388
253.968,428
253.993,438
254.018,426
254.043,403
254.068,376
254.093,350
254.118,332
254.143,322
254.168,306
254.193,269
254.218,212
254.243,160
254.268,138
254.293,142
254.318,139
254.343,102
254.368,36
254.393,-18
254.418,-33
254.443,-12
254.468,15
254.493,28
254.518,27
254.543,32
254.568,53
254.593,84
254.618,109
254.643,116
254.668,96
254.693,52
254.718,4
254.743,-12
254.768,15
254.793,65
254.818,85
254.843,50
254.868,-2
254.893,0
254.918,100
254.943,266
254.968,420
254.993,504
255.018,526
255.043,533
255.068,559
255.093,603
255.118,651
255.143,702
255.168,765
255.193,830
255.218,870
255.243,869
255.268,839
255.293,808
255.318,789
255.343,763
255.368,708
255.393,625
255.418,539
255.443,475
255.468,438
255.493,415
255.518,398
255.543,382
255.568,369
255.593,357
255.618,348
255.643,347
255.668,353
255.693,352
255.718,327
255.743,277
255.768,222
255.793,182
255.818,149
255.843,98
255.868,13
255.893,-81
255.918,-146
255.943,-159
255.968,-138
255.993,-117
256.018,-109
256.043,-98
256.068,-69
256.093,-34
256.118,-31
256.143,-84
256.168,-182
256.193,-284
256.218,-355
256.243,-389
256.268,-404
256.293,-418
256.318,-433
256.343,-433
256.368,-397
256.393,-314
256.418,-199
256.443,-84
256.468,-7
256.493,15
256.518,5
256.543,5
256.568,46
256.593,125
256.618,208
256.643,273
256.668,326
256.693,390
256.718,467
256.743,530
256.768,547
256.793,525
256.818,515
256.843,572
256.868,707
256.893,876
256.918,1015
256.943,1092
256.968,1112
256.993,1093
257.018,1046
257.043,970
257.068,875
257.093,782
257.118,710
257.143,653
257.168,590
257.193,507
257.218,408
257.243,307
257.268,208
257.293,111
257.318,30
257.343,-10
257.368,2
257.393,48
257.418,80
257.443,71
257.468,37
257.493,15
257.518,23
257.543,40
257.568,34
257.593,0
257.618,-36
257.643,-54
257.668,-58
257.693,-75
257.718,-110
257.743,-139
257.768,-129
257.793,-66
257.818,32
257.843,143
257.868,254
257.893,357
257.918,434
257.943,464
257.968,435
257.993,366
258.018,292
258.043,238
258.068,212
258.093,211
258.118,231
258.143,268
258.168,309
258.193,336
258.218,341
258.243,334
258.268,335
258.293,356
258.318,387
258.343,410
258.368,416
258.393,419
258.418,437
258.443,483
258.468,552
258.493,626
258.518,683
258.543,711
258.568,709
258.593,687
258.618,658
258.643,623
258.668,577
258.693,515
258.718,454
258.743,415
258.768,409
258.793,414
258.818,392
258.843,319
258.868,208
258.893,96
258.918,9
258.943,-55
258.968,-116
258.993,-184
259.018,-250
259.043,-301
259.068,-340
259.093,-387
259.118,-457
259.143,-540
259.168,-605
259.193,-623
259.218,-585
259.243,-506
259.268,-404
259.293,-295
259.318,-186
259.343,-87
259.368,-5
259.393,56
259.418,109
259.443,165
259.468,234
259.493,311
259.518,389
259.543,462
259.568,526
259.593,576
259.618,608
259.643,629
259.668,658
259.693,715
259.718,798
259.743,877
259.768,921
259.793,922
259.818,903
259.843,894
259.868,899
259.893,897
259.918,870
259.943,824
259.968,778
259.993,737
260.018,686
260.043,608
260.068,513
260.093,430
260.118,383
260.143,365
260.168,346
260.193,308
260.218,251
260.243,179
260.268,83
260.293,-44
260.318,-191
260.343,-323
260.368,-412
260.393,-468
260.418,-524
260.443,-600
260.468,-675
260.493,-714
260.518,-704
260.543,-667
260.568,-622
260.593,-556
260.618,-430
260.643,-222
260.668,40
260.693,298
260.718,496
260.743,619
260.768,677
260.793,688
260.818,666
260.843,627
260.868,586
260.893,556
260.918,536
260.943,515
260.968,489
260.993,460
261.018,433
261.043,406
261.068,377
261.093,351
261.118,340
261.143,347
261.168,365
261.193,377
261.218,376
261.243,364
261.268,349
261.293,328
261.318,297
261.343,258
261.368,224
261.393,206
261.418,202
261.443,205
261.468,207
261.493,210
261.518,222
261.543,245
261.568,279
261.593,322
261.618,373
261.643,425
261.668,462
261.693,469
261.718,445
261.743,406
261.768,375
261.793,361
261.818,355
261.843,345
261.868,326
261.893,306
261.918,292
261.943,287
261.968,279
261.993,261
262.018,231
262.043,198
262.068,174
262.093,168
262.118,178
262.143,197
262.168,216
262.193,232
262.218,246
262.243,259
262.268,266
262.293,265
262.318,253
262.343,236
262.368,218
262.393,199
262.418,173
262.443,138
262.468,101
262.493,72
262.518,55
262.543,47
262.568,44
262.593,50
262.618,68
262.643,97
262.668,124
262.693,139
262.718,145
262.743,154
262.768,176
262.793,206
262.818,227
262.843,231
262.868,227
262.893,232
262.918,245
262.943,255
262.968,248
262.993,231
263.018,223
263.043,240
263.068,275
263.093,308
263.118,326
263.143,334
263.168,342
263.193,353
263.218,357
263.243,347
263.268,328
263.293,309
263.318,296
263.343,285
263.368,270
263.393,255
263.418,246
263.443,243
263.468,235
263.493,216
263.518,195
263.543,189
263.568,206
263.593,238
263.618,266
263.643,281
263.668,286
263.693,289
263.718,289
263.743,281
263.768,264
263.793,248
263.818,242
263.843,241
263.868,235
263.893,220
263.918,205
263.943,196
263.968,191
263.993,178
264.018,157
264.043,141
264.068,149
264.093,183
264.118,228
264.143,267
264.168,298
264.193,326
264.218,351
264.243,365
264.268,361
264.293,344
264.318,330
264.343,327
264.368,327
264.393,319
264.418,299
264.443,277
264.468,261
264.493,248
264.518,228
264.543,201
264.568,179
264.593,177
264.618,197
264.643,228
264.668,257
264.693,279
264.718,292
264.743,295
264.768,287
264.793,271
264.818,252
264.843,234
264.868,217
264.893,202
264.918,192
264.943,189
264.968,188
264.993,179
265.018,157
265.043,130
265.068,115
265.093,124
265.118,153
265.143,188
265.168,215
265.193,234
265.218,248
265.243,258
265.268,261
265.293,257
265.318,251
265.343,247
265.368,244
265.393,238
265.418,225
265.443,210
265.468,196
265.493,179
265.518,158
265.543,137
265.568,129
265.593,147
265.618,193
265.643,253
265.668,307
265.693,344
265.718,360
265.743,361
265.768,350
265.793,332
265.818,315
265.843,305
265.868,305
265.893,313
265.918,319
265.943,318
265.968,310
265.993,302
266.018,299
266.043,302
266.068,314
266.093,334
266.118,360
266.143,388
266.168,408
266.193,414
266.218,406
266.243,391
266.268,377
266.293,360
266.318,332
266.343,289
266.368,238
266.393,191
266.418,159
266.443,137
266.468,118
266.493,99
266.518,89
266.543,100
266.568,136
266.593,189
266.618,245
266.643,291
266.668,319
266.693,326
266.718,313
266.743,286
266.768,259
266.793,242
266.818,236
266.843,236
266.868,235
266.893,230
266.918,221
266.943,201
266.968,169
266.993,128
267.018,91
267.043,76
267.068,88
267.093,120
267.118,155
267.143,176
267.168,175
267.193,154
267.218,126
267.243,108
267.268,116
267.293,150
267.318,197
267.343,235
267.368,246
267.393,219
267.418,158
267.443,75
267.468,0
267.493,-37
267.518,-21
267.543,36
267.568,107
267.593,162
267.618,196
267.643,220
267.668,249
267.693,282
267.718,310
267.743,329
267.768,349
267.793,378
267.818,410
267.843,430
267.868,426
267.893,402
267.918,369
267.943,338
267.968,311
267.993,292
268.018,286
268.043,298
268.068,325
268.093,355
268.118,376
268.143,383
268.168,378
268.193,365
268.218,350
268.243,335
268.268,324
268.293,319
268.318,314
268.343,303
268.368,284
268.393,261
268.418,239
268.443,225
268.468,222
268.493,234
268.518,262
268.543,301
268.568,339
268.593,365
268.618,372
268.643,368
268.668,360
268.693,352
268.718,339
268.743,317
268.768,283
268.793,243
268.818,206
268.843,176
268.868,149
268.893,121
268.918,91
268.943,69
268.968,72
268.993,108
269.018,167
269.043,230
269.068,279
269.093,317
269.118,353
269.143,393
269.168,432
269.193,459
269.218,472
269.243,479
269.268,478
269.293,448
269.318,360
269.343,208
269.368,23
269.393,-137
269.418,-226
269.443,-234
269.468,-182
269.493,-107
269.518,-31
269.543,38
269.568,101
269.593,155
269.618,198
269.643,234
269.668,268
269.693,305
269.718,339
269.743,360
269.768,363
269.793,353
269.818,340
269.843,331
269.868,323
269.893,320
269.918,334
269.943,380
269.968,461
269.993,550
270.018,612
270.043,627
270.068,612
270.093,599
270.118,612
270.143,648
270.168,685
270.193,701
270.218,681
270.243,614
270.268,484
270.293,294
270.318,76
270.343,-118
270.368,-245
270.393,-301
270.418,-318
270.443,-329
270.468,-347
270.493,-357
270.518,-344
270.543,-311
270.568,-276
270.593,-261
270.618,-270
270.643,-292
270.668,-307
270.693,-298
270.718,-260
270.743,-206
270.768,-153
270.793,-111
270.818,-68
270.843,-6
270.868,80
270.893,176
270.918,259
270.943,327
270.968,401
270.993,506
271.018,642
271.043,783
271.068,900
271.093,978
271.118,1024
271.143,1052
271.168,1063
271.193,1048
271.218,994
271.243,900
271.268,775
271.293,639
271.318,519
271.343,436
271.368,388
271.393,359
271.418,327
271.443,285
271.468,240
271.493,203
271.518,176
271.543,152
271.568,126
271.593,103
271.618,88
271.643,79
271.668,70
271.693,55
271.718,35
271.743,8
271.768,-24
271.793,-63
271.818,-96
271.843,-104
271.868,-79
271.893,-31
271.918,13
271.943,37
271.968,42
271.993,44
272.018,54
272.043,70
272.068,81
272.093,85
272.118,87
272.143,99
272.168,125
272.193,161
272.218,200
272.243,236
272.268,270
272.293,310
272.318,361
272.343,428
272.368,505
272.393,581
272.418,643
272.443,688
272.468,722
272.493,752
272.518,777
272.543,787
272.568,780
272.593,763
272.618,744
272.643,720
272.668,668
272.693,565
272.718,413
272.743,249
272.768,122
272.793,63
272.818,67
272.843,102
272.868,133
272.893,141
272.918,122
272.943,77
272.968,12
272.993,-62
273.018,-130
273.043,-172
273.068,-173
273.093,-131
273.118,-52
273.143,47
273.168,142
273.193,202
273.218,205
273.243,158
273.268,94
273.293,54
273.318,58
273.343,96
273.368,140
273.393,171
273.418,187
273.443,195
273.468,202
273.493,205
273.518,202
273.543,189
273.568,169
273.593,142
273.618,113
273.643,87
273.668,63
273.693,40
273.718,10
273.743,-21
273.768,-42
273.793,-38
273.818,-5
273.843,47
273.868,108
273.893,165
273.918,211
273.943,239
273.968,247
273.993,248
274.018,268
274.043,327
274.068,413
274.093,488
274.118,515
274.143,490
274.168,444
274.193,402
274.218,367
274.243,318
274.268,252
274.293,197
274.318,194
274.343,256
274.368,353
274.393,431
274.418,454
274.443,420
274.468,353
274.493,284
274.518,230
274.543,202
274.568,206
274.593,248
274.618,327
274.643,425
274.668,521
274.693,601
274.718,677
274.743,775
274.768,912
274.793,1063
274.818,1167
274.843,1159
274.868,1018
274.893,785
274.918,538
274.943,338
274.968,212
274.993,146
275.018,123
275.043,125
275.068,145
275.093,182
275.118,245
275.143,348
275.168,485
275.193,617
275.218,682
275.243,635
275.268,484
275.293,284
275.318,87
275.343,-83
275.368,-235
275.393,-369
275.418,-468
275.443,-514
275.468,-517
275.493,-510
275.518,-521
275.543,-543
275.568,-544
275.593,-499
275.618,-414
275.643,-319
275.668,-251
275.693,-229
275.718,-249
275.743,-285
275.768,-305
275.793,-290
275.818,-247
275.843,-201
275.868,-168
275.893,-135
275.918,-62
275.943,69
275.968,239
275.993,395
276.018,506
276.043,590
276.068,693
276.093,838
276.118,996
276.143,1113
276.168,1144
276.193,1086
276.218,967
276.243,828
276.268,709
276.293,642
276.318,638
276.343,674
276.368,707
276.393,701
276.418,660
276.443,612
276.468,581
276.493,553
276.518,500
276.543,413
276.568,318
276.593,249
276.618,214
276.643,184
276.668,132
276.693,60
276.718,0
276.743,-24
276.768,-16
276.793,1
276.818,15
276.843,24
276.868,36
276.893,49
276.918,61
276.943,72
276.968,89
276.993,115
277.018,142
277.043,158
277.068,161
277.093,153
277.118,134
277.143,97
277.168,38
277.193,-21
277.218,-51
277.243,-31
277.268,30
277.293,103
277.318,159
277.343,188
277.368,199
277.393,204
277.418,213
277.443,235
277.468,275
277.493,331
277.518,389
277.543,439
277.568,482
277.593,523
277.618,559
277.643,570
277.668,541
277.693,479
277.718,423
277.743,405
277.768,431
277.793,474
277.818,505
277.843,516
277.868,512
277.893,502
277.918,486
277.943,459
277.968,427
277.993,397
278.018,374
278.043,349
278.068,309
278.093,249
278.118,171
278.143,85
278.168,3
278.193,-56
278.218,-79
278.243,-60
278.268,-13
278.293,31
278.318,52
278.343,46
278.368,24
278.393,0
278.418,-17
278.443,-32
278.468,-47
278.493,-65
278.518,-84
278.543,-101
278.568,-111
278.593,-114
278.618,-114
278.643,-115
278.668,-113
278.693,-97
278.718,-58
278.743,4
278.768,80
278.793,159
278.818,242
278.843,338
278.868,448
278.893,563
278.918,662
278.943,732
278.968,768
278.993,775
279.018,758
279.043,722
279.068,674
279.093,624
279.118,576
279.143,534
279.168,500
279.193,481
279.218,482
279.243,504
279.268,537
279.293,564
279.318,571
279.343,551
279.368,510
279.393,464
279.418,429
279.443,414
279.468,411
279.493,404
279.518,387
279.543,365
279.568,350
279.593,341
279.618,322
279.643,280
279.668,220
279.693,166
279.718,138
279.743,140
279.768,163
279.793,194
279.818,223
279.843,235
279.868,211
279.893,144
279.918,48
279.943,-47
279.968,-123
279.993,-183
280.018,-240
280.043,-297
280.068,-341
280.093,-374
280.118,-411
280.143,-472
280.168,-545
280.193,-593
280.218,-593
280.243,-554
280.268,-511
280.293,-473
280.318,-412
280.343,-295
280.368,-127
280.393,36
280.418,147
280.443,204
280.468,253
280.493,339
280.518,475
280.543,637
280.568,794
280.593,924
280.618,1014
280.643,1051
280.668,1039
280.693,1002
280.718,978
280.743,982
280.768,995
280.793,976
280.818,904
280.843,791
280.868,675
280.893,588
280.918,534
280.943,498
280.968,464
280.993,422
281.018,372
281.043,317
281.068,256
281.093,190
281.118,124
281.143,66
281.168,30
281.193,20
281.218,35
281.243,63
281.268,92
281.293,115
281.318,133
281.343,147
281.368,159
281.393,169
281.418,179
281.443,189
281.468,196
281.493,192
281.518,177
281.543,154
281.568,130
281.593,109
281.618,88
281.643,68
281.668,57
281.693,65
281.718,93
281.743,129
281.768,160
281.793,180
281.818,187
281.843,183
281.868,172
281.893,159
281.918,153
281.943,158
281.968,170
281.993,178
282.018,176
282.043,168
282.068,160
282.093,152
282.118,140
282.143,129
282.168,133
282.193,163
282.218,211
282.243,258
282.268,286
282.293,293
282.318,291
282.343,290
282.368,290
282.393,289
282.418,289
282.443,293
282.468,295
282.493,289
282.518,274
282.543,261
282.568,259
282.593,263
282.618,259
282.643,244
282.668,232
282.693,245
282.718,288
282.743,342
282.768,386
282.793,406
282.818,408
282.843,402
282.868,393
282.893,386
282.918,386
282.943,395
282.968,409
282.993,416
283.018,414
283.043,405
283.068,394
283.093,378
283.118,353
283.143,324
283.168,309
283.193,319
283.218,344
283.243,354
283.268,332
283.293,286
283.318,240
283.343,207
283.368,181
283.393,149
283.418,114
283.443,86
283.468,73
283.493,64
283.518,47
283.543,22
283.568,-3
283.593,-29
283.618,-59
283.643,-95
283.668,-125
283.693,-129
283.718,-97
283.743,-39
283.768,25
283.793,88
283.818,146
283.843,194
283.868,220
283.893,220
283.918,210
283.943,211
283.968,233
283.993,261
284.018,276
284.043,274
284.068,268
284.093,269
284.118,264
284.143,234
284.168,176
284.193,115
284.218,89
284.243,114
284.268,175
284.293,242
284.318,296
284.343,331
284.368,356
284.393,381
284.418,419
284.443,478
284.468,549
284.493,606
284.518,617
284.543,574
284.568,502
284.593,441
284.618,421
284.643,442
284.668,492
284.693,564
284.718,659
284.743,766
284.768,856
284.793,891
284.818,855
284.843,774
284.868,693
284.893,640
284.918,602
284.943,541
284.968,436
284.993,305
285.018,193
285.043,133
285.068,111
285.093,81
285.118,0
285.143,-132
285.168,-274
285.193,-366
285.218,-383
285.243,-348
285.268,-306
285.293,-285
285.318,-271
285.343,-230
285.368,-141
285.393,-20
285.418,88
285.443,151
285.468,166
285.493,157
285.518,142
285.543,125
285.568,94
285.593,50
285.618,3
285.643,-31
285.668,-53
285.693,-72
285.718,-90
285.743,-96
285.768,-71
285.793,-11
285.818,66
285.843,135
285.868,180
285.893,203
285.918,222
285.943,245
285.968,274
285.993,300
286.018,319
286.043,327
286.068,325
286.093,316
286.118,305
286.143,296
286.168,286
286.193,268
286.218,243
286.243,232
286.268,261
286.293,336
286.318,435
286.343,515
286.368,551
286.393,558
286.418,568
286.443,602
286.468,646
286.493,677
286.518,686
286.543,685
286.568,687
286.593,688
286.618,677
286.643,658
286.668,648
286.693,657
286.718,670
286.743,664
286.768,642
286.793,637
286.818,681
286.843,766
286.868,851
286.893,908
286.918,948
286.943,994
286.968,1022
286.993,956
287.018,726
287.043,340
287.068,-100
287.093,-476
287.118,-723
287.143,-854
287.168,-915
287.193,-931
287.218,-908
287.243,-854
287.268,-796
287.293,-756
287.318,-728
287.343,-687
287.368,-620
287.393,-534
287.418,-444
287.443,-350
287.468,-238
287.493,-104
287.518,34
287.543,153
287.568,245
287.593,317
287.618,372
287.643,406
287.668,415
287.693,411
287.718,420
287.743,454
287.768,500
287.793,532
287.818,546
287.843,557
287.868,584
287.893,627
287.918,668
287.943,690
287.968,698
287.993,703
288.018,706
288.043,698
288.068,672
288.093,632
288.118,591
288.143,550
288.168,504
288.193,451
288.218,395
288.243,345
288.268,299
288.293,250
288.318,194
288.343,144
288.368,118
288.393,118
288.418,132
288.443,146
288.468,156
288.493,168
288.518,185
288.543,196
288.568,192
288.593,179
288.618,171
288.643,176
288.668,186
288.693,183
288.718,164
288.743,140
288.768,125
288.793,116
288.818,102
288.843,81
288.868,69
288.893,85
288.918,128
288.943,179
288.968,215
288.993,233
289.018,243
289.043,254
289.068,260
289.093,254
289.118,240
289.143,234
289.168,238
289.193,240
289.218,228
289.243,206
289.268,195
289.293,206
289.318,227
289.343,235
289.368,224
289.393,217
289.418,239
289.443,292
289.468,352
289.493,395
289.518,418
289.543,436
289.568,459
289.593,479
289.618,488
289.643,489
289.668,495
289.693,510
289.718,523
289.743,520
289.768,497
289.793,464
289.818,424
289.843,373
289.868,308
289.893,240
289.918,187
289.943,152
289.968,118
289.993,63
290.018,-13
290.043,-87
290.068,-139
290.093,-167
290.118,-184
290.143,-197
290.168,-198
290.193,-178
290.218,-143
290.243,-107
290.268,-79
290.293,-53
290.318,-19
290.343,20
290.368,55
290.393,80
290.418,109
290.443,157
290.468,222
290.493,285
290.518,333
290.543,364
290.568,389
290.593,412
290.618,426
290.643,427
290.668,424
290.693,428
290.718,440
290.743,446
290.768,434
290.793,411
290.818,393
290.843,389
290.868,386
290.893,374
290.918,359
290.943,360
290.968,392
290.993,444
291.018,494
291.043,525
291.068,536
291.093,535
291.118,527
291.143,516
291.168,506
291.193,506
291.218,516
291.243,526
291.268,527
291.293,524
291.318,528
291.343,540
291.368,546
291.393,533
291.418,499
291.443,457
291.468,402
291.493,304
291.518,128
291.543,-124
291.568,-404
291.593,-641
291.618,-795
291.643,-876
291.668,-917
291.693,-936
291.718,-929
291.743,-891
291.768,-839
291.793,-801
291.818,-784
291.843,-766
291.868,-711
291.893,-606
291.918,-468
291.943,-323
291.968,-177
291.993,-22
292.018,151
292.043,340
292.068,531
292.093,713
292.118,888
292.143,1059
292.168,1219
292.193,1358
292.218,1473
292.243,1574
292.268,1675
292.293,1781
292.318,1888
292.343,1981
292.368,2051
292.393,2087
292.418,2076
292.443,2004
292.468,1861
292.493,1651
292.518,1390
292.543,1101
292.568,805
292.593,518
292.618,248
292.643,0
292.668,-223
292.693,-422
292.718,-593
292.743,-734
292.768,-847
292.793,-937
292.818,-1003
292.843,-1040
292.868,-1037
292.893,-997
292.918,-940
292.943,-882
292.968,-825
292.993,-750
293.018,-640
293.043,-501
293.068,-361
293.093,-245
293.118,-159
293.143,-87
293.168,-19
293.193,37
293.218,71
293.243,85
293.268,99
293.293,130
293.318,171
293.343,202
293.368,214
293.393,222
293.418,244
293.443,280
293.468,305
293.493,302
293.518,279
293.543,268
293.568,294
293.593,350
293.618,408
293.643,445
293.668,452
293.693,439
293.718,418
293.743,401
293.768,399
293.793,415
293.818,442
293.843,462
293.868,469
293.893,474
293.918,497
293.943,541
293.968,585
293.993,601
294.018,583
294.043,548
294.068,519
294.093,500
294.118,478
294.143,446
294.168,413
294.193,391
294.218,377
294.243,359
294.268,329
294.293,298
294.318,279
294.343,270
294.368,256
294.393,226
294.418,188
294.443,159
294.468,143
294.493,125
294.518,97
294.543,71
294.568,71
294.593,110
294.618,169
294.643,216
294.668,241
294.693,256
294.718,280
294.743,314
294.768,340
294.793,344
294.818,335
294.843,329
294.868,334
294.893,338
294.918,327
294.943,300
294.968,270
294.993,249
295.018,238
295.043,235
295.068,240
295.093,256
295.118,278
295.143,294
295.168,295
295.193,284
295.218,273
295.243,264
295.268,249
295.293,216
295.318,170
295.343,130
295.368,113
295.393,115
295.418,119
295.443,113
295.468,98
295.493,87
295.518,83
295.543,75
295.568,56
295.593,33
295.618,27
295.643,50
295.668,99
295.693,154
295.718,202
295.743,241
295.768,274
295.793,299
295.818,314
295.843,320
295.868,326
295.893,337
295.918,348
295.943,348
295.968,333
295.993,317
296.018,316
296.043,329
296.068,336
296.093,318
296.118,279
296.143,244
296.168,238
296.193,264
296.218,304
296.243,338
296.268,359
296.293,374
296.318,389
296.343,398
296.368,391
296.393,367
296.418,337
296.443,309
296.468,283
296.493,254
296.518,217
296.543,176
296.568,139
296.593,107
296.618,77
296.643,50
296.668,35
296.693,42
296.718,73
296.743,117
296.768,161
296.793,198
296.818,233
296.843,271
296.868,306
296.893,324
296.918,318
296.943,296
296.968,277
296.993,277
297.018,291
297.043,302
297.068,295
297.093,271
297.118,240
297.143,211
297.168,183
297.193,153
297.218,118
297.243,88
297.268,73
297.293,77
297.318,90
297.343,102
297.368,106
297.393,105
297.418,109
297.443,120
297.468,133
297.493,143
297.518,149
297.543,155
297.568,169
297.593,194
297.618,227
297.643,266
297.668,305
297.693,339
297.718,363
297.743,375
297.768,386
297.793,408
297.818,450
297.843,503
297.868,548
297.893,571
297.918,574
297.943,572
297.968,571
297.993,564
298.018,538
298.043,492
298.068,440
298.093,399
298.118,369
298.143,340
298.168,303
298.193,261
298.218,221
298.243,186
298.268,144
298.293,89
298.318,29
298.343,-12
298.368,-21
298.393,-2
298.418,22
298.443,37
298.468,41
298.493,43
298.518,52
298.543,64
298.568,71
298.593,73
298.618,77
298.643,91
298.668,118
298.693,151
298.718,182
298.743,203
298.768,209
298.793,197
298.818,164
298.843,117
298.868,69
298.893,37
298.918,36
298.943,69
298.968,129
298.993,200
299.018,265
299.043,306
299.068,313
299.093,292
299.118,264
299.143,255
299.168,279
299.193,327
299.218,373
299.243,399
299.268,407
299.293,416
299.318,431
299.343,441
299.368,433
299.393,411
299.418,403
299.443,431
299.468,487
299.493,540
299.518,566
299.543,561
299.568,538
299.593,499
299.618,437
299.643,352
299.668,266
299.693,205
299.718,171
299.743,145
299.768,106
299.793,61
299.818,35
299.843,34
299.868,32
299.893,3
299.918,-47
299.943,-79
299.968,-56
299.993,15
300.018,99
300.043,164
300.068,211
300.093,263
300.118,325
300.143,380
300.168,407
300.193,409
300.218,401
300.243,391
300.268,373
300.293,342
300.318,313
300.343,310
300.368,336
300.393,367
300.418,372
300.443,342
300.468,296
300.493,260
300.518,246
300.543,248
300.568,253
300.593,254
300.618,247
300.643,232
300.668,214
300.693,204
300.718,211
300.743,235
300.768,261
300.793,277
300.818,283
300.843,287
300.868,293
300.893,292
300.918,274
300.943,238
300.968,199
300.993,175
301.018,173
301.043,189
301.068,212
301.093,234
301.118,249
301.143,248
301.168,227
301.193,189
301.218,148
301.243,114
301.268,91
301.293,71
301.318,48
301.343,23
301.368,6
301.393,0
301.418,-2
301.443,-8
301.468,-20
301.493,-29
301.518,-19
301.543,16
301.568,73
301.593,134
301.618,186
301.643,223
301.668,244
301.693,255
301.718,259
301.743,259
301.768,260
301.793,263
301.818,266
301.843,267
301.868,266
301.893,270
301.918,281
301.943,296
301.968,311
301.993,329
302.018,361
302.043,415
302.068,487
302.093,565
302.118,641
302.143,719
302.168,803
302.193,873
302.218,892
302.243,834
302.268,711
302.293,565
302.318,436
302.343,332
302.368,232
302.393,127
302.418,29
302.443,-39
302.468,-73
302.493,-92
302.518,-114
302.543,-134
302.568,-124
302.593,-70
302.618,13
302.643,92
302.668,143
302.693,168
302.718,189
302.743,223
302.768,268
302.793,312
302.818,342
302.843,351
302.868,344
302.893,326
302.918,307
302.943,290
302.968,269
302.993,240
303.018,205
303.043,182
303.068,188
303.093,222
303.118,270
303.143,312
303.168,338
303.193,351
303.218,357
303.243,357
303.268,348
303.293,331
303.318,316
303.343,305
303.368,298
303.393,291
303.418,282
303.443,267
303.468,239
303.493,191
303.518,123
303.543,56
303.568,19
303.593,28
303.618,72
303.643,125
303.668,164
303.693,184
303.718,196
303.743,207
303.768,219
303.793,230
303.818,239
303.843,243
303.868,243
303.893,236
303.918,226
303.943,220
303.968,218
303.993,214
304.018,199
304.043,171
304.068,145
304.093,139
304.118,160
304.143,198
304.168,234
304.193,259
304.218,274
304.243,286
304.268,294
304.293,292
304.318,280
304.343,268
304.368,273
304.393,296
304.418,322
304.443,333
304.468,324
304.493,306
304.518,293
304.543,286
304.568,275
304.593,254
304.618,230
304.643,217
304.668,222
304.693,244
304.718,277
304.743,317
304.768,355
304.793,376
304.818,367
304.843,332
304.868,294
304.893,276
304.918,279
304.943,280
304.968,262
304.993,227
305.018,197
305.043,181
305.068,168
305.093,146
305.118,121
305.143,119
305.168,150
305.193,194
305.218,223
305.243,233
305.268,246
305.293,277
305.318,307
305.343,299
305.368,237
305.393,156
305.418,106
305.443,104
305.468,122
305.493,128
305.518,121
305.543,131
305.568,177
305.593,236
305.618,269
305.643,265
305.668,248
305.693,254
305.718,291
305.743,339
305.768,373
305.793,390
305.818,397
305.843,399
305.868,388
305.893,363
305.918,335
305.943,316
305.968,308
305.993,299
306.018,278
306.043,250
306.068,226
306.093,209
306.118,192
306.143,164
306.168,130
306.193,108
306.218,113
306.243,143
306.268,185
306.293,224
306.318,255
306.343,281
306.368,304
306.393,322
306.418,328
306.443,323
306.468,315
306.493,314
306.518,322
306.543,331
306.568,329
306.593,315
306.618,295
306.643,281
306.668,268
306.693,244
306.718,198
306.743,142
306.768,100
306.793,86
306.818,89
306.843,82
306.868,52
306.893,12
306.918,-11
306.943,-3
306.968,29
306.993,74
307.018,122
307.043,174
307.068,227
307.093,270
307.118,299
307.143,319
307.168,337
307.193,351
307.218,350
307.243,330
307.268,308
307.293,307
307.318,335
307.343,372
307.368,392
307.393,387
307.418,372
307.443,364
307.468,359
307.493,344
307.518,317
307.543,294
307.568,288
307.593,297
307.618,300
307.643,285
307.668,260
307.693,240
307.718,225
307.743,202
307.768,167
307.793,136
307.818,130
307.843,157
307.868,195
307.893,221
307.918,230
307.943,236
307.968,248
307.993,260
308.018,259
308.043,246
308.068,235
308.093,238
308.118,250
308.143,256
308.168,249
308.193,237
308.218,227
308.243,219
308.268,202
308.293,175
308.318,154
308.343,155
308.368,180
308.393,211
308.418,233
308.443,247
308.468,260
308.493,278
308.518,291
308.543,292
308.568,284
308.593,280
308.618,286
308.643,295
308.668,292
308.693,277
308.718,258
308.743,245
308.768,234
308.793,217
308.818,192
308.843,171
308.868,169
308.893,190
308.918,222
308.943,251
308.968,271
308.993,288
309.018,309
309.043,332
309.068,350
309.093,357
309.118,358
309.143,356
309.168,350
309.193,334
309.218,309
309.243,280
309.268,252
309.293,225
309.318,186
309.343,131
309.368,67
309.393,16
309.418,-2
309.443,11
309.468,44
309.493,81
309.518,111
309.543,132
309.568,144
309.593,147
309.618,147
309.643,160
309.668,189
309.693,225
309.718,246
309.743,243
309.768,230
309.793,228
309.818,240
309.843,244
309.868,214
309.893,157
309.918,106
309.943,93
309.968,118
309.993,155
310.018,186
310.043,222
310.068,280
310.093,355
310.118,422
310.143,464
310.168,495
310.193,543
310.218,612
310.243,671
310.268,677
310.293,622
310.318,535
310.343,449
310.368,374
310.393,302
310.418,229
310.443,175
310.468,162
310.493,189
310.518,232
310.543,269
310.568,294
310.593,312
310.618,320
310.643,310
310.668,280
310.693,239
310.718,197
310.743,153
310.768,102
310.793,46
310.818,3
310.843,-18
310.868,-28
310.893,-47
310.918,-73
310.943,-82
310.968,-49
310.993,22
311.018,104
311.043,164
311.068,201
311.093,228
311.118,256
311.143,279
311.168,290
311.193,297
311.218,317
311.243,348
311.268,374
311.293,377
311.318,360
311.343,339
311.368,324
311.393,305
311.418,274
311.443,243
311.468,234
311.493,257
311.518,295
311.543,321
311.568,322
311.593,312
311.618,307
311.643,306
311.668,297
311.693,273
311.718,246
311.743,228
311.768,224
311.793,223
311.818,214
311.843,197
311.868,179
311.893,165
311.918,156
311.943,153
311.968,160
311.993,178
312.018,200
312.043,219
312.068,232
312.093,239
312.118,245
312.143,253
312.168,264
312.193,280
312.218,302
312.243,328
312.268,349
312.293,361
312.318,364
312.343,361
312.368,353
312.393,341
312.418,330
312.443,329
312.468,346
312.493,378
312.518,411
312.543,434
312.568,443
312.593,434
312.618,404
312.643,351
312.668,284
312.693,218
312.718,168
312.743,131
312.768,95
312.793,60
312.818,33
312.843,26
312.868,29
312.893,23
312.918,0
312.943,-25
312.968,-28
312.993,1
313.018,44
313.043,73
313.068,81
313.093,84
313.118,96
313.143,116
313.168,127
313.193,126
313.218,126
313.243,146
313.268,188
313.293,235
313.318,261
313.343,257
313.368,237
313.393,222
313.418,228
313.443,255
313.468,292
313.493,331
313.518,371
313.543,418
313.568,471
313.593,518
313.618,541
313.643,535
313.668,512
313.693,490
313.718,468
313.743,435
313.768,378
313.793,311
313.818,263
313.843,249
313.868,252
313.893,245
313.918,216
313.943,187
313.968,186
313.993,220
314.018,267
314.043,304
314.068,322
314.093,331
314.118,330
314.143,312
314.168,270
314.193,218
314.218,180
314.243,168
314.268,171
314.293,172
314.318,161
314.343,142
314.368,123
314.393,103
314.418,83
314.443,68
314.468,74
314.493,106
314.518,155
314.543,205
314.568,240
314.593,250
314.618,238
314.643,209
314.668,177
314.693,159
314.718,161
314.743,176
314.768,189
314.793,191
314.818,189
314.843,189
314.868,189
314.893,181
314.918,165
314.943,163
314.968,193
314.993,258
315.018,332
315.043,388
315.068,417
315.093,427
315.118,428
315.143,423
315.168,409
315.193,390
315.218,375
315.243,365
315.268,351
315.293,327
315.318,298
315.343,274
315.368,256
315.393,230
315.418,188
315.443,146
315.468,132
315.493,162
315.518,216
315.543,260
315.568,279
315.593,286
315.618,300
315.643,322
315.668,332
315.693,316
315.718,284
315.743,256
315.768,243
315.793,237
315.818,223
315.843,200
315.868,176
315.893,155
315.918,131
315.943,99
315.968,71
315.993,72
316.018,111
316.043,174
316.068,234
316.093,274
316.118,298
316.143,312
316.168,318
316.193,309
316.218,286
316.243,262
316.268,249
316.293,246
316.318,239
316.343,222
316.368,200
316.393,182
316.418,167
316.443,145
316.468,116
316.493,93
316.518,94
316.543,120
316.568,161
316.593,201
316.618,237
316.643,270
316.668,295
316.693,301
316.718,282
316.743,252
316.768,230
316.793,225
316.818,228
316.843,231
316.868,235
316.893,250
316.918,274
316.943,291
316.968,284
316.993,256
317.018,231
317.043,230
317.068,251
317.093,276
317.118,289
317.143,294
317.168,303
317.193,317
317.218,326
317.243,323
317.268,314
317.293,308
317.318,306
317.343,299
317.368,278
317.393,248
317.418,224
317.443,211
317.468,206
317.493,200
317.518,195
317.543,200
317.568,223
317.593,260
317.618,298
317.643,331
317.668,359
317.693,383
317.718,401
317.743,407
317.768,402
317.793,393
317.818,386
317.843,376
317.868,351
317.893,303
317.918,240
317.943,179
317.968,127
317.993,84
318.018,43
318.043,7
318.068,-11
318.093,-3
318.118,25
318.143,57
318.168,77
318.193,90
318.218,108
318.243,139
318.268,176
318.293,207
318.318,231
318.343,254
318.368,280
318.393,302
318.418,305
318.443,291
318.468,271
318.493,259
318.518,251
318.543,234
318.568,208
318.593,193
318.618,208
318.643,249
318.668,289
318.693,304
318.718,298
318.743,293
318.768,300
318.793,310
318.818,307
318.843,291
318.868,280
318.893,285
318.918,293
318.943,286
318.968,261
318.993,239
319.018,236
319.043,243
319.068,235
319.093,207
319.118,183
319.143,194
319.168,243
319.193,301
319.218,338
319.243,347
319.268,348
319.293,350
319.318,350
319.343,338
319.368,320
319.393,308
319.418,301
319.443,283
319.468,241
319.493,188
319.518,147
319.543,128
319.568,110
319.593,75
319.618,31
319.643,10
319.668,35
319.693,90
319.718,139
319.743,163
319.768,179
319.793,209
319.818,254
319.843,283
319.868,275
319.893,240
319.918,211
319.943,208
319.968,219
319.993,222
320.018,206
320.043,181
320.068,158
320.093,135
320.118,108
320.143,80
320.168,70
320.193,91
320.218,134
320.243,178
320.268,209
320.293,229
320.318,246
320.343,265
320.368,281
320.393,292
320.418,303
320.443,319
320.468,341
320.493,360
320.518,368
320.543,370
320.568,376
320.593,389
320.618,399
320.643,395
320.668,383
320.693,383
320.718,416
320.743,484
320.768,562
320.793,625
320.818,666
320.843,699
320.868,743
320.893,802
320.918,859
320.943,890
320.968,881
320.993,830
321.018,742
321.043,627
321.068,501
321.093,383
321.118,283
321.143,192
321.168,89
321.193,-31
321.218,-142
321.243,-203
321.268,-201
321.293,-170
321.318,-159
321.343,-192
321.368,-245
321.393,-285
321.418,-313
321.443,-359
321.468,-448
321.493,-560
321.518,-645
321.543,-674
321.568,-656
321.593,-619
321.618,-573
321.643,-503
321.668,-405
321.693,-306
321.718,-240
321.743,-215
321.768,-193
321.793,-130
321.818,-15
321.843,124
321.868,252
321.893,350
321.918,419
321.943,465
321.968,498
321.993,536
322.018,597
322.043,685
322.068,776
322.093,848
322.118,901
322.143,961
322.168,1040
322.193,1104
322.218,1101
322.243,1014
322.268,898
322.293,835
322.318,872
322.343,984
322.368,1105
322.393,1183
322.418,1202
322.443,1163
322.468,1065
322.493,909
322.518,717
322.543,533
322.568,394
322.593,310
322.618,263
322.643,233
322.668,210
322.693,187
322.718,155
322.743,102
322.768,33
322.793,-34
322.818,-91
322.843,-140
322.868,-198
322.893,-268
322.918,-332
322.943,-363
322.968,-353
322.993,-314
323.018,-273
323.043,-246
323.068,-233
323.093,-228
323.118,-233
323.143,-251
323.168,-282
323.193,-317
323.218,-338
323.243,-340
323.268,-335
323.293,-347
323.318,-388
323.343,-438
323.368,-458
323.393,-410
323.418,-288
323.443,-119
323.468,61
323.493,228
323.518,371
323.543,481
323.568,548
323.593,567
323.618,548
323.643,516
323.668,488
323.693,464
323.718,440
323.743,424
323.768,433
323.793,480
323.818,555
323.843,636
323.868,707
323.893,766
323.918,818
323.943,855
323.968,862
323.993,836
324.018,793
324.043,757
324.068,740
324.093,736
324.118,731
324.143,714
324.168,681
324.193,628
324.218,553
324.243,460
324.268,361
324.293,269
324.318,187
324.343,110
324.368,33
324.393,-31
324.418,-74
324.443,-97
324.468,-114
324.493,-141
324.518,-179
324.543,-207
324.568,-204
324.593,-169
324.618,-120
324.643,-81
324.668,-62
324.693,-56
324.718,-45
324.743,-11
324.768,52
324.793,137
324.818,223
324.843,289
324.868,322
324.893,327
324.918,318
324.943,316
324.968,332
324.993,364
325.018,400
325.043,420
325.068,411
325.093,373
325.118,316
325.143,259
325.168,223
325.193,219
325.218,244
325.243,284
325.268,322
325.293,347
325.318,358
325.343,361
325.368,363
325.393,361
325.418,352
325.443,337
325.468,324
325.493,318
325.518,316
325.543,309
325.568,290
325.593,263
325.618,239
325.643,224
325.668,212
325.693,197
325.718,178
325.743,163
325.768,159
325.793,158
325.818,153
325.843,141
325.868,128
325.893,124
325.918,130
325.943,139
325.968,144
325.993,145
326.018,143
326.043,134
326.068,117
326.093,98
326.118,95
326.143,121
326.168,174
326.193,233
326.218,279
326.243,303
326.268,313
326.293,317
326.318,318
326.343,316
326.368,313
326.393,309
326.418,305
326.443,299
326.468,289
326.493,274
326.518,253
326.543,223
326.568,185
326.593,152
326.618,142
326.643,168
326.668,220
326.693,274
326.718,309
326.743,320
326.768,315
326.793,307
326.818,299
326.843,293
326.868,291
326.893,291
326.918,288
326.943,273
326.968,246
326.993,217
327.018,194
327.043,177
327.068,157
327.093,132
327.118,116
327.143,129
327.168,179
327.193,245
327.218,298
327.243,319
327.268,314
327.293,299
327.318,291
327.343,291
327.368,293
327.393,292
327.418,286
327.443,275
327.468,261
327.493,246
327.518,230
327.543,215
327.568,198
327.593,182
327.618,177
327.643,193
327.668,232
327.693,277
327.718,306
327.743,307
327.768,287
327.793,267
327.818,259
327.843,260
327.868,259
327.893,251
327.918,243
327.943,241
327.968,241
327.993,228
328.018,197
328.043,160
328.068,144
328.093,164
328.118,210
328.143,261
328.168,301
328.193,325
328.218,338
328.243,343
328.268,341
328.293,334
328.318,330
328.343,332
328.368,337
328.393,338
328.418,331
328.443,322
328.468,310
328.493,293
328.518,263
328.543,225
328.568,190
328.593,168
328.618,156
328.643,143
328.668,124
328.693,106
328.718,102
328.743,112
328.768,126
328.793,135
328.818,141
328.843,151
328.868,163
328.893,170
328.918,164
328.943,148
328.968,133
328.993,126
329.018,127
329.043,133
329.068,146
329.093,173
329.118,216
329.143,263
329.168,299
329.193,315
329.218,316
329.243,311
329.268,306
329.293,303
329.318,301
329.343,301
329.368,302
329.393,301
329.418,297
329.443,285
329.468,265
329.493,238
329.518,214
329.543,207
329.568,223
329.593,259
329.618,299
329.643,333
329.668,360
329.693,387
329.718,411
329.743,420
329.768,404
329.793,370
329.818,337
329.843,322
329.868,324
329.893,328
329.918,323
329.943,308
329.968,284
329.993,251
330.018,205
330.043,155
330.068,122
330.093,124
330.118,154
330.143,192
330.168,217
330.193,224
330.218,224
330.243,222
330.268,212
330.293,189
330.318,158
330.343,134
330.368,124
330.393,125
330.418,123
330.443,114
330.468,102
330.493,92
330.518,83
330.543,71
330.568,60
330.593,66
330.618,98
330.643,149
330.668,200
330.693,232
330.718,244
330.743,249
330.768,256
330.793,260
330.818,255
330.843,240
330.868,228
330.893,226
330.918,230
330.943,224
330.968,200
330.993,168
331.018,144
331.043,138
331.068,140
331.093,142
331.118,146
331.143,167
331.168,213
331.193,273
331.218,328
331.243,366
331.268,389
331.293,409
331.318,428
331.343,437
331.368,433
331.393,422
331.418,412
331.443,398
331.468,359
331.493,284
331.518,190
331.543,113
331.568,79
331.593,85
331.618,105
331.643,119
331.668,141
331.693,197
331.718,305
331.743,455
331.768,618
331.793,768
331.818,897
331.843,994
331.868,1042
331.893,1018
331.918,921
331.943,781
331.968,643
331.993,535
332.018,447
332.043,350
332.068,232
332.093,105
332.118,-6
332.143,-94
332.168,-168
332.193,-237
332.218,-292
332.243,-313
332.268,-296
332.293,-263
332.318,-243
332.343,-241
332.368,-234
332.393,-195
332.418,-120
332.443,-33
332.468,35
332.493,76
332.518,90
332.543,82
332.568,55
332.593,22
332.618,7
332.643,36
332.668,111
332.693,210
332.718,297
332.743,355
332.768,390
332.793,422
332.818,462
332.843,503
332.868,523
332.893,508
332.918,459
332.943,399
332.968,355
332.993,343
333.018,352
333.043,356
333.068,338
333.093,303
333.118,266
333.143,232
333.168,189
333.193,130
333.218,71
333.243,46
333.268,74
333.293,138
333.318,202
333.343,244
333.368,270
333.393,297
333.418,326
333.443,341
333.468,333
333.493,320
333.518,321
333.543,336
333.568,343
333.593,327
333.618,299
333.643,286
333.668,294
333.693,301
333.718,283
333.743,247
333.768,226
333.793,245
333.818,292
333.843,335
333.868,358
333.893,371
333.918,390
333.943,409
333.968,408
333.993,375
334.018,332
334.043,304
334.068,297
334.093,291
334.118,264
334.143,220
334.168,182
334.193,161
334.218,147
334.243,121
334.268,83
334.293,58
334.318,70
334.343,120
334.368,183
334.393,233
334.418,264
334.443,285
334.468,304
334.493,320
334.518,321
334.543,305
334.568,281
334.593,267
334.618,266
334.643,270
334.668,264
334.693,244
334.718,218
334.743,199
334.768,187
334.793,167
334.818,132
334.843,89
334.868,65
334.893,78
334.918,123
334.943,168
334.968,189
334.993,187
335.018,180
335.043,181
335.068,181
335.093,166
335.118,135
335.143,102
335.168,81
335.193,70
335.218,53
335.243,24
335.268,-5
335.293,-21
335.318,-19
335.343,-10
335.368,5
335.393,39
335.418,107
335.443,204
335.468,299
335.493,360
335.518,376
335.543,355
335.568,317
335.593,279
335.618,253
335.643,256
335.668,301
335.693,393
335.718,522
335.743,675
335.768,829
335.793,952
335.818,1005
335.843,963
335.868,846
335.893,712
335.918,623
335.943,599
335.968,600
335.993,568
336.018,469
336.043,313
336.068,140
336.093,-13
336.118,-129
336.143,-208
336.168,-260
336.193,-294
336.218,-314
336.243,-306
336.268,-259
336.293,-191
336.318,-167
336.343,-254
336.368,-454
336.393,-671
336.418,-759
336.443,-641
336.468,-365
336.493,-70
336.518,125
336.543,210
336.568,249
336.593,303
336.618,372
336.643,414
336.668,412
336.693,408
336.718,468
336.743,625
336.768,848
336.793,1070
336.818,1246
336.843,1387
336.868,1554
336.893,1801
336.918,2133
336.943,2479
336.968,2724
336.993,2759
337.018,2533
337.043,2066
337.068,1427
337.093,707
337.118,4
337.143,-583
337.168,-971
337.193,-1120
337.218,-1055
337.243,-865
337.268,-657
337.293,-515
337.318,-480
337.343,-551
337.368,-698
337.393,-864
337.418,-991
337.443,-1034
337.468,-987
337.493,-878
337.518,-744
337.543,-614
337.568,-501
337.593,-409
337.618,-341
337.643,-293
337.668,-260
337.693,-233
337.718,-208
337.743,-182
337.768,-151
337.793,-113
337.818,-77
337.843,-59
337.868,-63
337.893,-67
337.918,-27
337.943,81
337.968,240
337.993,404
338.018,536
338.043,636
338.068,725
338.093,812
338.118,894
338.143,964
338.168,1033
338.193,1111
338.218,1183
338.243,1215
338.268,1186
338.293,1108
338.318,1018
338.343,936
338.368,856
338.393,767
338.418,679
338.443,616
338.468,583
338.493,555
338.518,500
338.543,413
338.568,319
338.593,237
338.618,167
338.643,96
338.668,24
338.693,-31
338.718,-66
338.743,-96
338.768,-134
338.793,-169
338.818,-171
338.843,-135
338.868,-93
338.893,-91
338.918,-139
338.943,-199
338.968,-231
338.993,-230
339.018,-219
339.043,-217
339.068,-216
339.093,-203
339.118,-180
339.143,-157
339.168,-125
339.193,-53
339.218,66
339.243,201
339.268,302
339.293,351
339.318,383
339.343,435
339.368,508
339.393,575
339.418,626
339.443,697
339.468,821
339.493,973
339.518,1080
339.543,1087
339.568,1015
339.593,931
339.618,875
339.643,821
339.668,727
339.693,595
339.718,482
339.743,441
339.768,457
339.793,465
339.818,404
339.843,264
339.868,84
339.893,-91
339.918,-236
339.943,-347
339.968,-422
339.993,-458
340.018,-445
340.043,-382
340.068,-284
340.093,-198
340.118,-179
340.143,-253
340.168,-372
340.193,-431
340.218,-339
340.243,-92
340.268,220
340.293,484
340.318,633
340.343,676
340.368,652
340.393,595
340.418,523
340.443,455
340.468,415
340.493,421
340.518,467
340.543,534
340.568,607
340.593,676
340.618,731
340.643,759
340.668,762
340.693,753
340.718,741
340.743,711
340.768,631
340.793,501
340.818,365
340.843,282
340.868,259
340.893,234
340.918,128
340.943,-72
340.968,-297
340.993,-447
341.018,-477
341.043,-422
341.068,-351
341.093,-297
341.118,-243
341.143,-157
341.168,-34
341.193,90
341.218,178
341.243,221
341.268,241
341.293,267
341.318,298
341.343,309
341.368,280
341.393,217
341.418,149
341.443,94
341.468,47
341.493,2
341.518,-24
341.543,8
341.568,124
341.593,289
341.618,434
341.643,510
341.668,525
341.693,525
341.718,536
341.743,538
341.768,502
341.793,438
341.818,389
341.843,385
341.868,404
341.893,401
341.918,361
341.943,321
341.968,320
341.993,359
342.018,395
342.043,398
342.068,382
342.093,385
342.118,416
342.143,449
342.168,455
342.193,438
342.218,418
342.243,404
342.268,373
342.293,307
342.318,219
342.343,145
342.368,101
342.393,71
342.418,30
342.443,-19
342.468,-48
342.493,-36
342.518,0
342.543,22
342.568,15
342.593,-4
342.618,-9
342.643,8
342.668,33
342.693,51
342.718,62
342.743,78
342.768,104
342.793,132
342.818,150
342.843,150
342.868,138
342.893,127
342.918,136
342.943,179
342.968,259
342.993,355
343.018,432
343.043,466
343.068,462
343.093,440
343.118,418
343.143,395
343.168,360
343.193,317
343.218,281
343.243,268
343.268,272
343.293,270
343.318,246
343.343,199
343.368,144
343.393,100
343.418,78
343.443,89
343.468,132
343.493,197
343.518,261
343.543,305
343.568,330
343.593,352
343.618,384
343.643,419
343.668,434
343.693,418
343.718,381
343.743,343
343.768,313
343.793,285
343.818,246
343.843,204
343.868,178
343.893,184
343.918,218
343.943,263
343.968,301
343.993,329
344.018,349
344.043,360
344.068,360
344.093,348
344.118,326
344.143,302
344.168,280
344.193,262
344.218,250
344.243,236
344.268,214
344.293,176
344.318,130
344.343,96
344.368,93
344.393,119
344.418,154
344.443,176
344.468,178
344.493,174
344.518,177
344.543,186
344.568,191
344.593,189
344.618,185
344.643,190
344.668,203
344.693,214
344.718,211
344.743,190
344.768,159
344.793,124
344.818,97
344.843,89
344.868,107
344.893,151
344.918,208
344.943,260
344.968,295
344.993,311
345.018,315
345.043,315
345.068,314
345.093,311
345.118,306
345.143,297
345.168,290
345.193,289
345.218,293
345.243,291
345.268,271
345.293,232
345.318,193
345.343,180
345.368,205
345.393,255
345.418,307
345.443,348
345.468,383
345.493,417
345.518,439
345.543,429
345.568,387
345.593,335
345.618,305
345.643,301
345.668,306
345.693,296
345.718,269
345.743,235
345.768,198
345.793,148
345.818,83
345.843,27
345.868,15
345.893,56
345.918,125
345.943,184
345.968,213
345.993,226
346.018,239
346.043,254
346.068,259
346.093,251
346.118,240
346.143,235
346.168,234
346.193,223
346.218,201
346.243,175
346.268,153
346.293,130
346.318,103
346.343,81
346.368,82
346.393,118
346.418,172
346.443,215
346.468,234
346.493,238
346.518,247
346.543,262
346.568,271
346.593,265
346.618,254
346.643,252
346.668,265
346.693,283
346.718,291
346.743,286
346.768,272
346.793,252
346.818,232
346.843,223
346.868,239
346.893,286
346.918,351
346.943,411
346.968,453
346.993,483
347.018,512
347.043,539
347.068,553
347.093,546
347.118,519
347.143,481
347.168,434
347.193,376
347.218,311
347.243,250
347.268,200
347.293,155
347.318,100
347.343,35
347.368,-17
347.393,-32
347.418,-9
347.443,28
347.468,53
347.493,59
347.518,60
347.543,71
347.568,85
347.593,93
347.618,93
347.643,101
347.668,127
347.693,159
347.718,176
347.743,166
347.768,143
347.793,128
347.818,127
347.843,129
347.868,123
347.893,120
347.918,141
347.943,195
347.968,268
347.993,332
348.018,368
348.043,380
348.068,382
348.093,387
348.118,392
348.143,394
348.168,390
348.193,386
348.218,385
348.243,385
348.268,384
348.293,377
348.318,367
348.343,353
348.368,335
348.393,313
348.418,286
348.443,261
348.468,243
348.493,238
348.518,248
348.543,270
348.568,297
348.593,322
348.618,340
348.643,347
348.668,345
348.693,333
348.718,314
348.743,291
348.768,269
348.793,249
348.818,229
348.843,201
348.868,166
348.893,127
348.918,95
348.943,78
348.968,70
348.993,62
349.018,47
349.043,32
349.068,29
349.093,49
349.118,89
349.143,134
349.168,169
349.193,189
349.218,200
349.243,207
349.268,218
349.293,230
349.318,242
349.343,251
349.368,257
349.393,258
349.418,257
349.443,257
349.468,256
349.493,251
349.518,236
349.543,213
349.568,194
349.593,196
349.618,223
349.643,263
349.668,295
349.693,310
349.718,314
349.743,322
349.768,333
349.793,337
349.818,323
349.843,299
349.868,281
349.893,279
349.918,285
349.943,280
349.968,262
349.993,242
350.018,231
350.043,226
350.068,210
350.093,183
350.118,165
350.143,180
350.168,232
350.193,292
350.218,331
350.243,344
350.268,351
350.293,369
350.318,393
350.343,403
350.368,392
350.393,374
350.418,370
350.443,380
350.468,385
350.493,370
350.518,340
350.543,318
350.568,310
350.593,300
350.618,267
350.643,216
350.668,178
350.693,181
350.718,220
350.743,262
350.768,272
350.793,240
350.818,182
350.843,115
350.868,47
350.893,-22
350.918,-89
350.943,-141
350.968,-167
350.993,-167
351.018,-145
351.043,-102
351.068,-40
351.093,32
351.118,98
351.143,145
351.168,178
351.193,217
351.218,277
351.243,354
351.268,427
351.293,479
351.318,507
351.343,516
351.368,511
351.393,492
351.418,462
351.443,433
351.468,418
351.493,416
351.518,414
351.543,400
351.568,376
351.593,355
351.618,343
351.643,325
351.668,286
351.693,227
351.718,172
351.743,147
351.768,155
351.793,178
351.818,194
351.843,196
351.868,189
351.893,178
351.918,166
351.943,155
351.968,153
351.993,166
352.018,192
352.043,214
352.068,219
352.093,204
352.118,177
352.143,152
352.168,132
352.193,120
352.218,124
352.243,148
352.268,190
352.293,236
352.318,272
352.343,292
352.368,302
352.393,310
352.418,316
352.443,315
352.468,308
352.493,298
352.518,291
352.543,288
352.568,282
352.593,272
352.618,256
352.643,235
352.668,211
352.693,189
352.718,176
352.743,180
352.768,203
352.793,235
352.818,261
352.843,271
352.868,265
352.893,249
352.918,231
352.943,216
352.968,208
352.993,211
353.018,221
353.043,231
353.068,234
353.093,225
353.118,206
353.143,180
353.168,154
353.193,138
353.218,144
353.243,176
353.268,229
353.293,290
353.318,344
353.343,380
353.368,392
353.393,381
353.418,354
353.443,326
353.468,308
353.493,305
353.518,312
353.543,317
353.568,312
353.593,295
353.618,263
353.643,217
353.668,164
353.693,122
353.718,109
353.743,131
353.768,172
353.793,211
353.818,234
353.843,246
353.868,254
353.893,258
353.918,252
353.943,236
353.968,222
353.993,224
354.018,238
354.043,248
354.068,243
354.093,227
354.118,205
354.143,181
354.168,148
354.193,114
354.218,98
354.243,122
354.268,181
354.293,245
354.318,288
354.343,309
354.368,328
354.393,356
354.418,380
354.443,381
354.468,358
354.493,332
354.518,324
354.543,330
354.568,330
354.593,309
354.618,276
354.643,244
354.668,219
354.693,193
354.718,165
354.743,147
354.768,154
354.793,186
354.818,223
354.843,245
354.868,249
354.893,242
354.918,232
354.943,217
354.968,202
354.993,193
355.018,199
355.043,213
355.068,217
355.093,202
355.118,175
355.143,153
355.168,143
355.193,137
355.218,125
355.243,113
355.268,116
355.293,143
355.318,184
355.343,220
355.368,243
355.393,263
355.418,285
355.443,308
355.468,322
355.493,324
355.518,323
355.543,325
355.568,327
355.593,320
355.618,299
355.643,274
355.668,254
355.693,236
355.718,213
355.743,186
355.768,171
355.793,182
355.818,215
355.843,254
355.868,281
355.893,291
355.918,293
355.943,290
355.968,280
355.993,261
356.018,245
356.043,242
356.068,254
356.093,265
356.118,259
356.143,237
356.168,218
356.193,214
356.218,222
356.243,224
356.268,210
356.293,190
356.318,184
356.343,204
356.368,241
356.393,277
356.418,301
356.443,311
356.468,311
356.493,303
356.518,286
356.543,261
356.568,235
356.593,218
356.618,216
356.643,225
356.668,233
356.693,229
356.718,214
356.743,200
356.768,197
356.793,206
356.818,212
356.843,204
356.868,183
356.893,168
356.918,177
356.943,209
356.968,246
356.993,269
357.018,275
357.043,277
357.068,283
357.093,291
357.118,288
357.143,274
357.168,258
357.193,254
357.218,260
357.243,264
357.268,257
357.293,245
357.318,240
357.343,244
357.368,244
357.393,228
357.418,198
357.443,172
357.468,170
357.493,192
357.518,228
357.543,260
357.568,283
357.593,298
357.618,305
357.643,305
357.668,297
357.693,288
357.718,285
357.743,284
357.768,279
357.793,266
357.818,248
357.843,236
357.868,231
357.893,230
357.918,223
357.943,207
357.968,188
357.993,178
358.018,184
358.043,203
358.068,228
358.093,251
358.118,268
358.143,278
358.168,279
358.193,270
358.218,255
358.243,240
358.268,232
358.293,230
358.318,228
358.343,220
358.368,204
358.393,187
358.418,175
358.443,164
358.468,148
358.493,127
358.518,110
358.543,111
358.568,130
358.593,158
358.618,181
358.643,198
358.668,218
358.693,244
358.718,268
358.743,278
358.768,273
358.793,268
358.818,278
358.843,298
358.868,311
358.893,308
358.918,297
358.943,295
358.968,303
358.993,307
359.018,291
359.043,263
359.068,249
359.093,264
359.118,297
359.143,321
359.168,322
359.193,306
359.218,291
359.243,285
359.268,283
359.293,280
359.318,277
359.343,276
359.368,275
359.393,271
359.418,268
359.443,274
359.468,289
359.493,296
359.518,277
359.543,238
359.568,208
359.593,213
359.618,251
359.643,292
359.668,308
359.693,296
359.718,272
359.743,254
359.768,238
359.793,219
359.818,194
359.843,171
359.868,154
359.893,140
359.918,121
359.943,100
359.968,82
359.993,67
360.018,51
360.043,29
360.068,11
360.093,14
360.118,45
360.143,93
360.168,142
360.193,180
360.218,207
360.243,226
360.268,236
360.293,241
360.318,250
360.343,270
360.368,304
360.393,337
360.418,351
360.443,336
360.468,295
360.493,241
360.518,188
360.543,148
360.568,132
360.593,143
360.618,172
360.643,205
360.668,226
360.693,234
360.718,236
360.743,238
360.768,242
360.793,244
360.818,243
360.843,240
360.868,234
360.893,226
360.918,216
360.943,208
360.968,204
360.993,205
361.018,210
361.043,219
361.068,241
361.093,281
361.118,336
361.143,398
361.168,452
361.193,493
361.218,522
361.243,550
361.268,581
361.293,618
361.318,652
361.343,675
361.368,685
361.393,683
361.418,671
361.443,644
361.468,588
361.493,496
361.518,384
361.543,287
361.568,240
361.593,250
361.618,297
361.643,350
361.668,387
361.693,402
361.718,391
361.743,346
361.768,268
361.793,167
361.818,66
361.843,-21
361.868,-100
361.893,-176
361.918,-247
361.943,-298
361.968,-321
361.993,-322
362.018,-314
362.043,-297
362.068,-261
362.093,-196
362.118,-115
362.143,-40
362.168,14
362.193,53
362.218,88
362.243,122
362.268,145
362.293,155
362.318,163
362.343,182
362.368,216
362.393,251
362.418,275
362.443,285
362.468,289
362.493,290
362.518,285
362.543,273
362.568,267
362.593,287
362.618,343
362.643,419
362.668,485
362.693,515
362.718,505
362.743,475
362.768,447
362.793,432
362.818,425
362.843,416
362.868,394
362.893,363
362.918,333
362.943,308
362.968,284
362.993,252
363.018,209
363.043,165
363.068,136
363.093,128
363.118,132
363.143,135
363.168,129
363.193,121
363.218,117
363.243,122
363.268,132
363.293,145
363.318,161
363.343,180
363.368,197
363.393,213
363.418,230
363.443,253
363.468,279
363.493,296
363.518,293
363.543,274
363.568,259
363.593,268
363.618,300
363.643,341
363.668,374
363.693,396
363.718,410
363.743,418
363.768,415
363.793,401
363.818,384
363.843,371
363.868,363
363.893,349
363.918,321
363.943,285
363.968,254
363.993,233
364.018,212
364.043,181
364.068,146
364.093,127
364.118,136
364.143,168
364.168,201
364.193,220
364.218,228
364.243,237
364.268,251
364.293,261
364.318,261
364.343,257
364.368,257
364.393,265
364.418,270
364.443,262
364.468,246
364.493,234
364.518,235
364.543,239
364.568,231
364.593,209
364.618,191
364.643,196
364.668,226
364.693,261
364.718,279
364.743,277
364.768,269
364.793,261
364.818,249
364.843,226
364.868,194
364.893,170
364.918,166
364.943,178
364.968,187
364.993,183
365.018,169
365.043,159
365.068,157
365.093,155
365.118,148
365.143,143
365.168,152
365.193,182
365.218,224
365.243,267
365.268,303
365.293,335
365.318,365
365.343,388
365.368,401
365.393,404
365.418,405
365.443,404
365.468,392
365.493,357
365.518,302
365.543,241
365.568,191
365.593,156
365.618,125
365.643,92
365.668,63
365.693,54
365.718,73
365.743,114
365.768,157
365.793,191
365.818,214
365.843,230
365.868,241
365.893,245
365.918,245
365.943,249
365.968,265
365.993,290
366.018,311
366.043,314
366.068,299
366.093,276
366.118,260
366.143,254
366.168,251
366.193,244
366.218,233
366.243,230
366.268,241
366.293,265
366.318,291
366.343,313
366.368,330
366.393,345
366.418,358
366.443,363
366.468,351
366.493,321
366.518,283
366.543,245
366.568,210
366.593,176
366.618,142
366.643,114
366.668,95
366.693,80
366.718,60
366.743,36
366.768,20
366.793,28
366.818,61
366.843,105
366.868,138
366.893,153
366.918,157
366.943,161
366.968,167
366.993,170
367.018,166
367.043,161
367.068,161
367.093,167
367.118,177
367.143,189
367.168,208
367.193,243
367.218,287
367.243,330
367.268,359
367.293,373
367.318,383
367.343,396
367.368,414
367.393,432
367.418,445
367.443,450
367.468,446
367.493,431
367.518,407
367.543,378
367.568,350
367.593,324
367.618,299
367.643,280
367.668,273
367.693,274
367.718,274
367.743,256
367.768,221
367.793,187
367.818,178
367.843,200
367.868,239
367.893,275
367.918,295
367.943,301
367.968,296
367.993,281
368.018,258
368.043,232
368.068,214
368.093,205
368.118,197
368.143,182
368.168,165
368.193,155
368.218,153
368.243,149
368.268,137
368.293,125
368.318,135
368.343,175
368.368,229
368.393,267
368.418,277
368.443,269
368.468,258
368.493,252
368.518,242
368.543,228
368.568,221
368.593,234
368.618,259
368.643,273
368.668,261
368.693,231
368.718,205
368.743,193
368.768,185
368.793,167
368.818,140
368.843,123
368.868,129
368.893,156
368.918,188
368.943,215
368.968,237
368.993,256
369.018,268
369.043,271
369.068,267
369.093,266
369.118,272
369.143,277
369.168,271
369.193,257
369.218,245
369.243,244
369.268,246
369.293,237
369.318,219
369.343,205
369.368,212
369.393,241
369.418,282
369.443,321
369.468,355
369.493,386
369.518,410
369.543,418
369.568,406
369.593,379
369.618,353
369.643,335
369.668,328
369.693,323
369.718,313
369.743,287
369.768,236
369.793,156
369.818,59
369.843,-29
369.868,-89
369.893,-113
369.918,-105
369.943,-75
369.968,-27
369.993,28
370.018,80
370.043,119
370.068,144
370.093,171
370.118,211
370.143,260
370.168,302
370.193,326
370.218,339
370.243,351
370.268,369
370.293,381
370.318,376
370.343,358
370.368,345
370.393,351
370.418,379
370.443,413
370.468,435
370.493,436
370.518,421
370.543,399
370.568,380
370.593,369
370.618,360
370.643,348
370.668,332
370.693,314
370.718,298
370.743,280
370.768,252
370.793,212
370.818,170
370.843,142
370.868,137
370.893,146
370.918,156
370.943,160
370.968,164
370.993,169
371.018,173
371.043,170
371.068,161
371.093,154
371.118,154
371.143,160
371.168,164
371.193,165
371.218,167
371.243,170
371.268,168
371.293,157
371.318,142
371.343,138
371.368,157
371.393,192
371.418,229
371.443,257
371.468,278
371.493,296
371.518,307
371.543,304
371.568,285
371.593,263
371.618,250
371.643,247
371.668,245
371.693,236
371.718,218
371.743,194
371.768,165
371.793,129
371.818,92
371.843,69
371.868,72
371.893,101
371.918,145
371.943,187
371.968,219
371.993,247
372.018,283
372.043,339
372.068,418
372.093,507
372.118,578
372.143,600
372.168,560
372.193,474
372.218,377
372.243,294
372.268,234
372.293,190
372.318,158
372.343,140
372.368,139
372.393,148
372.418,159
372.443,166
372.468,169
372.493,167
372.518,157
372.543,140
372.568,126
372.593,128
372.618,147
372.643,169
372.668,179
372.693,175
372.718,172
372.743,182
372.768,203
372.793,227
372.818,249
372.843,272
372.868,302
372.893,334
372.918,355
372.943,360
372.968,358
372.993,361
373.018,371
373.043,381
373.068,382
373.093,376
373.118,370
373.143,369
373.168,364
373.193,345
373.218,309
373.243,265
373.268,228
373.293,212
373.318,220
373.343,248
373.368,281
373.393,305
373.418,312
373.443,300
373.468,276
373.493,247
373.518,218
373.543,196
373.568,187
373.593,198
373.618,224
373.643,245
373.668,240
373.693,201
373.718,143
373.743,97
373.768,83
373.793,103
373.818,144
373.843,185
373.868,214
373.893,226
373.918,223
373.943,206
373.968,181
373.993,157
374.018,143
374.043,142
374.068,146
374.093,145
374.118,135
374.143,119
374.168,104
374.193,92
374.218,81
374.243,70
374.268,65
374.293,73
374.318,96
374.343,131
374.368,165
374.393,191
374.418,204
374.443,207
374.468,210
374.493,221
374.518,243
374.543,269
374.568,286
374.593,285
374.618,267
374.643,242
374.668,221
374.693,205
374.718,195
374.743,197
374.768,217
374.793,257
374.818,310
374.843,361
374.868,405
374.893,443
374.918,480
374.943,514
374.968,541
374.993,566
375.018,597
375.043,637
375.068,676
375.093,698
375.118,702
375.143,704
375.168,718
375.193,735
375.218,725
375.243,666
375.268,575
375.293,489
375.318,433
375.343,395
375.368,335
375.393,229
375.418,87
375.443,-54
375.468,-164
375.493,-232
375.518,-266
375.543,-277
375.568,-270
375.593,-251
375.618,-231
375.643,-219
375.668,-217
375.693,-222
375.718,-224
375.743,-213
375.768,-183
375.793,-135
375.818,-77
375.843,-18
375.868,37
375.893,93
375.918,155
375.943,220
375.968,278
375.993,317
376.018,334
376.043,338
376.068,339
376.093,346
376.118,356
376.143,365
376.168,368
376.193,358
376.218,332
376.243,295
376.268,264
376.293,254
376.318,266
376.343,288
376.368,304
376.393,309
376.418,311
376.443,322
376.468,343
376.493,363
376.518,375
376.543,376
376.568,369
376.593,359
376.618,346
376.643,336
376.668,333
376.693,339
376.718,344
376.743,338
376.768,322
376.793,308
376.818,307
376.843,322
376.868,345
376.893,367
376.918,384
376.943,393
376.968,389
376.993,368
377.018,334
377.043,299
377.068,270
377.093,248
377.118,222
377.143,191
377.168,160
377.193,136
377.218,118
377.243,103
377.268,88
377.293,78
377.318,75
377.343,75
377.368,76
377.393,87
377.418,120
377.443,177
377.468,235
377.493,270
377.518,278
377.543,284
377.568,310
377.593,348
377.618,366
377.643,347
377.668,310
377.693,288
377.718,293
377.743,301
377.768,280
377.793,231
377.818,188
377.843,181
377.868,206
377.893,231
377.918,236
377.943,228
377.968,224
377.993,231
378.018,236
378.043,230
378.068,220
378.093,220
378.118,231
378.143,238
378.168,227
378.193,203
378.218,180
378.243,166
378.268,161
378.293,159
378.318,160
378.343,165
378.368,174
378.393,180
378.418,182
378.443,182
378.468,186
378.493,188
378.518,182
378.543,167
378.568,152
378.593,143
378.618,139
378.643,130
378.668,115
378.693,103
378.718,103
378.743,110
378.768,109
378.793,97
378.818,89
378.843,103
378.868,146
378.893,203
378.918,256
378.943,301
378.968,343
378.993,389
379.018,433
379.043,468
379.068,495
379.093,522
379.118,562
379.143,621
379.168,704
379.193,819
379.218,965
379.243,1126
379.268,1262
379.293,1315
379.318,1237
379.343,1020
379.368,701
379.393,357
379.418,71
379.443,-110
379.468,-195
379.493,-228
379.518,-250
379.543,-269
379.568,-272
379.593,-251
379.618,-224
379.643,-213
379.668,-223
379.693,-233
379.718,-222
379.743,-193
379.768,-168
379.793,-164
379.818,-174
379.843,-172
379.868,-146
379.893,-103
379.918,-61
379.943,-24
379.968,10
379.993,50
380.018,90
380.043,121
380.068,142
380.093,163
380.118,195
380.143,240
380.168,293
380.193,344
380.218,385
380.243,409
380.268,417
380.293,418
380.318,424
380.343,445
380.368,474
380.393,502
380.418,525
380.443,546
380.468,565
380.493,570
380.518,550
380.543,511
380.568,475
380.593,463
380.618,469
380.643,470
380.668,444
380.693,394
380.718,339
380.743,290
380.768,245
380.793,202
380.818,169
380.843,158
380.868,170
380.893,188
380.918,197
380.943,197
380.968,198
380.993,203
381.018,200
381.043,176
381.068,138
381.093,107
381.118,96
381.143,97
381.168,95
381.193,86
381.218,83
381.243,95
381.268,114
381.293,125
381.318,124
381.343,121
381.368,132
381.393,156
381.418,178
381.443,190
381.468,192
381.493,190
381.518,186
381.543,179
381.568,180
381.593,210
381.618,273
381.643,349
381.668,401
381.693,407
381.718,383
381.743,364
381.768,369
381.793,386
381.818,388
381.843,363
381.868,328
381.893,305
381.918,304
381.943,314
381.968,315
381.993,300
382.018,278
382.043,261
382.068,257
382.093,261
382.118,259
382.143,244
382.168,221
382.193,200
382.218,192
382.243,193
382.268,190
382.293,174
382.318,149
382.343,130
382.368,129
382.393,149
382.418,181
382.443,218
382.468,261
382.493,312
382.518,367
382.543,408
382.568,420
382.593,396
382.618,345
382.643,281
382.668,220
382.693,170
382.718,134
382.743,106
382.768,82
382.793,64
382.818,58
382.843,74
382.868,111
382.893,161
382.918,208
382.943,244
382.968,270
382.993,291
383.018,308
383.043,320
383.068,325
383.093,326
383.118,329
383.143,334
383.168,337
383.193,335
383.218,326
383.243,313
383.268,296
383.293,277
383.318,262
383.343,257
383.368,261
383.393,268
383.418,266
383.443,251
383.468,231
383.493,218
383.518,218
383.543,224
383.568,221
383.593,204
383.618,174
383.643,143
383.668,121
383.693,112
383.718,116
383.743,134
383.768,165
383.793,209
383.818,258
383.843,301
383.868,328
383.893,334
383.918,320
383.943,293
383.968,254
383.993,206
384.018,156
384.043,116
384.068,95
384.093,87
384.118,81
384.143,68
384.168,58
384.193,70
384.218,115
384.243,178
384.268,232
384.293,260
384.318,265
384.343,266
384.368,274
384.393,287
384.418,299
384.443,310
384.468,324
384.493,339
384.518,349
384.543,346
384.568,331
384.593,309
384.618,284
384.643,255
384.668,225
384.693,206
384.718,206
384.743,225
384.768,248
384.793,268
384.818,285
384.843,304
384.868,321
384.893,325
384.918,311
384.943,292
384.968,284
384.993,286
385.018,280
385.043,247
385.068,195
385.093,154
385.118,148
385.143,176
385.168,221
385.193,265
385.218,305
385.243,342
385.268,372
385.293,384
385.318,378
385.343,363
385.368,348
385.393,336
385.418,321
385.443,306
385.468,297
385.493,292
385.518,282
385.543,255
385.568,218
385.593,192
385.618,193
385.643,213
385.668,227
385.693,220
385.718,202
385.743,194
385.768,203
385.793,217
385.818,219
385.843,205
385.868,190
385.893,181
385.918,172
385.943,147
385.968,100
385.993,45
386.018,3
386.043,-12
386.068,-7
386.093,8
386.118,35
386.143,78
386.168,139
386.193,205
386.218,255
386.243,272
386.268,257
386.293,229
386.318,209
386.343,204
386.368,209
386.393,211
386.418,201
386.443,181
386.468,154
386.493,124
386.518,100
386.543,93
386.568,113
386.593,160
386.618,220
386.643,274
386.668,313
386.693,344
386.718,375
386.743,411
386.768,444
386.793,468
386.818,483
386.843,493
386.868,499
386.893,500
386.918,498
386.943,495
386.968,494
386.993,495
387.018,499
387.043,515
387.068,555
387.093,619
387.118,688
387.143,728
387.168,709
387.193,626
387.218,496
387.243,348
387.268,207
387.293,90
387.318,11
387.343,-25
387.368,-28
387.393,-15
387.418,-3
387.443,4
387.468,12
387.493,23
387.518,25
387.543,8
387.568,-23
387.593,-47
387.618,-35
387.643,18
387.668,90
387.693,148
387.718,176
387.743,180
387.768,178
387.793,182
387.818,184
387.843,179
387.868,169
387.893,168
387.918,182
387.943,202
387.968,207
387.993,188
388.018,153
388.043,121
388.068,108
388.093,111
388.118,123
388.143,136
388.168,149
388.193,159
388.218,164
388.243,165
388.268,173
388.293,200
388.318,246
388.343,296
388.368,328
388.393,335
388.418,326
388.443,313
388.468,298
388.493,276
388.518,245
388.543,215
388.568,205
388.593,221
388.618,257
388.643,301
388.668,340
388.693,366
388.718,376
388.743,371
388.768,358
388.793,351
388.818,354
388.843,361
388.868,361
388.893,352
388.918,341
388.943,340
388.968,348
388.993,361
389.018,370
389.043,376
389.068,378
389.093,372
389.118,352
389.143,320
389.168,288
389.193,266
389.218,254
389.243,239
389.268,214
389.293,185
389.318,161
389.343,149
389.368,142
389.393,134
389.418,126
389.443,125
389.468,134
389.493,140
389.518,133
389.543,114
389.568,102
389.593,112
389.618,145
389.643,184
389.668,210
389.693,223
389.718,235
389.743,256
389.768,287
389.793,315
389.818,330
389.843,331
389.868,327
389.893,326
389.918,330
389.943,335
389.968,338
389.993,337
390.018,334
390.043,325
390.068,308
390.093,285
390.118,265
390.143,262
390.168,280
390.193,310
390.218,335
390.243,343
390.268,335
390.293,313
390.318,283
390.343,249
390.368,214
390.393,183
390.418,161
390.443,143
390.468,127
390.493,109
390.518,94
390.543,82
390.568,72
390.593,60
390.618,51
390.643,54
390.668,77
390.693,112
390.718,144
390.743,162
390.768,167
390.793,164
390.818,157
390.843,147
390.868,139
390.893,143
390.918,166
390.943,205
390.968,250
390.993,291
391.018,328
391.043,361
391.068,384
391.093,384
391.118,362
391.143,336
391.168,332
391.193,363
391.218,414
391.243,461
391.268,487
391.293,494
391.318,492
391.343,486
391.368,475
391.393,459
391.418,438
391.443,411
391.468,376
391.493,330
391.518,278
391.543,231
391.568,192
391.593,158
391.618,121
391.643,85
391.668,62
391.693,63
391.718,84
391.743,112
391.768,133
391.793,142
391.818,144
391.843,142
391.868,133
391.893,114
391.918,91
391.943,77
391.968,81
391.993,99
392.018,116
392.043,119
392.068,107
392.093,88
392.118,76
392.143,82
392.168,102
392.193,132
392.218,163
392.243,193
392.268,218
392.293,234
392.318,240
392.343,236
392.368,230
392.393,227
392.418,234
392.443,253
392.468,283
392.493,322
392.518,360
392.543,384
392.568,383
392.593,358
392.618,325
392.643,306
392.668,314
392.693,343
392.718,374
392.743,392
392.768,391
392.793,380
392.818,366
392.843,355
392.868,349
392.893,348
392.918,354
392.943,363
392.968,367
392.993,361
393.018,348
393.043,334
393.068,325
393.093,324
393.118,328
393.143,332
393.168,335
393.193,330
393.218,309
393.243,268
393.268,212
393.293,155
393.318,110
393.343,84
393.368,72
393.393,68
393.418,66
393.443,68
393.468,70
393.493,67
393.518,51
393.543,31
393.568,24
393.593,45
393.618,97
393.643,161
393.668,213
393.693,245
393.718,265
393.743,284
393.768,304
393.793,317
393.818,316
393.843,304
393.868,295
393.893,295
393.918,298
393.943,289
393.968,263
393.993,229
394.018,204
394.043,196
394.068,203
394.093,223
394.118,254
394.143,290
394.168,321
394.193,330
394.218,312
394.243,280
394.268,254
394.293,247
394.318,251
394.343,252
394.368,243
394.393,228
394.418,217
394.443,211
394.468,203
394.493,188
394.518,173
394.543,173
394.568,193
394.593,228
394.618,264
394.643,293
394.668,312
394.693,323
394.718,328
394.743,328
394.768,324
394.793,318
394.818,308
394.843,294
394.868,277
394.893,259
394.918,242
394.943,222
394.968,200
394.993,178
395.018,162
395.043,158
395.068,168
395.093,188
395.118,209
395.143,222
395.168,223
395.193,210
395.218,189
395.243,168
395.268,155
395.293,146
395.318,131
395.343,105
395.368,74
395.393,51
395.418,42
395.443,38
395.468,26
395.493,4
395.518,-9
395.543,1
395.568,38
395.593,82
395.618,113
395.643,130
395.668,142
395.693,164
395.718,195
395.743,233
395.768,280
395.793,344
395.818,424
395.843,502
395.868,551
395.893,563
395.918,552
395.943,543
395.968,548
395.993,561
396.018,563
396.043,550
396.068,534
396.093,528
396.118,537
396.143,548
396.168,552
396.193,547
396.218,542
396.243,539
396.268,536
396.293,529
396.318,520
396.343,515
396.368,506
396.393,476
396.418,409
396.443,311
396.468,209
396.493,130
396.518,86
396.543,60
396.568,28
396.593,-20
396.618,-77
396.643,-126
396.668,-153
396.693,-157
396.718,-145
396.743,-124
396.768,-99
396.793,-74
396.818,-52
396.843,-33
396.868,-16
396.893,-1
396.918,11
396.943,23
396.968,39
396.993,67
397.018,109
397.043,162
397.068,216
397.093,261
397.118,291
397.143,301
397.168,294
397.193,278
397.218,259
397.243,244
397.268,235
397.293,229
397.318,224
397.343,217
397.368,209
397.393,199
397.418,191
397.443,189
397.468,200
397.493,222
397.518,253
397.543,284
397.568,311
397.593,329
397.618,339
397.643,342
397.668,346
397.693,357
397.718,375
397.743,391
397.768,389
397.793,361
397.818,315
397.843,274
397.868,253
397.893,253
397.918,260
397.943,265
397.968,268
397.993,277
398.018,294
398.043,311
398.068,320
398.093,322
398.118,324
398.143,330
398.168,335
398.193,332
398.218,321
398.243,306
398.268,288
398.293,262
398.318,224
398.343,178
398.368,143
398.393,131
398.418,147
398.443,179
398.468,213
398.493,240
398.518,260
398.543,273
398.568,281
398.593,284
398.618,283
398.643,280
398.668,275
398.693,268
398.718,261
398.743,259
398.768,261
398.793,262
398.818,255
398.843,238
398.868,220
398.893,210
398.918,212
398.943,224
398.968,242
398.993,261
399.018,274
399.043,274
399.068,260
399.093,237
399.118,214
399.143,199
399.168,188
399.193,174
399.218,155
399.243,139
399.268,134
399.293,137
399.318,137
399.343,126
399.368,112
399.393,111
399.418,131
399.443,166
399.468,204
399.493,235
399.518,258
399.543,271
399.568,275
399.593,270
399.618,263
399.643,263
399.668,272
399.693,282
399.718,285
399.743,280
399.768,274
399.793,271
399.818,267
399.843,259
399.868,253
399.893,258
399.918,280
399.943,310
399.968,337
399.993,354
400.018,364
400.043,370
400.068,373
400.093,367
400.118,355
400.143,344
400.168,337
400.193,327
400.218,304
400.243,267
400.268,227
400.293,193
400.318,166
400.343,142
400.368,119
400.393,105
400.418,102
400.443,111
400.468,123
400.493,137
400.518,151
400.543,161
400.568,159
400.593,138
400.618,106
400.643,77
400.668,61
400.693,53
400.718,44
400.743,32
400.768,23
400.793,20
400.818,22
400.843,27
400.868,47
400.893,92
400.918,164
400.943,245
400.968,310
400.993,354
401.018,391
401.043,436
401.068,489
401.093,537
401.118,576
401.143,609
401.168,641
401.193,661
401.218,657
401.243,628
401.268,593
401.293,564
401.318,530
401.343,472
401.368,388
401.393,310
401.418,273
401.443,285
401.468,315
401.493,324
401.518,302
401.543,267
401.568,239
401.593,220
401.618,203
401.643,187
401.668,180
401.693,181
401.718,172
401.743,140
401.768,90
401.793,44
401.818,20
401.843,10
401.868,-3
401.893,-26
401.918,-40
401.943,-24
401.968,25
401.993,86
402.018,132
402.043,157
402.068,171
402.093,188
402.118,211
402.143,230
402.168,234
402.193,223
402.218,205
402.243,188
402.268,175
402.293,159
402.318,132
402.343,94
402.368,56
402.393,37
402.418,45
402.443,74
402.468,108
402.493,136
402.518,157
402.543,174
402.568,188
402.593,194
402.618,192
402.643,187
402.668,183
402.693,181
402.718,178
402.743,174
402.768,172
402.793,172
402.818,168
402.843,158
402.868,153
402.893,167
402.918,208
402.943,263
402.968,311
402.993,344
403.018,370
403.043,404
403.068,441
403.093,470
403.118,484
403.143,496
403.168,527
403.193,577
403.218,629
403.243,668
403.268,697
403.293,731
403.318,771
403.343,801
403.368,804
403.393,787
403.418,775
403.443,784
403.468,797
403.493,775
403.518,687
403.543,543
403.568,380
403.593,234
403.618,125
403.643,50
403.668,5
403.693,-20
403.718,-37
403.743,-62
403.768,-108
403.793,-173
403.818,-240
403.843,-286
403.868,-298
403.893,-275
403.918,-226
403.943,-169
403.968,-118
403.993,-86
404.018,-69
404.043,-58
404.068,-43
404.093,-23
404.118,-5
404.143,5
404.168,13
404.193,24
404.218,39
404.243,45
404.268,33
404.293,6
404.318,-14
404.343,-14
404.368,9
404.393,43
404.418,74
404.443,104
404.468,144
404.493,199
404.518,256
404.543,298
404.568,317
404.593,324
404.618,340
404.643,372
404.668,411
404.693,442
404.718,459
404.743,470
404.768,485
404.793,508
404.818,533
404.843,555
404.868,577
404.893,610
404.918,655
404.943,695
404.968,709
404.993,685
405.018,632
405.043,571
405.068,518
405.093,477
405.118,443
405.143,412
405.168,389
405.193,376
405.218,374
405.243,373
405.268,370
405.293,364
405.318,360
405.343,362
405.368,373
405.393,394
405.418,413
405.443,405
405.468,338
405.493,201
405.518,20
405.543,-149
405.568,-261
405.593,-311
405.618,-332
405.643,-356
405.668,-389
405.693,-410
405.718,-411
405.743,-402
405.768,-400
405.793,-403
405.818,-392
405.843,-355
405.868,-304
405.893,-258
405.918,-212
405.943,-124
405.968,44
405.993,289
406.018,555
406.043,775
406.068,912
406.093,974
406.118,993
406.143,994
406.168,990
406.193,983
406.218,966
406.243,929
406.268,866
406.293,787
406.318,718
406.343,681
406.368,673
406.393,666
406.418,627
406.443,549
406.468,451
406.493,357
406.518,280
406.543,214
406.568,153
406.593,96
406.618,49
406.643,15
406.668,-8
406.693,-26
406.718,-41
406.743,-53
406.768,-60
406.793,-58
406.818,-46
406.843,-25
406.868,-4
406.893,8
406.918,13
406.943,13
406.968,12
406.993,9
407.018,5
407.043,5
407.068,15
407.093,39
407.118,66
407.143,82
407.168,85
407.193,81
407.218,79
407.243,84
407.268,95
407.293,115
407.318,147
407.343,192
407.368,239
407.393,273
407.418,287
407.443,285
407.468,275
407.493,252
407.518,209
407.543,149
407.568,85
407.593,36
407.618,11
407.643,9
407.668,21
407.693,45
407.718,78
407.743,111
407.768,132
407.793,138
407.818,137
407.843,146
407.868,181
407.893,247
407.918,336
407.943,422
407.968,474
407.993,477
408.018,448
408.043,431
408.068,467
408.093,556
408.118,658
408.143,727
408.168,749
408.193,741
408.218,725
408.243,706
408.268,678
408.293,650
408.318,652
408.343,704
408.368,792
408.393,870
408.418,898
408.443,868
408.468,799
408.493,709
408.518,600
408.543,466
408.568,307
408.593,125
408.618,-72
408.643,-272
408.668,-446
408.693,-556
408.718,-587
408.743,-560
408.768,-513
408.793,-462
408.818,-384
408.843,-247
408.868,-57
408.893,128
408.918,253
408.943,301
408.968,307
408.993,310
409.018,317
409.043,306
409.068,266
409.093,219
409.118,191
409.143,185
409.168,174
409.193,137
409.218,91
409.243,74
409.268,106
409.293,169
409.318,228
409.343,263
409.368,288
409.393,318
409.418,349
409.443,361
409.468,342
409.493,312
409.518,298
409.543,307
409.568,318
409.593,305
409.618,267
409.643,224
409.668,196
409.693,187
409.718,184
409.743,183
409.768,191
409.793,218
409.818,261
409.843,304
409.868,330
409.893,336
409.918,325
409.943,307
409.968,291
409.993,284
410.018,289
410.043,299
410.068,300
410.093,282
410.118,252
410.143,224
410.168,202
410.193,179
410.218,147
410.243,112
410.268,96
410.293,111
410.318,150
410.343,191
410.368,218
410.393,235
410.418,253
410.443,272
410.468,284
410.493,286
410.518,286
410.543,296
410.568,312
410.593,322
410.618,314
410.643,296
410.668,278
410.693,266
410.718,252
410.743,233
410.768,221
410.793,227
410.818,252
410.843,284
410.868,305
410.893,313
410.918,313
410.943,311
410.968,304
410.993,290
411.018,273
411.043,263
411.068,259
411.093,257
411.118,251
411.143,241
411.168,229
411.193,211
411.218,183
411.243,151
411.268,135
411.293,148
411.318,186
411.343,225
411.368,249
411.393,256
411.418,260
411.443,267
411.468,272
411.493,265
411.518,253
411.543,246
411.568,247
411.593,248
411.618,238
411.643,219
411.668,203
411.693,190
411.718,172
411.743,145
411.768,120
411.793,117
411.818,145
411.843,188
411.868,222
411.893,238
411.918,247
411.943,262
411.968,280
411.993,288
412.018,284
412.043,276
412.068,276
412.093,282
412.118,281
412.143,266
412.168,248
412.193,239
412.218,236
412.243,224
412.268,191
412.293,149
412.318,125
412.343,133
412.368,165
412.393,201
412.418,226
412.443,244
412.468,261
412.493,274
412.518,272
412.543,250
412.568,219
412.593,196
412.618,188
412.643,183
412.668,166
412.693,137
412.718,105
412.743,83
412.768,70
412.793,55
412.818,34
412.843,19
412.868,29
412.893,69
412.918,126
412.943,180
412.968,224
412.993,267
413.018,319
413.043,374
413.068,412
413.093,422
413.118,414
413.143,414
413.168,437
413.193,472
413.218,498
413.243,509
413.268,520
413.293,548
413.318,590
413.343,631
413.368,659
413.393,689
413.418,744
413.443,830
413.468,922
413.493,986
413.518,1007
413.543,989
413.568,943
413.593,861
413.618,730
413.643,552
413.668,356
413.693,181
413.718,45
413.743,-63
413.768,-166
413.793,-268
413.818,-356
413.843,-422
413.868,-474
413.893,-526
413.918,-579
413.943,-613
413.968,-601
413.993,-542
414.018,-460
414.043,-384
414.068,-319
414.093,-248
414.118,-149
414.143,-25
414.168,96
414.193,182
414.218,227
414.243,251
414.268,283
414.293,331
414.318,369
414.343,363
414.368,301
414.393,210
414.418,128
414.443,75
414.468,33
414.493,-23
414.518,-102
414.543,-175
414.568,-205
414.593,-184
414.618,-139
414.643,-101
414.668,-79
414.693,-62
414.718,-39
414.743,-15
414.768,4
414.793,37
414.818,115
414.843,257
414.868,440
414.893,613
414.918,739
414.943,822
414.968,885
414.993,941
415.018,972
415.043,956
415.068,902
415.093,851
415.118,839
415.143,869
415.168,910
415.193,939
415.218,951
415.243,959
415.268,967
415.293,967
415.318,953
415.343,933
415.368,914
415.393,887
415.418,824
415.443,709
415.468,560
415.493,412
415.518,288
415.543,175
415.568,49
415.593,-92
415.618,-221
415.643,-302
415.668,-336
415.693,-350
415.718,-368
415.743,-383
415.768,-370
415.793,-324
415.818,-278
415.843,-269
415.868,-303
415.893,-347
415.918,-361
415.943,-338
415.968,-301
415.993,-274
416.018,-253
416.043,-220
416.068,-166
416.093,-104
416.118,-50
416.143,-2
416.168,53
416.193,129
416.218,216
416.243,302
416.268,383
416.293,465
416.318,539
416.343,578
416.368,562
416.393,500
416.418,434
416.443,395
416.468,383
416.493,363
416.518,314
416.543,244
416.568,187
416.593,159
416.618,153
416.643,153
416.668,159
416.693,189
416.718,254
416.743,337
416.768,412
416.793,463
416.818,498
416.843,529
416.868,555
416.893,566
416.918,554
416.943,525
416.968,488
416.993,446
417.018,395
417.043,340
417.068,294
417.093,268
417.118,260
417.143,251
417.168,234
417.193,216
417.218,215
417.243,237
417.268,269
417.293,293
417.318,301
417.343,299
417.368,293
417.393,279
417.418,255
417.443,227
417.468,208
417.493,206
417.518,214
417.543,217
417.568,210
417.593,203
417.618,206
417.643,216
417.668,221
417.693,214
417.718,202
417.743,200
417.768,212
417.793,229
417.818,242
417.843,250
417.868,261
417.893,275
417.918,284
417.943,279
417.968,263
417.993,247
418.018,239
418.043,235
418.068,235
418.093,249
418.118,291
418.143,356
418.168,411
418.193,414
418.218,348
418.243,238
418.268,131
418.293,53
418.318,4
418.343,-33
418.368,-68
418.393,-94
418.418,-104
418.443,-100
418.468,-89
418.493,-70
418.518,-35
418.543,16
418.568,74
418.593,121
418.618,149
418.643,159
418.668,158
418.693,149
418.718,136
418.743,129
418.768,146
418.793,191
418.818,251
418.843,299
418.868,318
418.893,312
418.918,297
418.943,289
418.968,289
418.993,291
419.018,296
419.043,310
419.068,340
419.093,383
419.118,428
419.143,462
419.168,477
419.193,474
419.218,456
419.243,433
419.268,416
419.293,417
419.318,441
419.343,479
419.368,510
419.393,517
419.418,497
419.443,472
419.468,463
419.493,474
419.518,481
419.543,456
419.568,396
419.593,325
419.618,275
419.643,247
419.668,213
419.693,152
419.718,74
419.743,25
419.768,37
419.793,95
419.818,146
419.843,152
419.868,116
419.893,78
419.918,69
419.943,87
419.968,108
419.993,118
420.018,121
420.043,129
420.068,141
420.093,146
420.118,140
420.143,130
420.168,129
420.193,137
420.218,145
420.243,147
420.268,152
420.293,175
420.318,222
420.343,281
420.368,326
420.393,345
420.418,339
420.443,321
420.468,302
420.493,288
420.518,279
420.543,277
420.568,280
420.593,285
420.618,279
420.643,252
420.668,203
420.693,147
420.718,107
420.743,95
420.768,110
420.793,142
420.818,179
420.843,214
420.868,245
420.893,268
420.918,278
420.943,275
420.968,264
420.993,256
421.018,258
421.043,275
421.068,306
421.093,344
421.118,375
421.143,388
421.168,389
421.193,395
421.218,425
421.243,483
421.268,551
421.293,606
421.318,642
421.343,667
421.368,679
421.393,653
421.418,555
421.443,382
421.468,176
421.493,0
421.518,-104
421.543,-147
421.568,-167
421.593,-191
421.618,-216
421.643,-224
421.668,-206
421.693,-168
421.718,-118
421.743,-55
421.768,18
421.793,94
421.818,157
421.843,200
421.868,234
421.893,270
421.918,312
421.943,347
421.968,369
421.993,382
422.018,393
422.043,403
422.068,405
422.093,391
422.118,372
422.143,369
422.168,396
422.193,451
422.218,512
422.243,558
422.268,570
422.293,539
422.318,465
422.343,364
422.368,259
422.393,171
422.418,106
422.443,59
422.468,20
422.493,-16
422.518,-45
422.543,-67
422.568,-79
422.593,-81
422.618,-65
422.643,-25
422.668,34
422.693,104
422.718,175
422.743,245
422.768,315
422.793,378
422.818,419
422.843,425
422.868,394
422.893,332
422.918,250
422.943,160
422.968,76
422.993,8
423.018,-38
423.043,-71
423.068,-94
423.093,-93
423.118,-45
423.143,61
423.168,203
423.193,333
423.218,412
423.243,433
423.268,424
423.293,409
423.318,399
423.343,387
423.368,371
423.393,357
423.418,350
423.443,346
423.468,332
423.493,306
423.518,274
423.543,244
423.568,219
423.593,199
423.618,195
423.643,216
423.668,263
423.693,321
423.718,371
423.743,410
423.768,451
423.793,502
423.818,556
423.843,591
423.868,596
423.893,582
423.918,576
423.943,595
423.968,634
423.993,668
424.018,667
424.043,619
424.068,538
424.093,456
424.118,402
424.143,379
424.168,364
424.193,323
424.218,241
424.243,135
424.268,41
424.293,-17
424.318,-45
424.343,-61
424.368,-76
424.393,-87
424.418,-85
424.443,-70
424.468,-53
424.493,-42
424.518,-38
424.543,-40
424.568,-45
424.593,-52
424.618,-54
424.643,-44
424.668,-18
424.693,18
424.718,57
424.743,93
424.768,124
424.793,153
424.818,179
424.843,203
424.868,229
424.893,260
424.918,290
424.943,301
424.968,284
424.993,241
425.018,190
425.043,139
425.068,81
425.093,6
425.118,-77
425.143,-144
425.168,-171
425.193,-159
425.218,-131
425.243,-107
425.268,-84
425.293,-43
425.318,24
425.343,108
425.368,183
425.393,237
425.418,274
425.443,314
425.468,371
425.493,450
425.518,547
425.543,652
425.568,749
425.593,822
425.618,868
425.643,898
425.668,935
425.693,992
425.718,1058
425.743,1106
425.768,1109
425.793,1061
425.818,988
425.843,925
425.868,892
425.893,876
425.918,836
425.943,730
425.968,548
425.993,317
426.018,80
426.043,-132
426.068,-317
426.093,-480
426.118,-616
426.143,-706
426.168,-734
426.193,-704
426.218,-638
426.243,-563
426.268,-494
426.293,-429
426.318,-359
426.343,-277
426.368,-186
426.393,-99
426.418,-34
426.443,3
426.468,39
426.493,113
426.518,248
426.543,423
426.568,576
426.593,653
426.618,644
426.643,588
426.668,534
426.693,506
426.718,505
426.743,531
426.768,593
426.793,686
426.818,771
426.843,796
426.868,740
426.893,637
426.918,551
426.943,520
426.968,525
426.993,521
427.018,478
427.043,403
427.068,318
427.093,232
427.118,143
427.143,56
427.168,-17
427.193,-69
427.218,-116
427.243,-177
427.268,-253
427.293,-315
427.318,-329
427.343,-292
427.368,-239
427.393,-206
427.418,-205
427.443,-216
427.468,-215
427.493,-193
427.518,-157
427.543,-114
427.568,-62
427.593,2
427.618,76
427.643,151
427.668,221
427.693,287
427.718,352
427.743,419
427.768,487
427.793,555
427.818,618
427.843,665
427.868,685
427.893,672
427.918,621
427.943,534
427.968,422
427.993,304
428.018,209
428.043,159
428.068,150
428.093,163
428.118,175
428.143,189
428.168,215
428.193,255
428.218,293
428.243,312
428.268,325
428.293,364
428.318,436
428.343,510
428.368,540
428.393,517
428.418,484
428.443,485
428.468,521
428.493,551
428.518,554
428.543,556
428.568,598
428.593,669
428.618,703
428.643,640
428.668,495
428.693,348
428.718,263
428.743,232
428.768,195
428.793,121
428.818,46
428.843,31
428.868,100
428.893,216
428.918,319
428.943,372
428.968,378
428.993,358
429.018,333
429.043,322
429.068,335
429.093,361
429.118,375
429.143,357
429.168,320
429.193,294
429.218,288
429.243,271
429.268,198
429.293,62
429.318,-96
429.343,-228
429.368,-322
429.393,-405
429.418,-501
429.443,-604
429.468,-692
429.493,-754
429.518,-797
429.543,-816
429.568,-783
429.593,-665
429.618,-462
429.643,-212
429.668,41
429.693,288
429.718,535
429.743,775
429.768,972
429.793,1083
429.818,1100
429.843,1049
429.868,964
429.893,860
429.918,730
429.943,582
429.968,445
429.993,355
430.018,321
430.043,315
430.068,297
430.093,257
430.118,220
430.143,224
430.168,269
430.193,313
430.218,306
430.243,232
430.268,126
430.293,38
430.318,-14
430.343,-57
430.368,-112
430.393,-162
430.418,-159
430.443,-84
430.468,26
430.493,111
430.518,148
430.543,174
430.568,241
430.593,351
430.618,459
430.643,526
430.668,567
430.693,624
430.718,713
430.743,805
430.768,867
430.793,913
430.818,982
430.843,1082
430.868,1156
430.893,1134
430.918,1009
430.943,839
430.968,689
430.993,565
431.018,423
431.043,239
431.068,38
431.093,-129
431.118,-247
431.143,-339
431.168,-426
431.193,-491
431.218,-502
431.243,-454
431.268,-381
431.293,-323
431.318,-292
431.343,-271
431.368,-248
431.393,-230
431.418,-216
431.443,-189
431.468,-121
431.493,-8
431.518,135
431.543,305
431.568,519
431.593,789
431.618,1076
431.643,1289
431.668,1353
431.693,1272
431.718,1119
431.743,971
431.768,848
431.793,723
431.818,572
431.843,403
431.868,232
431.893,62
431.918,-110
431.943,-256
431.968,-319
431.993,-267
432.018,-133
432.043,-4
432.068,52
432.093,40
432.118,12
432.143,9
432.168,26
432.193,47
432.218,79
432.243,155
432.268,285
432.293,422
432.318,499
432.343,486
432.368,422
432.393,382
432.418,411
432.443,491
432.468,567
432.493,589
432.518,542
432.543,445
432.568,331
432.593,231
432.618,154
432.643,87
432.668,2
432.693,-114
432.718,-245
432.743,-352
432.768,-408
432.793,-419
432.818,-417
432.843,-426
432.868,-443
432.893,-443
432.918,-400
432.943,-302
432.968,-151
432.993,38
433.018,234
433.043,392
433.068,479
433.093,491
433.118,460
433.143,425
433.168,401
433.193,380
433.218,346
433.243,302
433.268,259
433.293,234
433.318,231
433.343,254
433.368,303
433.393,369
433.418,432
433.443,473
433.468,491
433.493,508
433.518,550
433.543,614
433.568,679
433.593,726
433.618,753
433.643,769
433.668,767
433.693,725
433.718,635
433.743,514
433.768,403
433.793,326
433.818,273
433.843,228
433.868,191
433.893,194
433.918,256
433.943,356
433.968,429
433.993,418
434.018,315
434.043,181
434.068,102
434.093,131
434.118,251
434.143,378
434.168,427
434.193,368
434.218,243
434.243,126
434.268,53
434.293,5
434.318,-57
434.343,-134
434.368,-175
434.393,-134
434.418,-18
434.443,113
434.468,210
434.493,270
434.518,329
434.543,410
434.568,500
434.593,571
434.618,611
434.643,622
434.668,604
434.693,550
434.718,474
434.743,414
434.768,408
434.793,438
434.818,442
434.843,364
434.868,213
434.893,57
434.918,-42
434.943,-74
434.968,-68
434.993,-43
435.018,10
435.043,102
435.068,214
435.093,309
435.118,364
435.143,380
435.168,364
435.193,318
435.218,246
435.243,175
435.268,139
435.293,138
435.318,136
435.343,94
435.368,26
435.393,-6
435.418,37
435.443,136
435.468,220
435.493,240
435.518,209
435.543,173
435.568,156
435.593,148
435.618,133
435.643,116
435.668,109
435.693,107
435.718,94
435.743,64
435.768,39
435.793,31
435.818,24
435.843,-10
435.868,-68
435.893,-89
435.918,-15
435.943,142
435.968,302
435.993,382
436.018,376
436.043,351
436.068,369
436.093,422
436.118,448
436.143,408
436.168,327
436.193,270
436.218,274
436.243,316
436.268,342
436.293,319
436.318,264
436.343,228
436.368,251
436.393,336
436.418,444
436.443,528
436.468,563
436.493,564
436.518,562
436.543,573
436.568,576
436.593,533
436.618,432
436.643,308
436.668,219
436.693,195
436.718,212
436.743,219
436.768,183
436.793,121
436.818,71
436.843,57
436.868,73
436.893,97
436.918,121
436.943,149
436.968,187
436.993,223
437.018,238
437.043,222
437.068,186
437.093,147
437.118,123
437.143,118
437.168,133
437.193,164
437.218,203
437.243,230
437.268,233
437.293,212
437.318,194
437.343,209
437.368,266
437.393,350
437.418,430
437.443,485
437.468,509
437.493,507
437.518,480
437.543,428
437.568,357
437.593,280
437.618,211
437.643,159
437.668,124
437.693,103
437.718,91
437.743,80
437.768,64
437.793,43
437.818,32
437.843,50
437.868,103
437.893,178
437.918,255
437.943,322
437.968,379
437.993,429
438.018,466
438.043,482
438.068,478
438.093,468
438.118,459
438.143,450
438.168,433
438.193,414
438.218,402
438.243,399
438.268,384
438.293,338
438.318,266
438.343,201
438.368,173
438.393,177
438.418,183
438.443,171
438.468,156
438.493,167
438.518,207
438.543,251
438.568,267
438.593,254
438.618,233
438.643,221
438.668,207
438.693,172
438.718,115
438.743,55
438.768,8
438.793,-26
438.818,-63
438.843,-100
438.868,-117
438.893,-94
438.918,-35
438.943,39
438.968,111
438.993,179
439.018,247
439.043,310
439.068,356
439.093,376
439.118,379
439.143,376
439.168,373
439.193,369
439.218,361
439.243,349
439.268,335
439.293,316
439.318,293
439.343,270
439.368,262
439.393,274
439.418,303
439.443,337
439.468,366
439.493,389
439.518,406
439.543,416
439.568,416
439.593,404
439.618,382
439.643,356
439.668,326
439.693,298
439.718,271
439.743,239
439.768,194
439.793,138
439.818,88
439.843,68
439.868,91
439.893,144
439.918,200
439.943,241
439.968,270
439.993,295
440.018,315
440.043,317
440.068,297
440.093,264
440.118,238
440.143,228
440.168,227
440.193,223
440.218,209
440.243,187
440.268,155
440.293,115
440.318,79
440.343,69
440.368,99
440.393,159
440.418,220
440.443,259
440.468,278
440.493,294
440.518,311
440.543,320
440.568,309
440.593,284
440.618,264
440.643,258
440.668,261
440.693,258
440.718,244
440.743,223
440.768,200
440.793,169
440.818,132
440.843,107
440.868,117
440.893,171
440.918,246
440.943,308
440.968,337
440.993,345
441.018,352
441.043,365
441.068,374
441.093,364
441.118,339
441.143,317
441.168,308
441.193,305
441.218,293
441.243,264
441.268,230
441.293,206
441.318,192
441.343,177
441.368,145
441.393,104
441.418,78
441.443,94
441.468,152
441.493,226
441.518,284
441.543,316
441.568,329
441.593,337
441.618,341
441.643,333
441.668,313
441.693,293
441.718,285
441.743,287
441.768,282
441.793,262
441.818,235
441.843,216
441.868,204
441.893,182
441.918,141
441.943,98
441.968,92
441.993,139
442.018,217
442.043,284
442.068,316
442.093,323
442.118,334
442.143,355
442.168,368
442.193,356
442.218,329
442.243,312
442.268,316
442.293,321
442.318,301
442.343,254
442.368,199
442.393,158
442.418,128
442.443,94
442.468,55
442.493,36
442.518,60
442.543,124
442.568,193
442.593,239
442.618,260
442.643,276
442.668,297
442.693,313
442.718,305
442.743,278
442.768,256
442.793,256
442.818,268
442.843,266
442.868,242
442.893,216
442.918,208
442.943,213
442.968,202
442.993,163
443.018,121
443.043,119
443.068,174
443.093,256
443.118,317
443.143,339
443.168,340
443.193,349
443.218,370
443.243,382
443.268,375
443.293,360
443.318,355
443.343,358
443.368,354
443.393,332
443.418,305
443.443,290
443.468,281
443.493,253
443.518,195
443.543,135
443.568,116
443.593,155
443.618,226
443.643,285
443.668,311
443.693,320
443.718,330
443.743,340
443.768,333
443.793,305
443.818,268
443.843,239
443.868,219
443.893,201
443.918,181
443.943,165
443.968,153
443.993,131
444.018,87
444.043,40
444.068,26
444.093,67
444.118,144
444.143,212
444.168,247
444.193,261
444.218,278
444.243,302
444.268,314
444.293,301
444.318,280
444.343,275
444.368,291
444.393,306
444.418,300
444.443,279
444.468,260
444.493,244
444.518,217
444.543,174
444.568,141
444.593,153
444.618,214
444.643,286
444.668,326
444.693,329
444.718,322
444.743,327
444.768,338
444.793,328
444.818,294
444.843,257
444.868,239
444.893,238
444.918,236
444.943,221
444.968,198
444.993,172
445.018,138
445.043,91
445.068,51
445.093,52
445.118,108
445.143,194
445.168,264
445.193,294
445.218,301
445.243,310
445.268,329
445.293,338
445.318,323
445.343,294
445.368,273
445.393,268
445.418,268
445.443,261
445.468,244
445.493,221
445.518,190
445.543,147
445.568,106
445.593,96
445.618,140
445.643,223
445.668,306
445.693,356
445.718,374
445.743,381
445.768,391
445.793,396
445.818,383
445.843,359
445.868,343
445.893,344
445.918,346
445.943,331
445.968,298
445.993,260
446.018,223
446.043,179
446.068,123
446.093,75
446.118,72
446.143,127
446.168,213
446.193,281
446.218,308
446.243,308
446.268,306
446.293,311
446.318,306
446.343,284
446.368,257
446.393,244
446.418,246
446.443,243
446.468,221
446.493,190
446.518,166
446.543,149
446.568,123
446.593,81
446.618,51
446.643,68
446.668,137
446.693,224
446.718,284
446.743,305
446.768,308
446.793,314
446.818,319
446.843,312
446.868,292
446.893,279
446.918,285
446.943,295
446.968,284
446.993,251
447.018,219
447.043,204
447.068,195
447.093,163
447.118,112
447.143,81
447.168,111
447.193,197
447.218,288
447.243,338
447.268,345
447.293,341
447.318,349
447.343,360
447.368,353
447.393,329
447.418,310
447.443,307
447.468,311
447.493,299
447.518,273
447.543,246
447.568,226
447.593,200
447.618,154
447.643,101
447.668,79
447.693,114
447.718,190
447.743,268
447.768,319
447.793,345
447.818,360
447.843,367
447.868,357
447.893,334
447.918,312
447.943,306
447.968,310
447.993,304
448.018,284
448.043,261
448.068,245
448.093,225
448.118,184
448.143,129
448.168,95
448.193,113
448.218,177
448.243,249
448.268,292
448.293,304
448.318,306
448.343,311
448.368,309
448.393,291
448.418,263
448.443,238
448.468,218
448.493,192
448.518,153
448.543,115
448.568,95
448.593,91
448.618,81
448.643,52
448.668,27
448.693,40
448.718,105
448.743,194
448.768,269
448.793,314
448.818,341
448.843,366
448.868,383
448.893,379
448.918,359
448.943,343
448.968,343
448.993,351
449.018,344
449.043,316
449.068,280
449.093,248
449.118,212
449.143,165
449.168,119
449.193,106
449.218,146
449.243,221
449.268,289
449.293,322
449.318,326
449.343,325
449.368,328
449.393,324
449.418,305
449.443,281
449.468,272
449.493,279
449.518,286
449.543,275
449.568,253
449.593,231
449.618,209
449.643,175
449.668,126
449.693,87
449.718,96
449.743,159
449.768,242
449.793,303
449.818,324
449.843,324
449.868,327
449.893,334
449.918,328
449.943,302
449.968,274
449.993,265
450.018,273
450.043,275
450.068,255
450.093,221
450.118,193
450.143,174
450.168,149
450.193,106
450.218,65
450.243,62
450.268,118
450.293,210
450.318,292
450.343,335
450.368,345
450.393,346
450.418,351
450.443,354
450.468,343
450.493,323
450.518,308
450.543,305
450.568,301
450.593,283
450.618,250
450.643,216
450.668,188
450.693,158
450.718,113
450.743,63
450.768,39
450.793,69
450.818,147
450.843,237
450.868,299
450.893,323
450.918,329
450.943,335
450.968,344
450.993,343
451.018,330
451.043,315
451.068,310
451.093,311
451.118,303
451.143,278
451.168,245
451.193,219
451.218,200
451.243,175
451.268,132
451.293,88
451.318,74
451.343,110
451.368,185
451.393,262
451.418,311
451.443,328
451.468,329
451.493,330
451.518,329
451.543,322
451.568,307
451.593,292
451.618,284
451.643,278
451.668,264
451.693,237
451.718,207
451.743,184
451.768,168
451.793,146
451.818,111
451.843,72
451.868,60
451.893,96
451.918,174
451.943,261
451.968,320
451.993,341
452.018,341
452.043,342
452.068,350
452.093,357
452.118,354
452.143,346
452.168,342
452.193,339
452.218,326
452.243,295
452.268,257
452.293,225
452.318,205
452.343,180
452.368,143
452.393,107
452.418,105
452.443,152
452.468,231
452.493,300
452.518,335
452.543,342
452.568,343
452.593,350
452.618,353
452.643,346
452.668,334
452.693,333
452.718,343
452.743,346
452.768,331
452.793,301
452.818,274
452.843,252
452.868,221
452.893,168
452.918,110
452.943,84
452.968,112
452.993,179
453.018,243
453.043,276
453.068,281
453.093,277
453.118,274
453.143,268
453.168,255
453.193,243
453.218,241
453.243,246
453.268,243
453.293,228
453.318,210
453.343,196
453.368,181
453.393,146
453.418,93
453.443,50
453.468,52
453.493,102
453.518,169
453.543,213
453.568,222
453.593,213
453.618,204
453.643,191
453.668,164
453.693,125
453.718,89
453.743,72
453.768,68
453.793,72
453.818,90
453.843,145
453.868,240
453.893,350
453.918,433
453.943,465
453.968,462
453.993,454
454.018,457
454.043,466
454.068,473
454.093,479
454.118,488
454.143,487
454.168,453
454.193,383
454.218,300
454.243,237
454.268,203
454.293,181
454.318,151
454.343,116
454.368,92
454.393,82
454.418,72
454.443,53
454.468,42
454.493,75
454.518,163
454.543,273
454.568,356
454.593,384
454.618,376
454.643,366
454.668,368
454.693,369
454.718,353
454.743,324
454.768,300
454.793,287
454.818,281
454.843,273
454.868,263
454.893,255
454.918,242
454.943,212
454.968,167
454.993,131
455.018,135
455.043,182
455.068,242
455.093,280
455.118,290
455.143,292
455.168,304
455.193,320
455.218,316
455.243,286
455.268,247
455.293,223
455.318,220
455.343,219
455.368,206
455.393,184
455.418,165
455.443,147
455.468,118
455.493,71
455.518,29
455.543,26
455.568,76
455.593,160
455.618,235
455.643,278
455.668,295
455.693,306
455.718,315
455.743,313
455.768,290
455.793,260
455.818,243
455.843,245
455.868,249
455.893,235
455.918,200
455.943,163
455.968,136
455.993,113
456.018,78
456.043,30
456.068,-3
456.093,9
456.118,74
456.143,164
456.168,242
456.193,291
456.218,321
456.243,345
456.268,363
456.293,365
456.318,352
456.343,337
456.368,339
456.393,355
456.418,369
456.443,366
456.468,352
456.493,343
456.518,343
456.543,337
456.568,312
456.593,281
456.618,277
456.643,325
456.668,416
456.693,511
456.718,578
456.743,612
456.768,635
456.793,662
456.818,683
456.843,677
456.868,632
456.893,558
456.918,478
456.943,411
456.968,363
456.993,330
457.018,299
457.043,245
457.068,139
457.093,-28
457.118,-227
457.143,-386
457.168,-442
457.193,-384
457.218,-262
457.243,-148
457.268,-74
457.293,-22
457.318,42
457.343,121
457.368,185
457.393,206
457.418,193
457.443,181
457.468,192
457.493,209
457.518,200
457.543,157
457.568,108
457.593,81
457.618,74
457.643,65
457.668,43
457.693,31
457.718,62
457.743,137
457.768,223
457.793,285
457.818,316
457.843,340
457.868,371
457.893,397
457.918,398
457.943,375
457.968,354
457.993,355
458.018,369
458.043,373
458.068,354
458.093,322
458.118,293
458.143,264
458.168,227
458.193,189
458.218,182
458.243,228
458.268,313
458.293,393
458.318,435
458.343,444
458.368,451
458.393,472
458.418,494
458.443,498
458.468,485
458.493,474
458.518,473
458.543,468
458.568,441
458.593,392
458.618,343
458.643,305
458.668,266
458.693,207
458.718,131
458.743,73
458.768,60
458.793,87
458.818,121
458.843,135
458.868,133
458.893,137
458.918,155
458.943,169
458.968,161
458.993,133
459.018,107
459.043,97
459.068,96
459.093,88
459.118,70
459.143,57
459.168,63
459.193,81
459.218,96
459.243,106
459.268,122
459.293,162
459.318,221
459.343,276
459.368,308
459.393,321
459.418,330
459.443,346
459.468,360
459.493,359
459.518,343
459.543,329
459.568,327
459.593,330
459.618,323
459.643,298
459.668,268
459.693,252
459.718,252
459.743,250
459.768,230
459.793,201
459.818,194
459.843,229
459.868,297
459.893,362
459.918,395
459.943,398
459.968,389
459.993,383
460.018,374
460.043,351
460.068,316
460.093,284
460.118,268
460.143,259
460.168,242
460.193,211
460.218,179
460.243,157
460.268,142
460.293,114
460.318,69
460.343,32
460.368,37
460.393,95
460.418,181
460.443,254
460.468,296
460.493,319
460.518,343
460.543,369
460.568,376
460.593,356
460.618,323
460.643,301
460.668,296
460.693,289
460.718,263
460.743,222
460.768,189
460.793,172
460.818,157
460.843,124
460.868,80
460.893,58
460.918,89
460.943,161
460.968,235
460.993,277
461.018,289
461.043,294
461.068,307
461.093,320
461.118,317
461.143,301
461.168,289
461.193,289
461.218,292
461.243,281
461.268,256
461.293,233
461.318,222
461.343,208
461.368,174
461.393,125
461.418,93
461.443,108
461.468,164
461.493,226
461.518,266
461.543,282
461.568,292
461.593,304
461.618,308
461.643,293
461.668,266
461.693,251
461.718,258
461.743,272
461.768,270
461.793,248
461.818,219
461.843,192
461.868,162
461.893,123
461.918,88
461.943,88
461.968,138
461.993,220
462.018,293
462.043,332
462.068,343
462.093,347
462.118,350
462.143,345
462.168,331
462.193,321
462.218,329
462.243,349
462.268,357
462.293,340
462.318,312
462.343,295
462.368,291
462.393,282
462.418,254
462.443,227
462.468,234
462.493,287
462.518,360
462.543,416
462.568,443
462.593,457
462.618,473
462.643,485
462.668,476
462.693,449
462.718,424
462.743,414
462.768,403
462.793,361
462.818,284
462.843,196
462.868,132
462.893,94
462.918,63
462.943,28
462.968,5
462.993,19
463.018,66
463.043,114
463.068,130
463.093,115
463.118,91
463.143,77
463.168,72
463.193,64
463.218,52
463.243,46
463.268,55
463.293,73
463.318,91
463.343,108
463.368,126
463.393,140
463.418,139
463.443,122
463.468,106
463.493,117
463.518,165
463.543,237
463.568,311
463.593,373
463.618,420
463.643,447
463.668,446
463.693,420
463.718,386
463.743,367
463.768,363
463.793,361
463.818,345
463.843,320
463.868,296
463.893,276
463.918,243
463.943,193
463.968,144
463.993,133
464.018,169
464.043,229
464.068,273
464.093,286
464.118,283
464.143,285
464.168,291
464.193,283
464.218,256
464.243,226
464.268,209
464.293,205
464.318,199
464.343,184
464.368,170
464.393,163
464.418,157
464.443,135
464.468,98
464.493,75
464.518,97
464.543,162
464.568,237
464.593,288
464.618,312
464.643,330
464.668,363
464.693,407
464.718,446
464.743,471
464.768,488
464.793,499
464.818,500
464.843,478
464.868,437
464.893,388
464.918,339
464.943,285
464.968,216
464.993,145
465.018,101
465.043,108
465.068,161
465.093,226
465.118,274
465.143,298
465.168,314
465.193,333
465.218,350
465.243,350
465.268,329
465.293,302
465.318,285
465.343,282
465.368,278
465.393,258
465.418,220
465.443,176
465.468,142
465.493,118
465.518,92
465.543,57
465.568,20
465.593,2
465.618,22
465.643,77
465.668,147
465.693,208
465.718,247
465.743,267
465.768,274
465.793,272
465.818,259
465.843,236
465.868,211
465.893,196
465.918,188
465.943,179
465.968,158
465.993,129
466.018,101
466.043,80
466.068,65
466.093,50
466.118,42
466.143,54
466.168,99
466.193,172
466.218,249
466.243,310
466.268,348
466.293,374
466.318,401
466.343,430
466.368,454
466.393,466
466.418,468
466.443,465
466.468,460
466.493,447
466.518,422
466.543,392
466.568,368
466.593,357
466.618,348
466.643,327
466.668,288
466.693,250
466.718,238
466.743,264
466.768,314
466.793,363
466.818,393
466.843,407
466.868,413
466.893,413
466.918,397
466.943,362
466.968,320
466.993,291
467.018,282
467.043,276
467.068,252
467.093,210
467.118,169
467.143,147
467.168,138
467.193,114
467.218,66
467.243,14
467.268,-5
467.293,24
467.318,81
467.343,126
467.368,144
467.393,148
467.418,159
467.443,180
467.468,189
467.493,175
467.518,149
467.543,136
467.568,142
467.593,152
467.618,143
467.643,118
467.668,94
467.693,85
467.718,78
467.743,56
467.768,18
467.793,-3
467.818,23
467.843,100
467.868,195
467.893,273
467.918,322
467.943,359
467.968,396
467.993,429
468.018,444
468.043,439
468.068,430
468.093,433
468.118,444
468.143,440
468.168,407
468.193,354
468.218,303
468.243,269
468.268,243
468.293,211
468.318,172
468.343,142
468.368,144
468.393,181
468.418,236
468.443,287
468.468,323
468.493,348
468.518,367
468.543,380
468.568,383
468.593,374
468.618,359
468.643,347
468.668,342
468.693,340
468.718,330
468.743,304
468.768,268
468.793,233
468.818,210
468.843,199
468.868,186
468.893,160
468.918,128
468.943,112
468.968,131
468.993,186
469.018,251
469.043,301
469.068,325
469.093,336
469.118,348
469.143,362
469.168,367
469.193,355
469.218,336
469.243,327
469.268,335
469.293,344
469.318,335
469.343,307
469.368,273
469.393,248
469.418,228
469.443,194
469.468,138
469.493,75
469.518,34
469.543,39
469.568,82
469.593,134
469.618,169
469.643,178
469.668,176
469.693,179
469.718,189
469.743,197
469.768,193
469.793,177
469.818,161
469.843,157
469.868,165
469.893,171
469.918,166
469.943,151
469.968,133
469.993,116
470.018,89
470.043,43
470.068,-13
470.093,-52
470.118,-49
470.143,-9
470.168,36
470.193,62
470.218,75
470.243,110
470.268,194
470.293,315
470.318,432
470.343,514
470.368,561
470.393,593
470.418,621
470.443,633
470.468,616
470.493,578
470.518,540
470.543,512
470.568,480
470.593,426
470.618,352
470.643,293
470.668,277
470.693,305
470.718,343
470.743,365
470.768,368
470.793,371
470.818,382
470.843,390
470.868,377
470.893,347
470.918,320
470.943,311
470.968,310
470.993,298
471.018,265
471.043,226
471.068,198
471.093,182
471.118,159
471.143,118
471.168,74
471.193,57
471.218,81
471.243,130
471.268,173
471.293,191
471.318,193
471.343,195
471.368,200
471.393,198
471.418,181
471.443,160
471.468,153
471.493,161
471.518,165
471.543,147
471.568,111
471.593,79
471.618,66
471.643,59
471.668,39
471.693,6
471.718,-9
471.743,17
471.768,81
471.793,145
471.818,177
471.843,183
471.868,199
471.893,251
471.918,325
471.943,384
471.968,404
471.993,388
472.018,362
472.043,343
472.068,337
472.093,340
472.118,350
472.143,361
472.168,356
472.193,321
472.218,264
472.243,221
472.268,223
472.293,272
472.318,333
472.343,370
472.368,374
472.393,365
472.418,362
472.443,363
472.468,351
472.493,325
472.518,299
472.543,289
472.568,290
472.593,284
472.618,259
472.643,227
472.668,207
472.693,201
472.718,189
472.743,159
472.768,124
472.793,120
472.818,164
472.843,237
472.868,300
472.893,328
472.918,332
472.943,333
472.968,343
472.993,349
473.018,336
473.043,308
473.068,282
473.093,269
473.118,263
473.143,250
473.168,225
473.193,196
473.218,172
473.243,145
473.268,102
473.293,44
473.318,-5
473.343,-20
473.368,4
473.393,54
473.418,107
473.443,155
473.468,205
473.493,261
473.518,309
473.543,328
473.568,315
473.593,287
473.618,272
473.643,278
473.668,290
473.693,286
473.718,262
473.743,234
473.768,216
473.793,205
473.818,184
473.843,147
473.868,116
473.893,121
473.918,172
473.943,245
473.968,305
473.993,335
474.018,346
474.043,361
474.068,382
474.093,397
474.118,395
474.143,384
474.168,379
474.193,382
474.218,377
474.243,352
474.268,316
474.293,292
474.318,290
474.343,291
474.368,275
474.393,244
474.418,230
474.443,256
474.468,311
474.493,357
474.518,362
474.543,337
474.568,310
474.593,297
474.618,289
474.643,266
474.668,229
474.693,201
474.718,195
474.743,204
474.768,208
474.793,199
474.818,185
474.843,174
474.868,159
474.893,132
474.918,100
474.943,90
474.968,120
474.993,180
475.018,235
475.043,262
475.068,263
475.093,259
475.118,259
475.143,254
475.168,235
475.193,207
475.218,191
475.243,195
475.268,208
475.293,209
475.318,193
475.343,174
475.368,163
475.393,156
475.418,138
475.443,111
475.468,100
475.493,128
475.518,193
475.543,264
475.568,309
475.593,320
475.618,317
475.643,318
475.668,324
475.693,319
475.718,302
475.743,286
475.768,291
475.793,314
475.818,334
475.843,334
475.868,313
475.893,288
475.918,267
475.943,242
475.968,202
475.993,158
476.018,136
476.043,163
476.068,230
476.093,305
476.118,353
476.143,369
476.168,372
476.193,376
476.218,381
476.243,369
476.268,338
476.293,300
476.318,274
476.343,263
476.368,255
476.393,239
476.418,216
476.443,191
476.468,167
476.493,134
476.518,90
476.543,48
476.568,31
476.593,52
476.618,97
476.643,139
476.668,161
476.693,166
476.718,169
476.743,180
476.768,194
476.793,201
476.818,202
476.843,204
476.868,213
476.893,225
476.918,233
476.943,238
476.968,249
476.993,272
477.018,299
477.043,313
477.068,303
477.093,277
477.118,262
477.143,280
477.168,332
477.193,395
477.218,442
477.243,463
477.268,467
477.293,465
477.318,461
477.343,451
477.368,432
477.393,411
477.418,395
477.443,384
477.468,368
477.493,340
477.518,304
477.543,274
477.568,254
477.593,232
477.618,193
477.643,141
477.668,103
477.693,103
477.718,139
477.743,186
477.768,213
477.793,219
477.818,218
477.843,225
477.868,232
477.893,224
477.918,200
477.943,179
477.968,175
477.993,185
478.018,187
478.043,172
478.068,149
478.093,137
478.118,135
478.143,126
478.168,97
478.193,67
478.218,67
478.243,115
478.268,187
478.293,245
478.318,269
478.343,272
478.368,279
478.393,294
478.418,303
478.443,295
478.468,283
478.493,284
478.518,301
478.543,313
478.568,304
478.593,278
478.618,258
478.643,252
478.668,245
478.693,216
478.718,174
478.743,151
478.768,175
478.793,234
478.818,291
478.843,318
478.868,319
478.893,316
478.918,322
478.943,329
478.968,320
478.993,300
479.018,283
479.043,280
479.068,279
479.093,265
479.118,238
479.143,211
479.168,196
479.193,188
479.218,169
479.243,138
479.268,117
479.293,134
479.318,189
479.343,257
479.368,303
479.393,317
479.418,314
479.443,315
479.468,322
479.493,325
479.518,315
479.543,300
479.568,290
479.593,286
479.618,280
479.643,260
479.668,231
479.693,206
479.718,189
479.743,173
479.768,147
479.793,115
479.818,98
479.843,117
479.868,172
479.893,237
479.918,286
479.943,310
479.968,319
479.993,327
480.018,335
480.043,337
480.068,328
480.093,319
480.118,320
480.143,329
480.168,331
480.193,315
480.218,285
480.243,260
480.268,248
480.293,237
480.318,208
480.343,161
480.368,119
480.393,115
480.418,157
480.443,219
480.468,269
480.493,293
480.518,300
480.543,306
480.568,312
480.593,308
480.618,291
480.643,272
480.668,266
480.693,271
480.718,272
480.743,259
480.768,238
480.793,223
480.818,215
480.843,199
480.868,165
480.893,128
480.918,119
480.943,153
480.968,210
480.993,259
481.018,279
481.043,284
481.068,293
481.093,309
481.118,316
481.143,303
481.168,282
481.193,273
481.218,280
481.243,285
481.268,268
481.293,237
481.318,211
481.343,200
481.368,190
481.393,162
481.418,124
481.443,109
481.468,141
481.493,206
481.518,267
481.543,298
481.568,304
481.593,311
481.618,325
481.643,331
481.668,316
481.693,290
481.718,277
481.743,283
481.768,292
481.793,281
481.818,248
481.843,216
481.868,200
481.893,188
481.918,163
481.943,125
481.968,103
481.993,125
482.018,187
482.043,253
482.068,289
482.093,297
482.118,299
482.143,313
482.168,328
482.193,328
482.218,309
482.243,288
482.268,278
482.293,276
482.318,263
482.343,233
482.368,201
482.393,181
482.418,172
482.443,156
482.468,123
482.493,90
482.518,89
482.543,135
482.568,209
482.593,275
482.618,309
482.643,320
482.668,327
482.693,339
482.718,346
482.743,334
482.768,309
482.793,289
482.818,289
482.843,299
482.868,298
482.893,275
482.918,241
482.943,216
482.968,208
482.993,200
483.018,176
483.043,141
483.068,122
483.093,144
483.118,204
483.143,274
483.168,325
483.193,348
483.218,355
483.243,359
483.268,362
483.293,357
483.318,341
483.343,325
483.368,317
483.393,316
483.418,309
483.443,288
483.468,259
483.493,237
483.518,228
483.543,221
483.568,199
483.593,161
483.618,128
483.643,124
483.668,161
483.693,222
483.718,276
483.743,305
483.768,313
483.793,314
483.818,315
483.843,310
483.868,292
483.893,265
483.918,242
483.943,234
483.968,236
483.993,233
484.018,221
484.043,206
484.068,198
484.093,192
484.118,174
484.143,136
484.168,97
484.193,85
484.218,118
484.243,181
484.268,241
484.293,274
484.318,279
484.343,268
484.368,252
484.393,231
484.418,209
484.443,195
484.468,198
484.493,213
484.518,228
484.543,232
484.568,231
484.593,237
484.618,246
484.643,242
484.668,216
484.693,184
484.718,176
484.743,210
484.768,269
484.793,322
484.818,351
484.843,359
484.868,359
484.893,354
484.918,335
484.943,305
484.968,280
484.993,274
485.018,280
485.043,276
485.068,253
485.093,225
485.118,210
485.143,207
485.168,194
485.193,159
485.218,121
485.243,116
485.268,158
485.293,223
485.318,274
485.343,295
485.368,304
485.393,320
485.418,340
485.443,346
485.468,328
485.493,304
485.518,294
485.543,299
485.568,302
485.593,289
485.618,267
485.643,249
485.668,235
485.693,210
485.718,173
485.743,148
485.768,163
485.793,223
485.818,294
485.843,339
485.868,348
485.893,342
485.918,339
485.943,337
485.968,321
485.993,291
486.018,266
486.043,258
486.068,258
486.093,247
486.118,216
486.143,182
486.168,161
486.193,150
486.218,131
486.243,101
486.268,84
486.293,112
486.318,182
486.343,259
486.368,304
486.393,310
486.418,305
486.443,310
486.468,321
486.493,320
486.518,300
486.543,275
486.568,262
486.593,259
486.618,248
486.643,221
486.668,191
486.693,174
486.718,167
486.743,151
486.768,118
486.793,90
486.818,98
486.843,152
486.868,227
486.893,284
486.918,308
486.943,313
486.968,321
486.993,333
487.018,337
487.043,324
487.068,306
487.093,299
487.118,301
487.143,295
487.168,271
487.193,238
487.218,215
487.243,202
487.268,185
487.293,152
487.318,118
487.343,114
487.368,152
487.393,215
487.418,270
487.443,300
487.468,313
487.493,326
487.518,339
487.543,339
487.568,323
487.593,303
487.618,297
487.643,303
487.668,303
487.693,286
487.718,258
487.743,237
487.768,225
487.793,208
487.818,177
487.843,147
487.868,146
487.893,185
487.918,245
487.943,293
487.968,317
487.993,324
488.018,329
488.043,332
488.068,322
488.093,300
488.118,281
488.143,276
488.168,279
488.193,271
488.218,244
488.243,212
488.268,192
488.293,183
488.318,167
488.343,139
488.368,117
488.393,128
488.418,178
488.443,239
488.468,279
488.493,287
488.518,283
488.543,286
488.568,295
488.593,296
488.618,281
488.643,263
488.668,253
488.693,250
488.718,242
488.743,221
488.768,198
488.793,181
488.818,165
488.843,136
488.868,98
488.893,73
488.918,87
488.943,141
488.968,204
488.993,244
489.018,254
489.043,254
489.068,261
489.093,271
489.118,269
489.143,250
489.168,228
489.193,219
489.218,224
489.243,226
489.268,215
489.293,196
489.318,182
489.343,174
489.368,161
489.393,139
489.418,118
489.443,125
489.468,171
489.493,243
489.518,312
489.543,357
489.568,379
489.593,395
489.618,417
489.643,442
489.668,461
489.693,471
489.718,475
489.743,481
489.768,491
489.793,499
489.818,501
489.843,499
489.868,499
489.893,501
489.918,493
489.943,458
489.968,390
489.993,304
490.018,229
490.043,185
490.068,168
490.093,158
490.118,138
490.143,109
490.168,86
490.193,77
490.218,78
490.243,79
490.268,79
490.293,83
490.318,93
490.343,102
490.368,100
490.393,90
490.418,85
490.443,88
490.468,87
490.493,71
490.518,48
490.543,47
490.568,91
490.593,173
490.618,255
490.643,307
490.668,327
490.693,337
490.718,355
490.743,375
490.768,381
490.793,367
490.818,346
490.843,330
490.868,319
490.893,303
490.918,280
490.943,259
490.968,250
490.993,243
491.018,224
491.043,194
491.068,172
491.093,178
491.118,215
491.143,263
491.168,300
491.193,321
491.218,332
491.243,338
491.268,330
491.293,305
491.318,274
491.343,251
491.368,243
491.393,238
491.418,225
491.443,206
491.468,193
491.493,192
491.518,193
491.543,186
491.568,181
491.593,207
491.618,282
491.643,388
491.668,487
491.693,543
491.718,556
491.743,548
491.768,535
491.793,519
491.818,493
491.843,454
491.868,408
491.893,353
491.918,287
491.943,216
491.968,157
491.993,123
492.018,106
492.043,84
492.068,49
492.093,19
492.118,24
492.143,65
492.168,109
492.193,119
492.218,91
492.243,62
492.268,63
492.293,90
492.318,111
492.343,101
492.368,73
492.393,53
492.418,53
492.443,56
492.468,41
492.493,7
492.518,-22
492.543,-30
492.568,-14
492.593,14
492.618,50
492.643,100
492.668,166
492.693,244
492.718,324
492.743,395
492.768,450
492.793,481
492.818,478
492.843,443
492.868,391
492.893,346
492.918,320
492.943,305
492.968,284
492.993,250
493.018,211
493.043,186
493.068,180
493.093,188
493.118,200
493.143,211
493.168,224
493.193,240
493.218,252
493.243,249
493.268,230
493.293,204
493.318,187
493.343,192
493.368,215
493.393,248
493.418,284
493.443,321
493.468,358
493.493,384
493.518,391
493.543,380
493.568,373
493.593,394
493.618,450
493.643,520
493.668,576
493.693,606
493.718,616
493.743,624
493.768,636
493.793,655
493.818,682
493.843,716
493.868,748
493.893,764
493.918,762
493.943,767
493.968,799
493.993,846
494.018,856
494.043,783
494.068,638
494.093,486
494.118,393
494.143,361
494.168,341
494.193,287
494.218,196
494.243,96
494.268,-4
494.293,-119
494.318,-252
494.343,-369
494.368,-428
494.393,-427
494.418,-415
494.443,-440
494.468,-502
494.493,-559
494.518,-583
494.543,-593
494.568,-616
494.593,-641
494.618,-622
494.643,-533
494.668,-408
494.693,-313
