df_hash,22ZHK4.34VB5M
device,HZ2X61
project_hash,29R7
project_name,istanbul_aydin_university
person_hash,29R7.FPTK
person_label,V77
date_time_start,2025-11-03_14-11-39.549000_+03
date_time_start_unix,1762164699.549
date_time_end,2025-11-03_14-19-57.483000_+03
length_difference_noticed,no

time,acc_mag
4.798,0.979
4.828,0.983
4.858,0.986
4.888,0.974
4.918,0.980
4.948,0.977
4.978,0.974
5.008,0.984
5.038,0.984
5.068,0.979
5.098,0.980
5.128,0.981
5.158,0.977
5.188,0.977
5.218,0.980
5.248,0.978
5.278,0.978
5.308,0.977
5.338,0.979
5.368,0.987
5.398,0.976
5.428,0.977
5.458,0.974
5.488,0.975
5.518,0.977
5.548,0.979
5.578,0.985
5.608,0.979
5.638,0.980
5.668,0.978
5.698,0.980
5.728,0.977
5.758,0.974
5.788,0.977
5.818,0.983
5.848,0.981
5.878,0.973
5.908,0.978
5.938,0.979
5.968,0.977
5.998,0.981
6.028,0.979
6.058,0.980
6.088,0.979
6.118,0.980
6.148,0.976
6.178,0.983
6.208,0.984
6.238,0.970
6.268,0.978
6.298,0.979
6.328,0.980
6.358,0.983
6.388,0.976
6.418,0.979
6.448,0.977
6.478,0.978
6.508,0.980
6.538,0.979
6.568,0.978
6.598,0.979
6.628,0.980
6.658,0.977
6.688,0.982
6.718,0.974
6.748,0.976
6.778,0.977
6.808,0.982
6.838,0.982
6.868,0.972
6.898,0.981
6.928,0.978
6.958,0.973
6.988,0.982
7.018,0.979
7.048,0.974
7.078,0.978
7.108,0.978
7.138,0.970
7.168,0.979
7.198,0.982
7.228,0.975
7.258,0.976
7.288,0.975
7.318,0.982
7.348,0.978
7.378,0.972
7.408,0.980
7.438,0.981
7.468,0.977
7.498,0.982
7.528,0.980
7.558,0.977
7.588,0.978
7.618,0.979
7.648,0.978
7.678,0.978
7.708,0.979
7.738,0.974
7.768,0.977
7.798,0.978
7.828,0.981
7.858,0.982
7.888,0.972
7.918,0.980
7.948,0.980
7.978,0.978
8.008,0.979
8.038,0.979
8.068,0.973
8.098,0.976
8.128,0.981
8.158,0.980
8.188,0.979
8.218,0.985
8.248,0.979
8.278,0.979
8.308,0.978
8.338,0.979
8.368,0.981
8.398,0.975
8.428,0.976
8.458,0.979
8.488,0.979
8.518,0.980
8.548,0.979
8.578,0.980
8.608,0.979
8.638,0.978
8.668,0.984
8.698,0.979
8.728,0.979
8.758,0.976
8.788,0.972
8.818,0.980
8.848,0.982
8.878,0.985
8.908,0.979
8.938,0.982
8.968,0.976
8.998,0.978
9.028,0.979
9.058,0.976
9.088,0.979
9.118,0.979
9.148,0.981
9.178,0.974
9.208,0.980
9.238,0.983
9.268,0.971
9.298,0.977
9.328,0.982
9.358,0.983
9.388,0.972
9.418,0.978
9.448,0.979
9.478,0.977
9.508,0.983
9.538,0.981
9.568,0.979
9.598,0.977
9.628,0.979
9.658,0.979
9.688,0.981
9.718,0.986
9.748,0.976
9.778,0.978
9.808,0.981
9.838,0.979
9.868,0.986
9.898,0.975
9.928,0.983
9.958,0.978
9.988,0.978
10.018,0.981
10.048,0.978
10.078,0.982
10.108,0.981
10.138,0.979
10.168,0.974
10.198,0.984
10.228,0.980
10.258,0.978
10.288,0.978
10.318,0.980
10.348,0.978
10.378,0.983
10.408,0.976
10.438,0.980
10.468,0.978
10.498,0.980
10.528,0.979
10.558,0.977
10.588,0.977
10.618,0.982
10.648,0.982
10.678,0.979
10.708,0.981
10.738,0.977
10.768,0.977
10.798,0.980
10.828,0.984
10.858,0.979
10.888,0.974
10.918,0.979
10.948,0.978
10.978,0.979
11.008,0.979
11.038,0.977
11.068,0.980
11.098,0.979
11.128,0.978
11.158,0.972
11.188,0.980
11.218,0.985
11.248,0.975
11.278,0.977
11.308,0.981
11.338,0.983
11.368,0.978
11.398,0.978
11.428,0.979
11.458,0.975
11.488,0.981
11.518,0.980
11.548,0.979
11.578,0.980
11.608,0.979
11.638,0.981
11.668,0.980
11.698,0.981
11.728,0.971
11.758,0.978
11.788,0.985
11.818,0.981
11.848,0.977
11.878,0.980
11.908,0.978
11.938,0.970
11.968,0.982
11.998,0.987
12.028,0.978
12.058,0.976
12.088,0.979
12.118,0.981
12.148,0.986
12.178,0.982
12.208,0.971
12.238,0.977
12.268,0.983
12.298,0.986
12.328,0.978
12.358,0.978
12.388,0.981
12.418,0.975
12.448,0.982
12.478,0.980
12.508,0.978
12.538,0.977
12.568,0.982
12.598,0.980
12.628,0.980
12.658,0.983
12.688,0.978
12.718,0.977
12.748,0.976
12.778,0.980
12.808,0.985
12.838,0.977
12.868,0.981
12.898,0.980
12.928,0.980
12.958,0.979
12.988,0.976
13.018,0.979
13.048,0.983
13.078,0.982
13.108,0.976
13.138,0.984
13.168,0.979
13.198,0.980
13.228,0.978
13.258,0.978
13.288,0.983
13.318,0.975
13.348,0.978
13.378,0.983
13.408,0.979
13.438,0.981
13.468,0.980
13.498,0.978
13.528,0.981
13.558,0.982
13.588,0.975
13.618,0.979
13.648,0.987
13.678,0.976
13.708,0.981
13.738,0.980
13.768,0.984
13.798,0.990
13.828,0.974
13.858,0.977
13.888,0.981
13.918,0.979
13.948,0.981
13.978,0.978
14.008,0.979
14.038,0.980
14.068,0.981
14.098,0.977
14.128,0.979
14.158,0.982
14.188,0.979
14.218,0.979
14.248,0.979
14.278,0.979
14.308,0.987
14.338,0.972
14.368,0.981
14.398,0.978
14.428,0.979
14.458,0.982
14.488,0.979
14.518,0.981
14.548,0.980
14.578,0.982
14.608,0.974
14.638,0.982
14.668,0.981
14.698,0.974
14.728,0.978
14.758,0.983
14.788,0.983
14.818,0.974
14.848,0.978
14.878,0.977
14.908,0.974
14.938,0.981
14.968,0.983
14.998,0.981
15.028,0.978
15.058,0.976
15.088,0.983
15.118,0.985
15.148,0.981
15.178,0.973
15.208,0.978
15.238,0.983
15.268,0.983
15.298,0.973
15.328,0.979
15.358,0.982
15.388,0.975
15.418,0.983
15.448,0.980
15.478,0.979
15.508,0.978
15.538,0.982
15.568,0.983
15.598,0.982
15.628,0.982
15.658,0.976
15.688,0.975
15.718,0.981
15.748,0.982
15.778,0.985
15.808,0.980
15.838,0.980
15.868,0.979
15.898,0.980
15.928,0.983
15.958,0.982
15.988,0.983
16.018,0.980
16.048,0.984
16.078,0.978
16.108,0.984
16.138,0.979
16.168,0.975
16.198,0.978
16.228,0.984
16.258,0.984
16.288,0.974
16.318,0.979
16.348,0.979
16.378,0.977
16.408,0.985
16.438,0.982
16.468,0.979
16.498,0.985
16.528,0.979
16.558,0.972
16.588,0.983
16.618,0.986
16.648,0.976
16.678,0.979
16.708,0.980
16.738,0.983
16.768,0.986
16.798,0.979
16.828,0.982
16.858,0.981
16.888,0.979
16.918,0.982
16.948,0.979
16.978,0.980
17.008,0.981
17.038,0.985
17.068,0.979
17.098,0.986
17.128,0.980
17.158,0.978
17.188,0.981
17.218,0.979
17.248,0.980
17.278,0.971
17.308,0.979
17.338,0.980
17.368,0.978
17.398,0.983
17.428,0.983
17.458,0.977
17.488,0.982
17.518,0.983
17.548,0.986
17.578,0.979
17.608,0.984
17.638,0.973
17.668,0.977
17.698,0.977
17.728,0.982
17.758,0.985
17.788,0.974
17.818,0.982
17.848,0.982
17.878,0.977
17.908,0.981
17.938,0.979
17.968,0.978
17.998,0.982
18.028,0.981
18.058,0.983
18.088,0.974
18.118,0.983
18.148,0.983
18.178,0.977
18.208,0.973
18.238,0.979
18.268,0.985
18.298,0.977
18.328,0.979
18.358,0.981
18.388,0.975
18.418,0.979
18.448,0.984
18.478,0.980
18.508,0.979
18.538,0.980
18.568,0.982
18.598,0.979
18.628,0.984
18.658,0.976
18.688,0.974
18.718,0.983
18.748,0.982
18.778,0.984
18.808,0.980
18.838,0.982
18.868,0.980
18.898,0.977
18.928,0.979
18.958,0.978
18.988,0.981
19.018,0.979
19.048,0.982
19.078,0.980
19.108,0.983
19.138,0.976
19.168,0.976
19.198,0.978
19.228,0.988
19.258,0.986
19.288,0.980
19.318,0.979
19.348,0.979
19.378,0.977
19.408,0.983
19.438,0.981
19.468,0.981
19.498,0.979
19.528,0.979
19.558,0.974
19.588,0.985
19.618,0.983
19.648,0.976
19.678,0.979
19.708,0.983
19.738,0.986
19.768,0.975
19.798,0.978
19.828,0.980
19.858,0.979
19.888,0.981
19.918,0.982
19.948,0.980
19.978,0.979
20.008,0.977
20.038,0.976
20.068,0.985
20.098,0.989
20.128,0.978
20.158,0.977
20.188,0.986
20.218,0.981
20.248,0.982
20.278,0.975
20.308,0.984
20.338,0.978
20.368,0.978
20.398,0.980
20.428,0.981
20.458,0.984
20.488,0.982
20.518,0.984
20.548,0.976
20.578,0.984
20.608,0.979
20.638,0.981
20.668,0.980
20.698,0.980
20.728,0.980
20.758,0.978
20.788,0.979
20.818,0.978
20.848,0.978
20.878,0.983
20.908,0.984
20.938,0.981
20.968,0.980
20.998,0.981
21.028,0.976
21.058,0.979
21.088,0.987
21.118,0.977
21.148,0.980
21.178,0.980
21.208,0.981
21.238,0.984
21.268,0.979
21.298,0.979
21.328,0.977
21.358,0.976
21.388,0.982
21.418,0.982
21.448,0.986
21.478,0.980
21.508,0.981
21.538,0.976
21.568,0.983
21.598,0.985
21.628,0.978
21.658,0.980
21.688,0.979
21.718,0.981
21.748,0.977
21.778,0.979
21.808,0.979
21.838,0.982
21.868,0.984
21.898,0.975
21.928,0.981
21.958,0.983
21.988,0.980
22.018,0.983
22.048,0.980
22.078,0.987
22.108,0.978
22.138,0.979
22.168,0.980
22.198,0.987
22.228,0.985
22.258,0.979
22.288,0.983
22.318,0.978
22.348,0.975
22.378,0.984
22.408,0.982
22.438,0.980
22.468,0.980
22.498,0.980
22.528,0.978
22.558,0.984
22.588,0.981
22.618,0.978
22.648,0.981
22.678,0.981
22.708,0.986
22.738,0.976
22.768,0.979
22.798,0.979
22.828,0.980
22.858,0.985
22.888,0.980
22.918,0.976
22.948,0.980
22.978,0.981
23.008,0.979
23.038,0.985
23.068,0.985
23.098,0.975
23.128,0.980
23.158,0.982
23.188,0.984
23.218,0.986
23.248,0.974
23.278,0.982
23.308,0.981
23.338,0.982
23.368,0.981
23.398,0.982
23.428,0.983
23.458,0.979
23.488,0.982
23.518,0.975
23.548,0.984
23.578,0.982
23.608,0.978
23.638,0.978
23.668,0.981
23.698,0.984
23.728,0.982
23.758,0.977
23.788,0.983
23.818,0.980
23.848,0.981
23.878,0.984
23.908,0.980
23.938,0.979
23.968,0.982
23.998,0.989
24.028,0.977
24.058,0.982
24.088,0.981
24.118,0.980
24.148,0.979
24.178,0.984
24.208,0.981
24.238,0.975
24.268,0.978
24.298,0.979
24.328,0.978
24.358,0.986
24.388,0.988
24.418,0.983
24.448,0.979
24.478,0.979
24.508,0.979
24.538,0.979
24.568,0.973
24.598,0.981
24.628,0.977
24.658,0.980
24.688,0.980
24.718,0.984
24.748,0.986
24.778,0.981
24.808,0.981
24.838,0.982
24.868,0.978
24.898,0.979
24.928,0.981
24.958,0.979
24.988,0.977
25.018,0.978
25.048,0.986
25.078,0.976
25.108,0.986
25.138,0.976
25.168,0.978
25.198,0.979
25.228,0.980
25.258,0.985
25.288,0.976
25.318,0.983
25.348,0.978
25.378,0.978
25.408,0.984
25.438,0.979
25.468,0.979
25.498,0.976
25.528,0.981
25.558,0.980
25.588,0.983
25.618,0.978
25.648,0.971
25.678,0.979
25.708,0.985
25.738,0.983
25.768,0.978
25.798,0.974
25.828,0.978
25.858,0.977
25.888,0.986
25.918,0.985
25.948,0.981
25.978,0.975
26.008,0.979
26.038,0.982
26.068,0.989
26.098,0.982
26.128,0.972
26.158,0.974
26.188,0.982
26.218,0.984
26.248,0.979
26.278,0.979
26.308,0.983
26.338,0.980
26.368,0.983
26.398,0.982
26.428,0.977
26.458,0.981
26.488,0.980
26.518,0.982
26.548,0.983
26.578,0.983
26.608,0.975
26.638,0.977
26.668,0.976
26.698,0.987
26.728,0.984
26.758,0.974
26.788,0.980
26.818,0.983
26.848,0.980
26.878,0.981
26.908,0.980
26.938,0.978
26.968,0.980
26.998,0.985
27.028,0.976
27.058,0.984
27.088,0.982
27.118,0.980
27.148,0.980
27.178,0.984
27.208,0.988
27.238,0.973
27.268,0.983
27.298,0.985
27.328,0.977
27.358,0.979
27.388,0.979
27.418,0.981
27.448,0.983
27.478,0.986
27.508,0.973
27.538,0.983
27.568,0.985
27.598,0.977
27.628,0.978
27.658,0.981
27.688,0.983
27.718,0.981
27.748,0.977
27.778,0.986
27.808,0.979
27.838,0.981
27.868,0.984
27.898,0.985
27.928,0.986
27.958,0.982
27.988,0.975
28.018,0.981
28.048,0.987
28.078,0.974
28.108,0.977
28.138,0.985
28.168,0.983
28.198,0.982
28.228,0.981
28.258,0.983
28.288,0.979
28.318,0.983
28.348,0.985
28.378,0.985
28.408,0.980
28.438,0.982
28.468,0.980
28.498,0.986
28.528,0.981
28.558,0.977
28.588,0.976
28.618,0.987
28.648,0.982
28.678,0.980
28.708,0.982
28.738,0.983
28.768,0.974
28.798,0.982
28.828,0.988
28.858,0.980
28.888,0.983
28.918,0.979
28.948,0.988
28.978,0.984
29.008,0.984
29.038,0.976
29.068,0.979
29.098,0.983
29.128,0.982
29.158,0.989
29.188,0.977
29.218,0.983
29.248,0.978
29.278,0.981
29.308,0.983
29.338,0.979
29.368,0.982
29.398,0.981
29.428,0.986
29.458,0.980
29.488,0.985
29.518,0.983
29.548,0.975
29.578,0.981
29.608,0.983
29.638,0.985
29.668,0.972
29.698,0.980
29.728,0.984
29.758,0.978
29.788,0.982
29.818,0.982
29.848,0.980
29.878,0.981
29.908,0.979
29.938,0.982
29.968,0.985
29.998,0.988
30.028,0.979
30.058,0.983
30.088,0.979
30.118,0.984
30.148,0.983
30.178,0.974
30.208,0.979
30.238,0.983
30.268,0.979
30.298,0.980
30.328,0.978
30.358,0.980
30.388,0.982
30.418,0.983
30.448,0.983
30.478,0.975
30.508,0.986
30.538,0.981
30.568,0.979
30.598,0.979
30.628,0.981
30.658,0.982
30.688,0.982
30.718,0.980
30.748,0.984
30.778,0.980
30.808,0.981
30.838,0.984
30.868,0.982
30.898,0.981
30.928,0.985
30.958,0.982
30.988,0.973
31.018,0.982
31.048,0.987
31.078,0.978
31.108,0.978
31.138,0.983
31.168,0.980
31.198,0.988
31.228,0.980
31.258,0.987
31.288,0.983
31.318,0.980
31.348,0.979
31.378,0.979
31.408,0.983
31.438,0.982
31.468,0.985
31.498,0.984
31.528,0.977
31.558,0.987
31.588,0.978
31.618,0.980
31.648,0.978
31.678,0.984
31.708,0.983
31.738,0.978
31.768,0.977
31.798,0.983
31.828,0.980
31.858,0.982
31.888,0.978
31.918,0.979
31.948,0.982
31.978,0.982
32.008,0.983
32.038,0.988
32.068,0.977
32.098,0.983
32.128,0.981
32.158,0.979
32.188,0.978
32.218,0.987
32.248,0.982
32.278,0.974
32.308,0.984
32.338,0.978
32.368,0.978
32.398,0.987
32.428,0.983
32.458,0.982
32.488,0.980
32.518,0.983
32.548,0.983
32.578,0.974
32.608,0.982
32.638,0.978
32.668,0.978
32.698,0.979
32.728,0.983
32.758,0.984
32.788,0.976
32.818,0.982
32.848,0.983
32.878,0.976
32.908,0.980
32.938,0.978
32.968,0.978
32.998,0.979
33.028,0.980
33.058,0.985
33.088,0.979
33.118,0.986
33.148,0.979
33.178,0.978
33.208,0.979
33.238,0.983
33.268,0.985
33.298,0.979
33.328,0.981
33.358,0.977
33.388,0.979
33.418,0.982
33.448,0.981
33.478,0.984
33.508,0.982
33.538,0.983
33.568,0.977
33.598,0.985
33.628,0.985
33.658,0.979
33.688,0.977
33.718,0.982
33.748,0.985
33.778,0.983
33.808,0.976
33.838,0.982
33.868,0.979
33.898,0.982
33.928,0.981
33.958,0.979
33.988,0.981
34.018,0.979
34.048,0.981
34.078,0.977
34.108,0.984
34.138,0.980
34.168,0.981
34.198,0.979
34.228,0.983
34.258,0.987
34.288,0.978
34.318,0.979
34.348,0.982
34.378,0.979
34.408,0.985
34.438,0.982
34.468,0.979
34.498,0.980
34.528,0.984
34.558,0.979
34.588,0.980
34.618,0.985
34.648,0.978
34.678,0.981
34.708,0.976
34.738,0.984
34.768,0.984
34.798,0.975
34.828,0.981
34.858,0.984
34.888,0.984
34.918,0.984
34.948,0.983
34.978,0.979
35.008,0.982
35.038,0.984
35.068,0.983
35.098,0.979
35.128,0.987
35.158,0.983
35.188,0.976
35.218,0.981
35.248,0.983
35.278,0.985
35.308,0.977
35.338,0.981
35.368,0.983
35.398,0.979
35.428,0.980
35.458,0.979
35.488,0.981
35.518,0.979
35.548,0.982
35.578,0.981
35.608,0.982
35.638,0.984
35.668,0.985
35.698,0.976
35.728,0.981
35.758,0.986
35.788,0.985
35.818,0.987
35.848,0.982
35.878,0.983
35.908,0.979
35.938,0.980
35.968,0.982
35.998,0.984
36.028,0.985
36.058,0.981
36.088,0.983
36.118,0.984
36.148,0.986
36.178,0.981
36.208,0.968
36.238,0.979
36.268,0.985
36.298,0.985
36.328,0.993
36.358,0.983
36.388,0.978
36.418,0.978
36.448,0.979
36.478,0.986
36.508,0.981
36.538,0.982
36.568,0.979
36.598,0.979
36.628,0.982
36.658,0.985
36.688,0.987
36.718,0.974
36.748,0.980
36.778,0.985
36.808,0.984
36.838,0.986
36.868,0.977
36.898,0.984
36.928,0.980
36.958,0.981
36.988,0.984
37.018,0.984
37.048,0.983
37.078,0.984
37.108,0.978
37.138,0.972
37.168,0.985
37.198,0.985
37.228,0.977
37.258,0.979
37.288,0.982
37.318,0.990
37.348,0.984
37.378,0.982
37.408,0.984
37.438,0.977
37.468,0.982
37.498,0.982
37.528,0.983
37.558,0.980
37.588,0.985
37.618,0.982
37.648,0.975
37.678,0.983
37.708,0.985
37.738,0.981
37.768,0.978
37.798,0.980
37.828,0.983
37.858,0.987
37.888,0.980
37.918,0.987
37.948,0.978
37.978,0.979
38.008,0.981
38.038,0.983
38.068,0.982
38.098,0.987
38.128,0.983
38.158,0.974
38.188,0.986
38.218,0.980
38.248,0.981
38.278,0.982
38.308,0.984
38.338,0.984
38.368,0.978
38.398,0.976
38.428,0.985
38.458,0.981
38.488,0.985
38.518,0.982
38.548,0.982
38.578,0.981
38.608,0.984
38.638,0.985
38.668,0.979
38.698,0.988
38.728,0.982
38.758,0.983
38.788,0.981
38.818,0.982
38.848,0.983
38.878,0.977
38.908,0.979
38.938,0.985
38.968,0.977
38.998,0.983
39.028,0.984
39.058,0.979
39.088,0.981
39.118,0.983
39.148,0.979
39.178,0.985
39.208,0.981
39.238,0.974
39.268,0.983
39.298,0.984
39.328,0.984
39.358,0.979
39.388,0.981
39.418,0.982
39.448,0.975
39.478,0.985
39.508,0.985
39.538,0.984
39.568,0.978
39.598,0.981
39.628,0.986
39.658,0.981
39.688,0.980
39.718,0.977
39.748,0.980
39.778,0.985
39.808,0.988
39.838,0.978
39.868,0.982
39.898,0.985
39.928,0.979
39.958,0.985
39.988,0.981
40.018,0.979
40.048,0.981
40.078,0.979
40.108,0.984
40.138,0.987
40.168,0.988
40.198,0.975
40.228,0.977
40.258,0.982
40.288,0.984
40.318,0.990
40.348,0.979
40.378,0.986
40.408,0.979
40.438,0.982
40.468,0.988
40.498,0.984
40.528,0.978
40.558,0.983
40.588,0.984
40.618,0.979
40.648,0.987
40.678,0.985
40.708,0.981
40.738,0.976
40.768,0.984
40.798,0.985
40.828,0.971
40.858,0.983
40.888,0.983
40.918,0.981
40.948,0.983
40.978,0.980
41.008,0.976
41.038,0.979
41.068,0.982
41.098,0.981
41.128,0.980
41.158,0.988
41.188,0.981
41.218,0.979
41.248,0.977
41.278,0.985
41.308,0.984
41.338,0.972
41.368,0.979
41.398,0.981
41.428,0.980
41.458,0.981
41.488,0.984
41.518,0.982
41.548,0.982
41.578,0.981
41.608,0.985
41.638,0.971
41.668,0.981
41.698,0.982
41.728,0.979
41.758,0.979
41.788,0.979
41.818,0.987
41.848,0.984
41.878,0.980
41.908,0.985
41.938,0.986
41.968,0.978
41.998,0.983
42.028,0.984
42.058,0.980
42.088,0.983
42.118,0.979
42.148,0.983
42.178,0.986
42.208,0.984
42.238,0.984
42.268,0.974
42.298,0.979
42.328,0.986
42.358,0.986
42.388,0.981
42.418,0.976
42.448,0.986
42.478,0.979
42.508,0.979
42.538,0.983
42.568,0.983
42.598,0.980
42.628,0.982
42.658,0.979
42.688,0.977
42.718,0.980
42.748,0.985
42.778,0.980
42.808,0.975
42.838,0.980
42.868,0.985
42.898,0.986
42.928,0.980
42.958,0.979
42.988,0.985
43.018,0.975
43.048,0.983
43.078,0.982
43.108,0.980
43.138,0.979
43.168,0.981
43.198,0.988
43.228,0.985
43.258,0.973
43.288,0.985
43.318,0.983
43.348,0.976
43.378,0.980
43.408,0.982
43.438,0.981
43.468,0.979
43.498,0.980
43.528,0.985
43.558,0.981
43.588,0.984
43.618,0.982
43.648,0.979
43.678,0.980
43.708,0.984
43.738,0.980
43.768,0.981
43.798,0.980
43.828,0.984
43.858,0.984
43.888,0.982
43.918,0.981
43.948,0.986
43.978,0.983
44.008,0.972
44.038,0.983
44.068,0.984
44.098,0.978
44.128,0.983
44.158,0.983
44.188,0.981
44.218,0.981
44.248,0.985
44.278,0.981
44.308,0.975
44.338,0.983
44.368,0.988
44.398,0.977
44.428,0.979
44.458,0.984
44.488,0.986
44.518,0.981
44.548,0.979
44.578,0.986
44.608,0.983
44.638,0.982
44.668,0.980
44.698,0.982
44.728,0.981
44.758,0.985
44.788,0.984
44.818,0.983
44.848,0.974
44.878,0.984
44.908,0.986
44.938,0.980
44.968,0.982
44.998,0.984
45.028,0.984
45.058,0.989
45.088,0.981
45.118,0.987
45.148,0.975
45.178,0.981
45.208,0.979
45.238,0.981
45.268,0.985
45.298,0.985
45.328,0.982
45.358,0.982
45.388,0.980
45.418,0.982
45.448,0.980
45.478,0.978
45.508,0.981
45.538,0.983
45.568,0.981
45.598,0.979
45.628,0.985
45.658,0.984
45.688,0.979
45.718,0.985
45.748,0.978
45.778,0.978
45.808,0.985
45.838,0.983
45.868,0.985
45.898,0.983
45.928,0.982
45.958,0.979
45.988,0.973
46.018,0.979
46.048,0.985
46.078,0.986
46.108,0.978
46.138,0.981
46.168,0.981
46.198,0.979
46.228,0.988
46.258,0.979
46.288,0.979
46.318,0.982
46.348,0.986
46.378,0.985
46.408,0.985
46.438,0.985
46.468,0.979
46.498,0.973
46.528,0.981
46.558,0.987
46.588,0.986
46.618,0.975
46.648,0.983
46.678,0.981
46.708,0.982
46.738,0.988
46.768,0.979
46.798,0.981
46.828,0.981
46.858,0.983
46.888,0.979
46.918,0.988
46.948,0.986
46.978,0.979
47.008,0.979
47.038,0.979
47.068,0.984
47.098,0.988
47.128,0.974
47.158,0.980
47.188,0.981
47.218,0.979
47.248,0.985
47.278,0.980
47.308,0.979
47.338,0.980
47.368,0.987
47.398,0.984
47.428,0.981
47.458,0.988
47.488,0.979
47.518,0.981
47.548,0.981
47.578,0.985
47.608,0.984
47.638,0.977
47.668,0.982
47.698,0.980
47.728,0.979
47.758,0.980
47.788,0.979
47.818,0.979
47.848,0.984
47.878,0.986
47.908,0.985
47.938,0.976
47.968,0.985
47.998,0.980
48.028,0.983
48.058,0.980
48.088,0.984
48.118,0.982
48.148,0.978
48.178,0.982
48.208,0.983
48.238,0.978
48.268,0.983
48.298,0.980
48.328,0.983
48.358,0.987
48.388,0.985
48.418,0.979
48.448,0.971
48.478,0.982
48.508,0.987
48.538,0.979
48.568,0.983
48.598,0.981
48.628,0.986
48.658,0.988
48.688,0.979
48.718,0.985
48.748,0.977
48.778,0.981
48.808,0.985
48.838,0.982
48.868,0.984
48.898,0.983
48.928,0.984
48.958,0.979
48.988,0.987
49.018,0.987
49.048,0.978
49.078,0.989
49.108,0.986
49.138,0.987
49.168,0.976
49.198,0.985
49.228,0.979
49.258,0.979
49.288,0.983
49.318,0.983
49.348,0.982
49.378,0.979
49.408,0.981
49.438,0.987
49.468,0.986
49.498,0.980
49.528,0.977
49.558,0.979
49.588,0.985
49.618,0.984
49.648,0.982
49.678,0.979
49.708,0.983
49.738,0.979
49.768,0.984
49.798,0.987
49.828,0.981
49.858,0.980
49.888,0.984
49.918,0.985
49.948,0.983
49.978,0.987
50.008,0.982
50.038,0.979
50.068,0.978
50.098,0.985
50.128,0.989
50.158,0.978
50.188,0.986
50.218,0.979
50.248,0.979
50.278,0.986
50.308,0.984
50.338,0.979
50.368,0.983
50.398,0.981
50.428,0.973
50.458,0.984
50.488,0.984
50.518,0.983
50.548,0.981
50.578,0.986
50.608,0.982
50.638,0.982
50.668,0.979
50.698,0.985
50.728,0.977
50.758,0.983
50.788,0.983
50.818,0.980
50.848,0.982
50.878,0.984
50.908,0.988
50.938,0.979
50.968,0.989
50.998,0.983
51.028,0.981
51.058,0.981
51.088,0.983
51.118,0.987
51.148,0.977
51.178,0.980
51.208,0.982
51.238,0.983
51.268,0.983
51.298,0.984
51.328,0.980
51.358,0.983
51.388,0.985
51.418,0.987
51.448,0.979
51.478,0.988
51.508,0.980
51.538,0.980
51.568,0.979
51.598,0.986
51.628,0.984
51.658,0.975
51.688,0.981
51.718,0.983
51.748,0.982
51.778,0.981
51.808,0.981
51.838,0.981
51.868,0.984
51.898,0.983
51.928,0.981
51.958,0.984
51.988,0.985
52.018,0.972
52.048,0.982
52.078,0.987
52.108,0.991
52.138,0.987
52.168,0.979
52.198,0.983
52.228,0.974
52.258,0.979
52.288,0.984
52.318,0.985
52.348,0.983
52.378,0.980
52.408,0.981
52.438,0.978
52.468,0.983
52.498,0.981
52.528,0.977
52.558,0.979
52.588,0.986
52.618,0.989
52.648,0.979
52.678,0.979
52.708,0.984
52.738,0.978
52.768,0.985
52.798,0.985
52.828,0.984
52.858,0.984
52.888,0.980
52.918,0.985
52.948,0.980
52.978,0.985
53.008,0.983
53.038,0.977
53.068,0.980
53.098,0.987
53.128,0.989
53.158,0.985
53.188,0.979
53.218,0.987
53.248,0.983
53.278,0.983
53.308,0.982
53.338,0.980
53.368,0.979
53.398,0.985
53.428,0.987
53.458,0.978
53.488,0.983
53.518,0.979
53.548,0.980
53.578,0.979
53.608,0.987
53.638,0.985
53.668,0.977
53.698,0.982
53.728,0.984
53.758,0.981
53.788,0.984
53.818,0.983
53.848,0.979
53.878,0.986
53.908,0.983
53.938,0.987
53.968,0.978
53.998,0.986
54.028,0.984
54.058,0.982
54.088,0.979
54.118,0.987
54.148,0.985
54.178,0.980
54.208,0.978
54.238,0.986
54.268,0.979
54.298,0.984
54.328,0.981
54.358,0.982
54.388,0.983
54.418,0.980
54.448,0.981
54.478,0.977
54.508,0.986
54.538,0.983
54.568,0.973
54.598,0.980
54.628,0.988
54.658,0.984
54.688,0.981
54.718,0.985
54.748,0.984
54.778,0.976
54.808,0.986
54.838,0.989
54.868,0.984
54.898,0.983
54.928,0.983
54.958,0.985
54.988,0.984
55.018,0.985
55.048,0.978
55.078,0.979
55.108,0.983
55.138,0.987
55.168,0.985
55.198,0.978
55.228,0.984
55.258,0.983
55.288,0.985
55.318,0.985
55.348,0.982
55.378,0.979
55.408,0.983
55.438,0.980
55.468,0.978
55.498,0.986
55.528,0.984
55.558,0.978
55.588,0.981
55.618,0.985
55.648,0.983
55.678,0.987
55.708,0.979
55.738,0.984
55.768,0.980
55.798,0.980
55.828,0.983
55.858,0.981
55.888,0.985
55.918,0.984
55.948,0.982
55.978,0.978
56.008,0.985
56.038,0.980
56.068,0.980
56.098,0.981
56.128,0.987
56.158,0.983
56.188,0.984
56.218,0.979
56.248,0.981
56.278,0.983
56.308,0.981
56.338,0.983
56.368,0.983
56.398,0.979
56.428,0.987
56.458,0.981
56.488,0.984
56.518,0.990
56.548,0.976
56.578,0.979
56.608,0.981
56.638,0.988
56.668,0.986
56.698,0.972
56.728,0.985
56.758,0.982
56.788,0.980
56.818,0.984
56.848,0.983
56.878,0.981
56.908,0.985
56.938,0.983
56.968,0.971
56.998,0.983
57.028,0.983
57.058,0.977
57.088,0.985
57.118,0.983
57.148,0.986
57.178,0.983
57.208,0.978
57.238,0.983
57.268,0.981
57.298,0.982
57.328,0.984
57.358,0.979
57.388,0.983
57.418,0.981
57.448,0.986
57.478,0.985
57.508,0.986
57.538,0.977
57.568,0.976
57.598,0.985
57.628,0.987
57.658,0.984
57.688,0.977
57.718,0.985
57.748,0.980
57.778,0.978
57.808,0.986
57.838,0.981
57.868,0.979
57.898,0.980
57.928,0.985
57.958,0.981
57.988,0.985
58.018,0.981
58.048,0.979
58.078,0.981
58.108,0.985
58.138,0.984
58.168,0.979
58.198,0.985
58.228,0.983
58.258,0.981
58.288,0.987
58.318,0.982
58.348,0.983
58.378,0.984
58.408,0.982
58.438,0.981
58.468,0.982
58.498,0.987
58.528,0.979
58.558,0.977
58.588,0.982
58.618,0.990
58.648,0.991
58.678,0.981
58.708,0.987
58.738,0.980
58.768,0.984
58.798,0.985
58.828,0.982
58.858,0.980
58.888,0.984
58.918,0.985
58.948,0.979
58.978,0.989
59.008,0.981
59.038,0.983
59.068,0.979
59.098,0.985
59.128,0.985
59.158,0.975
59.188,0.981
59.218,0.986
59.248,0.982
59.278,0.987
59.308,0.981
59.338,0.980
59.368,0.986
59.398,0.983
59.428,0.975
59.458,0.984
59.488,0.988
59.518,0.979
59.548,0.981
59.578,0.982
59.608,0.988
59.638,0.991
59.668,0.979
59.698,0.985
59.728,0.980
59.758,0.985
59.788,0.985
59.818,0.983
59.848,0.984
59.878,0.983
59.908,0.983
59.938,0.976
59.968,0.989
59.998,0.985
60.028,0.982
60.058,0.982
60.088,0.986
60.118,0.987
60.148,0.983
60.178,0.981
60.208,0.985
60.238,0.982
60.268,0.986
60.298,0.984
60.328,0.984
60.358,0.986
60.388,0.983
60.418,0.986
60.448,0.979
60.478,0.987
60.508,0.982
60.538,0.981
60.568,0.982
60.598,0.986
60.628,0.988
60.658,0.978
60.688,0.986
60.718,0.982
60.748,0.982
60.778,0.987
60.808,0.979
60.838,0.981
60.868,0.979
60.898,0.980
60.928,0.987
60.958,0.988
60.988,0.977
61.018,0.979
61.048,0.983
61.078,0.986
61.108,0.986
61.138,0.975
61.168,0.986
61.198,0.980
61.228,0.982
61.258,0.985
61.288,0.985
61.318,0.983
61.348,0.981
61.378,0.985
61.408,0.987
61.438,0.986
61.468,0.985
61.498,0.977
61.528,0.977
61.558,0.986
61.588,0.984
61.618,0.987
61.648,0.980
61.678,0.987
61.708,0.978
61.738,0.982
61.768,0.987
61.798,0.982
61.828,0.987
61.858,0.978
61.888,0.983
61.918,0.979
61.948,0.987
61.978,0.985
62.008,0.979
62.038,0.983
62.068,0.985
62.098,0.987
62.128,0.976
62.158,0.981
62.188,0.984
62.218,0.982
62.248,0.987
62.278,0.982
62.308,0.983
62.338,0.982
62.368,0.985
62.398,0.981
62.428,0.983
62.458,0.986
62.488,0.979
62.518,0.983
62.548,0.979
62.578,0.985
62.608,0.989
62.638,0.979
62.668,0.983
62.698,0.982
62.728,0.979
62.758,0.981
62.788,0.982
62.818,0.983
62.848,0.986
62.878,0.983
62.908,0.976
62.938,0.985
62.968,0.979
62.998,0.982
63.028,0.982
63.058,0.984
63.088,0.986
63.118,0.980
63.148,0.979
63.178,0.982
63.208,0.982
63.238,0.983
63.268,0.986
63.298,0.983
63.328,0.985
63.358,0.987
63.388,0.986
63.418,0.979
63.448,0.985
63.478,0.979
63.508,0.979
63.538,0.981
63.568,0.987
63.598,0.985
63.628,0.977
63.658,0.983
63.688,0.981
63.718,0.983
63.748,0.985
63.778,0.977
63.808,0.983
63.838,0.987
63.868,0.982
63.898,0.990
63.928,0.981
63.958,0.985
63.988,0.983
64.018,0.979
64.048,0.985
64.078,0.987
64.108,0.989
64.138,0.982
64.168,0.986
64.198,0.981
64.228,0.980
64.258,0.986
64.288,0.985
64.318,0.988
64.348,0.981
64.378,0.979
64.408,0.979
64.438,0.991
64.468,0.980
64.498,0.971
64.528,0.982
64.558,0.984
64.588,0.987
64.618,0.980
64.648,0.982
64.678,0.983
64.708,0.983
64.738,0.986
64.768,0.984
64.798,0.982
64.828,0.979
64.858,0.983
64.888,0.986
64.918,0.993
64.948,0.983
64.978,0.977
65.008,0.982
65.038,0.988
65.068,0.986
65.098,0.977
65.128,0.981
65.158,0.985
65.188,0.981
65.218,0.986
65.248,0.986
65.278,0.981
65.308,0.982
65.338,0.981
65.368,0.979
65.398,0.984
65.428,0.990
65.458,0.983
65.488,0.981
65.518,0.983
65.548,0.989
65.578,0.991
65.608,0.975
65.638,0.982
65.668,0.980
65.698,0.983
65.728,0.983
65.758,0.979
65.788,0.978
65.818,0.984
65.848,0.984
65.878,0.982
65.908,0.988
65.938,0.981
65.968,0.983
65.998,0.980
66.028,0.987
66.058,0.984
66.088,0.973
66.118,0.986
66.148,0.980
66.178,0.982
66.208,0.982
66.238,0.983
66.268,0.982
66.298,0.983
66.328,0.986
66.358,0.981
66.388,0.989
66.418,0.981
66.448,0.981
66.478,0.980
66.508,0.985
66.538,0.986
66.568,0.973
66.598,0.982
66.628,0.984
66.658,0.979
66.688,0.986
66.718,0.983
66.748,0.984
66.778,0.984
66.808,0.985
66.838,0.982
66.868,0.988
66.898,0.988
66.928,0.978
66.958,0.982
66.988,0.986
67.018,0.986
67.048,0.984
67.078,0.982
67.108,0.987
67.138,0.979
67.168,0.986
67.198,0.984
67.228,0.981
67.258,0.984
67.288,0.982
67.318,0.982
67.348,0.982
67.378,0.985
67.408,0.979
67.438,0.976
67.468,0.981
67.498,0.987
67.528,0.984
67.558,0.973
67.588,0.984
67.618,0.984
67.648,0.982
67.678,0.984
67.708,0.985
67.738,0.981
67.768,0.984
67.798,0.985
67.828,0.986
67.858,0.982
67.888,0.988
67.918,0.978
67.948,0.980
67.978,0.982
68.008,0.987
68.038,0.985
68.068,0.977
68.098,0.984
68.128,0.982
68.158,0.980
68.188,0.987
68.218,0.982
68.248,0.976
68.278,0.980
68.308,0.980
68.338,0.980
68.368,0.986
68.398,0.986
68.428,0.980
68.458,0.986
68.488,0.982
68.518,0.987
68.548,0.985
68.578,0.972
68.608,0.985
68.638,0.983
68.668,0.979
68.698,0.984
68.728,0.979
68.758,0.974
68.788,0.987
68.818,0.985
68.848,0.979
68.878,0.986
68.908,0.990
68.938,0.980
68.968,0.982
68.998,0.979
69.028,0.987
69.058,0.986
69.088,0.976
69.118,0.985
69.148,0.984
69.178,0.983
69.208,0.983
69.238,0.985
69.268,0.981
69.298,0.987
69.328,0.984
69.358,0.982
69.388,0.977
69.418,0.984
69.448,0.982
69.478,0.977
69.508,0.982
69.538,0.986
69.568,0.980
69.598,0.983
69.628,0.982
69.658,0.986
69.688,0.981
69.718,0.984
69.748,0.985
69.778,0.981
69.808,0.985
69.838,0.983
69.868,0.982
69.898,0.979
69.928,0.982
69.958,0.983
69.988,0.978
70.018,0.980
70.048,0.987
70.078,0.984
70.108,0.980
70.138,0.981
70.168,0.979
70.198,0.983
70.228,0.987
70.258,0.984
70.288,0.985
70.318,0.979
70.348,0.986
70.378,0.986
70.408,0.989
70.438,0.985
70.468,0.975
70.498,0.981
70.528,0.986
70.558,0.988
70.588,0.986
70.618,0.982
70.648,0.986
70.678,0.981
70.708,0.985
70.738,0.985
70.768,0.982
70.798,0.984
70.828,0.982
70.858,0.981
70.888,0.979
70.918,0.986
70.948,0.987
70.978,0.977
71.008,0.980
71.038,0.984
71.068,0.987
71.098,0.988
71.128,0.980
71.158,0.990
71.188,0.983
71.218,0.981
71.248,0.987
71.278,0.979
71.308,0.988
71.338,0.983
71.368,0.982
71.398,0.977
71.428,0.989
71.458,0.984
71.488,0.979
71.518,0.980
71.548,0.986
71.578,0.984
71.608,0.986
71.638,0.979
71.668,0.985
71.698,0.981
71.728,0.980
71.758,0.986
71.788,0.980
71.818,0.983
71.848,0.988
71.878,0.980
71.908,0.977
71.938,0.981
71.968,0.987
71.998,0.981
72.028,0.981
72.058,0.984
72.088,0.988
72.118,0.988
72.148,0.979
72.178,0.986
72.208,0.980
72.238,0.984
72.268,0.983
72.298,0.984
72.328,0.980
72.358,0.986
72.388,0.985
72.418,0.978
72.448,0.986
72.478,0.988
72.508,0.980
72.538,0.980
72.568,0.983
72.598,0.987
72.628,0.987
72.658,0.977
72.688,0.984
72.718,0.983
72.748,0.980
72.778,0.985
72.808,0.981
72.838,0.986
72.868,0.987
72.898,0.982
72.928,0.978
72.958,0.985
72.988,0.989
73.018,0.978
73.048,0.985
73.078,0.982
73.108,0.986
73.138,0.990
73.168,0.980
73.198,0.988
73.228,0.981
73.258,0.983
73.288,0.985
73.318,0.981
73.348,0.985
73.378,0.985
73.408,0.980
73.438,0.978
73.468,0.985
73.498,0.986
73.528,0.980
73.558,0.981
73.588,0.983
73.618,0.986
73.648,0.986
73.678,0.980
73.708,0.985
73.738,0.980
73.768,0.983
73.798,0.987
73.828,0.984
73.858,0.983
73.888,0.983
73.918,0.983
73.948,0.985
73.978,0.987
74.008,0.981
74.038,0.979
74.068,0.986
74.098,0.986
74.128,0.988
74.158,0.980
74.188,0.982
74.218,0.978
74.248,0.983
74.278,0.988
74.308,0.984
74.338,0.982
74.368,0.982
74.398,0.983
74.428,0.984
74.458,0.989
74.488,0.983
74.518,0.975
74.548,0.981
74.578,0.987
74.608,0.989
74.638,0.978
74.668,0.979
74.698,0.980
74.728,0.981
74.758,0.988
74.788,0.986
74.818,0.980
74.848,0.984
74.878,0.986
74.908,0.985
74.938,0.981
74.968,0.988
74.998,0.983
75.028,0.978
75.058,0.981
75.088,0.990
75.118,0.988
75.148,0.979
75.178,0.985
75.208,0.983
75.238,0.982
75.268,0.987
75.298,0.984
75.328,0.985
75.358,0.982
75.388,0.985
75.418,0.974
75.448,0.985
75.478,0.986
75.508,0.983
75.538,0.982
75.568,0.982
75.598,0.988
75.628,0.992
75.658,0.984
75.688,0.987
75.718,0.980
75.748,0.985
75.778,0.982
75.808,0.986
75.838,0.981
75.868,0.988
75.898,0.985
75.928,0.979
75.958,0.989
75.988,0.982
76.018,0.987
76.048,0.981
76.078,0.985
76.108,0.986
76.138,0.979
76.168,0.982
76.198,0.983
76.228,0.979
76.258,0.985
76.288,0.980
76.318,0.984
76.348,0.986
76.378,0.986
76.408,0.985
76.438,0.983
76.468,0.987
76.498,0.978
76.528,0.982
76.558,0.983
76.588,0.984
76.618,0.994
76.648,0.984
76.678,0.989
76.708,0.982
76.738,0.983
76.768,0.983
76.798,0.986
76.828,0.985
76.858,0.987
76.888,0.987
76.918,0.975
76.948,0.985
76.978,0.988
77.008,0.982
77.038,0.980
77.068,0.983
77.098,0.985
77.128,0.984
77.158,0.983
77.188,0.985
77.218,0.980
77.248,0.985
77.278,0.985
77.308,0.986
77.338,0.981
77.368,0.981
77.398,0.985
77.428,0.983
77.458,0.991
77.488,0.986
77.518,0.977
77.548,0.985
77.578,0.989
77.608,0.985
77.638,0.981
77.668,0.986
77.698,0.979
77.728,0.981
77.758,0.987
77.788,0.988
77.818,0.982
77.848,0.979
77.878,0.985
77.908,0.988
77.938,0.990
77.968,0.981
77.998,0.977
78.028,0.979
78.058,0.988
78.088,0.988
78.118,0.979
78.148,0.982
78.178,0.984
78.208,0.983
78.238,0.986
78.268,0.984
78.298,0.985
78.328,0.982
78.358,0.986
78.388,0.983
78.418,0.986
78.448,0.987
78.478,0.982
78.508,0.979
78.538,0.982
78.568,0.988
78.598,0.987
78.628,0.973
78.658,0.984
78.688,0.983
78.718,0.983
78.748,0.988
78.778,0.987
78.808,0.983
78.838,0.986
78.868,0.985
78.898,0.979
78.928,0.987
78.958,0.990
78.988,0.981
79.018,0.983
79.048,0.985
79.078,0.987
79.108,0.989
79.138,0.979
79.168,0.987
79.198,0.984
79.228,0.981
79.258,0.986
79.288,0.984
79.318,0.986
79.348,0.985
79.378,0.986
79.408,0.976
79.438,0.989
79.468,0.985
79.498,0.980
79.528,0.979
79.558,0.986
79.588,0.985
79.618,0.980
79.648,0.978
79.678,0.985
79.708,0.979
79.738,0.987
79.768,0.984
79.798,0.987
79.828,0.982
79.858,0.985
79.888,0.984
79.918,0.979
79.948,0.987
79.978,0.986
80.008,0.981
80.038,0.981
80.068,0.987
80.098,0.991
80.128,0.981
80.158,0.984
80.188,0.985
80.218,0.980
80.248,0.986
80.278,0.984
80.308,0.985
80.338,0.983
80.368,0.986
80.398,0.986
80.428,0.976
80.458,0.987
80.488,0.991
80.518,0.979
80.548,0.985
80.578,0.985
80.608,0.988
80.638,0.991
80.668,0.982
80.698,0.986
80.728,0.982
80.758,0.982
80.788,0.984
80.818,0.983
80.848,0.985
80.878,0.986
80.908,0.988
80.938,0.988
80.968,0.983
80.998,0.987
81.028,0.981
81.058,0.982
81.088,0.986
81.118,0.986
81.148,0.988
81.178,0.982
81.208,0.988
81.238,0.983
81.268,0.984
81.298,0.984
81.328,0.985
81.358,0.986
81.388,0.982
81.418,0.981
81.448,0.983
81.478,0.988
81.508,0.981
81.538,0.979
81.568,0.984
81.598,0.987
81.628,0.989
81.658,0.982
81.688,0.985
81.718,0.983
81.748,0.987
81.778,0.988
81.808,0.987
81.838,0.982
81.868,0.982
81.898,0.986
81.928,0.987
81.958,0.984
81.988,0.989
82.018,0.985
82.048,0.979
82.078,0.982
82.108,0.989
82.138,0.988
82.168,0.978
82.198,0.986
82.228,0.988
82.258,0.986
82.288,0.983
82.318,0.986
82.348,0.988
82.378,0.981
82.408,0.985
82.438,0.979
82.468,0.988
82.498,0.988
82.528,0.981
82.558,0.980
82.588,0.986
82.618,0.990
82.648,0.990
82.678,0.981
82.708,0.988
82.738,0.984
82.768,0.981
82.798,0.987
82.828,0.983
82.858,0.985
82.888,0.985
82.918,0.987
82.948,0.975
82.978,0.987
83.008,0.989
83.038,0.980
83.068,0.985
83.098,0.985
83.128,0.988
83.158,0.992
83.188,0.980
83.218,0.989
83.248,0.987
83.278,0.984
83.308,0.986
83.338,0.983
83.368,0.988
83.398,0.988
83.428,0.985
83.458,0.977
83.488,0.989
83.518,0.982
83.548,0.980
83.578,0.984
83.608,0.983
83.638,0.989
83.668,0.989
83.698,0.984
83.728,0.989
83.758,0.984
83.788,0.982
83.818,0.986
83.848,0.984
83.878,0.984
83.908,0.986
83.938,0.982
83.968,0.975
83.998,0.989
84.028,0.985
84.058,0.978
84.088,0.984
84.118,0.985
84.148,0.986
84.178,0.987
84.208,0.983
84.238,0.990
84.268,0.981
84.298,0.987
84.328,0.989
84.358,0.986
84.388,0.986
84.418,0.986
84.448,0.987
84.478,0.978
84.508,0.988
84.538,0.990
84.568,0.981
84.598,0.986
84.628,0.985
84.658,0.988
84.688,0.980
84.718,0.984
84.748,0.987
84.778,0.981
84.808,0.985
84.838,0.989
84.868,0.985
84.898,0.985
84.928,0.987
84.958,0.987
84.988,0.987
85.018,0.986
85.048,0.979
85.078,0.979
85.108,0.987
85.138,0.987
85.168,0.988
85.198,0.986
85.228,0.989
85.258,0.983
85.288,0.986
85.318,0.984
85.348,0.986
85.378,0.985
85.408,0.984
85.438,0.986
85.468,0.990
85.498,0.992
85.528,0.984
85.558,0.979
85.588,0.983
85.618,0.989
85.648,0.989
85.678,0.983
85.708,0.982
85.738,0.988
85.768,0.984
85.798,0.985
85.828,0.985
85.858,0.984
85.888,0.985
85.918,0.987
85.948,0.985
85.978,0.980
86.008,0.991
86.038,0.983
86.068,0.979
86.098,0.981
86.128,0.990
86.158,0.989
86.188,0.982
86.218,0.982
86.248,0.990
86.278,0.986
86.308,0.986
86.338,0.984
86.368,0.983
86.398,0.988
86.428,0.988
86.458,0.987
86.488,0.989
86.518,0.990
86.548,0.979
86.578,0.980
86.608,0.984
86.638,0.991
86.668,0.989
86.698,0.978
86.728,0.984
86.758,0.984
86.788,0.983
86.818,0.990
86.848,0.987
86.878,0.981
86.908,0.985
86.938,0.984
86.968,0.979
86.998,0.987
87.028,0.994
87.058,0.985
87.088,0.985
87.118,0.984
87.148,0.988
87.178,0.988
87.208,0.982
87.238,0.988
87.268,0.985
87.298,0.987
87.328,0.986
87.358,0.982
87.388,0.985
87.418,0.988
87.448,0.986
87.478,0.978
87.508,0.987
87.538,0.992
87.568,0.979
87.598,0.982
87.628,0.983
87.658,0.989
87.688,0.992
87.718,0.982
87.748,0.986
87.778,0.981
87.808,0.988
87.838,0.989
87.868,0.981
87.898,0.985
87.928,0.990
87.958,0.988
87.988,0.978
88.018,0.989
88.048,0.983
88.078,0.983
88.108,0.983
88.138,0.986
88.168,0.988
88.198,0.979
88.228,0.984
88.258,0.986
88.288,0.984
88.318,0.988
88.348,0.983
88.378,0.984
88.408,0.989
88.438,0.990
88.468,0.989
88.498,0.980
88.528,0.985
88.558,0.986
88.588,0.981
88.618,0.986
88.648,0.985
88.678,0.988
88.708,0.979
88.738,0.986
88.768,0.987
88.798,0.981
88.828,0.986
88.858,0.989
88.888,0.983
88.918,0.984
88.948,0.988
88.978,0.989
89.008,0.988
89.038,0.989
89.068,0.981
89.098,0.979
89.128,0.990
89.158,0.987
89.188,0.991
89.218,0.985
89.248,0.987
89.278,0.983
89.308,0.984
89.338,0.988
89.368,0.981
89.398,0.986
89.428,0.985
89.458,0.981
89.488,0.987
89.518,0.991
89.548,0.985
89.578,0.979
89.608,0.986
89.638,0.991
89.668,0.990
89.698,0.979
89.728,0.982
89.758,0.985
89.788,0.984
89.818,0.987
89.848,0.990
89.878,0.987
89.908,0.982
89.938,0.985
89.968,0.986
89.998,0.990
90.028,0.987
90.058,0.981
90.088,0.982
90.118,0.987
90.148,0.988
90.178,0.989
90.208,0.981
90.238,0.989
90.268,0.984
90.298,0.988
90.328,0.987
90.358,0.982
90.388,0.987
90.418,0.988
90.448,0.988
90.478,0.980
90.508,0.989
90.538,0.990
90.568,0.979
90.598,0.980
90.628,0.986
90.658,0.986
90.688,0.990
90.718,0.982
90.748,0.992
90.778,0.985
90.808,0.986
90.838,0.985
90.868,0.984
90.898,0.985
90.928,0.988
90.958,0.988
90.988,0.980
91.018,0.989
91.048,0.983
91.078,0.981
91.108,0.980
91.138,0.986
91.168,0.988
91.198,0.984
91.228,0.986
91.258,0.990
91.288,0.981
91.318,0.987
91.348,0.984
91.378,0.983
91.408,0.984
91.438,0.987
91.468,0.982
91.498,0.980
91.528,0.986
91.558,0.990
91.588,0.980
91.618,0.984
91.648,0.983
91.678,0.986
91.708,0.988
91.738,0.983
91.768,0.991
91.798,0.985
91.828,0.984
91.858,0.988
91.888,0.984
91.918,0.984
91.948,0.986
91.978,0.988
92.008,0.988
92.038,0.984
92.068,0.987
92.098,0.986
92.128,0.986
92.158,0.983
92.188,0.991
92.218,0.986
92.248,0.979
92.278,0.986
92.308,0.985
92.338,0.981
92.368,0.988
92.398,0.983
92.428,0.986
92.458,0.985
92.488,0.982
92.518,0.990
92.548,0.988
92.578,0.985
92.608,0.977
92.638,0.984
92.668,0.988
92.698,0.987
92.728,0.985
92.758,0.985
92.788,0.985
92.818,0.977
92.848,0.988
92.878,0.992
92.908,0.987
92.938,0.983
92.968,0.984
92.998,0.986
93.028,0.986
93.058,0.990
93.088,0.981
93.118,0.981
93.148,0.985
93.178,0.989
93.208,0.989
93.238,0.980
93.268,0.983
93.298,0.983
93.328,0.986
93.358,0.986
93.388,0.986
93.418,0.984
93.448,0.984
93.478,0.987
93.508,0.983
93.538,0.990
93.568,0.988
93.598,0.982
93.628,0.981
93.658,0.984
93.688,0.987
93.718,0.991
93.748,0.979
93.778,0.992
93.808,0.983
93.838,0.987
93.868,0.988
93.898,0.984
93.928,0.986
93.958,0.990
93.988,0.984
94.018,0.978
94.048,0.986
94.078,0.991
94.108,0.981
94.138,0.984
94.168,0.986
94.198,0.987
94.228,0.989
94.258,0.983
94.288,0.989
94.318,0.983
94.348,0.984
94.378,0.986
94.408,0.987
94.438,0.983
94.468,0.988
94.498,0.986
94.528,0.980
94.558,0.984
94.588,0.990
94.618,0.983
94.648,0.980
94.678,0.984
94.708,0.989
94.738,0.992
94.768,0.981
94.798,0.991
94.828,0.981
94.858,0.982
94.888,0.985
94.918,0.984
94.948,0.983
94.978,0.988
95.008,0.983
95.038,0.980
95.068,0.988
95.098,0.991
95.128,0.978
95.158,0.984
95.188,0.986
95.218,0.987
95.248,0.991
95.278,0.984
95.308,0.987
95.338,0.985
95.368,0.983
95.398,0.986
95.428,0.984
95.458,0.982
95.488,0.986
95.518,0.989
95.548,0.985
95.578,0.989
95.608,0.986
95.638,0.980
95.668,0.985
95.698,0.988
95.728,0.987
95.758,0.989
95.788,0.985
95.818,0.985
95.848,0.980
95.878,0.985
95.908,0.984
95.938,0.981
95.968,0.984
95.998,0.983
96.028,0.984
96.058,0.987
96.088,0.987
96.118,0.979
96.148,0.977
96.178,0.985
96.208,0.989
96.238,0.990
96.268,0.983
96.298,0.982
96.328,0.986
96.358,0.984
96.388,0.987
96.418,0.989
96.448,0.984
96.478,0.982
96.508,0.988
96.538,0.987
96.568,0.992
96.598,0.988
96.628,0.979
96.658,0.983
96.688,0.981
96.718,0.993
96.748,0.988
96.778,0.975
96.808,0.991
96.838,0.985
96.868,0.981
96.898,0.987
96.928,0.985
96.958,0.985
96.988,0.989
97.018,0.988
97.048,0.979
97.078,0.989
97.108,0.988
97.138,0.980
97.168,0.980
97.198,0.987
97.228,0.985
97.258,0.990
97.288,0.986
97.318,0.992
97.348,0.982
97.378,0.983
97.408,0.986
97.438,0.984
97.468,0.986
97.498,0.985
97.528,0.990
97.558,0.982
97.588,0.988
97.618,0.984
97.648,0.986
97.678,0.982
97.708,0.983
97.738,0.987
97.768,0.980
97.798,0.986
97.828,0.989
97.858,0.984
97.888,0.985
97.918,0.984
97.948,0.981
97.978,0.985
98.008,0.986
98.038,0.985
98.068,0.982
98.098,0.988
98.128,0.982
98.158,0.985
98.188,0.980
98.218,0.986
98.248,0.988
98.278,0.974
98.308,0.983
98.338,0.987
98.368,0.984
98.398,0.987
98.428,0.989
98.458,0.985
98.488,0.985
98.518,0.988
98.548,0.982
98.578,0.983
98.608,0.991
98.638,0.980
98.668,0.986
98.698,0.984
98.728,0.995
98.758,0.989
98.788,0.976
98.818,0.990
98.848,0.984
98.878,0.983
98.908,0.988
98.938,0.983
98.968,0.983
98.998,0.984
99.028,0.983
99.058,0.983
99.088,0.991
99.118,0.988
99.148,0.979
99.178,0.986
99.208,0.988
99.238,0.989
99.268,0.988
99.298,0.985
99.328,0.987
99.358,0.984
99.388,0.984
99.418,0.985
99.448,0.984
99.478,0.985
99.508,0.982
99.538,0.983
99.568,0.981
99.598,0.985
99.628,0.985
99.658,0.976
99.688,0.985
99.718,0.990
99.748,0.988
99.778,0.979
99.808,0.986
99.838,0.984
99.868,0.984
99.898,0.984
99.928,0.986
99.958,0.984
99.988,0.984
100.018,0.987
100.048,0.988
100.078,0.987
100.108,0.987
100.138,0.982
100.168,0.979
100.198,0.986
100.228,0.988
100.258,0.988
100.288,0.979
100.318,0.989
100.348,0.984
100.378,0.985
100.408,0.990
100.438,0.983
100.468,0.980
100.498,0.985
100.528,0.985
100.558,0.989
100.588,0.988
100.618,0.990
100.648,0.979
100.678,0.984
100.708,0.984
100.738,0.988
100.768,0.989
100.798,0.976
100.828,0.986
100.858,0.986
100.888,0.983
100.918,0.984
100.948,0.986
100.978,0.981
101.008,0.986
101.038,0.986
101.068,0.987
101.098,0.983
101.128,0.990
101.158,0.984
101.188,0.983
101.218,0.982
101.248,0.987
101.278,0.990
101.308,0.979
101.338,0.983
101.368,0.983
101.398,0.982
101.428,0.984
101.458,0.986
101.488,0.984
101.518,0.984
101.548,0.986
101.578,0.984
101.608,0.979
101.638,0.984
101.668,0.992
101.698,0.981
101.728,0.986
101.758,0.985
101.788,0.990
101.818,0.988
101.848,0.976
101.878,0.988
101.908,0.989
101.938,0.982
101.968,0.986
101.998,0.988
102.028,0.986
102.058,0.986
102.088,0.988
102.118,0.985
102.148,0.990
102.178,0.986
102.208,0.992
102.238,0.982
102.268,0.982
102.298,0.986
102.328,0.994
102.358,0.986
102.388,0.978
102.418,0.988
102.448,0.983
102.478,0.982
102.508,0.985
102.538,0.985
102.568,0.983
102.598,0.984
102.628,0.984
102.658,0.982
102.688,0.983
102.718,0.987
102.748,0.985
102.778,0.980
102.808,0.984
102.838,0.989
102.868,0.991
102.898,0.976
102.928,0.981
102.958,0.986
102.988,0.984
103.018,0.985
103.048,0.985
103.078,0.984
103.108,0.984
103.138,0.987
103.168,0.986
103.198,0.985
103.228,0.988
103.258,0.988
103.288,0.981
103.318,0.979
103.348,0.986
103.378,0.990
103.408,0.987
103.438,0.978
103.468,0.986
103.498,0.984
103.528,0.984
103.558,0.989
103.588,0.986
103.618,0.982
103.648,0.986
103.678,0.990
103.708,0.990
103.738,0.978
103.768,0.990
103.798,0.981
103.828,0.982
103.858,0.981
103.888,0.988
103.918,0.987
103.948,0.984
103.978,0.983
104.008,0.988
104.038,0.984
104.068,0.986
104.098,0.985
104.128,0.984
104.158,0.985
104.188,0.990
104.218,0.985
104.248,0.977
104.278,0.989
104.308,0.991
104.338,0.982
104.368,0.983
104.398,0.986
104.428,0.988
104.458,0.989
104.488,0.981
104.518,0.989
104.548,0.986
104.578,0.985
104.608,0.986
104.638,0.987
104.668,0.986
104.698,0.986
104.728,0.987
104.758,0.987
104.788,0.986
104.818,0.989
104.848,0.983
104.878,0.981
104.908,0.984
104.938,0.988
104.968,0.986
104.998,0.979
105.028,0.989
105.058,0.981
105.088,0.985
105.118,0.985
105.148,0.983
105.178,0.985
105.208,0.986
105.238,0.989
105.268,0.989
105.298,0.989
105.328,0.987
105.358,0.981
105.388,0.981
105.418,0.987
105.448,0.990
105.478,0.987
105.508,0.984
105.538,0.986
105.568,0.982
105.598,0.984
105.628,0.988
105.658,0.986
105.688,0.984
105.718,0.984
105.748,0.980
105.778,0.987
105.808,0.988
105.838,0.983
105.868,0.979
105.898,0.984
105.928,0.989
105.958,0.986
105.988,0.978
106.018,0.986
106.048,0.987
106.078,0.982
106.108,0.986
106.138,0.983
106.168,0.981
106.198,0.985
106.228,0.988
106.258,0.988
106.288,0.983
106.318,0.988
106.348,0.981
106.378,0.979
106.408,0.984
106.438,0.991
106.468,0.989
106.498,0.979
106.528,0.987
106.558,0.984
106.588,0.983
106.618,0.985
106.648,0.986
106.678,0.986
106.708,0.988
106.738,0.986
106.768,0.980
106.798,0.987
106.828,0.985
106.858,0.980
106.888,0.984
106.918,0.984
106.948,0.990
106.978,0.991
107.008,0.980
107.038,0.987
107.068,0.985
107.098,0.984
107.128,0.986
107.158,0.982
107.188,0.988
107.218,0.986
107.248,0.986
107.278,0.979
107.308,0.988
107.338,0.988
107.368,0.984
107.398,0.984
107.428,0.986
107.458,0.988
107.488,0.991
107.518,0.982
107.548,0.989
107.578,0.981
107.608,0.983
107.638,0.982
107.668,0.985
107.698,0.986
107.728,0.988
107.758,0.993
107.788,0.979
107.818,0.990
107.848,0.985
107.878,0.982
107.908,0.982
107.938,0.988
107.968,0.993
107.998,0.980
108.028,0.986
108.058,0.988
108.088,0.980
108.118,0.983
108.148,0.985
108.178,0.984
108.208,0.985
108.238,0.983
108.268,0.985
108.298,0.986
108.328,0.990
108.358,0.981
108.388,0.985
108.418,0.987
108.448,0.991
108.478,0.987
108.508,0.981
108.538,0.988
108.568,0.985
108.598,0.982
108.628,0.990
108.658,0.989
108.688,0.983
108.718,0.983
108.748,0.986
108.778,0.989
108.808,0.988
108.838,0.985
108.868,0.978
108.898,0.982
108.928,0.984
108.958,0.985
108.988,0.986
109.018,0.985
109.048,0.990
109.078,0.985
109.108,0.988
109.138,0.984
109.168,0.986
109.198,0.985
109.228,0.984
109.258,0.986
109.288,0.981
109.318,0.988
109.348,0.988
109.378,0.977
109.408,0.982
109.438,0.989
109.468,0.985
109.498,0.990
109.528,0.983
109.558,0.991
109.588,0.983
109.618,0.985
109.648,0.985
109.678,0.982
109.708,0.984
109.738,0.992
109.768,0.982
109.798,0.979
109.828,0.985
109.858,0.987
109.888,0.979
109.918,0.984
109.948,0.983
109.978,0.988
110.008,0.990
110.038,0.980
110.068,0.989
110.098,0.984
110.128,0.985
110.158,0.985
110.188,0.983
110.218,0.979
110.248,0.987
110.278,0.986
110.308,0.988
110.338,0.983
110.368,0.990
110.398,0.981
110.428,0.984
110.458,0.983
110.488,0.988
110.518,0.983
110.548,0.985
110.578,0.980
110.608,0.989
110.638,0.980
110.668,0.986
110.698,0.985
110.728,0.986
110.758,0.980
110.788,0.985
110.818,0.988
110.848,0.987
110.878,0.980
110.908,0.986
110.938,0.984
110.968,0.983
110.998,0.985
111.028,0.986
111.058,0.984
111.088,0.989
111.118,0.986
111.148,0.989
111.178,0.991
111.208,0.983
111.238,0.983
111.268,0.983
111.298,0.986
111.328,0.989
111.358,0.984
111.388,0.985
111.418,0.979
111.448,0.987
111.478,0.988
111.508,0.979
111.538,0.986
111.568,0.984
111.598,0.988
111.628,0.987
111.658,0.985
111.688,0.989
111.718,0.984
111.748,0.984
111.778,0.985
111.808,0.983
111.838,0.987
111.868,0.986
111.898,0.987
111.928,0.984
111.958,0.985
111.988,0.991
112.018,0.988
112.048,0.979
112.078,0.985
112.108,0.991
112.138,0.990
112.168,0.983
112.198,0.982
112.228,0.990
112.258,0.982
112.288,0.987
112.318,0.983
112.348,0.981
112.378,0.986
112.408,0.987
112.438,0.986
112.468,0.988
112.498,0.988
112.528,0.993
112.558,0.980
112.588,0.977
112.618,0.984
112.648,0.995
112.678,0.988
112.708,0.975
112.738,0.987
112.768,0.992
112.798,0.984
112.828,0.986
112.858,0.985
112.888,0.985
112.918,0.985
112.948,0.988
112.978,0.982
113.008,0.978
113.038,0.990
113.068,0.990
113.098,0.982
113.128,0.984
113.158,0.984
113.188,0.990
113.218,0.990
113.248,0.982
113.278,0.989
113.308,0.988
113.338,0.986
113.368,0.986
113.398,0.985
113.428,0.986
113.458,0.987
113.488,0.989
113.518,0.984
113.548,0.980
113.578,0.988
113.608,0.991
113.638,0.982
113.668,0.986
113.698,0.986
113.728,0.993
113.758,0.990
113.788,0.978
113.818,0.989
113.848,0.988
113.878,0.985
113.908,0.988
113.938,0.985
113.968,0.985
113.998,0.987
114.028,0.988
114.058,0.984
114.088,0.974
114.118,0.988
114.148,0.986
114.178,0.986
114.208,0.983
114.238,0.985
114.268,0.985
114.298,0.992
114.328,0.984
114.358,0.988
114.388,0.984
114.418,0.984
114.448,0.983
114.478,0.986
114.508,0.983
114.538,0.987
114.568,0.988
114.598,0.987
114.628,0.984
114.658,0.990
114.688,0.983
114.718,0.982
114.748,0.986
114.778,0.991
114.808,0.989
114.838,0.977
114.868,0.989
114.898,0.985
114.928,0.983
114.958,0.984
114.988,0.984
115.018,0.981
115.048,0.987
115.078,0.987
115.108,0.990
115.138,0.984
115.168,0.990
115.198,0.984
115.228,0.982
115.258,0.986
115.288,0.991
115.318,0.988
115.348,0.988
115.378,0.989
115.408,0.988
115.438,0.983
115.468,0.986
115.498,0.985
115.528,0.985
115.558,0.985
115.588,0.990
115.618,0.987
115.648,0.986
115.678,0.987
115.708,0.980
115.738,0.979
115.768,0.989
115.798,0.989
115.828,0.987
115.858,0.980
115.888,0.987
115.918,0.982
115.948,0.983
115.978,0.991
116.008,0.982
116.038,0.984
116.068,0.984
116.098,0.988
116.128,0.985
116.158,0.990
116.188,0.989
116.218,0.979
116.248,0.983
116.278,0.988
116.308,0.989
116.338,0.988
116.368,0.980
116.398,0.987
116.428,0.986
116.458,0.985
116.488,0.987
116.518,0.983
116.548,0.987
116.578,0.986
116.608,0.984
116.638,0.977
116.668,0.988
116.698,0.990
116.728,0.979
116.758,0.982
116.788,0.983
116.818,0.989
116.848,0.990
116.878,0.982
116.908,0.992
116.938,0.982
116.968,0.986
116.998,0.985
117.028,0.986
117.058,0.991
117.088,0.988
117.118,0.983
117.148,0.976
117.178,0.987
117.208,0.992
117.238,0.982
117.268,0.983
117.298,0.988
117.328,0.986
117.358,0.989
117.388,0.983
117.418,0.987
117.448,0.981
117.478,0.989
117.508,0.986
117.538,0.985
117.568,0.989
117.598,0.991
117.628,0.986
117.658,0.982
117.688,0.992
117.718,0.984
117.748,0.985
117.778,0.984
117.808,0.991
117.838,0.987
117.868,0.980
117.898,0.984
117.928,0.986
117.958,0.984
117.988,0.987
118.018,0.984
118.048,0.983
118.078,0.986
118.108,0.990
118.138,0.990
118.168,0.981
118.198,0.989
118.228,0.982
118.258,0.987
118.288,0.985
118.318,0.991
118.348,0.991
118.378,0.981
118.408,0.989
118.438,0.985
118.468,0.982
118.498,0.986
118.528,0.989
118.558,0.986
118.588,0.985
118.618,0.985
118.648,0.987
118.678,0.992
118.708,0.990
118.738,0.982
118.768,0.987
118.798,0.987
118.828,0.991
118.858,0.992
118.888,0.984
118.918,0.988
118.948,0.982
118.978,0.988
119.008,0.987
119.038,0.982
119.068,0.987
119.098,0.989
119.128,0.988
119.158,0.982
119.188,0.988
119.218,0.984
119.248,0.981
119.278,0.988
119.308,0.991
119.338,0.991
119.368,0.978
119.398,0.984
119.428,0.989
119.458,0.985
119.488,0.988
119.518,0.985
119.548,0.982
119.578,0.986
119.608,0.986
119.638,0.985
119.668,0.979
119.698,0.989
119.728,0.988
119.758,0.981
119.788,0.984
119.818,0.987
119.848,0.991
119.878,0.989
119.908,0.984
119.938,0.992
119.968,0.982
119.998,0.990
120.028,0.986
120.058,0.986
120.088,0.985
120.118,0.987
120.148,0.986
120.178,0.978
120.208,0.986
120.238,0.988
120.268,0.985
120.298,0.983
120.328,0.984
120.358,0.991
120.388,0.990
120.418,0.981
120.448,0.989
120.478,0.986
120.508,0.984
120.538,0.986
120.568,0.985
120.598,0.984
120.628,0.987
120.658,0.986
120.688,0.985
120.718,0.977
120.748,0.985
120.778,0.992
120.808,0.983
120.838,0.985
120.868,0.987
120.898,0.991
120.928,0.988
120.958,0.981
120.988,0.990
121.018,0.988
121.048,0.985
121.078,0.986
121.108,0.984
121.138,0.989
121.168,0.986
121.198,0.986
121.228,0.984
121.258,0.987
121.288,0.986
121.318,0.990
121.348,0.983
121.378,0.983
121.408,0.989
121.438,0.993
121.468,0.985
121.498,0.978
121.528,0.988
121.558,0.988
121.588,0.984
121.618,0.988
121.648,0.988
121.678,0.985
121.708,0.985
121.738,0.988
121.768,0.991
121.798,0.990
121.828,0.988
121.858,0.987
121.888,0.983
121.918,0.980
121.948,0.987
121.978,0.989
122.008,0.987
122.038,0.981
122.068,0.989
122.098,0.984
122.128,0.987
122.158,0.984
122.188,0.987
122.218,0.985
122.248,0.988
122.278,0.987
122.308,0.984
122.338,0.980
122.368,0.990
122.398,0.988
122.428,0.981
122.458,0.980
122.488,0.992
122.518,0.990
122.548,0.988
122.578,0.988
122.608,0.989
122.638,0.982
122.668,0.989
122.698,0.986
122.728,0.984
122.758,0.986
122.788,0.990
122.818,0.987
122.848,0.989
122.878,0.984
122.908,0.988
122.938,0.987
122.968,0.981
122.998,0.984
123.028,0.988
123.058,0.991
123.088,0.988
123.118,0.984
123.148,0.993
123.178,0.980
123.208,0.986
123.238,0.986
123.268,0.982
123.298,0.987
123.328,0.989
123.358,0.986
123.388,0.980
123.418,0.984
123.448,0.990
123.478,0.983
123.508,0.986
123.538,0.984
123.568,0.989
123.598,0.988
123.628,0.980
123.658,0.987
123.688,0.989
123.718,0.984
123.748,0.988
123.778,0.983
123.808,0.987
123.838,0.988
123.868,0.988
123.898,0.987
123.928,0.982
123.958,0.993
123.988,0.985
124.018,0.985
124.048,0.984
124.078,0.988
124.108,0.985
124.138,0.984
124.168,0.987
124.198,0.992
124.228,0.979
124.258,0.983
124.288,0.982
124.318,0.987
124.348,0.989
124.378,0.988
124.408,0.985
124.438,0.979
124.468,0.990
124.498,0.991
124.528,0.983
124.558,0.984
124.588,0.990
124.618,0.987
124.648,0.991
124.678,0.985
124.708,0.991
124.738,0.984
124.768,0.984
124.798,0.983
124.828,0.984
124.858,0.985
124.888,0.986
124.918,0.986
124.948,0.989
124.978,0.991
125.008,0.985
125.038,0.980
125.068,0.986
125.098,0.993
125.128,0.989
125.158,0.980
125.188,0.985
125.218,0.983
125.248,0.984
125.278,0.988
125.308,0.987
125.338,0.983
125.368,0.982
125.398,0.990
125.428,0.990
125.458,0.990
125.488,0.985
125.518,0.979
125.548,0.983
125.578,0.988
125.608,0.990
125.638,0.992
125.668,0.985
125.698,0.989
125.728,0.985
125.758,0.988
125.788,0.986
125.818,0.984
125.848,0.984
125.878,0.984
125.908,0.985
125.938,0.981
125.968,0.986
125.998,0.988
126.028,0.981
126.058,0.981
126.088,0.989
126.118,0.990
126.148,0.991
126.178,0.984
126.208,0.990
126.238,0.986
126.268,0.988
126.298,0.988
126.328,0.987
126.358,0.986
126.388,0.989
126.418,0.989
126.448,0.982
126.478,0.989
126.508,0.988
126.538,0.983
126.568,0.981
126.598,0.990
126.628,0.988
126.658,0.980
126.688,0.983
126.718,0.993
126.748,0.986
126.778,0.989
126.808,0.987
126.838,0.986
126.868,0.987
126.898,0.986
126.928,0.985
126.958,0.987
126.988,0.994
127.018,0.983
127.048,0.989
127.078,0.982
127.108,0.987
127.138,0.991
127.168,0.980
127.198,0.987
127.228,0.986
127.258,0.985
127.288,0.988
127.318,0.985
127.348,0.988
127.378,0.988
127.408,0.987
127.438,0.980
127.468,0.990
127.498,0.990
127.528,0.987
127.558,0.986
127.588,0.984
127.618,0.990
127.648,0.994
127.678,0.984
127.708,0.991
127.738,0.985
127.768,0.989
127.798,0.984
127.828,0.988
127.858,0.989
127.888,0.986
127.918,0.986
127.948,0.980
127.978,0.988
128.008,0.992
128.038,0.981
128.068,0.985
128.098,0.989
128.128,0.991
128.158,0.994
128.188,0.982
128.218,0.990
128.248,0.985
128.278,0.987
128.308,0.986
128.338,0.984
128.368,0.987
128.398,0.988
128.428,0.988
128.458,0.986
128.488,0.989
128.518,0.984
128.548,0.981
128.578,0.984
128.608,0.991
128.638,0.988
128.668,0.979
128.698,0.986
128.728,0.985
128.758,0.984
128.788,0.986
128.818,0.988
128.848,0.985
128.878,0.984
128.908,0.991
128.938,0.987
128.968,0.989
128.998,0.987
129.028,0.979
129.058,0.987
129.088,0.991
129.118,0.990
129.148,0.990
129.178,0.982
129.208,0.992
129.238,0.985
129.268,0.989
129.298,0.986
129.328,0.988
129.358,0.989
129.388,0.984
129.418,0.988
129.448,0.982
129.478,0.991
129.508,0.986
129.538,0.983
129.568,0.982
129.598,0.990
129.628,0.992
129.658,0.979
129.688,0.982
129.718,0.990
129.748,0.987
129.778,0.991
129.808,0.984
129.838,0.985
129.868,0.984
129.898,0.992
129.928,0.987
129.958,0.986
129.988,0.992
130.018,0.983
130.048,0.986
130.078,0.985
130.108,0.990
130.138,0.987
130.168,0.977
130.198,0.987
130.228,0.988
130.258,0.987
130.288,0.987
130.318,0.984
130.348,0.987
130.378,0.988
130.408,0.989
130.438,0.980
130.468,0.989
130.498,0.993
130.528,0.982
130.558,0.985
130.588,0.986
130.618,0.990
130.648,0.990
130.678,0.981
130.708,0.989
130.738,0.985
130.768,0.986
130.798,0.986
130.828,0.983
130.858,0.990
130.888,0.987
130.918,0.987
130.948,0.978
130.978,0.986
131.008,0.988
131.038,0.983
131.068,0.988
131.098,0.987
131.128,0.990
131.158,0.992
131.188,0.986
131.218,0.991
131.248,0.984
131.278,0.987
131.308,0.988
131.338,0.987
131.368,0.987
131.398,0.988
131.428,0.985
131.458,0.984
131.488,0.995
131.518,0.987
131.548,0.981
131.578,0.987
131.608,0.990
131.638,0.986
131.668,0.985
131.698,0.985
131.728,0.989
131.758,0.983
131.788,0.988
131.818,0.989
131.848,0.984
131.878,0.985
131.908,0.987
131.938,0.989
131.968,0.983
131.998,0.991
132.028,0.984
132.058,0.979
132.088,0.987
132.118,0.990
132.148,0.987
132.178,0.980
132.208,0.986
132.238,0.988
132.268,0.986
132.298,0.988
132.328,0.988
132.358,0.985
132.388,0.984
132.418,0.989
132.448,0.992
132.478,0.986
132.508,0.990
132.538,0.984
132.568,0.984
132.598,0.984
132.628,0.993
132.658,0.990
132.688,0.979
132.718,0.985
132.748,0.988
132.778,0.982
132.808,0.991
132.838,0.987
132.868,0.985
132.898,0.985
132.928,0.989
132.958,0.981
132.988,0.985
133.018,0.991
133.048,0.986
133.078,0.988
133.108,0.983
133.138,0.990
133.168,0.989
133.198,0.978
133.228,0.989
133.258,0.984
133.288,0.984
133.318,0.986
133.348,0.986
133.378,0.987
133.408,0.988
133.438,0.988
133.468,0.986
133.498,0.988
133.528,0.993
133.558,0.985
133.588,0.989
133.618,0.983
133.648,0.988
133.678,0.984
133.708,0.979
133.738,0.988
133.768,0.988
133.798,0.985
133.828,0.987
133.858,0.982
133.888,0.990
133.918,0.987
133.948,0.987
133.978,0.986
134.008,0.987
134.038,0.991
134.068,0.986
134.098,0.985
134.128,0.986
134.158,0.988
134.188,0.989
134.218,0.984
134.248,0.985
134.278,0.985
134.308,0.984
134.338,0.988
134.368,0.987
134.398,0.987
134.428,0.987
134.458,0.986
134.488,0.991
134.518,0.993
134.548,0.988
134.578,0.981
134.608,0.986
134.638,0.990
134.668,0.988
134.698,0.985
134.728,0.984
134.758,0.986
134.788,0.980
134.818,0.989
134.848,0.986
134.878,0.985
134.908,0.985
134.938,0.993
134.968,0.988
134.998,0.983
135.028,0.986
135.058,0.984
135.088,0.981
135.118,0.990
135.148,0.989
135.178,0.993
135.208,0.981
135.238,0.985
135.268,0.984
135.298,0.990
135.328,0.987
135.358,0.987
135.388,0.985
135.418,0.985
135.448,0.987
135.478,0.981
135.508,0.990
135.538,0.989
135.568,0.982
135.598,0.983
135.628,0.989
135.658,0.991
135.688,0.991
135.718,0.984
135.748,0.991
135.778,0.986
135.808,0.984
135.838,0.985
135.868,0.986
135.898,0.988
135.928,0.989
135.958,0.990
135.988,0.982
136.018,0.995
136.048,0.984
136.078,0.982
136.108,0.983
136.138,0.991
136.168,0.990
136.198,0.982
136.228,0.986
136.258,0.989
136.288,0.984
136.318,0.989
136.348,0.987
136.378,0.989
136.408,0.989
136.438,0.986
136.468,0.985
136.498,0.985
136.528,0.992
136.558,0.982
136.588,0.983
136.618,0.986
136.648,0.988
136.678,0.990
136.708,0.983
136.738,0.992
136.768,0.986
136.798,0.986
136.828,0.987
136.858,0.988
136.888,0.989
136.918,0.987
136.948,0.988
136.978,0.984
137.008,0.986
137.038,0.992
137.068,0.982
137.098,0.984
137.128,0.988
137.158,0.992
137.188,0.989
137.218,0.981
137.248,0.991
137.278,0.986
137.308,0.983
137.338,0.986
137.368,0.986
137.398,0.988
137.428,0.986
137.458,0.987
137.488,0.985
137.518,0.987
137.548,0.991
137.578,0.987
137.608,0.987
137.638,0.988
137.668,0.989
137.698,0.995
137.728,0.983
137.758,0.991
137.788,0.988
137.818,0.985
137.848,0.986
137.878,0.986
137.908,0.988
137.938,0.989
137.968,0.987
137.998,0.989
138.028,0.987
138.058,0.995
138.088,0.982
138.118,0.984
138.148,0.988
138.178,0.992
138.208,0.991
138.238,0.987
138.268,0.989
138.298,0.988
138.328,0.984
138.358,0.988
138.388,0.987
138.418,0.986
138.448,0.989
138.478,0.987
138.508,0.991
138.538,0.989
138.568,0.985
138.598,0.980
138.628,0.985
138.658,0.991
138.688,0.990
138.718,0.979
138.748,0.985
138.778,0.989
138.808,0.985
138.838,0.987
138.868,0.989
138.898,0.987
138.928,0.990
138.958,0.992
138.988,0.986
139.018,0.985
139.048,0.989
139.078,0.991
139.108,0.980
139.138,0.987
139.168,0.988
139.198,0.992
139.228,0.981
139.258,0.981
139.288,0.992
139.318,0.985
139.348,0.993
139.378,0.982
139.408,0.986
139.438,0.987
139.468,0.988
139.498,0.992
139.528,0.983
139.558,0.992
139.588,0.989
139.618,0.987
139.648,0.987
139.678,0.988
139.708,0.992
139.738,0.987
139.768,0.983
139.798,0.990
139.828,0.988
139.858,0.987
139.888,0.986
139.918,0.986
139.948,0.990
139.978,0.992
140.008,0.986
140.038,0.981
140.068,0.990
140.098,0.985
140.128,0.986
140.158,0.987
140.188,0.987
140.218,0.989
140.248,0.995
140.278,0.983
140.308,0.993
140.338,0.987
140.368,0.987
140.398,0.987
140.428,0.985
140.458,0.991
140.488,0.991
140.518,0.984
140.548,0.987
140.578,0.986
140.608,0.993
140.638,0.982
140.668,0.982
140.698,0.987
140.728,0.991
140.758,0.990
140.788,0.984
140.818,0.988
140.848,0.988
140.878,0.984
140.908,0.991
140.938,0.989
140.968,0.988
140.998,0.987
141.028,0.990
141.058,0.987
141.088,0.987
141.118,0.989
141.148,0.983
141.178,0.981
141.208,0.985
141.238,0.993
141.268,0.989
141.298,0.981
141.328,0.987
141.358,0.986
141.388,0.982
141.418,0.988
141.448,0.988
141.478,0.986
141.508,0.987
141.538,0.989
141.568,0.991
141.598,0.989
141.628,0.988
141.658,0.984
141.688,0.980
141.718,0.991
141.748,0.988
141.778,0.994
141.808,0.990
141.838,0.988
141.868,0.988
141.898,0.987
141.928,0.987
141.958,0.987
141.988,0.983
142.018,0.989
142.048,0.988
142.078,0.989
142.108,0.989
142.138,0.992
142.168,0.985
142.198,0.985
142.228,0.987
142.258,0.991
142.288,0.993
142.318,0.982
142.348,0.990
142.378,0.988
142.408,0.986
142.438,0.986
142.468,0.986
142.498,0.988
142.528,0.991
142.558,0.988
142.588,0.980
142.618,0.987
142.648,0.990
142.678,0.982
142.708,0.986
142.738,0.986
142.768,0.989
142.798,0.992
142.828,0.984
142.858,0.993
142.888,0.989
142.918,0.988
142.948,0.987
142.978,0.987
143.008,0.988
143.038,0.990
143.068,0.985
143.098,0.980
143.128,0.988
143.158,0.993
143.188,0.983
143.218,0.990
143.248,0.986
143.278,0.989
143.308,0.995
143.338,0.980
143.368,0.990
143.398,0.988
143.428,0.986
143.458,0.988
143.488,0.986
143.518,0.986
143.548,0.985
143.578,0.988
143.608,0.989
143.638,0.987
143.668,0.991
143.698,0.983
143.728,0.983
143.758,0.984
143.788,0.997
143.818,0.990
143.848,0.985
143.878,0.990
143.908,0.987
143.938,0.988
143.968,0.989
143.998,0.988
144.028,0.987
144.058,0.984
144.088,0.990
144.118,0.990
144.148,0.990
144.178,0.989
144.208,0.983
144.238,0.984
144.268,0.991
144.298,0.990
144.328,0.988
144.358,0.989
144.388,0.986
144.418,0.990
144.448,0.984
144.478,0.989
144.508,0.986
144.538,0.988
144.568,0.986
144.598,0.989
144.628,0.987
144.658,0.990
144.688,0.990
144.718,0.981
144.748,0.982
144.778,0.991
144.808,0.989
144.838,0.989
144.868,0.985
144.898,0.989
144.928,0.987
144.958,0.988
144.988,0.988
145.018,0.987
145.048,0.987
145.078,0.988
145.108,0.990
145.138,0.978
145.168,0.992
145.198,0.992
145.228,0.984
145.258,0.984
145.288,0.987
145.318,0.989
145.348,0.986
145.378,0.984
145.408,0.994
145.438,0.992
145.468,0.989
145.498,0.988
145.528,0.984
145.558,0.986
145.588,0.994
145.618,0.986
145.648,0.978
145.678,0.989
145.708,0.991
145.738,0.983
145.768,0.982
145.798,0.990
145.828,0.990
145.858,0.991
145.888,0.985
145.918,0.989
145.948,0.987
145.978,0.989
146.008,0.988
146.038,0.986
146.068,0.988
146.098,0.988
146.128,0.987
146.158,0.976
146.188,0.991
146.218,0.988
146.248,0.986
146.278,0.984
146.308,0.985
146.338,0.990
146.368,0.992
146.398,0.985
146.428,0.992
146.458,0.984
146.488,0.986
146.518,0.989
146.548,0.988
146.578,0.989
146.608,0.989
146.638,0.986
146.668,0.986
146.698,0.990
146.728,0.988
146.758,0.986
146.788,0.987
146.818,0.985
146.848,0.992
146.878,0.993
146.908,0.988
146.938,0.987
146.968,0.989
146.998,0.989
147.028,0.987
147.058,0.983
147.088,0.985
147.118,0.985
147.148,0.988
147.178,0.989
147.208,0.989
147.238,0.992
147.268,0.982
147.298,0.983
147.328,0.986
147.358,0.991
147.388,0.990
147.418,0.985
147.448,0.995
147.478,0.989
147.508,0.983
147.538,0.990
147.568,0.987
147.598,0.986
147.628,0.987
147.658,0.987
147.688,0.990
147.718,0.995
147.748,0.988
147.778,0.981
147.808,0.984
147.838,0.992
147.868,0.988
147.898,0.981
147.928,0.987
147.958,0.983
147.988,0.983
148.018,0.991
148.048,0.986
148.078,0.987
148.108,0.987
148.138,0.990
148.168,0.987
148.198,0.985
148.228,0.993
148.258,0.985
148.288,0.981
148.318,0.985
148.348,0.991
148.378,0.993
148.408,0.979
148.438,0.988
148.468,0.988
148.498,0.986
148.528,0.986
148.558,0.987
148.588,0.984
148.618,0.988
148.648,0.990
148.678,0.991
148.708,0.986
148.738,0.991
148.768,0.984
148.798,0.985
148.828,0.989
148.858,0.991
148.888,0.991
148.918,0.979
148.948,0.983
148.978,0.991
149.008,0.988
149.038,0.984
149.068,0.986
149.098,0.985
149.128,0.989
149.158,0.991
149.188,0.992
149.218,0.986
149.248,0.991
149.278,0.987
149.308,0.986
149.338,0.987
149.368,0.993
149.398,0.992
149.428,0.983
149.458,0.987
149.488,0.989
149.518,0.985
149.548,0.991
149.578,0.986
149.608,0.989
149.638,0.990
149.668,0.991
149.698,0.988
149.728,0.979
149.758,0.992
149.788,0.990
149.818,0.985
149.848,0.991
149.878,0.987
149.908,0.986
149.938,0.992
149.968,0.987
149.998,0.991
150.028,0.989
150.058,0.990
150.088,0.984
150.118,0.988
150.148,0.985
150.178,0.990
150.208,0.988
150.238,0.992
150.268,0.987
150.298,0.994
150.328,0.987
150.358,0.985
150.388,0.988
150.418,0.993
150.448,0.985
150.478,0.978
150.508,0.987
150.538,0.992
150.568,0.984
150.598,0.988
150.628,0.987
150.658,0.990
150.688,0.990
150.718,0.987
150.748,0.987
150.778,0.986
150.808,0.986
150.838,0.993
150.868,0.981
150.898,0.987
150.928,0.987
150.958,0.992
150.988,0.996
151.018,0.985
151.048,0.990
151.078,0.987
151.108,0.983
151.138,0.988
151.168,0.988
151.198,0.985
151.228,0.986
151.258,0.988
151.288,0.990
151.318,0.990
151.348,0.993
151.378,0.984
151.408,0.983
151.438,0.987
151.468,0.991
151.498,0.989
151.528,0.989
151.558,0.994
151.588,0.984
151.618,0.984
151.648,0.993
151.678,0.988
151.708,0.990
151.738,0.986
151.768,0.990
151.798,0.990
151.828,0.994
151.858,0.987
151.888,0.983
151.918,0.985
151.948,0.991
151.978,0.991
152.008,0.991
152.038,0.984
152.068,0.990
152.098,0.985
152.128,0.987
152.158,0.992
152.188,0.986
152.218,0.986
152.248,0.989
152.278,0.988
152.308,0.983
152.338,0.994
152.368,0.991
152.398,0.982
152.428,0.986
152.458,0.989
152.488,0.993
152.518,0.989
152.548,0.981
152.578,0.991
152.608,0.985
152.638,0.989
152.668,0.991
152.698,0.988
152.728,0.987
152.758,0.989
152.788,0.986
152.818,0.981
152.848,0.992
152.878,0.991
152.908,0.984
152.938,0.985
152.968,0.988
152.998,0.993
153.028,0.996
153.058,0.987
153.088,0.991
153.118,0.988
153.148,0.986
153.178,0.990
153.208,0.991
153.238,0.986
153.268,0.990
153.298,0.993
153.328,0.980
153.358,0.987
153.388,0.990
153.418,0.984
153.448,0.986
153.478,0.986
153.508,0.991
153.538,0.994
153.568,0.984
153.598,0.991
153.628,0.988
153.658,0.987
153.688,0.984
153.718,0.989
153.748,0.991
153.778,0.991
153.808,0.988
153.838,0.991
153.868,0.982
153.898,0.996
153.928,0.986
153.958,0.989
153.988,0.989
154.018,0.992
154.048,0.989
154.078,0.981
154.108,0.987
154.138,0.991
154.168,0.987
154.198,0.988
154.228,0.985
154.258,0.990
154.288,0.988
154.318,0.986
154.348,0.990
154.378,0.983
154.408,0.990
154.438,0.991
154.468,0.984
154.498,0.988
154.528,0.992
154.558,0.989
154.588,0.983
154.618,0.989
154.648,0.991
154.678,0.985
154.708,0.987
154.738,0.988
154.768,0.987
154.798,0.988
154.828,0.989
154.858,0.984
154.888,0.988
154.918,0.989
154.948,0.985
154.978,0.982
155.008,0.987
155.038,0.993
155.068,0.994
155.098,0.982
155.128,0.985
155.158,0.990
155.188,0.984
155.218,0.986
155.248,0.985
155.278,0.986
155.308,0.989
155.338,0.989
155.368,0.993
155.398,0.983
155.428,0.988
155.458,0.988
155.488,0.985
155.518,0.986
155.548,0.992
155.578,0.991
155.608,0.979
155.638,0.989
155.668,0.991
155.698,0.988
155.728,0.990
155.758,0.989
155.788,0.986
155.818,0.987
155.848,0.992
155.878,0.988
155.908,0.987
155.938,0.989
155.968,0.989
155.998,0.985
156.028,0.986
156.058,0.991
156.088,0.995
156.118,0.985
156.148,0.987
156.178,0.991
156.208,0.986
156.238,0.987
156.268,0.986
156.298,0.987
156.328,0.988
156.358,0.992
156.388,0.988
156.418,0.979
156.448,0.991
156.478,0.988
156.508,0.982
156.538,0.985
156.568,0.989
156.598,0.988
156.628,0.995
156.658,0.983
156.688,0.992
156.718,0.986
156.748,0.986
156.778,0.988
156.808,0.986
156.838,0.990
156.868,0.991
156.898,0.986
156.928,0.979
156.958,0.991
156.988,0.994
157.018,0.984
157.048,0.984
157.078,0.986
157.108,0.989
157.138,0.994
157.168,0.984
157.198,0.993
157.228,0.987
157.258,0.989
157.288,0.984
157.318,0.988
157.348,0.989
157.378,0.987
157.408,0.990
157.438,0.986
157.468,0.987
157.498,0.992
157.528,0.985
157.558,0.984
157.588,0.987
157.618,0.989
157.648,0.994
157.678,0.985
157.708,0.990
157.738,0.985
157.768,0.985
157.798,0.988
157.828,0.990
157.858,0.984
157.888,0.988
157.918,0.986
157.948,0.990
157.978,0.997
158.008,0.985
158.038,0.980
158.068,0.984
158.098,0.991
158.128,0.991
158.158,0.985
158.188,0.982
158.218,0.989
158.248,0.985
158.278,0.991
158.308,0.987
158.338,0.986
158.368,0.988
158.398,0.993
158.428,0.989
158.458,0.988
158.488,0.988
158.518,0.984
158.548,0.986
158.578,0.988
158.608,0.994
158.638,0.991
158.668,0.979
158.698,0.990
158.728,0.989
158.758,0.989
158.788,0.991
158.818,0.987
158.848,0.987
158.878,0.992
158.908,0.986
158.938,0.987
158.968,0.992
158.998,0.993
159.028,0.984
159.058,0.984
159.088,0.987
159.118,0.994
159.148,0.992
159.178,0.982
159.208,0.994
159.238,0.989
159.268,0.987
159.298,0.989
159.328,0.986
159.358,0.986
159.388,0.988
159.418,0.989
159.448,0.984
159.478,0.992
159.508,0.993
159.538,0.983
159.568,0.986
159.598,0.987
159.628,0.992
159.658,0.989
159.688,0.979
159.718,0.993
159.748,0.991
159.778,0.988
159.808,0.991
159.838,0.986
159.868,0.988
159.898,0.990
159.928,0.990
159.958,0.991
159.988,0.985
160.018,0.995
160.048,0.986
160.078,0.988
160.108,0.985
160.138,0.993
160.168,0.992
160.198,0.982
160.228,0.985
160.258,0.990
160.288,0.989
160.318,0.986
160.348,0.989
160.378,0.991
160.408,0.986
160.438,0.990
160.468,0.991
160.498,0.992
160.528,0.985
160.558,0.996
160.588,0.985
160.618,0.991
160.648,0.985
160.678,0.990
160.708,0.993
160.738,0.983
160.768,0.994
160.798,0.990
160.828,0.980
160.858,0.988
160.888,0.993
160.918,0.992
160.948,0.991
160.978,0.988
161.008,0.987
161.038,0.993
161.068,0.989
161.098,0.994
161.128,0.984
161.158,0.984
161.188,0.987
161.218,0.993
161.248,0.989
161.278,0.980
161.308,0.988
161.338,0.988
161.368,0.986
161.398,0.988
161.428,0.988
161.458,0.988
161.488,0.987
161.518,0.990
161.548,0.990
161.578,0.984
161.608,0.989
161.638,0.990
161.668,0.982
161.698,0.980
161.728,0.990
161.758,0.991
161.788,0.989
161.818,0.984
161.848,0.988
161.878,0.985
161.908,0.990
161.938,0.989
161.968,0.990
161.998,0.987
162.028,0.991
162.058,0.990
162.088,0.990
162.118,0.991
162.148,0.991
162.178,0.994
162.208,0.985
162.238,0.981
162.268,0.987
162.298,0.992
162.328,0.993
162.358,0.981
162.388,0.988
162.418,0.987
162.448,0.990
162.478,0.991
162.508,0.988
162.538,0.988
162.568,0.989
162.598,0.992
162.628,0.988
162.658,0.983
162.688,0.990
162.718,0.993
162.748,0.984
162.778,0.987
162.808,0.989
162.838,0.992
162.868,0.993
162.898,0.981
162.928,0.990
162.958,0.988
162.988,0.989
163.018,0.988
163.048,0.989
163.078,0.989
163.108,0.992
163.138,0.993
163.168,0.992
163.198,0.982
163.228,0.993
163.258,0.987
163.288,0.988
163.318,0.985
163.348,0.990
163.378,0.990
163.408,0.995
163.438,0.988
163.468,0.991
163.498,0.986
163.528,0.984
163.558,0.988
163.588,0.989
163.618,0.987
163.648,0.992
163.678,0.997
163.708,0.988
163.738,0.978
163.768,0.991
163.798,0.992
163.828,0.983
163.858,0.987
163.888,0.988
163.918,0.990
163.948,0.991
163.978,0.988
164.008,0.991
164.038,0.985
164.068,0.987
164.098,0.990
164.128,0.989
164.158,0.992
164.188,0.986
164.218,0.987
164.248,0.989
164.278,0.990
164.308,0.989
164.338,0.994
164.368,0.986
164.398,0.990
164.428,0.987
164.458,0.991
164.488,0.990
164.518,0.982
164.548,0.992
164.578,0.991
164.608,0.986
164.638,0.991
164.668,0.988
164.698,0.986
164.728,0.985
164.758,0.989
164.788,0.989
164.818,0.986
164.848,0.992
164.878,0.990
164.908,0.981
164.938,0.984
164.968,0.993
164.998,0.989
165.028,0.991
165.058,0.988
165.088,0.990
165.118,0.984
165.148,0.988
165.178,0.990
165.208,0.990
165.238,0.990
165.268,0.987
165.298,0.989
165.328,0.991
165.358,0.990
165.388,0.993
165.418,0.985
165.448,0.985
165.478,0.991
165.508,0.995
165.538,0.990
165.568,0.987
165.598,0.989
165.628,0.988
165.658,0.990
165.688,0.993
165.718,0.988
165.748,0.985
165.778,0.988
165.808,0.990
165.838,0.990
165.868,0.987
165.898,0.995
165.928,0.983
165.958,0.984
165.988,0.987
166.018,0.992
166.048,0.990
166.078,0.981
166.108,0.987
166.138,0.989
166.168,0.989
166.198,0.992
166.228,0.988
166.258,0.987
166.288,0.990
166.318,0.988
166.348,0.992
166.378,0.981
166.408,0.996
166.438,0.992
166.468,0.987
166.498,0.988
166.528,0.991
166.558,0.991
166.588,0.991
166.618,0.986
166.648,0.992
166.678,0.992
166.708,0.991
166.738,0.989
166.768,0.991
166.798,0.989
166.828,0.990
166.858,0.993
166.888,0.981
166.918,0.993
166.948,0.997
166.978,0.986
167.008,0.990
167.038,0.991
167.068,0.990
167.098,0.992
167.128,0.986
167.158,0.992
167.188,0.991
167.218,0.988
167.248,0.989
167.278,0.989
167.308,0.990
167.338,0.989
167.368,0.991
167.398,0.984
167.428,0.990
167.458,0.992
167.488,0.985
167.518,0.991
167.548,0.986
167.578,0.995
167.608,0.989
167.638,0.986
167.668,0.990
167.698,0.989
167.728,0.987
167.758,0.990
167.788,0.990
167.818,0.990
167.848,0.992
167.878,0.993
167.908,0.995
167.938,0.986
167.968,0.995
167.998,0.990
168.028,0.986
168.058,0.991
168.088,0.993
168.118,0.990
168.148,0.984
168.178,0.990
168.208,0.992
168.238,0.988
168.268,0.990
168.298,0.986
168.328,0.989
168.358,0.994
168.388,0.992
168.418,0.988
168.448,0.983
168.478,0.990
168.508,0.991
168.538,0.988
168.568,0.987
168.598,0.989
168.628,0.992
168.658,0.989
168.688,0.989
168.718,0.989
168.748,0.984
168.778,0.989
168.808,0.988
168.838,0.989
168.868,0.991
168.898,0.992
168.928,0.993
168.958,0.995
168.988,0.992
169.018,0.989
169.048,0.984
169.078,0.989
169.108,0.992
169.138,0.992
169.168,0.995
169.198,0.989
169.228,0.993
169.258,0.989
169.288,0.985
169.318,0.989
169.348,0.991
169.378,0.992
169.408,0.986
169.438,0.993
169.468,0.993
169.498,0.992
169.528,0.990
169.558,0.982
169.588,0.986
169.618,0.993
169.648,0.994
169.678,0.994
169.708,0.988
169.738,0.992
169.768,0.987
169.798,0.989
169.828,0.990
169.858,0.988
169.888,0.988
169.918,0.989
169.948,0.994
169.978,0.992
170.008,0.991
170.038,0.993
170.068,0.987
170.098,0.986
170.128,0.987
170.158,0.993
170.188,0.990
170.218,0.980
170.248,0.989
170.278,0.989
170.308,0.988
170.338,0.989
170.368,0.988
170.398,0.990
170.428,0.991
170.458,0.995
170.488,0.991
170.518,0.985
170.548,0.995
170.578,0.989
170.608,0.987
170.638,0.987
170.668,0.992
170.698,0.990
170.728,0.986
170.758,0.988
170.788,0.994
170.818,0.988
170.848,0.991
170.878,0.987
170.908,0.989
170.938,0.991
170.968,0.991
170.998,0.989
171.028,0.983
171.058,0.991
171.088,0.993
171.118,0.986
171.148,0.989
171.178,0.987
171.208,0.994
171.238,0.991
171.268,0.981
171.298,0.991
171.328,0.989
171.358,0.987
171.388,0.990
171.418,0.991
171.448,0.991
171.478,0.990
171.508,0.993
171.538,0.989
171.568,0.982
171.598,0.990
171.628,0.994
171.658,0.986
171.688,0.987
171.718,0.986
171.748,0.990
171.778,0.995
171.808,0.987
171.838,0.991
171.868,0.987
171.898,0.989
171.928,0.989
171.958,0.990
171.988,0.989
172.018,0.987
172.048,0.987
172.078,0.990
172.108,0.984
172.138,0.991
172.168,0.995
172.198,0.985
172.228,0.989
172.258,0.989
172.288,0.993
172.318,0.993
172.348,0.985
172.378,0.990
172.408,0.989
172.438,0.986
172.468,0.994
172.498,0.988
172.528,0.992
172.558,0.992
172.588,0.992
172.618,0.987
172.648,0.987
172.678,0.993
172.708,0.987
172.738,0.982
172.768,0.989
172.798,0.994
172.828,0.993
172.858,0.984
172.888,0.990
172.918,0.984
172.948,0.988
172.978,0.990
173.008,0.992
173.038,0.988
173.068,0.991
173.098,0.989
173.128,0.989
173.158,0.989
173.188,0.991
173.218,0.988
173.248,0.981
173.278,0.987
173.308,0.991
173.338,0.993
173.368,0.982
173.398,0.991
173.428,0.990
173.458,0.988
173.488,0.992
173.518,0.989
173.548,0.990
173.578,0.986
173.608,0.993
173.638,0.988
173.668,0.988
173.698,0.996
173.728,0.992
173.758,0.982
173.788,0.984
173.818,0.992
173.848,0.995
173.878,0.993
173.908,0.983
173.938,0.996
173.968,0.988
173.998,0.990
174.028,0.991
174.058,0.991
174.088,0.990
174.118,0.990
174.148,0.995
174.178,0.995
174.208,0.987
174.238,0.995
174.268,0.990
174.298,0.985
174.328,0.988
174.358,0.993
174.388,0.993
174.418,0.984
174.448,0.983
174.478,0.993
174.508,0.989
174.538,0.987
174.568,0.992
174.598,0.987
174.628,0.992
174.658,0.993
174.688,0.990
174.718,0.982
174.748,0.994
174.778,0.995
174.808,0.991
174.838,0.988
174.868,0.990
174.898,0.994
174.928,0.995
174.958,0.986
174.988,0.994
175.018,0.989
175.048,0.990
175.078,0.989
175.108,0.988
175.138,0.991
175.168,0.992
175.198,0.993
175.228,0.990
175.258,0.988
175.288,0.994
175.318,0.987
175.348,0.987
175.378,0.989
175.408,0.989
175.438,0.993
175.468,0.984
175.498,0.990
175.528,0.991
175.558,0.989
175.588,0.989
175.618,0.989
175.648,0.988
175.678,0.993
175.708,0.992
175.738,0.992
175.768,0.990
175.798,0.992
175.828,0.991
175.858,0.987
175.888,0.990
175.918,0.993
175.948,0.992
175.978,0.986
176.008,0.992
176.038,0.989
176.068,0.988
176.098,0.992
176.128,0.991
176.158,0.987
176.188,0.990
176.218,0.991
176.248,0.994
176.278,0.997
176.308,0.989
176.338,0.984
176.368,0.986
176.398,0.993
176.428,0.987
176.458,0.993
176.488,0.990
176.518,0.992
176.548,0.991
176.578,0.989
176.608,0.989
176.638,0.988
176.668,0.987
176.698,0.989
176.728,0.988
176.758,0.989
176.788,0.997
176.818,0.993
176.848,0.984
176.878,0.987
176.908,0.994
176.938,0.994
176.968,0.989
176.998,0.987
177.028,0.995
177.058,0.988
177.088,0.988
177.118,0.991
177.148,0.987
177.178,0.989
177.208,0.990
177.238,0.992
177.268,0.984
177.298,0.992
177.328,0.988
177.358,0.986
177.388,0.987
177.418,0.989
177.448,0.994
177.478,0.991
177.508,0.985
177.538,0.990
177.568,0.991
177.598,0.990
177.628,0.986
177.658,0.987
177.688,0.986
177.718,0.993
177.748,0.993
177.778,0.983
177.808,0.994
177.838,0.989
177.868,0.989
177.898,0.989
177.928,0.989
177.958,0.991
177.988,0.989
178.018,0.990
178.048,0.995
178.078,0.986
178.108,0.991
178.138,0.990
178.168,0.987
178.198,0.991
178.228,0.992
178.258,0.993
178.288,0.985
178.318,0.998
178.348,0.990
178.378,0.989
178.408,0.989
178.438,0.989
178.468,0.990
178.498,0.987
178.528,0.988
178.558,0.996
178.588,0.989
178.618,0.988
178.648,0.989
178.678,0.990
178.708,0.990
178.738,0.993
178.768,0.989
178.798,0.980
178.828,0.994
178.858,0.990
178.888,0.991
178.918,0.992
178.948,0.990
178.978,0.989
179.008,0.989
179.038,0.984
179.068,0.995
179.098,0.993
179.128,0.986
179.158,0.987
179.188,0.992
179.218,0.992
179.248,0.990
179.278,0.989
179.308,0.994
179.338,0.991
179.368,0.992
179.398,0.986
179.428,0.986
179.458,0.989
179.488,0.994
179.518,0.991
179.548,0.985
179.578,0.993
179.608,0.985
179.638,0.988
179.668,0.994
179.698,0.990
179.728,0.990
179.758,0.991
179.788,0.992
179.818,0.994
179.848,0.997
179.878,0.990
179.908,0.984
179.938,0.987
179.968,0.992
179.998,0.989
180.028,0.992
180.058,0.988
180.088,0.989
180.118,0.989
180.148,0.990
180.178,0.990
180.208,0.986
180.238,0.990
180.268,0.988
180.298,0.994
180.328,0.990
180.358,0.992
180.388,0.990
180.418,0.982
180.448,0.988
180.478,0.995
180.508,0.989
180.538,0.985
180.568,0.988
180.598,0.992
180.628,0.989
180.658,0.989
180.688,0.988
180.718,0.989
180.748,0.994
180.778,0.992
180.808,0.991
180.838,0.988
180.868,0.993
180.898,0.989
180.928,0.985
180.958,0.991
180.988,0.995
181.018,0.997
181.048,0.983
181.078,0.991
181.108,0.991
181.138,0.985
181.168,0.991
181.198,0.993
181.228,0.992
181.258,0.989
181.288,0.994
181.318,0.989
181.348,0.987
181.378,0.995
181.408,0.991
181.438,0.987
181.468,0.985
181.498,0.996
181.528,0.992
181.558,0.983
181.588,0.991
181.618,0.992
181.648,0.987
181.678,0.991
181.708,0.988
181.738,0.990
181.768,0.989
181.798,0.992
181.828,0.992
181.858,0.990
181.888,0.998
181.918,0.986
181.948,0.990
181.978,0.988
182.008,0.993
182.038,0.991
182.068,0.981
182.098,0.991
182.128,0.995
182.158,0.991
182.188,0.988
182.218,0.990
182.248,0.993
182.278,0.992
182.308,0.990
182.338,0.991
182.368,0.984
182.398,0.995
182.428,0.986
182.458,0.986
182.488,0.985
182.518,0.994
182.548,0.993
182.578,0.981
182.608,0.988
182.638,0.992
182.668,0.986
182.698,0.987
182.728,0.989
182.758,0.992
182.788,0.990
182.818,0.989
182.848,0.987
182.878,0.982
182.908,0.994
182.938,0.987
182.968,0.984
182.998,0.987
183.028,0.991
183.058,0.992
183.088,0.989
183.118,0.988
183.148,0.991
183.178,0.983
183.208,0.989
183.238,0.989
183.268,0.988
183.298,0.989
183.328,0.987
183.358,0.987
183.388,0.990
183.418,0.989
183.448,0.984
183.478,0.982
183.508,0.989
183.538,1.000
183.568,0.993
183.598,0.978
183.628,0.989
183.658,0.992
183.688,0.990
183.718,0.989
183.748,0.985
183.778,0.988
183.808,0.989
183.838,0.989
183.868,0.992
183.898,0.987
183.928,0.993
183.958,0.989
183.988,0.985
184.018,0.989
184.048,0.996
184.078,0.993
184.108,0.986
184.138,0.986
184.168,0.991
184.198,0.987
184.228,0.991
184.258,0.988
184.288,0.988
184.318,0.992
184.348,0.993
184.378,0.991
184.408,0.986
184.438,0.994
184.468,0.991
184.498,0.989
184.528,0.984
184.558,0.989
184.588,0.991
184.618,0.990
184.648,0.986
184.678,0.991
184.708,0.986
184.738,0.993
184.768,0.993
184.798,0.989
184.828,0.992
184.858,0.992
184.888,0.990
184.918,0.979
184.948,0.991
184.978,0.991
185.008,0.987
185.038,0.984
185.068,0.992
185.098,0.993
185.128,0.993
185.158,0.987
185.188,0.996
185.218,0.984
185.248,0.991
185.278,0.988
185.308,0.990
185.338,0.988
185.368,0.991
185.398,0.991
185.428,0.985
185.458,0.991
185.488,0.991
185.518,0.986
185.548,0.989
185.578,0.989
185.608,0.994
185.638,0.998
185.668,0.985
185.698,0.992
185.728,0.989
185.758,0.989
185.788,0.990
185.818,0.992
185.848,0.992
185.878,0.994
185.908,0.993
185.938,0.994
185.968,0.983
185.998,0.993
186.028,0.989
186.058,0.985
186.088,0.986
186.118,0.990
186.148,0.992
186.178,0.983
186.208,0.987
186.238,0.988
186.268,0.986
186.298,0.990
186.328,0.991
186.358,0.991
186.388,0.995
186.418,0.988
186.448,0.989
186.478,0.986
186.508,0.992
186.538,0.991
186.568,0.984
186.598,0.995
186.628,0.992
186.658,0.992
186.688,0.984
186.718,0.990
186.748,0.989
186.778,0.985
186.808,0.990
186.838,0.988
186.868,0.986
186.898,0.986
186.928,0.992
186.958,0.991
186.988,0.986
187.018,0.987
187.048,0.984
187.078,0.986
187.108,0.991
187.138,0.994
187.168,0.995
187.198,0.985
187.228,0.994
187.258,0.990
187.288,0.989
187.318,0.987
187.348,0.987
187.378,0.990
187.408,0.988
187.438,0.989
187.468,0.989
187.498,0.993
187.528,0.993
187.558,0.982
187.588,0.982
187.618,0.991
187.648,0.995
187.678,0.995
187.708,0.984
187.738,0.987
187.768,0.987
187.798,0.991
187.828,0.993
187.858,0.988
187.888,0.987
187.918,0.989
187.948,0.989
187.978,0.983
188.008,0.992
188.038,0.994
188.068,0.986
188.098,0.983
188.128,0.990
188.158,0.992
188.188,0.996
188.218,0.982
188.248,0.992
188.278,0.987
188.308,0.987
188.338,0.990
188.368,0.990
188.398,0.993
188.428,0.993
188.458,0.990
188.488,0.977
188.518,0.993
188.548,0.993
188.578,0.987
188.608,0.988
188.638,0.989
188.668,0.993
188.698,0.996
188.728,0.986
188.758,0.991
188.788,0.990
188.818,0.991
188.848,0.988
188.878,0.986
188.908,0.989
188.938,0.990
188.968,0.990
188.998,0.981
189.028,0.992
189.058,0.989
189.088,0.986
189.118,0.988
189.148,0.995
189.178,0.988
189.208,0.982
189.238,0.989
189.268,0.994
189.298,0.986
189.328,0.989
189.358,0.987
189.388,0.993
189.418,0.992
189.448,0.992
189.478,0.991
189.508,0.981
189.538,0.992
189.568,0.996
189.598,0.984
189.628,0.988
189.658,0.989
189.688,0.991
189.718,0.995
189.748,0.985
189.778,0.992
189.808,0.989
189.838,0.989
189.868,0.989
189.898,0.988
189.928,0.988
189.958,0.988
189.988,0.986
190.018,0.994
190.048,0.994
190.078,0.989
190.108,0.985
190.138,0.989
190.168,0.992
190.198,0.993
190.228,0.994
190.258,0.991
190.288,0.988
190.318,0.986
190.348,0.988
190.378,0.992
190.408,0.990
190.438,0.991
190.468,0.989
190.498,0.988
190.528,0.987
190.558,0.996
190.588,0.989
190.618,0.984
190.648,0.987
190.678,0.990
190.708,0.988
190.738,0.993
190.768,0.989
190.798,0.991
190.828,0.987
190.858,0.991
190.888,0.990
190.918,0.990
190.948,0.988
190.978,0.991
191.008,0.987
191.038,0.986
191.068,0.994
191.098,0.996
191.128,0.986
191.158,0.987
191.188,0.992
191.218,0.994
191.248,0.994
191.278,0.983
191.308,0.994
191.338,0.990
191.368,0.986
191.398,0.990
191.428,0.987
191.458,0.987
191.488,0.990
191.518,0.992
191.548,0.987
191.578,0.988
191.608,0.997
191.638,0.984
191.668,0.988
191.698,0.989
191.728,0.990
191.758,0.995
191.788,0.980
191.818,0.988
191.848,0.995
191.878,0.988
191.908,0.990
191.938,0.988
191.968,0.989
191.998,0.994
192.028,0.993
192.058,0.995
192.088,0.986
192.118,0.993
192.148,0.990
192.178,0.989
192.208,0.984
192.238,0.991
192.268,0.995
192.298,0.992
192.328,0.984
192.358,0.992
192.388,0.984
192.418,0.986
192.448,0.989
192.478,0.989
192.508,0.989
192.538,0.991
192.568,0.993
192.598,0.992
192.628,0.986
192.658,0.996
192.688,0.987
192.718,0.984
192.748,0.990
192.778,0.995
192.808,0.992
192.838,0.986
192.868,0.989
192.898,0.995
192.928,0.989
192.958,0.984
192.988,0.984
193.018,0.990
193.048,0.994
193.078,0.993
193.108,0.989
193.138,0.989
193.168,0.992
193.198,0.990
193.228,0.982
193.258,0.985
193.288,0.990
193.318,0.988
193.348,0.990
193.378,0.987
193.408,0.994
193.438,0.988
193.468,0.990
193.498,0.992
193.528,0.989
193.558,0.991
193.588,0.988
193.618,0.992
193.648,0.991
193.678,0.990
193.708,0.989
193.738,0.982
193.768,0.985
193.798,0.992
193.828,0.995
193.858,0.994
193.888,0.990
193.918,0.991
193.948,0.986
193.978,0.992
194.008,0.986
194.038,0.988
194.068,0.988
194.098,0.987
194.128,0.990
194.158,0.989
194.188,0.992
194.218,0.997
194.248,0.986
194.278,0.982
194.308,0.991
194.338,0.993
194.368,0.991
194.398,0.982
194.428,0.991
194.458,0.988
194.488,0.989
194.518,0.992
194.548,0.990
194.578,0.988
194.608,0.990
194.638,0.989
194.668,0.989
194.698,0.992
194.728,0.993
194.758,0.987
194.788,0.987
194.818,0.987
194.848,0.992
194.878,0.995
194.908,0.983
194.938,0.988
194.968,0.992
194.998,0.988
195.028,0.989
195.058,0.987
195.088,0.989
195.118,0.991
195.148,0.991
195.178,0.989
195.208,0.981
195.238,0.992
195.268,0.992
195.298,0.987
195.328,0.986
195.358,0.990
195.388,0.987
195.418,0.994
195.448,0.989
195.478,0.992
195.508,0.986
195.538,0.990
195.568,0.988
195.598,0.990
195.628,0.988
195.658,0.991
195.688,0.989
195.718,0.984
195.748,0.992
195.778,0.994
195.808,0.985
195.838,0.988
195.868,0.991
195.898,0.994
195.928,0.991
195.958,0.985
195.988,0.992
196.018,0.988
196.048,0.987
196.078,0.987
196.108,0.987
196.138,0.990
196.168,0.992
196.198,0.992
196.228,0.990
196.258,0.983
196.288,0.992
196.318,0.994
196.348,0.986
196.378,0.990
196.408,0.988
196.438,0.992
196.468,0.989
196.498,0.988
196.528,0.993
196.558,0.987
196.588,0.987
196.618,0.987
196.648,0.989
196.678,0.992
196.708,0.989
196.738,0.993
196.768,0.992
196.798,0.987
196.828,0.994
196.858,0.986
196.888,0.985
196.918,0.990
196.948,0.993
196.978,0.992
197.008,0.987
197.038,0.991
197.068,0.986
197.098,0.989
197.128,0.992
197.158,0.993
197.188,0.986
197.218,0.988
197.248,0.993
197.278,0.991
197.308,0.996
197.338,0.991
197.368,0.979
197.398,0.984
197.428,0.992
197.458,0.992
197.488,0.993
197.518,0.992
197.548,0.990
197.578,0.989
197.608,0.989
197.638,0.991
197.668,0.989
197.698,0.991
197.728,0.993
197.758,0.989
197.788,0.997
197.818,0.994
197.848,0.990
197.878,0.983
197.908,0.988
197.938,0.993
197.968,0.992
197.998,0.988
198.028,0.992
198.058,0.995
198.088,0.989
198.118,0.990
198.148,0.990
198.178,0.983
198.208,0.991
198.238,0.989
198.268,0.991
198.298,0.985
198.328,0.994
198.358,0.990
198.388,0.985
198.418,0.990
198.448,0.995
198.478,0.990
198.508,0.982
198.538,0.989
198.568,0.995
198.598,0.988
198.628,0.992
198.658,0.989
198.688,0.989
198.718,0.990
198.748,0.993
198.778,0.987
198.808,0.994
198.838,0.997
198.868,0.989
198.898,0.986
198.928,0.991
198.958,0.996
198.988,0.992
199.018,0.981
199.048,0.994
199.078,0.992
199.108,0.987
199.138,0.989
199.168,0.991
199.198,0.991
199.228,0.992
199.258,0.989
199.288,0.981
199.318,0.991
199.348,0.992
199.378,0.989
199.408,0.992
199.438,0.990
199.468,0.994
199.498,0.997
199.528,0.989
199.558,0.992
199.588,0.987
199.618,0.992
199.648,0.988
199.678,0.986
199.708,0.989
199.738,0.993
199.768,0.993
199.798,0.988
199.828,0.999
199.858,0.988
199.888,0.988
199.918,0.987
199.948,0.994
199.978,0.990
200.008,0.985
200.038,0.987
200.068,0.993
200.098,0.990
200.128,0.992
200.158,0.988
200.188,0.991
200.218,0.993
200.248,0.990
200.278,0.994
200.308,0.990
200.338,0.991
200.368,0.986
200.398,0.986
200.428,0.992
200.458,0.995
200.488,0.993
200.518,0.989
200.548,0.992
200.578,0.984
200.608,0.986
200.638,0.992
200.668,0.989
200.698,0.992
200.728,0.987
200.758,0.990
200.788,0.994
200.818,0.992
200.848,0.990
200.878,0.982
200.908,0.986
200.938,0.995
200.968,0.991
200.998,0.992
201.028,0.987
201.058,0.995
201.088,0.987
201.118,0.990
201.148,0.992
201.178,0.988
201.208,0.989
201.238,0.989
201.268,0.989
201.298,0.992
201.328,0.991
201.358,0.989
201.388,0.985
201.418,0.987
201.448,0.988
201.478,0.999
201.508,0.992
201.538,0.982
201.568,0.991
201.598,0.995
201.628,0.988
201.658,0.992
201.688,0.987
201.718,0.988
201.748,0.989
201.778,0.990
201.808,0.988
201.838,0.990
201.868,0.984
201.898,0.996
201.928,0.990
201.958,0.989
201.988,0.990
202.018,0.993
202.048,0.992
202.078,0.994
202.108,0.985
202.138,0.995
202.168,0.988
202.198,0.991
202.228,0.992
202.258,0.994
202.288,0.985
202.318,0.990
202.348,0.991
202.378,0.994
202.408,0.992
202.438,0.984
202.468,0.992
202.498,0.990
202.528,0.990
202.558,0.986
202.588,0.991
202.618,0.991
202.648,0.994
202.678,0.988
202.708,0.991
202.738,0.992
202.768,0.990
202.798,0.990
202.828,0.992
202.858,0.993
202.888,0.989
202.918,0.992
202.948,0.990
202.978,0.989
203.008,0.989
203.038,0.990
203.068,0.989
203.098,0.990
203.128,0.988
203.158,0.993
203.188,0.990
203.218,0.988
203.248,0.992
203.278,0.996
203.308,0.991
203.338,0.984
203.368,0.986
203.398,0.992
203.428,0.994
203.458,0.989
203.488,0.990
203.518,0.991
203.548,0.996
203.578,0.988
203.608,0.985
203.638,0.989
203.668,0.990
203.698,0.989
203.728,0.989
203.758,0.989
203.788,0.991
203.818,0.992
203.848,0.989
203.878,0.989
203.908,0.991
203.938,0.985
203.968,0.994
203.998,0.990
204.028,0.984
204.058,0.987
204.088,0.994
204.118,0.993
204.148,0.994
204.178,0.986
204.208,0.993
204.238,0.986
204.268,0.990
204.298,0.993
204.328,0.988
204.358,0.989
204.388,0.988
204.418,0.992
204.448,0.990
204.478,0.991
204.508,0.988
204.538,0.989
204.568,0.991
204.598,0.990
204.628,0.992
204.658,0.988
204.688,0.987
204.718,0.991
204.748,0.990
204.778,0.992
204.808,0.990
204.838,0.987
204.868,0.995
204.898,0.989
204.928,0.990
204.958,0.992
204.988,0.990
205.018,0.990
205.048,0.989
205.078,0.990
205.108,0.990
205.138,0.982
205.168,0.994
205.198,0.991
205.228,0.986
205.258,0.990
205.288,0.992
205.318,0.996
205.348,0.995
205.378,0.985
205.408,0.997
205.438,0.990
205.468,0.985
205.498,0.992
205.528,0.989
205.558,0.991
205.588,0.994
205.618,0.993
205.648,0.988
205.678,0.980
205.708,0.995
205.738,0.991
205.768,0.983
205.798,0.991
205.828,0.991
205.858,0.995
205.888,0.993
205.918,0.982
205.948,0.989
205.978,0.992
206.008,0.988
206.038,0.991
206.068,0.988
206.098,0.995
206.128,0.993
206.158,0.992
206.188,0.985
206.218,0.984
206.248,0.991
206.278,0.994
206.308,0.984
206.338,0.987
206.368,0.990
206.398,0.993
206.428,0.990
206.458,0.983
206.488,0.991
206.518,0.993
206.548,0.984
206.578,0.985
206.608,0.986
206.638,0.990
206.668,0.990
206.698,0.994
206.728,0.991
206.758,0.986
206.788,0.995
206.818,0.991
206.848,0.986
206.878,0.987
206.908,0.991
206.938,0.991
206.968,0.994
206.998,0.989
207.028,0.992
207.058,0.988
207.088,0.987
207.118,0.989
207.148,0.989
207.178,0.987
207.208,0.989
207.238,0.991
207.268,0.994
207.298,0.991
207.328,0.986
207.358,0.985
207.388,0.988
207.418,0.993
207.448,0.991
207.478,0.992
207.508,0.992
207.538,0.994
207.568,0.985
207.598,0.988
207.628,0.992
207.658,0.989
207.688,0.990
207.718,0.989
207.748,0.992
207.778,0.994
207.808,0.996
207.838,0.992
207.868,0.984
207.898,0.985
207.928,0.992
207.958,0.995
207.988,0.990
208.018,0.989
208.048,0.995
208.078,0.992
208.108,0.985
208.138,0.992
208.168,0.987
208.198,0.989
208.228,0.985
208.258,0.993
208.288,0.989
208.318,0.993
208.348,0.996
208.378,0.986
208.408,0.986
208.438,0.991
208.468,0.994
208.498,0.992
208.528,0.982
208.558,0.990
208.588,0.992
208.618,0.991
208.648,0.991
208.678,0.989
208.708,0.986
208.738,0.990
208.768,0.996
208.798,0.991
208.828,0.990
208.858,0.994
208.888,0.988
208.918,0.990
208.948,0.989
208.978,0.995
209.008,0.992
209.038,0.985
209.068,0.987
209.098,0.995
209.128,0.988
209.158,0.990
209.188,0.989
209.218,0.991
209.248,0.989
209.278,0.992
209.308,0.992
209.338,0.980
209.368,0.991
209.398,0.995
209.428,0.984
209.458,0.989
209.488,0.992
209.518,0.991
209.548,0.993
209.578,0.986
209.608,0.991
209.638,0.986
209.668,0.987
209.698,0.988
209.728,0.988
209.758,0.992
209.788,0.991
209.818,0.989
209.848,0.989
209.878,0.982
209.908,0.991
209.938,0.988
209.968,0.984
209.998,0.986
210.028,0.990
210.058,0.995
210.088,0.992
210.118,0.988
210.148,0.996
210.178,0.985
210.208,0.992
210.238,0.990
210.268,0.987
210.298,0.990
210.328,0.990
210.358,0.992
210.388,0.993
210.418,0.992
210.448,0.990
210.478,0.984
210.508,0.990
210.538,0.992
210.568,0.993
210.598,0.994
210.628,0.990
210.658,0.994
210.688,0.990
210.718,0.990
210.748,0.989
210.778,0.989
210.808,0.987
210.838,0.990
210.868,0.993
210.898,0.991
210.928,0.986
210.958,0.994
210.988,0.985
211.018,0.983
211.048,0.987
211.078,0.991
211.108,0.997
211.138,0.982
211.168,0.989
211.198,0.990
211.228,0.989
211.258,0.993
211.288,0.989
211.318,0.986
211.348,0.988
211.378,0.993
211.408,0.992
211.438,0.986
211.468,0.991
211.498,0.996
211.528,0.988
211.558,0.988
211.588,0.990
211.618,0.991
211.648,0.993
211.678,0.984
211.708,0.991
211.738,0.991
211.768,0.989
211.798,0.988
211.828,0.989
211.858,0.991
211.888,0.994
211.918,0.993
211.948,0.993
211.978,0.985
212.008,0.995
212.038,0.990
212.068,0.987
212.098,0.990
212.128,0.991
212.158,0.993
212.188,0.988
212.218,0.989
212.248,0.993
212.278,0.990
212.308,0.990
212.338,0.989
212.368,0.991
212.398,0.990
212.428,0.992
212.458,0.986
212.488,0.981
212.518,0.990
212.548,0.996
212.578,0.986
212.608,0.989
212.638,0.989
212.668,0.997
212.698,0.992
212.728,0.987
212.758,0.994
212.788,0.988
212.818,0.991
212.848,0.993
212.878,0.990
212.908,0.991
212.938,0.991
212.968,0.991
212.998,0.993
213.028,0.991
213.058,0.989
213.088,0.983
213.118,0.982
213.148,0.992
213.178,0.995
213.208,0.991
213.238,0.986
213.268,0.994
213.298,0.987
213.328,0.990
213.358,0.990
213.388,0.984
213.418,0.987
213.448,0.992
213.478,0.994
213.508,0.991
213.538,0.987
213.568,0.993
213.598,0.994
213.628,0.985
213.658,0.992
213.688,0.989
213.718,0.991
213.748,0.994
213.778,0.989
213.808,0.994
213.838,0.984
213.868,0.992
213.898,0.991
213.928,0.991
213.958,0.992
213.988,0.988
214.018,0.994
214.048,0.991
214.078,0.985
214.108,0.990
214.138,0.989
214.168,0.990
214.198,0.987
214.228,0.993
214.258,0.992
214.288,0.990
214.318,0.986
214.348,0.996
214.378,0.987
214.408,0.991
214.438,0.986
214.468,0.987
214.498,0.990
214.528,0.993
214.558,0.991
214.588,0.992
214.618,0.988
214.648,0.993
214.678,0.992
214.708,0.987
214.738,0.987
214.768,0.992
214.798,0.990
214.828,0.993
214.858,0.986
214.888,0.995
214.918,0.987
214.948,0.989
214.978,0.988
215.008,0.990
215.038,0.991
215.068,0.989
215.098,0.996
215.128,0.993
215.158,0.982
215.188,0.996
215.218,0.990
215.248,0.990
215.278,0.989
215.308,0.992
215.338,0.992
215.368,0.992
215.398,0.992
215.428,0.994
215.458,0.988
215.488,0.987
215.518,0.989
215.548,0.992
215.578,0.991
215.608,0.989
215.638,0.990
215.668,0.991
215.698,0.984
215.728,0.992
215.758,0.988
215.788,0.984
215.818,0.986
215.848,0.994
215.878,0.990
215.908,0.991
215.938,0.992
215.968,0.993
215.998,0.983
216.028,0.988
216.058,0.989
216.088,0.988
216.118,0.992
216.148,0.988
216.178,0.995
216.208,0.991
216.238,0.991
216.268,0.994
216.298,0.990
216.328,0.984
216.358,0.993
216.388,0.997
216.418,0.994
216.448,0.980
216.478,0.993
216.508,0.993
216.538,0.990
216.568,0.991
216.598,0.990
216.628,0.991
216.658,0.990
216.688,0.991
216.718,0.991
216.748,0.989
216.778,0.987
216.808,0.994
216.838,0.988
216.868,0.984
216.898,0.989
216.928,0.995
216.958,0.993
216.988,0.992
217.018,0.990
217.048,0.995
217.078,0.987
217.108,0.993
217.138,0.991
217.168,0.990
217.198,0.989
217.228,0.995
217.258,0.994
217.288,0.992
217.318,0.985
217.348,0.989
217.378,0.989
217.408,0.990
217.438,0.990
217.468,0.995
217.498,0.993
217.528,0.988
217.558,0.987
217.588,0.995
217.618,0.989
217.648,0.988
217.678,0.991
217.708,0.992
217.738,0.991
217.768,0.992
217.798,0.997
217.828,0.992
217.858,0.986
217.888,0.992
217.918,0.988
217.948,0.987
217.978,0.989
218.008,0.990
218.038,0.992
218.068,0.986
218.098,0.991
218.128,0.992
218.158,0.989
218.188,0.989
218.218,0.989
218.248,0.989
218.278,0.992
218.308,0.992
218.338,0.992
218.368,0.994
218.398,0.984
218.428,0.993
218.458,0.990
218.488,0.985
218.518,0.989
218.548,0.994
218.578,0.995
218.608,0.993
218.638,0.987
218.668,0.992
218.698,0.989
218.728,0.990
218.758,0.989
218.788,0.989
218.818,0.992
218.848,0.991
218.878,0.990
218.908,0.986
218.938,0.992
218.968,0.998
218.998,0.989
219.028,0.992
219.058,0.986
219.088,0.993
219.118,0.991
219.148,0.987
219.178,0.993
219.208,0.992
219.238,0.988
219.268,0.993
219.298,0.990
219.328,0.989
219.358,0.992
219.388,0.991
219.418,0.989
219.448,0.987
219.478,0.993
219.508,0.993
219.538,0.984
219.568,0.990
219.598,0.993
219.628,0.992
219.658,0.994
219.688,0.987
219.718,0.994
219.748,0.986
219.778,0.992
219.808,0.987
219.838,0.989
219.868,0.994
219.898,0.987
219.928,0.986
219.958,0.989
219.988,0.992
220.018,0.989
220.048,0.985
220.078,0.986
220.108,0.993
220.138,0.990
220.168,0.991
220.198,0.988
220.228,0.996
220.258,0.990
220.288,0.987
220.318,0.991
220.348,0.991
220.378,0.992
220.408,0.992
220.438,0.990
220.468,0.989
220.498,0.993
220.528,0.993
220.558,0.987
220.588,0.985
220.618,0.991
220.648,0.994
220.678,0.994
220.708,0.981
220.738,0.991
220.768,0.992
220.798,0.988
220.828,0.986
220.858,0.991
220.888,0.985
220.918,0.992
220.948,0.990
220.978,0.992
221.008,0.990
221.038,0.993
221.068,0.987
221.098,0.986
221.128,0.987
221.158,0.994
221.188,0.992
221.218,0.986
221.248,0.989
221.278,0.993
221.308,0.985
221.338,0.990
221.368,0.990
221.398,0.990
221.428,0.993
221.458,0.994
221.488,0.989
221.518,0.982
221.548,0.992
221.578,0.996
221.608,0.989
221.638,0.989
221.668,0.995
221.698,0.997
221.728,0.989
221.758,0.982
221.788,0.992
221.818,0.991
221.848,0.992
221.878,0.992
221.908,0.991
221.938,0.992
221.968,0.994
221.998,0.993
222.028,0.986
222.058,0.980
222.088,0.993
222.118,0.993
222.148,0.987
222.178,0.989
222.208,0.991
222.238,0.995
222.268,0.995
222.298,0.985
222.328,0.992
222.358,0.992
222.388,0.989
222.418,0.989
222.448,0.991
222.478,0.992
222.508,0.992
222.538,0.990
222.568,0.988
222.598,0.984
222.628,0.994
222.658,0.994
222.688,0.986
222.718,0.989
222.748,0.989
222.778,0.995
222.808,0.996
222.838,0.982
222.868,0.992
222.898,0.992
222.928,0.987
222.958,0.993
222.988,0.988
223.018,0.994
223.048,0.993
223.078,0.991
223.108,0.990
223.138,0.992
223.168,0.988
223.198,0.998
223.228,0.985
223.258,0.988
223.288,0.990
223.318,0.995
223.348,0.993
223.378,0.984
223.408,0.991
223.438,0.995
223.468,0.985
223.498,0.991
223.528,0.988
223.558,0.991
223.588,0.989
223.618,0.990
223.648,0.992
223.678,0.992
223.708,0.990
223.738,0.993
223.768,0.989
223.798,0.985
223.828,0.985
223.858,0.996
223.888,0.991
223.918,0.984
223.948,0.995
223.978,0.991
224.008,0.990
224.038,0.991
224.068,0.987
224.098,0.992
224.128,0.991
224.158,0.990
224.188,0.987
224.218,0.992
224.248,0.993
224.278,0.987
224.308,0.986
224.338,0.991
224.368,0.991
224.398,0.990
224.428,0.988
224.458,0.990
224.488,0.994
224.518,0.988
224.548,0.990
224.578,0.988
224.608,0.989
224.638,0.991
224.668,0.990
224.698,0.991
224.728,0.993
224.758,0.994
224.788,0.992
224.818,0.986
224.848,0.984
224.878,0.993
224.908,0.993
224.938,0.994
224.968,0.988
224.998,0.993
225.028,0.989
225.058,0.988
225.088,0.990
225.118,0.991
225.148,0.988
225.178,0.992
225.208,0.994
225.238,0.991
225.268,0.991
225.298,0.995
225.328,0.989
225.358,0.981
225.388,0.991
225.418,0.995
225.448,0.993
225.478,0.989
225.508,0.986
225.538,0.993
225.568,0.988
225.598,0.987
225.628,0.991
225.658,0.988
225.688,0.992
225.718,0.993
225.748,0.991
225.778,0.981
225.808,0.994
225.838,0.994
225.868,0.988
225.898,0.990
225.928,0.990
225.958,0.992
225.988,0.991
226.018,0.985
226.048,0.992
226.078,0.987
226.108,0.988
226.138,0.990
226.168,0.987
226.198,0.991
226.228,0.994
226.258,0.995
226.288,0.998
226.318,0.987
226.348,0.996
226.378,0.993
226.408,0.987
226.438,0.989
226.468,0.991
226.498,0.991
226.528,0.996
226.558,0.991
226.588,0.996
226.618,0.987
226.648,0.989
226.678,0.991
226.708,0.990
226.738,0.987
226.768,0.992
226.798,0.990
226.828,0.992
226.858,0.986
226.888,0.997
226.918,0.990
226.948,0.987
226.978,0.987
227.008,0.991
227.038,0.989
227.068,0.985
227.098,0.990
227.128,0.990
227.158,0.986
227.188,0.988
227.218,0.988
227.248,0.991
227.278,0.990
227.308,0.989
227.338,0.990
227.368,0.991
227.398,0.995
227.428,0.991
227.458,0.982
227.488,0.988
227.518,0.995
227.548,0.990
227.578,0.990
227.608,0.992
227.638,0.991
227.668,0.986
227.698,0.990
227.728,0.989
227.758,0.991
227.788,0.992
227.818,0.988
227.848,0.989
227.878,0.991
227.908,0.991
227.938,0.989
227.968,0.986
227.998,0.986
228.028,0.994
228.058,0.996
228.088,0.993
228.118,0.990
228.148,0.992
228.178,0.991
228.208,0.988
228.238,0.991
228.268,0.990
228.298,0.992
228.328,0.989
228.358,0.989
228.388,0.991
228.418,0.996
228.448,0.993
228.478,0.984
228.508,0.984
228.538,0.990
228.568,0.993
228.598,0.988
228.628,0.984
228.658,0.994
228.688,0.994
228.718,0.989
228.748,0.991
228.778,0.992
228.808,0.986
228.838,0.991
228.868,0.992
228.898,0.992
228.928,0.994
228.958,0.995
228.988,0.989
229.018,0.989
229.048,0.989
229.078,0.995
229.108,0.994
229.138,0.982
229.168,0.992
229.198,0.994
229.228,0.987
229.258,0.989
229.288,0.989
229.318,0.991
229.348,0.994
229.378,0.995
229.408,0.993
229.438,0.986
229.468,0.998
229.498,0.990
229.528,0.991
229.558,0.985
229.588,0.996
229.618,0.994
229.648,0.991
229.678,0.986
229.708,0.997
229.738,0.988
229.768,0.990
229.798,0.990
229.828,0.991
229.858,0.989
229.888,0.994
229.918,0.986
229.948,0.989
229.978,0.990
230.008,0.999
230.038,0.985
230.068,0.991
230.098,0.989
230.128,0.995
230.158,0.989
230.188,0.979
230.218,0.990
230.248,0.994
230.278,0.989
230.308,0.990
230.338,0.987
230.368,0.990
230.398,0.992
230.428,0.994
230.458,0.992
230.488,0.987
230.518,0.997
230.548,0.992
230.578,0.991
230.608,0.990
230.638,0.996
230.668,0.995
230.698,0.984
230.728,0.988
230.758,0.997
230.788,0.991
230.818,0.989
230.848,0.992
230.878,0.993
230.908,0.994
230.938,0.989
230.968,0.986
230.998,0.990
231.028,0.995
231.058,0.994
231.088,0.987
231.118,0.990
231.148,0.992
231.178,0.991
231.208,0.991
231.238,0.985
231.268,0.993
231.298,0.990
231.328,0.987
231.358,0.992
231.388,0.990
231.418,0.986
231.448,0.990
231.478,0.991
231.508,0.992
231.538,0.990
231.568,0.989
231.598,0.988
231.628,0.984
231.658,0.993
231.688,0.995
231.718,0.991
231.748,0.985
231.778,0.990
231.808,0.985
231.838,0.989
231.868,0.990
231.898,0.989
231.928,0.988
231.958,0.990
231.988,0.995
232.018,0.988
232.048,0.991
232.078,0.994
232.108,0.989
232.138,0.986
232.168,0.990
232.198,0.995
232.228,0.992
232.258,0.983
232.288,0.987
232.318,0.992
232.348,0.988
232.378,0.990
232.408,0.991
232.438,0.989
232.468,0.989
232.498,0.992
232.528,0.993
232.558,0.984
232.588,0.993
232.618,0.994
232.648,0.984
232.678,0.986
232.708,0.992
232.738,0.992
232.768,0.995
232.798,0.989
232.828,0.997
232.858,0.988
232.888,0.987
232.918,0.989
232.948,0.991
232.978,0.990
233.008,0.993
233.038,0.989
233.068,0.984
233.098,0.993
233.128,0.992
233.158,0.986
233.188,0.988
233.218,0.994
233.248,0.992
233.278,0.998
233.308,0.985
233.338,0.995
233.368,0.991
233.398,0.990
233.428,0.990
233.458,0.991
233.488,0.989
233.518,0.995
233.548,0.994
233.578,0.984
233.608,0.995
233.638,0.989
233.668,0.989
233.698,0.988
233.728,0.992
233.758,0.993
233.788,0.995
233.818,0.988
233.848,0.993
233.878,0.990
233.908,0.991
233.938,0.989
233.968,0.992
233.998,0.995
234.028,0.989
234.058,0.991
234.088,0.981
234.118,0.993
234.148,0.993
234.178,0.986
234.208,0.988
234.238,0.991
234.268,0.993
234.298,0.992
234.328,0.987
234.358,0.992
234.388,0.983
234.418,0.990
234.448,0.994
234.478,0.991
234.508,0.991
234.538,0.992
234.568,0.989
234.598,0.987
234.628,0.994
234.658,0.992
234.688,0.986
234.718,0.990
234.748,0.995
234.778,0.992
234.808,0.983
234.838,0.991
234.868,0.992
234.898,0.986
234.928,0.990
234.958,0.991
234.988,0.989
235.018,0.985
235.048,0.996
235.078,0.994
235.108,0.992
235.138,0.986
235.168,0.986
235.198,0.985
235.228,0.994
235.258,0.992
235.288,0.991
235.318,0.988
235.348,0.994
235.378,0.992
235.408,0.993
235.438,0.993
235.468,0.990
235.498,0.988
235.528,0.989
235.558,0.990
235.588,0.988
235.618,0.992
235.648,0.993
235.678,0.982
235.708,0.988
235.738,0.990
235.768,0.991
235.798,0.995
235.828,0.987
235.858,0.993
235.888,0.990
235.918,0.991
235.948,0.989
235.978,0.989
236.008,0.992
236.038,0.997
236.068,0.994
236.098,0.989
236.128,0.993
236.158,0.992
236.188,0.988
236.218,0.988
236.248,0.990
236.278,0.995
236.308,0.992
236.338,0.989
236.368,0.995
236.398,0.990
236.428,0.993
236.458,0.992
236.488,0.990
236.518,0.994
236.548,0.992
236.578,0.994
236.608,0.989
236.638,0.996
236.668,0.990
236.698,0.991
236.728,0.989
236.758,0.995
236.788,0.990
236.818,0.986
236.848,0.987
236.878,0.995
236.908,0.988
236.938,0.993
236.968,0.990
236.998,0.992
237.028,0.994
237.058,0.991
237.088,0.990
237.118,0.989
237.148,0.991
237.178,0.995
237.208,0.990
237.238,0.992
237.268,0.989
237.298,0.993
237.328,0.990
237.358,0.986
237.388,0.988
237.418,0.992
237.448,0.988
237.478,0.990
237.508,0.989
237.538,0.992
237.568,0.995
237.598,0.990
237.628,0.988
237.658,0.984
237.688,0.995
237.718,0.993
237.748,0.983
237.778,0.988
237.808,0.990
237.838,0.993
237.868,0.996
237.898,0.990
237.928,0.990
237.958,0.989
237.988,0.991
238.018,0.992
238.048,0.987
238.078,0.987
238.108,0.987
238.138,0.989
238.168,0.995
238.198,0.994
238.228,0.988
238.258,0.987
238.288,0.989
238.318,0.995
238.348,0.994
238.378,0.994
238.408,0.985
238.438,0.994
238.468,0.990
238.498,0.992
238.528,0.988
238.558,0.990
238.588,0.990
238.618,0.991
238.648,0.990
238.678,0.994
238.708,0.994
238.738,0.997
238.768,0.989
238.798,0.987
238.828,0.979
238.858,0.987
238.888,0.998
238.918,0.998
238.948,0.997
238.978,0.984
239.008,0.986
239.038,0.989
239.068,0.988
239.098,0.992
239.128,0.991
239.158,0.990
239.188,0.996
239.218,0.993
239.248,0.996
239.278,0.988
239.308,0.989
239.338,0.987
239.368,0.995
239.398,0.992
239.428,0.982
239.458,0.991
239.488,0.991
239.518,0.996
239.548,0.995
239.578,0.999
239.608,0.993
239.638,0.996
239.668,0.994
239.698,0.999
239.728,0.982
239.758,0.988
239.788,0.986
239.818,0.987
239.848,0.992
239.878,0.998
239.908,0.999
239.938,0.987
239.968,0.994
239.998,0.994
240.028,0.988
240.058,0.993
240.088,0.982
240.118,0.978
240.148,0.988
240.178,0.979
240.208,0.980
240.238,0.980
240.268,0.993
240.298,1.000
240.328,1.003
240.358,1.011
240.388,1.001
240.418,0.998
240.448,0.991
240.478,0.997
240.508,0.986
240.538,0.985
240.568,0.983
240.598,0.989
240.628,0.990
240.658,0.997
240.688,1.005
240.718,0.993
240.748,0.986
240.778,0.985
240.808,0.982
240.838,0.981
240.868,0.986
240.898,0.990
240.928,0.983
240.958,0.991
240.988,0.990
241.018,0.994
241.048,0.992
241.078,0.992
241.108,0.986
241.138,0.985
241.168,0.993
241.198,0.981
241.228,0.986
241.258,0.993
241.288,0.991
241.318,0.990
241.348,0.988
241.378,0.997
241.408,0.997
241.438,0.984
241.468,0.993
241.498,0.985
241.528,0.985
241.558,0.989
241.588,0.987
241.618,0.984
241.648,0.992
241.678,0.996
241.708,0.989
241.738,0.998
241.768,0.991
241.798,0.990
241.828,0.986
241.858,0.984
241.888,0.991
241.918,0.983
241.948,0.992
241.978,0.990
242.008,0.990
242.038,0.992
242.068,0.987
242.098,0.989
242.128,0.995
242.158,0.986
242.188,0.984
242.218,0.987
242.248,0.991
242.278,0.988
242.308,0.992
242.338,1.002
242.368,0.995
242.398,0.999
242.428,0.996
242.458,0.986
242.488,0.978
242.518,0.982
242.548,0.983
242.578,0.978
242.608,0.976
242.638,0.980
242.668,0.985
242.698,0.991
242.728,0.977
242.758,0.970
242.788,0.974
242.818,0.980
242.848,1.001
242.878,0.993
242.908,0.977
242.938,0.980
242.968,0.977
242.998,0.985
243.028,0.995
243.058,0.997
243.088,0.974
243.118,0.984
243.148,0.969
243.178,0.979
243.208,0.983
243.238,0.983
243.268,0.988
243.298,0.998
243.328,0.986
243.358,0.985
243.388,0.983
243.418,0.986
243.448,0.992
243.478,0.992
243.508,0.987
243.538,0.998
243.568,0.998
243.598,1.002
243.628,1.004
243.658,1.002
243.688,0.994
243.718,0.992
243.748,0.998
243.778,1.002
243.808,0.980
243.838,0.963
243.868,0.967
243.898,0.989
243.928,0.995
243.958,1.003
243.988,1.038
244.018,1.016
244.048,1.009
244.078,1.022
244.108,0.965
244.138,0.942
244.168,0.996
244.198,1.001
244.228,1.005
244.258,1.021
244.288,1.042
244.318,0.995
244.348,0.949
244.378,0.975
244.408,0.976
244.438,0.973
244.468,0.995
244.498,0.994
244.528,0.982
244.558,0.992
244.588,0.981
244.618,0.991
244.648,0.983
244.678,0.985
244.708,0.988
244.738,0.989
244.768,0.994
244.798,0.999
244.828,1.004
244.858,0.991
244.888,0.988
244.918,0.993
244.948,0.982
244.978,0.979
245.008,0.992
245.038,0.993
245.068,0.978
245.098,0.978
245.128,0.969
245.158,0.983
245.188,0.992
245.218,0.986
245.248,0.971
245.278,1.000
245.308,0.998
245.338,0.998
245.368,0.983
245.398,0.986
245.428,0.967
245.458,0.932
245.488,0.957
245.518,0.959
245.548,1.002
245.578,1.031
245.608,1.030
245.638,1.043
245.668,1.013
245.698,1.006
245.728,0.985
245.758,0.990
245.788,1.026
245.818,1.020
245.848,0.980
245.878,0.978
245.908,0.991
245.938,1.006
245.968,1.005
245.998,1.012
246.028,1.002
246.058,0.964
246.088,0.974
246.118,0.958
246.148,0.981
246.178,0.986
246.208,0.959
246.238,0.966
246.268,1.015
246.298,0.988
246.328,0.983
246.358,0.982
246.388,0.970
246.418,0.982
246.448,0.969
246.478,0.993
246.508,0.990
246.538,1.003
246.568,0.983
246.598,0.963
246.628,0.966
246.658,0.985
246.688,0.989
246.718,0.992
246.748,1.000
246.778,1.004
246.808,1.002
246.838,0.995
246.868,1.006
246.898,1.008
246.928,0.998
246.958,0.988
246.988,1.002
247.018,0.988
247.048,0.978
247.078,0.989
247.108,1.003
247.138,1.001
247.168,1.014
247.198,0.988
247.228,1.005
247.258,1.012
247.288,1.010
247.318,1.001
247.348,1.005
247.378,0.994
247.408,0.983
247.438,0.990
247.468,1.012
247.498,1.010
247.528,0.998
247.558,1.003
247.588,1.002
247.618,0.995
247.648,1.002
247.678,1.003
247.708,1.005
247.738,1.003
247.768,1.008
247.798,0.992
247.828,0.998
247.858,1.002
247.888,0.997
247.918,1.004
247.948,1.003
247.978,0.999
248.008,1.002
248.038,0.998
248.068,0.992
248.098,0.993
248.128,0.988
248.158,1.001
248.188,0.988
248.218,1.002
248.248,1.016
248.278,0.999
248.308,0.995
248.338,0.989
248.368,0.983
248.398,0.992
248.428,1.005
248.458,1.003
248.488,1.011
248.518,1.003
248.548,1.007
248.578,1.010
248.608,0.996
248.638,1.022
248.668,1.021
248.698,1.013
248.728,1.008
248.758,1.012
248.788,1.021
248.818,1.015
248.848,1.019
248.878,1.026
248.908,1.003
248.938,1.011
248.968,0.988
248.998,1.009
249.028,1.017
249.058,1.023
249.088,1.034
249.118,1.024
249.148,1.025
249.178,1.021
249.208,1.020
249.238,1.021
249.268,1.021
249.298,1.029
249.328,1.039
249.358,1.019
249.388,1.015
249.418,1.022
249.448,1.013
249.478,1.013
249.508,1.030
249.538,1.021
249.568,1.031
249.598,1.022
249.628,1.019
249.658,1.027
249.688,1.018
249.718,1.029
249.748,1.030
249.778,1.028
249.808,1.028
249.838,1.018
249.868,1.028
249.898,1.030
249.928,1.033
249.958,1.032
249.988,1.021
250.018,1.025
250.048,1.019
250.078,1.021
250.108,1.024
250.138,1.010
250.168,1.018
250.198,1.021
250.228,1.021
250.258,1.022
250.288,1.036
250.318,1.018
250.348,1.012
250.378,1.027
250.408,1.007
250.438,1.022
250.468,1.000
250.498,1.003
250.528,1.018
250.558,1.008
250.588,1.013
250.618,1.007
250.648,0.977
250.678,0.986
250.708,1.010
250.738,1.027
250.768,0.998
250.798,1.016
250.828,1.038
250.858,1.021
250.888,1.026
250.918,1.024
250.948,1.038
250.978,1.013
251.008,1.016
251.038,1.011
251.068,1.001
251.098,1.007
251.128,1.029
251.158,1.019
251.188,1.027
251.218,1.015
251.248,0.993
251.278,1.003
251.308,1.013
251.338,1.019
251.368,1.008
251.398,1.014
251.428,1.016
251.458,1.021
251.488,1.020
251.518,1.026
251.548,1.021
251.578,1.012
251.608,1.014
251.638,1.017
251.668,1.021
251.698,1.007
251.728,1.038
251.758,1.048
251.788,1.030
251.818,1.029
251.848,1.019
251.878,1.006
251.908,1.010
251.938,1.007
251.968,1.011
251.998,1.012
252.028,1.033
252.058,1.041
252.088,1.028
252.118,1.038
252.148,1.018
252.178,1.003
252.208,0.984
252.238,1.011
252.268,1.011
252.298,1.011
252.328,0.942
252.358,1.000
252.388,1.049
252.418,1.048
252.448,1.044
252.478,1.063
252.508,1.027
252.538,0.992
252.568,0.995
252.598,1.010
252.628,1.030
252.658,1.028
252.688,1.024
252.718,1.027
252.748,1.021
252.778,1.011
252.808,1.018
252.838,1.017
252.868,1.020
252.898,1.014
252.928,1.008
252.958,1.014
252.988,1.007
253.018,1.011
253.048,1.010
253.078,1.015
253.108,1.009
253.138,1.018
253.168,1.011
253.198,0.998
253.228,1.000
253.258,1.001
253.288,1.001
253.318,0.995
253.348,0.984
253.378,0.978
253.408,0.979
253.438,0.986
253.468,0.985
253.498,1.002
253.528,1.009
253.558,1.004
253.588,0.999
253.618,0.997
253.648,0.984
253.678,0.988
253.708,0.989
253.738,1.003
253.768,0.992
253.798,1.005
253.828,0.999
253.858,0.998
253.888,1.006
253.918,0.986
253.948,0.976
253.978,0.993
254.008,1.011
254.038,1.032
254.068,1.037
254.098,1.009
254.128,1.014
254.158,1.003
254.188,1.010
254.218,0.997
254.248,0.988
254.278,0.979
254.308,1.006
254.338,1.014
254.368,1.019
254.398,1.014
254.428,1.008
254.458,1.016
254.488,0.989
254.518,1.001
254.548,0.988
254.578,0.988
254.608,0.997
254.638,0.984
254.668,0.981
254.698,0.975
254.728,0.971
254.758,0.975
254.788,0.979
254.818,1.009
254.848,1.001
254.878,0.983
254.908,1.016
254.938,1.009
254.968,1.032
254.998,1.047
255.028,1.033
255.058,1.029
255.088,1.053
255.118,1.040
255.148,1.024
255.178,1.013
255.208,1.021
255.238,1.042
255.268,1.029
255.298,1.051
255.328,1.036
255.358,1.015
255.388,1.026
255.418,1.011
255.448,1.000
255.478,0.984
255.508,0.999
255.538,1.008
255.568,1.006
255.598,0.995
255.628,1.011
255.658,1.027
255.688,1.032
255.718,1.019
255.748,1.015
255.778,1.021
255.808,1.013
255.838,1.035
255.868,1.034
255.898,1.034
255.928,1.012
255.958,0.991
255.988,1.001
256.018,1.006
256.048,0.985
256.078,0.992
256.108,0.994
256.138,1.014
256.168,1.004
256.198,0.991
256.228,1.018
256.258,1.009
256.288,0.988
256.318,0.997
256.348,1.008
256.378,1.000
256.408,0.991
256.438,0.999
256.468,1.000
256.498,0.993
256.528,1.007
256.558,1.005
256.588,1.001
256.618,0.994
256.648,1.004
256.678,0.999
256.708,0.997
256.738,0.988
256.768,0.988
256.798,1.000
256.828,0.997
256.858,1.005
256.888,1.004
256.918,0.988
256.948,0.990
256.978,1.014
257.008,1.005
257.038,1.011
257.068,1.017
257.098,1.011
257.128,1.009
257.158,1.010
257.188,1.021
257.218,1.018
257.248,1.004
257.278,1.011
257.308,1.007
257.338,1.009
257.368,1.013
257.398,1.008
257.428,0.999
257.458,1.001
257.488,0.994
257.518,0.971
257.548,0.995
257.578,1.010
257.608,1.012
257.638,1.029
257.668,1.033
257.698,1.029
257.728,1.025
257.758,1.019
257.788,1.023
257.818,1.025
257.848,1.041
257.878,1.041
257.908,0.978
257.938,0.992
257.968,1.002
257.998,0.977
258.028,0.990
258.058,0.986
258.088,0.982
258.118,1.001
258.148,1.000
258.178,1.012
258.208,1.009
258.238,1.007
258.268,1.000
258.298,0.996
258.328,1.010
258.358,1.007
258.388,1.014
258.418,1.009
258.448,1.014
258.478,1.013
258.508,1.022
258.538,1.016
258.568,1.007
258.598,1.014
258.628,1.006
258.658,1.005
258.688,1.003
258.718,1.002
258.748,1.008
258.778,1.000
258.808,1.008
258.838,1.011
258.868,1.009
258.898,1.010
258.928,1.025
258.958,1.013
258.988,1.023
259.018,1.023
259.048,1.021
259.078,1.006
259.108,1.014
259.138,1.015
259.168,1.008
259.198,1.013
259.228,1.008
259.258,1.011
259.288,1.018
259.318,1.018
259.348,1.014
259.378,1.012
259.408,1.001
259.438,1.011
259.468,1.007
259.498,1.016
259.528,1.018
259.558,1.012
259.588,1.014
259.618,0.999
259.648,1.022
259.678,1.019
259.708,1.026
259.738,1.032
259.768,1.025
259.798,1.029
259.828,1.025
259.858,1.029
259.888,1.023
259.918,1.015
259.948,1.025
259.978,1.024
260.008,1.021
260.038,1.014
260.068,1.023
260.098,1.028
260.128,1.032
260.158,1.028
260.188,1.022
260.218,1.024
260.248,1.022
260.278,1.032
260.308,1.026
260.338,1.019
260.368,1.025
260.398,1.027
260.428,1.023
260.458,1.021
260.488,1.027
260.518,1.023
260.548,1.027
260.578,1.025
260.608,1.020
260.638,1.024
260.668,1.026
260.698,1.024
260.728,1.019
260.758,1.027
260.788,1.024
260.818,1.027
260.848,1.029
260.878,1.028
260.908,1.027
260.938,1.022
260.968,1.025
260.998,1.020
261.028,1.022
261.058,1.029
261.088,1.025
261.118,1.030
261.148,1.023
261.178,1.026
261.208,1.028
261.238,1.024
261.268,1.025
261.298,1.024
261.328,1.022
261.358,1.020
261.388,1.025
261.418,1.022
261.448,1.028
261.478,1.029
261.508,1.024
261.538,1.025
261.568,1.030
261.598,1.026
261.628,1.019
261.658,1.029
261.688,1.027
261.718,1.029
261.748,1.025
261.778,1.024
261.808,1.029
261.838,1.027
261.868,1.026
261.898,1.023
261.928,1.027
261.958,1.031
261.988,1.028
262.018,1.025
262.048,1.021
262.078,1.028
262.108,1.027
262.138,1.025
262.168,1.030
262.198,1.024
262.228,1.024
262.258,1.024
262.288,1.021
262.318,1.026
262.348,1.025
262.378,1.025
262.408,1.031
262.438,1.028
262.468,1.026
262.498,1.023
262.528,1.022
262.558,1.023
262.588,1.022
262.618,1.024
262.648,1.022
262.678,1.025
262.708,1.030
262.738,1.025
262.768,1.021
262.798,1.025
262.828,1.030
262.858,1.023
262.888,1.025
262.918,1.032
262.948,1.033
262.978,1.029
263.008,1.027
263.038,1.022
263.068,1.021
263.098,1.036
263.128,1.032
263.158,1.036
263.188,1.030
263.218,1.029
263.248,1.022
263.278,1.024
263.308,1.021
263.338,1.015
263.368,1.017
263.398,1.015
263.428,1.014
263.458,1.016
263.488,1.010
263.518,1.019
263.548,1.023
263.578,1.021
263.608,1.019
263.638,1.011
263.668,1.007
263.698,1.002
263.728,1.009
263.758,1.009
263.788,1.010
263.818,1.008
263.848,1.003
263.878,1.010
263.908,1.017
263.938,1.013
263.968,1.016
263.998,1.015
264.028,1.017
264.058,1.016
264.088,1.023
264.118,1.021
264.148,1.018
264.178,1.015
264.208,1.002
264.238,1.009
264.268,1.023
264.298,1.010
264.328,1.013
264.358,1.009
264.388,1.015
264.418,1.015
264.448,1.015
264.478,1.000
264.508,0.994
264.538,1.010
264.568,1.012
264.598,1.021
264.628,1.019
264.658,1.006
264.688,0.999
264.718,1.017
264.748,1.039
264.778,1.030
264.808,1.017
264.838,1.001
264.868,0.990
264.898,0.979
264.928,0.979
264.958,0.985
264.988,1.010
265.018,1.019
265.048,1.016
265.078,1.015
265.108,1.039
265.138,1.035
265.168,1.027
265.198,1.027
265.228,1.024
265.258,1.032
265.288,1.035
265.318,1.023
265.348,1.018
265.378,1.024
265.408,1.027
265.438,1.020
265.468,1.020
265.498,1.019
265.528,1.017
265.558,1.021
265.588,1.023
265.618,1.027
265.648,1.021
265.678,1.023
265.708,1.036
265.738,1.023
265.768,1.027
265.798,1.026
265.828,1.020
265.858,1.019
265.888,1.023
265.918,1.025
265.948,1.014
265.978,1.025
266.008,1.033
266.038,1.035
266.068,1.032
266.098,1.021
266.128,1.023
266.158,1.019
266.188,1.021
266.218,1.028
266.248,1.033
266.278,1.024
266.308,1.027
266.338,1.025
266.368,1.021
266.398,1.025
266.428,1.015
266.458,1.028
266.488,1.032
266.518,1.032
266.548,1.023
266.578,1.020
266.608,1.028
266.638,1.027
266.668,1.019
266.698,1.022
266.728,1.020
266.758,1.018
266.788,1.015
266.818,1.007
266.848,1.017
266.878,1.024
266.908,1.018
266.938,1.018
266.968,1.023
266.998,1.021
267.028,1.021
267.058,1.020
267.088,1.023
267.118,1.027
267.148,1.030
267.178,1.026
267.208,1.017
267.238,1.024
267.268,1.024
267.298,1.023
267.328,1.025
267.358,1.025
267.388,1.026
267.418,1.033
267.448,1.031
267.478,1.027
267.508,1.025
267.538,1.023
267.568,1.025
267.598,1.033
267.628,1.030
267.658,1.017
267.688,1.018
267.718,1.018
267.748,1.029
267.778,1.030
267.808,1.033
267.838,1.038
267.868,1.022
267.898,1.036
267.928,1.035
267.958,1.032
267.988,1.044
268.018,1.033
268.048,1.018
268.078,1.005
268.108,1.013
268.138,1.021
268.168,1.029
268.198,1.035
268.228,1.033
268.258,1.028
268.288,1.010
268.318,1.026
268.348,1.021
268.378,1.017
268.408,1.019
268.438,1.026
268.468,1.026
268.498,1.026
268.528,1.029
268.558,1.017
268.588,1.016
268.618,1.021
268.648,1.020
268.678,1.023
268.708,1.021
268.738,1.021
268.768,1.030
268.798,1.039
268.828,1.032
268.858,1.034
268.888,1.036
268.918,1.031
268.948,1.024
268.978,1.030
269.008,1.033
269.038,1.026
269.068,1.026
269.098,1.033
269.128,1.027
269.158,1.032
269.188,1.034
269.218,1.026
269.248,1.027
269.278,1.025
269.308,1.028
269.338,1.032
269.368,1.032
269.398,1.035
269.428,1.024
269.458,1.025
269.488,1.031
269.518,1.024
269.548,1.031
269.578,1.029
269.608,1.033
269.638,1.029
269.668,1.028
269.698,1.025
269.728,1.024
269.758,1.030
269.788,1.027
269.818,1.030
269.848,1.031
269.878,1.024
269.908,1.028
269.938,1.035
269.968,1.027
269.998,1.027
270.028,1.027
270.058,1.024
270.088,1.022
270.118,1.032
270.148,1.022
270.178,1.036
270.208,1.034
270.238,1.025
270.268,1.032
270.298,1.028
270.328,1.032
270.358,1.026
270.388,1.020
270.418,1.024
270.448,1.027
270.478,1.035
270.508,1.038
270.538,1.032
270.568,1.033
270.598,1.030
270.628,1.021
270.658,1.027
270.688,1.024
270.718,1.029
270.748,1.035
270.778,1.023
270.808,1.036
270.838,1.030
270.868,1.022
270.898,1.030
270.928,1.022
270.958,1.024
270.988,1.037
271.018,1.026
271.048,1.032
271.078,1.033
271.108,1.033
271.138,1.026
271.168,1.025
271.198,1.030
271.228,1.032
271.258,1.036
271.288,1.028
271.318,1.037
271.348,1.029
271.378,1.041
271.408,1.039
271.438,1.031
271.468,1.028
271.498,1.023
271.528,1.026
271.558,1.025
271.588,1.021
271.618,1.034
271.648,1.023
271.678,1.024
271.708,1.026
271.738,1.024
271.768,1.021
271.798,1.021
271.828,1.028
271.858,1.023
271.888,1.031
271.918,1.029
271.948,1.029
271.978,1.030
272.008,1.034
272.038,1.039
272.068,1.050
272.098,1.065
272.128,1.061
272.158,1.065
272.188,1.068
272.218,1.086
272.248,1.106
272.278,1.105
272.308,1.100
272.338,1.045
272.368,1.010
272.398,0.984
272.428,0.955
272.458,0.976
272.488,0.958
272.518,0.956
272.548,0.975
272.578,0.962
272.608,1.001
272.638,1.017
272.668,1.000
272.698,0.992
272.728,0.996
272.758,1.014
272.788,0.971
272.818,1.003
272.848,0.994
272.878,0.977
272.908,1.004
272.938,0.999
272.968,0.984
272.998,0.982
273.028,0.973
273.058,0.983
273.088,1.003
273.118,1.007
273.148,1.009
273.178,1.005
273.208,0.994
273.238,0.997
273.268,1.013
273.298,0.995
273.328,0.985
273.358,0.985
273.388,0.981
273.418,0.953
273.448,0.962
273.478,0.972
273.508,0.983
273.538,0.975
273.568,1.027
273.598,1.041
273.628,1.033
273.658,1.042
273.688,1.014
273.718,1.012
273.748,0.997
273.778,1.019
273.808,1.026
273.838,1.021
273.868,1.018
273.898,1.009
273.928,1.033
273.958,1.022
273.988,1.009
274.018,1.006
274.048,1.008
274.078,1.008
274.108,1.013
274.138,1.013
274.168,1.014
274.198,1.006
274.228,1.009
274.258,1.002
274.288,1.003
274.318,1.013
274.348,1.013
274.378,1.004
274.408,1.018
274.438,1.005
274.468,1.003
274.498,1.002
274.528,1.005
274.558,1.004
274.588,1.012
274.618,1.012
274.648,1.004
274.678,1.008
274.708,1.008
274.738,1.020
274.768,1.019
274.798,1.019
274.828,1.026
274.858,1.020
274.888,1.012
274.918,1.020
274.948,1.021
274.978,1.019
275.008,1.022
275.038,1.024
275.068,1.026
275.098,1.030
275.128,1.018
275.158,1.017
275.188,1.016
275.218,1.020
275.248,1.025
275.278,1.025
275.308,1.023
275.338,1.014
275.368,1.024
275.398,1.019
275.428,1.027
275.458,1.021
275.488,1.019
275.518,1.023
275.548,1.021
275.578,1.021
275.608,1.027
275.638,1.024
275.668,1.028
275.698,1.023
275.728,1.026
275.758,1.024
275.788,1.016
275.818,1.021
275.848,1.018
275.878,1.022
275.908,1.027
275.938,1.026
275.968,1.017
275.998,1.028
276.028,1.028
276.058,1.022
276.088,1.020
276.118,1.021
276.148,1.021
276.178,1.018
276.208,1.026
276.238,1.025
276.268,1.019
276.298,1.022
276.328,1.027
276.358,1.023
276.388,1.019
276.418,1.024
276.448,1.021
276.478,1.019
276.508,1.023
276.538,1.024
276.568,1.018
276.598,1.021
276.628,1.024
276.658,1.024
276.688,1.021
276.718,1.027
276.748,1.024
276.778,1.018
276.808,1.021
276.838,1.023
276.868,1.024
276.898,1.017
276.928,1.025
276.958,1.029
276.988,1.019
277.018,1.021
277.048,1.027
277.078,1.024
277.108,1.025
277.138,1.024
277.168,1.020
277.198,1.024
277.228,1.022
277.258,1.022
277.288,1.023
277.318,1.020
277.348,1.025
277.378,1.027
277.408,1.024
277.438,1.028
277.468,1.024
277.498,1.019
277.528,1.024
277.558,1.025
277.588,1.020
277.618,1.027
277.648,1.024
277.678,1.013
277.708,1.030
277.738,1.027
277.768,1.025
277.798,1.020
277.828,1.021
277.858,1.016
277.888,1.012
277.918,1.010
277.948,1.015
277.978,1.019
278.008,1.021
278.038,1.021
278.068,1.030
278.098,1.012
278.128,1.013
278.158,1.015
278.188,1.004
278.218,1.023
278.248,1.021
278.278,1.018
278.308,1.035
278.338,1.024
278.368,1.022
278.398,1.036
278.428,1.036
278.458,1.024
278.488,1.022
278.518,1.019
278.548,1.036
278.578,1.029
278.608,1.025
278.638,1.026
278.668,1.033
278.698,1.032
278.728,1.023
278.758,1.029
278.788,1.035
278.818,1.024
278.848,1.029
278.878,1.026
278.908,1.032
278.938,1.024
278.968,1.024
278.998,1.031
279.028,1.024
279.058,1.024
279.088,1.031
279.118,1.026
279.148,1.024
279.178,1.027
279.208,1.025
279.238,1.027
279.268,1.028
279.298,1.028
279.328,1.021
279.358,1.021
279.388,1.023
279.418,1.025
279.448,1.024
279.478,1.024
279.508,1.030
279.538,1.027
279.568,1.030
279.598,1.029
279.628,1.025
279.658,1.030
279.688,1.030
279.718,1.025
279.748,1.022
279.778,1.023
279.808,1.027
279.838,1.025
279.868,1.023
279.898,1.026
279.928,1.027
279.958,1.026
279.988,1.030
280.018,1.028
280.048,1.024
280.078,1.027
280.108,1.027
280.138,1.025
280.168,1.026
280.198,1.028
280.228,1.022
280.258,1.027
280.288,1.026
280.318,1.028
280.348,1.022
280.378,1.025
280.408,1.033
280.438,1.031
280.468,1.029
280.498,1.029
280.528,1.022
280.558,1.025
280.588,1.027
280.618,1.024
280.648,1.019
280.678,1.028
280.708,1.030
280.738,1.027
280.768,1.025
280.798,1.022
280.828,1.020
280.858,1.030
280.888,1.023
280.918,1.030
280.948,1.026
280.978,1.028
281.008,1.028
281.038,1.029
281.068,1.033
281.098,1.025
281.128,1.025
281.158,1.022
281.188,1.027
281.218,1.031
281.248,1.027
281.278,1.035
281.308,1.031
281.338,1.031
281.368,1.037
281.398,1.031
281.428,1.034
281.458,1.014
281.488,1.000
281.518,1.007
281.548,1.021
281.578,1.021
281.608,1.016
281.638,1.025
281.668,1.016
281.698,1.027
281.728,1.024
281.758,1.011
281.788,1.004
281.818,1.023
281.848,1.015
281.878,1.009
281.908,1.012
281.938,1.011
281.968,1.013
281.998,1.002
282.028,0.998
282.058,0.985
282.088,0.983
282.118,0.987
282.148,0.991
282.178,1.003
282.208,1.013
282.238,1.012
282.268,0.996
282.298,0.998
282.328,0.988
282.358,0.992
282.388,1.003
282.418,0.987
282.448,0.998
282.478,0.978
282.508,0.991
282.538,0.994
282.568,1.009
282.598,1.008
282.628,0.988
282.658,1.016
282.688,1.020
282.718,0.985
282.748,0.986
282.778,0.982
282.808,0.993
282.838,0.988
282.868,1.009
282.898,0.992
282.928,1.002
282.958,1.012
282.988,1.025
283.018,1.024
283.048,1.004
283.078,0.989
283.108,1.003
283.138,1.010
283.168,1.004
283.198,0.979
283.228,0.992
283.258,0.991
283.288,0.989
283.318,1.008
283.348,1.009
283.378,1.005
283.408,1.000
283.438,1.010
283.468,0.992
283.498,1.003
283.528,0.998
283.558,0.988
283.588,0.988
283.618,1.043
283.648,1.017
283.678,1.002
283.708,1.062
283.738,1.042
283.768,1.038
283.798,1.023
283.828,1.039
283.858,0.994
283.888,1.036
283.918,1.065
283.948,1.056
283.978,1.062
284.008,1.061
284.038,1.056
284.068,1.049
284.098,1.057
284.128,1.054
284.158,1.056
284.188,1.034
284.218,1.030
284.248,1.030
284.278,1.030
284.308,1.034
284.338,1.040
284.368,1.039
284.398,1.039
284.428,1.024
284.458,1.021
284.488,1.039
284.518,1.036
284.548,1.041
284.578,1.029
284.608,1.026
284.638,1.037
284.668,1.036
284.698,1.048
284.728,1.047
284.758,1.051
284.788,1.057
284.818,1.045
284.848,1.044
284.878,1.030
284.908,1.028
284.938,1.009
284.968,1.006
284.998,1.017
285.028,1.038
285.058,1.049
285.088,1.021
285.118,0.997
285.148,0.997
285.178,1.001
285.208,1.005
285.238,1.019
285.268,1.019
285.298,1.026
285.328,1.017
285.358,1.032
285.388,1.036
285.418,1.034
285.448,1.039
285.478,1.041
285.508,1.038
285.538,1.034
285.568,1.039
285.598,1.044
285.628,1.029
285.658,1.036
285.688,1.033
285.718,1.034
285.748,1.025
285.778,1.025
285.808,1.029
285.838,1.030
285.868,1.030
285.898,1.035
285.928,1.039
285.958,1.041
285.988,1.032
286.018,1.030
286.048,1.023
286.078,1.034
286.108,1.032
286.138,1.025
286.168,1.026
286.198,1.033
286.228,1.037
286.258,1.032
286.288,1.029
286.318,1.032
286.348,1.035
286.378,1.036
286.408,1.033
286.438,1.037
286.468,1.033
286.498,1.024
286.528,1.026
286.558,1.030
286.588,1.035
286.618,1.034
286.648,1.027
286.678,1.031
286.708,1.026
286.738,1.029
286.768,1.040
286.798,1.031
286.828,1.027
286.858,1.028
286.888,1.035
286.918,1.040
286.948,1.033
286.978,1.026
287.008,1.034
287.038,1.037
287.068,1.035
287.098,1.030
287.128,1.027
287.158,1.032
287.188,1.029
287.218,1.029
287.248,1.036
287.278,1.029
287.308,1.035
287.338,1.031
287.368,1.030
287.398,1.035
287.428,1.039
287.458,1.031
287.488,1.030
287.518,1.033
287.548,1.034
287.578,1.028
287.608,1.027
287.638,1.040
287.668,1.037
287.698,1.029
287.728,1.032
287.758,1.031
287.788,1.027
287.818,1.029
287.848,1.036
287.878,1.029
287.908,1.033
287.938,1.037
287.968,1.033
287.998,1.037
288.028,1.036
288.058,1.035
288.088,1.029
288.118,1.030
288.148,1.026
288.178,1.031
288.208,1.035
288.238,1.031
288.268,1.032
288.298,1.030
288.328,1.034
288.358,1.038
288.388,1.031
288.418,1.029
288.448,1.037
288.478,1.036
288.508,1.035
288.538,1.029
288.568,1.028
288.598,1.036
288.628,1.035
288.658,1.030
288.688,1.032
288.718,1.028
288.748,1.032
288.778,1.032
288.808,1.032
288.838,1.034
288.868,1.035
288.898,1.029
288.928,1.026
288.958,1.021
288.988,1.040
289.018,1.044
289.048,1.038
289.078,1.050
289.108,1.044
289.138,1.036
289.168,1.045
289.198,1.051
289.228,1.034
289.258,1.029
289.288,1.029
289.318,1.027
289.348,1.038
289.378,1.050
289.408,1.041
289.438,1.020
289.468,1.025
289.498,1.035
289.528,1.026
289.558,1.029
289.588,1.034
289.618,1.038
289.648,1.044
289.678,1.029
289.708,1.023
289.738,1.014
289.768,1.019
289.798,1.017
289.828,1.001
289.858,1.004
289.888,1.016
289.918,1.014
289.948,1.018
289.978,1.009
290.008,0.984
290.038,0.982
290.068,0.976
290.098,1.005
290.128,1.015
290.158,1.029
290.188,1.036
290.218,1.032
290.248,1.011
290.278,1.007
290.308,1.011
290.338,1.010
290.368,1.010
290.398,1.013
290.428,1.021
290.458,1.013
290.488,1.001
290.518,0.993
290.548,1.010
290.578,1.008
290.608,0.989
290.638,0.994
290.668,0.993
290.698,0.988
290.728,0.988
290.758,1.007
290.788,1.004
290.818,0.986
290.848,1.019
290.878,1.004
290.908,1.024
290.938,1.015
290.968,1.041
290.998,1.029
291.028,1.007
291.058,1.049
291.088,1.029
291.118,1.007
291.148,0.983
291.178,0.968
291.208,0.985
291.238,1.010
291.268,1.059
291.298,1.054
291.328,1.048
291.358,1.074
291.388,1.069
291.418,1.059
291.448,1.061
291.478,1.040
291.508,1.020
291.538,1.021
291.568,1.028
291.598,1.031
291.628,1.022
291.658,1.025
291.688,1.041
291.718,1.024
291.748,1.026
291.778,1.040
291.808,1.026
291.838,1.022
291.868,1.028
291.898,1.034
291.928,1.023
291.958,1.025
291.988,1.033
292.018,1.026
292.048,1.033
292.078,1.034
292.108,1.022
292.138,1.027
292.168,1.024
292.198,1.021
292.228,1.030
292.258,1.037
292.288,1.032
292.318,1.039
292.348,1.031
292.378,1.022
292.408,1.025
292.438,1.035
292.468,1.038
292.498,1.032
292.528,1.037
292.558,1.028
292.588,1.017
292.618,1.026
292.648,1.031
292.678,1.026
292.708,1.036
292.738,1.027
292.768,1.027
292.798,1.033
292.828,1.026
292.858,1.030
292.888,1.027
292.918,1.020
292.948,1.026
292.978,1.022
293.008,1.028
293.038,1.036
293.068,1.021
293.098,1.021
293.128,1.039
293.158,1.025
293.188,1.023
293.218,1.027
293.248,1.019
293.278,1.021
293.308,1.027
293.338,1.031
293.368,1.027
293.398,1.019
293.428,1.023
293.458,1.028
293.488,1.023
293.518,1.027
293.548,1.021
293.578,1.019
293.608,1.020
293.638,1.024
293.668,1.026
293.698,1.026
293.728,1.025
293.758,1.020
293.788,1.026
293.818,1.027
293.848,1.021
293.878,1.029
293.908,1.026
293.938,1.030
293.968,1.026
293.998,1.026
294.028,1.028
294.058,1.024
294.088,1.027
294.118,1.021
294.148,1.029
294.178,1.024
294.208,1.017
294.238,1.021
294.268,1.029
294.298,1.028
294.328,1.024
294.358,1.025
294.388,1.031
294.418,1.024
294.448,1.027
294.478,1.028
294.508,1.029
294.538,1.021
294.568,1.025
294.598,1.024
294.628,1.026
294.658,1.023
294.688,1.026
294.718,1.021
294.748,1.021
294.778,1.024
294.808,1.029
294.838,1.029
294.868,1.038
294.898,1.037
294.928,1.017
294.958,1.017
294.988,1.031
295.018,1.025
295.048,1.025
295.078,1.024
295.108,1.025
295.138,1.022
295.168,1.035
295.198,1.036
295.228,1.024
295.258,1.030
295.288,1.021
295.318,1.021
295.348,1.024
295.378,1.026
295.408,1.029
295.438,1.020
295.468,1.027
295.498,1.026
295.528,1.025
295.558,1.030
295.588,1.029
295.618,1.024
295.648,1.028
295.678,1.023
295.708,1.022
295.738,1.023
295.768,1.022
295.798,1.027
295.828,1.023
295.858,1.028
295.888,1.023
295.918,1.026
295.948,1.025
295.978,1.029
296.008,1.035
296.038,1.045
296.068,1.047
296.098,1.047
296.128,1.067
296.158,1.088
296.188,1.108
296.218,1.097
296.248,1.100
296.278,1.092
296.308,1.062
296.338,1.046
296.368,1.044
296.398,1.032
296.428,1.006
296.458,1.005
296.488,0.994
296.518,0.970
296.548,0.962
296.578,0.959
296.608,0.966
296.638,0.978
296.668,0.974
296.698,0.987
296.728,0.982
296.758,0.974
296.788,0.976
296.818,0.984
296.848,0.980
296.878,0.985
296.908,0.995
296.938,1.005
296.968,1.021
296.998,1.021
297.028,0.999
297.058,1.008
297.088,1.000
297.118,0.982
297.148,0.985
297.178,0.985
297.208,0.982
297.238,0.987
297.268,0.994
297.298,1.012
297.328,1.000
297.358,0.995
297.388,1.008
297.418,0.985
297.448,0.993
297.478,1.009
297.508,0.983
297.538,0.991
297.568,1.000
297.598,1.008
297.628,1.004
297.658,0.982
297.688,1.021
297.718,1.018
297.748,1.021
297.778,1.003
297.808,1.021
297.838,1.032
297.868,1.032
297.898,1.037
297.928,1.032
297.958,1.020
297.988,1.035
298.018,1.028
298.048,1.028
298.078,1.017
298.108,1.031
298.138,1.021
298.168,1.024
298.198,1.039
298.228,1.026
298.258,1.026
298.288,1.039
298.318,1.035
298.348,1.026
298.378,1.021
298.408,1.024
298.438,1.024
298.468,1.025
298.498,1.016
298.528,1.019
298.558,1.033
298.588,1.027
298.618,1.025
298.648,1.022
298.678,1.020
298.708,1.030
298.738,1.019
298.768,1.012
298.798,1.020
298.828,1.019
298.858,1.017
298.888,1.020
298.918,1.013
298.948,1.016
298.978,1.016
299.008,1.019
299.038,1.022
299.068,1.018
299.098,1.012
299.128,1.010
299.158,1.021
299.188,1.016
299.218,1.026
299.248,1.017
299.278,1.010
299.308,1.010
299.338,1.021
299.368,1.018
299.398,1.016
299.428,1.027
299.458,1.020
299.488,1.010
299.518,1.021
299.548,1.012
299.578,1.016
299.608,1.009
299.638,1.025
299.668,1.027
299.698,1.016
299.728,1.021
299.758,1.028
299.788,1.027
299.818,1.018
299.848,1.023
299.878,1.021
299.908,1.019
299.938,1.021
299.968,1.025
299.998,1.020
300.028,1.025
300.058,1.010
300.088,1.012
300.118,1.013
300.148,1.019
300.178,1.023
300.208,1.030
300.238,1.033
300.268,1.027
300.298,1.024
300.328,1.032
300.358,1.016
300.388,1.016
300.418,1.014
300.448,1.013
300.478,1.014
300.508,1.019
300.538,1.018
300.568,1.020
300.598,1.014
300.628,1.007
300.658,1.007
300.688,1.020
300.718,1.005
300.748,1.018
300.778,1.013
300.808,1.015
300.838,1.009
300.868,1.018
300.898,1.029
300.928,1.030
300.958,1.021
300.988,1.024
301.018,1.021
301.048,1.013
301.078,1.018
301.108,1.028
301.138,1.017
301.168,1.019
301.198,1.009
301.228,1.019
301.258,1.021
301.288,1.017
301.318,1.021
301.348,1.009
301.378,1.011
301.408,1.023
301.438,1.022
301.468,1.017
301.498,1.016
301.528,1.015
301.558,1.010
301.588,1.017
301.618,1.019
301.648,1.022
301.678,1.021
301.708,1.010
301.738,1.015
301.768,1.020
301.798,1.022
301.828,1.021
301.858,1.014
301.888,1.020
301.918,1.025
301.948,1.017
301.978,1.014
302.008,1.020
302.038,1.018
302.068,1.008
302.098,1.016
302.128,1.022
302.158,1.021
302.188,1.019
302.218,1.016
302.248,1.021
302.278,1.015
302.308,1.015
302.338,1.009
302.368,1.014
302.398,1.022
302.428,1.013
302.458,1.015
302.488,1.012
302.518,1.013
302.548,1.014
302.578,1.017
302.608,1.015
302.638,1.017
302.668,1.015
302.698,1.018
302.728,1.025
302.758,1.021
302.788,1.024
302.818,1.018
302.848,1.015
302.878,1.014
302.908,1.016
302.938,1.015
302.968,1.019
302.998,1.009
303.028,1.012
303.058,1.016
303.088,1.013
303.118,1.008
303.148,1.015
303.178,1.015
303.208,1.017
303.238,1.021
303.268,1.022
303.298,1.012
303.328,1.013
303.358,1.009
303.388,1.018
303.418,1.021
303.448,1.013
303.478,1.010
303.508,1.015
303.538,1.020
303.568,1.010
303.598,1.017
303.628,1.016
303.658,1.004
303.688,1.008
303.718,1.017
303.748,1.015
303.778,1.020
303.808,1.019
303.838,1.013
303.868,1.011
303.898,1.018
303.928,1.019
303.958,1.017
303.988,1.021
304.018,1.018
304.048,1.014
304.078,1.018
304.108,1.020
304.138,1.023
304.168,1.013
304.198,1.009
304.228,1.012
304.258,1.017
304.288,1.017
304.318,1.019
304.348,1.015
304.378,1.014
304.408,1.018
304.438,1.014
304.468,1.017
304.498,1.016
304.528,1.017
304.558,1.019
304.588,1.007
304.618,1.015
304.648,1.012
304.678,1.014
304.708,1.014
304.738,1.008
304.768,1.015
304.798,1.020
304.828,1.021
304.858,1.021
304.888,1.023
304.918,1.016
304.948,1.009
304.978,1.011
305.008,1.015
305.038,1.018
305.068,1.016
305.098,1.014
305.128,1.011
305.158,1.017
305.188,1.017
305.218,1.016
305.248,1.009
305.278,1.011
305.308,1.014
305.338,1.021
305.368,1.012
305.398,1.015
305.428,1.016
305.458,1.017
305.488,1.008
305.518,1.017
305.548,1.019
305.578,1.018
305.608,1.017
305.638,1.016
305.668,1.016
305.698,1.017
305.728,1.021
305.758,1.018
305.788,1.015
305.818,1.011
305.848,1.016
305.878,1.021
305.908,1.018
305.938,1.019
305.968,1.014
305.998,1.016
306.028,1.015
306.058,1.015
306.088,1.023
306.118,1.018
306.148,1.008
306.178,1.019
306.208,1.018
306.238,1.016
306.268,1.019
306.298,1.020
306.328,1.020
306.358,1.019
306.388,1.024
306.418,1.021
306.448,1.030
306.478,1.031
306.508,1.033
306.538,1.038
306.568,1.045
306.598,1.047
306.628,1.033
306.658,1.032
306.688,1.033
306.718,1.032
306.748,1.025
306.778,1.016
306.808,1.010
306.838,1.000
306.868,1.002
306.898,1.003
306.928,0.999
306.958,0.995
306.988,0.986
307.018,0.985
307.048,0.996
307.078,0.994
307.108,1.007
307.138,1.004
307.168,1.007
307.198,1.001
307.228,1.017
307.258,1.022
307.288,1.027
307.318,1.030
307.348,1.019
307.378,1.000
307.408,0.979
307.438,0.982
307.468,0.976
307.498,0.968
307.528,0.977
307.558,0.975
307.588,0.973
307.618,0.967
307.648,0.973
307.678,1.002
307.708,1.010
307.738,0.998
307.768,1.019
307.798,0.999
307.828,1.002
307.858,1.012
307.888,1.017
307.918,0.978
307.948,0.996
307.978,1.009
308.008,1.018
308.038,1.016
308.068,1.042
308.098,1.019
308.128,1.013
308.158,1.026
308.188,1.010
308.218,1.002
308.248,1.013
308.278,1.002
308.308,1.020
308.338,1.014
308.368,1.004
308.398,1.005
308.428,1.006
308.458,0.993
308.488,1.005
308.518,0.985
308.548,1.008
308.578,1.029
308.608,1.020
308.638,1.054
308.668,1.050
308.698,1.055
308.728,1.075
308.758,1.047
308.788,1.042
308.818,1.034
308.848,1.046
308.878,1.046
308.908,1.024
308.938,1.039
308.968,1.029
308.998,1.033
309.028,1.025
309.058,1.021
309.088,1.025
309.118,1.021
309.148,1.020
309.178,1.021
309.208,1.016
309.238,1.022
309.268,1.020
309.298,1.024
309.328,1.022
309.358,1.020
309.388,1.020
309.418,1.016
309.448,1.028
309.478,1.021
309.508,1.021
309.538,1.020
309.568,1.021
309.598,1.018
309.628,1.026
309.658,1.026
309.688,1.019
309.718,1.022
309.748,1.024
309.778,1.020
309.808,1.013
309.838,1.015
309.868,1.024
309.898,1.019
309.928,1.017
309.958,1.021
309.988,1.021
310.018,1.021
310.048,1.030
310.078,1.018
310.108,1.019
310.138,1.017
310.168,1.016
310.198,1.021
310.228,1.021
310.258,1.021
310.288,1.028
310.318,1.025
310.348,1.029
310.378,1.027
310.408,1.021
310.438,1.015
310.468,1.022
310.498,1.027
310.528,1.021
310.558,1.019
310.588,1.016
310.618,1.021
310.648,1.021
310.678,1.017
310.708,1.021
310.738,1.024
310.768,1.033
310.798,1.030
310.828,1.034
310.858,1.041
310.888,1.045
310.918,1.053
310.948,1.018
310.978,1.021
311.008,1.026
311.038,1.023
311.068,1.028
311.098,1.008
311.128,1.003
311.158,1.001
311.188,1.015
311.218,1.021
311.248,1.003
311.278,1.008
311.308,1.014
311.338,1.021
311.368,1.019
311.398,1.026
311.428,1.034
311.458,1.021
311.488,1.030
311.518,1.023
311.548,1.019
311.578,1.016
311.608,1.014
311.638,1.008
311.668,1.024
311.698,1.033
311.728,1.039
311.758,1.056
311.788,1.052
311.818,1.043
311.848,1.053
311.878,1.030
311.908,1.024
311.938,1.026
311.968,1.021
311.998,1.024
312.028,1.026
312.058,1.016
312.088,1.027
312.118,1.017
312.148,1.024
312.178,1.025
312.208,1.029
312.238,1.022
312.268,1.022
312.298,1.028
312.328,1.023
312.358,1.030
312.388,1.020
312.418,1.020
312.448,1.032
312.478,1.030
312.508,1.031
312.538,1.033
312.568,1.031
312.598,1.032
312.628,1.027
312.658,1.020
312.688,1.030
312.718,1.025
312.748,1.021
312.778,1.031
312.808,1.033
312.838,1.033
312.868,1.031
312.898,1.031
312.928,1.024
312.958,1.027
312.988,1.034
313.018,1.030
313.048,1.027
313.078,1.030
313.108,1.035
313.138,1.032
313.168,1.027
313.198,1.031
313.228,1.033
313.258,1.031
313.288,1.032
313.318,1.031
313.348,1.029
313.378,1.025
313.408,1.027
313.438,1.026
313.468,1.022
313.498,1.035
313.528,1.031
313.558,1.028
313.588,1.030
313.618,1.027
313.648,1.031
313.678,1.034
313.708,1.023
313.738,1.033
313.768,1.025
313.798,1.026
313.828,1.029
313.858,1.021
313.888,1.029
313.918,1.034
313.948,1.032
313.978,1.042
314.008,1.059
314.038,1.061
314.068,1.069
314.098,1.077
314.128,1.084
314.158,1.071
314.188,1.044
314.218,1.037
314.248,1.022
314.278,0.995
314.308,0.981
314.338,0.982
314.368,0.974
314.398,0.959
314.428,0.957
314.458,0.975
314.488,0.979
314.518,1.001
314.548,1.020
314.578,1.026
314.608,1.032
314.638,1.037
314.668,1.033
314.698,1.023
314.728,1.035
314.758,1.036
314.788,1.036
314.818,1.032
314.848,1.035
314.878,1.036
314.908,1.027
314.938,1.037
314.968,1.041
314.998,1.027
315.028,1.029
315.058,1.028
315.088,1.031
315.118,1.033
315.148,1.027
315.178,1.028
315.208,1.027
315.238,1.023
315.268,1.023
315.298,1.026
315.328,1.024
315.358,1.025
315.388,1.026
315.418,1.029
315.448,1.025
315.478,1.027
315.508,1.028
315.538,1.020
315.568,1.030
315.598,1.032
315.628,1.032
315.658,1.025
315.688,1.020
315.718,1.026
315.748,1.033
315.778,1.026
315.808,1.025
315.838,1.028
315.868,1.029
315.898,1.025
315.928,1.021
315.958,1.029
315.988,1.030
316.018,1.026
316.048,1.021
316.078,1.022
316.108,1.029
316.138,1.029
316.168,1.026
316.198,1.025
316.228,1.024
316.258,1.028
316.288,1.028
316.318,1.022
316.348,1.028
316.378,1.028
316.408,1.024
316.438,1.020
316.468,1.030
316.498,1.031
316.528,1.030
316.558,1.021
316.588,1.024
316.618,1.031
316.648,1.032
316.678,1.021
316.708,1.020
316.738,1.025
316.768,1.021
316.798,1.026
316.828,1.026
316.858,1.032
316.888,1.030
316.918,1.018
316.948,1.024
316.978,1.028
317.008,1.029
317.038,1.028
317.068,1.024
317.098,1.025
317.128,1.029
317.158,1.033
317.188,1.028
317.218,1.026
317.248,1.030
317.278,1.029
317.308,1.025
317.338,1.027
317.368,1.025
317.398,1.024
317.428,1.027
317.458,1.026
317.488,1.027
317.518,1.021
317.548,1.023
317.578,1.030
317.608,1.023
317.638,1.028
317.668,1.034
317.698,1.030
317.728,1.029
317.758,1.031
317.788,1.028
317.818,1.027
317.848,1.028
317.878,1.026
317.908,1.029
317.938,1.028
317.968,1.027
317.998,1.024
318.028,1.028
318.058,1.030
318.088,1.029
318.118,1.029
318.148,1.026
318.178,1.023
318.208,1.035
318.238,1.040
318.268,1.026
318.298,1.028
318.328,1.026
318.358,1.025
318.388,1.028
318.418,1.026
318.448,1.033
318.478,1.022
318.508,1.022
318.538,1.026
318.568,1.029
318.598,1.029
318.628,1.030
318.658,1.028
318.688,1.029
318.718,1.027
318.748,1.033
318.778,1.030
318.808,1.030
318.838,1.030
318.868,1.037
318.898,1.033
318.928,1.026
318.958,1.031
318.988,1.036
319.018,1.039
319.048,1.044
319.078,1.051
319.108,1.044
319.138,1.042
319.168,1.050
319.198,1.039
319.228,1.043
319.258,1.053
319.288,1.047
319.318,1.046
319.348,1.061
319.378,1.069
319.408,1.071
319.438,1.070
319.468,1.071
319.498,1.061
319.528,1.046
319.558,1.041
319.588,1.052
319.618,1.058
319.648,1.057
319.678,1.064
319.708,1.054
319.738,1.064
319.768,1.049
319.798,1.035
319.828,1.011
319.858,0.980
319.888,0.959
319.918,0.955
319.948,0.957
319.978,0.964
320.008,0.974
320.038,0.979
320.068,0.983
320.098,1.012
320.128,1.018
320.158,1.041
320.188,1.029
320.218,1.032
320.248,1.026
320.278,0.958
320.308,1.021
320.338,1.007
320.368,0.927
320.398,0.964
320.428,0.936
320.458,0.915
320.488,0.921
320.518,1.007
320.548,0.994
320.578,0.916
320.608,0.938
320.638,0.949
320.668,0.965
320.698,0.973
320.728,0.988
320.758,1.001
320.788,1.028
320.818,0.976
320.848,0.961
320.878,0.995
320.908,1.008
320.938,0.992
320.968,1.001
320.998,1.004
321.028,1.021
321.058,1.028
321.088,1.023
321.118,1.034
321.148,1.022
321.178,0.979
321.208,1.005
321.238,1.023
321.268,1.003
321.298,1.031
321.328,1.074
321.358,1.069
321.388,1.017
321.418,1.069
321.448,1.058
321.478,0.994
321.508,1.016
321.538,1.041
321.568,1.051
321.598,1.039
321.628,1.059
321.658,1.034
321.688,1.047
321.718,1.043
321.748,1.021
321.778,1.001
321.808,1.006
321.838,1.013
321.868,1.015
321.898,1.029
321.928,1.054
321.958,1.025
321.988,1.026
322.018,1.015
322.048,1.036
322.078,1.063
322.108,1.031
322.138,1.038
322.168,1.010
322.198,1.004
322.228,1.011
322.258,1.028
322.288,1.041
322.318,1.030
322.348,1.049
322.378,1.039
322.408,1.052
322.438,1.059
322.468,1.060
322.498,1.068
322.528,1.053
322.558,1.042
322.588,1.032
322.618,1.036
322.648,1.018
322.678,1.021
322.708,1.025
322.738,1.024
322.768,1.017
322.798,1.035
322.828,1.031
322.858,1.030
322.888,1.034
322.918,1.036
322.948,1.027
322.978,1.031
323.008,1.038
323.038,1.025
323.068,1.035
323.098,1.031
323.128,1.025
323.158,1.036
323.188,1.026
323.218,1.036
323.248,1.037
323.278,1.033
323.308,1.033
323.338,1.026
323.368,1.028
323.398,1.033
323.428,1.026
323.458,1.029
323.488,1.034
323.518,1.028
323.548,1.023
323.578,1.036
323.608,1.023
323.638,1.031
323.668,1.030
323.698,1.021
323.728,1.027
323.758,1.035
323.788,1.032
323.818,1.028
323.848,1.035
323.878,1.025
323.908,1.029
323.938,1.031
323.968,1.024
323.998,1.032
324.028,1.022
324.058,1.029
324.088,1.034
324.118,1.026
324.148,1.036
324.178,1.030
324.208,1.026
324.238,1.033
324.268,1.029
324.298,1.030
324.328,1.028
324.358,1.037
324.388,1.028
324.418,1.027
324.448,1.028
324.478,1.029
324.508,1.033
324.538,1.031
324.568,1.027
324.598,1.024
324.628,1.030
324.658,1.033
324.688,1.028
324.718,1.034
324.748,1.034
324.778,1.032
324.808,1.033
324.838,1.036
324.868,1.032
324.898,1.035
324.928,1.028
324.958,1.031
324.988,1.037
325.018,1.029
325.048,1.028
325.078,1.026
325.108,1.031
325.138,1.030
325.168,1.033
325.198,1.024
325.228,1.032
325.258,1.039
325.288,1.031
325.318,1.037
325.348,1.031
325.378,1.029
325.408,1.027
325.438,1.034
325.468,1.037
325.498,1.028
325.528,1.031
325.558,1.028
325.588,1.030
325.618,1.037
325.648,1.029
325.678,1.030
325.708,1.032
325.738,1.031
325.768,1.031
325.798,1.034
325.828,1.034
325.858,1.030
325.888,1.030
325.918,1.029
325.948,1.031
325.978,1.029
326.008,1.037
326.038,1.033
326.068,1.034
326.098,1.039
326.128,1.032
326.158,1.033
326.188,1.036
326.218,1.032
326.248,1.030
326.278,1.034
326.308,1.032
326.338,1.027
326.368,1.032
326.398,1.025
326.428,1.030
326.458,1.037
326.488,1.033
326.518,1.033
326.548,1.025
326.578,1.038
326.608,1.030
326.638,1.033
326.668,1.028
326.698,1.023
326.728,1.031
326.758,1.030
326.788,1.034
326.818,1.042
326.848,1.033
326.878,1.035
326.908,1.032
326.938,1.028
326.968,1.030
326.998,1.030
327.028,1.028
327.058,1.036
327.088,1.035
327.118,1.027
327.148,1.035
327.178,1.034
327.208,1.034
327.238,1.027
327.268,1.033
327.298,1.033
327.328,1.031
327.358,1.032
327.388,1.033
327.418,1.034
327.448,1.029
327.478,1.031
327.508,1.035
327.538,1.032
327.568,1.033
327.598,1.033
327.628,1.033
327.658,1.030
327.688,1.025
327.718,1.031
327.748,1.035
327.778,1.031
327.808,1.037
327.838,1.037
327.868,1.036
327.898,1.035
327.928,1.040
327.958,1.030
327.988,1.031
328.018,1.029
328.048,1.034
328.078,1.034
328.108,1.034
328.138,1.037
328.168,1.033
328.198,1.032
328.228,1.033
328.258,1.029
328.288,1.031
328.318,1.030
328.348,1.027
328.378,1.031
328.408,1.031
328.438,1.028
328.468,1.039
328.498,1.039
328.528,1.044
328.558,1.051
328.588,1.054
328.618,1.059
328.648,1.056
328.678,1.054
328.708,1.044
328.738,1.041
328.768,1.045
328.798,1.036
328.828,1.033
328.858,1.058
328.888,1.057
328.918,1.059
328.948,1.040
328.978,1.008
329.008,1.027
329.038,1.032
329.068,1.006
329.098,1.013
329.128,1.018
329.158,1.022
329.188,1.018
329.218,1.014
329.248,1.048
329.278,1.041
329.308,1.020
329.338,1.002
329.368,0.994
329.398,0.970
329.428,0.984
329.458,0.996
329.488,0.966
329.518,0.974
329.548,0.986
329.578,0.968
329.608,0.934
329.638,0.950
329.668,0.942
329.698,0.944
329.728,0.976
329.758,0.931
329.788,0.938
329.818,0.915
329.848,0.956
329.878,0.985
329.908,1.017
329.938,1.005
329.968,0.960
329.998,0.997
330.028,0.966
330.058,0.957
330.088,0.956
330.118,0.980
330.148,1.006
330.178,1.012
330.208,1.021
330.238,1.029
330.268,1.029
330.298,1.022
330.328,1.046
330.358,1.042
330.388,1.013
330.418,1.018
330.448,1.020
330.478,1.022
330.508,1.014
330.538,0.993
330.568,1.005
330.598,1.005
330.628,1.001
330.658,0.988
330.688,0.990
330.718,1.001
330.748,0.996
330.778,0.997
330.808,0.993
330.838,1.003
330.868,1.005
330.898,1.006
330.928,1.004
330.958,1.005
330.988,1.001
331.018,0.998
331.048,1.003
331.078,1.007
331.108,1.004
331.138,1.012
331.168,1.002
331.198,0.990
331.228,0.996
331.258,0.995
331.288,0.995
331.318,0.993
331.348,0.984
331.378,0.997
331.408,0.994
331.438,0.987
331.468,0.991
331.498,0.990
331.528,0.998
331.558,0.994
331.588,0.989
331.618,0.994
331.648,0.998
331.678,0.993
331.708,0.990
331.738,1.000
331.768,0.999
331.798,1.002
331.828,1.007
331.858,0.999
331.888,1.005
331.918,0.998
331.948,0.993
331.978,0.997
332.008,0.993
332.038,0.996
332.068,0.994
332.098,0.999
332.128,1.000
332.158,0.995
332.188,0.997
332.218,0.992
332.248,0.999
332.278,1.000
332.308,0.997
332.338,1.003
332.368,0.993
332.398,1.000
332.428,0.997
332.458,0.999
332.488,1.001
332.518,0.995
332.548,1.002
332.578,1.000
332.608,0.998
332.638,0.994
332.668,0.999
332.698,1.000
332.728,0.993
332.758,1.000
332.788,1.002
332.818,1.016
332.848,1.017
332.878,1.031
332.908,1.057
332.938,1.035
332.968,1.043
332.998,1.048
333.028,1.038
333.058,1.027
333.088,1.022
333.118,1.035
333.148,1.050
333.178,1.065
333.208,1.106
333.238,1.116
333.268,1.035
333.298,1.029
333.328,1.000
333.358,0.979
333.388,0.981
333.418,0.980
333.448,0.969
333.478,0.972
333.508,1.007
333.538,1.024
333.568,0.994
333.598,0.949
333.628,0.939
333.658,0.889
333.688,0.871
333.718,0.914
333.748,1.004
333.778,1.006
333.808,1.021
333.838,0.973
333.868,0.981
333.898,0.984
333.928,0.972
333.958,0.962
333.988,0.962
334.018,0.915
334.048,0.945
334.078,1.017
334.108,1.001
334.138,1.038
334.168,1.014
334.198,1.017
334.228,1.048
334.258,1.022
334.288,0.999
334.318,1.021
334.348,0.999
334.378,1.048
334.408,1.050
334.438,1.053
334.468,0.993
334.498,0.967
334.528,0.961
334.558,0.968
334.588,0.981
334.618,1.003
334.648,1.012
334.678,1.023
334.708,1.041
334.738,1.041
334.768,1.002
334.798,1.011
334.828,0.997
334.858,0.975
334.888,0.978
334.918,0.972
334.948,0.972
334.978,0.991
335.008,0.995
335.038,1.003
335.068,1.010
335.098,1.016
335.128,0.979
335.158,0.994
335.188,0.999
335.218,0.962
335.248,1.003
335.278,1.019
335.308,1.006
335.338,1.010
335.368,1.008
335.398,0.967
335.428,0.986
335.458,1.019
335.488,0.998
335.518,0.989
335.548,1.006
335.578,1.017
335.608,1.006
335.638,0.986
335.668,1.008
335.698,1.017
335.728,0.996
335.758,1.005
335.788,1.005
335.818,1.000
335.848,0.994
335.878,1.009
335.908,1.005
335.938,1.002
335.968,1.007
335.998,1.003
336.028,0.994
336.058,1.006
336.088,1.009
336.118,1.008
336.148,1.006
336.178,0.993
336.208,1.006
336.238,1.009
336.268,1.004
336.298,1.013
336.328,1.001
336.358,1.008
336.388,1.003
336.418,1.016
336.448,1.014
336.478,0.998
336.508,0.989
336.538,0.989
336.568,1.002
336.598,1.000
336.628,1.014
336.658,1.025
336.688,0.995
336.718,1.000
336.748,0.994
336.778,1.002
336.808,0.994
336.838,1.007
336.868,0.993
336.898,0.997
336.928,1.015
336.958,1.025
336.988,0.996
337.018,1.003
337.048,1.022
337.078,1.023
337.108,1.059
337.138,0.968
337.168,0.996
337.198,1.014
337.228,0.998
337.258,1.004
337.288,1.012
337.318,0.989
337.348,0.989
337.378,0.971
337.408,1.018
337.438,0.998
337.468,0.971
337.498,1.057
337.528,1.027
337.558,1.037
337.588,0.974
337.618,0.938
337.648,0.955
337.678,0.999
337.708,1.141
337.738,1.159
337.768,1.243
337.798,1.218
337.828,1.207
337.858,1.203
337.888,1.174
337.918,1.151
337.948,1.165
337.978,1.148
338.008,1.124
338.038,1.122
338.068,1.074
338.098,1.108
338.128,1.059
338.158,1.034
338.188,1.058
338.218,0.960
338.248,0.943
338.278,0.939
338.308,0.937
338.338,0.966
338.368,0.922
338.398,0.910
338.428,0.873
338.458,0.892
338.488,0.951
338.518,0.919
338.548,0.959
338.578,0.986
338.608,1.042
338.638,1.073
338.668,1.077
338.698,1.103
338.728,1.062
338.758,1.036
338.788,1.065
338.818,0.964
338.848,1.066
338.878,0.987
338.908,0.958
338.938,1.025
338.968,0.953
338.998,0.923
339.028,0.984
339.058,1.066
339.088,1.030
339.118,1.041
339.148,1.080
339.178,1.094
339.208,1.072
339.238,1.037
339.268,1.046
339.298,1.065
339.328,1.032
339.358,1.082
339.388,1.052
339.418,1.074
339.448,1.100
339.478,1.061
339.508,1.010
339.538,1.032
339.568,1.044
339.598,1.094
339.628,1.019
339.658,1.104
339.688,1.080
339.718,1.058
339.748,1.077
339.778,1.051
339.808,1.067
339.838,1.067
339.868,1.031
339.898,1.045
339.928,1.034
339.958,1.027
339.988,1.058
340.018,1.022
340.048,1.027
340.078,1.024
340.108,1.025
340.138,1.025
340.168,1.029
340.198,1.037
340.228,1.051
340.258,1.053
340.288,1.079
340.318,1.079
340.348,1.080
340.378,1.089
340.408,1.115
340.438,1.114
340.468,1.097
340.498,1.112
340.528,1.101
340.558,1.103
340.588,1.090
340.618,1.070
340.648,1.054
340.678,1.032
340.708,1.042
340.738,1.030
340.768,1.032
340.798,1.021
340.828,1.006
340.858,1.015
340.888,1.009
340.918,1.032
340.948,1.041
340.978,1.059
341.008,1.062
341.038,1.066
341.068,1.062
341.098,1.080
341.128,1.074
341.158,1.061
341.188,1.057
341.218,1.057
341.248,1.066
341.278,1.057
341.308,1.053
341.338,1.061
341.368,1.062
341.398,1.049
341.428,1.057
341.458,1.061
341.488,1.061
341.518,1.053
341.548,1.041
341.578,1.041
341.608,1.029
341.638,1.020
341.668,1.033
341.698,1.032
341.728,1.044
341.758,1.040
341.788,1.042
341.818,1.058
341.848,1.058
341.878,1.063
341.908,1.065
341.938,1.059
341.968,1.065
341.998,1.066
342.028,1.062
342.058,1.066
342.088,1.064
342.118,1.068
342.148,1.067
342.178,1.071
342.208,1.064
342.238,1.065
342.268,1.063
342.298,1.058
342.328,1.061
342.358,1.056
342.388,1.063
342.418,1.062
342.448,1.058
342.478,1.045
342.508,1.054
342.538,1.061
342.568,1.053
342.598,1.064
342.628,1.059
342.658,1.055
342.688,1.058
342.718,1.057
342.748,1.057
342.778,1.051
342.808,1.057
342.838,1.063
342.868,1.059
342.898,1.061
342.928,1.059
342.958,1.059
342.988,1.058
343.018,1.055
343.048,1.054
343.078,1.059
343.108,1.060
343.138,1.057
343.168,1.061
343.198,1.062
343.228,1.062
343.258,1.057
343.288,1.051
343.318,1.052
343.348,1.058
343.378,1.062
343.408,1.060
343.438,1.058
343.468,1.050
343.498,1.055
343.528,1.060
343.558,1.056
343.588,1.063
343.618,1.056
343.648,1.057
343.678,1.053
343.708,1.061
343.738,1.060
343.768,1.061
343.798,1.055
343.828,1.061
343.858,1.063
343.888,1.060
343.918,1.058
343.948,1.062
343.978,1.062
344.008,1.051
344.038,1.057
344.068,1.059
344.098,1.058
344.128,1.059
344.158,1.061
344.188,1.059
344.218,1.061
344.248,1.057
344.278,1.057
344.308,1.060
344.338,1.062
344.368,1.062
344.398,1.062
344.428,1.058
344.458,1.062
344.488,1.056
344.518,1.061
344.548,1.063
344.578,1.063
344.608,1.060
344.638,1.058
344.668,1.058
344.698,1.063
344.728,1.065
344.758,1.061
344.788,1.058
344.818,1.056
344.848,1.061
344.878,1.062
344.908,1.063
344.938,1.058
344.968,1.053
344.998,1.052
345.028,1.054
345.058,1.056
345.088,1.061
345.118,1.062
345.148,1.058
345.178,1.060
345.208,1.056
345.238,1.054
345.268,1.057
345.298,1.056
345.328,1.061
345.358,1.058
345.388,1.063
345.418,1.062
345.448,1.060
345.478,1.055
345.508,1.058
345.538,1.059
345.568,1.057
345.598,1.056
345.628,1.061
345.658,1.063
345.688,1.066
345.718,1.061
345.748,1.057
345.778,1.059
345.808,1.055
345.838,1.061
345.868,1.059
345.898,1.058
345.928,1.053
345.958,1.062
345.988,1.061
346.018,1.062
346.048,1.065
346.078,1.064
346.108,1.061
346.138,1.058
346.168,1.062
346.198,1.062
346.228,1.065
346.258,1.061
346.288,1.057
346.318,1.053
346.348,1.055
346.378,1.055
346.408,1.059
346.438,1.057
346.468,1.058
346.498,1.052
346.528,1.057
346.558,1.057
346.588,1.060
346.618,1.063
346.648,1.058
346.678,1.057
346.708,1.057
346.738,1.061
346.768,1.062
346.798,1.065
346.828,1.059
346.858,1.053
346.888,1.057
346.918,1.059
346.948,1.058
346.978,1.051
347.008,1.055
347.038,1.061
347.068,1.056
347.098,1.062
347.128,1.062
347.158,1.066
347.188,1.060
347.218,1.060
347.248,1.061
347.278,1.057
347.308,1.057
347.338,1.057
347.368,1.065
347.398,1.061
347.428,1.058
347.458,1.060
347.488,1.060
347.518,1.060
347.548,1.059
347.578,1.054
347.608,1.055
347.638,1.064
347.668,1.062
347.698,1.053
347.728,1.052
347.758,1.062
347.788,1.060
347.818,1.060
347.848,1.062
347.878,1.062
347.908,1.060
347.938,1.058
347.968,1.054
347.998,1.058
348.028,1.059
348.058,1.057
348.088,1.060
348.118,1.062
348.148,1.059
348.178,1.065
348.208,1.064
348.238,1.062
348.268,1.062
348.298,1.062
348.328,1.059
348.358,1.061
348.388,1.066
348.418,1.070
348.448,1.076
348.478,1.079
348.508,1.092
348.538,1.101
348.568,1.103
348.598,1.096
348.628,1.089
348.658,1.080
348.688,1.077
348.718,1.060
348.748,1.056
348.778,1.049
348.808,1.036
348.838,1.034
348.868,1.021
348.898,1.033
348.928,1.038
348.958,1.032
348.988,1.034
349.018,1.036
349.048,1.048
349.078,1.046
349.108,1.048
349.138,1.044
349.168,1.026
349.198,1.027
349.228,1.032
349.258,1.040
349.288,1.048
349.318,1.048
349.348,1.051
349.378,1.047
349.408,1.063
349.438,1.073
349.468,1.067
349.498,1.072
349.528,1.060
349.558,1.057
349.588,1.056
349.618,1.052
349.648,1.059
349.678,1.064
349.708,1.064
349.738,1.070
349.768,1.057
349.798,1.060
349.828,1.050
349.858,1.065
349.888,1.064
349.918,1.066
349.948,1.058
349.978,1.059
350.008,1.059
350.038,1.061
350.068,1.062
350.098,1.055
350.128,1.067
350.158,1.065
350.188,1.062
350.218,1.062
350.248,1.062
350.278,1.065
350.308,1.064
350.338,1.066
350.368,1.058
350.398,1.055
350.428,1.061
350.458,1.059
350.488,1.062
350.518,1.064
350.548,1.062
350.578,1.060
350.608,1.057
350.638,1.062
350.668,1.065
350.698,1.081
350.728,1.081
350.758,1.083
350.788,1.094
350.818,1.095
350.848,1.067
350.878,1.042
350.908,1.049
350.938,1.038
350.968,1.041
350.998,1.049
351.028,1.059
351.058,1.059
351.088,1.058
351.118,1.053
351.148,1.048
351.178,1.055
351.208,1.053
351.238,1.059
351.268,1.065
351.298,1.056
351.328,1.063
351.358,1.068
351.388,1.067
351.418,1.070
351.448,1.071
351.478,1.076
351.508,1.068
351.538,1.059
351.568,1.061
351.598,1.059
351.628,1.053
351.658,1.050
351.688,1.062
351.718,1.057
351.748,1.061
351.778,1.063
351.808,1.060
351.838,1.068
351.868,1.067
351.898,1.067
351.928,1.064
351.958,1.058
351.988,1.060
352.018,1.053
352.048,1.060
352.078,1.062
352.108,1.061
352.138,1.058
352.168,1.062
352.198,1.066
352.228,1.071
352.258,1.065
352.288,1.061
352.318,1.063
352.348,1.056
352.378,1.061
352.408,1.054
352.438,1.062
352.468,1.064
352.498,1.062
352.528,1.063
352.558,1.053
352.588,1.060
352.618,1.058
352.648,1.056
352.678,1.062
352.708,1.061
352.738,1.062
352.768,1.068
352.798,1.064
352.828,1.062
352.858,1.062
352.888,1.060
352.918,1.061
352.948,1.062
352.978,1.063
353.008,1.064
353.038,1.056
353.068,1.058
353.098,1.054
353.128,1.057
353.158,1.060
353.188,1.061
353.218,1.065
353.248,1.067
353.278,1.062
353.308,1.068
353.338,1.062
353.368,1.062
353.398,1.062
353.428,1.055
353.458,1.063
353.488,1.060
353.518,1.061
353.548,1.062
353.578,1.058
353.608,1.062
353.638,1.062
353.668,1.065
353.698,1.065
353.728,1.060
353.758,1.061
353.788,1.066
353.818,1.061
353.848,1.064
353.878,1.058
353.908,1.061
353.938,1.057
353.968,1.062
353.998,1.066
354.028,1.060
354.058,1.063
354.088,1.070
354.118,1.064
354.148,1.060
354.178,1.064
354.208,1.060
354.238,1.065
354.268,1.066
354.298,1.065
354.328,1.058
354.358,1.062
354.388,1.064
354.418,1.060
354.448,1.067
354.478,1.067
354.508,1.062
354.538,1.062
354.568,1.065
354.598,1.058
354.628,1.062
354.658,1.056
354.688,1.064
354.718,1.059
354.748,1.062
354.778,1.070
354.808,1.065
354.838,1.065
354.868,1.066
354.898,1.061
354.928,1.062
354.958,1.058
354.988,1.067
355.018,1.062
355.048,1.060
355.078,1.063
355.108,1.057
355.138,1.065
355.168,1.069
355.198,1.070
355.228,1.062
355.258,1.060
355.288,1.061
355.318,1.063
355.348,1.064
355.378,1.061
355.408,1.062
355.438,1.055
355.468,1.061
355.498,1.058
355.528,1.060
355.558,1.067
355.588,1.060
355.618,1.063
355.648,1.063
355.678,1.064
355.708,1.059
355.738,1.066
355.768,1.062
355.798,1.063
355.828,1.061
355.858,1.063
355.888,1.062
355.918,1.067
355.948,1.063
355.978,1.061
356.008,1.061
356.038,1.060
356.068,1.058
356.098,1.063
356.128,1.062
356.158,1.066
356.188,1.064
356.218,1.068
356.248,1.063
356.278,1.065
356.308,1.066
356.338,1.062
356.368,1.068
356.398,1.073
356.428,1.076
356.458,1.077
356.488,1.073
356.518,1.070
356.548,1.066
356.578,1.062
356.608,1.063
356.638,1.058
356.668,1.061
356.698,1.063
356.728,1.057
356.758,1.057
356.788,1.058
356.818,1.060
356.848,1.053
356.878,1.060
356.908,1.058
356.938,1.069
356.968,1.060
356.998,1.067
357.028,1.067
357.058,1.069
357.088,1.059
357.118,1.056
357.148,1.042
357.178,1.034
357.208,1.048
357.238,1.049
357.268,1.043
357.298,1.045
357.328,1.043
357.358,1.050
357.388,1.046
357.418,1.054
357.448,1.054
357.478,1.056
357.508,1.053
357.538,1.067
357.568,1.075
357.598,1.071
357.628,1.074
357.658,1.084
357.688,1.084
357.718,1.080
357.748,1.082
357.778,1.064
357.808,1.068
357.838,1.079
357.868,1.054
357.898,1.059
357.928,1.053
357.958,1.045
357.988,1.040
358.018,1.038
358.048,1.049
358.078,1.042
358.108,1.050
358.138,1.046
358.168,1.042
358.198,1.050
358.228,1.060
358.258,1.067
358.288,1.069
358.318,1.064
358.348,1.056
358.378,1.058
358.408,1.060
358.438,1.062
358.468,1.062
358.498,1.053
358.528,1.065
358.558,1.058
358.588,1.065
358.618,1.066
358.648,1.066
358.678,1.068
358.708,1.069
358.738,1.070
358.768,1.063
358.798,1.062
358.828,1.069
358.858,1.062
358.888,1.063
358.918,1.064
358.948,1.058
358.978,1.064
359.008,1.062
359.038,1.071
359.068,1.065
359.098,1.063
359.128,1.062
359.158,1.062
359.188,1.064
359.218,1.058
359.248,1.072
359.278,1.068
359.308,1.065
359.338,1.068
359.368,1.061
359.398,1.055
359.428,1.067
359.458,1.064
359.488,1.064
359.518,1.064
359.548,1.063
359.578,1.066
359.608,1.068
359.638,1.067
359.668,1.065
359.698,1.062
359.728,1.062
359.758,1.064
359.788,1.063
359.818,1.063
359.848,1.062
359.878,1.060
359.908,1.062
359.938,1.064
359.968,1.065
359.998,1.059
360.028,1.062
360.058,1.067
360.088,1.067
360.118,1.065
360.148,1.066
360.178,1.065
360.208,1.065
360.238,1.063
360.268,1.062
360.298,1.063
360.328,1.059
360.358,1.060
360.388,1.064
360.418,1.064
360.448,1.060
360.478,1.063
360.508,1.063
360.538,1.062
360.568,1.066
360.598,1.070
360.628,1.069
360.658,1.063
360.688,1.062
360.718,1.058
360.748,1.061
360.778,1.062
360.808,1.062
360.838,1.061
360.868,1.067
360.898,1.073
360.928,1.067
360.958,1.067
360.988,1.057
361.018,1.067
361.048,1.064
361.078,1.065
361.108,1.067
361.138,1.063
361.168,1.065
361.198,1.061
361.228,1.065
361.258,1.062
361.288,1.065
361.318,1.067
361.348,1.062
361.378,1.065
361.408,1.067
361.438,1.064
361.468,1.067
361.498,1.062
361.528,1.064
361.558,1.061
361.588,1.063
361.618,1.062
361.648,1.064
361.678,1.061
361.708,1.065
361.738,1.062
361.768,1.062
361.798,1.068
361.828,1.066
361.858,1.062
361.888,1.065
361.918,1.062
361.948,1.061
361.978,1.065
362.008,1.064
362.038,1.062
362.068,1.064
362.098,1.065
362.128,1.064
362.158,1.065
362.188,1.066
362.218,1.059
362.248,1.064
362.278,1.065
362.308,1.062
362.338,1.063
362.368,1.061
362.398,1.065
362.428,1.063
362.458,1.062
362.488,1.067
362.518,1.069
362.548,1.066
362.578,1.066
362.608,1.061
362.638,1.062
362.668,1.064
362.698,1.066
362.728,1.068
362.758,1.061
362.788,1.062
362.818,1.062
362.848,1.068
362.878,1.062
362.908,1.062
362.938,1.060
362.968,1.062
362.998,1.061
363.028,1.065
363.058,1.060
363.088,1.064
363.118,1.062
363.148,1.063
363.178,1.068
363.208,1.069
363.238,1.066
363.268,1.060
363.298,1.066
363.328,1.064
363.358,1.066
363.388,1.062
363.418,1.062
363.448,1.067
363.478,1.067
363.508,1.065
363.538,1.060
363.568,1.063
363.598,1.064
363.628,1.069
363.658,1.067
363.688,1.064
363.718,1.070
363.748,1.062
363.778,1.065
363.808,1.069
363.838,1.065
363.868,1.065
363.898,1.064
363.928,1.063
363.958,1.061
363.988,1.062
364.018,1.061
364.048,1.065
364.078,1.065
364.108,1.068
364.138,1.071
364.168,1.071
364.198,1.059
364.228,1.062
364.258,1.066
364.288,1.077
364.318,1.075
364.348,1.070
364.378,1.066
364.408,1.062
364.438,1.056
364.468,1.056
364.498,1.056
364.528,1.052
364.558,1.056
364.588,1.063
364.618,1.057
364.648,1.068
364.678,1.071
364.708,1.064
364.738,1.061
364.768,1.063
364.798,1.063
364.828,1.064
364.858,1.065
364.888,1.065
364.918,1.066
364.948,1.064
364.978,1.060
365.008,1.060
365.038,1.055
365.068,1.059
365.098,1.059
365.128,1.064
365.158,1.067
365.188,1.063
365.218,1.060
365.248,1.067
365.278,1.074
365.308,1.069
365.338,1.069
365.368,1.071
365.398,1.065
365.428,1.067
365.458,1.064
365.488,1.061
365.518,1.063
365.548,1.064
365.578,1.062
365.608,1.061
365.638,1.062
365.668,1.065
365.698,1.070
365.728,1.071
365.758,1.062
365.788,1.065
365.818,1.066
365.848,1.066
365.878,1.062
365.908,1.063
365.938,1.069
365.968,1.063
365.998,1.058
366.028,1.068
366.058,1.065
366.088,1.066
366.118,1.062
366.148,1.062
366.178,1.061
366.208,1.062
366.238,1.066
366.268,1.061
366.298,1.060
366.328,1.068
366.358,1.059
366.388,1.065
366.418,1.063
366.448,1.063
366.478,1.062
366.508,1.065
366.538,1.068
366.568,1.060
366.598,1.062
366.628,1.059
366.658,1.062
366.688,1.066
366.718,1.066
366.748,1.066
366.778,1.061
366.808,1.065
366.838,1.063
366.868,1.065
366.898,1.066
366.928,1.064
366.958,1.071
366.988,1.071
367.018,1.067
367.048,1.064
367.078,1.062
367.108,1.060
367.138,1.064
367.168,1.063
367.198,1.063
367.228,1.057
367.258,1.068
367.288,1.071
367.318,1.066
367.348,1.074
367.378,1.075
367.408,1.077
367.438,1.069
367.468,1.064
367.498,1.062
367.528,1.054
367.558,1.052
367.588,1.057
367.618,1.053
367.648,1.060
367.678,1.059
367.708,1.069
367.738,1.070
367.768,1.065
367.798,1.064
367.828,1.062
367.858,1.062
367.888,1.063
367.918,1.066
367.948,1.063
367.978,1.068
368.008,1.062
368.038,1.061
368.068,1.062
368.098,1.058
368.128,1.062
368.158,1.064
368.188,1.063
368.218,1.068
368.248,1.066
368.278,1.068
368.308,1.067
368.338,1.063
368.368,1.063
368.398,1.064
368.428,1.063
368.458,1.065
368.488,1.065
368.518,1.066
368.548,1.066
368.578,1.060
368.608,1.061
368.638,1.062
368.668,1.060
368.698,1.061
368.728,1.061
368.758,1.065
368.788,1.064
368.818,1.068
368.848,1.063
368.878,1.068
368.908,1.067
368.938,1.061
368.968,1.066
368.998,1.058
369.028,1.062
369.058,1.064
369.088,1.065
369.118,1.063
369.148,1.060
369.178,1.063
369.208,1.065
369.238,1.069
369.268,1.058
369.298,1.066
369.328,1.074
369.358,1.073
369.388,1.089
369.418,1.084
369.448,1.077
369.478,1.084
369.508,1.079
369.538,1.078
369.568,1.077
369.598,1.077
369.628,1.065
369.658,1.052
369.688,1.047
369.718,1.042
369.748,1.048
369.778,1.060
369.808,1.056
369.838,1.062
369.868,1.075
369.898,1.076
369.928,1.080
369.958,1.082
369.988,1.076
370.018,1.066
370.048,1.072
370.078,1.082
370.108,1.078
370.138,1.067
370.168,1.053
370.198,1.066
370.228,1.079
370.258,1.054
370.288,1.050
370.318,1.059
370.348,1.032
370.378,1.016
370.408,1.015
370.438,1.009
370.468,1.006
370.498,1.015
370.528,1.009
370.558,1.014
370.588,1.029
370.618,1.016
370.648,1.019
370.678,1.029
370.708,1.039
370.738,1.027
370.768,1.036
370.798,1.040
370.828,1.056
370.858,1.032
370.888,1.044
370.918,1.041
370.948,1.038
370.978,1.046
371.008,1.040
371.038,1.070
371.068,1.088
371.098,1.099
371.128,1.082
371.158,1.074
371.188,1.080
371.218,1.084
371.248,1.090
371.278,1.102
371.308,1.084
371.338,1.079
371.368,1.076
371.398,1.065
371.428,1.065
371.458,1.068
371.488,1.060
371.518,1.072
371.548,1.067
371.578,1.062
371.608,1.066
371.638,1.062
371.668,1.069
371.698,1.057
371.728,1.063
371.758,1.050
371.788,1.051
371.818,1.053
371.848,1.052
371.878,1.062
371.908,1.048
371.938,1.062
371.968,1.061
371.998,1.063
372.028,1.066
372.058,1.060
372.088,1.063
372.118,1.061
372.148,1.068
372.178,1.061
372.208,1.066
372.238,1.063
372.268,1.061
372.298,1.063
372.328,1.063
372.358,1.062
372.388,1.065
372.418,1.055
372.448,1.070
372.478,1.067
372.508,1.063
372.538,1.058
372.568,1.055
372.598,1.062
372.628,1.056
372.658,1.059
372.688,1.054
372.718,1.059
372.748,1.069
372.778,1.063
372.808,1.067
372.838,1.062
372.868,1.064
372.898,1.063
372.928,1.062
372.958,1.065
372.988,1.062
373.018,1.060
373.048,1.064
373.078,1.066
373.108,1.059
373.138,1.061
373.168,1.064
373.198,1.061
373.228,1.059
373.258,1.062
373.288,1.065
373.318,1.065
373.348,1.062
373.378,1.064
373.408,1.068
373.438,1.059
373.468,1.055
373.498,1.054
373.528,1.062
373.558,1.060
373.588,1.062
373.618,1.063
373.648,1.066
373.678,1.061
373.708,1.060
373.738,1.068
373.768,1.062
373.798,1.062
373.828,1.063
373.858,1.065
373.888,1.062
373.918,1.057
373.948,1.064
373.978,1.062
374.008,1.060
374.038,1.061
374.068,1.064
374.098,1.060
374.128,1.067
374.158,1.066
374.188,1.066
374.218,1.067
374.248,1.064
374.278,1.060
374.308,1.061
374.338,1.065
374.368,1.065
374.398,1.062
374.428,1.058
374.458,1.054
374.488,1.062
374.518,1.065
374.548,1.067
374.578,1.066
374.608,1.066
374.638,1.062
374.668,1.060
374.698,1.059
374.728,1.058
374.758,1.054
374.788,1.068
374.818,1.073
374.848,1.070
374.878,1.064
374.908,1.063
374.938,1.060
374.968,1.062
374.998,1.061
375.028,1.068
375.058,1.062
375.088,1.063
375.118,1.059
375.148,1.068
375.178,1.065
375.208,1.063
375.238,1.054
375.268,1.056
375.298,1.058
375.328,1.059
375.358,1.062
375.388,1.067
375.418,1.058
375.448,1.068
375.478,1.062
375.508,1.063
375.538,1.065
375.568,1.061
375.598,1.063
375.628,1.065
375.658,1.062
375.688,1.067
375.718,1.066
375.748,1.063
375.778,1.062
375.808,1.058
375.838,1.059
375.868,1.066
375.898,1.066
375.928,1.068
375.958,1.062
375.988,1.061
376.018,1.064
376.048,1.059
376.078,1.068
376.108,1.065
376.138,1.063
376.168,1.064
376.198,1.062
376.228,1.064
376.258,1.066
376.288,1.060
376.318,1.063
376.348,1.067
376.378,1.059
376.408,1.068
376.438,1.067
376.468,1.062
376.498,1.070
376.528,1.071
376.558,1.074
376.588,1.078
376.618,1.070
376.648,1.064
376.678,1.066
376.708,1.065
376.738,1.069
376.768,1.070
376.798,1.069
376.828,1.043
376.858,1.041
376.888,1.051
376.918,1.051
376.948,1.052
376.978,1.047
377.008,1.051
377.038,1.049
377.068,1.055
377.098,1.049
377.128,1.043
377.158,1.060
377.188,1.062
377.218,1.057
377.248,1.058
377.278,1.048
377.308,1.066
377.338,1.061
377.368,1.061
377.398,1.070
377.428,1.061
377.458,1.061
377.488,1.055
377.518,1.061
377.548,1.059
377.578,1.060
377.608,1.062
377.638,1.058
377.668,1.059
377.698,1.062
377.728,1.061
377.758,1.058
377.788,1.061
377.818,1.060
377.848,1.057
377.878,1.066
377.908,1.061
377.938,1.061
377.968,1.061
377.998,1.062
378.028,1.067
378.058,1.062
378.088,1.062
378.118,1.062
378.148,1.056
378.178,1.062
378.208,1.062
378.238,1.061
378.268,1.061
378.298,1.060
378.328,1.062
378.358,1.059
378.388,1.055
378.418,1.062
378.448,1.066
378.478,1.065
378.508,1.067
378.538,1.066
378.568,1.065
378.598,1.062
378.628,1.062
378.658,1.061
378.688,1.059
378.718,1.067
378.748,1.073
378.778,1.066
378.808,1.071
378.838,1.066
378.868,1.059
378.898,1.066
378.928,1.071
378.958,1.068
378.988,1.066
379.018,1.067
379.048,1.071
379.078,1.069
379.108,1.062
379.138,1.054
379.168,1.060
379.198,1.071
379.228,1.087
379.258,1.094
379.288,1.080
379.318,1.084
379.348,1.071
379.378,1.075
379.408,1.089
379.438,1.061
379.468,1.050
379.498,1.035
379.528,1.034
379.558,1.051
379.588,1.034
379.618,1.022
379.648,1.021
379.678,1.038
379.708,1.034
379.738,1.023
379.768,1.027
379.798,1.035
379.828,1.037
379.858,1.043
379.888,1.049
379.918,1.052
379.948,1.054
379.978,1.066
380.008,1.067
380.038,1.078
380.068,1.079
380.098,1.063
380.128,1.064
380.158,1.061
380.188,1.054
380.218,1.045
380.248,1.058
380.278,1.062
380.308,1.054
380.338,1.064
380.368,1.065
380.398,1.076
380.428,1.075
380.458,1.076
380.488,1.084
380.518,1.097
380.548,1.086
380.578,1.089
380.608,1.086
380.638,1.081
380.668,1.082
380.698,1.083
380.728,1.074
380.758,1.062
380.788,1.040
380.818,1.035
380.848,1.026
380.878,1.012
380.908,1.013
380.938,0.998
380.968,1.019
380.998,1.024
381.028,1.018
381.058,1.023
381.088,0.993
381.118,1.002
381.148,1.037
381.178,1.061
381.208,1.064
381.238,1.093
381.268,1.104
381.298,1.111
381.328,1.116
381.358,1.096
381.388,1.090
381.418,1.064
381.448,1.058
381.478,1.073
381.508,1.066
381.538,1.065
381.568,1.083
381.598,1.078
381.628,1.082
381.658,1.102
381.688,1.086
381.718,1.094
381.748,1.066
381.778,1.066
381.808,1.066
381.838,1.066
381.868,1.076
381.898,1.070
381.928,1.101
381.958,1.104
381.988,1.100
382.018,1.104
382.048,1.100
382.078,1.088
382.108,1.071
382.138,1.057
382.168,1.041
382.198,1.045
382.228,1.047
382.258,1.051
382.288,1.054
382.318,1.064
382.348,1.060
382.378,1.045
382.408,1.031
382.438,1.042
382.468,1.033
382.498,1.012
382.528,1.008
382.558,1.014
382.588,1.026
382.618,1.025
382.648,1.028
382.678,1.040
382.708,1.038
382.738,1.038
382.768,1.034
382.798,1.034
382.828,1.038
382.858,1.035
382.888,1.034
382.918,1.040
382.948,1.034
382.978,1.037
383.008,1.040
383.038,1.031
383.068,1.044
383.098,1.048
383.128,1.041
383.158,1.034
383.188,1.030
383.218,1.054
383.248,1.061
383.278,1.058
383.308,1.071
383.338,1.080
383.368,1.068
383.398,1.059
383.428,1.044
383.458,1.056
383.488,1.067
383.518,1.058
383.548,1.058
383.578,1.059
383.608,1.068
383.638,1.068
383.668,1.085
383.698,1.077
383.728,1.071
383.758,1.065
383.788,1.063
383.818,1.067
383.848,1.062
383.878,1.051
383.908,1.059
383.938,1.053
383.968,1.049
383.998,1.046
384.028,1.058
384.058,1.070
384.088,1.070
384.118,1.075
384.148,1.074
384.178,1.064
384.208,1.072
384.238,1.070
384.268,1.067
384.298,1.074
384.328,1.058
384.358,1.062
384.388,1.057
384.418,1.060
384.448,1.053
384.478,1.050
384.508,1.063
384.538,1.060
384.568,1.061
384.598,1.061
384.628,1.050
384.658,1.060
384.688,1.074
384.718,1.065
384.748,1.064
384.778,1.063
384.808,1.055
384.838,1.054
384.868,1.056
384.898,1.056
384.928,1.062
384.958,1.060
384.988,1.056
385.018,1.056
385.048,1.058
385.078,1.064
385.108,1.059
385.138,1.068
385.168,1.068
385.198,1.060
385.228,1.057
385.258,1.055
385.288,1.050
385.318,1.060
385.348,1.054
385.378,1.060
385.408,1.050
385.438,1.063
385.468,1.052
385.498,1.058
385.528,1.061
385.558,1.067
385.588,1.066
385.618,1.064
385.648,1.055
385.678,1.057
385.708,1.058
385.738,1.053
385.768,1.057
385.798,1.058
385.828,1.055
385.858,1.054
385.888,1.065
385.918,1.062
385.948,1.066
385.978,1.064
386.008,1.058
386.038,1.064
386.068,1.066
386.098,1.060
386.128,1.060
386.158,1.057
386.188,1.056
386.218,1.051
386.248,1.062
386.278,1.062
386.308,1.061
386.338,1.059
386.368,1.060
386.398,1.059
386.428,1.060
386.458,1.062
386.488,1.067
386.518,1.064
386.548,1.059
386.578,1.060
386.608,1.063
386.638,1.061
386.668,1.062
386.698,1.064
386.728,1.068
386.758,1.054
386.788,1.062
386.818,1.062
386.848,1.052
386.878,1.059
386.908,1.062
386.938,1.064
386.968,1.061
386.998,1.059
387.028,1.060
387.058,1.061
387.088,1.062
387.118,1.062
387.148,1.065
387.178,1.066
387.208,1.062
387.238,1.065
387.268,1.059
387.298,1.066
387.328,1.061
387.358,1.066
387.388,1.057
387.418,1.058
387.448,1.063
387.478,1.060
387.508,1.062
387.538,1.059
387.568,1.055
387.598,1.063
387.628,1.062
387.658,1.062
387.688,1.065
387.718,1.060
387.748,1.062
387.778,1.059
387.808,1.065
387.838,1.054
387.868,1.059
387.898,1.060
387.928,1.063
387.958,1.059
387.988,1.060
388.018,1.062
388.048,1.063
388.078,1.065
388.108,1.061
388.138,1.058
388.168,1.062
388.198,1.060
388.228,1.058
388.258,1.062
388.288,1.064
388.318,1.065
388.348,1.061
388.378,1.075
388.408,1.073
388.438,1.082
388.468,1.091
388.498,1.074
388.528,1.075
388.558,1.069
388.588,1.043
388.618,1.044
388.648,1.040
388.678,1.042
388.708,1.053
388.738,1.050
388.768,1.042
388.798,1.042
388.828,1.053
388.858,1.053
388.888,1.052
388.918,1.058
388.948,1.062
388.978,1.055
389.008,1.060
389.038,1.054
389.068,1.051
389.098,1.038
389.128,1.050
389.158,1.055
389.188,1.068
389.218,1.064
389.248,1.067
389.278,1.064
389.308,1.049
389.338,1.060
389.368,1.061
389.398,1.064
389.428,1.062
389.458,1.079
389.488,1.074
389.518,1.061
389.548,1.074
389.578,1.066
389.608,1.064
389.638,1.065
389.668,1.062
389.698,1.051
389.728,1.060
389.758,1.052
389.788,1.048
389.818,1.054
389.848,1.061
389.878,1.063
389.908,1.063
389.938,1.062
389.968,1.064
389.998,1.062
390.028,1.061
390.058,1.059
390.088,1.058
390.118,1.062
390.148,1.063
390.178,1.063
390.208,1.061
390.238,1.058
390.268,1.058
390.298,1.061
390.328,1.060
390.358,1.062
390.388,1.062
390.418,1.057
390.448,1.058
390.478,1.060
390.508,1.065
390.538,1.058
390.568,1.063
390.598,1.066
390.628,1.066
390.658,1.067
390.688,1.066
390.718,1.061
390.748,1.056
390.778,1.061
390.808,1.059
390.838,1.058
390.868,1.060
390.898,1.058
390.928,1.063
390.958,1.067
390.988,1.069
391.018,1.056
391.048,1.065
391.078,1.066
391.108,1.067
391.138,1.066
391.168,1.062
391.198,1.062
391.228,1.065
391.258,1.065
391.288,1.062
391.318,1.063
391.348,1.065
391.378,1.059
391.408,1.062
391.438,1.061
391.468,1.062
391.498,1.064
391.528,1.065
391.558,1.064
391.588,1.065
391.618,1.065
391.648,1.066
391.678,1.054
391.708,1.057
391.738,1.065
391.768,1.062
391.798,1.063
391.828,1.062
391.858,1.056
391.888,1.061
391.918,1.062
391.948,1.067
391.978,1.067
392.008,1.064
392.038,1.065
392.068,1.068
392.098,1.064
392.128,1.060
392.158,1.064
392.188,1.057
392.218,1.063
392.248,1.062
392.278,1.061
392.308,1.066
392.338,1.057
392.368,1.065
392.398,1.063
392.428,1.062
392.458,1.056
392.488,1.060
392.518,1.059
392.548,1.063
392.578,1.064
392.608,1.068
392.638,1.072
392.668,1.065
392.698,1.062
392.728,1.054
392.758,1.062
392.788,1.055
392.818,1.049
392.848,1.062
392.878,1.062
392.908,1.068
392.938,1.065
392.968,1.062
392.998,1.065
393.028,1.066
393.058,1.070
393.088,1.058
393.118,1.067
393.148,1.069
393.178,1.070
393.208,1.061
393.238,1.055
393.268,1.079
393.298,1.063
393.328,1.073
393.358,1.076
393.388,1.080
393.418,1.097
393.448,1.074
393.478,1.072
393.508,1.066
393.538,1.055
393.568,1.064
393.598,1.026
393.628,1.032
393.658,1.028
393.688,1.028
393.718,1.035
393.748,1.036
393.778,1.061
393.808,1.066
393.838,1.072
393.868,1.078
393.898,1.089
393.928,1.102
393.958,1.103
393.988,1.109
394.018,1.107
394.048,1.100
394.078,1.065
394.108,1.070
394.138,1.041
394.168,1.033
394.198,1.048
394.228,1.038
394.258,1.040
394.288,1.040
394.318,1.044
394.348,1.053
394.378,1.046
394.408,1.059
394.438,1.073
394.468,1.055
394.498,1.066
394.528,1.062
394.558,1.048
394.588,1.076
394.618,1.067
394.648,1.072
394.678,1.068
394.708,1.072
394.738,1.065
394.768,1.069
394.798,1.065
394.828,1.068
394.858,1.066
394.888,1.062
394.918,1.073
394.948,1.069
394.978,1.073
395.008,1.069
395.038,1.071
395.068,1.070
395.098,1.064
395.128,1.068
395.158,1.066
395.188,1.060
395.218,1.061
395.248,1.069
395.278,1.065
395.308,1.063
395.338,1.073
395.368,1.058
395.398,1.073
395.428,1.070
395.458,1.059
395.488,1.062
395.518,1.072
395.548,1.072
395.578,1.072
395.608,1.077
395.638,1.073
395.668,1.067
395.698,1.065
395.728,1.062
395.758,1.066
395.788,1.062
395.818,1.066
395.848,1.066
395.878,1.073
395.908,1.067
395.938,1.070
395.968,1.072
395.998,1.075
396.028,1.076
396.058,1.063
396.088,1.067
396.118,1.068
396.148,1.057
396.178,1.067
396.208,1.066
396.238,1.066
396.268,1.071
396.298,1.070
396.328,1.065
396.358,1.074
396.388,1.066
396.418,1.072
396.448,1.075
396.478,1.066
396.508,1.069
396.538,1.061
396.568,1.073
396.598,1.071
396.628,1.068
396.658,1.066
396.688,1.059
396.718,1.067
396.748,1.066
396.778,1.066
396.808,1.072
396.838,1.072
396.868,1.073
396.898,1.072
396.928,1.072
396.958,1.070
396.988,1.068
397.018,1.066
397.048,1.066
397.078,1.069
397.108,1.066
397.138,1.073
397.168,1.069
397.198,1.062
397.228,1.072
397.258,1.070
397.288,1.072
397.318,1.062
397.348,1.067
397.378,1.073
397.408,1.065
397.438,1.079
397.468,1.067
397.498,1.074
397.528,1.068
397.558,1.067
397.588,1.068
397.618,1.063
397.648,1.071
397.678,1.062
397.708,1.064
397.738,1.075
397.768,1.067
397.798,1.074
397.828,1.068
397.858,1.069
397.888,1.072
397.918,1.064
397.948,1.074
397.978,1.071
398.008,1.071
398.038,1.070
398.068,1.075
398.098,1.078
398.128,1.092
398.158,1.085
398.188,1.084
398.218,1.076
398.248,1.075
398.278,1.068
398.308,1.073
398.338,1.079
398.368,1.078
398.398,1.069
398.428,1.064
398.458,1.065
398.488,1.068
398.518,1.073
398.548,1.066
398.578,1.084
398.608,1.092
398.638,1.090
398.668,1.086
398.698,1.089
398.728,1.076
398.758,1.089
398.788,1.083
398.818,1.077
398.848,1.072
398.878,1.050
398.908,1.051
398.938,1.044
398.968,1.040
398.998,1.028
399.028,1.036
399.058,1.033
399.088,1.026
399.118,1.046
399.148,1.064
399.178,1.071
399.208,1.068
399.238,1.062
399.268,1.072
399.298,1.073
399.328,1.049
399.358,1.065
399.388,1.091
399.418,1.073
399.448,1.069
399.478,1.068
399.508,1.080
399.538,1.075
399.568,1.080
399.598,1.083
399.628,1.084
399.658,1.073
399.688,1.066
399.718,1.065
399.748,1.065
399.778,1.063
399.808,1.070
399.838,1.065
399.868,1.070
399.898,1.068
399.928,1.069
399.958,1.067
399.988,1.068
400.018,1.078
400.048,1.073
400.078,1.078
400.108,1.069
400.138,1.073
400.168,1.073
400.198,1.068
400.228,1.063
400.258,1.063
400.288,1.065
400.318,1.062
400.348,1.074
400.378,1.077
400.408,1.068
400.438,1.065
400.468,1.068
400.498,1.072
400.528,1.071
400.558,1.069
400.588,1.072
400.618,1.071
400.648,1.073
400.678,1.072
400.708,1.065
400.738,1.072
400.768,1.068
400.798,1.071
400.828,1.062
400.858,1.064
400.888,1.066
400.918,1.068
400.948,1.073
400.978,1.070
401.008,1.076
401.038,1.073
401.068,1.073
401.098,1.072
401.128,1.069
401.158,1.070
401.188,1.064
401.218,1.065
401.248,1.070
401.278,1.074
401.308,1.067
401.338,1.070
401.368,1.071
401.398,1.071
401.428,1.063
401.458,1.071
401.488,1.067
401.518,1.068
401.548,1.066
401.578,1.075
401.608,1.066
401.638,1.064
401.668,1.067
401.698,1.069
401.728,1.072
401.758,1.066
401.788,1.068
401.818,1.073
401.848,1.062
401.878,1.077
401.908,1.071
401.938,1.068
401.968,1.075
401.998,1.065
402.028,1.071
402.058,1.072
402.088,1.066
402.118,1.071
402.148,1.071
402.178,1.068
402.208,1.069
402.238,1.070
402.268,1.068
402.298,1.066
402.328,1.070
402.358,1.069
402.388,1.071
402.418,1.071
402.448,1.069
402.478,1.077
402.508,1.073
402.538,1.072
402.568,1.075
402.598,1.072
402.628,1.066
402.658,1.064
402.688,1.065
402.718,1.069
402.748,1.069
402.778,1.071
402.808,1.074
402.838,1.069
402.868,1.070
402.898,1.069
402.928,1.068
402.958,1.067
402.988,1.070
403.018,1.075
403.048,1.063
403.078,1.064
403.108,1.064
403.138,1.065
403.168,1.069
403.198,1.073
403.228,1.070
403.258,1.070
403.288,1.072
403.318,1.068
403.348,1.072
403.378,1.079
403.408,1.079
403.438,1.069
403.468,1.072
403.498,1.067
403.528,1.065
403.558,1.063
403.588,1.062
403.618,1.063
403.648,1.065
403.678,1.074
403.708,1.077
403.738,1.071
403.768,1.074
403.798,1.071
403.828,1.071
403.858,1.073
403.888,1.064
403.918,1.072
403.948,1.069
403.978,1.064
404.008,1.066
404.038,1.066
404.068,1.064
404.098,1.073
404.128,1.067
404.158,1.069
404.188,1.074
404.218,1.073
404.248,1.070
404.278,1.071
404.308,1.076
404.338,1.074
404.368,1.070
404.398,1.073
404.428,1.080
404.458,1.085
404.488,1.085
404.518,1.074
404.548,1.078
404.578,1.071
404.608,1.071
404.638,1.074
404.668,1.057
404.698,1.063
404.728,1.065
404.758,1.063
404.788,1.085
404.818,1.079
404.848,1.077
404.878,1.070
404.908,1.069
404.938,1.078
404.968,1.080
404.998,1.082
405.028,1.087
405.058,1.079
405.088,1.078
405.118,1.071
405.148,1.071
405.178,1.091
405.208,1.120
405.238,1.118
405.268,1.106
405.298,1.085
405.328,1.077
405.358,1.068
405.388,1.084
405.418,1.069
405.448,1.048
405.478,1.020
405.508,1.027
405.538,1.039
405.568,1.050
405.598,1.052
405.628,1.045
405.658,1.079
405.688,1.084
405.718,1.097
405.748,1.104
405.778,1.098
405.808,1.102
405.838,1.113
405.868,1.083
405.898,1.072
405.928,1.076
405.958,1.042
405.988,1.026
406.018,0.984
406.048,0.967
406.078,0.949
406.108,0.925
406.138,0.940
406.168,0.958
406.198,0.978
406.228,0.973
406.258,0.986
406.288,1.026
406.318,1.047
406.348,1.096
406.378,1.141
406.408,1.129
406.438,1.108
406.468,1.119
406.498,1.066
406.528,1.074
406.558,1.083
406.588,1.078
406.618,1.077
406.648,1.061
406.678,1.047
406.708,1.054
406.738,1.082
406.768,1.086
406.798,1.063
406.828,1.093
406.858,1.074
406.888,1.100
406.918,1.091
406.948,1.083
406.978,1.086
407.008,1.083
407.038,1.062
407.068,1.057
407.098,1.060
407.128,1.058
407.158,1.060
407.188,1.069
407.218,1.073
407.248,1.069
407.278,1.072
407.308,1.071
407.338,1.067
407.368,1.066
407.398,1.062
407.428,1.072
407.458,1.070
407.488,1.071
407.518,1.072
407.548,1.063
407.578,1.062
407.608,1.064
407.638,1.063
407.668,1.063
407.698,1.062
407.728,1.057
407.758,1.070
407.788,1.059
407.818,1.071
407.848,1.067
407.878,1.068
407.908,1.068
407.938,1.061
407.968,1.064
407.998,1.066
408.028,1.062
408.058,1.064
408.088,1.062
408.118,1.072
408.148,1.066
408.178,1.068
408.208,1.070
408.238,1.062
408.268,1.070
408.298,1.063
408.328,1.068
408.358,1.063
408.388,1.068
408.418,1.062
408.448,1.062
408.478,1.061
408.508,1.062
408.538,1.059
408.568,1.067
408.598,1.065
408.628,1.063
408.658,1.064
408.688,1.070
408.718,1.067
408.748,1.072
408.778,1.067
408.808,1.071
408.838,1.063
408.868,1.069
408.898,1.066
408.928,1.065
408.958,1.065
408.988,1.065
409.018,1.066
409.048,1.067
409.078,1.066
409.108,1.067
409.138,1.066
409.168,1.065
409.198,1.062
409.228,1.072
409.258,1.069
409.288,1.067
409.318,1.068
409.348,1.067
409.378,1.065
409.408,1.069
409.438,1.068
409.468,1.062
409.498,1.072
409.528,1.065
409.558,1.069
409.588,1.067
409.618,1.063
409.648,1.069
409.678,1.062
409.708,1.062
409.738,1.060
409.768,1.065
409.798,1.069
409.828,1.072
409.858,1.074
409.888,1.069
409.918,1.067
409.948,1.079
409.978,1.063
410.008,1.065
410.038,1.064
410.068,1.064
410.098,1.062
410.128,1.062
410.158,1.064
410.188,1.069
410.218,1.070
410.248,1.066
410.278,1.071
410.308,1.073
410.338,1.073
410.368,1.070
410.398,1.067
410.428,1.070
410.458,1.064
410.488,1.064
410.518,1.067
410.548,1.061
410.578,1.069
410.608,1.069
410.638,1.064
410.668,1.070
410.698,1.065
410.728,1.069
410.758,1.067
410.788,1.071
410.818,1.069
410.848,1.068
410.878,1.068
410.908,1.067
410.938,1.066
410.968,1.065
410.998,1.065
411.028,1.067
411.058,1.068
411.088,1.072
411.118,1.073
411.148,1.069
411.178,1.065
411.208,1.064
411.238,1.066
411.268,1.072
411.298,1.066
411.328,1.073
411.358,1.067
411.388,1.066
411.418,1.070
411.448,1.069
411.478,1.068
411.508,1.067
411.538,1.061
411.568,1.069
411.598,1.068
411.628,1.064
411.658,1.069
411.688,1.063
411.718,1.073
411.748,1.076
411.778,1.066
411.808,1.072
411.838,1.067
411.868,1.067
411.898,1.068
411.928,1.066
411.958,1.066
411.988,1.071
412.018,1.071
412.048,1.072
412.078,1.077
412.108,1.089
412.138,1.073
412.168,1.077
412.198,1.078
412.228,1.074
412.258,1.080
412.288,1.075
412.318,1.083
412.348,1.088
412.378,1.091
412.408,1.077
412.438,1.080
412.468,1.080
412.498,1.077
412.528,1.062
412.558,1.066
412.588,1.070
412.618,1.059
412.648,1.061
412.678,1.060
412.708,1.050
412.738,1.058
412.768,1.054
412.798,1.059
412.828,1.052
412.858,1.059
412.888,1.064
412.918,1.053
412.948,1.051
412.978,1.057
413.008,1.063
413.038,1.059
413.068,1.056
413.098,1.061
413.128,1.053
413.158,1.055
413.188,1.063
413.218,1.075
413.248,1.065
413.278,1.074
413.308,1.086
413.338,1.085
413.368,1.077
413.398,1.072
413.428,1.077
413.458,1.041
413.488,1.030
413.518,1.043
413.548,1.024
413.578,1.006
413.608,1.016
413.638,1.044
413.668,1.028
413.698,1.030
413.728,1.032
413.758,1.044
413.788,1.044
413.818,1.030
413.848,1.036
413.878,1.044
413.908,1.062
413.938,1.069
413.968,1.056
413.998,1.045
414.028,1.048
414.058,1.050
414.088,1.055
414.118,1.052
414.148,1.051
414.178,1.035
414.208,1.050
414.238,1.046
414.268,1.043
414.298,1.044
414.328,1.030
414.358,1.032
414.388,1.030
414.418,1.042
414.448,1.058
414.478,1.050
414.508,1.040
414.538,1.050
414.568,1.038
414.598,1.032
414.628,1.042
414.658,1.052
414.688,1.054
414.718,1.061
414.748,1.066
414.778,1.065
414.808,1.056
414.838,1.055
414.868,1.053
414.898,1.062
414.928,1.062
414.958,1.077
414.988,1.070
415.018,1.071
415.048,1.073
415.078,1.069
415.108,1.061
415.138,1.065
415.168,1.061
415.198,1.062
415.228,1.049
415.258,1.055
415.288,1.059
415.318,1.057
415.348,1.060
415.378,1.062
415.408,1.058
415.438,1.053
415.468,1.051
415.498,1.048
415.528,1.047
415.558,1.051
415.588,1.054
415.618,1.052
415.648,1.062
415.678,1.053
415.708,1.060
415.738,1.057
415.768,1.061
415.798,1.069
415.828,1.054
415.858,1.050
415.888,1.058
415.918,1.051
415.948,1.057
415.978,1.060
416.008,1.062
416.038,1.064
416.068,1.062
416.098,1.064
416.128,1.062
416.158,1.065
416.188,1.061
416.218,1.053
416.248,1.060
416.278,1.062
416.308,1.062
416.338,1.069
416.368,1.060
416.398,1.063
416.428,1.072
416.458,1.084
416.488,1.063
416.518,1.084
416.548,1.084
416.578,1.061
416.608,1.071
416.638,1.052
416.668,1.039
416.698,1.048
416.728,1.040
416.758,1.060
416.788,1.040
416.818,1.055
416.848,1.051
416.878,1.051
416.908,1.057
416.938,1.077
416.968,1.102
416.998,1.112
417.028,1.069
417.058,1.058
417.088,1.071
417.118,1.035
417.148,1.013
417.178,1.013
417.208,1.036
417.238,1.046
417.268,1.061
417.298,1.086
417.328,1.049
417.358,1.043
417.388,1.090
417.418,1.082
417.448,1.087
417.478,1.099
417.508,1.104
417.538,1.098
417.568,1.082
417.598,1.075
417.628,1.068
417.658,1.063
417.688,1.063
417.718,1.068
417.748,1.066
417.778,1.065
417.808,1.070
417.838,1.064
417.868,1.052
417.898,1.062
417.928,1.067
417.958,1.067
417.988,1.070
418.018,1.081
418.048,1.080
418.078,1.084
418.108,1.069
418.138,1.069
418.168,1.064
418.198,1.064
418.228,1.075
418.258,1.064
418.288,1.072
418.318,1.074
418.348,1.078
418.378,1.079
418.408,1.073
418.438,1.073
418.468,1.063
418.498,1.067
418.528,1.073
418.558,1.069
418.588,1.069
418.618,1.074
418.648,1.064
418.678,1.066
418.708,1.068
418.738,1.069
418.768,1.073
418.798,1.073
418.828,1.071
418.858,1.065
418.888,1.065
418.918,1.069
418.948,1.062
418.978,1.070
419.008,1.066
419.038,1.073
419.068,1.069
419.098,1.066
419.128,1.065
419.158,1.073
419.188,1.069
419.218,1.065
419.248,1.072
419.278,1.062
419.308,1.062
419.338,1.072
419.368,1.071
419.398,1.064
419.428,1.071
419.458,1.071
419.488,1.063
419.518,1.069
419.548,1.068
419.578,1.066
419.608,1.070
419.638,1.068
419.668,1.077
419.698,1.075
419.728,1.072
419.758,1.067
419.788,1.071
419.818,1.066
419.848,1.069
419.878,1.068
419.908,1.065
419.938,1.063
419.968,1.067
419.998,1.066
420.028,1.075
420.058,1.068
420.088,1.066
420.118,1.077
420.148,1.070
420.178,1.075
420.208,1.071
420.238,1.070
420.268,1.073
420.298,1.063
420.328,1.067
420.358,1.069
420.388,1.070
420.418,1.071
420.448,1.069
420.478,1.074
420.508,1.071
420.538,1.068
420.568,1.069
420.598,1.063
420.628,1.072
420.658,1.081
420.688,1.066
420.718,1.075
420.748,1.068
420.778,1.066
420.808,1.066
420.838,1.072
420.868,1.064
420.898,1.067
420.928,1.069
420.958,1.065
420.988,1.072
421.018,1.073
421.048,1.062
421.078,1.069
421.108,1.074
421.138,1.070
421.168,1.072
421.198,1.068
421.228,1.072
421.258,1.076
421.288,1.073
421.318,1.070
421.348,1.065
421.378,1.066
421.408,1.072
421.438,1.071
421.468,1.065
421.498,1.070
421.528,1.068
421.558,1.072
421.588,1.071
421.618,1.068
421.648,1.066
421.678,1.071
421.708,1.075
421.738,1.069
421.768,1.070
421.798,1.071
421.828,1.072
421.858,1.073
421.888,1.073
421.918,1.067
421.948,1.066
421.978,1.069
422.008,1.064
422.038,1.066
422.068,1.065
422.098,1.069
422.128,1.068
422.158,1.072
422.188,1.074
422.218,1.067
422.248,1.070
422.278,1.072
422.308,1.074
422.338,1.072
422.368,1.069
422.398,1.065
422.428,1.064
422.458,1.070
422.488,1.074
422.518,1.076
422.548,1.082
422.578,1.089
422.608,1.103
422.638,1.102
422.668,1.104
422.698,1.116
422.728,1.116
422.758,1.127
422.788,1.146
422.818,1.146
422.848,1.155
422.878,1.141
422.908,1.121
422.938,1.111
422.968,1.085
422.998,1.077
423.028,1.057
423.058,1.044
423.088,1.053
423.118,1.067
423.148,1.073
423.178,1.078
423.208,1.057
423.238,1.037
423.268,1.001
423.298,1.009
423.328,0.991
423.358,1.000
423.388,1.040
423.418,1.003
423.448,1.005
423.478,1.055
423.508,1.073
423.538,1.084
423.568,1.077
423.598,1.047
423.628,1.056
423.658,1.059
423.688,1.053
423.718,1.043
423.748,1.079
423.778,1.123
423.808,1.124
423.838,1.134
423.868,1.149
423.898,1.128
423.928,1.086
423.958,1.080
423.988,1.084
424.018,1.091
424.048,1.080
424.078,1.051
424.108,1.010
424.138,1.000
424.168,0.974
424.198,0.976
424.228,0.993
424.258,1.020
424.288,1.024
424.318,0.979
424.348,0.974
424.378,0.982
424.408,0.969
424.438,0.953
424.468,0.968
424.498,0.980
424.528,0.981
424.558,0.990
424.588,0.992
424.618,1.016
424.648,1.029
424.678,1.047
424.708,1.049
424.738,1.016
424.768,1.015
424.798,1.015
424.828,1.000
424.858,0.988
424.888,0.979
424.918,0.958
424.948,0.988
424.978,1.003
425.008,0.981
425.038,0.992
425.068,0.986
425.098,0.990
425.128,1.009
425.158,1.019
425.188,0.995
425.218,1.015
425.248,1.021
425.278,1.035
425.308,1.056
425.338,1.048
425.368,1.042
425.398,1.028
425.428,1.031
425.458,1.003
425.488,1.013
425.518,1.047
425.548,1.030
425.578,1.036
425.608,1.047
425.638,1.031
425.668,1.032
425.698,1.023
425.728,1.017
425.758,1.030
425.788,1.032
425.818,1.031
425.848,1.038
425.878,1.033
425.908,1.047
425.938,1.042
425.968,1.039
425.998,1.036
426.028,1.049
426.058,1.050
426.088,1.058
426.118,1.025
426.148,1.033
426.178,1.056
426.208,1.058
426.238,1.031
426.268,1.006
426.298,1.011
426.328,1.012
426.358,1.015
426.388,1.020
426.418,1.021
426.448,1.022
426.478,1.021
426.508,1.028
426.538,1.040
426.568,1.046
426.598,1.034
426.628,1.057
426.658,1.050
426.688,1.035
426.718,1.042
426.748,1.031
426.778,1.021
426.808,1.049
426.838,1.054
426.868,1.043
426.898,1.034
426.928,1.052
426.958,1.047
426.988,1.032
427.018,1.033
427.048,1.031
427.078,1.011
427.108,0.980
427.138,0.994
427.168,1.026
427.198,1.035
427.228,1.043
427.258,1.039
427.288,1.050
427.318,1.040
427.348,1.030
427.378,1.027
427.408,1.020
427.438,1.042
427.468,1.071
427.498,1.079
427.528,1.034
427.558,1.062
427.588,1.041
427.618,1.026
427.648,1.023
427.678,1.042
427.708,1.017
427.738,1.005
427.768,0.999
427.798,0.997
427.828,0.985
427.858,0.977
427.888,1.001
427.918,0.984
427.948,1.021
427.978,1.031
428.008,0.989
428.038,0.958
428.068,1.081
428.098,1.030
428.128,0.991
428.158,1.037
428.188,1.059
428.218,1.042
428.248,1.063
428.278,1.071
428.308,1.087
428.338,1.008
428.368,0.989
428.398,1.002
428.428,1.023
428.458,1.034
428.488,1.087
428.518,1.093
428.548,1.112
428.578,1.092
428.608,1.041
428.638,1.034
428.668,0.993
428.698,0.944
428.728,0.923
428.758,0.944
428.788,0.880
428.818,0.825
428.848,0.806
428.878,0.701
428.908,0.803
428.938,0.879
428.968,0.832
428.998,0.867
429.028,0.863
429.058,0.868
429.088,0.889
429.118,0.844
429.148,0.831
429.178,0.911
429.208,0.955
429.238,1.059
429.268,1.034
429.298,1.064
429.328,1.038
429.358,1.100
429.388,1.074
429.418,1.072
429.448,1.127
429.478,1.060
429.508,1.100
429.538,1.144
429.568,1.097
429.598,1.068
429.628,1.099
429.658,1.116
429.688,1.210
429.718,1.189
429.748,1.113
429.778,1.157
429.808,1.044
429.838,0.923
429.868,0.894
429.898,0.946
429.928,0.977
429.958,0.964
429.988,0.972
430.018,1.021
430.048,1.044
430.078,0.951
430.108,0.988
430.138,1.040
430.168,0.966
430.198,0.974
430.228,1.024
430.258,0.972
430.288,0.988
430.318,1.044
430.348,0.913
430.378,0.937
430.408,0.925
430.438,0.938
430.468,1.007
430.498,0.950
430.528,0.977
430.558,1.033
430.588,0.965
430.618,0.995
430.648,1.015
430.678,1.016
430.708,1.021
430.738,1.021
430.768,1.054
430.798,1.023
430.828,1.006
430.858,0.970
430.888,0.958
430.918,0.954
430.948,0.981
430.978,1.012
431.008,1.033
431.038,0.998
431.068,1.009
431.098,1.005
431.128,0.942
431.158,0.970
431.188,0.961
431.218,0.965
431.248,0.989
431.278,1.025
431.308,0.985
431.338,0.959
431.368,1.015
431.398,0.964
431.428,0.943
431.458,0.961
431.488,0.959
431.518,1.000
431.548,1.110
431.578,1.193
431.608,1.164
431.638,1.086
431.668,1.021
431.698,1.017
431.728,1.018
431.758,1.000
431.788,1.000
431.818,0.963
431.848,0.932
431.878,0.960
431.908,0.994
431.938,0.961
431.968,0.974
431.998,1.009
432.028,1.001
432.058,0.975
432.088,1.048
432.118,0.999
432.148,0.935
432.178,0.949
432.208,0.940
432.238,0.942
432.268,1.041
432.298,1.025
432.328,1.021
432.358,1.026
432.388,1.072
432.418,1.057
432.448,1.011
432.478,1.029
432.508,0.965
432.538,0.971
432.568,0.962
432.598,0.949
432.628,0.978
432.658,0.973
432.688,0.969
432.718,0.988
432.748,0.976
432.778,0.964
432.808,0.966
432.838,0.972
432.868,0.986
432.898,0.993
432.928,0.998
432.958,0.980
432.988,0.954
433.018,0.944
433.048,0.964
433.078,0.956
433.108,0.963
433.138,1.010
433.168,0.980
433.198,1.000
433.228,1.006
433.258,0.967
433.288,0.951
433.318,0.954
433.348,0.967
433.378,0.936
433.408,0.987
433.438,1.003
433.468,0.988
433.498,1.003
433.528,1.034
433.558,1.007
433.588,0.952
433.618,0.966
433.648,0.989
433.678,1.007
433.708,0.991
433.738,1.030
433.768,1.016
433.798,0.973
433.828,0.970
433.858,0.966
433.888,0.967
433.918,0.999
433.948,0.959
433.978,0.981
434.008,1.017
434.038,1.027
434.068,0.998
434.098,0.997
434.128,0.995
434.158,0.994
434.188,0.984
434.218,1.014
434.248,1.023
434.278,0.999
434.308,0.965
434.338,0.968
434.368,0.985
434.398,0.992
434.428,1.011
434.458,1.021
434.488,1.003
434.518,0.987
434.548,0.982
434.578,0.979
434.608,0.977
434.638,0.979
434.668,0.992
434.698,0.989
434.728,0.981
434.758,0.976
434.788,0.992
434.818,0.989
434.848,1.008
434.878,1.006
434.908,0.993
434.938,0.994
434.968,1.006
434.998,0.994
435.028,1.000
435.058,0.998
435.088,1.003
435.118,1.008
435.148,1.007
435.178,1.006
435.208,0.996
435.238,0.986
435.268,0.991
435.298,1.017
435.328,0.984
435.358,0.986
435.388,0.980
435.418,0.983
435.448,1.000
435.478,1.004
435.508,1.000
435.538,1.002
435.568,0.996
435.598,0.989
435.628,0.989
435.658,0.994
435.688,0.987
435.718,0.994
435.748,0.992
435.778,0.997
435.808,1.021
435.838,1.009
435.868,0.995
435.898,0.983
435.928,0.979
435.958,0.985
435.988,0.994
436.018,0.993
436.048,0.997
436.078,1.009
436.108,1.012
436.138,1.000
436.168,0.998
436.198,0.988
436.228,0.987
436.258,0.990
436.288,0.998
436.318,1.000
436.348,0.989
436.378,0.997
436.408,0.993
436.438,0.997
436.468,1.003
436.498,1.012
436.528,1.007
436.558,0.996
436.588,0.996
436.618,0.989
436.648,0.990
436.678,0.994
436.708,0.997
436.738,1.002
436.768,0.995
436.798,1.006
436.828,0.991
436.858,1.004
436.888,1.002
436.918,0.996
436.948,0.995
436.978,0.997
437.008,0.993
437.038,0.999
437.068,0.996
437.098,0.995
437.128,0.995
437.158,0.997
437.188,0.999
437.218,0.996
437.248,1.001
437.278,1.001
437.308,0.993
437.338,0.997
437.368,0.999
437.398,0.994
437.428,0.994
437.458,1.000
437.488,1.005
437.518,0.997
437.548,0.989
437.578,0.995
437.608,0.992
437.638,0.997
437.668,1.000
437.698,0.996
437.728,1.002
437.758,0.996
437.788,1.003
437.818,0.996
437.848,1.003
437.878,0.997
437.908,0.995
437.938,0.999
437.968,1.002
437.998,1.000
438.028,0.996
438.058,0.997
438.088,0.996
438.118,0.999
438.148,0.998
438.178,0.999
438.208,0.998
438.238,0.997
438.268,0.997
438.298,1.006
438.328,0.994
438.358,0.999
438.388,1.003
438.418,0.997
438.448,1.000
438.478,0.997
438.508,0.999
438.538,1.008
438.568,0.998
438.598,1.001
438.628,0.995
438.658,0.999
438.688,1.001
438.718,0.997
438.748,1.000
438.778,0.995
438.808,0.997
438.838,0.998
438.868,1.008
438.898,0.991
438.928,1.000
438.958,1.003
438.988,0.999
439.018,1.004
439.048,1.000
439.078,0.997
439.108,1.005
439.138,0.996
439.168,1.002
439.198,0.998
439.228,0.999
439.258,1.000
439.288,1.000
439.318,0.999
439.348,1.004
439.378,0.998
439.408,1.007
439.438,0.993
439.468,1.004
439.498,1.000
439.528,1.001
439.558,1.000
439.588,0.998
439.618,1.003
439.648,0.998
439.678,0.994
439.708,1.003
439.738,0.997
439.768,1.006
439.798,1.002
439.828,1.001
439.858,0.997
439.888,1.004
439.918,0.998
439.948,1.009
439.978,0.993
440.008,1.001
440.038,1.000
440.068,0.999
440.098,1.001
440.128,0.998
440.158,1.004
440.188,0.999
440.218,1.000
440.248,1.004
440.278,0.998
440.308,1.002
440.338,1.000
440.368,1.002
440.398,1.003
440.428,1.002
440.458,1.004
440.488,1.005
440.518,1.000
440.548,1.009
440.578,0.996
440.608,0.996
440.638,1.001
440.668,1.000
440.698,1.002
440.728,0.995
440.758,1.001
440.788,1.000
440.818,0.997
440.848,1.005
440.878,1.004
440.908,0.997
440.938,1.003
440.968,1.000
440.998,1.008
441.028,0.999
441.058,1.009
441.088,0.998
441.118,0.993
441.148,0.999
441.178,1.003
441.208,1.005
441.238,1.007
441.268,0.998
441.298,0.999
441.328,1.000
441.358,1.003
441.388,1.003
441.418,1.001
441.448,1.001
441.478,0.999
441.508,0.999
441.538,0.999
441.568,1.004
441.598,0.998
441.628,1.000
441.658,0.999
441.688,1.001
441.718,1.006
441.748,0.997
441.778,1.001
441.808,0.998
441.838,1.000
441.868,1.003
441.898,1.000
441.928,0.996
441.958,1.000
441.988,1.000
442.018,1.006
442.048,0.997
442.078,1.003
442.108,1.002
442.138,0.994
442.168,0.997
442.198,1.001
442.228,1.006
442.258,0.995
442.288,0.999
442.318,0.998
442.348,0.996
442.378,0.999
442.408,1.000
442.438,0.997
442.468,0.999
442.498,1.002
442.528,1.004
442.558,0.997
442.588,0.999
442.618,1.000
442.648,0.998
442.678,0.999
442.708,1.001
442.738,1.002
442.768,1.004
442.798,0.999
442.828,1.000
442.858,1.002
442.888,1.002
442.918,1.002
442.948,1.001
442.978,1.005
443.008,1.004
443.038,1.008
443.068,0.994
443.098,0.997
443.128,0.999
443.158,0.996
443.188,1.000
443.218,0.999
443.248,1.000
443.278,1.006
443.308,0.998
443.338,1.001
443.368,0.997
443.398,1.002
443.428,1.003
443.458,0.995
443.488,0.998
443.518,0.997
443.548,1.006
443.578,0.993
443.608,1.000
443.638,1.004
443.668,0.994
443.698,1.001
443.728,1.002
443.758,0.999
443.788,1.004
443.818,0.996
443.848,1.000
443.878,0.997
443.908,1.000
443.938,0.999
443.968,0.998
443.998,0.997
444.028,0.997
444.058,1.008
444.088,0.990
444.118,0.997
444.148,1.005
444.178,0.994
444.208,1.003
444.238,1.001
444.268,0.996
444.298,1.010
444.328,0.992
444.358,1.000
444.388,1.001
444.418,0.996
444.448,1.001
444.478,0.997
444.508,0.998
444.538,1.001
444.568,1.002
444.598,1.007
444.628,0.993
444.658,0.999
444.688,0.998
444.718,0.994
444.748,0.999
444.778,1.001
444.808,1.005
444.838,0.996
444.868,0.996
444.898,0.998
444.928,0.993
444.958,1.000
444.988,1.001
445.018,0.999
445.048,0.998
445.078,0.991
445.108,1.006
445.138,0.998
445.168,1.006
445.198,0.998
445.228,0.991
445.258,1.000
445.288,1.003
445.318,0.998
445.348,0.996
445.378,0.999
445.408,0.999
445.438,0.995
445.468,0.999
445.498,1.001
445.528,1.000
445.558,1.001
445.588,0.997
445.618,1.000
445.648,0.998
445.678,1.000
445.708,0.993
445.738,0.994
445.768,0.997
445.798,1.004
445.828,1.006
445.858,0.994
445.888,0.997
445.918,0.998
445.948,1.001
445.978,1.002
446.008,0.997
446.038,0.998
446.068,0.999
446.098,0.995
446.128,1.006
446.158,1.000
446.188,0.997
446.218,1.001
446.248,0.995
446.278,0.998
446.308,1.000
446.338,1.006
446.368,0.993
446.398,1.001
446.428,0.996
446.458,0.995
446.488,0.999
446.518,0.998
446.548,0.999
446.578,1.000
446.608,0.999
446.638,1.005
446.668,0.996
446.698,1.003
446.728,1.000
446.758,0.994
446.788,0.998
446.818,1.000
446.848,1.002
446.878,0.993
446.908,0.997
446.938,0.997
446.968,0.995
446.998,0.997
447.028,1.001
447.058,0.994
447.088,1.002
447.118,0.998
447.148,1.006
447.178,0.993
447.208,0.999
447.238,1.000
447.268,0.992
447.298,0.999
447.328,0.996
447.358,0.998
447.388,1.007
447.418,0.995
447.448,1.002
447.478,0.998
447.508,1.000
447.538,1.003
447.568,0.997
447.598,0.997
447.628,1.003
447.658,1.002
447.688,1.005
447.718,0.998
447.748,1.003
447.778,0.998
447.808,1.001
447.838,0.998
447.868,0.999
447.898,1.002
447.928,0.995
447.958,0.996
447.988,1.002
448.018,0.998
448.048,1.000
448.078,0.999
448.108,0.998
448.138,0.996
448.168,1.000
448.198,1.000
448.228,1.004
448.258,0.990
448.288,1.003
448.318,0.998
448.348,0.997
448.378,1.001
448.408,0.998
448.438,1.003
448.468,0.993
448.498,0.999
448.528,1.002
448.558,0.992
448.588,0.998
448.618,1.000
448.648,1.000
448.678,1.000
448.708,1.001
448.738,1.002
448.768,1.003
448.798,0.994
448.828,1.003
448.858,0.999
448.888,1.000
448.918,1.001
448.948,0.997
448.978,1.003
449.008,0.998
449.038,1.000
449.068,1.002
449.098,0.997
449.128,1.001
449.158,0.999
449.188,1.000
449.218,0.998
449.248,1.000
449.278,1.000
449.308,1.005
449.338,0.988
449.368,1.002
449.398,1.002
449.428,0.995
449.458,1.004
449.488,0.999
449.518,1.000
449.548,1.003
449.578,0.994
449.608,1.002
449.638,0.998
449.668,0.995
449.698,1.005
449.728,1.002
449.758,0.995
449.788,0.998
449.818,1.001
449.848,1.010
449.878,0.994
449.908,1.001
449.938,1.004
449.968,0.995
449.998,0.998
450.028,1.003
450.058,1.002
450.088,1.000
450.118,0.999
450.148,1.000
450.178,0.996
450.208,0.999
450.238,1.004
450.268,0.997
450.298,1.004
450.328,0.998
450.358,1.000
450.388,0.997
450.418,1.002
450.448,1.003
450.478,0.996
450.508,0.994
450.538,1.001
450.568,1.003
450.598,1.003
450.628,0.997
450.658,1.001
450.688,0.997
450.718,0.998
450.748,1.000
450.778,1.000
450.808,0.999
450.838,0.999
450.868,1.002
450.898,0.999
450.928,0.998
450.958,1.004
450.988,0.994
451.018,0.990
451.048,1.002
451.078,1.000
451.108,1.004
451.138,0.994
451.168,1.000
451.198,1.000
451.228,1.000
451.258,1.004
451.288,1.000
451.318,0.999
451.348,1.004
451.378,1.001
451.408,1.000
451.438,0.984
451.468,1.001
451.498,1.001
451.528,0.995
451.558,1.001
451.588,1.004
451.618,1.001
451.648,0.997
451.678,1.003
451.708,1.002
451.738,0.998
451.768,1.002
451.798,1.001
451.828,1.000
451.858,1.002
451.888,1.004
451.918,1.004
451.948,0.994
451.978,1.002
452.008,1.000
452.038,0.997
452.068,0.994
452.098,1.001
452.128,1.001
452.158,1.008
452.188,0.997
452.218,1.003
452.248,0.997
452.278,0.998
452.308,1.003
452.338,0.999
452.368,0.993
452.398,1.004
452.428,1.002
452.458,1.008
452.488,1.001
452.518,1.001
452.548,0.998
452.578,0.998
452.608,0.999
452.638,1.002
452.668,1.008
452.698,0.996
452.728,0.998
452.758,0.999
452.788,1.000
452.818,1.001
452.848,0.999
452.878,0.995
452.908,1.000
452.938,1.001
452.968,1.007
452.998,0.994
453.028,1.001
453.058,1.006
453.088,1.001
453.118,0.999
453.148,1.005
453.178,1.002
453.208,1.002
453.238,0.993
453.268,1.003
453.298,1.003
453.328,0.999
453.358,1.004
453.388,1.008
453.418,1.001
453.448,1.004
453.478,1.001
453.508,1.006
453.538,1.003
453.568,0.998
453.598,1.005
453.628,1.000
453.658,1.000
453.688,1.001
453.718,1.003
453.748,1.003
453.778,0.999
453.808,1.000
453.838,1.005
453.868,1.002
453.898,1.005
453.928,1.007
453.958,1.000
453.988,0.998
454.018,1.002
454.048,1.004
454.078,1.005
454.108,1.001
454.138,1.006
454.168,0.999
454.198,1.004
454.228,1.004
454.258,1.001
454.288,1.000
454.318,0.999
454.348,0.999
454.378,1.008
454.408,1.000
454.438,1.004
454.468,1.002
454.498,0.998
454.528,0.992
454.558,1.002
454.588,1.009
454.618,1.009
454.648,0.999
454.678,1.010
454.708,1.000
454.738,0.998
454.768,1.000
454.798,1.005
454.828,1.009
454.858,0.998
454.888,0.999
454.918,0.997
454.948,0.998
454.978,1.004
455.008,0.998
455.038,0.994
455.068,1.004
455.098,0.996
455.128,1.004
455.158,1.003
455.188,1.004
455.218,1.005
455.248,0.994
455.278,0.997
455.308,1.004
455.338,1.002
455.368,1.008
455.398,1.000
455.428,1.004
455.458,0.997
455.488,0.997
455.518,1.001
455.548,0.997
455.578,0.997
455.608,1.002
455.638,1.003
455.668,1.004
455.698,1.000
455.728,1.002
455.758,0.996
455.788,0.995
455.818,1.001
455.848,1.005
455.878,0.999
455.908,0.994
455.938,1.000
455.968,0.999
455.998,0.997
456.028,1.002
456.058,1.002
456.088,0.998
456.118,1.002
456.148,0.999
456.178,1.002
456.208,0.996
456.238,1.004
456.268,1.001
456.298,0.995
456.328,0.996
456.358,1.000
456.388,1.000
456.418,1.005
456.448,0.997
456.478,1.002
456.508,0.999
456.538,1.000
456.568,1.000
456.598,1.000
456.628,0.996
456.658,1.001
456.688,1.000
456.718,1.003
456.748,0.996
456.778,1.003
456.808,1.003
456.838,0.998
456.868,1.000
456.898,1.001
456.928,1.005
456.958,1.002
456.988,0.998
457.018,1.003
457.048,1.001
457.078,1.001
457.108,1.001
457.138,0.996
457.168,1.001
457.198,1.005
457.228,1.000
457.258,1.006
457.288,0.989
457.318,1.002
457.348,1.003
457.378,0.997
457.408,1.000
457.438,0.998
457.468,1.002
457.498,1.004
457.528,0.994
457.558,1.002
457.588,1.000
457.618,0.997
457.648,1.000
457.678,1.000
457.708,1.000
457.738,1.004
457.768,1.003
457.798,1.004
457.828,0.987
457.858,0.998
457.888,1.005
457.918,0.999
457.948,0.999
457.978,1.000
458.008,0.998
458.038,1.011
458.068,0.995
458.098,1.003
458.128,0.997
458.158,0.995
458.188,1.000
458.218,0.999
458.248,0.998
458.278,1.004
458.308,1.004
458.338,1.004
458.368,0.993
458.398,1.003
458.428,1.001
458.458,0.997
458.488,1.000
458.518,0.998
458.548,1.000
458.578,1.001
458.608,0.996
458.638,1.005
458.668,1.000
458.698,0.997
458.728,1.000
458.758,0.999
458.788,0.997
458.818,1.000
458.848,1.005
458.878,1.000
458.908,0.999
458.938,1.002
458.968,0.997
458.998,1.003
459.028,1.001
459.058,0.997
459.088,1.001
459.118,0.997
459.148,1.003
459.178,1.002
459.208,1.000
459.238,1.002
459.268,1.000
459.298,0.998
459.328,1.000
459.358,1.003
459.388,1.007
459.418,0.998
459.448,1.003
459.478,1.001
459.508,1.004
459.538,0.999
459.568,0.999
459.598,1.001
459.628,0.995
459.658,0.997
459.688,1.004
459.718,0.994
459.748,0.998
459.778,1.000
459.808,0.998
459.838,1.000
459.868,0.999
459.898,1.005
459.928,0.995
459.958,1.002
459.988,1.004
460.018,0.992
460.048,1.001
460.078,0.998
460.108,0.997
460.138,1.002
460.168,1.003
460.198,1.004
460.228,0.996
460.258,1.000
460.288,1.000
460.318,1.001
460.348,1.002
460.378,1.000
460.408,0.997
460.438,0.999
460.468,1.005
460.498,0.998
460.528,0.998
460.558,0.999
460.588,1.004
460.618,1.003
460.648,1.001
460.678,1.000
460.708,1.000
460.738,0.993
460.768,1.001
460.798,0.998
460.828,0.996
460.858,1.004
460.888,1.000
460.918,0.997
460.948,0.995
460.978,1.002
461.008,1.000
461.038,0.992
461.068,0.999
461.098,1.001
461.128,1.002
461.158,0.994
461.188,1.002
461.218,1.000
461.248,1.000
461.278,1.000
461.308,0.998
461.338,0.995
461.368,1.002
461.398,1.001
461.428,1.003
461.458,0.997
461.488,1.003
461.518,1.001
461.548,0.997
461.578,0.998
461.608,1.000
461.638,1.007
461.668,1.001
461.698,0.996
461.728,0.997
461.758,0.998
461.788,1.003
461.818,1.003
461.848,0.997
461.878,1.001
461.908,1.005
461.938,1.004
461.968,0.992
461.998,1.002
462.028,1.002
462.058,0.998
462.088,0.998
462.118,1.002
462.148,1.002
462.178,1.006
462.208,0.995
462.238,1.000
462.268,0.997
462.298,0.995
462.328,1.001
462.358,0.998
462.388,0.997
462.418,0.999
462.448,1.001
462.478,1.004
462.508,0.993
462.538,1.004
462.568,0.998
462.598,1.000
462.628,0.999
462.658,1.000
462.688,0.997
462.718,1.003
462.748,0.999
462.778,1.000
462.808,1.001
462.838,1.000
462.868,0.998
462.898,1.001
462.928,0.995
462.958,1.002
462.988,1.000
463.018,0.999
463.048,1.002
463.078,0.995
463.108,1.008
463.138,1.002
463.168,1.000
463.198,1.000
463.228,1.002
463.258,0.999
463.288,0.999
463.318,0.999
463.348,1.007
463.378,1.001
463.408,0.998
463.438,1.001
463.468,1.004
463.498,0.997
463.528,1.003
463.558,0.999
463.588,1.003
463.618,1.002
463.648,0.999
463.678,1.006
463.708,0.996
463.738,0.998
463.768,1.002
463.798,1.006
463.828,1.005
463.858,0.997
463.888,1.005
463.918,1.004
463.948,0.993
463.978,1.000
464.008,1.000
464.038,1.006
464.068,1.004
464.098,1.007
464.128,1.006
464.158,1.005
464.188,1.004
464.218,1.004
464.248,1.001
464.278,0.995
464.308,0.998
464.338,0.998
464.368,1.003
464.398,1.005
464.428,1.002
464.458,1.003
464.488,0.998
464.518,1.002
464.548,1.002
464.578,0.996
464.608,1.004
464.638,1.001
464.668,1.001
464.698,1.004
464.728,0.995
464.758,1.002
464.788,1.001
464.818,0.992
464.848,1.001
464.878,1.003
464.908,1.000
464.938,1.000
464.968,0.999
464.998,1.003
465.028,0.997
465.058,0.995
465.088,1.002
465.118,0.999
465.148,1.000
465.178,1.001
465.208,1.000
465.238,1.002
465.268,0.992
465.298,1.001
465.328,1.002
465.358,0.995
465.388,0.999
465.418,1.001
465.448,1.004
465.478,1.001
465.508,0.991
465.538,1.005
465.568,1.002
465.598,1.003
465.628,0.999
465.658,1.003
465.688,0.999
465.718,1.002
465.748,1.000
465.778,1.003
465.808,0.999
465.838,0.996
465.868,1.003
465.898,1.002
465.928,1.000
465.958,0.997
465.988,1.000
466.018,1.004
466.048,1.005
466.078,0.998
466.108,1.007
466.138,0.999
466.168,1.003
466.198,1.005
466.228,0.999
466.258,1.003
466.288,0.998
466.318,1.002
466.348,0.997
466.378,1.005
466.408,0.997
466.438,0.996
466.468,1.005
466.498,1.001
466.528,1.000
466.558,0.999
466.588,1.005
466.618,1.001
466.648,1.000
466.678,1.000
466.708,1.003
466.738,1.000
466.768,1.000
466.798,1.003
466.828,1.000
466.858,1.000
466.888,1.001
466.918,1.001
466.948,1.007
466.978,1.003
467.008,0.995
467.038,1.004
467.068,1.000
467.098,1.001
467.128,1.002
467.158,1.002
467.188,1.003
467.218,1.000
467.248,0.997
467.278,1.004
467.308,1.000
467.338,1.000
467.368,1.001
467.398,1.003
467.428,0.998
467.458,1.008
467.488,1.000
467.518,1.005
467.548,1.003
467.578,0.997
467.608,1.006
467.638,1.000
467.668,1.003
467.698,1.001
467.728,1.001
467.758,1.005
467.788,1.001
467.818,0.996
467.848,1.005
467.878,0.997
467.908,0.998
467.938,1.004
467.968,1.001
467.998,1.001
468.028,1.005
468.058,1.000
468.088,1.004
468.118,0.994
468.148,1.003
468.178,1.005
468.208,0.998
468.238,1.000
468.268,1.003
468.298,0.996
468.328,1.007
468.358,0.998
468.388,1.006
468.418,1.001
468.448,1.002
468.478,1.003
468.508,0.999
468.538,1.001
468.568,1.003
468.598,1.004
468.628,0.999
468.658,1.004
468.688,1.002
468.718,0.996
468.748,0.994
468.778,1.002
468.808,1.007
468.838,1.001
468.868,0.996
468.898,1.000
468.928,1.000
468.958,0.997
468.988,1.003
469.018,1.001
469.048,0.994
469.078,1.000
469.108,1.000
469.138,1.006
469.168,1.006
469.198,0.999
469.228,1.002
469.258,0.997
469.288,0.996
469.318,1.004
469.348,1.006
469.378,1.010
469.408,0.993
469.438,1.000
469.468,1.000
469.498,1.000
469.528,0.998
469.558,1.000
469.588,0.999
469.618,1.001
469.648,1.002
469.678,1.006
469.708,0.996
469.738,1.004
469.768,1.007
469.798,0.999
469.828,0.998
469.858,1.004
469.888,1.006
469.918,1.007
469.948,0.995
469.978,1.000
470.008,1.004
470.038,0.998
470.068,1.005
470.098,1.000
470.128,0.998
470.158,1.000
470.188,0.999
470.218,1.005
470.248,0.998
470.278,0.999
470.308,1.008
470.338,1.000
470.368,0.999
470.398,1.001
470.428,1.004
470.458,1.002
470.488,0.997
470.518,1.001
470.548,1.008
470.578,0.999
470.608,1.005
470.638,1.002
470.668,1.002
470.698,0.999
470.728,1.000
470.758,1.002
470.788,1.001
470.818,0.996
470.848,1.004
470.878,1.000
470.908,1.003
470.938,1.002
470.968,1.000
470.998,1.005
471.028,0.997
471.058,0.999
471.088,1.003
471.118,0.999
471.148,1.005
471.178,1.006
471.208,1.000
471.238,0.997
471.268,1.007
471.298,1.004
471.328,1.002
471.358,0.991
471.388,1.004
471.418,1.003
471.448,0.997
471.478,1.004
471.508,1.000
471.538,1.004
471.568,1.007
471.598,0.998
471.628,1.005
471.658,0.996
471.688,0.998
471.718,1.003
471.748,0.999
471.778,1.000
471.808,1.000
471.838,1.003
471.868,1.004
471.898,1.000
471.928,1.000
471.958,0.995
471.988,0.995
472.018,1.004
472.048,1.005
472.078,1.001
472.108,0.993
472.138,0.999
472.168,1.003
472.198,1.000
472.228,1.001
472.258,1.002
472.288,0.999
472.318,1.000
472.348,1.002
472.378,1.001
472.408,0.993
472.438,1.004
472.468,1.006
472.498,1.000
472.528,0.998
472.558,1.005
472.588,1.000
472.618,1.003
472.648,0.996
472.678,1.001
472.708,1.002
472.738,0.999
472.768,1.001
472.798,1.000
472.828,0.999
472.858,1.004
472.888,1.006
472.918,1.004
472.948,0.995
472.978,1.004
473.008,0.999
473.038,1.003
473.068,1.005
473.098,1.000
473.128,1.004
473.158,1.008
473.188,0.994
473.218,0.998
473.248,1.000
473.278,0.997
473.308,1.003
473.338,0.999
473.368,0.995
473.398,1.004
473.428,1.001
473.458,1.008
473.488,0.991
473.518,1.001
473.548,1.000
473.578,0.993
473.608,1.000
473.638,0.998
473.668,1.005
473.698,0.999
473.728,0.991
473.758,0.998
473.788,0.999
473.818,0.996
473.848,1.003
473.878,1.006
473.908,0.997
473.938,1.000
473.968,0.995
473.998,0.999
474.028,0.995
474.058,0.997
474.088,1.004
474.118,0.994
474.148,1.002
474.178,1.000
474.208,0.997
474.238,0.999
474.268,0.991
474.298,0.996
474.328,1.000
474.358,0.993
474.388,1.000
474.418,1.001
474.448,1.000
474.478,0.999
474.508,1.004
474.538,0.999
474.568,1.000
474.598,0.989
474.628,0.998
474.658,1.003
474.688,0.992
474.718,0.998
474.748,0.997
474.778,1.000
474.808,0.999
474.838,0.991
474.868,1.002
474.898,0.998
474.928,0.992
474.958,1.001
474.988,1.002
475.018,0.997
475.048,1.000
475.078,0.998
475.108,0.999
475.138,0.999
475.168,1.002
475.198,1.000
475.228,0.992
475.258,0.995
475.288,1.001
475.318,0.998
475.348,1.002
475.378,0.996
475.408,1.000
475.438,0.998
475.468,0.998
475.498,0.998
475.528,0.997
475.558,0.998
475.588,0.997
475.618,0.999
475.648,0.996
475.678,0.992
475.708,1.002
475.738,0.998
475.768,0.991
475.798,0.996
475.828,0.998
475.858,0.999
475.888,1.000
475.918,0.998
475.948,0.998
475.978,0.998
476.008,0.998
476.038,0.997
476.068,0.997
476.098,0.999
476.128,0.998
476.158,1.002
476.188,0.996
476.218,0.992
476.248,1.005
476.278,1.002
476.308,0.997
476.338,1.000
476.368,0.998
476.398,0.997
476.428,1.002
476.458,0.995
476.488,1.005
476.518,0.996
476.548,0.999
476.578,1.000
476.608,0.995
476.638,0.996
476.668,0.996
476.698,1.002
476.728,1.002
476.758,0.994
476.788,1.000
476.818,0.998
476.848,0.999
476.878,0.996
476.908,0.998
476.938,0.996
476.968,1.001
476.998,0.993
477.028,1.004
477.058,0.996
477.088,0.998
477.118,1.000
477.148,1.001
477.178,0.998
477.208,1.000
477.238,0.998
477.268,1.001
477.298,0.991
477.328,1.000
477.358,0.998
477.388,0.994
477.418,0.999
477.448,0.999
477.478,0.998
477.508,1.004
477.538,0.995
477.568,1.004
477.598,0.998
477.628,0.996
477.658,0.998
477.688,0.998
477.718,0.998
477.748,0.999
477.778,0.998
477.808,1.002
477.838,1.000
477.868,0.998
477.898,1.001
477.928,0.995
477.958,0.995
477.988,0.998
478.018,1.003
478.048,1.002
478.078,0.995
478.108,0.995
478.138,1.000
478.168,0.995
478.198,0.998
478.228,0.997
478.258,0.998
478.288,1.000
478.318,0.997
478.348,0.996
478.378,1.001
478.408,1.001
478.438,1.001
478.468,0.992
478.498,0.998
478.528,1.001
478.558,1.002
478.588,1.000
478.618,0.996
478.648,1.002
478.678,0.997
478.708,0.994
478.738,0.998
478.768,0.993
478.798,0.997
478.828,0.998
478.858,1.003
478.888,0.997
478.918,0.995
478.948,1.001
478.978,0.999
479.008,0.994
479.038,0.995
479.068,1.001
479.098,1.001
479.128,0.996
479.158,0.997
479.188,1.001
479.218,0.997
479.248,0.997
479.278,0.999
479.308,0.995
479.338,1.000
479.368,0.997
479.398,1.001
479.428,0.996
479.458,0.997
479.488,1.004
479.518,0.999
479.548,0.996
479.578,0.995
479.608,0.999
479.638,1.004
479.668,0.990
479.698,0.996
479.728,0.999
479.758,0.995
479.788,0.999
479.818,0.998
479.848,0.999
479.878,0.999
479.908,0.997
479.938,0.999
479.968,0.993
479.998,0.997
480.028,1.003
480.058,0.995
480.088,1.002
480.118,0.997
480.148,1.003
480.178,1.002
480.208,0.995
480.238,0.998
480.268,1.000
480.298,0.991
480.328,1.001
480.358,1.000
480.388,0.995
480.418,0.999
480.448,1.002
480.478,0.998
480.508,1.001
480.538,0.987
480.568,1.001
480.598,1.003
480.628,0.994
480.658,0.995
480.688,0.997
480.718,1.000
480.748,1.000
480.778,0.995
480.808,1.002
480.838,0.999
480.868,0.995
480.898,0.999
480.928,0.999
480.958,0.999
480.988,1.000
481.018,1.000
481.048,1.002
481.078,1.000
481.108,0.987
481.138,1.001
481.168,1.004
481.198,0.996
481.228,0.997
481.258,1.000
481.288,1.001
481.318,1.005
481.348,0.999
481.378,1.002
481.408,0.995
481.438,0.997
481.468,1.000
481.498,1.000
481.528,0.999
481.558,1.000
481.588,1.000
481.618,1.003
481.648,0.997
481.678,1.001
481.708,0.996
481.738,0.995
481.768,0.996
481.798,0.997
481.828,1.000
481.858,1.000
481.888,1.001
481.918,1.004
481.948,0.995
481.978,0.995
482.008,1.000
482.038,1.000
482.068,0.996
482.098,0.996
482.128,1.009
482.158,0.997
482.188,0.996
482.218,0.996
482.248,0.995
482.278,0.993
482.308,1.001
482.338,1.001
482.368,1.001
482.398,0.991
482.428,0.999
482.458,1.001
482.488,0.995
482.518,1.000
482.548,0.995
482.578,0.997
482.608,1.002
482.638,1.000
482.668,0.998
482.698,0.991
482.728,1.002
482.758,1.003
482.788,0.994
482.818,0.997
482.848,0.997
482.878,1.000
482.908,1.001
482.938,0.999
482.968,1.000
482.998,1.000
483.028,0.996
483.058,1.001
483.088,0.996
483.118,0.995
483.148,1.004
483.178,0.999
483.208,0.992
483.238,1.003
483.268,1.006
483.298,0.993
483.328,0.997
483.358,0.997
483.388,0.998
483.418,1.002
483.448,0.992
483.478,0.998
483.508,1.001
483.538,0.997
483.568,1.000
483.598,0.997
483.628,0.993
483.658,1.001
483.688,1.003
483.718,1.004
483.748,0.989
483.778,1.002
483.808,0.999
483.838,0.998
483.868,1.001
483.898,0.996
483.928,0.998
483.958,1.005
483.988,0.995
484.018,1.002
484.048,0.994
484.078,0.995
484.108,1.001
484.138,0.999
484.168,0.994
484.198,0.995
484.228,1.003
484.258,1.003
484.288,0.989
484.318,1.003
484.348,0.996
484.378,0.999
484.408,0.998
484.438,0.995
484.468,0.997
484.498,0.993
484.528,0.994
484.558,0.997
484.588,0.995
484.618,0.995
484.648,1.002
484.678,0.996
484.708,0.997
484.738,0.999
484.768,1.004
484.798,0.998
484.828,0.999
484.858,0.998
484.888,0.990
484.918,0.994
484.948,1.001
484.978,1.003
485.008,0.996
485.038,0.995
485.068,1.001
485.098,0.993
485.128,0.994
485.158,1.001
485.188,0.996
485.218,0.999
485.248,0.996
485.278,1.000
485.308,0.999
485.338,0.997
485.368,0.997
485.398,0.991
485.428,0.990
485.458,0.999
485.488,0.999
485.518,1.001
485.548,0.993
485.578,0.998
485.608,0.998
485.638,0.994
485.668,0.997
485.698,0.992
485.728,0.987
485.758,1.000
485.788,1.009
485.818,1.000
485.848,0.989
485.878,1.000
485.908,0.998
485.938,0.993
485.968,0.997
485.998,1.000
486.028,1.000
486.058,1.000
486.088,0.993
486.118,1.002
486.148,0.995
486.178,0.999
486.208,0.998
486.238,0.996
486.268,0.997
486.298,0.995
486.328,1.000
486.358,0.998
486.388,0.996
486.418,1.002
486.448,0.995
486.478,0.997
486.508,0.998
486.538,0.997
486.568,0.999
486.598,0.993
486.628,0.997
486.658,1.001
486.688,0.995
486.718,1.000
486.748,1.003
486.778,0.994
486.808,0.999
486.838,0.993
486.868,1.002
486.898,0.997
486.928,0.996
486.958,1.000
486.988,0.995
487.018,1.000
487.048,0.996
487.078,0.997
487.108,1.000
487.138,0.995
487.168,1.000
487.198,1.003
487.228,0.993
487.258,1.000
487.288,0.999
487.318,0.998
487.348,0.996
487.378,1.000
487.408,1.001
487.438,0.996
487.468,0.991
487.498,1.005
487.528,1.000
487.558,0.989
487.588,0.999
487.618,0.997
487.648,1.000
487.678,1.004
487.708,0.996
487.738,1.002
487.768,0.997
487.798,0.996
487.828,0.998
487.858,0.999
487.888,0.998
487.918,0.998
487.948,1.000
487.978,0.999
488.008,0.992
488.038,1.000
488.068,1.003
488.098,0.994
488.128,0.997
488.158,0.997
488.188,0.996
488.218,1.000
488.248,0.998
488.278,0.999
488.308,0.995
488.338,1.006
488.368,1.003
488.398,0.999
488.428,1.000
488.458,1.008
488.488,1.004
488.518,1.013
488.548,1.004
488.578,1.000
488.608,0.984
488.638,0.987
488.668,1.000
488.698,1.015
488.728,1.013
488.758,1.001
488.788,1.004
488.818,0.997
488.848,0.985
488.878,0.985
488.908,1.010
488.938,1.024
488.968,1.000
488.998,1.007
489.028,1.013
489.058,1.001
489.088,1.015
489.118,1.018
489.148,1.009
489.178,1.011
489.208,1.002
489.238,0.992
489.268,1.010
489.298,1.022
489.328,1.011
489.358,1.001
489.388,1.004
489.418,1.006
489.448,1.018
489.478,1.013
489.508,1.021
489.538,1.033
489.568,1.003
489.598,1.008
489.628,1.017
489.658,1.001
489.688,0.955
489.718,0.964
489.748,1.021
489.778,1.002
489.808,0.977
489.838,1.000
489.868,0.974
489.898,0.974
489.928,0.990
489.958,0.990
489.988,0.981
490.018,1.000
490.048,1.027
490.078,1.003
490.108,0.972
490.138,1.009
490.168,0.994
490.198,1.017
490.228,1.009
490.258,1.007
490.288,1.009
490.318,1.015
490.348,1.031
490.378,1.024
490.408,1.026
490.438,1.021
490.468,1.006
490.498,1.022
490.528,1.026
490.558,1.019
490.588,1.004
490.618,1.030
490.648,1.028
490.678,1.026
490.708,1.026
490.738,1.020
490.768,1.016
490.798,1.012
490.828,1.020
490.858,1.019
490.888,1.024
490.918,1.016
490.948,1.021
490.978,1.019
491.008,1.015
491.038,1.019
491.068,1.010
491.098,1.012
491.128,1.017
491.158,1.017
491.188,1.016
491.218,1.019
491.248,1.012
491.278,1.021
491.308,1.023
491.338,1.012
491.368,1.005
491.398,1.006
491.428,1.011
491.458,1.015
491.488,1.015
491.518,1.014
491.548,1.021
491.578,1.010
491.608,1.002
491.638,1.010
491.668,1.012
491.698,1.010
491.728,0.996
491.758,1.016
491.788,1.010
491.818,1.009
491.848,1.001
491.878,1.003
491.908,1.010
491.938,1.008
491.968,0.998
491.998,1.011
492.028,1.021
492.058,1.006
492.088,0.992
492.118,1.018
492.148,1.025
492.178,1.009
492.208,1.001
492.238,1.013
492.268,1.010
492.298,1.005
492.328,1.006
492.358,0.993
492.388,0.994
492.418,1.023
492.448,1.021
492.478,1.009
492.508,1.020
492.538,1.016
492.568,1.018
492.598,1.016
492.628,1.013
492.658,1.014
492.688,1.011
492.718,1.010
492.748,1.009
492.778,1.010
492.808,0.997
492.838,1.008
492.868,1.010
492.898,1.014
492.928,1.016
492.958,1.013
492.988,1.010
493.018,1.010
493.048,1.011
493.078,1.011
493.108,0.998
493.138,1.012
493.168,1.014
493.198,1.017
493.228,1.015
493.258,1.006
493.288,1.011
493.318,1.007
493.348,1.009
493.378,1.011
493.408,1.012
493.438,1.010
493.468,1.016
493.498,1.007
493.528,1.002
493.558,1.013
493.588,1.010
493.618,0.989
493.648,1.003
493.678,1.002
493.708,0.999
493.738,1.002
493.768,0.999
493.798,0.997
493.828,0.993
493.858,1.003
493.888,0.999
493.918,0.999
493.948,1.010
493.978,1.004
494.008,1.001
494.038,1.011
494.068,1.005
494.098,0.998
494.128,0.996
494.158,1.001
494.188,1.000
494.218,1.004
494.248,0.999
494.278,1.001
494.308,0.998
494.338,0.999
494.368,1.002
494.398,1.001
494.428,1.004
494.458,1.010
494.488,1.004
494.518,1.000
494.548,1.006
494.578,1.003
494.608,0.992
494.638,1.015
494.668,0.998
494.698,1.001
494.728,1.014
494.758,1.005
494.788,0.999
494.818,0.998
494.848,1.008
494.878,1.001
494.908,1.002
494.938,1.009
494.968,1.001
494.998,1.009
495.028,1.005
495.058,1.002
495.088,1.004
495.118,1.004
495.148,0.995
495.178,1.004
495.208,1.012
495.238,1.002
495.268,1.000
