df_hash,22ZHK4.JN5XDQ
device,HZ2X61
project_hash,29R7
project_name,istanbul_aydin_university
person_hash,29R7.Z542
person_label,V150
date_time_start,2026-06-08_18-01-19.110000_+03
date_time_start_unix,1780923679.11
date_time_end,2026-06-08_18-21-11.009000_+03
length_difference_noticed,no

time,acc_mag
4.742,1.013
4.772,1.019
4.802,1.015
4.832,1.014
4.862,1.018
4.892,1.020
4.922,1.013
4.952,1.022
4.982,1.017
5.012,1.014
5.042,1.019
5.072,1.015
5.102,1.010
5.132,1.018
5.162,1.020
5.192,1.015
5.222,1.021
5.252,1.013
5.282,1.016
5.312,1.018
5.342,1.017
5.372,1.013
5.402,1.015
5.432,1.014
5.462,1.013
5.492,1.025
5.522,1.016
5.552,1.019
5.582,1.009
5.612,1.019
5.642,1.021
5.672,1.019
5.702,1.017
5.732,1.018
5.762,1.015
5.792,1.015
5.822,1.011
5.852,1.017
5.882,1.020
5.912,1.020
5.942,1.010
5.972,1.019
6.002,1.020
6.032,1.017
6.062,1.015
6.092,1.018
6.122,1.017
6.152,1.021
6.182,1.012
6.212,1.019
6.242,1.015
6.272,1.014
6.302,1.021
6.332,1.022
6.362,1.013
6.392,1.011
6.422,1.018
6.452,1.015
6.482,1.015
6.512,1.019
6.542,1.013
6.572,1.019
6.602,1.015
6.632,1.015
6.662,1.021
6.692,1.019
6.722,1.021
6.752,1.016
6.782,1.013
6.812,1.017
6.842,1.021
6.872,1.020
6.902,1.017
6.932,1.020
6.962,1.011
6.992,1.021
7.022,1.019
7.052,1.008
7.082,1.012
7.112,1.012
7.142,1.017
7.172,1.004
7.202,1.010
7.232,1.007
7.262,1.028
7.292,1.006
7.322,0.997
7.352,1.006
7.382,1.016
7.412,0.996
7.442,0.995
7.472,1.020
7.502,0.994
7.532,0.997
7.562,1.034
7.592,1.004
7.622,1.010
7.652,1.009
7.682,1.047
7.712,1.000
7.742,0.999
7.772,1.017
7.802,0.998
7.832,1.002
7.862,1.015
7.892,1.017
7.922,1.024
7.952,0.994
7.982,0.951
8.012,0.952
8.042,0.987
8.072,1.051
8.102,1.053
8.132,1.025
8.162,1.010
8.192,0.989
8.222,0.972
8.252,0.998
8.282,0.995
8.312,1.026
8.342,1.015
8.372,1.005
8.402,1.008
8.432,1.003
8.462,1.002
8.492,0.993
8.522,1.005
8.552,1.013
8.582,1.005
8.612,1.009
8.642,1.017
8.672,1.003
8.702,1.008
8.732,0.990
8.762,1.003
8.792,1.017
8.822,1.010
8.852,1.010
8.882,1.010
8.912,0.999
8.942,0.995
8.972,1.018
9.002,0.980
9.032,0.989
9.062,1.012
9.092,1.029
9.122,1.018
9.152,1.011
9.182,1.015
9.212,1.011
9.242,1.007
9.272,1.011
9.302,1.007
9.332,1.005
9.362,1.009
9.392,1.010
9.422,1.012
9.452,0.999
9.482,1.002
9.512,1.016
9.542,1.010
9.572,0.996
9.602,1.005
9.632,1.013
9.662,0.994
9.692,1.006
9.722,1.011
9.752,1.017
9.782,1.012
9.812,1.006
9.842,1.015
9.872,1.015
9.902,1.014
9.932,1.011
9.962,1.007
9.992,1.014
10.022,0.997
10.052,0.997
10.082,1.010
10.112,1.013
10.142,1.005
10.172,1.004
10.202,1.009
10.232,1.007
10.262,1.003
10.292,1.005
10.322,1.010
10.352,1.009
10.382,1.010
10.412,1.007
10.442,1.006
10.472,1.011
10.502,1.012
10.532,1.003
10.562,1.014
10.592,1.010
10.622,1.004
10.652,1.006
10.682,1.008
10.712,1.008
10.742,1.011
10.772,1.003
10.802,1.010
10.832,1.009
10.862,1.004
10.892,1.004
10.922,1.010
10.952,1.009
10.982,1.008
11.012,1.016
11.042,1.002
11.072,1.017
11.102,1.013
11.132,1.005
11.162,1.014
11.192,1.018
11.222,1.014
11.252,1.018
11.282,1.008
11.312,0.996
11.342,1.012
11.372,1.019
11.402,1.003
11.432,1.008
11.462,1.013
11.492,1.013
11.522,1.013
11.552,1.003
11.582,0.997
11.612,1.005
11.642,0.995
11.672,1.016
11.702,1.021
11.732,1.011
11.762,1.012
11.792,1.010
11.822,1.017
11.852,1.009
11.882,1.005
11.912,1.015
11.942,1.012
11.972,0.995
12.002,1.007
12.032,1.011
12.062,1.006
12.092,1.017
12.122,1.021
12.152,1.011
12.182,1.015
12.212,1.011
12.242,1.006
12.272,1.009
12.302,1.015
12.332,1.010
12.362,1.010
12.392,1.015
12.422,1.009
12.452,1.007
12.482,1.013
12.512,1.006
12.542,1.009
12.572,1.015
12.602,1.021
12.632,1.012
12.662,1.002
12.692,1.011
12.722,1.014
12.752,1.009
12.782,1.011
12.812,1.010
12.842,1.012
12.872,1.010
12.902,1.008
12.932,1.014
12.962,1.013
12.992,1.016
13.022,1.009
13.052,1.010
13.082,1.010
13.112,1.012
13.142,1.008
13.172,1.010
13.202,1.013
13.232,1.012
13.262,1.018
13.292,1.010
13.322,1.012
13.352,1.010
13.382,1.012
13.412,1.016
13.442,1.020
13.472,1.008
13.502,1.010
13.532,1.014
13.562,1.014
13.592,1.016
13.622,1.013
13.652,1.011
13.682,1.012
13.712,1.015
13.742,1.014
13.772,1.011
13.802,0.994
13.832,1.010
13.862,1.006
13.892,0.998
13.922,1.008
13.952,1.030
13.982,1.019
14.012,1.009
14.042,1.021
14.072,1.009
14.102,1.007
14.132,1.013
14.162,1.006
14.192,1.012
14.222,1.015
14.252,1.011
14.282,1.008
14.312,1.010
14.342,1.013
14.372,1.013
14.402,1.013
14.432,1.014
14.462,1.016
14.492,1.013
14.522,1.012
14.552,1.013
14.582,1.011
14.612,1.012
14.642,1.016
14.672,1.011
14.702,1.011
14.732,1.011
14.762,1.015
14.792,1.007
14.822,1.016
14.852,1.011
14.882,1.018
14.912,1.014
14.942,1.008
14.972,1.010
15.002,1.012
15.032,1.013
15.062,1.014
15.092,1.013
15.122,1.014
15.152,1.013
15.182,1.011
15.212,1.014
15.242,1.008
15.272,1.012
15.302,1.014
15.332,1.017
15.362,1.011
15.392,1.011
15.422,1.014
15.452,1.010
15.482,1.011
15.512,1.016
15.542,1.013
15.572,1.015
15.602,1.013
15.632,1.005
15.662,1.015
15.692,1.015
15.722,1.014
15.752,1.019
15.782,1.012
15.812,1.014
15.842,1.014
15.872,1.012
15.902,1.017
15.932,1.012
15.962,1.014
15.992,1.018
16.022,1.016
16.052,1.012
16.082,1.012
16.112,1.016
16.142,1.013
16.172,1.018
16.202,1.014
16.232,1.012
16.262,1.013
16.292,1.010
16.322,1.013
16.352,1.014
16.382,1.010
16.412,1.016
16.442,1.009
16.472,1.011
16.502,1.016
16.532,1.012
16.562,1.019
16.592,1.010
16.622,1.011
16.652,1.016
16.682,1.017
16.712,1.009
16.742,1.011
16.772,1.016
16.802,1.013
16.832,1.009
16.862,1.018
16.892,1.012
16.922,1.021
16.952,1.013
16.982,1.016
17.012,1.014
17.042,1.016
17.072,1.017
17.102,1.013
17.132,1.015
17.162,1.019
17.192,1.014
17.222,1.012
17.252,1.016
17.282,1.008
17.312,1.016
17.342,1.017
17.372,1.018
17.402,1.016
17.432,1.011
17.462,1.007
17.492,1.019
17.522,1.015
17.552,1.018
17.582,1.014
17.612,1.017
17.642,1.013
17.672,1.012
17.702,1.016
17.732,1.015
17.762,1.013
17.792,1.013
17.822,1.016
17.852,1.011
17.882,1.016
17.912,1.014
17.942,1.013
17.972,1.013
18.002,1.011
18.032,1.008
18.062,1.022
18.092,1.019
18.122,1.008
18.152,1.008
18.182,1.009
18.212,1.013
18.242,1.013
18.272,1.016
18.302,1.012
18.332,1.015
18.362,1.010
18.392,1.016
18.422,1.014
18.452,1.017
18.482,1.018
18.512,1.009
18.542,1.007
18.572,1.017
18.602,1.016
18.632,1.013
18.662,1.020
18.692,1.012
18.722,1.011
18.752,1.018
18.782,1.019
18.812,1.013
18.842,1.015
18.872,1.011
18.902,1.013
18.932,1.012
18.962,1.018
18.992,1.011
19.022,1.015
19.052,1.011
19.082,1.016
19.112,1.016
19.142,1.016
19.172,1.018
19.202,1.013
19.232,1.015
19.262,1.013
19.292,1.016
19.322,1.018
19.352,1.013
19.382,1.012
19.412,1.015
19.442,1.019
19.472,1.017
19.502,1.014
19.532,1.011
19.562,1.011
19.592,1.015
19.622,1.020
19.652,1.009
19.682,1.015
19.712,1.014
19.742,1.017
19.772,1.016
19.802,1.011
19.832,1.013
19.862,1.017
19.892,1.009
19.922,1.009
19.952,1.018
19.982,1.019
20.012,1.016
20.042,1.014
20.072,1.012
20.102,1.013
20.132,1.022
20.162,1.017
20.192,1.013
20.222,1.004
20.252,1.017
20.282,1.015
20.312,1.018
20.342,1.014
20.372,1.011
20.402,1.021
20.432,1.012
20.462,1.007
20.492,1.015
20.522,1.014
20.552,1.014
20.582,1.014
20.612,1.013
20.642,1.017
20.672,1.010
20.702,1.012
20.732,1.014
20.762,1.012
20.792,1.018
20.822,1.021
20.852,1.011
20.882,1.013
20.912,1.015
20.942,1.015
20.972,1.012
21.002,1.010
21.032,1.021
21.062,1.016
21.092,1.011
21.122,1.013
21.152,1.015
21.182,1.011
21.212,1.015
21.242,1.017
21.272,1.009
21.302,1.013
21.332,1.017
21.362,1.014
21.392,1.014
21.422,1.019
21.452,1.021
21.482,1.015
21.512,1.009
21.542,1.008
21.572,1.011
21.602,1.021
21.632,1.019
21.662,1.003
21.692,1.013
21.722,1.017
21.752,1.015
21.782,1.021
21.812,1.010
21.842,1.016
21.872,1.019
21.902,1.018
21.932,1.021
21.962,1.016
21.992,1.021
22.022,1.015
22.052,1.016
22.082,1.026
22.112,1.014
22.142,1.021
22.172,1.018
22.202,1.013
22.232,1.010
22.262,1.014
22.292,1.016
22.322,1.013
22.352,1.014
22.382,1.021
22.412,1.017
22.442,1.016
22.472,1.017
22.502,1.016
22.532,1.014
22.562,1.014
22.592,1.019
22.622,1.020
22.652,1.015
22.682,1.021
22.712,1.012
22.742,1.017
22.772,1.017
22.802,1.015
22.832,1.012
22.862,1.021
22.892,1.015
22.922,1.018
22.952,1.010
22.982,1.018
23.012,1.020
23.042,1.018
23.072,1.021
23.102,1.024
23.132,1.011
23.162,1.012
23.192,1.024
23.222,1.018
23.252,1.011
23.282,1.022
23.312,1.020
23.342,1.015
23.372,1.015
23.402,1.014
23.432,1.012
23.462,1.018
23.492,1.020
23.522,1.021
23.552,1.019
23.582,1.014
23.612,1.008
23.642,1.017
23.672,1.016
23.702,1.023
23.732,1.013
23.762,1.017
23.792,1.012
23.822,1.017
23.852,1.020
23.882,1.015
23.912,1.018
23.942,1.015
23.972,1.013
24.002,1.015
24.032,1.020
24.062,1.016
24.092,1.019
24.122,1.017
24.152,1.004
24.182,1.016
24.212,1.015
24.242,1.021
24.272,1.015
24.302,1.014
24.332,1.018
24.362,1.020
24.392,1.017
24.422,1.023
24.452,1.013
24.482,1.017
24.512,1.016
24.542,1.009
24.572,1.019
24.602,1.021
24.632,1.015
24.662,1.016
24.692,1.015
24.722,1.014
24.752,1.017
24.782,1.017
24.812,1.015
24.842,1.019
24.872,1.019
24.902,1.013
24.932,1.021
24.962,1.019
24.992,1.010
25.022,1.016
25.052,1.016
25.082,1.012
25.112,1.019
25.142,1.021
25.172,1.014
25.202,1.021
25.232,1.016
25.262,1.012
25.292,1.019
25.322,1.017
25.352,1.013
25.382,1.009
25.412,1.015
25.442,1.020
25.472,1.021
25.502,1.017
25.532,1.021
25.562,1.006
25.592,1.010
25.622,1.019
25.652,1.021
25.682,1.018
25.712,1.017
25.742,1.014
25.772,1.016
25.802,1.014
25.832,1.020
25.862,1.015
25.892,1.021
25.922,1.019
25.952,1.014
25.982,1.015
26.012,1.014
26.042,1.015
26.072,1.015
26.102,1.015
26.132,1.018
26.162,1.016
26.192,1.017
26.222,1.015
26.252,1.011
26.282,1.015
26.312,1.016
26.342,1.021
26.372,1.015
26.402,1.008
26.432,1.013
26.462,1.015
26.492,1.017
26.522,1.021
26.552,1.012
26.582,1.017
26.612,1.016
26.642,1.009
26.672,1.016
26.702,1.016
26.732,1.016
26.762,1.014
26.792,1.011
26.822,1.018
26.852,1.015
26.882,1.014
26.912,1.020
26.942,1.015
26.972,1.012
27.002,1.017
27.032,1.017
27.062,1.014
27.092,1.014
27.122,1.019
27.152,1.016
27.182,1.013
27.212,1.023
27.242,1.013
27.272,1.019
27.302,1.016
27.332,1.017
27.362,1.017
27.392,1.016
27.422,1.016
27.452,1.016
27.482,1.016
27.512,1.018
27.542,1.016
27.572,1.016
27.602,1.021
27.632,1.012
27.662,1.012
27.692,1.020
27.722,1.020
27.752,1.015
27.782,1.014
27.812,1.012
27.842,1.014
27.872,1.018
27.902,1.022
27.932,1.010
27.962,1.022
27.992,1.016
28.022,1.013
28.052,1.018
28.082,1.018
28.112,1.013
28.142,1.019
28.172,1.018
28.202,1.015
28.232,1.025
28.262,1.020
28.292,1.004
28.322,1.016
28.352,1.011
28.382,1.005
28.412,1.024
28.442,1.023
28.472,1.020
28.502,1.014
28.532,1.012
28.562,1.012
28.592,1.015
28.622,1.022
28.652,1.019
28.682,1.017
28.712,1.016
28.742,1.016
28.772,1.017
28.802,1.013
28.832,1.009
28.862,1.018
28.892,1.019
28.922,1.014
28.952,1.017
28.982,1.020
29.012,1.016
29.042,1.011
29.072,1.015
29.102,1.016
29.132,1.019
29.162,1.017
29.192,1.011
29.222,1.013
29.252,1.014
29.282,1.020
29.312,1.009
29.342,1.020
29.372,1.017
29.402,1.015
29.432,1.014
29.462,1.021
29.492,1.015
29.522,1.015
29.552,1.020
29.582,1.015
29.612,1.010
29.642,1.021
29.672,1.021
29.702,1.016
29.732,1.024
29.762,1.012
29.792,1.012
29.822,1.021
29.852,1.021
29.882,1.017
29.912,1.015
29.942,1.015
29.972,1.015
30.002,1.016
30.032,1.022
30.062,1.015
30.092,1.020
30.122,1.017
30.152,1.009
30.182,1.018
30.212,1.016
30.242,1.014
30.272,1.018
30.302,1.017
30.332,1.015
30.362,1.018
30.392,1.021
30.422,1.013
30.452,1.017
30.482,1.016
30.512,1.017
30.542,1.021
30.572,1.017
30.602,1.015
30.632,1.015
30.662,1.013
30.692,1.017
30.722,1.020
30.752,1.011
30.782,1.016
30.812,1.021
30.842,1.009
30.872,1.013
30.902,1.021
30.932,1.018
30.962,1.017
30.992,1.015
31.022,1.014
31.052,1.015
31.082,1.018
31.112,1.018
31.142,1.020
31.172,1.018
31.202,1.014
31.232,1.018
31.262,1.025
31.292,1.012
31.322,1.010
31.352,1.019
31.382,1.015
31.412,1.017
31.442,1.021
31.472,1.016
31.502,1.019
31.532,1.015
31.562,1.011
31.592,1.017
31.622,1.018
31.652,1.015
31.682,1.021
31.712,1.016
31.742,1.016
31.772,1.017
31.802,1.018
31.832,1.016
31.862,1.017
31.892,1.013
31.922,1.017
31.952,1.023
31.982,1.020
32.012,1.013
32.042,1.014
32.072,1.016
32.102,1.019
32.132,1.021
32.162,1.018
32.192,1.015
32.222,1.015
32.252,1.013
32.282,1.019
32.312,1.015
32.342,1.019
32.372,1.017
32.402,1.017
32.432,1.015
32.462,1.017
32.492,1.020
32.522,1.016
32.552,1.022
32.582,1.015
32.612,1.012
32.642,1.021
32.672,1.019
32.702,1.015
32.732,1.013
32.762,1.014
32.792,1.019
32.822,1.018
32.852,1.020
32.882,1.015
32.912,1.020
32.942,1.016
32.972,1.015
33.002,1.018
33.032,1.017
33.062,1.018
33.092,1.019
33.122,1.017
33.152,1.015
33.182,1.016
33.212,1.015
33.242,1.021
33.272,1.009
33.302,1.015
33.332,1.019
33.362,1.021
33.392,1.015
33.422,1.016
33.452,1.018
33.482,1.014
33.512,1.016
33.542,1.023
33.572,1.016
33.602,1.019
33.632,1.017
33.662,1.019
33.692,1.012
33.722,1.020
33.752,1.021
33.782,1.019
33.812,1.016
33.842,1.016
33.872,1.016
33.902,1.015
33.932,1.019
33.962,1.019
33.992,1.013
34.022,1.015
34.052,1.019
34.082,1.021
34.112,1.024
34.142,1.015
34.172,1.015
34.202,1.015
34.232,1.008
34.262,1.018
34.292,1.024
34.322,1.013
34.352,1.015
34.382,1.019
34.412,1.016
34.442,1.015
34.472,1.018
34.502,1.018
34.532,1.016
34.562,1.013
34.592,1.016
34.622,1.019
34.652,1.021
34.682,1.019
34.712,1.013
34.742,1.016
34.772,1.012
34.802,1.018
34.832,1.025
34.862,1.021
34.892,1.013
34.922,1.013
34.952,1.012
34.982,1.017
35.012,1.022
35.042,1.011
35.072,1.019
35.102,1.019
35.132,1.011
35.162,1.021
35.192,1.018
35.222,1.017
35.252,1.016
35.282,1.018
35.312,1.017
35.342,1.017
35.372,1.018
35.402,1.022
35.432,1.016
35.462,1.019
35.492,1.014
35.522,1.017
35.552,1.024
35.582,1.016
35.612,1.016
35.642,1.019
35.672,1.014
35.702,1.013
35.732,1.018
35.762,1.019
35.792,1.014
35.822,1.022
35.852,1.013
35.882,1.015
35.912,1.021
35.942,1.019
35.972,1.017
36.002,1.016
36.032,1.016
36.062,1.014
36.092,1.018
36.122,1.019
36.152,1.019
36.182,1.015
36.212,1.017
36.242,1.013
36.272,1.017
36.302,1.023
36.332,1.021
36.362,1.013
36.392,1.016
36.422,1.015
36.452,1.016
36.482,1.018
36.512,1.021
36.542,1.016
36.572,1.019
36.602,1.015
36.632,1.015
36.662,1.017
36.692,1.017
36.722,1.017
36.752,1.015
36.782,1.015
36.812,1.014
36.842,1.017
36.872,1.020
36.902,1.015
36.932,1.013
36.962,1.013
36.992,1.020
37.022,1.024
37.052,1.021
37.082,1.012
37.112,1.015
37.142,1.014
37.172,1.014
37.202,1.016
37.232,1.019
37.262,1.017
37.292,1.018
37.322,1.014
37.352,1.017
37.382,1.021
37.412,1.021
37.442,1.016
37.472,1.015
37.502,1.017
37.532,1.016
37.562,1.019
37.592,1.020
37.622,1.016
37.652,1.018
37.682,1.014
37.712,1.020
37.742,1.014
37.772,1.015
37.802,1.017
37.832,1.019
37.862,1.017
37.892,1.017
37.922,1.016
37.952,1.015
37.982,1.017
38.012,1.012
38.042,1.018
38.072,1.021
38.102,1.017
38.132,1.019
38.162,1.027
38.192,1.023
38.222,1.012
38.252,1.021
38.282,1.016
38.312,1.001
38.342,1.010
38.372,1.031
38.402,1.020
38.432,1.015
38.462,1.028
38.492,1.021
38.522,1.004
38.552,1.004
38.582,1.016
38.612,0.994
38.642,1.023
38.672,1.033
38.702,1.012
38.732,1.029
38.762,1.028
38.792,1.039
38.822,1.006
38.852,1.003
38.882,1.027
38.912,1.021
38.942,1.013
38.972,1.027
39.002,1.022
39.032,0.994
39.062,1.024
39.092,1.011
39.122,1.006
39.152,1.011
39.182,1.017
39.212,1.019
39.242,1.021
39.272,1.010
39.302,1.021
39.332,1.026
39.362,1.009
39.392,1.028
39.422,1.011
39.452,1.008
39.482,1.007
39.512,1.011
39.542,1.015
39.572,0.998
39.602,1.027
39.632,1.033
39.662,1.038
39.692,1.020
39.722,1.028
39.752,0.999
39.782,1.021
39.812,1.002
39.842,1.007
39.872,1.030
39.902,1.026
39.932,1.008
39.962,0.995
39.992,1.010
40.022,1.041
40.052,1.009
40.082,1.009
40.112,1.027
40.142,1.004
40.172,1.014
40.202,1.019
40.232,1.007
40.262,1.033
40.292,1.012
40.322,1.017
40.352,1.018
40.382,1.011
40.412,1.028
40.442,1.010
40.472,1.024
40.502,1.024
40.532,1.012
40.562,1.009
40.592,1.035
40.622,1.006
40.652,0.993
40.682,1.033
40.712,1.018
40.742,1.017
40.772,1.015
40.802,0.993
40.832,1.020
40.862,1.022
40.892,1.025
40.922,1.031
40.952,1.016
40.982,1.041
41.012,1.023
41.042,1.013
41.072,0.993
41.102,1.033
41.132,1.021
41.162,0.994
41.192,1.030
41.222,1.019
41.252,1.006
41.282,1.035
41.312,1.001
41.342,1.014
41.372,1.016
41.402,1.001
41.432,1.017
41.462,1.031
41.492,0.980
41.522,1.024
41.552,1.002
41.582,1.030
41.612,1.018
41.642,0.992
41.672,1.007
41.702,1.030
41.732,1.027
41.762,1.019
41.792,0.992
41.822,1.021
41.852,1.025
41.882,1.000
41.912,1.007
41.942,1.029
41.972,1.024
42.002,1.016
42.032,1.008
42.062,1.004
42.092,1.021
42.122,1.015
42.152,1.012
42.182,1.018
42.212,1.021
42.242,1.003
42.272,1.005
42.302,1.018
42.332,1.024
42.362,1.018
42.392,1.013
42.422,1.017
42.452,1.013
42.482,1.010
42.512,1.017
42.542,1.012
42.572,1.016
42.602,1.021
42.632,1.011
42.662,1.007
42.692,1.011
42.722,1.030
42.752,1.004
42.782,1.016
42.812,1.015
42.842,1.016
42.872,1.019
42.902,1.012
42.932,1.014
42.962,1.017
42.992,0.958
43.022,1.042
43.052,1.027
43.082,1.032
43.112,1.029
43.142,1.033
43.172,0.994
43.202,0.986
43.232,1.013
43.262,1.020
43.292,1.015
43.322,1.010
43.352,1.020
43.382,1.001
43.412,1.000
43.442,1.018
43.472,1.017
43.502,1.021
43.532,1.018
43.562,1.015
43.592,1.019
43.622,1.018
43.652,0.988
43.682,1.021
43.712,1.009
43.742,1.008
43.772,1.022
43.802,1.019
43.832,0.998
43.862,0.998
43.892,0.998
43.922,1.021
43.952,1.025
43.982,1.060
44.012,1.009
44.042,0.993
44.072,1.014
44.102,1.007
44.132,0.996
44.162,1.006
44.192,1.029
44.222,1.089
44.252,1.019
44.282,1.064
44.312,0.989
44.342,1.006
44.372,0.967
44.402,1.019
44.432,0.977
44.462,1.033
44.492,0.994
44.522,1.034
44.552,1.012
44.582,1.037
44.612,1.008
44.642,1.020
44.672,1.034
44.702,1.082
44.732,0.982
44.762,1.019
44.792,1.000
44.822,1.021
44.852,1.056
44.882,0.996
44.912,1.020
44.942,1.021
44.972,0.997
45.002,1.031
45.032,1.045
45.062,1.018
45.092,1.015
45.122,1.044
45.152,1.038
45.182,1.013
45.212,1.020
45.242,1.026
45.272,1.016
45.302,1.025
45.332,1.020
45.362,1.021
45.392,1.028
45.422,1.032
45.452,1.016
45.482,1.013
45.512,1.020
45.542,1.020
45.572,1.014
45.602,1.024
45.632,1.031
45.662,1.032
45.692,1.029
45.722,1.016
45.752,1.020
45.782,1.022
45.812,1.022
45.842,1.019
45.872,1.019
45.902,1.026
45.932,1.025
45.962,1.025
45.992,1.031
46.022,1.025
46.052,1.024
46.082,1.019
46.112,1.021
46.142,1.015
46.172,1.024
46.202,1.022
46.232,1.011
46.262,1.029
46.292,1.024
46.322,1.023
46.352,1.022
46.382,1.027
46.412,1.023
46.442,1.015
46.472,1.028
46.502,1.022
46.532,1.019
46.562,1.026
46.592,1.015
46.622,1.040
46.652,1.017
46.682,1.020
46.712,1.022
46.742,1.025
46.772,1.021
46.802,1.023
46.832,1.039
46.862,1.021
46.892,1.024
46.922,1.024
46.952,1.023
46.982,1.026
47.012,1.025
47.042,1.023
47.072,1.033
47.102,1.023
47.132,1.021
47.162,1.015
47.192,1.020
47.222,1.026
47.252,1.018
47.282,1.020
47.312,1.020
47.342,1.025
47.372,1.019
47.402,1.021
47.432,1.018
47.462,1.020
47.492,1.017
47.522,1.018
47.552,1.021
47.582,1.023
47.612,1.021
47.642,1.028
47.672,1.024
47.702,1.017
47.732,1.021
47.762,1.025
47.792,1.016
47.822,1.019
47.852,1.028
47.882,1.025
47.912,1.022
47.942,1.027
47.972,1.022
48.002,1.010
48.032,1.003
48.062,1.015
48.092,1.049
48.122,1.035
48.152,1.025
48.182,1.021
48.212,1.013
48.242,1.010
48.272,1.021
48.302,1.022
48.332,1.026
48.362,1.027
48.392,1.026
48.422,1.019
48.452,1.018
48.482,1.023
48.512,1.019
48.542,1.015
48.572,1.016
48.602,1.019
48.632,1.022
48.662,1.021
48.692,1.019
48.722,1.024
48.752,1.021
48.782,1.023
48.812,1.026
48.842,1.018
48.872,1.023
48.902,1.030
48.932,1.023
48.962,1.016
48.992,1.024
49.022,1.019
49.052,1.015
49.082,1.048
49.112,1.011
49.142,1.021
49.172,1.026
49.202,1.022
49.232,1.026
49.262,1.024
49.292,1.021
49.322,1.017
49.352,1.023
49.382,1.021
49.412,1.029
49.442,1.016
49.472,1.024
49.502,1.017
49.532,1.023
49.562,1.021
49.592,1.024
49.622,1.015
49.652,1.083
49.682,1.009
49.712,1.013
49.742,1.027
49.772,1.014
49.802,1.019
49.832,1.019
49.862,1.021
49.892,1.019
49.922,1.029
49.952,1.013
49.982,1.011
50.012,1.014
50.042,1.023
50.072,1.021
50.102,1.014
50.132,1.020
50.162,1.023
50.192,1.013
50.222,1.023
50.252,1.026
50.282,1.017
50.312,1.021
50.342,1.019
50.372,1.019
50.402,1.016
50.432,1.021
50.462,1.019
50.492,1.019
50.522,1.013
50.552,1.023
50.582,1.020
50.612,1.020
50.642,1.028
50.672,1.018
50.702,1.018
50.732,1.017
50.762,1.020
50.792,1.020
50.822,1.018
50.852,1.025
50.882,1.023
50.912,1.031
50.942,1.020
50.972,0.987
51.002,1.013
51.032,1.013
51.062,1.026
51.092,1.037
51.122,1.005
51.152,1.028
51.182,1.035
51.212,0.968
51.242,1.029
51.272,1.053
51.302,1.016
51.332,0.977
51.362,1.039
51.392,1.024
51.422,0.958
51.452,1.044
51.482,1.059
51.512,0.958
51.542,1.037
51.572,1.064
51.602,0.936
51.632,1.061
51.662,1.095
51.692,1.015
51.722,1.053
51.752,1.036
51.782,0.991
51.812,1.001
51.842,1.004
51.872,1.006
51.902,1.013
51.932,1.009
51.962,1.039
51.992,1.021
52.022,1.011
52.052,1.015
52.082,1.011
52.112,1.019
52.142,1.049
52.172,1.029
52.202,1.001
52.232,1.023
52.262,1.017
52.292,1.021
52.322,1.031
52.352,1.017
52.382,1.021
52.412,1.021
52.442,1.019
52.472,1.021
52.502,1.028
52.532,1.021
52.562,1.021
52.592,1.020
52.622,1.019
52.652,1.019
52.682,1.022
52.712,1.018
52.742,1.016
52.772,1.018
52.802,1.021
52.832,1.024
52.862,1.023
52.892,1.024
52.922,1.017
52.952,1.019
52.982,1.025
53.012,1.018
53.042,1.016
53.072,1.026
53.102,1.023
53.132,1.018
53.162,1.023
53.192,1.023
53.222,1.022
53.252,1.020
53.282,1.022
53.312,1.019
53.342,1.020
53.372,1.023
53.402,1.017
53.432,1.021
53.462,1.023
53.492,1.025
53.522,1.020
53.552,1.025
53.582,1.026
53.612,1.017
53.642,1.022
53.672,1.021
53.702,1.020
53.732,1.016
53.762,1.028
53.792,1.019
53.822,1.026
53.852,1.023
53.882,1.016
53.912,1.021
53.942,1.019
53.972,1.023
54.002,1.017
54.032,1.021
54.062,1.021
54.092,1.024
54.122,1.026
54.152,1.018
54.182,1.021
54.212,1.024
54.242,1.028
54.272,1.017
54.302,1.021
54.332,1.021
54.362,1.020
54.392,1.020
54.422,1.021
54.452,1.018
54.482,1.024
54.512,1.025
54.542,1.016
54.572,1.020
54.602,1.021
54.632,1.022
54.662,1.021
54.692,1.019
54.722,1.018
54.752,1.022
54.782,1.023
54.812,1.019
54.842,1.025
54.872,1.016
54.902,1.019
54.932,1.029
54.962,1.024
54.992,1.017
55.022,1.020
55.052,1.021
55.082,1.019
55.112,1.021
55.142,1.023
55.172,1.019
55.202,1.023
55.232,1.018
55.262,1.023
55.292,1.024
55.322,1.021
55.352,1.011
55.382,1.020
55.412,1.021
55.442,1.020
55.472,1.018
55.502,1.019
55.532,1.021
55.562,1.017
55.592,1.025
55.622,1.022
55.652,1.022
55.682,1.016
55.712,1.021
55.742,1.018
55.772,1.022
55.802,1.020
55.832,1.017
55.862,1.010
55.892,1.021
55.922,1.021
55.952,1.021
55.982,1.023
56.012,1.021
56.042,1.019
56.072,1.019
56.102,1.018
56.132,1.016
56.162,1.019
56.192,1.019
56.222,1.029
56.252,1.016
56.282,1.023
56.312,1.029
56.342,1.025
56.372,1.007
56.402,1.011
56.432,1.014
56.462,1.021
56.492,1.023
56.522,1.024
56.552,1.023
56.582,1.026
56.612,1.024
56.642,1.012
56.672,1.015
56.702,1.022
56.732,1.023
56.762,1.022
56.792,1.017
56.822,1.013
56.852,1.015
56.882,1.018
56.912,1.030
56.942,1.014
56.972,1.013
57.002,1.026
57.032,1.026
57.062,1.014
57.092,1.008
57.122,1.021
57.152,1.023
57.182,1.014
57.212,1.021
57.242,1.021
57.272,1.025
57.302,1.017
57.332,1.021
57.362,1.027
57.392,1.016
57.422,1.015
57.452,1.021
57.482,1.015
57.512,1.020
57.542,1.019
57.572,1.015
57.602,1.021
57.632,1.021
57.662,1.019
57.692,1.024
57.722,1.021
57.752,1.012
57.782,1.011
57.812,1.023
57.842,1.024
57.872,1.009
57.902,1.026
57.932,1.011
57.962,1.027
57.992,1.034
58.022,1.020
58.052,1.008
58.082,1.013
58.112,1.013
58.142,1.023
58.172,1.028
58.202,1.023
58.232,1.020
58.262,1.057
58.292,1.004
58.322,0.995
58.352,1.032
58.382,1.023
58.412,1.007
58.442,1.008
58.472,1.026
58.502,1.029
58.532,1.030
58.562,1.024
58.592,1.020
58.622,1.002
58.652,1.022
58.682,1.021
58.712,1.022
58.742,1.019
58.772,1.026
58.802,1.026
58.832,1.015
58.862,1.017
58.892,1.022
58.922,1.022
58.952,1.021
58.982,1.032
59.012,1.013
59.042,1.021
59.072,1.021
59.102,1.021
59.132,1.020
59.162,1.018
59.192,1.021
59.222,1.021
59.252,1.015
59.282,1.025
59.312,1.021
59.342,1.028
59.372,1.023
59.402,1.018
59.432,1.022
59.462,1.021
59.492,1.021
59.522,1.022
59.552,1.023
59.582,1.015
59.612,1.017
59.642,1.022
59.672,1.023
59.702,1.018
59.732,1.020
59.762,1.011
59.792,1.018
59.822,1.026
59.852,1.019
59.882,1.017
59.912,1.022
59.942,1.020
59.972,1.022
60.002,1.021
60.032,1.020
60.062,1.020
60.092,1.021
60.122,1.021
60.152,1.020
60.182,1.020
60.212,1.021
60.242,1.020
60.272,1.015
60.302,1.019
60.332,1.017
60.362,1.021
60.392,1.021
60.422,1.019
60.452,1.021
60.482,1.024
60.512,1.021
60.542,1.022
60.572,1.026
60.602,1.021
60.632,1.017
60.662,1.019
60.692,1.024
60.722,1.019
60.752,1.024
60.782,1.021
60.812,1.023
60.842,1.021
60.872,1.021
60.902,1.020
60.932,1.021
60.962,1.019
60.992,1.018
61.022,1.021
61.052,1.019
61.082,1.016
61.112,1.024
61.142,1.023
61.172,1.018
61.202,1.021
61.232,1.020
61.262,1.021
61.292,1.029
61.322,1.022
61.352,1.019
61.382,1.019
61.412,1.022
61.442,1.021
61.472,1.017
61.502,1.019
61.532,1.021
61.562,1.027
61.592,1.016
61.622,1.021
61.652,1.024
61.682,1.021
61.712,1.018
61.742,1.019
61.772,1.021
61.802,1.016
61.832,1.020
61.862,1.025
61.892,1.023
61.922,1.021
61.952,1.021
61.982,1.013
62.012,1.019
62.042,1.026
62.072,1.028
62.102,1.017
62.132,1.018
62.162,1.020
62.192,1.016
62.222,1.021
62.252,1.033
62.282,1.021
62.312,1.020
62.342,1.020
62.372,1.019
62.402,1.022
62.432,1.019
62.462,1.020
62.492,1.021
62.522,1.017
62.552,1.020
62.582,1.022
62.612,1.023
62.642,1.021
62.672,1.021
62.702,1.017
62.732,1.018
62.762,1.021
62.792,1.020
62.822,1.023
62.852,1.021
62.882,1.014
62.912,1.018
62.942,1.021
62.972,1.021
63.002,1.014
63.032,1.021
63.062,1.022
63.092,1.019
63.122,1.019
63.152,1.026
63.182,1.020
63.212,1.021
63.242,1.021
63.272,1.020
63.302,1.020
63.332,1.020
63.362,1.021
63.392,1.022
63.422,1.021
63.452,1.015
63.482,1.019
63.512,1.022
63.542,1.022
63.572,1.023
63.602,1.017
63.632,1.016
63.662,1.021
63.692,1.021
63.722,1.022
63.752,1.022
63.782,1.020
63.812,1.020
63.842,1.017
63.872,1.022
63.902,1.021
63.932,1.021
63.962,1.022
63.992,1.015
64.022,1.016
64.052,1.021
64.082,1.021
64.112,1.018
64.142,1.026
64.172,1.014
64.202,1.014
64.232,1.029
64.262,1.029
64.292,1.019
64.322,1.017
64.352,1.020
64.382,1.020
64.412,1.020
64.442,1.025
64.472,1.019
64.502,1.023
64.532,1.021
64.562,1.021
64.592,1.023
64.622,1.021
64.652,1.022
64.682,1.020
64.712,1.020
64.742,1.016
64.772,1.017
64.802,1.021
64.832,1.022
64.862,1.025
64.892,1.024
64.922,1.015
64.952,1.021
64.982,1.029
65.012,1.022
65.042,1.016
65.072,1.011
65.102,1.022
65.132,1.021
65.162,1.014
65.192,1.021
65.222,1.024
65.252,1.013
65.282,1.017
65.312,1.021
65.342,1.027
65.372,1.021
65.402,1.018
65.432,1.017
65.462,1.017
65.492,1.021
65.522,1.021
65.552,1.022
65.582,1.024
65.612,1.021
65.642,1.014
65.672,1.020
65.702,1.029
65.732,1.021
65.762,1.016
65.792,1.020
65.822,1.020
65.852,1.020
65.882,1.023
65.912,1.022
65.942,1.023
65.972,1.024
66.002,1.018
66.032,1.023
66.062,1.021
66.092,1.024
66.122,1.020
66.152,1.018
66.182,1.019
66.212,1.022
66.242,1.021
66.272,1.020
66.302,1.027
66.332,1.010
66.362,1.018
66.392,1.025
66.422,1.022
66.452,1.022
66.482,1.019
66.512,1.018
66.542,1.021
66.572,1.023
66.602,1.029
66.632,1.016
66.662,1.021
66.692,1.022
66.722,1.021
66.752,1.021
66.782,1.021
66.812,1.020
66.842,1.024
66.872,1.017
66.902,1.017
66.932,1.019
66.962,1.021
66.992,1.022
67.022,1.018
67.052,1.025
67.082,1.016
67.112,1.020
67.142,1.024
67.172,1.028
67.202,1.019
67.232,1.022
67.262,1.015
67.292,1.018
67.322,1.020
67.352,1.026
67.382,1.020
67.412,1.024
67.442,1.022
67.472,1.014
67.502,1.024
67.532,1.021
67.562,1.021
67.592,1.019
67.622,1.023
67.652,1.023
67.682,1.021
67.712,1.021
67.742,1.021
67.772,1.019
67.802,1.017
67.832,1.017
67.862,1.020
67.892,1.025
67.922,1.021
67.952,1.017
67.982,1.020
68.012,1.020
68.042,1.021
68.072,1.020
68.102,1.024
68.132,1.020
68.162,1.022
68.192,1.020
68.222,1.021
68.252,1.022
68.282,1.021
68.312,1.021
68.342,1.019
68.372,1.020
68.402,1.021
68.432,1.022
68.462,1.021
68.492,1.028
68.522,1.019
68.552,1.019
68.582,1.024
68.612,1.024
68.642,1.017
68.672,1.021
68.702,1.017
68.732,1.018
68.762,1.024
68.792,1.023
68.822,1.016
68.852,1.024
68.882,1.020
68.912,1.019
68.942,1.020
68.972,1.017
69.002,1.023
69.032,1.021
69.062,1.017
69.092,1.017
69.122,1.021
69.152,1.021
69.182,1.023
69.212,1.024
69.242,1.020
69.272,1.021
69.302,1.026
69.332,1.019
69.362,1.019
69.392,1.017
69.422,1.017
69.452,1.021
69.482,1.024
69.512,1.015
69.542,1.021
69.572,1.025
69.602,1.017
69.632,1.021
69.662,1.024
69.692,1.020
69.722,1.022
69.752,1.023
69.782,1.017
69.812,1.018
69.842,1.022
69.872,1.023
69.902,1.021
69.932,1.014
69.962,1.024
69.992,1.033
70.022,1.021
70.052,1.013
70.082,1.019
70.112,1.021
70.142,1.024
70.172,1.018
70.202,1.017
70.232,1.021
70.262,1.023
70.292,1.015
70.322,1.021
70.352,1.024
70.382,1.020
70.412,1.021
70.442,1.019
70.472,1.021
70.502,1.023
70.532,1.021
70.562,1.024
70.592,1.022
70.622,1.016
70.652,1.020
70.682,1.027
70.712,1.022
70.742,1.015
70.772,1.016
70.802,1.021
70.832,1.023
70.862,1.021
70.892,1.017
70.922,1.023
70.952,1.024
70.982,1.016
71.012,1.019
71.042,1.023
71.072,1.021
71.102,1.019
71.132,1.020
71.162,1.015
71.192,1.019
71.222,1.024
71.252,1.021
71.282,1.029
71.312,1.011
71.342,1.013
71.372,1.027
71.402,1.021
71.432,1.017
71.462,1.021
71.492,1.019
71.522,1.019
71.552,1.021
71.582,1.024
71.612,1.016
71.642,1.024
71.672,1.022
71.702,1.018
71.732,1.021
71.762,1.021
71.792,1.017
71.822,1.023
71.852,1.023
71.882,1.021
71.912,1.020
71.942,1.025
71.972,1.021
72.002,1.021
72.032,1.026
72.062,1.019
72.092,1.019
72.122,1.028
72.152,1.023
72.182,1.019
72.212,1.018
72.242,1.018
72.272,1.020
72.302,1.021
72.332,1.024
72.362,1.018
72.392,1.023
72.422,1.021
72.452,1.018
72.482,1.024
72.512,1.017
72.542,1.019
72.572,1.021
72.602,1.017
72.632,1.015
72.662,1.025
72.692,1.023
72.722,1.019
72.752,1.021
72.782,1.017
72.812,1.020
72.842,1.026
72.872,1.027
72.902,1.019
72.932,1.012
72.962,1.018
72.992,1.021
73.022,1.024
73.052,1.025
73.082,1.019
73.112,1.024
73.142,1.020
73.172,1.020
73.202,1.021
73.232,1.022
73.262,1.021
73.292,1.020
73.322,1.021
73.352,1.019
73.382,1.020
73.412,1.023
73.442,1.021
73.472,1.025
73.502,1.017
73.532,1.021
73.562,1.027
73.592,1.025
73.622,1.021
73.652,1.020
73.682,1.019
73.712,1.019
73.742,1.018
73.772,1.026
73.802,1.019
73.832,1.025
73.862,1.019
73.892,1.021
73.922,1.021
73.952,1.019
73.982,1.023
74.012,1.021
74.042,1.021
74.072,1.018
74.102,1.021
74.132,1.026
74.162,1.020
74.192,1.026
74.222,1.016
74.252,1.025
74.282,1.021
74.312,1.025
74.342,1.021
74.372,1.019
74.402,1.017
74.432,1.018
74.462,1.028
74.492,1.023
74.522,1.016
74.552,1.025
74.582,1.022
74.612,1.017
74.642,1.025
74.672,1.023
74.702,1.020
74.732,1.021
74.762,1.019
74.792,1.016
74.822,1.022
74.852,1.026
74.882,1.022
74.912,1.019
74.942,1.015
74.972,1.016
75.002,1.026
75.032,1.024
75.062,1.017
75.092,1.016
75.122,1.017
75.152,1.019
75.182,1.027
75.212,1.026
75.242,1.017
75.272,1.024
75.302,1.018
75.332,1.018
75.362,1.023
75.392,1.022
75.422,1.021
75.452,1.019
75.482,1.015
75.512,1.021
75.542,1.022
75.572,1.021
75.602,1.028
75.632,1.018
75.662,1.019
75.692,1.027
75.722,1.023
75.752,1.019
75.782,1.019
75.812,1.021
75.842,1.019
75.872,1.018
75.902,1.021
75.932,1.021
75.962,1.025
75.992,1.019
76.022,1.021
76.052,1.022
76.082,1.021
76.112,1.021
76.142,1.020
76.172,1.022
76.202,1.022
76.232,1.022
76.262,1.019
76.292,1.028
76.322,1.019
76.352,1.020
76.382,1.028
76.412,1.024
76.442,1.021
76.472,1.021
76.502,1.017
76.532,1.019
76.562,1.021
76.592,1.024
76.622,1.019
76.652,1.030
76.682,1.021
76.712,1.018
76.742,1.021
76.772,1.023
76.802,1.021
76.832,1.021
76.862,1.016
76.892,1.022
76.922,1.021
76.952,1.018
76.982,1.023
77.012,1.021
77.042,1.021
77.072,1.024
77.102,1.029
77.132,1.016
77.162,1.018
77.192,1.020
77.222,1.023
77.252,1.022
77.282,1.025
77.312,1.013
77.342,1.017
77.372,1.016
77.402,1.021
77.432,1.020
77.462,1.020
77.492,1.021
77.522,1.017
77.552,1.017
77.582,1.021
77.612,1.022
77.642,1.021
77.672,1.025
77.702,1.024
77.732,1.023
77.762,1.026
77.792,1.021
77.822,1.016
77.852,1.021
77.882,1.020
77.912,1.024
77.942,1.017
77.972,1.023
78.002,1.025
78.032,1.014
78.062,1.017
78.092,1.022
78.122,1.025
78.152,1.023
78.182,1.024
78.212,1.018
78.242,1.022
78.272,1.020
78.302,1.019
78.332,1.021
78.362,1.023
78.392,1.021
78.422,1.030
78.452,1.027
78.482,1.027
78.512,1.015
78.542,1.007
78.572,1.021
78.602,1.035
78.632,1.021
78.662,1.013
78.692,1.021
78.722,1.019
78.752,1.012
78.782,1.004
78.812,1.021
78.842,1.025
78.872,1.020
78.902,1.016
78.932,1.011
78.962,1.010
78.992,1.042
79.022,1.029
79.052,1.038
79.082,1.039
79.112,1.021
79.142,1.029
79.172,1.026
79.202,1.010
79.232,1.014
79.262,1.026
79.292,1.019
79.322,1.017
79.352,1.023
79.382,1.019
79.412,1.023
79.442,1.022
79.472,1.017
79.502,1.020
79.532,1.017
79.562,1.019
79.592,1.023
79.622,1.018
79.652,1.017
79.682,1.011
79.712,1.021
79.742,1.021
79.772,1.021
79.802,1.017
79.832,1.021
79.862,1.021
79.892,1.013
79.922,1.021
79.952,1.023
79.982,1.014
80.012,1.020
80.042,1.030
80.072,1.022
80.102,1.029
80.132,1.012
80.162,1.013
80.192,1.023
80.222,1.021
80.252,1.024
80.282,1.020
80.312,1.021
80.342,1.010
80.372,1.017
80.402,1.029
80.432,1.023
80.462,1.005
80.492,1.018
80.522,1.021
80.552,1.009
80.582,1.021
80.612,1.025
80.642,1.021
80.672,1.023
80.702,1.025
80.732,1.014
80.762,1.020
80.792,1.025
80.822,1.022
80.852,1.029
80.882,1.021
80.912,1.017
80.942,1.022
80.972,1.014
81.002,1.017
81.032,1.024
81.062,1.030
81.092,1.014
81.122,1.007
81.152,1.025
81.182,1.025
81.212,1.017
81.242,1.019
81.272,1.024
81.302,1.025
81.332,1.026
81.362,1.016
81.392,1.018
81.422,1.026
81.452,1.015
81.482,1.015
81.512,1.028
81.542,1.021
81.572,1.026
81.602,1.016
81.632,1.017
81.662,1.020
81.692,1.021
81.722,1.020
81.752,1.016
81.782,1.026
81.812,1.025
81.842,1.023
81.872,1.019
81.902,1.009
81.932,1.024
81.962,1.023
81.992,1.021
82.022,1.021
82.052,1.019
82.082,1.022
82.112,1.023
82.142,1.021
82.172,1.021
82.202,1.018
82.232,1.018
82.262,1.024
82.292,1.019
82.322,1.023
82.352,1.022
82.382,1.019
82.412,1.026
82.442,1.026
82.472,1.016
82.502,1.019
82.532,1.018
82.562,1.016
82.592,1.019
82.622,1.023
82.652,1.024
82.682,1.031
82.712,1.021
82.742,1.016
82.772,1.022
82.802,1.021
82.832,1.021
82.862,1.025
82.892,1.031
82.922,1.015
82.952,1.030
82.982,1.015
83.012,1.027
83.042,1.023
83.072,1.015
83.102,1.020
83.132,1.029
83.162,1.008
83.192,1.021
83.222,1.031
83.252,1.021
83.282,1.017
83.312,1.026
83.342,1.017
83.372,1.024
83.402,1.024
83.432,1.021
83.462,1.020
83.492,1.023
83.522,1.026
83.552,1.024
83.582,1.015
83.612,1.021
83.642,1.022
83.672,1.021
83.702,1.026
83.732,1.015
83.762,1.024
83.792,1.026
83.822,1.019
83.852,1.020
83.882,1.026
83.912,1.021
83.942,1.022
83.972,1.029
84.002,1.016
84.032,1.017
84.062,1.022
84.092,1.023
84.122,1.026
84.152,1.021
84.182,1.023
84.212,1.025
84.242,1.014
84.272,1.024
84.302,1.024
84.332,1.016
84.362,1.017
84.392,1.022
84.422,1.024
84.452,1.021
84.482,1.024
84.512,1.020
84.542,1.021
84.572,1.027
84.602,1.026
84.632,1.021
84.662,1.018
84.692,1.019
84.722,1.021
84.752,1.019
84.782,1.022
84.812,1.025
84.842,1.021
84.872,1.018
84.902,1.021
84.932,1.022
84.962,1.021
84.992,1.021
85.022,1.018
85.052,1.023
85.082,1.021
85.112,1.018
85.142,1.019
85.172,1.024
85.202,1.023
85.232,1.028
85.262,1.021
85.292,1.016
85.322,1.020
85.352,1.019
85.382,1.022
85.412,1.021
85.442,1.021
85.472,1.019
85.502,1.016
85.532,1.020
85.562,1.025
85.592,1.025
85.622,1.021
85.652,1.021
85.682,1.024
85.712,1.020
85.742,1.020
85.772,1.021
85.802,1.021
85.832,1.020
85.862,1.028
85.892,1.021
85.922,1.018
85.952,1.018
85.982,1.022
86.012,1.022
86.042,1.022
86.072,1.020
86.102,1.026
86.132,1.022
86.162,1.021
86.192,1.022
86.222,1.023
86.252,1.023
86.282,1.015
86.312,1.018
86.342,1.023
86.372,1.020
86.402,1.028
86.432,1.018
86.462,1.020
86.492,1.030
86.522,1.024
86.552,1.021
86.582,1.015
86.612,1.019
86.642,1.021
86.672,1.021
86.702,1.018
86.732,1.024
86.762,1.025
86.792,1.014
86.822,1.024
86.852,1.023
86.882,1.021
86.912,1.021
86.942,1.021
86.972,1.021
87.002,1.016
87.032,1.027
87.062,1.016
87.092,1.019
87.122,1.029
87.152,1.026
87.182,1.018
87.212,1.020
87.242,1.021
87.272,1.018
87.302,1.021
87.332,1.024
87.362,1.017
87.392,1.021
87.422,1.020
87.452,1.021
87.482,1.021
87.512,1.022
87.542,1.024
87.572,1.018
87.602,1.019
87.632,1.026
87.662,1.020
87.692,1.018
87.722,1.022
87.752,1.028
87.782,1.033
87.812,1.020
87.842,1.016
87.872,1.020
87.902,1.019
87.932,1.021
87.962,1.024
87.992,1.020
88.022,1.021
88.052,1.021
88.082,1.022
88.112,1.021
88.142,1.021
88.172,1.023
88.202,1.019
88.232,1.024
88.262,1.021
88.292,1.023
88.322,1.023
88.352,1.022
88.382,1.021
88.412,1.027
88.442,1.021
88.472,1.019
88.502,1.021
88.532,1.021
88.562,1.018
88.592,1.025
88.622,1.023
88.652,1.028
88.682,1.013
88.712,1.025
88.742,1.050
88.772,1.014
88.802,1.021
88.832,1.022
88.862,1.017
88.892,1.015
88.922,1.021
88.952,1.024
88.982,1.026
89.012,1.024
89.042,1.024
89.072,1.018
89.102,1.014
89.132,1.020
89.162,1.018
89.192,1.022
89.222,1.030
89.252,1.019
89.282,1.024
89.312,1.022
89.342,1.020
89.372,1.020
89.402,1.019
89.432,1.020
89.462,1.023
89.492,1.019
89.522,1.019
89.552,1.024
89.582,1.025
89.612,1.015
89.642,1.019
89.672,1.023
89.702,1.026
89.732,1.016
89.762,1.021
89.792,1.021
89.822,1.019
89.852,1.020
89.882,1.023
89.912,1.018
89.942,1.026
89.972,1.020
90.002,1.018
90.032,1.022
90.062,1.021
90.092,1.023
90.122,1.021
90.152,1.018
90.182,1.022
90.212,1.023
90.242,1.016
90.272,1.018
90.302,1.018
90.332,1.021
90.362,1.021
90.392,1.020
90.422,1.017
90.452,1.021
90.482,1.021
90.512,1.024
90.542,1.018
90.572,1.024
90.602,1.021
90.632,1.020
90.662,1.018
90.692,1.021
90.722,1.018
90.752,1.021
90.782,1.023
90.812,1.021
90.842,1.018
90.872,1.025
90.902,1.020
90.932,1.017
90.962,1.022
90.992,1.021
91.022,1.019
91.052,1.025
91.082,1.022
91.112,1.021
91.142,1.019
91.172,1.020
91.202,1.021
91.232,1.021
91.262,1.017
91.292,1.021
91.322,1.021
91.352,1.017
91.382,1.021
91.412,1.020
91.442,1.019
91.472,1.021
91.502,1.022
91.532,1.021
91.562,1.018
91.592,1.025
91.622,1.019
91.652,1.022
91.682,1.023
91.712,1.019
91.742,1.025
91.772,1.021
91.802,1.020
91.832,1.016
91.862,1.018
91.892,1.021
91.922,1.020
91.952,1.016
91.982,1.022
92.012,1.028
92.042,1.016
92.072,1.025
92.102,1.022
92.132,1.021
92.162,1.022
92.192,1.021
92.222,1.021
92.252,1.021
92.282,1.018
92.312,1.022
92.342,1.017
92.372,1.020
92.402,1.013
92.432,1.021
92.462,1.029
92.492,1.029
92.522,1.013
92.552,1.019
92.582,1.021
92.612,1.019
92.642,1.021
92.672,1.030
92.702,1.020
92.732,1.023
92.762,1.022
92.792,1.022
92.822,1.021
92.852,1.022
92.882,1.017
92.912,1.043
92.942,1.024
92.972,1.013
93.002,1.015
93.032,1.065
93.062,0.994
93.092,0.980
93.122,1.035
93.152,1.014
93.182,1.021
93.212,1.007
93.242,1.009
93.272,1.028
93.302,1.028
93.332,1.018
93.362,1.021
93.392,1.035
93.422,1.031
93.452,1.022
93.482,1.020
93.512,1.018
93.542,1.033
93.572,1.021
93.602,1.002
93.632,1.019
93.662,1.009
93.692,1.003
93.722,1.023
93.752,1.010
93.782,1.031
93.812,1.029
93.842,1.041
93.872,1.031
93.902,1.008
93.932,1.018
93.962,1.027
93.992,1.014
94.022,1.038
94.052,1.025
94.082,1.027
94.112,1.021
94.142,1.015
94.172,1.027
94.202,1.028
94.232,1.030
94.262,1.033
94.292,1.021
94.322,1.025
94.352,1.028
94.382,1.014
94.412,1.024
94.442,1.030
94.472,1.023
94.502,1.025
94.532,1.024
94.562,1.023
94.592,1.019
94.622,1.021
94.652,1.028
94.682,1.025
94.712,1.028
94.742,1.016
94.772,1.023
94.802,1.034
94.832,1.021
94.862,1.018
94.892,1.019
94.922,1.021
94.952,1.022
94.982,1.023
95.012,1.022
95.042,1.026
95.072,1.024
95.102,1.028
95.132,1.026
95.162,1.025
95.192,1.026
95.222,1.023
95.252,1.022
95.282,1.029
95.312,1.015
95.342,1.027
95.372,1.025
95.402,1.023
95.432,1.029
95.462,1.021
95.492,1.023
95.522,1.023
95.552,1.021
95.582,1.029
95.612,1.023
95.642,1.021
95.672,1.019
95.702,1.021
95.732,1.030
95.762,1.027
95.792,1.021
95.822,1.022
95.852,1.021
95.882,1.021
95.912,1.024
95.942,1.024
95.972,1.022
96.002,1.025
96.032,1.017
96.062,1.026
96.092,1.025
96.122,1.028
96.152,1.021
96.182,1.026
96.212,1.023
96.242,1.018
96.272,1.020
96.302,1.035
96.332,1.028
96.362,1.021
96.392,1.025
96.422,1.022
96.452,1.022
96.482,1.021
96.512,1.025
96.542,1.027
96.572,1.023
96.602,1.021
96.632,1.026
96.662,1.026
96.692,1.022
96.722,1.022
96.752,1.024
96.782,1.023
96.812,1.021
96.842,1.021
96.872,1.029
96.902,1.021
96.932,1.022
96.962,1.029
96.992,1.027
97.022,1.021
97.052,1.024
97.082,1.021
97.112,1.025
97.142,1.026
97.172,1.022
97.202,1.028
97.232,1.028
97.262,1.021
97.292,1.028
97.322,1.025
97.352,1.021
97.382,1.024
97.412,1.027
97.442,1.023
97.472,1.020
97.502,1.019
97.532,1.029
97.562,1.023
97.592,1.020
97.622,1.025
97.652,1.022
97.682,1.020
97.712,1.028
97.742,1.029
97.772,1.022
97.802,1.026
97.832,1.026
97.862,1.022
97.892,1.015
97.922,1.026
97.952,1.028
97.982,1.023
98.012,1.021
98.042,1.031
98.072,1.021
98.102,1.019
98.132,1.024
98.162,1.025
98.192,1.027
98.222,1.021
98.252,1.029
98.282,1.026
98.312,1.019
98.342,1.023
98.372,1.028
98.402,1.027
98.432,1.028
98.462,1.021
98.492,1.022
98.522,1.023
98.552,1.024
98.582,1.023
98.612,1.028
98.642,1.025
98.672,1.016
98.702,1.014
98.732,1.011
98.762,0.993
98.792,1.025
98.822,1.019
98.852,1.018
98.882,1.024
98.912,1.046
98.942,1.030
98.972,1.035
99.002,1.015
99.032,1.009
99.062,1.054
99.092,1.040
99.122,1.010
99.152,0.989
99.182,0.973
99.212,1.047
99.242,1.012
99.272,0.996
99.302,1.059
99.332,1.052
99.362,0.973
99.392,1.004
99.422,1.004
99.452,1.013
99.482,1.019
99.512,1.002
99.542,1.053
99.572,1.040
99.602,1.018
99.632,0.977
99.662,0.986
99.692,0.996
99.722,1.020
99.752,1.027
99.782,1.062
99.812,1.028
99.842,1.000
99.872,1.027
99.902,1.034
99.932,1.031
99.962,1.027
99.992,1.023
100.022,1.018
100.052,1.026
100.082,1.020
100.112,1.017
100.142,1.024
100.172,1.021
100.202,1.022
100.232,1.018
100.262,1.017
100.292,1.012
100.322,1.019
100.352,1.024
100.382,1.007
100.412,1.031
100.442,1.029
100.472,1.025
100.502,1.021
100.532,1.022
100.562,1.024
100.592,1.025
100.622,1.019
100.652,1.014
100.682,1.023
100.712,1.031
100.742,1.021
100.772,1.025
100.802,1.025
100.832,1.023
100.862,1.023
100.892,1.021
100.922,1.018
100.952,1.019
100.982,1.024
101.012,1.023
101.042,1.026
101.072,1.028
101.102,1.032
101.132,1.018
101.162,1.019
101.192,1.025
101.222,1.016
101.252,1.035
101.282,0.994
101.312,1.017
101.342,1.050
101.372,1.045
101.402,1.020
101.432,1.029
101.462,1.025
101.492,1.019
101.522,1.022
101.552,1.011
101.582,1.022
101.612,1.021
101.642,1.024
101.672,1.022
101.702,1.035
101.732,1.020
101.762,1.019
101.792,1.019
101.822,1.024
101.852,1.026
101.882,1.025
101.912,1.019
101.942,1.027
101.972,1.029
102.002,1.020
102.032,1.016
102.062,1.019
102.092,1.031
102.122,1.035
102.152,1.029
102.182,1.023
102.212,1.019
102.242,1.010
102.272,1.020
102.302,1.036
102.332,1.028
102.362,1.021
102.392,1.023
102.422,1.017
102.452,1.017
102.482,1.027
102.512,1.031
102.542,1.029
102.572,1.020
102.602,1.027
102.632,1.021
102.662,1.017
102.692,1.015
102.722,1.020
102.752,1.029
102.782,1.029
102.812,1.029
102.842,1.033
102.872,1.027
102.902,1.025
102.932,1.018
102.962,1.024
102.992,1.029
103.022,1.021
103.052,1.025
103.082,1.023
103.112,1.019
103.142,1.030
103.172,1.025
103.202,1.014
103.232,1.028
103.262,1.027
103.292,1.011
103.322,1.022
103.352,1.026
103.382,1.020
103.412,1.023
103.442,1.028
103.472,1.023
103.502,1.024
103.532,1.018
103.562,1.019
103.592,1.025
103.622,1.028
103.652,1.019
103.682,1.027
103.712,1.025
103.742,1.025
103.772,1.021
103.802,1.022
103.832,1.017
103.862,1.034
103.892,1.021
103.922,1.026
103.952,1.035
103.982,1.028
104.012,1.020
104.042,1.028
104.072,1.024
104.102,1.022
104.132,1.025
104.162,1.029
104.192,1.026
104.222,1.021
104.252,1.027
104.282,1.031
104.312,1.018
104.342,1.016
104.372,1.031
104.402,1.026
104.432,1.017
104.462,1.025
104.492,1.027
104.522,1.022
104.552,1.027
104.582,1.028
104.612,1.025
104.642,1.003
104.672,1.028
104.702,1.034
104.732,1.023
104.762,1.018
104.792,1.023
104.822,1.008
104.852,1.026
104.882,1.036
104.912,1.037
104.942,1.031
104.972,1.024
105.002,1.023
105.032,1.025
105.062,1.022
105.092,1.021
105.122,1.024
105.152,1.024
105.182,1.028
105.212,1.029
105.242,1.028
105.272,1.021
105.302,1.024
105.332,1.025
105.362,1.019
105.392,1.024
105.422,1.024
105.452,1.021
105.482,1.028
105.512,1.027
105.542,1.023
105.572,1.024
105.602,1.026
105.632,1.022
105.662,1.023
105.692,1.029
105.722,1.030
105.752,1.019
105.782,1.028
105.812,1.025
105.842,1.018
105.872,1.026
105.902,1.021
105.932,1.024
105.962,1.021
105.992,1.024
106.022,1.020
106.052,1.029
106.082,1.022
106.112,1.023
106.142,1.025
106.172,1.025
106.202,1.022
106.232,1.022
106.262,1.021
106.292,1.023
106.322,1.021
106.352,1.026
106.382,1.025
106.412,1.021
106.442,1.026
106.472,1.022
106.502,1.020
106.532,1.025
106.562,1.022
106.592,1.021
106.622,1.027
106.652,1.029
106.682,1.019
106.712,1.022
106.742,1.021
106.772,1.021
106.802,1.022
106.832,1.030
106.862,1.018
106.892,1.025
106.922,1.023
106.952,1.021
106.982,1.024
107.012,1.026
107.042,1.022
107.072,1.024
107.102,1.021
107.132,1.026
107.162,1.022
107.192,1.022
107.222,1.026
107.252,1.023
107.282,1.021
107.312,1.024
107.342,1.025
107.372,1.020
107.402,1.021
107.432,1.022
107.462,1.030
107.492,1.026
107.522,1.020
107.552,1.021
107.582,1.021
107.612,1.021
107.642,1.021
107.672,1.027
107.702,1.025
107.732,1.024
107.762,1.022
107.792,1.023
107.822,1.025
107.852,1.023
107.882,1.027
107.912,1.022
107.942,1.024
107.972,1.022
108.002,1.026
108.032,1.024
108.062,1.022
108.092,1.022
108.122,1.021
108.152,1.021
108.182,1.028
108.212,1.024
108.242,1.020
108.272,1.021
108.302,1.023
108.332,1.015
108.362,1.030
108.392,1.023
108.422,1.030
108.452,1.022
108.482,1.023
108.512,1.027
108.542,1.023
108.572,1.021
108.602,1.025
108.632,1.021
108.662,1.024
108.692,1.027
108.722,1.024
108.752,1.024
108.782,1.024
108.812,1.021
108.842,1.032
108.872,1.022
108.902,1.022
108.932,1.023
108.962,1.021
108.992,1.024
109.022,1.031
109.052,1.019
109.082,1.022
109.112,1.026
109.142,1.021
109.172,1.021
109.202,1.024
109.232,1.025
109.262,1.024
109.292,1.021
109.322,1.022
109.352,1.021
109.382,1.028
109.412,1.027
109.442,1.026
109.472,1.018
109.502,1.029
109.532,1.025
109.562,1.025
109.592,1.020
109.622,1.022
109.652,1.024
109.682,1.031
109.712,1.018
109.742,1.027
109.772,1.026
109.802,1.021
109.832,1.023
109.862,1.024
109.892,1.025
109.922,1.025
109.952,1.020
109.982,1.021
110.012,1.024
110.042,1.028
110.072,1.027
110.102,1.025
110.132,1.021
110.162,1.024
110.192,1.030
110.222,1.019
110.252,1.023
110.282,1.024
110.312,1.021
110.342,1.024
110.372,1.032
110.402,1.020
110.432,1.023
110.462,1.021
110.492,1.021
110.522,1.024
110.552,1.024
110.582,1.025
110.612,1.026
110.642,1.028
110.672,1.026
110.702,1.023
110.732,1.025
110.762,1.018
110.792,1.026
110.822,1.021
110.852,1.031
110.882,1.025
110.912,1.021
110.942,1.021
110.972,1.025
111.002,1.022
111.032,1.028
111.062,1.024
111.092,1.027
111.122,1.021
111.152,1.021
111.182,1.023
111.212,1.020
111.242,1.023
111.272,1.026
111.302,1.022
111.332,1.026
111.362,1.026
111.392,1.025
111.422,1.026
111.452,1.021
111.482,1.021
111.512,1.025
111.542,1.026
111.572,1.023
111.602,1.021
111.632,1.021
111.662,1.023
111.692,1.021
111.722,1.030
111.752,1.018
111.782,1.028
111.812,1.026
111.842,1.021
111.872,1.023
111.902,1.024
111.932,1.026
111.962,1.026
111.992,1.026
112.022,1.023
112.052,1.021
112.082,1.022
112.112,1.026
112.142,1.021
112.172,1.023
112.202,1.024
112.232,1.029
112.262,1.021
112.292,1.025
112.322,1.024
112.352,1.019
112.382,1.022
112.412,1.030
112.442,1.019
112.472,1.028
112.502,1.025
112.532,1.022
112.562,1.025
112.592,1.023
112.622,1.023
112.652,1.023
112.682,1.021
112.712,1.023
112.742,1.020
112.772,1.026
112.802,1.026
112.832,1.022
112.862,1.021
112.892,1.022
112.922,1.020
112.952,1.035
112.982,1.025
113.012,1.021
113.042,1.022
113.072,1.021
113.102,1.019
113.132,1.022
113.162,1.022
113.192,1.025
113.222,1.029
113.252,1.021
113.282,1.019
113.312,1.024
113.342,1.027
113.372,1.027
113.402,1.021
113.432,1.023
113.462,1.022
113.492,1.028
113.522,1.024
113.552,1.029
113.582,1.023
113.612,1.023
113.642,1.018
113.672,1.033
113.702,1.026
113.732,1.021
113.762,1.023
113.792,1.020
113.822,1.024
113.852,1.028
113.882,1.014
113.912,1.025
113.942,1.024
113.972,1.018
114.002,1.024
114.032,1.024
114.062,1.023
114.092,1.024
114.122,1.022
114.152,1.021
114.182,1.022
114.212,1.024
114.242,1.023
114.272,1.029
114.302,1.019
114.332,1.020
114.362,1.023
114.392,1.030
114.422,1.023
114.452,1.024
114.482,1.022
114.512,1.021
114.542,1.023
114.572,1.028
114.602,1.020
114.632,1.028
114.662,1.024
114.692,1.023
114.722,1.026
114.752,1.022
114.782,1.025
114.812,1.029
114.842,1.023
114.872,1.024
114.902,1.021
114.932,1.022
114.962,1.026
114.992,1.025
115.022,1.027
115.052,1.025
115.082,1.021
115.112,1.029
115.142,1.024
115.172,1.022
115.202,1.021
115.232,1.019
115.262,1.023
115.292,1.030
115.322,1.019
115.352,1.029
115.382,1.026
115.412,1.021
115.442,1.022
115.472,1.024
115.502,1.022
115.532,1.026
115.562,1.021
115.592,1.022
115.622,1.021
115.652,1.027
115.682,1.027
115.712,1.026
115.742,1.023
115.772,1.024
115.802,1.022
115.832,1.033
115.862,1.025
115.892,1.018
115.922,1.021
115.952,1.025
115.982,1.021
116.012,1.027
116.042,1.022
116.072,1.023
116.102,1.025
116.132,1.020
116.162,1.026
116.192,1.022
116.222,1.023
116.252,1.023
116.282,1.021
116.312,1.020
116.342,1.025
116.372,1.025
116.402,1.021
116.432,1.031
116.462,1.020
116.492,1.018
116.522,1.027
116.552,1.030
116.582,1.023
116.612,1.023
116.642,1.020
116.672,1.022
116.702,1.021
116.732,1.028
116.762,1.025
116.792,1.026
116.822,1.023
116.852,1.021
116.882,1.023
116.912,1.026
116.942,1.023
116.972,1.021
117.002,1.023
117.032,1.021
117.062,1.025
117.092,1.026
117.122,1.028
117.152,1.025
117.182,1.021
117.212,1.019
117.242,1.034
117.272,1.026
117.302,1.022
117.332,1.021
117.362,1.024
117.392,1.021
117.422,1.022
117.452,1.026
117.482,1.021
117.512,1.024
117.542,1.023
117.572,1.023
117.602,1.024
117.632,1.026
117.662,1.021
117.692,1.022
117.722,1.021
117.752,1.020
117.782,1.026
117.812,1.024
117.842,1.023
117.872,1.020
117.902,1.018
117.932,1.031
117.962,1.027
117.992,1.021
118.022,1.022
118.052,1.022
118.082,1.024
118.112,1.021
118.142,1.026
118.172,1.028
118.202,1.023
118.232,1.021
118.262,1.026
118.292,1.024
118.322,1.025
118.352,1.023
118.382,1.021
118.412,1.023
118.442,1.027
118.472,1.023
118.502,1.026
118.532,1.019
118.562,1.023
118.592,1.022
118.622,1.029
118.652,1.023
118.682,1.021
118.712,1.021
118.742,1.023
118.772,1.022
118.802,1.034
118.832,1.021
118.862,1.023
118.892,1.017
118.922,1.021
118.952,1.024
118.982,1.024
119.012,1.028
119.042,1.027
119.072,1.022
119.102,1.019
119.132,1.023
119.162,1.025
119.192,1.032
119.222,1.022
119.252,1.018
119.282,1.028
119.312,1.026
119.342,1.021
119.372,1.021
119.402,1.021
119.432,1.025
119.462,1.021
119.492,1.025
119.522,1.021
119.552,1.029
119.582,1.021
119.612,1.024
119.642,1.023
119.672,1.024
119.702,1.025
119.732,1.025
119.762,1.021
119.792,1.023
119.822,1.025
119.852,1.022
119.882,1.025
119.912,1.018
119.942,1.021
119.972,1.030
120.002,1.025
120.032,1.022
120.062,1.022
120.092,1.021
120.122,1.023
120.152,1.025
120.182,1.027
120.212,1.023
120.242,1.028
120.272,1.020
120.302,1.020
120.332,1.025
120.362,1.022
120.392,1.024
120.422,1.023
120.452,1.024
120.482,1.023
120.512,1.021
120.542,1.027
120.572,1.024
120.602,1.021
120.632,1.018
120.662,1.021
120.692,1.029
120.722,1.026
120.752,1.024
120.782,1.021
120.812,1.019
120.842,1.022
120.872,1.021
120.902,1.022
120.932,1.026
120.962,1.023
120.992,1.020
121.022,1.024
121.052,1.028
121.082,1.024
121.112,1.024
121.142,1.027
121.172,1.022
121.202,1.023
121.232,1.024
121.262,1.026
121.292,1.024
121.322,1.020
121.352,1.021
121.382,1.028
121.412,1.026
121.442,1.021
121.472,1.017
121.502,1.023
121.532,1.022
121.562,1.023
121.592,1.022
121.622,1.024
121.652,1.028
121.682,1.022
121.712,1.021
121.742,1.023
121.772,1.025
121.802,1.023
121.832,1.027
121.862,1.021
121.892,1.021
121.922,1.027
121.952,1.024
121.982,1.027
122.012,1.018
122.042,1.018
122.072,1.031
122.102,1.029
122.132,1.023
122.162,1.021
122.192,1.021
122.222,1.021
122.252,1.021
122.282,1.029
122.312,1.022
122.342,1.031
122.372,1.027
122.402,1.021
122.432,1.026
122.462,1.023
122.492,1.026
122.522,1.024
122.552,1.021
122.582,1.022
122.612,1.023
122.642,1.029
122.672,1.023
122.702,1.026
122.732,1.020
122.762,1.021
122.792,1.034
122.822,1.028
122.852,1.023
122.882,1.020
122.912,1.022
122.942,1.024
122.972,1.022
123.002,1.023
123.032,1.022
123.062,1.027
123.092,1.020
123.122,1.022
123.152,1.022
123.182,1.025
123.212,1.020
123.242,1.022
123.272,1.024
123.302,1.023
123.332,1.022
123.362,1.029
123.392,1.024
123.422,1.022
123.452,1.022
123.482,1.019
123.512,1.029
123.542,1.029
123.572,1.019
123.602,1.021
123.632,1.024
123.662,1.024
123.692,1.032
123.722,1.020
123.752,1.027
123.782,1.018
123.812,1.021
123.842,1.024
123.872,1.028
123.902,1.025
123.932,1.023
123.962,1.021
123.992,1.020
124.022,1.021
124.052,1.026
124.082,1.024
124.112,1.029
124.142,1.018
124.172,1.022
124.202,1.027
124.232,1.029
124.262,1.021
124.292,1.021
124.322,1.023
124.352,1.021
124.382,1.027
124.412,1.028
124.442,1.018
124.472,1.030
124.502,1.028
124.532,1.021
124.562,1.024
124.592,1.024
124.622,1.023
124.652,1.026
124.682,1.022
124.712,1.021
124.742,1.025
124.772,1.023
124.802,1.025
124.832,1.021
124.862,1.025
124.892,1.023
124.922,1.019
124.952,1.031
124.982,1.024
125.012,1.022
125.042,1.022
125.072,1.022
125.102,1.025
125.132,1.022
125.162,1.023
125.192,1.024
125.222,1.024
125.252,1.021
125.282,1.023
125.312,1.025
125.342,1.024
125.372,1.025
125.402,1.023
125.432,1.022
125.462,1.022
125.492,1.024
125.522,1.023
125.552,1.022
125.582,1.023
125.612,1.022
125.642,1.019
125.672,1.025
125.702,1.031
125.732,1.019
125.762,1.020
125.792,1.019
125.822,1.022
125.852,1.021
125.882,1.024
125.912,1.024
125.942,1.026
125.972,1.021
126.002,1.023
126.032,1.024
126.062,1.021
126.092,1.025
126.122,1.023
126.152,1.021
126.182,1.023
126.212,1.025
126.242,1.021
126.272,1.024
126.302,1.022
126.332,1.021
126.362,1.026
126.392,1.029
126.422,1.025
126.452,1.021
126.482,1.021
126.512,1.023
126.542,1.022
126.572,1.027
126.602,1.025
126.632,1.026
126.662,1.024
126.692,1.022
126.722,1.026
126.752,1.023
126.782,1.023
126.812,1.024
126.842,1.025
126.872,1.022
126.902,1.022
126.932,1.022
126.962,1.029
126.992,1.020
127.022,1.023
127.052,1.031
127.082,1.029
127.112,1.025
127.142,1.023
127.172,1.020
127.202,1.023
127.232,1.022
127.262,1.026
127.292,1.023
127.322,1.026
127.352,1.021
127.382,1.025
127.412,1.026
127.442,1.020
127.472,1.025
127.502,1.028
127.532,1.022
127.562,1.024
127.592,1.025
127.622,1.025
127.652,1.023
127.682,1.019
127.712,1.021
127.742,1.030
127.772,1.027
127.802,1.019
127.832,1.023
127.862,1.021
127.892,1.025
127.922,1.021
127.952,1.024
127.982,1.027
128.012,1.026
128.042,1.021
128.072,1.025
128.102,1.025
128.132,1.024
128.162,1.022
128.192,1.021
128.222,1.024
128.252,1.027
128.282,1.023
128.312,1.024
128.342,1.029
128.372,1.028
128.402,1.023
128.432,1.026
128.462,1.021
128.492,1.022
128.522,1.022
128.552,1.023
128.582,1.022
128.612,1.025
128.642,1.028
128.672,1.024
128.702,1.024
128.732,1.024
128.762,1.027
128.792,1.026
128.822,1.025
128.852,1.025
128.882,1.022
128.912,1.021
128.942,1.025
128.972,1.025
129.002,1.024
129.032,1.027
129.062,1.020
129.092,1.025
129.122,1.023
129.152,1.025
129.182,1.023
129.212,1.022
129.242,1.026
129.272,1.031
129.302,1.022
129.332,1.026
129.362,1.027
129.392,1.022
129.422,1.022
129.452,1.026
129.482,1.024
129.512,1.023
129.542,1.023
129.572,1.021
129.602,1.024
129.632,1.023
129.662,1.027
129.692,1.021
129.722,1.024
129.752,1.027
129.782,1.025
129.812,1.022
129.842,1.023
129.872,1.021
129.902,1.022
129.932,1.021
129.962,1.030
129.992,1.021
130.022,1.030
130.052,1.022
130.082,1.021
130.112,1.025
130.142,1.027
130.172,1.021
130.202,1.022
130.232,1.022
130.262,1.024
130.292,1.026
130.322,1.022
130.352,1.021
130.382,1.023
130.412,1.024
130.442,1.028
130.472,1.029
130.502,1.020
130.532,1.017
130.562,1.023
130.592,1.024
130.622,1.023
130.652,1.026
130.682,1.023
130.712,1.028
130.742,1.019
130.772,1.023
130.802,1.026
130.832,1.023
130.862,1.027
130.892,1.021
130.922,1.023
130.952,1.027
130.982,1.022
131.012,1.030
131.042,1.025
131.072,1.029
131.102,1.022
131.132,1.029
131.162,1.028
131.192,1.022
131.222,1.021
131.252,1.025
131.282,1.024
131.312,1.032
131.342,1.019
131.372,1.028
131.402,1.030
131.432,1.021
131.462,1.022
131.492,1.023
131.522,1.026
131.552,1.021
131.582,1.022
131.612,1.023
131.642,1.025
131.672,1.022
131.702,1.024
131.732,1.025
131.762,1.029
131.792,1.021
131.822,1.032
131.852,1.022
131.882,1.022
131.912,1.021
131.942,1.019
131.972,1.025
132.002,1.030
132.032,1.018
132.062,1.023
132.092,1.029
132.122,1.022
132.152,1.026
132.182,1.022
132.212,1.024
132.242,1.027
132.272,1.025
132.302,1.025
132.332,1.025
132.362,1.027
132.392,1.024
132.422,1.025
132.452,1.027
132.482,1.028
132.512,1.026
132.542,1.031
132.572,1.023
132.602,1.021
132.632,1.020
132.662,1.021
132.692,1.030
132.722,1.030
132.752,1.018
132.782,1.024
132.812,1.024
132.842,1.022
132.872,1.025
132.902,1.025
132.932,1.023
132.962,1.022
132.992,1.021
133.022,1.023
133.052,1.026
133.082,1.029
133.112,1.028
133.142,1.026
133.172,1.026
133.202,1.023
133.232,1.028
133.262,1.029
133.292,1.025
133.322,1.021
133.352,1.021
133.382,1.024
133.412,1.024
133.442,1.024
133.472,1.029
133.502,1.025
133.532,1.023
133.562,1.024
133.592,1.024
133.622,1.025
133.652,1.026
133.682,1.025
133.712,1.024
133.742,1.025
133.772,1.029
133.802,1.025
133.832,1.027
133.862,1.017
133.892,1.020
133.922,1.029
133.952,1.030
133.982,1.023
134.012,1.026
134.042,1.024
134.072,1.021
134.102,1.024
134.132,1.028
134.162,1.021
134.192,1.030
134.222,1.021
134.252,1.021
134.282,1.025
134.312,1.021
134.342,1.021
134.372,1.035
134.402,1.024
134.432,1.022
134.462,1.027
134.492,1.024
134.522,1.031
134.552,1.019
134.582,1.018
134.612,1.032
134.642,1.030
134.672,1.025
134.702,1.020
134.732,1.021
134.762,1.026
134.792,1.021
134.822,1.027
134.852,1.020
134.882,1.028
134.912,1.021
134.942,1.029
134.972,1.026
135.002,1.026
135.032,1.025
135.062,1.023
135.092,1.023
135.122,1.025
135.152,1.027
135.182,1.026
135.212,1.022
135.242,1.024
135.272,1.022
135.302,1.031
135.332,1.023
135.362,1.019
135.392,1.022
135.422,1.025
135.452,1.023
135.482,1.022
135.512,1.028
135.542,1.024
135.572,1.024
135.602,1.021
135.632,1.024
135.662,1.026
135.692,1.027
135.722,1.026
135.752,1.021
135.782,1.023
135.812,1.026
135.842,1.027
135.872,1.028
135.902,1.027
135.932,1.027
135.962,1.021
135.992,1.031
136.022,1.024
136.052,1.027
136.082,1.024
136.112,1.021
136.142,1.024
136.172,1.030
136.202,1.022
136.232,1.025
136.262,1.027
136.292,1.023
136.322,1.024
136.352,1.026
136.382,1.026
136.412,1.028
136.442,1.023
136.472,1.020
136.502,1.025
136.532,1.022
136.562,1.033
136.592,1.019
136.622,1.022
136.652,1.031
136.682,1.025
136.712,1.026
136.742,1.021
136.772,1.021
136.802,1.023
136.832,1.019
136.862,1.024
136.892,1.024
136.922,1.027
136.952,1.025
136.982,1.023
137.012,1.025
137.042,1.021
137.072,1.025
137.102,1.028
137.132,1.021
137.162,1.022
137.192,1.023
137.222,1.025
137.252,1.021
137.282,1.019
137.312,1.024
137.342,1.036
137.372,1.025
137.402,1.018
137.432,1.021
137.462,1.026
137.492,1.025
137.522,1.023
137.552,1.023
137.582,1.027
137.612,1.024
137.642,1.021
137.672,1.025
137.702,1.027
137.732,1.026
137.762,1.024
137.792,1.021
137.822,1.024
137.852,1.025
137.882,1.022
137.912,1.029
137.942,1.021
137.972,1.028
138.002,1.026
138.032,1.025
138.062,1.025
138.092,1.018
138.122,1.021
138.152,1.027
138.182,1.016
138.212,1.027
138.242,1.027
138.272,1.027
138.302,1.024
138.332,1.024
138.362,1.021
138.392,1.024
138.422,1.028
138.452,1.024
138.482,1.022
138.512,1.025
138.542,1.026
138.572,1.020
138.602,1.032
138.632,1.024
138.662,1.018
138.692,1.030
138.722,1.028
138.752,1.026
138.782,1.021
138.812,1.021
138.842,1.021
138.872,1.026
138.902,1.025
138.932,1.021
138.962,1.025
138.992,1.019
139.022,1.026
139.052,1.027
139.082,1.025
139.112,1.028
139.142,1.028
139.172,1.027
139.202,1.025
139.232,1.028
139.262,1.030
139.292,1.028
139.322,1.014
139.352,1.007
139.382,1.023
139.412,1.032
139.442,1.031
139.472,1.028
139.502,1.021
139.532,1.018
139.562,1.021
139.592,1.028
139.622,1.028
139.652,1.029
139.682,1.025
139.712,1.024
139.742,1.021
139.772,1.023
139.802,1.030
139.832,1.021
139.862,1.011
139.892,1.014
139.922,1.025
139.952,1.028
139.982,1.026
140.012,1.029
140.042,1.016
140.072,1.022
140.102,1.028
140.132,1.028
140.162,1.029
140.192,1.025
140.222,1.025
140.252,1.028
140.282,1.021
140.312,1.025
140.342,1.028
140.372,1.025
140.402,1.030
140.432,1.028
140.462,1.020
140.492,1.022
140.522,1.021
140.552,1.022
140.582,1.023
140.612,1.021
140.642,1.030
140.672,1.021
140.702,1.024
140.732,1.028
140.762,1.026
140.792,1.026
140.822,1.023
140.852,1.024
140.882,1.026
140.912,1.026
140.942,1.025
140.972,1.020
141.002,1.033
141.032,1.027
141.062,1.021
141.092,1.022
141.122,1.023
141.152,1.022
141.182,1.027
141.212,1.024
141.242,1.024
141.272,1.025
141.302,1.024
141.332,1.025
141.362,1.022
141.392,1.020
141.422,1.032
141.452,1.028
141.482,1.025
141.512,1.024
141.542,1.021
141.572,1.023
141.602,1.024
141.632,1.027
141.662,1.023
141.692,1.029
141.722,1.021
141.752,1.026
141.782,1.025
141.812,1.025
141.842,1.025
141.872,1.028
141.902,1.017
141.932,1.026
141.962,1.027
141.992,1.025
142.022,1.020
142.052,1.022
142.082,1.022
142.112,1.032
142.142,1.024
142.172,1.019
142.202,1.026
142.232,1.025
142.262,1.024
142.292,1.035
142.322,1.023
142.352,1.026
142.382,1.022
142.412,1.023
142.442,1.024
142.472,1.025
142.502,1.028
142.532,1.023
142.562,1.019
142.592,1.021
142.622,1.027
142.652,1.024
142.682,1.030
142.712,1.021
142.742,1.022
142.772,1.026
142.802,1.028
142.832,1.024
142.862,1.025
142.892,1.023
142.922,1.030
142.952,1.018
142.982,1.031
143.012,1.022
143.042,1.031
143.072,1.031
143.102,1.021
143.132,1.019
143.162,1.022
143.192,1.031
143.222,1.021
143.252,1.023
143.282,1.025
143.312,1.019
143.342,1.030
143.372,1.008
143.402,1.011
143.432,1.044
143.462,1.032
143.492,1.011
143.522,1.034
143.552,1.032
143.582,1.022
143.612,1.021
143.642,1.026
143.672,1.020
143.702,1.026
143.732,1.020
143.762,1.027
143.792,1.024
143.822,1.018
143.852,1.021
143.882,1.024
143.912,1.026
143.942,1.025
143.972,1.020
144.002,1.021
144.032,1.029
144.062,1.024
144.092,0.997
144.122,0.966
144.152,0.995
144.182,1.044
144.212,1.065
144.242,1.078
144.272,1.077
144.302,1.022
144.332,0.975
144.362,0.972
144.392,1.021
144.422,1.015
144.452,1.032
144.482,1.041
144.512,1.026
144.542,1.031
144.572,1.020
144.602,1.014
144.632,1.013
144.662,1.021
144.692,0.995
144.722,0.986
144.752,1.012
144.782,1.033
144.812,1.034
144.842,1.019
144.872,1.018
144.902,1.021
144.932,1.022
144.962,1.022
144.992,1.021
145.022,1.027
145.052,1.026
145.082,1.021
145.112,1.017
145.142,1.021
145.172,1.026
145.202,1.025
145.232,1.016
145.262,1.020
145.292,1.021
145.322,1.021
145.352,1.022
145.382,1.027
145.412,1.021
145.442,1.010
145.472,1.028
145.502,1.030
145.532,1.026
145.562,1.021
145.592,1.016
145.622,1.017
145.652,1.025
145.682,1.019
145.712,1.027
145.742,1.011
145.772,1.017
145.802,1.030
145.832,1.023
145.862,1.014
145.892,1.021
145.922,1.025
145.952,1.021
145.982,1.023
146.012,1.021
146.042,1.021
146.072,1.029
146.102,1.011
146.132,1.018
146.162,1.028
146.192,1.029
146.222,1.014
146.252,1.024
146.282,1.024
146.312,1.021
146.342,1.024
146.372,1.018
146.402,1.030
146.432,1.021
146.462,1.020
146.492,1.023
146.522,1.021
146.552,1.020
146.582,1.019
146.612,1.021
146.642,1.023
146.672,1.022
146.702,1.015
146.732,1.023
146.762,1.021
146.792,1.016
146.822,1.027
146.852,1.026
146.882,1.023
146.912,1.005
146.942,1.027
146.972,1.024
147.002,1.016
147.032,1.018
147.062,1.026
147.092,1.017
147.122,1.018
147.152,1.021
147.182,1.022
147.212,1.025
147.242,1.022
147.272,1.024
147.302,1.021
147.332,1.027
147.362,1.025
147.392,1.019
147.422,1.028
147.452,1.028
147.482,1.025
147.512,1.020
147.542,1.019
147.572,1.023
147.602,1.026
147.632,1.019
147.662,1.021
147.692,1.032
147.722,1.021
147.752,1.019
147.782,1.023
147.812,1.021
147.842,1.024
147.872,1.023
147.902,1.022
147.932,1.022
147.962,1.028
147.992,1.020
148.022,1.019
148.052,1.025
148.082,1.029
148.112,1.022
148.142,1.018
148.172,1.020
148.202,1.021
148.232,1.021
148.262,1.017
148.292,1.021
148.322,1.030
148.352,1.023
148.382,1.017
148.412,1.023
148.442,1.022
148.472,1.024
148.502,1.029
148.532,1.021
148.562,1.021
148.592,1.027
148.622,1.025
148.652,1.019
148.682,1.025
148.712,1.016
148.742,1.021
148.772,1.029
148.802,1.026
148.832,1.020
148.862,1.022
148.892,1.026
148.922,1.023
148.952,1.015
148.982,1.024
149.012,1.026
149.042,1.017
149.072,1.023
149.102,1.026
149.132,1.025
149.162,1.020
149.192,1.020
149.222,1.021
149.252,1.022
149.282,1.021
149.312,1.023
149.342,1.028
149.372,1.024
149.402,1.021
149.432,1.029
149.462,1.024
149.492,1.020
149.522,1.018
149.552,1.023
149.582,1.017
149.612,1.024
149.642,1.027
149.672,1.024
149.702,1.021
149.732,1.022
149.762,1.025
149.792,1.022
149.822,1.022
149.852,1.021
149.882,1.026
149.912,1.023
149.942,1.019
149.972,1.023
150.002,1.021
150.032,1.021
150.062,1.019
150.092,1.021
150.122,1.025
150.152,1.019
150.182,1.036
150.212,1.026
150.242,1.021
150.272,1.027
150.302,1.020
150.332,1.015
150.362,1.023
150.392,1.026
150.422,1.003
150.452,1.004
150.482,1.017
150.512,1.013
150.542,1.019
150.572,1.028
150.602,1.021
150.632,1.022
150.662,1.022
150.692,1.026
150.722,1.038
150.752,1.021
150.782,1.021
150.812,1.025
150.842,1.017
150.872,1.022
150.902,1.019
150.932,1.009
150.962,1.020
150.992,1.015
151.022,1.022
151.052,1.018
151.082,1.019
151.112,1.018
151.142,1.015
151.172,1.019
151.202,1.018
151.232,1.017
151.262,1.021
151.292,1.025
151.322,1.017
151.352,1.012
151.382,1.011
151.412,1.010
151.442,1.018
151.472,1.016
151.502,1.021
151.532,1.018
151.562,1.019
151.592,1.021
151.622,1.012
151.652,1.017
151.682,1.010
151.712,1.020
151.742,1.017
151.772,1.015
151.802,1.017
151.832,1.010
151.862,1.014
151.892,1.005
151.922,1.013
151.952,1.018
151.982,1.017
152.012,1.014
152.042,1.018
152.072,1.019
152.102,1.004
152.132,1.005
152.162,1.025
152.192,1.008
152.222,0.998
152.252,1.021
152.282,1.027
152.312,1.024
152.342,1.012
152.372,1.021
152.402,1.021
152.432,1.010
152.462,1.011
152.492,1.013
152.522,1.015
152.552,1.017
152.582,1.014
152.612,1.017
152.642,1.019
152.672,1.017
152.702,1.017
152.732,1.009
152.762,1.020
152.792,1.018
152.822,1.015
152.852,1.002
152.882,1.012
152.912,1.016
152.942,1.022
152.972,1.023
153.002,1.026
153.032,1.021
153.062,0.998
153.092,1.003
153.122,1.018
153.152,1.021
153.182,1.022
153.212,1.023
153.242,1.013
153.272,1.013
153.302,1.016
153.332,1.007
153.362,1.017
153.392,1.018
153.422,1.017
153.452,1.012
153.482,1.014
153.512,1.008
153.542,1.017
153.572,1.012
153.602,1.014
153.632,1.019
153.662,1.025
153.692,1.019
153.722,1.014
153.752,1.019
153.782,1.019
153.812,1.014
153.842,1.018
153.872,1.020
153.902,1.018
153.932,1.013
153.962,1.021
153.992,1.014
154.022,1.021
154.052,1.021
154.082,1.018
154.112,1.017
154.142,1.014
154.172,1.013
154.202,1.026
154.232,1.010
154.262,1.014
154.292,1.021
154.322,1.017
154.352,1.012
154.382,1.019
154.412,1.022
154.442,1.021
154.472,1.016
154.502,1.019
154.532,1.019
154.562,1.014
154.592,1.016
154.622,1.013
154.652,1.021
154.682,1.020
154.712,1.012
154.742,1.014
154.772,1.014
154.802,1.016
154.832,1.021
154.862,1.019
154.892,1.025
154.922,1.017
154.952,1.017
154.982,1.013
155.012,1.011
155.042,1.016
155.072,1.018
155.102,1.019
155.132,1.017
155.162,1.018
155.192,1.015
155.222,1.015
155.252,1.023
155.282,1.026
155.312,1.021
155.342,1.018
155.372,1.014
155.402,1.016
155.432,1.014
155.462,1.020
155.492,1.019
155.522,1.029
155.552,1.025
155.582,1.018
155.612,1.018
155.642,1.016
155.672,1.018
155.702,1.013
155.732,1.018
155.762,1.016
155.792,1.020
155.822,1.022
155.852,1.014
155.882,1.016
155.912,1.026
155.942,1.025
155.972,1.017
156.002,1.017
156.032,1.019
156.062,1.011
156.092,1.013
156.122,1.019
156.152,1.018
156.182,1.019
156.212,1.015
156.242,1.015
156.272,1.018
156.302,1.020
156.332,1.020
156.362,1.017
156.392,1.020
156.422,1.019
156.452,1.013
156.482,1.021
156.512,1.015
156.542,1.017
156.572,1.016
156.602,1.021
156.632,1.017
156.662,1.020
156.692,1.017
156.722,1.017
156.752,1.011
156.782,1.017
156.812,1.021
156.842,1.020
156.872,1.014
156.902,1.015
156.932,1.023
156.962,1.020
156.992,1.017
157.022,1.015
157.052,1.021
157.082,1.020
157.112,1.021
157.142,1.017
157.172,1.021
157.202,1.013
157.232,1.022
157.262,1.023
157.292,1.013
157.322,1.016
157.352,1.019
157.382,1.013
157.412,1.023
157.442,1.016
157.472,1.020
157.502,1.020
157.532,1.016
157.562,1.016
157.592,1.016
157.622,1.019
157.652,1.020
157.682,1.016
157.712,1.017
157.742,1.019
157.772,1.024
157.802,1.015
157.832,1.019
157.862,1.016
157.892,1.024
157.922,1.019
157.952,1.019
157.982,1.016
158.012,1.016
158.042,1.012
158.072,1.019
158.102,1.015
158.132,1.022
158.162,1.023
158.192,1.016
158.222,1.018
158.252,1.016
158.282,1.016
158.312,1.015
158.342,1.021
158.372,1.017
158.402,1.016
158.432,1.021
158.462,1.019
158.492,1.021
158.522,1.015
158.552,1.023
158.582,1.020
158.612,1.016
158.642,1.013
158.672,1.017
158.702,1.018
158.732,1.026
158.762,1.015
158.792,1.021
158.822,1.019
158.852,1.012
158.882,1.017
158.912,1.016
158.942,1.014
158.972,1.019
159.002,1.019
159.032,1.017
159.062,1.016
159.092,1.021
159.122,1.017
159.152,1.015
159.182,1.021
159.212,1.015
159.242,1.021
159.272,1.021
159.302,1.012
159.332,1.014
159.362,1.018
159.392,1.017
159.422,1.019
159.452,1.020
159.482,1.019
159.512,1.013
159.542,1.016
159.572,1.021
159.602,1.022
159.632,1.016
159.662,1.017
159.692,1.020
159.722,1.019
159.752,1.015
159.782,1.019
159.812,1.019
159.842,1.021
159.872,1.013
159.902,1.021
159.932,1.021
159.962,1.017
159.992,1.016
160.022,1.014
160.052,1.016
160.082,1.023
160.112,1.013
160.142,1.020
160.172,1.014
160.202,1.012
160.232,1.021
160.262,1.019
160.292,1.018
160.322,1.021
160.352,1.016
160.382,1.016
160.412,1.019
160.442,1.019
160.472,1.023
160.502,1.017
160.532,1.011
160.562,1.022
160.592,1.021
160.622,1.017
160.652,1.019
160.682,1.014
160.712,1.019
160.742,1.019
160.772,1.018
160.802,1.012
160.832,1.021
160.862,1.017
160.892,1.015
160.922,1.016
160.952,1.018
160.982,1.021
161.012,1.019
161.042,1.016
161.072,1.019
161.102,1.018
161.132,1.021
161.162,1.012
161.192,1.021
161.222,1.020
161.252,1.020
161.282,1.018
161.312,1.015
161.342,1.018
161.372,1.014
161.402,1.021
161.432,1.024
161.462,1.013
161.492,1.021
161.522,1.019
161.552,1.017
161.582,1.018
161.612,1.021
161.642,1.022
161.672,1.014
161.702,1.018
161.732,1.015
161.762,1.017
161.792,1.018
161.822,1.022
161.852,1.019
161.882,1.013
161.912,1.023
161.942,1.018
161.972,1.015
162.002,1.017
162.032,1.021
162.062,1.012
162.092,1.021
162.122,1.020
162.152,1.023
162.182,1.017
162.212,1.015
162.242,1.021
162.272,1.021
162.302,1.017
162.332,1.013
162.362,1.020
162.392,1.020
162.422,1.017
162.452,1.025
162.482,1.015
162.512,1.015
162.542,1.024
162.572,1.026
162.602,1.018
162.632,1.019
162.662,1.020
162.692,1.013
162.722,1.011
162.752,1.020
162.782,1.020
162.812,1.026
162.842,1.018
162.872,1.015
162.902,1.018
162.932,1.020
162.962,1.020
162.992,1.020
163.022,1.017
163.052,1.015
163.082,1.017
163.112,1.019
163.142,1.019
163.172,1.023
163.202,1.014
163.232,1.023
163.262,1.021
163.292,1.016
163.322,1.020
163.352,1.019
163.382,1.019
163.412,1.027
163.442,1.016
163.472,1.019
163.502,1.018
163.532,1.017
163.562,1.020
163.592,1.020
163.622,1.015
163.652,1.020
163.682,1.019
163.712,1.018
163.742,1.021
163.772,1.022
163.802,1.021
163.832,1.020
163.862,1.017
163.892,1.021
163.922,1.014
163.952,1.025
163.982,1.015
164.012,1.015
164.042,1.018
164.072,1.017
164.102,1.019
164.132,1.026
164.162,1.014
164.192,1.020
164.222,1.015
164.252,1.015
164.282,1.023
164.312,1.018
164.342,1.018
164.372,1.021
164.402,1.014
164.432,1.018
164.462,1.019
164.492,1.021
164.522,1.018
164.552,1.020
164.582,1.020
164.612,1.012
164.642,1.021
164.672,1.021
164.702,1.015
164.732,1.017
164.762,1.019
164.792,1.019
164.822,1.026
164.852,1.014
164.882,1.021
164.912,1.018
164.942,1.014
164.972,1.019
165.002,1.020
165.032,1.018
165.062,1.017
165.092,1.018
165.122,1.018
165.152,1.019
165.182,1.021
165.212,1.015
165.242,1.021
165.272,1.016
165.302,1.014
165.332,1.023
165.362,1.025
165.392,1.017
165.422,1.020
165.452,1.016
165.482,1.018
165.512,1.014
165.542,1.026
165.572,1.015
165.602,1.024
165.632,1.022
165.662,1.016
165.692,1.018
165.722,1.019
165.752,1.016
165.782,1.016
165.812,1.018
165.842,1.017
165.872,1.021
165.902,1.020
165.932,1.017
165.962,1.019
165.992,1.015
166.022,1.021
166.052,1.020
166.082,1.028
166.112,1.015
166.142,1.017
166.172,1.015
166.202,1.018
166.232,1.017
166.262,1.021
166.292,1.017
166.322,1.018
166.352,1.016
166.382,1.015
166.412,1.017
166.442,1.021
166.472,1.019
166.502,1.017
166.532,1.018
166.562,1.019
166.592,1.017
166.622,1.020
166.652,1.019
166.682,1.013
166.712,1.022
166.742,1.016
166.772,1.020
166.802,1.020
166.832,1.016
166.862,1.014
166.892,1.020
166.922,1.016
166.952,1.021
166.982,1.014
167.012,1.019
167.042,1.017
167.072,1.019
167.102,1.019
167.132,1.018
167.162,1.019
167.192,1.019
167.222,1.019
167.252,1.018
167.282,1.020
167.312,1.021
167.342,1.018
167.372,1.021
167.402,1.018
167.432,1.015
167.462,1.022
167.492,1.020
167.522,1.019
167.552,1.016
167.582,1.019
167.612,1.016
167.642,1.015
167.672,1.022
167.702,1.015
167.732,1.019
167.762,1.019
167.792,1.018
167.822,1.016
167.852,1.019
167.882,1.022
167.912,1.018
167.942,1.016
167.972,1.019
168.002,1.018
168.032,1.017
168.062,1.018
168.092,1.020
168.122,1.016
168.152,1.014
168.182,1.021
168.212,1.017
168.242,1.016
168.272,1.016
168.302,1.018
168.332,1.016
168.362,1.025
168.392,1.014
168.422,1.017
168.452,1.018
168.482,1.013
168.512,1.019
168.542,1.021
168.572,1.020
168.602,1.019
168.632,1.017
168.662,1.019
168.692,1.018
168.722,1.017
168.752,1.017
168.782,1.019
168.812,1.020
168.842,1.020
168.872,1.021
168.902,1.015
168.932,1.015
168.962,1.020
168.992,1.019
169.022,1.016
169.052,1.017
169.082,1.020
169.112,1.018
169.142,1.012
169.172,1.020
169.202,1.021
169.232,1.018
169.262,1.021
169.292,1.021
169.322,1.016
169.352,1.017
169.382,1.017
169.412,1.017
169.442,1.021
169.472,1.021
169.502,1.012
169.532,1.021
169.562,1.018
169.592,1.015
169.622,1.015
169.652,1.017
169.682,1.016
169.712,1.021
169.742,1.013
169.772,1.020
169.802,1.022
169.832,1.016
169.862,1.016
169.892,1.017
169.922,1.019
169.952,1.021
169.982,1.022
170.012,1.015
170.042,1.019
170.072,1.018
170.102,1.017
170.132,1.021
170.162,1.018
170.192,1.014
170.222,1.026
170.252,1.025
170.282,1.015
170.312,1.020
170.342,1.016
170.372,1.015
170.402,1.016
170.432,1.019
170.462,1.020
170.492,1.021
170.522,1.016
170.552,1.017
170.582,1.019
170.612,1.020
170.642,1.021
170.672,1.019
170.702,1.019
170.732,1.019
170.762,1.018
170.792,1.020
170.822,1.020
170.852,1.016
170.882,1.014
170.912,1.022
170.942,1.017
170.972,1.026
171.002,1.017
171.032,1.013
171.062,1.017
171.092,1.021
171.122,1.018
171.152,1.023
171.182,1.012
171.212,1.018
171.242,1.016
171.272,1.015
171.302,1.021
171.332,1.019
171.362,1.017
171.392,1.019
171.422,1.021
171.452,1.019
171.482,1.021
171.512,1.021
171.542,1.019
171.572,1.017
171.602,1.017
171.632,1.020
171.662,1.018
171.692,1.024
171.722,1.020
171.752,1.017
171.782,1.016
171.812,1.017
171.842,1.018
171.872,1.026
171.902,1.016
171.932,1.020
171.962,1.021
171.992,1.016
172.022,1.021
172.052,1.017
172.082,1.019
172.112,1.019
172.142,1.019
172.172,1.019
172.202,1.018
172.232,1.023
172.262,1.020
172.292,1.017
172.322,1.020
172.352,1.023
172.382,1.009
172.412,1.025
172.442,1.020
172.472,1.016
172.502,1.016
172.532,1.018
172.562,1.017
172.592,1.016
172.622,1.017
172.652,1.019
172.682,1.023
172.712,1.019
172.742,1.018
172.772,1.021
172.802,1.016
172.832,1.020
172.862,1.019
172.892,1.019
172.922,1.015
172.952,1.020
172.982,1.021
173.012,1.018
173.042,1.018
173.072,1.018
173.102,1.015
173.132,1.017
173.162,1.021
173.192,1.023
173.222,1.017
173.252,1.013
173.282,1.017
173.312,1.016
173.342,1.019
173.372,1.022
173.402,1.015
173.432,1.019
173.462,1.014
173.492,1.018
173.522,1.021
173.552,1.018
173.582,1.019
173.612,1.017
173.642,1.014
173.672,1.019
173.702,1.021
173.732,1.018
173.762,1.018
173.792,1.018
173.822,1.015
173.852,1.021
173.882,1.016
173.912,1.022
173.942,1.021
173.972,1.017
174.002,1.019
174.032,1.017
174.062,1.019
174.092,1.025
174.122,1.017
174.152,1.020
174.182,1.017
174.212,1.017
174.242,1.020
174.272,1.021
174.302,1.021
174.332,1.019
174.362,1.021
174.392,1.019
174.422,1.018
174.452,1.020
174.482,1.020
174.512,1.021
174.542,1.016
174.572,1.016
174.602,1.020
174.632,1.021
174.662,1.021
174.692,1.016
174.722,1.016
174.752,1.018
174.782,1.018
174.812,1.027
174.842,1.009
174.872,1.018
174.902,1.021
174.932,1.015
174.962,1.017
174.992,1.017
175.022,1.020
175.052,1.017
175.082,1.017
175.112,1.018
175.142,1.017
175.172,1.020
175.202,1.021
175.232,1.018
175.262,1.021
175.292,1.018
175.322,1.013
175.352,1.024
175.382,1.022
175.412,1.015
175.442,1.015
175.472,1.016
175.502,1.018
175.532,1.015
175.562,1.020
175.592,1.017
175.622,1.021
175.652,1.018
175.682,1.015
175.712,1.020
175.742,1.020
175.772,1.020
175.802,1.020
175.832,1.015
175.862,1.017
175.892,1.024
175.922,1.017
175.952,1.019
175.982,1.018
176.012,1.017
176.042,1.015
176.072,1.021
176.102,1.021
176.132,1.015
176.162,1.015
176.192,1.018
176.222,1.021
176.252,1.016
176.282,1.020
176.312,1.019
176.342,1.021
176.372,1.019
176.402,1.019
176.432,1.018
176.462,1.020
176.492,1.017
176.522,1.016
176.552,1.014
176.582,1.018
176.612,1.020
176.642,1.018
176.672,1.019
176.702,1.016
176.732,1.012
176.762,1.021
176.792,1.022
176.822,1.019
176.852,1.018
176.882,1.019
176.912,1.017
176.942,1.013
176.972,1.019
177.002,1.020
177.032,1.021
177.062,1.018
177.092,1.018
177.122,1.018
177.152,1.021
177.182,1.018
177.212,1.018
177.242,1.016
177.272,1.018
177.302,1.021
177.332,1.021
177.362,1.021
177.392,1.013
177.422,1.014
177.452,1.018
177.482,1.021
177.512,1.018
177.542,1.020
177.572,1.018
177.602,1.025
177.632,1.023
177.662,1.020
177.692,1.007
177.722,1.020
177.752,1.021
177.782,1.021
177.812,1.022
177.842,1.014
177.872,1.015
177.902,1.018
177.932,1.020
177.962,1.020
177.992,1.021
178.022,1.021
178.052,1.019
178.082,1.016
178.112,1.021
178.142,1.017
178.172,1.027
178.202,1.021
178.232,1.013
178.262,1.016
178.292,1.015
178.322,1.020
178.352,1.026
178.382,1.014
178.412,1.020
178.442,1.014
178.472,1.014
178.502,1.020
178.532,1.021
178.562,1.021
178.592,1.019
178.622,1.017
178.652,1.019
178.682,1.019
178.712,1.016
178.742,1.021
178.772,1.020
178.802,1.024
178.832,1.016
178.862,1.019
178.892,1.021
178.922,1.018
178.952,1.019
178.982,1.021
179.012,1.016
179.042,1.023
179.072,1.016
179.102,1.021
179.132,1.021
179.162,1.020
179.192,1.018
179.222,1.019
179.252,1.020
179.282,1.021
179.312,1.017
179.342,1.017
179.372,1.020
179.402,1.016
179.432,1.021
179.462,1.016
179.492,1.022
179.522,1.017
179.552,1.021
179.582,1.021
179.612,1.017
179.642,1.016
179.672,1.017
179.702,1.018
179.732,1.023
179.762,1.012
179.792,1.021
179.822,1.020
179.852,1.016
179.882,1.017
179.912,1.021
179.942,1.019
179.972,1.020
180.002,1.017
180.032,1.021
180.062,1.020
180.092,1.017
180.122,1.018
180.152,1.019
180.182,1.016
180.212,1.017
180.242,1.021
180.272,1.024
180.302,1.021
180.332,1.014
180.362,1.015
180.392,1.017
180.422,1.018
180.452,1.028
180.482,1.016
180.512,1.020
180.542,1.017
180.572,1.015
180.602,1.021
180.632,1.021
180.662,1.018
180.692,1.018
180.722,1.018
180.752,1.015
180.782,1.019
180.812,1.020
180.842,1.017
180.872,1.018
180.902,1.017
180.932,1.021
180.962,1.017
180.992,1.025
181.022,1.019
181.052,1.012
181.082,1.016
181.112,1.021
181.142,1.018
181.172,1.024
181.202,1.019
181.232,1.021
181.262,1.014
181.292,1.018
181.322,1.020
181.352,1.020
181.382,1.022
181.412,1.019
181.442,1.017
181.472,1.016
181.502,1.021
181.532,1.021
181.562,1.018
181.592,1.021
181.622,1.015
181.652,1.016
181.682,1.016
181.712,1.023
181.742,1.019
181.772,1.017
181.802,1.017
181.832,1.016
181.862,1.018
181.892,1.026
181.922,1.015
181.952,1.019
181.982,1.021
182.012,1.017
182.042,1.021
182.072,1.021
182.102,1.017
182.132,1.020
182.162,1.020
182.192,1.017
182.222,1.012
182.252,1.021
182.282,1.020
182.312,1.020
182.342,1.020
182.372,1.015
182.402,1.012
182.432,1.023
182.462,1.022
182.492,1.021
182.522,1.015
182.552,1.017
182.582,1.017
182.612,1.018
182.642,1.023
182.672,1.018
182.702,1.021
182.732,1.017
182.762,1.016
182.792,1.022
182.822,1.019
182.852,1.015
182.882,1.021
182.912,1.018
182.942,1.018
182.972,1.018
183.002,1.021
183.032,1.021
183.062,1.017
183.092,1.018
183.122,1.021
183.152,1.017
183.182,1.025
183.212,1.017
183.242,1.010
183.272,1.018
183.302,1.022
183.332,1.019
183.362,1.027
183.392,1.016
183.422,1.019
183.452,1.021
183.482,1.015
183.512,1.020
183.542,1.022
183.572,1.019
183.602,1.018
183.632,1.016
183.662,1.019
183.692,1.020
183.722,1.019
183.752,1.021
183.782,1.020
183.812,1.019
183.842,1.013
183.872,1.021
183.902,1.025
183.932,1.019
183.962,1.015
183.992,1.024
184.022,1.020
184.052,1.017
184.082,1.019
184.112,1.020
184.142,1.021
184.172,1.018
184.202,1.017
184.232,1.019
184.262,1.014
184.292,1.024
184.322,1.019
184.352,1.017
184.382,1.016
184.412,1.022
184.442,1.019
184.472,1.021
184.502,1.016
184.532,1.010
184.562,1.021
184.592,1.021
184.622,1.019
184.652,1.014
184.682,1.019
184.712,1.017
184.742,1.015
184.772,1.025
184.802,1.016
184.832,1.025
184.862,1.019
184.892,1.015
184.922,1.021
184.952,1.018
184.982,1.018
185.012,1.019
185.042,1.020
185.072,1.019
185.102,1.020
185.132,1.020
185.162,1.020
185.192,1.018
185.222,1.021
185.252,1.018
185.282,1.017
185.312,1.023
185.342,1.016
185.372,1.014
185.402,1.015
185.432,1.019
185.462,1.017
185.492,1.023
185.522,1.018
185.552,1.014
185.582,1.015
185.612,1.015
185.642,1.019
185.672,1.016
185.702,1.017
185.732,1.017
185.762,1.017
185.792,1.018
185.822,1.019
185.852,1.021
185.882,1.021
185.912,1.016
185.942,1.020
185.972,1.016
186.002,1.027
186.032,1.022
186.062,1.013
186.092,1.017
186.122,1.018
186.152,1.020
186.182,1.023
186.212,1.017
186.242,1.019
186.272,1.018
186.302,1.020
186.332,1.020
186.362,1.016
186.392,1.017
186.422,1.021
186.452,1.015
186.482,1.015
186.512,1.021
186.542,1.023
186.572,1.018
186.602,1.018
186.632,1.016
186.662,1.015
186.692,1.020
186.722,1.021
186.752,1.021
186.782,1.020
186.812,1.018
186.842,1.020
186.872,1.017
186.902,1.024
186.932,1.012
186.962,1.020
186.992,1.025
187.022,1.017
187.052,1.019
187.082,1.021
187.112,1.019
187.142,1.016
187.172,1.017
187.202,1.021
187.232,1.018
187.262,1.021
187.292,1.021
187.322,1.021
187.352,1.019
187.382,1.023
187.412,1.016
187.442,1.026
187.472,1.018
187.502,1.017
187.532,1.014
187.562,1.017
187.592,1.017
187.622,1.023
187.652,1.015
187.682,1.017
187.712,1.021
187.742,1.017
187.772,1.020
187.802,1.019
187.832,1.017
187.862,1.019
187.892,1.016
187.922,1.018
187.952,1.021
187.982,1.022
188.012,1.020
188.042,1.019
188.072,1.014
188.102,1.016
188.132,1.021
188.162,1.024
188.192,1.019
188.222,1.014
188.252,1.015
188.282,1.017
188.312,1.020
188.342,1.018
188.372,1.018
188.402,1.018
188.432,1.019
188.462,1.014
188.492,1.017
188.522,1.021
188.552,1.019
188.582,1.021
188.612,1.019
188.642,1.014
188.672,1.015
188.702,1.021
188.732,1.020
188.762,1.021
188.792,1.021
188.822,1.021
188.852,1.011
188.882,1.025
188.912,1.024
188.942,1.016
188.972,1.019
189.002,1.017
189.032,1.018
189.062,1.020
189.092,1.017
189.122,1.021
189.152,1.019
189.182,1.015
189.212,1.017
189.242,1.020
189.272,1.020
189.302,1.019
189.332,1.018
189.362,1.018
189.392,1.016
189.422,1.022
189.452,1.022
189.482,1.017
189.512,1.021
189.542,1.019
189.572,1.016
189.602,1.021
189.632,1.021
189.662,1.015
189.692,1.019
189.722,1.018
189.752,1.022
189.782,1.023
189.812,1.014
189.842,1.016
189.872,1.022
189.902,1.013
189.932,1.021
189.962,1.021
189.992,1.017
190.022,1.020
190.052,1.019
190.082,1.018
190.112,1.017
190.142,1.020
190.172,1.018
190.202,1.020
190.232,1.018
190.262,1.017
190.292,1.021
190.322,1.022
190.352,1.021
190.382,1.016
190.412,1.015
190.442,1.015
190.472,1.021
190.502,1.018
190.532,1.023
190.562,1.018
190.592,1.016
190.622,1.013
190.652,1.017
190.682,1.022
190.712,1.015
190.742,1.020
190.772,1.020
190.802,1.013
190.832,1.017
190.862,1.021
190.892,1.020
190.922,1.018
190.952,1.018
190.982,1.021
191.012,1.014
191.042,1.025
191.072,1.021
191.102,1.017
191.132,1.015
191.162,1.019
191.192,1.020
191.222,1.025
191.252,1.016
191.282,1.019
191.312,1.019
191.342,1.015
191.372,1.016
191.402,1.018
191.432,1.021
191.462,1.018
191.492,1.016
191.522,1.016
191.552,1.020
191.582,1.023
191.612,1.020
191.642,1.019
191.672,1.016
191.702,1.016
191.732,1.017
191.762,1.021
191.792,1.021
191.822,1.016
191.852,1.017
191.882,1.021
191.912,1.018
191.942,1.025
191.972,1.012
192.002,1.019
192.032,1.021
192.062,1.018
192.092,1.015
192.122,1.020
192.152,1.022
192.182,1.020
192.212,1.019
192.242,1.020
192.272,1.020
192.302,1.020
192.332,1.021
192.362,1.019
192.392,1.019
192.422,1.021
192.452,1.012
192.482,1.023
192.512,1.023
192.542,1.017
192.572,1.012
192.602,1.015
192.632,1.024
192.662,1.015
192.692,1.020
192.722,1.018
192.752,1.021
192.782,1.015
192.812,1.016
192.842,1.022
192.872,1.018
192.902,1.021
192.932,1.017
192.962,1.019
192.992,1.022
193.022,1.020
193.052,1.017
193.082,1.020
193.112,1.016
193.142,1.021
193.172,1.020
193.202,1.021
193.232,1.022
193.262,1.014
193.292,1.010
193.322,1.015
193.352,1.020
193.382,1.014
193.412,1.019
193.442,1.023
193.472,1.018
193.502,1.017
193.532,1.021
193.562,1.019
193.592,1.014
193.622,1.021
193.652,1.019
193.682,1.016
193.712,1.015
193.742,1.023
193.772,1.021
193.802,1.015
193.832,1.022
193.862,1.013
193.892,1.026
193.922,1.023
193.952,1.017
193.982,1.019
194.012,1.017
194.042,1.019
194.072,1.016
194.102,1.016
194.132,1.021
194.162,1.023
194.192,1.018
194.222,1.016
194.252,1.021
194.282,1.021
194.312,1.019
194.342,1.017
194.372,1.018
194.402,1.021
194.432,1.021
194.462,1.019
194.492,1.023
194.522,1.016
194.552,1.015
194.582,1.025
194.612,1.023
194.642,1.016
194.672,1.016
194.702,1.015
194.732,1.019
194.762,1.018
194.792,1.023
194.822,1.017
194.852,1.023
194.882,1.017
194.912,1.021
194.942,1.020
194.972,1.016
195.002,1.019
195.032,1.020
195.062,1.018
195.092,1.018
195.122,1.017
195.152,1.021
195.182,1.022
195.212,1.017
195.242,1.015
195.272,1.018
195.302,1.026
195.332,1.021
195.362,1.017
195.392,1.014
195.422,1.018
195.452,1.020
195.482,1.021
195.512,1.015
195.542,1.018
195.572,1.021
195.602,1.017
195.632,1.019
195.662,1.019
195.692,1.021
195.722,1.017
195.752,1.019
195.782,1.021
195.812,1.023
195.842,1.020
195.872,1.020
195.902,1.020
195.932,1.020
195.962,1.015
195.992,1.021
196.022,1.021
196.052,1.017
196.082,1.015
196.112,1.018
196.142,1.019
196.172,1.024
196.202,1.017
196.232,1.016
196.262,1.018
196.292,1.017
196.322,1.017
196.352,1.020
196.382,1.021
196.412,1.021
196.442,1.018
196.472,1.014
196.502,1.021
196.532,1.020
196.562,1.019
196.592,1.025
196.622,1.021
196.652,1.013
196.682,1.023
196.712,1.023
196.742,1.019
196.772,1.017
196.802,1.016
196.832,1.020
196.862,1.017
196.892,1.021
196.922,1.020
196.952,1.023
196.982,1.019
197.012,1.020
197.042,1.018
197.072,1.015
197.102,1.021
197.132,1.020
197.162,1.018
197.192,1.019
197.222,1.021
197.252,1.020
197.282,1.021
197.312,1.023
197.342,1.013
197.372,1.012
197.402,1.024
197.432,1.025
197.462,1.018
197.492,1.016
197.522,1.020
197.552,1.020
197.582,1.017
197.612,1.021
197.642,1.020
197.672,1.021
197.702,1.018
197.732,1.016
197.762,1.021
197.792,1.021
197.822,1.020
197.852,1.018
197.882,1.020
197.912,1.019
197.942,1.021
197.972,1.019
198.002,1.017
198.032,1.018
198.062,1.018
198.092,1.022
198.122,1.021
198.152,1.027
198.182,1.022
198.212,1.017
198.242,1.015
198.272,1.020
198.302,1.019
198.332,1.023
198.362,1.021
198.392,1.019
198.422,1.018
198.452,1.017
198.482,1.021
198.512,1.023
198.542,1.019
198.572,1.017
198.602,1.021
198.632,1.018
198.662,1.021
198.692,1.023
198.722,1.014
198.752,1.022
198.782,1.020
198.812,1.012
198.842,1.022
198.872,1.022
198.902,1.017
198.932,1.018
198.962,1.018
198.992,1.020
199.022,1.018
199.052,1.019
199.082,1.018
199.112,1.021
199.142,1.021
199.172,1.019
199.202,1.019
199.232,1.019
199.262,1.021
199.292,1.020
199.322,1.018
199.352,1.019
199.382,1.015
199.412,1.020
199.442,1.020
199.472,1.019
199.502,1.020
199.532,1.018
199.562,1.022
199.592,1.024
199.622,1.016
199.652,1.014
199.682,1.015
199.712,1.017
199.742,1.023
199.772,1.017
199.802,1.020
199.832,1.021
199.862,1.020
199.892,1.019
199.922,1.016
199.952,1.021
199.982,1.021
200.012,1.013
200.042,1.026
200.072,1.017
200.102,1.015
200.132,1.022
200.162,1.021
200.192,1.017
200.222,1.017
200.252,1.018
200.282,1.021
200.312,1.023
200.342,1.017
200.372,1.014
200.402,1.018
200.432,1.014
200.462,1.024
200.492,1.030
200.522,1.021
200.552,1.021
200.582,1.019
200.612,1.018
200.642,1.016
200.672,1.019
200.702,1.017
200.732,1.021
200.762,1.021
200.792,1.017
200.822,1.023
200.852,1.013
200.882,1.023
200.912,1.021
200.942,1.016
200.972,1.021
201.002,1.017
201.032,1.020
201.062,1.024
201.092,1.031
201.122,1.018
201.152,1.016
201.182,1.026
201.212,1.014
201.242,1.021
201.272,1.002
201.302,1.019
201.332,1.048
201.362,1.035
201.392,1.021
201.422,1.020
201.452,1.016
201.482,1.016
201.512,1.009
201.542,1.013
201.572,1.020
201.602,1.022
201.632,1.030
201.662,1.015
201.692,1.019
201.722,1.020
201.752,1.015
201.782,1.022
201.812,1.021
201.842,1.019
201.872,1.024
201.902,1.013
201.932,1.022
201.962,1.025
201.992,1.016
202.022,1.022
202.052,1.022
202.082,1.020
202.112,1.020
202.142,1.021
202.172,1.021
202.202,1.015
202.232,1.021
202.262,1.019
202.292,1.021
202.322,1.016
202.352,1.023
202.382,1.014
202.412,1.025
202.442,1.021
202.472,1.013
202.502,1.019
202.532,1.021
202.562,1.017
202.592,1.029
202.622,1.016
202.652,1.024
202.682,1.017
202.712,1.016
202.742,1.022
202.772,1.021
202.802,1.019
202.832,1.020
202.862,1.019
202.892,1.016
202.922,1.020
202.952,1.022
202.982,1.022
203.012,1.012
203.042,1.018
203.072,1.018
203.102,1.023
203.132,1.024
203.162,1.019
203.192,1.015
203.222,1.022
203.252,1.019
203.282,1.028
203.312,1.017
203.342,1.022
203.372,1.018
203.402,1.013
203.432,1.022
203.462,1.020
203.492,1.022
203.522,1.016
203.552,1.016
203.582,1.019
203.612,1.021
203.642,1.019
203.672,1.024
203.702,1.022
203.732,1.023
203.762,1.014
203.792,1.023
203.822,1.021
203.852,1.017
203.882,1.021
203.912,1.017
203.942,1.021
203.972,1.023
204.002,1.014
204.032,1.018
204.062,1.022
204.092,1.019
204.122,1.018
204.152,1.017
204.182,1.020
204.212,1.020
204.242,1.021
204.272,1.018
204.302,1.019
204.332,1.016
204.362,1.021
204.392,1.023
204.422,1.018
204.452,1.015
204.482,1.025
204.512,1.021
204.542,1.017
204.572,1.021
204.602,1.019
204.632,1.017
204.662,1.024
204.692,1.014
204.722,1.020
204.752,1.021
204.782,1.019
204.812,1.020
204.842,1.015
204.872,1.020
204.902,1.020
204.932,1.016
204.962,1.018
204.992,1.020
205.022,1.018
205.052,1.021
205.082,1.020
205.112,1.019
205.142,1.018
205.172,1.016
205.202,1.026
205.232,1.019
205.262,1.014
205.292,1.014
205.322,1.021
205.352,1.018
205.382,1.021
205.412,1.018
205.442,1.021
205.472,1.012
205.502,1.016
205.532,1.024
205.562,1.021
205.592,1.022
205.622,1.020
205.652,1.018
205.682,1.019
205.712,1.017
205.742,1.023
205.772,1.021
205.802,1.017
205.832,1.021
205.862,1.015
205.892,1.023
205.922,1.024
205.952,1.019
205.982,1.015
206.012,1.019
206.042,1.017
206.072,1.021
206.102,1.015
206.132,1.017
206.162,1.021
206.192,1.019
206.222,1.018
206.252,1.021
206.282,1.021
206.312,1.018
206.342,1.019
206.372,1.021
206.402,1.020
206.432,1.021
206.462,1.021
206.492,1.019
206.522,1.019
206.552,1.022
206.582,1.015
206.612,1.023
206.642,1.022
206.672,1.014
206.702,1.016
206.732,1.019
206.762,1.020
206.792,1.021
206.822,1.014
206.852,1.019
206.882,1.024
206.912,1.015
206.942,1.021
206.972,1.019
207.002,1.017
207.032,1.020
207.062,1.018
207.092,1.020
207.122,1.017
207.152,1.020
207.182,1.020
207.212,1.016
207.242,1.018
207.272,1.017
207.302,1.021
207.332,1.023
207.362,1.020
207.392,1.012
207.422,1.018
207.452,1.019
207.482,1.020
207.512,1.023
207.542,1.021
207.572,1.020
207.602,1.015
207.632,1.019
207.662,1.023
207.692,1.021
207.722,1.021
207.752,1.013
207.782,1.015
207.812,1.023
207.842,1.021
207.872,1.019
207.902,1.020
207.932,1.021
207.962,1.018
207.992,1.023
208.022,1.023
208.052,1.020
208.082,1.014
208.112,1.018
208.142,1.021
208.172,1.021
208.202,1.019
208.232,1.021
208.262,1.020
208.292,1.019
208.322,1.019
208.352,1.023
208.382,1.021
208.412,1.017
208.442,1.018
208.472,1.016
208.502,1.019
208.532,1.023
208.562,1.019
208.592,1.022
208.622,1.021
208.652,1.011
208.682,1.022
208.712,1.021
208.742,1.016
208.772,1.020
208.802,1.017
208.832,1.019
208.862,1.018
208.892,1.011
208.922,1.016
208.952,1.024
208.982,1.017
209.012,1.016
209.042,1.021
209.072,1.016
209.102,1.018
209.132,1.019
209.162,1.021
209.192,1.018
209.222,1.021
209.252,1.022
209.282,1.021
209.312,1.020
209.342,1.020
209.372,1.014
209.402,1.022
209.432,1.018
209.462,1.016
209.492,1.020
209.522,1.018
209.552,1.017
209.582,1.024
209.612,1.014
209.642,1.015
209.672,1.018
209.702,1.016
209.732,1.020
209.762,1.020
209.792,1.021
209.822,1.018
209.852,1.019
209.882,1.019
209.912,1.021
209.942,1.023
209.972,1.018
210.002,1.014
210.032,1.019
210.062,1.021
210.092,1.013
210.122,1.024
210.152,1.021
210.182,1.015
210.212,1.017
210.242,1.018
210.272,1.021
210.302,1.023
210.332,1.016
210.362,1.017
210.392,1.020
210.422,1.015
210.452,1.021
210.482,1.019
210.512,1.017
210.542,1.019
210.572,1.014
210.602,1.020
210.632,1.020
210.662,1.020
210.692,1.023
210.722,1.021
210.752,1.019
210.782,1.021
210.812,1.018
210.842,1.022
210.872,1.021
210.902,1.016
210.932,1.018
210.962,1.018
210.992,1.018
211.022,1.021
211.052,1.016
211.082,1.019
211.112,1.022
211.142,1.017
211.172,1.016
211.202,1.020
211.232,1.021
211.262,1.023
211.292,1.021
211.322,1.017
211.352,1.017
211.382,1.021
211.412,1.016
211.442,1.016
211.472,1.021
211.502,1.017
211.532,1.020
211.562,1.019
211.592,1.021
211.622,1.021
211.652,1.015
211.682,1.016
211.712,1.018
211.742,1.019
211.772,1.021
211.802,1.013
211.832,1.020
211.862,1.018
211.892,1.018
211.922,1.021
211.952,1.020
211.982,1.018
212.012,1.020
212.042,1.017
212.072,1.019
212.102,1.021
212.132,1.019
212.162,1.021
212.192,1.021
212.222,1.018
212.252,1.014
212.282,1.016
212.312,1.017
212.342,1.026
212.372,1.020
212.402,1.009
212.432,1.016
212.462,1.018
212.492,1.022
212.522,1.019
212.552,1.026
212.582,1.018
212.612,1.020
212.642,1.020
212.672,1.018
212.702,1.016
212.732,1.017
212.762,1.019
212.792,1.016
212.822,1.017
212.852,1.015
212.882,1.019
212.912,1.024
212.942,1.019
212.972,1.020
213.002,1.015
213.032,1.014
213.062,1.023
213.092,1.021
213.122,1.017
213.152,1.019
213.182,1.018
213.212,1.014
213.242,1.020
213.272,1.027
213.302,1.017
213.332,1.021
213.362,1.021
213.392,1.016
213.422,1.019
213.452,1.018
213.482,1.021
213.512,1.022
213.542,1.016
213.572,1.015
213.602,1.020
213.632,1.021
213.662,1.019
213.692,1.022
213.722,1.013
213.752,1.013
213.782,1.021
213.812,1.024
213.842,1.019
213.872,1.012
213.902,1.016
213.932,1.017
213.962,1.021
213.992,1.024
214.022,1.011
214.052,1.019
214.082,1.021
214.112,1.019
214.142,1.022
214.172,1.018
214.202,1.019
214.232,1.021
214.262,1.018
214.292,1.022
214.322,1.018
214.352,1.021
214.382,1.021
214.412,1.015
214.442,1.020
214.472,1.017
214.502,1.020
214.532,1.018
214.562,1.012
214.592,1.017
214.622,1.015
214.652,1.021
214.682,1.027
214.712,1.013
214.742,1.020
214.772,1.016
214.802,1.021
214.832,1.022
214.862,1.022
214.892,1.016
214.922,1.016
214.952,1.018
214.982,1.017
215.012,1.019
215.042,1.021
215.072,1.019
215.102,1.020
215.132,1.013
215.162,1.019
215.192,1.019
215.222,1.017
215.252,1.017
215.282,1.019
215.312,1.021
215.342,1.021
215.372,1.015
215.402,1.015
215.432,1.021
215.462,1.020
215.492,1.017
215.522,1.018
215.552,1.020
215.582,1.018
215.612,1.015
215.642,1.017
215.672,1.018
215.702,1.017
215.732,1.024
215.762,1.021
215.792,1.008
215.822,1.023
215.852,1.025
215.882,1.015
215.912,1.006
215.942,1.020
215.972,1.028
216.002,1.014
216.032,1.020
216.062,1.008
216.092,1.021
216.122,1.018
216.152,1.017
216.182,1.021
216.212,1.022
216.242,1.021
216.272,1.015
216.302,1.015
216.332,1.021
216.362,1.016
216.392,1.019
216.422,1.013
216.452,1.014
216.482,1.030
216.512,1.021
216.542,1.015
216.572,1.013
216.602,1.017
216.632,1.020
216.662,1.015
216.692,1.019
216.722,1.018
216.752,1.017
216.782,1.012
216.812,1.018
216.842,1.021
216.872,1.021
216.902,1.021
216.932,1.020
216.962,1.018
216.992,1.019
217.022,1.020
217.052,1.022
217.082,1.023
217.112,1.015
217.142,1.019
217.172,1.019
217.202,1.014
217.232,1.016
217.262,1.016
217.292,1.015
217.322,1.025
217.352,1.017
217.382,1.019
217.412,1.020
217.442,1.017
217.472,1.019
217.502,1.019
217.532,1.018
217.562,1.019
217.592,1.014
217.622,1.015
217.652,1.023
217.682,1.021
217.712,1.025
217.742,1.019
217.772,1.010
217.802,1.023
217.832,1.021
217.862,1.017
217.892,1.016
217.922,1.019
217.952,1.016
217.982,1.017
218.012,1.019
218.042,1.016
218.072,1.025
218.102,1.017
218.132,1.020
218.162,1.019
218.192,1.012
218.222,1.021
218.252,1.021
218.282,1.019
218.312,1.017
218.342,1.020
218.372,1.018
218.402,1.021
218.432,1.026
218.462,1.021
218.492,1.013
218.522,1.025
218.552,1.021
218.582,1.017
218.612,1.013
218.642,1.017
218.672,1.019
218.702,1.024
218.732,1.016
218.762,1.016
218.792,1.019
218.822,1.018
218.852,1.019
218.882,1.021
218.912,1.021
218.942,1.017
218.972,1.016
219.002,1.018
219.032,1.022
219.062,1.018
219.092,1.017
219.122,1.017
219.152,1.019
219.182,1.018
219.212,1.022
219.242,1.021
219.272,1.017
219.302,1.016
219.332,1.015
219.362,1.017
219.392,1.017
219.422,1.022
219.452,1.020
219.482,1.022
219.512,1.017
219.542,1.017
219.572,1.021
219.602,1.016
219.632,1.020
219.662,1.023
219.692,1.022
219.722,1.012
219.752,1.022
219.782,1.020
219.812,1.019
219.842,1.015
219.872,1.017
219.902,1.016
219.932,1.022
219.962,1.021
219.992,1.017
220.022,1.018
220.052,1.016
220.082,1.018
220.112,1.019
220.142,1.021
220.172,1.025
220.202,1.019
220.232,1.017
220.262,1.018
220.292,1.019
220.322,1.021
220.352,1.019
220.382,1.020
220.412,1.018
220.442,1.015
220.472,1.022
220.502,1.019
220.532,1.024
220.562,1.024
220.592,1.011
220.622,1.026
220.652,1.021
220.682,1.020
220.712,1.019
220.742,1.016
220.772,1.020
220.802,1.017
220.832,1.020
220.862,1.021
220.892,1.023
220.922,1.019
220.952,1.019
220.982,1.022
221.012,1.020
221.042,1.021
221.072,1.018
221.102,1.016
221.132,1.019
221.162,1.021
221.192,1.021
221.222,1.020
221.252,1.015
221.282,1.017
221.312,1.016
221.342,1.027
221.372,1.025
221.402,1.016
221.432,1.017
221.462,1.016
221.492,1.018
221.522,1.023
221.552,1.015
221.582,1.018
221.612,1.019
221.642,1.015
221.672,1.019
221.702,1.021
221.732,1.021
221.762,1.018
221.792,1.017
221.822,1.023
221.852,1.019
221.882,1.019
221.912,1.020
221.942,1.022
221.972,1.016
222.002,1.015
222.032,1.025
222.062,1.019
222.092,1.014
222.122,1.016
222.152,1.020
222.182,1.018
222.212,1.027
222.242,1.017
222.272,1.018
222.302,1.021
222.332,1.019
222.362,1.020
222.392,1.017
222.422,1.020
222.452,1.020
222.482,1.014
222.512,1.016
222.542,1.025
222.572,1.018
222.602,1.022
222.632,1.018
222.662,1.013
222.692,1.025
222.722,1.026
222.752,1.018
222.782,1.016
222.812,1.017
222.842,1.019
222.872,1.017
222.902,1.020
222.932,1.019
222.962,1.024
222.992,1.019
223.022,1.016
223.052,1.021
223.082,1.020
223.112,1.019
223.142,1.021
223.172,1.016
223.202,1.021
223.232,1.017
223.262,1.019
223.292,1.021
223.322,1.020
223.352,1.015
223.382,1.030
223.412,1.020
223.442,1.017
223.472,1.016
223.502,1.017
223.532,1.021
223.562,1.025
223.592,1.016
223.622,1.017
223.652,1.019
223.682,1.015
223.712,1.020
223.742,1.021
223.772,1.021
223.802,1.017
223.832,1.013
223.862,1.018
223.892,1.020
223.922,1.017
223.952,1.017
223.982,1.022
224.012,1.020
224.042,1.015
224.072,1.021
224.102,1.019
224.132,1.019
224.162,1.019
224.192,1.020
224.222,1.014
224.252,1.023
224.282,1.020
224.312,1.020
224.342,1.018
224.372,1.020
224.402,1.019
224.432,1.019
224.462,1.021
224.492,1.020
224.522,1.019
224.552,1.021
224.582,1.018
224.612,1.021
224.642,1.018
224.672,1.019
224.702,1.021
224.732,1.021
224.762,1.019
224.792,1.018
224.822,1.020
224.852,1.021
224.882,1.020
224.912,1.026
224.942,1.009
224.972,1.023
225.002,1.023
225.032,1.018
225.062,1.020
225.092,1.017
225.122,1.021
225.152,1.017
225.182,1.012
225.212,1.021
225.242,1.021
225.272,1.019
225.302,1.021
225.332,1.018
225.362,1.012
225.392,1.025
225.422,1.022
225.452,1.019
225.482,1.018
225.512,1.019
225.542,1.016
225.572,1.018
225.602,1.016
225.632,1.017
225.662,1.023
225.692,1.017
225.722,1.015
225.752,1.019
225.782,1.021
225.812,1.017
225.842,1.019
225.872,1.019
225.902,1.019
225.932,1.023
225.962,1.018
225.992,1.017
226.022,1.017
226.052,1.020
226.082,1.017
226.112,1.027
226.142,1.021
226.172,1.017
226.202,1.018
226.232,1.016
226.262,1.021
226.292,1.027
226.322,1.015
226.352,1.016
226.382,1.016
226.412,1.014
226.442,1.019
226.472,1.018
226.502,1.020
226.532,1.018
226.562,1.021
226.592,1.021
226.622,1.018
226.652,1.021
226.682,1.021
226.712,1.021
226.742,1.020
226.772,1.016
226.802,1.025
226.832,1.023
226.862,1.018
226.892,1.019
226.922,1.020
226.952,1.017
226.982,1.014
227.012,1.021
227.042,1.021
227.072,1.021
227.102,1.018
227.132,1.019
227.162,1.017
227.192,1.018
227.222,1.021
227.252,1.021
227.282,1.018
227.312,1.018
227.342,1.016
227.372,1.021
227.402,1.020
227.432,1.016
227.462,1.020
227.492,1.021
227.522,1.015
227.552,1.022
227.582,1.021
227.612,1.018
227.642,1.015
227.672,1.016
227.702,1.019
227.732,1.021
227.762,1.016
227.792,1.021
227.822,1.021
227.852,1.018
227.882,1.019
227.912,1.018
227.942,1.019
227.972,1.021
228.002,1.020
228.032,1.016
228.062,1.018
228.092,1.020
228.122,1.018
228.152,1.022
228.182,1.019
228.212,1.014
228.242,1.015
228.272,1.013
228.302,1.015
228.332,1.024
228.362,1.024
228.392,1.017
228.422,1.016
228.452,1.017
228.482,1.020
228.512,1.021
228.542,1.020
228.572,1.017
228.602,1.021
228.632,1.019
228.662,1.019
228.692,1.020
228.722,1.019
228.752,1.018
228.782,1.016
228.812,1.018
228.842,1.020
228.872,1.017
228.902,1.019
228.932,1.022
228.962,1.019
228.992,1.015
229.022,1.020
229.052,1.021
229.082,1.023
229.112,1.032
229.142,1.016
229.172,1.020
229.202,1.020
229.232,1.018
229.262,1.021
229.292,1.026
229.322,1.018
229.352,1.015
229.382,1.018
229.412,1.017
229.442,1.020
229.472,1.023
229.502,1.020
229.532,1.018
229.562,1.020
229.592,1.018
229.622,1.017
229.652,1.022
229.682,1.016
229.712,1.009
229.742,1.011
229.772,1.019
229.802,1.010
229.832,1.024
229.862,1.016
229.892,1.014
229.922,1.014
229.952,1.031
229.982,1.020
230.012,1.026
230.042,1.014
230.072,1.023
230.102,1.022
230.132,1.018
230.162,1.023
230.192,1.021
230.222,1.016
230.252,1.055
230.282,1.072
230.312,1.042
230.342,1.062
230.372,0.983
230.402,1.042
230.432,1.019
230.462,0.999
230.492,1.007
230.522,1.002
230.552,1.027
230.582,1.049
230.612,1.022
230.642,1.043
230.672,1.093
230.702,1.010
230.732,0.988
230.762,0.983
230.792,0.981
230.822,1.005
230.852,1.012
230.882,0.966
230.912,1.007
230.942,0.977
230.972,0.993
231.002,1.075
231.032,1.071
231.062,1.089
231.092,1.078
231.122,0.930
231.152,0.954
231.182,0.921
231.212,1.048
231.242,1.028
231.272,1.005
231.302,1.079
231.332,1.050
231.362,1.022
231.392,1.184
231.422,0.956
231.452,0.936
231.482,0.959
231.512,0.925
231.542,1.215
231.572,0.799
231.602,1.115
231.632,0.963
231.662,1.055
231.692,1.001
231.722,1.020
231.752,1.026
231.782,1.022
231.812,1.018
231.842,1.022
231.872,1.016
231.902,1.017
231.932,1.024
231.962,1.024
231.992,1.021
232.022,1.021
232.052,1.019
232.082,1.020
232.112,1.017
232.142,1.028
232.172,1.010
232.202,1.023
232.232,1.021
232.262,1.015
232.292,1.020
232.322,1.021
232.352,1.022
232.382,1.020
232.412,1.021
232.442,1.023
232.472,1.025
232.502,1.019
232.532,1.021
232.562,1.026
232.592,1.016
232.622,1.019
232.652,1.023
232.682,1.025
232.712,1.017
232.742,1.021
232.772,1.019
232.802,1.014
232.832,1.027
232.862,1.027
232.892,1.013
232.922,1.019
232.952,1.020
232.982,1.016
233.012,1.018
233.042,1.020
233.072,1.019
233.102,1.019
233.132,1.021
233.162,1.016
233.192,1.021
233.222,1.021
233.252,1.017
233.282,1.018
233.312,1.019
233.342,1.023
233.372,1.023
233.402,1.026
233.432,1.018
233.462,1.016
233.492,1.021
233.522,1.024
233.552,1.019
233.582,1.028
233.612,1.021
233.642,1.019
233.672,1.018
233.702,1.017
233.732,1.021
233.762,1.021
233.792,1.021
233.822,1.019
233.852,1.021
233.882,1.019
233.912,1.023
233.942,1.024
233.972,1.021
234.002,1.027
234.032,1.014
234.062,1.016
234.092,1.027
234.122,1.022
234.152,1.017
234.182,1.022
234.212,1.020
234.242,1.018
234.272,1.024
234.302,1.028
234.332,1.017
234.362,1.023
234.392,1.021
234.422,1.016
234.452,1.027
234.482,1.021
234.512,1.019
234.542,1.019
234.572,1.021
234.602,1.015
234.632,1.023
234.662,1.023
234.692,1.021
234.722,1.016
234.752,1.020
234.782,1.015
234.812,1.017
234.842,1.029
234.872,1.022
234.902,1.021
234.932,1.019
234.962,1.018
234.992,1.016
235.022,1.021
235.052,1.023
235.082,1.019
235.112,1.018
235.142,1.021
235.172,1.012
235.202,1.022
235.232,1.028
235.262,1.021
235.292,1.063
235.322,0.989
235.352,0.989
235.382,1.024
235.412,1.028
235.442,0.975
235.472,1.205
235.502,0.990
235.532,1.061
235.562,1.032
235.592,1.064
235.622,0.987
235.652,1.028
235.682,0.811
235.712,1.018
235.742,1.155
235.772,1.104
235.802,1.048
235.832,0.948
235.862,1.029
235.892,1.032
235.922,1.032
235.952,1.078
235.982,1.065
236.012,0.992
236.042,1.099
236.072,1.062
236.102,0.956
236.132,0.976
236.162,1.012
236.192,1.055
236.222,1.016
236.252,1.017
236.282,1.147
236.312,1.242
236.342,0.907
236.372,1.117
236.402,1.016
236.432,1.025
236.462,1.023
236.492,1.023
236.522,1.030
236.552,1.022
236.582,1.023
236.612,1.026
236.642,1.027
236.672,1.029
236.702,1.030
236.732,1.025
236.762,1.025
236.792,1.027
236.822,1.028
236.852,1.032
236.882,1.025
236.912,1.030
236.942,1.023
236.972,1.027
237.002,1.025
237.032,1.026
237.062,1.031
237.092,1.029
237.122,1.023
237.152,1.024
237.182,1.030
237.212,1.026
237.242,1.025
237.272,1.033
237.302,1.023
237.332,1.030
237.362,1.029
237.392,1.024
237.422,1.027
237.452,1.023
237.482,1.028
237.512,1.028
237.542,1.025
237.572,1.023
237.602,1.025
237.632,1.030
237.662,1.028
237.692,1.027
237.722,1.024
237.752,1.025
237.782,1.030
237.812,1.037
237.842,1.022
237.872,1.022
237.902,1.023
237.932,1.028
237.962,1.028
237.992,1.031
238.022,1.022
238.052,1.025
238.082,1.029
238.112,1.028
238.142,1.025
238.172,1.031
238.202,1.032
238.232,1.038
238.262,1.027
238.292,1.023
238.322,1.022
238.352,1.023
238.382,1.036
238.412,1.035
238.442,1.027
238.472,1.017
238.502,1.032
238.532,1.031
238.562,1.028
238.592,1.029
238.622,1.031
238.652,1.028
238.682,1.033
238.712,1.027
238.742,1.030
238.772,1.034
238.802,1.028
238.832,1.029
238.862,1.030
238.892,1.028
238.922,1.032
238.952,1.034
238.982,1.026
239.012,1.032
239.042,1.029
239.072,1.032
239.102,1.025
239.132,1.027
239.162,1.034
239.192,1.032
239.222,1.030
239.252,1.025
239.282,1.031
239.312,1.026
239.342,1.028
239.372,1.034
239.402,1.027
239.432,1.032
239.462,1.028
239.492,1.029
239.522,1.031
239.552,1.027
239.582,1.028
239.612,1.030
239.642,1.027
239.672,1.034
239.702,1.029
239.732,1.031
239.762,1.027
239.792,1.029
239.822,1.024
239.852,1.041
239.882,1.032
239.912,1.021
239.942,1.026
239.972,1.027
240.002,1.030
240.032,1.034
240.062,1.024
240.092,1.030
240.122,1.029
240.152,1.027
240.182,1.029
240.212,1.027
240.242,1.029
240.272,1.030
240.302,1.027
240.332,1.031
240.362,1.033
240.392,1.031
240.422,1.028
240.452,1.033
240.482,1.028
240.512,1.031
240.542,1.032
240.572,1.027
240.602,1.027
240.632,1.026
240.662,1.031
240.692,1.039
240.722,1.025
240.752,1.032
240.782,1.029
240.812,1.023
240.842,1.029
240.872,1.028
240.902,1.029
240.932,1.031
240.962,1.027
240.992,1.030
241.022,1.029
241.052,1.029
241.082,1.032
241.112,1.029
241.142,1.025
241.172,1.030
241.202,1.032
241.232,1.034
241.262,1.026
241.292,1.025
241.322,1.029
241.352,1.030
241.382,1.035
241.412,1.022
241.442,1.031
241.472,1.030
241.502,1.029
241.532,1.031
241.562,1.029
241.592,1.029
241.622,1.032
241.652,1.027
241.682,1.029
241.712,1.027
241.742,1.029
241.772,1.027
241.802,1.027
241.832,1.031
241.862,1.033
241.892,1.029
241.922,1.041
241.952,1.031
241.982,1.025
242.012,1.025
242.042,1.025
242.072,1.034
242.102,1.036
242.132,1.025
242.162,1.030
242.192,1.029
242.222,1.024
242.252,1.035
242.282,1.033
242.312,1.030
242.342,1.031
242.372,1.027
242.402,1.027
242.432,1.028
242.462,1.032
242.492,1.034
242.522,1.027
242.552,1.029
242.582,1.033
242.612,1.027
242.642,1.032
242.672,1.031
242.702,1.027
242.732,1.028
242.762,1.029
242.792,1.030
242.822,1.034
242.852,1.031
242.882,1.030
242.912,1.026
242.942,1.029
242.972,1.030
243.002,1.033
243.032,1.031
243.062,1.026
243.092,1.027
243.122,1.030
243.152,1.030
243.182,1.032
243.212,1.029
243.242,1.034
243.272,1.030
243.302,1.023
243.332,1.035
243.362,1.034
243.392,1.026
243.422,1.027
243.452,1.032
243.482,1.027
243.512,1.029
243.542,1.030
243.572,1.028
243.602,1.033
243.632,1.027
243.662,1.029
243.692,1.027
243.722,1.025
243.752,1.032
243.782,1.028
243.812,1.024
243.842,1.026
243.872,1.032
243.902,1.032
243.932,1.030
243.962,1.033
243.992,1.029
244.022,1.029
244.052,1.034
244.082,1.030
244.112,1.029
244.142,1.024
244.172,1.030
244.202,1.031
244.232,1.038
244.262,1.028
244.292,1.028
244.322,1.032
244.352,1.030
244.382,1.025
244.412,1.030
244.442,1.030
244.472,1.027
244.502,1.028
244.532,1.030
244.562,1.031
244.592,1.032
244.622,1.031
244.652,1.025
244.682,1.030
244.712,1.031
244.742,1.030
244.772,1.037
244.802,1.026
244.832,1.023
244.862,1.021
244.892,1.029
244.922,1.031
244.952,1.034
244.982,1.032
245.012,1.033
245.042,1.026
245.072,1.026
245.102,1.030
245.132,1.033
245.162,1.032
245.192,1.030
245.222,1.028
245.252,1.029
245.282,1.031
245.312,1.029
245.342,1.031
245.372,1.029
245.402,1.023
245.432,1.035
245.462,1.032
245.492,1.030
245.522,1.028
245.552,1.029
245.582,1.028
245.612,1.031
245.642,1.030
245.672,1.028
245.702,1.032
245.732,1.029
245.762,1.029
245.792,1.029
245.822,1.030
245.852,1.030
245.882,1.032
245.912,1.032
245.942,1.029
245.972,1.029
246.002,1.029
246.032,1.030
246.062,1.021
246.092,1.024
246.122,1.038
246.152,1.037
246.182,1.030
246.212,1.029
246.242,1.030
246.272,1.028
246.302,1.024
246.332,1.035
246.362,1.025
246.392,1.032
246.422,1.026
246.452,1.026
246.482,1.031
246.512,1.030
246.542,1.029
246.572,1.030
246.602,1.030
246.632,1.029
246.662,1.028
246.692,1.031
246.722,1.028
246.752,1.027
246.782,1.028
246.812,1.029
246.842,1.032
246.872,1.037
246.902,1.028
246.932,1.024
246.962,1.026
246.992,1.033
247.022,1.032
247.052,1.038
247.082,1.026
247.112,1.028
247.142,1.025
247.172,1.027
247.202,1.028
247.232,1.030
247.262,1.032
247.292,1.028
247.322,1.024
247.352,1.030
247.382,1.034
247.412,1.028
247.442,1.031
247.472,1.032
247.502,1.029
247.532,1.034
247.562,1.035
247.592,1.031
247.622,1.027
247.652,1.027
247.682,1.028
247.712,1.029
247.742,1.033
247.772,1.031
247.802,1.031
247.832,1.026
247.862,1.023
247.892,1.030
247.922,1.032
247.952,1.029
247.982,1.028
248.012,1.025
248.042,1.030
248.072,1.029
248.102,1.028
248.132,1.030
248.162,1.030
248.192,1.025
248.222,1.029
248.252,1.032
248.282,1.031
248.312,1.024
248.342,1.025
248.372,1.031
248.402,1.030
248.432,1.033
248.462,1.025
248.492,1.029
248.522,1.036
248.552,1.025
248.582,1.031
248.612,1.031
248.642,1.026
248.672,1.029
248.702,1.029
248.732,1.027
248.762,1.026
248.792,1.032
248.822,1.030
248.852,1.032
248.882,1.023
248.912,1.024
248.942,1.040
248.972,1.032
249.002,1.025
249.032,1.024
249.062,1.032
249.092,1.027
249.122,1.029
249.152,1.027
249.182,1.028
249.212,1.031
249.242,1.027
249.272,1.030
249.302,1.028
249.332,1.030
249.362,1.027
249.392,1.028
249.422,1.024
249.452,1.032
249.482,1.030
249.512,1.027
249.542,1.024
249.572,1.027
249.602,1.028
249.632,1.035
249.662,1.028
249.692,1.024
249.722,1.027
249.752,1.030
249.782,1.032
249.812,1.032
249.842,1.023
249.872,1.028
249.902,1.028
249.932,1.025
249.962,1.033
249.992,1.035
250.022,1.031
250.052,1.024
250.082,1.029
250.112,1.031
250.142,1.029
250.172,1.029
250.202,1.028
250.232,1.032
250.262,1.029
250.292,1.027
250.322,1.036
250.352,1.029
250.382,1.025
250.412,1.027
250.442,1.026
250.472,1.031
250.502,1.033
250.532,1.024
250.562,1.030
250.592,1.029
250.622,1.026
250.652,1.030
250.682,1.026
250.712,1.029
250.742,1.028
250.772,1.030
250.802,1.033
250.832,1.033
250.862,1.031
250.892,1.031
250.922,1.036
250.952,1.025
250.982,1.034
251.012,1.032
251.042,1.051
251.072,1.023
251.102,1.007
251.132,1.021
251.162,1.032
251.192,1.026
251.222,1.037
251.252,1.021
251.282,1.033
251.312,1.024
251.342,1.038
251.372,1.017
251.402,1.027
251.432,1.035
251.462,1.037
251.492,1.022
251.522,1.039
251.552,1.055
251.582,1.023
251.612,1.019
251.642,1.023
251.672,1.008
251.702,1.030
251.732,1.045
251.762,1.039
251.792,1.023
251.822,1.019
251.852,1.036
251.882,1.041
251.912,1.024
251.942,1.036
251.972,1.023
252.002,1.018
252.032,1.027
252.062,1.031
252.092,1.037
252.122,1.047
252.152,1.027
252.182,1.021
252.212,1.027
252.242,1.023
252.272,1.040
252.302,1.040
252.332,1.029
252.362,1.033
252.392,1.039
252.422,1.021
252.452,1.020
252.482,1.040
252.512,1.037
252.542,1.034
252.572,1.030
252.602,1.028
252.632,1.018
252.662,1.035
252.692,1.033
252.722,1.028
252.752,1.038
252.782,1.026
252.812,1.033
252.842,1.032
252.872,1.031
252.902,1.040
252.932,1.023
252.962,1.028
252.992,1.021
253.022,1.025
253.052,1.037
253.082,1.032
253.112,1.033
253.142,1.028
253.172,1.037
253.202,1.041
253.232,1.022
253.262,1.028
253.292,1.029
253.322,1.036
253.352,1.028
253.382,1.041
253.412,1.037
253.442,1.030
253.472,1.020
253.502,1.016
253.532,1.042
253.562,1.035
253.592,1.033
253.622,1.033
253.652,1.023
253.682,1.026
253.712,1.043
253.742,1.035
253.772,1.018
253.802,1.024
253.832,1.032
253.862,1.025
253.892,1.029
253.922,1.035
253.952,1.032
253.982,1.027
254.012,1.033
254.042,1.029
254.072,1.030
254.102,1.027
254.132,1.031
254.162,1.026
254.192,1.039
254.222,1.038
254.252,1.021
254.282,1.033
254.312,1.015
254.342,1.026
254.372,1.032
254.402,1.032
254.432,1.027
254.462,1.016
254.492,1.040
254.522,1.053
254.552,1.011
254.582,1.023
254.612,1.049
254.642,1.025
254.672,1.029
254.702,1.037
254.732,1.042
254.762,1.046
254.792,1.021
254.822,1.010
254.852,1.024
254.882,1.039
254.912,1.051
254.942,1.032
254.972,1.039
255.002,1.029
255.032,1.020
255.062,1.023
255.092,1.036
255.122,1.049
255.152,1.035
255.182,1.025
255.212,1.022
255.242,1.024
255.272,1.038
255.302,1.042
255.332,1.035
255.362,1.040
255.392,1.024
255.422,1.022
255.452,1.026
255.482,1.026
255.512,1.041
255.542,1.012
255.572,1.029
255.602,1.036
255.632,1.040
255.662,1.046
255.692,1.027
255.722,1.027
255.752,1.027
255.782,1.025
255.812,1.043
255.842,1.030
255.872,1.032
255.902,1.034
255.932,1.021
255.962,1.029
255.992,1.051
256.022,1.036
256.052,1.031
256.082,1.043
256.112,1.022
256.142,1.029
256.172,1.031
256.202,1.021
256.232,1.027
256.262,1.040
256.292,1.040
256.322,1.016
256.352,1.023
256.382,1.039
256.412,1.038
256.442,1.037
256.472,1.032
256.502,1.021
256.532,1.026
256.562,1.029
256.592,1.032
256.622,1.037
256.652,1.038
256.682,1.024
256.712,1.041
256.742,1.048
256.772,1.027
256.802,1.026
256.832,1.032
256.862,1.026
256.892,1.021
256.922,1.036
256.952,1.036
256.982,1.035
257.012,1.037
257.042,1.032
257.072,1.032
257.102,1.030
257.132,1.021
257.162,1.032
257.192,1.033
257.222,1.031
257.252,1.036
257.282,1.034
257.312,1.031
257.342,1.030
257.372,1.031
257.402,1.032
257.432,1.034
257.462,1.035
257.492,1.020
257.522,1.033
257.552,1.033
257.582,1.037
257.612,1.029
257.642,1.021
257.672,1.029
257.702,1.040
257.732,1.026
257.762,1.043
257.792,1.027
257.822,1.033
257.852,1.033
257.882,1.026
257.912,1.028
257.942,1.034
257.972,1.026
258.002,1.031
258.032,1.034
258.062,1.030
258.092,1.022
258.122,1.034
258.152,1.040
258.182,1.040
258.212,1.032
258.242,1.029
258.272,1.034
258.302,1.031
258.332,1.026
258.362,1.025
258.392,1.036
258.422,1.039
258.452,1.026
258.482,1.033
258.512,1.014
258.542,1.032
258.572,1.039
258.602,1.033
258.632,1.030
258.662,1.031
258.692,1.033
258.722,1.033
258.752,1.038
258.782,1.037
258.812,1.032
258.842,1.028
258.872,1.034
258.902,1.027
258.932,1.031
258.962,1.038
258.992,1.044
259.022,1.026
259.052,1.021
259.082,1.025
259.112,1.029
259.142,1.044
259.172,1.043
259.202,1.030
259.232,1.033
259.262,1.022
259.292,1.021
259.322,1.036
259.352,1.035
259.382,1.021
259.412,1.038
259.442,1.035
259.472,1.023
259.502,1.038
259.532,1.041
259.562,1.025
259.592,1.025
259.622,1.032
259.652,1.033
259.682,1.037
259.712,1.033
259.742,1.023
259.772,1.033
259.802,1.037
259.832,1.022
259.862,1.031
259.892,1.039
259.922,1.039
259.952,1.026
259.982,1.028
260.012,1.036
260.042,1.030
260.072,1.023
260.102,1.041
260.132,1.040
260.162,1.027
260.192,1.028
260.222,1.031
260.252,1.028
260.282,1.023
260.312,1.041
260.342,1.038
260.372,1.029
260.402,1.024
260.432,1.032
260.462,1.040
260.492,1.038
260.522,1.034
260.552,1.036
260.582,1.022
260.612,1.019
260.642,1.030
260.672,1.046
260.702,1.039
260.732,1.026
260.762,1.044
260.792,1.025
260.822,1.031
260.852,1.028
260.882,1.031
260.912,1.023
260.942,1.033
260.972,1.050
261.002,1.028
261.032,1.036
261.062,1.041
261.092,1.021
261.122,1.023
261.152,1.043
261.182,1.024
261.212,1.028
261.242,1.059
261.272,0.992
261.302,1.026
261.332,1.078
261.362,0.995
261.392,1.010
261.422,1.060
261.452,1.027
261.482,1.027
261.512,1.054
261.542,1.043
261.572,1.033
261.602,1.032
261.632,1.049
261.662,1.019
261.692,1.034
261.722,1.047
261.752,1.042
261.782,1.022
261.812,1.011
261.842,1.032
261.872,1.048
261.902,1.046
261.932,1.038
261.962,1.035
261.992,1.037
262.022,1.023
262.052,1.021
262.082,1.037
262.112,1.037
262.142,1.040
262.172,1.041
262.202,1.034
262.232,1.036
262.262,1.030
262.292,1.024
262.322,1.036
262.352,1.040
262.382,1.038
262.412,1.033
262.442,1.036
262.472,1.043
262.502,1.027
262.532,1.035
262.562,1.039
262.592,1.036
262.622,1.045
262.652,1.038
262.682,1.042
262.712,1.035
262.742,1.033
262.772,1.031
262.802,1.035
262.832,1.044
262.862,1.030
262.892,1.028
262.922,1.033
262.952,1.042
262.982,1.037
263.012,1.032
263.042,1.040
263.072,1.036
263.102,1.033
263.132,1.043
263.162,1.040
263.192,1.042
263.222,1.041
263.252,1.033
263.282,1.041
263.312,1.041
263.342,1.033
263.372,1.043
263.402,1.037
263.432,1.034
263.462,1.043
263.492,1.040
263.522,1.041
263.552,1.045
263.582,1.036
263.612,1.044
263.642,1.037
263.672,1.038
263.702,1.043
263.732,1.035
263.762,1.040
263.792,1.039
263.822,1.031
263.852,1.040
263.882,1.037
263.912,1.041
263.942,1.039
263.972,1.040
264.002,1.044
264.032,1.036
264.062,1.030
264.092,1.040
264.122,1.034
264.152,1.036
264.182,1.045
264.212,1.034
264.242,1.039
264.272,1.039
264.302,1.043
264.332,1.043
264.362,1.038
264.392,1.037
264.422,1.035
264.452,1.037
264.482,1.047
264.512,1.032
264.542,1.040
264.572,1.040
264.602,1.041
264.632,1.035
264.662,1.043
264.692,1.041
264.722,1.032
264.752,1.036
264.782,1.045
264.812,1.042
264.842,1.034
264.872,1.043
264.902,1.040
264.932,1.036
264.962,1.036
264.992,1.043
265.022,1.035
265.052,1.035
265.082,1.035
265.112,1.035
265.142,1.039
265.172,1.042
265.202,1.034
265.232,1.037
265.262,1.042
265.292,1.040
265.322,1.040
265.352,1.040
265.382,1.041
265.412,1.037
265.442,1.032
265.472,1.034
265.502,1.038
265.532,1.044
265.562,1.037
265.592,1.036
265.622,1.039
265.652,1.039
265.682,1.041
265.712,1.041
265.742,1.040
265.772,1.045
265.802,1.028
265.832,1.032
265.862,1.041
265.892,1.027
265.922,1.027
265.952,1.044
265.982,1.040
266.012,1.041
266.042,1.026
266.072,1.030
266.102,1.030
266.132,1.016
266.162,1.021
266.192,1.048
266.222,1.020
266.252,1.032
266.282,1.044
266.312,1.048
266.342,1.041
266.372,1.016
266.402,1.032
266.432,1.047
266.462,1.045
266.492,1.024
266.522,1.023
266.552,1.030
266.582,1.035
266.612,1.044
266.642,1.035
266.672,1.039
266.702,1.037
266.732,1.031
266.762,1.016
266.792,1.050
266.822,1.051
266.852,1.026
266.882,1.044
266.912,1.042
266.942,1.023
266.972,1.027
267.002,1.025
267.032,1.035
267.062,1.044
267.092,1.032
267.122,1.039
267.152,1.037
267.182,1.010
267.212,1.026
267.242,1.038
267.272,1.033
267.302,1.041
267.332,1.036
267.362,1.036
267.392,1.028
267.422,1.028
267.452,1.023
267.482,1.037
267.512,1.032
267.542,1.041
267.572,1.030
267.602,1.032
267.632,1.043
267.662,1.029
267.692,1.028
267.722,1.037
267.752,1.030
267.782,1.021
267.812,1.034
267.842,1.030
267.872,1.020
267.902,1.029
267.932,1.025
267.962,1.025
267.992,1.055
268.022,1.029
268.052,1.022
268.082,1.042
268.112,1.028
268.142,1.021
268.172,1.033
268.202,1.032
268.232,1.041
268.262,1.029
268.292,1.021
268.322,1.016
268.352,1.049
268.382,1.045
268.412,1.029
268.442,1.026
268.472,1.029
268.502,1.025
268.532,1.027
268.562,1.036
268.592,1.031
268.622,1.023
268.652,1.026
268.682,1.040
268.712,1.030
268.742,1.016
268.772,1.027
268.802,1.035
268.832,1.038
268.862,1.038
268.892,1.038
268.922,1.023
268.952,1.035
268.982,1.038
269.012,1.028
269.042,1.026
269.072,1.020
269.102,1.024
269.132,1.034
269.162,1.046
269.192,1.040
269.222,1.049
269.252,1.037
269.282,1.025
269.312,1.023
269.342,1.033
269.372,1.030
269.402,1.031
269.432,1.026
269.462,1.026
269.492,1.031
269.522,1.033
269.552,1.036
269.582,1.034
269.612,1.026
269.642,1.033
269.672,1.032
269.702,1.025
269.732,1.036
269.762,1.032
269.792,1.028
269.822,1.038
269.852,1.036
269.882,1.029
269.912,1.041
269.942,1.034
269.972,1.031
270.002,1.029
270.032,1.027
270.062,1.029
270.092,1.033
270.122,1.027
270.152,1.031
270.182,1.045
270.212,1.036
270.242,1.036
270.272,1.028
270.302,1.035
270.332,1.026
270.362,1.033
270.392,1.041
270.422,1.021
270.452,1.029
270.482,1.027
270.512,1.026
270.542,1.035
270.572,1.034
270.602,1.043
270.632,1.031
270.662,1.027
270.692,1.033
270.722,1.028
270.752,1.036
270.782,1.032
270.812,1.022
270.842,1.034
270.872,1.045
270.902,1.036
270.932,1.024
270.962,1.020
270.992,1.028
271.022,1.031
271.052,1.025
271.082,1.038
271.112,1.022
271.142,1.025
271.172,1.042
271.202,1.036
271.232,1.026
271.262,1.031
271.292,1.024
271.322,1.037
271.352,1.031
271.382,1.034
271.412,1.042
271.442,1.024
271.472,1.023
271.502,1.043
271.532,1.033
271.562,1.039
271.592,1.029
271.622,1.032
271.652,1.026
271.682,1.023
271.712,1.035
271.742,1.032
271.772,1.029
271.802,1.046
271.832,1.026
271.862,1.029
271.892,1.048
271.922,1.022
271.952,1.023
271.982,1.038
272.012,1.042
272.042,1.033
272.072,1.038
272.102,1.030
272.132,1.022
272.162,1.028
272.192,1.047
272.222,1.027
272.252,1.031
272.282,1.032
272.312,1.034
272.342,1.034
272.372,1.036
272.402,1.042
272.432,1.034
272.462,1.030
272.492,1.023
272.522,1.015
272.552,1.046
272.582,1.031
272.612,1.049
272.642,1.045
272.672,1.001
272.702,1.023
272.732,1.046
272.762,1.018
272.792,1.051
272.822,1.020
272.852,1.017
272.882,1.040
272.912,1.046
272.942,1.023
272.972,1.025
273.002,1.031
273.032,1.032
273.062,1.028
273.092,1.028
273.122,1.032
273.152,1.036
273.182,1.030
273.212,1.031
273.242,1.033
273.272,1.028
273.302,1.034
273.332,1.032
273.362,1.012
273.392,1.022
273.422,1.037
273.452,1.037
273.482,1.024
273.512,1.036
273.542,1.044
273.572,1.036
273.602,1.030
273.632,1.014
273.662,1.020
273.692,1.032
273.722,1.030
273.752,1.032
273.782,1.030
273.812,1.029
273.842,1.023
273.872,1.025
273.902,1.027
273.932,1.031
273.962,1.037
273.992,1.033
274.022,1.031
274.052,1.029
274.082,1.027
274.112,1.034
274.142,1.036
274.172,1.033
274.202,1.030
274.232,1.029
274.262,1.031
274.292,1.030
274.322,1.034
274.352,1.027
274.382,1.023
274.412,1.031
274.442,1.031
274.472,1.041
274.502,1.038
274.532,1.044
274.562,1.020
274.592,0.985
274.622,1.062
274.652,1.085
274.682,1.037
274.712,1.033
274.742,1.019
274.772,1.036
274.802,1.027
274.832,1.039
274.862,1.030
274.892,1.043
274.922,1.030
274.952,1.019
274.982,1.018
275.012,1.025
275.042,1.027
275.072,1.038
275.102,1.031
275.132,1.032
275.162,1.031
275.192,1.034
275.222,1.042
275.252,1.042
275.282,1.033
275.312,1.035
275.342,1.025
275.372,1.021
275.402,1.026
275.432,1.042
275.462,1.039
275.492,1.042
275.522,1.028
275.552,1.028
275.582,1.019
275.612,1.023
275.642,1.037
275.672,1.039
275.702,1.023
275.732,1.021
275.762,1.038
275.792,1.036
275.822,1.021
275.852,1.020
275.882,1.036
275.912,1.034
275.942,1.024
275.972,1.027
276.002,1.037
276.032,1.033
276.062,1.021
276.092,1.021
276.122,1.037
276.152,1.031
276.182,1.027
276.212,1.028
276.242,1.033
276.272,1.033
276.302,1.036
276.332,1.034
276.362,1.025
276.392,1.032
276.422,1.034
276.452,1.031
276.482,1.036
276.512,1.033
276.542,1.029
276.572,1.029
276.602,1.030
276.632,1.031
276.662,1.032
276.692,1.038
276.722,1.032
276.752,1.028
276.782,1.041
276.812,1.035
276.842,1.030
276.872,1.026
276.902,1.024
276.932,1.029
276.962,1.060
276.992,1.058
277.022,1.036
277.052,1.010
277.082,1.021
277.112,1.024
277.142,1.010
277.172,1.039
277.202,1.063
277.232,1.028
277.262,0.989
277.292,1.043
277.322,1.049
277.352,1.033
277.382,1.016
277.412,1.050
277.442,1.028
277.472,1.031
277.502,1.031
277.532,1.025
277.562,1.029
277.592,1.032
277.622,1.024
277.652,1.025
277.682,1.042
277.712,1.038
277.742,1.025
277.772,1.025
277.802,1.028
277.832,1.021
277.862,1.033
277.892,1.024
277.922,1.030
277.952,1.028
277.982,1.020
278.012,1.026
278.042,1.037
278.072,1.024
278.102,1.027
278.132,1.042
278.162,1.040
278.192,1.024
278.222,1.032
278.252,1.037
278.282,1.019
278.312,1.019
278.342,1.035
278.372,1.027
278.402,1.044
278.432,1.038
278.462,1.026
278.492,1.024
278.522,1.035
278.552,1.038
278.582,1.035
278.612,1.028
278.642,1.016
278.672,1.026
278.702,1.032
278.732,1.038
278.762,1.033
278.792,1.040
278.822,1.034
278.852,1.030
278.882,1.028
278.912,1.027
278.942,1.023
278.972,1.021
279.002,1.028
279.032,1.032
279.062,1.033
279.092,1.036
279.122,1.036
279.152,1.025
279.182,1.030
279.212,1.036
279.242,1.052
279.272,1.043
279.302,1.033
279.332,1.029
279.362,1.027
279.392,1.031
279.422,1.022
279.452,1.023
279.482,1.029
279.512,1.036
279.542,1.028
279.572,1.030
279.602,1.033
279.632,1.021
279.662,1.028
279.692,1.030
279.722,1.025
279.752,1.026
279.782,1.036
279.812,1.034
279.842,1.032
279.872,1.029
279.902,1.030
279.932,1.029
279.962,1.031
279.992,1.030
280.022,1.036
280.052,1.034
280.082,1.031
280.112,1.026
280.142,1.027
280.172,1.030
280.202,1.030
280.232,1.030
280.262,1.031
280.292,1.036
280.322,1.033
280.352,1.027
280.382,1.031
280.412,1.029
280.442,1.030
280.472,1.032
280.502,1.029
280.532,1.030
280.562,1.038
280.592,1.021
280.622,1.030
280.652,1.039
280.682,1.038
280.712,1.026
280.742,1.027
280.772,1.028
280.802,1.034
280.832,1.037
280.862,1.031
280.892,1.037
280.922,1.035
280.952,1.023
280.982,1.027
281.012,1.036
281.042,1.034
281.072,1.023
281.102,1.027
281.132,1.036
281.162,1.030
281.192,1.024
281.222,1.028
281.252,1.038
281.282,1.036
281.312,1.028
281.342,1.024
281.372,1.033
281.402,1.031
281.432,1.030
281.462,1.034
281.492,1.028
281.522,1.030
281.552,1.031
281.582,1.030
281.612,1.032
281.642,1.033
281.672,1.036
281.702,1.034
281.732,1.031
281.762,1.031
281.792,1.031
281.822,1.027
281.852,1.036
281.882,1.030
281.912,1.032
281.942,1.031
281.972,1.031
282.002,1.029
282.032,1.035
282.062,1.030
282.092,1.028
282.122,1.028
282.152,1.034
282.182,1.036
282.212,1.031
282.242,1.034
282.272,1.035
282.302,1.029
282.332,1.030
282.362,1.036
282.392,1.029
282.422,1.031
282.452,1.031
282.482,1.031
282.512,1.033
282.542,1.037
282.572,1.027
282.602,1.033
282.632,1.030
282.662,1.033
282.692,1.028
282.722,1.039
282.752,1.039
282.782,1.030
282.812,1.034
282.842,1.032
282.872,1.034
282.902,1.023
282.932,1.038
282.962,1.038
282.992,1.024
283.022,1.033
283.052,1.034
283.082,1.033
283.112,1.026
283.142,1.028
283.172,1.030
283.202,1.034
283.232,1.035
283.262,1.030
283.292,1.036
283.322,1.031
283.352,1.025
283.382,1.032
283.412,1.044
283.442,1.037
283.472,1.032
283.502,1.030
283.532,1.030
283.562,1.029
283.592,1.028
283.622,1.030
283.652,1.020
283.682,1.047
283.712,1.032
283.742,1.033
283.772,1.026
283.802,1.054
283.832,1.034
283.862,1.021
283.892,1.025
283.922,1.036
283.952,1.026
283.982,1.028
284.012,1.033
284.042,1.034
284.072,1.025
284.102,1.030
284.132,1.031
284.162,1.038
284.192,1.048
284.222,1.027
284.252,1.023
284.282,1.030
284.312,1.027
284.342,1.039
284.372,1.040
284.402,1.036
284.432,1.032
284.462,1.035
284.492,1.020
284.522,1.029
284.552,1.023
284.582,1.028
284.612,1.029
284.642,1.025
284.672,1.028
284.702,1.036
284.732,1.027
284.762,1.031
284.792,1.035
284.822,1.029
284.852,1.030
284.882,1.030
284.912,1.032
284.942,1.031
284.972,1.032
285.002,1.035
285.032,1.024
285.062,1.038
285.092,1.034
285.122,1.026
285.152,1.034
285.182,1.058
285.212,1.019
285.242,1.031
285.272,1.034
285.302,1.032
285.332,1.036
285.362,1.032
285.392,1.027
285.422,1.029
285.452,1.031
285.482,1.035
285.512,1.031
285.542,1.040
285.572,1.030
285.602,1.027
285.632,1.037
285.662,1.034
285.692,1.027
285.722,1.026
285.752,1.029
285.782,1.036
285.812,1.035
285.842,1.025
285.872,1.038
285.902,1.041
285.932,1.025
285.962,1.030
285.992,1.031
286.022,1.024
286.052,1.034
286.082,1.030
286.112,1.037
286.142,1.038
286.172,1.030
286.202,1.032
286.232,1.025
286.262,1.034
286.292,1.038
286.322,1.026
286.352,1.031
286.382,1.027
286.412,1.033
286.442,1.027
286.472,1.022
286.502,1.037
286.532,1.053
286.562,1.035
286.592,1.021
286.622,1.030
286.652,1.032
286.682,1.045
286.712,1.033
286.742,1.025
286.772,1.022
286.802,1.031
286.832,1.024
286.862,1.031
286.892,1.048
286.922,1.031
286.952,1.029
286.982,1.048
287.012,1.035
287.042,1.013
287.072,1.019
287.102,1.021
287.132,1.030
287.162,1.020
287.192,1.038
287.222,1.033
287.252,1.040
287.282,1.055
287.312,1.020
287.342,1.021
287.372,1.023
287.402,1.035
287.432,1.019
287.462,1.032
287.492,1.040
287.522,1.033
287.552,1.026
287.582,1.019
287.612,1.026
287.642,1.030
287.672,1.026
287.702,1.040
287.732,1.037
287.762,1.032
287.792,1.034
287.822,1.030
287.852,1.032
287.882,1.037
287.912,1.024
287.942,1.028
287.972,1.025
288.002,1.027
288.032,1.048
288.062,1.020
288.092,1.042
288.122,1.042
288.152,1.025
288.182,1.012
288.212,1.027
288.242,1.021
288.272,1.030
288.302,1.023
288.332,1.038
288.362,1.037
288.392,1.047
288.422,1.029
288.452,1.024
288.482,1.037
288.512,1.031
288.542,1.032
288.572,1.021
288.602,1.041
288.632,1.029
288.662,1.029
288.692,1.030
288.722,1.029
288.752,1.030
288.782,1.031
288.812,1.032
288.842,1.034
288.872,1.031
288.902,1.032
288.932,1.024
288.962,1.032
288.992,1.035
289.022,1.028
289.052,1.030
289.082,1.029
289.112,1.032
289.142,1.030
289.172,1.020
289.202,1.040
289.232,1.036
289.262,1.035
289.292,1.029
289.322,1.031
289.352,1.028
289.382,1.029
289.412,1.037
289.442,1.029
289.472,1.036
289.502,1.031
289.532,1.030
289.562,1.034
289.592,1.031
289.622,1.022
289.652,1.052
289.682,1.052
289.712,1.037
289.742,1.021
289.772,1.029
289.802,1.008
289.832,1.014
289.862,1.031
289.892,1.041
289.922,1.027
289.952,1.017
289.982,1.031
290.012,1.037
290.042,1.020
290.072,1.034
290.102,1.041
290.132,1.030
290.162,1.010
290.192,1.049
290.222,1.019
290.252,1.036
290.282,1.029
290.312,1.026
290.342,1.034
290.372,1.028
290.402,1.035
290.432,1.026
290.462,1.021
290.492,1.016
290.522,1.025
290.552,1.031
290.582,1.025
290.612,1.034
290.642,1.048
290.672,1.027
290.702,1.014
290.732,1.021
290.762,1.062
290.792,1.053
290.822,1.029
290.852,1.029
290.882,1.035
290.912,1.028
290.942,1.029
290.972,1.035
291.002,1.038
291.032,1.034
291.062,1.006
291.092,1.005
291.122,1.019
291.152,1.033
291.182,1.028
291.212,1.030
291.242,1.043
291.272,1.038
291.302,1.038
291.332,1.024
291.362,1.021
291.392,1.031
291.422,1.032
291.452,1.028
291.482,1.029
291.512,1.030
291.542,1.035
291.572,1.038
291.602,1.039
291.632,1.030
291.662,1.023
291.692,1.015
291.722,1.005
291.752,1.022
291.782,1.046
291.812,1.055
291.842,1.021
291.872,1.031
291.902,1.041
291.932,1.026
291.962,1.025
291.992,1.030
292.022,1.042
292.052,1.036
292.082,1.040
292.112,1.023
292.142,1.036
292.172,1.019
292.202,1.029
292.232,1.033
292.262,1.031
292.292,1.032
292.322,1.025
292.352,1.026
292.382,1.027
292.412,1.022
292.442,1.035
292.472,1.039
292.502,1.035
292.532,1.026
292.562,1.030
292.592,1.027
292.622,1.026
292.652,1.029
292.682,1.026
292.712,1.033
292.742,1.038
292.772,1.025
292.802,1.031
292.832,1.042
292.862,1.031
292.892,1.023
292.922,1.030
292.952,1.025
292.982,1.034
293.012,1.030
293.042,1.034
293.072,1.034
293.102,1.038
293.132,1.029
293.162,1.024
293.192,1.030
293.222,1.037
293.252,1.036
293.282,1.029
293.312,1.028
293.342,1.030
293.372,1.024
293.402,1.026
293.432,1.038
293.462,1.044
293.492,1.035
293.522,1.021
293.552,1.032
293.582,1.032
293.612,1.038
293.642,1.033
293.672,1.027
293.702,1.029
293.732,1.033
293.762,1.021
293.792,1.037
293.822,1.041
293.852,1.039
293.882,1.030
293.912,1.031
293.942,1.021
293.972,1.015
294.002,1.034
294.032,1.044
294.062,1.042
294.092,1.035
294.122,1.017
294.152,1.013
294.182,1.037
294.212,1.038
294.242,1.042
294.272,1.031
294.302,1.035
294.332,1.028
294.362,1.016
294.392,1.025
294.422,1.033
294.452,1.026
294.482,1.041
294.512,1.044
294.542,1.029
294.572,1.033
294.602,1.021
294.632,1.037
294.662,1.005
294.692,1.032
294.722,1.030
294.752,1.028
294.782,1.024
294.812,1.038
294.842,1.043
294.872,1.025
294.902,1.040
294.932,1.035
294.962,1.045
294.992,1.022
295.022,1.024
295.052,1.017
295.082,1.021
295.112,1.035
295.142,1.036
295.172,1.036
295.202,1.037
295.232,1.028
295.262,1.031
295.292,1.025
295.322,1.027
295.352,1.034
295.382,1.028
295.412,1.024
295.442,1.038
295.472,1.035
295.502,1.032
295.532,1.030
295.562,1.027
295.592,1.037
295.622,1.031
295.652,1.028
295.682,1.034
295.712,1.035
295.742,1.037
295.772,1.038
295.802,1.031
295.832,1.035
295.862,1.028
295.892,1.024
295.922,1.034
295.952,1.029
295.982,1.029
296.012,1.039
296.042,1.028
296.072,1.021
296.102,1.037
296.132,1.036
296.162,1.027
296.192,1.029
296.222,1.037
296.252,1.025
296.282,1.041
296.312,1.033
296.342,1.033
296.372,1.030
296.402,1.034
296.432,1.030
296.462,1.033
296.492,1.038
296.522,1.030
296.552,1.028
296.582,1.033
296.612,1.026
296.642,1.025
296.672,1.034
296.702,1.036
296.732,1.040
296.762,1.025
296.792,1.028
296.822,1.030
296.852,1.032
296.882,1.024
296.912,1.031
296.942,1.031
296.972,1.026
297.002,1.029
297.032,1.032
297.062,1.037
297.092,1.031
297.122,1.026
297.152,1.033
297.182,1.028
297.212,1.031
297.242,1.035
297.272,1.031
297.302,1.026
297.332,1.031
297.362,1.036
297.392,1.031
297.422,1.027
297.452,1.035
297.482,1.037
297.512,1.039
297.542,1.022
297.572,1.032
297.602,1.031
297.632,1.028
297.662,1.031
297.692,1.033
297.722,1.035
297.752,1.030
297.782,1.023
297.812,1.025
297.842,1.036
297.872,1.034
297.902,1.032
297.932,1.033
297.962,1.036
297.992,1.022
298.022,1.027
298.052,1.027
298.082,1.028
298.112,1.028
298.142,1.037
298.172,1.030
298.202,1.036
298.232,1.036
298.262,1.030
298.292,1.029
298.322,1.036
298.352,1.031
298.382,1.030
298.412,1.038
298.442,1.029
298.472,1.027
298.502,1.037
298.532,1.028
298.562,1.028
298.592,1.032
298.622,1.029
298.652,1.026
298.682,1.033
298.712,1.029
298.742,1.027
298.772,1.031
298.802,1.034
298.832,1.030
298.862,1.032
298.892,1.032
298.922,1.024
298.952,1.027
298.982,1.035
299.012,1.027
299.042,1.034
299.072,1.027
299.102,1.028
299.132,1.036
299.162,1.029
299.192,1.029
299.222,1.031
299.252,1.029
299.282,1.038
299.312,1.024
299.342,1.025
299.372,1.031
299.402,1.031
299.432,1.028
299.462,1.037
299.492,1.028
299.522,1.037
299.552,1.039
299.582,1.030
299.612,1.033
299.642,1.031
299.672,1.034
299.702,1.034
299.732,1.028
299.762,1.036
299.792,1.033
299.822,1.031
299.852,1.028
299.882,1.030
299.912,1.032
299.942,1.030
299.972,1.034
300.002,1.027
300.032,1.026
300.062,1.038
300.092,1.036
300.122,1.033
300.152,1.025
300.182,1.036
300.212,1.035
300.242,1.037
300.272,1.029
300.302,1.039
300.332,1.030
300.362,1.024
300.392,1.032
300.422,1.032
300.452,1.028
300.482,1.030
300.512,1.028
300.542,1.034
300.572,1.035
300.602,1.035
300.632,1.030
300.662,1.034
300.692,1.031
300.722,1.035
300.752,1.026
300.782,1.033
300.812,1.031
300.842,1.035
300.872,1.034
300.902,1.029
300.932,1.028
300.962,1.031
300.992,1.039
301.022,1.029
301.052,1.031
301.082,1.033
301.112,1.032
301.142,1.039
301.172,1.030
301.202,1.028
301.232,1.032
301.262,1.033
301.292,1.025
301.322,1.035
301.352,1.033
301.382,1.035
301.412,1.034
301.442,1.040
301.472,1.033
301.502,1.037
301.532,1.033
301.562,1.025
301.592,1.024
301.622,1.033
301.652,1.027
301.682,1.023
301.712,1.032
301.742,1.029
301.772,1.033
301.802,1.035
301.832,1.031
301.862,1.033
301.892,1.026
301.922,1.040
301.952,1.032
301.982,1.025
302.012,1.031
302.042,1.037
302.072,1.030
302.102,1.032
302.132,1.025
302.162,1.028
302.192,1.032
302.222,1.024
302.252,1.036
302.282,1.037
302.312,1.030
302.342,1.029
302.372,1.028
302.402,1.027
302.432,1.029
302.462,1.032
302.492,1.033
302.522,1.032
302.552,1.035
302.582,1.038
302.612,1.036
302.642,1.034
302.672,1.024
302.702,1.035
302.732,1.034
302.762,1.026
302.792,1.040
302.822,1.032
302.852,1.026
302.882,1.027
302.912,1.029
302.942,1.034
302.972,1.039
303.002,1.026
303.032,1.029
303.062,1.030
303.092,1.033
303.122,1.024
303.152,1.032
303.182,1.027
303.212,1.032
303.242,1.034
303.272,1.025
303.302,1.028
303.332,1.033
303.362,1.024
303.392,1.022
303.422,1.036
303.452,1.033
303.482,1.036
303.512,1.026
303.542,1.028
303.572,1.023
303.602,1.029
303.632,1.038
303.662,1.034
303.692,1.026
303.722,1.031
303.752,1.030
303.782,1.023
303.812,1.026
303.842,1.037
303.872,1.032
303.902,1.032
303.932,1.026
303.962,1.034
303.992,1.030
304.022,1.018
304.052,1.039
304.082,1.038
304.112,1.036
304.142,1.035
304.172,1.031
304.202,1.036
304.232,1.020
304.262,1.019
304.292,1.042
304.322,1.035
304.352,1.033
304.382,1.027
304.412,1.027
304.442,1.035
304.472,1.030
304.502,1.032
304.532,1.029
304.562,1.032
304.592,1.034
304.622,1.030
304.652,1.029
304.682,1.040
304.712,1.038
304.742,1.032
304.772,1.029
304.802,1.028
304.832,1.031
304.862,1.030
304.892,1.039
304.922,1.037
304.952,1.026
304.982,1.031
305.012,1.033
305.042,1.022
305.072,1.039
305.102,1.034
305.132,1.026
305.162,1.027
305.192,1.035
305.222,1.031
305.252,1.039
305.282,1.032
305.312,1.029
305.342,1.029
305.372,1.031
305.402,1.031
305.432,1.031
305.462,1.035
305.492,1.022
305.522,1.039
305.552,1.038
305.582,1.031
305.612,1.027
305.642,1.028
305.672,1.028
305.702,1.038
305.732,1.027
305.762,1.033
305.792,1.032
305.822,1.026
305.852,1.029
305.882,1.032
305.912,1.034
305.942,1.038
305.972,1.028
306.002,1.029
306.032,1.030
306.062,1.031
306.092,1.030
306.122,1.028
306.152,1.025
306.182,1.029
306.212,1.029
306.242,1.032
306.272,1.030
306.302,1.023
306.332,1.029
306.362,1.030
306.392,1.035
306.422,1.031
306.452,1.030
306.482,1.035
306.512,1.027
306.542,1.030
306.572,1.026
306.602,1.033
306.632,1.033
306.662,1.025
306.692,1.027
306.722,1.031
306.752,1.031
306.782,1.031
306.812,1.036
306.842,1.029
306.872,1.022
306.902,1.037
306.932,1.035
306.962,1.031
306.992,1.028
307.022,1.028
307.052,1.032
307.082,1.027
307.112,1.032
307.142,1.029
307.172,1.037
307.202,1.029
307.232,1.027
307.262,1.031
307.292,1.033
307.322,1.032
307.352,1.029
307.382,1.032
307.412,1.030
307.442,1.031
307.472,1.030
307.502,1.031
307.532,1.031
307.562,1.037
307.592,1.029
307.622,1.035
307.652,1.032
307.682,1.030
307.712,1.031
307.742,1.025
307.772,1.030
307.802,1.035
307.832,1.025
307.862,1.030
307.892,1.036
307.922,1.031
307.952,1.034
307.982,1.028
308.012,1.033
308.042,1.032
308.072,1.030
308.102,1.030
308.132,1.031
308.162,1.032
308.192,1.031
308.222,1.033
308.252,1.029
308.282,1.040
308.312,1.025
308.342,1.021
308.372,1.033
308.402,1.037
308.432,1.024
308.462,1.035
308.492,1.024
308.522,1.031
308.552,1.026
308.582,1.031
308.612,1.033
308.642,1.036
308.672,1.025
308.702,1.028
308.732,1.032
308.762,1.033
308.792,1.027
308.822,1.025
308.852,1.035
308.882,1.035
308.912,1.030
308.942,1.034
308.972,1.036
309.002,1.030
309.032,1.026
309.062,1.036
309.092,1.029
309.122,1.044
309.152,1.026
309.182,1.030
309.212,1.033
309.242,1.034
309.272,1.034
309.302,1.027
309.332,1.035
309.362,1.032
309.392,1.023
309.422,1.028
309.452,1.032
309.482,1.031
309.512,1.034
309.542,1.027
309.572,1.032
309.602,1.034
309.632,1.029
309.662,1.024
309.692,1.035
309.722,1.035
309.752,1.029
309.782,1.029
309.812,1.028
309.842,1.031
309.872,1.035
309.902,1.033
309.932,1.027
309.962,1.039
309.992,1.030
310.022,1.032
310.052,1.030
310.082,1.032
310.112,1.033
310.142,1.032
310.172,1.031
310.202,1.027
310.232,1.029
310.262,1.032
310.292,1.031
310.322,1.031
310.352,1.034
310.382,1.032
310.412,1.039
310.442,1.029
310.472,1.027
310.502,1.030
310.532,1.033
310.562,1.029
310.592,1.038
310.622,1.031
310.652,1.033
310.682,1.031
310.712,1.032
310.742,1.030
310.772,1.030
310.802,1.028
310.832,1.029
310.862,1.029
310.892,1.033
310.922,1.033
310.952,1.034
310.982,1.039
311.012,1.026
311.042,1.023
311.072,1.034
311.102,1.030
311.132,1.036
311.162,1.032
311.192,1.031
311.222,1.027
311.252,1.029
311.282,1.035
311.312,1.030
311.342,1.037
311.372,1.032
311.402,1.026
311.432,1.034
311.462,1.028
311.492,1.025
311.522,1.030
311.552,1.030
311.582,1.033
311.612,1.031
311.642,1.027
311.672,1.038
311.702,1.037
311.732,1.035
311.762,1.021
311.792,1.031
311.822,1.033
311.852,1.035
311.882,1.035
311.912,1.031
311.942,1.027
311.972,1.028
312.002,1.029
312.032,1.035
312.062,1.033
312.092,1.037
312.122,1.032
312.152,1.026
312.182,1.026
312.212,1.027
312.242,1.032
312.272,1.036
312.302,1.030
312.332,1.033
312.362,1.025
312.392,1.031
312.422,1.034
312.452,1.028
312.482,1.041
312.512,1.027
312.542,1.027
312.572,1.033
312.602,1.038
312.632,1.028
312.662,1.028
312.692,1.031
312.722,1.030
312.752,1.030
312.782,1.041
312.812,1.029
312.842,1.034
312.872,1.026
312.902,1.026
312.932,1.033
312.962,1.032
312.992,1.035
313.022,1.029
313.052,1.029
313.082,1.029
313.112,1.032
313.142,1.029
313.172,1.034
313.202,1.031
313.232,1.026
313.262,1.034
313.292,1.031
313.322,1.033
313.352,1.034
313.382,1.030
313.412,1.031
313.442,1.027
313.472,1.027
313.502,1.038
313.532,1.029
313.562,1.033
313.592,1.034
313.622,1.029
313.652,1.037
313.682,1.031
313.712,1.031
313.742,1.037
313.772,1.031
313.802,1.027
313.832,1.034
313.862,1.032
313.892,1.028
313.922,1.035
313.952,1.026
313.982,1.023
314.012,1.035
314.042,1.033
314.072,1.030
314.102,1.032
314.132,1.031
314.162,1.028
314.192,1.027
314.222,1.036
314.252,1.028
314.282,1.035
314.312,1.030
314.342,1.028
314.372,1.033
314.402,1.036
314.432,1.031
314.462,1.027
314.492,1.034
314.522,1.031
314.552,1.032
314.582,1.033
314.612,1.031
314.642,1.030
314.672,1.028
314.702,1.029
314.732,1.043
314.762,1.032
314.792,1.030
314.822,1.028
314.852,1.033
314.882,1.035
314.912,1.032
314.942,1.026
314.972,1.037
315.002,1.031
315.032,1.023
315.062,1.027
315.092,1.032
315.122,1.032
315.152,1.034
315.182,1.033
315.212,1.032
315.242,1.035
315.272,1.035
315.302,1.031
315.332,1.023
315.362,1.031
315.392,1.033
315.422,1.040
315.452,1.032
315.482,1.027
315.512,1.030
315.542,1.032
315.572,1.026
315.602,1.035
315.632,1.029
315.662,1.036
315.692,1.031
315.722,1.031
315.752,1.033
315.782,1.033
315.812,1.032
315.842,1.032
315.872,1.031
315.902,1.030
315.932,1.036
315.962,1.032
315.992,1.031
316.022,1.032
316.052,1.030
316.082,1.035
316.112,1.029
316.142,1.029
316.172,1.029
316.202,1.032
316.232,1.032
316.262,1.037
316.292,1.030
316.322,1.033
316.352,1.031
316.382,1.031
316.412,1.033
316.442,1.034
316.472,1.029
316.502,1.030
316.532,1.034
316.562,1.033
316.592,1.030
316.622,1.030
316.652,1.030
316.682,1.025
316.712,1.037
316.742,1.033
316.772,1.034
316.802,1.029
316.832,1.030
316.862,1.034
316.892,1.034
316.922,1.037
316.952,1.023
316.982,1.035
317.012,1.034
317.042,1.031
317.072,1.030
317.102,1.035
317.132,1.027
317.162,1.032
317.192,1.037
317.222,1.035
317.252,1.032
317.282,1.032
317.312,1.034
317.342,1.035
317.372,1.035
317.402,1.029
317.432,1.034
317.462,1.032
317.492,1.035
317.522,1.035
317.552,1.028
317.582,1.029
317.612,1.030
317.642,1.025
317.672,1.029
317.702,1.039
317.732,1.030
317.762,1.030
317.792,1.034
317.822,1.033
317.852,1.033
317.882,1.035
317.912,1.034
317.942,1.031
317.972,1.030
318.002,1.034
318.032,1.033
318.062,1.039
318.092,1.029
318.122,1.026
318.152,1.042
318.182,1.038
318.212,1.028
318.242,1.033
318.272,1.030
318.302,1.030
318.332,1.035
318.362,1.030
318.392,1.031
318.422,1.036
318.452,1.028
318.482,1.030
318.512,1.033
318.542,1.034
318.572,1.029
318.602,1.030
318.632,1.030
318.662,1.034
318.692,1.036
318.722,1.032
318.752,1.030
318.782,1.034
318.812,1.032
318.842,1.032
318.872,1.037
318.902,1.031
318.932,1.034
318.962,1.032
318.992,1.032
319.022,1.030
319.052,1.036
319.082,1.030
319.112,1.034
319.142,1.033
319.172,1.028
319.202,1.036
319.232,1.033
319.262,1.030
319.292,1.034
319.322,1.034
319.352,1.033
319.382,1.036
319.412,1.033
319.442,1.033
319.472,1.034
319.502,1.032
319.532,1.039
319.562,1.023
319.592,1.027
319.622,1.039
319.652,1.036
319.682,1.026
319.712,1.033
319.742,1.029
319.772,1.032
319.802,1.032
319.832,1.036
319.862,1.035
319.892,1.036
319.922,1.028
319.952,1.032
319.982,1.033
320.012,1.032
320.042,1.032
320.072,1.031
320.102,1.035
320.132,1.029
320.162,1.030
320.192,1.031
320.222,1.033
320.252,1.035
320.282,1.031
320.312,1.030
320.342,1.033
320.372,1.031
320.402,1.035
320.432,1.032
320.462,1.032
320.492,1.027
320.522,1.032
320.552,1.032
320.582,1.038
320.612,1.025
320.642,1.034
320.672,1.036
320.702,1.028
320.732,1.034
320.762,1.035
320.792,1.035
320.822,1.032
320.852,1.036
320.882,1.030
320.912,1.032
320.942,1.035
320.972,1.034
321.002,1.030
321.032,1.034
321.062,1.029
321.092,1.031
321.122,1.036
321.152,1.037
321.182,1.032
321.212,1.027
321.242,1.027
321.272,1.035
321.302,1.028
321.332,1.037
321.362,1.031
321.392,1.032
321.422,1.028
321.452,1.025
321.482,1.032
321.512,1.036
321.542,1.033
321.572,1.036
321.602,1.029
321.632,1.032
321.662,1.030
321.692,1.030
321.722,1.031
321.752,1.025
321.782,1.030
321.812,1.034
321.842,1.035
321.872,1.033
321.902,1.024
321.932,1.031
321.962,1.035
321.992,1.030
322.022,1.033
322.052,1.032
322.082,1.034
322.112,1.028
322.142,1.025
322.172,1.034
322.202,1.033
322.232,1.030
322.262,1.022
322.292,1.031
322.322,1.036
322.352,1.038
322.382,1.039
322.412,1.033
322.442,1.029
322.472,1.035
322.502,1.027
322.532,1.035
322.562,1.037
322.592,1.032
322.622,1.032
322.652,1.029
322.682,1.026
322.712,1.040
322.742,1.026
322.772,1.032
322.802,1.033
322.832,1.026
322.862,1.036
322.892,1.033
322.922,1.037
322.952,1.040
322.982,1.025
323.012,1.026
323.042,1.041
323.072,1.033
323.102,1.034
323.132,1.019
323.162,1.038
323.192,1.038
323.222,1.037
323.252,1.027
323.282,1.028
323.312,1.034
323.342,1.040
323.372,1.028
323.402,1.037
323.432,1.029
323.462,1.041
323.492,1.022
323.522,1.025
323.552,1.047
323.582,1.032
323.612,1.036
323.642,1.035
323.672,1.028
323.702,1.032
323.732,1.034
323.762,1.039
323.792,1.029
323.822,1.033
323.852,1.036
323.882,1.034
323.912,1.029
323.942,1.032
323.972,1.031
324.002,1.030
324.032,1.035
324.062,1.031
324.092,1.033
324.122,1.037
324.152,1.033
324.182,1.028
324.212,1.039
324.242,1.034
324.272,1.034
324.302,1.032
324.332,1.036
324.362,1.034
324.392,1.032
324.422,1.033
324.452,1.032
324.482,1.033
324.512,1.031
324.542,1.026
324.572,1.035
324.602,1.032
324.632,1.032
324.662,1.031
324.692,1.031
324.722,1.035
324.752,1.032
324.782,1.031
324.812,1.037
324.842,1.035
324.872,1.033
324.902,1.028
324.932,1.032
324.962,1.035
324.992,1.024
325.022,1.032
325.052,1.034
325.082,1.036
325.112,1.032
325.142,1.026
325.172,1.033
325.202,1.033
325.232,1.035
325.262,1.031
325.292,1.032
325.322,1.037
325.352,1.029
325.382,1.029
325.412,1.037
325.442,1.028
325.472,1.034
325.502,1.031
325.532,1.027
325.562,1.036
325.592,1.028
325.622,1.032
325.652,1.038
325.682,1.034
325.712,1.039
325.742,1.029
325.772,1.034
325.802,1.032
325.832,1.031
325.862,1.025
325.892,1.037
325.922,1.033
325.952,1.032
325.982,1.026
326.012,1.033
326.042,1.031
326.072,1.032
326.102,1.031
326.132,1.036
326.162,1.030
326.192,1.030
326.222,1.033
326.252,1.033
326.282,1.028
326.312,1.030
326.342,1.037
326.372,1.038
326.402,1.033
326.432,1.029
326.462,1.031
326.492,1.033
326.522,1.039
326.552,1.031
326.582,1.039
326.612,1.031
326.642,1.029
326.672,1.034
326.702,1.034
326.732,1.032
326.762,1.034
326.792,1.034
326.822,1.030
326.852,1.030
326.882,1.036
326.912,1.030
326.942,1.034
326.972,1.032
327.002,1.030
327.032,1.039
327.062,1.033
327.092,1.029
327.122,1.032
327.152,1.030
327.182,1.029
327.212,1.039
327.242,1.026
327.272,1.029
327.302,1.032
327.332,1.030
327.362,1.031
327.392,1.035
327.422,1.033
327.452,1.032
327.482,1.034
327.512,1.035
327.542,1.032
327.572,1.032
327.602,1.035
327.632,1.036
327.662,1.025
327.692,1.030
327.722,1.038
327.752,1.038
327.782,1.026
327.812,1.025
327.842,1.033
327.872,1.032
327.902,1.035
327.932,1.042
327.962,1.029
327.992,1.032
328.022,1.026
328.052,1.031
328.082,1.038
328.112,1.036
328.142,1.035
328.172,1.028
328.202,1.029
328.232,1.033
328.262,1.031
328.292,1.029
328.322,1.037
328.352,1.038
328.382,1.030
328.412,1.025
328.442,1.037
328.472,1.039
328.502,1.035
328.532,1.029
328.562,1.029
328.592,1.031
328.622,1.030
328.652,1.029
328.682,1.036
328.712,1.038
328.742,1.034
328.772,1.027
328.802,1.036
328.832,1.030
328.862,1.033
328.892,1.032
328.922,1.035
328.952,1.029
328.982,1.036
329.012,1.036
329.042,1.030
329.072,1.024
329.102,1.034
329.132,1.038
329.162,1.033
329.192,1.032
329.222,1.029
329.252,1.028
329.282,1.032
329.312,1.034
329.342,1.037
329.372,1.030
329.402,1.035
329.432,1.032
329.462,1.022
329.492,1.031
329.522,1.036
329.552,1.035
329.582,1.034
329.612,1.031
329.642,1.032
329.672,1.032
329.702,1.032
329.732,1.034
329.762,1.037
329.792,1.032
329.822,1.032
329.852,1.037
329.882,1.032
329.912,1.032
329.942,1.029
329.972,1.034
330.002,1.032
330.032,1.040
330.062,1.028
330.092,1.033
330.122,1.035
330.152,1.031
330.182,1.031
330.212,1.033
330.242,1.037
330.272,1.034
330.302,1.031
330.332,1.032
330.362,1.034
330.392,1.033
330.422,1.036
330.452,1.030
330.482,1.029
330.512,1.035
330.542,1.034
330.572,1.032
330.602,1.028
330.632,1.031
330.662,1.031
330.692,1.031
330.722,1.035
330.752,1.033
330.782,1.036
330.812,1.031
330.842,1.037
330.872,1.033
330.902,1.030
330.932,1.032
330.962,1.030
330.992,1.032
331.022,1.035
331.052,1.035
331.082,1.032
331.112,1.031
331.142,1.031
331.172,1.039
331.202,1.031
331.232,1.034
331.262,1.034
331.292,1.028
331.322,1.026
331.352,1.032
331.382,1.035
331.412,1.040
331.442,1.030
331.472,1.032
331.502,1.027
331.532,1.032
331.562,1.034
331.592,1.036
331.622,1.032
331.652,1.029
331.682,1.031
331.712,1.041
331.742,1.033
331.772,1.033
331.802,1.028
331.832,1.033
331.862,1.030
331.892,1.035
331.922,1.037
331.952,1.033
331.982,1.032
332.012,1.034
332.042,1.031
332.072,1.033
332.102,1.028
332.132,1.034
332.162,1.030
332.192,1.029
332.222,1.032
332.252,1.033
332.282,1.032
332.312,1.031
332.342,1.031
332.372,1.033
332.402,1.039
332.432,1.029
332.462,1.033
332.492,1.030
332.522,1.028
332.552,1.031
332.582,1.040
332.612,1.028
332.642,1.030
332.672,1.033
332.702,1.028
332.732,1.033
332.762,1.041
332.792,1.027
332.822,1.036
332.852,1.035
332.882,1.029
332.912,1.033
332.942,1.036
332.972,1.032
333.002,1.034
333.032,1.034
333.062,1.030
333.092,1.033
333.122,1.037
333.152,1.032
333.182,1.029
333.212,1.029
333.242,1.032
333.272,1.036
333.302,1.036
333.332,1.028
333.362,1.029
333.392,1.034
333.422,1.032
333.452,1.030
333.482,1.035
333.512,1.031
333.542,1.034
333.572,1.031
333.602,1.033
333.632,1.030
333.662,1.031
333.692,1.033
333.722,1.031
333.752,1.033
333.782,1.033
333.812,1.035
333.842,1.034
333.872,1.027
333.902,1.030
333.932,1.033
333.962,1.031
333.992,1.037
334.022,1.035
334.052,1.028
334.082,1.031
334.112,1.035
334.142,1.040
334.172,1.028
334.202,1.030
334.232,1.031
334.262,1.038
334.292,1.026
334.322,1.034
334.352,1.033
334.382,1.030
334.412,1.034
334.442,1.030
334.472,1.031
334.502,1.038
334.532,1.032
334.562,1.033
334.592,1.034
334.622,1.031
334.652,1.033
334.682,1.036
334.712,1.029
334.742,1.035
334.772,1.033
334.802,1.032
334.832,1.030
334.862,1.029
334.892,1.033
334.922,1.036
334.952,1.029
334.982,1.032
335.012,1.036
335.042,1.030
335.072,1.032
335.102,1.031
335.132,1.036
335.162,1.031
335.192,1.028
335.222,1.036
335.252,1.034
335.282,1.031
335.312,1.033
335.342,1.037
335.372,1.032
335.402,1.034
335.432,1.035
335.462,1.029
335.492,1.037
335.522,1.035
335.552,1.027
335.582,1.027
335.612,1.033
335.642,1.031
335.672,1.033
335.702,1.031
335.732,1.031
335.762,1.039
335.792,1.032
335.822,1.033
335.852,1.035
335.882,1.032
335.912,1.036
335.942,1.031
335.972,1.034
336.002,1.031
336.032,1.031
336.062,1.033
336.092,1.035
336.122,1.031
336.152,1.034
336.182,1.030
336.212,1.029
336.242,1.028
336.272,1.041
336.302,1.035
336.332,1.030
336.362,1.031
336.392,1.028
336.422,1.034
336.452,1.033
336.482,1.032
336.512,1.030
336.542,1.037
336.572,1.027
336.602,1.035
336.632,1.034
336.662,1.033
336.692,1.029
336.722,1.032
336.752,1.031
336.782,1.029
336.812,1.036
336.842,1.032
336.872,1.032
336.902,1.038
336.932,1.032
336.962,1.035
336.992,1.034
337.022,1.039
337.052,1.033
337.082,1.026
337.112,1.030
337.142,1.031
337.172,1.031
337.202,1.036
337.232,1.032
337.262,1.033
337.292,1.029
337.322,1.030
337.352,1.039
337.382,1.036
337.412,1.031
337.442,1.032
337.472,1.027
337.502,1.030
337.532,1.035
337.562,1.034
337.592,1.031
337.622,1.035
337.652,1.029
337.682,1.033
337.712,1.035
337.742,1.037
337.772,1.035
337.802,1.030
337.832,1.031
337.862,1.032
337.892,1.031
337.922,1.039
337.952,1.031
337.982,1.030
338.012,1.036
338.042,1.032
338.072,1.032
338.102,1.033
338.132,1.036
338.162,1.023
338.192,1.031
338.222,1.035
338.252,1.036
338.282,1.033
338.312,1.031
338.342,1.033
338.372,1.034
338.402,1.035
338.432,1.035
338.462,1.036
338.492,1.034
338.522,1.031
338.552,1.026
338.582,1.035
338.612,1.033
338.642,1.041
338.672,1.028
338.702,1.031
338.732,1.030
338.762,1.031
338.792,1.033
338.822,1.034
338.852,1.034
338.882,1.034
338.912,1.031
338.942,1.032
338.972,1.032
339.002,1.032
339.032,1.040
339.062,1.033
339.092,1.031
339.122,1.033
339.152,1.034
339.182,1.038
339.212,1.037
339.242,1.026
339.272,1.029
339.302,1.033
339.332,1.034
339.362,1.037
339.392,1.026
339.422,1.031
339.452,1.031
339.482,1.030
339.512,1.033
339.542,1.032
339.572,1.034
339.602,1.034
339.632,1.029
339.662,1.026
339.692,1.031
339.722,1.037
339.752,1.032
339.782,1.033
339.812,1.032
339.842,1.028
339.872,1.040
339.902,1.036
339.932,1.035
339.962,1.031
339.992,1.032
340.022,1.031
340.052,1.028
340.082,1.034
340.112,1.036
340.142,1.033
340.172,1.031
340.202,1.034
340.232,1.031
340.262,1.033
340.292,1.037
340.322,1.032
340.352,1.030
340.382,1.032
340.412,1.031
340.442,1.034
340.472,1.035
340.502,1.032
340.532,1.032
340.562,1.030
340.592,1.039
340.622,1.034
340.652,1.032
340.682,1.031
340.712,1.029
340.742,1.036
340.772,1.036
340.802,1.027
340.832,1.032
340.862,1.034
340.892,1.030
340.922,1.031
340.952,1.030
340.982,1.034
341.012,1.036
341.042,1.034
341.072,1.036
341.102,1.031
341.132,1.031
341.162,1.035
341.192,1.036
341.222,1.031
341.252,1.029
341.282,1.036
341.312,1.036
341.342,1.040
341.372,1.033
341.402,1.030
341.432,1.025
341.462,1.031
341.492,1.032
341.522,1.040
341.552,1.027
341.582,1.027
341.612,1.033
341.642,1.033
341.672,1.030
341.702,1.036
341.732,1.032
341.762,1.031
341.792,1.032
341.822,1.034
341.852,1.031
341.882,1.034
341.912,1.035
341.942,1.028
341.972,1.030
342.002,1.035
342.032,1.036
342.062,1.035
342.092,1.036
342.122,1.029
342.152,1.033
342.182,1.027
342.212,1.034
342.242,1.035
342.272,1.033
342.302,1.032
342.332,1.034
342.362,1.032
342.392,1.035
342.422,1.037
342.452,1.037
342.482,1.036
342.512,1.028
342.542,1.032
342.572,1.029
342.602,1.033
342.632,1.031
342.662,1.036
342.692,1.039
342.722,1.032
342.752,1.026
342.782,1.033
342.812,1.038
342.842,1.035
342.872,1.031
342.902,1.032
342.932,1.031
342.962,1.031
342.992,1.035
343.022,1.029
343.052,1.037
343.082,1.031
343.112,1.027
343.142,1.034
343.172,1.033
343.202,1.033
343.232,1.029
343.262,1.033
343.292,1.033
343.322,1.033
343.352,1.032
343.382,1.029
343.412,1.033
343.442,1.032
343.472,1.028
343.502,1.039
343.532,1.038
343.562,1.029
343.592,1.027
343.622,1.031
343.652,1.032
343.682,1.033
343.712,1.036
343.742,1.034
343.772,1.038
343.802,1.030
343.832,1.029
343.862,1.032
343.892,1.031
343.922,1.031
343.952,1.032
343.982,1.032
344.012,1.032
344.042,1.031
344.072,1.035
344.102,1.033
344.132,1.033
344.162,1.032
344.192,1.030
344.222,1.030
344.252,1.039
344.282,1.037
344.312,1.030
344.342,1.034
344.372,1.029
344.402,1.035
344.432,1.032
344.462,1.035
344.492,1.037
344.522,1.035
344.552,1.026
344.582,1.033
344.612,1.034
344.642,1.034
344.672,1.033
344.702,1.036
344.732,1.034
344.762,1.038
344.792,1.035
344.822,1.030
344.852,1.029
344.882,1.036
344.912,1.035
344.942,1.037
344.972,1.039
345.002,1.028
345.032,1.026
345.062,1.034
345.092,1.031
345.122,1.027
345.152,1.039
345.182,1.033
345.212,1.036
345.242,1.029
345.272,1.034
345.302,1.035
345.332,1.037
345.362,1.031
345.392,1.034
345.422,1.036
345.452,1.035
345.482,1.035
345.512,1.033
345.542,1.036
345.572,1.033
345.602,1.027
345.632,1.037
345.662,1.035
345.692,1.030
345.722,1.035
345.752,1.031
345.782,1.032
345.812,1.028
345.842,1.035
345.872,1.031
345.902,1.035
345.932,1.035
345.962,1.031
345.992,1.034
346.022,1.036
346.052,1.032
346.082,1.034
346.112,1.031
346.142,1.032
346.172,1.036
346.202,1.033
346.232,1.036
346.262,1.032
346.292,1.029
346.322,1.038
346.352,1.042
346.382,1.034
346.412,1.031
346.442,1.032
346.472,1.033
346.502,1.034
346.532,1.035
346.562,1.029
346.592,1.037
346.622,1.031
346.652,1.032
346.682,1.033
346.712,1.032
346.742,1.031
346.772,1.035
346.802,1.034
346.832,1.030
346.862,1.032
346.892,1.033
346.922,1.030
346.952,1.036
346.982,1.035
347.012,1.032
347.042,1.039
347.072,1.033
347.102,1.036
347.132,1.034
347.162,1.031
347.192,1.030
347.222,1.029
347.252,1.037
347.282,1.041
347.312,1.028
347.342,1.036
347.372,1.036
347.402,1.028
347.432,1.035
347.462,1.031
347.492,1.031
347.522,1.032
347.552,1.032
347.582,1.031
347.612,1.030
347.642,1.035
347.672,1.035
347.702,1.030
347.732,1.029
347.762,1.034
347.792,1.032
347.822,1.039
347.852,1.036
347.882,1.030
347.912,1.033
347.942,1.033
347.972,1.033
348.002,1.038
348.032,1.031
348.062,1.032
348.092,1.032
348.122,1.027
348.152,1.035
348.182,1.037
348.212,1.035
348.242,1.034
348.272,1.031
348.302,1.032
348.332,1.033
348.362,1.033
348.392,1.034
348.422,1.033
348.452,1.035
348.482,1.030
348.512,1.034
348.542,1.035
348.572,1.037
348.602,1.031
348.632,1.029
348.662,1.029
348.692,1.034
348.722,1.035
348.752,1.036
348.782,1.029
348.812,1.031
348.842,1.034
348.872,1.030
348.902,1.032
348.932,1.033
348.962,1.035
348.992,1.035
349.022,1.029
349.052,1.036
349.082,1.032
349.112,1.034
349.142,1.035
349.172,1.036
349.202,1.036
349.232,1.028
349.262,1.028
349.292,1.037
349.322,1.036
349.352,1.030
349.382,1.033
349.412,1.031
349.442,1.032
349.472,1.034
349.502,1.040
349.532,1.027
349.562,1.035
349.592,1.030
349.622,1.028
349.652,1.033
349.682,1.032
349.712,1.034
349.742,1.030
349.772,1.031
349.802,1.034
349.832,1.032
349.862,1.032
349.892,1.037
349.922,1.027
349.952,1.031
349.982,1.034
350.012,1.029
350.042,1.039
350.072,1.037
350.102,1.025
350.132,1.026
350.162,1.030
350.192,1.037
350.222,1.034
350.252,1.031
350.282,1.035
350.312,1.034
350.342,1.030
350.372,1.029
350.402,1.038
350.432,1.035
350.462,1.033
350.492,1.032
350.522,1.035
350.552,1.033
350.582,1.034
350.612,1.034
350.642,1.034
350.672,1.030
350.702,1.034
350.732,1.032
350.762,1.038
350.792,1.034
350.822,1.032
350.852,1.029
350.882,1.032
350.912,1.035
350.942,1.039
350.972,1.030
351.002,1.035
351.032,1.035
351.062,1.031
351.092,1.030
351.122,1.030
351.152,1.035
351.182,1.036
351.212,1.030
351.242,1.032
351.272,1.034
351.302,1.033
351.332,1.031
351.362,1.037
351.392,1.026
351.422,1.031
351.452,1.038
351.482,1.041
351.512,1.032
351.542,1.029
351.572,1.029
351.602,1.033
351.632,1.031
351.662,1.039
351.692,1.035
351.722,1.034
351.752,1.036
351.782,1.029
351.812,1.035
351.842,1.036
351.872,1.034
351.902,1.028
351.932,1.036
351.962,1.034
351.992,1.030
352.022,1.034
352.052,1.032
352.082,1.029
352.112,1.027
352.142,1.033
352.172,1.034
352.202,1.040
352.232,1.028
352.262,1.025
352.292,1.029
352.322,1.033
352.352,1.031
352.382,1.037
352.412,1.033
352.442,1.029
352.472,1.026
352.502,1.030
352.532,1.036
352.562,1.036
352.592,1.032
352.622,1.031
352.652,1.033
352.682,1.032
352.712,1.037
352.742,1.031
352.772,1.029
352.802,1.031
352.832,1.034
352.862,1.030
352.892,1.034
352.922,1.036
352.952,1.029
352.982,1.029
353.012,1.033
353.042,1.033
353.072,1.035
353.102,1.029
353.132,1.030
353.162,1.039
353.192,1.031
353.222,1.029
353.252,1.030
353.282,1.033
353.312,1.036
353.342,1.032
353.372,1.031
353.402,1.033
353.432,1.039
353.462,1.034
353.492,1.034
353.522,1.029
353.552,1.023
353.582,1.041
353.612,1.041
353.642,1.033
353.672,1.027
353.702,1.032
353.732,1.035
353.762,1.032
353.792,1.035
353.822,1.034
353.852,1.034
353.882,1.028
353.912,1.033
353.942,1.033
353.972,1.035
354.002,1.036
354.032,1.029
354.062,1.033
354.092,1.035
354.122,1.031
354.152,1.032
354.182,1.030
354.212,1.027
354.242,1.042
354.272,1.034
354.302,1.034
354.332,1.030
354.362,1.027
354.392,1.035
354.422,1.040
354.452,1.028
354.482,1.029
354.512,1.034
354.542,1.032
354.572,1.027
354.602,1.030
354.632,1.033
354.662,1.032
354.692,1.033
354.722,1.034
354.752,1.035
354.782,1.032
354.812,1.032
354.842,1.034
354.872,1.033
354.902,1.037
354.932,1.032
354.962,1.035
354.992,1.033
355.022,1.027
355.052,1.029
355.082,1.034
355.112,1.033
355.142,1.037
355.172,1.029
355.202,1.033
355.232,1.031
355.262,1.030
355.292,1.033
355.322,1.032
355.352,1.031
355.382,1.033
355.412,1.031
355.442,1.031
355.472,1.033
355.502,1.036
355.532,1.038
355.562,1.033
355.592,1.030
355.622,1.038
355.652,1.034
355.682,1.032
355.712,1.034
355.742,1.030
355.772,1.030
355.802,1.034
355.832,1.032
355.862,1.030
355.892,1.038
355.922,1.030
355.952,1.031
355.982,1.032
356.012,1.035
356.042,1.034
356.072,1.033
356.102,1.034
356.132,1.035
356.162,1.035
356.192,1.032
356.222,1.039
356.252,1.033
356.282,1.026
356.312,1.038
356.342,1.033
356.372,1.030
356.402,1.033
356.432,1.032
356.462,1.031
356.492,1.033
356.522,1.028
356.552,1.033
356.582,1.037
356.612,1.030
356.642,1.034
356.672,1.037
356.702,1.028
356.732,1.033
356.762,1.033
356.792,1.032
356.822,1.033
356.852,1.032
356.882,1.033
356.912,1.033
356.942,1.028
356.972,1.031
357.002,1.037
357.032,1.035
357.062,1.036
357.092,1.034
357.122,1.030
357.152,1.029
357.182,1.033
357.212,1.034
357.242,1.034
357.272,1.032
357.302,1.028
357.332,1.026
357.362,1.035
357.392,1.038
357.422,1.040
357.452,1.033
357.482,1.028
357.512,1.024
357.542,1.031
357.572,1.034
357.602,1.033
357.632,1.035
357.662,1.036
357.692,1.033
357.722,1.031
357.752,1.038
357.782,1.033
357.812,1.032
357.842,1.030
357.872,1.033
357.902,1.028
357.932,1.034
357.962,1.035
357.992,1.035
358.022,1.031
358.052,1.035
358.082,1.037
358.112,1.037
358.142,1.034
358.172,1.034
358.202,1.031
358.232,1.031
358.262,1.031
358.292,1.037
358.322,1.035
358.352,1.026
358.382,1.035
358.412,1.031
358.442,1.036
358.472,1.033
358.502,1.031
358.532,1.031
358.562,1.030
358.592,1.035
358.622,1.040
358.652,1.029
358.682,1.030
358.712,1.034
358.742,1.031
358.772,1.035
358.802,1.034
358.832,1.034
358.862,1.034
358.892,1.035
358.922,1.030
358.952,1.031
358.982,1.036
359.012,1.033
359.042,1.035
359.072,1.030
359.102,1.034
359.132,1.033
359.162,1.035
359.192,1.031
359.222,1.031
359.252,1.029
359.282,1.034
359.312,1.034
359.342,1.038
359.372,1.028
359.402,1.032
359.432,1.033
359.462,1.027
359.492,1.032
359.522,1.034
359.552,1.032
359.582,1.032
359.612,1.031
359.642,1.033
359.672,1.032
359.702,1.034
359.732,1.033
359.762,1.030
359.792,1.031
359.822,1.031
359.852,1.037
359.882,1.034
359.912,1.030
359.942,1.031
359.972,1.032
360.002,1.036
360.032,1.040
360.062,1.030
360.092,1.030
360.122,1.035
360.152,1.030
360.182,1.032
360.212,1.037
360.242,1.034
360.272,1.033
360.302,1.032
360.332,1.031
360.362,1.030
360.392,1.031
360.422,1.034
360.452,1.034
360.482,1.033
360.512,1.037
360.542,1.031
360.572,1.037
360.602,1.034
360.632,1.029
360.662,1.034
360.692,1.029
360.722,1.033
360.752,1.036
360.782,1.029
360.812,1.032
360.842,1.037
360.872,1.033
360.902,1.031
360.932,1.035
360.962,1.032
360.992,1.032
361.022,1.030
361.052,1.034
361.082,1.028
361.112,1.035
361.142,1.032
361.172,1.032
361.202,1.034
361.232,1.031
361.262,1.028
361.292,1.041
361.322,1.033
361.352,1.030
361.382,1.030
361.412,1.033
361.442,1.040
361.472,1.035
361.502,1.028
361.532,1.034
361.562,1.032
361.592,1.027
361.622,1.035
361.652,1.039
361.682,1.031
361.712,1.031
361.742,1.030
361.772,1.031
361.802,1.033
361.832,1.033
361.862,1.031
361.892,1.035
361.922,1.034
361.952,1.037
361.982,1.035
362.012,1.037
362.042,1.032
362.072,1.029
362.102,1.030
362.132,1.035
362.162,1.028
362.192,1.035
362.222,1.032
362.252,1.034
362.282,1.031
362.312,1.031
362.342,1.036
362.372,1.037
362.402,1.035
362.432,1.030
362.462,1.032
362.492,1.031
362.522,1.034
362.552,1.035
362.582,1.034
362.612,1.034
362.642,1.033
362.672,1.028
362.702,1.038
362.732,1.033
362.762,1.033
362.792,1.025
362.822,1.033
362.852,1.033
362.882,1.034
362.912,1.026
362.942,1.033
362.972,1.040
363.002,1.031
363.032,1.032
363.062,1.035
363.092,1.032
363.122,1.033
363.152,1.035
363.182,1.032
363.212,1.031
363.242,1.034
363.272,1.034
363.302,1.032
363.332,1.022
363.362,1.025
363.392,1.040
363.422,1.034
363.452,1.031
363.482,1.033
363.512,1.031
363.542,1.033
363.572,1.031
363.602,1.033
363.632,1.034
363.662,1.038
363.692,1.031
363.722,1.031
363.752,1.038
363.782,1.035
363.812,1.033
363.842,1.031
363.872,1.030
363.902,1.036
363.932,1.031
363.962,1.032
363.992,1.028
364.022,1.028
364.052,1.034
364.082,1.034
364.112,1.033
364.142,1.030
364.172,1.030
364.202,1.030
364.232,1.032
364.262,1.030
364.292,1.036
364.322,1.032
364.352,1.031
364.382,1.029
364.412,1.034
364.442,1.038
364.472,1.037
364.502,1.034
364.532,1.033
364.562,1.029
364.592,1.036
364.622,1.032
364.652,1.032
364.682,1.035
364.712,1.035
364.742,1.028
364.772,1.037
364.802,1.034
364.832,1.032
364.862,1.032
364.892,1.032
364.922,1.033
364.952,1.032
364.982,1.032
365.012,1.034
365.042,1.038
365.072,1.031
365.102,1.031
365.132,1.035
365.162,1.031
365.192,1.034
365.222,1.032
365.252,1.033
365.282,1.035
365.312,1.035
365.342,1.030
365.372,1.036
365.402,1.034
365.432,1.029
365.462,1.041
365.492,1.034
365.522,1.027
365.552,1.029
365.582,1.035
365.612,1.032
365.642,1.030
365.672,1.031
365.702,1.034
365.732,1.033
365.762,1.031
365.792,1.034
365.822,1.036
365.852,1.035
365.882,1.028
365.912,1.032
365.942,1.036
365.972,1.035
366.002,1.035
366.032,1.028
366.062,1.034
366.092,1.037
366.122,1.036
366.152,1.032
366.182,1.025
366.212,1.029
366.242,1.034
366.272,1.037
366.302,1.035
366.332,1.030
366.362,1.032
366.392,1.033
366.422,1.029
366.452,1.034
366.482,1.034
366.512,1.034
366.542,1.037
366.572,1.031
366.602,1.033
366.632,1.034
366.662,1.031
366.692,1.039
366.722,1.032
366.752,1.030
366.782,1.043
366.812,1.034
366.842,1.027
366.872,1.029
366.902,1.033
366.932,1.033
366.962,1.037
366.992,1.027
367.022,1.034
367.052,1.038
367.082,1.030
367.112,1.030
367.142,1.031
367.172,1.036
367.202,1.031
367.232,1.036
367.262,1.031
367.292,1.035
367.322,1.037
367.352,1.030
367.382,1.033
367.412,1.034
367.442,1.038
367.472,1.028
367.502,1.035
367.532,1.032
367.562,1.029
367.592,1.034
367.622,1.043
367.652,1.027
367.682,1.031
367.712,1.030
367.742,1.028
367.772,1.036
367.802,1.033
367.832,1.035
367.862,1.034
367.892,1.030
367.922,1.033
367.952,1.034
367.982,1.033
368.012,1.029
368.042,1.034
368.072,1.036
368.102,1.040
368.132,1.030
368.162,1.028
368.192,1.029
368.222,1.029
368.252,1.037
368.282,1.039
368.312,1.029
368.342,1.032
368.372,1.031
368.402,1.030
368.432,1.033
368.462,1.037
368.492,1.034
368.522,1.030
368.552,1.032
368.582,1.033
368.612,1.033
368.642,1.033
368.672,1.032
368.702,1.034
368.732,1.035
368.762,1.034
368.792,1.029
368.822,1.031
368.852,1.030
368.882,1.035
368.912,1.029
368.942,1.038
368.972,1.035
369.002,1.035
369.032,1.034
369.062,1.033
369.092,1.029
369.122,1.036
369.152,1.037
369.182,1.031
369.212,1.032
369.242,1.034
369.272,1.032
369.302,1.032
369.332,1.033
369.362,1.036
369.392,1.032
369.422,1.035
369.452,1.034
369.482,1.031
369.512,1.031
369.542,1.033
369.572,1.034
369.602,1.039
369.632,1.029
369.662,1.032
369.692,1.036
369.722,1.032
369.752,1.033
369.782,1.031
369.812,1.030
369.842,1.035
369.872,1.037
369.902,1.033
369.932,1.031
369.962,1.034
369.992,1.033
370.022,1.029
370.052,1.028
370.082,1.036
370.112,1.039
370.142,1.031
370.172,1.032
370.202,1.030
370.232,1.030
370.262,1.032
370.292,1.044
370.322,1.030
370.352,1.036
370.382,1.033
370.412,1.029
370.442,1.033
370.472,1.030
370.502,1.033
370.532,1.028
370.562,1.030
370.592,1.034
370.622,1.035
370.652,1.032
370.682,1.027
370.712,1.032
370.742,1.034
370.772,1.031
370.802,1.038
370.832,1.038
370.862,1.027
370.892,1.029
370.922,1.033
370.952,1.031
370.982,1.036
371.012,1.034
371.042,1.034
371.072,1.028
371.102,1.032
371.132,1.038
371.162,1.032
371.192,1.035
371.222,1.038
371.252,1.032
371.282,1.033
371.312,1.038
371.342,1.035
371.372,1.038
371.402,1.028
371.432,1.026
371.462,1.037
371.492,1.037
371.522,1.033
371.552,1.035
371.582,1.032
371.612,1.033
371.642,1.032
371.672,1.038
371.702,1.034
371.732,1.040
371.762,1.030
371.792,1.027
371.822,1.033
371.852,1.031
371.882,1.037
371.912,1.033
371.942,1.033
371.972,1.033
372.002,1.035
372.032,1.034
372.062,1.033
372.092,1.032
372.122,1.029
372.152,1.036
372.182,1.035
372.212,1.033
372.242,1.029
372.272,1.035
372.302,1.037
372.332,1.036
372.362,1.031
372.392,1.036
372.422,1.036
372.452,1.030
372.482,1.037
372.512,1.039
372.542,1.033
372.572,1.033
372.602,1.030
372.632,1.032
372.662,1.036
372.692,1.028
372.722,1.031
372.752,1.034
372.782,1.038
372.812,1.035
372.842,1.033
372.872,1.033
372.902,1.029
372.932,1.033
372.962,1.038
372.992,1.035
373.022,1.032
373.052,1.036
373.082,1.035
373.112,1.028
373.142,1.038
373.172,1.035
373.202,1.034
373.232,1.031
373.262,1.031
373.292,1.033
373.322,1.033
373.352,1.031
373.382,1.039
373.412,1.035
373.442,1.031
373.472,1.038
373.502,1.036
373.532,1.031
373.562,1.036
373.592,1.034
373.622,1.032
373.652,1.040
373.682,1.029
373.712,1.031
373.742,1.034
373.772,1.031
373.802,1.035
373.832,1.033
373.862,1.032
373.892,1.037
373.922,1.033
373.952,1.033
373.982,1.032
374.012,1.034
374.042,1.031
374.072,1.034
374.102,1.030
374.132,1.037
374.162,1.031
374.192,1.031
374.222,1.033
374.252,1.035
374.282,1.031
374.312,1.040
374.342,1.037
374.372,1.035
374.402,1.032
374.432,1.031
374.462,1.036
374.492,1.034
374.522,1.038
374.552,1.032
374.582,1.031
374.612,1.035
374.642,1.035
374.672,1.030
374.702,1.028
374.732,1.032
374.762,1.039
374.792,1.038
374.822,1.027
374.852,1.030
374.882,1.031
374.912,1.034
374.942,1.031
374.972,1.032
375.002,1.033
375.032,1.034
375.062,1.027
375.092,1.033
375.122,1.032
375.152,1.038
375.182,1.030
375.212,1.028
375.242,1.039
375.272,1.037
375.302,1.035
375.332,1.033
375.362,1.037
375.392,1.034
375.422,1.037
375.452,1.034
375.482,1.028
375.512,1.034
375.542,1.036
375.572,1.025
375.602,1.039
375.632,1.036
375.662,1.038
375.692,1.033
375.722,1.033
375.752,1.033
375.782,1.032
375.812,1.038
375.842,1.033
375.872,1.032
375.902,1.036
375.932,1.033
375.962,1.038
375.992,1.033
376.022,1.032
376.052,1.041
376.082,1.040
376.112,1.035
376.142,1.032
376.172,1.029
376.202,1.032
376.232,1.034
376.262,1.029
376.292,1.035
376.322,1.042
376.352,1.028
376.382,1.030
376.412,1.031
376.442,1.034
376.472,1.034
376.502,1.033
376.532,1.034
376.562,1.034
376.592,1.034
376.622,1.040
376.652,1.028
376.682,1.031
376.712,1.039
376.742,1.037
376.772,1.030
376.802,1.029
376.832,1.032
376.862,1.032
376.892,1.032
376.922,1.037
376.952,1.031
376.982,1.037
377.012,1.033
377.042,1.032
377.072,1.030
377.102,1.033
377.132,1.031
377.162,1.031
377.192,1.031
377.222,1.040
377.252,1.038
377.282,1.027
377.312,1.031
377.342,1.035
377.372,1.033
377.402,1.041
377.432,1.033
377.462,1.030
377.492,1.032
377.522,1.032
377.552,1.033
377.582,1.039
377.612,1.032
377.642,1.036
377.672,1.034
377.702,1.031
377.732,1.036
377.762,1.036
377.792,1.032
377.822,1.038
377.852,1.029
377.882,1.031
377.912,1.039
377.942,1.032
377.972,1.036
378.002,1.031
378.032,1.028
378.062,1.038
378.092,1.039
378.122,1.033
378.152,1.035
378.182,1.028
378.212,1.036
378.242,1.033
378.272,1.031
378.302,1.032
378.332,1.040
378.362,1.032
378.392,1.029
378.422,1.039
378.452,1.034
378.482,1.036
378.512,1.034
378.542,1.034
378.572,1.031
378.602,1.038
378.632,1.040
378.662,1.029
378.692,1.032
378.722,1.035
378.752,1.038
378.782,1.032
378.812,1.031
378.842,1.029
378.872,1.028
378.902,1.029
378.932,1.039
378.962,1.030
378.992,1.036
379.022,1.034
379.052,1.032
379.082,1.034
379.112,1.035
379.142,1.029
379.172,1.034
379.202,1.031
379.232,1.032
379.262,1.038
379.292,1.031
379.322,1.030
379.352,1.034
379.382,1.032
379.412,1.039
379.442,1.034
379.472,1.027
379.502,1.031
379.532,1.034
379.562,1.034
379.592,1.039
379.622,1.029
379.652,1.032
379.682,1.031
379.712,1.033
379.742,1.037
379.772,1.033
379.802,1.034
379.832,1.027
379.862,1.030
379.892,1.034
379.922,1.034
379.952,1.033
379.982,1.035
380.012,1.035
380.042,1.032
380.072,1.035
380.102,1.033
380.132,1.031
380.162,1.031
380.192,1.035
380.222,1.035
380.252,1.038
380.282,1.028
380.312,1.033
380.342,1.038
380.372,1.029
380.402,1.032
380.432,1.035
380.462,1.030
380.492,1.035
380.522,1.031
380.552,1.032
380.582,1.034
380.612,1.033
380.642,1.038
380.672,1.035
380.702,1.032
380.732,1.035
380.762,1.035
380.792,1.029
380.822,1.031
380.852,1.032
380.882,1.034
380.912,1.036
380.942,1.030
380.972,1.036
381.002,1.036
381.032,1.032
381.062,1.033
381.092,1.033
381.122,1.036
381.152,1.035
381.182,1.030
381.212,1.034
381.242,1.033
381.272,1.032
381.302,1.039
381.332,1.031
381.362,1.031
381.392,1.041
381.422,1.031
381.452,1.031
381.482,1.034
381.512,1.026
381.542,1.033
381.572,1.038
381.602,1.033
381.632,1.034
381.662,1.029
381.692,1.032
381.722,1.035
381.752,1.034
381.782,1.035
381.812,1.032
381.842,1.030
381.872,1.034
381.902,1.033
381.932,1.032
381.962,1.030
381.992,1.036
382.022,1.035
382.052,1.038
382.082,1.032
382.112,1.030
382.142,1.035
382.172,1.031
382.202,1.035
382.232,1.035
382.262,1.034
382.292,1.036
382.322,1.026
382.352,1.033
382.382,1.038
382.412,1.033
382.442,1.036
382.472,1.033
382.502,1.034
382.532,1.035
382.562,1.029
382.592,1.049
382.622,1.027
382.652,1.027
382.682,1.041
382.712,1.033
382.742,1.032
382.772,1.037
382.802,1.029
382.832,1.035
382.862,1.034
382.892,1.030
382.922,1.036
382.952,1.040
382.982,1.028
383.012,1.031
383.042,1.036
383.072,1.029
383.102,1.034
383.132,1.037
383.162,1.031
383.192,1.035
383.222,1.037
383.252,1.030
383.282,1.032
383.312,1.035
383.342,1.038
383.372,1.034
383.402,1.032
383.432,1.027
383.462,1.031
383.492,1.035
383.522,1.040
383.552,1.034
383.582,1.035
383.612,1.028
383.642,1.036
383.672,1.032
383.702,1.032
383.732,1.038
383.762,1.031
383.792,1.031
383.822,1.030
383.852,1.032
383.882,1.031
383.912,1.032
383.942,1.033
383.972,1.039
384.002,1.033
384.032,1.025
384.062,1.028
384.092,1.036
384.122,1.035
384.152,1.039
384.182,1.031
384.212,1.038
384.242,1.029
384.272,1.029
384.302,1.034
384.332,1.035
384.362,1.031
384.392,1.032
384.422,1.030
384.452,1.033
384.482,1.035
384.512,1.039
384.542,1.031
384.572,1.034
384.602,1.038
384.632,1.037
384.662,1.034
384.692,1.033
384.722,1.028
384.752,1.032
384.782,1.039
384.812,1.027
384.842,1.029
384.872,1.037
384.902,1.031
384.932,1.030
384.962,1.034
384.992,1.034
385.022,1.035
385.052,1.033
385.082,1.030
385.112,1.033
385.142,1.039
385.172,1.031
385.202,1.031
385.232,1.038
385.262,1.038
385.292,1.033
385.322,1.035
385.352,1.032
385.382,1.030
385.412,1.032
385.442,1.034
385.472,1.030
385.502,1.039
385.532,1.033
385.562,1.032
385.592,1.036
385.622,1.036
385.652,1.037
385.682,1.031
385.712,1.031
385.742,1.037
385.772,1.032
385.802,1.038
385.832,1.030
385.862,1.026
385.892,1.044
385.922,1.040
385.952,1.030
385.982,1.031
386.012,1.032
386.042,1.042
386.072,1.035
386.102,1.028
386.132,1.034
386.162,1.033
386.192,1.031
386.222,1.035
386.252,1.033
386.282,1.036
386.312,1.035
386.342,1.031
386.372,1.035
386.402,1.032
386.432,1.030
386.462,1.035
386.492,1.033
386.522,1.032
386.552,1.041
386.582,1.030
386.612,1.029
386.642,1.035
386.672,1.035
386.702,1.031
386.732,1.034
386.762,1.034
386.792,1.033
386.822,1.032
386.852,1.036
386.882,1.034
386.912,1.035
386.942,1.033
386.972,1.032
387.002,1.036
387.032,1.035
387.062,1.031
387.092,1.037
387.122,1.034
387.152,1.030
387.182,1.037
387.212,1.037
387.242,1.032
387.272,1.032
387.302,1.032
387.332,1.036
387.362,1.038
387.392,1.029
387.422,1.035
387.452,1.034
387.482,1.031
387.512,1.033
387.542,1.033
387.572,1.031
387.602,1.038
387.632,1.035
387.662,1.038
387.692,1.036
387.722,1.035
387.752,1.028
387.782,1.030
387.812,1.036
387.842,1.036
387.872,1.034
387.902,1.031
387.932,1.031
387.962,1.033
387.992,1.033
388.022,1.032
388.052,1.033
388.082,1.035
388.112,1.031
388.142,1.031
388.172,1.035
388.202,1.038
388.232,1.034
388.262,1.033
388.292,1.031
388.322,1.035
388.352,1.033
388.382,1.036
388.412,1.035
388.442,1.033
388.472,1.033
388.502,1.037
388.532,1.031
388.562,1.029
388.592,1.033
388.622,1.034
388.652,1.030
388.682,1.035
388.712,1.033
388.742,1.033
388.772,1.030
388.802,1.036
388.832,1.033
388.862,1.032
388.892,1.034
388.922,1.029
388.952,1.032
388.982,1.037
389.012,1.030
389.042,1.033
389.072,1.032
389.102,1.035
389.132,1.038
389.162,1.035
389.192,1.031
389.222,1.035
389.252,1.029
389.282,1.034
389.312,1.038
389.342,1.035
389.372,1.032
389.402,1.031
389.432,1.034
389.462,1.033
389.492,1.033
389.522,1.032
389.552,1.039
389.582,1.028
389.612,1.031
389.642,1.035
389.672,1.032
389.702,1.038
389.732,1.032
389.762,1.028
389.792,1.038
389.822,1.039
389.852,1.033
389.882,1.029
389.912,1.031
389.942,1.034
389.972,1.035
390.002,1.031
390.032,1.031
390.062,1.038
390.092,1.038
390.122,1.037
390.152,1.035
390.182,1.031
390.212,1.034
390.242,1.033
390.272,1.034
390.302,1.035
390.332,1.029
390.362,1.037
390.392,1.032
390.422,1.027
390.452,1.041
390.482,1.035
390.512,1.030
390.542,1.029
390.572,1.035
390.602,1.032
390.632,1.042
390.662,1.029
390.692,1.036
390.722,1.032
390.752,1.028
390.782,1.035
390.812,1.034
390.842,1.034
390.872,1.032
390.902,1.033
390.932,1.037
390.962,1.033
390.992,1.029
391.022,1.032
391.052,1.034
391.082,1.034
391.112,1.037
391.142,1.030
391.172,1.030
391.202,1.035
391.232,1.032
391.262,1.031
391.292,1.034
391.322,1.032
391.352,1.034
391.382,1.029
391.412,1.033
391.442,1.035
391.472,1.034
391.502,1.033
391.532,1.033
391.562,1.033
391.592,1.034
391.622,1.036
391.652,1.033
391.682,1.035
391.712,1.035
391.742,1.036
391.772,1.031
391.802,1.029
391.832,1.030
391.862,1.032
391.892,1.031
391.922,1.040
391.952,1.032
391.982,1.033
392.012,1.032
392.042,1.032
392.072,1.034
392.102,1.032
392.132,1.034
392.162,1.030
392.192,1.033
392.222,1.036
392.252,1.031
392.282,1.037
392.312,1.032
392.342,1.027
392.372,1.042
392.402,1.040
392.432,1.031
392.462,1.030
392.492,1.035
392.522,1.032
392.552,1.039
392.582,1.025
392.612,1.036
392.642,1.037
392.672,1.032
392.702,1.032
392.732,1.035
392.762,1.032
392.792,1.034
392.822,1.034
392.852,1.035
392.882,1.037
392.912,1.031
392.942,1.036
392.972,1.026
393.002,1.029
393.032,1.043
393.062,1.041
393.092,1.030
393.122,1.031
393.152,1.037
393.182,1.035
393.212,1.030
393.242,1.035
393.272,1.033
393.302,1.032
393.332,1.030
393.362,1.034
393.392,1.032
393.422,1.034
393.452,1.032
393.482,1.035
393.512,1.032
393.542,1.035
393.572,1.031
393.602,1.038
393.632,1.034
393.662,1.032
393.692,1.037
393.722,1.038
393.752,1.032
393.782,1.031
393.812,1.033
393.842,1.034
393.872,1.042
393.902,1.030
393.932,1.031
393.962,1.035
393.992,1.032
394.022,1.033
394.052,1.037
394.082,1.036
394.112,1.034
394.142,1.031
394.172,1.033
394.202,1.032
394.232,1.032
394.262,1.040
394.292,1.037
394.322,1.032
394.352,1.038
394.382,1.036
394.412,1.032
394.442,1.030
394.472,1.033
394.502,1.034
394.532,1.035
394.562,1.035
394.592,1.031
394.622,1.036
394.652,1.033
394.682,1.028
394.712,1.035
394.742,1.035
394.772,1.035
394.802,1.030
394.832,1.035
394.862,1.034
394.892,1.033
394.922,1.037
394.952,1.031
394.982,1.032
395.012,1.040
395.042,1.035
395.072,1.034
395.102,1.037
395.132,1.030
395.162,1.035
395.192,1.031
395.222,1.038
395.252,1.036
395.282,1.036
395.312,1.031
395.342,1.033
395.372,1.037
395.402,1.034
395.432,1.031
395.462,1.033
395.492,1.034
395.522,1.034
395.552,1.034
395.582,1.035
395.612,1.034
395.642,1.028
395.672,1.035
395.702,1.041
395.732,1.037
395.762,1.028
395.792,1.029
395.822,1.031
395.852,1.034
395.882,1.031
395.912,1.030
395.942,1.032
395.972,1.036
396.002,1.032
396.032,1.033
396.062,1.035
396.092,1.034
396.122,1.033
396.152,1.032
396.182,1.034
396.212,1.034
396.242,1.033
396.272,1.037
396.302,1.030
396.332,1.028
396.362,1.040
396.392,1.039
396.422,1.029
396.452,1.029
396.482,1.036
396.512,1.034
396.542,1.027
396.572,1.036
396.602,1.036
396.632,1.039
396.662,1.029
396.692,1.035
396.722,1.032
396.752,1.034
396.782,1.039
396.812,1.032
396.842,1.030
396.872,1.035
396.902,1.037
396.932,1.029
396.962,1.037
396.992,1.036
397.022,1.031
397.052,1.037
397.082,1.034
397.112,1.034
397.142,1.032
397.172,1.030
397.202,1.035
397.232,1.038
397.262,1.033
397.292,1.037
397.322,1.032
397.352,1.032
397.382,1.034
397.412,1.035
397.442,1.033
397.472,1.040
397.502,1.034
397.532,1.033
397.562,1.031
397.592,1.034
397.622,1.032
397.652,1.036
397.682,1.041
397.712,1.029
397.742,1.039
397.772,1.035
397.802,1.031
397.832,1.031
397.862,1.031
397.892,1.036
397.922,1.039
397.952,1.032
397.982,1.033
398.012,1.030
398.042,1.030
398.072,1.036
398.102,1.035
398.132,1.032
398.162,1.031
398.192,1.033
398.222,1.035
398.252,1.038
398.282,1.040
398.312,1.036
398.342,1.027
398.372,1.042
398.402,1.025
398.432,1.026
398.462,1.033
398.492,1.036
398.522,1.032
398.552,1.035
398.582,1.034
398.612,1.031
398.642,1.030
398.672,1.033
398.702,1.027
398.732,1.032
398.762,1.029
398.792,1.039
398.822,1.035
398.852,1.030
398.882,1.033
398.912,1.045
398.942,1.026
398.972,1.029
399.002,1.041
399.032,1.041
399.062,1.043
399.092,1.037
399.122,1.034
399.152,1.021
399.182,1.025
399.212,1.033
399.242,1.029
399.272,1.048
399.302,1.035
399.332,1.037
399.362,1.027
399.392,1.028
399.422,1.036
399.452,1.033
399.482,1.041
399.512,1.038
399.542,1.027
399.572,1.036
399.602,1.033
399.632,1.036
399.662,1.024
399.692,1.040
399.722,1.036
399.752,1.029
399.782,1.023
399.812,1.035
399.842,1.031
399.872,1.038
399.902,1.040
399.932,1.034
399.962,1.046
399.992,1.039
400.022,1.027
400.052,1.036
400.082,1.043
400.112,1.022
400.142,1.039
400.172,1.021
400.202,1.033
400.232,1.035
400.262,1.027
400.292,1.052
400.322,1.025
400.352,1.022
400.382,1.044
400.412,1.036
400.442,1.021
400.472,1.045
400.502,1.039
400.532,1.029
400.562,1.040
400.592,1.034
400.622,1.027
400.652,1.040
400.682,1.040
400.712,1.062
400.742,1.030
400.772,1.028
400.802,1.036
400.832,1.024
400.862,1.033
400.892,1.040
400.922,1.030
400.952,1.037
400.982,1.042
401.012,1.027
401.042,1.044
401.072,1.037
401.102,1.032
401.132,1.034
401.162,1.028
401.192,1.037
401.222,1.039
401.252,1.041
401.282,1.039
401.312,1.033
401.342,1.034
401.372,1.031
401.402,1.037
401.432,1.038
401.462,1.040
401.492,1.033
401.522,1.024
401.552,1.039
401.582,1.034
401.612,1.042
401.642,1.032
401.672,1.032
401.702,1.031
401.732,1.035
401.762,1.029
401.792,1.041
401.822,1.036
401.852,1.025
401.882,1.036
401.912,1.040
401.942,1.029
401.972,1.037
402.002,1.038
402.032,1.034
402.062,1.037
402.092,1.033
402.122,1.036
402.152,1.036
402.182,1.040
402.212,1.031
402.242,1.032
402.272,1.031
402.302,1.034
402.332,1.036
402.362,1.039
402.392,1.028
402.422,1.034
402.452,1.037
402.482,1.033
402.512,1.046
402.542,1.032
402.572,1.036
402.602,1.035
402.632,1.029
402.662,1.032
402.692,1.036
402.722,1.035
402.752,1.039
402.782,1.035
402.812,1.039
402.842,1.032
402.872,1.035
402.902,1.037
402.932,1.033
402.962,1.039
402.992,1.040
403.022,1.031
403.052,1.039
403.082,1.027
403.112,1.040
403.142,1.040
403.172,1.037
403.202,1.024
403.232,1.023
403.262,1.041
403.292,1.039
403.322,1.033
403.352,1.032
403.382,1.043
403.412,1.034
403.442,1.031
403.472,1.044
403.502,1.035
403.532,1.032
403.562,1.037
403.592,1.030
403.622,1.032
403.652,1.038
403.682,1.033
403.712,1.033
403.742,1.039
403.772,1.036
403.802,1.034
403.832,1.033
403.862,1.032
403.892,1.031
403.922,1.024
403.952,1.050
403.982,1.032
404.012,1.018
404.042,1.048
404.072,1.047
404.102,1.021
404.132,1.043
404.162,1.042
404.192,1.044
404.222,1.056
404.252,1.033
404.282,1.021
404.312,1.039
404.342,1.037
404.372,1.035
404.402,1.033
404.432,1.034
404.462,1.036
404.492,1.038
404.522,1.041
404.552,1.030
404.582,1.021
404.612,1.028
404.642,1.025
404.672,1.043
404.702,1.036
404.732,1.031
404.762,1.025
404.792,1.035
404.822,1.027
404.852,1.055
404.882,1.056
404.912,1.039
404.942,1.029
404.972,1.027
405.002,1.029
405.032,1.030
405.062,1.031
405.092,1.035
405.122,1.033
405.152,1.037
405.182,1.036
405.212,1.034
405.242,1.036
405.272,1.035
405.302,1.030
405.332,1.034
405.362,1.033
405.392,1.025
405.422,1.038
405.452,1.035
405.482,1.029
405.512,1.036
405.542,1.039
405.572,1.035
405.602,1.031
405.632,1.031
405.662,1.029
405.692,1.025
405.722,1.031
405.752,1.033
405.782,1.044
405.812,1.031
405.842,1.031
405.872,1.030
405.902,1.032
405.932,1.035
405.962,1.044
405.992,1.030
406.022,1.033
406.052,1.034
406.082,1.027
406.112,1.029
406.142,1.037
406.172,1.039
406.202,1.031
406.232,1.032
406.262,1.033
406.292,1.029
406.322,1.034
406.352,1.031
406.382,1.041
406.412,1.035
406.442,1.031
406.472,1.031
406.502,1.034
406.532,1.034
406.562,1.036
406.592,1.030
406.622,1.042
406.652,1.033
406.682,1.028
406.712,1.034
406.742,1.033
406.772,1.035
406.802,1.033
406.832,1.035
406.862,1.037
406.892,1.033
406.922,1.038
406.952,1.034
406.982,1.028
407.012,1.039
407.042,1.037
407.072,1.031
407.102,1.033
407.132,1.035
407.162,1.034
407.192,1.037
407.222,1.031
407.252,1.032
407.282,1.039
407.312,1.034
407.342,1.030
407.372,1.032
407.402,1.037
407.432,1.036
407.462,1.036
407.492,1.032
407.522,1.035
407.552,1.032
407.582,1.034
407.612,1.040
407.642,1.031
407.672,1.033
407.702,1.027
407.732,1.026
407.762,1.040
407.792,1.035
407.822,1.038
407.852,1.029
407.882,1.033
407.912,1.033
407.942,1.034
407.972,1.030
408.002,1.033
408.032,1.032
408.062,1.035
408.092,1.033
408.122,1.033
408.152,1.031
408.182,1.032
408.212,1.029
408.242,1.034
408.272,1.036
408.302,1.035
408.332,1.035
408.362,1.034
408.392,1.029
408.422,1.034
408.452,1.037
408.482,1.038
408.512,1.033
408.542,1.026
408.572,1.030
408.602,1.035
408.632,1.031
408.662,1.039
408.692,1.034
408.722,1.037
408.752,1.032
408.782,1.032
408.812,1.035
408.842,1.036
408.872,1.033
408.902,1.035
408.932,1.030
408.962,1.037
408.992,1.034
409.022,1.032
409.052,1.033
409.082,1.030
409.112,1.034
409.142,1.038
409.172,1.039
409.202,1.034
409.232,1.031
409.262,1.030
409.292,1.032
409.322,1.028
409.352,1.037
409.382,1.035
409.412,1.034
409.442,1.034
409.472,1.034
409.502,1.032
409.532,1.031
409.562,1.033
409.592,1.036
409.622,1.032
409.652,1.031
409.682,1.040
409.712,1.033
409.742,1.037
409.772,1.031
409.802,1.029
409.832,1.040
409.862,1.037
409.892,1.033
409.922,1.035
409.952,1.033
409.982,1.032
410.012,1.034
410.042,1.032
410.072,1.034
410.102,1.041
410.132,1.029
410.162,1.028
410.192,1.034
410.222,1.035
410.252,1.036
410.282,1.033
410.312,1.034
410.342,1.035
410.372,1.035
410.402,1.033
410.432,1.038
410.462,1.027
410.492,1.029
410.522,1.040
410.552,1.033
410.582,1.037
410.612,1.026
410.642,1.028
410.672,1.031
410.702,1.032
410.732,1.033
410.762,1.036
410.792,1.036
410.822,1.029
410.852,1.029
410.882,1.035
410.912,1.037
410.942,1.037
410.972,1.031
411.002,1.029
411.032,1.039
411.062,1.036
411.092,1.032
411.122,1.032
411.152,1.035
411.182,1.031
411.212,1.039
411.242,1.032
411.272,1.026
411.302,1.029
411.332,1.032
411.362,1.035
411.392,1.042
411.422,1.030
411.452,1.034
411.482,1.038
411.512,1.032
411.542,1.036
411.572,1.032
411.602,1.037
411.632,1.030
411.662,1.032
411.692,1.034
411.722,1.029
411.752,1.033
411.782,1.033
411.812,1.030
411.842,1.030
411.872,1.039
411.902,1.032
411.932,1.028
411.962,1.028
411.992,1.036
412.022,1.029
412.052,1.037
412.082,1.034
412.112,1.034
412.142,1.034
412.172,1.031
412.202,1.035
412.232,1.034
412.262,1.035
412.292,1.036
412.322,1.032
412.352,1.033
412.382,1.036
412.412,1.032
412.442,1.034
412.472,1.040
412.502,1.029
412.532,1.038
412.562,1.036
412.592,1.033
412.622,1.031
412.652,1.034
412.682,1.037
412.712,1.039
412.742,1.029
412.772,1.034
412.802,1.037
412.832,1.030
412.862,1.035
412.892,1.035
412.922,1.037
412.952,1.038
412.982,1.031
413.012,1.030
413.042,1.036
413.072,1.036
413.102,1.033
413.132,1.036
413.162,1.032
413.192,1.031
413.222,1.040
413.252,1.031
413.282,1.031
413.312,1.031
413.342,1.035
413.372,1.033
413.402,1.042
413.432,1.032
413.462,1.031
413.492,1.036
413.522,1.031
413.552,1.030
413.582,1.036
413.612,1.035
413.642,1.033
413.672,1.031
413.702,1.034
413.732,1.032
413.762,1.032
413.792,1.037
413.822,1.029
413.852,1.030
413.882,1.032
413.912,1.038
413.942,1.033
413.972,1.029
414.002,1.030
414.032,1.034
414.062,1.030
414.092,1.035
414.122,1.034
414.152,1.039
414.182,1.031
414.212,1.032
414.242,1.036
414.272,1.035
414.302,1.035
414.332,1.035
414.362,1.030
414.392,1.033
414.422,1.035
414.452,1.034
414.482,1.031
414.512,1.033
414.542,1.034
414.572,1.037
414.602,1.031
414.632,1.032
414.662,1.029
414.692,1.036
414.722,1.032
414.752,1.042
414.782,1.029
414.812,1.032
414.842,1.035
414.872,1.032
414.902,1.030
414.932,1.035
414.962,1.037
414.992,1.032
415.022,1.033
415.052,1.035
415.082,1.037
415.112,1.035
415.142,1.037
415.172,1.028
415.202,1.031
415.232,1.033
415.262,1.036
415.292,1.033
415.322,1.032
415.352,1.032
415.382,1.032
415.412,1.030
415.442,1.041
415.472,1.032
415.502,1.036
415.532,1.034
415.562,1.031
415.592,1.033
415.622,1.035
415.652,1.032
415.682,1.032
415.712,1.032
415.742,1.037
415.772,1.033
415.802,1.031
415.832,1.034
415.862,1.031
415.892,1.032
415.922,1.030
415.952,1.043
415.982,1.034
416.012,1.027
416.042,1.033
416.072,1.033
416.102,1.037
416.132,1.039
416.162,1.029
416.192,1.034
416.222,1.033
416.252,1.031
416.282,1.034
416.312,1.034
416.342,1.033
416.372,1.034
416.402,1.032
416.432,1.034
416.462,1.037
416.492,1.033
416.522,1.033
416.552,1.036
416.582,1.036
416.612,1.029
416.642,1.038
416.672,1.040
416.702,1.032
416.732,1.033
416.762,1.033
416.792,1.030
416.822,1.037
416.852,1.032
416.882,1.032
416.912,1.038
416.942,1.032
416.972,1.033
417.002,1.032
417.032,1.036
417.062,1.033
417.092,1.038
417.122,1.032
417.152,1.029
417.182,1.037
417.212,1.033
417.242,1.034
417.272,1.034
417.302,1.034
417.332,1.030
417.362,1.038
417.392,1.036
417.422,1.034
417.452,1.029
417.482,1.033
417.512,1.034
417.542,1.040
417.572,1.031
417.602,1.038
417.632,1.033
417.662,1.031
417.692,1.033
417.722,1.032
417.752,1.032
417.782,1.035
417.812,1.032
417.842,1.040
417.872,1.036
417.902,1.035
417.932,1.035
417.962,1.025
417.992,1.036
418.022,1.037
418.052,1.035
418.082,1.043
418.112,1.030
418.142,1.026
418.172,1.029
418.202,1.033
418.232,1.037
418.262,1.040
418.292,1.027
418.322,1.032
418.352,1.032
418.382,1.031
418.412,1.035
418.442,1.034
418.472,1.034
418.502,1.037
418.532,1.030
418.562,1.033
418.592,1.035
418.622,1.033
418.652,1.037
418.682,1.030
418.712,1.031
418.742,1.036
418.772,1.037
418.802,1.031
418.832,1.028
418.862,1.029
418.892,1.030
418.922,1.040
418.952,1.035
418.982,1.032
419.012,1.034
419.042,1.032
419.072,1.033
419.102,1.037
419.132,1.041
419.162,1.035
419.192,1.033
419.222,1.030
419.252,1.035
419.282,1.040
419.312,1.036
419.342,1.039
419.372,1.038
419.402,1.030
419.432,1.035
419.462,1.040
419.492,1.034
419.522,1.033
419.552,1.033
419.582,1.032
419.612,1.038
419.642,1.030
419.672,1.032
419.702,1.040
419.732,1.030
419.762,1.032
419.792,1.034
419.822,1.033
419.852,1.034
419.882,1.032
419.912,1.033
419.942,1.034
419.972,1.032
420.002,1.035
420.032,1.027
420.062,1.036
420.092,1.040
420.122,1.036
420.152,1.030
420.182,1.033
420.212,1.031
420.242,1.037
420.272,1.031
420.302,1.032
420.332,1.035
420.362,1.036
420.392,1.025
420.422,1.033
420.452,1.038
420.482,1.035
420.512,1.029
420.542,1.031
420.572,1.036
420.602,1.037
420.632,1.035
420.662,1.038
420.692,1.030
420.722,1.030
420.752,1.036
420.782,1.038
420.812,1.035
420.842,1.034
420.872,1.031
420.902,1.036
420.932,1.033
420.962,1.036
420.992,1.036
421.022,1.037
421.052,1.031
421.082,1.030
421.112,1.035
421.142,1.034
421.172,1.035
421.202,1.033
421.232,1.030
421.262,1.031
421.292,1.035
421.322,1.034
421.352,1.038
421.382,1.037
421.412,1.029
421.442,1.041
421.472,1.034
421.502,1.030
421.532,1.032
421.562,1.033
421.592,1.035
421.622,1.039
421.652,1.029
421.682,1.033
421.712,1.034
421.742,1.031
421.772,1.034
421.802,1.032
421.832,1.033
421.862,1.035
421.892,1.034
421.922,1.029
421.952,1.034
421.982,1.034
422.012,1.031
422.042,1.036
422.072,1.027
422.102,1.030
422.132,1.038
422.162,1.038
422.192,1.029
422.222,1.031
422.252,1.029
422.282,1.035
422.312,1.035
422.342,1.041
422.372,1.033
422.402,1.037
422.432,1.030
422.462,1.029
422.492,1.035
422.522,1.035
422.552,1.037
422.582,1.032
422.612,1.029
422.642,1.031
422.672,1.032
422.702,1.042
422.732,1.032
422.762,1.032
422.792,1.035
422.822,1.032
422.852,1.030
422.882,1.039
422.912,1.035
422.942,1.033
422.972,1.033
423.002,1.033
423.032,1.032
423.062,1.038
423.092,1.033
423.122,1.035
423.152,1.029
423.182,1.034
423.212,1.030
423.242,1.033
423.272,1.035
423.302,1.037
423.332,1.034
423.362,1.030
423.392,1.033
423.422,1.035
423.452,1.038
423.482,1.034
423.512,1.038
423.542,1.028
423.572,1.028
423.602,1.039
423.632,1.037
423.662,1.031
423.692,1.032
423.722,1.029
423.752,1.033
423.782,1.034
423.812,1.037
423.842,1.033
423.872,1.036
423.902,1.032
423.932,1.032
423.962,1.031
423.992,1.032
424.022,1.035
424.052,1.036
424.082,1.033
424.112,1.030
424.142,1.031
424.172,1.036
424.202,1.034
424.232,1.034
424.262,1.034
424.292,1.034
424.322,1.031
424.352,1.041
424.382,1.033
424.412,1.031
424.442,1.031
424.472,1.034
424.502,1.033
424.532,1.037
424.562,1.028
424.592,1.033
424.622,1.028
424.652,1.028
424.682,1.032
424.712,1.034
424.742,1.036
424.772,1.033
424.802,1.030
424.832,1.032
424.862,1.032
424.892,1.036
424.922,1.034
424.952,1.030
424.982,1.033
425.012,1.035
425.042,1.032
425.072,1.041
425.102,1.037
425.132,1.032
425.162,1.035
425.192,1.033
425.222,1.034
425.252,1.035
425.282,1.036
425.312,1.033
425.342,1.031
425.372,1.032
425.402,1.037
425.432,1.038
425.462,1.035
425.492,1.033
425.522,1.036
425.552,1.032
425.582,1.034
425.612,1.038
425.642,1.032
425.672,1.035
425.702,1.030
425.732,1.029
425.762,1.042
425.792,1.037
425.822,1.032
425.852,1.034
425.882,1.029
425.912,1.031
425.942,1.034
425.972,1.037
426.002,1.033
426.032,1.033
426.062,1.033
426.092,1.035
426.122,1.032
426.152,1.035
426.182,1.037
426.212,1.033
426.242,1.036
426.272,1.034
426.302,1.035
426.332,1.034
426.362,1.031
426.392,1.035
426.422,1.030
426.452,1.030
426.482,1.037
426.512,1.037
426.542,1.031
426.572,1.030
426.602,1.032
426.632,1.035
426.662,1.034
426.692,1.032
426.722,1.032
426.752,1.032
426.782,1.029
426.812,1.030
426.842,1.039
426.872,1.038
426.902,1.031
426.932,1.034
426.962,1.036
426.992,1.031
427.022,1.035
427.052,1.034
427.082,1.031
427.112,1.031
427.142,1.034
427.172,1.033
427.202,1.039
427.232,1.028
427.262,1.028
427.292,1.031
427.322,1.034
427.352,1.032
427.382,1.034
427.412,1.034
427.442,1.033
427.472,1.030
427.502,1.035
427.532,1.037
427.562,1.035
427.592,1.034
427.622,1.030
427.652,1.031
427.682,1.037
427.712,1.038
427.742,1.029
427.772,1.042
427.802,1.031
427.832,1.031
427.862,1.040
427.892,1.037
427.922,1.031
427.952,1.032
427.982,1.032
428.012,1.030
428.042,1.031
428.072,1.036
428.102,1.034
428.132,1.034
428.162,1.030
428.192,1.032
428.222,1.036
428.252,1.035
428.282,1.032
428.312,1.032
428.342,1.032
428.372,1.033
428.402,1.036
428.432,1.035
428.462,1.038
428.492,1.029
428.522,1.025
428.552,1.039
428.582,1.037
428.612,1.035
428.642,1.031
428.672,1.036
428.702,1.038
428.732,1.033
428.762,1.033
428.792,1.036
428.822,1.035
428.852,1.032
428.882,1.033
428.912,1.038
428.942,1.036
428.972,1.033
429.002,1.032
429.032,1.032
429.062,1.032
429.092,1.035
429.122,1.031
429.152,1.037
429.182,1.029
429.212,1.036
429.242,1.035
429.272,1.036
429.302,1.028
429.332,1.032
429.362,1.031
429.392,1.035
429.422,1.033
429.452,1.039
429.482,1.036
429.512,1.030
429.542,1.030
429.572,1.035
429.602,1.034
429.632,1.040
429.662,1.033
429.692,1.033
429.722,1.034
429.752,1.034
429.782,1.038
429.812,1.032
429.842,1.032
429.872,1.033
429.902,1.028
429.932,1.036
429.962,1.037
429.992,1.028
430.022,1.031
430.052,1.036
430.082,1.028
430.112,1.037
430.142,1.037
430.172,1.037
430.202,1.028
430.232,1.031
430.262,1.037
430.292,1.034
430.322,1.037
430.352,1.035
430.382,1.029
430.412,1.035
430.442,1.036
430.472,1.032
430.502,1.039
430.532,1.030
430.562,1.028
430.592,1.040
430.622,1.041
430.652,1.034
430.682,1.030
430.712,1.035
430.742,1.030
430.772,1.035
430.802,1.033
430.832,1.032
430.862,1.041
430.892,1.036
430.922,1.033
430.952,1.033
430.982,1.037
431.012,1.033
431.042,1.034
431.072,1.035
431.102,1.033
431.132,1.036
431.162,1.032
431.192,1.041
431.222,1.030
431.252,1.033
431.282,1.040
431.312,1.038
431.342,1.034
431.372,1.031
431.402,1.030
431.432,1.034
431.462,1.030
431.492,1.035
431.522,1.030
431.552,1.037
431.582,1.029
431.612,1.031
431.642,1.036
431.672,1.035
431.702,1.033
431.732,1.032
431.762,1.031
431.792,1.036
431.822,1.034
431.852,1.035
431.882,1.030
431.912,1.030
431.942,1.036
431.972,1.035
432.002,1.036
432.032,1.027
432.062,1.030
432.092,1.033
432.122,1.033
432.152,1.034
432.182,1.031
432.212,1.034
432.242,1.035
432.272,1.030
432.302,1.034
432.332,1.035
432.362,1.040
432.392,1.033
432.422,1.032
432.452,1.033
432.482,1.036
432.512,1.033
432.542,1.037
432.572,1.033
432.602,1.034
432.632,1.030
432.662,1.036
432.692,1.036
432.722,1.033
432.752,1.033
432.782,1.032
432.812,1.033
432.842,1.039
432.872,1.030
432.902,1.034
432.932,1.035
432.962,1.031
432.992,1.037
433.022,1.036
433.052,1.036
433.082,1.032
433.112,1.032
433.142,1.029
433.172,1.038
433.202,1.031
433.232,1.039
433.262,1.025
433.292,1.033
433.322,1.034
433.352,1.038
433.382,1.033
433.412,1.031
433.442,1.033
433.472,1.035
433.502,1.036
433.532,1.036
433.562,1.030
433.592,1.036
433.622,1.036
433.652,1.030
433.682,1.035
433.712,1.033
433.742,1.035
433.772,1.032
433.802,1.035
433.832,1.036
433.862,1.026
433.892,1.035
433.922,1.038
433.952,1.031
433.982,1.034
434.012,1.027
434.042,1.030
434.072,1.041
434.102,1.041
434.132,1.029
434.162,1.029
434.192,1.032
434.222,1.032
434.252,1.034
434.282,1.031
434.312,1.033
434.342,1.031
434.372,1.029
434.402,1.032
434.432,1.033
434.462,1.033
434.492,1.035
434.522,1.031
434.552,1.029
434.582,1.032
434.612,1.032
434.642,1.033
434.672,1.033
434.702,1.038
434.732,1.033
434.762,1.029
434.792,1.035
434.822,1.032
434.852,1.040
434.882,1.033
434.912,1.028
434.942,1.029
434.972,1.036
435.002,1.036
435.032,1.040
435.062,1.033
435.092,1.035
435.122,1.033
435.152,1.033
435.182,1.035
435.212,1.036
435.242,1.034
435.272,1.034
435.302,1.031
435.332,1.032
435.362,1.035
435.392,1.034
435.422,1.032
435.452,1.042
435.482,1.030
435.512,1.028
435.542,1.040
435.572,1.037
435.602,1.033
435.632,1.032
435.662,1.031
435.692,1.033
435.722,1.028
435.752,1.036
435.782,1.034
435.812,1.036
435.842,1.032
435.872,1.032
435.902,1.036
435.932,1.036
435.962,1.034
435.992,1.035
436.022,1.031
436.052,1.032
436.082,1.037
436.112,1.036
436.142,1.037
436.172,1.032
436.202,1.033
436.232,1.036
436.262,1.039
436.292,1.033
436.322,1.033
436.352,1.034
436.382,1.033
436.412,1.037
436.442,1.038
436.472,1.031
436.502,1.035
436.532,1.036
436.562,1.034
436.592,1.033
436.622,1.036
436.652,1.037
436.682,1.034
436.712,1.031
436.742,1.032
436.772,1.035
436.802,1.036
436.832,1.033
436.862,1.038
436.892,1.033
436.922,1.028
436.952,1.044
436.982,1.033
437.012,1.031
437.042,1.037
437.072,1.031
437.102,1.037
437.132,1.034
437.162,1.032
437.192,1.036
437.222,1.032
437.252,1.028
437.282,1.038
437.312,1.036
437.342,1.035
437.372,1.034
437.402,1.033
437.432,1.032
437.462,1.032
437.492,1.031
437.522,1.031
437.552,1.027
437.582,1.031
437.612,1.036
437.642,1.041
437.672,1.040
437.702,1.029
437.732,1.032
437.762,1.033
437.792,1.034
437.822,1.041
437.852,1.032
437.882,1.034
437.912,1.029
437.942,1.031
437.972,1.033
438.002,1.041
438.032,1.033
438.062,1.029
438.092,1.034
438.122,1.034
438.152,1.037
438.182,1.034
438.212,1.039
438.242,1.037
438.272,1.025
438.302,1.038
438.332,1.038
438.362,1.036
438.392,1.037
438.422,1.039
438.452,1.032
438.482,1.032
438.512,1.034
438.542,1.032
438.572,1.038
438.602,1.031
438.632,1.032
438.662,1.033
438.692,1.033
438.722,1.035
438.752,1.036
438.782,1.033
438.812,1.033
438.842,1.034
438.872,1.035
438.902,1.037
438.932,1.038
438.962,1.029
438.992,1.038
439.022,1.035
439.052,1.032
439.082,1.032
439.112,1.035
439.142,1.033
439.172,1.042
439.202,1.028
439.232,1.036
439.262,1.038
439.292,1.028
439.322,1.034
439.352,1.034
439.382,1.030
439.412,1.038
439.442,1.037
439.472,1.033
439.502,1.032
439.532,1.034
439.562,1.026
439.592,1.034
439.622,1.030
439.652,1.028
439.682,1.038
439.712,1.036
439.742,1.030
439.772,1.029
439.802,1.031
439.832,1.037
439.862,1.032
439.892,1.036
439.922,1.036
439.952,1.040
439.982,1.033
440.012,1.034
440.042,1.035
440.072,1.034
440.102,1.038
440.132,1.037
440.162,1.036
440.192,1.037
440.222,1.037
440.252,1.033
440.282,1.042
440.312,1.032
440.342,1.032
440.372,1.038
440.402,1.037
440.432,1.037
440.462,1.036
440.492,1.035
440.522,1.033
440.552,1.029
440.582,1.035
440.612,1.035
440.642,1.034
440.672,1.028
440.702,1.036
440.732,1.041
440.762,1.036
440.792,1.036
440.822,1.034
440.852,1.029
440.882,1.032
440.912,1.033
440.942,1.030
440.972,1.040
441.002,1.036
441.032,1.029
441.062,1.038
441.092,1.040
441.122,1.029
441.152,1.035
441.182,1.034
441.212,1.033
441.242,1.032
441.272,1.032
441.302,1.035
441.332,1.038
441.362,1.031
441.392,1.034
441.422,1.035
441.452,1.030
441.482,1.036
441.512,1.033
441.542,1.034
441.572,1.034
441.602,1.037
441.632,1.032
441.662,1.037
441.692,1.033
441.722,1.028
441.752,1.032
441.782,1.045
441.812,1.033
441.842,1.030
441.872,1.037
441.902,1.034
441.932,1.036
441.962,1.031
441.992,1.028
442.022,1.035
442.052,1.028
442.082,1.034
442.112,1.032
442.142,1.036
442.172,1.035
442.202,1.029
442.232,1.027
442.262,1.036
442.292,1.033
442.322,1.034
442.352,1.033
442.382,1.029
442.412,1.024
442.442,1.041
442.472,1.039
442.502,1.030
442.532,1.031
442.562,1.036
442.592,1.033
442.622,1.034
442.652,1.032
442.682,1.036
442.712,1.035
442.742,1.030
442.772,1.035
442.802,1.037
442.832,1.037
442.862,1.037
442.892,1.035
442.922,1.034
442.952,1.035
442.982,1.034
443.012,1.032
443.042,1.036
443.072,1.035
443.102,1.033
443.132,1.040
443.162,1.035
443.192,1.032
443.222,1.035
443.252,1.027
443.282,1.034
443.312,1.040
443.342,1.025
443.372,1.037
443.402,1.035
443.432,1.028
443.462,1.035
443.492,1.033
443.522,1.034
443.552,1.038
443.582,1.035
443.612,1.037
443.642,1.034
443.672,1.037
443.702,1.033
443.732,1.033
443.762,1.036
443.792,1.031
443.822,1.035
443.852,1.038
443.882,1.034
443.912,1.024
443.942,1.036
443.972,1.035
444.002,1.034
444.032,1.034
444.062,1.040
444.092,1.036
444.122,1.032
444.152,1.030
444.182,1.039
444.212,1.035
444.242,1.034
444.272,1.033
444.302,1.038
444.332,1.036
444.362,1.037
444.392,1.031
444.422,1.033
444.452,1.036
444.482,1.027
444.512,1.042
444.542,1.038
444.572,1.026
444.602,1.028
444.632,1.035
444.662,1.035
444.692,1.044
444.722,1.032
444.752,1.035
444.782,1.029
444.812,1.032
444.842,1.033
444.872,1.035
444.902,1.038
444.932,1.031
444.962,1.031
444.992,1.031
445.022,1.033
445.052,1.034
445.082,1.037
445.112,1.033
445.142,1.031
445.172,1.034
445.202,1.035
445.232,1.033
445.262,1.030
445.292,1.031
445.322,1.030
445.352,1.030
445.382,1.034
445.412,1.034
445.442,1.035
445.472,1.033
445.502,1.032
445.532,1.036
445.562,1.035
445.592,1.031
445.622,1.035
445.652,1.032
445.682,1.032
445.712,1.034
445.742,1.038
445.772,1.036
445.802,1.033
445.832,1.032
445.862,1.035
445.892,1.036
445.922,1.034
445.952,1.032
445.982,1.031
446.012,1.034
446.042,1.032
446.072,1.038
446.102,1.032
446.132,1.038
446.162,1.028
446.192,1.032
446.222,1.039
446.252,1.037
446.282,1.034
446.312,1.029
446.342,1.031
446.372,1.037
446.402,1.034
446.432,1.033
446.462,1.038
446.492,1.036
446.522,1.030
446.552,1.036
446.582,1.038
446.612,1.034
446.642,1.031
446.672,1.031
446.702,1.033
446.732,1.037
446.762,1.032
446.792,1.039
446.822,1.039
446.852,1.033
446.882,1.036
446.912,1.027
446.942,1.040
446.972,1.035
447.002,1.034
447.032,1.030
447.062,1.029
447.092,1.033
447.122,1.035
447.152,1.037
447.182,1.033
447.212,1.029
447.242,1.031
447.272,1.039
447.302,1.036
447.332,1.029
447.362,1.023
447.392,1.041
447.422,1.035
447.452,1.037
447.482,1.027
447.512,1.038
447.542,1.034
447.572,1.032
447.602,1.029
447.632,1.038
447.662,1.037
447.692,1.029
447.722,1.034
447.752,1.036
447.782,1.035
447.812,1.032
447.842,1.037
447.872,1.028
447.902,1.035
447.932,1.039
447.962,1.031
447.992,1.033
448.022,1.034
448.052,1.029
448.082,1.037
448.112,1.028
448.142,1.037
448.172,1.032
448.202,1.038
448.232,1.031
448.262,1.032
448.292,1.035
448.322,1.034
448.352,1.037
448.382,1.032
448.412,1.031
448.442,1.032
448.472,1.032
448.502,1.031
448.532,1.045
448.562,1.034
448.592,1.029
448.622,1.036
448.652,1.034
448.682,1.030
448.712,1.039
448.742,1.035
448.772,1.032
448.802,1.039
448.832,1.027
448.862,1.038
448.892,1.035
448.922,1.035
448.952,1.036
448.982,1.028
449.012,1.031
449.042,1.035
449.072,1.032
449.102,1.039
449.132,1.033
449.162,1.028
449.192,1.036
449.222,1.038
449.252,1.036
449.282,1.037
449.312,1.038
449.342,1.035
449.372,1.031
449.402,1.038
449.432,1.033
449.462,1.027
449.492,1.044
449.522,1.038
449.552,1.037
449.582,1.044
449.612,1.022
449.642,1.037
449.672,1.042
449.702,1.023
449.732,1.033
449.762,1.039
449.792,1.031
449.822,1.043
449.852,1.039
449.882,1.040
449.912,1.028
449.942,1.020
449.972,1.030
450.002,1.037
450.032,1.015
450.062,1.026
450.092,1.042
450.122,1.033
450.152,1.038
450.182,1.044
450.212,1.038
450.242,1.039
450.272,1.011
450.302,1.022
450.332,1.034
450.362,1.040
450.392,1.043
450.422,1.036
450.452,1.032
450.482,1.038
450.512,1.040
450.542,1.042
450.572,1.030
450.602,1.036
450.632,1.034
450.662,1.030
450.692,1.030
450.722,1.035
450.752,1.026
450.782,1.035
450.812,1.024
450.842,1.029
450.872,1.036
450.902,1.036
450.932,1.046
450.962,1.042
450.992,1.028
451.022,1.032
451.052,1.036
451.082,1.035
451.112,1.031
451.142,1.041
451.172,1.035
451.202,1.036
451.232,1.034
451.262,1.034
451.292,1.030
451.322,1.034
451.352,1.036
451.382,1.032
451.412,1.031
451.442,1.036
451.472,1.023
451.502,1.032
451.532,1.037
451.562,1.037
451.592,1.041
451.622,1.040
451.652,1.036
451.682,1.041
451.712,1.033
451.742,1.037
451.772,1.028
451.802,1.034
451.832,1.037
451.862,1.036
451.892,1.033
451.922,1.031
451.952,1.036
451.982,1.033
452.012,1.040
452.042,1.033
452.072,1.034
452.102,1.033
452.132,1.042
452.162,1.029
452.192,1.033
452.222,1.036
452.252,1.037
452.282,1.035
452.312,1.035
452.342,1.036
452.372,1.037
452.402,1.035
452.432,1.032
452.462,1.042
452.492,1.031
452.522,1.031
452.552,1.039
452.582,1.037
452.612,1.035
452.642,1.028
452.672,1.033
452.702,1.037
452.732,1.039
452.762,1.030
452.792,1.035
452.822,1.040
452.852,1.031
452.882,1.032
452.912,1.035
452.942,1.034
452.972,1.040
453.002,1.032
453.032,1.029
453.062,1.042
453.092,1.032
453.122,1.028
453.152,1.042
453.182,1.043
453.212,1.030
453.242,1.028
453.272,1.036
453.302,1.032
453.332,1.037
453.362,1.035
453.392,1.033
453.422,1.032
453.452,1.034
453.482,1.036
453.512,1.036
453.542,1.039
453.572,1.035
453.602,1.032
453.632,1.033
453.662,1.032
453.692,1.031
453.722,1.033
453.752,1.031
453.782,1.034
453.812,1.024
453.842,1.031
453.872,1.036
453.902,1.041
453.932,1.045
453.962,1.039
453.992,1.036
454.022,1.029
454.052,1.032
454.082,1.027
454.112,1.034
454.142,1.036
454.172,1.033
454.202,1.032
454.232,1.032
454.262,1.034
454.292,1.034
454.322,1.031
454.352,1.035
454.382,1.032
454.412,1.036
454.442,1.031
454.472,1.027
454.502,1.038
454.532,1.037
454.562,1.040
454.592,1.036
454.622,1.033
454.652,1.033
454.682,1.029
454.712,1.030
454.742,1.035
454.772,1.037
454.802,1.031
454.832,1.031
454.862,1.033
454.892,1.032
454.922,1.033
454.952,1.025
454.982,1.032
455.012,1.033
455.042,1.037
455.072,1.036
455.102,1.035
455.132,1.033
455.162,1.032
455.192,1.030
455.222,1.037
455.252,1.028
455.282,1.039
455.312,1.036
455.342,1.029
455.372,1.029
455.402,1.037
455.432,1.038
455.462,1.033
455.492,1.030
455.522,1.033
455.552,1.033
455.582,1.029
455.612,1.038
455.642,1.039
455.672,1.030
455.702,1.035
455.732,1.032
455.762,1.029
455.792,1.032
455.822,1.030
455.852,1.036
455.882,1.042
455.912,1.026
455.942,1.033
455.972,1.036
456.002,1.030
456.032,1.033
456.062,1.033
456.092,1.035
456.122,1.038
456.152,1.037
456.182,1.030
456.212,1.029
456.242,1.037
456.272,1.035
456.302,1.031
456.332,1.039
456.362,1.034
456.392,1.026
456.422,1.038
456.452,1.038
456.482,1.032
456.512,1.027
456.542,1.033
456.572,1.029
456.602,1.043
456.632,1.034
456.662,1.033
456.692,1.034
456.722,1.034
456.752,1.034
456.782,1.035
456.812,1.039
456.842,1.035
456.872,1.035
456.902,1.031
456.932,1.029
456.962,1.033
456.992,1.035
457.022,1.033
457.052,1.035
457.082,1.028
457.112,1.036
457.142,1.032
457.172,1.033
457.202,1.030
457.232,1.026
457.262,1.031
457.292,1.034
457.322,1.035
457.352,1.040
457.382,1.034
457.412,1.034
457.442,1.031
457.472,1.030
457.502,1.034
457.532,1.038
457.562,1.031
457.592,1.033
457.622,1.033
457.652,1.035
457.682,1.036
457.712,1.034
457.742,1.033
457.772,1.035
457.802,1.036
457.832,1.028
457.862,1.038
457.892,1.038
457.922,1.034
457.952,1.027
457.982,1.033
458.012,1.032
458.042,1.043
458.072,1.030
458.102,1.035
458.132,1.036
458.162,1.030
458.192,1.027
458.222,1.032
458.252,1.036
458.282,1.037
458.312,1.031
458.342,1.034
458.372,1.029
458.402,1.035
458.432,1.037
458.462,1.034
458.492,1.033
458.522,1.034
458.552,1.033
458.582,1.037
458.612,1.038
458.642,1.032
458.672,1.032
458.702,1.034
458.732,1.034
458.762,1.040
458.792,1.026
458.822,1.035
458.852,1.035
458.882,1.032
458.912,1.034
458.942,1.032
458.972,1.033
459.002,1.039
459.032,1.035
459.062,1.034
459.092,1.035
459.122,1.036
459.152,1.036
459.182,1.034
459.212,1.035
459.242,1.031
459.272,1.027
459.302,1.040
459.332,1.039
459.362,1.032
459.392,1.028
459.422,1.035
459.452,1.032
459.482,1.032
459.512,1.033
459.542,1.035
459.572,1.034
459.602,1.034
459.632,1.036
459.662,1.033
459.692,1.031
459.722,1.032
459.752,1.032
459.782,1.033
459.812,1.037
459.842,1.034
459.872,1.033
459.902,1.033
459.932,1.033
459.962,1.033
459.992,1.035
460.022,1.045
460.052,1.035
460.082,1.030
460.112,1.033
460.142,1.035
460.172,1.032
460.202,1.043
460.232,1.037
460.262,1.039
460.292,1.026
460.322,1.029
460.352,1.040
460.382,1.030
460.412,1.046
460.442,1.048
460.472,1.025
460.502,1.019
460.532,1.032
460.562,1.025
460.592,1.032
460.622,1.028
460.652,1.021
460.682,1.031
460.712,1.043
460.742,1.036
460.772,1.054
460.802,1.041
460.832,1.044
460.862,1.024
460.892,1.027
460.922,1.043
460.952,1.035
460.982,1.030
461.012,1.026
461.042,1.025
461.072,1.027
461.102,1.039
461.132,1.039
461.162,1.035
461.192,1.036
461.222,1.037
461.252,1.040
461.282,1.033
461.312,1.043
461.342,1.035
461.372,1.030
461.402,1.036
461.432,1.014
461.462,1.062
461.492,1.045
461.522,1.023
461.552,1.042
461.582,1.045
461.612,1.024
461.642,1.039
461.672,1.040
461.702,1.029
461.732,1.040
461.762,1.033
461.792,1.034
461.822,1.027
461.852,1.032
461.882,1.034
461.912,1.033
461.942,1.031
461.972,1.029
462.002,1.036
462.032,1.039
462.062,1.025
462.092,1.045
462.122,1.043
462.152,1.042
462.182,1.030
462.212,1.037
462.242,1.035
462.272,1.031
462.302,1.039
462.332,1.025
462.362,1.046
462.392,1.029
462.422,1.037
462.452,1.043
462.482,1.035
462.512,1.035
462.542,1.032
462.572,1.026
462.602,1.034
462.632,1.034
462.662,1.037
462.692,1.032
462.722,1.041
462.752,1.031
462.782,1.041
462.812,1.030
462.842,1.025
462.872,1.032
462.902,1.054
462.932,1.022
462.962,1.037
462.992,1.039
463.022,1.028
463.052,1.036
463.082,1.036
463.112,1.044
463.142,1.003
463.172,1.054
463.202,1.052
463.232,1.026
463.262,1.041
463.292,1.063
463.322,1.023
463.352,1.014
463.382,1.066
463.412,1.017
463.442,1.021
463.472,1.046
463.502,1.028
463.532,1.033
463.562,1.037
463.592,1.035
463.622,1.042
463.652,1.013
463.682,1.034
463.712,1.050
463.742,1.032
463.772,1.058
463.802,1.016
463.832,1.044
463.862,1.040
463.892,0.991
463.922,1.017
463.952,1.077
463.982,1.018
464.012,1.062
464.042,1.061
464.072,1.035
464.102,1.053
464.132,1.041
464.162,1.001
464.192,1.062
464.222,1.031
464.252,1.025
464.282,1.037
464.312,1.005
464.342,1.029
464.372,1.077
464.402,1.077
464.432,1.020
464.462,0.985
464.492,1.006
464.522,1.057
464.552,1.060
464.582,1.053
464.612,1.044
464.642,1.021
464.672,1.023
464.702,1.031
464.732,1.049
464.762,1.053
464.792,1.045
464.822,1.032
464.852,1.026
464.882,1.028
464.912,1.027
464.942,1.025
464.972,1.036
465.002,1.049
465.032,1.039
465.062,1.031
465.092,1.038
465.122,1.041
465.152,1.034
465.182,1.029
465.212,1.027
465.242,1.035
465.272,1.037
465.302,1.051
465.332,1.034
465.362,1.029
465.392,1.032
465.422,1.030
465.452,1.044
465.482,1.033
465.512,1.027
465.542,1.029
465.572,1.041
465.602,1.038
465.632,1.036
465.662,1.022
465.692,1.036
465.722,1.040
465.752,1.035
465.782,1.033
465.812,1.032
465.842,1.033
465.872,1.036
465.902,1.040
465.932,1.037
465.962,1.030
465.992,1.034
466.022,1.035
466.052,1.032
466.082,1.037
466.112,1.036
466.142,1.034
466.172,1.035
466.202,1.037
466.232,1.032
466.262,1.035
466.292,1.042
466.322,1.029
466.352,1.035
466.382,1.040
466.412,1.033
466.442,1.034
466.472,1.034
466.502,1.036
466.532,1.035
466.562,1.033
466.592,1.034
466.622,1.034
466.652,1.041
466.682,1.040
466.712,1.029
466.742,1.038
466.772,1.037
466.802,1.034
466.832,1.036
466.862,1.029
466.892,1.035
466.922,1.031
466.952,1.035
466.982,1.039
467.012,1.037
467.042,1.031
467.072,1.038
467.102,1.033
467.132,1.032
467.162,1.036
467.192,1.035
467.222,1.033
467.252,1.036
467.282,1.039
467.312,1.032
467.342,1.043
467.372,1.039
467.402,1.026
467.432,1.039
467.462,1.040
467.492,1.036
467.522,1.030
467.552,1.037
467.582,1.036
467.612,1.033
467.642,1.038
467.672,1.037
467.702,1.038
467.732,1.034
467.762,1.039
467.792,1.037
467.822,1.036
467.852,1.039
467.882,1.036
467.912,1.034
467.942,1.036
467.972,1.037
468.002,1.034
468.032,1.036
468.062,1.029
468.092,1.036
468.122,1.034
468.152,1.037
468.182,1.034
468.212,1.032
468.242,1.036
468.272,1.036
468.302,1.036
468.332,1.040
468.362,1.032
468.392,1.034
468.422,1.035
468.452,1.034
468.482,1.033
468.512,1.034
468.542,1.038
468.572,1.034
468.602,1.035
468.632,1.036
468.662,1.038
468.692,1.033
468.722,1.034
468.752,1.041
468.782,1.034
468.812,1.032
468.842,1.042
468.872,1.038
468.902,1.033
468.932,1.032
468.962,1.032
468.992,1.035
469.022,1.038
469.052,1.030
469.082,1.035
469.112,1.041
469.142,1.033
469.172,1.032
469.202,1.036
469.232,1.036
469.262,1.036
469.292,1.034
469.322,1.035
469.352,1.037
469.382,1.038
469.412,1.034
469.442,1.040
469.472,1.031
469.502,1.029
469.532,1.039
469.562,1.039
469.592,1.035
469.622,1.032
469.652,1.033
469.682,1.036
469.712,1.032
469.742,1.040
469.772,1.032
469.802,1.037
469.832,1.035
469.862,1.033
469.892,1.032
469.922,1.037
469.952,1.036
469.982,1.029
470.012,1.032
470.042,1.035
470.072,1.041
470.102,1.035
470.132,1.035
470.162,1.033
470.192,1.038
470.222,1.036
470.252,1.044
470.282,1.035
470.312,1.032
470.342,1.033
470.372,1.032
470.402,1.034
470.432,1.041
470.462,1.032
470.492,1.032
470.522,1.035
470.552,1.036
470.582,1.042
470.612,1.033
470.642,1.035
470.672,1.034
470.702,1.032
470.732,1.035
470.762,1.039
470.792,1.036
470.822,1.036
470.852,1.034
470.882,1.030
470.912,1.043
470.942,1.036
470.972,1.035
471.002,1.035
471.032,1.035
471.062,1.037
471.092,1.036
471.122,1.038
471.152,1.036
471.182,1.036
471.212,1.036
471.242,1.035
471.272,1.036
471.302,1.033
471.332,1.033
471.362,1.034
471.392,1.033
471.422,1.037
471.452,1.037
471.482,1.038
471.512,1.031
471.542,1.034
471.572,1.040
471.602,1.039
471.632,1.036
471.662,1.033
471.692,1.038
471.722,1.037
471.752,1.038
471.782,1.040
471.812,1.034
471.842,1.038
471.872,1.034
471.902,1.035
471.932,1.032
471.962,1.037
471.992,1.036
472.022,1.037
472.052,1.035
472.082,1.034
472.112,1.035
472.142,1.037
472.172,1.035
472.202,1.029
472.232,1.035
472.262,1.045
472.292,1.034
472.322,1.032
472.352,1.032
472.382,1.037
472.412,1.037
472.442,1.034
472.472,1.036
472.502,1.037
472.532,1.036
472.562,1.034
472.592,1.036
472.622,1.036
472.652,1.035
472.682,1.034
472.712,1.035
472.742,1.031
472.772,1.031
472.802,1.034
472.832,1.036
472.862,1.032
472.892,1.040
472.922,1.035
472.952,1.041
472.982,1.035
473.012,1.036
473.042,1.033
473.072,1.034
473.102,1.032
473.132,1.045
473.162,1.036
473.192,1.041
473.222,1.038
473.252,1.037
473.282,1.036
473.312,1.032
473.342,1.038
473.372,1.036
473.402,1.033
473.432,1.032
473.462,1.039
473.492,1.042
473.522,1.034
473.552,1.039
473.582,1.038
473.612,1.034
473.642,1.036
473.672,1.038
473.702,1.032
473.732,1.031
473.762,1.031
473.792,1.034
473.822,1.040
473.852,1.028
473.882,1.034
473.912,1.040
473.942,1.033
473.972,1.036
474.002,1.037
474.032,1.034
474.062,1.038
474.092,1.031
474.122,1.033
474.152,1.030
474.182,1.038
474.212,1.038
474.242,1.034
474.272,1.036
474.302,1.038
474.332,1.038
474.362,1.040
474.392,1.032
474.422,1.035
474.452,1.037
474.482,1.030
474.512,1.038
474.542,1.043
474.572,1.034
474.602,1.035
474.632,1.037
474.662,1.035
474.692,1.034
474.722,1.039
474.752,1.036
474.782,1.035
474.812,1.037
474.842,1.032
474.872,1.032
474.902,1.037
474.932,1.035
474.962,1.035
474.992,1.031
475.022,1.035
475.052,1.035
475.082,1.039
475.112,1.038
475.142,1.035
475.172,1.034
475.202,1.031
475.232,1.039
475.262,1.043
475.292,1.029
475.322,1.034
475.352,1.033
475.382,1.033
475.412,1.036
475.442,1.035
475.472,1.032
475.502,1.036
475.532,1.035
475.562,1.034
475.592,1.035
475.622,1.038
475.652,1.038
475.682,1.034
475.712,1.038
475.742,1.036
475.772,1.032
475.802,1.041
475.832,1.037
475.862,1.032
475.892,1.039
475.922,1.033
475.952,1.034
475.982,1.034
476.012,1.032
476.042,1.033
476.072,1.039
476.102,1.034
476.132,1.035
476.162,1.036
476.192,1.038
476.222,1.039
476.252,1.036
476.282,1.036
476.312,1.031
476.342,1.041
476.372,1.039
476.402,1.031
476.432,1.034
476.462,1.032
476.492,1.031
476.522,1.047
476.552,1.041
476.582,1.035
476.612,1.032
476.642,1.034
476.672,1.039
476.702,1.036
476.732,1.035
476.762,1.034
476.792,1.035
476.822,1.033
476.852,1.037
476.882,1.038
476.912,1.032
476.942,1.037
476.972,1.036
477.002,1.030
477.032,1.031
477.062,1.037
477.092,1.039
477.122,1.034
477.152,1.036
477.182,1.037
477.212,1.036
477.242,1.040
477.272,1.033
477.302,1.031
477.332,1.037
477.362,1.032
477.392,1.033
477.422,1.036
477.452,1.036
477.482,1.037
477.512,1.035
477.542,1.036
477.572,1.039
477.602,1.037
477.632,1.035
477.662,1.036
477.692,1.037
477.722,1.036
477.752,1.036
477.782,1.041
477.812,1.033
477.842,1.037
477.872,1.037
477.902,1.035
477.932,1.037
477.962,1.037
477.992,1.031
478.022,1.035
478.052,1.036
478.082,1.036
478.112,1.036
478.142,1.028
478.172,1.037
478.202,1.037
478.232,1.034
478.262,1.035
478.292,1.037
478.322,1.036
478.352,1.037
478.382,1.035
478.412,1.034
478.442,1.033
478.472,1.040
478.502,1.036
478.532,1.041
478.562,1.027
478.592,1.033
478.622,1.037
478.652,1.041
478.682,1.034
478.712,1.034
478.742,1.032
478.772,1.034
478.802,1.033
478.832,1.042
478.862,1.035
478.892,1.040
478.922,1.035
478.952,1.031
478.982,1.038
479.012,1.039
479.042,1.034
479.072,1.032
479.102,1.036
479.132,1.038
479.162,1.034
479.192,1.036
479.222,1.035
479.252,1.033
479.282,1.040
479.312,1.034
479.342,1.037
479.372,1.032
479.402,1.034
479.432,1.032
479.462,1.035
479.492,1.037
479.522,1.041
479.552,1.034
479.582,1.036
479.612,1.032
479.642,1.036
479.672,1.040
479.702,1.035
479.732,1.034
479.762,1.033
479.792,1.036
479.822,1.039
479.852,1.032
479.882,1.034
479.912,1.037
479.942,1.041
479.972,1.032
480.002,1.039
480.032,1.039
480.062,1.031
480.092,1.031
480.122,1.035
480.152,1.040
480.182,1.044
480.212,1.029
480.242,1.036
480.272,1.036
480.302,1.034
480.332,1.038
480.362,1.038
480.392,1.035
480.422,1.037
480.452,1.034
480.482,1.032
480.512,1.037
480.542,1.036
480.572,1.036
480.602,1.035
480.632,1.033
480.662,1.041
480.692,1.037
480.722,1.032
480.752,1.034
480.782,1.034
480.812,1.037
480.842,1.041
480.872,1.031
480.902,1.033
480.932,1.042
480.962,1.036
480.992,1.035
481.022,1.038
481.052,1.038
481.082,1.035
481.112,1.036
481.142,1.033
481.172,1.034
481.202,1.036
481.232,1.038
481.262,1.028
481.292,1.033
481.322,1.040
481.352,1.037
481.382,1.033
481.412,1.033
481.442,1.036
481.472,1.036
481.502,1.037
481.532,1.039
481.562,1.034
481.592,1.039
481.622,1.036
481.652,1.036
481.682,1.037
481.712,1.036
481.742,1.034
481.772,1.035
481.802,1.033
481.832,1.035
481.862,1.036
481.892,1.034
481.922,1.029
481.952,1.033
481.982,1.035
482.012,1.039
482.042,1.037
482.072,1.032
482.102,1.035
482.132,1.038
482.162,1.033
482.192,1.042
482.222,1.033
482.252,1.032
482.282,1.034
482.312,1.033
482.342,1.039
482.372,1.040
482.402,1.036
482.432,1.038
482.462,1.033
482.492,1.035
482.522,1.038
482.552,1.036
482.582,1.040
482.612,1.032
482.642,1.033
482.672,1.040
482.702,1.037
482.732,1.034
482.762,1.033
482.792,1.036
482.822,1.036
482.852,1.035
482.882,1.040
482.912,1.033
482.942,1.040
482.972,1.037
483.002,1.034
483.032,1.037
483.062,1.034
483.092,1.034
483.122,1.038
483.152,1.032
483.182,1.035
483.212,1.039
483.242,1.037
483.272,1.042
483.302,1.028
483.332,1.029
483.362,1.042
483.392,1.041
483.422,1.033
483.452,1.035
483.482,1.034
483.512,1.036
483.542,1.035
483.572,1.040
483.602,1.029
483.632,1.037
483.662,1.037
483.692,1.034
483.722,1.037
483.752,1.038
483.782,1.038
483.812,1.035
483.842,1.034
483.872,1.032
483.902,1.039
483.932,1.035
483.962,1.034
483.992,1.036
484.022,1.030
484.052,1.037
484.082,1.038
484.112,1.038
484.142,1.033
484.172,1.032
484.202,1.034
484.232,1.035
484.262,1.036
484.292,1.034
484.322,1.036
484.352,1.039
484.382,1.033
484.412,1.035
484.442,1.034
484.472,1.033
484.502,1.036
484.532,1.035
484.562,1.034
484.592,1.036
484.622,1.038
484.652,1.036
484.682,1.034
484.712,1.036
484.742,1.038
484.772,1.035
484.802,1.043
484.832,1.035
484.862,1.034
484.892,1.034
484.922,1.034
484.952,1.036
484.982,1.043
485.012,1.032
485.042,1.036
485.072,1.032
485.102,1.033
485.132,1.037
485.162,1.035
485.192,1.035
485.222,1.037
485.252,1.030
485.282,1.033
485.312,1.036
485.342,1.034
485.372,1.034
485.402,1.034
485.432,1.039
485.462,1.031
485.492,1.043
485.522,1.037
485.552,1.037
485.582,1.029
485.612,1.033
485.642,1.039
485.672,1.036
485.702,1.033
485.732,1.033
485.762,1.038
485.792,1.033
485.822,1.034
485.852,1.036
485.882,1.036
485.912,1.033
485.942,1.035
485.972,1.041
486.002,1.037
486.032,1.029
486.062,1.037
486.092,1.034
486.122,1.032
486.152,1.033
486.182,1.042
486.212,1.036
486.242,1.033
486.272,1.038
486.302,1.034
486.332,1.033
486.362,1.042
486.392,1.032
486.422,1.035
486.452,1.036
486.482,1.037
486.512,1.038
486.542,1.029
486.572,1.039
486.602,1.036
486.632,1.036
486.662,1.039
486.692,1.034
486.722,1.032
486.752,1.032
486.782,1.038
486.812,1.031
486.842,1.039
486.872,1.036
486.902,1.028
486.932,1.034
486.962,1.040
486.992,1.037
487.022,1.041
487.052,1.039
487.082,1.036
487.112,1.033
487.142,1.038
487.172,1.034
487.202,1.035
487.232,1.039
487.262,1.031
487.292,1.033
487.322,1.037
487.352,1.033
487.382,1.036
487.412,1.038
487.442,1.032
487.472,1.036
487.502,1.040
487.532,1.029
487.562,1.033
487.592,1.033
487.622,1.040
487.652,1.043
487.682,1.033
487.712,1.033
487.742,1.040
487.772,1.033
487.802,1.039
487.832,1.037
487.862,1.034
487.892,1.038
487.922,1.037
487.952,1.033
487.982,1.033
488.012,1.045
488.042,1.034
488.072,1.028
488.102,1.044
488.132,1.040
488.162,1.033
488.192,1.036
488.222,1.035
488.252,1.036
488.282,1.041
488.312,1.032
488.342,1.036
488.372,1.043
488.402,1.037
488.432,1.038
488.462,1.039
488.492,1.037
488.522,1.036
488.552,1.041
488.582,1.038
488.612,1.039
488.642,1.029
488.672,1.041
488.702,1.038
488.732,1.027
488.762,1.051
488.792,1.049
488.822,1.027
488.852,1.021
488.882,1.029
488.912,1.034
488.942,1.036
488.972,1.039
489.002,1.038
489.032,1.042
489.062,1.036
489.092,1.042
489.122,1.042
489.152,1.044
489.182,1.041
489.212,1.024
489.242,1.037
489.272,1.027
489.302,1.021
489.332,1.028
489.362,1.045
489.392,1.053
489.422,1.042
489.452,1.024
489.482,1.023
489.512,0.988
489.542,1.039
489.572,1.079
489.602,1.058
489.632,1.021
489.662,1.039
489.692,1.026
489.722,1.048
489.752,1.064
489.782,1.043
489.812,1.032
489.842,1.029
489.872,1.013
489.902,1.027
489.932,1.035
489.962,1.054
489.992,1.061
490.022,1.021
490.052,1.010
490.082,1.029
490.112,1.012
490.142,1.046
490.172,1.056
490.202,1.050
490.232,1.035
490.262,1.031
490.292,1.024
490.322,1.031
490.352,1.046
490.382,1.048
490.412,1.051
490.442,1.042
490.472,1.029
490.502,1.013
490.532,1.028
490.562,1.036
490.592,1.036
490.622,1.036
490.652,1.042
490.682,1.039
490.712,1.033
490.742,1.037
490.772,1.051
490.802,1.033
490.832,1.037
490.862,1.024
490.892,1.023
490.922,1.042
490.952,1.039
490.982,1.037
491.012,1.024
491.042,1.024
491.072,1.030
491.102,1.041
491.132,1.045
491.162,1.040
491.192,1.043
491.222,1.031
491.252,1.030
491.282,1.032
491.312,1.036
491.342,1.033
491.372,1.037
491.402,1.032
491.432,1.035
491.462,1.039
491.492,1.036
491.522,1.035
491.552,1.036
491.582,1.031
491.612,1.028
491.642,1.039
491.672,1.040
491.702,1.024
491.732,1.035
491.762,1.045
491.792,1.027
491.822,1.037
491.852,1.038
491.882,1.035
491.912,1.033
491.942,1.035
491.972,1.038
492.002,1.040
492.032,1.043
492.062,1.033
492.092,1.030
492.122,1.025
492.152,1.041
492.182,1.037
492.212,1.040
492.242,1.039
492.272,1.037
492.302,1.036
492.332,1.030
492.362,1.038
492.392,1.039
492.422,1.025
492.452,1.044
492.482,1.042
492.512,1.027
492.542,1.034
492.572,1.039
492.602,1.038
492.632,1.039
492.662,1.037
492.692,1.026
492.722,1.036
492.752,1.037
492.782,1.039
492.812,1.034
492.842,1.042
492.872,1.039
492.902,1.024
492.932,1.032
492.962,1.033
492.992,1.031
493.022,1.040
493.052,1.038
493.082,1.035
493.112,1.047
493.142,1.040
493.172,1.033
493.202,1.035
493.232,1.033
493.262,1.028
493.292,1.038
493.322,1.042
493.352,1.036
493.382,1.043
493.412,1.023
493.442,1.017
493.472,1.041
493.502,1.040
493.532,1.032
493.562,1.041
493.592,1.044
493.622,1.041
493.652,1.038
493.682,1.046
493.712,1.038
493.742,1.034
493.772,1.032
493.802,1.028
493.832,1.033
493.862,1.033
493.892,1.036
493.922,1.038
493.952,1.040
493.982,1.037
494.012,1.038
494.042,1.034
494.072,1.040
494.102,1.031
494.132,1.036
494.162,1.035
494.192,1.037
494.222,1.035
494.252,1.034
494.282,1.037
494.312,1.035
494.342,1.034
494.372,1.033
494.402,1.031
494.432,1.033
494.462,1.039
494.492,1.043
494.522,1.036
494.552,1.042
494.582,1.030
494.612,1.025
494.642,1.042
494.672,1.037
494.702,1.037
494.732,1.029
494.762,1.034
494.792,1.037
494.822,1.036
494.852,1.029
494.882,1.035
494.912,1.042
494.942,1.032
494.972,1.035
495.002,1.038
495.032,1.035
495.062,1.031
495.092,1.031
495.122,1.039
495.152,1.036
495.182,1.037
495.212,1.035
495.242,1.030
495.272,1.029
495.302,1.044
495.332,1.033
495.362,1.035
495.392,1.038
495.422,1.033
495.452,1.037
495.482,1.046
495.512,1.032
495.542,1.033
495.572,1.034
495.602,1.033
495.632,1.033
495.662,1.036
495.692,1.038
495.722,1.033
495.752,1.031
495.782,1.034
495.812,1.031
495.842,1.041
495.872,1.037
495.902,1.032
495.932,1.046
495.962,1.040
495.992,1.030
496.022,1.032
496.052,1.032
496.082,1.039
496.112,1.039
496.142,1.032
496.172,1.038
496.202,1.037
496.232,1.034
496.262,1.037
496.292,1.038
496.322,1.032
496.352,1.036
496.382,1.036
496.412,1.035
496.442,1.037
496.472,1.038
496.502,1.034
496.532,1.037
496.562,1.044
496.592,1.032
496.622,1.035
496.652,1.036
496.682,1.035
496.712,1.036
496.742,1.035
496.772,1.032
496.802,1.041
496.832,1.033
496.862,1.033
496.892,1.037
496.922,1.043
496.952,1.036
496.982,1.032
497.012,1.037
497.042,1.035
497.072,1.042
497.102,1.034
497.132,1.032
497.162,1.049
497.192,1.039
497.222,1.029
497.252,1.035
497.282,1.035
497.312,1.033
497.342,1.042
497.372,1.040
497.402,1.038
497.432,1.039
497.462,1.033
497.492,1.037
497.522,1.037
497.552,1.037
497.582,1.036
497.612,1.032
497.642,1.035
497.672,1.042
497.702,1.033
497.732,1.036
497.762,1.037
497.792,1.045
497.822,1.035
497.852,1.033
497.882,1.035
497.912,1.035
497.942,1.037
497.972,1.038
498.002,1.041
498.032,1.038
498.062,1.031
498.092,1.039
498.122,1.038
498.152,1.035
498.182,1.039
498.212,1.036
498.242,1.036
498.272,1.033
498.302,1.038
498.332,1.034
498.362,1.037
498.392,1.040
498.422,1.038
498.452,1.033
498.482,1.028
498.512,1.033
498.542,1.041
498.572,1.046
498.602,1.030
498.632,1.037
498.662,1.034
498.692,1.028
498.722,1.032
498.752,1.041
498.782,1.034
498.812,1.036
498.842,1.035
498.872,1.032
498.902,1.039
498.932,1.033
498.962,1.035
498.992,1.040
499.022,1.041
499.052,1.033
499.082,1.030
499.112,1.035
499.142,1.036
499.172,1.033
499.202,1.037
499.232,1.036
499.262,1.042
499.292,1.034
499.322,1.030
499.352,1.041
499.382,1.029
499.412,1.034
499.442,1.035
499.472,1.037
499.502,1.033
499.532,1.039
499.562,1.038
499.592,1.033
499.622,1.041
499.652,1.037
499.682,1.033
499.712,1.037
499.742,1.034
499.772,1.034
499.802,1.043
499.832,1.029
499.862,1.037
499.892,1.041
499.922,1.032
499.952,1.036
499.982,1.035
500.012,1.034
500.042,1.036
500.072,1.035
500.102,1.035
500.132,1.039
500.162,1.037
500.192,1.032
500.222,1.034
500.252,1.038
500.282,1.037
500.312,1.031
500.342,1.035
500.372,1.036
500.402,1.036
500.432,1.036
500.462,1.041
500.492,1.033
500.522,1.036
500.552,1.036
500.582,1.034
500.612,1.034
500.642,1.039
500.672,1.031
500.702,1.038
500.732,1.037
500.762,1.037
500.792,1.035
500.822,1.036
500.852,1.036
500.882,1.032
500.912,1.034
500.942,1.043
500.972,1.037
501.002,1.028
501.032,1.033
501.062,1.036
501.092,1.035
501.122,1.038
501.152,1.036
501.182,1.036
501.212,1.037
501.242,1.032
501.272,1.036
501.302,1.038
501.332,1.037
501.362,1.034
501.392,1.034
501.422,1.034
501.452,1.039
501.482,1.039
501.512,1.037
501.542,1.033
501.572,1.035
501.602,1.035
501.632,1.042
501.662,1.037
501.692,1.033
501.722,1.036
501.752,1.031
501.782,1.031
501.812,1.037
501.842,1.035
501.872,1.037
501.902,1.038
501.932,1.035
501.962,1.036
501.992,1.038
502.022,1.036
502.052,1.039
502.082,1.033
502.112,1.035
502.142,1.034
502.172,1.042
502.202,1.036
502.232,1.032
502.262,1.037
502.292,1.041
502.322,1.033
502.352,1.035
502.382,1.036
502.412,1.032
502.442,1.030
502.472,1.041
502.502,1.031
502.532,1.038
502.562,1.035
502.592,1.033
502.622,1.039
502.652,1.039
502.682,1.036
502.712,1.039
502.742,1.038
502.772,1.034
502.802,1.039
502.832,1.036
502.862,1.039
502.892,1.036
502.922,1.036
502.952,1.039
502.982,1.036
503.012,1.033
503.042,1.032
503.072,1.037
503.102,1.036
503.132,1.041
503.162,1.031
503.192,1.038
503.222,1.037
503.252,1.033
503.282,1.038
503.312,1.039
503.342,1.036
503.372,1.035
503.402,1.037
503.432,1.039
503.462,1.037
503.492,1.035
503.522,1.036
503.552,1.038
503.582,1.034
503.612,1.045
503.642,1.030
503.672,1.032
503.702,1.034
503.732,1.038
503.762,1.037
503.792,1.044
503.822,1.035
503.852,1.035
503.882,1.034
503.912,1.035
503.942,1.036
503.972,1.037
504.002,1.034
504.032,1.035
504.062,1.032
504.092,1.036
504.122,1.037
504.152,1.038
504.182,1.037
504.212,1.035
504.242,1.034
504.272,1.041
504.302,1.036
504.332,1.033
504.362,1.031
504.392,1.032
504.422,1.033
504.452,1.043
504.482,1.035
504.512,1.038
504.542,1.035
504.572,1.034
504.602,1.034
504.632,1.036
504.662,1.035
504.692,1.037
504.722,1.033
504.752,1.033
504.782,1.039
504.812,1.036
504.842,1.039
504.872,1.040
504.902,1.034
504.932,1.042
504.962,1.034
504.992,1.034
505.022,1.033
505.052,1.035
505.082,1.037
505.112,1.043
505.142,1.032
505.172,1.036
505.202,1.041
505.232,1.032
505.262,1.041
505.292,1.037
505.322,1.036
505.352,1.037
505.382,1.034
505.412,1.036
505.442,1.038
505.472,1.035
505.502,1.038
505.532,1.033
505.562,1.035
505.592,1.039
505.622,1.040
505.652,1.036
505.682,1.036
505.712,1.034
505.742,1.036
505.772,1.036
505.802,1.040
505.832,1.038
505.862,1.036
505.892,1.033
505.922,1.035
505.952,1.039
505.982,1.033
506.012,1.033
506.042,1.036
506.072,1.034
506.102,1.035
506.132,1.036
506.162,1.038
506.192,1.036
506.222,1.036
506.252,1.035
506.282,1.040
506.312,1.039
506.342,1.034
506.372,1.031
506.402,1.039
506.432,1.033
506.462,1.036
506.492,1.038
506.522,1.038
506.552,1.036
506.582,1.035
506.612,1.040
506.642,1.040
506.672,1.033
506.702,1.037
506.732,1.036
506.762,1.034
506.792,1.039
506.822,1.036
506.852,1.037
506.882,1.037
506.912,1.033
506.942,1.040
506.972,1.036
507.002,1.035
507.032,1.034
507.062,1.033
507.092,1.035
507.122,1.040
507.152,1.029
507.182,1.040
507.212,1.039
507.242,1.030
507.272,1.036
507.302,1.033
507.332,1.034
507.362,1.037
507.392,1.038
507.422,1.033
507.452,1.034
507.482,1.041
507.512,1.041
507.542,1.043
507.572,1.030
507.602,1.030
507.632,1.045
507.662,1.042
507.692,1.033
507.722,1.028
507.752,1.033
507.782,1.034
507.812,1.034
507.842,1.036
507.872,1.033
507.902,1.038
507.932,1.035
507.962,1.037
507.992,1.036
508.022,1.032
508.052,1.034
508.082,1.034
508.112,1.035
508.142,1.034
508.172,1.036
508.202,1.040
508.232,1.034
508.262,1.031
508.292,1.038
508.322,1.031
508.352,1.038
508.382,1.034
508.412,1.032
508.442,1.036
508.472,1.035
508.502,1.040
508.532,1.039
508.562,1.035
508.592,1.033
508.622,1.032
508.652,1.036
508.682,1.036
508.712,1.035
508.742,1.037
508.772,1.034
508.802,1.036
508.832,1.037
508.862,1.035
508.892,1.039
508.922,1.033
508.952,1.039
508.982,1.035
509.012,1.035
509.042,1.042
509.072,1.038
509.102,1.035
509.132,1.033
509.162,1.033
509.192,1.034
509.222,1.042
509.252,1.035
509.282,1.036
509.312,1.039
509.342,1.034
509.372,1.033
509.402,1.036
509.432,1.037
509.462,1.036
509.492,1.036
509.522,1.034
509.552,1.033
509.582,1.036
509.612,1.037
509.642,1.041
509.672,1.035
509.702,1.032
509.732,1.040
509.762,1.040
509.792,1.036
509.822,1.033
509.852,1.033
509.882,1.035
509.912,1.033
509.942,1.046
509.972,1.032
510.002,1.041
510.032,1.039
510.062,1.032
510.092,1.039
510.122,1.032
510.152,1.039
510.182,1.036
510.212,1.037
510.242,1.033
510.272,1.038
510.302,1.035
510.332,1.038
510.362,1.035
510.392,1.031
510.422,1.032
510.452,1.039
510.482,1.033
510.512,1.031
510.542,1.034
510.572,1.035
510.602,1.035
510.632,1.044
510.662,1.032
510.692,1.035
510.722,1.033
510.752,1.034
510.782,1.034
510.812,1.038
510.842,1.032
510.872,1.031
510.902,1.034
510.932,1.037
510.962,1.036
510.992,1.036
511.022,1.044
511.052,1.033
511.082,1.037
511.112,1.038
511.142,1.041
511.172,1.036
511.202,1.034
511.232,1.036
511.262,1.038
511.292,1.039
511.322,1.035
511.352,1.035
511.382,1.040
511.412,1.035
511.442,1.031
511.472,1.039
511.502,1.033
511.532,1.035
511.562,1.035
511.592,1.035
511.622,1.036
511.652,1.034
511.682,1.042
511.712,1.034
511.742,1.029
511.772,1.040
511.802,1.041
511.832,1.033
511.862,1.029
511.892,1.035
511.922,1.037
511.952,1.035
511.982,1.033
512.012,1.035
512.042,1.043
512.072,1.031
512.102,1.039
512.132,1.038
512.162,1.038
512.192,1.039
512.222,1.035
512.252,1.034
512.282,1.038
512.312,1.034
512.342,1.040
512.372,1.034
512.402,1.032
512.432,1.040
512.462,1.038
512.492,1.041
512.522,1.032
512.552,1.030
512.582,1.037
512.612,1.037
512.642,1.034
512.672,1.036
512.702,1.043
512.732,1.028
512.762,1.037
512.792,1.038
512.822,1.034
512.852,1.031
512.882,1.031
512.912,1.037
512.942,1.037
512.972,1.035
513.002,1.038
513.032,1.037
513.062,1.034
513.092,1.041
513.122,1.034
513.152,1.035
513.182,1.043
513.212,1.034
513.242,1.052
513.272,1.040
513.302,1.048
513.332,1.038
513.362,1.031
513.392,1.024
513.422,1.026
513.452,1.041
513.482,1.030
513.512,1.018
513.542,1.022
513.572,1.034
513.602,1.054
513.632,1.035
513.662,1.036
513.692,1.038
513.722,1.037
513.752,1.033
513.782,1.025
513.812,1.017
513.842,1.033
513.872,1.033
513.902,1.039
513.932,1.039
513.962,1.040
513.992,1.038
514.022,1.034
514.052,1.039
514.082,1.049
514.112,1.052
514.142,1.034
514.172,1.042
514.202,1.039
514.232,1.029
514.262,1.021
514.292,1.034
514.322,1.019
514.352,1.030
514.382,1.035
514.412,1.021
514.442,1.040
514.472,1.033
514.502,1.021
514.532,1.043
514.562,1.021
514.592,1.030
514.622,1.035
514.652,1.027
514.682,1.034
514.712,1.031
514.742,1.031
514.772,1.018
514.802,1.034
514.832,1.039
514.862,1.028
514.892,1.043
514.922,1.026
514.952,1.032
514.982,1.028
515.012,1.047
515.042,1.034
515.072,1.028
515.102,1.028
515.132,1.035
515.162,1.035
515.192,1.028
515.222,1.031
515.252,1.035
515.282,1.031
515.312,1.034
515.342,1.036
515.372,1.038
515.402,1.034
515.432,1.026
515.462,1.033
515.492,1.042
515.522,1.033
515.552,1.030
515.582,1.040
515.612,1.035
515.642,1.036
515.672,1.034
515.702,1.037
515.732,1.033
515.762,1.032
515.792,1.030
515.822,1.039
515.852,1.031
515.882,1.036
515.912,1.030
515.942,1.033
515.972,1.040
516.002,1.030
516.032,1.031
516.062,1.042
516.092,1.037
516.122,1.037
516.152,1.035
516.182,1.036
516.212,1.032
516.242,1.040
516.272,1.029
516.302,1.038
516.332,1.034
516.362,1.033
516.392,1.037
516.422,1.032
516.452,1.029
516.482,1.034
516.512,1.038
516.542,1.038
516.572,1.039
516.602,1.032
516.632,1.040
516.662,1.033
516.692,1.032
516.722,1.034
516.752,1.043
516.782,1.033
516.812,1.030
516.842,1.029
516.872,1.034
516.902,1.036
516.932,1.038
516.962,1.031
516.992,1.040
517.022,1.039
517.052,1.034
517.082,1.028
517.112,1.041
517.142,1.036
517.172,1.036
517.202,1.050
517.232,1.052
517.262,1.018
517.292,1.033
517.322,1.030
517.352,1.039
517.382,1.033
517.412,1.020
517.442,1.039
517.472,1.052
517.502,1.045
517.532,1.054
517.562,1.071
517.592,1.052
517.622,1.022
517.652,1.014
517.682,1.021
517.712,1.052
517.742,1.012
517.772,1.030
517.802,1.022
517.832,1.021
517.862,1.043
517.892,1.024
517.922,1.040
517.952,1.038
517.982,1.003
518.012,1.020
518.042,1.040
518.072,1.015
518.102,1.020
518.132,1.047
518.162,1.027
518.192,1.041
518.222,1.057
518.252,1.045
518.282,1.034
518.312,1.026
518.342,1.033
518.372,1.026
518.402,1.034
518.432,1.047
518.462,1.033
518.492,1.026
518.522,1.027
518.552,1.040
518.582,1.043
518.612,1.037
518.642,1.051
518.672,1.043
518.702,1.045
518.732,1.047
518.762,1.019
518.792,1.021
518.822,1.045
518.852,1.036
518.882,1.041
518.912,1.043
518.942,1.033
518.972,1.034
519.002,1.025
519.032,1.016
519.062,1.036
519.092,1.062
519.122,1.049
519.152,1.046
519.182,1.049
519.212,1.046
519.242,1.041
519.272,1.039
519.302,1.026
519.332,1.027
519.362,1.042
519.392,1.040
519.422,1.044
519.452,1.049
519.482,1.047
519.512,1.038
519.542,1.027
519.572,1.039
519.602,1.029
519.632,1.034
519.662,1.040
519.692,1.050
519.722,1.051
519.752,1.046
519.782,1.054
519.812,1.031
519.842,1.018
519.872,1.047
519.902,1.040
519.932,1.031
519.962,1.040
519.992,1.048
520.022,1.054
520.052,1.047
520.082,1.050
520.112,1.047
520.142,1.054
520.172,1.041
520.202,1.049
520.232,1.047
520.262,1.024
520.292,1.032
520.322,1.048
520.352,1.040
520.382,1.042
520.412,1.037
520.442,1.045
520.472,1.049
520.502,1.047
520.532,1.040
520.562,1.037
520.592,1.035
520.622,1.041
520.652,1.040
520.682,1.043
520.712,1.044
520.742,1.043
520.772,1.044
520.802,1.050
520.832,1.033
520.862,1.035
520.892,1.042
520.922,1.019
520.952,1.026
520.982,1.044
521.012,1.053
521.042,1.049
521.072,1.057
521.102,1.044
521.132,1.040
521.162,1.050
521.192,1.033
521.222,1.044
521.252,1.048
521.282,1.033
521.312,1.037
521.342,1.032
521.372,1.040
521.402,1.040
521.432,1.031
521.462,1.034
521.492,1.031
521.522,1.031
521.552,1.040
521.582,1.052
521.612,1.051
521.642,1.050
521.672,1.038
521.702,1.035
521.732,1.041
521.762,1.053
521.792,1.043
521.822,1.045
521.852,1.024
521.882,1.030
521.912,1.041
521.942,1.048
521.972,1.044
522.002,1.046
522.032,1.029
522.062,1.036
522.092,1.044
522.122,1.045
522.152,1.039
522.182,1.036
522.212,1.038
522.242,1.038
522.272,1.039
522.302,1.043
522.332,1.042
522.362,1.038
522.392,1.035
522.422,1.036
522.452,1.036
522.482,1.055
522.512,1.041
522.542,1.036
522.572,1.041
522.602,1.037
522.632,1.031
522.662,1.043
522.692,1.039
522.722,1.044
522.752,1.043
522.782,1.034
522.812,1.038
522.842,1.039
522.872,1.038
522.902,1.038
522.932,1.036
522.962,1.035
522.992,1.038
523.022,1.036
523.052,1.039
523.082,1.037
523.112,1.040
523.142,1.043
523.172,1.036
523.202,1.040
523.232,1.048
523.262,1.036
523.292,1.033
523.322,1.044
523.352,1.042
523.382,1.039
523.412,1.044
523.442,1.052
523.472,1.041
523.502,1.039
523.532,1.050
523.562,1.042
523.592,1.039
523.622,1.049
523.652,1.038
523.682,1.039
523.712,1.043
523.742,1.035
523.772,1.036
523.802,1.047
523.832,1.043
523.862,1.041
523.892,1.045
523.922,1.034
523.952,1.040
523.982,1.042
524.012,1.048
524.042,1.049
524.072,1.035
524.102,1.036
524.132,1.037
524.162,1.026
524.192,1.035
524.222,1.045
524.252,1.043
524.282,1.039
524.312,1.045
524.342,1.043
524.372,1.035
524.402,1.044
524.432,1.051
524.462,1.039
524.492,1.040
524.522,1.046
524.552,1.046
524.582,1.045
524.612,1.034
524.642,1.045
524.672,1.035
524.702,1.040
524.732,1.047
524.762,1.042
524.792,1.045
524.822,1.039
524.852,1.033
524.882,1.047
524.912,1.043
524.942,1.045
524.972,1.039
525.002,1.049
525.032,1.055
525.062,1.055
525.092,1.044
525.122,1.032
525.152,1.047
525.182,1.042
525.212,1.058
525.242,1.047
525.272,1.033
525.302,1.020
525.332,1.008
525.362,1.031
525.392,1.038
525.422,1.037
525.452,1.035
525.482,1.042
525.512,1.038
525.542,1.040
525.572,1.042
525.602,1.041
525.632,1.054
525.662,1.049
525.692,1.035
525.722,1.039
525.752,1.041
525.782,1.036
525.812,1.043
525.842,1.040
525.872,1.023
525.902,1.025
525.932,1.044
525.962,1.034
525.992,1.031
526.022,1.048
526.052,1.063
526.082,1.033
526.112,1.037
526.142,1.032
526.172,1.024
526.202,1.028
526.232,1.044
526.262,1.049
526.292,1.048
526.322,1.060
526.352,1.044
526.382,1.056
526.412,1.037
526.442,1.030
526.472,1.021
526.502,1.043
526.532,1.060
526.562,1.051
526.592,1.068
526.622,1.049
526.652,1.043
526.682,1.044
526.712,1.050
526.742,1.055
526.772,1.048
526.802,1.037
526.832,1.029
526.862,1.038
526.892,1.039
526.922,1.038
526.952,1.052
526.982,1.046
527.012,1.044
527.042,1.033
527.072,1.033
527.102,1.038
527.132,1.039
527.162,1.037
527.192,1.034
527.222,1.028
527.252,1.034
527.282,1.031
527.312,1.022
527.342,1.036
527.372,1.040
527.402,1.047
527.432,1.050
527.462,1.049
527.492,1.073
527.522,1.067
527.552,1.073
527.582,1.058
527.612,1.061
527.642,1.064
527.672,1.055
527.702,1.041
527.732,1.047
527.762,1.093
527.792,1.076
527.822,1.086
527.852,1.081
527.882,1.067
527.912,1.071
527.942,1.073
527.972,1.082
528.002,1.080
528.032,1.077
528.062,1.071
528.092,1.079
528.122,1.058
528.152,1.057
528.182,1.081
528.212,1.064
528.242,1.060
528.272,1.048
528.302,1.043
528.332,1.040
528.362,1.026
528.392,1.020
528.422,1.015
528.452,1.021
528.482,1.035
528.512,1.042
528.542,1.048
528.572,1.046
528.602,1.047
528.632,1.050
528.662,1.056
528.692,1.035
528.722,1.056
528.752,1.068
528.782,1.049
528.812,1.049
528.842,1.038
528.872,1.033
528.902,1.050
528.932,1.038
528.962,1.020
528.992,1.024
529.022,1.051
529.052,1.006
529.082,1.024
529.112,1.029
529.142,1.047
529.172,1.040
529.202,1.042
529.232,1.045
529.262,1.029
529.292,1.034
529.322,1.062
529.352,1.040
529.382,1.062
529.412,1.043
529.442,1.043
529.472,1.053
529.502,1.038
529.532,1.049
529.562,1.057
529.592,1.059
529.622,1.052
529.652,1.046
529.682,1.045
529.712,1.048
529.742,1.062
529.772,1.062
529.802,1.075
529.832,1.063
529.862,1.045
529.892,1.048
529.922,1.071
529.952,1.057
529.982,1.071
530.012,1.067
530.042,1.059
530.072,1.050
530.102,1.042
530.132,1.044
530.162,1.055
530.192,1.078
530.222,1.056
530.252,1.062
530.282,1.034
530.312,1.026
530.342,1.044
530.372,1.051
530.402,1.040
530.432,1.055
530.462,1.069
530.492,1.066
530.522,1.059
530.552,1.048
530.582,1.060
530.612,1.054
530.642,1.055
530.672,1.049
530.702,1.045
530.732,1.062
530.762,1.048
530.792,1.064
530.822,1.058
530.852,1.050
530.882,1.052
530.912,1.056
530.942,1.054
530.972,1.037
531.002,1.047
531.032,1.059
531.062,1.038
531.092,1.043
531.122,1.044
531.152,1.056
531.182,1.049
531.212,1.040
531.242,1.030
531.272,1.050
531.302,1.049
531.332,1.061
531.362,1.045
531.392,1.042
531.422,1.036
531.452,1.058
531.482,1.062
531.512,1.042
531.542,1.062
531.572,1.050
531.602,1.037
531.632,1.059
531.662,1.063
531.692,1.086
531.722,1.061
531.752,1.055
531.782,1.059
531.812,1.080
531.842,1.072
531.872,1.064
531.902,1.073
531.932,1.070
531.962,1.075
531.992,1.076
532.022,1.083
532.052,1.079
532.082,1.062
532.112,1.063
532.142,1.068
532.172,1.064
532.202,1.063
532.232,1.060
532.262,1.069
532.292,1.069
532.322,1.063
532.352,1.063
532.382,1.062
532.412,1.057
532.442,1.063
532.472,1.071
532.502,1.068
532.532,1.059
532.562,1.065
532.592,1.063
532.622,1.066
532.652,1.066
532.682,1.053
532.712,1.064
532.742,1.080
532.772,1.077
532.802,1.062
532.832,1.058
532.862,1.049
532.892,1.050
532.922,1.063
532.952,1.054
532.982,1.080
533.012,1.076
533.042,1.062
533.072,1.068
533.102,1.066
533.132,1.063
533.162,1.061
533.192,1.053
533.222,1.065
533.252,1.059
533.282,1.058
533.312,1.072
533.342,1.063
533.372,1.061
533.402,1.060
533.432,1.066
533.462,1.066
533.492,1.062
533.522,1.055
533.552,1.062
533.582,1.062
533.612,1.062
533.642,1.062
533.672,1.064
533.702,1.059
533.732,1.061
533.762,1.069
533.792,1.062
533.822,1.060
533.852,1.069
533.882,1.059
533.912,1.064
533.942,1.071
533.972,1.056
534.002,1.057
534.032,1.068
534.062,1.062
534.092,1.072
534.122,1.063
534.152,1.059
534.182,1.057
534.212,1.062
534.242,1.063
534.272,1.064
534.302,1.067
534.332,1.057
534.362,1.062
534.392,1.062
534.422,1.065
534.452,1.063
534.482,1.062
534.512,1.056
534.542,1.059
534.572,1.065
534.602,1.061
534.632,1.064
534.662,1.062
534.692,1.059
534.722,1.062
534.752,1.071
534.782,1.063
534.812,1.067
534.842,1.062
534.872,1.064
534.902,1.059
534.932,1.061
534.962,1.065
534.992,1.061
535.022,1.062
535.052,1.071
535.082,1.058
535.112,1.062
535.142,1.069
535.172,1.057
535.202,1.059
535.232,1.062
535.262,1.062
535.292,1.058
535.322,1.068
535.352,1.066
535.382,1.053
535.412,1.064
535.442,1.065
535.472,1.069
535.502,1.057
535.532,1.054
535.562,1.067
535.592,1.074
535.622,1.056
535.652,1.049
535.682,1.064
535.712,1.056
535.742,1.060
535.772,1.063
535.802,1.061
535.832,1.070
535.862,1.064
535.892,1.058
535.922,1.062
535.952,1.061
535.982,1.067
536.012,1.061
536.042,1.065
536.072,1.060
536.102,1.065
536.132,1.066
536.162,1.062
536.192,1.065
536.222,1.055
536.252,1.077
536.282,1.049
536.312,1.066
536.342,1.065
536.372,1.068
536.402,1.052
536.432,1.065
536.462,1.057
536.492,1.077
536.522,1.067
536.552,1.056
536.582,1.067
536.612,1.057
536.642,1.061
536.672,1.079
536.702,1.065
536.732,1.057
536.762,1.069
536.792,1.053
536.822,1.060
536.852,1.059
536.882,1.065
536.912,1.059
536.942,1.062
536.972,1.064
537.002,1.063
537.032,1.058
537.062,1.068
537.092,1.062
537.122,1.060
537.152,1.074
537.182,1.054
537.212,1.062
537.242,1.068
537.272,1.065
537.302,1.060
537.332,1.062
537.362,1.069
537.392,1.063
537.422,1.061
537.452,1.060
537.482,1.065
537.512,1.057
537.542,1.073
537.572,1.068
537.602,1.057
537.632,1.072
537.662,1.055
537.692,1.057
537.722,1.071
537.752,1.062
537.782,1.061
537.812,1.056
537.842,1.059
537.872,1.062
537.902,1.059
537.932,1.064
537.962,1.061
537.992,1.064
538.022,1.063
538.052,1.066
538.082,1.066
538.112,1.064
538.142,1.064
538.172,1.064
538.202,1.062
538.232,1.063
538.262,1.064
538.292,1.069
538.322,1.063
538.352,1.066
538.382,1.067
538.412,1.067
538.442,1.057
538.472,1.075
538.502,1.066
538.532,1.063
538.562,1.049
538.592,1.060
538.622,1.053
538.652,1.060
538.682,1.067
538.712,1.074
538.742,1.044
538.772,1.060
538.802,1.058
538.832,1.052
538.862,1.046
538.892,1.063
538.922,1.057
538.952,1.044
538.982,1.053
539.012,1.062
539.042,1.066
539.072,1.047
539.102,1.032
539.132,1.051
539.162,1.048
539.192,1.028
539.222,1.036
539.252,1.051
539.282,1.057
539.312,1.064
539.342,1.051
539.372,1.046
539.402,1.038
539.432,1.053
539.462,1.036
539.492,1.055
539.522,1.052
539.552,1.050
539.582,1.052
539.612,1.051
539.642,1.053
539.672,1.052
539.702,1.051
539.732,1.046
539.762,1.046
539.792,1.035
539.822,1.049
539.852,1.041
539.882,1.049
539.912,1.049
539.942,1.040
539.972,1.048
540.002,1.062
540.032,1.050
540.062,1.030
540.092,1.057
540.122,1.042
540.152,1.038
540.182,1.049
540.212,1.048
540.242,1.035
540.272,1.041
540.302,1.052
540.332,1.047
540.362,1.049
540.392,1.048
540.422,1.040
540.452,1.051
540.482,1.039
540.512,1.041
540.542,1.050
540.572,1.059
540.602,1.044
540.632,1.040
540.662,1.049
540.692,1.040
540.722,1.045
540.752,1.046
540.782,1.053
540.812,1.044
540.842,1.055
540.872,1.046
540.902,1.044
540.932,1.031
540.962,1.029
540.992,1.049
541.022,1.033
541.052,1.049
541.082,1.058
541.112,1.033
541.142,1.056
541.172,1.057
541.202,1.048
541.232,1.043
541.262,1.044
541.292,1.045
541.322,1.044
541.352,1.051
541.382,1.044
541.412,1.060
541.442,1.052
541.472,1.044
541.502,1.054
541.532,1.061
541.562,1.039
541.592,1.060
541.622,1.064
541.652,1.044
541.682,1.059
541.712,1.050
541.742,1.037
541.772,1.065
541.802,1.049
541.832,1.054
541.862,1.075
541.892,1.056
541.922,1.059
541.952,1.069
541.982,1.057
542.012,1.056
542.042,1.066
542.072,1.058
542.102,1.062
542.132,1.061
542.162,1.064
542.192,1.057
542.222,1.049
542.252,1.064
542.282,1.062
542.312,1.065
542.342,1.051
542.372,1.057
542.402,1.068
542.432,1.065
542.462,1.060
542.492,1.059
542.522,1.060
542.552,1.060
542.582,1.058
542.612,1.047
542.642,1.062
542.672,1.060
542.702,1.057
542.732,1.056
542.762,1.061
542.792,1.061
542.822,1.061
542.852,1.061
542.882,1.070
542.912,1.052
542.942,1.058
542.972,1.061
543.002,1.051
543.032,1.054
543.062,1.043
543.092,1.066
543.122,1.040
543.152,1.040
543.182,1.043
543.212,1.050
543.242,1.059
543.272,1.046
543.302,1.055
543.332,1.062
543.362,1.061
543.392,1.055
543.422,1.064
543.452,1.075
543.482,1.050
543.512,1.060
543.542,1.058
543.572,1.064
543.602,1.051
543.632,1.064
543.662,1.053
543.692,1.045
543.722,1.055
543.752,1.062
543.782,1.069
543.812,1.056
543.842,1.051
543.872,1.055
543.902,1.044
543.932,1.055
543.962,1.058
543.992,1.063
544.022,1.036
544.052,1.050
544.082,1.068
544.112,1.054
544.142,1.052
544.172,1.058
544.202,1.055
544.232,1.030
544.262,1.061
544.292,1.055
544.322,1.068
544.352,1.052
544.382,1.052
544.412,1.046
544.442,1.067
544.472,1.078
544.502,1.042
544.532,1.057
544.562,1.057
544.592,1.056
544.622,1.049
544.652,1.061
544.682,1.048
544.712,1.058
544.742,1.061
544.772,1.055
544.802,1.049
544.832,1.044
544.862,1.048
544.892,1.061
544.922,1.052
544.952,1.062
544.982,1.063
545.012,1.052
545.042,1.081
545.072,1.048
545.102,1.049
545.132,1.063
545.162,1.051
545.192,1.049
545.222,1.050
545.252,1.059
545.282,1.049
545.312,1.054
545.342,1.059
545.372,1.058
545.402,1.050
545.432,1.052
545.462,1.062
545.492,1.050
545.522,1.060
545.552,1.044
545.582,1.053
545.612,1.060
545.642,1.051
545.672,1.057
545.702,1.038
545.732,1.045
545.762,1.071
545.792,1.056
545.822,1.049
545.852,1.046
545.882,1.062
545.912,1.062
545.942,1.060
545.972,1.051
546.002,1.055
546.032,1.059
546.062,1.046
546.092,1.057
546.122,1.056
546.152,1.050
546.182,1.050
546.212,1.062
546.242,1.062
546.272,1.050
546.302,1.049
546.332,1.056
546.362,1.059
546.392,1.058
546.422,1.055
546.452,1.061
546.482,1.041
546.512,1.046
546.542,1.055
546.572,1.042
546.602,1.048
546.632,1.048
546.662,1.070
546.692,1.046
546.722,1.058
546.752,1.066
546.782,1.050
546.812,1.052
546.842,1.060
546.872,1.052
546.902,1.045
546.932,1.054
546.962,1.055
546.992,1.055
547.022,1.061
547.052,1.054
547.082,1.055
547.112,1.061
547.142,1.052
547.172,1.053
547.202,1.051
547.232,1.062
547.262,1.052
547.292,1.057
547.322,1.046
547.352,1.057
547.382,1.057
547.412,1.048
547.442,1.060
547.472,1.062
547.502,1.050
547.532,1.047
547.562,1.060
547.592,1.056
547.622,1.051
547.652,1.061
547.682,1.053
547.712,1.050
547.742,1.062
547.772,1.060
547.802,1.049
547.832,1.059
547.862,1.057
547.892,1.059
547.922,1.055
547.952,1.056
547.982,1.051
548.012,1.053
548.042,1.056
548.072,1.054
548.102,1.055
548.132,1.046
548.162,1.050
548.192,1.064
548.222,1.056
548.252,1.049
548.282,1.062
548.312,1.049
548.342,1.061
548.372,1.050
548.402,1.050
548.432,1.059
548.462,1.058
548.492,1.047
548.522,1.053
548.552,1.050
548.582,1.057
548.612,1.063
548.642,1.039
548.672,1.062
548.702,1.062
548.732,1.066
548.762,1.060
548.792,1.047
548.822,1.046
548.852,1.036
548.882,1.073
548.912,1.062
548.942,1.070
548.972,1.048
549.002,1.034
549.032,1.016
549.062,1.031
549.092,1.056
549.122,1.047
549.152,1.066
549.182,1.074
549.212,1.073
549.242,1.055
549.272,1.039
549.302,1.057
549.332,1.054
549.362,1.026
549.392,1.053
549.422,1.046
549.452,1.045
549.482,1.060
549.512,1.059
549.542,1.070
549.572,1.050
549.602,1.065
549.632,1.064
549.662,1.045
549.692,1.057
549.722,1.062
549.752,1.053
549.782,1.058
549.812,1.051
549.842,1.067
549.872,1.057
549.902,1.050
549.932,1.044
549.962,1.060
549.992,1.051
550.022,1.034
550.052,1.057
550.082,1.063
550.112,1.062
550.142,1.055
550.172,1.049
550.202,1.027
550.232,1.047
550.262,1.051
550.292,1.055
550.322,1.068
550.352,1.024
550.382,1.028
550.412,1.048
550.442,1.058
550.472,1.076
550.502,1.054
550.532,1.035
550.562,1.050
550.592,1.042
550.622,1.056
550.652,1.062
550.682,1.064
550.712,1.051
550.742,1.042
550.772,1.054
550.802,1.065
550.832,1.058
550.862,1.050
550.892,1.058
550.922,1.043
550.952,1.053
550.982,1.060
551.012,1.047
551.042,1.060
551.072,1.061
551.102,1.048
551.132,1.061
551.162,1.061
551.192,1.071
551.222,1.058
551.252,1.048
551.282,1.064
551.312,1.047
551.342,1.003
551.372,0.990
551.402,1.113
551.432,1.093
551.462,1.075
551.492,1.071
551.522,1.039
551.552,1.006
551.582,1.032
551.612,1.046
551.642,1.055
551.672,1.052
551.702,1.093
551.732,1.054
551.762,1.045
551.792,1.063
551.822,1.033
551.852,1.048
551.882,1.050
551.912,1.058
551.942,1.041
551.972,1.062
552.002,1.047
552.032,1.048
552.062,1.060
552.092,1.045
552.122,1.058
552.152,1.065
552.182,1.050
552.212,1.055
552.242,1.059
552.272,1.041
552.302,1.046
552.332,1.067
552.362,1.052
552.392,1.048
552.422,1.061
552.452,1.047
552.482,1.051
552.512,1.059
552.542,1.054
552.572,1.046
552.602,1.055
552.632,1.040
552.662,1.055
552.692,1.061
552.722,1.049
552.752,1.055
552.782,1.062
552.812,1.049
552.842,1.051
552.872,1.063
552.902,1.051
552.932,1.050
552.962,1.052
552.992,1.052
553.022,1.054
553.052,1.051
553.082,1.050
553.112,1.052
553.142,1.062
553.172,1.056
553.202,1.037
553.232,1.060
553.262,1.052
553.292,1.056
553.322,1.060
553.352,1.050
553.382,1.051
553.412,1.061
553.442,1.058
553.472,1.061
553.502,1.056
553.532,1.045
553.562,1.054
553.592,1.059
553.622,1.040
553.652,1.051
553.682,1.059
553.712,1.048
553.742,1.050
553.772,1.062
553.802,1.059
553.832,1.049
553.862,1.047
553.892,1.049
553.922,1.063
553.952,1.050
553.982,1.047
554.012,1.053
554.042,1.061
554.072,1.052
554.102,1.036
554.132,1.064
554.162,1.058
554.192,1.038
554.222,1.051
554.252,1.043
554.282,1.031
554.312,1.059
554.342,1.064
554.372,1.039
554.402,1.050
554.432,1.069
554.462,1.052
554.492,1.056
554.522,1.057
554.552,1.050
554.582,1.049
554.612,1.052
554.642,1.053
554.672,1.053
554.702,1.055
554.732,1.053
554.762,1.050
554.792,1.055
554.822,1.045
554.852,1.056
554.882,1.052
554.912,1.049
554.942,1.055
554.972,1.053
555.002,1.053
555.032,1.050
555.062,1.059
555.092,1.056
555.122,1.058
555.152,1.047
555.182,1.053
555.212,1.047
555.242,1.050
555.272,1.058
555.302,1.053
555.332,1.056
555.362,1.060
555.392,1.046
555.422,1.049
555.452,1.059
555.482,1.051
555.512,1.058
555.542,1.058
555.572,1.049
555.602,1.049
555.632,1.057
555.662,1.049
555.692,1.046
555.722,1.052
555.752,1.064
555.782,1.049
555.812,1.051
555.842,1.057
555.872,1.050
555.902,1.052
555.932,1.046
555.962,1.054
555.992,1.058
556.022,1.051
556.052,1.054
556.082,1.058
556.112,1.047
556.142,1.050
556.172,1.051
556.202,1.054
556.232,1.055
556.262,1.053
556.292,1.056
556.322,1.052
556.352,1.051
556.382,1.056
556.412,1.058
556.442,1.050
556.472,1.054
556.502,1.048
556.532,1.055
556.562,1.054
556.592,1.045
556.622,1.061
556.652,1.049
556.682,1.047
556.712,1.046
556.742,1.058
556.772,1.050
556.802,1.050
556.832,1.052
556.862,1.049
556.892,1.053
556.922,1.058
556.952,1.051
556.982,1.052
557.012,1.062
557.042,1.051
557.072,1.049
557.102,1.052
557.132,1.050
557.162,1.056
557.192,1.050
557.222,1.048
557.252,1.057
557.282,1.051
557.312,1.058
557.342,1.049
557.372,1.055
557.402,1.056
557.432,1.051
557.462,1.058
557.492,1.043
557.522,1.054
557.552,1.048
557.582,1.058
557.612,1.055
557.642,1.060
557.672,1.052
557.702,1.050
557.732,1.058
557.762,1.052
557.792,1.055
557.822,1.060
557.852,1.052
557.882,1.047
557.912,1.055
557.942,1.056
557.972,1.045
558.002,1.061
558.032,1.051
558.062,1.048
558.092,1.052
558.122,1.055
558.152,1.048
558.182,1.050
558.212,1.058
558.242,1.048
558.272,1.053
558.302,1.050
558.332,1.053
558.362,1.066
558.392,1.041
558.422,1.050
558.452,1.052
558.482,1.052
558.512,1.056
558.542,1.056
558.572,1.048
558.602,1.055
558.632,1.052
558.662,1.049
558.692,1.062
558.722,1.061
558.752,1.049
558.782,1.055
558.812,1.056
558.842,1.048
558.872,1.052
558.902,1.065
558.932,1.051
558.962,1.056
558.992,1.060
559.022,1.061
559.052,1.054
559.082,1.055
559.112,1.037
559.142,1.044
559.172,1.057
559.202,1.055
559.232,1.055
559.262,1.047
559.292,1.068
559.322,1.063
559.352,1.064
559.382,1.034
559.412,1.062
559.442,1.079
559.472,1.047
559.502,1.062
559.532,1.050
559.562,1.053
559.592,1.054
559.622,1.060
559.652,1.070
559.682,1.050
559.712,1.044
559.742,1.045
559.772,1.021
559.802,1.025
559.832,1.079
559.862,1.046
559.892,1.055
559.922,1.064
559.952,1.020
559.982,1.051
560.012,1.060
560.042,1.044
560.072,1.053
560.102,1.055
560.132,1.027
560.162,1.041
560.192,1.051
560.222,1.053
560.252,1.061
560.282,1.060
560.312,1.053
560.342,1.041
560.372,1.060
560.402,1.060
560.432,1.037
560.462,1.051
560.492,1.050
560.522,1.057
560.552,1.056
560.582,1.048
560.612,1.046
560.642,1.052
560.672,1.049
560.702,1.053
560.732,1.058
560.762,1.048
560.792,1.054
560.822,1.056
560.852,1.047
560.882,1.038
560.912,1.057
560.942,1.047
560.972,1.048
561.002,1.055
561.032,1.066
561.062,1.049
561.092,1.049
561.122,1.056
561.152,1.056
561.182,1.056
561.212,1.045
561.242,1.054
561.272,1.060
561.302,1.048
561.332,1.052
561.362,1.064
561.392,1.048
561.422,1.055
561.452,1.047
561.482,1.036
561.512,1.052
561.542,1.067
561.572,1.044
561.602,1.055
561.632,1.050
561.662,1.042
561.692,1.057
561.722,1.041
561.752,1.030
561.782,1.046
561.812,1.061
561.842,1.058
561.872,1.058
561.902,1.054
561.932,1.038
561.962,1.057
561.992,1.064
562.022,1.049
562.052,1.055
562.082,1.050
562.112,1.044
562.142,1.064
562.172,1.041
562.202,1.026
562.232,1.065
562.262,1.054
562.292,1.048
562.322,1.062
562.352,1.051
562.382,1.051
562.412,1.055
562.442,1.044
562.472,1.052
562.502,1.066
562.532,1.063
562.562,1.048
562.592,1.027
562.622,1.050
562.652,1.062
562.682,1.052
562.712,1.050
562.742,1.056
562.772,1.051
562.802,1.033
562.832,1.054
562.862,1.061
562.892,1.052
562.922,1.050
562.952,1.043
562.982,1.047
563.012,1.059
563.042,1.055
563.072,1.048
563.102,1.046
563.132,1.052
563.162,1.045
563.192,1.066
563.222,1.060
563.252,1.043
563.282,1.036
563.312,1.057
563.342,1.049
563.372,1.052
563.402,1.062
563.432,1.046
563.462,1.051
563.492,1.057
563.522,1.058
563.552,1.046
563.582,1.044
563.612,1.055
563.642,1.057
563.672,1.046
563.702,1.040
563.732,1.053
563.762,1.057
563.792,1.041
563.822,1.058
563.852,1.050
563.882,1.052
563.912,1.048
563.942,1.054
563.972,1.061
564.002,1.047
564.032,1.048
564.062,1.050
564.092,1.046
564.122,1.060
564.152,1.047
564.182,1.053
564.212,1.055
564.242,1.042
564.272,1.066
564.302,1.050
564.332,1.045
564.362,1.054
564.392,1.049
564.422,1.051
564.452,1.052
564.482,1.059
564.512,1.057
564.542,1.055
564.572,1.053
564.602,1.055
564.632,1.051
564.662,1.045
564.692,1.049
564.722,1.053
564.752,1.044
564.782,1.045
564.812,1.052
564.842,1.056
564.872,1.050
564.902,1.063
564.932,1.048
564.962,1.043
564.992,1.059
565.022,1.055
565.052,1.043
565.082,1.056
565.112,1.044
565.142,1.043
565.172,1.050
565.202,1.058
565.232,1.053
565.262,1.048
565.292,1.055
565.322,1.061
565.352,1.050
565.382,1.039
565.412,1.046
565.442,1.061
565.472,1.055
565.502,1.055
565.532,1.042
565.562,1.058
565.592,1.049
565.622,1.049
565.652,1.044
565.682,1.051
565.712,1.054
565.742,1.053
565.772,1.057
565.802,1.052
565.832,1.056
565.862,1.043
565.892,1.053
565.922,1.066
565.952,1.044
565.982,1.049
566.012,1.050
566.042,1.064
566.072,1.060
566.102,1.036
566.132,1.053
566.162,1.051
566.192,1.055
566.222,1.044
566.252,1.039
566.282,1.043
566.312,1.060
566.342,1.058
566.372,1.047
566.402,1.037
566.432,1.049
566.462,1.024
566.492,1.040
566.522,1.056
566.552,1.052
566.582,1.061
566.612,1.049
566.642,1.040
566.672,1.041
566.702,1.048
566.732,1.034
566.762,1.059
566.792,1.034
566.822,1.050
566.852,1.052
566.882,1.050
566.912,1.034
566.942,1.087
566.972,1.048
567.002,1.047
567.032,1.044
567.062,1.061
567.092,1.040
567.122,1.049
567.152,1.081
567.182,0.999
567.212,1.062
567.242,1.054
567.272,1.049
567.302,1.069
567.332,1.066
567.362,1.057
567.392,1.053
567.422,1.042
567.452,1.057
567.482,1.051
567.512,1.048
567.542,1.052
567.572,1.048
567.602,1.043
567.632,1.021
567.662,1.044
567.692,1.045
567.722,1.044
567.752,1.052
567.782,1.052
567.812,1.051
567.842,1.078
567.872,1.041
567.902,1.062
567.932,1.046
567.962,1.031
567.992,1.068
568.022,1.059
568.052,1.035
568.082,1.054
568.112,1.058
568.142,1.042
568.172,1.036
568.202,1.067
568.232,1.038
568.262,1.038
568.292,1.030
568.322,1.062
568.352,1.058
568.382,1.040
568.412,1.066
568.442,1.053
568.472,1.060
568.502,1.053
568.532,1.029
568.562,1.052
568.592,1.054
568.622,1.049
568.652,1.048
568.682,1.039
568.712,1.056
568.742,1.038
568.772,1.048
568.802,1.050
568.832,1.050
568.862,1.065
568.892,1.065
568.922,1.046
568.952,1.054
568.982,1.037
569.012,1.057
569.042,1.052
569.072,1.042
569.102,1.061
569.132,1.048
569.162,1.052
569.192,1.055
569.222,1.058
569.252,1.062
569.282,1.040
569.312,1.056
569.342,1.050
569.372,1.049
569.402,1.046
569.432,1.056
569.462,1.058
569.492,1.044
569.522,1.053
569.552,1.047
569.582,1.049
569.612,1.046
569.642,1.055
569.672,1.053
569.702,1.058
569.732,1.056
569.762,1.054
569.792,1.051
569.822,1.054
569.852,1.047
569.882,1.049
569.912,1.045
569.942,1.049
569.972,1.045
570.002,1.057
570.032,1.050
570.062,1.047
570.092,1.053
570.122,1.047
570.152,1.053
570.182,1.057
570.212,1.042
570.242,1.058
570.272,1.050
570.302,1.062
570.332,1.053
570.362,1.047
570.392,1.054
570.422,1.052
570.452,1.052
570.482,1.050
570.512,1.048
570.542,1.035
570.572,1.043
570.602,1.071
570.632,1.046
570.662,1.048
570.692,1.053
570.722,1.044
570.752,1.055
570.782,1.062
570.812,1.051
570.842,1.050
570.872,1.061
570.902,1.045
570.932,1.042
570.962,1.068
570.992,1.041
571.022,1.049
571.052,1.056
571.082,1.042
571.112,1.058
571.142,1.056
571.172,1.065
571.202,1.024
571.232,1.037
571.262,1.058
571.292,1.060
571.322,1.052
571.352,1.053
571.382,1.052
571.412,1.052
571.442,1.055
571.472,1.053
571.502,1.043
571.532,1.049
571.562,1.066
571.592,1.047
571.622,1.044
571.652,1.055
571.682,1.050
571.712,1.048
571.742,1.061
571.772,1.049
571.802,1.052
571.832,1.050
571.862,1.048
571.892,1.057
571.922,1.033
571.952,1.053
571.982,1.058
572.012,1.052
572.042,1.053
572.072,1.057
572.102,1.052
572.132,1.046
572.162,1.056
572.192,1.056
572.222,1.062
572.252,1.057
572.282,1.047
572.312,1.045
572.342,1.048
572.372,1.051
572.402,1.046
572.432,1.051
572.462,1.047
572.492,1.050
572.522,1.049
572.552,1.056
572.582,1.053
572.612,1.050
572.642,1.060
572.672,1.056
572.702,1.051
572.732,1.044
572.762,1.053
572.792,1.043
572.822,1.052
572.852,1.049
572.882,1.055
572.912,1.054
572.942,1.048
572.972,1.045
573.002,1.059
573.032,1.057
573.062,1.050
573.092,1.051
573.122,1.048
573.152,1.057
573.182,1.055
573.212,1.050
573.242,1.045
573.272,1.045
573.302,1.057
573.332,1.058
573.362,1.055
573.392,1.046
573.422,1.051
573.452,1.055
573.482,1.057
573.512,1.049
573.542,1.047
573.572,1.051
573.602,1.045
573.632,1.047
573.662,1.057
573.692,1.052
573.722,1.052
573.752,1.047
573.782,1.054
573.812,1.052
573.842,1.053
573.872,1.058
573.902,1.039
573.932,1.057
573.962,1.056
573.992,1.055
574.022,1.058
574.052,1.054
574.082,1.051
574.112,1.066
574.142,1.052
574.172,1.053
574.202,1.066
574.232,1.050
574.262,1.048
574.292,1.046
574.322,1.040
574.352,1.043
574.382,1.054
574.412,1.060
574.442,1.056
574.472,1.054
574.502,1.053
574.532,1.043
574.562,1.043
574.592,1.073
574.622,1.057
574.652,1.049
574.682,1.055
574.712,1.055
574.742,1.044
574.772,1.062
574.802,1.054
574.832,1.050
574.862,1.060
574.892,1.044
574.922,1.061
574.952,1.045
574.982,1.054
575.012,1.049
575.042,1.053
575.072,1.053
575.102,1.045
575.132,1.055
575.162,1.043
575.192,1.051
575.222,1.059
575.252,1.057
575.282,1.049
575.312,1.046
575.342,1.052
575.372,1.049
575.402,1.053
575.432,1.055
575.462,1.058
575.492,1.058
575.522,1.051
575.552,1.056
575.582,1.050
575.612,1.054
575.642,1.047
575.672,1.045
575.702,1.061
575.732,1.049
575.762,1.049
575.792,1.047
575.822,1.051
575.852,1.058
575.882,1.050
575.912,1.057
575.942,1.061
575.972,1.052
576.002,1.051
576.032,1.055
576.062,1.048
576.092,1.051
576.122,1.065
576.152,1.057
576.182,1.049
576.212,1.057
576.242,1.036
576.272,1.053
576.302,1.061
576.332,1.058
576.362,1.051
576.392,1.040
576.422,1.048
576.452,1.049
576.482,1.053
576.512,1.059
576.542,1.050
576.572,1.046
576.602,1.048
576.632,1.057
576.662,1.049
576.692,1.059
576.722,1.037
576.752,1.038
576.782,1.045
576.812,1.056
576.842,1.060
576.872,1.057
576.902,1.047
576.932,1.035
576.962,1.056
576.992,1.044
577.022,1.044
577.052,1.041
577.082,1.036
577.112,1.053
577.142,1.062
577.172,1.047
577.202,1.051
577.232,1.053
577.262,1.048
577.292,1.063
577.322,1.041
577.352,1.045
577.382,1.057
577.412,1.058
577.442,1.054
577.472,1.061
577.502,1.052
577.532,1.044
577.562,1.057
577.592,1.055
577.622,1.053
577.652,1.059
577.682,1.049
577.712,1.034
577.742,1.042
577.772,1.063
577.802,1.061
577.832,1.051
577.862,1.042
577.892,1.049
577.922,1.060
577.952,1.049
577.982,1.051
578.012,1.056
578.042,1.054
578.072,1.046
578.102,1.050
578.132,1.047
578.162,1.048
578.192,1.050
578.222,1.054
578.252,1.042
578.282,1.052
578.312,1.048
578.342,1.057
578.372,1.044
578.402,1.047
578.432,1.050
578.462,1.056
578.492,1.057
578.522,1.048
578.552,1.050
578.582,1.055
578.612,1.053
578.642,1.047
578.672,1.046
578.702,1.050
578.732,1.050
578.762,1.055
578.792,1.054
578.822,1.050
578.852,1.052
578.882,1.052
578.912,1.045
578.942,1.048
578.972,1.060
579.002,1.052
579.032,1.054
579.062,1.058
579.092,1.062
579.122,1.049
579.152,1.052
579.182,1.047
579.212,1.044
579.242,1.057
579.272,1.049
579.302,1.052
579.332,1.044
579.362,1.056
579.392,1.052
579.422,1.049
579.452,1.059
579.482,1.049
579.512,1.043
579.542,1.048
579.572,1.052
579.602,1.052
579.632,1.051
579.662,1.053
579.692,1.050
579.722,1.058
579.752,1.054
579.782,1.052
579.812,1.055
579.842,1.052
579.872,1.048
579.902,1.054
579.932,1.061
579.962,1.054
579.992,1.058
580.022,1.046
580.052,1.062
580.082,1.055
580.112,1.047
580.142,1.040
580.172,1.055
580.202,1.046
580.232,1.060
580.262,1.059
580.292,1.047
580.322,1.053
580.352,1.063
580.382,1.048
580.412,1.042
580.442,1.050
580.472,1.054
580.502,1.060
580.532,1.052
580.562,1.051
580.592,1.056
580.622,1.048
580.652,1.041
580.682,1.057
580.712,1.055
580.742,1.038
580.772,1.061
580.802,1.057
580.832,1.045
580.862,1.061
580.892,1.042
580.922,1.043
580.952,1.060
580.982,1.059
581.012,1.032
581.042,1.043
581.072,1.055
581.102,1.056
581.132,1.055
581.162,1.057
581.192,1.074
581.222,1.028
581.252,1.052
581.282,1.055
581.312,1.050
581.342,1.043
581.372,1.046
581.402,1.050
581.432,1.050
581.462,1.055
581.492,1.049
581.522,1.047
581.552,1.060
581.582,1.047
581.612,1.045
581.642,1.053
581.672,1.054
581.702,1.044
581.732,1.042
581.762,1.055
581.792,1.052
581.822,1.062
581.852,1.047
581.882,1.044
581.912,1.064
581.942,1.063
581.972,1.059
582.002,1.046
582.032,1.042
582.062,1.043
582.092,1.063
582.122,1.053
582.152,1.031
582.182,1.037
582.212,1.061
582.242,1.037
582.272,1.035
582.302,1.065
582.332,1.052
582.362,1.047
582.392,1.056
582.422,1.069
582.452,1.032
582.482,1.045
582.512,1.058
582.542,1.047
582.572,1.051
582.602,1.053
582.632,1.045
582.662,1.042
582.692,1.060
582.722,1.057
582.752,1.053
582.782,1.053
582.812,1.045
582.842,1.043
582.872,1.050
582.902,1.054
582.932,1.055
582.962,1.047
582.992,1.046
583.022,1.058
583.052,1.048
583.082,1.050
583.112,1.059
583.142,1.040
583.172,1.047
583.202,1.063
583.232,1.057
583.262,1.060
583.292,1.055
583.322,1.052
583.352,1.033
583.382,1.050
583.412,1.054
583.442,1.038
583.472,1.057
583.502,1.042
583.532,1.068
583.562,1.055
583.592,1.046
583.622,1.052
583.652,1.063
583.682,1.034
583.712,1.061
583.742,1.044
583.772,1.051
583.802,1.061
583.832,1.047
583.862,1.061
583.892,1.059
583.922,1.045
583.952,1.049
583.982,1.060
584.012,1.050
584.042,1.038
584.072,1.037
584.102,1.043
584.132,1.049
584.162,1.060
584.192,1.062
584.222,1.052
584.252,1.047
584.282,1.058
584.312,1.049
584.342,1.041
584.372,1.055
584.402,1.053
584.432,1.040
584.462,1.050
584.492,1.059
584.522,1.048
584.552,1.051
584.582,1.047
584.612,1.051
584.642,1.053
584.672,1.051
584.702,1.054
584.732,1.056
584.762,1.051
584.792,1.058
584.822,1.056
584.852,1.046
584.882,1.040
584.912,1.051
584.942,1.055
584.972,1.052
585.002,1.059
585.032,1.046
585.062,1.047
585.092,1.053
585.122,1.052
585.152,1.054
585.182,1.058
585.212,1.053
585.242,1.067
585.272,1.032
585.302,1.045
585.332,1.045
585.362,1.046
585.392,1.044
585.422,1.052
585.452,1.056
585.482,1.042
585.512,1.056
585.542,1.055
585.572,1.049
585.602,1.054
585.632,1.049
585.662,1.048
585.692,1.052
585.722,1.049
585.752,1.053
585.782,1.046
585.812,1.048
585.842,1.049
585.872,1.045
585.902,1.054
585.932,1.049
585.962,1.051
585.992,1.064
586.022,1.050
586.052,1.050
586.082,1.059
586.112,1.050
586.142,1.054
586.172,1.042
586.202,1.058
586.232,1.071
586.262,1.028
586.292,1.030
586.322,1.060
586.352,1.030
586.382,1.044
586.412,1.045
586.442,1.044
586.472,1.053
586.502,1.047
586.532,1.059
586.562,1.052
586.592,1.042
586.622,1.062
586.652,1.053
586.682,1.039
586.712,1.039
586.742,1.061
586.772,1.046
586.802,1.040
586.832,1.044
586.862,1.055
586.892,1.055
586.922,1.060
586.952,1.040
586.982,1.054
587.012,1.056
587.042,1.047
587.072,1.054
587.102,1.053
587.132,1.052
587.162,1.052
587.192,1.052
587.222,1.056
587.252,1.050
587.282,1.055
587.312,1.052
587.342,1.050
587.372,1.050
587.402,1.051
587.432,1.058
587.462,1.055
587.492,1.052
587.522,1.048
587.552,1.048
587.582,1.051
587.612,1.059
587.642,1.050
587.672,1.052
587.702,1.051
587.732,1.049
587.762,1.047
587.792,1.042
587.822,1.051
587.852,1.049
587.882,1.053
587.912,1.058
587.942,1.045
587.972,1.050
588.002,1.048
588.032,1.042
588.062,1.038
588.092,1.062
588.122,1.041
588.152,1.036
588.182,1.085
588.212,1.044
588.242,1.056
588.272,1.059
588.302,1.057
588.332,1.042
588.362,1.033
588.392,1.047
588.422,1.044
588.452,1.039
588.482,1.077
588.512,1.047
588.542,1.047
588.572,1.046
588.602,1.039
588.632,1.051
588.662,1.062
588.692,1.048
588.722,1.048
588.752,1.056
588.782,1.050
588.812,1.053
588.842,1.058
588.872,1.050
588.902,1.034
588.932,1.059
588.962,1.046
588.992,1.051
589.022,1.060
589.052,1.052
589.082,1.056
589.112,1.062
589.142,1.061
589.172,1.074
589.202,1.036
589.232,1.035
589.262,1.032
589.292,1.056
589.322,1.054
589.352,1.049
589.382,1.055
589.412,1.051
589.442,1.057
589.472,1.048
589.502,1.050
589.532,1.054
589.562,1.045
589.592,1.051
589.622,1.062
589.652,1.053
589.682,1.045
589.712,1.030
589.742,1.053
589.772,1.057
589.802,1.065
589.832,1.053
589.862,1.053
589.892,1.051
589.922,1.057
589.952,1.054
589.982,1.046
590.012,1.044
590.042,1.053
590.072,1.045
590.102,1.053
590.132,1.041
590.162,1.043
590.192,1.058
590.222,1.053
590.252,1.051
590.282,1.046
590.312,1.048
590.342,1.049
590.372,1.045
590.402,1.050
590.432,1.058
590.462,1.040
590.492,1.063
590.522,1.064
590.552,1.054
590.582,1.038
590.612,1.050
590.642,1.052
590.672,1.048
590.702,1.058
590.732,1.046
590.762,1.053
590.792,1.061
590.822,1.052
590.852,1.051
590.882,1.057
590.912,1.056
590.942,1.043
590.972,1.049
591.002,1.050
591.032,1.048
591.062,1.056
591.092,1.052
591.122,1.049
591.152,1.062
591.182,1.045
591.212,1.057
591.242,1.046
591.272,1.050
591.302,1.070
591.332,1.055
591.362,1.052
591.392,1.071
591.422,1.076
591.452,1.101
591.482,1.109
591.512,1.038
591.542,1.050
591.572,1.052
591.602,1.034
591.632,1.024
591.662,1.038
591.692,1.059
591.722,1.052
591.752,1.026
591.782,1.057
591.812,1.029
591.842,1.043
591.872,1.061
591.902,1.061
591.932,1.048
591.962,1.059
591.992,1.048
592.022,1.048
592.052,1.075
592.082,1.048
592.112,1.022
592.142,1.075
592.172,1.034
592.202,1.050
592.232,1.040
592.262,1.039
592.292,1.040
592.322,1.051
592.352,1.037
592.382,1.066
592.412,1.063
592.442,1.030
592.472,1.089
592.502,1.065
592.532,1.044
592.562,1.050
592.592,1.068
592.622,1.054
592.652,1.056
592.682,1.060
592.712,1.049
592.742,1.057
592.772,1.060
592.802,1.052
592.832,1.062
592.862,1.072
592.892,1.056
592.922,1.053
592.952,1.054
592.982,1.057
593.012,1.062
593.042,1.062
593.072,1.065
593.102,1.067
593.132,1.050
593.162,1.053
593.192,1.074
593.222,1.067
593.252,1.052
593.282,1.058
593.312,1.054
593.342,1.042
593.372,1.061
593.402,1.063
593.432,1.051
593.462,1.056
593.492,1.051
593.522,1.056
593.552,1.043
593.582,1.059
593.612,1.066
593.642,1.065
593.672,1.051
593.702,1.051
593.732,1.063
593.762,1.058
593.792,1.050
593.822,1.061
593.852,1.052
593.882,1.048
593.912,1.062
593.942,1.062
593.972,1.054
594.002,1.054
594.032,1.055
594.062,1.059
594.092,1.056
594.122,1.064
594.152,1.056
594.182,1.052
594.212,1.060
594.242,1.054
594.272,1.055
594.302,1.062
594.332,1.051
594.362,1.051
594.392,1.072
594.422,1.044
594.452,1.058
594.482,1.058
594.512,1.050
594.542,1.062
594.572,1.057
594.602,1.059
594.632,1.055
594.662,1.058
594.692,1.062
594.722,1.052
594.752,1.060
594.782,1.055
594.812,1.062
594.842,1.050
594.872,1.051
594.902,1.053
594.932,1.055
594.962,1.062
594.992,1.053
595.022,1.057
595.052,1.067
595.082,1.065
595.112,1.052
595.142,1.046
595.172,1.052
595.202,1.059
595.232,1.062
595.262,1.057
595.292,1.065
595.322,1.058
595.352,1.052
595.382,1.062
595.412,1.058
595.442,1.062
595.472,1.056
595.502,1.053
595.532,1.072
595.562,1.048
595.592,1.057
595.622,1.056
595.652,1.048
595.682,1.057
595.712,1.067
595.742,1.057
595.772,1.058
595.802,1.059
595.832,1.076
595.862,1.057
595.892,1.042
595.922,1.058
595.952,1.062
595.982,1.061
596.012,1.072
596.042,1.056
596.072,1.054
596.102,1.054
596.132,1.048
596.162,1.055
596.192,1.065
596.222,1.045
596.252,1.064
596.282,1.053
596.312,1.051
596.342,1.062
596.372,1.070
596.402,1.059
596.432,1.059
596.462,1.055
596.492,1.063
596.522,1.046
596.552,1.049
596.582,1.054
596.612,1.059
596.642,1.058
596.672,1.062
596.702,1.050
596.732,1.061
596.762,1.053
596.792,1.054
596.822,1.058
596.852,1.054
596.882,1.053
596.912,1.055
596.942,1.068
596.972,1.052
597.002,1.046
597.032,1.055
597.062,1.058
597.092,1.054
597.122,1.056
597.152,1.051
597.182,1.059
597.212,1.049
597.242,1.049
597.272,1.059
597.302,1.057
597.332,1.061
597.362,1.060
597.392,1.057
597.422,1.061
597.452,1.066
597.482,1.054
597.512,1.052
597.542,1.060
597.572,1.057
597.602,1.059
597.632,1.040
597.662,1.061
597.692,1.052
597.722,1.052
597.752,1.061
597.782,1.055
597.812,1.057
597.842,1.054
597.872,1.055
597.902,1.068
597.932,1.060
597.962,1.056
597.992,1.054
598.022,1.057
598.052,1.058
598.082,1.055
598.112,1.051
598.142,1.042
598.172,1.064
598.202,1.058
598.232,1.059
598.262,1.054
598.292,1.061
598.322,1.063
598.352,1.049
598.382,1.055
598.412,1.058
598.442,1.057
598.472,1.055
598.502,1.055
598.532,1.059
598.562,1.057
598.592,1.056
598.622,1.060
598.652,1.056
598.682,1.059
598.712,1.048
598.742,1.056
598.772,1.063
598.802,1.054
598.832,1.058
598.862,1.056
598.892,1.044
598.922,1.050
598.952,1.060
598.982,1.058
599.012,1.062
599.042,1.064
599.072,1.059
599.102,1.063
599.132,1.062
599.162,1.061
599.192,1.062
599.222,1.062
599.252,1.047
599.282,1.049
599.312,1.050
599.342,1.038
599.372,1.046
599.402,1.064
599.432,1.054
599.462,1.058
599.492,1.057
599.522,1.061
599.552,1.060
599.582,1.057
599.612,1.069
599.642,1.063
599.672,1.050
599.702,1.059
599.732,1.057
599.762,1.046
599.792,1.049
599.822,1.045
599.852,1.045
599.882,1.053
599.912,1.053
599.942,1.046
599.972,1.053
600.002,1.049
600.032,1.071
600.062,1.075
600.092,1.055
600.122,1.060
600.152,1.055
600.182,1.059
600.212,1.057
600.242,1.047
600.272,1.053
600.302,1.054
600.332,1.054
600.362,1.062
600.392,1.053
600.422,1.068
600.452,1.057
600.482,1.046
600.512,1.055
600.542,1.056
600.572,1.056
600.602,1.054
600.632,1.051
600.662,1.054
600.692,1.061
600.722,1.064
600.752,1.057
600.782,1.056
600.812,1.050
600.842,1.056
600.872,1.056
600.902,1.050
600.932,1.051
600.962,1.062
600.992,1.062
601.022,1.053
601.052,1.057
601.082,1.058
601.112,1.058
601.142,1.055
601.172,1.052
601.202,1.058
601.232,1.054
601.262,1.056
601.292,1.060
601.322,1.051
601.352,1.048
601.382,1.064
601.412,1.054
601.442,1.049
601.472,1.053
601.502,1.057
601.532,1.058
601.562,1.054
601.592,1.057
601.622,1.057
601.652,1.057
601.682,1.060
601.712,1.060
601.742,1.062
601.772,1.053
601.802,1.056
601.832,1.055
601.862,1.054
601.892,1.056
601.922,1.057
601.952,1.051
601.982,1.049
602.012,1.061
602.042,1.057
602.072,1.069
602.102,1.057
602.132,1.057
602.162,1.059
602.192,1.052
602.222,1.050
602.252,1.062
602.282,1.054
602.312,1.060
602.342,1.055
602.372,1.054
602.402,1.061
602.432,1.062
602.462,1.051
602.492,1.055
602.522,1.055
602.552,1.053
602.582,1.061
602.612,1.058
602.642,1.059
602.672,1.058
602.702,1.051
602.732,1.061
602.762,1.062
602.792,1.060
602.822,1.055
602.852,1.057
602.882,1.058
602.912,1.052
602.942,1.052
602.972,1.058
603.002,1.059
603.032,1.053
603.062,1.056
603.092,1.051
603.122,1.059
603.152,1.067
603.182,1.063
603.212,1.060
603.242,1.052
603.272,1.042
603.302,1.052
603.332,1.049
603.362,1.039
603.392,1.073
603.422,1.056
603.452,1.054
603.482,1.052
603.512,1.049
603.542,1.054
603.572,1.051
603.602,1.056
603.632,1.044
603.662,1.062
603.692,1.064
603.722,1.045
603.752,1.056
603.782,1.059
603.812,1.062
603.842,1.063
603.872,1.055
603.902,1.062
603.932,1.046
603.962,1.049
603.992,1.064
604.022,1.056
604.052,1.053
604.082,1.081
604.112,1.063
604.142,1.048
604.172,1.044
604.202,1.044
604.232,1.036
604.262,1.051
604.292,1.034
604.322,1.061
604.352,1.062
604.382,1.035
604.412,1.040
604.442,1.062
604.472,1.062
604.502,1.047
604.532,1.036
604.562,1.034
604.592,1.029
604.622,1.041
604.652,1.057
604.682,1.058
604.712,1.063
604.742,1.055
604.772,1.061
604.802,1.063
604.832,1.070
604.862,1.051
604.892,1.060
604.922,1.057
604.952,1.041
604.982,1.058
605.012,1.043
605.042,1.052
605.072,1.047
605.102,1.042
605.132,1.058
605.162,1.062
605.192,1.060
605.222,1.061
605.252,1.071
605.282,1.062
605.312,1.047
605.342,1.041
605.372,1.050
605.402,1.044
605.432,1.059
605.462,1.068
605.492,1.029
605.522,1.054
605.552,1.050
605.582,1.057
605.612,1.057
605.642,1.049
605.672,1.063
605.702,1.052
605.732,1.058
605.762,1.047
605.792,1.050
605.822,1.045
605.852,1.062
605.882,1.062
605.912,1.037
605.942,1.062
605.972,1.051
606.002,1.060
606.032,1.061
606.062,1.050
606.092,1.041
606.122,1.067
606.152,1.057
606.182,1.053
606.212,1.063
606.242,1.051
606.272,1.058
606.302,1.058
606.332,1.062
606.362,1.052
606.392,1.053
606.422,1.050
606.452,1.053
606.482,1.050
606.512,1.065
606.542,1.056
606.572,1.043
606.602,1.054
606.632,1.055
606.662,1.055
606.692,1.050
606.722,1.044
606.752,1.058
606.782,1.057
606.812,1.057
606.842,1.055
606.872,1.057
606.902,1.051
606.932,1.058
606.962,1.052
606.992,1.050
607.022,1.057
607.052,1.045
607.082,1.055
607.112,1.050
607.142,1.057
607.172,1.049
607.202,1.053
607.232,1.058
607.262,1.059
607.292,1.058
607.322,1.051
607.352,1.053
607.382,1.052
607.412,1.049
607.442,1.061
607.472,1.054
607.502,1.051
607.532,1.057
607.562,1.048
607.592,1.058
607.622,1.052
607.652,1.048
607.682,1.051
607.712,1.054
607.742,1.066
607.772,1.065
607.802,1.041
607.832,1.061
607.862,1.055
607.892,1.042
607.922,1.060
607.952,1.055
607.982,1.055
608.012,1.051
608.042,1.057
608.072,1.058
608.102,1.048
608.132,1.056
608.162,1.050
608.192,1.050
608.222,1.062
608.252,1.047
608.282,1.051
608.312,1.055
608.342,1.058
608.372,1.056
608.402,1.056
608.432,1.061
608.462,1.046
608.492,1.037
608.522,1.064
608.552,1.035
608.582,1.025
608.612,1.069
608.642,1.060
608.672,1.021
608.702,1.051
608.732,1.025
608.762,1.070
608.792,1.066
608.822,1.070
608.852,1.102
608.882,1.080
608.912,1.103
608.942,1.069
608.972,1.066
609.002,1.050
609.032,1.046
609.062,1.059
609.092,0.980
609.122,1.004
609.152,1.068
609.182,0.984
609.212,1.045
609.242,1.003
609.272,1.016
609.302,1.071
609.332,1.064
609.362,1.037
609.392,1.079
609.422,1.062
609.452,1.052
609.482,1.061
609.512,1.073
609.542,1.046
609.572,1.057
609.602,1.090
609.632,1.087
609.662,1.045
609.692,1.065
609.722,1.087
609.752,1.063
609.782,1.060
609.812,1.067
609.842,1.061
609.872,1.060
609.902,1.055
609.932,1.052
609.962,1.051
609.992,1.062
610.022,1.062
610.052,1.053
610.082,1.058
610.112,1.045
610.142,1.064
610.172,1.062
610.202,1.059
610.232,1.043
610.262,1.047
610.292,1.066
610.322,1.046
610.352,1.058
610.382,1.080
610.412,1.049
610.442,1.062
610.472,1.064
610.502,1.066
610.532,1.062
610.562,1.068
610.592,1.061
610.622,1.049
610.652,1.068
610.682,1.058
610.712,1.055
610.742,1.075
610.772,1.054
610.802,1.068
610.832,1.055
610.862,1.070
610.892,1.080
610.922,1.050
610.952,1.058
610.982,1.070
611.012,1.066
611.042,1.061
611.072,1.063
611.102,1.072
611.132,1.053
611.162,1.059
611.192,1.059
611.222,1.062
611.252,1.058
611.282,1.054
611.312,1.059
611.342,1.065
611.372,1.068
611.402,1.055
611.432,1.061
611.462,1.066
611.492,1.062
611.522,1.060
611.552,1.060
611.582,1.068
611.612,1.062
611.642,1.064
611.672,1.067
611.702,1.065
611.732,1.060
611.762,1.056
611.792,1.065
611.822,1.058
611.852,1.069
611.882,1.061
611.912,1.060
611.942,1.054
611.972,1.067
612.002,1.063
612.032,1.062
612.062,1.068
612.092,1.053
612.122,1.046
612.152,1.069
612.182,1.058
612.212,1.065
612.242,1.073
612.272,1.052
612.302,1.058
612.332,1.066
612.362,1.061
612.392,1.060
612.422,1.064
612.452,1.060
612.482,1.062
612.512,1.062
612.542,1.054
612.572,1.062
612.602,1.051
612.632,1.064
612.662,1.057
612.692,1.064
612.722,1.064
612.752,1.060
612.782,1.062
612.812,1.050
612.842,1.055
612.872,1.050
612.902,1.069
612.932,1.070
612.962,1.068
612.992,1.056
613.022,1.063
613.052,1.077
613.082,1.057
613.112,1.072
613.142,1.063
613.172,1.064
613.202,1.063
613.232,1.053
613.262,1.064
613.292,1.062
613.322,1.061
613.352,1.060
613.382,1.059
613.412,1.066
613.442,1.069
613.472,1.062
613.502,1.059
613.532,1.082
613.562,1.067
613.592,1.056
613.622,1.065
613.652,1.058
613.682,1.072
613.712,1.060
613.742,1.065
613.772,1.066
613.802,1.060
613.832,1.060
613.862,1.068
613.892,1.062
613.922,1.080
613.952,1.054
613.982,1.061
614.012,1.063
614.042,1.062
614.072,1.065
614.102,1.062
614.132,1.057
614.162,1.067
614.192,1.072
614.222,1.069
614.252,1.075
614.282,1.080
614.312,1.131
614.342,1.151
614.372,1.152
614.402,1.160
614.432,1.123
614.462,1.112
614.492,1.065
614.522,1.063
614.552,1.018
614.582,1.010
614.612,1.009
614.642,1.006
614.672,1.007
614.702,1.018
614.732,1.027
614.762,1.039
614.792,1.057
614.822,1.067
614.852,1.047
614.882,1.074
614.912,1.114
614.942,1.086
614.972,1.105
615.002,1.112
615.032,1.050
615.062,1.018
615.092,0.994
615.122,1.024
615.152,1.027
615.182,1.013
615.212,1.018
615.242,1.037
615.272,1.029
615.302,1.077
615.332,1.038
615.362,1.024
615.392,1.073
615.422,1.003
615.452,1.023
615.482,1.060
615.512,1.050
615.542,1.042
615.572,1.029
615.602,1.062
615.632,1.035
615.662,1.039
615.692,1.050
615.722,1.042
615.752,1.042
615.782,1.056
615.812,1.044
615.842,1.067
615.872,1.074
615.902,1.054
615.932,1.056
615.962,1.068
615.992,1.065
616.022,1.056
616.052,1.057
616.082,1.058
616.112,1.057
616.142,1.060
616.172,1.071
616.202,1.078
616.232,1.046
616.262,1.060
616.292,1.077
616.322,1.068
616.352,1.065
616.382,1.076
616.412,1.071
616.442,1.069
616.472,1.061
616.502,1.077
616.532,1.072
616.562,1.068
616.592,1.069
616.622,1.070
616.652,1.076
616.682,1.064
616.712,1.070
616.742,1.075
616.772,1.060
616.802,1.068
616.832,1.077
616.862,1.061
616.892,1.073
616.922,1.066
616.952,1.061
616.982,1.064
617.012,1.059
617.042,1.067
617.072,1.068
617.102,1.060
617.132,1.066
617.162,1.080
617.192,1.063
617.222,1.060
617.252,1.063
617.282,1.071
617.312,1.065
617.342,1.072
617.372,1.062
617.402,1.052
617.432,1.060
617.462,1.082
617.492,1.062
617.522,1.065
617.552,1.078
617.582,1.054
617.612,1.066
617.642,1.072
617.672,1.061
617.702,1.059
617.732,1.068
617.762,1.064
617.792,1.060
617.822,1.077
617.852,1.068
617.882,1.060
617.912,1.074
617.942,1.062
617.972,1.060
618.002,1.073
618.032,1.070
618.062,1.068
618.092,1.065
618.122,1.068
618.152,1.073
618.182,1.060
618.212,1.077
618.242,1.068
618.272,1.060
618.302,1.063
618.332,1.073
618.362,1.058
618.392,1.057
618.422,1.056
618.452,1.054
618.482,1.062
618.512,1.073
618.542,1.071
618.572,1.076
618.602,1.106
618.632,1.096
618.662,1.073
618.692,1.038
618.722,1.009
618.752,1.003
618.782,1.091
618.812,1.075
618.842,1.077
618.872,1.087
618.902,1.052
618.932,1.061
618.962,1.060
618.992,1.064
619.022,1.071
619.052,1.075
619.082,1.060
619.112,1.066
619.142,1.039
619.172,1.082
619.202,1.055
619.232,1.063
619.262,1.082
619.292,1.063
619.322,1.082
619.352,1.064
619.382,1.048
619.412,1.068
619.442,1.065
619.472,1.076
619.502,1.032
619.532,1.047
619.562,1.071
619.592,1.093
619.622,1.050
619.652,1.067
619.682,1.065
619.712,1.054
619.742,1.061
619.772,1.052
619.802,1.080
619.832,1.067
619.862,1.052
619.892,1.053
619.922,1.059
619.952,1.100
619.982,1.032
620.012,1.084
620.042,1.065
620.072,1.042
620.102,1.053
620.132,1.065
620.162,1.081
620.192,1.057
620.222,1.064
620.252,1.066
620.282,1.046
620.312,1.072
620.342,1.062
620.372,1.049
620.402,1.067
620.432,1.071
620.462,1.061
620.492,1.058
620.522,1.076
620.552,1.073
620.582,1.062
620.612,1.081
620.642,1.083
620.672,1.062
620.702,1.066
620.732,1.058
620.762,1.080
620.792,1.061
620.822,1.063
620.852,1.052
620.882,1.079
620.912,1.073
620.942,1.081
620.972,1.034
621.002,1.075
621.032,1.078
621.062,1.051
621.092,1.064
621.122,1.076
621.152,1.057
621.182,1.058
621.212,1.081
621.242,1.067
621.272,1.070
621.302,1.071
621.332,1.050
621.362,1.072
621.392,1.070
621.422,1.069
621.452,1.057
621.482,1.074
621.512,1.070
621.542,1.063
621.572,1.073
621.602,1.063
621.632,1.065
621.662,1.063
621.692,1.062
621.722,1.062
621.752,1.067
621.782,1.071
621.812,1.067
621.842,1.052
621.872,1.073
621.902,1.082
621.932,1.054
621.962,1.071
621.992,1.062
622.022,1.076
622.052,1.059
622.082,1.090
622.112,1.082
622.142,1.077
622.172,1.066
622.202,1.081
622.232,1.046
622.262,1.075
622.292,1.078
622.322,1.062
622.352,1.045
622.382,1.077
622.412,1.064
622.442,1.065
622.472,1.064
622.502,1.067
622.532,1.069
622.562,1.073
622.592,1.051
622.622,1.050
622.652,1.056
622.682,1.059
622.712,1.080
622.742,1.062
622.772,1.065
622.802,1.067
622.832,1.073
622.862,1.067
622.892,1.070
622.922,1.072
622.952,1.061
622.982,1.069
623.012,1.064
623.042,1.062
623.072,1.061
623.102,1.063
623.132,1.064
623.162,1.088
623.192,1.066
623.222,1.066
623.252,1.079
623.282,1.081
623.312,1.075
623.342,1.083
623.372,1.072
623.402,1.073
623.432,1.065
623.462,1.073
623.492,1.067
623.522,1.054
623.552,1.064
623.582,1.066
623.612,1.069
623.642,1.066
623.672,1.076
623.702,1.060
623.732,1.056
623.762,1.058
623.792,1.080
623.822,1.060
623.852,1.088
623.882,1.074
623.912,1.075
623.942,1.069
623.972,1.068
624.002,1.072
624.032,1.075
624.062,1.073
624.092,1.066
624.122,1.070
624.152,1.067
624.182,1.063
624.212,1.078
624.242,1.070
624.272,1.063
624.302,1.062
624.332,1.072
624.362,1.078
624.392,1.063
624.422,1.067
624.452,1.079
624.482,1.062
624.512,1.059
624.542,1.078
624.572,1.058
624.602,1.069
624.632,1.066
624.662,1.071
624.692,1.073
624.722,1.072
624.752,1.073
624.782,1.071
624.812,1.075
624.842,1.063
624.872,1.062
624.902,1.072
624.932,1.072
624.962,1.065
624.992,1.073
625.022,1.067
625.052,1.069
625.082,1.065
625.112,1.067
625.142,1.073
625.172,1.072
625.202,1.071
625.232,1.068
625.262,1.069
625.292,1.067
625.322,1.069
625.352,1.069
625.382,1.062
625.412,1.075
625.442,1.070
625.472,1.071
625.502,1.068
625.532,1.068
625.562,1.068
625.592,1.064
625.622,1.072
625.652,1.070
625.682,1.072
625.712,1.073
625.742,1.064
625.772,1.072
625.802,1.074
625.832,1.071
625.862,1.065
625.892,1.068
625.922,1.073
625.952,1.066
625.982,1.065
626.012,1.069
626.042,1.072
626.072,1.074
626.102,1.062
626.132,1.068
626.162,1.063
626.192,1.068
626.222,1.069
626.252,1.065
626.282,1.073
626.312,1.073
626.342,1.071
626.372,1.062
626.402,1.068
626.432,1.082
626.462,1.065
626.492,1.072
626.522,1.077
626.552,1.059
626.582,1.065
626.612,1.062
626.642,1.073
626.672,1.077
626.702,1.066
626.732,1.071
626.762,1.055
626.792,1.078
626.822,1.078
626.852,1.068
626.882,1.062
626.912,1.076
626.942,1.071
626.972,1.061
627.002,1.075
627.032,1.063
627.062,1.067
627.092,1.066
627.122,1.087
627.152,1.062
627.182,1.067
627.212,1.074
627.242,1.066
627.272,1.073
627.302,1.069
627.332,1.068
627.362,1.062
627.392,1.079
627.422,1.076
627.452,1.061
627.482,1.068
627.512,1.078
627.542,1.064
627.572,1.074
627.602,1.073
627.632,1.062
627.662,1.071
627.692,1.074
627.722,1.063
627.752,1.070
627.782,1.070
627.812,1.072
627.842,1.063
627.872,1.075
627.902,1.067
627.932,1.063
627.962,1.062
627.992,1.075
628.022,1.074
628.052,1.077
628.082,1.068
628.112,1.069
628.142,1.062
628.172,1.064
628.202,1.073
628.232,1.059
628.262,1.084
628.292,1.076
628.322,1.082
628.352,1.069
628.382,1.085
628.412,1.080
628.442,1.066
628.472,1.071
628.502,1.075
628.532,1.054
628.562,1.082
628.592,1.075
628.622,1.080
628.652,1.093
628.682,1.081
628.712,1.104
628.742,1.071
628.772,1.070
628.802,1.063
628.832,1.073
628.862,1.069
628.892,1.053
628.922,1.079
628.952,1.092
628.982,1.079
629.012,1.066
629.042,1.093
629.072,1.078
629.102,1.085
629.132,1.085
629.162,1.065
629.192,1.076
629.222,1.076
629.252,1.064
629.282,1.062
629.312,1.060
629.342,1.080
629.372,1.062
629.402,1.069
629.432,1.070
629.462,1.073
629.492,1.079
629.522,1.046
629.552,1.068
629.582,1.069
629.612,1.011
629.642,1.017
629.672,1.050
629.702,1.062
629.732,1.061
629.762,1.057
629.792,1.038
629.822,1.056
629.852,1.106
629.882,1.134
629.912,1.104
629.942,1.038
629.972,0.987
630.002,1.059
630.032,1.066
630.062,1.063
630.092,1.069
630.122,1.052
630.152,1.062
630.182,1.080
630.212,1.086
630.242,1.079
630.272,1.062
630.302,1.040
630.332,1.072
630.362,1.081
630.392,1.081
630.422,1.093
630.452,1.072
630.482,1.048
630.512,1.090
630.542,1.067
630.572,1.055
630.602,1.069
630.632,1.071
630.662,1.075
630.692,1.067
630.722,1.071
630.752,1.073
630.782,1.066
630.812,1.085
630.842,1.081
630.872,1.065
630.902,1.072
630.932,1.072
630.962,1.058
630.992,1.068
631.022,1.079
631.052,1.080
631.082,1.076
631.112,1.066
631.142,1.072
631.172,1.091
631.202,1.065
631.232,1.068
631.262,1.079
631.292,1.065
631.322,1.079
631.352,1.072
631.382,1.070
631.412,1.061
631.442,1.074
631.472,1.075
631.502,1.054
631.532,1.064
631.562,1.072
631.592,1.062
631.622,1.071
631.652,1.070
631.682,1.072
631.712,1.064
631.742,1.069
631.772,1.079
631.802,1.073
631.832,1.071
631.862,1.072
631.892,1.066
631.922,1.065
631.952,1.078
631.982,1.072
632.012,1.072
632.042,1.078
632.072,1.073
632.102,1.076
632.132,1.080
632.162,1.080
632.192,1.092
632.222,1.079
632.252,1.072
632.282,1.090
632.312,1.075
632.342,1.081
632.372,1.102
632.402,1.096
632.432,1.081
632.462,1.067
632.492,1.063
632.522,1.067
632.552,1.059
632.582,1.073
632.612,1.075
632.642,1.065
632.672,1.068
632.702,1.062
632.732,1.053
632.762,1.062
632.792,1.080
632.822,1.058
632.852,1.080
632.882,1.075
632.912,1.035
632.942,1.068
632.972,1.058
633.002,1.061
633.032,1.049
633.062,1.041
633.092,1.032
633.122,1.044
633.152,1.074
633.182,1.068
633.212,1.071
633.242,1.054
633.272,1.055
633.302,1.046
633.332,1.062
633.362,1.070
633.392,1.046
633.422,1.052
633.452,1.072
633.482,1.071
633.512,1.055
633.542,1.047
633.572,1.077
633.602,1.054
633.632,1.060
633.662,1.060
633.692,1.070
633.722,1.063
633.752,1.054
633.782,1.071
633.812,1.062
633.842,1.044
633.872,1.061
633.902,1.062
633.932,1.058
633.962,1.059
633.992,1.065
634.022,1.047
634.052,1.059
634.082,1.062
634.112,1.063
634.142,1.054
634.172,1.059
634.202,1.074
634.232,1.060
634.262,1.062
634.292,1.042
634.322,1.062
634.352,1.059
634.382,1.055
634.412,1.065
634.442,1.054
634.472,1.072
634.502,1.070
634.532,1.063
634.562,1.066
634.592,1.061
634.622,1.056
634.652,1.049
634.682,1.048
634.712,1.044
634.742,1.051
634.772,1.064
634.802,1.073
634.832,1.073
634.862,1.072
634.892,1.062
634.922,1.071
634.952,1.065
634.982,1.060
635.012,1.075
635.042,1.075
635.072,1.057
635.102,1.050
635.132,1.051
635.162,1.053
635.192,1.079
635.222,1.055
635.252,1.083
635.282,1.076
635.312,1.041
635.342,1.039
635.372,1.024
635.402,1.028
635.432,1.056
635.462,1.064
635.492,1.070
635.522,1.083
635.552,1.077
635.582,1.063
635.612,1.057
635.642,1.058
635.672,1.060
635.702,1.053
635.732,1.073
635.762,1.087
635.792,1.082
635.822,1.081
635.852,1.107
635.882,1.101
635.912,1.088
635.942,1.051
635.972,1.073
636.002,1.077
636.032,1.066
636.062,1.046
636.092,1.062
636.122,1.063
636.152,1.086
636.182,1.062
636.212,1.065
636.242,1.053
636.272,1.048
636.302,1.035
636.332,1.020
636.362,1.043
636.392,1.041
636.422,1.021
636.452,1.000
636.482,1.031
636.512,1.039
636.542,1.065
636.572,1.082
636.602,1.102
636.632,1.088
636.662,1.091
636.692,1.116
636.722,1.120
636.752,1.121
636.782,1.147
636.812,1.135
636.842,1.141
636.872,1.146
636.902,1.083
636.932,1.000
636.962,1.002
636.992,0.990
637.022,0.987
637.052,1.006
637.082,1.005
637.112,1.004
637.142,1.083
637.172,1.060
637.202,1.069
637.232,1.094
637.262,1.078
637.292,1.073
637.322,1.078
637.352,1.079
637.382,1.069
637.412,1.005
637.442,1.044
637.472,1.135
637.502,1.150
637.532,1.102
637.562,1.120
637.592,1.143
637.622,1.108
637.652,1.105
637.682,1.085
637.712,1.069
637.742,1.058
637.772,1.061
637.802,1.056
637.832,1.062
637.862,1.072
637.892,1.078
637.922,1.072
637.952,1.072
637.982,1.093
638.012,1.099
638.042,1.085
638.072,1.071
638.102,1.081
638.132,1.085
638.162,1.085
638.192,1.070
638.222,1.074
638.252,1.079
638.282,1.080
638.312,1.083
638.342,1.083
638.372,1.078
638.402,1.083
638.432,1.088
638.462,1.094
638.492,1.093
638.522,1.086
638.552,1.082
638.582,1.080
638.612,1.079
638.642,1.080
638.672,1.086
638.702,1.073
638.732,1.079
638.762,1.086
638.792,1.079
638.822,1.089
638.852,1.091
638.882,1.086
638.912,1.085
638.942,1.094
638.972,1.091
639.002,1.082
639.032,1.087
639.062,1.091
639.092,1.086
639.122,1.087
639.152,1.107
639.182,1.132
639.212,1.123
639.242,1.157
639.272,1.167
639.302,1.151
639.332,1.138
639.362,1.101
639.392,1.087
639.422,1.068
639.452,1.031
639.482,1.019
639.512,1.034
639.542,0.993
639.572,0.998
639.602,1.023
639.632,1.023
639.662,1.050
639.692,1.086
639.722,1.068
639.752,1.073
639.782,1.094
639.812,1.090
639.842,1.079
639.872,1.098
639.902,1.079
639.932,1.075
639.962,1.071
639.992,1.076
640.022,1.078
640.052,1.071
640.082,1.074
640.112,1.074
640.142,1.075
640.172,1.077
640.202,1.073
640.232,1.077
640.262,1.072
640.292,1.092
640.322,1.065
640.352,1.077
640.382,1.074
640.412,1.074
640.442,1.085
640.472,1.075
640.502,1.079
640.532,1.078
640.562,1.087
640.592,1.078
640.622,1.066
640.652,1.088
640.682,1.072
640.712,1.078
640.742,1.074
640.772,1.075
640.802,1.077
640.832,1.073
640.862,1.087
640.892,1.080
640.922,1.081
640.952,1.075
640.982,1.076
641.012,1.092
641.042,1.089
641.072,1.083
641.102,1.080
641.132,1.084
641.162,1.079
641.192,1.082
641.222,1.076
641.252,1.066
641.282,1.073
641.312,1.082
641.342,1.077
641.372,1.082
641.402,1.075
641.432,1.084
641.462,1.084
641.492,1.087
641.522,1.119
641.552,1.089
641.582,1.090
641.612,1.074
641.642,1.060
641.672,1.063
641.702,1.085
641.732,1.070
641.762,1.062
641.792,1.062
641.822,1.065
641.852,1.081
641.882,1.075
641.912,1.079
641.942,1.078
641.972,1.084
642.002,1.080
642.032,1.076
642.062,1.084
642.092,1.073
642.122,1.071
642.152,1.085
642.182,1.065
642.212,1.070
642.242,1.082
642.272,1.082
642.302,1.088
642.332,1.083
642.362,1.080
642.392,1.086
642.422,1.075
642.452,1.078
642.482,1.070
642.512,1.071
642.542,1.076
642.572,1.078
642.602,1.076
642.632,1.077
642.662,1.078
642.692,1.080
642.722,1.083
642.752,1.086
642.782,1.078
642.812,1.082
642.842,1.081
642.872,1.086
642.902,1.097
642.932,1.091
642.962,1.080
642.992,1.097
643.022,1.087
643.052,1.075
643.082,1.083
643.112,1.094
643.142,1.088
643.172,1.076
643.202,1.075
643.232,1.070
643.262,1.072
643.292,1.072
643.322,1.058
643.352,1.052
643.382,1.075
643.412,1.062
643.442,1.089
643.472,1.089
643.502,1.084
643.532,1.077
643.562,1.086
643.592,1.077
643.622,1.084
643.652,1.094
643.682,1.072
643.712,1.081
643.742,1.094
643.772,1.070
643.802,1.066
643.832,1.076
643.862,1.089
643.892,1.051
643.922,1.011
643.952,1.013
643.982,1.040
644.012,1.057
644.042,1.045
644.072,1.072
644.102,1.060
644.132,1.034
644.162,1.041
644.192,1.046
644.222,1.075
644.252,1.101
644.282,1.129
644.312,1.145
644.342,1.100
644.372,1.119
644.402,1.113
644.432,1.092
644.462,1.086
644.492,1.094
644.522,1.098
644.552,1.107
644.582,1.091
644.612,1.086
644.642,1.087
644.672,1.078
644.702,1.084
644.732,1.081
644.762,1.076
644.792,1.067
644.822,1.065
644.852,1.063
644.882,1.040
644.912,1.061
644.942,1.061
644.972,1.071
645.002,1.093
645.032,1.080
645.062,1.087
645.092,1.088
645.122,1.085
645.152,1.095
645.182,1.103
645.212,1.094
645.242,1.074
645.272,1.078
645.302,1.059
645.332,1.056
645.362,1.050
645.392,1.057
645.422,1.067
645.452,1.084
645.482,1.081
645.512,1.083
645.542,1.090
645.572,1.095
645.602,1.095
645.632,1.091
645.662,1.082
645.692,1.071
645.722,1.059
645.752,1.067
645.782,1.070
645.812,1.072
645.842,1.079
645.872,1.083
645.902,1.079
645.932,1.084
645.962,1.074
645.992,1.082
646.022,1.075
646.052,1.079
646.082,1.076
646.112,1.076
646.142,1.074
646.172,1.070
646.202,1.067
646.232,1.071
646.262,1.073
646.292,1.080
646.322,1.080
646.352,1.085
646.382,1.085
646.412,1.080
646.442,1.080
646.472,1.068
646.502,1.074
646.532,1.086
646.562,1.074
646.592,1.075
646.622,1.074
646.652,1.077
646.682,1.082
646.712,1.085
646.742,1.095
646.772,1.079
646.802,1.076
646.832,1.084
646.862,1.074
646.892,1.085
646.922,1.071
646.952,1.073
646.982,1.081
647.012,1.069
647.042,1.073
647.072,1.083
647.102,1.088
647.132,1.083
647.162,1.066
647.192,1.084
647.222,1.080
647.252,1.078
647.282,1.087
647.312,1.096
647.342,1.089
647.372,1.082
647.402,1.083
647.432,1.083
647.462,1.075
647.492,1.069
647.522,1.078
647.552,1.091
647.582,1.092
647.612,1.087
647.642,1.086
647.672,1.086
647.702,1.084
647.732,1.082
647.762,1.089
647.792,1.099
647.822,1.086
647.852,1.084
647.882,1.092
647.912,1.071
647.942,1.073
647.972,1.074
648.002,1.072
648.032,1.066
648.062,1.085
648.092,1.087
648.122,1.063
648.152,1.082
648.182,1.082
648.212,1.075
648.242,1.092
648.272,1.064
648.302,1.058
648.332,1.072
648.362,1.069
648.392,1.064
648.422,1.080
648.452,1.063
648.482,1.066
648.512,1.088
648.542,1.062
648.572,1.063
648.602,1.063
648.632,1.067
648.662,1.048
648.692,1.040
648.722,1.069
648.752,1.087
648.782,1.071
648.812,1.088
648.842,1.099
648.872,1.083
648.902,1.078
648.932,1.057
648.962,1.059
648.992,1.062
649.022,1.068
649.052,1.071
649.082,1.083
649.112,1.082
649.142,1.088
649.172,1.098
649.202,1.083
649.232,1.086
649.262,1.095
649.292,1.100
649.322,1.101
649.352,1.093
649.382,1.084
649.412,1.086
649.442,1.086
649.472,1.092
649.502,1.080
649.532,1.089
649.562,1.082
649.592,1.078
649.622,1.085
649.652,1.083
649.682,1.080
649.712,1.083
649.742,1.079
649.772,1.083
649.802,1.078
649.832,1.076
649.862,1.082
649.892,1.076
649.922,1.077
649.952,1.077
649.982,1.089
650.012,1.084
650.042,1.076
650.072,1.086
650.102,1.080
650.132,1.086
650.162,1.083
650.192,1.074
650.222,1.089
650.252,1.078
650.282,1.080
650.312,1.079
650.342,1.073
650.372,1.079
650.402,1.081
650.432,1.085
650.462,1.080
650.492,1.078
650.522,1.088
650.552,1.082
650.582,1.077
650.612,1.083
650.642,1.081
650.672,1.075
650.702,1.069
650.732,1.079
650.762,1.090
650.792,1.081
650.822,1.083
650.852,1.086
650.882,1.077
650.912,1.080
650.942,1.074
650.972,1.074
651.002,1.082
651.032,1.089
651.062,1.069
651.092,1.084
651.122,1.091
651.152,1.075
651.182,1.081
651.212,1.083
651.242,1.077
651.272,1.076
651.302,1.080
651.332,1.080
651.362,1.079
651.392,1.078
651.422,1.079
651.452,1.079
651.482,1.085
651.512,1.079
651.542,1.078
651.572,1.083
651.602,1.084
651.632,1.081
651.662,1.090
651.692,1.083
651.722,1.078
651.752,1.080
651.782,1.072
651.812,1.070
651.842,1.081
651.872,1.076
651.902,1.068
651.932,1.074
651.962,1.091
651.992,1.084
652.022,1.079
652.052,1.080
652.082,1.081
652.112,1.081
652.142,1.097
652.172,1.095
652.202,1.095
652.232,1.087
652.262,1.093
652.292,1.082
652.322,1.062
652.352,1.079
652.382,1.075
652.412,1.047
652.442,1.073
652.472,1.087
652.502,1.068
652.532,1.090
652.562,1.093
652.592,1.078
652.622,1.095
652.652,1.054
652.682,1.073
652.712,1.067
652.742,1.080
652.772,1.089
652.802,1.072
652.832,1.074
652.862,1.082
652.892,1.070
652.922,1.075
652.952,1.081
652.982,1.079
653.012,1.081
653.042,1.081
653.072,1.087
653.102,1.080
653.132,1.085
653.162,1.084
653.192,1.079
653.222,1.076
653.252,1.084
653.282,1.074
653.312,1.085
653.342,1.080
653.372,1.078
653.402,1.086
653.432,1.076
653.462,1.082
653.492,1.075
653.522,1.076
653.552,1.079
653.582,1.083
653.612,1.078
653.642,1.087
653.672,1.085
653.702,1.083
653.732,1.079
653.762,1.077
653.792,1.079
653.822,1.078
653.852,1.088
653.882,1.077
653.912,1.073
653.942,1.093
653.972,1.081
654.002,1.083
654.032,1.088
654.062,1.071
654.092,1.088
654.122,1.085
654.152,1.094
654.182,1.103
654.212,1.097
654.242,1.100
654.272,1.090
654.302,1.083
654.332,1.062
654.362,1.080
654.392,1.062
654.422,1.059
654.452,1.070
654.482,1.077
654.512,1.078
654.542,1.073
654.572,1.083
654.602,1.083
654.632,1.088
654.662,1.081
654.692,1.075
654.722,1.074
654.752,1.071
654.782,1.080
654.812,1.082
654.842,1.068
654.872,1.086
654.902,1.082
654.932,1.078
654.962,1.085
654.992,1.084
655.022,1.086
655.052,1.084
655.082,1.079
655.112,1.083
655.142,1.085
655.172,1.075
655.202,1.078
655.232,1.081
655.262,1.075
655.292,1.077
655.322,1.090
655.352,1.104
655.382,1.144
655.412,1.149
655.442,1.213
655.472,1.232
655.502,1.201
655.532,1.168
655.562,1.114
655.592,1.028
655.622,0.986
655.652,0.950
655.682,1.025
655.712,1.086
655.742,1.022
655.772,0.996
655.802,0.958
655.832,0.955
655.862,0.993
655.892,1.093
655.922,1.167
655.952,1.092
655.982,1.019
656.012,0.986
656.042,1.014
656.072,0.978
656.102,1.163
656.132,1.058
656.162,1.044
656.192,1.024
656.222,1.006
656.252,1.034
656.282,1.054
656.312,1.072
656.342,1.108
656.372,1.069
656.402,1.056
656.432,1.025
656.462,1.025
656.492,1.021
656.522,1.041
656.552,1.045
656.582,1.048
656.612,1.032
656.642,1.007
656.672,1.098
656.702,1.123
656.732,1.039
656.762,1.091
656.792,1.087
656.822,1.041
656.852,1.028
656.882,1.154
656.912,1.139
656.942,1.097
656.972,1.133
657.002,1.128
657.032,1.110
657.062,1.114
657.092,1.102
657.122,1.085
657.152,1.089
657.182,1.094
657.212,1.069
657.242,1.079
657.272,1.085
657.302,1.094
657.332,1.084
657.362,1.065
657.392,1.067
657.422,1.076
657.452,1.072
657.482,1.077
657.512,1.083
657.542,1.091
657.572,1.091
657.602,1.095
657.632,1.105
657.662,1.095
657.692,1.099
657.722,1.079
657.752,1.075
657.782,1.085
657.812,1.087
657.842,1.080
657.872,1.097
657.902,1.095
657.932,1.099
657.962,1.105
657.992,1.081
658.022,1.095
658.052,1.090
658.082,1.071
658.112,1.085
658.142,1.074
658.172,1.061
658.202,1.077
658.232,1.108
658.262,1.113
658.292,1.132
658.322,1.121
658.352,1.132
658.382,1.118
658.412,1.104
658.442,1.076
658.472,1.045
658.502,1.072
658.532,1.052
658.562,1.034
658.592,1.058
658.622,1.057
658.652,1.049
658.682,1.060
658.712,1.068
658.742,1.091
658.772,1.066
658.802,1.049
658.832,1.063
658.862,1.060
658.892,1.050
658.922,1.063
658.952,1.061
658.982,1.087
659.012,1.083
659.042,1.089
659.072,1.095
659.102,1.091
659.132,1.076
659.162,1.090
659.192,1.080
659.222,1.068
659.252,1.077
659.282,1.085
659.312,1.077
659.342,1.062
659.372,1.083
659.402,1.082
659.432,1.074
659.462,1.087
659.492,1.094
659.522,1.083
659.552,1.090
659.582,1.082
659.612,1.079
659.642,1.089
659.672,1.092
659.702,1.082
659.732,1.078
659.762,1.085
659.792,1.083
659.822,1.092
659.852,1.073
659.882,1.068
659.912,1.080
659.942,1.079
659.972,1.080
660.002,1.084
660.032,1.083
660.062,1.088
660.092,1.079
660.122,1.080
660.152,1.074
660.182,1.081
660.212,1.084
660.242,1.082
660.272,1.078
660.302,1.077
660.332,1.074
660.362,1.078
660.392,1.084
660.422,1.070
660.452,1.076
660.482,1.076
660.512,1.074
660.542,1.086
660.572,1.078
660.602,1.073
660.632,1.083
660.662,1.083
660.692,1.087
660.722,1.093
660.752,1.090
660.782,1.094
660.812,1.079
660.842,1.080
660.872,1.082
660.902,1.083
660.932,1.078
660.962,1.087
660.992,1.078
661.022,1.081
661.052,1.079
661.082,1.085
661.112,1.086
661.142,1.076
661.172,1.078
661.202,1.073
661.232,1.082
661.262,1.086
661.292,1.075
661.322,1.085
661.352,1.080
661.382,1.078
661.412,1.078
661.442,1.079
661.472,1.076
661.502,1.083
661.532,1.075
661.562,1.082
661.592,1.093
661.622,1.090
661.652,1.089
661.682,1.075
661.712,1.090
661.742,1.085
661.772,1.073
661.802,1.086
661.832,1.085
661.862,1.081
661.892,1.084
661.922,1.081
661.952,1.081
661.982,1.075
662.012,1.077
662.042,1.082
662.072,1.072
662.102,1.081
662.132,1.085
662.162,1.078
662.192,1.078
662.222,1.089
662.252,1.083
662.282,1.068
662.312,1.073
662.342,1.068
662.372,1.062
662.402,1.080
662.432,1.092
662.462,1.091
662.492,1.102
662.522,1.123
662.552,1.161
662.582,1.174
662.612,1.203
662.642,1.211
662.672,1.208
662.702,1.163
662.732,1.162
662.762,1.135
662.792,1.104
662.822,1.051
662.852,1.012
662.882,0.951
662.912,0.957
662.942,0.970
662.972,0.971
663.002,0.950
663.032,0.991
663.062,0.973
663.092,1.004
663.122,1.023
663.152,1.009
663.182,0.994
663.212,1.041
663.242,1.087
663.272,1.056
663.302,1.062
663.332,1.086
663.362,1.090
663.392,1.078
663.422,1.083
663.452,1.085
663.482,1.075
663.512,1.060
663.542,1.094
663.572,1.091
663.602,1.049
663.632,1.066
663.662,1.088
663.692,1.062
663.722,1.058
663.752,1.063
663.782,1.045
663.812,1.069
663.842,1.065
663.872,1.060
663.902,1.062
663.932,1.070
663.962,1.046
663.992,1.028
664.022,1.055
664.052,1.080
664.082,1.099
664.112,1.095
664.142,1.088
664.172,1.100
664.202,1.108
664.232,1.098
664.262,1.106
664.292,1.113
664.322,1.103
664.352,1.113
664.382,1.094
664.412,1.082
664.442,1.086
664.472,1.082
664.502,1.094
664.532,1.101
664.562,1.103
664.592,1.082
664.622,1.084
664.652,1.080
664.682,1.086
664.712,1.073
664.742,1.082
664.772,1.084
664.802,1.089
664.832,1.086
664.862,1.092
664.892,1.087
664.922,1.083
664.952,1.079
664.982,1.067
665.012,1.080
665.042,1.083
665.072,1.079
665.102,1.076
665.132,1.081
665.162,1.078
665.192,1.082
665.222,1.089
665.252,1.080
665.282,1.082
665.312,1.084
665.342,1.087
665.372,1.081
665.402,1.081
665.432,1.090
665.462,1.082
665.492,1.083
665.522,1.087
665.552,1.077
665.582,1.075
665.612,1.083
665.642,1.086
665.672,1.075
665.702,1.073
665.732,1.080
665.762,1.085
665.792,1.082
665.822,1.084
665.852,1.089
665.882,1.088
665.912,1.092
665.942,1.090
665.972,1.086
666.002,1.084
666.032,1.090
666.062,1.085
666.092,1.085
666.122,1.085
666.152,1.083
666.182,1.087
666.212,1.089
666.242,1.079
666.272,1.086
666.302,1.098
666.332,1.082
666.362,1.081
666.392,1.078
666.422,1.082
666.452,1.079
666.482,1.082
666.512,1.085
666.542,1.084
666.572,1.083
666.602,1.074
666.632,1.085
666.662,1.089
666.692,1.088
666.722,1.080
666.752,1.080
666.782,1.083
666.812,1.083
666.842,1.083
666.872,1.079
666.902,1.068
666.932,1.078
666.962,1.087
666.992,1.076
667.022,1.079
667.052,1.084
667.082,1.086
667.112,1.076
667.142,1.099
667.172,1.089
667.202,1.082
667.232,1.076
667.262,1.076
667.292,1.078
667.322,1.088
667.352,1.092
667.382,1.085
667.412,1.086
667.442,1.086
667.472,1.077
667.502,1.082
667.532,1.084
667.562,1.075
667.592,1.081
667.622,1.090
667.652,1.088
667.682,1.092
667.712,1.086
667.742,1.080
667.772,1.093
667.802,1.085
667.832,1.081
667.862,1.084
667.892,1.092
667.922,1.100
667.952,1.094
667.982,1.092
668.012,1.086
668.042,1.073
668.072,1.063
668.102,1.061
668.132,1.069
668.162,1.077
668.192,1.080
668.222,1.091
668.252,1.086
668.282,1.089
668.312,1.086
668.342,1.087
668.372,1.069
668.402,1.074
668.432,1.088
668.462,1.092
668.492,1.077
668.522,1.075
668.552,1.084
668.582,1.087
668.612,1.077
668.642,1.084
668.672,1.083
668.702,1.083
668.732,1.072
668.762,1.078
668.792,1.082
668.822,1.085
668.852,1.085
668.882,1.086
668.912,1.086
668.942,1.085
668.972,1.082
669.002,1.091
669.032,1.082
669.062,1.081
669.092,1.094
669.122,1.088
669.152,1.089
669.182,1.092
669.212,1.091
669.242,1.098
669.272,1.115
669.302,1.098
669.332,1.098
669.362,1.086
669.392,1.079
669.422,1.077
669.452,1.084
669.482,1.087
669.512,1.061
669.542,1.079
669.572,1.087
669.602,1.079
669.632,1.079
669.662,1.073
669.692,1.053
669.722,1.066
669.752,1.058
669.782,1.058
669.812,1.076
669.842,1.073
669.872,1.062
669.902,1.075
669.932,1.092
669.962,1.087
669.992,1.086
670.022,1.096
670.052,1.071
670.082,1.057
670.112,1.073
670.142,1.075
670.172,1.069
670.202,1.075
670.232,1.062
670.262,1.067
670.292,1.087
670.322,1.097
670.352,1.086
670.382,1.080
670.412,1.098
670.442,1.079
670.472,1.075
670.502,1.080
670.532,1.061
670.562,1.069
670.592,1.089
670.622,1.077
670.652,1.062
670.682,1.074
670.712,1.078
670.742,1.103
670.772,1.069
670.802,1.085
670.832,1.103
670.862,1.096
670.892,1.090
670.922,1.073
670.952,1.072
670.982,1.076
671.012,1.069
671.042,1.062
671.072,1.114
671.102,1.098
671.132,1.084
671.162,1.093
671.192,1.080
671.222,1.061
671.252,1.058
671.282,1.078
671.312,1.087
671.342,1.079
671.372,1.075
671.402,1.102
671.432,1.081
671.462,1.079
671.492,1.071
671.522,1.070
671.552,1.073
671.582,1.060
671.612,1.072
671.642,1.073
671.672,1.081
671.702,1.071
671.732,1.084
671.762,1.088
671.792,1.079
671.822,1.081
671.852,1.078
671.882,1.083
671.912,1.069
671.942,1.077
671.972,1.085
672.002,1.079
672.032,1.077
672.062,1.067
672.092,1.072
672.122,1.085
672.152,1.082
672.182,1.100
672.212,1.066
672.242,1.074
672.272,1.083
672.302,1.087
672.332,1.095
672.362,1.081
672.392,1.069
672.422,1.078
672.452,1.061
672.482,1.049
672.512,1.062
672.542,1.072
672.572,1.071
672.602,1.068
672.632,1.074
672.662,1.073
672.692,1.073
672.722,1.088
672.752,1.082
672.782,1.093
672.812,1.094
672.842,1.100
672.872,1.099
672.902,1.095
672.932,1.094
672.962,1.083
672.992,1.074
673.022,1.071
673.052,1.081
673.082,1.080
673.112,1.087
673.142,1.081
673.172,1.086
673.202,1.084
673.232,1.078
673.262,1.082
673.292,1.074
673.322,1.080
673.352,1.077
673.382,1.073
673.412,1.073
673.442,1.071
673.472,1.077
673.502,1.079
673.532,1.070
673.562,1.087
673.592,1.089
673.622,1.055
673.652,1.067
673.682,1.088
673.712,1.080
673.742,1.056
673.772,1.058
673.802,1.083
673.832,1.082
673.862,1.084
673.892,1.090
673.922,1.115
673.952,1.109
673.982,1.085
674.012,1.099
674.042,1.101
674.072,1.079
674.102,1.082
674.132,1.075
674.162,1.076
674.192,1.084
674.222,1.076
674.252,1.080
674.282,1.078
674.312,1.081
674.342,1.076
674.372,1.076
674.402,1.079
674.432,1.078
674.462,1.087
674.492,1.082
674.522,1.072
674.552,1.086
674.582,1.087
674.612,1.080
674.642,1.085
674.672,1.082
674.702,1.078
674.732,1.082
674.762,1.076
674.792,1.074
674.822,1.086
674.852,1.081
674.882,1.071
674.912,1.075
674.942,1.077
674.972,1.084
675.002,1.101
675.032,1.083
675.062,1.076
675.092,1.081
675.122,1.082
675.152,1.086
675.182,1.070
675.212,1.084
675.242,1.083
675.272,1.086
675.302,1.083
675.332,1.085
675.362,1.082
675.392,1.081
675.422,1.083
675.452,1.077
675.482,1.077
675.512,1.088
675.542,1.075
675.572,1.089
675.602,1.088
675.632,1.081
675.662,1.084
675.692,1.079
675.722,1.079
675.752,1.080
675.782,1.079
675.812,1.081
675.842,1.076
675.872,1.087
675.902,1.083
675.932,1.086
675.962,1.086
675.992,1.086
676.022,1.081
676.052,1.082
676.082,1.077
676.112,1.082
676.142,1.079
676.172,1.085
676.202,1.088
676.232,1.079
676.262,1.081
676.292,1.084
676.322,1.086
676.352,1.078
676.382,1.077
676.412,1.076
676.442,1.068
676.472,1.074
676.502,1.081
676.532,1.071
676.562,1.062
676.592,1.079
676.622,1.087
676.652,1.076
676.682,1.081
676.712,1.082
676.742,1.082
676.772,1.084
676.802,1.087
676.832,1.089
676.862,1.090
676.892,1.082
676.922,1.086
676.952,1.083
676.982,1.078
677.012,1.089
677.042,1.079
677.072,1.088
677.102,1.093
677.132,1.086
677.162,1.089
677.192,1.087
677.222,1.065
677.252,1.081
677.282,1.083
677.312,1.077
677.342,1.081
677.372,1.070
677.402,1.083
677.432,1.091
677.462,1.089
677.492,1.094
677.522,1.084
677.552,1.088
677.582,1.090
677.612,1.079
677.642,1.081
677.672,1.102
677.702,1.079
677.732,1.068
677.762,1.067
677.792,1.064
677.822,1.036
677.852,1.088
677.882,1.100
677.912,1.084
677.942,1.055
677.972,1.095
678.002,1.109
678.032,1.095
678.062,1.081
678.092,1.074
678.122,1.077
678.152,1.060
678.182,1.076
678.212,1.078
678.242,1.074
678.272,1.079
678.302,1.071
678.332,1.067
678.362,1.103
678.392,1.100
678.422,1.088
678.452,1.112
678.482,1.093
678.512,1.077
678.542,1.075
678.572,1.073
678.602,1.081
678.632,1.077
678.662,1.077
678.692,1.078
678.722,1.075
678.752,1.082
678.782,1.090
678.812,1.093
678.842,1.094
678.872,1.092
678.902,1.084
678.932,1.087
678.962,1.072
678.992,1.074
679.022,1.081
679.052,1.082
679.082,1.083
679.112,1.085
679.142,1.102
679.172,1.084
679.202,1.089
679.232,1.083
679.262,1.075
679.292,1.069
679.322,1.079
679.352,1.086
679.382,1.079
679.412,1.084
679.442,1.085
679.472,1.085
679.502,1.091
679.532,1.090
679.562,1.077
679.592,1.098
679.622,1.080
679.652,1.088
679.682,1.103
679.712,1.093
679.742,1.081
679.772,1.067
679.802,1.059
679.832,1.092
679.862,1.094
679.892,1.071
679.922,1.062
679.952,1.074
679.982,1.084
680.012,1.080
680.042,1.083
680.072,1.081
680.102,1.073
680.132,1.080
680.162,1.080
680.192,1.092
680.222,1.101
680.252,1.096
680.282,1.065
680.312,1.063
680.342,1.075
680.372,1.073
680.402,1.078
680.432,1.084
680.462,1.087
680.492,1.086
680.522,1.086
680.552,1.082
680.582,1.087
680.612,1.093
680.642,1.078
680.672,1.078
680.702,1.079
680.732,1.079
680.762,1.080
680.792,1.083
680.822,1.093
680.852,1.087
680.882,1.082
680.912,1.083
680.942,1.086
680.972,1.085
681.002,1.085
681.032,1.088
681.062,1.084
681.092,1.076
681.122,1.076
681.152,1.076
681.182,1.075
681.212,1.092
681.242,1.091
681.272,1.080
681.302,1.085
681.332,1.090
681.362,1.084
681.392,1.085
681.422,1.082
681.452,1.084
681.482,1.088
681.512,1.079
681.542,1.085
681.572,1.084
681.602,1.080
681.632,1.090
681.662,1.082
681.692,1.079
681.722,1.093
681.752,1.075
681.782,1.080
681.812,1.087
681.842,1.086
681.872,1.077
681.902,1.088
681.932,1.083
681.962,1.087
681.992,1.085
682.022,1.077
682.052,1.077
682.082,1.085
682.112,1.087
682.142,1.086
682.172,1.083
682.202,1.078
682.232,1.084
682.262,1.084
682.292,1.079
682.322,1.081
682.352,1.075
682.382,1.091
682.412,1.083
682.442,1.081
682.472,1.081
682.502,1.077
682.532,1.087
682.562,1.085
682.592,1.081
682.622,1.084
682.652,1.085
682.682,1.088
682.712,1.090
682.742,1.091
682.772,1.097
682.802,1.137
682.832,1.197
682.862,1.243
682.892,1.253
682.922,1.272
682.952,1.173
682.982,1.088
683.012,1.045
683.042,0.995
683.072,0.922
683.102,0.954
683.132,0.972
683.162,1.020
683.192,1.040
683.222,1.032
683.252,1.040
683.282,1.101
683.312,1.054
683.342,1.067
683.372,1.083
683.402,1.090
683.432,1.070
683.462,1.077
683.492,1.065
683.522,1.052
683.552,1.067
683.582,1.051
683.612,1.003
683.642,1.019
683.672,1.039
683.702,1.019
683.732,1.030
683.762,1.048
683.792,1.056
683.822,1.045
683.852,1.032
683.882,1.037
683.912,1.039
683.942,1.015
683.972,1.026
684.002,1.055
684.032,1.061
684.062,1.045
684.092,1.083
684.122,1.069
684.152,1.064
684.182,1.080
684.212,1.092
684.242,1.074
684.272,1.062
684.302,1.091
684.332,1.085
684.362,1.060
684.392,1.094
684.422,1.100
684.452,1.086
684.482,1.090
684.512,1.088
684.542,1.080
684.572,1.073
684.602,1.093
684.632,1.083
684.662,1.081
684.692,1.099
684.722,1.083
684.752,1.079
684.782,1.086
684.812,1.073
684.842,1.089
684.872,1.074
684.902,1.077
684.932,1.071
684.962,1.074
684.992,1.075
685.022,1.065
685.052,1.086
685.082,1.072
685.112,1.075
685.142,1.086
685.172,1.070
685.202,1.069
685.232,1.075
685.262,1.065
685.292,1.075
685.322,1.078
685.352,1.079
685.382,1.073
685.412,1.077
685.442,1.083
685.472,1.071
685.502,1.077
685.532,1.069
685.562,1.069
685.592,1.077
685.622,1.078
685.652,1.062
685.682,1.073
685.712,1.080
685.742,1.079
685.772,1.082
685.802,1.076
685.832,1.073
685.862,1.064
685.892,1.072
685.922,1.082
685.952,1.074
685.982,1.077
686.012,1.073
686.042,1.083
686.072,1.074
686.102,1.090
686.132,1.075
686.162,1.061
686.192,1.078
686.222,1.076
686.252,1.078
686.282,1.069
686.312,1.068
686.342,1.074
686.372,1.077
686.402,1.078
686.432,1.064
686.462,1.083
686.492,1.083
686.522,1.088
686.552,1.082
686.582,1.072
686.612,1.073
686.642,1.067
686.672,1.062
686.702,1.078
686.732,1.081
686.762,1.087
686.792,1.081
686.822,1.079
686.852,1.072
686.882,1.074
686.912,1.070
686.942,1.090
686.972,1.074
687.002,1.072
687.032,1.078
687.062,1.075
687.092,1.077
687.122,1.071
687.152,1.063
687.182,1.069
687.212,1.070
687.242,1.063
687.272,1.067
687.302,1.080
687.332,1.078
687.362,1.071
687.392,1.074
687.422,1.075
687.452,1.071
687.482,1.071
687.512,1.071
687.542,1.065
687.572,1.077
687.602,1.083
687.632,1.089
687.662,1.071
687.692,1.075
687.722,1.086
687.752,1.102
687.782,1.116
687.812,1.090
687.842,1.090
687.872,1.096
687.902,1.091
687.932,1.095
687.962,1.102
687.992,1.099
688.022,1.081
688.052,1.092
688.082,1.074
688.112,1.043
688.142,1.049
688.172,1.056
688.202,1.063
688.232,1.072
688.262,1.067
688.292,1.086
688.322,1.099
688.352,1.089
688.382,1.077
688.412,1.090
688.442,1.083
688.472,1.071
688.502,1.069
688.532,1.071
688.562,1.059
688.592,1.050
688.622,1.065
688.652,1.062
688.682,1.045
688.712,1.058
688.742,1.037
688.772,1.040
688.802,1.055
688.832,1.064
688.862,1.050
688.892,1.066
688.922,1.092
688.952,1.070
688.982,1.078
689.012,1.092
689.042,1.091
689.072,1.112
689.102,1.099
689.132,1.097
689.162,1.104
689.192,1.070
689.222,1.087
689.252,1.082
689.282,1.072
689.312,1.070
689.342,1.081
689.372,1.063
689.402,1.056
689.432,1.064
689.462,1.078
689.492,1.072
689.522,1.080
689.552,1.071
689.582,1.074
689.612,1.080
689.642,1.072
689.672,1.079
689.702,1.082
689.732,1.083
689.762,1.098
689.792,1.080
689.822,1.073
689.852,1.069
689.882,1.077
689.912,1.077
689.942,1.076
689.972,1.069
690.002,1.080
690.032,1.082
690.062,1.098
690.092,1.091
690.122,1.082
690.152,1.077
690.182,1.069
690.212,1.066
690.242,1.080
690.272,1.089
690.302,1.089
690.332,1.089
690.362,1.088
690.392,1.072
690.422,1.076
690.452,1.070
690.482,1.063
690.512,1.066
690.542,1.066
690.572,1.079
690.602,1.107
690.632,1.069
690.662,1.099
690.692,1.088
690.722,1.059
690.752,1.051
690.782,1.056
690.812,1.088
690.842,1.106
690.872,1.078
690.902,1.067
690.932,1.076
690.962,1.091
690.992,1.074
691.022,1.060
691.052,1.059
691.082,1.080
691.112,1.096
691.142,1.097
691.172,1.070
691.202,1.066
691.232,1.072
691.262,1.110
691.292,1.084
691.322,1.078
691.352,1.022
691.382,1.060
691.412,1.065
691.442,1.069
691.472,1.084
691.502,1.062
691.532,1.076
691.562,1.087
691.592,1.088
691.622,1.126
691.652,1.115
691.682,1.072
691.712,1.081
691.742,1.086
691.772,1.062
691.802,1.052
691.832,1.091
691.862,1.081
691.892,1.058
691.922,1.059
691.952,1.085
691.982,1.087
692.012,1.080
692.042,1.098
692.072,1.091
692.102,1.077
692.132,1.090
692.162,1.078
692.192,1.067
692.222,1.067
692.252,1.090
692.282,1.088
692.312,1.069
692.342,1.077
692.372,1.088
692.402,1.076
692.432,1.072
692.462,1.076
692.492,1.082
692.522,1.074
692.552,1.064
692.582,1.076
692.612,1.067
692.642,1.088
692.672,1.086
692.702,1.087
692.732,1.079
692.762,1.068
692.792,1.087
692.822,1.065
692.852,1.074
692.882,1.080
692.912,1.060
692.942,1.071
692.972,1.078
693.002,1.075
693.032,1.073
693.062,1.079
693.092,1.092
693.122,1.066
693.152,1.062
693.182,1.089
693.212,1.079
693.242,1.067
693.272,1.086
693.302,1.070
693.332,1.088
693.362,1.083
693.392,1.083
693.422,1.093
693.452,1.084
693.482,1.080
693.512,1.067
693.542,1.070
693.572,1.070
693.602,1.073
693.632,1.082
693.662,1.079
693.692,1.078
693.722,1.100
693.752,1.097
693.782,1.097
693.812,1.113
693.842,1.099
693.872,1.064
693.902,1.064
693.932,1.075
693.962,1.091
693.992,1.088
694.022,1.085
694.052,1.085
694.082,1.117
694.112,1.104
694.142,1.100
694.172,1.131
694.202,1.132
694.232,1.090
694.262,1.121
694.292,1.075
694.322,1.017
694.352,1.050
694.382,1.005
694.412,1.000
694.442,0.991
694.472,1.028
694.502,1.049
694.532,0.990
694.562,0.954
694.592,1.019
694.622,1.006
694.652,1.005
694.682,0.999
694.712,1.009
694.742,1.011
694.772,1.010
694.802,1.027
694.832,1.042
694.862,1.049
694.892,1.050
694.922,1.046
694.952,1.043
694.982,1.031
695.012,1.076
695.042,1.060
695.072,1.034
695.102,1.044
695.132,1.069
695.162,1.054
695.192,1.064
695.222,1.073
695.252,1.049
695.282,1.060
695.312,1.067
695.342,1.045
695.372,1.054
695.402,1.062
695.432,1.055
695.462,1.077
695.492,1.069
695.522,1.045
695.552,1.054
695.582,1.038
695.612,1.038
695.642,1.038
695.672,1.034
695.702,1.039
695.732,1.039
695.762,1.053
695.792,1.053
695.822,1.026
695.852,1.044
695.882,1.055
695.912,1.048
695.942,1.053
695.972,1.065
696.002,1.044
696.032,1.055
696.062,1.049
696.092,1.057
696.122,1.061
696.152,1.053
696.182,1.046
696.212,1.061
696.242,1.055
696.272,1.055
696.302,1.051
696.332,1.054
696.362,1.038
696.392,1.049
696.422,1.057
696.452,1.047
696.482,1.062
696.512,1.060
696.542,1.057
696.572,1.044
696.602,1.054
696.632,1.041
696.662,1.057
696.692,1.068
696.722,1.060
696.752,1.050
696.782,1.054
696.812,1.057
696.842,1.038
696.872,1.048
696.902,1.051
696.932,1.057
696.962,1.047
696.992,1.049
697.022,1.064
697.052,1.054
697.082,1.054
697.112,1.051
697.142,1.051
697.172,1.047
697.202,1.060
697.232,1.053
697.262,1.048
697.292,1.057
697.322,1.060
697.352,1.068
697.382,1.065
697.412,1.045
697.442,1.054
697.472,1.051
697.502,1.053
697.532,1.054
697.562,1.049
697.592,1.040
697.622,1.057
697.652,1.050
697.682,1.052
697.712,1.058
697.742,1.046
697.772,1.056
697.802,1.061
697.832,1.061
697.862,1.035
697.892,1.053
697.922,1.063
697.952,1.070
697.982,1.058
698.012,1.055
698.042,1.056
698.072,1.038
698.102,1.044
698.132,1.064
698.162,1.055
698.192,1.056
698.222,1.053
698.252,1.056
698.282,1.055
698.312,1.051
698.342,1.061
698.372,1.055
698.402,1.047
698.432,1.055
698.462,1.058
698.492,1.056
698.522,1.056
698.552,1.047
698.582,1.059
698.612,1.052
698.642,1.052
698.672,1.056
698.702,1.046
698.732,1.060
698.762,1.057
698.792,1.050
698.822,1.054
698.852,1.055
698.882,1.056
698.912,1.047
698.942,1.046
698.972,1.051
699.002,1.060
699.032,1.057
699.062,1.063
699.092,1.050
699.122,1.056
699.152,1.045
699.182,1.059
699.212,1.062
699.242,1.058
699.272,1.054
699.302,1.054
699.332,1.058
699.362,1.058
699.392,1.064
699.422,1.061
699.452,1.045
699.482,1.046
699.512,1.057
699.542,1.054
699.572,1.057
699.602,1.059
699.632,1.056
699.662,1.052
699.692,1.062
699.722,1.050
699.752,1.055
699.782,1.064
699.812,1.046
699.842,1.049
699.872,1.065
699.902,1.050
699.932,1.055
699.962,1.063
699.992,1.055
700.022,1.048
700.052,1.063
700.082,1.052
700.112,1.052
700.142,1.055
700.172,1.058
700.202,1.062
700.232,1.059
700.262,1.053
700.292,1.061
700.322,1.042
700.352,1.046
700.382,1.053
700.412,1.048
700.442,1.056
700.472,1.060
700.502,1.043
700.532,1.065
700.562,1.062
700.592,1.055
700.622,1.061
700.652,1.049
700.682,1.050
700.712,1.053
700.742,1.057
700.772,1.051
700.802,1.051
700.832,1.054
700.862,1.055
700.892,1.058
700.922,1.062
700.952,1.050
700.982,1.052
701.012,1.051
701.042,1.046
701.072,1.056
701.102,1.062
701.132,1.059
701.162,1.059
701.192,1.066
701.222,1.052
701.252,1.052
701.282,1.056
701.312,1.054
701.342,1.047
701.372,1.052
701.402,1.055
701.432,1.058
701.462,1.052
701.492,1.047
701.522,1.054
701.552,1.057
701.582,1.062
701.612,1.056
701.642,1.055
701.672,1.065
701.702,1.056
701.732,1.052
701.762,1.048
701.792,1.056
701.822,1.065
701.852,1.058
701.882,1.059
701.912,1.043
701.942,1.063
701.972,1.063
702.002,1.061
702.032,1.063
702.062,1.051
702.092,1.053
702.122,1.046
702.152,1.048
702.182,1.056
702.212,1.057
702.242,1.059
702.272,1.058
702.302,1.064
702.332,1.057
702.362,1.050
702.392,1.046
702.422,1.057
702.452,1.057
702.482,1.061
702.512,1.058
702.542,1.056
702.572,1.056
702.602,1.065
702.632,1.057
702.662,1.053
702.692,1.057
702.722,1.051
702.752,1.050
702.782,1.065
702.812,1.050
702.842,1.046
702.872,1.052
702.902,1.050
702.932,1.062
702.962,1.060
702.992,1.046
703.022,1.063
703.052,1.056
703.082,1.058
703.112,1.064
703.142,1.062
703.172,1.061
703.202,1.064
703.232,1.060
703.262,1.058
703.292,1.068
703.322,1.088
703.352,1.080
703.382,1.064
703.412,1.066
703.442,1.055
703.472,1.060
703.502,1.077
703.532,1.087
703.562,1.102
703.592,1.096
703.622,1.116
703.652,1.136
703.682,1.158
703.712,1.145
703.742,1.116
703.772,1.059
703.802,1.044
703.832,0.997
703.862,0.984
703.892,0.984
703.922,0.956
703.952,0.970
703.982,0.957
704.012,0.979
704.042,1.035
704.072,1.023
704.102,0.986
704.132,1.009
704.162,1.025
704.192,1.040
704.222,1.054
704.252,1.055
704.282,1.036
704.312,0.997
704.342,1.015
704.372,1.008
704.402,1.011
704.432,1.021
704.462,1.051
704.492,1.067
704.522,1.052
704.552,1.008
704.582,1.036
704.612,1.066
704.642,1.067
704.672,1.059
704.702,1.004
704.732,1.017
704.762,1.035
704.792,1.015
704.822,1.026
704.852,1.055
704.882,1.054
704.912,1.020
704.942,1.035
704.972,1.031
705.002,0.994
705.032,1.030
705.062,1.044
705.092,1.024
705.122,1.036
705.152,1.050
705.182,1.041
705.212,1.046
705.242,1.044
705.272,1.053
705.302,1.011
705.332,1.031
705.362,1.035
705.392,1.013
705.422,1.002
705.452,1.030
705.482,1.023
705.512,1.023
705.542,1.011
705.572,1.039
705.602,1.048
705.632,1.044
705.662,1.025
705.692,1.021
705.722,1.040
705.752,1.042
705.782,1.004
705.812,0.999
705.842,1.006
705.872,1.034
705.902,1.048
705.932,1.042
705.962,1.050
705.992,1.015
706.022,1.052
706.052,1.010
706.082,1.028
706.112,1.004
706.142,1.017
706.172,1.021
706.202,1.042
706.232,1.069
706.262,1.062
706.292,1.043
706.322,1.070
706.352,1.036
706.382,1.031
706.412,1.060
706.442,1.033
706.472,1.025
706.502,1.016
706.532,0.992
706.562,1.025
706.592,1.026
706.622,1.000
706.652,1.040
706.682,1.048
706.712,1.037
706.742,1.025
706.772,1.028
706.802,1.057
706.832,1.040
706.862,1.022
706.892,1.026
706.922,1.058
706.952,1.028
706.982,1.026
707.012,1.020
707.042,0.989
707.072,0.988
707.102,0.970
707.132,0.964
707.162,1.005
707.192,0.982
707.222,1.007
707.252,1.074
707.282,1.041
707.312,1.135
707.342,1.114
707.372,1.086
707.402,1.052
707.432,1.018
707.462,1.004
707.492,1.009
707.522,1.005
707.552,1.016
707.582,1.027
707.612,1.017
707.642,1.016
707.672,1.047
707.702,1.057
707.732,1.076
707.762,1.070
707.792,1.066
707.822,1.025
707.852,1.001
707.882,0.991
707.912,0.990
707.942,1.030
707.972,1.025
708.002,1.035
708.032,1.033
708.062,1.011
708.092,0.988
708.122,1.012
708.152,1.022
708.182,1.008
708.212,1.019
708.242,1.026
708.272,1.025
708.302,1.049
708.332,1.025
708.362,1.004
708.392,1.009
708.422,1.012
708.452,1.012
708.482,1.022
708.512,1.035
708.542,1.030
708.572,1.035
708.602,1.036
708.632,1.032
708.662,1.042
708.692,1.030
708.722,1.021
708.752,1.012
708.782,1.015
708.812,1.022
708.842,1.018
708.872,1.019
708.902,1.021
708.932,1.027
708.962,1.034
708.992,1.039
709.022,1.027
709.052,1.025
709.082,1.031
709.112,1.031
709.142,1.019
709.172,1.026
709.202,1.024
709.232,1.024
709.262,1.024
709.292,1.022
709.322,1.029
709.352,1.028
709.382,1.027
709.412,1.025
709.442,1.019
709.472,1.031
709.502,1.032
709.532,1.037
709.562,1.016
709.592,1.022
709.622,1.019
709.652,1.004
709.682,1.032
709.712,1.029
709.742,1.030
709.772,1.033
709.802,1.025
709.832,1.045
709.862,1.048
709.892,1.019
709.922,1.021
709.952,1.027
709.982,1.013
710.012,1.027
710.042,1.036
710.072,1.031
710.102,1.028
710.132,1.023
710.162,1.029
710.192,1.054
710.222,1.049
710.252,1.024
710.282,1.026
710.312,1.033
710.342,1.004
710.372,1.009
710.402,1.023
710.432,1.000
710.462,1.005
710.492,1.020
710.522,1.034
710.552,1.037
710.582,1.026
710.612,1.029
710.642,1.044
710.672,1.043
710.702,1.047
710.732,1.005
710.762,0.990
710.792,0.992
710.822,1.002
710.852,1.005
710.882,1.006
710.912,1.026
710.942,1.068
710.972,1.046
711.002,1.021
711.032,1.016
711.062,1.030
711.092,1.031
711.122,1.022
711.152,1.005
711.182,1.008
711.212,1.018
711.242,1.033
711.272,0.992
711.302,0.986
711.332,1.021
711.362,1.016
711.392,1.016
711.422,0.999
711.452,0.997
711.482,0.991
711.512,0.977
711.542,1.012
711.572,0.989
711.602,1.035
711.632,1.011
711.662,0.974
711.692,1.021
711.722,1.065
711.752,0.995
711.782,0.941
711.812,1.025
711.842,1.034
711.872,1.000
711.902,0.985
711.932,1.036
711.962,1.090
711.992,1.005
712.022,1.029
712.052,0.993
712.082,1.026
712.112,1.043
712.142,1.007
712.172,1.015
712.202,1.004
712.232,1.043
712.262,1.050
712.292,1.007
712.322,1.028
712.352,1.045
712.382,1.065
712.412,0.983
712.442,0.993
712.472,1.028
712.502,1.045
712.532,1.059
712.562,1.009
712.592,1.041
712.622,1.008
712.652,0.964
712.682,1.000
712.712,1.000
712.742,0.989
712.772,1.049
712.802,1.012
712.832,0.967
712.862,1.052
712.892,1.005
712.922,1.056
712.952,1.058
712.982,1.016
713.012,1.022
713.042,1.042
713.072,1.035
713.102,1.005
713.132,1.036
713.162,1.029
713.192,0.999
713.222,0.999
713.252,1.052
713.282,1.026
713.312,1.004
713.342,1.030
713.372,1.033
713.402,1.065
713.432,1.071
713.462,1.037
713.492,1.029
713.522,1.020
713.552,0.982
713.582,0.974
713.612,1.015
713.642,1.044
713.672,1.068
713.702,1.047
713.732,1.021
713.762,1.014
713.792,1.010
713.822,1.053
713.852,1.039
713.882,1.019
713.912,1.020
713.942,1.015
713.972,1.019
714.002,1.030
714.032,1.026
714.062,1.035
714.092,1.019
714.122,1.025
714.152,1.034
714.182,1.027
714.212,1.026
714.242,1.023
714.272,1.034
714.302,1.024
714.332,1.013
714.362,1.031
714.392,1.031
714.422,1.031
714.452,1.021
714.482,1.020
714.512,1.028
714.542,1.025
714.572,1.027
714.602,1.024
714.632,1.026
714.662,1.021
714.692,1.029
714.722,1.032
714.752,1.029
714.782,1.021
714.812,1.026
714.842,1.019
714.872,0.981
714.902,0.991
714.932,1.012
714.962,1.030
714.992,1.041
715.022,1.047
715.052,1.042
715.082,1.039
715.112,1.039
715.142,1.018
715.172,1.012
715.202,1.041
715.232,1.049
715.262,1.036
715.292,1.010
715.322,1.000
715.352,1.015
715.382,1.022
715.412,1.015
715.442,1.012
715.472,1.020
715.502,1.021
715.532,1.023
715.562,1.021
715.592,1.023
715.622,1.010
715.652,1.020
715.682,1.029
715.712,1.008
715.742,1.028
715.772,1.040
715.802,1.003
715.832,0.998
715.862,1.031
715.892,1.036
715.922,1.057
715.952,1.035
715.982,1.022
716.012,0.987
716.042,0.985
716.072,0.987
716.102,1.008
716.132,1.028
716.162,1.035
716.192,1.025
716.222,1.044
716.252,1.040
716.282,1.021
716.312,1.017
716.342,1.002
716.372,0.995
716.402,1.023
716.432,1.035
716.462,1.036
716.492,1.042
716.522,1.007
716.552,1.037
716.582,1.018
716.612,1.015
716.642,1.016
716.672,1.019
716.702,1.026
716.732,1.021
716.762,1.044
716.792,1.032
716.822,1.025
716.852,1.056
716.882,1.051
716.912,1.015
716.942,1.019
716.972,1.026
717.002,1.013
717.032,1.018
717.062,0.999
717.092,1.014
717.122,1.017
717.152,1.049
717.182,1.050
717.212,1.032
717.242,1.015
717.272,1.018
717.302,1.008
717.332,1.009
717.362,1.003
717.392,0.991
717.422,0.978
717.452,0.964
717.482,1.000
717.512,1.073
717.542,1.057
717.572,1.035
717.602,1.058
717.632,1.079
717.662,1.062
717.692,1.026
717.722,1.014
717.752,1.018
717.782,1.019
717.812,1.001
717.842,1.000
717.872,1.001
717.902,1.017
717.932,1.039
717.962,1.051
717.992,1.052
718.022,1.055
718.052,1.043
718.082,1.063
718.112,1.027
718.142,1.004
718.172,0.985
718.202,0.998
718.232,1.011
718.262,1.003
718.292,1.022
718.322,1.043
718.352,1.048
718.382,1.068
718.412,1.061
718.442,1.025
718.472,1.014
718.502,1.011
718.532,0.989
718.562,1.000
718.592,1.003
718.622,1.045
718.652,1.008
718.682,1.037
718.712,1.042
718.742,1.027
718.772,1.025
718.802,1.009
718.832,1.017
718.862,1.033
718.892,1.029
718.922,1.009
718.952,1.014
718.982,1.016
719.012,1.029
719.042,1.030
719.072,1.027
719.102,1.017
719.132,1.020
719.162,1.014
719.192,1.022
719.222,1.030
719.252,1.021
719.282,1.014
719.312,1.020
719.342,1.021
719.372,1.006
719.402,1.007
719.432,1.021
719.462,1.039
719.492,1.043
719.522,1.025
719.552,1.028
719.582,1.029
719.612,1.043
719.642,1.022
719.672,0.994
719.702,1.013
719.732,1.017
719.762,1.009
719.792,1.029
719.822,1.032
719.852,1.022
719.882,1.042
719.912,1.030
719.942,1.022
719.972,1.021
720.002,1.021
720.032,1.024
720.062,1.022
720.092,1.028
720.122,1.009
720.152,1.019
720.182,0.996
720.212,1.018
720.242,1.005
720.272,1.021
720.302,1.019
720.332,1.019
720.362,1.014
720.392,1.027
720.422,1.020
720.452,1.019
720.482,1.034
720.512,1.023
720.542,1.023
720.572,1.025
720.602,1.025
720.632,1.034
720.662,1.006
720.692,1.009
720.722,1.018
720.752,1.028
720.782,1.017
720.812,1.021
720.842,1.026
720.872,1.021
720.902,1.017
720.932,1.024
720.962,1.029
720.992,1.024
721.022,1.024
721.052,1.024
721.082,1.019
721.112,1.017
721.142,1.019
721.172,1.022
721.202,1.021
721.232,1.018
721.262,1.018
721.292,1.017
721.322,1.013
721.352,1.022
721.382,1.027
721.412,1.047
721.442,1.032
721.472,1.007
721.502,1.008
721.532,1.022
721.562,1.014
721.592,1.024
721.622,1.023
721.652,1.021
721.682,1.031
721.712,1.023
721.742,1.019
721.772,1.025
721.802,1.026
721.832,1.010
721.862,1.016
721.892,1.033
721.922,1.025
721.952,1.018
721.982,1.021
722.012,1.021
722.042,1.008
722.072,1.073
722.102,1.063
722.132,1.039
722.162,1.032
722.192,1.018
722.222,1.014
722.252,1.003
722.282,0.999
722.312,1.003
722.342,1.021
722.372,1.011
722.402,1.019
722.432,1.024
722.462,1.020
722.492,1.021
722.522,1.028
722.552,1.016
722.582,1.022
722.612,1.023
722.642,1.018
722.672,1.016
722.702,1.027
722.732,1.023
722.762,1.009
722.792,1.026
722.822,1.025
722.852,1.021
722.882,1.018
722.912,1.023
722.942,1.018
722.972,1.016
723.002,1.028
723.032,1.021
723.062,1.015
723.092,1.021
723.122,1.023
723.152,1.021
723.182,1.023
723.212,1.023
723.242,1.019
723.272,1.022
723.302,1.020
723.332,1.016
723.362,1.028
723.392,1.029
723.422,1.027
723.452,1.015
723.482,1.020
723.512,1.029
723.542,1.059
723.572,1.020
723.602,1.019
723.632,1.012
723.662,1.006
723.692,0.996
723.722,0.993
723.752,1.002
723.782,1.022
723.812,1.049
723.842,1.037
723.872,1.046
723.902,1.043
723.932,1.018
723.962,0.991
723.992,1.004
724.022,1.017
724.052,1.040
724.082,1.035
724.112,1.016
724.142,1.031
724.172,1.012
724.202,0.999
724.232,1.011
724.262,1.028
724.292,1.004
724.322,1.007
724.352,1.015
724.382,1.023
724.412,1.021
724.442,1.025
724.472,1.038
724.502,1.029
724.532,1.017
724.562,1.017
724.592,1.017
724.622,1.021
724.652,1.029
724.682,1.018
724.712,1.008
724.742,1.032
724.772,1.018
724.802,1.016
724.832,1.022
724.862,1.025
724.892,1.019
724.922,1.008
724.952,1.014
724.982,1.034
725.012,1.028
725.042,1.027
725.072,1.007
725.102,1.024
725.132,1.041
725.162,1.064
725.192,1.065
725.222,1.048
725.252,0.999
725.282,0.999
725.312,1.014
725.342,0.999
725.372,0.996
725.402,1.004
725.432,1.011
725.462,1.029
725.492,1.034
725.522,1.010
725.552,0.997
725.582,1.016
725.612,1.021
725.642,1.004
725.672,0.989
725.702,0.989
725.732,1.005
725.762,1.019
725.792,1.016
725.822,1.023
725.852,1.014
725.882,1.030
725.912,1.011
725.942,0.997
725.972,1.008
726.002,1.010
726.032,0.999
726.062,1.007
726.092,1.010
726.122,1.042
726.152,1.021
726.182,1.015
726.212,1.018
726.242,1.002
726.272,1.008
726.302,1.021
726.332,1.036
726.362,1.045
726.392,1.039
726.422,1.002
726.452,0.963
726.482,0.991
726.512,0.996
726.542,1.021
726.572,1.042
726.602,1.020
726.632,1.031
726.662,1.027
726.692,1.034
726.722,1.036
726.752,1.017
726.782,1.012
726.812,1.025
726.842,1.023
726.872,1.017
726.902,1.012
726.932,1.016
726.962,1.033
726.992,0.999
727.022,1.032
727.052,1.026
727.082,1.034
727.112,1.079
727.142,1.041
727.172,1.029
727.202,0.990
727.232,0.972
727.262,0.986
727.292,1.004
727.322,1.034
727.352,1.024
727.382,1.029
727.412,1.019
727.442,1.021
727.472,1.016
727.502,1.011
727.532,1.021
727.562,1.026
727.592,1.017
727.622,1.019
727.652,1.024
727.682,1.019
727.712,1.012
727.742,1.032
727.772,1.040
727.802,1.028
727.832,1.023
727.862,1.014
727.892,1.022
727.922,1.021
727.952,1.002
727.982,1.023
728.012,1.026
728.042,1.027
728.072,1.011
728.102,1.023
728.132,1.035
728.162,1.032
728.192,1.020
728.222,1.017
728.252,1.012
728.282,1.031
728.312,1.041
728.342,1.006
728.372,1.024
728.402,1.024
728.432,0.987
728.462,0.900
728.492,0.906
728.522,1.050
728.552,1.169
728.582,1.136
728.612,1.075
728.642,1.053
728.672,1.014
728.702,0.957
728.732,1.023
728.762,0.982
728.792,0.905
728.822,0.979
728.852,1.117
728.882,1.098
728.912,1.055
728.942,0.993
728.972,0.987
729.002,0.988
729.032,0.999
729.062,1.020
729.092,1.026
729.122,1.013
729.152,1.034
729.182,1.021
729.212,1.028
729.242,1.025
729.272,1.021
729.302,1.037
729.332,1.052
729.362,1.048
729.392,1.017
729.422,0.994
729.452,0.993
729.482,0.923
729.512,0.985
729.542,0.986
729.572,1.074
729.602,1.076
729.632,1.080
729.662,1.140
729.692,1.054
729.722,1.014
729.752,0.998
729.782,0.988
729.812,0.984
729.842,0.982
729.872,0.986
729.902,1.013
729.932,1.028
729.962,1.054
729.992,1.056
730.022,1.021
730.052,1.007
730.082,1.019
730.112,1.013
730.142,1.009
730.172,1.017
730.202,1.025
730.232,1.029
730.262,1.013
730.292,1.026
730.322,1.040
730.352,1.021
730.382,1.036
730.412,1.032
730.442,1.000
730.472,1.020
730.502,1.025
730.532,1.013
730.562,1.023
730.592,1.036
730.622,1.029
730.652,1.023
730.682,1.026
730.712,1.037
730.742,1.030
730.772,1.025
730.802,1.041
730.832,1.020
730.862,1.035
730.892,1.040
730.922,1.024
730.952,1.016
730.982,1.031
731.012,1.043
731.042,1.021
731.072,1.033
731.102,1.033
731.132,1.023
731.162,1.022
731.192,1.029
731.222,1.031
731.252,1.036
731.282,1.035
731.312,1.027
731.342,1.029
731.372,1.021
731.402,1.030
731.432,1.039
731.462,1.038
731.492,1.038
731.522,1.023
731.552,1.023
731.582,1.033
731.612,1.031
731.642,1.030
731.672,1.032
731.702,1.030
731.732,1.029
731.762,1.025
731.792,1.039
731.822,1.037
731.852,1.025
731.882,1.027
731.912,1.031
731.942,1.030
731.972,1.021
732.002,1.040
732.032,1.036
732.062,1.030
732.092,1.031
732.122,1.024
732.152,1.030
732.182,1.030
732.212,1.032
732.242,1.029
732.272,1.031
732.302,1.034
732.332,1.032
732.362,1.028
732.392,1.034
732.422,1.037
732.452,1.026
732.482,1.029
732.512,1.033
732.542,1.027
732.572,1.032
732.602,1.028
732.632,1.033
732.662,1.031
732.692,1.026
732.722,1.023
732.752,1.033
732.782,1.032
732.812,1.041
732.842,1.021
732.872,1.035
732.902,1.033
732.932,1.022
732.962,1.032
732.992,1.033
733.022,1.032
733.052,1.030
733.082,1.028
733.112,1.022
733.142,1.037
733.172,1.032
733.202,1.025
733.232,1.044
733.262,1.030
733.292,1.026
733.322,1.027
733.352,1.033
733.382,1.030
733.412,1.034
733.442,1.021
733.472,1.028
733.502,1.031
733.532,1.029
733.562,1.033
733.592,1.034
733.622,1.029
733.652,1.032
733.682,1.028
733.712,1.033
733.742,1.021
733.772,1.030
733.802,1.026
733.832,1.034
733.862,1.034
733.892,1.027
733.922,1.036
733.952,1.027
733.982,1.032
734.012,1.024
734.042,1.026
734.072,1.032
734.102,1.028
734.132,1.023
734.162,1.029
734.192,1.035
734.222,1.029
734.252,1.026
734.282,1.033
734.312,1.031
734.342,1.028
734.372,1.035
734.402,1.031
734.432,1.028
734.462,1.033
734.492,1.033
734.522,1.030
734.552,1.032
734.582,1.031
734.612,1.026
734.642,1.034
734.672,1.036
734.702,1.019
734.732,1.035
734.762,1.041
734.792,1.034
734.822,1.027
734.852,1.032
734.882,1.029
734.912,1.030
734.942,1.040
734.972,1.028
735.002,1.040
735.032,1.032
735.062,1.027
735.092,1.028
735.122,1.032
735.152,1.034
735.182,1.029
735.212,1.031
735.242,1.030
735.272,1.030
735.302,1.029
735.332,1.035
735.362,1.034
735.392,1.027
735.422,1.033
735.452,1.031
735.482,1.027
735.512,1.029
735.542,1.031
735.572,1.030
735.602,1.021
735.632,1.041
735.662,1.034
735.692,1.023
735.722,1.027
735.752,1.031
735.782,1.030
735.812,1.028
735.842,1.037
735.872,1.025
735.902,1.033
735.932,1.036
735.962,1.029
735.992,1.028
736.022,1.032
736.052,1.031
736.082,1.030
736.112,1.030
736.142,1.029
736.172,1.029
736.202,1.035
736.232,1.026
736.262,1.031
736.292,1.031
736.322,1.033
736.352,1.026
736.382,1.027
736.412,1.037
736.442,1.030
736.472,1.025
736.502,1.029
736.532,1.035
736.562,1.037
736.592,1.029
736.622,1.029
736.652,1.033
736.682,1.030
736.712,1.030
736.742,1.033
736.772,1.029
736.802,1.031
736.832,1.035
736.862,1.026
736.892,1.028
736.922,1.032
736.952,1.034
736.982,1.034
737.012,1.030
737.042,1.030
737.072,1.030
737.102,1.027
737.132,1.035
737.162,1.031
737.192,1.054
737.222,1.034
737.252,1.019
737.282,1.022
737.312,1.022
737.342,1.018
737.372,1.022
737.402,1.044
737.432,1.025
737.462,1.028
737.492,1.017
737.522,1.020
737.552,1.027
737.582,1.026
737.612,1.035
737.642,1.037
737.672,1.030
737.702,1.025
737.732,1.022
737.762,1.018
737.792,1.038
737.822,1.035
737.852,1.007
737.882,1.030
737.912,1.037
737.942,1.025
737.972,1.041
738.002,1.046
738.032,1.043
738.062,1.040
738.092,1.036
738.122,1.027
738.152,1.023
738.182,1.014
738.212,1.006
738.242,1.017
738.272,1.012
738.302,1.008
738.332,0.990
738.362,1.008
738.392,0.997
738.422,0.995
738.452,1.026
738.482,0.980
738.512,1.077
738.542,1.026
738.572,0.985
738.602,1.057
738.632,1.055
738.662,1.036
738.692,1.057
738.722,1.059
738.752,0.987
738.782,1.021
738.812,1.011
738.842,1.012
738.872,1.024
738.902,1.020
738.932,1.018
738.962,1.010
738.992,1.010
739.022,1.012
739.052,1.012
739.082,1.024
739.112,1.012
739.142,1.014
739.172,1.011
739.202,1.001
739.232,1.025
739.262,1.006
739.292,1.013
739.322,1.015
739.352,1.002
739.382,1.019
739.412,1.011
739.442,1.004
739.472,1.021
739.502,0.998
739.532,1.022
739.562,1.011
739.592,1.009
739.622,1.027
739.652,1.004
739.682,1.021
739.712,1.022
739.742,1.013
739.772,1.021
739.802,0.996
739.832,0.994
739.862,1.019
739.892,1.000
739.922,0.992
739.952,1.004
739.982,1.008
740.012,0.980
740.042,1.025
740.072,1.001
740.102,1.026
740.132,1.013
740.162,1.016
740.192,1.028
740.222,0.999
740.252,1.021
740.282,1.006
740.312,0.981
740.342,0.994
740.372,1.023
740.402,1.013
740.432,1.007
740.462,1.027
740.492,0.981
740.522,0.977
740.552,1.016
740.582,1.018
740.612,1.018
740.642,0.998
740.672,0.997
740.702,0.999
740.732,0.997
740.762,0.994
740.792,1.000
740.822,1.016
740.852,1.007
740.882,0.998
740.912,1.010
740.942,0.999
740.972,1.006
741.002,1.007
741.032,1.003
741.062,1.014
741.092,1.008
741.122,0.995
741.152,1.016
741.182,1.008
741.212,1.012
741.242,1.011
741.272,0.999
741.302,0.998
741.332,1.003
741.362,1.003
741.392,1.009
741.422,1.019
741.452,1.014
741.482,1.003
741.512,1.000
741.542,1.011
741.572,1.016
741.602,1.006
741.632,1.005
741.662,1.005
741.692,1.003
741.722,1.003
741.752,1.010
741.782,1.006
741.812,1.018
741.842,1.009
741.872,0.997
741.902,1.005
741.932,1.007
741.962,1.006
741.992,1.007
742.022,1.004
742.052,1.009
742.082,1.009
742.112,1.015
742.142,1.011
742.172,0.999
742.202,1.000
742.232,1.007
742.262,1.009
742.292,1.004
742.322,1.011
742.352,1.014
742.382,1.001
742.412,1.008
742.442,1.005
742.472,1.006
742.502,1.021
742.532,1.002
742.562,1.011
742.592,1.014
742.622,1.041
742.652,1.076
742.682,1.006
742.712,1.053
742.742,0.999
742.772,1.012
742.802,1.030
742.832,1.011
742.862,1.009
742.892,1.017
742.922,1.107
742.952,0.990
742.982,1.007
743.012,1.016
743.042,0.978
743.072,0.970
743.102,1.017
743.132,1.043
743.162,0.994
743.192,1.013
743.222,1.023
743.252,1.040
743.282,1.017
743.312,1.062
743.342,1.066
743.372,1.023
743.402,1.002
743.432,1.002
743.462,1.020
743.492,1.015
743.522,1.020
743.552,1.043
743.582,1.038
743.612,1.032
743.642,1.030
743.672,1.023
743.702,1.027
743.732,1.009
743.762,1.018
743.792,1.018
743.822,1.021
743.852,1.021
743.882,1.026
743.912,1.031
743.942,1.026
743.972,1.004
744.002,1.023
744.032,1.055
744.062,1.046
744.092,1.026
744.122,1.048
744.152,1.046
744.182,1.035
744.212,1.021
744.242,1.029
744.272,1.028
744.302,1.024
744.332,1.029
744.362,1.050
744.392,1.017
744.422,1.015
744.452,1.035
744.482,1.033
744.512,1.027
744.542,1.031
744.572,1.022
744.602,1.034
744.632,1.025
744.662,1.025
744.692,1.033
744.722,1.030
744.752,1.028
744.782,1.033
744.812,1.034
744.842,1.030
744.872,1.027
744.902,1.022
744.932,1.028
744.962,1.035
744.992,1.031
745.022,1.033
745.052,1.037
745.082,1.023
745.112,1.026
745.142,1.032
745.172,1.030
745.202,1.029
745.232,1.027
745.262,1.027
745.292,1.033
745.322,1.029
745.352,1.033
745.382,1.034
745.412,1.028
745.442,1.029
745.472,1.027
745.502,1.029
745.532,1.028
745.562,1.031
745.592,1.028
745.622,1.029
745.652,1.026
745.682,1.023
745.712,1.030
745.742,1.034
745.772,1.028
745.802,1.028
745.832,1.039
745.862,1.032
745.892,1.025
745.922,1.033
745.952,1.026
745.982,1.029
746.012,1.034
746.042,1.029
746.072,1.030
746.102,1.030
746.132,1.029
746.162,1.026
746.192,1.026
746.222,1.029
746.252,1.034
746.282,1.029
746.312,1.028
746.342,1.027
746.372,1.034
746.402,1.031
746.432,1.026
746.462,1.029
746.492,1.029
746.522,1.029
746.552,1.035
746.582,1.029
746.612,1.021
746.642,1.030
746.672,1.024
746.702,1.026
746.732,1.036
746.762,1.023
746.792,1.030
746.822,1.030
746.852,1.029
746.882,1.029
746.912,1.032
746.942,1.031
746.972,1.032
747.002,1.025
747.032,1.025
747.062,1.029
747.092,1.029
747.122,1.029
747.152,1.030
747.182,1.030
747.212,1.025
747.242,1.037
747.272,1.030
747.302,1.028
747.332,1.027
747.362,1.032
747.392,1.024
747.422,1.034
747.452,1.028
747.482,1.031
747.512,1.028
747.542,1.028
747.572,1.031
747.602,1.028
747.632,1.030
747.662,1.028
747.692,1.033
747.722,1.026
747.752,1.027
747.782,1.036
747.812,1.031
747.842,1.031
747.872,1.029
747.902,1.022
747.932,1.041
747.962,1.036
747.992,1.026
748.022,1.027
748.052,1.031
748.082,1.029
748.112,1.034
748.142,1.025
748.172,1.034
748.202,1.031
748.232,1.030
748.262,1.026
748.292,1.029
748.322,1.032
748.352,1.031
748.382,1.029
748.412,1.029
748.442,1.029
748.472,1.030
748.502,1.029
748.532,1.034
748.562,1.030
748.592,1.028
748.622,1.031
748.652,1.036
748.682,1.028
748.712,1.026
748.742,1.029
748.772,1.029
748.802,1.034
748.832,1.031
748.862,1.032
748.892,1.036
748.922,1.028
748.952,1.028
748.982,1.031
749.012,1.031
749.042,1.033
749.072,1.026
749.102,1.032
749.132,1.035
749.162,1.027
749.192,1.030
749.222,1.027
749.252,1.030
749.282,1.034
749.312,1.032
749.342,1.039
749.372,1.030
749.402,1.027
749.432,1.037
749.462,1.032
749.492,1.021
749.522,1.031
749.552,1.031
749.582,1.028
749.612,1.026
749.642,1.029
749.672,1.022
749.702,1.025
749.732,1.033
749.762,1.027
749.792,1.033
749.822,1.034
749.852,1.028
749.882,1.030
749.912,1.029
749.942,1.032
749.972,1.030
750.002,1.028
750.032,1.035
750.062,1.028
750.092,1.027
750.122,1.030
750.152,1.028
750.182,1.028
750.212,1.036
750.242,1.030
750.272,1.034
750.302,1.030
750.332,1.027
750.362,1.031
750.392,1.033
750.422,1.032
750.452,1.033
750.482,1.032
750.512,1.031
750.542,1.029
750.572,1.032
750.602,1.032
750.632,1.036
750.662,1.025
750.692,1.022
750.722,1.035
750.752,1.033
750.782,1.025
750.812,1.029
750.842,1.034
750.872,1.029
750.902,1.026
750.932,1.026
750.962,1.030
750.992,1.036
751.022,1.030
751.052,1.026
751.082,1.032
751.112,1.032
751.142,1.033
751.172,1.029
751.202,1.024
751.232,1.031
751.262,1.031
751.292,1.029
751.322,1.034
751.352,1.037
751.382,1.026
751.412,1.028
751.442,1.023
751.472,1.037
751.502,1.030
751.532,1.029
751.562,1.029
751.592,1.031
751.622,1.030
751.652,1.038
751.682,1.027
751.712,1.031
751.742,1.023
751.772,1.027
751.802,1.032
751.832,1.026
751.862,1.033
751.892,1.033
751.922,1.027
751.952,1.028
751.982,1.036
752.012,1.030
752.042,1.034
752.072,1.029
752.102,1.025
752.132,1.021
752.162,1.037
752.192,1.032
752.222,1.030
752.252,1.029
752.282,1.036
752.312,1.025
752.342,1.028
752.372,1.021
752.402,1.031
752.432,1.035
752.462,1.025
752.492,1.050
752.522,1.027
752.552,1.031
752.582,1.036
752.612,1.026
752.642,1.025
752.672,1.026
752.702,1.028
752.732,1.033
752.762,1.029
752.792,1.036
752.822,1.036
752.852,1.024
752.882,1.039
752.912,1.029
752.942,1.025
752.972,1.027
753.002,1.032
753.032,1.027
753.062,1.032
753.092,1.024
753.122,1.035
753.152,1.034
753.182,1.028
753.212,1.025
753.242,1.027
753.272,1.021
753.302,1.016
753.332,1.021
753.362,1.023
753.392,1.041
753.422,1.070
753.452,1.014
753.482,0.989
753.512,0.993
753.542,0.983
753.572,0.979
753.602,0.995
753.632,1.011
753.662,1.033
753.692,1.036
753.722,1.040
753.752,1.059
753.782,1.053
753.812,1.022
753.842,1.000
753.872,0.990
753.902,1.011
753.932,1.028
753.962,0.992
753.992,0.992
754.022,1.024
754.052,1.032
754.082,1.037
754.112,1.026
754.142,1.035
754.172,1.036
754.202,1.035
754.232,1.081
754.262,1.093
754.292,1.080
754.322,1.026
754.352,0.990
754.382,0.992
754.412,1.014
754.442,1.014
754.472,1.039
754.502,1.043
754.532,1.046
754.562,1.066
754.592,1.055
754.622,1.037
754.652,1.044
754.682,1.031
754.712,1.027
754.742,1.026
754.772,1.025
754.802,1.032
754.832,1.040
754.862,1.043
754.892,1.021
754.922,1.028
754.952,1.029
754.982,1.024
755.012,1.028
755.042,1.039
755.072,1.030
755.102,1.026
755.132,1.033
755.162,1.030
755.192,1.032
755.222,1.029
755.252,1.010
755.282,1.031
755.312,1.079
755.342,1.023
755.372,1.020
755.402,1.039
755.432,1.041
755.462,1.024
755.492,1.023
755.522,1.025
755.552,1.027
755.582,1.026
755.612,1.024
755.642,1.036
755.672,1.035
755.702,1.040
755.732,1.036
755.762,1.027
755.792,1.033
755.822,1.040
755.852,1.026
755.882,1.031
755.912,1.024
755.942,1.033
755.972,1.035
756.002,1.031
756.032,1.032
756.062,1.032
756.092,1.029
756.122,1.037
756.152,1.028
756.182,1.032
756.212,1.030
756.242,1.028
756.272,1.028
756.302,1.033
756.332,1.031
756.362,1.033
756.392,1.039
756.422,1.033
756.452,1.031
756.482,1.031
756.512,1.022
756.542,1.034
756.572,1.041
756.602,1.021
756.632,1.029
756.662,1.034
756.692,1.025
756.722,1.031
756.752,1.040
756.782,1.033
756.812,1.030
756.842,1.032
756.872,1.027
756.902,1.029
756.932,1.028
756.962,1.032
756.992,1.031
757.022,1.027
757.052,1.030
757.082,1.031
757.112,1.030
757.142,1.027
757.172,1.032
757.202,1.027
757.232,1.031
757.262,1.033
757.292,1.025
757.322,1.028
757.352,1.034
757.382,1.028
757.412,1.029
757.442,1.027
757.472,1.032
757.502,1.033
757.532,1.031
757.562,1.027
757.592,1.030
757.622,1.029
757.652,1.033
757.682,1.026
757.712,1.033
757.742,1.027
757.772,1.021
757.802,1.037
757.832,1.033
757.862,1.026
757.892,1.029
757.922,1.028
757.952,1.027
757.982,1.026
758.012,1.037
758.042,1.029
758.072,1.027
758.102,1.039
758.132,1.032
758.162,1.026
758.192,1.027
758.222,1.037
758.252,1.030
758.282,1.026
758.312,1.031
758.342,1.029
758.372,1.031
758.402,1.030
758.432,1.029
758.462,1.033
758.492,1.032
758.522,1.026
758.552,1.030
758.582,1.033
758.612,1.029
758.642,1.038
758.672,1.030
758.702,1.026
758.732,1.033
758.762,1.025
758.792,1.034
758.822,1.030
758.852,1.025
758.882,1.031
758.912,1.030
758.942,1.028
758.972,1.031
759.002,1.031
759.032,1.029
759.062,1.034
759.092,1.030
759.122,1.028
759.152,1.026
759.182,1.029
759.212,1.032
759.242,1.032
759.272,1.030
759.302,1.025
759.332,1.031
759.362,1.022
759.392,1.040
759.422,1.031
759.452,1.030
759.482,1.032
759.512,1.026
759.542,1.023
759.572,1.031
759.602,1.029
759.632,1.032
759.662,1.033
759.692,1.027
759.722,1.026
759.752,1.035
759.782,1.036
759.812,1.032
759.842,1.028
759.872,1.030
759.902,1.024
759.932,1.028
759.962,1.029
759.992,1.031
760.022,1.032
760.052,1.027
760.082,1.030
760.112,1.029
760.142,1.027
760.172,1.037
760.202,1.036
760.232,1.021
760.262,1.033
760.292,1.030
760.322,1.024
760.352,1.029
760.382,1.024
760.412,1.026
760.442,1.027
760.472,1.036
760.502,1.024
760.532,1.032
760.562,1.033
760.592,1.030
760.622,1.032
760.652,1.034
760.682,1.031
760.712,1.028
760.742,1.024
760.772,1.028
760.802,1.027
760.832,1.030
760.862,1.027
760.892,1.031
760.922,1.029
760.952,1.037
760.982,1.030
761.012,1.025
761.042,1.025
761.072,1.029
761.102,1.033
761.132,1.030
761.162,1.031
761.192,1.032
761.222,1.031
761.252,1.022
761.282,1.022
761.312,1.034
761.342,1.029
761.372,1.025
761.402,1.026
761.432,1.031
761.462,1.027
761.492,1.029
761.522,1.030
761.552,1.023
761.582,1.022
761.612,1.031
761.642,1.029
761.672,1.042
761.702,1.035
761.732,1.027
761.762,1.030
761.792,1.028
761.822,1.020
761.852,1.025
761.882,1.029
761.912,1.035
761.942,1.033
761.972,1.028
762.002,1.025
762.032,1.032
762.062,1.032
762.092,1.034
762.122,1.029
762.152,1.029
762.182,1.027
762.212,1.028
762.242,1.031
762.272,1.031
762.302,1.029
762.332,1.028
762.362,1.025
762.392,1.032
762.422,1.032
762.452,1.028
762.482,1.027
762.512,1.025
762.542,1.028
762.572,1.030
762.602,1.035
762.632,1.027
762.662,1.033
762.692,1.030
762.722,1.031
762.752,1.029
762.782,1.031
762.812,1.025
762.842,1.031
762.872,1.032
762.902,1.028
762.932,1.025
762.962,1.032
762.992,1.033
763.022,1.030
763.052,1.033
763.082,1.026
763.112,1.030
763.142,1.038
763.172,1.029
763.202,1.025
763.232,1.023
763.262,1.027
763.292,1.024
763.322,1.033
763.352,1.027
763.382,1.029
763.412,1.029
763.442,1.031
763.472,1.032
763.502,1.029
763.532,1.030
763.562,1.034
763.592,1.027
763.622,1.028
763.652,1.028
763.682,1.028
763.712,1.034
763.742,1.026
763.772,1.023
763.802,1.031
763.832,1.027
763.862,1.032
763.892,1.030
763.922,1.028
763.952,1.027
763.982,1.032
764.012,1.029
764.042,1.032
764.072,1.026
764.102,1.029
764.132,1.026
764.162,1.027
764.192,1.035
764.222,1.029
764.252,1.028
764.282,1.030
764.312,1.027
764.342,1.023
764.372,1.029
764.402,1.035
764.432,1.027
764.462,1.027
764.492,1.030
764.522,1.023
764.552,1.039
764.582,1.033
764.612,1.021
764.642,1.032
764.672,1.027
764.702,1.024
764.732,1.031
764.762,1.031
764.792,1.032
764.822,1.033
764.852,1.034
764.882,1.037
764.912,1.051
764.942,1.039
764.972,1.034
765.002,1.019
765.032,1.025
765.062,1.026
765.092,1.029
765.122,1.038
765.152,1.035
765.182,1.022
765.212,1.024
765.242,1.039
765.272,1.020
765.302,1.021
765.332,1.031
765.362,1.031
765.392,1.024
765.422,1.034
765.452,1.026
765.482,1.024
765.512,1.030
765.542,1.027
765.572,1.026
765.602,1.034
765.632,1.030
765.662,1.032
765.692,1.036
765.722,1.030
765.752,1.023
765.782,1.025
765.812,1.034
765.842,1.030
765.872,1.032
765.902,1.030
765.932,1.030
765.962,1.033
765.992,1.037
766.022,1.033
766.052,1.032
766.082,1.030
766.112,1.029
766.142,1.027
766.172,1.031
766.202,1.037
766.232,1.031
766.262,1.033
766.292,1.032
766.322,1.031
766.352,1.033
766.382,1.033
766.412,1.035
766.442,1.032
766.472,1.032
766.502,1.031
766.532,1.031
766.562,1.032
766.592,1.034
766.622,1.032
766.652,1.033
766.682,1.032
766.712,1.030
766.742,1.036
766.772,1.032
766.802,1.028
766.832,1.031
766.862,1.033
766.892,1.026
766.922,1.027
766.952,1.037
766.982,1.030
767.012,1.036
767.042,1.030
767.072,1.026
767.102,1.031
767.132,1.030
767.162,1.032
767.192,1.035
767.222,1.030
767.252,1.028
767.282,1.033
767.312,1.033
767.342,1.034
767.372,1.029
767.402,1.031
767.432,1.025
767.462,1.028
767.492,1.034
767.522,1.037
767.552,1.032
767.582,1.030
767.612,1.033
767.642,1.028
767.672,1.031
767.702,1.035
767.732,1.026
767.762,1.030
767.792,1.031
767.822,1.029
767.852,1.030
767.882,1.032
767.912,1.037
767.942,1.030
767.972,1.028
768.002,1.026
768.032,1.026
768.062,1.035
768.092,1.042
768.122,1.027
768.152,1.025
768.182,1.024
768.212,1.026
768.242,1.034
768.272,1.031
768.302,1.030
768.332,1.031
768.362,1.027
768.392,1.026
768.422,1.025
768.452,1.035
768.482,1.026
768.512,1.031
768.542,1.029
768.572,1.030
768.602,1.032
768.632,1.033
768.662,1.035
768.692,1.030
768.722,1.030
768.752,1.035
768.782,1.032
768.812,1.031
768.842,1.034
768.872,1.032
768.902,1.028
768.932,1.032
768.962,1.030
768.992,1.029
769.022,1.031
769.052,1.032
769.082,1.028
769.112,1.029
769.142,1.030
769.172,1.029
769.202,1.030
769.232,1.026
769.262,1.029
769.292,1.033
769.322,1.028
769.352,1.030
769.382,1.031
769.412,1.032
769.442,1.033
769.472,1.026
769.502,1.022
769.532,1.032
769.562,1.027
769.592,1.033
769.622,1.029
769.652,1.028
769.682,1.026
769.712,1.032
769.742,1.036
769.772,1.031
769.802,1.025
769.832,1.031
769.862,1.022
769.892,1.032
769.922,1.033
769.952,1.030
769.982,1.032
770.012,1.030
770.042,1.029
770.072,1.030
770.102,1.029
770.132,1.034
770.162,1.033
770.192,1.028
770.222,1.028
770.252,1.030
770.282,1.028
770.312,1.032
770.342,1.031
770.372,1.032
770.402,1.030
770.432,1.037
770.462,1.035
770.492,1.026
770.522,1.030
770.552,1.024
770.582,1.027
770.612,1.032
770.642,1.029
770.672,1.036
770.702,1.033
770.732,1.026
770.762,1.031
770.792,1.033
770.822,1.032
770.852,1.037
770.882,1.029
770.912,1.029
770.942,1.032
770.972,1.030
771.002,1.031
771.032,1.031
771.062,1.029
771.092,1.033
771.122,1.031
771.152,1.028
771.182,1.028
771.212,1.029
771.242,1.025
771.272,1.029
771.302,1.036
771.332,1.024
771.362,1.029
771.392,1.033
771.422,1.027
771.452,1.033
771.482,1.028
771.512,1.032
771.542,1.036
771.572,1.024
771.602,1.033
771.632,1.030
771.662,1.030
771.692,1.027
771.722,1.024
771.752,1.025
771.782,1.033
771.812,1.033
771.842,1.033
771.872,1.029
771.902,1.025
771.932,1.023
771.962,1.025
771.992,1.027
772.022,1.035
772.052,1.028
772.082,1.030
772.112,1.007
772.142,0.992
772.172,1.024
772.202,1.056
772.232,1.053
772.262,1.040
772.292,1.049
772.322,1.056
772.352,1.036
772.382,0.996
772.412,1.026
772.442,1.026
772.472,1.013
772.502,1.026
772.532,1.041
772.562,1.065
772.592,1.046
772.622,1.039
772.652,1.024
772.682,1.002
772.712,1.012
772.742,1.014
772.772,1.008
772.802,1.005
772.832,1.028
772.862,1.030
772.892,1.027
772.922,1.031
772.952,1.032
772.982,1.020
773.012,1.026
773.042,1.038
773.072,1.026
773.102,1.032
773.132,1.033
773.162,1.021
773.192,1.027
773.222,1.033
773.252,1.031
773.282,1.024
773.312,1.028
773.342,1.030
773.372,1.062
773.402,1.116
773.432,0.997
773.462,0.936
773.492,0.951
773.522,1.043
773.552,1.124
773.582,1.104
773.612,1.038
773.642,1.045
773.672,1.040
773.702,0.995
773.732,0.989
773.762,1.006
773.792,1.043
773.822,1.030
773.852,1.027
773.882,1.045
773.912,1.039
773.942,0.999
773.972,0.992
774.002,1.025
774.032,1.010
774.062,1.028
774.092,1.032
774.122,1.009
774.152,1.026
774.182,1.037
774.212,1.026
774.242,1.022
774.272,1.038
774.302,1.028
774.332,1.023
774.362,1.028
774.392,1.027
774.422,1.026
774.452,1.021
774.482,1.021
774.512,1.021
774.542,1.029
774.572,1.028
774.602,1.025
774.632,1.028
774.662,1.031
774.692,1.023
774.722,1.021
774.752,1.027
774.782,1.030
774.812,1.025
774.842,1.022
774.872,0.977
774.902,0.979
774.932,0.974
774.962,1.004
774.992,1.076
775.022,1.064
775.052,1.108
775.082,1.074
775.112,1.030
775.142,1.000
775.172,1.016
775.202,1.033
775.232,1.010
775.262,1.036
775.292,1.010
775.322,1.048
775.352,1.016
775.382,1.040
775.412,0.988
775.442,1.014
775.472,1.062
775.502,1.060
775.532,0.996
775.562,1.001
775.592,1.011
775.622,1.060
775.652,1.031
775.682,1.062
775.712,1.010
775.742,1.017
775.772,0.970
775.802,0.984
775.832,1.052
775.862,0.994
775.892,0.971
775.922,1.018
775.952,1.054
775.982,1.128
776.012,1.114
776.042,1.090
776.072,1.057
776.102,1.031
776.132,1.031
776.162,1.006
776.192,1.049
776.222,1.002
776.252,1.036
776.282,1.022
776.312,1.022
776.342,1.042
776.372,1.036
776.402,1.066
776.432,1.063
776.462,1.052
776.492,1.061
776.522,1.063
776.552,1.059
776.582,0.999
776.612,1.040
776.642,1.076
776.672,1.059
776.702,1.060
776.732,1.038
776.762,1.013
776.792,1.049
776.822,1.178
776.852,1.050
776.882,0.924
776.912,0.976
776.942,1.087
776.972,1.134
777.002,1.051
777.032,1.060
777.062,1.008
777.092,1.021
777.122,1.038
777.152,1.028
777.182,1.065
777.212,1.060
777.242,1.049
777.272,1.047
777.302,1.045
777.332,1.038
777.362,1.045
777.392,1.062
777.422,1.052
777.452,1.062
777.482,1.047
777.512,1.052
777.542,1.035
777.572,1.034
777.602,1.065
777.632,1.055
777.662,1.052
777.692,1.046
777.722,1.045
777.752,1.048
777.782,1.033
777.812,1.053
777.842,1.059
777.872,1.055
777.902,1.052
777.932,1.051
777.962,1.045
777.992,1.050
778.022,1.048
778.052,1.051
778.082,1.048
778.112,1.052
778.142,1.036
778.172,1.055
778.202,1.043
778.232,1.042
778.262,1.052
778.292,1.039
778.322,1.052
778.352,1.050
778.382,1.046
778.412,1.055
778.442,1.039
778.472,1.044
778.502,1.042
778.532,1.050
778.562,1.058
778.592,1.043
778.622,1.051
778.652,1.042
778.682,1.049
778.712,1.050
778.742,1.045
778.772,1.053
778.802,1.050
778.832,1.045
778.862,1.044
778.892,1.045
778.922,1.053
778.952,1.047
778.982,1.045
779.012,1.048
779.042,1.052
779.072,1.050
779.102,1.038
779.132,1.050
779.162,1.045
779.192,1.064
779.222,1.037
779.252,1.045
779.282,1.054
779.312,1.054
779.342,1.048
779.372,1.046
779.402,1.076
779.432,1.069
779.462,1.043
779.492,1.038
779.522,1.032
779.552,1.052
779.582,1.044
779.612,1.049
779.642,1.050
779.672,1.050
779.702,1.059
779.732,1.071
779.762,1.053
779.792,1.073
779.822,1.076
779.852,1.040
779.882,1.049
779.912,1.050
779.942,1.060
779.972,1.033
780.002,1.032
780.032,1.062
780.062,1.065
780.092,1.085
780.122,1.045
780.152,1.010
780.182,1.048
780.212,1.022
780.242,1.044
780.272,1.066
780.302,1.053
780.332,1.017
780.362,1.020
780.392,1.005
780.422,1.001
780.452,1.040
780.482,1.001
780.512,1.002
780.542,1.051
780.572,1.005
780.602,1.021
780.632,1.036
780.662,1.059
780.692,1.041
780.722,1.037
780.752,1.020
780.782,1.045
780.812,1.010
780.842,1.060
780.872,1.075
780.902,1.017
780.932,1.053
780.962,0.946
780.992,1.123
781.022,0.945
781.052,0.985
781.082,1.079
781.112,0.902
781.142,1.020
781.172,1.079
781.202,1.059
781.232,0.997
781.262,0.927
781.292,1.312
781.322,0.865
781.352,1.093
781.382,0.994
781.412,1.000
781.442,0.991
781.472,1.092
781.502,0.990
781.532,0.997
781.562,1.071
781.592,0.993
781.622,1.121
781.652,1.112
781.682,0.954
781.712,1.268
781.742,0.907
781.772,1.040
781.802,1.012
781.832,1.127
781.862,0.895
781.892,0.971
781.922,0.934
781.952,1.034
781.982,0.936
782.012,1.160
782.042,0.889
782.072,0.819
782.102,1.078
782.132,0.898
782.162,1.005
782.192,1.056
782.222,1.111
782.252,0.903
782.282,0.970
782.312,1.207
782.342,0.996
782.372,1.030
782.402,1.161
782.432,4.230
782.462,1.274
782.492,0.748
782.522,0.880
782.552,0.692
782.582,0.642
782.612,0.922
782.642,1.451
782.672,0.500
782.702,0.357
782.732,1.031
782.762,0.921
782.792,1.083
782.822,1.364
782.852,1.262
782.882,1.517
782.912,1.327
782.942,1.448
782.972,0.989
783.002,1.232
783.032,1.676
783.062,1.006
783.092,0.850
783.122,1.544
783.152,0.977
783.182,0.862
783.212,0.999
783.242,1.082
783.272,0.869
783.302,0.852
783.332,0.973
783.362,1.173
783.392,0.978
783.422,0.985
783.452,1.021
783.482,0.965
783.512,0.959
783.542,0.951
783.572,1.120
783.602,0.916
783.632,0.839
783.662,0.924
783.692,1.054
783.722,1.279
783.752,1.015
783.782,0.934
783.812,0.975
783.842,1.056
783.872,0.823
783.902,1.317
783.932,1.092
783.962,1.024
783.992,0.938
784.022,1.096
784.052,1.204
784.082,0.959
784.112,0.996
784.142,1.013
784.172,1.012
784.202,1.102
784.232,0.897
784.262,1.193
784.292,1.008
784.322,0.907
784.352,1.100
784.382,0.998
784.412,0.968
784.442,0.950
784.472,0.971
784.502,0.977
784.532,1.109
784.562,0.993
784.592,1.007
784.622,1.158
784.652,0.954
784.682,0.927
784.712,1.047
784.742,0.968
784.772,1.131
784.802,0.980
784.832,0.927
784.862,0.926
784.892,1.014
784.922,0.895
784.952,1.087
784.982,1.188
785.012,0.990
785.042,0.974
785.072,1.154
785.102,1.003
785.132,1.000
785.162,1.193
785.192,0.968
785.222,1.090
785.252,1.120
785.282,1.033
785.312,1.100
785.342,1.164
785.372,1.278
785.402,1.068
785.432,0.965
785.462,0.916
785.492,0.941
785.522,1.021
785.552,0.822
785.582,0.674
785.612,0.738
785.642,1.091
785.672,0.869
785.702,1.466
785.732,1.407
785.762,0.863
785.792,1.159
785.822,1.106
785.852,1.197
785.882,1.269
785.912,1.133
785.942,0.636
785.972,0.953
786.002,1.451
786.032,1.128
786.062,1.021
786.092,1.355
786.122,1.333
786.152,1.298
786.182,0.882
786.212,0.962
786.242,1.292
786.272,1.009
786.302,1.109
786.332,1.103
786.362,1.089
786.392,1.200
786.422,1.067
786.452,0.896
786.482,1.006
786.512,0.975
786.542,0.850
786.572,0.789
786.602,1.948
786.632,0.800
786.662,1.063
786.692,0.969
786.722,0.910
786.752,1.095
786.782,1.097
786.812,1.046
786.842,0.982
786.872,1.033
786.902,1.051
786.932,1.023
786.962,1.029
786.992,1.061
787.022,0.910
787.052,1.112
787.082,1.016
787.112,1.027
787.142,1.062
787.172,1.028
787.202,1.059
787.232,1.032
787.262,1.062
787.292,1.075
787.322,1.061
787.352,1.058
787.382,1.060
787.412,1.017
787.442,1.037
787.472,1.033
787.502,1.041
787.532,1.042
787.562,1.041
787.592,1.039
787.622,1.051
787.652,1.047
787.682,1.039
787.712,1.050
787.742,1.049
787.772,1.035
787.802,1.041
787.832,1.051
787.862,1.045
787.892,1.051
787.922,1.041
787.952,1.038
787.982,1.031
788.012,1.058
788.042,1.051
788.072,1.033
788.102,1.051
788.132,1.052
788.162,1.056
788.192,1.051
788.222,1.045
788.252,1.032
788.282,1.029
788.312,1.047
788.342,1.049
788.372,1.031
788.402,1.043
788.432,1.055
788.462,1.028
788.492,1.041
788.522,1.050
788.552,1.049
788.582,1.042
788.612,1.056
788.642,1.047
788.672,1.038
788.702,1.047
788.732,1.050
788.762,1.040
788.792,1.043
788.822,1.048
788.852,1.044
788.882,1.044
788.912,1.051
788.942,1.045
788.972,1.038
789.002,1.047
789.032,1.049
789.062,1.040
789.092,1.049
789.122,1.050
789.152,1.043
789.182,1.042
789.212,1.043
789.242,1.056
789.272,1.028
789.302,1.050
789.332,1.051
789.362,1.032
789.392,1.052
789.422,1.047
789.452,1.040
789.482,1.049
789.512,1.046
789.542,1.044
789.572,1.046
789.602,1.048
789.632,1.050
789.662,1.040
789.692,1.050
789.722,1.048
789.752,1.043
789.782,1.046
789.812,1.047
789.842,1.040
789.872,1.044
789.902,1.047
789.932,1.040
789.962,1.046
789.992,1.047
790.022,1.049
790.052,1.042
790.082,1.046
790.112,1.043
790.142,1.042
790.172,1.046
790.202,1.047
790.232,1.043
790.262,1.043
790.292,1.052
790.322,1.040
790.352,1.046
790.382,1.046
790.412,1.046
790.442,1.045
790.472,1.046
790.502,1.040
790.532,1.046
790.562,1.049
790.592,1.046
790.622,1.046
790.652,1.046
790.682,1.045
790.712,1.045
790.742,1.049
790.772,1.049
790.802,1.042
790.832,1.052
790.862,1.044
790.892,1.039
790.922,1.046
790.952,1.046
790.982,1.039
791.012,1.046
791.042,1.050
791.072,1.047
791.102,1.049
791.132,1.048
791.162,1.049
791.192,1.040
791.222,1.048
791.252,1.050
791.282,1.043
791.312,1.042
791.342,1.044
791.372,1.046
791.402,1.047
791.432,1.044
791.462,1.044
791.492,1.046
791.522,1.049
791.552,1.044
791.582,1.042
791.612,1.049
791.642,1.045
791.672,1.045
791.702,1.044
791.732,1.045
791.762,1.043
791.792,1.045
791.822,1.047
791.852,1.046
791.882,1.046
791.912,1.047
791.942,1.046
791.972,1.045
792.002,1.045
792.032,1.041
792.062,1.045
792.092,1.046
792.122,1.045
792.152,1.044
792.182,1.044
792.212,1.049
792.242,1.046
792.272,1.046
792.302,1.047
792.332,1.043
792.362,1.042
792.392,1.045
792.422,1.044
792.452,1.049
792.482,1.048
792.512,1.041
792.542,1.045
792.572,1.045
792.602,1.041
792.632,1.047
792.662,1.047
792.692,1.045
792.722,1.047
792.752,1.045
792.782,1.049
792.812,1.042
792.842,1.045
792.872,1.048
792.902,1.045
792.932,1.046
792.962,1.044
792.992,1.047
793.022,1.043
793.052,1.048
793.082,1.047
793.112,1.046
793.142,1.043
793.172,1.045
793.202,1.047
793.232,1.039
793.262,1.042
793.292,1.042
793.322,1.043
793.352,1.049
793.382,1.047
793.412,1.045
793.442,1.044
793.472,1.044
793.502,1.045
793.532,1.038
793.562,1.049
793.592,1.043
793.622,1.046
793.652,1.044
793.682,1.048
793.712,1.043
793.742,1.047
793.772,1.049
793.802,1.041
793.832,1.042
793.862,1.042
793.892,1.045
793.922,1.043
793.952,1.043
793.982,1.043
794.012,1.046
794.042,1.045
794.072,1.040
794.102,1.051
794.132,1.040
794.162,1.044
794.192,1.045
794.222,1.044
794.252,1.045
794.282,1.040
794.312,1.050
794.342,1.045
794.372,1.043
794.402,1.041
794.432,1.044
794.462,1.035
794.492,1.045
794.522,1.049
794.552,1.034
794.582,1.049
794.612,1.047
794.642,1.044
794.672,1.047
794.702,1.042
794.732,1.048
794.762,1.042
794.792,1.031
794.822,1.046
794.852,1.034
794.882,1.049
794.912,1.050
794.942,1.048
794.972,1.053
795.002,1.045
795.032,1.044
795.062,1.042
795.092,1.040
795.122,1.043
795.152,1.045
795.182,1.046
795.212,1.045
795.242,1.047
795.272,1.048
795.302,1.040
795.332,1.045
795.362,1.049
795.392,1.043
795.422,1.042
795.452,1.046
795.482,1.041
795.512,1.041
795.542,1.050
795.572,1.046
795.602,1.044
795.632,1.048
795.662,1.047
795.692,1.042
795.722,1.043
795.752,1.046
795.782,1.044
795.812,1.047
795.842,1.047
795.872,1.045
795.902,1.050
795.932,1.049
795.962,1.047
795.992,1.042
796.022,1.042
796.052,1.041
796.082,1.046
796.112,1.044
796.142,1.044
796.172,1.047
796.202,1.047
796.232,1.049
796.262,1.043
796.292,1.042
796.322,1.044
796.352,1.044
796.382,1.047
796.412,1.045
796.442,1.046
796.472,1.042
796.502,1.045
796.532,1.045
796.562,1.042
796.592,1.044
796.622,1.048
796.652,1.042
796.682,1.047
796.712,1.051
796.742,1.045
796.772,1.043
796.802,1.047
796.832,1.043
796.862,1.043
796.892,1.046
796.922,1.047
796.952,1.048
796.982,1.047
797.012,1.045
797.042,1.039
797.072,1.041
797.102,1.042
797.132,1.047
797.162,1.043
797.192,1.046
797.222,1.041
797.252,1.047
797.282,1.049
797.312,1.043
797.342,1.046
797.372,1.042
797.402,1.048
797.432,1.041
797.462,1.046
797.492,1.049
797.522,1.045
797.552,1.045
797.582,1.049
797.612,1.041
797.642,1.051
797.672,1.050
797.702,1.046
797.732,1.041
797.762,1.041
797.792,1.047
797.822,1.044
797.852,1.048
797.882,1.047
797.912,1.044
797.942,1.046
797.972,1.049
798.002,1.045
798.032,1.047
798.062,1.048
798.092,1.044
798.122,1.044
798.152,1.049
798.182,1.044
798.212,1.046
798.242,1.050
798.272,1.045
798.302,1.050
798.332,1.045
798.362,1.044
798.392,1.040
798.422,1.047
798.452,1.044
798.482,1.043
798.512,1.049
798.542,1.046
798.572,1.047
798.602,1.049
798.632,1.044
798.662,1.046
798.692,1.043
798.722,1.041
798.752,1.042
798.782,1.035
798.812,1.032
798.842,1.052
798.872,1.063
798.902,1.041
798.932,1.047
798.962,1.049
798.992,1.033
799.022,1.047
799.052,1.046
799.082,1.047
799.112,1.044
799.142,1.050
799.172,1.048
799.202,1.039
799.232,1.045
799.262,1.051
799.292,1.044
799.322,1.043
799.352,1.046
799.382,1.043
799.412,1.039
799.442,1.046
799.472,1.045
799.502,1.043
799.532,1.047
799.562,1.044
799.592,1.043
799.622,1.048
799.652,1.042
799.682,1.040
799.712,1.049
799.742,1.046
799.772,1.041
799.802,1.044
799.832,1.048
799.862,1.041
799.892,1.046
799.922,1.049
799.952,1.044
799.982,1.046
800.012,1.047
800.042,1.042
800.072,1.043
800.102,1.044
800.132,1.054
800.162,1.032
800.192,1.024
800.222,1.046
800.252,1.052
800.282,1.058
800.312,1.051
800.342,1.043
800.372,1.038
800.402,1.040
800.432,1.041
800.462,1.040
800.492,1.047
800.522,1.048
800.552,1.043
800.582,1.048
800.612,1.047
800.642,1.046
800.672,1.051
800.702,1.046
800.732,1.043
800.762,1.041
800.792,1.036
800.822,1.043
800.852,1.044
800.882,1.044
800.912,1.042
800.942,1.044
800.972,1.046
801.002,1.046
801.032,1.051
801.062,1.049
801.092,1.045
801.122,1.050
801.152,1.047
801.182,1.043
801.212,1.043
801.242,1.047
801.272,1.047
801.302,1.046
801.332,1.045
801.362,1.044
801.392,1.041
801.422,1.048
801.452,1.048
801.482,1.044
801.512,1.048
801.542,1.049
801.572,1.044
801.602,1.045
801.632,1.046
801.662,1.046
801.692,1.044
801.722,1.048
801.752,1.046
801.782,1.043
801.812,1.045
801.842,1.046
801.872,1.046
801.902,1.047
801.932,1.043
801.962,1.046
801.992,1.049
802.022,1.042
802.052,1.046
802.082,1.042
802.112,1.045
802.142,1.048
802.172,1.045
802.202,1.050
802.232,1.045
802.262,1.046
802.292,1.047
802.322,1.044
802.352,1.050
802.382,1.039
802.412,1.054
802.442,1.045
802.472,1.044
802.502,1.054
802.532,1.044
802.562,1.047
802.592,1.049
802.622,1.044
802.652,1.042
802.682,1.043
802.712,1.048
802.742,1.046
802.772,1.043
802.802,1.047
802.832,1.043
802.862,1.047
802.892,1.050
802.922,1.041
802.952,1.039
802.982,1.050
803.012,1.042
803.042,1.042
803.072,1.046
803.102,1.043
803.132,1.049
803.162,1.041
803.192,1.045
803.222,1.049
803.252,1.036
803.282,1.045
803.312,1.050
803.342,1.040
803.372,1.045
803.402,1.051
803.432,1.043
803.462,1.046
803.492,1.049
803.522,1.044
803.552,1.046
803.582,1.050
803.612,1.048
803.642,1.041
803.672,1.049
803.702,1.044
803.732,1.043
803.762,1.048
803.792,1.051
803.822,1.047
803.852,1.046
803.882,1.049
803.912,1.041
803.942,1.044
803.972,1.046
804.002,1.044
804.032,1.040
804.062,1.044
804.092,1.049
804.122,1.043
804.152,1.049
804.182,1.047
804.212,1.042
804.242,1.046
804.272,1.048
804.302,1.041
804.332,1.039
804.362,1.047
804.392,1.053
804.422,1.044
804.452,1.042
804.482,1.045
804.512,1.046
804.542,1.043
804.572,1.049
804.602,1.053
804.632,1.037
804.662,1.053
804.692,1.046
804.722,1.038
804.752,1.043
804.782,1.046
804.812,1.044
804.842,1.046
804.872,1.049
804.902,1.043
804.932,1.043
804.962,1.048
804.992,1.045
805.022,1.044
805.052,1.046
805.082,1.046
805.112,1.044
805.142,1.044
805.172,1.046
805.202,1.043
805.232,1.042
805.262,1.046
805.292,1.040
805.322,1.044
805.352,1.048
805.382,1.043
805.412,1.041
805.442,1.045
805.472,1.045
805.502,1.042
805.532,1.045
805.562,1.046
805.592,1.045
805.622,1.048
805.652,1.048
805.682,1.046
805.712,1.041
805.742,1.040
805.772,1.040
805.802,1.047
805.832,1.049
805.862,1.041
805.892,1.046
805.922,1.046
805.952,1.047
805.982,1.043
806.012,1.047
806.042,1.049
806.072,1.044
806.102,1.047
806.132,1.050
806.162,1.041
806.192,1.047
806.222,1.049
806.252,1.043
806.282,1.047
806.312,1.045
806.342,1.046
806.372,1.042
806.402,1.039
806.432,1.041
806.462,1.051
806.492,1.047
806.522,1.044
806.552,1.049
806.582,1.047
806.612,1.044
806.642,1.044
806.672,1.045
806.702,1.043
806.732,1.042
806.762,1.046
806.792,1.043
806.822,1.046
806.852,1.045
806.882,1.049
806.912,1.045
806.942,1.045
806.972,1.043
807.002,1.044
807.032,1.047
807.062,1.045
807.092,1.047
807.122,1.047
807.152,1.044
807.182,1.055
807.212,1.052
807.242,1.052
807.272,1.043
807.302,1.045
807.332,1.044
807.362,1.045
807.392,1.046
807.422,1.049
807.452,1.045
807.482,1.043
807.512,1.050
807.542,1.045
807.572,1.042
807.602,1.042
807.632,1.044
807.662,1.036
807.692,1.038
807.722,1.048
807.752,1.041
807.782,1.046
807.812,1.045
807.842,1.047
807.872,1.047
807.902,1.044
807.932,1.050
807.962,1.047
807.992,1.041
808.022,1.045
808.052,1.045
808.082,1.039
808.112,1.044
808.142,1.049
808.172,1.048
808.202,1.040
808.232,1.049
808.262,1.043
808.292,1.046
808.322,1.052
808.352,1.047
808.382,1.042
808.412,1.046
808.442,1.040
808.472,1.045
808.502,1.046
808.532,1.044
808.562,1.048
808.592,1.046
808.622,1.042
808.652,1.046
808.682,1.047
808.712,1.045
808.742,1.051
808.772,1.045
808.802,1.045
808.832,1.050
808.862,1.048
808.892,1.048
808.922,1.044
808.952,1.046
808.982,1.043
809.012,1.046
809.042,1.048
809.072,1.045
809.102,1.045
809.132,1.043
809.162,1.043
809.192,1.044
809.222,1.046
809.252,1.043
809.282,1.044
809.312,1.048
809.342,1.042
809.372,1.038
809.402,1.044
809.432,1.046
809.462,1.043
809.492,1.047
809.522,1.047
809.552,1.052
809.582,1.047
809.612,1.041
809.642,1.043
809.672,1.045
809.702,1.050
809.732,1.049
809.762,1.041
809.792,1.049
809.822,1.046
809.852,1.042
809.882,1.046
809.912,1.043
809.942,1.040
809.972,1.032
810.002,1.042
810.032,1.046
810.062,1.040
810.092,1.051
810.122,1.051
810.152,1.040
810.182,1.045
810.212,1.045
810.242,1.046
810.272,1.049
810.302,1.047
810.332,1.044
810.362,1.044
810.392,1.045
810.422,1.041
810.452,1.043
810.482,1.048
810.512,1.046
810.542,1.047
810.572,1.051
810.602,1.047
810.632,1.047
810.662,1.044
810.692,1.046
810.722,1.043
810.752,1.045
810.782,1.040
810.812,1.044
810.842,1.045
810.872,1.044
810.902,1.044
810.932,1.046
810.962,1.045
810.992,1.041
811.022,1.045
811.052,1.042
811.082,1.046
811.112,1.042
811.142,1.047
811.172,1.048
811.202,1.046
811.232,1.046
811.262,1.044
811.292,1.049
811.322,1.046
811.352,1.049
811.382,1.049
811.412,1.047
811.442,1.044
811.472,1.044
811.502,1.042
811.532,1.044
811.562,1.050
811.592,1.047
811.622,1.045
811.652,1.047
811.682,1.043
811.712,1.035
811.742,1.044
811.772,1.046
811.802,1.049
811.832,1.048
811.862,1.045
811.892,1.036
811.922,1.046
811.952,1.044
811.982,1.040
812.012,1.047
812.042,1.046
812.072,1.048
812.102,1.045
812.132,1.049
812.162,1.052
812.192,1.041
812.222,1.046
812.252,1.044
812.282,1.038
812.312,1.046
812.342,1.045
812.372,1.039
812.402,1.045
812.432,1.047
812.462,1.044
812.492,1.048
812.522,1.051
812.552,1.042
812.582,1.047
812.612,1.046
812.642,1.048
812.672,1.048
812.702,1.051
812.732,1.048
812.762,1.045
812.792,1.049
812.822,1.045
812.852,1.046
812.882,1.045
812.912,1.042
812.942,1.042
812.972,1.046
813.002,1.041
813.032,1.043
813.062,1.044
813.092,1.045
813.122,1.044
813.152,1.042
813.182,1.046
813.212,1.044
813.242,1.043
813.272,1.045
813.302,1.047
813.332,1.046
813.362,1.044
813.392,1.046
813.422,1.042
813.452,1.044
813.482,1.047
813.512,1.046
813.542,1.047
813.572,1.049
813.602,1.043
813.632,1.045
813.662,1.046
813.692,1.043
813.722,1.047
813.752,1.049
813.782,1.046
813.812,1.049
813.842,1.044
813.872,1.046
813.902,1.047
813.932,1.047
813.962,1.041
813.992,1.044
814.022,1.047
814.052,1.043
814.082,1.048
814.112,1.048
814.142,1.046
814.172,1.044
814.202,1.049
814.232,1.048
814.262,1.047
814.292,1.050
814.322,1.046
814.352,1.038
814.382,1.047
814.412,1.033
814.442,1.045
814.472,1.041
814.502,1.041
814.532,1.044
814.562,1.044
814.592,1.045
814.622,1.040
814.652,1.047
814.682,1.048
814.712,1.046
814.742,1.051
814.772,1.037
814.802,1.046
814.832,1.036
814.862,1.043
814.892,1.042
814.922,1.042
814.952,1.041
814.982,1.049
815.012,1.042
815.042,1.044
815.072,1.045
815.102,1.037
815.132,1.053
815.162,1.058
815.192,1.035
815.222,1.043
815.252,1.043
815.282,1.048
815.312,1.048
815.342,1.040
815.372,1.049
815.402,1.048
815.432,1.041
815.462,1.045
815.492,1.049
815.522,1.042
815.552,1.047
815.582,1.045
815.612,1.047
815.642,1.046
815.672,1.047
815.702,1.048
815.732,1.045
815.762,1.046
815.792,1.046
815.822,1.047
815.852,1.045
815.882,1.050
815.912,1.044
815.942,1.044
815.972,1.047
816.002,1.048
816.032,1.047
816.062,1.046
816.092,1.046
816.122,1.044
816.152,1.045
816.182,1.048
816.212,1.045
816.242,1.045
816.272,1.048
816.302,1.045
816.332,1.045
816.362,1.045
816.392,1.049
816.422,1.042
816.452,1.044
816.482,1.043
816.512,1.045
816.542,1.045
816.572,1.043
816.602,1.047
816.632,1.045
816.662,1.045
816.692,1.043
816.722,1.045
816.752,1.044
816.782,1.046
816.812,1.045
816.842,1.044
816.872,1.049
816.902,1.040
816.932,1.045
816.962,1.045
816.992,1.046
817.022,1.045
817.052,1.047
817.082,1.044
817.112,1.049
817.142,1.045
817.172,1.049
817.202,1.047
817.232,1.045
817.262,1.048
817.292,1.043
817.322,1.041
817.352,1.045
817.382,1.048
817.412,1.044
817.442,1.046
817.472,1.042
817.502,1.047
817.532,1.044
817.562,1.042
817.592,1.047
817.622,1.044
817.652,1.045
817.682,1.047
817.712,1.043
817.742,1.041
817.772,1.043
817.802,1.045
817.832,1.043
817.862,1.046
817.892,1.045
817.922,1.047
817.952,1.042
817.982,1.041
818.012,1.044
818.042,1.046
818.072,1.047
818.102,1.044
818.132,1.045
818.162,1.047
818.192,1.044
818.222,1.049
818.252,1.048
818.282,1.043
818.312,1.044
818.342,1.045
818.372,1.044
818.402,1.044
818.432,1.046
818.462,1.042
818.492,1.044
818.522,1.043
818.552,1.047
818.582,1.047
818.612,1.046
818.642,1.045
818.672,1.045
818.702,1.048
818.732,1.041
818.762,1.042
818.792,1.042
818.822,1.045
818.852,1.041
818.882,1.040
818.912,1.044
818.942,1.045
818.972,1.044
819.002,1.046
819.032,1.046
819.062,1.046
819.092,1.045
819.122,1.044
819.152,1.046
819.182,1.049
819.212,1.042
819.242,1.048
819.272,1.044
819.302,1.045
819.332,1.047
819.362,1.043
819.392,1.046
819.422,1.043
819.452,1.046
819.482,1.047
819.512,1.048
819.542,1.049
819.572,1.043
819.602,1.044
819.632,1.048
819.662,1.048
819.692,1.043
819.722,1.045
819.752,1.044
819.782,1.047
819.812,1.046
819.842,1.045
819.872,1.046
819.902,1.046
819.932,1.047
819.962,1.044
819.992,1.042
820.022,1.046
820.052,1.048
820.082,1.040
820.112,1.046
820.142,1.048
820.172,1.045
820.202,1.049
820.232,1.045
820.262,1.046
820.292,1.045
820.322,1.049
820.352,1.047
820.382,1.042
820.412,1.046
820.442,1.043
820.472,1.047
820.502,1.041
820.532,1.050
820.562,1.045
820.592,1.044
820.622,1.046
820.652,1.041
820.682,1.042
820.712,1.046
820.742,1.044
820.772,1.042
820.802,1.046
820.832,1.048
820.862,1.047
820.892,1.044
820.922,1.048
820.952,1.042
820.982,1.040
821.012,1.044
821.042,1.049
821.072,1.046
821.102,1.050
821.132,1.044
821.162,1.059
821.192,1.043
821.222,1.050
821.252,1.046
821.282,1.042
821.312,1.041
821.342,1.044
821.372,1.046
821.402,1.051
821.432,1.048
821.462,1.045
821.492,1.045
821.522,1.047
821.552,1.045
821.582,1.048
821.612,1.045
821.642,1.043
821.672,1.044
821.702,1.040
821.732,1.042
821.762,1.045
821.792,1.043
821.822,1.047
821.852,1.045
821.882,1.044
821.912,1.046
821.942,1.047
821.972,1.042
822.002,1.045
822.032,1.043
822.062,1.043
822.092,1.046
822.122,1.046
822.152,1.049
822.182,1.047
822.212,1.043
822.242,1.047
822.272,1.047
822.302,1.043
822.332,1.054
822.362,1.039
822.392,1.049
822.422,1.047
822.452,1.040
822.482,1.041
822.512,1.054
822.542,1.068
822.572,1.066
822.602,1.053
822.632,1.046
822.662,1.041
822.692,1.034
822.722,1.036
822.752,1.039
822.782,1.048
822.812,1.044
822.842,1.049
822.872,1.047
822.902,1.041
822.932,1.043
822.962,1.045
822.992,1.043
823.022,1.046
823.052,1.042
823.082,1.046
823.112,1.047
823.142,1.046
823.172,1.045
823.202,1.045
823.232,1.045
823.262,1.047
823.292,1.043
823.322,1.047
823.352,1.046
823.382,1.045
823.412,1.048
823.442,1.038
823.472,1.047
823.502,1.045
823.532,1.046
823.562,1.045
823.592,1.040
823.622,1.043
823.652,1.045
823.682,1.044
823.712,1.040
823.742,1.043
823.772,1.047
823.802,1.048
823.832,1.045
823.862,1.043
823.892,1.045
823.922,1.059
823.952,1.059
823.982,1.046
824.012,1.045
824.042,1.038
824.072,1.037
824.102,1.054
824.132,1.046
824.162,1.043
824.192,1.044
824.222,1.048
824.252,1.046
824.282,1.037
824.312,1.045
824.342,1.053
824.372,1.048
824.402,1.043
824.432,1.042
824.462,1.051
824.492,1.046
824.522,1.046
824.552,1.043
824.582,1.049
824.612,1.048
824.642,1.042
824.672,1.047
824.702,1.050
824.732,1.039
824.762,1.048
824.792,1.049
824.822,1.036
824.852,1.049
824.882,1.050
824.912,1.044
824.942,1.044
824.972,1.052
825.002,1.048
825.032,1.034
825.062,1.049
825.092,1.052
825.122,1.036
825.152,1.047
825.182,1.052
825.212,1.040
825.242,1.046
825.272,1.045
825.302,1.048
825.332,1.044
825.362,1.048
825.392,1.053
825.422,1.050
825.452,1.042
825.482,1.046
825.512,1.045
825.542,1.047
825.572,1.044
825.602,1.048
825.632,1.043
825.662,1.047
825.692,1.046
825.722,1.043
825.752,1.051
825.782,1.046
825.812,1.048
825.842,1.049
825.872,1.044
825.902,1.044
825.932,1.046
825.962,1.043
825.992,1.044
826.022,1.049
826.052,1.047
826.082,1.048
826.112,1.044
826.142,1.047
826.172,1.046
826.202,1.044
826.232,1.048
826.262,1.041
826.292,1.046
826.322,1.045
826.352,1.041
826.382,1.046
826.412,1.049
826.442,1.044
826.472,1.046
826.502,1.045
826.532,1.047
826.562,1.047
826.592,1.037
826.622,1.045
826.652,1.041
826.682,1.048
826.712,1.046
826.742,1.034
826.772,1.049
826.802,1.046
826.832,1.040
826.862,1.042
826.892,1.048
826.922,1.048
826.952,1.040
826.982,1.050
827.012,1.043
827.042,1.035
827.072,1.047
827.102,1.045
827.132,1.040
827.162,1.045
827.192,1.045
827.222,1.044
827.252,1.043
827.282,1.050
827.312,1.042
827.342,1.041
827.372,1.049
827.402,1.044
827.432,1.045
827.462,1.048
827.492,1.047
827.522,1.045
827.552,1.042
827.582,1.048
827.612,1.047
827.642,1.046
827.672,1.047
827.702,1.042
827.732,1.045
827.762,1.043
827.792,1.045
827.822,1.047
827.852,1.046
827.882,1.048
827.912,1.045
827.942,1.040
827.972,1.045
828.002,1.045
828.032,1.042
828.062,1.042
828.092,1.047
828.122,1.045
828.152,1.046
828.182,1.046
828.212,1.042
828.242,1.043
828.272,1.043
828.302,1.045
828.332,1.041
828.362,1.045
828.392,1.047
828.422,1.046
828.452,1.044
828.482,1.047
828.512,1.043
828.542,1.044
828.572,1.043
828.602,1.042
828.632,1.048
828.662,1.043
828.692,1.044
828.722,1.046
828.752,1.045
828.782,1.045
828.812,1.047
828.842,1.045
828.872,1.046
828.902,1.043
828.932,1.048
828.962,1.043
828.992,1.043
829.022,1.042
829.052,1.043
829.082,1.044
829.112,1.042
829.142,1.045
829.172,1.046
829.202,1.045
829.232,1.043
829.262,1.045
829.292,1.045
829.322,1.046
829.352,1.048
829.382,1.043
829.412,1.043
829.442,1.045
829.472,1.047
829.502,1.044
829.532,1.043
829.562,1.046
829.592,1.048
829.622,1.043
829.652,1.048
829.682,1.049
829.712,1.042
829.742,1.048
829.772,1.042
829.802,1.047
829.832,1.048
829.862,1.044
829.892,1.042
829.922,1.048
829.952,1.045
829.982,1.046
830.012,1.044
830.042,1.046
830.072,1.044
830.102,1.047
830.132,1.045
830.162,1.044
830.192,1.044
830.222,1.041
830.252,1.048
830.282,1.042
830.312,1.045
830.342,1.047
830.372,1.043
830.402,1.043
830.432,1.047
830.462,1.044
830.492,1.045
830.522,1.045
830.552,1.046
830.582,1.044
830.612,1.044
830.642,1.044
830.672,1.041
830.702,1.044
830.732,1.047
830.762,1.043
830.792,1.041
830.822,1.047
830.852,1.045
830.882,1.044
830.912,1.048
830.942,1.045
830.972,1.048
831.002,1.040
831.032,1.046
831.062,1.044
831.092,1.045
831.122,1.046
831.152,1.045
831.182,1.040
831.212,1.043
831.242,1.042
831.272,1.044
831.302,1.044
831.332,1.045
831.362,1.046
831.392,1.045
831.422,1.050
831.452,1.047
831.482,1.044
831.512,1.042
831.542,1.043
831.572,1.045
831.602,1.042
831.632,1.044
831.662,1.042
831.692,1.043
831.722,1.045
831.752,1.047
831.782,1.044
831.812,1.043
831.842,1.046
831.872,1.045
831.902,1.042
831.932,1.045
831.962,1.044
831.992,1.044
832.022,1.046
832.052,1.044
832.082,1.045
832.112,1.046
832.142,1.043
832.172,1.044
832.202,1.043
832.232,1.047
832.262,1.044
832.292,1.047
832.322,1.044
832.352,1.046
832.382,1.042
832.412,1.045
832.442,1.044
832.472,1.049
832.502,1.044
832.532,1.046
832.562,1.042
832.592,1.048
832.622,1.045
832.652,1.043
832.682,1.042
832.712,1.043
832.742,1.048
832.772,1.046
832.802,1.045
832.832,1.044
832.862,1.043
832.892,1.042
832.922,1.041
832.952,1.048
832.982,1.040
833.012,1.044
833.042,1.043
833.072,1.046
833.102,1.045
833.132,1.047
833.162,1.043
833.192,1.043
833.222,1.042
833.252,1.044
833.282,1.044
833.312,1.048
833.342,1.043
833.372,1.047
833.402,1.041
833.432,1.045
833.462,1.042
833.492,1.044
833.522,1.045
833.552,1.046
833.582,1.045
833.612,1.042
833.642,1.045
833.672,1.045
833.702,1.044
833.732,1.044
833.762,1.044
833.792,1.044
833.822,1.041
833.852,1.046
833.882,1.044
833.912,1.046
833.942,1.047
833.972,1.046
834.002,1.047
834.032,1.047
834.062,1.044
834.092,1.045
834.122,1.043
834.152,1.040
834.182,1.042
834.212,1.049
834.242,1.047
834.272,1.047
834.302,1.045
834.332,1.043
834.362,1.046
834.392,1.047
834.422,1.045
834.452,1.042
834.482,1.044
834.512,1.043
834.542,1.046
834.572,1.047
834.602,1.046
834.632,1.044
834.662,1.043
834.692,1.042
834.722,1.049
834.752,1.045
834.782,1.046
834.812,1.043
834.842,1.044
834.872,1.046
834.902,1.039
834.932,1.048
834.962,1.046
834.992,1.043
835.022,1.044
835.052,1.045
835.082,1.048
835.112,1.047
835.142,1.043
835.172,1.045
835.202,1.044
835.232,1.041
835.262,1.045
835.292,1.042
835.322,1.046
835.352,1.046
835.382,1.047
835.412,1.045
835.442,1.050
835.472,1.045
835.502,1.038
835.532,1.041
835.562,1.045
835.592,1.041
835.622,1.047
835.652,1.039
835.682,1.169
835.712,0.954
835.742,1.095
835.772,1.040
835.802,1.042
835.832,1.121
835.862,1.047
835.892,0.999
835.922,1.035
835.952,1.038
835.982,1.027
836.012,1.055
836.042,1.063
836.072,1.040
836.102,1.053
836.132,1.058
836.162,1.036
836.192,1.043
836.222,1.043
836.252,1.034
836.282,1.034
836.312,1.048
836.342,1.044
836.372,1.042
836.402,1.053
836.432,1.047
836.462,1.039
836.492,1.052
836.522,1.048
836.552,1.038
836.582,1.044
836.612,1.044
836.642,1.040
836.672,1.040
836.702,1.045
836.732,1.043
836.762,1.043
836.792,1.042
836.822,1.046
836.852,1.040
836.882,1.043
836.912,1.043
836.942,1.048
836.972,1.043
837.002,1.046
837.032,1.044
837.062,1.045
837.092,1.047
837.122,1.044
837.152,1.049
837.182,1.050
837.212,1.054
837.242,1.045
837.272,1.049
837.302,1.040
837.332,1.042
837.362,1.047
837.392,1.041
837.422,1.046
837.452,1.044
837.482,1.048
837.512,1.046
837.542,1.045
837.572,1.045
837.602,1.043
837.632,1.045
837.662,1.045
837.692,1.047
837.722,1.047
837.752,1.046
837.782,1.049
837.812,1.040
837.842,1.042
837.872,1.048
837.902,1.046
837.932,1.045
837.962,1.045
837.992,1.048
838.022,1.045
838.052,1.047
838.082,1.045
838.112,1.047
838.142,1.044
838.172,1.046
838.202,1.048
838.232,1.041
838.262,1.046
838.292,1.049
838.322,1.043
838.352,1.040
838.382,1.043
838.412,1.042
838.442,1.044
838.472,1.044
838.502,1.047
838.532,1.045
838.562,1.045
838.592,1.046
838.622,1.044
838.652,1.045
838.682,1.045
838.712,1.047
838.742,1.044
838.772,1.043
838.802,1.043
838.832,1.045
838.862,1.047
838.892,1.045
838.922,1.046
838.952,1.043
838.982,1.045
839.012,1.045
839.042,1.044
839.072,1.043
839.102,1.045
839.132,1.046
839.162,1.046
839.192,1.044
839.222,1.049
839.252,1.046
839.282,1.044
839.312,1.043
839.342,1.047
839.372,1.043
839.402,1.050
839.432,1.047
839.462,1.045
839.492,1.041
839.522,1.043
839.552,1.045
839.582,1.048
839.612,1.044
839.642,1.045
839.672,1.043
839.702,1.037
839.732,1.037
839.762,1.041
839.792,1.038
839.822,1.042
839.852,1.041
839.882,1.043
839.912,1.049
839.942,1.049
839.972,1.046
840.002,1.044
840.032,1.042
840.062,1.041
840.092,1.046
840.122,1.045
840.152,1.046
840.182,1.045
840.212,1.043
840.242,1.044
840.272,1.044
840.302,1.047
840.332,1.045
840.362,1.042
840.392,1.047
840.422,1.047
840.452,1.045
840.482,1.046
840.512,1.044
840.542,1.047
840.572,1.049
840.602,1.045
840.632,1.046
840.662,1.047
840.692,1.041
840.722,1.046
840.752,1.044
840.782,1.046
840.812,1.051
840.842,1.039
840.872,1.045
840.902,1.046
840.932,1.044
840.962,1.040
840.992,1.049
841.022,1.048
841.052,1.045
841.082,1.045
841.112,1.043
841.142,1.043
841.172,1.044
841.202,1.044
841.232,1.049
841.262,1.039
841.292,1.042
841.322,1.048
841.352,1.043
841.382,1.045
841.412,1.046
841.442,1.043
841.472,1.046
841.502,1.045
841.532,1.041
841.562,1.045
841.592,1.047
841.622,1.043
841.652,1.049
841.682,1.046
841.712,1.045
841.742,1.049
841.772,1.047
841.802,1.040
841.832,1.042
841.862,1.057
841.892,1.165
841.922,0.910
841.952,1.023
841.982,1.065
842.012,0.975
842.042,1.089
842.072,1.071
842.102,1.043
842.132,1.031
842.162,1.040
842.192,1.042
842.222,1.027
842.252,1.034
842.282,1.040
842.312,1.045
842.342,1.034
842.372,1.045
842.402,1.047
842.432,1.041
842.462,1.042
842.492,1.047
842.522,1.043
842.552,1.042
842.582,1.048
842.612,1.046
842.642,1.041
842.672,1.047
842.702,1.054
842.732,1.039
842.762,1.048
842.792,1.041
842.822,1.045
842.852,1.047
842.882,1.045
842.912,1.045
842.942,1.043
842.972,1.042
843.002,1.044
843.032,1.040
843.062,1.044
843.092,1.046
843.122,1.044
843.152,1.048
843.182,1.046
843.212,1.043
843.242,1.048
843.272,1.044
843.302,1.040
843.332,1.042
843.362,1.045
843.392,1.043
843.422,1.048
843.452,1.047
843.482,1.044
843.512,1.045
843.542,1.048
843.572,1.045
843.602,1.047
843.632,1.045
843.662,1.042
843.692,1.044
843.722,1.045
843.752,1.043
843.782,1.041
843.812,1.042
843.842,1.042
843.872,1.043
843.902,1.040
843.932,1.045
843.962,1.045
843.992,1.046
844.022,1.051
844.052,1.045
844.082,1.043
844.112,1.047
844.142,1.047
844.172,1.043
844.202,1.048
844.232,1.042
844.262,1.047
844.292,1.046
844.322,1.042
844.352,1.044
844.382,1.047
844.412,1.043
844.442,1.042
844.472,1.045
844.502,1.045
844.532,1.045
844.562,1.047
844.592,1.047
844.622,1.038
844.652,1.046
844.682,1.043
844.712,1.044
844.742,1.043
844.772,1.045
844.802,1.050
844.832,1.042
844.862,1.048
844.892,1.047
844.922,1.044
844.952,1.044
844.982,1.045
845.012,1.039
845.042,1.044
845.072,1.044
845.102,1.045
845.132,1.042
845.162,1.043
845.192,1.045
845.222,1.049
845.252,1.041
845.282,1.043
845.312,1.048
845.342,1.044
845.372,1.042
845.402,1.041
845.432,1.043
845.462,1.043
845.492,1.049
845.522,1.040
845.552,1.044
845.582,1.033
845.612,1.047
845.642,1.042
845.672,1.049
845.702,1.043
845.732,1.039
845.762,1.043
845.792,1.034
845.822,1.041
845.852,1.045
845.882,1.045
845.912,1.042
845.942,1.036
845.972,1.044
846.002,1.045
846.032,1.043
846.062,1.048
846.092,1.039
846.122,1.043
846.152,1.044
846.182,1.040
846.212,1.047
846.242,1.043
846.272,1.042
846.302,1.046
846.332,1.044
846.362,1.046
846.392,1.050
846.422,1.043
846.452,1.043
846.482,1.045
846.512,1.046
846.542,1.046
846.572,1.042
846.602,1.047
846.632,1.041
846.662,1.046
846.692,1.045
846.722,1.041
846.752,1.043
846.782,1.047
846.812,1.044
846.842,1.040
846.872,1.045
846.902,1.044
846.932,1.046
846.962,1.044
846.992,1.045
847.022,1.045
847.052,1.045
847.082,1.046
847.112,1.044
847.142,1.045
847.172,1.042
847.202,1.046
847.232,1.041
847.262,1.041
847.292,1.042
847.322,1.047
847.352,1.041
847.382,1.041
847.412,1.042
847.442,1.041
847.472,1.046
847.502,1.046
847.532,1.044
847.562,1.043
847.592,1.041
847.622,1.044
847.652,1.041
847.682,1.045
847.712,1.044
847.742,1.046
847.772,1.046
847.802,1.042
847.832,1.045
847.862,1.041
847.892,1.042
847.922,1.044
847.952,1.041
847.982,1.044
848.012,1.047
848.042,1.042
848.072,1.041
848.102,1.046
848.132,1.048
848.162,1.046
848.192,1.044
848.222,1.043
848.252,1.045
848.282,1.047
848.312,1.048
848.342,1.042
848.372,1.046
848.402,1.042
848.432,1.045
848.462,1.042
848.492,1.051
848.522,1.040
848.552,1.048
848.582,1.050
848.612,1.041
848.642,1.046
848.672,1.044
848.702,1.043
848.732,1.046
848.762,1.048
848.792,1.050
848.822,1.054
848.852,1.046
848.882,1.039
848.912,1.047
848.942,1.044
848.972,1.040
849.002,1.044
849.032,1.049
849.062,1.045
849.092,1.046
849.122,1.042
849.152,1.052
849.182,1.040
849.212,1.045
849.242,1.050
849.272,1.044
849.302,1.043
849.332,1.052
849.362,1.050
849.392,1.038
849.422,1.041
849.452,1.045
849.482,1.037
849.512,1.039
849.542,1.053
849.572,1.041
849.602,1.040
849.632,1.056
849.662,1.038
849.692,1.062
849.722,1.032
849.752,1.040
849.782,1.043
849.812,1.051
849.842,1.044
849.872,1.049
849.902,1.048
849.932,1.044
849.962,1.042
849.992,1.047
850.022,1.046
850.052,1.040
850.082,1.046
850.112,1.046
850.142,1.044
850.172,1.044
850.202,1.043
850.232,1.044
850.262,1.048
850.292,1.045
850.322,1.042
850.352,1.043
850.382,1.044
850.412,1.045
850.442,1.045
850.472,1.042
850.502,1.042
850.532,1.049
850.562,1.044
850.592,1.044
850.622,1.044
850.652,1.043
850.682,1.047
850.712,1.047
850.742,1.043
850.772,1.045
850.802,1.043
850.832,1.044
850.862,1.045
850.892,1.044
850.922,1.044
850.952,1.048
850.982,1.044
851.012,1.045
851.042,1.047
851.072,1.045
851.102,1.042
851.132,1.045
851.162,1.048
851.192,1.043
851.222,1.044
851.252,1.043
851.282,1.048
851.312,1.048
851.342,1.050
851.372,1.046
851.402,1.041
851.432,1.047
851.462,1.042
851.492,1.047
851.522,1.045
851.552,1.044
851.582,1.048
851.612,1.044
851.642,1.050
851.672,1.043
851.702,1.039
851.732,1.044
851.762,1.041
851.792,1.049
851.822,1.044
851.852,1.042
851.882,1.042
851.912,1.039
851.942,1.046
851.972,1.045
852.002,1.040
852.032,1.046
852.062,1.043
852.092,1.039
852.122,1.047
852.152,1.043
852.182,1.042
852.212,1.045
852.242,1.042
852.272,1.043
852.302,1.042
852.332,1.044
852.362,1.043
852.392,1.041
852.422,1.045
852.452,1.046
852.482,1.045
852.512,1.045
852.542,1.044
852.572,1.041
852.602,1.039
852.632,1.042
852.662,1.044
852.692,1.041
852.722,1.048
852.752,1.044
852.782,1.040
852.812,1.045
852.842,1.046
852.872,1.041
852.902,1.048
852.932,1.048
852.962,1.046
852.992,1.045
853.022,1.045
853.052,1.041
853.082,1.040
853.112,1.041
853.142,1.048
853.172,1.045
853.202,1.045
853.232,1.043
853.262,1.042
853.292,1.044
853.322,1.044
853.352,1.041
853.382,1.044
853.412,1.043
853.442,1.044
853.472,1.038
853.502,1.049
853.532,1.044
853.562,1.045
853.592,1.043
853.622,1.044
853.652,1.048
853.682,1.053
853.712,1.062
853.742,1.035
853.772,1.045
853.802,1.047
853.832,1.040
853.862,1.039
853.892,1.047
853.922,1.058
853.952,1.035
853.982,1.048
854.012,1.044
854.042,1.029
854.072,1.036
854.102,1.051
854.132,1.050
854.162,1.034
854.192,1.051
854.222,1.048
854.252,1.038
854.282,1.045
854.312,1.051
854.342,1.044
854.372,1.045
854.402,1.051
854.432,1.040
854.462,1.042
854.492,1.050
854.522,1.046
854.552,1.043
854.582,1.048
854.612,1.045
854.642,1.043
854.672,1.044
854.702,1.043
854.732,1.038
854.762,1.046
854.792,1.048
854.822,1.041
854.852,1.045
854.882,1.047
854.912,1.043
854.942,1.046
854.972,1.045
855.002,1.045
855.032,1.043
855.062,1.049
855.092,1.047
855.122,1.045
855.152,1.044
855.182,1.046
855.212,1.044
855.242,1.043
855.272,1.044
855.302,1.042
855.332,1.046
855.362,1.050
855.392,1.030
855.422,1.043
855.452,1.047
855.482,1.047
855.512,1.048
855.542,1.042
855.572,1.042
855.602,1.050
855.632,1.042
855.662,1.040
855.692,1.044
855.722,1.045
855.752,1.042
855.782,1.048
855.812,1.044
855.842,1.043
855.872,1.047
855.902,1.048
855.932,1.041
855.962,1.045
855.992,1.047
856.022,1.046
856.052,1.045
856.082,1.048
856.112,1.046
856.142,1.043
856.172,1.045
856.202,1.046
856.232,1.042
856.262,1.045
856.292,1.046
856.322,1.042
856.352,1.041
856.382,1.045
856.412,1.046
856.442,1.045
856.472,1.045
856.502,1.048
856.532,1.043
856.562,1.046
856.592,1.046
856.622,1.045
856.652,1.043
856.682,1.046
856.712,1.050
856.742,1.040
856.772,1.046
856.802,1.046
856.832,1.041
856.862,1.044
856.892,1.045
856.922,1.047
856.952,1.044
856.982,1.048
857.012,1.044
857.042,1.047
857.072,1.048
857.102,1.045
857.132,1.042
857.162,1.044
857.192,1.045
857.222,1.045
857.252,1.042
857.282,1.045
857.312,1.049
857.342,1.045
857.372,1.048
857.402,1.045
857.432,1.044
857.462,1.043
857.492,1.048
857.522,1.042
857.552,1.044
857.582,1.046
857.612,1.042
857.642,1.046
857.672,1.047
857.702,1.046
857.732,1.042
857.762,1.046
857.792,1.045
857.822,1.043
857.852,1.044
857.882,1.051
857.912,1.046
857.942,1.043
857.972,1.047
858.002,1.048
858.032,1.046
858.062,1.046
858.092,1.049
858.122,1.043
858.152,1.042
858.182,1.048
858.212,1.046
858.242,1.044
858.272,1.048
858.302,1.048
858.332,1.042
858.362,1.047
858.392,1.048
858.422,1.046
858.452,1.039
858.482,1.045
858.512,1.046
858.542,1.045
858.572,1.045
858.602,1.045
858.632,1.047
858.662,1.046
858.692,1.046
858.722,1.044
858.752,1.042
858.782,1.045
858.812,1.044
858.842,1.048
858.872,1.044
858.902,1.043
858.932,1.042
858.962,1.044
858.992,1.046
859.022,1.044
859.052,1.042
859.082,1.045
859.112,1.048
859.142,1.044
859.172,1.043
859.202,1.046
859.232,1.042
859.262,1.043
859.292,1.044
859.322,1.042
859.352,1.046
859.382,1.046
859.412,1.046
859.442,1.047
859.472,1.044
859.502,1.048
859.532,1.044
859.562,1.044
859.592,1.043
859.622,1.009
859.652,1.020
859.682,1.071
859.712,1.066
859.742,1.024
859.772,1.050
859.802,1.067
859.832,1.057
859.862,1.006
859.892,1.044
859.922,1.048
859.952,1.024
859.982,1.059
860.012,1.058
860.042,1.041
860.072,1.059
860.102,1.054
860.132,1.033
860.162,1.034
860.192,1.045
860.222,1.052
860.252,1.034
860.282,1.050
860.312,1.053
860.342,1.029
860.372,1.045
860.402,1.048
860.432,1.037
860.462,1.044
860.492,1.051
860.522,1.053
860.552,1.034
860.582,1.045
860.612,1.051
860.642,1.037
860.672,1.050
860.702,1.048
860.732,1.042
860.762,1.046
860.792,1.044
860.822,1.043
860.852,1.042
860.882,1.046
860.912,1.048
860.942,1.046
860.972,1.048
861.002,1.048
861.032,1.035
861.062,1.048
861.092,1.047
861.122,1.047
861.152,1.040
861.182,1.044
861.212,1.047
861.242,1.039
861.272,1.050
861.302,1.051
861.332,1.042
861.362,1.044
861.392,1.043
861.422,1.046
861.452,1.044
861.482,1.046
861.512,1.048
861.542,1.042
861.572,1.044
861.602,1.042
861.632,1.037
861.662,1.044
861.692,1.042
861.722,1.048
861.752,1.042
861.782,1.042
861.812,1.043
861.842,1.045
861.872,1.041
861.902,1.044
861.932,1.049
861.962,1.039
861.992,1.039
862.022,1.043
862.052,1.041
862.082,1.045
862.112,1.045
862.142,1.041
862.172,1.049
862.202,1.046
862.232,1.049
862.262,1.052
862.292,1.049
862.322,1.050
862.352,1.050
862.382,1.047
862.412,1.042
862.442,1.045
862.472,1.052
862.502,1.050
862.532,1.048
862.562,1.043
862.592,1.037
862.622,1.040
862.652,1.044
862.682,1.047
862.712,1.044
862.742,1.042
862.772,1.049
862.802,1.050
862.832,1.049
862.862,1.051
862.892,1.053
862.922,1.050
862.952,1.046
862.982,1.039
863.012,1.046
863.042,1.052
863.072,1.039
863.102,1.049
863.132,1.037
863.162,1.040
863.192,1.048
863.222,1.071
863.252,1.075
863.282,1.080
863.312,1.064
863.342,1.037
863.372,1.027
863.402,1.034
863.432,1.030
863.462,1.030
863.492,1.043
863.522,1.043
863.552,1.057
863.582,1.045
863.612,1.051
863.642,1.045
863.672,1.048
863.702,1.050
863.732,1.049
863.762,1.051
863.792,1.042
863.822,1.046
863.852,1.044
863.882,1.040
863.912,1.045
863.942,1.044
863.972,1.048
864.002,1.049
864.032,1.043
864.062,1.045
864.092,0.624
864.122,0.624
864.152,0.905
864.182,1.044
864.212,1.116
864.242,1.071
864.272,1.083
864.302,1.028
864.332,1.019
864.362,1.046
864.392,1.010
864.422,1.081
864.452,1.071
864.482,1.083
864.512,1.032
864.542,1.062
864.572,1.069
864.602,0.977
864.632,1.002
864.662,1.063
864.692,1.047
864.722,1.039
864.752,1.050
864.782,1.039
864.812,1.050
864.842,1.054
864.872,1.036
864.902,1.041
864.932,1.055
864.962,1.053
864.992,1.032
865.022,1.036
865.052,1.051
865.082,1.035
865.112,1.049
865.142,1.055
865.172,1.038
865.202,1.046
865.232,1.048
865.262,1.039
865.292,1.039
865.322,1.048
865.352,1.051
865.382,1.045
865.412,1.049
865.442,1.047
865.472,1.040
865.502,1.048
865.532,1.047
865.562,1.043
865.592,1.046
865.622,1.046
865.652,1.044
865.682,1.042
865.712,1.042
865.742,1.046
865.772,1.046
865.802,1.042
865.832,1.046
865.862,1.045
865.892,1.041
865.922,1.047
865.952,1.044
865.982,1.044
866.012,1.044
866.042,1.046
866.072,1.044
866.102,1.045
866.132,1.045
866.162,1.045
866.192,1.042
866.222,1.044
866.252,1.043
866.282,1.044
866.312,1.044
866.342,1.042
866.372,1.045
866.402,1.046
866.432,1.044
866.462,1.045
866.492,1.045
866.522,1.044
866.552,1.045
866.582,1.045
866.612,1.047
866.642,1.043
866.672,1.046
866.702,1.046
866.732,1.047
866.762,1.045
866.792,1.048
866.822,1.045
866.852,1.045
866.882,1.045
866.912,1.046
866.942,1.043
866.972,1.044
867.002,1.045
867.032,1.045
867.062,0.980
867.092,1.024
867.122,1.011
867.152,0.997
867.182,1.047
867.212,1.066
867.242,1.045
867.272,1.059
867.302,1.054
867.332,1.042
867.362,1.037
867.392,1.042
867.422,1.039
867.452,1.029
867.482,1.054
867.512,1.051
867.542,1.040
867.572,1.049
867.602,1.046
867.632,1.043
867.662,1.041
867.692,1.041
867.722,1.043
867.752,1.041
867.782,1.049
867.812,1.043
867.842,1.097
867.872,1.092
867.902,0.972
867.932,0.980
867.962,1.051
867.992,1.049
868.022,1.044
868.052,1.056
868.082,1.038
868.112,1.047
868.142,1.047
868.172,1.047
868.202,1.046
868.232,1.041
868.262,1.041
868.292,1.043
868.322,1.041
868.352,1.043
868.382,1.048
868.412,1.047
868.442,1.042
868.472,1.046
868.502,1.044
868.532,1.049
868.562,1.051
868.592,1.042
868.622,1.045
868.652,1.046
868.682,1.041
868.712,1.048
868.742,1.052
868.772,1.045
868.802,1.042
868.832,1.042
868.862,1.032
868.892,1.044
868.922,1.051
868.952,1.051
868.982,1.040
869.012,1.044
869.042,1.045
869.072,1.043
869.102,1.046
869.132,1.052
869.162,1.064
869.192,0.991
869.222,1.021
869.252,1.069
869.282,1.075
869.312,1.048
869.342,0.997
869.372,0.935
869.402,1.014
869.432,1.193
869.462,1.094
869.492,1.049
869.522,1.018
869.552,1.042
869.582,1.059
869.612,1.059
869.642,1.025
869.672,0.877
869.702,1.042
869.732,1.044
869.762,1.110
869.792,1.063
869.822,1.027
869.852,1.021
869.882,1.012
869.912,1.031
869.942,1.057
869.972,1.058
870.002,1.070
870.032,1.055
870.062,1.039
870.092,1.038
870.122,1.036
870.152,1.042
870.182,1.045
870.212,1.044
870.242,1.046
870.272,1.041
870.302,1.041
870.332,1.042
870.362,1.043
870.392,1.046
870.422,1.046
870.452,1.049
870.482,1.046
870.512,1.042
870.542,1.050
870.572,1.046
870.602,1.048
870.632,1.048
870.662,1.046
870.692,1.046
870.722,1.044
870.752,1.042
870.782,1.046
870.812,1.048
870.842,1.046
870.872,1.041
870.902,1.044
870.932,1.045
870.962,1.046
870.992,1.048
871.022,1.041
871.052,1.050
871.082,1.045
871.112,1.046
871.142,1.045
871.172,1.041
871.202,1.045
871.232,1.048
871.262,1.044
871.292,1.046
871.322,1.043
871.352,1.042
871.382,1.044
871.412,1.039
871.442,1.044
871.472,1.044
871.502,1.046
871.532,1.044
871.562,1.044
871.592,1.048
871.622,1.043
871.652,1.045
871.682,1.042
871.712,1.048
871.742,1.045
871.772,1.044
871.802,1.043
871.832,1.044
871.862,1.043
871.892,1.045
871.922,1.044
871.952,1.045
871.982,1.040
872.012,1.044
872.042,1.046
872.072,1.044
872.102,1.046
872.132,1.048
872.162,1.044
872.192,1.046
872.222,1.045
872.252,1.044
872.282,1.064
872.312,1.052
872.342,1.047
872.372,1.051
872.402,1.053
872.432,1.041
872.462,1.046
872.492,1.052
872.522,1.038
872.552,1.046
872.582,1.037
872.612,1.042
872.642,1.035
872.672,1.058
872.702,1.049
872.732,1.035
872.762,1.058
872.792,1.020
872.822,1.004
872.852,1.059
872.882,1.084
872.912,1.034
872.942,1.034
872.972,1.044
873.002,1.056
873.032,1.045
873.062,1.034
873.092,1.056
873.122,1.044
873.152,1.042
873.182,1.048
873.212,1.046
873.242,1.031
873.272,1.048
873.302,1.046
873.332,1.039
873.362,1.043
873.392,1.050
873.422,1.044
873.452,1.046
873.482,1.046
873.512,1.047
873.542,1.042
873.572,1.047
873.602,1.045
873.632,1.043
873.662,1.051
873.692,1.048
873.722,1.051
873.752,1.044
873.782,1.047
873.812,1.043
873.842,1.046
873.872,1.048
873.902,1.046
873.932,1.044
873.962,1.038
873.992,1.044
874.022,1.047
874.052,1.038
874.082,1.047
874.112,1.044
874.142,1.041
874.172,1.053
874.202,1.046
874.232,1.050
874.262,1.046
874.292,1.040
874.322,1.037
874.352,1.041
874.382,1.045
874.412,1.046
874.442,1.048
874.472,1.045
874.502,1.048
874.532,1.047
874.562,1.042
874.592,1.044
874.622,1.048
874.652,1.043
874.682,1.042
874.712,1.043
874.742,1.045
874.772,1.044
874.802,1.043
874.832,1.046
874.862,1.042
874.892,1.047
874.922,1.047
874.952,1.042
874.982,1.044
875.012,1.045
875.042,1.043
875.072,1.045
875.102,1.046
875.132,1.042
875.162,1.044
875.192,1.044
875.222,1.047
875.252,1.042
875.282,1.045
875.312,1.040
875.342,1.042
875.372,1.042
875.402,1.045
875.432,1.048
875.462,1.044
875.492,1.044
875.522,1.043
875.552,1.045
875.582,1.046
875.612,1.046
875.642,1.047
875.672,1.045
875.702,1.045
875.732,1.044
875.762,1.046
875.792,1.043
875.822,1.043
875.852,1.042
875.882,1.046
875.912,1.047
875.942,1.045
875.972,1.041
876.002,1.044
876.032,1.044
876.062,1.048
876.092,1.039
876.122,1.045
876.152,1.046
876.182,1.046
876.212,1.048
876.242,1.038
876.272,1.039
876.302,1.047
876.332,1.041
876.362,1.041
876.392,1.046
876.422,1.041
876.452,1.042
876.482,1.048
876.512,1.044
876.542,1.043
876.572,1.051
876.602,1.047
876.632,1.041
876.662,1.044
876.692,1.043
876.722,1.044
876.752,1.039
876.782,1.043
876.812,1.046
876.842,1.047
876.872,1.044
876.902,1.044
876.932,1.046
876.962,1.042
876.992,1.042
877.022,1.047
877.052,1.040
877.082,1.045
877.112,1.043
877.142,1.044
877.172,1.042
877.202,1.044
877.232,1.047
877.262,1.045
877.292,1.044
877.322,1.048
877.352,1.047
877.382,1.046
877.412,1.045
877.442,1.046
877.472,1.042
877.502,1.043
877.532,1.044
877.562,1.043
877.592,1.044
877.622,1.044
877.652,1.048
877.682,1.050
877.712,1.046
877.742,1.044
877.772,1.044
877.802,1.042
877.832,1.046
877.862,1.046
877.892,1.047
877.922,1.046
877.952,1.046
877.982,1.040
878.012,1.045
878.042,1.047
878.072,1.041
878.102,1.045
878.132,1.043
878.162,1.042
878.192,1.045
878.222,1.047
878.252,1.043
878.282,1.043
878.312,1.045
878.342,1.044
878.372,1.048
878.402,1.042
878.432,1.044
878.462,1.053
878.492,1.031
878.522,1.021
878.552,1.046
878.582,1.045
878.612,1.032
878.642,1.039
878.672,1.049
878.702,1.040
878.732,1.042
878.762,1.047
878.792,1.047
878.822,1.041
878.852,1.045
878.882,1.045
878.912,1.040
878.942,1.046
878.972,1.040
879.002,1.045
879.032,1.045
879.062,1.047
879.092,1.047
879.122,1.047
879.152,1.046
879.182,1.043
879.212,1.043
879.242,1.044
879.272,1.045
879.302,1.042
879.332,1.045
879.362,1.046
879.392,1.046
879.422,1.046
879.452,1.042
879.482,1.045
879.512,1.046
879.542,1.048
879.572,1.043
879.602,1.045
879.632,1.044
879.662,1.044
879.692,1.046
879.722,1.041
879.752,1.047
879.782,1.046
879.812,1.046
879.842,1.049
879.872,1.043
879.902,1.043
879.932,1.042
879.962,1.048
879.992,1.045
880.022,1.044
880.052,1.047
880.082,1.044
880.112,1.042
880.142,1.026
880.172,1.045
880.202,1.051
880.232,1.054
880.262,1.042
880.292,1.038
880.322,1.044
880.352,1.044
880.382,1.046
880.412,1.050
880.442,1.042
880.472,1.045
880.502,1.046
880.532,1.050
880.562,1.044
880.592,1.046
880.622,1.042
880.652,1.043
880.682,1.048
880.712,1.045
880.742,1.047
880.772,1.042
880.802,1.041
880.832,1.040
880.862,1.048
880.892,1.043
880.922,1.039
880.952,1.042
880.982,1.046
881.012,1.043
881.042,1.041
881.072,1.077
881.102,1.055
881.132,1.045
881.162,1.047
881.192,1.045
881.222,1.046
881.252,1.047
881.282,1.040
881.312,1.049
881.342,1.047
881.372,1.043
881.402,1.041
881.432,1.045
881.462,1.044
881.492,1.038
881.522,1.045
881.552,1.048
881.582,1.037
881.612,1.042
881.642,1.044
881.672,1.040
881.702,1.044
881.732,1.047
881.762,1.044
881.792,1.040
881.822,1.049
881.852,1.039
881.882,1.041
881.912,1.051
881.942,1.050
881.972,1.046
882.002,1.044
882.032,1.037
882.062,1.045
882.092,1.044
882.122,1.040
882.152,1.043
882.182,1.045
882.212,1.049
882.242,1.048
882.272,1.050
882.302,1.043
882.332,1.041
882.362,1.045
882.392,1.044
882.422,1.046
882.452,1.047
882.482,1.046
882.512,1.042
882.542,1.041
882.572,1.046
882.602,1.044
882.632,1.044
882.662,1.044
882.692,1.047
882.722,1.043
882.752,1.046
882.782,1.047
882.812,1.040
882.842,1.044
882.872,1.043
882.902,1.045
882.932,1.045
882.962,1.043
882.992,1.034
883.022,1.040
883.052,1.042
883.082,1.041
883.112,1.047
883.142,1.049
883.172,1.046
883.202,1.049
883.232,1.039
883.262,1.046
883.292,1.046
883.322,1.040
883.352,1.047
883.382,1.042
883.412,1.042
883.442,1.045
883.472,1.039
883.502,1.047
883.532,1.044
883.562,1.040
883.592,1.041
883.622,1.042
883.652,1.041
883.682,1.044
883.712,1.048
883.742,1.042
883.772,1.045
883.802,1.047
883.832,1.047
883.862,1.045
883.892,1.047
883.922,1.044
883.952,1.046
883.982,1.047
884.012,1.047
884.042,1.047
884.072,1.043
884.102,1.044
884.132,1.043
884.162,1.044
884.192,1.044
884.222,1.045
884.252,1.042
884.282,1.042
884.312,1.035
884.342,1.044
884.372,1.042
884.402,1.042
884.432,1.042
884.462,1.040
884.492,1.077
884.522,1.067
884.552,1.056
884.582,1.054
884.612,1.046
884.642,1.040
884.672,1.046
884.702,1.044
884.732,1.046
884.762,1.038
884.792,1.044
884.822,1.047
884.852,1.043
884.882,1.042
884.912,1.045
884.942,1.042
884.972,1.043
885.002,1.047
885.032,1.046
885.062,1.048
885.092,1.048
885.122,1.048
885.152,1.045
885.182,1.046
885.212,1.049
885.242,1.043
885.272,1.043
885.302,1.050
885.332,1.050
885.362,1.044
885.392,1.043
885.422,1.044
885.452,1.046
885.482,1.039
885.512,1.044
885.542,1.047
885.572,1.039
885.602,1.040
885.632,1.046
885.662,1.040
885.692,1.047
885.722,1.048
885.752,1.044
885.782,1.042
885.812,1.043
885.842,1.045
885.872,1.041
885.902,1.046
885.932,1.048
885.962,1.044
885.992,1.045
886.022,1.044
886.052,1.046
886.082,1.044
886.112,1.041
886.142,1.042
886.172,1.047
886.202,1.046
886.232,1.044
886.262,1.043
886.292,1.047
886.322,1.042
886.352,1.041
886.382,1.046
886.412,1.047
886.442,1.045
886.472,1.037
886.502,1.042
886.532,1.045
886.562,1.044
886.592,1.036
886.622,1.042
886.652,1.043
886.682,1.041
886.712,1.044
886.742,1.044
886.772,1.047
886.802,1.045
886.832,1.042
886.862,1.043
886.892,1.047
886.922,1.041
886.952,1.038
886.982,1.046
887.012,1.050
887.042,1.043
887.072,1.040
887.102,1.046
887.132,1.043
887.162,1.039
887.192,1.044
887.222,1.047
887.252,1.045
887.282,1.044
887.312,1.040
887.342,1.044
887.372,1.043
887.402,1.045
887.432,1.041
887.462,1.046
887.492,1.047
887.522,1.040
887.552,1.043
887.582,1.043
887.612,1.043
887.642,1.039
887.672,1.041
887.702,1.044
887.732,1.044
887.762,1.040
887.792,1.040
887.822,1.046
887.852,1.045
887.882,1.042
887.912,1.043
887.942,1.042
887.972,1.046
888.002,1.042
888.032,1.046
888.062,1.046
888.092,1.039
888.122,1.042
888.152,1.044
888.182,1.046
888.212,1.047
888.242,1.046
888.272,1.044
888.302,1.045
888.332,1.045
888.362,1.046
888.392,1.042
888.422,1.043
888.452,1.046
888.482,1.040
888.512,1.042
888.542,1.043
888.572,1.044
888.602,1.040
888.632,1.041
888.662,1.085
888.692,1.033
888.722,1.045
888.752,1.050
888.782,1.040
888.812,1.041
888.842,1.046
888.872,1.043
888.902,1.046
888.932,1.045
888.962,1.043
888.992,1.044
889.022,1.045
889.052,1.046
889.082,1.044
889.112,1.042
889.142,1.042
889.172,1.045
889.202,1.045
889.232,1.046
889.262,1.044
889.292,1.042
889.322,1.044
889.352,1.043
889.382,1.042
889.412,1.042
889.442,1.046
889.472,1.043
889.502,1.044
889.532,1.047
889.562,1.041
889.592,1.043
889.622,1.045
889.652,1.045
889.682,1.044
889.712,1.044
889.742,1.042
889.772,1.044
889.802,1.049
889.832,1.048
889.862,1.044
889.892,1.046
889.922,1.039
889.952,1.043
889.982,1.044
890.012,1.041
890.042,1.043
890.072,1.045
890.102,1.042
890.132,1.046
890.162,1.044
890.192,1.041
890.222,1.044
890.252,1.043
890.282,1.045
890.312,1.041
890.342,1.047
890.372,1.043
890.402,1.046
890.432,1.043
890.462,1.044
890.492,1.046
890.522,1.040
890.552,1.043
890.582,1.043
890.612,1.043
890.642,1.043
890.672,1.046
890.702,1.046
890.732,1.042
890.762,1.045
890.792,1.045
890.822,1.038
890.852,1.043
890.882,1.045
890.912,1.044
890.942,1.041
890.972,1.043
891.002,1.040
891.032,1.044
891.062,1.045
891.092,1.047
891.122,1.045
891.152,1.041
891.182,1.045
891.212,1.042
891.242,1.047
891.272,1.043
891.302,1.041
891.332,1.044
891.362,1.046
891.392,1.045
891.422,1.042
891.452,1.046
891.482,1.047
891.512,1.046
891.542,1.042
891.572,1.043
891.602,1.045
891.632,1.041
891.662,1.042
891.692,1.045
891.722,1.044
891.752,1.045
891.782,1.044
891.812,1.048
891.842,1.047
891.872,1.045
891.902,1.043
891.932,1.045
891.962,1.040
891.992,1.044
892.022,1.043
892.052,1.044
892.082,1.044
892.112,1.043
892.142,1.044
892.172,1.048
892.202,1.049
892.232,1.047
892.262,1.045
892.292,1.042
892.322,1.044
892.352,1.043
892.382,1.042
892.412,1.042
892.442,1.044
892.472,1.043
892.502,1.045
892.532,1.041
892.562,1.043
892.592,1.043
892.622,1.046
892.652,1.045
892.682,1.044
892.712,1.042
892.742,1.044
892.772,1.045
892.802,1.042
892.832,1.041
892.862,1.044
892.892,1.044
892.922,1.044
892.952,1.044
892.982,1.043
893.012,1.038
893.042,1.044
893.072,1.066
893.102,1.009
893.132,1.016
893.162,1.056
893.192,1.041
893.222,1.021
893.252,1.054
893.282,1.047
893.312,1.024
893.342,1.020
893.372,1.079
893.402,1.068
893.432,0.998
893.462,1.056
893.492,1.072
893.522,1.033
893.552,1.025
893.582,1.055
893.612,1.055
893.642,1.021
893.672,1.053
893.702,1.055
893.732,1.026
893.762,1.050
893.792,1.059
893.822,1.036
893.852,1.030
893.882,1.058
893.912,1.044
893.942,1.022
893.972,1.059
894.002,1.058
894.032,1.022
894.062,1.040
894.092,1.058
894.122,1.042
894.152,1.036
894.182,1.051
894.212,1.053
894.242,1.024
894.272,1.049
894.302,1.058
894.332,1.029
894.362,1.044
894.392,1.060
894.422,1.038
894.452,1.040
894.482,1.052
894.512,1.049
894.542,1.025
894.572,1.048
894.602,1.056
894.632,1.030
894.662,1.044
894.692,1.055
894.722,1.043
894.752,1.040
894.782,1.053
894.812,1.051
894.842,1.027
894.872,1.048
894.902,1.051
894.932,1.038
894.962,1.043
894.992,1.056
895.022,1.038
895.052,1.039
895.082,1.057
895.112,1.050
895.142,1.028
895.172,1.049
895.202,1.056
895.232,1.032
895.262,1.042
895.292,1.053
895.322,1.043
895.352,1.043
895.382,1.052
895.412,1.051
895.442,1.028
895.472,1.046
895.502,1.051
895.532,1.035
895.562,1.044
895.592,1.057
895.622,1.044
895.652,1.040
895.682,1.052
895.712,1.048
895.742,1.030
895.772,1.044
895.802,1.054
895.832,1.034
895.862,1.041
895.892,1.050
895.922,1.045
895.952,1.039
895.982,1.049
896.012,1.047
896.042,1.034
896.072,1.048
896.102,1.049
896.132,1.038
896.162,1.041
896.192,1.049
896.222,1.045
896.252,1.041
896.282,1.053
896.312,1.046
896.342,1.037
896.372,1.049
896.402,1.051
896.432,1.037
896.462,1.043
896.492,1.048
896.522,1.041
896.552,1.041
896.582,1.049
896.612,1.045
896.642,1.040
896.672,1.050
896.702,1.046
896.732,1.040
896.762,1.046
896.792,1.050
896.822,1.039
896.852,1.045
896.882,1.049
896.912,1.043
896.942,1.041
896.972,1.048
897.002,1.046
897.032,1.037
897.062,1.046
897.092,1.046
897.122,1.042
897.152,1.043
897.182,1.048
897.212,1.043
897.242,1.042
897.272,1.049
897.302,1.044
897.332,1.040
897.362,1.043
897.392,1.047
897.422,1.041
897.452,1.042
897.482,1.048
897.512,1.044
897.542,1.042
897.572,1.044
897.602,1.042
897.632,1.042
897.662,1.045
897.692,1.042
897.722,1.042
897.752,1.045
897.782,1.042
897.812,1.150
897.842,1.048
897.872,1.089
897.902,1.056
897.932,1.032
897.962,1.035
897.992,1.052
898.022,1.052
898.052,1.035
898.082,1.043
898.112,1.049
898.142,1.042
898.172,1.039
898.202,1.050
898.232,1.041
898.262,1.036
898.292,1.048
898.322,1.048
898.352,1.037
898.382,1.047
898.412,1.049
898.442,1.039
898.472,1.044
898.502,1.044
898.532,1.049
898.562,1.038
898.592,1.047
898.622,1.046
898.652,1.038
898.682,1.046
898.712,1.046
898.742,1.042
898.772,1.047
898.802,1.046
898.832,1.042
898.862,1.038
898.892,1.042
898.922,1.036
898.952,1.044
898.982,1.051
899.012,1.046
899.042,1.034
899.072,1.041
899.102,1.031
899.132,1.047
899.162,1.052
899.192,1.035
899.222,1.039
899.252,1.053
899.282,1.036
899.312,1.048
899.342,1.045
899.372,1.034
899.402,1.078
899.432,1.057
899.462,1.078
899.492,1.051
899.522,1.083
899.552,1.020
899.582,1.043
899.612,1.046
899.642,1.027
899.672,1.038
899.702,1.055
899.732,1.046
899.762,1.025
899.792,1.032
899.822,1.037
899.852,1.025
899.882,1.072
899.912,1.059
899.942,1.062
899.972,1.041
900.002,1.047
900.032,1.051
900.062,1.029
900.092,1.040
900.122,1.049
900.152,1.033
900.182,1.035
900.212,1.051
900.242,1.038
900.272,1.037
900.302,1.047
900.332,1.038
900.362,1.033
900.392,1.051
900.422,1.047
900.452,1.054
900.482,0.966
900.512,1.014
900.542,1.014
900.572,1.012
900.602,1.053
900.632,1.053
900.662,1.026
900.692,1.031
900.722,1.047
900.752,1.042
900.782,1.052
900.812,1.045
900.842,1.035
900.872,1.039
900.902,1.050
900.932,1.039
900.962,1.096
900.992,1.064
901.022,1.035
901.052,1.059
901.082,1.045
901.112,1.047
901.142,1.051
901.172,1.048
901.202,1.049
901.232,1.042
901.262,1.042
901.292,1.060
901.322,1.053
901.352,1.042
901.382,1.044
901.412,1.041
901.442,1.045
901.472,1.047
901.502,1.039
901.532,1.043
901.562,1.043
901.592,1.042
901.622,1.045
901.652,1.041
901.682,1.043
901.712,1.053
901.742,1.041
901.772,1.043
901.802,1.046
901.832,1.038
901.862,1.052
901.892,1.034
901.922,1.043
901.952,1.034
901.982,1.047
902.012,1.055
902.042,1.067
902.072,1.053
902.102,1.041
902.132,1.038
902.162,1.032
902.192,1.036
902.222,1.042
902.252,1.045
902.282,1.041
902.312,1.048
902.342,1.052
902.372,1.042
902.402,1.046
902.432,1.045
902.462,1.044
902.492,1.041
902.522,1.036
902.552,1.041
902.582,1.048
902.612,1.046
902.642,1.049
902.672,1.048
902.702,1.049
902.732,1.048
902.762,1.040
902.792,1.041
902.822,1.040
902.852,1.046
902.882,1.047
902.912,1.042
902.942,1.052
902.972,1.047
903.002,1.049
903.032,1.042
903.062,1.046
903.092,1.045
903.122,1.040
903.152,1.044
903.182,1.041
903.212,1.041
903.242,1.045
903.272,1.073
903.302,1.052
903.332,1.059
903.362,1.043
903.392,1.033
903.422,1.022
903.452,1.043
903.482,1.047
903.512,1.030
903.542,1.056
903.572,1.047
903.602,1.046
903.632,1.042
903.662,1.048
903.692,1.043
903.722,1.043
903.752,1.052
903.782,1.043
903.812,1.044
903.842,1.050
903.872,1.044
903.902,1.038
903.932,1.045
903.962,1.046
903.992,1.041
904.022,1.041
904.052,1.046
904.082,1.039
904.112,1.040
904.142,1.047
904.172,1.044
904.202,1.039
904.232,1.047
904.262,1.044
904.292,1.043
904.322,1.043
904.352,1.044
904.382,1.042
904.412,1.041
904.442,1.047
904.472,1.044
904.502,1.045
904.532,1.044
904.562,1.042
904.592,1.047
904.622,1.044
904.652,1.046
904.682,1.044
904.712,1.044
904.742,1.044
904.772,1.043
904.802,1.047
904.832,1.044
904.862,1.042
904.892,1.046
904.922,1.042
904.952,1.048
904.982,1.041
905.012,1.042
905.042,1.043
905.072,1.044
905.102,1.045
905.132,1.039
905.162,1.047
905.192,1.046
905.222,1.043
905.252,1.043
905.282,1.039
905.312,1.043
905.342,1.044
905.372,1.041
905.402,1.044
905.432,1.041
905.462,1.039
905.492,1.044
905.522,1.044
905.552,1.046
905.582,1.045
905.612,1.045
905.642,1.041
905.672,1.044
905.702,1.045
905.732,1.048
905.762,1.043
905.792,1.042
905.822,1.044
905.852,1.043
905.882,1.045
905.912,1.044
905.942,1.049
905.972,1.041
906.002,1.043
906.032,1.048
906.062,1.044
906.092,1.044
906.122,1.044
906.152,1.043
906.182,1.045
906.212,1.043
906.242,1.049
906.272,1.045
906.302,1.042
906.332,1.042
906.362,1.042
906.392,1.046
906.422,1.043
906.452,1.044
906.482,1.043
906.512,1.047
906.542,1.047
906.572,1.046
906.602,1.042
906.632,1.046
906.662,1.044
906.692,1.045
906.722,1.043
906.752,1.049
906.782,1.043
906.812,1.046
906.842,1.043
906.872,1.046
906.902,1.043
906.932,1.045
906.962,1.044
906.992,1.044
907.022,1.042
907.052,1.041
907.082,1.042
907.112,1.041
907.142,1.039
907.172,1.045
907.202,1.050
907.232,1.043
907.262,1.047
907.292,1.043
907.322,1.047
907.352,1.043
907.382,1.043
907.412,1.042
907.442,1.040
907.472,1.045
907.502,1.044
907.532,1.046
907.562,1.043
907.592,1.038
907.622,1.045
907.652,1.047
907.682,1.043
907.712,1.042
907.742,1.044
907.772,1.050
907.802,1.042
907.832,1.044
907.862,1.040
907.892,1.042
907.922,1.048
907.952,1.043
907.982,1.042
908.012,1.042
908.042,1.041
908.072,1.044
908.102,1.045
908.132,1.044
908.162,1.040
908.192,1.041
908.222,1.042
908.252,1.043
908.282,1.035
908.312,1.038
908.342,1.039
908.372,1.045
908.402,1.050
908.432,1.045
908.462,1.044
908.492,1.039
908.522,1.042
908.552,1.044
908.582,1.047
908.612,1.044
908.642,1.042
908.672,1.044
908.702,1.046
908.732,1.045
908.762,1.044
908.792,1.043
908.822,1.046
908.852,1.045
908.882,1.045
908.912,1.046
908.942,1.041
908.972,1.044
909.002,1.044
909.032,1.044
909.062,1.046
909.092,1.040
909.122,1.041
909.152,1.045
909.182,1.044
909.212,1.047
909.242,1.046
909.272,1.045
909.302,1.041
909.332,1.043
909.362,1.043
909.392,1.045
909.422,1.042
909.452,1.045
909.482,1.044
909.512,1.040
909.542,1.043
909.572,1.045
909.602,1.043
909.632,1.043
909.662,1.041
909.692,1.046
909.722,1.042
909.752,1.043
909.782,1.048
909.812,1.042
909.842,1.046
909.872,1.045
909.902,1.045
909.932,1.042
909.962,1.041
909.992,1.043
910.022,1.045
910.052,1.043
910.082,1.041
910.112,1.049
910.142,1.043
910.172,1.044
910.202,1.043
910.232,1.041
910.262,1.042
910.292,1.043
910.322,1.049
910.352,1.046
910.382,1.046
910.412,1.043
910.442,1.046
910.472,1.048
910.502,1.041
910.532,1.046
910.562,1.044
910.592,1.045
910.622,1.043
910.652,1.045
910.682,1.046
910.712,1.045
910.742,1.045
910.772,1.043
910.802,1.042
910.832,1.045
910.862,1.043
910.892,1.042
910.922,1.042
910.952,1.045
910.982,1.042
911.012,1.044
911.042,1.042
911.072,1.048
911.102,1.042
1161.938,0.830
1161.968,1.031
1161.998,0.995
1162.028,1.031
1162.058,1.018
1162.088,0.934
1162.118,1.579
1162.148,1.083
1162.178,0.748
1162.208,0.812
1162.238,0.897
1162.268,1.197
1162.298,1.232
1162.328,0.954
1162.358,0.843
1162.388,0.918
1162.418,1.182
1162.448,0.857
1162.478,0.666
1162.508,1.783
1162.538,1.047
1162.568,1.244
1162.598,0.960
1162.628,1.029
1162.658,1.009
1162.688,1.049
1162.718,1.102
1162.748,1.045
1162.778,1.042
1162.808,1.070
1162.838,1.057
1162.868,1.045
1162.898,1.050
1162.928,1.045
1162.958,1.032
1162.988,1.027
1163.018,1.057
1163.048,1.049
1163.078,1.045
1163.108,1.057
1163.138,1.050
1163.168,1.033
1163.198,1.044
1163.228,1.041
1163.258,1.064
1163.288,1.052
1163.318,1.023
1163.348,1.030
1163.378,1.135
1163.408,1.009
1163.438,1.078
1163.468,1.114
1163.498,1.017
1163.528,1.037
1163.558,1.046
1163.588,1.047
1163.618,1.045
1163.648,1.035
1163.678,0.956
1163.708,1.065
1163.738,0.982
1163.768,1.028
1163.798,1.050
1163.828,1.024
1163.858,1.035
1163.888,1.182
1163.918,0.913
1163.948,1.196
1163.978,1.139
1164.008,1.183
1164.038,1.109
1164.068,1.073
1164.098,1.015
1164.128,1.081
1164.158,1.106
1164.188,1.032
1164.218,0.966
1164.248,1.037
1164.278,1.039
1164.308,1.050
1164.338,1.034
1164.368,1.014
1164.398,1.048
1164.428,1.049
1164.458,1.040
1164.488,1.007
1164.518,0.975
1164.548,0.993
1164.578,1.068
1164.608,1.107
1164.638,1.044
1164.668,1.025
1164.698,1.005
1164.728,1.025
1164.758,1.047
1164.788,1.052
1164.818,1.077
1164.848,1.036
1164.878,1.040
1164.908,1.040
1164.938,1.067
1164.968,1.164
1164.998,1.039
1165.028,0.944
1165.058,1.074
1165.088,1.058
1165.118,1.045
1165.148,1.074
1165.178,1.055
1165.208,1.021
1165.238,1.008
1165.268,1.031
1165.298,1.230
1165.328,1.058
1165.358,1.040
1165.388,1.059
1165.418,1.001
1165.448,1.042
1165.478,1.063
1165.508,0.994
1165.538,1.035
1165.568,1.031
1165.598,1.098
1165.628,1.069
1165.658,1.101
1165.688,1.007
1165.718,1.076
1165.748,1.051
1165.778,1.088
1165.808,1.021
1165.838,1.059
1165.868,1.075
1165.898,0.994
1165.928,1.024
1165.958,0.956
1165.988,1.612
1166.018,1.100
1166.048,1.059
1166.078,1.037
1166.108,1.041
1166.138,1.033
1166.168,1.038
1166.198,1.036
1166.228,1.062
1166.258,1.071
1166.288,1.025
1166.318,1.010
1166.348,1.035
1166.378,1.061
1166.408,1.064
1166.438,0.979
1166.468,1.009
1166.498,1.062
1166.528,1.000
1166.558,1.075
1166.588,1.018
1166.618,1.038
1166.648,1.046
1166.678,1.042
1166.708,1.027
1166.738,1.047
1166.768,1.020
1166.798,1.059
1166.828,1.092
1166.858,1.036
1166.888,1.011
1166.918,1.004
1166.948,1.025
1166.978,1.046
1167.008,1.048
1167.038,1.100
1167.068,1.051
1167.098,1.018
1167.128,1.021
1167.158,1.039
1167.188,1.029
1167.218,1.020
1167.248,1.047
1167.278,1.059
1167.308,1.021
1167.338,1.003
1167.368,1.037
1167.398,1.052
1167.428,1.031
1167.458,1.053
1167.488,1.046
1167.518,1.024
1167.548,1.046
1167.578,1.049
1167.608,1.031
1167.638,1.040
1167.668,1.021
1167.698,1.045
1167.728,1.053
1167.758,1.041
1167.788,1.040
1167.818,1.043
1167.848,1.035
1167.878,1.033
1167.908,1.038
1167.938,1.090
1167.968,1.040
1167.998,1.042
1168.028,1.053
1168.058,1.021
1168.088,1.041
1168.118,1.042
1168.148,1.038
1168.178,1.035
1168.208,1.034
1168.238,1.037
1168.268,1.029
1168.298,1.066
1168.328,0.995
1168.358,1.064
1168.388,1.048
1168.418,0.971
1168.448,1.051
1168.478,1.058
1168.508,1.007
1168.538,1.061
1168.568,1.041
1168.598,1.063
1168.628,1.002
1168.658,1.055
1168.688,1.010
1168.718,0.996
1168.748,1.041
1168.778,1.029
1168.808,1.037
1168.838,1.036
1168.868,1.110
1168.898,1.144
1168.928,0.992
1168.958,0.932
1168.988,1.049
1169.018,1.047
1169.048,1.069
1169.078,1.018
1169.108,1.067
1169.138,0.993
1169.168,1.034
1169.198,1.047
1169.228,1.022
1169.258,0.921
1169.288,1.080
1169.318,1.021
1169.348,1.041
1169.378,1.041
1169.408,1.052
1169.438,1.043
1169.468,1.037
1169.498,1.008
1169.528,0.919
1169.558,1.038
1169.588,1.085
1169.618,1.046
1169.648,1.053
1169.678,1.007
1169.708,1.004
1169.738,1.075
1169.768,1.087
1169.798,1.026
1169.828,1.025
1169.858,0.981
1169.888,1.015
1169.918,1.045
1169.948,1.097
1169.978,1.124
1170.008,1.011
1170.038,0.914
1170.068,1.037
1170.098,1.064
1170.128,1.070
1170.158,1.044
1170.188,1.006
1170.218,0.988
1170.248,1.024
1170.278,1.038
1170.308,1.036
1170.338,1.032
1170.368,1.017
1170.398,1.020
1170.428,1.028
1170.458,1.021
1170.488,1.044
1170.518,1.008
1170.548,1.012
1170.578,1.100
1170.608,1.023
1170.638,1.030
1170.668,1.049
1170.698,1.056
1170.728,1.066
1170.758,1.030
1170.788,0.973
1170.818,1.019
1170.848,1.031
1170.878,1.053
1170.908,1.080
1170.938,1.047
1170.968,1.131
1170.998,1.129
1171.028,0.922
1171.058,0.912
1171.088,0.951
1171.118,1.098
1171.148,1.081
1171.178,1.050
1171.208,1.068
1171.238,1.050
1171.268,1.028
1171.298,1.031
1171.328,1.039
1171.358,1.037
1171.388,1.029
1171.418,1.025
1171.448,1.019
1171.478,1.017
1171.508,1.030
1171.538,1.036
1171.568,1.039
1171.598,1.028
1171.628,1.022
1171.658,1.035
1171.688,1.030
1171.718,1.032
1171.748,1.016
1171.778,1.025
1171.808,1.022
1171.838,1.025
1171.868,1.027
1171.898,1.024
1171.928,1.026
1171.958,1.027
1171.988,1.023
1172.018,1.019
1172.048,1.020
1172.078,1.031
1172.108,1.024
1172.138,1.028
1172.168,1.024
1172.198,1.021
1172.228,1.021
1172.258,1.021
1172.288,1.022
1172.318,1.019
1172.348,1.026
1172.378,1.025
1172.408,1.034
1172.438,1.033
1172.468,1.033
1172.498,1.030
1172.528,1.033
1172.558,1.026
1172.588,1.021
1172.618,1.025
1172.648,1.021
1172.678,1.023
1172.708,1.021
1172.738,1.022
1172.768,1.026
1172.798,1.021
1172.828,1.025
1172.858,1.025
1172.888,1.031
1172.918,1.023
1172.948,1.028
1172.978,1.026
1173.008,1.022
1173.038,1.021
1173.068,1.020
1173.098,1.022
1173.128,1.026
1173.158,1.037
1173.188,1.046
1173.218,1.040
1173.248,1.024
1173.278,1.015
1173.308,1.025
1173.338,1.030
1173.368,1.046
1173.398,1.033
1173.428,1.026
1173.458,1.019
1173.488,1.013
1173.518,1.025
1173.548,1.019
1173.578,1.025
1173.608,1.034
1173.638,1.041
1173.668,1.033
1173.698,1.026
1173.728,1.023
1173.758,1.014
1173.788,1.021
1173.818,1.019
1173.848,1.034
1173.878,1.030
1173.908,1.030
1173.938,1.048
1173.968,1.031
1173.998,1.026
1174.028,1.017
1174.058,1.033
1174.088,1.035
1174.118,1.035
1174.148,1.025
1174.178,1.020
1174.208,1.021
1174.238,1.013
1174.268,1.021
1174.298,1.014
1174.328,1.021
1174.358,1.026
1174.388,1.028
1174.418,1.024
1174.448,1.037
1174.478,1.031
1174.508,1.024
1174.538,1.024
1174.568,1.036
1174.598,1.031
1174.628,1.031
1174.658,1.021
1174.688,1.035
1174.718,1.034
1174.748,1.034
1174.778,1.029
1174.808,1.030
1174.838,1.030
1174.868,1.032
1174.898,1.032
1174.928,1.030
1174.958,0.988
1174.988,0.972
1175.018,0.999
1175.048,1.079
1175.078,1.083
1175.108,1.069
1175.138,1.068
1175.168,1.051
1175.198,1.038
1175.228,1.039
1175.258,1.049
1175.288,1.038
1175.318,1.033
1175.348,1.030
1175.378,1.028
1175.408,1.021
1175.438,1.021
1175.468,1.022
1175.498,1.029
1175.528,1.032
1175.558,1.030
1175.588,1.039
1175.618,1.032
1175.648,1.033
1175.678,1.037
1175.708,1.037
1175.738,1.034
1175.768,1.035
1175.798,1.033
1175.828,1.035
1175.858,1.035
1175.888,1.034
1175.918,1.035
1175.948,1.034
1175.978,1.033
1176.008,1.031
1176.038,1.039
1176.068,1.042
1176.098,1.029
1176.128,1.035
1176.158,1.029
1176.188,1.034
1176.218,1.040
1176.248,1.031
1176.278,1.035
1176.308,1.036
1176.338,1.038
1176.368,1.026
1176.398,1.036
1176.428,1.030
1176.458,1.036
1176.488,1.042
1176.518,1.035
1176.548,1.031
1176.578,1.031
1176.608,1.034
1176.638,1.037
1176.668,1.036
1176.698,1.023
1176.728,1.039
1176.758,1.033
1176.788,1.036
1176.818,1.032
1176.848,1.030
1176.878,1.037
1176.908,1.034
1176.938,1.039
1176.968,1.026
1176.998,1.036
1177.028,1.034
1177.058,1.034
1177.088,1.035
1177.118,1.033
1177.148,1.032
1177.178,1.034
1177.208,1.034
1177.238,1.037
1177.268,1.032
1177.298,1.030
1177.328,1.041
1177.358,1.033
1177.388,1.037
1177.418,1.030
1177.448,1.032
1177.478,1.036
1177.508,1.036
1177.538,1.038
1177.568,1.030
1177.598,1.041
1177.628,1.034
1177.658,1.033
1177.688,1.034
1177.718,1.038
1177.748,1.034
1177.778,1.038
1177.808,1.033
1177.838,1.038
1177.868,1.036
1177.898,1.024
1177.928,1.037
1177.958,1.031
1177.988,1.032
1178.018,1.034
1178.048,1.038
1178.078,1.035
1178.108,1.031
1178.138,1.028
1178.168,1.038
1178.198,1.040
1178.228,1.031
1178.258,1.037
1178.288,1.039
1178.318,1.040
1178.348,1.036
1178.378,1.028
1178.408,1.037
1178.438,1.033
1178.468,0.969
1178.498,1.015
1178.528,1.097
1178.558,1.096
1178.588,1.055
1178.618,1.029
1178.648,1.027
1178.678,1.021
1178.708,1.029
1178.738,1.031
1178.768,1.038
1178.798,1.028
1178.828,1.037
1178.858,1.029
1178.888,1.032
1178.918,1.026
1178.948,1.038
1178.978,1.035
1179.008,1.030
1179.038,1.040
1179.068,1.039
1179.098,1.030
1179.128,1.028
1179.158,1.039
1179.188,1.027
1179.218,1.037
1179.248,1.034
1179.278,1.034
1179.308,1.029
1179.338,1.038
1179.368,1.034
1179.398,1.045
1179.428,1.042
1179.458,1.046
1179.488,1.024
1179.518,0.997
1179.548,1.032
1179.578,1.032
1179.608,1.055
1179.638,1.062
1179.668,1.064
1179.698,1.057
1179.728,1.053
1179.758,1.039
1179.788,1.024
1179.818,1.036
1179.848,1.021
1179.878,1.038
1179.908,1.035
1179.938,1.037
1179.968,1.044
1179.998,1.038
1180.028,1.035
1180.058,1.034
1180.088,1.042
1180.118,1.037
1180.148,1.036
1180.178,1.034
1180.208,1.038
1180.238,1.040
1180.268,1.039
1180.298,1.035
1180.328,1.036
1180.358,1.039
1180.388,1.038
1180.418,1.040
1180.448,1.033
1180.478,1.049
1180.508,1.036
1180.538,1.039
1180.568,1.034
1180.598,1.030
1180.628,1.043
1180.658,1.036
1180.688,1.037
1180.718,1.034
1180.748,1.039
1180.778,1.039
1180.808,1.037
1180.838,1.032
1180.868,1.035
1180.898,1.039
1180.928,1.037
1180.958,1.038
1180.988,1.037
1181.018,1.042
1181.048,1.036
1181.078,1.033
1181.108,1.042
1181.138,1.033
1181.168,1.034
1181.198,1.037
1181.228,1.039
1181.258,1.036
1181.288,1.036
1181.318,1.037
1181.348,1.037
1181.378,1.033
1181.408,1.041
1181.438,1.043
1181.468,1.025
1181.498,1.037
1181.528,1.032
1181.558,1.046
1181.588,1.047
1181.618,1.043
1181.648,1.035
1181.678,1.040
1181.708,1.034
1181.738,1.034
1181.768,1.036
1181.798,1.038
1181.828,1.034
1181.858,1.037
1181.888,1.038
1181.918,1.035
1181.948,1.042
1181.978,1.030
1182.008,1.045
1182.038,1.038
1182.068,1.034
1182.098,1.030
1182.128,1.029
1182.158,1.037
1182.188,1.039
1182.218,1.045
1182.248,1.037
1182.278,1.035
1182.308,1.039
1182.338,1.028
1182.368,1.034
1182.398,1.035
1182.428,1.033
1182.458,1.033
1182.488,1.038
1182.518,1.035
1182.548,1.041
1182.578,1.032
1182.608,1.040
1182.638,1.040
1182.668,1.038
1182.698,1.039
1182.728,1.040
1182.758,1.028
1182.788,1.032
1182.818,1.040
1182.848,1.035
1182.878,1.032
1182.908,1.042
1182.938,1.031
1182.968,1.039
1182.998,1.035
1183.028,1.036
1183.058,1.035
1183.088,1.037
1183.118,1.035
1183.148,1.038
1183.178,1.037
1183.208,1.036
1183.238,1.036
1183.268,1.034
1183.298,1.036
1183.328,1.033
1183.358,1.033
1183.388,1.044
1183.418,1.042
1183.448,1.037
1183.478,1.036
1183.508,1.041
1183.538,1.037
1183.568,1.043
1183.598,1.031
1183.628,1.034
1183.658,1.036
1183.688,1.033
1183.718,1.042
1183.748,1.030
1183.778,1.040
1183.808,1.038
1183.838,1.035
1183.868,1.036
1183.898,1.038
1183.928,1.042
1183.958,1.036
1183.988,1.037
1184.018,1.040
1184.048,1.033
1184.078,1.039
1184.108,1.039
1184.138,1.038
1184.168,1.039
1184.198,1.039
1184.228,1.037
1184.258,1.038
1184.288,1.044
1184.318,1.030
1184.348,1.039
1184.378,1.036
1184.408,1.038
1184.438,1.035
1184.468,1.038
1184.498,1.038
1184.528,1.041
1184.558,1.027
1184.588,1.039
1184.618,1.035
1184.648,1.034
1184.678,1.041
1184.708,1.034
1184.738,1.034
1184.768,1.039
1184.798,1.041
1184.828,1.040
1184.858,1.035
1184.888,1.034
1184.918,1.043
1184.948,1.039
1184.978,1.034
1185.008,1.039
1185.038,1.040
1185.068,1.034
1185.098,1.039
1185.128,1.038
1185.158,1.043
1185.188,1.031
1185.218,1.039
1185.248,1.042
1185.278,1.037
1185.308,1.035
1185.338,1.036
1185.368,1.039
1185.398,1.037
1185.428,1.041
1185.458,1.036
1185.488,1.039
1185.518,1.038
1185.548,1.036
1185.578,1.037
1185.608,1.038
1185.638,1.035
1185.668,1.041
1185.698,1.036
1185.728,1.038
1185.758,1.046
1185.788,1.035
1185.818,1.052
1185.848,1.044
1185.878,1.049
1185.908,1.042
1185.938,1.037
1185.968,1.026
1185.998,1.027
1186.028,1.037
1186.058,1.037
1186.088,1.040
1186.118,1.039
1186.148,1.038
1186.178,1.039
