df_hash,22ZHK4.N2SGV4
device,HZ2X61
project_hash,29R7
project_name,istanbul_aydin_university
person_hash,29R7.H46Y
person_label,V75
date_time_start,2025-11-03_13-45-05.246000_+03
date_time_start_unix,1762163105.246
date_time_end,2025-11-03_13-53-22.723000_+03
length_difference_noticed,no

time,acc_mag
4.713,1.010
4.743,1.011
4.773,1.013
4.803,1.015
4.833,1.009
4.863,1.009
4.893,1.013
4.923,1.012
4.953,1.012
4.983,1.008
5.013,1.013
5.043,1.010
5.073,1.010
5.103,1.011
5.133,1.009
5.163,1.014
5.193,1.011
5.223,1.014
5.253,1.014
5.283,1.010
5.313,1.011
5.343,1.012
5.373,1.010
5.403,1.011
5.433,1.013
5.463,1.014
5.493,1.009
5.523,1.012
5.553,1.012
5.583,1.014
5.613,1.016
5.643,1.006
5.673,1.005
5.703,1.016
5.733,1.015
5.763,1.010
5.793,1.011
5.823,1.008
5.853,1.014
5.883,1.015
5.913,1.009
5.943,1.011
5.973,1.013
6.003,1.015
6.033,1.013
6.063,1.012
6.093,1.005
6.123,1.014
6.153,1.014
6.183,1.011
6.213,1.012
6.243,1.011
6.273,1.011
6.303,1.012
6.333,1.009
6.363,1.018
6.393,1.014
6.423,1.005
6.453,1.010
6.483,1.017
6.513,1.014
6.543,1.015
6.573,1.014
6.603,1.008
6.633,1.010
6.663,1.017
6.693,1.012
6.723,1.012
6.753,1.008
6.783,1.010
6.813,1.012
6.843,1.012
6.873,1.010
6.903,1.016
6.933,1.011
6.963,1.011
6.993,1.015
7.023,1.010
7.053,1.014
7.083,1.008
7.113,1.012
7.143,1.009
7.173,1.020
7.203,1.016
7.233,1.008
7.263,1.009
7.293,1.015
7.323,1.016
7.353,1.015
7.383,1.008
7.413,1.006
7.443,1.012
7.473,1.019
7.503,1.013
7.533,1.008
7.563,1.013
7.593,1.016
7.623,1.017
7.653,1.016
7.683,1.009
7.713,1.014
7.743,1.012
7.773,1.013
7.803,1.010
7.833,1.011
7.863,1.011
7.893,1.007
7.923,1.013
7.953,1.009
7.983,1.015
8.013,1.020
8.043,1.008
8.073,1.010
8.103,1.013
8.133,1.015
8.163,1.009
8.193,1.013
8.223,1.006
8.253,1.013
8.283,1.016
8.313,1.010
8.343,1.010
8.373,1.017
8.403,1.008
8.433,1.013
8.463,1.013
8.493,1.011
8.523,1.012
8.553,1.012
8.583,1.010
8.613,1.013
8.643,1.013
8.673,1.011
8.703,1.011
8.733,1.014
8.763,1.010
8.793,1.015
8.823,1.018
8.853,1.014
8.883,1.005
8.913,1.014
8.943,1.016
8.973,1.014
9.003,1.010
9.033,1.013
9.063,1.011
9.093,1.014
9.123,1.014
9.153,1.011
9.183,1.010
9.213,1.019
9.243,1.014
9.273,1.010
9.303,1.018
9.333,1.016
9.363,1.013
9.393,1.013
9.423,1.010
9.453,1.010
9.483,1.016
9.513,1.010
9.543,1.012
9.573,1.018
9.603,1.009
9.633,1.008
9.663,1.017
9.693,1.016
9.723,1.013
9.753,1.010
9.783,1.011
9.813,1.010
9.843,1.018
9.873,1.016
9.903,1.010
9.933,1.010
9.963,1.018
9.993,1.011
10.023,1.014
10.053,1.010
10.083,1.014
10.113,1.014
10.143,1.015
10.173,1.012
10.203,1.014
10.233,1.009
10.263,1.017
10.293,1.014
10.323,1.006
10.353,1.008
10.383,1.017
10.413,1.014
10.443,1.016
10.473,1.014
10.503,1.008
10.533,1.009
10.563,1.021
10.593,1.014
10.623,1.008
10.653,1.013
10.683,1.011
10.713,1.015
10.743,1.015
10.773,1.013
10.803,1.017
10.833,1.013
10.863,1.012
10.893,1.014
10.923,1.010
10.953,1.010
10.983,1.020
11.013,1.014
11.043,1.009
11.073,1.012
11.103,1.013
11.133,1.014
11.163,1.016
11.193,1.013
11.223,1.010
11.253,1.017
11.283,1.018
11.313,1.007
11.343,1.010
11.373,1.015
11.403,1.012
11.433,1.014
11.463,1.014
11.493,1.013
11.523,1.017
11.553,1.013
11.583,1.012
11.613,1.010
11.643,1.015
11.673,1.012
11.703,1.021
11.733,1.013
11.763,1.009
11.793,1.014
11.823,1.014
11.853,1.014
11.883,1.013
11.913,1.011
11.943,1.013
11.973,1.016
12.003,1.017
12.033,1.012
12.063,1.012
12.093,1.013
12.123,1.014
12.153,1.012
12.183,1.016
12.213,1.013
12.243,1.015
12.273,1.016
12.303,1.015
12.333,1.011
12.363,1.011
12.393,1.009
12.423,1.014
12.453,1.020
12.483,1.012
12.513,1.007
12.543,1.015
12.573,1.015
12.603,1.012
12.633,1.016
12.663,1.006
12.693,1.016
12.723,1.018
12.753,1.010
12.783,1.012
12.813,1.012
12.843,1.013
12.873,1.014
12.903,1.015
12.933,1.014
12.963,1.014
12.993,1.016
13.023,1.012
13.053,1.015
13.083,1.010
13.113,1.014
13.143,1.012
13.173,1.017
13.203,1.013
13.233,1.004
13.263,1.012
13.293,1.015
13.323,1.013
13.353,1.014
13.383,1.013
13.413,1.009
13.443,1.016
13.473,1.019
13.503,1.009
13.533,1.015
13.563,1.012
13.593,1.014
13.623,1.012
13.653,1.014
13.683,1.013
13.713,1.016
13.743,1.011
13.773,1.010
13.803,1.012
13.833,1.015
13.863,1.018
13.893,1.018
13.923,1.011
13.953,1.011
13.983,1.017
14.013,1.017
14.043,1.013
14.073,1.016
14.103,1.012
14.133,1.008
14.163,1.014
14.193,1.015
14.223,1.008
14.253,1.013
14.283,1.015
14.313,1.012
14.343,1.013
14.373,1.014
14.403,1.014
14.433,1.013
14.463,1.013
14.493,1.010
14.523,1.013
14.553,1.011
14.583,1.010
14.613,1.019
14.643,1.017
14.673,1.012
14.703,1.009
14.733,1.013
14.763,1.015
14.793,1.017
14.823,1.011
14.853,1.011
14.883,1.014
14.913,1.019
14.943,1.016
14.973,1.012
15.003,1.013
15.033,1.014
15.063,1.011
15.093,1.017
15.123,1.012
15.153,1.009
15.183,1.012
15.213,1.012
15.243,1.016
15.273,1.012
15.303,1.010
15.333,1.013
15.363,1.013
15.393,1.012
15.423,1.018
15.453,1.013
15.483,1.008
15.513,1.010
15.543,1.014
15.573,1.015
15.603,1.013
15.633,1.011
15.663,1.009
15.693,1.014
15.723,1.009
15.753,1.009
15.783,1.012
15.813,1.016
15.843,1.015
15.873,1.009
15.903,1.010
15.933,1.013
15.963,1.013
15.993,1.012
16.023,1.015
16.053,1.011
16.083,1.010
16.113,1.008
16.143,1.015
16.173,1.009
16.203,1.019
16.233,1.013
16.263,1.010
16.293,1.011
16.323,1.013
16.353,1.012
16.383,1.016
16.413,1.017
16.443,1.008
16.473,1.013
16.503,1.012
16.533,1.012
16.563,1.003
16.593,1.012
16.623,1.016
16.653,1.013
16.683,1.014
16.713,1.015
16.743,1.015
16.773,1.014
16.803,1.014
16.833,1.008
16.863,1.009
16.893,1.007
16.923,1.014
16.953,1.008
16.983,1.011
17.013,1.006
17.043,1.013
17.073,1.007
17.103,1.005
17.133,1.011
17.163,1.009
17.193,1.008
17.223,1.015
17.253,1.015
17.283,1.004
17.313,1.005
17.343,1.016
17.373,1.020
17.403,1.018
17.433,1.014
17.463,1.008
17.493,1.002
17.523,1.007
17.553,1.006
17.583,1.015
17.613,1.012
17.643,1.006
17.673,1.012
17.703,1.007
17.733,1.002
17.763,1.009
17.793,1.019
17.823,1.011
17.853,1.007
17.883,1.003
17.913,1.006
17.943,1.006
17.973,1.005
18.003,1.011
18.033,1.013
18.063,1.014
18.093,1.011
18.123,1.006
18.153,1.012
18.183,1.011
18.213,1.007
18.243,1.006
18.273,1.020
18.303,1.020
18.333,1.011
18.363,1.009
18.393,1.005
18.423,1.011
18.453,1.015
18.483,1.012
18.513,1.016
18.543,1.007
18.573,1.009
18.603,1.012
18.633,1.003
18.663,1.009
18.693,1.013
18.723,1.010
18.753,1.006
18.783,1.011
18.813,1.011
18.843,1.011
18.873,1.008
18.903,1.009
18.933,1.013
18.963,1.016
18.993,1.013
19.023,1.005
19.053,1.012
19.083,1.015
19.113,1.015
19.143,1.012
19.173,1.014
19.203,1.007
19.233,1.012
19.263,1.012
19.293,1.013
19.323,1.008
19.353,1.012
19.383,1.014
19.413,1.013
19.443,1.009
19.473,1.012
19.503,1.010
19.533,1.005
19.563,1.013
19.593,1.013
19.623,1.011
19.653,1.009
19.683,1.006
19.713,1.009
19.743,1.016
19.773,1.015
19.803,1.015
19.833,1.011
19.863,1.011
19.893,1.014
19.923,1.011
19.953,1.013
19.983,1.012
20.013,1.012
20.043,1.012
20.073,1.012
20.103,1.014
20.133,1.010
20.163,1.010
20.193,1.010
20.223,1.011
20.253,1.014
20.283,1.009
20.313,1.010
20.343,1.011
20.373,1.014
20.403,1.019
20.433,1.010
20.463,1.006
20.493,1.011
20.523,1.008
20.553,1.010
20.583,1.012
20.613,1.012
20.643,1.013
20.673,1.009
20.703,1.013
20.733,1.011
20.763,1.012
20.793,1.012
20.823,1.013
20.853,1.010
20.883,1.014
20.913,1.014
20.943,1.005
20.973,1.006
21.003,1.017
21.033,1.015
21.063,1.009
21.093,1.013
21.123,1.009
21.153,1.014
21.183,1.015
21.213,1.012
21.243,1.012
21.273,1.012
21.303,1.011
21.333,1.009
21.363,1.010
21.393,1.012
21.423,1.012
21.453,1.013
21.483,1.010
21.513,1.011
21.543,1.015
21.573,1.015
21.603,1.015
21.633,1.007
21.663,1.011
21.693,1.010
21.723,1.014
21.753,1.008
21.783,1.008
21.813,1.010
21.843,1.013
21.873,1.011
21.903,1.008
21.933,1.008
21.963,1.014
21.993,1.016
22.023,1.011
22.053,1.015
22.083,1.012
22.113,1.013
22.143,1.013
22.173,1.013
22.203,1.005
22.233,1.013
22.263,1.007
22.293,1.012
22.323,1.017
22.353,1.010
22.383,1.013
22.413,1.013
22.443,1.012
22.473,1.012
22.503,1.012
22.533,1.011
22.563,1.013
22.593,1.012
22.623,1.010
22.653,1.010
22.683,1.014
22.713,1.016
22.743,1.013
22.773,1.014
22.803,1.013
22.833,1.013
22.863,1.012
22.893,1.014
22.923,1.011
22.953,1.007
22.983,1.014
23.013,1.012
23.043,1.016
23.073,1.014
23.103,1.008
23.133,1.007
23.163,1.015
23.193,1.017
23.223,1.015
23.253,1.015
23.283,1.006
23.313,1.014
23.343,1.015
23.373,1.011
23.403,1.013
23.433,1.014
23.463,1.011
23.493,1.013
23.523,1.011
23.553,1.015
23.583,1.015
23.613,1.016
23.643,1.010
23.673,1.011
23.703,1.012
23.733,1.021
23.763,1.014
23.793,1.008
23.823,1.008
23.853,1.014
23.883,1.017
23.913,1.013
23.943,1.017
23.973,1.014
24.003,1.016
24.033,1.013
24.063,1.010
24.093,1.014
24.123,1.013
24.153,1.009
24.183,1.014
24.213,1.010
24.243,1.015
24.273,1.014
24.303,1.014
24.333,1.009
24.363,1.009
24.393,1.012
24.423,1.017
24.453,1.015
24.483,1.009
24.513,1.007
24.543,1.017
24.573,1.019
24.603,1.012
24.633,1.011
24.663,1.012
24.693,1.017
24.723,1.014
24.753,1.008
24.783,1.013
24.813,1.013
24.843,1.018
24.873,1.010
24.903,1.012
24.933,1.011
24.963,1.013
24.993,1.013
25.023,1.009
25.053,1.009
25.083,1.013
25.113,1.014
25.143,1.018
25.173,1.016
25.203,1.007
25.233,1.009
25.263,1.016
25.293,1.015
25.323,1.014
25.353,1.009
25.383,1.010
25.413,1.015
25.443,1.014
25.473,1.013
25.503,1.007
25.533,1.010
25.563,1.016
25.593,1.012
25.623,1.014
25.653,1.012
25.683,1.014
25.713,1.018
25.743,1.015
25.773,1.013
25.803,1.010
25.833,1.014
25.863,1.013
25.893,1.016
25.923,1.011
25.953,1.005
25.983,1.008
26.013,1.012
26.043,1.013
26.073,1.013
26.103,1.009
26.133,1.010
26.163,1.017
26.193,1.015
26.223,1.011
26.253,1.015
26.283,1.013
26.313,1.013
26.343,1.012
26.373,1.015
26.403,1.015
26.433,1.014
26.463,1.012
26.493,1.011
26.523,1.014
26.553,1.016
26.583,1.015
26.613,1.013
26.643,1.009
26.673,1.011
26.703,1.015
26.733,1.017
26.763,1.011
26.793,1.013
26.823,1.007
26.853,1.012
26.883,1.017
26.913,1.011
26.943,1.011
26.973,1.013
27.003,1.010
27.033,1.013
27.063,1.011
27.093,1.018
27.123,1.011
27.153,1.010
27.183,1.006
27.213,1.012
27.243,1.010
27.273,1.016
27.303,1.016
27.333,1.008
27.363,1.009
27.393,1.013
27.423,1.018
27.453,1.012
27.483,1.013
27.513,1.009
27.543,1.014
27.573,1.018
27.603,1.014
27.633,1.011
27.663,1.012
27.693,1.014
27.723,1.016
27.753,1.015
27.783,1.011
27.813,1.017
27.843,1.017
27.873,1.011
27.903,1.011
27.933,1.015
27.963,1.012
27.993,1.016
28.023,1.017
28.053,1.009
28.083,1.011
28.113,1.015
28.143,1.016
28.173,1.013
28.203,1.013
28.233,1.009
28.263,1.015
28.293,1.015
28.323,1.008
28.353,1.013
28.383,1.013
28.413,1.010
28.443,1.015
28.473,1.013
28.503,1.011
28.533,1.015
28.563,1.017
28.593,1.014
28.623,1.007
28.653,1.010
28.683,1.015
28.713,1.019
28.743,1.017
28.773,1.007
28.803,1.009
28.833,1.014
28.863,1.017
28.893,1.015
28.923,1.013
28.953,1.006
28.983,1.015
29.013,1.014
29.043,1.011
29.073,1.013
29.103,1.016
29.133,1.014
29.163,1.014
29.193,1.012
29.223,1.013
29.253,1.014
29.283,1.019
29.313,1.010
29.343,1.009
29.373,1.015
29.403,1.015
29.433,1.014
29.463,1.012
29.493,1.009
29.523,1.005
29.553,1.015
29.583,1.020
29.613,1.011
29.643,1.013
29.673,1.007
29.703,1.007
29.733,1.017
29.763,1.016
29.793,1.009
29.823,1.012
29.853,1.013
29.883,1.011
29.913,1.011
29.943,1.009
29.973,1.015
30.003,1.016
30.033,1.014
30.063,1.015
30.093,1.013
30.123,1.014
30.153,1.015
30.183,1.011
30.213,1.005
30.243,1.014
30.273,1.016
30.303,1.014
30.333,1.014
30.363,1.010
30.393,1.014
30.423,1.018
30.453,1.014
30.483,1.007
30.513,1.015
30.543,1.013
30.573,1.013
30.603,1.011
30.633,1.012
30.663,1.009
30.693,1.013
30.723,1.020
30.753,1.015
30.783,1.008
30.813,1.014
30.843,1.014
30.873,1.016
30.903,1.014
30.933,1.006
30.963,1.011
30.993,1.017
31.023,1.016
31.053,1.008
31.083,1.011
31.113,1.012
31.143,1.018
31.173,1.009
31.203,1.009
31.233,1.011
31.263,1.012
31.293,1.014
31.323,1.018
31.353,1.015
31.383,1.014
31.413,1.015
31.443,1.012
31.473,1.014
31.503,1.016
31.533,1.011
31.563,1.012
31.593,1.016
31.623,1.013
31.653,1.018
31.683,1.006
31.713,1.010
31.743,1.015
31.773,1.013
31.803,1.014
31.833,1.014
31.863,1.011
31.893,1.014
31.923,1.018
31.953,1.011
31.983,1.013
32.013,1.010
32.043,1.013
32.073,1.011
32.103,1.015
32.133,1.013
32.163,1.014
32.193,1.010
32.223,1.008
32.253,1.014
32.283,1.015
32.313,1.012
32.343,1.016
32.373,1.009
32.403,1.015
32.433,1.017
32.463,1.016
32.493,1.011
32.523,1.007
32.553,1.014
32.583,1.017
32.613,1.017
32.643,1.009
32.673,1.011
32.703,1.011
32.733,1.014
32.763,1.011
32.793,1.009
32.823,1.010
32.853,1.016
32.883,1.012
32.913,1.009
32.943,1.015
32.973,1.013
33.003,1.013
33.033,1.011
33.063,1.012
33.093,1.008
33.123,1.015
33.153,1.012
33.183,1.017
33.213,1.016
33.243,1.007
33.273,1.010
33.303,1.013
33.333,1.017
33.363,1.014
33.393,1.011
33.423,1.009
33.453,1.011
33.483,1.015
33.513,1.011
33.543,1.009
33.573,1.012
33.603,1.015
33.633,1.014
33.663,1.012
33.693,1.012
33.723,1.013
33.753,1.014
33.783,1.016
33.813,1.012
33.843,1.009
33.873,1.012
33.903,1.017
33.933,1.019
33.963,1.007
33.993,1.011
34.023,1.017
34.053,1.015
34.083,1.014
34.113,1.014
34.143,1.009
34.173,1.015
34.203,1.016
34.233,1.012
34.263,1.011
34.293,1.017
34.323,1.017
34.353,1.012
34.383,1.015
34.413,1.011
34.443,1.009
34.473,1.016
34.503,1.015
34.533,1.011
34.563,1.012
34.593,1.013
34.623,1.013
34.653,1.016
34.683,1.018
34.713,1.010
34.743,1.008
34.773,1.020
34.803,1.019
34.833,1.011
34.863,1.008
34.893,1.015
34.923,1.013
34.953,1.014
34.983,1.013
35.013,1.012
35.043,1.013
35.073,1.016
35.103,1.013
35.133,1.015
35.163,1.012
35.193,1.014
35.223,1.012
35.253,1.017
35.283,1.015
35.313,1.010
35.343,1.015
35.373,1.016
35.403,1.016
35.433,1.014
35.463,1.006
35.493,1.007
35.523,1.015
35.553,1.015
35.583,1.014
35.613,1.012
35.643,1.007
35.673,1.012
35.703,1.019
35.733,1.012
35.763,1.011
35.793,1.012
35.823,1.014
35.853,1.013
35.883,1.011
35.913,1.012
35.943,1.017
35.973,1.016
36.003,1.012
36.033,1.012
36.063,1.011
36.093,1.015
36.123,1.011
36.153,1.019
36.183,1.009
36.213,1.009
36.243,1.017
36.273,1.017
36.303,1.016
36.333,1.014
36.363,1.010
36.393,1.007
36.423,1.018
36.453,1.015
36.483,1.007
36.513,1.015
36.543,1.013
36.573,1.012
36.603,1.014
36.633,1.016
36.663,1.014
36.693,1.012
36.723,1.013
36.753,1.006
36.783,1.014
36.813,1.014
36.843,1.016
36.873,1.014
36.903,1.008
36.933,1.012
36.963,1.017
36.993,1.015
37.023,1.013
37.053,1.013
37.083,1.009
37.113,1.014
37.143,1.019
37.173,1.010
37.203,1.015
37.233,1.018
37.263,1.010
37.293,1.017
37.323,1.013
37.353,1.012
37.383,1.013
37.413,1.014
37.443,1.010
37.473,1.013
37.503,1.014
37.533,1.018
37.563,1.011
37.593,1.008
37.623,1.014
37.653,1.016
37.683,1.016
37.713,1.015
37.743,1.013
37.773,1.009
37.803,1.020
37.833,1.014
37.863,1.009
37.893,1.012
37.923,1.017
37.953,1.015
37.983,1.014
38.013,1.013
38.043,1.012
38.073,1.013
38.103,1.014
38.133,1.013
38.163,1.013
38.193,1.011
38.223,1.018
38.253,1.015
38.283,1.010
38.313,1.009
38.343,1.016
38.373,1.018
38.403,1.011
38.433,1.011
38.463,1.009
38.493,1.016
38.523,1.014
38.553,1.014
38.583,1.010
38.613,1.010
38.643,1.015
38.673,1.014
38.703,1.013
38.733,1.015
38.763,1.010
38.793,1.015
38.823,1.015
38.853,1.020
38.883,1.010
38.913,1.011
38.943,1.015
38.973,1.014
39.003,1.013
39.033,1.010
39.063,1.006
39.093,1.019
39.123,1.019
39.153,1.013
39.183,1.013
39.213,1.012
39.243,1.007
39.273,1.016
39.303,1.016
39.333,1.011
39.363,1.014
39.393,1.014
39.423,1.013
39.453,1.014
39.483,1.015
39.513,1.011
39.543,1.016
39.573,1.015
39.603,1.012
39.633,1.016
39.663,1.010
39.693,1.013
39.723,1.013
39.753,1.013
39.783,1.019
39.813,1.014
39.843,1.012
39.873,1.007
39.903,1.014
39.933,1.014
39.963,1.017
39.993,1.009
40.023,1.007
40.053,1.016
40.083,1.020
40.113,1.013
40.143,1.012
40.173,1.013
40.203,1.012
40.233,1.014
40.263,1.016
40.293,1.013
40.323,1.013
40.353,1.014
40.383,1.011
40.413,1.013
40.443,1.013
40.473,1.011
40.503,1.015
40.533,1.008
40.563,1.012
40.593,1.014
40.623,1.012
40.653,1.012
40.683,1.012
40.713,1.015
40.743,1.014
40.773,1.011
40.803,1.009
40.833,1.014
40.863,1.018
40.893,1.011
40.923,1.012
40.953,1.012
40.983,1.012
41.013,1.015
41.043,1.015
41.073,1.010
41.103,1.015
41.133,1.013
41.163,1.013
41.193,1.011
41.223,1.009
41.253,1.012
41.283,1.014
41.313,1.013
41.343,1.017
41.373,1.007
41.403,1.012
41.433,1.017
41.463,1.013
41.493,1.008
41.523,1.013
41.553,1.012
41.583,1.015
41.613,1.017
41.643,1.012
41.673,1.011
41.703,1.012
41.733,1.014
41.763,1.014
41.793,1.012
41.823,1.014
41.853,1.019
41.883,1.015
41.913,1.012
41.943,1.012
41.973,1.010
42.003,1.013
42.033,1.011
42.063,1.019
42.093,1.014
42.123,1.009
42.153,1.011
42.183,1.017
42.213,1.011
42.243,1.009
42.273,1.014
42.303,1.009
42.333,1.015
42.363,1.016
42.393,1.012
42.423,1.013
42.453,1.015
42.483,1.011
42.513,1.014
42.543,1.014
42.573,1.014
42.603,1.015
42.633,1.013
42.663,1.013
42.693,1.013
42.723,1.014
42.753,1.010
42.783,1.012
42.813,1.013
42.843,1.019
42.873,1.010
42.903,1.008
42.933,1.011
42.963,1.014
42.993,1.018
43.023,1.015
43.053,1.009
43.083,1.011
43.113,1.017
43.143,1.013
43.173,1.013
43.203,1.011
43.233,1.015
43.263,1.013
43.293,1.012
43.323,1.012
43.353,1.016
43.383,1.017
43.413,1.014
43.443,1.010
43.473,1.011
43.503,1.014
43.533,1.012
43.563,1.018
43.593,1.013
43.623,1.009
43.653,1.009
43.683,1.015
43.713,1.017
43.743,1.014
43.773,1.010
43.803,1.010
43.833,1.014
43.863,1.016
43.893,1.012
43.923,1.010
43.953,1.016
43.983,1.013
44.013,1.011
44.043,1.013
44.073,1.015
44.103,1.011
44.133,1.013
44.163,1.012
44.193,1.015
44.223,1.010
44.253,1.019
44.283,1.014
44.313,1.009
44.343,1.009
44.373,1.014
44.403,1.013
44.433,1.015
44.463,1.013
44.493,1.009
44.523,1.015
44.553,1.014
44.583,1.008
44.613,1.013
44.643,1.015
44.673,1.015
44.703,1.013
44.733,1.012
44.763,1.017
44.793,1.014
44.823,1.015
44.853,1.011
44.883,1.010
44.913,1.017
44.943,1.016
44.973,1.007
45.003,1.010
45.033,1.011
45.063,1.016
45.093,1.015
45.123,1.013
45.153,1.009
45.183,1.014
45.213,1.016
45.243,1.014
45.273,1.010
45.303,1.018
45.333,1.013
45.363,1.015
45.393,1.012
45.423,1.009
45.453,1.010
45.483,1.012
45.513,1.016
45.543,1.011
45.573,1.011
45.603,1.015
45.633,1.017
45.663,1.018
45.693,1.009
45.723,1.014
45.753,1.017
45.783,1.015
45.813,1.010
45.843,1.009
45.873,1.015
45.903,1.015
45.933,1.015
45.963,1.013
45.993,1.011
46.023,1.015
46.053,1.015
46.083,1.011
46.113,1.016
46.143,1.016
46.173,1.014
46.203,1.016
46.233,1.015
46.263,1.015
46.293,1.008
46.323,1.010
46.353,1.011
46.383,1.017
46.413,1.015
46.443,1.010
46.473,1.010
46.503,1.016
46.533,1.015
46.563,1.013
46.593,1.012
46.623,1.009
46.653,1.013
46.683,1.016
46.713,1.010
46.743,1.009
46.773,1.012
46.803,1.017
46.833,1.015
46.863,1.008
46.893,1.014
46.923,1.014
46.953,1.015
46.983,1.013
47.013,1.015
47.043,1.014
47.073,1.013
47.103,1.011
47.133,1.016
47.163,1.016
47.193,1.018
47.223,1.012
47.253,1.006
47.283,1.014
47.313,1.018
47.343,1.015
47.373,1.010
47.403,1.009
47.433,1.016
47.463,1.016
47.493,1.012
47.523,1.010
47.553,1.016
47.583,1.015
47.613,1.016
47.643,1.014
47.673,1.013
47.703,1.015
47.733,1.014
47.763,1.010
47.793,1.007
47.823,1.013
47.853,1.010
47.883,1.013
47.913,1.017
47.943,1.012
47.973,1.006
48.003,1.012
48.033,1.019
48.063,1.013
48.093,1.008
48.123,1.009
48.153,1.011
48.183,1.018
48.213,1.011
48.243,1.011
48.273,1.013
48.303,1.012
48.333,1.012
48.363,1.012
48.393,1.012
48.423,1.015
48.453,1.013
48.483,1.015
48.513,1.013
48.543,1.010
48.573,1.014
48.603,1.012
48.633,1.014
48.663,1.013
48.693,1.009
48.723,1.012
48.753,1.017
48.783,1.012
48.813,1.011
48.843,1.011
48.873,1.010
48.903,1.013
48.933,1.018
48.963,1.013
48.993,1.013
49.023,1.013
49.053,1.013
49.083,1.013
49.113,1.011
49.143,1.014
49.173,1.012
49.203,1.013
49.233,1.014
49.263,1.013
49.293,1.009
49.323,1.013
49.353,1.014
49.383,1.016
49.413,1.015
49.443,1.007
49.473,1.010
49.503,1.014
49.533,1.016
49.563,1.012
49.593,1.011
49.623,1.015
49.653,1.011
49.683,1.015
49.713,1.008
49.743,1.014
49.773,1.011
49.803,1.019
49.833,1.014
49.863,1.009
49.893,1.014
49.923,1.018
49.953,1.016
49.983,1.009
50.013,1.014
50.043,1.017
50.073,1.012
50.103,1.009
50.133,1.014
50.163,1.016
50.193,1.014
50.223,1.011
50.253,1.009
50.283,1.015
50.313,1.018
50.343,1.014
50.373,1.011
50.403,1.009
50.433,1.014
50.463,1.021
50.493,1.008
50.523,1.009
50.553,1.013
50.583,1.017
50.613,1.012
50.643,1.012
50.673,1.016
50.703,1.016
50.733,1.016
50.763,1.013
50.793,1.011
50.823,1.014
50.853,1.011
50.883,1.014
50.913,1.018
50.943,1.015
50.973,1.010
51.003,1.009
51.033,1.013
51.063,1.016
51.093,1.009
51.123,1.012
51.153,1.010
51.183,1.013
51.213,1.014
51.243,1.010
51.273,1.010
51.303,1.009
51.333,1.016
51.363,1.015
51.393,1.013
51.423,1.011
51.453,1.014
51.483,1.015
51.513,1.014
51.543,1.014
51.573,1.010
51.603,1.014
51.633,1.010
51.663,1.019
51.693,1.017
51.723,1.007
51.753,1.012
51.783,1.017
51.813,1.018
51.843,1.010
51.873,1.010
51.903,1.008
51.933,1.013
51.963,1.015
51.993,1.010
52.023,1.012
52.053,1.014
52.083,1.017
52.113,1.011
52.143,1.015
52.173,1.013
52.203,1.014
52.233,1.016
52.263,1.010
52.293,1.013
52.323,1.015
52.353,1.012
52.383,1.017
52.413,1.016
52.443,1.020
52.473,1.011
52.503,1.009
52.533,1.015
52.563,1.017
52.593,1.012
52.623,1.015
52.653,1.013
52.683,1.015
52.713,1.015
52.743,1.015
52.773,1.013
52.803,1.013
52.833,1.015
52.863,1.015
52.893,1.011
52.923,1.015
52.953,1.015
52.983,1.016
53.013,1.015
53.043,1.012
53.073,1.018
53.103,1.016
53.133,1.020
53.163,1.015
53.193,1.010
53.223,1.011
53.253,1.018
53.283,1.016
53.313,1.016
53.343,1.013
53.373,1.007
53.403,1.018
53.433,1.019
53.463,1.010
53.493,1.011
53.523,1.016
53.553,1.014
53.583,1.013
53.613,1.016
53.643,1.014
53.673,1.016
53.703,1.013
53.733,1.013
53.763,1.015
53.793,1.010
53.823,1.017
53.853,1.018
53.883,1.007
53.913,1.008
53.943,1.018
53.973,1.018
54.003,1.012
54.033,1.014
54.063,1.006
54.093,1.015
54.123,1.019
54.153,1.010
54.183,1.014
54.213,1.015
54.243,1.013
54.273,1.015
54.303,1.014
54.333,1.017
54.363,1.018
54.393,1.018
54.423,1.011
54.453,1.015
54.483,1.021
54.513,1.032
54.543,1.016
54.573,1.010
54.603,1.021
54.633,1.027
54.663,1.035
54.693,1.031
54.723,1.028
54.753,1.010
54.783,1.006
54.813,1.015
54.843,1.019
54.873,1.020
54.903,1.015
54.933,1.020
54.963,1.020
54.993,1.020
55.023,1.027
55.053,1.025
55.083,1.027
55.113,1.028
55.143,1.028
55.173,1.027
55.203,1.026
55.233,1.026
55.263,1.025
55.293,1.026
55.323,1.031
55.353,1.036
55.383,1.032
55.413,1.023
55.443,1.024
55.473,1.032
55.503,1.029
55.533,1.025
55.563,1.026
55.593,1.026
55.623,1.033
55.653,1.030
55.683,1.026
55.713,1.029
55.743,1.029
55.773,1.026
55.803,1.029
55.833,1.027
55.863,1.021
55.893,1.025
55.923,1.024
55.953,1.032
55.983,1.030
56.013,1.029
56.043,1.025
56.073,1.023
56.103,1.027
56.133,1.028
56.163,1.022
56.193,1.022
56.223,1.026
56.253,1.025
56.283,1.021
56.313,1.021
56.343,1.019
56.373,1.022
56.403,1.020
56.433,1.017
56.463,1.021
56.493,1.026
56.523,1.024
56.553,1.021
56.583,1.017
56.613,1.020
56.643,1.019
56.673,1.021
56.703,1.015
56.733,1.015
56.763,1.014
56.793,1.020
56.823,1.020
56.853,1.015
56.883,1.014
56.913,1.016
56.943,1.016
56.973,1.018
57.003,1.017
57.033,1.014
57.063,1.012
57.093,1.011
57.123,1.013
57.153,1.010
57.183,1.010
57.213,1.016
57.243,1.018
57.273,1.015
57.303,1.011
57.333,1.014
57.363,1.013
57.393,1.014
57.423,1.013
57.453,1.006
57.483,1.014
57.513,1.016
57.543,1.013
57.573,1.012
57.603,1.015
57.633,1.013
57.663,1.015
57.693,1.012
57.723,1.012
57.753,1.010
57.783,1.012
57.813,1.015
57.843,1.010
57.873,1.011
57.903,1.014
57.933,1.010
57.963,1.013
57.993,1.013
58.023,1.011
58.053,1.011
58.083,1.010
58.113,1.014
58.143,1.018
58.173,1.013
58.203,1.007
58.233,1.011
58.263,1.014
58.293,1.018
58.323,1.014
58.353,1.009
58.383,1.008
58.413,1.016
58.443,1.015
58.473,1.011
58.503,1.013
58.533,1.010
58.563,1.014
58.593,1.014
58.623,1.014
58.653,1.011
58.683,1.012
58.713,1.013
58.743,1.013
58.773,1.012
58.803,1.014
58.833,1.016
58.863,1.009
58.893,1.012
58.923,1.015
58.953,1.016
58.983,1.018
59.013,1.007
59.043,1.008
59.073,1.014
59.103,1.017
59.133,1.012
59.163,1.008
59.193,1.008
59.223,1.018
59.253,1.013
59.283,1.012
59.313,1.011
59.343,1.016
59.373,1.015
59.403,1.014
59.433,1.009
59.463,1.014
59.493,1.014
59.523,1.012
59.553,1.015
59.583,1.013
59.613,1.013
59.643,1.011
59.673,1.012
59.703,1.012
59.733,1.019
59.763,1.014
59.793,1.008
59.823,1.015
59.853,1.020
59.883,1.016
59.913,1.013
59.943,1.017
59.973,1.009
60.003,1.016
60.033,1.016
60.063,1.015
60.093,1.010
60.123,1.012
60.153,1.014
60.183,1.014
60.213,1.013
60.243,1.013
60.273,1.013
60.303,1.017
60.333,1.017
60.363,1.015
60.393,1.012
60.423,1.013
60.453,1.013
60.483,1.016
60.513,1.019
60.543,1.011
60.573,1.010
60.603,1.016
60.633,1.015
60.663,1.012
60.693,1.011
60.723,1.012
60.753,1.012
60.783,1.016
60.813,1.016
60.843,1.009
60.873,1.015
60.903,1.016
60.933,1.017
60.963,1.016
60.993,1.015
61.023,1.014
61.053,1.014
61.083,1.011
61.113,1.016
61.143,1.015
61.173,1.013
61.203,1.007
61.233,1.017
61.263,1.014
61.293,1.017
61.323,1.013
61.353,1.013
61.383,1.014
61.413,1.018
61.443,1.016
61.473,1.012
61.503,1.009
61.533,1.017
61.563,1.017
61.593,1.011
61.623,1.011
61.653,1.015
61.683,1.014
61.713,1.012
61.743,1.017
61.773,1.014
61.803,1.015
61.833,1.015
61.863,1.016
61.893,1.013
61.923,1.015
61.953,1.013
61.983,1.009
62.013,1.014
62.043,1.017
62.073,1.017
62.103,1.017
62.133,1.009
62.163,1.010
62.193,1.014
62.223,1.013
62.253,1.019
62.283,1.013
62.313,1.005
62.343,1.018
62.373,1.015
62.403,1.015
62.433,1.014
62.463,1.016
62.493,1.015
62.523,1.014
62.553,1.015
62.583,1.011
62.613,1.013
62.643,1.016
62.673,1.011
62.703,1.014
62.733,1.015
62.763,1.015
62.793,1.016
62.823,1.015
62.853,1.007
62.883,1.010
62.913,1.015
62.943,1.015
62.973,1.015
63.003,1.011
63.033,1.012
63.063,1.014
63.093,1.019
63.123,1.015
63.153,1.010
63.183,1.012
63.213,1.014
63.243,1.015
63.273,1.018
63.303,1.013
63.333,1.014
63.363,1.014
63.393,1.015
63.423,1.011
63.453,1.017
63.483,1.012
63.513,1.021
63.543,1.018
63.573,1.007
63.603,1.010
63.633,1.019
63.663,1.017
63.693,1.012
63.723,1.013
63.753,1.011
63.783,1.015
63.813,1.012
63.843,1.009
63.873,1.010
63.903,1.012
63.933,1.011
63.963,1.014
63.993,1.010
64.023,1.015
64.053,1.014
64.083,1.015
64.113,1.013
64.143,1.011
64.173,1.009
64.203,1.013
64.233,1.017
64.263,1.016
64.293,1.010
64.323,1.012
64.353,1.015
64.383,1.013
64.413,1.015
64.443,1.010
64.473,1.014
64.503,1.018
64.533,1.016
64.563,1.014
64.593,1.011
64.623,1.014
64.653,1.018
64.683,1.017
64.713,1.014
64.743,1.013
64.773,1.012
64.803,1.011
64.833,1.012
64.863,1.015
64.893,1.012
64.923,1.014
64.953,1.015
64.983,1.018
65.013,1.016
65.043,1.008
65.073,1.009
65.103,1.016
65.133,1.016
65.163,1.015
65.193,1.009
65.223,1.009
65.253,1.015
65.283,1.018
65.313,1.014
65.343,1.014
65.373,1.014
65.403,1.013
65.433,1.014
65.463,1.015
65.493,1.016
65.523,1.012
65.553,1.016
65.583,1.016
65.613,1.010
65.643,1.012
65.673,1.011
65.703,1.012
65.733,1.013
65.763,1.015
65.793,1.019
65.823,1.016
65.853,1.005
65.883,1.004
65.913,1.017
65.943,1.017
65.973,1.013
66.003,1.013
66.033,1.009
66.063,1.011
66.093,1.017
66.123,1.012
66.153,1.008
66.183,1.012
66.213,1.015
66.243,1.013
66.273,1.010
66.303,1.013
66.333,1.017
66.363,1.014
66.393,1.012
66.423,1.012
66.453,1.014
66.483,1.013
66.513,1.007
66.543,1.011
66.573,1.018
66.603,1.015
66.633,1.010
66.663,1.006
66.693,1.016
66.723,1.019
66.753,1.015
66.783,1.013
66.813,1.011
66.843,1.014
66.873,1.015
66.903,1.014
66.933,1.010
66.963,1.016
66.993,1.016
67.023,1.014
67.053,1.013
67.083,1.014
67.113,1.011
67.143,1.015
67.173,1.012
67.203,1.014
67.233,1.013
67.263,1.014
67.293,1.010
67.323,1.012
67.353,1.013
67.383,1.015
67.413,1.012
67.443,1.010
67.473,1.012
67.503,1.017
67.533,1.016
67.563,1.011
67.593,1.007
67.623,1.009
67.653,1.015
67.683,1.012
67.713,1.012
67.743,1.011
67.773,1.011
67.803,1.015
67.833,1.013
67.863,1.014
67.893,1.013
67.923,1.013
67.953,1.015
67.983,1.011
68.013,1.012
68.043,1.015
68.073,1.014
68.103,1.011
68.133,1.010
68.163,1.015
68.193,1.021
68.223,1.012
68.253,1.008
68.283,1.011
68.313,1.017
68.343,1.015
68.373,1.014
68.403,1.008
68.433,1.007
68.463,1.018
68.493,1.016
68.523,1.009
68.553,1.014
68.583,1.015
68.613,1.014
68.643,1.012
68.673,1.014
68.703,1.014
68.733,1.015
68.763,1.014
68.793,1.012
68.823,1.015
68.853,1.014
68.883,1.012
68.913,1.011
68.943,1.015
68.973,1.017
69.003,1.013
69.033,1.009
69.063,1.009
69.093,1.013
69.123,1.015
69.153,1.014
69.183,1.015
69.213,1.009
69.243,1.012
69.273,1.017
69.303,1.010
69.333,1.013
69.363,1.013
69.393,1.012
69.423,1.014
69.453,1.011
69.483,1.016
69.513,1.016
69.543,1.016
69.573,1.012
69.603,1.012
69.633,1.012
69.663,1.012
69.693,1.013
69.723,1.018
69.753,1.018
69.783,1.008
69.813,1.007
69.843,1.013
69.873,1.017
69.903,1.015
69.933,1.012
69.963,1.011
69.993,1.015
70.023,1.018
70.053,1.013
70.083,1.011
70.113,1.013
70.143,1.013
70.173,1.015
70.203,1.013
70.233,1.013
70.263,1.009
70.293,1.015
70.323,1.014
70.353,1.013
70.383,1.015
70.413,1.010
70.443,1.012
70.473,1.016
70.503,1.016
70.533,1.014
70.563,1.005
70.593,1.011
70.623,1.014
70.653,1.012
70.683,1.012
70.713,1.009
70.743,1.010
70.773,1.016
70.803,1.014
70.833,1.010
70.863,1.010
70.893,1.013
70.923,1.013
70.953,1.020
70.983,1.015
71.013,1.007
71.043,1.013
71.073,1.016
71.103,1.012
71.133,1.011
71.163,1.015
71.193,1.011
71.223,1.012
71.253,1.015
71.283,1.017
71.313,1.014
71.343,1.010
71.373,1.009
71.403,1.014
71.433,1.016
71.463,1.015
71.493,1.010
71.523,1.015
71.553,1.014
71.583,1.015
71.613,1.023
71.643,1.028
71.673,1.019
71.703,1.024
71.733,1.031
71.763,1.000
71.793,0.994
71.823,1.015
71.853,1.030
71.883,1.041
71.913,1.023
71.943,1.025
71.973,1.031
72.003,1.020
72.033,1.008
72.063,1.022
72.093,1.009
72.123,0.998
72.153,1.003
72.183,0.974
72.213,1.004
72.243,1.020
72.273,1.024
72.303,1.045
72.333,1.025
72.363,1.035
72.393,1.040
72.423,1.040
72.453,1.025
72.483,1.009
72.513,1.009
72.543,0.993
72.573,1.019
72.603,1.027
72.633,1.005
72.663,1.004
72.693,0.998
72.723,1.016
72.753,1.014
72.783,1.001
72.813,1.019
72.843,1.015
72.873,1.002
72.903,0.991
72.933,0.959
72.963,0.983
72.993,1.008
73.023,1.012
73.053,1.027
73.083,1.049
73.113,1.042
73.143,1.054
73.173,1.024
73.203,1.019
73.233,1.009
73.263,1.000
73.293,1.004
73.323,1.008
73.353,1.005
73.383,0.998
73.413,1.009
73.443,1.019
73.473,1.013
73.503,0.999
73.533,1.020
73.563,1.013
73.593,1.010
73.623,1.011
73.653,1.007
73.683,1.009
73.713,1.013
73.743,1.009
73.773,1.006
73.803,1.020
73.833,1.017
73.863,1.011
73.893,0.999
73.923,1.005
73.953,1.020
73.983,1.016
74.013,1.002
74.043,1.007
74.073,1.011
74.103,1.003
74.133,1.018
74.163,1.029
74.193,1.020
74.223,1.011
74.253,1.011
74.283,1.012
74.313,1.011
74.343,1.020
74.373,1.021
74.403,1.006
74.433,1.007
74.463,1.002
74.493,1.012
74.523,1.018
74.553,1.002
74.583,1.010
74.613,1.021
74.643,1.012
74.673,1.009
74.703,1.015
74.733,1.004
74.763,1.013
74.793,1.021
74.823,1.012
74.853,1.013
74.883,1.007
74.913,1.013
74.943,1.017
74.973,1.011
75.003,1.012
75.033,1.014
75.063,1.018
75.093,1.022
75.123,1.006
75.153,1.014
75.183,1.021
75.213,1.013
75.243,1.011
75.273,1.018
75.303,1.014
75.333,1.013
75.363,1.017
75.393,1.013
75.423,1.010
75.453,1.021
75.483,1.015
75.513,1.014
75.543,1.011
75.573,1.016
75.603,1.020
75.633,1.011
75.663,1.010
75.693,1.015
75.723,1.011
75.753,1.011
75.783,1.020
75.813,1.012
75.843,1.010
75.873,1.020
75.903,1.016
75.933,1.009
75.963,1.015
75.993,1.014
76.023,1.015
76.053,1.017
76.083,1.006
76.113,1.009
76.143,1.017
76.173,1.017
76.203,1.012
76.233,1.012
76.263,1.013
76.293,1.016
76.323,1.011
76.353,1.021
76.383,1.012
76.413,1.010
76.443,1.018
76.473,1.011
76.503,1.013
76.533,1.013
76.563,1.008
76.593,1.012
76.623,1.020
76.653,1.016
76.683,1.006
76.713,1.012
76.743,1.017
76.773,1.011
76.803,1.014
76.833,1.015
76.863,1.011
76.893,1.012
76.923,1.014
76.953,1.012
76.983,1.013
77.013,1.017
77.043,1.011
77.073,1.012
77.103,1.017
77.133,1.010
77.163,1.013
77.193,1.017
77.223,1.013
77.253,1.007
77.283,1.010
77.313,1.011
77.343,1.015
77.373,1.017
77.403,1.010
77.433,1.008
77.463,1.014
77.493,1.012
77.523,1.013
77.553,1.008
77.583,1.012
77.613,1.017
77.643,1.016
77.673,1.013
77.703,1.012
77.733,1.014
77.763,1.014
77.793,1.014
77.823,1.008
77.853,1.006
77.883,1.016
77.913,1.016
77.943,1.010
77.973,1.013
78.003,1.020
78.033,1.012
78.063,1.016
78.093,1.013
78.123,1.010
78.153,1.011
78.183,1.015
78.213,1.016
78.243,1.012
78.273,1.014
78.303,1.008
78.333,1.013
78.363,1.016
78.393,1.015
78.423,1.010
78.453,1.009
78.483,1.012
78.513,1.016
78.543,1.014
78.573,1.016
78.603,1.010
78.633,1.013
78.663,1.014
78.693,1.012
78.723,1.017
78.753,1.012
78.783,1.014
78.813,1.010
78.843,1.015
78.873,1.011
78.903,1.013
78.933,1.012
78.963,1.017
78.993,1.016
79.023,1.009
79.053,1.011
79.083,1.016
79.113,1.016
79.143,1.014
79.173,1.013
79.203,1.010
79.233,1.014
79.263,1.012
79.293,1.016
79.323,1.009
79.353,1.013
79.383,1.015
79.413,1.012
79.443,1.013
79.473,1.015
79.503,1.012
79.533,1.013
79.563,1.013
79.593,1.011
79.623,1.012
79.653,1.013
79.683,1.015
79.713,1.010
79.743,1.011
79.773,1.014
79.803,1.018
79.833,1.011
79.863,1.009
79.893,1.012
79.923,1.014
79.953,1.014
79.983,1.012
80.013,1.013
80.043,1.011
80.073,1.008
80.103,1.018
80.133,1.013
80.163,1.009
80.193,1.010
80.223,1.012
80.253,1.013
80.283,1.014
80.313,1.012
80.343,1.014
80.373,1.014
80.403,1.014
80.433,1.010
80.463,1.012
80.493,1.013
80.523,1.008
80.553,1.011
80.583,1.018
80.613,1.013
80.643,1.010
80.673,1.010
80.703,1.012
80.733,1.014
80.763,1.015
80.793,1.010
80.823,1.006
80.853,1.012
80.883,1.015
80.913,1.013
80.943,1.008
80.973,1.009
81.003,1.014
81.033,1.016
81.063,1.011
81.093,1.012
81.123,1.016
81.153,1.015
81.183,1.013
81.213,1.012
81.243,1.010
81.273,1.014
81.303,1.011
81.333,1.015
81.363,1.012
81.393,1.012
81.423,1.011
81.453,1.013
81.483,1.016
81.513,1.012
81.543,1.013
81.573,1.012
81.603,1.014
81.633,1.017
81.663,1.013
81.693,1.011
81.723,1.014
81.753,1.012
81.783,1.015
81.813,1.016
81.843,1.011
81.873,1.013
81.903,1.013
81.933,1.011
81.963,1.014
81.993,1.009
82.023,1.010
82.053,1.012
82.083,1.013
82.113,1.018
82.143,1.013
82.173,1.006
82.203,1.010
82.233,1.015
82.263,1.013
82.293,1.010
82.323,1.018
82.353,1.005
82.383,1.014
82.413,1.019
82.443,1.010
82.473,1.009
82.503,1.014
82.533,1.013
82.563,1.011
82.593,1.013
82.623,1.010
82.653,1.017
82.683,1.012
82.713,1.010
82.743,1.012
82.773,1.014
82.803,1.014
82.833,1.010
82.863,1.014
82.893,1.012
82.923,1.011
82.953,1.017
82.983,1.016
83.013,1.010
83.043,1.009
83.073,1.015
83.103,1.013
83.133,1.013
83.163,1.009
83.193,1.006
83.223,1.013
83.253,1.020
83.283,1.009
83.313,1.008
83.343,1.015
83.373,1.012
83.403,1.015
83.433,1.017
83.463,1.013
83.493,1.009
83.523,1.014
83.553,1.015
83.583,1.013
83.613,1.010
83.643,1.017
83.673,1.012
83.703,1.018
83.733,1.011
83.763,1.011
83.793,1.004
83.823,1.014
83.853,1.026
83.883,1.006
83.913,1.005
83.943,1.012
83.973,1.012
84.003,1.013
84.033,1.019
84.063,1.010
84.093,1.012
84.123,1.016
84.153,1.009
84.183,1.008
84.213,1.005
84.243,1.015
84.273,1.011
84.303,1.015
84.333,1.018
84.363,1.011
84.393,1.009
84.423,1.013
84.453,1.008
84.483,1.010
84.513,1.013
84.543,1.014
84.573,1.010
84.603,1.014
84.633,1.015
84.663,1.007
84.693,1.004
84.723,1.014
84.753,1.014
84.783,1.017
84.813,1.012
84.843,1.005
84.873,1.013
84.903,1.014
84.933,1.009
84.963,1.011
84.993,1.012
85.023,1.012
85.053,1.010
85.083,1.011
85.113,1.014
85.143,1.016
85.173,1.009
85.203,1.009
85.233,1.010
85.263,1.006
85.293,1.017
85.323,1.012
85.353,1.004
85.383,1.010
85.413,1.014
85.443,1.014
85.473,1.011
85.503,1.014
85.533,1.005
85.563,1.015
85.593,1.015
85.623,1.006
85.653,1.010
85.683,1.012
85.713,1.012
85.743,1.011
85.773,1.014
85.803,1.011
85.833,1.013
85.863,1.009
85.893,1.012
85.923,1.012
85.953,1.012
85.983,1.013
86.013,1.010
86.043,1.009
86.073,1.013
86.103,1.017
86.133,1.010
86.163,1.013
86.193,1.011
86.223,1.012
86.253,1.014
86.283,1.009
86.313,1.012
86.343,1.014
86.373,1.009
86.403,1.015
86.433,1.010
86.463,1.012
86.493,1.012
86.523,1.013
86.553,1.010
86.583,1.012
86.613,1.009
86.643,1.016
86.673,1.014
86.703,1.006
86.733,1.009
86.763,1.014
86.793,1.013
86.823,1.013
86.853,1.011
86.883,1.007
86.913,1.012
86.943,1.013
86.973,1.012
87.003,1.010
87.033,1.014
87.063,1.011
87.093,1.016
87.123,1.013
87.153,1.010
87.183,1.010
87.213,1.014
87.243,1.014
87.273,1.010
87.303,1.016
87.333,1.010
87.363,1.010
87.393,1.013
87.423,1.018
87.453,1.013
87.483,1.005
87.513,1.012
87.543,1.012
87.573,1.016
87.603,1.015
87.633,1.010
87.663,1.010
87.693,1.017
87.723,1.013
87.753,1.011
87.783,1.013
87.813,1.012
87.843,1.012
87.873,1.015
87.903,1.012
87.933,1.012
87.963,1.015
87.993,1.011
88.023,1.013
88.053,1.013
88.083,1.012
88.113,1.011
88.143,1.013
88.173,1.010
88.203,1.012
88.233,1.014
88.263,1.013
88.293,1.010
88.323,1.008
88.353,1.016
88.383,1.018
88.413,1.009
88.443,1.010
88.473,1.007
88.503,1.012
88.533,1.018
88.563,1.010
88.593,1.012
88.623,1.012
88.653,1.015
88.683,1.015
88.713,1.014
88.743,1.015
88.773,1.012
88.803,1.013
88.833,1.013
88.863,1.014
88.893,1.008
88.923,1.015
88.953,1.013
88.983,1.009
89.013,1.014
89.043,1.010
89.073,1.012
89.103,1.017
89.133,1.009
89.163,1.007
89.193,1.017
89.223,1.012
89.253,1.008
89.283,1.012
89.313,1.007
89.343,1.010
89.373,1.019
89.403,1.009
89.433,1.008
89.463,1.010
89.493,1.016
89.523,1.011
89.553,1.015
89.583,1.010
89.613,1.010
89.643,1.011
89.673,1.010
89.703,1.010
89.733,1.012
89.763,1.015
89.793,1.008
89.823,1.012
89.853,1.015
89.883,1.016
89.913,1.010
89.943,1.008
89.973,1.009
90.003,1.012
90.033,1.016
90.063,1.014
90.093,1.012
90.123,1.011
90.153,1.011
90.183,1.014
90.213,1.017
90.243,1.005
90.273,1.009
90.303,1.015
90.333,1.009
90.363,1.017
90.393,1.011
90.423,1.017
90.453,1.013
90.483,1.010
90.513,1.010
90.543,1.014
90.573,1.008
90.603,1.013
90.633,1.017
90.663,1.014
90.693,1.006
90.723,1.011
90.753,1.013
90.783,1.017
90.813,1.015
90.843,1.014
90.873,1.009
90.903,1.013
90.933,1.009
90.963,1.009
90.993,1.014
91.023,1.011
91.053,1.015
91.083,1.016
91.113,1.011
91.143,1.014
91.173,1.008
91.203,1.015
91.233,1.012
91.263,1.016
91.293,1.006
91.323,1.008
91.353,1.014
91.383,1.015
91.413,1.010
91.443,1.010
91.473,1.011
91.503,1.014
91.533,1.013
91.563,1.011
91.593,1.015
91.623,1.008
91.653,1.014
91.683,1.015
91.713,1.011
91.743,1.010
91.773,1.016
91.803,1.014
91.833,1.019
91.863,1.014
91.893,1.009
91.923,1.015
91.953,1.015
91.983,1.013
92.013,1.008
92.043,1.009
92.073,1.011
92.103,1.018
92.133,1.016
92.163,1.006
92.193,1.010
92.223,1.013
92.253,1.012
92.283,1.015
92.313,1.010
92.343,1.007
92.373,1.018
92.403,1.017
92.433,1.009
92.463,1.016
92.493,1.008
92.523,1.015
92.553,1.017
92.583,1.010
92.613,1.009
92.643,1.013
92.673,1.008
92.703,1.014
92.733,1.016
92.763,1.010
92.793,1.014
92.823,1.011
92.853,1.013
92.883,1.017
92.913,1.016
92.943,1.008
92.973,1.007
93.003,1.016
93.033,1.017
93.063,1.014
93.093,1.013
93.123,1.010
93.153,1.013
93.183,1.018
93.213,1.011
93.243,1.009
93.273,1.013
93.303,1.012
93.333,1.013
93.363,1.009
93.393,1.009
93.423,1.013
93.453,1.013
93.483,1.014
93.513,1.009
93.543,1.013
93.573,1.014
93.603,1.014
93.633,1.017
93.663,1.013
93.693,1.008
93.723,1.013
93.753,1.014
93.783,1.013
93.813,1.009
93.843,1.013
93.873,1.009
93.903,1.018
93.933,1.014
93.963,1.009
93.993,1.009
94.023,1.015
94.053,1.013
94.083,1.010
94.113,1.012
94.143,1.012
94.173,1.014
94.203,1.004
94.233,1.010
94.263,1.011
94.293,1.017
94.323,1.014
94.353,1.011
94.383,1.006
94.413,1.014
94.443,1.016
94.473,1.010
94.503,1.014
94.533,1.007
94.563,1.014
94.593,1.015
94.623,1.012
94.653,1.014
94.683,1.011
94.713,1.017
94.743,1.016
94.773,1.011
94.803,1.014
94.833,1.013
94.863,1.010
94.893,1.012
94.923,1.006
94.953,1.017
94.983,1.016
95.013,1.009
95.043,1.010
95.073,1.013
95.103,1.013
95.133,1.013
95.163,1.010
95.193,1.008
95.223,1.015
95.253,1.016
95.283,1.014
95.313,1.008
95.343,1.010
95.373,1.016
95.403,1.013
95.433,1.012
95.463,1.011
95.493,1.013
95.523,1.010
95.553,1.009
95.583,1.009
95.613,1.009
95.643,1.016
95.673,1.019
95.703,1.008
95.733,1.005
95.763,1.015
95.793,1.015
95.823,1.012
95.853,1.013
95.883,1.011
95.913,1.010
95.943,1.016
95.973,1.013
96.003,1.007
96.033,1.011
96.063,1.013
96.093,1.013
96.123,1.013
96.153,1.010
96.183,1.013
96.213,1.013
96.243,1.013
96.273,1.011
96.303,1.014
96.333,1.011
96.363,1.013
96.393,1.012
96.423,1.011
96.453,1.015
96.483,1.017
96.513,1.013
96.543,1.004
96.573,1.012
96.603,1.011
96.633,1.013
96.663,1.012
96.693,1.009
96.723,1.010
96.753,1.011
96.783,1.011
96.813,1.013
96.843,1.013
96.873,1.013
96.903,1.015
96.933,1.013
96.963,1.010
96.993,1.010
97.023,1.012
97.053,1.014
97.083,1.009
97.113,1.013
97.143,1.011
97.173,1.012
97.203,1.012
97.233,1.012
97.263,1.010
97.293,1.014
97.323,1.016
97.353,1.014
97.383,1.008
97.413,1.006
97.443,1.013
97.473,1.018
97.503,1.014
97.533,1.012
97.563,1.012
97.593,1.012
97.623,1.017
97.653,1.011
97.683,1.008
97.713,1.011
97.743,1.012
97.773,1.013
97.803,1.015
97.833,1.008
97.863,1.011
97.893,1.015
97.923,1.010
97.953,1.013
97.983,1.009
98.013,1.013
98.043,1.007
98.073,1.011
98.103,1.012
98.133,1.017
98.163,1.014
98.193,1.013
98.223,1.006
98.253,1.011
98.283,1.015
98.313,1.014
98.343,1.011
98.373,1.011
98.403,1.006
98.433,1.017
98.463,1.012
98.493,1.008
98.523,1.014
98.553,1.012
98.583,1.014
98.613,1.015
98.643,1.009
98.673,1.011
98.703,1.016
98.733,1.013
98.763,1.009
98.793,1.013
98.823,1.011
98.853,1.012
98.883,1.014
98.913,1.008
98.943,1.010
98.973,1.015
99.003,1.014
99.033,1.006
99.063,1.010
99.093,1.013
99.123,1.015
99.153,1.010
99.183,1.014
99.213,1.012
99.243,1.013
99.273,1.012
99.303,1.013
99.333,1.012
99.363,1.011
99.393,1.013
99.423,1.013
99.453,1.012
99.483,1.010
99.513,1.014
99.543,1.017
99.573,1.017
99.603,1.013
99.633,1.015
99.663,1.013
99.693,1.014
99.723,1.010
99.753,1.010
99.783,1.014
99.813,1.009
99.843,1.018
99.873,1.012
99.903,1.008
99.933,1.010
99.963,1.015
99.993,1.017
100.023,1.012
100.053,1.013
100.083,1.007
100.113,1.017
100.143,1.014
100.173,1.013
100.203,1.009
100.233,1.012
100.263,1.015
100.293,1.017
100.323,1.014
100.353,1.013
100.383,1.016
100.413,1.012
100.443,1.011
100.473,1.012
100.503,1.013
100.533,1.013
100.563,1.012
100.593,1.007
100.623,1.015
100.653,1.011
100.683,1.017
100.713,1.011
100.743,1.006
100.773,1.009
100.803,1.017
100.833,1.013
100.863,1.012
100.893,1.013
100.923,1.004
100.953,1.018
100.983,1.013
101.013,1.008
101.043,1.012
101.073,1.011
101.103,1.012
101.133,1.010
101.163,1.011
101.193,1.011
101.223,1.013
101.253,1.011
101.283,1.006
101.313,1.012
101.343,1.013
101.373,1.012
101.403,1.015
101.433,1.018
101.463,1.011
101.493,1.010
101.523,1.011
101.553,1.016
101.583,1.012
101.613,1.014
101.643,1.012
101.673,1.009
101.703,1.015
101.733,1.015
101.763,1.011
101.793,1.014
101.823,1.011
101.853,1.012
101.883,1.014
101.913,1.014
101.943,1.012
101.973,1.014
102.003,1.013
102.033,1.014
102.063,1.010
102.093,1.009
102.123,1.015
102.153,1.017
102.183,1.016
102.213,1.010
102.243,1.011
102.273,1.015
102.303,1.014
102.333,1.013
102.363,1.012
102.393,1.009
102.423,1.014
102.453,1.016
102.483,1.010
102.513,1.008
102.543,1.013
102.573,1.013
102.603,1.015
102.633,1.013
102.663,1.011
102.693,1.010
102.723,1.012
102.753,1.014
102.783,1.015
102.813,1.011
102.843,1.010
102.873,1.013
102.903,1.021
102.933,1.011
102.963,1.008
102.993,1.012
103.023,1.013
103.053,1.012
103.083,1.017
103.113,1.012
103.143,1.010
103.173,1.015
103.203,1.015
103.233,1.011
103.263,1.014
103.293,1.010
103.323,1.012
103.353,1.015
103.383,1.013
103.413,1.010
103.443,1.014
103.473,1.012
103.503,1.013
103.533,1.012
103.563,1.017
103.593,1.007
103.623,1.007
103.653,1.016
103.683,1.016
103.713,1.011
103.743,1.002
103.773,1.013
103.803,1.012
103.833,1.010
103.863,1.013
103.893,1.013
103.923,1.012
103.953,1.012
103.983,1.016
104.013,1.010
104.043,1.011
104.073,1.017
104.103,1.014
104.133,1.011
104.163,1.013
104.193,1.015
104.223,1.014
104.253,1.014
104.283,1.011
104.313,1.009
104.343,1.012
104.373,1.015
104.403,1.013
104.433,1.015
104.463,1.016
104.493,1.009
104.523,1.010
104.553,1.011
104.583,1.014
104.613,1.014
104.643,1.011
104.673,1.014
104.703,1.011
104.733,1.015
104.763,1.014
104.793,1.008
104.823,1.011
104.853,1.016
104.883,1.013
104.913,1.012
104.943,1.011
104.973,1.010
105.003,1.015
105.033,1.014
105.063,1.010
105.093,1.010
105.123,1.013
105.153,1.016
105.183,1.020
105.213,1.026
105.243,1.028
105.273,1.009
105.303,1.007
105.333,1.000
105.363,1.006
105.393,1.007
105.423,1.015
105.453,1.021
105.483,1.023
105.513,1.010
105.543,1.013
105.573,1.014
105.603,1.022
105.633,1.014
105.663,1.019
105.693,1.009
105.723,0.994
105.753,1.005
105.783,1.010
105.813,1.012
105.843,1.013
105.873,1.010
105.903,1.013
105.933,1.011
105.963,1.011
105.993,1.018
106.023,1.015
106.053,1.004
106.083,1.011
106.113,1.015
106.143,1.012
106.173,1.013
106.203,1.013
106.233,1.013
106.263,1.018
106.293,1.012
106.323,1.008
106.353,1.009
106.383,1.012
106.413,1.014
106.443,1.015
106.473,1.019
106.503,1.017
106.533,1.017
106.563,1.013
106.593,1.021
106.623,1.015
106.653,1.014
106.683,1.016
106.713,1.012
106.743,1.013
106.773,1.011
106.803,1.017
106.833,1.017
106.863,1.010
106.893,1.014
106.923,1.019
106.953,1.012
106.983,1.013
107.013,1.016
107.043,1.017
107.073,1.011
107.103,1.020
107.133,1.018
107.163,1.018
107.193,1.020
107.223,1.015
107.253,1.014
107.283,1.015
107.313,1.017
107.343,1.014
107.373,1.010
107.403,1.014
107.433,1.016
107.463,1.020
107.493,1.016
107.523,1.015
107.553,1.017
107.583,1.011
107.613,1.007
107.643,1.011
107.673,1.016
107.703,1.009
107.733,1.016
107.763,1.019
107.793,1.012
107.823,1.014
107.853,1.012
107.883,1.011
107.913,1.015
107.943,1.017
107.973,1.014
108.003,1.015
108.033,1.011
108.063,1.014
108.093,1.012
108.123,1.015
108.153,1.014
108.183,1.017
108.213,1.028
108.243,1.034
108.273,1.025
108.303,1.010
108.333,1.004
108.363,1.001
108.393,1.015
108.423,1.001
108.453,1.008
108.483,1.011
108.513,1.010
108.543,1.012
108.573,1.012
108.603,1.013
108.633,1.013
108.663,1.016
108.693,1.016
108.723,1.019
108.753,1.011
108.783,1.012
108.813,1.017
108.843,1.014
108.873,1.009
108.903,1.014
108.933,1.015
108.963,1.016
108.993,1.015
109.023,1.014
109.053,1.014
109.083,1.020
109.113,1.011
109.143,1.007
109.173,1.015
109.203,1.015
109.233,1.015
109.263,1.017
109.293,1.012
109.323,1.010
109.353,1.020
109.383,1.019
109.413,1.009
109.443,1.014
109.473,1.015
109.503,1.015
109.533,1.014
109.563,1.010
109.593,1.017
109.623,1.015
109.653,1.013
109.683,1.016
109.713,1.014
109.743,1.011
109.773,1.015
109.803,1.020
109.833,1.016
109.863,1.014
109.893,1.010
109.923,1.013
109.953,1.018
109.983,1.013
110.013,1.014
110.043,1.017
110.073,1.010
110.103,1.017
110.133,1.018
110.163,1.013
110.193,1.013
110.223,1.012
110.253,1.009
110.283,1.019
110.313,1.020
110.343,1.014
110.373,1.011
110.403,1.017
110.433,1.017
110.463,1.012
110.493,1.017
110.523,1.012
110.553,1.017
110.583,1.015
110.613,1.015
110.643,1.010
110.673,1.015
110.703,1.019
110.733,1.017
110.763,1.016
110.793,1.011
110.823,1.008
110.853,1.010
110.883,1.017
110.913,1.016
110.943,1.012
110.973,1.009
111.003,1.011
111.033,1.018
111.063,1.014
111.093,1.014
111.123,1.020
111.153,1.016
111.183,1.014
111.213,1.010
111.243,1.011
111.273,1.014
111.303,1.012
111.333,1.019
111.363,1.008
111.393,1.011
111.423,1.014
111.453,1.017
111.483,1.015
111.513,1.014
111.543,1.009
111.573,1.011
111.603,1.012
111.633,1.013
111.663,1.010
111.693,1.011
111.723,1.020
111.753,1.014
111.783,1.013
111.813,1.016
111.843,1.013
111.873,1.011
111.903,1.013
111.933,1.018
111.963,1.012
111.993,1.016
112.023,1.009
112.053,1.013
112.083,1.019
112.113,1.009
112.143,1.011
112.173,1.016
112.203,1.013
112.233,1.017
112.263,1.020
112.293,1.009
112.323,1.013
112.353,1.015
112.383,1.012
112.413,1.015
112.443,1.015
112.473,1.014
112.503,1.012
112.533,1.017
112.563,1.015
112.593,1.013
112.623,1.011
112.653,1.011
112.683,1.007
112.713,1.014
112.743,1.016
112.773,1.016
112.803,1.013
112.833,1.011
112.863,1.012
112.893,1.016
112.923,1.016
112.953,1.009
112.983,1.014
113.013,1.009
113.043,1.015
113.073,1.020
113.103,1.016
113.133,1.013
113.163,1.010
113.193,1.016
113.223,1.014
113.253,1.015
113.283,1.014
113.313,1.016
113.343,1.015
113.373,1.015
113.403,1.010
113.433,1.015
113.463,1.014
113.493,1.015
113.523,1.014
113.553,1.007
113.583,1.011
113.613,1.012
113.643,1.018
113.673,1.016
113.703,1.012
113.733,1.008
113.763,1.015
113.793,1.016
113.823,1.012
113.853,1.016
113.883,1.013
113.913,1.011
113.943,1.014
113.973,1.014
114.003,1.014
114.033,1.013
114.063,1.017
114.093,1.012
114.123,1.016
114.153,1.012
114.183,1.012
114.213,1.017
114.243,1.015
114.273,1.013
114.303,1.013
114.333,1.013
114.363,1.016
114.393,1.015
114.423,1.014
114.453,1.015
114.483,1.012
114.513,1.013
114.543,1.015
114.573,1.013
114.603,1.016
114.633,1.014
114.663,1.017
114.693,1.018
114.723,1.009
114.753,1.015
114.783,1.012
114.813,1.014
114.843,1.015
114.873,1.014
114.903,1.011
114.933,1.013
114.963,1.014
114.993,1.019
115.023,1.018
115.053,1.009
115.083,1.012
115.113,1.014
115.143,1.017
115.173,1.017
115.203,1.015
115.233,1.008
115.263,1.016
115.293,1.016
115.323,1.012
115.353,1.013
115.383,1.012
115.413,1.015
115.443,1.019
115.473,1.014
115.503,1.012
115.533,1.016
115.563,1.014
115.593,1.017
115.623,1.010
115.653,1.010
115.683,1.011
115.713,1.015
115.743,1.020
115.773,1.014
115.803,1.009
115.833,1.011
115.863,1.017
115.893,1.016
115.923,1.015
115.953,1.013
115.983,1.010
116.013,1.018
116.043,1.019
116.073,1.011
116.103,1.014
116.133,1.015
116.163,1.012
116.193,1.015
116.223,1.016
116.253,1.013
116.283,1.016
116.313,1.016
116.343,1.014
116.373,1.017
116.403,1.013
116.433,1.012
116.463,1.019
116.493,1.013
116.523,1.011
116.553,1.015
116.583,1.016
116.613,1.016
116.643,1.011
116.673,1.014
116.703,1.011
116.733,1.016
116.763,1.016
116.793,1.010
116.823,1.011
116.853,1.011
116.883,1.013
116.913,1.017
116.943,1.013
116.973,1.013
117.003,1.018
117.033,1.013
117.063,1.016
117.093,1.013
117.123,1.013
117.153,1.011
117.183,1.020
117.213,1.015
117.243,1.010
117.273,1.015
117.303,1.016
117.333,1.017
117.363,1.013
117.393,1.015
117.423,1.011
117.453,1.014
117.483,1.015
117.513,1.015
117.543,1.012
117.573,1.012
117.603,1.016
117.633,1.020
117.663,1.015
117.693,1.015
117.723,1.010
117.753,1.016
117.783,1.016
117.813,1.014
117.843,1.007
117.873,1.012
117.903,1.018
117.933,1.017
117.963,1.016
117.993,1.011
118.023,1.015
118.053,1.017
118.083,1.012
118.113,1.014
118.143,1.015
118.173,1.009
118.203,1.015
118.233,1.018
118.263,1.012
118.293,1.013
118.323,1.014
118.353,1.014
118.383,1.017
118.413,1.014
118.443,1.014
118.473,1.012
118.503,1.012
118.533,1.015
118.563,1.014
118.593,1.017
118.623,1.010
118.653,1.014
118.683,1.015
118.713,1.017
118.743,1.013
118.773,1.007
118.803,1.012
118.833,1.018
118.863,1.014
118.893,1.012
118.923,1.014
118.953,1.013
118.983,1.014
119.013,1.016
119.043,1.010
119.073,1.011
119.103,1.012
119.133,1.015
119.163,1.012
119.193,1.012
119.223,1.013
119.253,1.011
119.283,1.015
119.313,1.016
119.343,1.012
119.373,1.011
119.403,1.013
119.433,1.015
119.463,1.020
119.493,1.017
119.523,1.011
119.553,1.010
119.583,1.015
119.613,1.020
119.643,1.016
119.673,1.017
119.703,1.008
119.733,1.018
119.763,1.019
119.793,1.012
119.823,1.010
119.853,1.011
119.883,1.014
119.913,1.017
119.943,1.013
119.973,1.014
120.003,1.015
120.033,1.015
120.063,1.014
120.093,1.008
120.123,1.010
120.153,1.017
120.183,1.013
120.213,1.015
120.243,1.007
120.273,1.010
120.303,1.017
120.333,1.015
120.363,1.017
120.393,1.012
120.423,1.009
120.453,1.018
120.483,1.020
120.513,1.015
120.543,1.013
120.573,1.012
120.603,1.017
120.633,1.021
120.663,1.015
120.693,1.015
120.723,1.014
120.753,1.015
120.783,1.013
120.813,1.015
120.843,1.014
120.873,1.017
120.903,1.017
120.933,1.011
120.963,1.009
120.993,1.014
121.023,1.016
121.053,1.015
121.083,1.018
121.113,1.012
121.143,1.016
121.173,1.017
121.203,1.015
121.233,1.013
121.263,1.017
121.293,1.015
121.323,1.020
121.353,1.015
121.383,1.013
121.413,1.013
121.443,1.015
121.473,1.017
121.503,1.011
121.533,1.013
121.563,1.016
121.593,1.021
121.623,1.019
121.653,1.007
121.683,1.022
121.713,1.046
121.743,1.038
121.773,1.040
121.803,1.034
121.833,1.028
121.863,1.016
121.893,1.015
121.923,0.997
121.953,0.988
121.983,0.999
122.013,1.009
122.043,1.003
122.073,1.021
122.103,1.001
122.133,0.993
122.163,1.018
122.193,1.022
122.223,1.005
122.253,1.002
122.283,0.999
122.313,0.989
122.343,0.983
122.373,1.015
122.403,1.033
122.433,1.014
122.463,1.008
122.493,1.024
122.523,1.001
122.553,1.000
122.583,0.994
122.613,1.006
122.643,0.967
122.673,1.019
122.703,1.038
122.733,1.006
122.763,1.031
122.793,1.056
122.823,1.057
122.853,1.003
122.883,0.983
122.913,0.986
122.943,0.979
122.973,0.977
123.003,0.994
123.033,0.998
123.063,1.009
123.093,0.998
123.123,0.992
123.153,1.015
123.183,1.017
123.213,1.004
123.243,0.974
123.273,0.972
123.303,0.995
123.333,1.003
123.363,1.013
123.393,1.035
123.423,1.019
123.453,0.996
123.483,0.986
123.513,0.984
123.543,1.000
123.573,1.004
123.603,1.015
123.633,0.989
123.663,0.986
123.693,0.976
123.723,0.992
123.753,0.986
123.783,1.000
123.813,1.003
123.843,0.985
123.873,0.976
123.903,0.981
123.933,1.008
123.963,1.021
123.993,1.016
124.023,1.004
124.053,1.029
124.083,1.024
124.113,1.001
124.143,0.997
124.173,1.003
124.203,0.996
124.233,0.993
124.263,1.001
124.293,0.998
124.323,1.000
124.353,1.003
124.383,1.002
124.413,0.998
124.443,1.003
124.473,1.008
124.503,1.013
124.533,1.007
124.563,1.001
124.593,1.003
124.623,1.014
124.653,1.009
124.683,1.005
124.713,1.006
124.743,1.006
124.773,1.010
124.803,1.007
124.833,1.005
124.863,1.009
124.893,1.007
124.923,1.009
124.953,1.010
124.983,1.008
125.013,1.010
125.043,1.012
125.073,1.005
125.103,1.002
125.133,1.014
125.163,1.007
125.193,1.004
125.223,1.008
125.253,1.005
125.283,1.002
125.313,1.006
125.343,1.009
125.373,1.012
125.403,1.002
125.433,1.004
125.463,1.007
125.493,1.002
125.523,1.010
125.553,1.009
125.583,1.007
125.613,1.009
125.643,1.007
125.673,1.007
125.703,1.009
125.733,1.009
125.763,1.008
125.793,1.008
125.823,1.007
125.853,1.005
125.883,1.007
125.913,1.007
125.943,1.005
125.973,1.003
126.003,1.009
126.033,1.013
126.063,1.013
126.093,1.011
126.123,1.020
126.153,1.021
126.183,1.014
126.213,1.005
126.243,1.006
126.273,1.007
126.303,1.009
126.333,1.001
126.363,0.994
126.393,1.003
126.423,1.006
126.453,1.010
126.483,1.007
126.513,1.009
126.543,1.003
126.573,1.000
126.603,1.007
126.633,1.008
126.663,1.007
126.693,1.010
126.723,1.010
126.753,1.007
126.783,1.016
126.813,1.014
126.843,1.010
126.873,1.014
126.903,1.021
126.933,1.017
126.963,1.011
126.993,1.011
127.023,1.011
127.053,1.014
127.083,1.006
127.113,1.004
127.143,1.004
127.173,1.012
127.203,1.010
127.233,1.009
127.263,1.010
127.293,1.011
127.323,1.009
127.353,1.011
127.383,1.021
127.413,1.023
127.443,1.017
127.473,1.006
127.503,1.003
127.533,1.008
127.563,1.000
127.593,0.998
127.623,1.006
127.653,1.009
127.683,1.010
127.713,1.012
127.743,1.012
127.773,1.015
127.803,1.016
127.833,1.011
127.863,1.011
127.893,1.015
127.923,1.012
127.953,1.013
127.983,1.013
128.013,1.009
128.043,1.012
128.073,1.010
128.103,1.011
128.133,1.007
128.163,1.011
128.193,1.012
128.223,1.010
128.253,1.005
128.283,1.010
128.313,1.016
128.343,1.013
128.373,1.008
128.403,1.008
128.433,1.012
128.463,1.012
128.493,1.015
128.523,1.011
128.553,1.007
128.583,1.010
128.613,1.011
128.643,1.010
128.673,1.006
128.703,1.007
128.733,1.013
128.763,1.011
128.793,1.010
128.823,1.015
128.853,1.006
128.883,1.003
128.913,1.010
128.943,1.009
128.973,1.010
129.003,1.012
129.033,1.004
129.063,1.007
129.093,1.006
129.123,1.003
129.153,1.005
129.183,1.008
129.213,1.006
129.243,1.012
129.273,1.012
129.303,1.006
129.333,1.011
129.363,1.009
129.393,1.007
129.423,1.006
129.453,1.003
129.483,1.011
129.513,1.009
129.543,1.007
129.573,1.007
129.603,1.000
129.633,1.006
129.663,1.010
129.693,1.011
129.723,1.005
129.753,1.003
129.783,1.008
129.813,1.009
129.843,1.003
129.873,1.004
129.903,1.010
129.933,1.002
129.963,1.003
129.993,1.006
130.023,1.007
130.053,1.007
130.083,1.009
130.113,1.006
130.143,1.000
130.173,1.008
130.203,1.009
130.233,1.005
130.263,1.003
130.293,1.003
130.323,1.004
130.353,1.007
130.383,1.008
130.413,1.012
130.443,1.005
130.473,1.002
130.503,1.006
130.533,1.010
130.563,1.005
130.593,1.009
130.623,1.001
130.653,1.005
130.683,1.007
130.713,1.006
130.743,1.003
130.773,1.008
130.803,1.006
130.833,1.005
130.863,1.004
130.893,1.004
130.923,1.005
130.953,1.009
130.983,1.007
131.013,1.001
131.043,1.005
131.073,1.010
131.103,1.009
131.133,1.003
131.163,1.005
131.193,1.007
131.223,1.008
131.253,1.009
131.283,1.004
131.313,1.001
131.343,1.001
131.373,1.008
131.403,1.005
131.433,1.005
131.463,1.006
131.493,1.010
131.523,1.005
131.553,1.007
131.583,0.998
131.613,1.005
131.643,1.009
131.673,1.010
131.703,1.008
131.733,1.001
131.763,1.003
131.793,1.005
131.823,1.007
131.853,1.007
131.883,1.005
131.913,1.006
131.943,1.008
131.973,1.008
132.003,1.007
132.033,1.004
132.063,1.008
132.093,1.008
132.123,1.009
132.153,1.005
132.183,1.007
132.213,1.008
132.243,1.005
132.273,1.002
132.303,1.006
132.333,1.009
132.363,1.007
132.393,1.006
132.423,1.006
132.453,1.001
132.483,1.004
132.513,1.006
132.543,1.008
132.573,1.006
132.603,1.001
132.633,1.006
132.663,1.008
132.693,1.005
132.723,1.005
132.753,1.006
132.783,1.006
132.813,1.007
132.843,1.007
132.873,1.008
132.903,1.011
132.933,1.004
132.963,1.000
132.993,1.006
133.023,1.004
133.053,1.011
133.083,1.007
133.113,1.001
133.143,1.000
133.173,1.007
133.203,1.011
133.233,1.007
133.263,1.005
133.293,1.003
133.323,1.003
133.353,1.007
133.383,1.003
133.413,1.002
133.443,1.005
133.473,1.004
133.503,1.005
133.533,1.004
133.563,1.006
133.593,1.008
133.623,1.007
133.653,1.009
133.683,1.001
133.713,1.002
133.743,1.004
133.773,1.011
133.803,1.008
133.833,1.003
133.863,1.003
133.893,1.010
133.923,1.009
133.953,1.006
133.983,0.999
134.013,1.004
134.043,1.008
134.073,1.005
134.103,1.005
134.133,1.008
134.163,1.005
134.193,1.008
134.223,1.005
134.253,1.008
134.283,1.006
134.313,1.006
134.343,1.008
134.373,1.005
134.403,1.006
134.433,1.002
134.463,1.007
134.493,1.011
134.523,1.012
134.553,1.028
134.583,1.019
134.613,1.012
134.643,1.012
134.673,1.008
134.703,1.017
134.733,1.006
134.763,1.009
134.793,1.005
134.823,1.010
134.853,1.010
134.883,1.007
134.913,1.017
134.943,1.019
134.973,1.032
135.003,1.026
135.033,1.026
135.063,1.027
135.093,1.026
135.123,1.024
135.153,1.022
135.183,1.023
135.213,1.020
135.243,1.021
135.273,1.025
135.303,1.029
135.333,1.026
135.363,1.026
135.393,1.023
135.423,1.027
135.453,1.033
135.483,1.030
135.513,1.025
135.543,1.031
135.573,1.034
135.603,1.031
135.633,1.025
135.663,1.025
135.693,1.025
135.723,1.025
135.753,1.027
135.783,1.023
135.813,1.024
135.843,1.026
135.873,1.031
135.903,1.028
135.933,1.027
135.963,1.021
135.993,1.027
136.023,1.029
136.053,1.031
136.083,1.031
136.113,1.028
136.143,1.021
136.173,1.023
136.203,1.025
136.233,1.028
136.263,1.022
136.293,1.024
136.323,1.028
136.353,1.030
136.383,1.024
136.413,1.026
136.443,1.027
136.473,1.029
136.503,1.025
136.533,1.026
136.563,1.027
136.593,1.024
136.623,1.026
136.653,1.025
136.683,1.023
136.713,1.025
136.743,1.026
136.773,1.026
136.803,1.024
136.833,1.026
136.863,1.028
136.893,1.028
136.923,1.021
136.953,1.026
136.983,1.028
137.013,1.027
137.043,1.025
137.073,1.032
137.103,1.036
137.133,1.006
137.163,1.007
137.193,1.019
137.223,1.019
137.253,1.018
137.283,1.009
137.313,0.992
137.343,1.003
137.373,1.030
137.403,1.035
137.433,1.020
137.463,1.012
137.493,1.012
137.523,1.021
137.553,1.019
137.583,1.032
137.613,1.033
137.643,1.024
137.673,1.022
137.703,1.025
137.733,1.022
137.763,1.027
137.793,1.030
137.823,1.028
137.853,1.022
137.883,1.021
137.913,1.021
137.943,1.024
137.973,1.021
138.003,1.021
138.033,1.025
138.063,1.019
138.093,1.021
138.123,1.023
138.153,1.017
138.183,1.019
138.213,1.024
138.243,1.023
138.273,1.031
138.303,1.025
138.333,1.030
138.363,1.015
138.393,1.012
138.423,1.013
138.453,1.003
138.483,1.000
138.513,0.988
138.543,1.007
138.573,1.021
138.603,1.027
138.633,1.023
138.663,1.019
138.693,1.019
138.723,1.015
138.753,1.011
138.783,1.000
138.813,1.003
138.843,1.008
138.873,1.006
138.903,1.007
138.933,1.006
138.963,1.006
138.993,1.009
139.023,1.011
139.053,1.000
139.083,1.002
139.113,1.002
139.143,1.006
139.173,1.009
139.203,1.012
139.233,1.007
139.263,1.005
139.293,0.997
139.323,1.000
139.353,1.004
139.383,1.005
139.413,1.002
139.443,1.005
139.473,1.005
139.503,0.998
139.533,1.000
139.563,1.002
139.593,1.002
139.623,1.002
139.653,1.006
139.683,1.009
139.713,1.006
139.743,1.003
139.773,0.999
139.803,1.003
139.833,1.010
139.863,1.002
139.893,1.005
139.923,1.006
139.953,1.002
139.983,1.000
140.013,1.009
140.043,1.006
140.073,1.004
140.103,1.004
140.133,1.002
140.163,1.005
140.193,1.009
140.223,1.002
140.253,1.002
140.283,1.004
140.313,1.003
140.343,1.001
140.373,1.007
140.403,1.005
140.433,1.004
140.463,1.013
140.493,1.002
140.523,1.002
140.553,1.004
140.583,1.005
140.613,1.006
140.643,1.000
140.673,1.002
140.703,1.005
140.733,1.008
140.763,1.003
140.793,1.001
140.823,1.002
140.853,1.004
140.883,1.007
140.913,1.008
140.943,1.002
140.973,1.002
141.003,1.006
141.033,1.004
141.063,1.002
141.093,1.003
141.123,1.005
141.153,1.004
141.183,1.007
141.213,1.006
141.243,1.004
141.273,1.004
141.303,1.007
141.333,1.006
141.363,1.002
141.393,1.003
141.423,1.007
141.453,1.007
141.483,1.006
141.513,1.001
141.543,1.004
141.573,1.007
141.603,1.009
141.633,1.002
141.663,1.005
141.693,1.005
141.723,1.008
141.753,1.007
141.783,1.003
141.813,1.001
141.843,1.007
141.873,1.006
141.903,1.004
141.933,1.005
141.963,1.004
141.993,1.006
142.023,1.009
142.053,1.002
142.083,1.001
142.113,1.003
142.143,1.007
142.173,1.008
142.203,1.003
142.233,1.001
142.263,1.002
142.293,1.009
142.323,1.006
142.353,1.003
142.383,1.007
142.413,1.005
142.443,1.003
142.473,1.005
142.503,1.008
142.533,1.006
142.563,1.005
142.593,1.003
142.623,1.006
142.653,1.004
142.683,1.007
142.713,1.009
142.743,1.007
142.773,1.006
142.803,1.003
142.833,1.003
142.863,1.006
142.893,1.009
142.923,1.003
142.953,1.000
142.983,1.007
143.013,1.003
143.043,1.005
143.073,1.003
143.103,1.005
143.133,1.009
143.163,1.007
143.193,1.006
143.223,1.014
143.253,1.003
143.283,1.004
143.313,1.001
143.343,1.006
143.373,1.001
143.403,1.002
143.433,1.005
143.463,1.008
143.493,1.002
143.523,1.010
143.553,1.003
143.583,1.004
143.613,1.008
143.643,1.002
143.673,1.007
143.703,1.010
143.733,1.006
143.763,1.005
143.793,1.005
143.823,1.006
143.853,1.003
143.883,1.002
143.913,1.011
143.943,1.007
143.973,1.007
144.003,1.002
144.033,1.008
144.063,1.006
144.093,1.007
144.123,1.008
144.153,1.004
144.183,1.007
144.213,1.009
144.243,1.008
144.273,1.006
144.303,1.007
144.333,1.005
144.363,1.009
144.393,1.008
144.423,1.006
144.453,1.003
144.483,1.005
144.513,1.008
144.543,1.005
144.573,1.008
144.603,1.009
144.633,1.008
144.663,1.004
144.693,1.008
144.723,1.002
144.753,1.002
144.783,1.006
144.813,1.011
144.843,1.007
144.873,1.001
144.903,1.006
144.933,1.006
144.963,1.010
144.993,1.004
145.023,1.002
145.053,1.005
145.083,1.006
145.113,1.006
145.143,1.002
145.173,1.004
145.203,1.008
145.233,1.005
145.263,1.009
145.293,1.009
145.323,1.003
145.353,1.003
145.383,1.006
145.413,1.007
145.443,1.003
145.473,1.003
145.503,1.005
145.533,1.009
145.563,1.007
145.593,1.009
145.623,1.004
145.653,1.001
145.683,1.010
145.713,1.009
145.743,1.006
145.773,1.002
145.803,1.000
145.833,1.008
145.863,1.008
145.893,1.005
145.923,1.005
145.953,1.005
145.983,1.006
146.013,1.003
146.043,1.005
146.073,1.007
146.103,1.004
146.133,1.004
146.163,1.010
146.193,1.007
146.223,1.002
146.253,1.000
146.283,1.007
146.313,1.007
146.343,1.010
146.373,1.009
146.403,1.001
146.433,1.006
146.463,1.006
146.493,1.010
146.523,1.004
146.553,1.007
146.583,1.005
146.613,1.007
146.643,1.006
146.673,1.004
146.703,1.006
146.733,1.004
146.763,1.004
146.793,1.005
146.823,1.006
146.853,1.008
146.883,1.008
146.913,1.003
146.943,1.002
146.973,1.006
147.003,1.006
147.033,1.009
147.063,1.008
147.093,1.005
147.123,1.000
147.153,1.004
147.183,1.008
147.213,1.006
147.243,1.004
147.273,1.009
147.303,1.001
147.333,1.005
147.363,1.005
147.393,1.003
147.423,1.002
147.453,1.009
147.483,1.001
147.513,1.005
147.543,1.005
147.573,1.008
147.603,1.006
147.633,1.005
147.663,1.001
147.693,1.003
147.723,1.007
147.753,1.005
147.783,1.008
147.813,1.002
147.843,1.002
147.873,1.008
147.903,1.009
147.933,1.004
147.963,1.005
147.993,1.002
148.023,1.003
148.053,1.010
148.083,1.003
148.113,1.003
148.143,1.005
148.173,1.005
148.203,1.006
148.233,1.008
148.263,1.006
148.293,1.003
148.323,1.003
148.353,1.006
148.383,1.004
148.413,1.002
148.443,1.002
148.473,1.003
148.503,1.007
148.533,1.004
148.563,1.000
148.593,1.007
148.623,1.008
148.653,1.006
148.683,1.004
148.713,1.001
148.743,1.000
148.773,1.008
148.803,1.003
148.833,1.003
148.863,1.002
148.893,1.009
148.923,1.007
148.953,1.004
148.983,1.003
149.013,1.003
149.043,1.006
149.073,1.005
149.103,1.003
149.133,1.004
149.163,1.003
149.193,1.004
149.223,1.006
149.253,1.007
149.283,1.003
149.313,1.000
149.343,1.005
149.373,1.007
149.403,1.006
149.433,0.999
149.463,0.998
149.493,1.004
149.523,1.010
149.553,1.004
149.583,1.004
149.613,1.005
149.643,1.003
149.673,1.002
149.703,1.004
149.733,1.006
149.763,1.005
149.793,1.007
149.823,1.005
149.853,1.000
149.883,1.000
149.913,1.003
149.943,1.006
149.973,1.006
150.003,1.004
150.033,1.002
150.063,1.000
150.093,1.005
150.123,1.009
150.153,1.006
150.183,1.001
150.213,0.997
150.243,1.007
150.273,1.004
150.303,0.999
150.333,1.000
150.363,1.004
150.393,1.004
150.423,1.001
150.453,1.006
150.483,1.006
150.513,1.007
150.543,1.003
150.573,1.001
150.603,0.999
150.633,1.001
150.663,1.004
150.693,1.005
150.723,1.004
150.753,1.003
150.783,0.996
150.813,1.004
150.843,1.006
150.873,1.006
150.903,1.001
150.933,0.997
150.963,1.001
150.993,1.004
151.023,1.003
151.053,1.000
151.083,1.003
151.113,1.006
151.143,1.005
151.173,1.003
151.203,1.003
151.233,1.000
151.263,1.006
151.293,1.004
151.323,1.001
151.353,1.003
151.383,1.002
151.413,1.006
151.443,1.009
151.473,1.004
151.503,0.999
151.533,1.005
151.563,1.006
151.593,1.001
151.623,1.003
151.653,1.002
151.683,0.997
151.713,1.006
151.743,1.002
151.773,1.004
151.803,1.003
151.833,1.001
151.863,1.005
151.893,1.005
151.923,1.004
151.953,1.006
151.983,1.003
152.013,1.003
152.043,1.003
152.073,1.003
152.103,1.001
152.133,1.002
152.163,1.008
152.193,1.003
152.223,1.005
152.253,1.001
152.283,1.004
152.313,1.005
152.343,1.005
152.373,1.004
152.403,0.999
152.433,1.000
152.463,1.006
152.493,1.004
152.523,1.001
152.553,1.000
152.583,1.004
152.613,1.008
152.643,1.003
152.673,1.002
152.703,1.004
152.733,1.002
152.763,1.002
152.793,1.001
152.823,1.004
152.853,1.006
152.883,0.997
152.913,1.001
152.943,1.005
152.973,1.006
153.003,1.006
153.033,1.001
153.063,1.001
153.093,1.006
153.123,1.006
153.153,1.001
153.183,1.001
153.213,1.002
153.243,1.000
153.273,1.005
153.303,1.000
153.333,1.004
153.363,1.005
153.393,1.004
153.423,1.006
153.453,1.006
153.483,1.004
153.513,1.004
153.543,1.006
153.573,0.999
153.603,1.001
153.633,0.999
153.663,1.004
153.693,1.006
153.723,1.011
153.753,1.004
153.783,0.998
153.813,1.002
153.843,1.006
153.873,1.006
153.903,1.004
153.933,1.000
153.963,1.000
153.993,1.006
154.023,1.006
154.053,1.003
154.083,1.004
154.113,1.003
154.143,1.006
154.173,1.004
154.203,1.004
154.233,1.003
154.263,1.005
154.293,1.005
154.323,0.997
154.353,0.999
154.383,1.003
154.413,1.006
154.443,1.006
154.473,1.004
154.503,1.001
154.533,1.003
154.563,1.007
154.593,1.005
154.623,1.007
154.653,1.002
154.683,1.003
154.713,1.004
154.743,1.001
154.773,1.003
154.803,1.004
154.833,1.003
154.863,1.005
154.893,1.003
154.923,1.004
154.953,1.008
154.983,1.003
155.013,1.003
155.043,1.000
155.073,1.001
155.103,1.004
155.133,1.006
155.163,1.008
155.193,1.000
155.223,0.999
155.253,1.004
155.283,1.006
155.313,1.007
155.343,1.001
155.373,0.997
155.403,1.002
155.433,1.004
155.463,1.003
155.493,1.003
155.523,1.003
155.553,1.003
155.583,1.006
155.613,1.003
155.643,1.003
155.673,1.006
155.703,1.006
155.733,1.003
155.763,1.001
155.793,1.001
155.823,1.005
155.853,1.006
155.883,1.010
155.913,0.999
155.943,1.000
155.973,1.009
156.003,1.006
156.033,1.007
156.063,1.002
156.093,1.000
156.123,1.006
156.153,1.009
156.183,1.004
156.213,1.002
156.243,1.003
156.273,1.003
156.303,1.006
156.333,1.005
156.363,1.003
156.393,1.001
156.423,1.005
156.453,1.007
156.483,1.003
156.513,1.004
156.543,1.007
156.573,1.005
156.603,1.010
156.633,1.005
156.663,0.999
156.693,1.002
156.723,1.007
156.753,1.006
156.783,1.004
156.813,0.997
156.843,1.001
156.873,1.006
156.903,1.003
156.933,1.004
156.963,1.003
156.993,1.004
157.023,1.007
157.053,1.001
157.083,1.002
157.113,1.004
157.143,1.004
157.173,1.003
157.203,1.003
157.233,0.999
157.263,1.004
157.293,1.008
157.323,1.007
157.353,1.005
157.383,0.997
157.413,1.002
157.443,1.006
157.473,1.005
157.503,1.004
157.533,0.997
157.563,1.004
157.593,1.006
157.623,1.002
157.653,1.001
157.683,1.003
157.713,1.004
157.743,1.002
157.773,1.001
157.803,1.004
157.833,1.004
157.863,1.004
157.893,1.005
157.923,1.003
157.953,1.004
157.983,1.006
158.013,1.001
158.043,0.996
158.073,1.001
158.103,1.004
158.133,1.005
158.163,1.006
158.193,1.006
158.223,0.998
158.253,1.008
158.283,1.007
158.313,1.006
158.343,1.000
158.373,1.003
158.403,1.006
158.433,1.004
158.463,1.006
158.493,1.004
158.523,1.005
158.553,0.999
158.583,1.002
158.613,1.007
158.643,1.004
158.673,1.001
158.703,1.000
158.733,1.005
158.763,1.006
158.793,1.005
158.823,1.003
158.853,0.997
158.883,1.004
158.913,1.005
158.943,1.000
158.973,1.001
159.003,1.004
159.033,1.002
159.063,1.004
159.093,1.004
159.123,1.003
159.153,1.002
159.183,1.006
159.213,1.000
159.243,1.004
159.273,1.003
159.303,1.006
159.333,1.005
159.363,0.996
159.393,1.003
159.423,1.007
159.453,1.003
159.483,1.001
159.513,1.001
159.543,1.007
159.573,1.006
159.603,1.003
159.633,1.000
159.663,1.002
159.693,1.003
159.723,1.002
159.753,1.007
159.783,1.004
159.813,1.002
159.843,1.004
159.873,1.006
159.903,1.000
159.933,1.001
159.963,1.003
159.993,1.010
160.023,1.001
160.053,0.999
160.083,1.002
160.113,1.006
160.143,1.007
160.173,1.000
160.203,0.994
160.233,1.003
160.263,1.007
160.293,1.004
160.323,1.004
160.353,1.003
160.383,1.005
160.413,1.002
160.443,1.002
160.473,1.003
160.503,1.004
160.533,1.005
160.563,1.003
160.593,1.004
160.623,1.003
160.653,1.003
160.683,1.008
160.713,1.008
160.743,1.000
160.773,0.997
160.803,1.003
160.833,1.007
160.863,1.006
160.893,1.003
160.923,0.995
160.953,1.007
160.983,1.007
161.013,1.002
161.043,1.001
161.073,1.003
161.103,1.004
161.133,1.004
161.163,1.005
161.193,1.003
161.223,1.006
161.253,1.001
161.283,0.996
161.313,1.004
161.343,1.001
161.373,1.006
161.403,1.008
161.433,0.999
161.463,0.997
161.493,1.003
161.523,1.004
161.553,1.002
161.583,1.004
161.613,1.001
161.643,1.003
161.673,1.006
161.703,1.001
161.733,1.004
161.763,1.004
161.793,1.001
161.823,1.002
161.853,1.005
161.883,1.005
161.913,1.004
161.943,1.001
161.973,1.000
162.003,1.000
162.033,0.999
162.063,1.007
162.093,1.009
162.123,1.000
162.153,0.998
162.183,1.004
162.213,1.007
162.243,1.004
162.273,1.001
162.303,0.996
162.333,1.006
162.363,1.008
162.393,0.999
162.423,1.001
162.453,1.004
162.483,1.004
162.513,1.004
162.543,1.004
162.573,1.004
162.603,1.007
162.633,1.003
162.663,1.002
162.693,1.004
162.723,1.003
162.753,0.999
162.783,1.000
162.813,1.008
162.843,1.007
162.873,1.001
162.903,0.997
162.933,1.003
162.963,1.004
162.993,1.004
163.023,0.997
163.053,0.999
163.083,1.006
163.113,1.003
163.143,1.003
163.173,1.000
163.203,1.004
163.233,1.005
163.263,1.003
163.293,1.003
163.323,1.003
163.353,1.001
163.383,1.003
163.413,1.003
163.443,1.006
163.473,1.003
163.503,1.004
163.533,1.003
163.563,1.006
163.593,1.005
163.623,1.004
163.653,1.005
163.683,1.000
163.713,1.004
163.743,1.006
163.773,1.005
163.803,1.004
163.833,0.998
163.863,1.004
163.893,1.007
163.923,1.006
163.953,1.001
163.983,1.001
164.013,1.006
164.043,1.007
164.073,1.005
164.103,1.003
164.133,1.005
164.163,1.003
164.193,1.007
164.223,1.004
164.253,1.002
164.283,1.003
164.313,0.999
164.343,1.007
164.373,1.006
164.403,1.004
164.433,1.006
164.463,1.004
164.493,1.000
164.523,1.006
164.553,1.006
164.583,1.006
164.613,1.000
164.643,1.000
164.673,1.009
164.703,1.004
164.733,1.001
164.763,1.002
164.793,1.002
164.823,1.007
164.853,1.006
164.883,1.004
164.913,1.003
164.943,1.008
164.973,1.005
165.003,1.001
165.033,1.001
165.063,1.000
165.093,1.001
165.123,1.007
165.153,1.004
165.183,1.000
165.213,0.999
165.243,1.007
165.273,1.006
165.303,1.002
165.333,1.001
165.363,1.000
165.393,1.003
165.423,1.007
165.453,1.001
165.483,1.003
165.513,1.000
165.543,1.001
165.573,1.006
165.603,1.007
165.633,1.007
165.663,1.004
165.693,1.002
165.723,1.002
165.753,1.001
165.783,1.005
165.813,1.006
165.843,1.007
165.873,1.006
165.903,1.000
165.933,1.007
165.963,1.007
165.993,1.006
166.023,1.005
166.053,1.000
166.083,1.008
166.113,1.009
166.143,1.003
166.173,1.005
166.203,1.002
166.233,1.001
166.263,1.006
166.293,1.006
166.323,1.002
166.353,1.007
166.383,1.003
166.413,1.004
166.443,1.003
166.473,1.004
166.503,1.002
166.533,1.005
166.563,1.006
166.593,1.001
166.623,1.000
166.653,1.006
166.683,1.007
166.713,1.006
166.743,1.002
166.773,1.001
166.803,1.006
166.833,1.006
166.863,1.001
166.893,1.006
166.923,1.002
166.953,1.005
166.983,1.007
167.013,1.006
167.043,1.000
167.073,1.004
167.103,1.007
167.133,1.004
167.163,1.000
167.193,1.005
167.223,1.006
167.253,1.009
167.283,1.004
167.313,0.999
167.343,1.000
167.373,1.005
167.403,1.005
167.433,1.001
167.463,1.000
167.493,0.999
167.523,1.004
167.553,1.004
167.583,1.000
167.613,1.005
167.643,1.006
167.673,1.001
167.703,1.002
167.733,1.003
167.763,1.007
167.793,1.001
167.823,1.003
167.853,1.003
167.883,1.004
167.913,1.007
167.943,1.007
167.973,1.001
168.003,0.999
168.033,1.003
168.063,1.007
168.093,1.005
168.123,1.001
168.153,1.002
168.183,1.003
168.213,1.004
168.243,1.004
168.273,1.002
168.303,1.003
168.333,1.004
168.363,1.002
168.393,1.004
168.423,1.005
168.453,1.004
168.483,1.009
168.513,1.001
168.543,1.004
168.573,1.005
168.603,1.007
168.633,1.003
168.663,1.002
168.693,1.002
168.723,1.006
168.753,1.004
168.783,1.004
168.813,1.001
168.843,1.001
168.873,1.005
168.903,1.007
168.933,0.998
168.963,1.003
168.993,1.006
169.023,1.006
169.053,1.002
169.083,1.003
169.113,1.005
169.143,1.002
169.173,1.005
169.203,0.998
169.233,1.004
169.263,1.004
169.293,1.007
169.323,1.003
169.353,0.998
169.383,1.003
169.413,1.007
169.443,1.003
169.473,1.000
169.503,1.000
169.533,1.001
169.563,1.005
169.593,1.004
169.623,0.998
169.653,1.001
169.683,1.003
169.713,1.006
169.743,1.003
169.773,1.004
169.803,1.001
169.833,1.003
169.863,0.998
169.893,0.999
169.923,1.002
169.953,1.002
169.983,1.002
170.013,1.010
170.043,1.002
170.073,0.998
170.103,1.004
170.133,1.006
170.163,1.005
170.193,1.000
170.223,0.998
170.253,1.001
170.283,1.005
170.313,1.004
170.343,1.000
170.373,1.004
170.403,1.004
170.433,1.007
170.463,1.003
170.493,1.005
170.523,1.004
170.553,1.004
170.583,1.003
170.613,1.004
170.643,1.003
170.673,1.004
170.703,1.008
170.733,1.006
170.763,1.001
170.793,1.000
170.823,1.007
170.853,1.006
170.883,1.003
170.913,1.003
170.943,0.997
170.973,1.006
171.003,1.006
171.033,1.003
171.063,1.002
171.093,1.004
171.123,1.003
171.153,1.004
171.183,1.006
171.213,1.006
171.243,1.007
171.273,1.000
171.303,1.000
171.333,1.003
171.363,1.006
171.393,1.004
171.423,1.007
171.453,1.004
171.483,0.999
171.513,1.003
171.543,1.003
171.573,1.004
171.603,1.004
171.633,0.998
171.663,0.999
171.693,1.004
171.723,1.002
171.753,1.001
171.783,1.003
171.813,1.001
171.843,1.005
171.873,1.005
171.903,1.003
171.933,1.003
171.963,1.003
171.993,1.004
172.023,1.001
172.053,1.002
172.083,1.002
172.113,1.006
172.143,1.007
172.173,1.003
172.203,0.998
172.233,1.005
172.263,1.006
172.293,1.007
172.323,1.002
172.353,0.999
172.383,1.006
172.413,1.005
172.443,1.003
172.473,1.000
172.503,1.003
172.533,1.003
172.563,1.009
172.593,1.005
172.623,1.007
172.653,1.004
172.683,1.007
172.713,1.007
172.743,1.007
172.773,1.004
172.803,0.999
172.833,1.004
172.863,1.007
172.893,1.006
172.923,1.006
172.953,1.003
172.983,0.999
173.013,1.010
173.043,1.007
173.073,1.006
173.103,0.998
173.133,1.000
173.163,1.005
173.193,1.007
173.223,1.003
173.253,1.003
173.283,1.005
173.313,1.005
173.343,1.004
173.373,1.007
173.403,1.004
173.433,1.000
173.463,1.001
173.493,1.004
173.523,1.005
173.553,1.004
173.583,1.004
173.613,0.999
173.643,1.000
173.673,1.007
173.703,1.007
173.733,1.007
173.763,1.000
173.793,1.003
173.823,1.001
173.853,1.008
173.883,1.007
173.913,1.001
173.943,0.998
173.973,1.007
174.003,1.009
174.033,1.001
174.063,1.004
174.093,1.005
174.123,1.005
174.153,1.003
174.183,1.007
174.213,1.005
174.243,1.007
174.273,1.005
174.303,1.006
174.333,1.001
174.363,1.002
174.393,1.005
174.423,1.005
174.453,1.004
174.483,1.006
174.513,1.002
174.543,1.000
174.573,1.002
174.603,1.007
174.633,1.007
174.663,1.001
174.693,1.006
174.723,1.002
174.753,1.008
174.783,1.005
174.813,1.002
174.843,1.003
174.873,1.007
174.903,1.006
174.933,1.005
174.963,1.002
174.993,1.006
175.023,1.007
175.053,1.006
175.083,1.006
175.113,1.003
175.143,1.001
175.173,1.005
175.203,1.007
175.233,1.007
175.263,0.999
175.293,0.997
175.323,1.007
175.353,1.011
175.383,1.004
175.413,1.000
175.443,1.004
175.473,1.008
175.503,1.004
175.533,0.998
175.563,1.000
175.593,1.009
175.623,1.006
175.653,1.009
175.683,1.006
175.713,1.004
175.743,1.005
175.773,1.005
175.803,1.004
175.833,1.004
175.863,1.004
175.893,1.005
175.923,1.004
175.953,1.004
175.983,1.008
176.013,1.000
176.043,1.000
176.073,1.005
176.103,1.007
176.133,1.007
176.163,1.004
176.193,1.001
176.223,1.007
176.253,1.005
176.283,1.000
176.313,1.006
176.343,1.006
176.373,1.006
176.403,1.006
176.433,1.006
176.463,1.005
176.493,1.003
176.523,1.007
176.553,1.006
176.583,1.006
176.613,1.000
176.643,1.007
176.673,1.007
176.703,1.011
176.733,1.006
176.763,1.000
176.793,1.004
176.823,1.004
176.853,1.005
176.883,1.003
176.913,1.001
176.943,1.002
176.973,1.006
177.003,1.005
177.033,1.002
177.063,1.001
177.093,1.003
177.123,1.004
177.153,1.003
177.183,1.003
177.213,1.005
177.243,1.006
177.273,1.001
177.303,0.999
177.333,0.999
177.363,1.006
177.393,1.007
177.423,1.006
177.453,1.003
177.483,1.000
177.513,1.000
177.543,1.004
177.573,1.010
177.603,1.006
177.633,1.002
177.663,1.000
177.693,1.004
177.723,1.005
177.753,1.003
177.783,1.002
177.813,1.001
177.843,1.004
177.873,1.006
177.903,1.000
177.933,1.005
177.963,1.007
177.993,1.005
178.023,1.003
178.053,1.002
178.083,1.001
178.113,1.006
178.143,1.003
178.173,0.999
178.203,1.004
178.233,1.009
178.263,1.005
178.293,1.003
178.323,0.998
178.353,1.000
178.383,1.003
178.413,1.003
178.443,1.003
178.473,1.007
178.503,1.002
178.533,1.008
178.563,0.997
178.593,0.997
178.623,1.019
178.653,1.013
178.683,0.998
178.713,0.992
178.743,1.001
178.773,1.006
178.803,1.010
178.833,1.006
178.863,1.010
178.893,0.995
178.923,1.000
178.953,1.000
178.983,1.007
179.013,1.000
179.043,0.995
179.073,1.009
179.103,1.002
179.133,0.999
179.163,1.007
179.193,1.003
179.223,1.004
179.253,1.005
179.283,1.006
179.313,1.001
179.343,1.002
179.373,1.007
179.403,1.002
179.433,1.000
179.463,1.009
179.493,1.004
179.523,1.003
179.553,1.002
179.583,0.999
179.613,1.000
179.643,1.009
179.673,1.004
179.703,1.003
179.733,1.003
179.763,1.006
179.793,1.004
179.823,1.003
179.853,1.003
179.883,1.003
179.913,1.007
179.943,1.003
179.973,1.003
180.003,1.006
180.033,0.997
180.063,1.000
180.093,1.004
180.123,1.004
180.153,1.006
180.183,1.001
180.213,1.001
180.243,1.007
180.273,1.009
180.303,1.004
180.333,1.006
180.363,1.000
180.393,1.005
180.423,1.006
180.453,1.001
180.483,1.000
180.513,1.006
180.543,1.004
180.573,1.005
180.603,1.004
180.633,1.006
180.663,1.000
180.693,1.007
180.723,1.001
180.753,1.010
180.783,1.003
180.813,0.999
180.843,1.001
180.873,1.006
180.903,1.011
180.933,1.001
180.963,1.000
180.993,1.001
181.023,1.006
181.053,1.002
181.083,1.001
181.113,1.005
181.143,1.006
181.173,1.003
181.203,1.003
181.233,1.003
181.263,1.009
181.293,0.999
181.323,1.002
181.353,1.006
181.383,1.006
181.413,1.003
181.443,1.001
181.473,1.004
181.503,1.003
181.533,1.005
181.563,1.003
181.593,0.997
181.623,1.003
181.653,1.004
181.683,1.004
181.713,1.004
181.743,1.004
181.773,1.005
181.803,1.003
181.833,1.004
181.863,1.004
181.893,1.001
181.923,1.003
181.953,1.003
181.983,1.003
182.013,1.005
182.043,1.007
182.073,1.003
182.103,1.000
182.133,1.007
182.163,1.006
182.193,1.004
182.223,0.999
182.253,1.000
182.283,1.004
182.313,1.005
182.343,1.000
182.373,1.003
182.403,1.004
182.433,1.004
182.463,1.004
182.493,1.003
182.523,1.003
182.553,1.007
182.583,1.003
182.613,1.005
182.643,0.995
182.673,1.006
182.703,1.007
182.733,1.009
182.763,1.002
182.793,1.000
182.823,1.007
182.853,1.003
182.883,1.005
182.913,1.000
182.943,0.995
182.973,1.005
183.003,1.003
183.033,1.002
183.063,1.003
183.093,1.004
183.123,1.005
183.153,1.000
183.183,1.002
183.213,1.005
183.243,1.004
183.273,1.004
183.303,1.003
183.333,1.001
183.363,1.007
183.393,1.004
183.423,1.006
183.453,1.003
183.483,1.000
183.513,1.004
183.543,1.005
183.573,1.007
183.603,1.003
183.633,1.001
183.663,1.000
183.693,1.006
183.723,1.002
183.753,1.002
183.783,1.005
183.813,1.004
183.843,1.004
183.873,1.006
183.903,1.003
183.933,1.003
183.963,1.004
183.993,1.005
184.023,1.006
184.053,1.000
184.083,1.004
184.113,1.004
184.143,1.009
184.173,1.001
184.203,1.001
184.233,1.004
184.263,1.005
184.293,1.008
184.323,1.004
184.353,0.999
184.383,1.003
184.413,1.008
184.443,1.009
184.473,1.000
184.503,1.001
184.533,1.003
184.563,1.006
184.593,1.005
184.623,1.001
184.653,1.001
184.683,1.006
184.713,1.003
184.743,1.004
184.773,1.001
184.803,0.999
184.833,1.002
184.863,1.007
184.893,1.008
184.923,1.003
184.953,0.999
184.983,1.001
185.013,1.002
185.043,1.006
185.073,1.003
185.103,1.000
185.133,1.001
185.163,1.006
185.193,1.004
185.223,1.004
185.253,1.003
185.283,1.003
185.313,1.007
185.343,1.004
185.373,1.004
185.403,1.003
185.433,1.004
185.463,1.003
185.493,1.003
185.523,1.002
185.553,1.004
185.583,1.006
185.613,1.006
185.643,1.004
185.673,1.004
185.703,1.000
185.733,1.000
185.763,1.006
185.793,1.006
185.823,1.002
185.853,0.998
185.883,1.000
185.913,1.007
185.943,1.004
185.973,1.001
186.003,1.000
186.033,1.004
186.063,1.003
186.093,1.006
186.123,1.006
186.153,1.003
186.183,1.005
186.213,1.002
186.243,1.003
186.273,1.004
186.303,1.001
186.333,1.003
186.363,1.006
186.393,1.007
186.423,1.001
186.453,1.002
186.483,1.006
186.513,1.006
186.543,1.005
186.573,1.002
186.603,1.001
186.633,1.004
186.663,1.008
186.693,1.004
186.723,0.999
186.753,1.009
186.783,1.005
186.813,1.002
186.843,1.003
186.873,1.000
186.903,1.003
186.933,1.005
186.963,1.006
186.993,1.006
187.023,1.003
187.053,1.004
187.083,1.001
187.113,1.012
187.143,1.005
187.173,1.000
187.203,1.000
187.233,1.007
187.263,1.005
187.293,1.004
187.323,1.000
187.353,1.003
187.383,1.006
187.413,1.006
187.443,1.003
187.473,1.000
187.503,1.004
187.533,1.005
187.563,1.003
187.593,1.003
187.623,1.003
187.653,1.001
187.683,1.005
187.713,1.005
187.743,1.003
187.773,1.001
187.803,1.004
187.833,1.003
187.863,1.006
187.893,1.009
187.923,1.002
187.953,1.000
187.983,1.001
188.013,1.004
188.043,1.005
188.073,1.003
188.103,1.003
188.133,1.002
188.163,1.008
188.193,1.004
188.223,1.004
188.253,1.004
188.283,1.005
188.313,1.003
188.343,1.005
188.373,1.007
188.403,1.001
188.433,1.004
188.463,1.005
188.493,1.004
188.523,0.998
188.553,0.999
188.583,1.004
188.613,1.005
188.643,1.006
188.673,1.003
188.703,0.998
188.733,1.001
188.763,1.006
188.793,1.004
188.823,1.001
188.853,1.000
188.883,1.003
188.913,1.004
188.943,1.006
188.973,1.000
189.003,1.004
189.033,1.003
189.063,1.004
189.093,1.000
189.123,1.005
189.153,1.003
189.183,1.004
189.213,1.003
189.243,1.000
189.273,1.000
189.303,1.004
189.333,1.006
189.363,1.007
189.393,1.000
189.423,1.001
189.453,1.003
189.483,1.007
189.513,1.006
189.543,1.001
189.573,1.000
189.603,1.003
189.633,1.004
189.663,1.003
189.693,1.004
189.723,1.004
189.753,1.004
189.783,1.003
189.813,1.004
189.843,1.005
189.873,1.004
189.903,1.004
189.933,1.003
189.963,1.006
189.993,0.999
190.023,1.002
190.053,1.003
190.083,1.007
190.113,1.001
190.143,0.999
190.173,1.005
190.203,1.006
190.233,1.004
190.263,1.004
190.293,0.999
190.323,1.003
190.353,1.007
190.383,1.005
190.413,1.001
190.443,0.999
190.473,1.003
190.503,1.006
190.533,1.006
190.563,1.000
190.593,1.002
190.623,1.005
190.653,1.004
190.683,1.000
190.713,0.999
190.743,1.001
190.773,1.005
190.803,1.008
190.833,1.007
190.863,0.999
190.893,0.998
190.923,1.006
190.953,1.007
190.983,1.004
191.013,1.000
191.043,0.994
191.073,1.008
191.103,1.005
191.133,1.000
191.163,1.001
191.193,1.004
191.223,1.007
191.253,1.006
191.283,1.004
191.313,1.005
191.343,1.008
191.373,1.004
191.403,1.001
191.433,1.001
191.463,1.004
191.493,1.005
191.523,1.009
191.553,1.007
191.583,0.998
191.613,1.000
191.643,1.004
191.673,1.009
191.703,1.003
191.733,1.004
191.763,1.003
191.793,1.007
191.823,1.005
191.853,1.001
191.883,1.003
191.913,1.006
191.943,1.005
191.973,1.006
192.003,1.006
192.033,1.004
192.063,1.006
192.093,1.006
192.123,1.003
192.153,1.004
192.183,1.001
192.213,1.001
192.243,1.005
192.273,1.007
192.303,1.006
192.333,0.997
192.363,1.000
192.393,1.006
192.423,1.006
192.453,1.003
192.483,1.003
192.513,0.997
192.543,1.004
192.573,1.009
192.603,1.000
192.633,1.001
192.663,1.005
192.693,1.008
192.723,1.006
192.753,1.001
192.783,1.004
192.813,1.003
192.843,1.003
192.873,1.004
192.903,1.002
192.933,1.002
192.963,1.003
192.993,1.006
193.023,1.007
193.053,1.006
193.083,1.006
193.113,1.000
193.143,1.003
193.173,1.004
193.203,1.010
193.233,1.000
193.263,1.004
193.293,1.001
193.323,1.006
193.353,1.010
193.383,1.005
193.413,0.998
193.443,1.003
193.473,1.005
193.503,1.007
193.533,1.003
193.563,1.005
193.593,1.007
193.623,1.005
193.653,1.000
193.683,1.001
193.713,1.003
193.743,1.000
193.773,1.005
193.803,1.005
193.833,1.009
193.863,1.009
193.893,1.000
193.923,1.002
193.953,1.004
193.983,1.007
194.013,1.000
194.043,0.997
194.073,1.004
194.103,1.011
194.133,1.014
194.163,1.014
194.193,1.020
194.223,1.013
194.253,1.018
194.283,1.019
194.313,0.994
194.343,1.016
194.373,1.038
194.403,1.026
194.433,1.010
194.463,1.000
194.493,1.000
194.523,1.007
194.553,0.998
194.583,1.007
194.613,1.009
194.643,1.026
194.673,1.020
194.703,1.021
194.733,1.001
194.763,1.010
194.793,1.029
194.823,1.027
194.853,1.023
194.883,1.016
194.913,1.016
194.943,1.019
194.973,1.016
195.003,1.017
195.033,1.024
195.063,1.027
195.093,1.027
195.123,1.035
195.153,1.027
195.183,1.029
195.213,1.021
195.243,1.023
195.273,1.026
195.303,1.023
195.333,1.021
195.363,1.030
195.393,1.025
195.423,1.019
195.453,1.020
195.483,1.027
195.513,1.023
195.543,1.022
195.573,1.024
195.603,1.021
195.633,1.029
195.663,1.027
195.693,1.024
195.723,1.023
195.753,1.022
195.783,1.023
195.813,1.031
195.843,1.025
195.873,0.997
195.903,1.022
195.933,1.036
195.963,1.020
195.993,1.016
196.023,1.010
196.053,1.025
196.083,1.027
196.113,1.004
196.143,0.999
196.173,1.016
196.203,1.011
196.233,1.027
196.263,1.012
196.293,0.999
196.323,0.991
196.353,1.005
196.383,0.998
196.413,0.984
196.443,0.994
196.473,0.999
196.503,1.012
196.533,1.044
196.563,1.030
196.593,1.007
196.623,1.012
196.653,1.032
196.683,1.041
196.713,1.015
196.743,0.997
196.773,0.980
196.803,0.987
196.833,1.003
196.863,0.998
196.893,0.993
196.923,0.996
196.953,1.009
196.983,1.005
197.013,1.004
197.043,1.001
197.073,1.011
197.103,1.011
197.133,1.006
197.163,1.004
197.193,1.000
197.223,1.003
197.253,1.006
197.283,1.002
197.313,1.001
197.343,1.008
197.373,1.008
197.403,1.005
197.433,1.005
197.463,1.007
197.493,1.004
197.523,1.005
197.553,1.009
197.583,1.006
197.613,1.006
197.643,1.007
197.673,1.012
197.703,1.004
197.733,1.001
197.763,1.007
197.793,1.008
197.823,1.000
197.853,1.002
197.883,1.002
197.913,1.004
197.943,1.004
197.973,0.998
198.003,1.004
198.033,1.011
198.063,1.004
198.093,1.004
198.123,1.007
198.153,1.007
198.183,1.007
198.213,1.007
198.243,1.009
198.273,1.004
198.303,1.005
198.333,1.008
198.363,1.002
198.393,1.002
198.423,1.006
198.453,1.005
198.483,1.006
198.513,1.005
198.543,1.002
198.573,1.007
198.603,1.008
198.633,1.003
198.663,1.006
198.693,1.007
198.723,1.005
198.753,1.002
198.783,1.004
198.813,1.005
198.843,1.006
198.873,1.005
198.903,1.005
198.933,1.003
198.963,1.007
198.993,1.006
199.023,1.000
199.053,1.005
199.083,1.010
199.113,1.006
199.143,1.004
199.173,1.002
199.203,1.005
199.233,1.008
199.263,1.004
199.293,1.003
199.323,1.001
199.353,1.002
199.383,1.007
199.413,1.007
199.443,1.005
199.473,1.007
199.503,1.007
199.533,1.001
199.563,1.003
199.593,1.007
199.623,1.004
199.653,1.007
199.683,1.002
199.713,1.000
199.743,1.007
199.773,1.009
199.803,1.004
199.833,1.006
199.863,0.999
199.893,1.005
199.923,1.007
199.953,1.006
199.983,1.002
200.013,1.005
200.043,1.003
200.073,1.007
200.103,1.004
200.133,1.004
200.163,1.003
200.193,1.006
200.223,1.003
200.253,1.005
200.283,1.004
200.313,1.005
200.343,1.003
200.373,1.006
200.403,1.008
200.433,1.003
200.463,1.005
200.493,1.008
200.523,1.007
200.553,1.005
200.583,1.000
200.613,1.003
200.643,1.003
200.673,1.006
200.703,1.000
200.733,1.005
200.763,1.005
200.793,1.006
200.823,1.004
200.853,1.005
200.883,1.003
200.913,1.004
200.943,1.006
200.973,1.005
201.003,1.003
201.033,1.000
201.063,1.000
201.093,1.014
201.123,1.009
201.153,1.009
201.183,1.006
201.213,0.999
201.243,1.003
201.273,1.006
201.303,1.004
201.333,1.003
201.363,1.004
201.393,0.999
201.423,1.006
201.453,1.006
201.483,1.001
201.513,1.004
201.543,1.002
201.573,1.005
201.603,1.006
201.633,1.003
201.663,1.003
201.693,1.007
201.723,1.006
201.753,1.001
201.783,0.997
201.813,1.000
201.843,1.007
201.873,1.006
201.903,1.005
201.933,1.001
201.963,0.999
201.993,1.002
202.023,1.003
202.053,1.002
202.083,1.004
202.113,0.998
202.143,1.004
202.173,1.006
202.203,1.005
202.233,1.002
202.263,1.006
202.293,1.003
202.323,1.003
202.353,1.005
202.383,1.002
202.413,1.007
202.443,1.006
202.473,1.004
202.503,1.003
202.533,0.997
202.563,1.000
202.593,1.008
202.623,1.005
202.653,0.998
202.683,1.000
202.713,1.004
202.743,1.006
202.773,0.999
202.803,1.002
202.833,1.002
202.863,1.003
202.893,1.004
202.923,1.003
202.953,0.999
202.983,1.006
203.013,1.002
203.043,1.002
203.073,1.003
203.103,1.004
203.133,1.006
203.163,1.001
203.193,1.001
203.223,1.002
203.253,1.008
203.283,1.000
203.313,1.003
203.343,1.003
203.373,1.005
203.403,1.004
203.433,0.998
203.463,1.002
203.493,1.004
203.523,1.008
203.553,1.002
203.583,1.002
203.613,1.000
203.643,1.006
203.673,1.006
203.703,1.003
203.733,1.006
203.763,1.003
203.793,1.002
203.823,1.006
203.853,1.004
203.883,1.001
203.913,1.008
203.943,1.003
203.973,1.003
204.003,1.002
204.033,1.005
204.063,1.004
204.093,1.004
204.123,1.002
204.153,1.006
204.183,1.004
204.213,1.009
204.243,1.002
204.273,1.002
204.303,1.005
204.333,1.005
204.363,1.007
204.393,1.001
204.423,1.005
204.453,1.002
204.483,1.004
204.513,1.007
204.543,1.003
204.573,1.003
204.603,1.003
204.633,1.005
204.663,1.001
204.693,1.003
204.723,1.000
204.753,1.003
204.783,1.003
204.813,1.004
204.843,1.004
204.873,1.002
204.903,1.003
204.933,1.003
204.963,1.005
204.993,1.002
205.023,1.004
205.053,1.003
205.083,1.006
205.113,1.003
205.143,0.999
205.173,1.005
205.203,1.009
205.233,1.004
205.263,1.001
205.293,1.002
205.323,1.001
205.353,1.005
205.383,1.006
205.413,1.003
205.443,1.000
205.473,1.005
205.503,1.005
205.533,1.009
205.563,1.005
205.593,1.005
205.623,1.002
205.653,1.005
205.683,1.000
205.713,1.002
205.743,1.004
205.773,0.999
205.803,1.003
205.833,1.002
205.863,1.005
205.893,1.006
205.923,1.006
205.953,1.003
205.983,0.999
206.013,1.001
206.043,1.004
206.073,1.009
206.103,1.004
206.133,1.002
206.163,1.003
206.193,1.001
206.223,1.007
206.253,1.003
206.283,1.001
206.313,1.005
206.343,1.006
206.373,1.006
206.403,1.004
206.433,1.005
206.463,1.005
206.493,1.002
206.523,1.003
206.553,1.005
206.583,1.005
206.613,1.003
206.643,0.998
206.673,1.003
206.703,1.009
206.733,1.008
206.763,1.003
206.793,1.000
206.823,1.004
206.853,1.005
206.883,1.008
206.913,1.002
206.943,0.999
206.973,1.000
207.003,1.005
207.033,1.005
207.063,1.002
207.093,1.001
207.123,1.002
207.153,1.004
207.183,1.005
207.213,1.009
207.243,1.001
207.273,1.002
207.303,1.005
207.333,1.004
207.363,1.003
207.393,1.003
207.423,1.002
207.453,1.005
207.483,1.004
207.513,1.007
207.543,1.006
207.573,1.000
207.603,1.002
207.633,1.003
207.663,1.003
207.693,1.004
207.723,1.000
207.753,1.000
207.783,1.006
207.813,1.010
207.843,1.003
207.873,1.002
207.903,1.002
207.933,1.002
207.963,1.004
207.993,1.006
208.023,1.002
208.053,1.004
208.083,1.002
208.113,1.003
208.143,1.006
208.173,1.001
208.203,1.000
208.233,1.001
208.263,1.008
208.293,1.009
208.323,1.005
208.353,1.000
208.383,1.002
208.413,1.005
208.443,1.007
208.473,1.003
208.503,1.000
208.533,0.993
208.563,1.006
208.593,1.008
208.623,1.003
208.653,1.001
208.683,1.002
208.713,1.003
208.743,1.003
208.773,0.999
208.803,1.001
208.833,1.002
208.863,1.005
208.893,1.005
208.923,1.003
208.953,1.001
208.983,1.006
209.013,1.006
209.043,1.004
209.073,1.004
209.103,1.001
209.133,1.000
209.163,1.004
209.193,1.005
209.223,1.005
209.253,1.003
209.283,0.995
209.313,1.004
209.343,1.006
209.373,1.004
209.403,1.001
209.433,0.988
209.463,1.004
209.493,1.004
209.523,1.006
209.553,1.006
209.583,1.004
209.613,1.001
209.643,1.004
209.673,1.003
209.703,1.002
209.733,1.003
209.763,1.007
209.793,1.005
209.823,1.000
209.853,0.996
209.883,1.003
209.913,1.007
209.943,1.002
209.973,1.000
210.003,1.000
210.033,1.005
210.063,1.005
210.093,1.001
210.123,0.999
210.153,1.003
210.183,1.004
210.213,1.004
210.243,1.002
210.273,1.004
210.303,1.002
210.333,1.001
210.363,1.006
210.393,1.000
210.423,1.000
210.453,1.002
210.483,1.008
210.513,1.004
210.543,0.998
210.573,1.004
210.603,1.006
210.633,1.006
210.663,1.003
210.693,0.999
210.723,1.002
210.753,1.006
210.783,1.003
210.813,0.998
210.843,1.001
210.873,1.001
210.903,1.006
210.933,1.003
210.963,1.003
210.993,1.004
211.023,1.005
211.053,1.002
211.083,1.006
211.113,1.000
211.143,1.001
211.173,1.001
211.203,1.006
211.233,1.006
211.263,0.999
211.293,1.003
211.323,1.004
211.353,1.008
211.383,1.006
211.413,1.001
211.443,1.000
211.473,1.002
211.503,1.007
211.533,1.001
211.563,1.000
211.593,1.002
211.623,1.004
211.653,1.005
211.683,1.003
211.713,1.004
211.743,1.001
211.773,1.004
211.803,1.002
211.833,1.005
211.863,1.002
211.893,1.005
211.923,1.002
211.953,1.002
211.983,1.005
212.013,1.006
212.043,1.004
212.073,0.999
212.103,1.001
212.133,1.005
212.163,1.004
212.193,1.002
212.223,1.000
212.253,1.000
212.283,1.005
212.313,1.006
212.343,1.001
212.373,0.999
212.403,1.003
212.433,1.004
212.463,1.002
212.493,1.004
212.523,1.004
212.553,1.002
212.583,1.003
212.613,1.006
212.643,1.005
212.673,1.002
212.703,1.001
212.733,0.998
212.763,1.004
212.793,1.005
212.823,1.007
212.853,1.003
212.883,1.000
212.913,1.001
212.943,1.003
212.973,1.007
213.003,0.999
213.033,0.999
213.063,0.999
213.093,1.003
213.123,1.006
213.153,1.001
213.183,1.001
213.213,1.003
213.243,1.002
213.273,1.002
213.303,1.007
213.333,1.003
213.363,1.002
213.393,1.006
213.423,1.002
213.453,1.006
213.483,1.001
213.513,1.004
213.543,1.002
213.573,1.006
213.603,1.001
213.633,0.999
213.663,1.002
213.693,1.005
213.723,1.002
213.753,1.007
213.783,1.001
213.813,0.998
213.843,1.004
213.873,1.005
213.903,1.000
213.933,1.000
213.963,1.002
213.993,1.003
214.023,1.002
214.053,1.004
214.083,1.005
214.113,1.002
214.143,1.003
214.173,1.003
214.203,1.008
214.233,1.002
214.263,1.000
214.293,0.999
214.323,1.003
214.353,1.005
214.383,1.003
214.413,1.000
214.443,0.999
214.473,1.004
214.503,1.005
214.533,1.004
214.563,1.001
214.593,0.997
214.623,1.002
214.653,1.007
214.683,1.001
214.713,1.002
214.743,1.001
214.773,1.005
214.803,1.002
214.833,1.001
214.863,1.002
214.893,1.002
214.923,1.006
214.953,1.001
214.983,1.004
215.013,1.006
215.043,1.004
215.073,1.000
215.103,1.003
215.133,1.007
215.163,1.008
215.193,1.001
215.223,1.000
215.253,1.002
215.283,1.007
215.313,1.002
215.343,1.002
215.373,1.003
215.403,1.000
215.433,1.009
215.463,1.004
215.493,0.998
215.523,1.001
215.553,1.003
215.583,1.003
215.613,1.002
215.643,1.004
215.673,1.003
215.703,1.005
215.733,1.004
215.763,1.001
215.793,1.000
215.823,1.001
215.853,1.004
215.883,1.010
215.913,1.007
215.943,1.000
215.973,0.999
216.003,1.002
216.033,1.008
216.063,1.007
216.093,1.004
216.123,1.000
216.153,1.002
216.183,1.009
216.213,1.002
216.243,1.000
216.273,1.001
216.303,1.004
216.333,1.003
216.363,1.006
216.393,1.004
216.423,1.004
216.453,1.003
216.483,1.004
216.513,1.001
216.543,1.003
216.573,0.999
216.603,1.003
216.633,1.004
216.663,1.006
216.693,1.002
216.723,0.998
216.753,1.000
216.783,1.006
216.813,1.000
216.843,1.002
216.873,1.004
216.903,1.002
216.933,1.009
216.963,1.005
216.993,1.003
217.023,1.001
217.053,1.001
217.083,1.003
217.113,1.007
217.143,1.003
217.173,1.003
217.203,1.002
217.233,1.004
217.263,1.002
217.293,1.002
217.323,1.001
217.353,1.000
217.383,1.007
217.413,1.005
217.443,1.006
217.473,1.003
217.503,1.000
217.533,1.001
217.563,1.004
217.593,1.003
217.623,1.002
217.653,1.000
217.683,1.001
217.713,1.006
217.743,1.006
217.773,1.001
217.803,1.002
217.833,1.003
217.863,1.003
217.893,1.005
217.923,1.005
217.953,0.998
217.983,1.000
218.013,1.003
218.043,1.002
218.073,1.004
218.103,1.001
218.133,1.001
218.163,1.004
218.193,1.005
218.223,1.005
218.253,1.009
218.283,1.003
218.313,0.996
218.343,0.997
218.373,1.007
218.403,1.005
218.433,1.002
218.463,1.001
218.493,1.001
218.523,1.004
218.553,1.003
218.583,1.005
218.613,1.004
218.643,1.004
218.673,1.003
218.703,1.003
218.733,1.004
218.763,1.005
218.793,1.003
218.823,1.004
218.853,1.001
218.883,0.997
218.913,1.001
218.943,1.002
218.973,1.006
219.003,1.009
219.033,1.003
219.063,0.995
219.093,1.003
219.123,1.011
219.153,1.006
219.183,1.000
219.213,0.999
219.243,1.002
219.273,1.009
219.303,1.000
219.333,1.002
219.363,1.001
219.393,1.006
219.423,1.003
219.453,1.006
219.483,1.004
219.513,1.001
219.543,1.000
219.573,1.003
219.603,1.002
219.633,0.998
219.663,1.003
219.693,1.005
219.723,1.010
219.753,1.002
219.783,0.999
219.813,1.000
219.843,1.005
219.873,1.004
219.903,0.999
219.933,1.001
219.963,1.001
219.993,1.006
220.023,1.004
220.053,1.002
220.083,1.003
220.113,1.004
220.143,1.003
220.173,1.005
220.203,1.006
220.233,1.004
220.263,1.003
220.293,1.006
220.323,1.002
220.353,0.999
220.383,0.998
220.413,1.002
220.443,1.006
220.473,1.010
220.503,0.997
220.533,1.000
220.563,1.003
220.593,1.007
220.623,1.003
220.653,0.999
220.683,0.997
220.713,1.002
220.743,1.006
220.773,1.002
220.803,1.003
220.833,1.002
220.863,1.006
220.893,1.006
220.923,1.005
220.953,1.000
220.983,1.001
221.013,1.004
221.043,1.002
221.073,1.000
221.103,0.996
221.133,1.002
221.163,1.003
221.193,1.008
221.223,1.005
221.253,0.998
221.283,1.000
221.313,1.005
221.343,1.005
221.373,1.003
221.403,0.997
221.433,0.997
221.463,1.007
221.493,1.005
221.523,1.001
221.553,1.001
221.583,1.003
221.613,1.007
221.643,1.006
221.673,1.003
221.703,1.002
221.733,1.004
221.763,1.005
221.793,1.000
221.823,0.998
221.853,1.002
221.883,1.007
221.913,1.006
221.943,1.002
221.973,1.000
222.003,1.006
222.033,1.007
222.063,1.001
222.093,1.000
222.123,1.001
222.153,0.999
222.183,1.006
222.213,1.005
222.243,1.000
222.273,1.003
222.303,1.005
222.333,1.001
222.363,1.004
222.393,1.004
222.423,1.001
222.453,1.004
222.483,1.002
222.513,1.001
222.543,1.002
222.573,1.001
222.603,1.004
222.633,1.009
222.663,1.000
222.693,0.999
222.723,1.005
222.753,1.009
222.783,1.001
222.813,1.002
222.843,0.995
222.873,1.007
222.903,1.004
222.933,1.002
222.963,1.000
222.993,1.003
223.023,1.002
223.053,1.002
223.083,1.003
223.113,1.003
223.143,0.999
223.173,1.004
223.203,1.001
223.233,1.005
223.263,0.998
223.293,1.000
223.323,1.001
223.353,1.008
223.383,1.004
223.413,0.996
223.443,1.000
223.473,1.008
223.503,1.002
223.533,1.004
223.563,1.000
223.593,0.998
223.623,1.007
223.653,1.008
223.683,1.003
223.713,0.999
223.743,1.003
223.773,1.002
223.803,1.004
223.833,1.005
223.863,1.003
223.893,1.001
223.923,1.006
223.953,1.003
223.983,1.004
224.013,1.000
224.043,1.005
224.073,1.004
224.103,1.005
224.133,1.005
224.163,1.008
224.193,1.003
224.223,0.996
224.253,1.002
224.283,1.006
224.313,1.003
224.343,0.999
224.373,1.001
224.403,1.001
224.433,1.008
224.463,1.005
224.493,1.002
224.523,1.002
224.553,1.003
224.583,1.003
224.613,1.004
224.643,1.003
224.673,1.002
224.703,1.001
224.733,1.003
224.763,1.005
224.793,1.002
224.823,0.997
224.853,1.000
224.883,1.004
224.913,1.003
224.943,1.004
224.973,1.004
225.003,1.000
225.033,0.998
225.063,1.005
225.093,1.003
225.123,1.004
225.153,0.998
225.183,1.001
225.213,1.004
225.243,1.006
225.273,0.998
225.303,0.999
225.333,1.005
225.363,1.009
225.393,1.002
225.423,1.005
225.453,1.004
225.483,1.002
225.513,1.003
225.543,1.000
225.573,1.004
225.603,1.000
225.633,1.000
225.663,1.004
225.693,1.009
225.723,1.002
225.753,0.999
225.783,1.000
225.813,1.003
225.843,1.006
225.873,0.996
225.903,1.003
225.933,0.998
225.963,1.005
225.993,1.004
226.023,1.003
226.053,1.003
226.083,1.000
226.113,1.004
226.143,1.006
226.173,1.003
226.203,1.003
226.233,1.003
226.263,1.003
226.293,1.004
226.323,1.003
226.353,1.003
226.383,1.000
226.413,1.000
226.443,1.004
226.473,1.005
226.503,1.005
226.533,0.998
226.563,1.000
226.593,1.006
226.623,1.003
226.653,1.000
226.683,0.999
226.713,0.997
226.743,1.005
226.773,1.007
226.803,1.004
226.833,0.999
226.863,1.003
226.893,1.005
226.923,1.001
226.953,1.002
226.983,1.005
227.013,1.002
227.043,1.002
227.073,1.001
227.103,1.003
227.133,1.003
227.163,1.002
227.193,1.003
227.223,1.005
227.253,1.003
227.283,1.007
227.313,1.002
227.343,1.000
227.373,1.002
227.403,1.006
227.433,1.004
227.463,1.001
227.493,1.002
227.523,1.002
227.553,1.006
227.583,1.008
227.613,1.003
227.643,0.999
227.673,1.003
227.703,1.004
227.733,1.005
227.763,1.003
227.793,1.004
227.823,1.001
227.853,1.002
227.883,1.002
227.913,1.002
227.943,1.002
227.973,1.000
228.003,1.002
228.033,1.002
228.063,1.011
228.093,1.005
228.123,1.000
228.153,0.997
228.183,1.004
228.213,1.005
228.243,1.001
228.273,1.001
228.303,0.995
228.333,1.002
228.363,1.006
228.393,1.002
228.423,1.001
228.453,1.002
228.483,1.004
228.513,1.005
228.543,1.004
228.573,1.002
228.603,1.002
228.633,1.004
228.663,1.003
228.693,1.003
228.723,1.005
228.753,1.006
228.783,1.009
228.813,1.009
228.843,1.008
228.873,0.999
228.903,0.998
228.933,1.003
228.963,1.003
228.993,1.003
229.023,0.997
229.053,0.998
229.083,1.000
229.113,1.006
229.143,1.004
229.173,1.004
229.203,1.008
229.233,1.000
229.263,1.002
229.293,1.005
229.323,1.007
229.353,1.002
229.383,1.004
229.413,1.001
229.443,1.002
229.473,1.003
229.503,1.004
229.533,1.001
229.563,1.003
229.593,1.010
229.623,1.005
229.653,1.005
229.683,1.007
229.713,1.007
229.743,1.002
229.773,1.003
229.803,1.004
229.833,1.003
229.863,1.008
229.893,1.002
229.923,1.000
229.953,1.004
229.983,1.006
230.013,1.006
230.043,1.005
230.073,1.006
230.103,1.002
230.133,1.004
230.163,1.004
230.193,1.004
230.223,1.003
230.253,1.006
230.283,1.006
230.313,1.004
230.343,1.006
230.373,1.002
230.403,1.006
230.433,1.008
230.463,1.008
230.493,1.005
230.523,1.000
230.553,1.005
230.583,1.008
230.613,1.005
230.643,1.001
230.673,1.005
230.703,1.004
230.733,1.006
230.763,1.004
230.793,1.009
230.823,1.010
230.853,1.008
230.883,1.002
230.913,1.000
230.943,1.004
230.973,1.005
231.003,1.006
231.033,1.004
231.063,1.003
231.093,1.001
231.123,1.003
231.153,1.007
231.183,1.009
231.213,1.005
231.243,1.003
231.273,1.000
231.303,1.004
231.333,1.007
231.363,1.004
231.393,1.003
231.423,1.004
231.453,1.003
231.483,1.002
231.513,1.004
231.543,1.004
231.573,1.006
231.603,1.004
231.633,1.002
231.663,1.003
231.693,1.002
231.723,1.008
231.753,1.008
231.783,1.004
231.813,1.003
231.843,1.002
231.873,1.008
231.903,1.006
231.933,1.003
231.963,0.996
231.993,1.001
232.023,1.010
232.053,1.000
232.083,1.003
232.113,1.005
232.143,1.004
232.173,1.005
232.203,1.006
232.233,1.006
232.263,1.006
232.293,1.005
232.323,1.005
232.353,1.005
232.383,1.005
232.413,1.002
232.443,1.004
232.473,1.005
232.503,1.011
232.533,1.003
232.563,1.000
232.593,1.005
232.623,1.012
232.653,1.009
232.683,1.001
232.713,1.003
232.743,1.003
232.773,1.005
232.803,1.007
232.833,1.002
232.863,1.005
232.893,1.005
232.923,1.005
232.953,1.005
232.983,1.006
233.013,1.005
233.043,1.006
233.073,1.003
233.103,1.006
233.133,1.002
233.163,1.005
233.193,1.005
233.223,1.001
233.253,1.006
233.283,1.004
233.313,1.008
233.343,1.005
233.373,0.998
233.403,1.001
233.433,1.005
233.463,1.009
233.493,1.005
233.523,1.003
233.553,1.004
233.583,1.011
233.613,1.010
233.643,1.003
233.673,1.001
233.703,1.006
233.733,1.005
233.763,1.006
233.793,1.006
233.823,1.004
233.853,1.008
233.883,1.004
233.913,1.001
233.943,1.002
233.973,1.007
234.003,1.006
234.033,1.004
234.063,1.006
234.093,1.012
234.123,1.006
234.153,0.999
234.183,1.007
234.213,1.007
234.243,1.007
234.273,1.005
234.303,1.004
234.333,1.002
234.363,1.009
234.393,1.008
234.423,1.004
234.453,1.000
234.483,1.005
234.513,1.005
234.543,1.003
234.573,1.006
234.603,1.007
234.633,1.004
234.663,1.007
234.693,1.006
234.723,1.001
234.753,1.004
234.783,1.003
234.813,1.002
234.843,1.003
234.873,1.004
234.903,1.009
234.933,1.001
234.963,0.999
234.993,1.007
235.023,1.009
235.053,1.006
235.083,1.003
235.113,1.001
235.143,1.005
235.173,1.006
235.203,1.007
235.233,1.004
235.263,1.006
235.293,1.005
235.323,1.008
235.353,1.007
235.383,1.005
235.413,1.006
235.443,1.007
235.473,1.005
235.503,1.002
235.533,1.004
235.563,1.007
235.593,1.007
235.623,1.006
235.653,1.005
235.683,1.003
235.713,1.001
235.743,1.010
235.773,1.001
235.803,1.003
235.833,1.005
235.863,1.007
235.893,1.004
235.923,1.002
235.953,1.000
235.983,1.004
236.013,1.008
236.043,1.005
236.073,1.001
236.103,1.003
236.133,1.003
236.163,1.010
236.193,1.003
236.223,1.004
236.253,1.005
236.283,1.005
236.313,1.004
236.343,1.003
236.373,1.006
236.403,1.001
236.433,1.003
236.463,1.001
236.493,1.007
236.523,1.007
236.553,1.009
236.583,1.002
236.613,1.000
236.643,1.007
236.673,1.003
236.703,1.007
236.733,1.002
236.763,1.004
236.793,1.009
236.823,1.007
236.853,1.006
236.883,1.001
236.913,1.000
236.943,1.006
236.973,1.008
237.003,1.006
237.033,1.004
237.063,1.006
237.093,1.011
237.123,1.003
237.153,1.001
237.183,1.007
237.213,1.004
237.243,1.002
237.273,1.008
237.303,1.009
237.333,1.003
237.363,1.000
237.393,1.005
237.423,1.011
237.453,1.004
237.483,1.005
237.513,1.002
237.543,1.003
237.573,1.003
237.603,1.002
237.633,1.003
237.663,1.009
237.693,1.009
237.723,1.011
237.753,0.999
237.783,1.011
237.813,0.991
237.843,1.004
237.873,1.017
237.903,1.011
237.933,1.005
237.963,1.003
237.993,1.006
238.023,1.002
238.053,1.000
238.083,1.003
238.113,1.010
238.143,1.017
238.173,1.016
238.203,1.013
238.233,1.009
238.263,0.999
238.293,1.011
238.323,1.016
238.353,1.006
238.383,0.998
238.413,1.017
238.443,1.021
238.473,1.024
238.503,1.019
238.533,1.009
238.563,0.996
238.593,0.995
238.623,0.993
238.653,1.012
238.683,1.019
238.713,1.002
238.743,1.004
238.773,1.015
238.803,1.014
238.833,1.016
238.863,1.014
238.893,1.012
238.923,1.006
238.953,1.011
238.983,1.013
239.013,1.015
239.043,1.019
239.073,1.017
239.103,1.018
239.133,1.025
239.163,1.015
239.193,1.014
239.223,1.018
239.253,1.015
239.283,1.013
239.313,1.013
239.343,1.017
239.373,1.016
239.403,1.017
239.433,1.013
239.463,1.006
239.493,1.011
239.523,1.014
239.553,1.014
239.583,1.019
239.613,1.016
239.643,1.010
239.673,1.015
239.703,1.017
239.733,1.012
239.763,1.010
239.793,1.008
239.823,1.009
239.853,1.015
239.883,1.015
239.913,1.017
239.943,1.016
239.973,1.009
240.003,1.010
240.033,1.012
240.063,1.016
240.093,1.017
240.123,1.016
240.153,1.016
240.183,1.014
240.213,1.014
240.243,1.014
240.273,1.022
240.303,1.016
240.333,1.009
240.363,1.014
240.393,1.013
240.423,1.018
240.453,1.015
240.483,1.013
240.513,1.020
240.543,1.015
240.573,1.015
240.603,1.019
240.633,1.013
240.663,1.011
240.693,1.016
240.723,1.018
240.753,1.018
240.783,1.013
240.813,1.005
240.843,1.014
240.873,1.019
240.903,1.018
240.933,1.016
240.963,1.017
240.993,1.011
241.023,1.013
241.053,1.021
241.083,1.014
241.113,1.016
241.143,1.014
241.173,1.019
241.203,1.015
241.233,1.013
241.263,1.015
241.293,1.021
241.323,1.012
241.353,1.010
241.383,1.012
241.413,1.017
241.443,1.014
241.473,1.017
241.503,1.013
241.533,1.011
241.563,1.014
241.593,1.019
241.623,1.019
241.653,1.011
241.683,1.010
241.713,1.015
241.743,1.016
241.773,1.013
241.803,1.011
241.833,1.016
241.863,1.015
241.893,1.016
241.923,1.016
241.953,1.012
241.983,1.013
242.013,1.020
242.043,1.015
242.073,1.007
242.103,1.016
242.133,1.015
242.163,1.019
242.193,1.009
242.223,1.015
242.253,1.020
242.283,1.020
242.313,1.015
242.343,1.013
242.373,1.014
242.403,1.019
242.433,1.017
242.463,1.016
242.493,1.016
242.523,1.014
242.553,1.020
242.583,1.019
242.613,1.014
242.643,1.015
242.673,1.019
242.703,1.019
242.733,1.017
242.763,1.017
242.793,1.021
242.823,1.021
242.853,1.017
242.883,1.021
242.913,1.025
242.943,1.018
242.973,1.013
243.003,1.017
243.033,1.015
243.063,1.016
243.093,1.016
243.123,1.021
243.153,1.019
243.183,1.022
243.213,1.023
243.243,1.018
243.273,1.020
243.303,1.015
243.333,1.017
243.363,1.019
243.393,1.017
243.423,1.012
243.453,1.015
243.483,1.020
243.513,1.024
243.543,1.023
243.573,1.020
243.603,1.018
243.633,1.029
243.663,1.024
243.693,1.016
243.723,1.016
243.753,1.020
243.783,1.013
243.813,1.015
243.843,1.017
243.873,1.021
243.903,1.023
243.933,1.019
243.963,1.027
243.993,1.029
244.023,1.024
244.053,1.022
244.083,1.022
244.113,1.027
244.143,1.023
244.173,1.023
244.203,1.026
244.233,1.021
244.263,1.021
244.293,1.030
244.323,1.023
244.353,1.029
244.383,1.037
244.413,1.023
244.443,1.011
244.473,1.020
244.503,1.021
244.533,1.023
244.563,1.023
244.593,0.979
244.623,1.017
244.653,1.098
244.683,1.103
244.713,1.042
244.743,0.967
244.773,0.942
244.803,1.028
244.833,1.083
244.863,1.043
244.893,1.041
244.923,1.040
244.953,1.032
244.983,1.010
245.013,1.012
245.043,1.027
245.073,1.022
245.103,1.018
245.133,1.016
245.163,1.036
245.193,1.031
245.223,1.017
245.253,1.018
245.283,1.022
245.313,1.007
245.343,1.025
245.373,1.020
245.403,1.032
245.433,1.040
245.463,1.025
245.493,1.026
245.523,1.030
245.553,1.027
245.583,1.011
245.613,1.002
245.643,1.034
245.673,1.048
245.703,1.065
245.733,1.070
245.763,1.067
245.793,1.072
245.823,1.025
245.853,0.845
245.883,0.943
245.913,1.062
245.943,1.112
245.973,1.062
246.003,1.033
246.033,1.025
246.063,1.008
246.093,1.021
246.123,1.034
246.153,1.003
246.183,0.993
246.213,1.022
246.243,1.028
246.273,1.021
246.303,1.025
246.333,1.021
246.363,1.011
246.393,1.030
246.423,1.031
246.453,1.022
246.483,1.022
246.513,1.024
246.543,1.027
246.573,1.030
246.603,1.031
246.633,1.019
246.663,1.021
246.693,1.021
246.723,1.022
246.753,1.026
246.783,1.031
246.813,1.027
246.843,1.025
246.873,1.021
246.903,1.022
246.933,1.031
246.963,1.023
246.993,1.027
247.023,1.031
247.053,1.025
247.083,1.018
247.113,1.024
247.143,1.028
247.173,1.026
247.203,1.034
247.233,1.042
247.263,1.030
247.293,1.037
247.323,1.023
247.353,1.030
247.383,1.043
247.413,1.035
247.443,1.021
247.473,1.048
247.503,1.034
247.533,1.031
247.563,1.024
247.593,1.053
247.623,0.998
247.653,1.012
247.683,1.026
247.713,1.002
247.743,1.010
247.773,1.008
247.803,1.034
247.833,1.058
247.863,1.042
247.893,1.028
247.923,1.045
247.953,1.039
247.983,1.062
248.013,1.070
248.043,1.036
248.073,1.039
248.103,1.012
248.133,0.975
248.163,0.962
248.193,0.974
248.223,0.983
248.253,1.008
248.283,1.031
248.313,1.057
248.343,1.067
248.373,1.058
248.403,1.043
248.433,1.035
248.463,1.040
248.493,1.020
248.523,1.030
248.553,1.039
248.583,1.036
248.613,1.043
248.643,1.035
248.673,1.050
248.703,1.040
248.733,1.014
248.763,1.011
248.793,1.034
248.823,1.038
248.853,1.024
248.883,1.028
248.913,1.035
248.943,1.030
248.973,1.033
249.003,1.035
249.033,1.039
249.063,1.036
249.093,1.035
249.123,1.027
249.153,1.018
249.183,1.024
249.213,1.039
249.243,1.034
249.273,1.030
249.303,1.035
249.333,1.032
249.363,1.034
249.393,1.033
249.423,1.031
249.453,1.030
249.483,1.036
249.513,1.031
249.543,1.027
249.573,1.028
249.603,1.019
249.633,1.036
249.663,1.047
249.693,1.046
249.723,1.039
249.753,1.031
249.783,1.024
249.813,1.025
249.843,1.021
249.873,1.020
249.903,1.030
249.933,1.020
249.963,1.024
249.993,1.019
250.023,1.011
250.053,1.036
250.083,1.048
250.113,1.049
250.143,1.047
250.173,1.048
250.203,1.044
250.233,1.038
250.263,1.027
250.293,1.017
250.323,1.027
250.353,1.031
250.383,1.040
250.413,1.048
250.443,1.046
250.473,1.040
250.503,1.034
250.533,1.022
250.563,1.033
250.593,1.036
250.623,1.035
250.653,1.035
250.683,1.034
250.713,1.027
250.743,1.027
250.773,1.034
250.803,1.034
250.833,1.034
250.863,1.036
250.893,1.033
250.923,1.028
250.953,1.030
250.983,1.038
251.013,1.033
251.043,1.028
251.073,1.035
251.103,1.031
251.133,1.033
251.163,1.033
251.193,1.038
251.223,1.034
251.253,1.035
251.283,1.035
251.313,1.034
251.343,1.036
251.373,1.033
251.403,1.029
251.433,1.032
251.463,1.036
251.493,1.039
251.523,1.033
251.553,1.033
251.583,1.038
251.613,1.036
251.643,1.028
251.673,1.038
251.703,1.038
251.733,1.032
251.763,1.031
251.793,1.034
251.823,1.034
251.853,1.035
251.883,1.036
251.913,1.040
251.943,1.034
251.973,1.036
252.003,1.034
252.033,1.038
252.063,1.037
252.093,1.032
252.123,1.032
252.153,1.032
252.183,1.037
252.213,1.034
252.243,1.026
252.273,1.034
252.303,1.035
252.333,1.035
252.363,1.036
252.393,1.034
252.423,1.034
252.453,1.025
252.483,1.010
252.513,1.022
252.543,1.014
252.573,1.058
252.603,1.072
252.633,1.055
252.663,1.050
252.693,1.034
252.723,1.017
252.753,1.014
252.783,1.018
252.813,1.009
252.843,1.024
252.873,1.051
252.903,1.045
252.933,1.041
252.963,1.041
252.993,1.031
253.023,1.022
253.053,1.027
253.083,1.034
253.113,1.023
253.143,1.028
253.173,1.031
253.203,1.033
253.233,1.040
253.263,1.029
253.293,1.016
253.323,1.035
253.353,1.040
253.383,1.041
253.413,1.043
253.443,1.040
253.473,1.053
253.503,1.037
253.533,1.041
253.563,1.040
253.593,1.041
253.623,1.045
253.653,1.041
253.683,1.039
253.713,1.041
253.743,1.039
253.773,1.027
253.803,1.023
253.833,1.031
253.863,1.038
253.893,1.038
253.923,1.040
253.953,1.041
253.983,1.035
254.013,1.034
254.043,1.034
254.073,1.042
254.103,1.048
254.133,1.037
254.163,1.032
254.193,1.040
254.223,1.032
254.253,1.026
254.283,1.029
254.313,1.028
254.343,1.037
254.373,1.041
254.403,1.030
254.433,1.021
254.463,1.032
254.493,1.043
254.523,1.026
254.553,1.036
254.583,1.036
254.613,1.048
254.643,1.045
254.673,1.033
254.703,1.035
254.733,1.033
254.763,1.043
254.793,1.035
254.823,1.030
254.853,1.037
254.883,1.046
254.913,1.039
254.943,1.030
254.973,1.043
255.003,1.048
255.033,1.036
255.063,1.042
255.093,1.041
255.123,1.039
255.153,1.045
255.183,1.043
255.213,1.045
255.243,1.043
255.273,1.042
255.303,1.035
255.333,1.043
255.363,1.041
255.393,1.038
255.423,1.044
255.453,1.051
255.483,1.046
255.513,1.036
255.543,1.048
255.573,1.044
255.603,1.043
255.633,1.046
255.663,1.048
255.693,1.049
255.723,1.047
255.753,1.048
255.783,1.038
255.813,1.039
255.843,1.049
255.873,1.048
255.903,1.046
255.933,1.043
255.963,1.052
255.993,1.047
256.023,1.052
256.053,1.043
256.083,1.055
256.113,1.072
256.143,1.071
256.173,1.060
256.203,1.060
256.233,1.064
256.263,1.051
256.293,1.046
256.323,1.072
256.353,1.056
256.383,1.040
256.413,1.056
256.443,1.059
256.473,1.042
256.503,1.027
256.533,1.027
256.563,1.047
256.593,1.048
256.623,1.047
256.653,1.038
256.683,1.040
256.713,1.034
256.743,1.022
256.773,1.027
256.803,1.030
256.833,1.057
256.863,1.033
256.893,1.035
256.923,1.057
256.953,1.041
256.983,1.033
257.013,1.025
257.043,1.051
257.073,1.018
257.103,1.017
257.133,1.024
257.163,1.032
257.193,1.045
257.223,1.046
257.253,1.035
257.283,1.045
257.313,1.052
257.343,1.041
257.373,1.033
257.403,1.042
257.433,1.038
257.463,1.038
257.493,1.031
257.523,1.058
257.553,1.047
257.583,1.048
257.613,1.054
257.643,1.064
257.673,1.047
257.703,1.048
257.733,1.046
257.763,1.060
257.793,1.047
257.823,1.049
257.853,1.060
257.883,1.048
257.913,1.043
257.943,1.052
257.973,1.043
258.003,1.046
258.033,1.048
258.063,1.046
258.093,1.055
258.123,1.055
258.153,1.047
258.183,1.051
258.213,1.053
258.243,1.050
258.273,1.056
258.303,1.044
258.333,1.047
258.363,1.050
258.393,1.043
258.423,1.058
258.453,1.047
258.483,1.049
258.513,1.052
258.543,1.048
258.573,1.046
258.603,1.047
258.633,1.050
258.663,1.055
258.693,1.051
258.723,1.042
258.753,1.048
258.783,1.055
258.813,1.048
258.843,1.054
258.873,1.047
258.903,1.038
258.933,1.052
258.963,1.056
258.993,1.052
259.023,1.045
259.053,1.050
259.083,1.040
259.113,1.048
259.143,1.047
259.173,1.049
259.203,1.050
259.233,1.049
259.263,1.051
259.293,1.050
259.323,1.050
259.353,1.052
259.383,1.051
259.413,1.051
259.443,1.047
259.473,1.055
259.503,1.052
259.533,1.045
259.563,1.047
259.593,1.050
259.623,1.049
259.653,1.054
259.683,1.051
259.713,1.045
259.743,1.061
259.773,1.050
259.803,1.051
259.833,1.045
259.863,1.049
259.893,1.059
259.923,1.045
259.953,1.058
259.983,1.051
260.013,1.046
260.043,1.050
260.073,1.049
260.103,1.047
260.133,1.049
260.163,1.051
260.193,1.052
260.223,1.053
260.253,1.048
260.283,1.055
260.313,1.052
260.343,1.048
260.373,1.053
260.403,1.048
260.433,1.051
260.463,1.055
260.493,1.050
260.523,1.059
260.553,1.045
260.583,1.045
260.613,1.056
260.643,1.063
260.673,1.048
260.703,1.049
260.733,1.053
260.763,1.056
260.793,1.055
260.823,1.061
260.853,1.061
260.883,1.070
260.913,1.061
260.943,1.054
260.973,1.049
261.003,1.039
261.033,1.036
261.063,1.031
261.093,1.048
261.123,1.067
261.153,1.062
261.183,1.067
261.213,1.050
261.243,1.048
261.273,1.037
261.303,1.041
261.333,1.060
261.363,1.053
261.393,1.037
261.423,1.015
261.453,1.057
261.483,1.050
261.513,1.052
261.543,1.046
261.573,1.047
261.603,1.052
261.633,1.050
261.663,1.048
261.693,1.047
261.723,1.047
261.753,1.040
261.783,1.050
261.813,1.056
261.843,1.056
261.873,1.044
261.903,1.060
261.933,1.054
261.963,1.050
261.993,1.048
262.023,1.047
262.053,1.048
262.083,1.042
262.113,1.042
262.143,1.059
262.173,1.054
262.203,1.047
262.233,1.058
262.263,1.053
262.293,1.056
262.323,1.063
262.353,1.057
262.383,1.052
262.413,1.060
262.443,1.057
262.473,1.055
262.503,1.050
262.533,1.049
262.563,1.050
262.593,1.055
262.623,1.052
262.653,1.049
262.683,1.050
262.713,1.058
262.743,1.059
262.773,1.059
262.803,1.054
262.833,1.052
262.863,1.052
262.893,1.054
262.923,1.058
262.953,1.068
262.983,1.055
263.013,1.055
263.043,1.055
263.073,1.047
263.103,1.059
263.133,1.055
263.163,1.055
263.193,1.052
263.223,1.051
263.253,1.056
263.283,1.057
263.313,1.053
263.343,1.052
263.373,1.054
263.403,1.055
263.433,1.051
263.463,1.055
263.493,1.056
263.523,1.061
263.553,1.052
263.583,1.049
263.613,1.060
263.643,1.052
263.673,1.049
263.703,1.059
263.733,1.049
263.763,1.060
263.793,1.060
263.823,1.054
263.853,1.048
263.883,1.060
263.913,1.060
263.943,1.052
263.973,1.057
264.003,1.053
264.033,1.056
264.063,1.048
264.093,1.055
264.123,1.055
264.153,1.059
264.183,1.055
264.213,1.054
264.243,1.054
264.273,1.050
264.303,1.049
264.333,1.059
264.363,1.053
264.393,1.060
264.423,1.057
264.453,1.053
264.483,1.054
264.513,1.056
264.543,1.058
264.573,1.052
264.603,1.055
264.633,1.057
264.663,1.059
264.693,1.051
264.723,1.053
264.753,1.058
264.783,1.062
264.813,1.056
264.843,1.054
264.873,1.054
264.903,1.058
264.933,1.056
264.963,1.054
264.993,1.054
265.023,1.053
265.053,1.054
265.083,1.055
265.113,1.053
265.143,1.060
265.173,1.055
265.203,1.059
265.233,1.055
265.263,1.056
265.293,1.055
265.323,1.056
265.353,1.052
265.383,1.058
265.413,1.058
265.443,1.056
265.473,1.054
265.503,1.049
265.533,1.058
265.563,1.060
265.593,1.052
265.623,1.058
265.653,1.059
265.683,1.056
265.713,1.054
265.743,1.059
265.773,1.051
265.803,1.060
265.833,1.056
265.863,1.054
265.893,1.058
265.923,1.058
265.953,1.054
265.983,1.061
266.013,1.058
266.043,1.057
266.073,1.059
266.103,1.058
266.133,1.057
266.163,1.054
266.193,1.056
266.223,1.052
266.253,1.053
266.283,1.059
266.313,1.053
266.343,1.057
266.373,1.056
266.403,1.054
266.433,1.057
266.463,1.056
266.493,1.051
266.523,1.058
266.553,1.054
266.583,1.051
266.613,1.053
266.643,1.062
266.673,1.051
266.703,1.060
266.733,1.057
266.763,1.062
266.793,1.055
266.823,1.057
266.853,1.055
266.883,1.058
266.913,1.059
266.943,1.053
266.973,1.058
267.003,1.056
267.033,1.051
267.063,1.053
267.093,1.058
267.123,1.060
267.153,1.058
267.183,1.054
267.213,1.056
267.243,1.055
267.273,1.061
267.303,1.053
267.333,1.049
267.363,1.056
267.393,1.055
267.423,1.048
267.453,1.061
267.483,1.053
267.513,1.050
267.543,1.046
267.573,1.040
267.603,1.046
267.633,1.031
267.663,1.030
267.693,1.052
267.723,1.052
267.753,1.071
267.783,1.069
267.813,1.061
267.843,1.071
267.873,1.065
267.903,1.063
267.933,1.069
267.963,1.056
267.993,1.077
268.023,1.067
268.053,1.067
268.083,1.065
268.113,1.061
268.143,1.075
268.173,1.066
268.203,1.062
268.233,1.071
268.263,1.067
268.293,1.067
268.323,1.067
268.353,1.072
268.383,1.074
268.413,1.076
268.443,1.077
268.473,1.079
268.503,1.071
268.533,1.070
268.563,1.066
268.593,1.062
268.623,1.068
268.653,1.066
268.683,1.063
268.713,1.064
268.743,1.067
268.773,1.067
268.803,1.071
268.833,1.066
268.863,1.069
268.893,1.070
268.923,1.066
268.953,1.065
268.983,1.063
269.013,1.069
269.043,1.070
269.073,1.066
269.103,1.067
269.133,1.063
269.163,1.069
269.193,1.069
269.223,1.068
269.253,1.067
269.283,1.068
269.313,1.062
269.343,1.075
269.373,1.073
269.403,1.068
269.433,1.066
269.463,1.063
269.493,1.068
269.523,1.067
269.553,1.071
269.583,1.069
269.613,1.071
269.643,1.069
269.673,1.073
269.703,1.068
269.733,1.066
269.763,1.071
269.793,1.068
269.823,1.067
269.853,1.072
269.883,1.066
269.913,1.070
269.943,1.070
269.973,1.069
270.003,1.064
270.033,1.065
270.063,1.067
270.093,1.067
270.123,1.074
270.153,1.070
270.183,1.067
270.213,1.071
270.243,1.071
270.273,1.068
270.303,1.071
270.333,1.064
270.363,1.069
270.393,1.070
270.423,1.065
270.453,1.066
270.483,1.064
270.513,1.068
270.543,1.066
270.573,1.068
270.603,1.071
270.633,1.064
270.663,1.071
270.693,1.067
270.723,1.065
270.753,1.068
270.783,1.064
270.813,1.069
270.843,1.066
270.873,1.068
270.903,1.067
270.933,1.068
270.963,1.068
270.993,1.067
271.023,1.067
271.053,1.068
271.083,1.069
271.113,1.069
271.143,1.067
271.173,1.068
271.203,1.066
271.233,1.069
271.263,1.068
271.293,1.071
271.323,1.065
271.353,1.068
271.383,1.069
271.413,1.068
271.443,1.068
271.473,1.067
271.503,1.071
271.533,1.068
271.563,1.062
271.593,1.067
271.623,1.066
271.653,1.068
271.683,1.066
271.713,1.066
271.743,1.071
271.773,1.071
271.803,1.068
271.833,1.071
271.863,1.069
271.893,1.078
271.923,1.065
271.953,1.066
271.983,1.064
272.013,1.069
272.043,1.068
272.073,1.063
272.103,1.068
272.133,1.073
272.163,1.065
272.193,1.070
272.223,1.073
272.253,1.065
272.283,1.068
272.313,1.068
272.343,1.067
272.373,1.066
272.403,1.065
272.433,1.069
272.463,1.067
272.493,1.068
272.523,1.064
272.553,1.071
272.583,1.067
272.613,1.071
272.643,1.072
272.673,1.063
272.703,1.063
272.733,1.061
272.763,1.063
272.793,1.066
272.823,1.063
272.853,1.062
272.883,1.055
272.913,1.061
272.943,1.051
272.973,1.056
273.003,1.059
273.033,1.062
273.063,1.068
273.093,1.053
273.123,1.043
273.153,1.044
273.183,1.052
273.213,1.062
273.243,1.051
273.273,1.053
273.303,1.080
273.333,1.058
273.363,1.071
273.393,1.090
273.423,1.072
273.453,1.076
273.483,1.083
273.513,1.067
273.543,1.084
273.573,1.094
273.603,1.062
273.633,1.080
273.663,1.087
273.693,1.071
273.723,1.071
273.753,1.068
273.783,1.078
273.813,1.083
273.843,1.085
273.873,1.094
273.903,1.093
273.933,1.088
273.963,1.080
273.993,1.080
274.023,1.077
274.053,1.079
274.083,1.076
274.113,1.074
274.143,1.086
274.173,1.069
274.203,1.072
274.233,1.075
274.263,1.073
274.293,1.072
274.323,1.078
274.353,1.073
274.383,1.068
274.413,1.072
274.443,1.077
274.473,1.082
274.503,1.080
274.533,1.077
274.563,1.074
274.593,1.077
274.623,1.070
274.653,1.072
274.683,1.078
274.713,1.068
274.743,1.074
274.773,1.077
274.803,1.073
274.833,1.078
274.863,1.077
274.893,1.070
274.923,1.077
274.953,1.076
274.983,1.070
275.013,1.082
275.043,1.080
275.073,1.071
275.103,1.079
275.133,1.071
275.163,1.078
275.193,1.073
275.223,1.075
275.253,1.080
275.283,1.076
275.313,1.079
275.343,1.075
275.373,1.073
275.403,1.074
275.433,1.073
275.463,1.076
275.493,1.076
275.523,1.073
275.553,1.077
275.583,1.074
275.613,1.073
275.643,1.085
275.673,1.075
275.703,1.075
275.733,1.079
275.763,1.075
275.793,1.068
275.823,1.075
275.853,1.076
275.883,1.074
275.913,1.080
275.943,1.079
275.973,1.070
276.003,1.077
276.033,1.074
276.063,1.070
276.093,1.081
276.123,1.071
276.153,1.073
276.183,1.074
276.213,1.068
276.243,1.075
276.273,1.078
276.303,1.075
276.333,1.083
276.363,1.069
276.393,1.073
276.423,1.076
276.453,1.074
276.483,1.078
276.513,1.074
276.543,1.071
276.573,1.080
276.603,1.075
276.633,1.073
276.663,1.077
276.693,1.075
276.723,1.072
276.753,1.082
276.783,1.063
276.813,1.071
276.843,1.082
276.873,1.076
276.903,1.075
276.933,1.081
276.963,1.072
276.993,1.079
277.023,1.081
277.053,1.082
277.083,1.091
277.113,1.079
277.143,1.093
277.173,1.091
277.203,1.079
277.233,1.079
277.263,1.073
277.293,1.071
277.323,1.059
277.353,1.081
277.383,1.088
277.413,1.075
277.443,1.073
277.473,1.088
277.503,1.092
277.533,1.083
277.563,1.112
277.593,1.097
277.623,1.082
277.653,1.094
277.683,1.091
277.713,1.090
277.743,1.073
277.773,1.055
277.803,1.048
277.833,1.041
277.863,1.039
277.893,1.043
277.923,1.035
277.953,1.062
277.983,1.063
278.013,1.065
278.043,1.066
278.073,1.083
278.103,1.063
278.133,1.052
278.163,1.064
278.193,1.054
278.223,1.045
278.253,1.047
278.283,1.051
278.313,1.038
278.343,1.027
278.373,1.047
278.403,1.052
278.433,1.052
278.463,1.062
278.493,1.092
278.523,1.088
278.553,1.087
278.583,1.081
278.613,1.073
278.643,1.094
278.673,1.080
278.703,1.072
278.733,1.076
278.763,1.078
278.793,1.079
278.823,1.067
278.853,1.067
278.883,1.078
278.913,1.071
278.943,1.079
278.973,1.078
279.003,1.069
279.033,1.077
279.063,1.077
279.093,1.076
279.123,1.081
279.153,1.070
279.183,1.067
279.213,1.076
279.243,1.077
279.273,1.072
279.303,1.072
279.333,1.075
279.363,1.068
279.393,1.073
279.423,1.071
279.453,1.077
279.483,1.072
279.513,1.070
279.543,1.077
279.573,1.071
279.603,1.072
279.633,1.074
279.663,1.073
279.693,1.074
279.723,1.076
279.753,1.071
279.783,1.071
279.813,1.082
279.843,1.078
279.873,1.069
279.903,1.073
279.933,1.077
279.963,1.075
279.993,1.074
280.023,1.068
280.053,1.067
280.083,1.072
280.113,1.078
280.143,1.074
280.173,1.070
280.203,1.076
280.233,1.070
280.263,1.073
280.293,1.079
280.323,1.073
280.353,1.073
280.383,1.073
280.413,1.069
280.443,1.072
280.473,1.078
280.503,1.079
280.533,1.072
280.563,1.075
280.593,1.076
280.623,1.075
280.653,1.075
280.683,1.073
280.713,1.075
280.743,1.077
280.773,1.076
280.803,1.075
280.833,1.077
280.863,1.076
280.893,1.068
280.923,1.071
280.953,1.074
280.983,1.068
281.013,1.074
281.043,1.069
281.073,1.074
281.103,1.080
281.133,1.079
281.163,1.077
281.193,1.071
281.223,1.079
281.253,1.073
281.283,1.072
281.313,1.066
281.343,1.073
281.373,1.078
281.403,1.077
281.433,1.074
281.463,1.072
281.493,1.080
281.523,1.075
281.553,1.074
281.583,1.074
281.613,1.072
281.643,1.071
281.673,1.068
281.703,1.074
281.733,1.072
281.763,1.069
281.793,1.070
281.823,1.076
281.853,1.079
281.883,1.076
281.913,1.069
281.943,1.070
281.973,1.079
282.003,1.076
282.033,1.074
282.063,1.070
282.093,1.077
282.123,1.081
282.153,1.084
282.183,1.083
282.213,1.081
282.243,1.082
282.273,1.085
282.303,1.082
282.333,1.078
282.363,1.085
282.393,1.083
282.423,1.076
282.453,1.077
282.483,1.078
282.513,1.081
282.543,1.084
282.573,1.080
282.603,1.080
282.633,1.078
282.663,1.080
282.693,1.079
282.723,1.082
282.753,1.075
282.783,1.083
282.813,1.076
282.843,1.077
282.873,1.082
282.903,1.071
282.933,1.077
282.963,1.087
282.993,1.083
283.023,1.079
283.053,1.074
283.083,1.073
283.113,1.076
283.143,1.077
283.173,1.078
283.203,1.076
283.233,1.077
283.263,1.081
283.293,1.079
283.323,1.079
283.353,1.078
283.383,1.074
283.413,1.074
283.443,1.076
283.473,1.074
283.503,1.077
283.533,1.071
283.563,1.069
283.593,1.072
283.623,1.076
283.653,1.080
283.683,1.074
283.713,1.083
283.743,1.082
283.773,1.076
283.803,1.077
283.833,1.083
283.863,1.078
283.893,1.082
283.923,1.085
283.953,1.077
283.983,1.082
284.013,1.077
284.043,1.078
284.073,1.076
284.103,1.073
284.133,1.067
284.163,1.076
284.193,1.077
284.223,1.081
284.253,1.082
284.283,1.079
284.313,1.081
284.343,1.085
284.373,1.079
284.403,1.080
284.433,1.078
284.463,1.081
284.493,1.079
284.523,1.072
284.553,1.077
284.583,1.072
284.613,1.084
284.643,1.082
284.673,1.081
284.703,1.078
284.733,1.075
284.763,1.077
284.793,1.079
284.823,1.080
284.853,1.074
284.883,1.077
284.913,1.081
284.943,1.082
284.973,1.087
285.003,1.088
285.033,1.083
285.063,1.083
285.093,1.087
285.123,1.092
285.153,1.080
285.183,1.078
285.213,1.083
285.243,1.090
285.273,1.092
285.303,1.101
285.333,1.098
285.363,1.092
285.393,1.072
285.423,1.082
285.453,1.085
285.483,1.078
285.513,1.089
285.543,1.083
285.573,1.075
285.603,1.082
285.633,1.088
285.663,1.073
285.693,1.065
285.723,1.074
285.753,1.063
285.783,1.067
285.813,1.074
285.843,1.078
285.873,1.091
285.903,1.098
285.933,1.087
285.963,1.083
285.993,1.084
286.023,1.067
286.053,1.071
286.083,1.061
286.113,1.068
286.143,1.058
286.173,1.058
286.203,1.050
286.233,1.039
286.263,1.075
286.293,1.065
286.323,1.059
286.353,1.053
286.383,1.060
286.413,1.076
286.443,1.055
286.473,1.056
286.503,1.066
286.533,1.061
286.563,1.059
286.593,1.062
286.623,1.069
286.653,1.076
286.683,1.068
286.713,1.064
286.743,1.078
286.773,1.075
286.803,1.083
286.833,1.076
286.863,1.075
286.893,1.074
286.923,1.070
286.953,1.066
286.983,1.079
287.013,1.076
287.043,1.070
287.073,1.071
287.103,1.074
287.133,1.076
287.163,1.071
287.193,1.072
287.223,1.069
287.253,1.082
287.283,1.071
287.313,1.073
287.343,1.068
287.373,1.072
287.403,1.070
287.433,1.071
287.463,1.068
287.493,1.075
287.523,1.078
287.553,1.070
287.583,1.072
287.613,1.077
287.643,1.073
287.673,1.079
287.703,1.093
287.733,1.085
287.763,1.075
287.793,1.073
287.823,1.061
287.853,1.077
287.883,1.070
287.913,1.073
287.943,1.081
287.973,1.086
288.003,1.079
288.033,1.079
288.063,1.075
288.093,1.070
288.123,1.077
288.153,1.073
288.183,1.082
288.213,1.077
288.243,1.078
288.273,1.078
288.303,1.075
288.333,1.072
288.363,1.073
288.393,1.071
288.423,1.067
288.453,1.072
288.483,1.060
288.513,1.069
288.543,1.075
288.573,1.066
288.603,1.064
288.633,1.067
288.663,1.061
288.693,1.069
288.723,1.058
288.753,1.070
288.783,1.074
288.813,1.063
288.843,1.063
288.873,1.068
288.903,1.062
288.933,1.066
288.963,1.068
288.993,1.061
289.023,1.062
289.053,1.067
289.083,1.062
289.113,1.064
289.143,1.075
289.173,1.069
289.203,1.062
289.233,1.067
289.263,1.073
289.293,1.067
289.323,1.060
289.353,1.060
289.383,1.073
289.413,1.058
289.443,1.056
289.473,1.062
289.503,1.056
289.533,1.057
289.563,1.048
289.593,1.044
289.623,1.048
289.653,1.040
289.683,1.061
289.713,1.052
289.743,1.033
289.773,1.038
289.803,1.042
289.833,1.038
289.863,1.052
289.893,1.043
289.923,1.057
289.953,1.066
289.983,1.063
290.013,1.074
290.043,1.061
290.073,1.064
290.103,1.080
290.133,1.070
290.163,1.062
290.193,1.067
290.223,1.060
290.253,1.062
290.283,1.070
290.313,1.068
290.343,1.055
290.373,1.065
290.403,1.062
290.433,1.056
290.463,1.061
290.493,1.070
290.523,1.074
290.553,1.060
290.583,1.058
290.613,1.068
290.643,1.062
290.673,1.064
290.703,1.061
290.733,1.066
290.763,1.068
290.793,1.062
290.823,1.062
290.853,1.063
290.883,1.063
290.913,1.061
290.943,1.063
290.973,1.064
291.003,1.062
291.033,1.058
291.063,1.059
291.093,1.059
291.123,1.064
291.153,1.063
291.183,1.062
291.213,1.067
291.243,1.069
291.273,1.061
291.303,1.065
291.333,1.064
291.363,1.066
291.393,1.063
291.423,1.059
291.453,1.055
291.483,1.058
291.513,1.067
291.543,1.065
291.573,1.065
291.603,1.063
291.633,1.059
291.663,1.063
291.693,1.062
291.723,1.068
291.753,1.072
291.783,1.068
291.813,1.065
291.843,1.062
291.873,1.064
291.903,1.071
291.933,1.066
291.963,1.063
291.993,1.052
292.023,1.051
292.053,1.059
292.083,1.056
292.113,1.057
292.143,1.042
292.173,1.064
292.203,1.058
292.233,1.073
292.263,1.050
292.293,1.065
292.323,1.043
292.353,1.055
292.383,1.054
292.413,1.032
292.443,1.051
292.473,1.064
292.503,1.069
292.533,1.059
292.563,1.045
292.593,1.059
292.623,1.065
292.653,1.071
292.683,1.070
292.713,1.056
292.743,1.073
292.773,1.061
292.803,1.069
292.833,1.054
292.863,1.039
292.893,1.067
292.923,1.042
292.953,1.039
292.983,1.047
293.013,1.065
293.043,1.080
293.073,1.065
293.103,1.052
293.133,1.052
293.163,1.059
293.193,1.059
293.223,1.053
293.253,1.056
293.283,1.070
293.313,1.062
293.343,1.059
293.373,1.054
293.403,1.058
293.433,1.066
293.463,1.060
293.493,1.060
293.523,1.067
293.553,1.062
293.583,1.059
293.613,1.071
293.643,1.062
293.673,1.070
293.703,1.066
293.733,1.064
293.763,1.066
293.793,1.062
293.823,1.060
293.853,1.062
293.883,1.067
293.913,1.062
293.943,1.061
293.973,1.067
294.003,1.066
294.033,1.064
294.063,1.073
294.093,1.064
294.123,1.064
294.153,1.061
294.183,1.062
294.213,1.066
294.243,1.063
294.273,1.066
294.303,1.066
294.333,1.063
294.363,1.067
294.393,1.062
294.423,1.068
294.453,1.060
294.483,1.061
294.513,1.068
294.543,1.066
294.573,1.064
294.603,1.063
294.633,1.068
294.663,1.064
294.693,1.068
294.723,1.060
294.753,1.062
294.783,1.063
294.813,1.063
294.843,1.060
294.873,1.063
294.903,1.070
294.933,1.063
294.963,1.068
294.993,1.068
295.023,1.066
295.053,1.062
295.083,1.065
295.113,1.062
295.143,1.062
295.173,1.062
295.203,1.065
295.233,1.062
295.263,1.073
295.293,1.069
295.323,1.057
295.353,1.065
295.383,1.068
295.413,1.061
295.443,1.068
295.473,1.062
295.503,1.060
295.533,1.066
295.563,1.067
295.593,1.067
295.623,1.065
295.653,1.068
295.683,1.064
295.713,1.062
295.743,1.065
295.773,1.062
295.803,1.062
295.833,1.067
295.863,1.063
295.893,1.068
295.923,1.065
295.953,1.065
295.983,1.068
296.013,1.069
296.043,1.062
296.073,1.059
296.103,1.066
296.133,1.067
296.163,1.066
296.193,1.067
296.223,1.062
296.253,1.060
296.283,1.072
296.313,1.071
296.343,1.061
296.373,1.061
296.403,1.062
296.433,1.064
296.463,1.066
296.493,1.060
296.523,1.063
296.553,1.072
296.583,1.065
296.613,1.065
296.643,1.067
296.673,1.065
296.703,1.062
296.733,1.064
296.763,1.065
296.793,1.065
296.823,1.064
296.853,1.070
296.883,1.063
296.913,1.069
296.943,1.066
296.973,1.063
297.003,1.069
297.033,1.072
297.063,1.062
297.093,1.060
297.123,1.064
297.153,1.062
297.183,1.063
297.213,1.062
297.243,1.068
297.273,1.064
297.303,1.065
297.333,1.066
297.363,1.064
297.393,1.073
297.423,1.068
297.453,1.062
297.483,1.065
297.513,1.065
297.543,1.070
297.573,1.068
297.603,1.066
297.633,1.068
297.663,1.068
297.693,1.061
297.723,1.071
297.753,1.068
297.783,1.062
297.813,1.065
297.843,1.066
297.873,1.063
297.903,1.069
297.933,1.064
297.963,1.065
297.993,1.067
298.023,1.069
298.053,1.067
298.083,1.063
298.113,1.069
298.143,1.066
298.173,1.062
298.203,1.062
298.233,1.065
298.263,1.068
298.293,1.073
298.323,1.062
298.353,1.062
298.383,1.067
298.413,1.074
298.443,1.066
298.473,1.062
298.503,1.065
298.533,1.062
298.563,1.066
298.593,1.064
298.623,1.066
298.653,1.064
298.683,1.064
298.713,1.067
298.743,1.065
298.773,1.066
298.803,1.064
298.833,1.073
298.863,1.065
298.893,1.071
298.923,1.060
298.953,1.063
298.983,1.063
299.013,1.064
299.043,1.074
299.073,1.064
299.103,1.065
299.133,1.068
299.163,1.062
299.193,1.064
299.223,1.068
299.253,1.067
299.283,1.061
299.313,1.065
299.343,1.066
299.373,1.065
299.403,1.065
299.433,1.069
299.463,1.070
299.493,1.062
299.523,1.064
299.553,1.067
299.583,1.065
299.613,1.069
299.643,1.072
299.673,1.062
299.703,1.071
299.733,1.073
299.763,1.065
299.793,1.067
299.823,1.061
299.853,1.064
299.883,1.068
299.913,1.061
299.943,1.067
299.973,1.065
300.003,1.066
300.033,1.073
300.063,1.064
300.093,1.066
300.123,1.068
300.153,1.065
300.183,1.065
300.213,1.068
300.243,1.064
300.273,1.066
300.303,1.067
300.333,1.062
300.363,1.071
300.393,1.072
300.423,1.069
300.453,1.065
300.483,1.064
300.513,1.062
300.543,1.069
300.573,1.067
300.603,1.062
300.633,1.065
300.663,1.066
300.693,1.070
300.723,1.069
300.753,1.067
300.783,1.064
300.813,1.068
300.843,1.066
300.873,1.066
300.903,1.069
300.933,1.064
300.963,1.069
300.993,1.068
301.023,1.065
301.053,1.067
301.083,1.062
301.113,1.065
301.143,1.064
301.173,1.067
301.203,1.062
301.233,1.067
301.263,1.067
301.293,1.072
301.323,1.067
301.353,1.062
301.383,1.066
301.413,1.068
301.443,1.070
301.473,1.064
301.503,1.062
301.533,1.069
301.563,1.064
301.593,1.062
301.623,1.066
301.653,1.065
301.683,1.067
301.713,1.075
301.743,1.064
301.773,1.067
301.803,1.067
301.833,1.064
301.863,1.069
301.893,1.068
301.923,1.063
301.953,1.068
301.983,1.073
302.013,1.066
302.043,1.062
302.073,1.067
302.103,1.066
302.133,1.072
302.163,1.070
302.193,1.067
302.223,1.070
302.253,1.069
302.283,1.072
302.313,1.071
302.343,1.076
302.373,1.069
302.403,1.067
302.433,1.062
302.463,1.069
302.493,1.067
302.523,1.067
302.553,1.062
302.583,1.069
302.613,1.066
302.643,1.066
302.673,1.067
302.703,1.071
302.733,1.070
302.763,1.072
302.793,1.074
302.823,1.068
302.853,1.066
302.883,1.075
302.913,1.065
302.943,1.062
302.973,1.070
303.003,1.068
303.033,1.067
303.063,1.072
303.093,1.062
303.123,1.064
303.153,1.070
303.183,1.071
303.213,1.061
303.243,1.067
303.273,1.070
303.303,1.071
303.333,1.071
303.363,1.076
303.393,1.069
303.423,1.063
303.453,1.063
303.483,1.062
303.513,1.074
303.543,1.068
303.573,1.063
303.603,1.066
303.633,1.069
303.663,1.064
303.693,1.077
303.723,1.073
303.753,1.068
303.783,1.071
303.813,1.073
303.843,1.065
303.873,1.070
303.903,1.079
303.933,1.070
303.963,1.072
303.993,1.070
304.023,1.072
304.053,1.071
304.083,1.073
304.113,1.074
304.143,1.076
304.173,1.077
304.203,1.077
304.233,1.068
304.263,1.081
304.293,1.078
304.323,1.074
304.353,1.074
304.383,1.071
304.413,1.068
304.443,1.072
304.473,1.072
304.503,1.070
304.533,1.070
304.563,1.072
304.593,1.073
304.623,1.072
304.653,1.073
304.683,1.078
304.713,1.063
304.743,1.075
304.773,1.073
304.803,1.069
304.833,1.072
304.863,1.073
304.893,1.075
304.923,1.067
304.953,1.072
304.983,1.076
305.013,1.073
305.043,1.074
305.073,1.072
305.103,1.067
305.133,1.075
305.163,1.076
305.193,1.072
305.223,1.076
305.253,1.073
305.283,1.073
305.313,1.074
305.343,1.075
305.373,1.075
305.403,1.071
305.433,1.073
305.463,1.073
305.493,1.074
305.523,1.074
305.553,1.071
305.583,1.067
305.613,1.068
305.643,1.070
305.673,1.076
305.703,1.066
305.733,1.065
305.763,1.071
305.793,1.072
305.823,1.071
305.853,1.077
305.883,1.070
305.913,1.071
305.943,1.072
305.973,1.070
306.003,1.073
306.033,1.074
306.063,1.072
306.093,1.076
306.123,1.082
306.153,1.077
306.183,1.071
306.213,1.077
306.243,1.068
306.273,1.079
306.303,1.074
306.333,1.072
306.363,1.094
306.393,1.086
306.423,1.076
306.453,1.078
306.483,1.077
306.513,1.069
306.543,1.074
306.573,1.086
306.603,1.071
306.633,1.075
306.663,1.073
306.693,1.076
306.723,1.066
306.753,1.071
306.783,1.067
306.813,1.060
306.843,1.065
306.873,1.059
306.903,1.061
306.933,1.054
306.963,1.057
306.993,1.062
307.023,1.065
307.053,1.054
307.083,1.088
307.113,1.050
307.143,1.056
307.173,1.061
307.203,1.079
307.233,1.075
307.263,1.063
307.293,1.073
307.323,1.062
307.353,1.058
307.383,1.065
307.413,1.072
307.443,1.066
307.473,1.074
307.503,1.084
307.533,1.074
307.563,1.056
307.593,1.071
307.623,1.060
307.653,1.068
307.683,1.072
307.713,1.064
307.743,1.072
307.773,1.069
307.803,1.069
307.833,1.071
307.863,1.068
307.893,1.065
307.923,1.069
307.953,1.059
307.983,1.068
308.013,1.069
308.043,1.073
308.073,1.068
308.103,1.064
308.133,1.068
308.163,1.067
308.193,1.071
308.223,1.065
308.253,1.063
308.283,1.068
308.313,1.069
308.343,1.069
308.373,1.070
308.403,1.069
308.433,1.066
308.463,1.067
308.493,1.071
308.523,1.066
308.553,1.067
308.583,1.070
308.613,1.071
308.643,1.071
308.673,1.060
308.703,1.065
308.733,1.070
308.763,1.071
308.793,1.069
308.823,1.075
308.853,1.075
308.883,1.065
308.913,1.074
308.943,1.071
308.973,1.065
309.003,1.065
309.033,1.071
309.063,1.062
309.093,1.074
309.123,1.064
309.153,1.066
309.183,1.078
309.213,1.067
309.243,1.066
309.273,1.067
309.303,1.049
309.333,1.060
309.363,1.077
309.393,1.060
309.423,1.063
309.453,1.063
309.483,1.075
309.513,1.063
309.543,1.062
309.573,1.048
309.603,1.051
309.633,1.076
309.663,1.060
309.693,1.047
309.723,1.080
309.753,1.080
309.783,1.080
309.813,1.082
309.843,1.083
309.873,1.087
309.903,1.066
309.933,1.060
309.963,1.062
309.993,1.076
310.023,1.062
310.053,1.065
310.083,1.072
310.113,1.063
310.143,1.061
310.173,1.067
310.203,1.057
310.233,1.063
310.263,1.072
310.293,1.062
310.323,1.065
310.353,1.067
310.383,1.058
310.413,1.067
310.443,1.064
310.473,1.062
310.503,1.066
310.533,1.070
310.563,1.062
310.593,1.069
310.623,1.068
310.653,1.066
310.683,1.067
310.713,1.063
310.743,1.066
310.773,1.066
310.803,1.070
310.833,1.070
310.863,1.065
310.893,1.065
310.923,1.070
310.953,1.061
310.983,1.065
311.013,1.073
311.043,1.065
311.073,1.066
311.103,1.064
311.133,1.068
311.163,1.070
311.193,1.066
311.223,1.064
311.253,1.061
311.283,1.059
311.313,1.064
311.343,1.061
311.373,1.068
311.403,1.062
311.433,1.064
311.463,1.073
311.493,1.066
311.523,1.073
311.553,1.064
311.583,1.062
311.613,1.062
311.643,1.067
311.673,1.065
311.703,1.066
311.733,1.068
311.763,1.065
311.793,1.067
311.823,1.076
311.853,1.070
311.883,1.067
311.913,1.068
311.943,1.070
311.973,1.062
312.003,1.066
312.033,1.061
312.063,1.060
312.093,1.073
312.123,1.063
312.153,1.062
312.183,1.061
312.213,1.062
312.243,1.070
312.273,1.064
312.303,1.063
312.333,1.069
312.363,1.066
312.393,1.067
312.423,1.064
312.453,1.075
312.483,1.077
312.513,1.071
312.543,1.061
312.573,1.066
312.603,1.065
312.633,1.064
312.663,1.066
312.693,1.072
312.723,1.071
312.753,1.060
312.783,1.065
312.813,1.069
312.843,1.063
312.873,1.072
312.903,1.058
312.933,1.064
312.963,1.072
312.993,1.067
313.023,1.062
313.053,1.062
313.083,1.065
313.113,1.077
313.143,1.062
313.173,1.062
313.203,1.065
313.233,1.067
313.263,1.064
313.293,1.068
313.323,1.068
313.353,1.066
313.383,1.064
313.413,1.066
313.443,1.067
313.473,1.071
313.503,1.072
313.533,1.067
313.563,1.063
313.593,1.064
313.623,1.071
313.653,1.062
313.683,1.063
313.713,1.069
313.743,1.066
313.773,1.067
313.803,1.066
313.833,1.070
313.863,1.068
313.893,1.071
313.923,1.069
313.953,1.062
313.983,1.067
314.013,1.065
314.043,1.070
314.073,1.066
314.103,1.066
314.133,1.069
314.163,1.063
314.193,1.067
314.223,1.075
314.253,1.063
314.283,1.063
314.313,1.073
314.343,1.070
314.373,1.075
314.403,1.072
314.433,1.068
314.463,1.063
314.493,1.063
314.523,1.069
314.553,1.066
314.583,1.064
314.613,1.070
314.643,1.068
314.673,1.070
314.703,1.067
314.733,1.071
314.763,1.069
314.793,1.075
314.823,1.069
314.853,1.068
314.883,1.071
314.913,1.069
314.943,1.076
314.973,1.068
315.003,1.073
315.033,1.077
315.063,1.072
315.093,1.079
315.123,1.072
315.153,1.072
315.183,1.073
315.213,1.077
315.243,1.074
315.273,1.073
315.303,1.073
315.333,1.061
315.363,1.068
315.393,1.073
315.423,1.072
315.453,1.081
315.483,1.070
315.513,1.071
315.543,1.071
315.573,1.069
315.603,1.081
315.633,1.079
315.663,1.071
315.693,1.072
315.723,1.052
315.753,1.061
315.783,1.065
315.813,1.068
315.843,1.062
315.873,1.070
315.903,1.067
315.933,1.062
315.963,1.071
315.993,1.065
316.023,1.062
316.053,1.062
316.083,1.066
316.113,1.068
316.143,1.064
316.173,1.068
316.203,1.070
316.233,1.063
316.263,1.065
316.293,1.069
316.323,1.066
316.353,1.068
316.383,1.063
316.413,1.061
316.443,1.064
316.473,1.063
316.503,1.066
316.533,1.060
316.563,1.063
316.593,1.062
316.623,1.061
316.653,1.067
316.683,1.055
316.713,1.067
316.743,1.070
316.773,1.058
316.803,1.071
316.833,1.066
316.863,1.065
316.893,1.069
316.923,1.063
316.953,1.062
316.983,1.069
317.013,1.060
317.043,1.058
317.073,1.064
317.103,1.060
317.133,1.062
317.163,1.062
317.193,1.065
317.223,1.060
317.253,1.060
317.283,1.062
317.313,1.058
317.343,1.057
317.373,1.055
317.403,1.055
317.433,1.061
317.463,1.059
317.493,1.056
317.523,1.060
317.553,1.047
317.583,1.060
317.613,1.058
317.643,1.049
317.673,1.071
317.703,1.058
317.733,1.049
317.763,1.072
317.793,1.068
317.823,1.075
317.853,1.059
317.883,1.067
317.913,1.078
317.943,1.064
317.973,1.076
318.003,1.076
318.033,1.082
318.063,1.081
318.093,1.071
318.123,1.070
318.153,1.082
318.183,1.074
318.213,1.089
318.243,1.079
318.273,1.078
318.303,1.090
318.333,1.085
318.363,1.080
318.393,1.076
318.423,1.082
318.453,1.087
318.483,1.085
318.513,1.081
318.543,1.081
318.573,1.078
318.603,1.076
318.633,1.076
318.663,1.079
318.693,1.081
318.723,1.077
318.753,1.073
318.783,1.080
318.813,1.075
318.843,1.071
318.873,1.078
318.903,1.075
318.933,1.082
318.963,1.069
318.993,1.077
319.023,1.074
319.053,1.078
319.083,1.078
319.113,1.076
319.143,1.073
319.173,1.072
319.203,1.076
319.233,1.081
319.263,1.081
319.293,1.077
319.323,1.077
319.353,1.072
319.383,1.075
319.413,1.077
319.443,1.077
319.473,1.079
319.503,1.075
319.533,1.076
319.563,1.078
319.593,1.073
319.623,1.079
319.653,1.078
319.683,1.076
319.713,1.078
319.743,1.075
319.773,1.075
319.803,1.078
319.833,1.073
319.863,1.074
319.893,1.076
319.923,1.080
319.953,1.079
319.983,1.077
320.013,1.076
320.043,1.080
320.073,1.076
320.103,1.077
320.133,1.073
320.163,1.071
320.193,1.075
320.223,1.080
320.253,1.081
320.283,1.068
320.313,1.077
320.343,1.076
320.373,1.075
320.403,1.082
320.433,1.075
320.463,1.074
320.493,1.084
320.523,1.075
320.553,1.083
320.583,1.082
320.613,1.076
320.643,1.082
320.673,1.078
320.703,1.086
320.733,1.086
320.763,1.081
320.793,1.088
320.823,1.090
320.853,1.090
320.883,1.095
320.913,1.091
320.943,1.078
320.973,1.076
321.003,1.083
321.033,1.077
321.063,1.074
321.093,1.080
321.123,1.084
321.153,1.084
321.183,1.075
321.213,1.087
321.243,1.072
321.273,1.054
321.303,1.086
321.333,1.078
321.363,1.071
321.393,1.075
321.423,1.069
321.453,1.077
321.483,1.073
321.513,1.081
321.543,1.072
321.573,1.075
321.603,1.068
321.633,1.067
321.663,1.068
321.693,1.064
321.723,1.062
321.753,1.066
321.783,1.057
321.813,1.066
321.843,1.073
321.873,1.064
321.903,1.069
321.933,1.071
321.963,1.062
321.993,1.075
322.023,1.072
322.053,1.072
322.083,1.077
322.113,1.072
322.143,1.070
322.173,1.069
322.203,1.072
322.233,1.069
322.263,1.070
322.293,1.068
322.323,1.071
322.353,1.070
322.383,1.076
322.413,1.072
322.443,1.069
322.473,1.067
322.503,1.064
322.533,1.066
322.563,1.066
322.593,1.069
322.623,1.075
322.653,1.080
322.683,1.074
322.713,1.080
322.743,1.080
322.773,1.077
322.803,1.083
322.833,1.078
322.863,1.076
322.893,1.090
322.923,1.081
322.953,1.080
322.983,1.084
323.013,1.079
323.043,1.077
323.073,1.081
323.103,1.078
323.133,1.071
323.163,1.077
323.193,1.073
323.223,1.078
323.253,1.072
323.283,1.075
323.313,1.073
323.343,1.071
323.373,1.068
323.403,1.073
323.433,1.066
323.463,1.075
323.493,1.067
323.523,1.076
323.553,1.073
323.583,1.069
323.613,1.067
323.643,1.069
323.673,1.076
323.703,1.068
323.733,1.075
323.763,1.085
323.793,1.081
323.823,1.079
323.853,1.083
323.883,1.080
323.913,1.086
323.943,1.077
323.973,1.078
324.003,1.082
324.033,1.079
324.063,1.083
324.093,1.079
324.123,1.070
324.153,1.076
324.183,1.073
324.213,1.079
324.243,1.081
324.273,1.077
324.303,1.074
324.333,1.079
324.363,1.078
324.393,1.077
324.423,1.070
324.453,1.086
324.483,1.075
324.513,1.079
324.543,1.079
324.573,1.070
324.603,1.077
324.633,1.075
324.663,1.073
324.693,1.077
324.723,1.077
324.753,1.075
324.783,1.069
324.813,1.076
324.843,1.081
324.873,1.075
324.903,1.077
324.933,1.074
324.963,1.073
324.993,1.074
325.023,1.079
325.053,1.083
325.083,1.082
325.113,1.077
325.143,1.071
325.173,1.072
325.203,1.079
325.233,1.076
325.263,1.075
325.293,1.074
325.323,1.076
325.353,1.077
325.383,1.072
325.413,1.078
325.443,1.075
325.473,1.074
325.503,1.077
325.533,1.086
325.563,1.087
325.593,1.062
325.623,1.079
325.653,1.072
325.683,1.082
325.713,1.077
325.743,1.081
325.773,1.079
325.803,1.087
325.833,1.079
325.863,1.086
325.893,1.083
325.923,1.083
325.953,1.077
325.983,1.085
326.013,1.071
326.043,1.081
326.073,1.093
326.103,1.083
326.133,1.094
326.163,1.080
326.193,1.067
326.223,1.079
326.253,1.084
326.283,1.078
326.313,1.082
326.343,1.084
326.373,1.084
326.403,1.080
326.433,1.080
326.463,1.081
326.493,1.062
326.523,1.070
326.553,1.076
326.583,1.063
326.613,1.065
326.643,1.064
326.673,1.062
326.703,1.060
326.733,1.051
326.763,1.060
326.793,1.059
326.823,1.066
326.853,1.061
326.883,1.052
326.913,1.062
326.943,1.067
326.973,1.057
327.003,1.058
327.033,1.042
327.063,1.061
327.093,1.063
327.123,1.044
327.153,1.070
327.183,1.048
327.213,1.049
327.243,1.055
327.273,1.062
327.303,1.055
327.333,1.057
327.363,1.067
327.393,1.042
327.423,1.054
327.453,1.057
327.483,1.047
327.513,1.061
327.543,1.050
327.573,1.052
327.603,1.062
327.633,1.061
327.663,1.053
327.693,1.064
327.723,1.052
327.753,1.050
327.783,1.055
327.813,1.060
327.843,1.068
327.873,1.069
327.903,1.071
327.933,1.058
327.963,1.064
327.993,1.067
328.023,1.068
328.053,1.062
328.083,1.064
328.113,1.072
328.143,1.069
328.173,1.069
328.203,1.073
328.233,1.062
328.263,1.068
328.293,1.062
328.323,1.064
328.353,1.068
328.383,1.066
328.413,1.067
328.443,1.065
328.473,1.073
328.503,1.067
328.533,1.062
328.563,1.064
328.593,1.072
328.623,1.062
328.653,1.067
328.683,1.061
328.713,1.067
328.743,1.080
328.773,1.067
328.803,1.068
328.833,1.070
328.863,1.065
328.893,1.066
328.923,1.072
328.953,1.063
328.983,1.064
329.013,1.064
329.043,1.068
329.073,1.065
329.103,1.067
329.133,1.067
329.163,1.070
329.193,1.072
329.223,1.063
329.253,1.062
329.283,1.073
329.313,1.065
329.343,1.063
329.373,1.072
329.403,1.068
329.433,1.062
329.463,1.062
329.493,1.062
329.523,1.072
329.553,1.068
329.583,1.070
329.613,1.070
329.643,1.061
329.673,1.072
329.703,1.070
329.733,1.069
329.763,1.063
329.793,1.069
329.823,1.065
329.853,1.067
329.883,1.059
329.913,1.069
329.943,1.066
329.973,1.067
330.003,1.070
330.033,1.062
330.063,1.075
330.093,1.070
330.123,1.059
330.153,1.068
330.183,1.070
330.213,1.064
330.243,1.064
330.273,1.069
330.303,1.071
330.333,1.070
330.363,1.063
330.393,1.068
330.423,1.064
330.453,1.063
330.483,1.065
330.513,1.068
330.543,1.076
330.573,1.069
330.603,1.061
330.633,1.074
330.663,1.069
330.693,1.070
330.723,1.076
330.753,1.073
330.783,1.074
330.813,1.074
330.843,1.071
330.873,1.070
330.903,1.078
330.933,1.071
330.963,1.072
330.993,1.074
331.023,1.069
331.053,1.080
331.083,1.073
331.113,1.077
331.143,1.069
331.173,1.069
331.203,1.077
331.233,1.066
331.263,1.074
331.293,1.068
331.323,1.062
331.353,1.068
331.383,1.071
331.413,1.065
331.443,1.061
331.473,1.060
331.503,1.071
331.533,1.065
331.563,1.057
331.593,1.068
331.623,1.064
331.653,1.051
331.683,1.054
331.713,1.056
331.743,1.062
331.773,1.058
331.803,1.052
331.833,1.058
331.863,1.065
331.893,1.060
331.923,1.056
331.953,1.063
331.983,1.063
332.013,1.056
332.043,1.061
332.073,1.065
332.103,1.058
332.133,1.063
332.163,1.067
332.193,1.062
332.223,1.061
332.253,1.060
332.283,1.061
332.313,1.059
332.343,1.059
332.373,1.062
332.403,1.059
332.433,1.062
332.463,1.066
332.493,1.058
332.523,1.072
332.553,1.064
332.583,1.059
332.613,1.062
332.643,1.063
332.673,1.065
332.703,1.063
332.733,1.064
332.763,1.062
332.793,1.055
332.823,1.054
332.853,1.071
332.883,1.060
332.913,1.055
332.943,1.062
332.973,1.052
333.003,1.062
333.033,1.066
333.063,1.058
333.093,1.050
333.123,1.062
333.153,1.057
333.183,1.051
333.213,1.063
333.243,1.050
333.273,1.046
333.303,1.046
333.333,1.050
333.363,1.054
333.393,1.050
333.423,1.054
333.453,1.041
333.483,1.049
333.513,1.068
333.543,1.049
333.573,1.050
333.603,1.051
333.633,1.062
333.663,1.047
333.693,1.051
333.723,1.060
333.753,1.051
333.783,1.057
333.813,1.061
333.843,1.065
333.873,1.059
333.903,1.056
333.933,1.058
333.963,1.055
333.993,1.054
334.023,1.062
334.053,1.059
334.083,1.052
334.113,1.059
334.143,1.061
334.173,1.056
334.203,1.054
334.233,1.058
334.263,1.054
334.293,1.048
334.323,1.049
334.353,1.052
334.383,1.053
334.413,1.049
334.443,1.049
334.473,1.053
334.503,1.046
334.533,1.053
334.563,1.053
334.593,1.057
334.623,1.047
334.653,1.053
334.683,1.060
334.713,1.050
334.743,1.052
334.773,1.055
334.803,1.058
334.833,1.059
334.863,1.052
334.893,1.044
334.923,1.053
334.953,1.051
334.983,1.058
335.013,1.050
335.043,1.049
335.073,1.053
335.103,1.051
335.133,1.054
335.163,1.053
335.193,1.060
335.223,1.052
335.253,1.054
335.283,1.056
335.313,1.056
335.343,1.047
335.373,1.054
335.403,1.052
335.433,1.051
335.463,1.053
335.493,1.051
335.523,1.057
335.553,1.063
335.583,1.052
335.613,1.053
335.643,1.050
335.673,1.050
335.703,1.057
335.733,1.050
335.763,1.052
335.793,1.056
335.823,1.051
335.853,1.054
335.883,1.057
335.913,1.052
335.943,1.056
335.973,1.052
336.003,1.056
336.033,1.052
336.063,1.047
336.093,1.059
336.123,1.050
336.153,1.052
336.183,1.055
336.213,1.055
336.243,1.053
336.273,1.057
336.303,1.052
336.333,1.051
336.363,1.057
336.393,1.055
336.423,1.051
336.453,1.061
336.483,1.057
336.513,1.055
336.543,1.049
336.573,1.056
336.603,1.063
336.633,1.057
336.663,1.048
336.693,1.058
336.723,1.053
336.753,1.056
336.783,1.054
336.813,1.053
336.843,1.056
336.873,1.059
336.903,1.054
336.933,1.049
336.963,1.049
336.993,1.055
337.023,1.056
337.053,1.027
337.083,1.070
337.113,1.064
337.143,1.052
337.173,1.053
337.203,1.056
337.233,1.049
337.263,1.072
337.293,1.086
337.323,1.060
337.353,1.050
337.383,1.042
337.413,1.036
337.443,1.062
337.473,1.068
337.503,1.062
337.533,1.061
337.563,1.059
337.593,1.053
337.623,1.054
337.653,1.049
337.683,1.053
337.713,1.059
337.743,1.045
337.773,1.053
337.803,1.050
337.833,1.056
337.863,1.060
337.893,1.060
337.923,1.054
337.953,1.061
337.983,1.051
338.013,1.060
338.043,1.053
338.073,1.047
338.103,1.064
338.133,1.051
338.163,1.055
338.193,1.057
338.223,1.052
338.253,1.053
338.283,1.055
338.313,1.050
338.343,1.056
338.373,1.057
338.403,1.055
338.433,1.053
338.463,1.060
338.493,1.056
338.523,1.054
338.553,1.052
338.583,1.055
338.613,1.052
338.643,1.062
338.673,1.055
338.703,1.054
338.733,1.066
338.763,1.058
338.793,1.055
338.823,1.052
338.853,1.055
338.883,1.060
338.913,1.054
338.943,1.050
338.973,1.057
339.003,1.057
339.033,1.054
339.063,1.052
339.093,1.059
339.123,1.056
339.153,1.053
339.183,1.060
339.213,1.052
339.243,1.054
339.273,1.056
339.303,1.056
339.333,1.054
339.363,1.068
339.393,1.054
339.423,1.057
339.453,1.055
339.483,1.056
339.513,1.054
339.543,1.057
339.573,1.048
339.603,1.058
339.633,1.059
339.663,1.058
339.693,1.057
339.723,1.054
339.753,1.058
339.783,1.052
339.813,1.056
339.843,1.053
339.873,1.056
339.903,1.054
339.933,1.061
339.963,1.060
339.993,1.060
340.023,1.062
340.053,1.060
340.083,1.053
340.113,1.060
340.143,1.056
340.173,1.055
340.203,1.057
340.233,1.061
340.263,1.053
340.293,1.057
340.323,1.059
340.353,1.059
340.383,1.056
340.413,1.058
340.443,1.055
340.473,1.055
340.503,1.060
340.533,1.050
340.563,1.060
340.593,1.062
340.623,1.062
340.653,1.056
340.683,1.062
340.713,1.051
340.743,1.056
340.773,1.054
340.803,1.056
340.833,1.055
340.863,1.057
340.893,1.059
340.923,1.061
340.953,1.056
340.983,1.058
341.013,1.054
341.043,1.060
341.073,1.053
341.103,1.052
341.133,1.058
341.163,1.059
341.193,1.057
341.223,1.057
341.253,1.058
341.283,1.057
341.313,1.058
341.343,1.062
341.373,1.050
341.403,1.060
341.433,1.056
341.463,1.054
341.493,1.060
341.523,1.059
341.553,1.056
341.583,1.055
341.613,1.058
341.643,1.050
341.673,1.057
341.703,1.051
341.733,1.057
341.763,1.062
341.793,1.059
341.823,1.061
341.853,1.058
341.883,1.048
341.913,1.060
341.943,1.064
341.973,1.060
342.003,1.060
342.033,1.055
342.063,1.054
342.093,1.059
342.123,1.058
342.153,1.060
342.183,1.057
342.213,1.060
342.243,1.056
342.273,1.060
342.303,1.062
342.333,1.057
342.363,1.061
342.393,1.057
342.423,1.059
342.453,1.055
342.483,1.059
342.513,1.059
342.543,1.062
342.573,1.057
342.603,1.055
342.633,1.072
342.663,1.061
342.693,1.062
342.723,1.053
342.753,1.054
342.783,1.052
342.813,1.059
342.843,1.057
342.873,1.061
342.903,1.059
342.933,1.058
342.963,1.056
342.993,1.061
343.023,1.057
343.053,1.062
343.083,1.057
343.113,1.054
343.143,1.057
343.173,1.057
343.203,1.062
343.233,1.055
343.263,1.055
343.293,1.061
343.323,1.058
343.353,1.059
343.383,1.053
343.413,1.061
343.443,1.058
343.473,1.062
343.503,1.062
343.533,1.053
343.563,1.055
343.593,1.057
343.623,1.059
343.653,1.056
343.683,1.062
343.713,1.062
343.743,1.053
343.773,1.059
343.803,1.055
343.833,1.053
343.863,1.059
343.893,1.061
343.923,1.062
343.953,1.059
343.983,1.060
344.013,1.055
344.043,1.055
344.073,1.055
344.103,1.056
344.133,1.057
344.163,1.057
344.193,1.059
344.223,1.058
344.253,1.053
344.283,1.058
344.313,1.055
344.343,1.061
344.373,1.060
344.403,1.055
344.433,1.058
344.463,1.061
344.493,1.054
344.523,1.059
344.553,1.056
344.583,1.057
344.613,1.062
344.643,1.057
344.673,1.062
344.703,1.056
344.733,1.059
344.763,1.059
344.793,1.059
344.823,1.058
344.853,1.055
344.883,1.059
344.913,1.058
344.943,1.057
344.973,1.059
345.003,1.054
345.033,1.062
345.063,1.058
345.093,1.056
345.123,1.055
345.153,1.058
345.183,1.056
345.213,1.062
345.243,1.055
345.273,1.059
345.303,1.057
345.333,1.063
345.363,1.058
345.393,1.060
345.423,1.062
345.453,1.055
345.483,1.055
345.513,1.058
345.543,1.054
345.573,1.053
345.603,1.061
345.633,1.055
345.663,1.063
345.693,1.059
345.723,1.057
345.753,1.059
345.783,1.058
345.813,1.059
345.843,1.054
345.873,1.057
345.903,1.059
345.933,1.062
345.963,1.061
345.993,1.053
346.023,1.060
346.053,1.059
346.083,1.054
346.113,1.063
346.143,1.062
346.173,1.053
346.203,1.062
346.233,1.055
346.263,1.057
346.293,1.058
346.323,1.057
346.353,1.055
346.383,1.061
346.413,1.058
346.443,1.057
346.473,1.062
346.503,1.056
346.533,1.061
346.563,1.058
346.593,1.062
346.623,1.064
346.653,1.057
346.683,1.059
346.713,1.061
346.743,1.056
346.773,1.063
346.803,1.055
346.833,1.053
346.863,1.063
346.893,1.062
346.923,1.058
346.953,1.060
346.983,1.060
347.013,1.059
347.043,1.057
347.073,1.061
347.103,1.057
347.133,1.060
347.163,1.060
347.193,1.061
347.223,1.057
347.253,1.061
347.283,1.059
347.313,1.055
347.343,1.059
347.373,1.057
347.403,1.059
347.433,1.058
347.463,1.059
347.493,1.060
347.523,1.051
347.553,1.057
347.583,1.062
347.613,1.060
347.643,1.054
347.673,1.058
347.703,1.056
347.733,1.058
347.763,1.053
347.793,1.055
347.823,1.062
347.853,1.059
347.883,1.062
347.913,1.058
347.943,1.058
347.973,1.060
348.003,1.062
348.033,1.056
348.063,1.055
348.093,1.054
348.123,1.061
348.153,1.063
348.183,1.061
348.213,1.060
348.243,1.059
348.273,1.053
348.303,1.065
348.333,1.064
348.363,1.056
348.393,1.059
348.423,1.055
348.453,1.056
348.483,1.062
348.513,1.057
348.543,1.062
348.573,1.057
348.603,1.061
348.633,1.059
348.663,1.057
348.693,1.055
348.723,1.058
348.753,1.061
348.783,1.060
348.813,1.057
348.843,1.060
348.873,1.058
348.903,1.065
348.933,1.059
348.963,1.053
348.993,1.053
349.023,1.059
349.053,1.063
349.083,1.060
349.113,1.059
349.143,1.051
349.173,1.058
349.203,1.060
349.233,1.062
349.263,1.056
349.293,1.062
349.323,1.063
349.353,1.057
349.383,1.055
349.413,1.061
349.443,1.061
349.473,1.056
349.503,1.060
349.533,1.056
349.563,1.062
349.593,1.062
349.623,1.057
349.653,1.059
349.683,1.054
349.713,1.058
349.743,1.059
349.773,1.059
349.803,1.061
349.833,1.054
349.863,1.055
349.893,1.062
349.923,1.060
349.953,1.055
349.983,1.057
350.013,1.059
350.043,1.060
350.073,1.060
350.103,1.061
350.133,1.057
350.163,1.062
350.193,1.059
350.223,1.055
350.253,1.056
350.283,1.059
350.313,1.061
350.343,1.058
350.373,1.054
350.403,1.062
350.433,1.059
350.463,1.057
350.493,1.059
350.523,1.057
350.553,1.059
350.583,1.055
350.613,1.061
350.643,1.051
350.673,1.059
350.703,1.059
350.733,1.061
350.763,1.061
350.793,1.060
350.823,1.061
350.853,1.061
350.883,1.055
350.913,1.055
350.943,1.064
350.973,1.065
351.003,1.051
351.033,1.062
351.063,1.055
351.093,1.064
351.123,1.059
351.153,1.053
351.183,1.059
351.213,1.056
351.243,1.056
351.273,1.057
351.303,1.056
351.333,1.057
351.363,1.056
351.393,1.054
351.423,1.058
351.453,1.062
351.483,1.060
351.513,1.060
351.543,1.059
351.573,1.059
351.603,1.054
351.633,1.060
351.663,1.062
351.693,1.062
351.723,1.061
351.753,1.066
351.783,1.064
351.813,1.064
351.843,1.054
351.873,1.056
351.903,1.060
351.933,1.055
351.963,1.065
351.993,1.066
352.023,1.062
352.053,1.054
352.083,1.060
352.113,1.067
352.143,1.060
352.173,1.065
352.203,1.062
352.233,1.063
352.263,1.064
352.293,1.072
352.323,1.064
352.353,1.068
352.383,1.058
352.413,1.059
352.443,1.060
352.473,1.067
352.503,1.065
352.533,1.067
352.563,1.060
352.593,1.057
352.623,1.063
352.653,1.052
352.683,1.052
352.713,1.059
352.743,1.059
352.773,1.055
352.803,1.064
352.833,1.055
352.863,1.054
352.893,1.056
352.923,1.048
352.953,1.060
352.983,1.056
353.013,1.060
353.043,1.062
353.073,1.052
353.103,1.060
353.133,1.055
353.163,1.051
353.193,1.059
353.223,1.066
353.253,1.057
353.283,1.057
353.313,1.062
353.343,1.051
353.373,1.067
353.403,1.061
353.433,1.062
353.463,1.063
353.493,1.061
353.523,1.064
353.553,1.054
353.583,1.063
353.613,1.058
353.643,1.050
353.673,1.050
353.703,1.060
353.733,1.059
353.763,1.055
353.793,1.059
353.823,1.061
353.853,1.064
353.883,1.063
353.913,1.074
353.943,1.068
353.973,1.068
354.003,1.069
354.033,1.069
354.063,1.071
354.093,1.066
354.123,1.066
354.153,1.067
354.183,1.074
354.213,1.069
354.243,1.073
354.273,1.067
354.303,1.065
354.333,1.068
354.363,1.064
354.393,1.066
354.423,1.072
354.453,1.064
354.483,1.075
354.513,1.069
354.543,1.068
354.573,1.067
354.603,1.065
354.633,1.062
354.663,1.063
354.693,1.062
354.723,1.063
354.753,1.065
354.783,1.066
354.813,1.072
354.843,1.065
354.873,1.064
354.903,1.066
354.933,1.065
354.963,1.071
354.993,1.067
355.023,1.067
355.053,1.060
355.083,1.067
355.113,1.070
355.143,1.065
355.173,1.068
355.203,1.066
355.233,1.064
355.263,1.062
355.293,1.069
355.323,1.068
355.353,1.062
355.383,1.068
355.413,1.066
355.443,1.064
355.473,1.060
355.503,1.061
355.533,1.068
355.563,1.066
355.593,1.062
355.623,1.062
355.653,1.060
355.683,1.071
355.713,1.070
355.743,1.065
355.773,1.068
355.803,1.063
355.833,1.074
355.863,1.067
355.893,1.065
355.923,1.061
355.953,1.063
355.983,1.067
356.013,1.076
356.043,1.058
356.073,1.063
356.103,1.071
356.133,1.065
356.163,1.060
356.193,1.064
356.223,1.062
356.253,1.065
356.283,1.067
356.313,1.065
356.343,1.070
356.373,1.066
356.403,1.069
356.433,1.060
356.463,1.068
356.493,1.068
356.523,1.067
356.553,1.070
356.583,1.066
356.613,1.067
356.643,1.062
356.673,1.062
356.703,1.072
356.733,1.063
356.763,1.065
356.793,1.073
356.823,1.064
356.853,1.062
356.883,1.069
356.913,1.063
356.943,1.063
356.973,1.064
357.003,1.068
357.033,1.068
357.063,1.064
357.093,1.068
357.123,1.064
357.153,1.072
357.183,1.071
357.213,1.066
357.243,1.069
357.273,1.064
357.303,1.066
357.333,1.064
357.363,1.071
357.393,1.068
357.423,1.064
357.453,1.067
357.483,1.071
357.513,1.064
357.543,1.064
357.573,1.072
357.603,1.067
357.633,1.061
357.663,1.073
357.693,1.065
357.723,1.069
357.753,1.070
357.783,1.065
357.813,1.068
357.843,1.068
357.873,1.062
357.903,1.070
357.933,1.066
357.963,1.068
357.993,1.067
358.023,1.061
358.053,1.071
358.083,1.065
358.113,1.071
358.143,1.068
358.173,1.072
358.203,1.069
358.233,1.074
358.263,1.067
358.293,1.066
358.323,1.071
358.353,1.068
358.383,1.060
358.413,1.062
358.443,1.072
358.473,1.074
358.503,1.070
358.533,1.066
358.563,1.062
358.593,1.066
358.623,1.074
358.653,1.066
358.683,1.065
358.713,1.068
358.743,1.069
358.773,1.069
358.803,1.066
358.833,1.065
358.863,1.064
358.893,1.069
358.923,1.064
358.953,1.065
358.983,1.068
359.013,1.069
359.043,1.067
359.073,1.067
359.103,1.067
359.133,1.072
359.163,1.067
359.193,1.066
359.223,1.070
359.253,1.063
359.283,1.072
359.313,1.071
359.343,1.065
359.373,1.068
359.403,1.071
359.433,1.067
359.463,1.066
359.493,1.068
359.523,1.067
359.553,1.068
359.583,1.066
359.613,1.067
359.643,1.065
359.673,1.065
359.703,1.070
359.733,1.071
359.763,1.072
359.793,1.070
359.823,1.065
359.853,1.066
359.883,1.067
359.913,1.071
359.943,1.068
359.973,1.066
360.003,1.067
360.033,1.068
360.063,1.065
360.093,1.068
360.123,1.070
360.153,1.070
360.183,1.064
360.213,1.067
360.243,1.072
360.273,1.065
360.303,1.067
360.333,1.072
360.363,1.068
360.393,1.070
360.423,1.068
360.453,1.066
360.483,1.066
360.513,1.069
360.543,1.072
360.573,1.066
360.603,1.063
360.633,1.066
360.663,1.072
360.693,1.069
360.723,1.073
360.753,1.074
360.783,1.067
360.813,1.062
360.843,1.070
360.873,1.062
360.903,1.064
360.933,1.068
360.963,1.064
360.993,1.070
361.023,1.072
361.053,1.071
361.083,1.066
361.113,1.068
361.143,1.066
361.173,1.066
361.203,1.067
361.233,1.066
361.263,1.067
361.293,1.068
361.323,1.076
361.353,1.074
361.383,1.071
361.413,1.064
361.443,1.069
361.473,1.066
361.503,1.066
361.533,1.076
361.563,1.072
361.593,1.071
361.623,1.067
361.653,1.074
361.683,1.074
361.713,1.065
361.743,1.069
361.773,1.058
361.803,1.069
361.833,1.076
361.863,1.062
361.893,1.070
361.923,1.075
361.953,1.070
361.983,1.078
362.013,1.074
362.043,1.065
362.073,1.070
362.103,1.066
362.133,1.068
362.163,1.070
362.193,1.071
362.223,1.068
362.253,1.067
362.283,1.069
362.313,1.069
362.343,1.068
362.373,1.070
362.403,1.072
362.433,1.068
362.463,1.063
362.493,1.070
362.523,1.069
362.553,1.067
362.583,1.076
362.613,1.066
362.643,1.068
362.673,1.073
362.703,1.072
362.733,1.073
362.763,1.066
362.793,1.068
362.823,1.070
362.853,1.075
362.883,1.070
362.913,1.072
362.943,1.067
362.973,1.064
363.003,1.072
363.033,1.065
363.063,1.070
363.093,1.069
363.123,1.064
363.153,1.072
363.183,1.072
363.213,1.071
363.243,1.070
363.273,1.072
363.303,1.072
363.333,1.068
363.363,1.074
363.393,1.068
363.423,1.072
363.453,1.065
363.483,1.077
363.513,1.094
363.543,1.083
363.573,1.059
363.603,1.079
363.633,1.108
363.663,1.082
363.693,1.062
363.723,1.068
363.753,1.063
363.783,1.080
363.813,1.079
363.843,1.082
363.873,1.077
363.903,1.069
363.933,1.052
363.963,1.060
363.993,1.053
364.023,1.065
364.053,1.075
364.083,1.071
364.113,1.067
364.143,1.075
364.173,1.067
364.203,1.062
364.233,1.066
364.263,1.060
364.293,1.058
364.323,1.061
364.353,1.059
364.383,1.067
364.413,1.070
364.443,1.069
364.473,1.071
364.503,1.063
364.533,1.064
364.563,1.067
364.593,1.069
364.623,1.086
364.653,1.063
364.683,1.066
364.713,1.063
364.743,1.070
364.773,1.066
364.803,1.068
364.833,1.061
364.863,1.066
364.893,1.060
364.923,1.055
364.953,1.062
364.983,1.050
365.013,1.058
365.043,1.068
365.073,1.065
365.103,1.069
365.133,1.066
365.163,1.063
365.193,1.055
365.223,1.059
365.253,1.064
365.283,1.068
365.313,1.058
365.343,1.069
365.373,1.065
365.403,1.058
365.433,1.065
365.463,1.059
365.493,1.062
365.523,1.065
365.553,1.059
365.583,1.061
365.613,1.062
365.643,1.062
365.673,1.057
365.703,1.059
365.733,1.071
365.763,1.061
365.793,1.065
365.823,1.060
365.853,1.054
365.883,1.061
365.913,1.062
365.943,1.067
365.973,1.061
366.003,1.062
366.033,1.062
366.063,1.058
366.093,1.062
366.123,1.066
366.153,1.062
366.183,1.057
366.213,1.058
366.243,1.067
366.273,1.060
366.303,1.062
366.333,1.056
366.363,1.062
366.393,1.067
366.423,1.062
366.453,1.060
366.483,1.062
366.513,1.062
366.543,1.062
366.573,1.066
366.603,1.052
366.633,1.057
366.663,1.065
366.693,1.059
366.723,1.071
366.753,1.062
366.783,1.058
366.813,1.065
366.843,1.058
366.873,1.062
366.903,1.061
366.933,1.066
366.963,1.062
366.993,1.062
367.023,1.063
367.053,1.068
367.083,1.063
367.113,1.056
367.143,1.062
367.173,1.063
367.203,1.065
367.233,1.066
367.263,1.065
367.293,1.063
367.323,1.064
367.353,1.059
367.383,1.062
367.413,1.062
367.443,1.065
367.473,1.059
367.503,1.062
367.533,1.070
367.563,1.064
367.593,1.065
367.623,1.063
367.653,1.058
367.683,1.062
367.713,1.065
367.743,1.058
367.773,1.065
367.803,1.065
367.833,1.065
367.863,1.064
367.893,1.062
367.923,1.064
367.953,1.059
367.983,1.067
368.013,1.066
368.043,1.066
368.073,1.064
368.103,1.065
368.133,1.062
368.163,1.062
368.193,1.065
368.223,1.066
368.253,1.061
368.283,1.067
368.313,1.066
368.343,1.062
368.373,1.062
368.403,1.063
368.433,1.068
368.463,1.069
368.493,1.062
368.523,1.061
368.553,1.067
368.583,1.067
368.613,1.062
368.643,1.062
368.673,1.064
368.703,1.064
368.733,1.066
368.763,1.060
368.793,1.065
368.823,1.067
368.853,1.060
368.883,1.064
368.913,1.063
368.943,1.067
368.973,1.059
369.003,1.065
369.033,1.064
369.063,1.062
369.093,1.073
369.123,1.062
369.153,1.068
369.183,1.065
369.213,1.059
369.243,1.068
369.273,1.065
369.303,1.059
369.333,1.068
369.363,1.066
369.393,1.065
369.423,1.064
369.453,1.058
369.483,1.060
369.513,1.066
369.543,1.063
369.573,1.064
369.603,1.061
369.633,1.063
369.663,1.062
369.693,1.065
369.723,1.065
369.753,1.062
369.783,1.065
369.813,1.071
369.843,1.068
369.873,1.065
369.903,1.063
369.933,1.062
369.963,1.065
369.993,1.066
370.023,1.067
370.053,1.064
370.083,1.068
370.113,1.067
370.143,1.062
370.173,1.062
370.203,1.068
370.233,1.066
370.263,1.061
370.293,1.062
370.323,1.062
370.353,1.064
370.383,1.066
370.413,1.068
370.443,1.067
370.473,1.052
370.503,1.067
370.533,1.071
370.563,1.063
370.593,1.066
370.623,1.072
370.653,1.065
370.683,1.068
370.713,1.071
370.743,1.062
370.773,1.069
370.803,1.076
370.833,1.073
370.863,1.065
370.893,1.067
370.923,1.075
370.953,1.073
370.983,1.068
371.013,1.068
371.043,1.069
371.073,1.075
371.103,1.068
371.133,1.070
371.163,1.069
371.193,1.069
371.223,1.067
371.253,1.068
371.283,1.069
371.313,1.068
371.343,1.075
371.373,1.072
371.403,1.068
371.433,1.072
371.463,1.074
371.493,1.071
371.523,1.068
371.553,1.068
371.583,1.076
371.613,1.065
371.643,1.064
371.673,1.073
371.703,1.065
371.733,1.071
371.763,1.074
371.793,1.063
371.823,1.075
371.853,1.074
371.883,1.072
371.913,1.069
371.943,1.065
371.973,1.069
372.003,1.075
372.033,1.075
372.063,1.076
372.093,1.073
372.123,1.075
372.153,1.073
372.183,1.074
372.213,1.075
372.243,1.075
372.273,1.073
372.303,1.072
372.333,1.070
372.363,1.069
372.393,1.067
372.423,1.065
372.453,1.063
372.483,1.060
372.513,1.072
372.543,1.075
372.573,1.070
372.603,1.072
372.633,1.068
372.663,1.075
372.693,1.085
372.723,1.065
372.753,1.070
372.783,1.066
372.813,1.067
372.843,1.064
372.873,1.080
372.903,1.091
372.933,1.079
372.963,1.085
372.993,1.079
373.023,1.085
373.053,1.094
373.083,1.090
373.113,1.086
373.143,1.086
373.173,1.088
373.203,1.089
373.233,1.092
373.263,1.091
373.293,1.096
373.323,1.101
373.353,1.096
373.383,1.094
373.413,1.096
373.443,1.100
373.473,1.091
373.503,1.090
373.533,1.084
373.563,1.078
373.593,1.077
373.623,1.082
373.653,1.080
373.683,1.085
373.713,1.082
373.743,1.082
373.773,1.087
373.803,1.086
373.833,1.084
373.863,1.088
373.893,1.085
373.923,1.084
373.953,1.083
373.983,1.083
374.013,1.085
374.043,1.086
374.073,1.082
374.103,1.083
374.133,1.085
374.163,1.087
374.193,1.082
374.223,1.084
374.253,1.083
374.283,1.088
374.313,1.086
374.343,1.083
374.373,1.087
374.403,1.085
374.433,1.079
374.463,1.083
374.493,1.086
374.523,1.090
374.553,1.089
374.583,1.083
374.613,1.083
374.643,1.084
374.673,1.083
374.703,1.082
374.733,1.086
374.763,1.085
374.793,1.087
374.823,1.089
374.853,1.089
374.883,1.090
374.913,1.083
374.943,1.081
374.973,1.078
375.003,1.082
375.033,1.086
375.063,1.092
375.093,1.091
375.123,1.086
375.153,1.088
375.183,1.088
375.213,1.087
375.243,1.085
375.273,1.084
375.303,1.081
375.333,1.080
375.363,1.080
375.393,1.080
375.423,1.083
375.453,1.086
375.483,1.088
375.513,1.090
375.543,1.085
375.573,1.082
375.603,1.088
375.633,1.090
375.663,1.084
375.693,1.082
375.723,1.089
375.753,1.090
375.783,1.087
375.813,1.091
375.843,1.087
375.873,1.089
375.903,1.086
375.933,1.085
375.963,1.083
375.993,1.084
376.023,1.084
376.053,1.086
376.083,1.090
376.113,1.083
376.143,1.091
376.173,1.094
376.203,1.089
376.233,1.098
376.263,1.112
376.293,1.117
376.323,1.108
376.353,1.102
376.383,1.092
376.413,1.090
376.443,1.083
376.473,1.068
376.503,1.066
376.533,1.067
376.563,1.073
376.593,1.075
376.623,1.074
376.653,1.078
376.683,1.081
376.713,1.076
376.743,1.079
376.773,1.085
376.803,1.082
376.833,1.081
376.863,1.087
376.893,1.085
376.923,1.082
376.953,1.091
376.983,1.087
377.013,1.091
377.043,1.091
377.073,1.076
377.103,1.094
377.133,1.079
377.163,1.080
377.193,1.086
377.223,1.083
377.253,1.087
377.283,1.087
377.313,1.085
377.343,1.087
377.373,1.082
377.403,1.086
377.433,1.086
377.463,1.082
377.493,1.088
377.523,1.084
377.553,1.084
377.583,1.092
377.613,1.085
377.643,1.086
377.673,1.087
377.703,1.083
377.733,1.086
377.763,1.086
377.793,1.084
377.823,1.090
377.853,1.081
377.883,1.084
377.913,1.086
377.943,1.092
377.973,1.083
378.003,1.081
378.033,1.083
378.063,1.087
378.093,1.086
378.123,1.078
378.153,1.091
378.183,1.085
378.213,1.088
378.243,1.093
378.273,1.088
378.303,1.088
378.333,1.086
378.363,1.083
378.393,1.085
378.423,1.086
378.453,1.095
378.483,1.104
378.513,1.092
378.543,1.095
378.573,1.087
378.603,1.092
378.633,1.109
378.663,1.091
378.693,1.087
378.723,1.074
378.753,1.072
378.783,1.073
378.813,1.076
378.843,1.069
378.873,1.064
378.903,1.074
378.933,1.063
378.963,1.052
378.993,1.074
379.023,1.063
379.053,1.078
379.083,1.072
379.113,1.060
379.143,1.063
379.173,1.073
379.203,1.068
379.233,1.064
379.263,1.073
379.293,1.066
379.323,1.061
379.353,1.070
379.383,1.067
379.413,1.065
379.443,1.069
379.473,1.061
379.503,1.070
379.533,1.076
379.563,1.080
379.593,1.064
379.623,1.065
379.653,1.067
379.683,1.067
379.713,1.062
379.743,1.066
379.773,1.064
379.803,1.058
379.833,1.071
379.863,1.058
379.893,1.071
379.923,1.070
379.953,1.065
379.983,1.069
380.013,1.068
380.043,1.065
380.073,1.070
380.103,1.063
380.133,1.066
380.163,1.065
380.193,1.068
380.223,1.064
380.253,1.068
380.283,1.062
380.313,1.066
380.343,1.063
380.373,1.064
380.403,1.065
380.433,1.070
380.463,1.062
380.493,1.075
380.523,1.071
380.553,1.062
380.583,1.064
380.613,1.065
380.643,1.062
380.673,1.061
380.703,1.067
380.733,1.070
380.763,1.063
380.793,1.067
380.823,1.064
380.853,1.067
380.883,1.064
380.913,1.066
380.943,1.070
380.973,1.062
381.003,1.066
381.033,1.070
381.063,1.062
381.093,1.074
381.123,1.072
381.153,1.064
381.183,1.059
381.213,1.070
381.243,1.073
381.273,1.061
381.303,1.068
381.333,1.069
381.363,1.068
381.393,1.065
381.423,1.065
381.453,1.064
381.483,1.078
381.513,1.067
381.543,1.065
381.573,1.069
381.603,1.068
381.633,1.069
381.663,1.068
381.693,1.081
381.723,1.070
381.753,1.066
381.783,1.067
381.813,1.060
381.843,1.064
381.873,1.059
381.903,1.062
381.933,1.070
381.963,1.067
381.993,1.073
382.023,1.068
382.053,1.070
382.083,1.067
382.113,1.074
382.143,1.067
382.173,1.073
382.203,1.069
382.233,1.074
382.263,1.069
382.293,1.068
382.323,1.076
382.353,1.072
382.383,1.069
382.413,1.066
382.443,1.061
382.473,1.069
382.503,1.071
382.533,1.066
382.563,1.071
382.593,1.071
382.623,1.065
382.653,1.068
382.683,1.064
382.713,1.069
382.743,1.074
382.773,1.069
382.803,1.068
382.833,1.071
382.863,1.067
382.893,1.063
382.923,1.069
382.953,1.071
382.983,1.075
383.013,1.072
383.043,1.065
383.073,1.068
383.103,1.070
383.133,1.073
383.163,1.072
383.193,1.070
383.223,1.075
383.253,1.071
383.283,1.068
383.313,1.069
383.343,1.064
383.373,1.066
383.403,1.067
383.433,1.073
383.463,1.071
383.493,1.071
383.523,1.072
383.553,1.071
383.583,1.068
383.613,1.071
383.643,1.072
383.673,1.071
383.703,1.068
383.733,1.071
383.763,1.068
383.793,1.070
383.823,1.071
383.853,1.070
383.883,1.071
383.913,1.066
383.943,1.064
383.973,1.068
384.003,1.070
384.033,1.066
384.063,1.070
384.093,1.075
384.123,1.065
384.153,1.078
384.183,1.074
384.213,1.072
384.243,1.071
384.273,1.070
384.303,1.071
384.333,1.065
384.363,1.062
384.393,1.072
384.423,1.070
384.453,1.067
384.483,1.070
384.513,1.071
384.543,1.072
384.573,1.068
384.603,1.067
384.633,1.072
384.663,1.070
384.693,1.072
384.723,1.071
384.753,1.073
384.783,1.077
384.813,1.074
384.843,1.065
384.873,1.068
384.903,1.072
384.933,1.063
384.963,1.070
384.993,1.068
385.023,1.071
385.053,1.074
385.083,1.069
385.113,1.071
385.143,1.070
385.173,1.070
385.203,1.068
385.233,1.066
385.263,1.065
385.293,1.070
385.323,1.073
385.353,1.069
385.383,1.067
385.413,1.069
385.443,1.079
385.473,1.073
385.503,1.067
385.533,1.067
385.563,1.069
385.593,1.072
385.623,1.070
385.653,1.074
385.683,1.071
385.713,1.066
385.743,1.080
385.773,1.067
385.803,1.064
385.833,1.074
385.863,1.072
385.893,1.069
385.923,1.075
385.953,1.075
385.983,1.072
386.013,1.077
386.043,1.075
386.073,1.066
386.103,1.079
386.133,1.074
386.163,1.072
386.193,1.076
386.223,1.076
386.253,1.076
386.283,1.078
386.313,1.076
386.343,1.075
386.373,1.072
386.403,1.071
386.433,1.071
386.463,1.074
386.493,1.075
386.523,1.075
386.553,1.071
386.583,1.068
386.613,1.070
386.643,1.077
386.673,1.070
386.703,1.065
386.733,1.064
386.763,1.078
386.793,1.070
386.823,1.065
386.853,1.062
386.883,1.062
386.913,1.062
386.943,1.061
386.973,1.061
387.003,1.061
387.033,1.066
387.063,1.058
387.093,1.066
387.123,1.068
387.153,1.061
387.183,1.062
387.213,1.062
387.243,1.060
387.273,1.082
387.303,1.057
387.333,1.049
387.363,1.061
387.393,1.065
387.423,1.067
387.453,1.068
387.483,1.068
387.513,1.068
387.543,1.041
387.573,1.053
387.603,1.056
387.633,1.061
387.663,1.070
387.693,1.057
387.723,1.047
387.753,1.042
387.783,1.022
387.813,1.042
387.843,1.059
387.873,1.063
387.903,1.093
387.933,1.034
387.963,1.124
387.993,1.123
388.023,1.078
388.053,1.021
388.083,1.026
388.113,0.989
388.143,1.088
388.173,1.060
388.203,1.000
388.233,1.024
388.263,1.072
388.293,1.009
388.323,1.050
388.353,1.089
388.383,1.103
388.413,1.112
388.443,1.147
388.473,1.134
388.503,1.093
388.533,1.146
388.563,1.136
388.593,1.100
388.623,1.155
388.653,1.129
388.683,1.085
388.713,1.082
388.743,1.071
388.773,1.028
388.803,1.063
388.833,1.101
388.863,1.067
388.893,1.032
388.923,1.018
388.953,0.992
388.983,1.047
389.013,1.040
389.043,1.037
389.073,1.055
389.103,1.027
389.133,1.007
389.163,1.031
389.193,1.037
389.223,1.021
389.253,1.049
389.283,1.031
389.313,1.022
389.343,1.043
389.373,1.058
389.403,1.031
389.433,1.016
389.463,1.037
389.493,1.045
389.523,1.059
389.553,1.021
389.583,1.033
389.613,1.043
389.643,1.048
389.673,1.033
389.703,1.067
389.733,1.065
389.763,1.015
389.793,1.028
389.823,1.066
389.853,1.047
389.883,1.016
389.913,1.019
389.943,1.040
389.973,1.045
390.003,1.077
390.033,1.080
390.063,1.037
390.093,1.013
390.123,0.986
390.153,1.047
390.183,1.116
390.213,1.071
390.243,1.040
390.273,1.034
390.303,1.012
390.333,1.033
390.363,1.047
390.393,1.051
390.423,1.046
390.453,1.010
390.483,1.042
390.513,1.045
390.543,1.021
390.573,1.025
390.603,1.049
390.633,1.027
390.663,1.045
390.693,1.034
390.723,1.026
390.753,1.029
390.783,1.029
390.813,1.041
390.843,1.046
390.873,1.027
390.903,1.030
390.933,1.060
390.963,1.054
390.993,0.991
391.023,0.983
391.053,1.027
391.083,1.008
391.113,1.048
391.143,1.084
391.173,1.038
391.203,1.029
391.233,1.053
391.263,1.038
391.293,1.030
391.323,1.042
391.353,1.034
391.383,1.033
391.413,1.070
391.443,1.049
391.473,1.050
391.503,1.065
391.533,1.086
391.563,1.083
391.593,1.062
391.623,1.062
391.653,1.083
391.683,1.094
391.713,1.105
391.743,1.083
391.773,1.084
391.803,1.092
391.833,1.097
391.863,1.087
391.893,1.097
391.923,1.079
391.953,1.087
391.983,1.091
392.013,1.106
392.043,1.110
392.073,1.138
392.103,1.143
392.133,1.120
392.163,1.144
392.193,1.145
392.223,1.094
392.253,1.065
392.283,1.042
392.313,1.009
392.343,1.004
392.373,1.011
392.403,0.993
392.433,1.034
392.463,1.077
392.493,1.042
392.523,0.987
392.553,1.005
392.583,1.008
392.613,1.048
392.643,1.113
392.673,1.034
392.703,1.074
392.733,1.095
392.763,1.015
392.793,1.142
392.823,1.174
392.853,1.138
392.883,1.091
392.913,1.099
392.943,1.101
392.973,1.100
393.003,1.085
393.033,1.030
393.063,1.072
393.093,1.120
393.123,1.066
393.153,1.091
393.183,1.121
393.213,1.060
393.243,1.075
393.273,1.031
393.303,1.070
393.333,1.069
393.363,1.063
393.393,1.070
393.423,1.065
393.453,1.044
393.483,1.019
393.513,0.998
393.543,1.064
393.573,1.005
393.603,1.024
393.633,1.026
393.663,1.034
393.693,1.067
393.723,1.058
393.753,1.041
393.783,1.077
393.813,1.095
393.843,1.125
393.873,1.133
393.903,1.142
393.933,1.141
393.963,1.156
393.993,1.128
394.023,1.122
394.053,1.104
394.083,1.083
394.113,1.085
394.143,1.078
394.173,1.040
394.203,1.050
394.233,1.077
394.263,1.061
394.293,1.033
394.323,1.001
394.353,1.023
394.383,1.083
394.413,1.094
394.443,1.013
394.473,1.027
394.503,1.084
394.533,1.065
394.563,1.020
394.593,1.085
394.623,1.046
394.653,0.962
394.683,1.056
394.713,1.147
394.743,1.107
394.773,1.095
394.803,1.140
394.833,1.137
394.863,1.151
394.893,1.146
394.923,1.109
394.953,1.085
394.983,1.050
395.013,1.062
395.043,1.079
395.073,1.081
395.103,1.106
395.133,1.106
395.163,1.068
395.193,1.064
395.223,1.078
395.253,1.047
395.283,1.051
395.313,1.040
395.343,1.053
395.373,1.085
395.403,1.056
395.433,1.054
395.463,1.062
395.493,1.047
395.523,1.039
395.553,1.046
395.583,1.052
395.613,1.030
395.643,1.042
395.673,1.065
395.703,1.042
395.733,1.043
395.763,1.043
395.793,1.057
395.823,1.058
395.853,1.065
395.883,1.055
395.913,1.068
395.943,1.056
395.973,1.053
396.003,1.045
396.033,1.058
396.063,1.065
396.093,1.043
396.123,1.050
396.153,1.062
396.183,1.053
396.213,1.057
396.243,1.068
396.273,1.053
396.303,1.048
396.333,1.078
396.363,1.046
396.393,1.058
396.423,1.060
396.453,1.057
396.483,1.053
396.513,1.059
396.543,1.056
396.573,1.061
396.603,1.063
396.633,1.058
396.663,1.046
396.693,1.047
396.723,1.056
396.753,1.054
396.783,1.049
396.813,1.063
396.843,1.059
396.873,1.057
396.903,1.050
396.933,1.046
396.963,1.061
396.993,1.049
397.023,1.041
397.053,1.072
397.083,1.070
397.113,1.051
397.143,1.052
397.173,1.069
397.203,1.044
397.233,1.055
397.263,1.058
397.293,1.039
397.323,1.059
397.353,1.059
397.383,1.062
397.413,1.071
397.443,1.067
397.473,1.055
397.503,1.056
397.533,1.061
397.563,1.051
397.593,1.064
397.623,1.076
397.653,1.051
397.683,1.051
397.713,1.057
397.743,1.046
397.773,1.053
397.803,1.063
397.833,1.057
397.863,1.065
397.893,1.073
397.923,1.066
397.953,1.052
397.983,1.046
398.013,1.050
398.043,1.062
398.073,1.054
398.103,1.058
398.133,1.052
398.163,1.054
398.193,1.062
398.223,1.057
398.253,1.058
398.283,1.051
398.313,1.054
398.343,1.058
398.373,1.065
398.403,1.063
398.433,1.043
398.463,1.053
398.493,1.049
398.523,1.057
398.553,1.056
398.583,1.058
398.613,1.058
398.643,1.059
398.673,1.053
398.703,1.056
398.733,1.054
398.763,1.064
398.793,1.060
398.823,1.052
398.853,1.053
398.883,1.057
398.913,1.062
398.943,1.055
398.973,1.062
399.003,1.060
399.033,1.060
399.063,1.062
399.093,1.050
399.123,1.049
399.153,1.078
399.183,1.069
399.213,1.051
399.243,1.037
399.273,1.046
399.303,1.060
399.333,1.082
399.363,1.076
399.393,1.031
399.423,1.045
399.453,1.060
399.483,1.056
399.513,1.064
399.543,1.073
399.573,1.067
399.603,1.040
399.633,1.037
399.663,1.057
399.693,1.048
399.723,1.063
399.753,1.067
399.783,1.057
399.813,1.058
399.843,1.045
399.873,1.052
399.903,1.069
399.933,1.057
399.963,1.064
399.993,1.062
400.023,1.050
400.053,1.057
400.083,1.044
400.113,1.054
400.143,1.053
400.173,1.056
400.203,1.055
400.233,1.032
400.263,1.050
400.293,1.052
400.323,1.056
400.353,1.047
400.383,1.039
400.413,1.041
400.443,1.062
400.473,1.061
400.503,1.041
400.533,1.043
400.563,1.057
400.593,1.048
400.623,1.057
400.653,1.044
400.683,1.053
400.713,1.035
400.743,1.037
400.773,1.043
400.803,1.043
400.833,1.043
400.863,1.049
400.893,1.031
400.923,1.057
400.953,1.068
400.983,1.038
401.013,1.035
401.043,1.054
401.073,1.068
401.103,1.074
401.133,1.061
401.163,1.083
401.193,1.072
401.223,1.069
401.253,1.074
401.283,1.063
401.313,1.067
401.343,1.076
401.373,1.080
401.403,1.078
401.433,1.069
401.463,1.079
401.493,1.083
401.523,1.088
401.553,1.085
401.583,1.064
401.613,1.068
401.643,1.073
401.673,1.070
401.703,1.070
401.733,1.068
401.763,1.070
401.793,1.065
401.823,1.062
401.853,1.073
401.883,1.072
401.913,1.058
401.943,1.069
401.973,1.066
402.003,1.055
402.033,1.066
402.063,1.070
402.093,1.062
402.123,1.069
402.153,1.070
402.183,1.072
402.213,1.069
402.243,1.070
402.273,1.063
402.303,1.077
402.333,1.072
402.363,1.063
402.393,1.066
402.423,1.066
402.453,1.062
402.483,1.066
402.513,1.072
402.543,1.066
402.573,1.063
402.603,1.062
402.633,1.064
402.663,1.067
402.693,1.064
402.723,1.070
402.753,1.067
402.783,1.073
402.813,1.064
402.843,1.068
402.873,1.068
402.903,1.064
402.933,1.066
402.963,1.066
402.993,1.072
403.023,1.067
403.053,1.076
403.083,1.069
403.113,1.061
403.143,1.063
403.173,1.066
403.203,1.065
403.233,1.073
403.263,1.073
403.293,1.063
403.323,1.071
403.353,1.069
403.383,1.070
403.413,1.062
403.443,1.067
403.473,1.062
403.503,1.066
403.533,1.072
403.563,1.062
403.593,1.076
403.623,1.076
403.653,1.055
403.683,1.063
403.713,1.064
403.743,1.073
403.773,1.077
403.803,1.062
403.833,1.062
403.863,1.072
403.893,1.064
403.923,1.072
403.953,1.069
403.983,1.069
404.013,1.068
404.043,1.068
404.073,1.067
404.103,1.066
404.133,1.073
404.163,1.072
404.193,1.069
404.223,1.068
404.253,1.049
404.283,1.064
404.313,1.079
404.343,1.106
404.373,1.111
404.403,1.033
404.433,1.065
404.463,1.059
404.493,1.071
404.523,1.072
404.553,1.054
404.583,1.001
404.613,1.009
404.643,1.014
404.673,1.030
404.703,1.035
404.733,1.060
404.763,1.052
404.793,1.072
404.823,1.080
404.853,1.037
404.883,1.070
404.913,1.035
404.943,1.036
404.973,1.058
405.003,1.044
405.033,1.119
405.063,1.062
405.093,1.066
405.123,1.098
405.153,1.051
405.183,1.090
405.213,1.104
405.243,1.072
405.273,1.077
405.303,1.062
405.333,1.087
405.363,1.070
405.393,1.066
405.423,1.083
405.453,1.060
405.483,1.056
405.513,1.072
405.543,1.067
405.573,1.058
405.603,1.066
405.633,1.062
405.663,1.055
405.693,1.068
405.723,1.074
405.753,1.068
405.783,1.062
405.813,1.066
405.843,1.064
405.873,1.052
405.903,1.068
405.933,1.065
405.963,1.055
405.993,1.068
406.023,1.061
406.053,1.065
406.083,1.064
406.113,1.067
406.143,1.062
406.173,1.058
406.203,1.073
406.233,1.067
406.263,1.064
406.293,1.064
406.323,1.062
406.353,1.064
406.383,1.057
406.413,1.075
406.443,1.071
406.473,1.073
406.503,1.062
406.533,1.062
406.563,1.057
406.593,1.061
406.623,1.071
406.653,1.060
406.683,1.065
406.713,1.069
406.743,1.067
406.773,1.071
406.803,1.061
406.833,1.063
406.863,1.067
406.893,1.062
406.923,1.068
406.953,1.062
406.983,1.067
407.013,1.069
407.043,1.062
407.073,1.070
407.103,1.071
407.133,1.068
407.163,1.066
407.193,1.065
407.223,1.067
407.253,1.066
407.283,1.066
407.313,1.066
407.343,1.079
407.373,1.075
407.403,1.086
407.433,1.089
407.463,1.067
407.493,1.085
407.523,1.102
407.553,1.125
407.583,1.148
407.613,1.091
407.643,1.060
407.673,1.035
407.703,1.037
407.733,1.081
407.763,1.075
407.793,1.060
407.823,1.072
407.853,1.089
407.883,1.087
407.913,1.045
407.943,1.031
407.973,1.010
408.003,1.010
408.033,1.027
408.063,1.026
408.093,1.040
408.123,1.084
408.153,1.110
408.183,1.056
408.213,1.067
408.243,1.119
408.273,1.155
408.303,1.143
408.333,1.173
408.363,1.146
408.393,1.137
408.423,1.114
408.453,1.148
408.483,1.139
408.513,1.083
408.543,1.066
408.573,1.065
408.603,1.066
408.633,1.016
408.663,1.007
408.693,1.033
408.723,0.994
408.753,0.973
408.783,0.965
408.813,0.980
408.843,0.977
408.873,0.959
408.903,0.938
408.933,0.934
408.963,0.978
408.993,0.961
409.023,0.962
409.053,0.991
409.083,1.000
409.113,0.980
409.143,1.037
409.173,1.054
409.203,1.053
409.233,1.096
409.263,1.120
409.293,1.095
409.323,1.093
409.353,1.119
409.383,1.112
409.413,1.078
409.443,1.094
409.473,1.107
409.503,1.092
409.533,1.099
409.563,1.128
409.593,1.126
409.623,1.112
409.653,1.107
409.683,1.103
409.713,1.094
409.743,1.102
409.773,1.103
409.803,1.110
409.833,1.111
409.863,1.115
409.893,1.104
409.923,1.097
409.953,1.096
409.983,1.090
410.013,1.087
410.043,1.077
410.073,1.076
410.103,1.081
410.133,1.076
410.163,1.076
410.193,1.075
410.223,1.078
410.253,1.080
410.283,1.078
410.313,1.093
410.343,1.088
410.373,1.080
410.403,1.083
410.433,1.084
410.463,1.087
410.493,1.084
410.523,1.082
410.553,1.081
410.583,1.087
410.613,1.079
410.643,1.069
410.673,1.075
410.703,1.076
410.733,1.082
410.763,1.090
410.793,1.084
410.823,1.082
410.853,1.089
410.883,1.079
410.913,1.085
410.943,1.084
410.973,1.079
411.003,1.077
411.033,1.082
411.063,1.081
411.093,1.078
411.123,1.080
411.153,1.076
411.183,1.074
411.213,1.082
411.243,1.079
411.273,1.079
411.303,1.080
411.333,1.068
411.363,1.076
411.393,1.077
411.423,1.076
411.453,1.082
411.483,1.083
411.513,1.091
411.543,1.104
411.573,1.110
411.603,1.116
411.633,1.125
411.663,1.110
411.693,1.117
411.723,1.114
411.753,1.111
411.783,1.112
411.813,1.095
411.843,1.079
411.873,1.098
411.903,1.082
411.933,1.066
411.963,1.070
411.993,1.056
412.023,1.053
412.053,1.062
412.083,1.051
412.113,1.047
412.143,1.045
412.173,1.049
412.203,1.051
412.233,1.063
412.263,1.067
412.293,1.080
412.323,1.115
412.353,1.104
412.383,1.071
412.413,1.082
412.443,1.091
412.473,1.087
412.503,1.076
412.533,1.101
412.563,1.104
412.593,1.079
412.623,1.045
412.653,1.029
412.683,1.027
412.713,1.026
412.743,1.040
412.773,1.023
412.803,1.028
412.833,1.050
412.863,1.013
412.893,1.021
412.923,1.077
412.953,1.063
412.983,1.064
413.013,1.061
413.043,1.061
413.073,1.049
413.103,1.039
413.133,1.067
413.163,1.099
413.193,1.054
413.223,1.073
413.253,1.097
413.283,1.073
413.313,1.095
413.343,1.065
413.373,1.067
413.403,1.110
413.433,1.122
413.463,1.104
413.493,1.134
413.523,1.128
413.553,1.104
413.583,1.124
413.613,1.133
413.643,1.067
413.673,1.015
413.703,1.031
413.733,1.077
413.763,1.045
413.793,1.054
413.823,1.072
413.853,1.071
413.883,1.069
413.913,1.061
413.943,1.061
413.973,1.064
414.003,1.052
414.033,1.055
414.063,1.066
414.093,1.063
414.123,1.067
414.153,1.068
414.183,1.061
414.213,1.060
414.243,1.062
414.273,1.060
414.303,1.059
414.333,1.057
414.363,1.063
414.393,1.057
414.423,1.065
414.453,1.058
414.483,1.062
414.513,1.061
414.543,1.065
414.573,1.064
414.603,1.059
414.633,1.060
414.663,1.066
414.693,1.066
414.723,1.066
414.753,1.058
414.783,1.064
414.813,1.057
414.843,1.058
414.873,1.065
414.903,1.060
414.933,1.060
414.963,1.058
414.993,1.058
415.023,1.058
415.053,1.072
415.083,1.046
415.113,1.064
415.143,1.074
415.173,1.060
415.203,1.062
415.233,1.051
415.263,1.057
415.293,1.060
415.323,1.041
415.353,1.040
415.383,1.062
415.413,1.065
415.443,1.045
415.473,1.057
415.503,1.056
415.533,1.040
415.563,1.052
415.593,1.056
415.623,1.050
415.653,1.046
415.683,1.053
415.713,1.051
415.743,1.065
415.773,1.056
415.803,1.058
415.833,1.065
415.863,1.054
415.893,1.054
415.923,1.053
415.953,1.058
415.983,1.053
416.013,1.058
416.043,1.062
416.073,1.051
416.103,1.060
416.133,1.065
416.163,1.059
416.193,1.059
416.223,1.056
416.253,1.059
416.283,1.056
416.313,1.066
416.343,1.050
416.373,1.061
416.403,1.061
416.433,1.055
416.463,1.053
416.493,1.054
416.523,1.058
416.553,1.055
416.583,1.058
416.613,1.054
416.643,1.058
416.673,1.062
416.703,1.062
416.733,1.058
416.763,1.059
416.793,1.055
416.823,1.054
416.853,1.051
416.883,1.055
416.913,1.050
416.943,1.062
416.973,1.066
417.003,1.052
417.033,1.057
417.063,1.058
417.093,1.056
417.123,1.056
417.153,1.064
417.183,1.049
417.213,1.054
417.243,1.057
417.273,1.060
417.303,1.060
417.333,1.060
417.363,1.054
417.393,1.051
417.423,1.061
417.453,1.062
417.483,1.056
417.513,1.059
417.543,1.060
417.573,1.061
417.603,1.055
417.633,1.050
417.663,1.050
417.693,1.056
417.723,1.061
417.753,1.062
417.783,1.068
417.813,1.054
417.843,1.058
417.873,1.060
417.903,1.051
417.933,1.058
417.963,1.063
417.993,1.050
418.023,1.056
418.053,1.059
418.083,1.049
418.113,1.055
418.143,1.056
418.173,1.062
418.203,1.062
418.233,1.065
418.263,1.058
418.293,1.059
418.323,1.055
418.353,1.062
418.383,1.059
418.413,1.050
418.443,1.056
418.473,1.056
418.503,1.063
418.533,1.076
418.563,1.070
418.593,1.070
418.623,1.079
418.653,1.105
418.683,1.088
418.713,1.092
418.743,1.077
418.773,1.040
418.803,1.060
418.833,1.096
418.863,1.115
418.893,1.117
418.923,1.099
418.953,1.070
418.983,1.041
419.013,1.048
419.043,1.041
419.073,1.038
419.103,1.023
419.133,1.027
419.163,0.992
419.193,0.988
419.223,1.004
419.253,1.004
419.283,1.015
419.313,1.042
419.343,1.007
419.373,1.035
419.403,1.028
419.433,1.031
419.463,1.010
419.493,1.025
419.523,1.029
419.553,1.020
419.583,1.032
419.613,1.077
419.643,1.052
419.673,1.040
419.703,1.010
419.733,1.072
419.763,1.077
419.793,1.069
419.823,1.056
419.853,1.060
419.883,1.030
419.913,1.059
419.943,1.030
419.973,1.000
420.003,0.987
420.033,0.995
420.063,1.011
420.093,1.056
420.123,1.081
420.153,1.058
420.183,1.028
420.213,0.936
420.243,0.909
420.273,1.007
420.303,1.035
420.333,1.034
420.363,1.068
420.393,0.979
420.423,1.036
420.453,1.081
420.483,1.021
420.513,1.054
420.543,1.084
420.573,1.111
420.603,1.107
420.633,1.080
420.663,1.088
420.693,1.097
420.723,1.083
420.753,1.090
420.783,1.098
420.813,1.105
420.843,1.084
420.873,1.095
420.903,1.105
420.933,1.094
420.963,1.086
420.993,1.080
421.023,1.078
421.053,1.075
421.083,1.070
421.113,1.064
421.143,1.062
421.173,1.064
421.203,1.062
421.233,1.062
421.263,1.071
421.293,1.058
421.323,1.077
421.353,1.065
421.383,1.062
421.413,1.069
421.443,1.059
421.473,1.055
421.503,1.055
421.533,1.054
421.563,1.057
421.593,1.070
421.623,1.059
421.653,1.062
421.683,1.064
421.713,1.079
421.743,1.062
421.773,1.049
421.803,1.064
421.833,1.064
421.863,1.055
421.893,1.060
421.923,1.071
421.953,1.073
421.983,1.070
422.013,1.067
422.043,1.064
422.073,1.067
422.103,1.058
422.133,1.057
422.163,1.067
422.193,1.064
422.223,1.064
422.253,1.057
422.283,1.054
422.313,1.062
422.343,1.060
422.373,1.057
422.403,1.063
422.433,1.061
422.463,1.063
422.493,1.063
422.523,1.071
422.553,1.071
422.583,1.071
422.613,1.064
422.643,1.064
422.673,1.075
422.703,1.070
422.733,1.064
422.763,1.061
422.793,1.070
422.823,1.068
422.853,1.066
422.883,1.060
422.913,1.053
422.943,1.062
422.973,1.064
423.003,1.057
423.033,1.059
423.063,1.070
423.093,1.065
423.123,1.067
423.153,1.055
423.183,1.062
423.213,1.065
423.243,1.064
423.273,1.061
423.303,1.060
423.333,1.066
423.363,1.062
423.393,1.062
423.423,1.075
423.453,1.060
423.483,1.062
423.513,1.068
423.543,1.065
423.573,1.063
423.603,1.057
423.633,1.062
423.663,1.066
423.693,1.061
423.723,1.062
423.753,1.058
423.783,1.061
423.813,1.074
423.843,1.069
423.873,1.063
423.903,1.065
423.933,1.065
423.963,1.062
423.993,1.072
424.023,1.058
424.053,1.062
424.083,1.070
424.113,1.065
424.143,1.063
424.173,1.062
424.203,1.069
424.233,1.068
424.263,1.061
424.293,1.064
424.323,1.061
424.353,1.057
424.383,1.067
424.413,1.062
424.443,1.072
424.473,1.080
424.503,1.065
424.533,1.069
424.563,1.076
424.593,1.066
424.623,1.067
424.653,1.060
424.683,1.058
424.713,1.067
424.743,1.067
424.773,1.062
424.803,1.065
424.833,1.062
424.863,1.068
424.893,1.059
424.923,1.065
424.953,1.064
424.983,1.062
425.013,1.062
425.043,1.070
425.073,1.069
425.103,1.063
425.133,1.062
425.163,1.062
425.193,1.079
425.223,1.077
425.253,1.064
425.283,1.067
425.313,1.065
425.343,1.074
425.373,1.062
425.403,1.062
425.433,1.056
425.463,1.067
425.493,1.076
425.523,1.085
425.553,1.094
425.583,1.120
425.613,1.114
425.643,1.120
425.673,1.144
425.703,1.122
425.733,1.105
425.763,1.104
425.793,1.104
425.823,1.104
425.853,1.084
425.883,1.065
425.913,1.054
425.943,1.052
425.973,1.018
426.003,1.031
426.033,1.039
426.063,1.008
426.093,0.995
426.123,0.989
426.153,0.968
426.183,0.980
426.213,0.995
426.243,0.997
426.273,1.007
426.303,0.988
426.333,0.958
426.363,0.999
426.393,1.006
426.423,1.002
426.453,1.016
426.483,1.021
426.513,1.018
426.543,1.044
426.573,1.016
426.603,1.011
426.633,1.040
426.663,1.046
426.693,1.005
426.723,1.018
426.753,1.042
426.783,1.029
426.813,1.034
426.843,1.019
426.873,1.027
426.903,1.040
426.933,1.020
426.963,1.023
426.993,1.038
427.023,1.043
427.053,1.040
427.083,1.015
427.113,1.013
427.143,1.064
427.173,1.035
427.203,1.021
427.233,1.022
427.263,1.035
427.293,1.029
427.323,1.033
427.353,1.043
427.383,1.025
427.413,1.028
427.443,1.032
427.473,1.040
427.503,1.037
427.533,1.044
427.563,1.033
427.593,1.030
427.623,1.038
427.653,1.029
427.683,1.047
427.713,1.033
427.743,1.032
427.773,1.027
427.803,1.034
427.833,1.029
427.863,1.047
427.893,1.044
427.923,1.041
427.953,1.036
427.983,1.043
428.013,1.025
428.043,1.021
428.073,1.037
428.103,1.040
428.133,1.037
428.163,1.033
428.193,1.027
428.223,1.031
428.253,1.040
428.283,1.047
428.313,1.042
428.343,1.031
428.373,1.025
428.403,1.038
428.433,1.029
428.463,1.031
428.493,1.021
428.523,1.015
428.553,1.041
428.583,1.047
428.613,1.048
428.643,1.019
428.673,1.037
428.703,1.059
428.733,1.050
428.763,1.038
428.793,1.032
428.823,1.059
428.853,1.021
428.883,1.002
428.913,1.018
428.943,1.028
428.973,1.035
429.003,1.033
429.033,1.045
429.063,1.030
429.093,1.019
429.123,1.018
429.153,1.036
429.183,1.017
429.213,1.026
429.243,1.028
429.273,1.030
429.303,1.012
429.333,1.026
429.363,1.061
429.393,1.049
429.423,1.042
429.453,1.032
429.483,1.023
429.513,1.009
429.543,1.023
429.573,1.006
429.603,1.018
429.633,1.038
429.663,1.029
429.693,1.022
429.723,1.017
429.753,1.010
429.783,1.007
429.813,1.021
429.843,1.011
429.873,1.014
429.903,1.028
429.933,1.010
429.963,1.023
429.993,1.012
430.023,1.003
430.053,1.019
430.083,1.022
430.113,1.032
430.143,1.031
430.173,1.032
430.203,0.987
430.233,1.024
430.263,1.025
430.293,1.027
430.323,1.032
430.353,1.010
430.383,1.002
430.413,1.007
430.443,0.972
430.473,1.021
430.503,1.042
430.533,1.012
430.563,1.011
430.593,1.020
430.623,1.034
430.653,1.028
430.683,1.000
430.713,0.998
430.743,1.021
430.773,1.028
430.803,0.998
430.833,1.009
430.863,1.034
430.893,1.028
430.923,1.014
430.953,1.014
430.983,1.033
431.013,1.031
431.043,1.008
431.073,0.986
431.103,1.005
431.133,1.029
431.163,1.024
431.193,1.021
431.223,0.997
431.253,1.021
431.283,1.046
431.313,1.025
431.343,1.028
431.373,1.056
431.403,1.024
431.433,1.021
431.463,0.997
431.493,0.995
431.523,1.001
431.553,1.025
431.583,0.991
431.613,1.005
431.643,1.027
431.673,0.997
431.703,1.034
431.733,1.017
431.763,1.007
431.793,1.020
431.823,1.044
431.853,1.012
431.883,1.041
431.913,1.021
431.943,0.940
431.973,1.004
432.003,1.044
432.033,1.005
432.063,1.010
432.093,1.003
432.123,0.979
432.153,1.020
432.183,1.016
432.213,1.019
432.243,1.028
432.273,0.985
432.303,0.979
432.333,1.012
432.363,1.062
432.393,1.016
432.423,1.020
432.453,1.079
432.483,0.993
432.513,0.969
432.543,1.050
432.573,1.028
432.603,1.036
432.633,1.023
432.663,1.021
432.693,1.032
432.723,1.021
432.753,1.026
432.783,1.024
432.813,1.012
432.843,1.006
432.873,1.021
432.903,1.022
432.933,1.014
432.963,1.021
432.993,1.002
433.023,1.017
433.053,1.030
433.083,1.021
433.113,1.013
433.143,1.019
433.173,1.011
433.203,0.998
433.233,1.021
433.263,1.003
433.293,1.024
433.323,1.042
433.353,1.032
433.383,1.014
433.413,0.996
433.443,1.020
433.473,1.028
433.503,1.036
433.533,1.022
433.563,1.023
433.593,1.042
433.623,1.023
433.653,1.015
433.683,1.029
433.713,1.018
433.743,1.009
433.773,1.012
433.803,1.057
433.833,1.075
433.863,1.045
433.893,1.023
433.923,1.021
433.953,1.021
433.983,1.023
434.013,1.035
434.043,1.013
434.073,1.069
434.103,1.041
434.133,1.040
434.163,1.015
434.193,0.992
434.223,1.021
434.253,1.035
434.283,1.009
434.313,1.000
434.343,0.998
434.373,1.003
434.403,1.027
434.433,1.032
434.463,0.994
434.493,1.000
434.523,1.013
434.553,1.025
434.583,1.021
434.613,1.012
434.643,1.008
434.673,1.002
434.703,1.009
434.733,1.014
434.763,1.021
434.793,1.021
434.823,1.005
434.853,1.003
434.883,1.000
434.913,1.013
434.943,1.022
434.973,1.015
435.003,1.017
435.033,0.986
435.063,0.996
435.093,0.990
435.123,0.997
435.153,1.027
435.183,1.045
435.213,1.012
435.243,1.022
435.273,1.037
435.303,1.033
435.333,1.011
435.363,1.014
435.393,1.027
435.423,1.051
435.453,1.032
435.483,1.010
435.513,1.033
435.543,1.000
435.573,1.000
435.603,1.011
435.633,1.018
435.663,1.003
435.693,1.013
435.723,1.017
435.753,1.014
435.783,0.987
435.813,1.009
435.843,1.035
435.873,0.989
435.903,1.003
435.933,1.025
435.963,1.018
435.993,0.990
436.023,1.023
436.053,1.028
436.083,1.009
436.113,1.020
436.143,1.021
436.173,1.020
436.203,1.023
436.233,1.012
436.263,1.009
436.293,1.021
436.323,1.014
436.353,1.005
436.383,1.018
436.413,1.017
436.443,1.032
436.473,1.037
436.503,1.025
436.533,1.012
436.563,1.023
436.593,1.040
436.623,1.030
436.653,1.008
436.683,1.016
436.713,1.017
436.743,1.033
436.773,1.018
436.803,1.024
436.833,1.024
436.863,1.014
436.893,0.993
436.923,1.004
436.953,1.009
436.983,1.016
437.013,0.993
437.043,0.993
437.073,0.997
437.103,1.000
437.133,1.002
437.163,0.987
437.193,0.992
437.223,1.029
437.253,1.041
437.283,1.061
437.313,1.040
437.343,1.068
437.373,1.044
437.403,1.003
437.433,0.945
437.463,0.976
437.493,1.030
437.523,1.013
437.553,1.018
437.583,1.021
437.613,1.023
437.643,1.041
437.673,0.986
437.703,0.999
437.733,0.982
437.763,0.972
437.793,0.993
437.823,0.891
437.853,1.028
437.883,1.058
437.913,0.943
437.943,1.012
437.973,1.097
438.003,1.081
438.033,1.024
438.063,0.997
438.093,1.019
438.123,1.022
438.153,1.025
438.183,1.022
438.213,1.021
438.243,1.031
438.273,1.030
438.303,1.010
438.333,1.006
438.363,1.022
438.393,1.028
438.423,1.021
438.453,1.024
438.483,1.032
438.513,1.037
438.543,1.058
438.573,1.043
438.603,1.030
438.633,1.024
438.663,1.006
438.693,1.011
438.723,1.009
438.753,1.005
438.783,1.021
438.813,1.032
438.843,1.032
438.873,1.029
438.903,1.021
438.933,1.023
438.963,1.030
438.993,1.029
439.023,1.026
439.053,1.024
439.083,1.023
439.113,1.022
439.143,1.027
439.173,1.038
439.203,1.031
439.233,1.018
439.263,1.021
439.293,1.025
439.323,1.011
439.353,1.018
439.383,1.029
439.413,1.024
439.443,1.020
439.473,1.015
439.503,1.024
439.533,1.029
439.563,1.028
439.593,1.032
439.623,1.017
439.653,1.022
439.683,1.022
439.713,1.029
439.743,1.039
439.773,1.027
439.803,1.019
439.833,1.016
439.863,1.003
439.893,1.017
439.923,1.023
439.953,1.011
439.983,1.041
440.013,1.029
440.043,1.019
440.073,1.021
440.103,1.011
440.133,1.021
440.163,1.024
440.193,0.999
440.223,0.997
440.253,1.006
440.283,1.014
440.313,1.021
440.343,1.030
440.373,1.033
440.403,1.035
440.433,1.031
440.463,1.054
440.493,1.045
440.523,1.043
440.553,1.062
440.583,1.050
440.613,1.044
440.643,1.035
440.673,1.044
440.703,1.045
440.733,1.045
440.763,1.039
440.793,1.052
440.823,1.047
440.853,1.040
440.883,1.044
440.913,1.054
440.943,1.035
440.973,1.045
441.003,1.052
441.033,1.034
441.063,1.031
441.093,1.039
441.123,1.036
441.153,1.046
441.183,1.043
441.213,1.042
441.243,1.050
441.273,1.047
441.303,1.048
441.333,1.048
441.363,1.040
441.393,1.040
441.423,1.041
441.453,1.037
441.483,1.038
441.513,1.033
441.543,1.032
441.573,1.042
441.603,1.048
441.633,1.052
441.663,1.042
441.693,1.045
441.723,1.038
441.753,1.042
441.783,1.040
441.813,1.040
441.843,1.049
441.873,1.048
441.903,1.050
441.933,1.041
441.963,1.045
441.993,1.042
442.023,1.040
442.053,1.044
442.083,1.045
442.113,1.055
442.143,1.058
442.173,1.054
442.203,1.037
442.233,1.039
442.263,1.045
442.293,1.047
442.323,1.049
442.353,1.044
442.383,1.047
442.413,1.044
442.443,1.033
442.473,1.046
442.503,1.051
442.533,1.038
442.563,1.019
442.593,1.019
442.623,1.034
442.653,1.027
442.683,1.036
442.713,1.039
442.743,1.043
442.773,1.054
442.803,1.046
442.833,1.035
442.863,1.029
442.893,1.024
442.923,1.050
442.953,1.043
442.983,1.027
443.013,1.025
443.043,1.044
443.073,1.047
443.103,1.041
443.133,1.037
443.163,1.026
443.193,1.042
443.223,1.035
443.253,1.038
443.283,1.039
443.313,1.032
443.343,1.037
443.373,1.029
443.403,1.032
443.433,1.037
443.463,1.039
443.493,1.040
443.523,1.039
443.553,1.023
443.583,1.026
443.613,1.030
443.643,1.021
443.673,1.021
443.703,1.013
443.733,1.012
443.763,1.016
443.793,1.019
443.823,1.028
443.853,1.027
443.883,1.027
443.913,1.026
443.943,1.036
443.973,1.036
444.003,1.028
444.033,1.029
444.063,1.023
444.093,1.027
444.123,1.025
444.153,1.019
444.183,1.017
444.213,1.020
444.243,1.025
444.273,1.029
444.303,1.045
444.333,1.025
444.363,1.023
444.393,1.026
444.423,1.016
444.453,1.023
444.483,1.027
444.513,1.036
444.543,1.033
444.573,1.031
444.603,1.025
444.633,1.036
444.663,1.055
444.693,1.064
444.723,1.022
444.753,1.012
444.783,1.021
444.813,1.009
444.843,1.020
444.873,1.002
444.903,1.000
444.933,1.009
444.963,1.016
444.993,1.002
445.023,0.979
445.053,1.003
445.083,1.056
445.113,1.072
445.143,1.005
445.173,0.973
445.203,0.999
445.233,1.046
445.263,1.054
445.293,1.032
445.323,1.005
445.353,1.002
445.383,1.022
445.413,1.024
445.443,1.015
445.473,1.012
445.503,1.007
445.533,1.020
445.563,1.030
445.593,1.022
445.623,1.028
445.653,1.042
445.683,1.022
445.713,1.011
445.743,1.013
445.773,1.011
445.803,1.017
445.833,1.014
445.863,1.020
445.893,1.028
445.923,1.019
445.953,1.021
445.983,1.017
446.013,1.013
446.043,1.010
446.073,1.031
446.103,1.044
446.133,1.032
446.163,1.023
446.193,1.011
446.223,1.010
446.253,1.018
446.283,1.015
446.313,1.012
446.343,1.022
446.373,1.026
446.403,1.025
446.433,1.030
446.463,1.023
446.493,1.025
446.523,1.019
446.553,1.022
446.583,1.019
446.613,1.019
446.643,1.028
446.673,1.016
446.703,1.023
446.733,1.023
446.763,1.029
446.793,1.018
446.823,1.024
446.853,1.019
446.883,1.032
446.913,1.018
446.943,1.017
446.973,1.020
447.003,1.022
447.033,1.019
447.063,1.019
447.093,1.019
447.123,1.027
447.153,1.016
447.183,1.024
447.213,1.013
447.243,1.023
447.273,1.035
447.303,1.021
447.333,1.013
447.363,1.021
447.393,1.032
447.423,1.015
447.453,1.020
447.483,1.017
447.513,1.029
447.543,1.018
447.573,1.006
447.603,1.033
447.633,1.018
447.663,1.026
447.693,1.036
447.723,1.021
447.753,1.012
447.783,1.028
447.813,1.032
447.843,1.025
447.873,1.019
447.903,1.018
447.933,1.027
447.963,1.027
447.993,1.017
448.023,1.026
448.053,1.025
448.083,1.025
448.113,1.029
448.143,1.023
448.173,1.024
448.203,1.026
448.233,1.031
448.263,1.028
448.293,1.027
448.323,1.024
448.353,1.028
448.383,1.028
448.413,1.021
448.443,1.024
448.473,1.027
448.503,1.022
448.533,1.029
448.563,1.023
448.593,1.023
448.623,1.030
448.653,1.020
448.683,1.025
448.713,1.032
448.743,1.028
448.773,1.025
448.803,1.027
448.833,1.021
448.863,1.023
448.893,1.029
448.923,1.023
448.953,1.016
448.983,1.023
449.013,1.025
449.043,1.026
449.073,1.029
449.103,1.027
449.133,1.022
449.163,1.030
449.193,1.021
449.223,1.023
449.253,1.028
449.283,1.024
449.313,1.022
449.343,1.024
449.373,1.036
449.403,1.027
449.433,1.022
449.463,1.023
449.493,1.021
449.523,1.030
449.553,1.035
449.583,1.026
449.613,1.030
449.643,1.027
449.673,1.019
449.703,1.023
449.733,1.032
449.763,1.023
449.793,1.035
449.823,1.022
449.853,1.019
449.883,1.029
449.913,1.029
449.943,1.024
449.973,1.031
450.003,1.032
450.033,1.029
450.063,1.035
450.093,1.023
450.123,1.035
450.153,1.042
450.183,1.037
450.213,1.035
450.243,1.046
450.273,1.041
450.303,1.043
450.333,1.056
450.363,1.037
450.393,1.040
450.423,1.036
450.453,1.036
450.483,1.047
450.513,1.045
450.543,1.024
450.573,1.037
450.603,1.043
450.633,1.041
450.663,1.050
450.693,1.047
450.723,1.042
450.753,1.051
450.783,1.048
450.813,1.040
450.843,1.047
450.873,1.047
450.903,1.044
450.933,1.048
450.963,1.046
450.993,1.045
451.023,1.047
451.053,1.042
451.083,1.046
451.113,1.044
451.143,1.048
451.173,1.056
451.203,1.045
451.233,1.045
451.263,1.049
451.293,1.051
451.323,1.062
451.353,1.055
451.383,1.041
451.413,1.038
451.443,1.028
451.473,1.044
451.503,1.072
451.533,1.031
451.563,0.998
451.593,1.010
451.623,1.018
451.653,1.020
451.683,1.010
451.713,1.034
451.743,1.058
451.773,1.033
451.803,0.979
451.833,0.992
451.863,1.018
451.893,1.029
451.923,1.044
451.953,1.026
451.983,1.033
452.013,1.017
452.043,1.025
452.073,1.018
452.103,1.011
452.133,1.014
452.163,1.033
452.193,1.037
452.223,1.037
452.253,1.016
452.283,1.013
452.313,1.022
452.343,1.026
452.373,1.014
452.403,1.015
452.433,1.020
452.463,1.019
452.493,1.025
452.523,1.028
452.553,1.026
452.583,1.018
452.613,1.018
452.643,1.012
452.673,1.020
452.703,1.017
452.733,1.022
452.763,1.023
452.793,1.022
452.823,1.024
452.853,1.022
452.883,1.026
452.913,1.025
452.943,1.020
452.973,1.020
453.003,1.023
453.033,1.024
453.063,1.022
453.093,1.024
453.123,1.026
453.153,1.016
453.183,1.021
453.213,1.026
453.243,1.021
453.273,1.023
453.303,1.022
453.333,1.022
453.363,1.025
453.393,1.021
453.423,1.023
453.453,1.021
453.483,1.021
453.513,1.023
453.543,1.026
453.573,1.020
453.603,1.028
453.633,1.021
453.663,1.007
453.693,1.026
453.723,1.026
453.753,1.019
453.783,1.024
453.813,1.020
453.843,1.024
453.873,1.029
453.903,1.022
453.933,1.018
453.963,1.021
453.993,1.022
454.023,1.014
454.053,1.023
454.083,1.026
454.113,1.024
454.143,1.023
454.173,1.023
454.203,1.023
454.233,1.023
454.263,1.022
454.293,1.019
454.323,1.021
454.353,1.024
454.383,1.017
454.413,1.023
454.443,1.022
454.473,1.022
454.503,1.022
454.533,1.031
454.563,1.023
454.593,1.026
454.623,1.023
454.653,1.022
454.683,1.022
454.713,1.021
454.743,1.027
454.773,1.021
454.803,1.019
454.833,1.021
454.863,1.021
454.893,1.021
454.923,1.023
454.953,1.025
454.983,1.023
455.013,1.026
455.043,1.017
455.073,1.021
455.103,1.026
455.133,1.021
455.163,1.025
455.193,1.028
455.223,1.027
455.253,1.017
455.283,1.018
455.313,1.024
455.343,1.026
455.373,1.022
455.403,1.023
455.433,1.025
455.463,1.024
455.493,1.021
455.523,1.022
455.553,1.026
455.583,1.030
455.613,1.023
455.643,1.024
455.673,1.022
455.703,1.020
455.733,1.027
455.763,1.020
455.793,1.029
455.823,1.023
455.853,1.023
455.883,1.022
455.913,1.022
455.943,1.024
455.973,1.030
456.003,1.025
456.033,1.023
456.063,1.023
456.093,1.021
456.123,1.027
456.153,1.026
456.183,1.025
456.213,1.025
456.243,1.023
456.273,1.027
456.303,1.029
456.333,1.022
456.363,1.024
456.393,1.029
456.423,1.025
456.453,1.020
456.483,1.028
456.513,1.027
456.543,1.026
456.573,1.025
456.603,1.021
456.633,1.026
456.663,1.020
456.693,1.024
456.723,1.026
456.753,1.025
456.783,1.026
456.813,1.030
456.843,1.020
456.873,1.025
456.903,1.031
456.933,1.016
456.963,1.024
456.993,1.028
457.023,1.021
457.053,1.022
457.083,1.027
457.113,1.025
457.143,1.022
457.173,1.027
457.203,1.028
457.233,1.028
457.263,1.027
457.293,1.029
457.323,1.022
457.353,1.023
457.383,1.031
457.413,1.023
457.443,1.023
457.473,1.022
457.503,1.027
457.533,1.022
457.563,1.019
457.593,1.027
457.623,1.031
457.653,1.028
457.683,1.024
457.713,1.031
457.743,1.023
457.773,1.025
457.803,1.034
457.833,1.023
457.863,1.020
457.893,1.031
457.923,1.026
457.953,1.027
457.983,1.031
458.013,1.027
458.043,1.025
458.073,1.024
458.103,1.026
458.133,1.032
458.163,1.030
458.193,1.023
458.223,1.025
458.253,1.027
458.283,1.028
458.313,1.028
458.343,1.022
458.373,1.028
458.403,1.028
458.433,1.026
458.463,1.025
458.493,1.030
458.523,1.026
458.553,1.030
458.583,1.026
458.613,1.024
458.643,1.026
458.673,1.028
458.703,1.025
458.733,1.031
458.763,1.029
458.793,1.025
458.823,1.027
458.853,1.029
458.883,1.024
458.913,1.025
458.943,1.027
458.973,1.029
459.003,1.025
459.033,1.025
459.063,1.028
459.093,1.026
459.123,1.027
459.153,1.030
459.183,1.023
459.213,1.030
459.243,1.027
459.273,1.028
459.303,1.028
459.333,1.028
459.363,1.026
459.393,1.028
459.423,1.027
459.453,1.025
459.483,1.025
459.513,1.026
459.543,1.028
459.573,1.029
459.603,1.028
459.633,1.022
459.663,1.028
459.693,1.026
459.723,1.029
459.753,1.025
459.783,1.026
459.813,1.028
459.843,1.029
459.873,1.028
459.903,1.028
459.933,1.026
459.963,1.026
459.993,1.032
460.023,1.030
460.053,1.027
460.083,1.032
460.113,1.032
460.143,1.027
460.173,1.025
460.203,1.026
460.233,1.026
460.263,1.029
460.293,1.028
460.323,1.026
460.353,1.023
460.383,1.030
460.413,1.029
460.443,1.025
460.473,1.031
460.503,1.026
460.533,1.027
460.563,1.031
460.593,1.027
460.623,1.025
460.653,1.030
460.683,1.024
460.713,1.030
460.743,1.027
460.773,1.028
460.803,1.030
460.833,1.027
460.863,1.026
460.893,1.027
460.923,1.029
460.953,1.032
460.983,1.027
461.013,1.024
461.043,1.026
461.073,1.029
461.103,1.029
461.133,1.026
461.163,1.026
461.193,1.027
461.223,1.029
461.253,1.029
461.283,1.026
461.313,1.025
461.343,1.032
461.373,1.028
461.403,1.025
461.433,1.027
461.463,1.028
461.493,1.027
461.523,1.028
461.553,1.026
461.583,1.031
461.613,1.025
461.643,1.022
461.673,1.026
461.703,1.027
461.733,1.027
461.763,1.023
461.793,1.033
461.823,1.026
461.853,1.031
461.883,1.030
461.913,1.025
461.943,1.023
461.973,1.028
462.003,1.026
462.033,1.026
462.063,1.029
462.093,1.030
462.123,1.027
462.153,1.031
462.183,1.027
462.213,1.031
462.243,1.025
462.273,1.024
462.303,1.023
462.333,1.032
462.363,1.028
462.393,1.026
462.423,1.026
462.453,1.030
462.483,1.024
462.513,1.025
462.543,1.026
462.573,1.027
462.603,1.032
462.633,1.026
462.663,1.026
462.693,1.029
462.723,1.028
462.753,1.024
462.783,1.028
462.813,1.029
462.843,1.028
462.873,1.026
462.903,1.026
462.933,1.027
462.963,1.027
462.993,1.024
463.023,1.027
463.053,1.028
463.083,1.029
463.113,1.026
463.143,1.023
463.173,1.029
463.203,1.031
463.233,1.028
463.263,1.025
463.293,1.025
463.323,1.024
463.353,1.030
463.383,1.028
463.413,1.024
463.443,1.023
463.473,1.028
463.503,1.026
463.533,1.025
463.563,1.030
463.593,1.028
463.623,1.026
463.653,1.023
463.683,1.029
463.713,1.029
463.743,1.029
463.773,1.026
463.803,1.029
463.833,1.029
463.863,1.028
463.893,1.035
463.923,1.023
463.953,1.021
463.983,1.031
464.013,1.033
464.043,1.028
464.073,1.024
464.103,1.028
464.133,1.026
464.163,1.026
464.193,1.019
464.223,1.028
464.253,1.028
464.283,1.029
464.313,1.029
464.343,1.025
464.373,1.028
464.403,1.026
464.433,1.029
464.463,1.025
464.493,1.025
464.523,1.028
464.553,1.022
464.583,1.029
464.613,1.030
464.643,1.032
464.673,1.021
464.703,1.024
464.733,1.028
464.763,1.030
464.793,1.029
464.823,1.025
464.853,1.026
464.883,1.026
464.913,1.029
464.943,1.025
464.973,1.026
465.003,1.028
465.033,1.028
465.063,1.025
465.093,1.021
465.123,1.029
465.153,1.025
465.183,1.028
465.213,1.027
465.243,1.029
465.273,1.023
465.303,1.029
465.333,1.026
465.363,1.034
465.393,1.031
465.423,1.020
465.453,1.027
465.483,1.027
465.513,1.025
465.543,1.026
465.573,1.030
465.603,1.026
465.633,1.031
465.663,1.030
465.693,1.028
465.723,1.023
465.753,1.028
465.783,1.029
465.813,1.029
465.843,1.025
465.873,1.028
465.903,1.022
465.933,1.031
465.963,1.033
465.993,1.026
466.023,1.027
466.053,1.026
466.083,1.024
466.113,1.029
466.143,1.030
466.173,1.024
466.203,1.025
466.233,1.027
466.263,1.025
466.293,1.027
466.323,1.025
466.353,1.023
466.383,1.029
466.413,1.026
466.443,1.026
466.473,1.028
466.503,1.024
466.533,1.028
466.563,1.026
466.593,1.024
466.623,1.026
466.653,1.029
466.683,1.024
466.713,1.026
466.743,1.030
466.773,1.029
466.803,1.023
466.833,1.029
466.863,1.028
466.893,1.028
466.923,1.026
466.953,1.028
466.983,1.028
467.013,1.026
467.043,1.026
467.073,1.029
467.103,1.029
467.133,1.025
467.163,1.030
467.193,1.027
467.223,1.025
467.253,1.029
467.283,1.025
467.313,1.027
467.343,1.025
467.373,1.026
467.403,1.024
467.433,1.030
467.463,1.030
467.493,1.026
467.523,1.027
467.553,1.024
467.583,1.031
467.613,1.022
467.643,1.032
467.673,1.026
467.703,1.031
467.733,1.026
467.763,1.024
467.793,1.025
467.823,1.027
467.853,1.024
467.883,1.024
467.913,1.032
467.943,1.025
467.973,1.029
468.003,1.025
468.033,1.024
468.063,1.024
468.093,1.026
468.123,1.025
468.153,1.025
468.183,1.031
468.213,1.023
468.243,1.027
468.273,1.033
468.303,1.025
468.333,1.024
468.363,1.030
468.393,1.026
468.423,1.024
468.453,1.032
468.483,1.024
468.513,1.025
468.543,1.035
468.573,1.033
468.603,1.025
468.633,1.026
468.663,1.024
468.693,1.032
468.723,1.029
468.753,1.026
468.783,1.025
468.813,1.030
468.843,1.028
468.873,1.029
468.903,1.028
468.933,1.026
468.963,1.021
468.993,1.026
469.023,1.027
469.053,1.035
469.083,1.028
469.113,1.027
469.143,1.026
469.173,1.029
469.203,1.033
469.233,1.027
469.263,1.027
469.293,1.029
469.323,1.027
469.353,1.026
469.383,1.026
469.413,1.024
469.443,1.029
469.473,1.027
469.503,1.024
469.533,1.024
469.563,1.030
469.593,1.029
469.623,1.027
469.653,1.025
469.683,1.025
469.713,1.029
469.743,1.030
469.773,1.024
469.803,1.029
469.833,1.025
469.863,1.026
469.893,1.026
469.923,1.039
469.953,1.037
469.983,1.020
470.013,1.020
470.043,1.034
470.073,1.021
470.103,1.012
470.133,1.023
470.163,1.031
470.193,1.034
470.223,1.029
470.253,1.030
470.283,1.026
470.313,1.030
470.343,1.034
470.373,1.027
470.403,1.028
470.433,1.032
470.463,1.024
470.493,1.024
470.523,1.028
470.553,1.022
470.583,1.030
470.613,1.027
470.643,1.038
470.673,1.026
470.703,1.027
470.733,1.027
470.763,1.029
470.793,1.027
470.823,1.025
470.853,1.031
470.883,1.026
470.913,1.024
470.943,1.034
470.973,1.028
471.003,1.027
471.033,1.028
471.063,1.025
471.093,1.027
471.123,1.029
471.153,1.024
471.183,1.027
471.213,1.033
471.243,1.027
471.273,1.029
471.303,1.030
471.333,1.021
471.363,1.027
471.393,1.027
471.423,1.030
471.453,1.031
471.483,1.029
471.513,1.021
471.543,1.031
471.573,1.029
471.603,1.025
471.633,1.026
471.663,1.026
471.693,1.024
471.723,1.026
471.753,1.024
471.783,1.031
471.813,1.019
471.843,1.022
471.873,1.027
471.903,1.029
471.933,1.026
471.963,1.021
471.993,1.021
472.023,1.023
472.053,1.026
472.083,1.025
472.113,1.031
472.143,1.022
472.173,1.022
472.203,1.025
472.233,1.020
472.263,1.016
472.293,1.019
472.323,1.021
472.353,1.026
472.383,1.031
472.413,1.022
472.443,1.019
472.473,1.025
472.503,1.016
472.533,1.028
472.563,1.026
472.593,1.022
472.623,1.020
472.653,1.027
472.683,1.028
472.713,1.021
472.743,1.021
472.773,1.021
472.803,1.032
472.833,1.019
472.863,1.023
472.893,1.024
472.923,1.017
472.953,1.021
472.983,1.028
473.013,1.027
473.043,1.018
473.073,1.022
473.103,1.026
473.133,1.021
473.163,1.026
473.193,1.017
473.223,1.019
473.253,1.026
473.283,1.019
473.313,1.024
473.343,1.026
473.373,1.021
473.403,1.024
473.433,1.025
473.463,1.025
473.493,1.023
473.523,1.022
473.553,1.021
473.583,1.022
473.613,1.023
473.643,1.027
473.673,1.029
473.703,1.022
473.733,1.028
473.763,1.026
473.793,1.022
473.823,1.025
473.853,1.030
473.883,1.026
473.913,1.025
473.943,1.030
473.973,1.024
474.003,1.021
474.033,1.028
474.063,1.030
474.093,1.021
474.123,1.026
474.153,1.029
474.183,1.022
474.213,1.024
474.243,1.026
474.273,1.026
474.303,1.028
474.333,1.025
474.363,1.025
474.393,1.025
474.423,1.025
474.453,1.025
474.483,1.027
474.513,1.024
474.543,1.025
474.573,1.031
474.603,1.028
474.633,1.024
474.663,1.027
474.693,1.026
474.723,1.028
474.753,1.023
474.783,1.031
474.813,1.024
474.843,1.028
474.873,1.034
474.903,1.022
474.933,1.023
474.963,1.029
474.993,1.027
475.023,1.021
475.053,1.028
475.083,1.026
475.113,1.027
475.143,1.031
475.173,1.022
475.203,1.023
475.233,1.029
475.263,1.022
475.293,1.028
475.323,1.028
475.353,1.027
475.383,1.024
475.413,1.028
475.443,1.024
475.473,1.028
475.503,1.027
475.533,1.024
475.563,1.024
475.593,1.030
475.623,1.027
475.653,1.027
475.683,1.026
475.713,1.028
475.743,1.026
475.773,1.026
475.803,1.027
475.833,1.023
475.863,1.026
475.893,1.031
475.923,1.027
475.953,1.023
475.983,1.026
476.013,1.032
476.043,1.026
476.073,1.027
476.103,1.028
476.133,1.027
476.163,1.025
476.193,1.029
476.223,1.026
476.253,1.023
476.283,1.030
476.313,1.026
476.343,1.032
476.373,1.023
476.403,1.024
476.433,1.024
476.463,1.029
476.493,1.032
476.523,1.027
476.553,1.023
476.583,1.023
476.613,1.027
476.643,1.026
476.673,1.023
476.703,1.031
476.733,1.026
476.763,1.024
476.793,1.028
476.823,1.032
476.853,1.026
476.883,1.029
476.913,1.026
476.943,1.025
476.973,1.025
477.003,1.031
477.033,1.025
477.063,1.023
477.093,1.030
477.123,1.031
477.153,1.026
477.183,1.025
477.213,1.030
477.243,1.027
477.273,1.028
477.303,1.029
477.333,1.023
477.363,1.022
477.393,1.027
477.423,1.031
477.453,1.028
477.483,1.026
477.513,1.024
477.543,1.028
477.573,1.025
477.603,1.030
477.633,1.028
477.663,1.032
477.693,1.027
477.723,1.025
477.753,1.027
477.783,1.030
477.813,1.026
477.843,1.026
477.873,1.027
477.903,1.027
477.933,1.030
477.963,1.025
477.993,1.027
478.023,1.029
478.053,1.030
478.083,1.030
478.113,1.027
478.143,1.024
478.173,1.026
478.203,1.030
478.233,1.027
478.263,1.026
478.293,1.027
478.323,1.027
478.353,1.030
478.383,1.024
478.413,1.023
478.443,1.033
478.473,1.027
478.503,1.027
478.533,1.031
478.563,1.025
478.593,1.029
478.623,1.027
478.653,1.024
478.683,1.024
478.713,1.028
478.743,1.029
478.773,1.025
478.803,1.024
478.833,1.029
478.863,1.027
478.893,1.028
478.923,1.027
478.953,1.021
478.983,1.031
479.013,1.025
479.043,1.029
479.073,1.028
479.103,1.023
479.133,1.024
479.163,1.030
479.193,1.032
479.223,1.027
479.253,1.026
479.283,1.031
479.313,1.026
479.343,1.027
479.373,1.027
479.403,1.028
479.433,1.027
479.463,1.030
479.493,1.027
479.523,1.024
479.553,1.028
479.583,1.030
479.613,1.027
479.643,1.024
479.673,1.030
479.703,1.024
479.733,1.030
479.763,1.026
479.793,1.025
479.823,1.029
479.853,1.030
479.883,1.029
479.913,1.027
479.943,1.023
479.973,1.025
480.003,1.033
480.033,1.023
480.063,1.027
480.093,1.028
480.123,1.029
480.153,1.025
480.183,1.032
480.213,1.023
480.243,1.025
480.273,1.030
480.303,1.030
480.333,1.025
480.363,1.025
480.393,1.030
480.423,1.029
480.453,1.028
480.483,1.026
480.513,1.031
480.543,1.031
480.573,1.026
480.603,1.031
480.633,1.025
480.663,1.029
480.693,1.030
480.723,1.026
480.753,1.026
480.783,1.031
480.813,1.023
480.843,1.023
480.873,1.026
480.903,1.027
480.933,1.027
480.963,1.028
480.993,1.027
481.023,1.023
481.053,1.030
481.083,1.024
481.113,1.026
481.143,1.029
481.173,1.028
481.203,1.024
481.233,1.031
481.263,1.031
481.293,1.027
481.323,1.026
481.353,1.026
481.383,1.031
481.413,1.028
481.443,1.026
481.473,1.029
481.503,1.029
481.533,1.026
481.563,1.030
481.593,1.028
481.623,1.029
481.653,1.029
481.683,1.032
481.713,1.025
481.743,1.027
481.773,1.031
481.803,1.023
481.833,1.031
481.863,1.023
481.893,1.024
481.923,1.029
481.953,1.024
481.983,1.026
482.013,1.030
482.043,1.024
482.073,1.030
482.103,1.028
482.133,1.021
482.163,1.032
482.193,1.027
482.223,1.024
482.253,1.030
482.283,1.028
482.313,1.026
482.343,1.028
482.373,1.029
482.403,1.026
482.433,1.029
482.463,1.028
482.493,1.024
482.523,1.025
482.553,1.027
482.583,1.029
482.613,1.030
482.643,1.025
482.673,1.031
482.703,1.025
482.733,1.029
482.763,1.027
482.793,1.025
482.823,1.030
482.853,1.028
482.883,1.028
482.913,1.030
482.943,1.031
482.973,1.026
483.003,1.031
483.033,1.028
483.063,1.021
483.093,1.027
483.123,1.028
483.153,1.028
483.183,1.032
483.213,1.028
483.243,1.025
483.273,1.027
483.303,1.029
483.333,1.030
483.363,1.028
483.393,1.026
483.423,1.025
483.453,1.021
483.483,1.030
483.513,1.031
483.543,1.033
483.573,1.025
483.603,1.026
483.633,1.028
483.663,1.031
483.693,1.035
483.723,1.021
483.753,1.028
483.783,1.026
483.813,1.027
483.843,1.025
483.873,1.029
483.903,1.028
483.933,1.028
483.963,1.028
483.993,1.029
484.023,1.027
484.053,1.029
484.083,1.031
484.113,1.026
484.143,1.028
484.173,1.027
484.203,1.026
484.233,1.024
484.263,1.029
484.293,1.029
484.323,1.029
484.353,1.022
484.383,1.029
484.413,1.031
484.443,1.026
484.473,1.026
484.503,1.029
484.533,1.028
484.563,1.028
484.593,1.026
484.623,1.028
484.653,1.029
484.683,1.025
484.713,1.024
484.743,1.026
484.773,1.029
484.803,1.028
484.833,1.028
484.863,1.028
484.893,1.026
484.923,1.025
484.953,1.033
484.983,1.022
485.013,1.030
485.043,1.031
485.073,1.023
485.103,1.029
485.133,1.032
485.163,1.025
485.193,1.028
485.223,1.025
485.253,1.026
485.283,1.028
485.313,1.028
485.343,1.024
485.373,1.025
485.403,1.028
485.433,1.024
485.463,1.025
485.493,1.026
485.523,1.027
485.553,1.025
485.583,1.028
485.613,1.029
485.643,1.028
485.673,1.027
485.703,1.030
485.733,1.025
485.763,1.029
485.793,1.030
485.823,1.026
485.853,1.023
485.883,1.030
485.913,1.027
485.943,1.027
485.973,1.027
486.003,1.021
486.033,1.028
486.063,1.027
486.093,1.026
486.123,1.024
486.153,1.029
486.183,1.028
486.213,1.027
486.243,1.024
486.273,1.025
486.303,1.025
486.333,1.029
486.363,1.025
486.393,1.024
486.423,1.029
486.453,1.030
486.483,1.025
486.513,1.031
486.543,1.024
486.573,1.026
486.603,1.029
486.633,1.021
486.663,1.027
486.693,1.027
486.723,1.028
486.753,1.024
486.783,1.028
486.813,1.028
486.843,1.025
486.873,1.028
486.903,1.022
486.933,1.025
486.963,1.024
486.993,1.028
487.023,1.024
487.053,1.027
487.083,1.026
487.113,1.028
487.143,1.030
487.173,1.025
487.203,1.024
487.233,1.022
487.263,1.023
487.293,1.026
487.323,1.021
487.353,1.029
487.383,1.025
487.413,1.019
487.443,1.017
487.473,1.027
487.503,1.030
487.533,1.029
487.563,1.021
487.593,1.016
487.623,1.028
487.653,1.032
487.683,1.023
487.713,1.019
487.743,1.023
487.773,1.019
487.803,1.021
487.833,1.025
487.863,1.028
487.893,1.035
487.923,1.029
487.953,1.025
487.983,1.016
488.013,1.007
488.043,1.015
488.073,1.021
488.103,1.013
488.133,1.017
488.163,1.017
488.193,1.021
488.223,1.010
488.253,1.013
488.283,1.014
488.313,1.017
488.343,1.018
488.373,1.020
488.403,1.011
488.433,1.020
488.463,1.025
488.493,1.023
488.523,1.028
488.553,1.033
488.583,1.041
488.613,1.030
488.643,1.011
488.673,1.010
488.703,1.026
488.733,1.037
488.763,1.033
488.793,1.025
488.823,1.031
488.853,1.045
488.883,1.040
488.913,1.044
488.943,1.050
488.973,1.030
489.003,1.025
489.033,1.043
489.063,1.028
489.093,1.010
489.123,1.014
489.153,1.011
489.183,1.021
489.213,1.053
489.243,1.044
489.273,1.028
489.303,1.020
489.333,1.022
489.363,1.010
489.393,1.018
489.423,1.046
489.453,1.039
489.483,1.022
489.513,1.016
489.543,1.049
489.573,1.070
489.603,1.058
489.633,1.032
489.663,1.007
489.693,0.996
489.723,1.005
489.753,1.025
489.783,1.033
489.813,1.021
489.843,1.015
489.873,1.019
489.903,1.009
489.933,0.985
489.963,1.005
489.993,1.035
490.023,0.996
490.053,1.001
490.083,1.003
490.113,1.000
490.143,1.016
490.173,1.017
490.203,0.996
490.233,1.002
490.263,1.033
490.293,1.049
490.323,1.031
490.353,1.029
490.383,1.016
490.413,1.013
490.443,1.028
490.473,1.019
490.503,0.996
490.533,1.008
490.563,1.010
490.593,1.018
490.623,1.029
490.653,1.022
490.683,1.008
490.713,1.012
490.743,1.027
490.773,1.019
490.803,1.015
490.833,1.032
490.863,1.025
490.893,1.015
490.923,1.031
490.953,1.045
490.983,1.046
491.013,1.032
491.043,1.021
491.073,1.016
491.103,1.028
491.133,1.028
491.163,1.017
491.193,1.028
491.223,1.024
491.253,1.014
491.283,1.013
491.313,1.018
491.343,1.021
491.373,1.029
491.403,1.042
491.433,1.029
491.463,1.032
491.493,1.036
491.523,1.035
491.553,1.043
491.583,1.038
491.613,1.032
491.643,1.046
491.673,1.038
491.703,1.033
491.733,1.045
491.763,1.052
491.793,1.043
491.823,1.027
491.853,1.032
491.883,1.047
491.913,1.051
491.943,1.031
491.973,1.027
492.003,1.024
492.033,1.041
492.063,1.046
492.093,1.052
492.123,1.041
492.153,1.040
492.183,1.052
492.213,1.056
492.243,1.038
492.273,1.033
492.303,1.041
492.333,1.026
492.363,1.035
492.393,1.037
492.423,1.021
492.453,1.036
492.483,1.059
492.513,1.041
492.543,1.041
492.573,1.018
492.603,1.052
492.633,1.035
492.663,1.028
492.693,1.031
492.723,1.060
492.753,1.039
492.783,1.021
492.813,1.017
492.843,0.965
492.873,0.975
492.903,1.013
492.933,1.023
492.963,1.044
492.993,1.014
493.023,1.056
493.053,1.055
493.083,1.032
493.113,1.063
493.143,1.037
493.173,1.026
493.203,1.007
493.233,1.019
493.263,1.037
493.293,1.030
493.323,1.018
493.353,1.010
493.383,0.994
493.413,1.033
493.443,1.041
493.473,1.013
493.503,1.035
493.533,1.039
493.563,0.989
493.593,1.016
493.623,1.041
493.653,1.034
493.683,1.014
493.713,0.990
493.743,1.010
493.773,1.057
493.803,1.040
493.833,0.978
493.863,0.971
493.893,1.004
493.923,1.113
493.953,1.061
493.983,1.019
494.013,1.014
494.043,1.033
494.073,1.005
494.103,1.021
494.133,0.998
494.163,0.999
494.193,1.037
494.223,1.024
494.253,1.018
494.283,1.021
494.313,1.045
494.343,1.031
494.373,1.021
494.403,1.017
494.433,0.991
494.463,1.019
494.493,1.053
494.523,1.027
494.553,1.068
494.583,1.029
494.613,1.052
494.643,1.018
494.673,1.005
494.703,1.009
494.733,1.013
494.763,1.042
494.793,0.982
494.823,1.020
494.853,1.038
494.883,1.016
494.913,0.970
494.943,0.986
494.973,0.961
495.003,1.007
495.033,1.056
495.063,0.969
495.093,0.997
495.123,0.996
495.153,1.009
495.183,1.016
