df_hash,22ZHK4.RZ8R6V
device,HZ2X61
project_hash,29R7
project_name,istanbul_aydin_university
person_hash,29R7.9180
person_label,v103
date_time_start,2026-03-02_12-31-30.462000_+03
date_time_start_unix,1772440290.462
date_time_end,2026-03-02_12-44-24.912000_+03
length_difference_noticed,no

time,ppg_med
5.728,577
5.753,663
5.778,800
5.803,874
5.828,845
5.853,814
5.878,894
5.903,1038
5.928,1093
5.953,1004
5.978,909
6.003,959
6.028,1093
6.053,1101
6.078,910
6.103,707
6.128,696
6.153,795
6.178,723
6.203,382
6.228,26
6.253,-75
6.278,-29
6.303,-209
6.328,-739
6.353,-1285
6.378,-1492
6.403,-1500
6.428,-1794
6.453,-2533
6.478,-3280
6.503,-3577
6.528,-3604
6.553,-3984
6.578,-4914
6.603,-5836
6.628,-6164
6.653,-6129
6.678,-6518
6.703,-7578
6.728,-8602
6.753,-8850
6.778,-8616
6.803,-8887
6.828,-9971
6.853,-10979
6.878,-10989
6.903,-10366
6.928,-10346
6.953,-11314
6.978,-12160
7.003,-11733
7.028,-10494
7.053,-9983
7.078,-10684
7.103,-11213
7.128,-10138
7.153,-8033
7.178,-6827
7.203,-7134
7.228,-7224
7.253,-5299
7.278,-2077
7.303,-1
7.328,143
7.353,539
7.378,3482
7.403,8061
7.428,11137
7.453,11663
7.478,12457
7.503,16539
7.528,22742
7.553,26884
7.578,27506
7.603,28383
7.628,32767
7.653,32767
7.678,32767
7.703,32767
7.728,32767
7.753,32767
7.778,32767
7.803,32767
7.828,32767
7.853,32767
7.878,32767
7.903,32767
7.928,32767
7.953,32767
7.978,15255
8.003,-32768
8.028,-32768
8.053,-32768
8.078,-32768
8.103,-32768
8.128,-32768
8.153,-32768
8.178,-32768
8.203,-32768
8.228,-32768
8.253,-32768
8.278,-32768
8.303,-32768
8.328,-32768
8.353,-29420
8.378,-27023
8.403,-26940
8.428,-24344
8.453,-18478
8.478,-13137
8.503,-11219
8.528,-11073
8.553,-9150
8.578,-4839
8.603,-959
8.628,281
8.653,126
8.678,1302
8.703,4304
8.728,6954
8.753,7523
8.778,6977
8.803,7467
8.828,9392
8.853,11037
8.878,11026
8.903,10120
8.928,10036
8.953,11103
8.978,11970
9.003,11562
9.028,10506
9.053,10168
9.078,10786
9.103,11237
9.128,10638
9.153,9493
9.178,8921
9.203,9130
9.228,9226
9.253,8496
9.278,7340
9.303,6653
9.328,6614
9.353,6522
9.378,5812
9.403,4792
9.428,4159
9.453,4047
9.478,3902
9.503,3283
9.528,2433
9.553,1901
9.578,1790
9.603,1674
9.628,1207
9.653,578
9.678,201
9.703,154
9.728,106
9.753,-201
9.778,-630
9.803,-870
9.828,-862
9.853,-841
9.878,-976
9.903,-1146
9.928,-1131
9.953,-927
9.978,-749
10.003,-742
10.028,-806
10.053,-755
10.078,-570
10.103,-409
10.128,-390
10.153,-441
10.178,-415
10.203,-284
10.228,-156
10.253,-122
10.278,-141
10.303,-114
10.328,-19
10.353,65
10.378,75
10.403,41
10.428,45
10.453,105
10.478,161
10.503,157
10.528,117
10.553,89
10.578,49
10.603,9
10.628,-35
10.653,-90
10.678,-147
10.703,-188
10.728,-189
10.753,-142
10.778,-58
10.803,37
10.828,121
10.853,187
10.878,241
10.903,296
10.928,357
10.953,412
10.978,448
11.003,459
11.028,455
11.053,450
11.078,454
11.103,463
11.128,465
11.153,453
11.178,430
11.203,405
11.228,380
11.253,350
11.278,309
11.303,256
11.328,200
11.353,146
11.378,95
11.403,44
11.428,-7
11.453,-57
11.478,-103
11.503,-147
11.528,-198
11.553,-255
11.578,-298
11.603,-304
11.628,-256
11.653,-165
11.678,-61
11.703,30
11.728,103
11.753,167
11.778,234
11.803,305
11.828,369
11.853,411
11.878,429
11.903,432
11.928,433
11.953,441
11.978,456
12.003,468
12.028,468
12.053,455
12.078,436
12.103,417
12.128,402
12.153,388
12.178,371
12.203,355
12.228,343
12.253,333
12.278,312
12.303,270
12.328,211
12.353,152
12.378,111
12.403,88
12.428,67
12.453,36
12.478,6
12.503,2
12.528,46
12.553,138
12.578,254
12.603,368
12.628,466
12.653,546
12.678,616
12.703,683
12.728,753
12.753,823
12.778,882
12.803,912
12.828,910
12.853,892
12.878,880
12.903,882
12.928,890
12.953,890
12.978,880
13.003,868
13.028,846
13.053,783
13.078,646
13.103,440
13.128,209
13.153,9
13.178,-141
13.203,-270
13.228,-415
13.253,-596
13.278,-805
13.303,-1031
13.328,-1268
13.353,-1494
13.378,-1655
13.403,-1682
13.428,-1537
13.453,-1253
13.478,-911
13.503,-584
13.528,-301
13.553,-61
13.578,138
13.603,278
13.628,339
13.653,334
13.678,299
13.703,271
13.728,258
13.753,250
13.778,241
13.803,247
13.828,283
13.853,344
13.878,408
13.903,455
13.928,488
13.953,525
13.978,579
14.003,639
14.028,686
14.053,706
14.078,706
14.103,700
14.128,695
14.153,684
14.178,658
14.203,613
14.228,558
14.253,510
14.278,480
14.303,477
14.328,498
14.353,537
14.378,579
14.403,615
14.428,640
14.453,660
14.478,679
14.503,694
14.528,694
14.553,669
14.578,623
14.603,573
14.628,534
14.653,509
14.678,489
14.703,462
14.728,427
14.753,390
14.778,357
14.803,326
14.828,288
14.853,239
14.878,183
14.903,129
14.928,78
14.953,25
14.978,-38
15.003,-112
15.028,-183
15.053,-232
15.078,-243
15.103,-212
15.128,-151
15.153,-77
15.178,-9
15.203,43
15.228,84
15.253,120
15.278,155
15.303,189
15.328,217
15.353,232
15.378,234
15.403,227
15.428,218
15.453,212
15.478,209
15.503,203
15.528,187
15.553,154
15.578,108
15.603,59
15.628,16
15.653,-16
15.678,-45
15.703,-75
15.728,-107
15.753,-134
15.778,-151
15.803,-161
15.828,-167
15.853,-165
15.878,-137
15.903,-69
15.928,38
15.953,157
15.978,257
16.003,322
16.028,370
16.053,428
16.078,506
16.103,589
16.128,652
16.153,682
16.178,690
16.203,696
16.228,712
16.253,740
16.278,778
16.303,821
16.328,859
16.353,871
16.378,836
16.403,749
16.428,625
16.453,492
16.478,364
16.503,249
16.528,147
16.553,64
16.578,1
16.603,-52
16.628,-111
16.653,-172
16.678,-207
16.703,-188
16.728,-116
16.753,-31
16.778,22
16.803,41
16.828,62
16.853,124
16.878,223
16.903,311
16.928,337
16.953,293
16.978,221
17.003,173
17.028,174
17.053,215
17.078,266
17.103,309
17.128,339
17.153,363
17.178,391
17.203,423
17.228,453
17.253,471
17.278,466
17.303,439
17.328,397
17.353,349
17.378,289
17.403,203
17.428,81
17.453,-68
17.478,-215
17.503,-321
17.528,-354
17.553,-302
17.578,-178
17.603,-12
17.628,160
17.653,313
17.678,435
17.703,521
17.728,568
17.753,570
17.778,533
17.803,478
17.828,437
17.853,429
17.878,446
17.903,465
17.928,467
17.953,447
17.978,408
18.003,350
18.028,269
18.053,172
18.078,84
18.103,24
18.128,-12
18.153,-56
18.178,-134
18.203,-237
18.228,-321
18.253,-339
18.278,-271
18.303,-137
18.328,23
18.353,180
18.378,320
18.403,444
18.428,555
18.453,644
18.478,696
18.503,699
18.528,656
18.553,590
18.578,530
18.603,495
18.628,477
18.653,456
18.678,417
18.703,364
18.728,308
18.753,259
18.778,216
18.803,177
18.828,144
18.853,114
18.878,83
18.903,46
18.928,13
18.953,9
18.978,56
19.003,149
19.028,254
19.053,337
19.078,390
19.103,429
19.128,468
19.153,503
19.178,512
19.203,486
19.228,440
19.253,397
19.278,371
19.303,356
19.328,340
19.353,315
19.378,283
19.403,240
19.428,180
19.453,105
19.478,22
19.503,-56
19.528,-132
19.553,-210
19.578,-288
19.603,-339
19.628,-331
19.653,-255
19.678,-134
19.703,-14
19.728,77
19.753,144
19.778,208
19.803,280
19.828,348
19.853,396
19.878,418
19.903,422
19.928,424
19.953,429
19.978,432
20.003,429
20.028,418
20.053,399
20.078,371
20.103,334
20.128,293
20.153,250
20.178,201
20.203,138
20.228,57
20.253,-18
20.278,-52
20.303,-16
20.328,81
20.353,199
20.378,296
20.403,358
20.428,402
20.453,451
20.478,506
20.503,550
20.528,564
20.553,546
20.578,510
20.603,474
20.628,443
20.653,413
20.678,381
20.703,344
20.728,301
20.753,251
20.778,194
20.803,135
20.828,74
20.853,10
20.878,-62
20.903,-138
20.928,-204
20.953,-240
20.978,-237
21.003,-198
21.028,-135
21.053,-61
21.078,23
21.103,118
21.128,222
21.153,323
21.178,404
21.203,450
21.228,457
21.253,437
21.278,410
21.303,395
21.328,397
21.353,404
21.378,403
21.403,383
21.428,349
21.453,305
21.478,254
21.503,196
21.528,133
21.553,68
21.578,6
21.603,-57
21.628,-128
21.653,-202
21.678,-255
21.703,-257
21.728,-187
21.753,-55
21.778,104
21.803,256
21.828,378
21.853,472
21.878,547
21.903,609
21.928,653
21.953,669
21.978,654
22.003,619
22.028,580
22.053,550
22.078,530
22.103,510
22.128,480
22.153,438
22.178,388
22.203,338
22.228,290
22.253,240
22.278,181
22.303,111
22.328,37
22.353,-33
22.378,-97
22.403,-161
22.428,-231
22.453,-306
22.478,-370
22.503,-396
22.528,-360
22.553,-259
22.578,-114
22.603,36
22.628,166
22.653,268
22.678,352
22.703,431
22.728,501
22.753,551
22.778,572
22.803,571
22.828,562
22.853,562
22.878,571
22.903,580
22.928,578
22.953,563
22.978,539
23.003,512
23.028,485
23.053,452
23.078,411
23.103,363
23.128,313
23.153,261
23.178,205
23.203,142
23.228,77
23.253,17
23.278,-35
23.303,-91
23.328,-162
23.353,-252
23.378,-339
23.403,-388
23.428,-370
23.453,-285
23.478,-159
23.503,-29
23.528,80
23.553,173
23.578,260
23.603,352
23.628,443
23.653,518
23.678,563
23.703,579
23.728,579
23.753,580
23.778,587
23.803,594
23.828,590
23.853,570
23.878,541
23.903,515
23.928,497
23.953,478
23.978,444
24.003,386
24.028,312
24.053,240
24.078,180
24.103,133
24.128,87
24.153,33
24.178,-28
24.203,-89
24.228,-141
24.253,-189
24.278,-245
24.303,-316
24.328,-389
24.353,-434
24.378,-421
24.403,-339
24.428,-208
24.453,-67
24.478,53
24.503,149
24.528,232
24.553,317
24.578,403
24.603,474
24.628,520
24.653,543
24.678,558
24.703,578
24.728,608
24.753,642
24.778,670
24.803,684
24.828,683
24.853,668
24.878,642
24.903,609
24.928,574
24.953,533
24.978,484
25.003,423
25.028,354
25.053,285
25.078,220
25.103,158
25.128,92
25.153,24
25.178,-40
25.203,-95
25.228,-147
25.253,-208
25.278,-282
25.303,-349
25.328,-371
25.353,-321
25.378,-206
25.403,-65
25.428,56
25.453,140
25.478,198
25.503,254
25.528,320
25.553,385
25.578,434
25.603,461
25.628,476
25.653,493
25.678,517
25.703,545
25.728,568
25.753,578
25.778,572
25.803,549
25.828,516
25.853,479
25.878,442
25.903,405
25.928,362
25.953,311
25.978,253
26.003,192
26.028,128
26.053,62
26.078,-2
26.103,-61
26.128,-114
26.153,-170
26.178,-237
26.203,-304
26.228,-341
26.253,-315
26.278,-218
26.303,-81
26.328,50
26.353,148
26.378,220
26.403,287
26.428,362
26.453,433
26.478,478
26.503,495
26.528,498
26.553,507
26.578,528
26.603,550
26.628,560
26.653,554
26.678,536
26.703,511
26.728,478
26.753,434
26.778,382
26.803,330
26.828,284
26.853,242
26.878,199
26.903,155
26.928,112
26.953,67
26.978,17
27.003,-44
27.028,-109
27.053,-154
27.078,-154
27.103,-101
27.128,-9
27.153,88
27.178,168
27.203,225
27.228,270
27.253,315
27.278,362
27.303,398
27.328,414
27.353,412
27.378,404
27.403,403
27.428,410
27.453,420
27.478,424
27.503,417
27.528,400
27.553,376
27.578,345
27.603,309
27.628,269
27.653,226
27.678,182
27.703,134
27.728,84
27.753,35
27.778,-13
27.803,-68
27.828,-136
27.853,-215
27.878,-284
27.903,-312
27.928,-278
27.953,-184
27.978,-59
28.003,64
28.028,168
28.053,253
28.078,333
28.103,409
28.128,475
28.153,519
28.178,537
28.203,539
28.228,537
28.253,542
28.278,551
28.303,559
28.328,556
28.353,540
28.378,513
28.403,480
28.428,442
28.453,400
28.478,355
28.503,308
28.528,261
28.553,208
28.578,148
28.603,82
28.628,17
28.653,-41
28.678,-98
28.703,-163
28.728,-242
28.753,-318
28.778,-359
28.803,-335
28.828,-243
28.853,-110
28.878,22
28.903,130
28.928,216
28.953,294
28.978,376
29.003,454
29.028,515
29.053,549
29.078,560
29.103,563
29.128,568
29.153,578
29.178,587
29.203,588
29.228,575
29.253,552
29.278,524
29.303,495
29.328,463
29.353,422
29.378,371
29.403,314
29.428,262
29.453,217
29.478,172
29.503,117
29.528,50
29.553,-15
29.578,-73
29.603,-124
29.628,-186
29.653,-268
29.678,-351
29.703,-398
29.728,-375
29.753,-281
29.778,-150
29.803,-24
29.828,74
29.853,153
29.878,234
29.903,325
29.928,416
29.953,487
29.978,530
30.003,550
30.028,563
30.053,580
30.078,602
30.103,620
30.128,627
30.153,620
30.178,600
30.203,574
30.228,544
30.253,511
30.278,474
30.303,432
30.328,384
30.353,331
30.378,277
30.403,223
30.428,172
30.453,120
30.478,66
30.503,9
30.528,-48
30.553,-105
30.578,-162
30.603,-228
30.628,-301
30.653,-369
30.678,-406
30.703,-388
30.728,-310
30.753,-194
30.778,-73
30.803,28
30.828,110
30.853,187
30.878,272
30.903,361
30.928,439
30.953,489
30.978,511
31.003,520
31.028,531
31.053,550
31.078,574
31.103,594
31.128,601
31.153,599
31.178,590
31.203,578
31.228,561
31.253,534
31.278,498
31.303,455
31.328,412
31.353,370
31.378,326
31.403,276
31.428,223
31.453,171
31.478,121
31.503,73
31.528,22
31.553,-31
31.578,-85
31.603,-137
31.628,-194
31.653,-259
31.678,-326
31.703,-370
31.728,-361
31.753,-289
31.778,-172
31.803,-49
31.828,52
31.853,131
31.878,203
31.903,283
31.928,371
31.953,447
31.978,496
32.003,519
32.028,529
32.053,541
32.078,558
32.103,577
32.128,589
32.153,593
32.178,589
32.203,578
32.228,559
32.253,533
32.278,501
32.303,466
32.328,430
32.353,393
32.378,353
32.403,310
32.428,264
32.453,218
32.478,172
32.503,124
32.528,71
32.553,17
32.578,-34
32.603,-84
32.628,-136
32.653,-196
32.678,-262
32.703,-324
32.728,-358
32.753,-344
32.778,-276
32.803,-170
32.828,-52
32.853,53
32.878,140
32.903,217
32.928,295
32.953,373
32.978,441
33.003,487
33.028,511
33.053,526
33.078,544
33.103,567
33.128,586
33.153,592
33.178,584
33.203,570
33.228,555
33.253,536
33.278,508
33.303,472
33.328,431
33.353,389
33.378,347
33.403,302
33.428,253
33.453,203
33.478,153
33.503,102
33.528,48
33.553,-5
33.578,-56
33.603,-109
33.628,-170
33.653,-241
33.678,-306
33.703,-336
33.728,-308
33.753,-222
33.778,-109
33.803,-2
33.828,82
33.853,152
33.878,225
33.903,305
33.928,384
33.953,445
33.978,481
34.003,497
34.028,509
34.053,525
34.078,545
34.103,562
34.128,569
34.153,564
34.178,549
34.203,529
34.228,504
34.253,473
34.278,438
34.303,399
34.328,358
34.353,316
34.378,272
34.403,228
34.428,185
34.453,140
34.478,92
34.503,42
34.528,-7
34.553,-55
34.578,-106
34.603,-166
34.628,-231
34.653,-277
34.678,-278
34.703,-218
34.728,-114
34.753,-1
34.778,88
34.803,153
34.828,214
34.853,286
34.878,367
34.903,434
34.928,470
34.953,478
34.978,478
35.003,484
35.028,497
35.053,510
35.078,512
35.103,503
35.128,486
35.153,466
35.178,440
35.203,409
35.228,372
35.253,330
35.278,287
35.303,244
35.328,203
35.353,163
35.378,121
35.403,76
35.428,29
35.453,-15
35.478,-60
35.503,-110
35.528,-164
35.553,-209
35.578,-219
35.603,-178
35.628,-90
35.653,16
35.678,113
35.703,189
35.728,252
35.753,314
35.778,378
35.803,435
35.828,472
35.853,487
35.878,489
35.903,491
35.928,500
35.953,511
35.978,519
36.003,515
36.028,499
36.053,474
36.078,446
36.103,415
36.128,379
36.153,335
36.178,284
36.203,233
36.228,186
36.253,142
36.278,96
36.303,46
36.328,-1
36.353,-44
36.378,-88
36.403,-142
36.428,-201
36.453,-240
36.478,-230
36.503,-158
36.528,-46
36.553,67
36.578,157
36.603,221
36.628,276
36.653,334
36.678,389
36.703,427
36.728,444
36.753,447
36.778,450
36.803,461
36.828,477
36.853,490
36.878,492
36.903,481
36.928,461
36.953,435
36.978,408
37.003,379
37.028,345
37.053,308
37.078,269
37.103,230
37.128,193
37.153,152
37.178,105
37.203,57
37.228,10
37.253,-39
37.278,-98
37.303,-168
37.328,-231
37.353,-258
37.378,-226
37.403,-141
37.428,-33
37.453,64
37.478,139
37.503,202
37.528,268
37.553,342
37.578,414
37.603,468
37.628,499
37.653,511
37.678,514
37.703,516
37.728,518
37.753,520
37.778,517
37.803,507
37.828,489
37.853,466
37.878,438
37.903,405
37.928,365
37.953,318
37.978,271
38.003,227
38.028,186
38.053,141
38.078,90
38.103,36
38.128,-12
38.153,-58
38.178,-111
38.203,-176
38.228,-242
38.253,-285
38.278,-279
38.303,-218
38.328,-121
38.353,-18
38.378,70
38.403,142
38.428,211
38.453,288
38.478,374
38.503,456
38.528,517
38.553,547
38.578,553
38.603,550
38.628,552
38.653,561
38.678,570
38.703,568
38.728,551
38.753,523
38.778,488
38.803,451
38.828,412
38.853,371
38.878,329
38.903,287
38.928,242
38.953,194
38.978,143
39.003,93
39.028,45
39.053,0
39.078,-49
39.103,-107
39.128,-175
39.153,-244
39.178,-296
39.203,-308
39.228,-269
39.253,-185
39.278,-77
39.303,26
39.328,111
39.353,182
39.378,251
39.403,328
39.428,407
39.453,470
39.478,508
39.503,524
39.528,529
39.553,536
39.578,547
39.603,556
39.628,558
39.653,549
39.678,533
39.703,510
39.728,482
39.753,447
39.778,408
39.803,365
39.828,320
39.853,274
39.878,226
39.903,176
39.928,122
39.953,68
39.978,17
40.003,-32
40.028,-85
40.053,-145
40.078,-212
40.103,-271
40.128,-298
40.153,-274
40.178,-200
40.203,-96
40.228,5
40.253,88
40.278,157
40.303,225
40.328,305
40.353,386
40.378,453
40.403,492
40.428,508
40.453,516
40.478,528
40.503,543
40.528,555
40.553,557
40.578,547
40.603,530
40.628,507
40.653,480
40.678,447
40.703,409
40.728,367
40.753,321
40.778,275
40.803,229
40.828,184
40.853,139
40.878,91
40.903,40
40.928,-8
40.953,-56
40.978,-108
41.003,-169
41.028,-231
41.053,-274
41.078,-269
41.103,-208
41.128,-108
41.153,-1
41.178,87
41.203,160
41.228,231
41.253,311
41.278,392
41.303,457
41.328,499
41.353,522
41.378,536
41.403,549
41.428,559
41.453,561
41.478,556
41.503,545
41.528,527
41.553,502
41.578,472
41.603,439
41.628,408
41.653,373
41.678,332
41.703,284
41.728,231
41.753,178
41.778,126
41.803,71
41.828,16
41.853,-38
41.878,-91
41.903,-151
41.928,-219
41.953,-284
41.978,-316
42.003,-290
42.028,-207
42.053,-95
42.078,9
42.103,90
42.128,158
42.153,230
42.178,311
42.203,388
42.228,441
42.253,466
42.278,473
42.303,478
42.328,490
42.353,506
42.378,516
42.403,517
42.428,507
42.453,488
42.478,462
42.503,432
42.528,398
42.553,362
42.578,325
42.603,286
42.628,243
42.653,197
42.678,149
42.703,100
42.728,52
42.753,5
42.778,-45
42.803,-104
42.828,-167
42.853,-215
42.878,-222
42.903,-174
42.928,-82
42.953,26
42.978,121
43.003,195
43.028,257
43.053,324
43.078,395
43.103,456
43.128,492
43.153,499
43.178,492
43.203,486
43.228,491
43.253,499
43.278,502
43.303,491
43.328,468
43.353,439
43.378,409
43.403,381
43.428,350
43.453,315
43.478,273
43.503,225
43.528,176
43.553,127
43.578,80
43.603,35
43.628,-10
43.653,-60
43.678,-116
43.703,-171
43.728,-209
43.753,-209
43.778,-159
43.803,-70
43.828,29
43.853,117
43.878,185
43.903,242
43.928,303
43.953,368
43.978,425
44.003,459
44.028,467
44.053,462
44.078,459
44.103,462
44.128,470
44.153,471
44.178,463
44.203,443
44.228,417
44.253,388
44.278,358
44.303,325
44.328,286
44.353,241
44.378,194
44.403,155
44.428,122
44.453,88
44.478,38
44.503,-24
44.528,-82
44.553,-104
44.578,-74
44.603,-2
44.628,81
44.653,155
44.678,211
44.703,259
44.728,309
44.753,355
44.778,388
44.803,399
44.828,393
44.853,380
44.878,370
44.903,367
44.928,367
44.953,366
44.978,355
45.003,333
45.028,301
45.053,262
45.078,220
45.103,177
45.128,132
45.153,86
45.178,39
45.203,-9
45.228,-63
45.253,-116
45.278,-148
45.303,-137
45.328,-74
45.353,22
45.378,119
45.403,190
45.428,240
45.453,289
45.478,353
45.503,422
45.528,466
45.553,473
45.578,455
45.603,439
45.628,440
45.653,451
45.678,451
45.703,433
45.728,405
45.753,378
45.778,353
45.803,316
45.828,262
45.853,198
45.878,137
45.903,79
45.928,14
45.953,-59
45.978,-120
46.003,-134
46.028,-83
46.053,15
46.078,120
46.103,195
46.128,238
46.153,273
46.178,321
46.203,381
46.228,430
46.253,448
46.278,439
46.303,423
46.328,418
46.353,422
46.378,423
46.403,410
46.428,383
46.453,350
46.478,316
46.503,276
46.528,227
46.553,173
46.578,122
46.603,76
46.628,26
46.653,-39
46.678,-114
46.703,-172
46.728,-180
46.753,-127
46.778,-31
46.803,71
46.828,155
46.853,219
46.878,278
46.903,341
46.928,404
46.953,450
46.978,470
47.003,469
47.028,462
47.053,458
47.078,458
47.103,455
47.128,441
47.153,416
47.178,383
47.203,344
47.228,301
47.253,252
47.278,199
47.303,143
47.328,87
47.353,34
47.378,-20
47.403,-85
47.428,-156
47.453,-216
47.478,-238
47.503,-203
47.528,-119
47.553,-12
47.578,84
47.603,160
47.628,223
47.653,291
47.678,366
47.703,437
47.728,484
47.753,500
47.778,497
47.803,493
47.828,497
47.853,506
47.878,511
47.903,504
47.928,486
47.953,462
47.978,435
48.003,403
48.028,365
48.053,321
48.078,274
48.103,225
48.128,174
48.153,120
48.178,66
48.203,15
48.228,-38
48.253,-100
48.278,-171
48.303,-235
48.328,-261
48.353,-230
48.378,-143
48.403,-32
48.428,69
48.453,148
48.478,215
48.503,289
48.528,374
48.553,455
48.578,513
48.603,542
48.628,551
48.653,555
48.678,559
48.703,562
48.728,559
48.753,546
48.778,525
48.803,500
48.828,473
48.853,442
48.878,405
48.903,362
48.928,312
48.953,258
48.978,206
49.003,157
49.028,109
49.053,58
49.078,6
49.103,-42
49.128,-87
49.153,-135
49.178,-193
49.203,-258
49.228,-306
49.253,-312
49.278,-260
49.303,-165
49.328,-57
49.353,39
49.378,119
49.403,195
49.428,279
49.453,367
49.478,442
49.503,492
49.528,517
49.553,527
49.578,535
49.603,547
49.628,560
49.653,565
49.678,558
49.703,541
49.728,516
49.753,488
49.778,459
49.803,425
49.828,384
49.853,336
49.878,286
49.903,238
49.928,192
49.953,144
49.978,92
50.003,40
50.028,-7
50.053,-55
50.078,-110
50.103,-174
50.128,-231
50.153,-252
50.178,-218
50.203,-132
50.228,-24
50.253,73
50.278,149
50.303,214
50.328,286
50.353,366
50.378,438
50.403,484
50.428,500
50.453,501
50.478,503
50.503,514
50.528,525
50.553,528
50.578,518
50.603,496
50.628,469
50.653,439
50.678,404
50.703,363
50.728,318
50.753,271
50.778,226
50.803,183
50.828,138
50.853,90
50.878,41
50.903,-6
50.928,-54
50.953,-107
50.978,-167
51.003,-224
51.028,-256
51.053,-238
51.078,-167
51.103,-64
51.128,37
51.153,118
51.178,184
51.203,250
51.228,326
51.253,399
51.278,452
51.303,473
51.328,476
51.353,476
51.378,485
51.403,497
51.428,504
51.453,502
51.478,492
51.503,476
51.528,451
51.553,414
51.578,370
51.603,326
51.628,285
51.653,242
51.678,195
51.703,145
51.728,98
51.753,56
51.778,9
51.803,-48
51.828,-107
51.853,-139
51.878,-121
51.903,-50
51.928,44
51.953,131
51.978,195
52.003,245
52.028,298
52.053,356
52.078,406
52.103,431
52.128,429
52.153,416
52.178,409
52.203,415
52.228,425
52.253,425
52.278,410
52.303,383
52.328,353
52.353,322
52.378,288
52.403,247
52.428,200
52.453,152
52.478,104
52.503,52
52.528,-11
52.553,-82
52.578,-142
52.603,-163
52.628,-128
52.653,-45
52.678,55
52.703,144
52.728,211
52.753,268
52.778,329
52.803,394
52.828,448
52.853,473
52.878,469
52.903,453
52.928,443
52.953,445
52.978,447
53.003,435
53.028,406
53.053,368
53.078,330
53.103,292
53.128,250
53.153,198
53.178,143
53.203,92
53.228,43
53.253,-13
53.278,-84
53.303,-155
53.328,-197
53.353,-183
53.378,-111
53.403,-11
53.428,85
53.453,161
53.478,223
53.503,288
53.528,359
53.553,423
53.578,462
53.603,473
53.628,468
53.653,461
53.678,461
53.703,462
53.728,456
53.753,437
53.778,409
53.803,377
53.828,341
53.853,299
53.878,251
53.903,198
53.928,144
53.953,92
53.978,38
54.003,-24
54.028,-97
54.053,-164
54.078,-200
54.103,-180
54.128,-105
54.153,0
54.178,104
54.203,188
54.228,256
54.253,323
54.278,393
54.303,455
54.328,490
54.353,495
54.378,480
54.403,466
54.428,461
54.453,463
54.478,460
54.503,446
54.528,419
54.553,383
54.578,342
54.603,298
54.628,249
54.653,195
54.678,135
54.703,76
54.728,22
54.753,-24
54.778,-71
54.803,-130
54.828,-199
54.853,-258
54.878,-275
54.903,-230
54.928,-132
54.953,-14
54.978,89
55.003,168
55.028,235
55.053,311
55.078,397
55.103,476
55.128,528
55.153,547
55.178,548
55.203,550
55.228,562
55.253,574
55.278,574
55.303,561
55.328,542
55.353,523
55.378,503
55.403,472
55.428,430
55.453,385
55.478,342
55.503,303
55.528,257
55.553,199
55.578,135
55.603,73
55.628,13
55.653,-54
55.678,-137
55.703,-219
55.728,-265
55.753,-247
55.778,-168
55.803,-64
55.828,25
55.853,84
55.878,128
55.903,183
55.928,256
55.953,329
55.978,377
56.003,392
56.028,388
56.053,388
56.078,400
56.103,418
56.128,427
56.153,424
56.178,416
56.203,408
56.228,396
56.253,374
56.278,336
56.303,291
56.328,248
56.353,209
56.378,166
56.403,114
56.428,58
56.453,7
56.478,-35
56.503,-82
56.528,-142
56.553,-204
56.578,-235
56.603,-208
56.628,-122
56.653,-9
56.678,92
56.703,168
56.728,230
56.753,297
56.778,374
56.803,446
56.828,495
56.853,516
56.878,519
56.903,519
56.928,523
56.953,531
56.978,538
57.003,541
57.028,533
57.053,513
57.078,483
57.103,446
57.128,409
57.153,370
57.178,327
57.203,279
57.228,226
57.253,173
57.278,121
57.303,70
57.328,21
57.353,-27
57.378,-79
57.403,-137
57.428,-195
57.453,-235
57.478,-231
57.503,-173
57.528,-74
57.553,34
57.578,125
57.603,192
57.628,251
57.653,313
57.678,377
57.703,426
57.728,452
57.753,460
57.778,465
57.803,473
57.828,481
57.853,481
57.878,472
57.903,459
57.928,443
57.953,420
57.978,385
58.003,339
58.028,292
58.053,248
58.078,205
58.103,159
58.128,113
58.153,70
58.178,28
58.203,-21
58.228,-83
58.253,-141
58.278,-165
58.303,-133
58.328,-50
58.353,51
58.378,138
58.403,198
58.428,246
58.453,302
58.478,367
58.503,424
58.528,454
58.553,456
58.578,443
58.603,436
58.628,440
58.653,446
58.678,442
58.703,420
58.728,385
58.753,347
58.778,309
58.803,266
58.828,216
58.853,163
58.878,114
58.903,70
58.928,23
58.953,-35
58.978,-102
59.003,-151
59.028,-152
59.053,-97
59.078,-4
59.103,92
59.128,168
59.153,224
59.178,274
59.203,330
59.228,385
59.253,425
59.278,440
59.303,435
59.328,427
59.353,426
59.378,431
59.403,432
59.428,421
59.453,396
59.478,363
59.503,329
59.528,294
59.553,257
59.578,216
59.603,170
59.628,122
59.653,67
59.678,3
59.703,-62
59.728,-110
59.753,-118
59.778,-74
59.803,6
59.828,96
59.853,169
59.878,224
59.903,274
59.928,334
59.953,401
59.978,455
60.003,479
60.028,474
60.053,456
60.078,443
60.103,440
60.128,439
60.153,428
60.178,402
60.203,366
60.228,325
60.253,281
60.278,233
60.303,178
60.328,123
60.353,72
60.378,19
60.403,-45
60.428,-122
60.453,-192
60.478,-221
60.503,-185
60.528,-93
60.553,20
60.578,120
60.603,195
60.628,257
60.653,324
60.678,396
60.703,456
60.728,485
60.753,486
60.778,474
60.803,467
60.828,470
60.853,474
60.878,471
60.903,453
60.928,423
60.953,385
60.978,344
61.003,301
61.028,256
61.053,206
61.078,152
61.103,98
61.128,45
61.153,-9
61.178,-74
61.203,-150
61.228,-218
61.253,-245
61.278,-207
61.303,-109
61.328,14
61.353,125
61.378,209
61.403,274
61.428,340
61.453,412
61.478,475
61.503,516
61.528,530
61.553,531
61.578,529
61.603,530
61.628,528
61.653,520
61.678,504
61.703,482
61.728,452
61.753,414
61.778,367
61.803,318
61.828,269
61.853,219
61.878,163
61.903,102
61.928,42
61.953,-12
61.978,-64
62.003,-124
62.028,-198
62.053,-273
62.078,-320
62.103,-310
62.128,-237
62.153,-124
62.178,-5
62.203,94
62.228,175
62.253,251
62.278,331
62.303,410
62.328,471
62.353,503
62.378,510
62.403,510
62.428,513
62.453,521
62.478,525
62.503,517
62.528,497
62.553,470
62.578,440
62.603,406
62.628,367
62.653,324
62.678,279
62.703,232
62.728,182
62.753,128
62.778,76
62.803,27
62.828,-19
62.853,-75
62.878,-142
62.903,-202
62.928,-224
62.953,-185
62.978,-88
63.003,32
63.028,140
63.053,220
63.078,284
63.103,352
63.128,427
63.153,494
63.178,535
63.203,543
63.228,532
63.253,522
63.278,521
63.303,523
63.328,516
63.353,497
63.378,468
63.403,438
63.428,409
63.453,377
63.478,338
63.503,292
63.528,246
63.553,200
63.578,154
63.603,104
63.628,51
63.653,2
63.678,-40
63.703,-86
63.728,-144
63.753,-211
63.778,-263
63.803,-267
63.828,-207
63.853,-101
63.878,12
63.903,107
63.928,182
63.953,249
63.978,321
64.003,390
64.028,441
64.053,467
64.078,473
64.103,471
64.128,471
64.153,471
64.178,470
64.203,464
64.228,451
64.253,428
64.278,398
64.303,365
64.328,331
64.353,294
64.378,248
64.403,195
64.428,143
64.453,98
64.478,56
64.503,2
64.528,-64
64.553,-126
64.578,-151
64.603,-117
64.628,-35
64.653,57
64.678,133
64.703,188
64.728,240
64.753,302
64.778,367
64.803,415
64.828,432
64.853,426
64.878,414
64.903,412
64.928,418
64.953,422
64.978,413
65.003,394
65.028,368
65.053,339
65.078,307
65.103,271
65.128,234
65.153,200
65.178,165
65.203,120
65.228,58
65.253,-13
65.278,-72
65.303,-90
65.328,-56
65.353,16
65.378,98
65.403,162
65.428,203
65.453,233
65.478,269
65.503,313
65.528,354
65.553,379
65.578,384
65.603,382
65.628,386
65.653,402
65.678,420
65.703,425
65.728,410
65.753,378
65.778,337
65.803,293
65.828,245
65.853,192
65.878,138
65.903,87
65.928,33
65.953,-28
65.978,-98
66.003,-154
66.028,-166
66.053,-116
66.078,-19
66.103,89
66.128,178
66.153,239
66.178,290
66.203,349
66.228,416
66.253,472
66.278,500
66.303,497
66.328,477
66.353,457
66.378,447
66.403,442
66.428,433
66.453,411
66.478,378
66.503,337
66.528,293
66.553,243
66.578,188
66.603,130
66.628,75
66.653,21
66.678,-38
66.703,-110
66.728,-184
66.753,-230
66.778,-216
66.803,-136
66.828,-17
66.853,97
66.878,184
66.903,249
66.928,312
66.953,387
66.978,461
67.003,513
67.028,529
67.053,521
67.078,505
67.103,497
67.128,495
67.153,492
67.178,479
67.203,453
67.228,414
67.253,369
67.278,320
67.303,270
67.328,215
67.353,155
67.378,92
67.403,32
67.428,-25
67.453,-87
67.478,-162
67.503,-237
67.528,-282
67.553,-268
67.578,-188
67.603,-70
67.628,45
67.653,135
67.678,206
67.703,279
67.728,363
67.753,448
67.778,511
67.803,539
67.828,542
67.853,536
67.878,534
67.903,539
67.928,540
67.953,531
67.978,511
68.003,483
68.028,449
68.053,410
68.078,364
68.103,313
68.128,261
68.153,212
68.178,162
68.203,109
68.228,53
68.253,-1
68.278,-52
68.303,-107
68.328,-175
68.353,-255
68.378,-325
68.403,-347
68.428,-296
68.453,-183
68.478,-48
68.503,68
68.528,152
68.553,224
68.578,304
68.603,395
68.628,479
68.653,535
68.678,558
68.703,562
68.728,564
68.753,570
68.778,575
68.803,575
68.828,564
68.853,545
68.878,519
68.903,489
68.928,453
68.953,412
68.978,364
69.003,312
69.028,257
69.053,203
69.078,151
69.103,96
69.128,36
69.153,-23
69.178,-78
69.203,-127
69.228,-181
69.253,-248
69.278,-317
69.303,-356
69.328,-335
69.353,-246
69.378,-117
69.403,10
69.428,112
69.453,193
69.478,271
69.503,357
69.528,442
69.553,507
69.578,544
69.603,559
69.628,566
69.653,575
69.678,587
69.703,595
69.728,594
69.753,584
69.778,564
69.803,537
69.828,504
69.853,469
69.878,432
69.903,394
69.928,350
69.953,302
69.978,251
70.003,202
70.028,154
70.053,105
70.078,52
70.103,-2
70.128,-53
70.153,-103
70.178,-158
70.203,-223
70.228,-291
70.253,-333
70.278,-320
70.303,-244
70.328,-125
70.353,-2
70.378,97
70.403,171
70.428,239
70.453,314
70.478,395
70.503,461
70.528,497
70.553,504
70.578,498
70.603,497
70.628,507
70.653,520
70.678,528
70.703,522
70.728,506
70.753,482
70.778,454
70.803,421
70.828,383
70.853,340
70.878,295
70.903,251
70.928,208
70.953,166
70.978,121
71.003,76
71.028,29
71.053,-21
71.078,-81
71.103,-148
71.128,-206
71.153,-226
71.178,-188
71.203,-98
71.228,13
71.253,111
71.278,182
71.303,238
71.328,299
71.353,367
71.378,427
71.403,459
71.428,463
71.453,457
71.478,457
71.503,467
71.528,476
71.553,473
71.578,458
71.603,435
71.628,406
71.653,372
71.678,331
71.703,289
71.728,249
71.753,209
71.778,163
71.803,112
71.828,62
71.853,15
71.878,-33
71.903,-91
71.928,-149
71.953,-180
71.978,-154
72.003,-71
72.028,40
72.053,140
72.078,211
72.103,264
72.128,319
72.153,380
72.178,432
72.203,457
72.228,457
72.253,450
72.278,451
72.303,460
72.328,465
72.353,457
72.378,437
72.403,412
72.428,383
72.453,348
72.478,305
72.503,255
72.528,202
72.553,151
72.578,101
72.603,56
72.628,11
72.653,-40
72.678,-106
72.703,-175
72.728,-221
72.753,-212
72.778,-138
72.803,-23
72.828,89
72.853,174
72.878,236
72.903,299
72.928,375
72.953,450
72.978,497
73.003,508
73.028,498
73.053,489
73.078,492
73.103,499
73.128,499
73.153,488
73.178,470
73.203,448
73.228,416
73.253,371
73.278,317
73.303,263
73.328,213
73.353,164
73.378,109
73.403,52
73.428,-2
73.453,-56
73.478,-120
73.503,-196
73.528,-265
73.553,-292
73.578,-251
73.603,-150
73.628,-27
73.653,79
73.678,157
73.703,222
73.728,296
73.753,381
73.778,460
73.803,513
73.828,535
73.853,536
73.878,533
73.903,536
73.928,544
73.953,551
73.978,549
74.003,535
74.028,510
74.053,474
74.078,433
74.103,389
74.128,343
74.153,295
74.178,242
74.203,179
74.228,106
74.253,26
74.278,-49
74.303,-114
74.328,-169
74.353,-228
74.378,-297
74.403,-364
74.428,-397
74.453,-365
74.478,-264
74.503,-125
74.528,8
74.553,112
74.578,191
74.603,267
74.628,355
74.653,444
74.678,516
74.703,559
74.728,576
74.753,584
74.778,595
74.803,610
74.828,624
74.853,631
74.878,626
74.903,609
74.928,585
74.953,559
74.978,532
75.003,500
75.028,462
75.053,418
75.078,372
75.103,329
75.128,287
75.153,243
75.178,191
75.203,135
75.228,80
75.253,28
75.278,-24
75.303,-82
75.328,-151
75.353,-231
75.378,-317
75.403,-398
75.428,-454
75.453,-458
75.478,-398
75.503,-281
75.528,-141
75.553,-13
75.578,86
75.603,167
75.628,250
75.653,341
75.678,431
75.703,500
75.728,538
75.753,552
75.778,561
75.803,577
75.828,598
75.853,615
75.878,618
75.903,606
75.928,583
75.953,554
75.978,523
76.003,489
76.028,452
76.053,415
76.078,378
76.103,340
76.128,300
76.153,254
76.178,207
76.203,158
76.228,109
76.253,55
76.278,0
76.303,-55
76.328,-105
76.353,-151
76.378,-206
76.403,-272
76.428,-332
76.453,-356
76.478,-317
76.503,-218
76.528,-90
76.553,29
76.578,124
76.603,202
76.628,281
76.653,366
76.678,447
76.703,505
76.728,534
76.753,541
76.778,545
76.803,557
76.828,577
76.853,595
76.878,602
76.903,596
76.928,580
76.953,558
76.978,533
77.003,503
77.028,469
77.053,432
77.078,396
77.103,360
77.128,319
77.153,271
77.178,220
77.203,171
77.228,122
77.253,70
77.278,11
77.303,-48
77.328,-101
77.353,-145
77.378,-191
77.403,-250
77.428,-317
77.453,-366
77.478,-366
77.503,-303
77.528,-195
77.553,-73
77.578,34
77.603,121
77.628,198
77.653,276
77.678,358
77.703,435
77.728,493
77.753,525
77.778,535
77.803,538
77.828,548
77.853,566
77.878,582
77.903,584
77.928,572
77.953,554
77.978,537
78.003,518
78.028,489
78.053,450
78.078,408
78.103,369
78.128,331
78.153,289
78.178,242
78.203,196
78.228,153
78.253,111
78.278,63
78.303,10
78.328,-39
78.353,-79
78.378,-118
78.403,-169
78.428,-226
78.453,-260
78.478,-236
78.503,-151
78.528,-34
78.553,71
78.578,148
78.603,206
78.628,267
78.653,333
78.678,391
78.703,426
78.728,440
78.753,448
78.778,461
78.803,477
78.828,490
78.853,496
78.878,493
78.903,484
78.928,466
78.953,440
78.978,408
79.003,374
79.028,338
79.053,300
79.078,259
79.103,217
79.128,175
79.153,135
79.178,93
79.203,49
79.228,2
79.253,-51
79.278,-112
79.303,-170
79.328,-202
79.353,-182
79.378,-105
79.403,4
79.428,110
79.453,190
79.478,246
79.503,298
79.528,358
79.553,415
79.578,452
79.603,461
79.628,452
79.653,446
79.678,452
79.703,467
79.728,479
79.753,479
79.778,467
79.803,446
79.828,420
79.853,387
79.878,348
79.903,306
79.928,263
79.953,219
79.978,174
80.003,126
80.028,79
80.053,32
80.078,-14
80.103,-69
80.128,-131
80.153,-191
80.178,-226
80.203,-213
80.228,-145
80.253,-40
80.278,69
80.303,160
80.328,227
80.353,286
80.378,350
80.403,416
80.428,467
80.453,488
80.478,485
80.503,475
80.528,475
80.553,487
80.578,501
80.603,504
80.628,491
80.653,469
80.678,442
80.703,413
80.728,378
80.753,335
80.778,286
80.803,236
80.828,189
80.853,143
80.878,95
80.903,45
80.928,-4
80.953,-53
80.978,-108
81.003,-170
81.028,-234
81.053,-278
81.078,-273
81.103,-209
81.128,-100
81.153,18
81.178,118
81.203,193
81.228,260
81.253,334
81.278,413
81.303,479
81.328,518
81.353,529
81.378,529
81.403,533
81.428,543
81.453,553
81.478,556
81.503,550
81.528,534
81.553,510
81.578,478
81.603,440
81.628,400
81.653,360
81.678,318
81.703,273
81.728,224
81.753,173
81.778,123
81.803,72
81.828,20
81.853,-31
81.878,-83
81.903,-138
81.928,-199
81.953,-265
81.978,-318
82.003,-333
82.028,-291
82.053,-195
82.078,-75
82.103,36
82.128,125
82.153,199
82.178,272
82.203,353
82.228,432
82.253,492
82.278,526
82.303,539
82.328,546
82.353,556
82.378,572
82.403,586
82.428,591
82.453,587
82.478,573
82.503,552
82.528,524
82.553,488
82.578,448
82.603,408
82.628,370
82.653,331
82.678,287
82.703,239
82.728,189
82.753,140
82.778,93
82.803,43
82.828,-10
82.853,-64
82.878,-115
82.903,-167
82.928,-228
82.953,-298
82.978,-356
83.003,-371
83.028,-323
83.053,-221
83.078,-98
83.103,12
83.128,97
83.153,170
83.178,246
83.203,330
83.228,409
83.253,470
83.278,506
83.303,525
83.328,539
83.353,556
83.378,574
83.403,590
83.428,597
83.453,595
83.478,583
83.503,564
83.528,542
83.553,516
83.578,485
83.603,448
83.628,406
83.653,363
83.678,324
83.703,286
83.728,246
83.753,200
83.778,151
83.803,101
83.828,53
83.853,7
83.878,-36
83.903,-80
83.928,-128
83.953,-185
83.978,-247
84.003,-301
84.028,-322
84.053,-288
84.078,-202
84.103,-90
84.128,17
84.153,100
84.178,163
84.203,225
84.228,297
84.253,374
84.278,440
84.303,481
84.328,499
84.353,506
84.378,513
84.403,526
84.428,538
84.453,543
84.478,536
84.503,520
84.528,498
84.553,473
84.578,446
84.603,414
84.628,377
84.653,335
84.678,293
84.703,254
84.728,215
84.753,172
84.778,123
84.803,71
84.828,22
84.853,-20
84.878,-64
84.903,-116
84.928,-176
84.953,-229
84.978,-248
85.003,-215
85.028,-135
85.053,-31
85.078,66
85.103,144
85.128,209
85.153,273
85.178,340
85.203,402
85.228,447
85.253,472
85.278,486
85.303,497
85.328,511
85.353,524
85.378,531
85.403,533
85.428,527
85.453,516
85.478,496
85.503,469
85.528,438
85.553,404
85.578,367
85.603,326
85.628,282
85.653,239
85.678,196
85.703,152
85.728,105
85.753,57
85.778,10
85.803,-32
85.828,-80
85.853,-137
85.878,-196
85.903,-235
85.928,-227
85.953,-166
85.978,-72
86.003,24
86.028,100
86.053,156
86.078,209
86.103,269
86.128,335
86.153,389
86.178,418
86.203,426
86.228,427
86.253,435
86.278,453
86.303,473
86.328,480
86.353,471
86.378,451
86.403,428
86.428,405
86.453,379
86.478,347
86.503,308
86.528,270
86.553,235
86.578,201
86.603,162
86.628,119
86.653,76
86.678,34
86.703,-8
86.728,-59
86.753,-109
86.778,-133
86.803,-109
86.828,-39
86.853,50
86.878,129
86.903,183
86.928,226
86.953,275
86.978,334
87.003,385
87.028,410
87.053,411
87.078,406
87.103,410
87.128,423
87.153,433
87.178,431
87.203,419
87.228,403
87.253,385
87.278,359
87.303,326
87.328,289
87.353,254
87.378,223
87.403,190
87.428,152
87.453,113
87.478,72
87.503,27
87.528,-26
87.553,-82
87.578,-120
87.603,-114
87.628,-58
87.653,27
87.678,112
87.703,176
87.728,224
87.753,272
87.778,328
87.803,381
87.828,414
87.853,424
87.878,422
87.903,423
87.928,432
87.953,444
87.978,448
88.003,439
88.028,421
88.053,399
88.078,373
88.103,344
88.128,309
88.153,270
88.178,227
88.203,181
88.228,131
88.253,77
88.278,16
88.303,-52
88.328,-120
88.353,-172
88.378,-185
88.403,-146
88.428,-66
88.453,26
88.478,105
88.503,164
88.528,215
88.553,276
88.578,347
88.603,409
88.628,445
88.653,453
88.678,450
88.703,452
88.728,462
88.753,467
88.778,458
88.803,434
88.828,406
88.853,378
88.878,347
88.903,308
88.928,261
88.953,212
88.978,164
89.003,119
89.028,72
89.053,23
89.078,-26
89.103,-79
89.128,-138
89.153,-200
89.178,-245
89.203,-249
89.228,-198
89.253,-105
89.278,0
89.303,90
89.328,164
89.353,235
89.378,315
89.403,399
89.428,473
89.453,523
89.478,551
89.503,568
89.528,583
89.553,600
89.578,614
89.603,619
89.628,613
89.653,596
89.678,571
89.703,542
89.728,511
89.753,477
89.778,438
89.803,393
89.828,346
89.853,300
89.878,255
89.903,212
89.928,170
89.953,126
89.978,80
90.003,30
90.028,-22
90.053,-77
90.078,-130
90.103,-183
90.128,-242
90.153,-307
90.178,-363
90.203,-385
90.228,-354
90.253,-272
90.278,-164
90.303,-59
90.328,25
90.353,95
90.378,166
90.403,247
90.428,334
90.453,413
90.478,471
90.503,502
90.528,513
90.553,520
90.578,535
90.603,558
90.628,579
90.653,583
90.678,569
90.703,547
90.728,528
90.753,515
90.778,498
90.803,466
90.828,423
90.853,385
90.878,363
90.903,355
90.928,347
90.953,319
90.978,271
91.003,209
91.028,144
91.053,77
91.078,1
91.103,-86
91.128,-172
91.153,-231
91.178,-240
91.203,-191
91.228,-103
91.253,-9
91.278,68
91.303,126
91.328,180
91.353,246
91.378,323
91.403,395
91.428,440
91.453,448
91.478,428
91.503,398
91.528,374
91.553,361
91.578,356
91.603,353
91.628,348
91.653,342
91.678,338
91.703,331
91.728,317
91.753,290
91.778,251
91.803,211
91.828,176
91.853,147
91.878,114
91.903,73
91.928,32
91.953,4
91.978,-9
92.003,-23
92.028,-56
92.053,-107
92.078,-148
92.103,-145
92.128,-88
92.153,-3
92.178,71
92.203,117
92.228,149
92.253,195
92.278,270
92.303,357
92.328,428
92.353,467
92.378,483
92.403,496
92.428,521
92.453,551
92.478,574
92.503,578
92.528,567
92.553,546
92.578,522
92.603,492
92.628,459
92.653,424
92.678,390
92.703,352
92.728,302
92.753,232
92.778,147
92.803,57
92.828,-19
92.853,-75
92.878,-113
92.903,-142
92.928,-172
92.953,-206
92.978,-237
93.003,-249
93.028,-225
93.053,-162
93.078,-66
93.103,44
93.128,159
93.153,272
93.178,383
93.203,480
93.228,545
93.253,566
93.278,553
93.303,533
93.328,534
93.353,558
93.378,583
93.403,585
93.428,558
93.453,517
93.478,477
93.503,440
93.528,396
93.553,336
93.578,267
93.603,204
93.628,156
93.653,123
93.678,95
93.703,64
93.728,28
93.753,-16
93.778,-71
93.803,-130
93.828,-174
93.853,-181
93.878,-141
93.903,-63
93.928,22
93.953,94
93.978,150
94.003,205
94.028,269
94.053,338
94.078,391
94.103,413
94.128,409
94.153,397
94.178,395
94.203,406
94.228,417
94.253,417
94.278,405
94.303,388
94.328,371
94.353,357
94.378,342
94.403,326
94.428,308
94.453,283
94.478,246
94.503,196
94.528,141
94.553,93
94.578,53
94.603,12
94.628,-39
94.653,-96
94.678,-130
94.703,-119
94.728,-61
94.753,21
94.778,99
94.803,158
94.828,207
94.853,258
94.878,315
94.903,370
94.928,411
94.953,433
94.978,439
95.003,438
95.028,435
95.053,434
95.078,432
95.103,426
95.128,411
95.153,386
95.178,353
95.203,319
95.228,287
95.253,255
95.278,220
95.303,183
95.328,145
95.353,107
95.378,61
95.403,5
95.428,-52
95.453,-91
95.478,-89
95.503,-42
95.528,32
95.553,110
95.578,173
95.603,222
95.628,269
95.653,321
95.678,371
95.703,407
95.728,420
95.753,416
95.778,407
95.803,403
95.828,403
95.853,401
95.878,391
95.903,371
95.928,346
95.953,317
95.978,284
96.003,246
96.028,205
96.053,163
96.078,119
96.103,69
96.128,11
96.153,-41
96.178,-67
96.203,-47
96.228,12
96.253,90
96.278,159
96.303,212
96.328,255
96.353,301
96.378,349
96.403,386
96.428,399
96.453,392
96.478,378
96.503,372
96.528,374
96.553,374
96.578,363
96.603,342
96.628,318
96.653,290
96.678,257
96.703,216
96.728,172
96.753,128
96.778,82
96.803,30
96.828,-24
96.853,-63
96.878,-65
96.903,-21
96.928,54
96.953,131
96.978,192
97.003,238
97.028,283
97.053,332
97.078,373
97.103,394
97.128,390
97.153,375
97.178,363
97.203,358
97.228,354
97.253,344
97.278,329
97.303,307
97.328,277
97.353,237
97.378,191
97.403,145
97.428,99
97.453,48
97.478,-9
97.503,-59
97.528,-73
97.553,-33
97.578,50
97.603,142
97.628,214
97.653,261
97.678,299
97.703,344
97.728,392
97.753,424
97.778,431
97.803,418
97.828,398
97.853,382
97.878,371
97.903,359
97.928,345
97.953,324
97.978,294
98.003,253
98.028,205
98.053,158
98.078,109
98.103,53
98.128,-11
98.153,-71
98.178,-95
98.203,-66
98.228,10
98.253,102
98.278,179
98.303,237
98.328,288
98.353,346
98.378,405
98.403,449
98.428,464
98.453,456
98.478,440
98.503,426
98.528,415
98.553,401
98.578,381
98.603,355
98.628,324
98.653,283
98.678,233
98.703,177
98.728,121
98.753,65
98.778,3
98.803,-64
98.828,-126
98.853,-155
98.878,-132
98.903,-61
98.928,33
98.953,120
98.978,186
99.003,239
99.028,296
99.053,362
99.078,424
99.103,463
99.128,470
99.153,455
99.178,437
99.203,430
99.228,428
99.253,422
99.278,400
99.303,365
99.328,323
99.353,279
99.378,233
99.403,184
99.428,133
99.453,81
99.478,24
99.503,-39
99.528,-108
99.553,-161
99.578,-171
99.603,-125
99.628,-35
99.653,67
99.678,157
99.703,228
99.728,293
99.753,363
99.778,432
99.803,481
99.828,498
99.853,488
99.878,468
99.903,454
99.928,449
99.953,446
99.978,438
100.003,421
100.028,398
100.053,369
100.078,336
100.103,297
100.128,249
100.153,195
100.178,139
100.203,88
100.228,43
100.253,-2
100.278,-59
100.303,-128
100.328,-191
100.353,-218
100.378,-189
100.403,-108
100.428,-5
100.453,89
100.478,165
100.503,230
100.528,300
100.553,374
100.578,441
100.603,483
100.628,498
100.653,494
100.678,489
100.703,490
100.728,495
100.753,497
100.778,488
100.803,467
100.828,437
100.853,401
100.878,358
100.903,310
100.928,261
100.953,214
100.978,173
101.003,132
101.028,86
101.053,35
101.078,-17
101.103,-66
101.128,-112
101.153,-154
101.178,-188
101.203,-198
101.228,-167
101.253,-93
101.278,4
101.303,97
101.328,168
101.353,225
101.378,285
101.403,354
101.428,418
101.453,456
101.478,466
101.503,462
101.528,464
101.553,479
101.578,494
101.603,495
101.628,481
101.653,459
101.678,437
101.703,415
101.728,388
101.753,353
101.778,315
101.803,278
101.828,239
101.853,195
101.878,147
101.903,99
101.928,57
101.953,15
101.978,-35
102.003,-97
102.028,-156
102.053,-186
102.078,-168
102.103,-100
102.128,-6
102.153,86
102.178,161
102.203,220
102.228,278
102.253,342
102.278,403
102.303,444
102.328,457
102.353,448
102.378,438
102.403,443
102.428,459
102.453,472
102.478,470
102.503,454
102.528,431
102.553,408
102.578,381
102.603,347
102.628,305
102.653,261
102.678,221
102.703,181
102.728,136
102.753,89
102.778,43
102.803,-2
102.828,-54
102.853,-116
102.878,-177
102.903,-208
102.928,-185
102.953,-112
102.978,-17
103.003,68
103.028,133
103.053,188
103.078,251
103.103,322
103.128,387
103.153,429
103.178,445
103.203,449
103.228,453
103.253,465
103.278,477
103.303,484
103.328,480
103.353,468
103.378,447
103.403,420
103.428,387
103.453,351
103.478,315
103.503,277
103.528,236
103.553,189
103.578,140
103.603,94
103.628,52
103.653,9
103.678,-42
103.703,-104
103.728,-164
103.753,-197
103.778,-181
103.803,-116
103.828,-23
103.853,69
103.878,146
103.903,210
103.928,274
103.953,343
103.978,410
104.003,458
104.028,478
104.053,477
104.078,470
104.103,469
104.128,475
104.153,481
104.178,481
104.203,471
104.228,453
104.253,429
104.278,398
104.303,362
104.328,323
104.353,283
104.378,244
104.403,203
104.428,161
104.453,117
104.478,72
104.503,28
104.528,-19
104.553,-76
104.578,-138
104.603,-189
104.628,-204
104.653,-167
104.678,-87
104.703,8
104.728,93
104.753,159
104.778,218
104.803,282
104.828,351
104.853,410
104.878,443
104.903,451
104.928,450
104.953,454
104.978,465
105.003,472
105.028,468
105.053,455
105.078,438
105.103,421
105.128,398
105.153,367
105.178,329
105.203,288
105.228,250
105.253,212
105.278,172
105.303,131
105.328,90
105.353,47
105.378,-3
105.403,-60
105.428,-108
105.453,-123
105.478,-88
105.503,-14
105.528,72
105.553,146
105.578,201
105.603,250
105.628,303
105.653,356
105.678,397
105.703,414
105.728,414
105.753,410
105.778,412
105.803,420
105.828,426
105.853,425
105.878,414
105.903,394
105.928,365
105.953,331
105.978,294
106.003,254
106.028,211
106.053,167
106.078,127
106.103,89
106.128,48
106.153,-2
106.178,-60
106.203,-106
106.228,-115
106.253,-75
106.278,0
106.303,79
106.328,144
106.353,194
106.378,240
106.403,291
106.428,336
106.453,361
106.478,365
106.503,359
106.528,359
106.553,369
106.578,383
106.603,391
106.628,387
106.653,373
106.678,353
106.703,328
106.728,296
106.753,257
106.778,215
106.803,172
106.828,131
106.853,89
106.878,39
106.903,-14
106.928,-61
106.953,-82
106.978,-62
107.003,0
107.028,83
107.053,162
107.078,223
107.103,270
107.128,317
107.153,369
107.178,416
107.203,446
107.228,452
107.253,442
107.278,432
107.303,430
107.328,433
107.353,431
107.378,417
107.403,393
107.428,361
107.453,326
107.478,288
107.503,244
107.528,195
107.553,146
107.578,101
107.603,60
107.628,15
107.653,-40
107.678,-104
107.703,-158
107.728,-176
107.753,-141
107.778,-62
107.803,32
107.828,117
107.853,182
107.878,238
107.903,302
107.928,374
107.953,436
107.978,473
108.003,482
108.028,478
108.053,477
108.078,485
108.103,494
108.128,493
108.153,476
108.178,448
108.203,415
108.228,381
108.253,345
108.278,304
108.303,261
108.328,215
108.353,168
108.378,118
108.403,67
108.428,17
108.453,-31
108.478,-85
108.503,-147
108.528,-208
108.553,-245
108.578,-235
108.603,-173
108.628,-77
108.653,23
108.678,109
108.703,179
108.728,247
108.753,322
108.778,399
108.803,462
108.828,500
108.853,513
108.878,514
108.903,515
108.928,522
108.953,530
108.978,532
109.003,522
109.028,501
109.053,475
109.078,446
109.103,415
109.128,378
109.153,335
109.178,287
109.203,238
109.228,191
109.253,143
109.278,92
109.303,40
109.328,-8
109.353,-56
109.378,-110
109.403,-175
109.428,-241
109.453,-282
109.478,-273
109.503,-207
109.528,-107
109.553,-4
109.578,80
109.603,149
109.628,220
109.653,301
109.678,383
109.703,447
109.728,484
109.753,498
109.778,507
109.803,520
109.828,537
109.853,550
109.878,553
109.903,545
109.928,530
109.953,509
109.978,482
110.003,450
110.028,415
110.053,379
110.078,339
110.103,295
110.128,247
110.153,198
110.178,150
110.203,102
110.228,53
110.253,5
110.278,-41
110.303,-88
110.328,-143
110.353,-208
110.378,-270
110.403,-302
124.438,578
124.463,664
124.488,801
124.513,875
124.538,846
124.563,816
124.588,896
124.613,1041
124.638,1097
124.663,1008
124.688,913
124.713,963
124.738,1098
124.763,1106
124.788,914
124.813,711
124.838,700
124.863,800
124.888,728
124.913,386
124.938,29
124.963,-71
124.988,-25
125.013,-206
125.038,-737
125.063,-1284
125.088,-1492
125.113,-1500
125.138,-1796
125.163,-2536
125.188,-3285
125.213,-3583
125.238,-3611
125.263,-3993
125.288,-4925
125.313,-5849
125.338,-6178
125.363,-6144
125.388,-6535
125.413,-7599
125.438,-8625
125.463,-8875
125.488,-8642
125.513,-8915
125.538,-10003
125.563,-11014
125.588,-11025
125.613,-10403
125.638,-10385
125.663,-11356
125.688,-12204
125.713,-11778
125.738,-10538
125.763,-10028
125.788,-10731
125.813,-11262
125.838,-10185
125.863,-8077
125.888,-6871
125.913,-7178
125.938,-7268
125.963,-5338
125.988,-2111
126.013,-30
126.038,115
126.063,513
126.088,3464
126.113,8054
126.138,11136
126.163,11666
126.188,12466
126.213,16560
126.238,22777
126.263,26930
126.288,27557
126.313,28442
126.338,32767
126.363,32767
126.388,32767
126.413,32767
126.438,32767
126.463,32767
126.488,32767
126.513,32767
126.538,32767
126.563,32767
126.588,32767
126.613,32767
126.638,32767
126.663,32767
126.688,15452
126.713,-32768
126.738,-32768
126.763,-32768
126.788,-32768
126.813,-32768
126.838,-32768
126.863,-32768
126.888,-32768
126.913,-32768
126.938,-32768
126.963,-32768
126.988,-32768
127.013,-32768
127.038,-32768
127.063,-29831
127.088,-27473
127.113,-27431
127.138,-24880
127.163,-19061
127.188,-13752
127.213,-11824
127.238,-11609
127.263,-9569
127.288,-5129
127.313,-1142
127.338,179
127.363,95
127.388,1353
127.413,4437
127.438,7149
127.463,7753
127.488,7226
127.513,7743
127.538,9711
127.563,11398
127.588,11417
127.613,10532
127.638,10469
127.663,11561
127.688,12435
127.713,11988
127.738,10835
127.763,10360
127.788,10826
127.813,11135
127.838,10413
127.863,9174
127.888,8550
127.913,8758
127.938,8896
127.963,8227
127.988,7126
128.013,6482
128.038,6479
128.063,6425
128.088,5751
128.113,4753
128.138,4124
128.163,4005
128.188,3860
128.213,3257
128.238,2439
128.263,1940
128.288,1853
128.313,1743
128.338,1269
128.363,629
128.388,248
128.413,200
128.438,146
128.463,-182
128.488,-641
128.513,-897
128.538,-870
128.563,-793
128.588,-864
128.613,-996
128.638,-983
128.663,-806
128.688,-649
128.713,-643
128.738,-698
128.763,-650
128.788,-490
128.813,-366
128.838,-375
128.863,-438
128.888,-416
128.913,-293
128.938,-187
128.963,-184
128.988,-234
129.013,-233
129.038,-162
129.063,-102
129.088,-117
129.113,-170
129.138,-181
129.163,-139
129.188,-110
129.213,-142
129.238,-185
129.263,-166
129.288,-104
129.313,-1
129.338,102
129.363,184
129.388,245
129.413,307
129.438,379
129.463,449
129.488,495
129.513,509
129.538,502
129.563,493
129.588,491
129.613,489
129.638,479
129.663,460
129.688,434
129.713,403
129.738,366
129.763,321
129.788,272
129.813,223
129.838,174
129.863,121
129.888,65
129.913,12
129.938,-36
129.963,-88
129.988,-149
130.013,-212
130.038,-249
130.063,-232
130.088,-159
130.113,-53
130.138,48
130.163,131
130.188,202
130.213,277
130.238,360
130.263,434
130.288,485
130.313,508
130.338,514
130.363,518
130.388,526
130.413,533
130.438,533
130.463,523
130.488,503
130.513,476
130.538,446
130.563,414
130.588,378
130.613,335
130.638,287
130.663,239
130.688,194
130.713,149
130.738,101
130.763,48
130.788,-4
130.813,-53
130.838,-102
130.863,-160
130.888,-225
130.913,-274
130.938,-275
130.963,-214
130.988,-107
131.013,6
131.038,100
131.063,170
131.088,234
131.113,304
131.138,375
131.163,431
131.188,462
131.213,476
131.238,484
131.263,497
131.288,512
131.313,520
131.338,518
131.363,505
131.388,484
131.413,460
131.438,433
131.463,404
131.488,369
131.513,330
131.538,287
131.563,245
131.588,202
131.613,159
131.638,114
131.663,68
131.688,22
131.713,-26
131.738,-84
131.763,-149
131.788,-202
131.813,-218
131.838,-178
131.863,-89
131.888,18
131.913,112
131.938,182
131.963,239
131.988,300
132.013,366
132.038,422
132.063,454
132.088,462
132.113,459
132.138,460
132.163,469
132.188,478
132.213,477
132.238,465
132.263,445
132.288,421
132.313,394
132.338,362
132.363,325
132.388,285
132.413,244
132.438,201
132.463,156
132.488,114
132.513,75
132.538,35
132.563,-12
132.588,-72
132.613,-127
132.638,-151
132.663,-123
132.688,-47
132.713,46
132.738,129
132.763,190
132.788,237
132.813,287
132.838,340
132.863,383
132.888,402
132.913,399
132.938,391
132.963,390
132.988,400
133.013,411
133.038,411
133.063,397
133.088,373
133.113,346
133.138,319
133.163,290
133.188,256
133.213,215
133.238,172
133.263,127
133.288,80
133.313,29
133.338,-24
133.363,-70
133.388,-88
133.413,-62
133.438,7
133.463,99
133.488,184
133.513,247
133.538,292
133.563,333
133.588,374
133.613,407
133.638,417
133.663,407
133.688,391
133.713,387
133.738,395
133.763,402
133.788,392
133.813,365
133.838,331
133.863,299
133.888,267
133.913,226
133.938,176
133.963,125
133.988,80
134.013,37
134.038,-15
134.063,-82
134.088,-142
134.113,-160
134.138,-115
134.163,-20
134.188,87
134.213,173
134.238,232
134.263,281
134.288,337
134.313,398
134.338,445
134.363,464
134.388,456
134.413,440
134.438,433
134.463,437
134.488,439
134.513,428
134.538,399
134.563,362
134.588,323
134.613,284
134.638,240
134.663,190
134.688,134
134.713,79
134.738,25
134.763,-33
134.788,-99
134.813,-159
134.838,-184
134.863,-154
134.888,-69
134.913,39
134.938,138
134.963,210
134.988,267
135.013,328
135.038,396
135.063,456
135.088,490
135.113,496
135.138,488
135.163,479
135.188,477
135.213,474
135.238,465
135.263,447
135.288,422
135.313,389
135.338,350
135.363,303
135.388,251
135.413,196
135.438,139
135.463,86
135.488,38
135.513,-6
135.538,-61
135.563,-129
135.588,-200
135.613,-242
135.638,-227
135.663,-150
135.688,-37
135.713,71
135.738,156
135.763,224
135.788,293
135.813,370
135.838,444
135.863,495
135.888,516
135.913,514
135.938,509
135.963,512
135.988,520
136.013,527
136.038,522
136.063,504
136.088,477
136.113,446
136.138,413
136.163,375
136.188,330
136.213,279
136.238,227
136.263,176
136.288,126
136.313,74
136.338,21
136.363,-29
136.388,-80
136.413,-137
136.438,-203
136.463,-264
136.488,-294
136.513,-264
136.538,-176
136.563,-58
136.588,51
136.613,135
136.638,203
136.663,273
136.688,351
136.713,423
136.738,470
136.763,488
136.788,491
136.813,496
136.838,507
136.863,519
136.888,524
136.913,518
136.938,502
136.963,478
136.988,451
137.013,420
137.038,385
137.063,344
137.088,300
137.113,254
137.138,210
137.163,166
137.188,121
137.213,71
137.238,22
137.263,-21
137.288,-65
137.313,-118
137.338,-181
137.363,-236
137.388,-249
137.413,-200
137.438,-98
137.463,18
137.488,115
137.513,184
137.538,241
137.563,304
137.588,372
137.613,427
137.638,457
137.663,463
137.688,462
137.713,467
137.738,480
137.763,493
137.788,499
137.813,495
137.838,479
137.863,457
137.888,432
137.913,404
137.938,373
137.963,334
137.988,289
138.013,244
138.038,204
138.063,167
138.088,126
138.113,81
138.138,35
138.163,-6
138.188,-49
138.213,-103
138.238,-165
138.263,-208
138.288,-198
138.313,-123
138.338,-8
138.363,101
138.388,178
138.413,227
138.438,273
138.463,331
138.488,392
138.513,435
138.538,450
138.563,447
138.588,443
138.613,450
138.638,462
138.663,470
138.688,467
138.713,452
138.738,430
138.763,405
138.788,378
138.813,349
138.838,316
138.863,280
138.888,244
138.913,207
138.938,170
138.963,132
138.988,92
139.013,52
139.038,9
139.063,-38
139.088,-91
139.113,-136
139.138,-149
139.163,-112
139.188,-29
139.213,69
139.238,154
139.263,213
139.288,256
139.313,299
139.338,344
139.363,379
139.388,393
139.413,391
139.438,387
139.463,393
139.488,404
139.513,412
139.538,409
139.563,397
139.588,378
139.613,357
139.638,332
139.663,304
139.688,271
139.713,235
139.738,197
139.763,160
139.788,126
139.813,91
139.838,46
139.863,-9
139.888,-62
139.913,-84
139.938,-53
139.963,23
139.988,117
140.013,197
140.038,251
140.063,291
140.088,331
140.113,372
140.138,402
140.163,409
140.188,399
140.213,388
140.238,388
140.263,398
140.288,404
140.313,395
140.338,370
140.363,339
140.388,309
140.413,280
140.438,244
140.463,197
140.488,146
140.513,99
140.538,55
140.563,7
140.588,-50
140.613,-106
140.638,-134
140.663,-111
140.688,-40
140.713,54
140.738,141
140.763,204
140.788,254
140.813,305
140.838,360
140.863,408
140.888,435
140.913,439
140.938,431
140.963,424
140.988,424
141.013,425
141.038,420
141.063,404
141.088,376
141.113,340
141.138,302
141.163,261
141.188,218
141.213,170
141.238,120
141.263,69
141.288,15
141.313,-44
141.338,-112
141.363,-170
141.388,-190
141.413,-149
141.438,-55
141.463,55
141.488,145
141.513,203
141.538,248
141.563,305
141.588,377
141.613,443
141.638,479
141.663,486
141.688,480
141.713,480
141.738,487
141.763,489
141.788,479
141.813,460
141.838,434
141.863,403
141.888,363
141.913,315
141.938,266
141.963,220
141.988,173
142.013,119
142.038,62
142.063,8
142.088,-40
142.113,-92
142.138,-157
142.163,-226
142.188,-268
142.213,-252
142.238,-175
142.263,-67
142.288,38
142.313,122
142.338,195
142.363,272
142.388,355
142.413,431
142.438,485
142.463,515
142.488,530
142.513,542
142.538,555
142.563,568
142.588,577
142.613,580
142.638,573
142.663,558
142.688,536
142.713,510
142.738,481
142.763,448
142.788,410
142.813,369
142.838,328
142.863,287
142.888,244
142.913,196
142.938,146
142.963,98
142.988,56
143.013,12
143.038,-35
143.063,-87
143.088,-136
143.113,-179
143.138,-225
143.163,-284
143.188,-344
143.213,-375
143.238,-345
143.263,-251
143.288,-125
143.313,-9
143.338,76
143.363,141
143.388,211
143.413,297
143.438,385
143.463,453
143.488,491
143.513,508
143.538,522
143.563,541
143.588,564
143.613,581
143.638,588
143.663,584
143.688,573
143.713,557
143.738,537
143.763,515
143.788,489
143.813,459
143.838,426
143.863,390
143.888,353
143.913,315
143.938,276
143.963,237
143.988,197
144.013,157
144.038,114
144.063,67
144.088,18
144.113,-27
144.138,-65
144.163,-102
144.188,-149
144.213,-210
144.238,-271
144.263,-299
144.288,-270
144.313,-185
144.338,-73
144.363,28
144.388,103
144.413,158
144.438,216
144.463,285
144.488,357
144.513,413
144.538,443
144.563,454
144.588,460
144.613,470
144.638,486
144.663,502
144.688,511
144.713,512
144.738,504
144.763,489
144.788,470
144.813,449
144.838,425
144.863,397
144.888,364
144.913,326
144.938,289
144.963,254
144.988,218
145.013,180
145.038,139
145.063,98
145.088,61
145.113,24
145.138,-20
145.163,-75
145.188,-129
145.213,-159
145.238,-143
145.263,-79
145.288,11
145.313,98
145.338,162
145.363,205
145.388,245
145.413,291
145.438,338
145.463,370
145.488,383
145.513,382
145.538,384
145.563,395
145.588,411
145.613,419
145.638,417
145.663,406
145.688,391
145.713,372
145.738,345
145.763,313
145.788,279
145.813,248
145.838,217
145.863,183
145.888,145
145.913,110
145.938,75
145.963,35
145.988,-13
146.013,-62
146.038,-83
146.063,-56
146.088,16
146.113,104
146.138,178
146.163,228
146.188,268
146.213,312
146.238,360
146.263,395
146.288,406
146.313,398
146.338,388
146.363,391
146.388,402
146.413,412
146.438,410
146.463,397
146.488,375
146.513,347
146.538,314
146.563,276
146.588,235
146.613,193
146.638,150
146.663,108
146.688,68
146.713,26
146.738,-24
146.763,-83
146.788,-135
146.813,-153
146.838,-118
146.863,-37
146.888,59
146.913,141
146.938,198
146.963,243
146.988,294
147.013,353
147.038,406
147.063,439
147.088,450
147.113,451
147.138,452
147.163,455
147.188,458
147.213,457
147.238,449
147.263,433
147.288,406
147.313,369
147.338,328
147.363,286
147.388,244
147.413,197
147.438,143
147.463,88
147.488,37
147.513,-10
147.538,-65
147.563,-129
147.588,-186
147.613,-206
147.638,-172
147.663,-88
147.688,14
147.713,107
147.738,177
147.763,235
147.788,296
147.813,365
147.838,429
147.863,473
147.888,492
147.913,492
147.938,489
147.963,493
147.988,503
148.013,511
148.038,506
148.063,486
148.088,456
148.113,421
148.138,384
148.163,345
148.188,304
148.213,259
148.238,211
148.263,160
148.288,108
148.313,57
148.338,9
148.363,-37
148.388,-90
148.413,-154
148.438,-221
148.463,-269
148.488,-273
148.513,-219
148.538,-121
148.563,-9
148.588,87
148.613,162
148.638,225
148.663,295
148.688,374
148.713,449
148.738,499
148.763,520
148.788,523
148.813,526
148.838,540
148.863,559
148.888,569
148.913,563
148.938,545
148.963,523
148.988,502
149.013,477
149.038,441
149.063,398
149.088,352
149.113,309
149.138,268
149.163,225
149.188,178
149.213,128
149.238,78
149.263,28
149.288,-19
149.313,-64
149.338,-111
149.363,-165
149.388,-230
149.413,-295
149.438,-337
149.463,-328
149.488,-259
149.513,-146
149.538,-27
149.563,72
149.588,147
149.613,215
149.638,288
149.663,366
149.688,434
149.713,481
149.738,507
149.763,523
149.788,535
149.813,547
149.838,556
149.863,560
149.888,558
149.913,550
149.938,537
149.963,517
149.988,490
150.013,459
150.038,424
150.063,386
150.088,346
150.113,304
150.138,263
150.163,222
150.188,180
150.213,133
150.238,81
150.263,30
150.288,-15
150.313,-56
150.338,-102
150.363,-159
150.388,-224
150.413,-274
150.438,-283
150.463,-232
150.488,-134
150.513,-20
150.538,77
150.563,148
150.588,206
150.613,267
150.638,337
150.663,402
150.688,448
150.713,470
150.738,477
150.763,483
150.788,497
150.813,512
150.838,522
150.863,518
150.888,503
150.913,480
150.938,455
150.963,430
150.988,405
151.013,374
151.038,336
151.063,292
151.088,248
151.113,207
151.138,167
151.163,125
151.188,78
151.213,30
151.238,-11
151.263,-51
151.288,-99
151.313,-158
151.338,-214
151.363,-238
151.388,-205
151.413,-119
151.438,-9
151.463,88
151.488,160
151.513,217
151.538,276
151.563,343
151.588,405
151.613,448
151.638,468
151.663,475
151.688,481
151.713,491
151.738,503
151.763,510
151.788,508
151.813,497
151.838,479
151.863,456
151.888,431
151.913,403
151.938,372
151.963,336
151.988,294
152.013,251
152.038,207
152.063,165
152.088,120
152.113,76
152.138,32
152.163,-11
152.188,-59
152.213,-114
152.238,-167
152.263,-196
152.288,-178
152.313,-110
152.338,-13
152.363,82
152.388,154
152.413,204
152.438,251
152.463,305
152.488,360
152.513,401
152.538,417
152.563,415
152.588,413
152.613,421
152.638,437
152.663,447
152.688,445
152.713,432
152.738,414
152.763,395
152.788,372
152.813,343
152.838,307
152.863,269
152.888,231
152.913,193
152.938,155
152.963,119
152.988,84
153.013,47
153.038,0
153.063,-56
153.088,-99
153.113,-103
153.138,-54
153.163,33
153.188,127
153.213,199
153.238,244
153.263,280
153.288,321
153.313,364
153.338,396
153.363,405
153.388,397
153.413,386
153.438,384
153.463,390
153.488,395
153.513,392
153.538,377
153.563,353
153.588,324
153.613,292
153.638,256
153.663,217
153.688,176
153.713,137
153.738,97
153.763,53
153.788,1
153.813,-55
153.838,-99
153.863,-108
153.888,-66
153.913,15
153.938,111
153.963,191
153.988,247
154.013,289
154.038,331
154.063,377
154.088,415
154.113,432
154.138,427
154.163,414
154.188,406
154.213,408
154.238,415
154.263,413
154.288,396
154.313,366
154.338,329
154.363,291
154.388,251
154.413,207
154.438,161
154.463,115
154.488,70
154.513,22
154.538,-35
154.563,-97
154.588,-145
154.613,-152
154.638,-104
154.663,-14
154.688,86
154.713,170
154.738,231
154.763,281
154.788,334
154.813,390
154.838,435
154.863,459
154.888,462
154.913,455
154.938,449
154.963,448
154.988,447
155.013,443
155.038,431
155.063,408
155.088,377
155.113,339
155.138,298
155.163,254
155.188,205
155.213,150
155.238,95
155.263,45
155.288,0
155.313,-50
155.338,-110
155.363,-169
155.388,-201
155.413,-182
155.438,-107
155.463,-2
155.488,99
155.513,176
155.538,233
155.563,288
155.588,349
155.613,411
155.638,457
155.663,479
155.688,482
155.713,480
155.738,484
155.763,493
155.788,498
155.813,491
155.838,472
155.863,445
155.888,417
155.913,387
155.938,352
155.963,310
155.988,263
156.013,213
156.038,163
156.063,114
156.088,65
156.113,17
156.138,-30
156.163,-84
156.188,-145
156.213,-206
156.238,-242
156.263,-228
156.288,-158
156.313,-51
156.338,56
156.363,141
156.388,205
156.413,265
156.438,334
156.463,405
156.488,461
156.513,490
156.538,496
156.563,497
156.588,504
156.613,515
156.638,523
156.663,520
156.688,505
156.713,484
156.738,458
156.763,429
156.788,395
156.813,356
156.838,313
156.863,270
156.888,227
156.913,183
156.938,134
156.963,81
156.988,29
157.013,-18
157.038,-63
157.063,-116
157.088,-182
157.113,-249
157.138,-289
157.163,-272
157.188,-196
157.213,-87
157.238,16
157.263,95
157.288,155
157.313,216
157.338,289
157.363,366
157.388,429
157.413,465
157.438,480
157.463,488
157.488,499
157.513,515
157.538,529
157.563,534
157.588,527
157.613,510
157.638,487
157.663,462
157.688,435
157.713,404
157.738,369
157.763,330
157.788,290
157.813,249
157.838,206
157.863,156
157.888,105
157.913,57
157.938,11
157.963,-38
157.988,-101
158.013,-168
158.038,-211
158.063,-204
158.088,-141
158.113,-45
158.138,47
158.163,119
158.188,174
158.213,229
158.238,294
158.263,358
158.288,405
158.313,426
158.338,428
158.363,427
158.388,432
158.413,443
158.438,454
158.463,457
158.488,453
158.513,441
158.538,422
158.563,397
158.588,366
158.613,331
158.638,294
158.663,256
158.688,218
158.713,179
158.738,139
158.763,100
158.788,63
158.813,21
158.838,-30
158.863,-88
158.888,-133
158.913,-136
158.938,-87
158.963,0
158.988,92
159.013,162
159.038,210
159.063,253
159.088,306
159.113,360
159.138,397
159.163,404
159.188,392
159.213,382
159.238,387
159.263,400
159.288,411
159.313,410
159.338,398
159.363,379
159.388,356
159.413,327
159.438,295
159.463,261
159.488,226
159.513,188
159.538,147
159.563,109
159.588,72
159.613,33
159.638,-14
159.663,-62
159.688,-89
159.713,-70
159.738,-4
159.763,86
159.788,170
159.813,229
159.838,270
159.863,310
159.888,354
159.913,392
159.938,410
159.963,406
159.988,394
160.013,388
160.038,394
160.063,403
160.088,403
160.113,388
160.138,361
160.163,329
160.188,296
160.213,259
160.238,217
160.263,170
160.288,125
160.313,85
160.338,45
160.363,-3
160.388,-61
160.413,-112
160.438,-127
160.463,-90
160.488,-10
160.513,82
160.538,157
160.563,210
160.588,255
160.613,307
160.638,363
160.663,407
160.688,427
160.713,427
160.738,422
160.763,423
160.788,429
160.813,432
160.838,424
160.863,406
160.888,380
160.913,349
160.938,311
160.963,266
160.988,218
161.013,169
161.038,122
161.063,77
161.088,30
161.113,-24
161.138,-85
161.163,-139
161.188,-162
161.213,-137
161.238,-63
161.263,32
161.288,121
161.313,188
161.338,242
161.363,300
161.388,365
161.413,427
161.438,468
161.463,483
161.488,483
161.513,482
161.538,487
161.563,493
161.588,491
161.613,478
161.638,458
161.663,431
161.688,398
161.713,359
161.738,317
161.763,275
161.788,233
161.813,188
161.838,138
161.863,85
161.888,35
161.913,-11
161.938,-61
161.963,-123
161.988,-190
162.013,-237
162.038,-235
162.063,-175
162.088,-75
162.113,26
162.138,107
162.163,167
162.188,227
162.213,300
162.238,379
162.263,443
162.288,477
162.313,488
162.338,492
162.363,503
162.388,519
162.413,530
162.438,529
162.463,519
162.488,502
162.513,481
162.538,455
162.563,424
162.588,390
162.613,353
162.638,312
162.663,267
162.688,222
162.713,179
162.738,137
162.763,90
162.788,40
162.813,-9
162.838,-52
162.863,-94
162.888,-145
162.913,-209
162.938,-267
162.963,-285
162.988,-243
163.013,-151
163.038,-43
163.063,47
163.088,113
163.113,172
163.138,241
163.163,319
163.188,393
163.213,445
163.238,475
163.263,492
163.288,505
163.313,520
163.338,535
163.363,545
163.388,549
163.413,545
163.438,533
163.463,513
163.488,486
163.513,455
163.538,422
163.563,387
163.588,353
163.613,317
163.638,280
163.663,242
163.688,201
163.713,157
163.738,110
163.763,60
163.788,10
163.813,-35
163.838,-76
163.863,-119
163.888,-172
163.913,-232
163.938,-279
163.963,-287
163.988,-239
164.013,-147
164.038,-41
164.063,49
164.088,117
164.113,175
164.138,241
164.163,319
164.188,394
164.213,448
164.238,477
164.263,491
164.288,503
164.313,520
164.338,539
164.363,551
164.388,552
164.413,545
164.438,534
164.463,519
164.488,499
164.513,472
164.538,440
164.563,408
164.588,377
164.613,345
164.638,308
164.663,266
164.688,222
164.713,179
164.738,138
164.763,94
164.788,47
164.813,0
164.838,-44
164.863,-90
164.888,-142
164.913,-204
164.938,-261
164.963,-287
164.988,-261
165.013,-183
165.038,-81
165.063,15
165.088,89
165.113,147
165.138,209
165.163,282
165.188,356
165.213,414
165.238,445
165.263,459
165.288,469
165.313,486
165.338,508
165.363,527
165.388,537
165.413,536
165.438,527
165.463,513
165.488,493
165.513,468
165.538,438
165.563,403
165.588,364
165.613,324
165.638,284
165.663,244
165.688,199
165.713,148
165.738,93
165.763,43
165.788,0
165.813,-44
165.838,-99
165.863,-162
165.888,-213
165.913,-223
165.938,-178
165.963,-91
165.988,5
166.013,87
166.038,148
166.063,203
166.088,262
166.113,323
166.138,376
166.163,410
166.188,428
166.213,438
166.238,448
166.263,461
166.288,472
166.313,477
166.338,474
166.363,463
166.388,445
166.413,424
166.438,398
166.463,367
166.488,329
166.513,289
166.538,252
166.563,217
166.588,183
166.613,145
166.638,102
166.663,57
166.688,11
166.713,-39
166.738,-93
166.763,-136
166.788,-144
166.813,-101
166.838,-16
166.863,78
166.888,156
166.913,210
166.938,254
166.963,301
166.988,350
167.013,385
167.038,398
167.063,395
167.088,394
167.113,403
167.138,417
167.163,425
167.188,420
167.213,404
167.238,381
167.263,355
167.288,327
167.313,297
167.338,265
167.363,229
167.388,189
167.413,148
167.438,108
167.463,68
167.488,21
167.513,-31
167.538,-77
167.563,-90
167.588,-56
167.613,20
167.638,109
167.663,185
167.688,239
167.713,283
167.738,328
167.763,373
167.788,404
167.813,412
167.838,404
167.863,393
167.888,391
167.913,395
167.938,397
167.963,389
167.988,370
168.013,343
168.038,312
168.063,278
168.088,240
168.113,197
168.138,155
168.163,115
168.188,75
168.213,29
168.238,-27
168.263,-84
168.288,-120
168.313,-112
168.338,-56
168.363,31
168.388,121
168.413,193
168.438,246
168.463,294
168.488,346
168.513,398
168.538,437
168.563,452
168.588,449
168.613,440
168.638,439
168.663,445
168.688,448
168.713,436
168.738,403
168.763,353
168.788,297
168.813,245
168.838,200
168.863,160
168.888,120
168.913,77
168.938,30
168.963,-24
168.988,-85
169.013,-139
169.038,-164
169.063,-141
169.088,-69
169.113,25
169.138,113
169.163,178
169.188,228
169.213,282
169.238,347
169.263,410
169.288,452
169.313,467
169.338,464
169.363,462
169.388,466
169.413,473
169.438,472
169.463,460
169.488,436
169.513,406
169.538,370
169.563,332
169.588,291
169.613,249
169.638,202
169.663,152
169.688,100
169.713,53
169.738,8
169.763,-42
169.788,-105
169.813,-173
169.838,-219
169.863,-217
169.888,-157
169.913,-60
169.938,39
169.963,117
169.988,178
170.013,237
170.038,309
170.063,386
170.088,449
170.113,487
170.138,500
170.163,503
170.188,507
170.213,517
170.238,525
170.263,527
170.288,519
170.313,503
170.338,478
170.363,449
170.388,417
170.413,383
170.438,345
170.463,302
170.488,257
170.513,211
170.538,167
170.563,122
170.588,74
170.613,23
170.638,-25
170.663,-70
170.688,-118
170.713,-176
170.738,-242
170.763,-292
170.788,-298
170.813,-245
170.838,-150
170.863,-45
170.888,42
170.913,109
170.938,173
170.963,248
170.988,332
171.013,407
171.038,459
171.063,487
171.088,501
171.113,513
171.138,528
171.163,545
171.188,558
171.213,562
171.238,554
171.263,537
171.288,514
171.313,490
171.338,464
171.363,436
171.388,405
171.413,372
171.438,338
171.463,303
171.488,264
171.513,220
171.538,174
171.563,130
171.588,88
171.613,45
171.638,0
171.663,-42
171.688,-83
171.713,-126
171.738,-178
171.763,-234
171.788,-270
171.813,-262
171.838,-199
171.863,-102
171.888,-5
171.913,69
171.938,124
171.963,180
171.988,249
172.013,325
172.038,388
172.063,427
172.088,445
172.113,458
172.138,475
172.163,496
172.188,514
172.213,525
172.238,526
172.263,521
172.288,508
172.313,489
172.338,466
172.363,442
172.388,419
172.413,396
172.438,370
172.463,341
172.488,310
172.513,279
172.538,247
172.563,214
172.588,180
172.613,142
172.638,101
172.663,61
172.688,23
172.713,-13
172.738,-54
172.763,-101
172.788,-147
172.813,-177
172.838,-169
172.863,-120
172.888,-43
172.913,35
172.938,97
172.963,145
172.988,190
173.013,244
173.038,301
173.063,346
173.088,371
173.113,379
173.138,385
173.163,397
173.188,416
173.213,432
173.238,436
173.263,431
173.288,420
173.313,409
173.338,396
173.363,377
173.388,350
173.413,319
173.438,289
173.463,262
173.488,238
173.513,211
173.538,181
173.563,150
173.588,119
173.613,86
173.638,47
173.663,4
173.688,-31
173.713,-41
173.738,-12
173.763,47
173.788,118
173.813,177
173.838,220
173.863,256
173.888,294
173.913,334
173.938,364
173.963,376
173.988,373
174.013,367
174.038,369
174.063,377
174.088,385
174.113,385
174.138,376
174.163,361
174.188,341
174.213,315
174.238,284
174.263,251
174.288,217
174.313,182
174.338,145
174.363,109
174.388,71
174.413,29
174.438,-17
174.463,-62
174.488,-88
174.513,-75
174.538,-21
174.563,55
174.588,129
174.613,183
174.638,225
174.663,268
174.688,320
174.713,372
174.738,407
174.763,418
174.788,413
174.813,408
174.838,410
174.863,417
174.888,419
174.913,413
174.938,397
174.963,373
174.988,346
175.013,315
175.038,283
175.063,247
175.088,206
175.113,164
175.138,122
175.163,84
175.188,44
175.213,-4
175.238,-63
175.263,-118
175.288,-147
175.313,-131
175.338,-69
175.363,14
175.388,96
175.413,162
175.438,216
175.463,270
175.488,328
175.513,385
175.538,430
175.563,457
175.588,468
175.613,474
175.638,479
175.663,485
175.688,488
175.713,483
175.738,468
175.763,446
175.788,419
175.813,389
175.838,355
175.863,317
175.888,276
175.913,233
175.938,190
175.963,144
175.988,97
176.013,50
176.038,6
176.063,-38
176.088,-89
176.113,-148
176.138,-201
176.163,-225
176.188,-198
176.213,-122
176.238,-22
176.263,70
176.288,139
176.313,195
176.338,255
176.363,327
176.388,399
176.413,452
176.438,478
176.463,487
176.488,493
176.513,503
176.538,516
176.563,525
176.588,526
176.613,517
176.638,500
176.663,475
176.688,446
176.713,416
176.738,387
176.763,355
176.788,316
176.813,270
176.838,225
176.863,186
176.888,148
176.913,106
176.938,55
176.963,4
176.988,-41
177.013,-81
177.038,-128
177.063,-187
177.088,-244
177.113,-272
177.138,-247
177.163,-171
177.188,-70
177.213,25
177.238,102
177.263,164
177.288,227
177.313,297
177.338,370
177.363,431
177.388,471
177.413,490
177.438,496
177.463,502
177.488,513
177.513,527
177.538,537
177.563,535
177.588,522
177.613,501
177.638,476
177.663,449
177.688,418
177.713,383
177.738,345
177.763,306
177.788,267
177.813,230
177.838,193
177.863,153
177.888,109
177.913,62
177.938,15
177.963,-27
177.988,-67
178.013,-113
178.038,-170
178.063,-227
178.088,-256
178.113,-233
178.138,-156
178.163,-50
178.188,48
178.213,122
178.238,178
178.263,239
178.288,311
178.313,383
178.338,437
178.363,465
178.388,476
178.413,484
178.438,495
178.463,507
178.488,514
178.513,515
178.538,510
178.563,499
178.588,480
178.613,456
178.638,428
178.663,400
178.688,369
178.713,331
178.738,288
178.763,246
178.788,208
178.813,173
178.838,135
178.863,93
178.888,49
178.913,5
178.938,-40
178.963,-93
178.988,-148
179.013,-184
179.038,-178
179.063,-121
179.088,-30
179.113,61
179.138,132
179.163,181
179.188,227
179.213,280
179.238,337
179.263,379
179.288,396
179.313,395
179.338,393
179.363,402
179.388,418
179.413,432
179.438,435
179.463,429
179.488,419
179.513,406
179.538,384
179.563,353
179.588,315
179.613,279
179.638,246
179.663,213
179.688,176
179.713,137
179.738,99
179.763,61
179.788,17
179.813,-30
179.838,-69
179.863,-76
179.888,-36
179.913,38
179.938,123
179.963,194
179.988,243
180.013,283
180.038,323
180.063,362
180.088,388
180.113,396
180.138,389
180.163,380
180.188,377
180.213,382
180.238,388
180.263,387
180.288,375
180.313,352
180.338,324
180.363,292
180.388,259
180.413,222
180.438,179
180.463,132
180.488,88
180.513,45
180.538,-1
180.563,-55
180.588,-106
180.613,-128
180.638,-102
180.663,-28
180.688,67
180.713,151
180.738,209
180.763,252
180.788,298
180.813,351
180.838,398
180.863,425
180.888,428
180.913,421
180.938,416
180.963,419
180.988,422
181.013,416
181.038,399
181.063,373
181.088,344
181.113,313
181.138,277
181.163,235
181.188,189
181.213,142
181.238,97
181.263,52
181.288,2
181.313,-55
181.338,-108
181.363,-135
181.388,-113
181.413,-44
181.438,49
181.463,135
181.488,197
181.513,244
181.538,294
181.563,354
181.588,413
181.613,452
181.638,465
181.663,461
181.688,456
181.713,457
181.738,460
181.763,458
181.788,447
181.813,427
181.838,400
181.863,365
181.888,327
181.913,287
181.938,249
181.963,207
181.988,160
182.013,110
182.038,62
182.063,14
182.088,-39
182.113,-103
182.138,-166
182.163,-202
182.188,-188
182.213,-124
182.238,-31
182.263,59
182.288,133
182.313,194
182.338,254
182.363,321
182.388,387
182.413,439
182.438,467
182.463,477
182.488,478
182.513,482
182.538,490
182.563,499
182.588,499
182.613,487
182.638,465
182.663,438
182.688,411
182.713,381
182.738,346
182.763,305
182.788,264
182.813,223
182.838,182
182.863,139
182.888,92
182.913,47
182.938,7
182.963,-34
182.988,-86
183.013,-150
183.038,-207
183.063,-230
183.088,-198
183.113,-118
183.138,-20
183.163,64
183.188,125
183.213,175
183.238,233
183.263,302
183.288,371
183.313,420
183.338,445
183.363,454
183.388,461
183.413,472
183.438,485
183.463,492
183.488,489
183.513,478
183.538,462
183.563,442
183.588,420
183.613,392
183.638,361
183.663,326
183.688,289
183.713,254
183.738,221
183.763,187
183.788,151
183.813,110
183.838,68
183.863,27
183.888,-12
183.913,-59
183.938,-114
183.963,-163
183.988,-182
184.013,-153
184.038,-80
184.063,10
184.088,88
184.113,144
184.138,188
184.163,237
184.188,296
184.213,351
184.238,392
184.263,414
184.288,428
184.313,440
184.338,453
184.363,463
184.388,468
184.413,469
184.438,463
184.463,450
184.488,429
184.513,403
184.538,379
184.563,356
184.588,329
184.613,297
184.638,261
184.663,226
184.688,191
184.713,154
184.738,114
184.763,76
184.788,43
184.813,10
184.838,-32
184.863,-84
184.888,-128
184.913,-135
184.938,-92
184.963,-15
184.988,64
185.013,125
185.038,167
185.063,207
185.088,256
185.113,309
185.138,353
185.163,377
185.188,386
185.213,389
185.238,394
185.263,403
185.288,415
185.313,424
185.338,426
185.363,419
185.388,403
185.413,382
185.438,361
185.463,341
185.488,318
185.513,292
185.538,263
185.563,233
185.588,203
185.613,173
185.638,142
185.663,111
185.688,77
185.713,34
185.738,-14
185.763,-53
185.788,-62
185.813,-28
185.838,38
185.863,113
185.888,171
185.913,212
185.938,246
185.963,284
185.988,323
186.013,350
186.038,358
186.063,353
186.088,351
186.113,358
186.138,370
186.163,378
186.188,376
186.213,362
186.238,343
186.263,323
186.288,300
186.313,272
186.338,237
186.363,199
186.388,161
186.413,127
186.438,93
186.463,50
186.488,-1
186.513,-49
186.538,-70
186.563,-45
186.588,18
186.613,96
186.638,165
186.663,215
186.688,257
186.713,302
186.738,348
186.763,385
186.788,403
186.813,406
186.838,403
186.863,404
186.888,409
186.913,411
186.938,407
186.963,395
186.988,375
187.013,349
187.038,319
187.063,284
187.088,246
187.113,204
187.138,160
187.163,118
187.188,75
187.213,25
187.238,-33
187.263,-93
187.288,-134
187.313,-130
187.338,-78
187.363,4
187.388,88
187.413,153
187.438,202
187.463,252
187.488,309
187.513,366
187.538,409
187.563,429
187.588,435
187.613,437
187.638,442
187.663,447
187.688,448
187.713,440
187.738,424
187.763,399
187.788,369
187.813,336
187.838,300
187.863,258
187.888,209
187.913,156
187.938,105
187.963,62
187.988,20
188.013,-29
188.038,-92
188.063,-153
188.088,-183
188.113,-162
188.138,-94
188.163,-4
188.188,81
188.213,151
188.238,213
188.263,277
188.288,347
188.313,413
188.338,462
188.363,487
188.388,494
188.413,494
188.438,498
188.463,507
188.488,514
188.513,511
188.538,496
188.563,471
188.588,445
188.613,419
188.638,390
188.663,350
188.688,302
188.713,252
188.738,206
188.763,164
188.788,119
188.813,70
188.838,19
188.863,-30
188.888,-82
188.913,-142
188.938,-205
188.963,-249
188.988,-248
189.013,-191
189.038,-95
189.063,6
189.088,90
189.113,155
189.138,215
189.163,283
189.188,355
189.213,417
189.238,456
189.263,472
189.288,476
189.313,480
189.338,490
189.363,499
189.388,500
189.413,490
189.438,470
189.463,447
189.488,422
189.513,393
189.538,356
189.563,311
189.588,265
189.613,224
189.638,186
189.663,145
189.688,99
189.713,50
189.738,5
189.763,-38
189.788,-89
189.813,-150
189.838,-207
189.863,-231
189.888,-202
189.913,-122
189.938,-20
189.963,71
189.988,143
190.013,202
190.038,266
190.063,337
190.088,403
190.113,449
190.138,472
190.163,481
190.188,490
190.213,504
190.238,518
190.263,525
190.288,520
190.313,504
190.338,482
190.363,459
190.388,434
190.413,406
190.438,372
190.463,334
190.488,293
190.513,254
190.538,215
190.563,173
190.588,128
190.613,85
190.638,45
190.663,4
190.688,-45
190.713,-103
190.738,-157
190.763,-183
190.788,-162
190.813,-96
190.838,-9
190.863,70
190.888,131
190.913,179
190.938,229
190.963,285
190.988,337
191.013,372
191.038,387
191.063,390
191.088,393
191.113,400
191.138,409
191.163,413
191.188,411
191.213,406
191.238,396
191.263,378
191.288,350
191.313,316
191.338,281
191.363,247
191.388,215
191.413,183
191.438,154
191.463,125
191.488,92
191.513,48
191.538,-2
191.563,-43
191.588,-51
191.613,-16
191.638,50
191.663,124
191.688,185
191.713,231
191.738,269
191.763,308
191.788,344
191.813,368
191.838,376
191.863,372
191.888,365
191.913,363
191.938,368
191.963,372
191.988,369
192.013,357
192.038,336
192.063,310
192.088,283
192.113,253
192.138,218
192.163,180
192.188,141
192.213,106
192.238,70
192.263,29
192.288,-13
192.313,-44
192.338,-40
192.363,6
192.388,83
192.413,162
192.438,220
192.463,257
192.488,288
192.513,324
192.538,362
192.563,389
192.588,397
192.613,393
192.638,390
192.663,395
192.688,403
192.713,405
192.738,394
192.763,373
192.788,346
192.813,318
192.838,287
192.863,251
192.888,208
192.913,160
192.938,110
192.963,62
192.988,14
193.013,-35
193.038,-87
193.063,-127
193.088,-137
193.113,-104
193.138,-33
193.163,52
193.188,127
193.213,183
193.238,230
193.263,280
193.288,336
193.313,385
193.338,412
193.363,417
193.388,415
193.413,419
193.438,431
193.463,444
193.488,447
193.513,438
193.538,423
193.563,405
193.588,383
193.613,353
193.638,315
193.663,272
193.688,227
193.713,183
193.738,139
193.763,96
193.788,51
193.813,2
193.838,-54
193.863,-116
193.888,-164
193.913,-175
193.938,-135
193.963,-54
193.988,39
194.013,119
194.038,180
194.063,233
194.088,295
194.113,366
194.138,433
194.163,479
194.188,500
194.213,507
194.238,514
194.263,527
194.288,540
194.313,543
194.338,532
194.363,510
194.388,484
194.413,454
194.438,420
194.463,377
194.488,329
194.513,278
194.538,231
194.563,188
194.588,147
194.613,103
194.638,55
194.663,9
194.688,-31
194.713,-69
194.738,-111
194.763,-166
194.788,-228
194.813,-273
194.838,-275
194.863,-222
194.888,-127
194.913,-23
194.938,63
194.963,130
194.988,192
195.013,264
195.038,346
195.063,420
195.088,469
195.113,490
195.138,499
195.163,511
195.188,532
195.213,553
195.238,563
195.263,557
195.288,544
195.313,528
195.338,510
195.363,487
195.388,454
195.413,416
195.438,378
195.463,341
195.488,302
195.513,257
195.538,209
195.563,166
195.588,130
195.613,97
195.638,64
195.663,25
195.688,-18
195.713,-68
195.738,-127
195.763,-192
195.788,-247
195.813,-268
195.838,-238
195.863,-161
195.888,-62
195.913,28
195.938,99
195.963,159
195.988,224
196.013,296
196.038,364
196.063,411
196.088,435
196.113,447
196.138,461
196.163,483
196.188,508
196.213,523
196.238,524
196.263,514
196.288,496
196.313,473
196.338,445
196.363,412
196.388,377
196.413,341
196.438,306
196.463,273
196.488,242
196.513,210
196.538,175
196.563,136
196.588,95
196.613,55
196.638,14
196.663,-31
196.688,-82
196.713,-123
196.738,-130
196.763,-90
196.788,-11
196.813,77
196.838,148
196.863,196
196.888,237
196.913,284
196.938,336
196.963,375
196.988,389
197.013,384
197.038,381
197.063,390
197.088,405
197.113,414
197.138,411
197.163,399
197.188,385
197.213,367
197.238,342
197.263,309
197.288,274
197.313,242
197.338,209
197.363,171
197.388,128
197.413,86
197.438,47
197.463,6
197.488,-37
197.513,-72
197.538,-77
197.563,-38
197.588,36
197.613,119
197.638,185
197.663,233
197.688,276
197.713,326
197.738,375
197.763,406
197.788,413
197.813,403
197.838,396
197.863,398
197.888,405
197.913,408
197.938,401
197.963,385
197.988,363
198.013,337
198.038,306
198.063,271
198.088,233
198.113,191
198.138,148
198.163,104
198.188,63
198.213,19
198.238,-33
198.263,-90
198.288,-135
198.313,-141
198.338,-95
198.363,-10
198.388,83
198.413,158
198.438,212
198.463,260
198.488,316
198.513,374
198.538,419
198.563,440
198.588,442
198.613,440
198.638,442
198.663,448
198.688,449
198.713,443
198.738,429
198.763,406
198.788,375
198.813,340
198.838,304
198.863,268
198.888,229
198.913,182
198.938,131
198.963,82
198.988,40
199.013,-1
199.038,-55
199.063,-119
199.088,-175
199.113,-193
199.138,-156
199.163,-75
199.188,21
199.213,106
199.238,174
199.263,232
199.288,293
199.313,358
199.338,417
199.363,458
199.388,477
199.413,480
199.438,480
199.463,486
199.488,497
199.513,503
199.538,496
199.563,478
199.588,454
199.613,430
199.638,406
199.663,376
199.688,336
199.713,289
199.738,240
199.763,191
199.788,144
199.813,95
199.838,49
199.863,3
199.888,-45
199.913,-103
199.938,-165
199.963,-208
199.988,-206
200.013,-148
200.038,-51
200.063,49
200.088,129
200.113,187
200.138,239
200.163,297
200.188,358
200.213,407
200.238,436
200.263,449
200.288,458
200.313,469
200.338,481
200.363,489
200.388,490
200.413,484
200.438,473
200.463,454
200.488,430
200.513,400
200.538,367
200.563,330
200.588,288
200.613,242
200.638,196
200.663,153
200.688,112
200.713,67
200.738,20
200.763,-24
200.788,-64
200.813,-106
200.838,-155
200.863,-210
200.888,-249
200.913,-243
200.938,-179
200.963,-69
200.988,49
201.013,147
201.038,219
201.063,277
201.088,338
201.113,402
201.138,457
201.163,492
201.188,504
201.213,503
201.238,500
201.263,500
201.288,505
201.313,508
201.338,503
201.363,486
201.388,460
201.413,429
201.438,398
201.463,367
201.488,333
201.513,292
201.538,248
201.563,204
201.588,163
201.613,125
201.638,86
201.663,48
201.688,9
201.713,-32
201.738,-85
201.763,-145
201.788,-198
201.813,-217
201.838,-183
201.863,-102
201.888,-1
201.913,89
201.938,159
201.963,218
201.988,279
202.013,346
202.038,409
202.063,451
202.088,468
202.113,470
202.138,472
202.163,481
202.188,494
202.213,502
202.238,497
202.263,482
202.288,461
202.313,439
202.338,416
202.363,388
202.388,352
202.413,312
202.438,270
202.463,230
202.488,189
202.513,145
202.538,100
202.563,57
202.588,16
202.613,-29
202.638,-83
202.663,-142
202.688,-185
202.713,-187
202.738,-137
202.763,-47
202.788,51
202.813,133
202.838,191
202.863,236
202.888,286
202.913,340
202.938,386
202.963,411
202.988,414
203.013,410
203.038,415
203.063,431
203.088,445
203.113,447
203.138,435
203.163,415
203.188,395
203.213,374
203.238,349
203.263,317
203.288,281
203.313,245
203.338,209
203.363,172
203.388,135
203.413,101
203.438,67
203.463,25
203.488,-26
203.513,-75
203.538,-96
203.563,-68
203.588,4
203.613,95
203.638,174
203.663,229
203.688,269
203.713,308
203.738,347
203.763,377
203.788,389
203.813,385
203.838,377
203.863,378
203.888,385
203.913,393
203.938,392
203.963,380
203.988,360
204.013,335
204.038,307
204.063,274
204.088,237
204.113,197
204.138,158
204.163,119
204.188,79
204.213,32
204.238,-21
204.263,-71
204.288,-93
204.313,-69
204.338,-1
204.363,88
204.388,170
204.413,229
204.438,272
204.463,311
204.488,353
204.513,390
204.538,410
204.563,411
204.588,404
204.613,401
204.638,403
204.663,406
204.688,399
204.713,382
204.738,358
204.763,332
204.788,304
204.813,270
204.838,227
204.863,178
204.888,129
204.913,85
204.938,45
204.963,0
204.988,-56
205.013,-112
205.038,-142
205.063,-123
205.088,-54
205.113,39
205.138,126
205.163,189
205.188,237
205.213,288
205.238,349
205.263,405
205.288,439
205.313,445
205.338,439
205.363,436
205.388,443
205.413,452
205.438,454
205.463,447
205.488,431
205.513,407
205.538,375
205.563,336
205.588,297
205.613,260
205.638,220
205.663,172
205.688,117
205.713,63
205.738,17
205.763,-25
205.788,-76
205.813,-137
205.838,-187
205.863,-195
205.888,-147
205.913,-55
205.938,48
205.963,136
205.988,205
206.013,266
206.038,330
206.063,395
206.088,448
206.113,480
206.138,493
206.163,496
206.188,497
206.213,502
206.238,505
206.263,503
206.288,492
206.313,473
206.338,449
206.363,422
206.388,392
206.413,358
206.438,319
206.463,277
206.488,238
206.513,202
206.538,163
206.563,117
206.588,67
206.613,19
206.638,-21
206.663,-63
206.688,-117
206.713,-182
206.738,-236
206.763,-246
206.788,-196
206.813,-99
206.838,4
206.863,86
206.888,144
206.913,194
206.938,256
206.963,327
206.988,390
207.013,432
207.038,450
207.063,455
207.088,459
207.113,467
207.138,478
207.163,490
207.188,497
207.213,493
207.238,475
207.263,447
207.288,415
207.313,384
207.338,352
207.363,313
207.388,268
207.413,221
207.438,178
207.463,137
207.488,95
207.513,52
207.538,8
207.563,-35
207.588,-85
207.613,-140
207.638,-184
207.663,-192
207.688,-144
207.713,-51
207.738,53
207.763,139
207.788,197
207.813,243
207.838,297
207.863,360
207.888,415
207.913,447
207.938,456
207.963,455
207.988,458
208.013,465
208.038,472
208.063,472
208.088,463
208.113,449
208.138,431
208.163,407
208.188,379
208.213,345
208.238,308
208.263,270
208.288,233
208.313,196
208.338,160
208.363,123
208.388,86
208.413,49
208.438,10
208.463,-35
208.488,-88
208.513,-139
208.538,-168
208.563,-155
208.588,-95
208.613,-6
208.638,84
208.663,156
208.688,211
208.713,260
208.738,314
208.763,367
208.788,408
208.813,428
208.838,433
208.863,433
208.888,439
208.913,450
208.938,460
208.963,462
208.988,453
209.013,438
209.038,419
209.063,399
209.088,374
209.113,342
209.138,306
209.163,269
209.188,234
209.213,201
209.238,165
209.263,127
209.288,87
209.313,51
209.338,14
209.363,-28
209.388,-78
209.413,-122
209.438,-140
209.463,-112
209.488,-42
209.513,45
209.538,125
209.563,183
209.588,228
209.613,271
209.638,317
209.663,356
209.688,379
209.713,384
209.738,384
209.763,390
209.788,403
209.813,416
209.838,420
209.863,412
209.888,398
209.913,383
209.938,366
209.963,344
209.988,315
210.013,284
210.038,256
210.063,230
210.088,203
210.113,172
210.138,138
210.163,101
210.188,60
210.213,13
210.238,-28
210.263,-49
210.288,-31
210.313,24
210.338,100
210.363,170
210.388,223
210.413,263
210.438,300
210.463,336
210.488,364
210.513,375
210.538,371
210.563,364
210.588,365
210.613,373
210.638,379
210.663,377
210.688,364
210.713,346
210.738,327
210.763,305
210.788,277
210.813,241
210.838,198
210.863,155
210.888,118
210.913,85
210.938,48
210.963,1
210.988,-48
211.013,-82
211.038,-77
211.063,-24
211.088,59
211.113,144
211.138,208
211.163,251
211.188,288
211.213,330
211.238,373
211.263,402
211.288,408
211.313,398
211.338,390
211.363,392
211.388,403
211.413,409
211.438,401
211.463,379
211.488,350
211.513,319
211.538,287
211.563,252
211.588,210
211.613,165
211.638,120
211.663,76
211.688,29
211.713,-23
211.738,-81
211.763,-131
211.788,-147
211.813,-115
211.838,-39
211.863,54
211.888,138
211.913,200
211.938,248
211.963,301
211.988,363
212.013,420
212.038,454
212.063,462
212.088,457
212.113,454
212.138,459
212.163,464
212.188,462
212.213,448
212.238,428
212.263,404
212.288,374
212.313,338
212.338,296
212.363,251
212.388,204
212.413,154
212.438,103
212.463,55
212.488,13
212.513,-32
212.538,-91
212.563,-157
212.588,-207
212.613,-209
212.638,-152
212.663,-54
212.688,47
212.713,128
212.738,188
212.763,246
212.788,314
212.813,385
212.838,442
212.863,475
212.888,488
212.913,493
212.938,499
212.963,507
212.988,515
213.013,521
213.038,520
213.063,508
213.088,484
213.113,452
213.138,421
213.163,394
213.188,367
213.213,330
213.238,282
213.263,230
213.288,182
213.313,138
213.338,93
213.363,43
213.388,-6
213.413,-51
213.438,-95
213.463,-148
213.488,-211
213.513,-267
213.538,-285
213.563,-245
213.588,-154
213.613,-44
213.638,50
213.663,121
213.688,179
213.713,243
213.738,317
213.763,389
213.788,443
213.813,473
213.838,485
213.863,494
213.888,504
213.913,517
213.938,527
213.963,529
213.988,522
214.013,506
214.038,483
214.063,455
214.088,426
214.113,396
214.138,363
214.163,324
214.188,283
214.213,243
214.238,205
214.263,165
214.288,119
214.313,68
214.338,18
214.363,-24
214.388,-65
214.413,-113
214.438,-174
214.463,-229
214.488,-249
214.513,-213
214.538,-127
214.563,-25
214.588,62
214.613,125
214.638,178
214.663,239
214.688,312
214.713,381
214.738,428
214.763,450
214.788,459
214.813,470
214.838,487
214.863,503
214.888,510
214.913,506
214.938,497
214.963,485
214.988,468
215.013,444
215.038,413
215.063,379
215.088,345
215.113,312
215.138,278
215.163,243
215.188,208
215.213,169
215.238,126
215.263,80
215.288,37
215.313,0
215.338,-35
215.363,-78
215.388,-134
215.413,-185
215.438,-202
215.463,-163
215.488,-76
215.513,25
215.538,109
215.563,166
215.588,213
215.613,267
215.638,330
215.663,384
215.688,416
215.713,428
215.738,433
215.763,445
215.788,461
215.813,472
215.838,475
215.863,471
215.888,464
215.913,455
215.938,440
215.963,417
215.988,388
216.013,356
216.038,322
216.063,289
216.088,256
216.113,224
216.138,190
216.163,152
216.188,111
216.213,70
216.238,34
216.263,0
216.288,-43
216.313,-94
216.338,-138
216.363,-147
216.388,-106
216.413,-25
216.438,65
216.463,138
216.488,188
216.513,229
216.538,275
216.563,324
216.588,365
216.613,386
216.638,392
216.663,394
216.688,400
216.713,411
216.738,418
216.763,418
216.788,413
216.813,403
216.838,388
216.863,365
216.888,335
216.913,302
216.938,270
216.963,240
216.988,209
217.013,174
217.038,140
217.063,107
217.088,75
217.113,36
217.138,-9
217.163,-51
217.188,-68
217.213,-43
217.238,19
217.263,98
217.288,169
217.313,222
217.338,263
217.363,303
217.388,344
217.413,377
217.438,393
217.463,392
217.488,385
217.513,384
217.538,390
217.563,397
217.588,396
217.613,384
217.638,362
217.663,337
217.688,309
217.713,277
217.738,240
217.763,201
217.788,163
217.813,127
217.838,90
217.863,45
217.888,-9
217.913,-65
217.938,-101
217.963,-98
217.988,-50
218.013,28
218.038,111
218.063,179
218.088,230
218.113,276
218.138,324
218.163,371
218.188,406
218.213,421
218.238,418
218.263,412
218.288,414
218.313,423
218.338,429
218.363,422
218.388,402
218.413,374
218.438,344
218.463,313
218.488,280
218.513,239
218.538,193
218.563,145
218.588,100
218.613,59
218.638,13
218.663,-40
218.688,-96
218.713,-133
218.738,-127
218.763,-72
218.788,14
218.813,105
218.838,176
218.863,228
218.888,277
218.913,333
218.938,391
218.963,435
218.988,453
219.013,452
219.038,445
219.063,446
219.088,452
219.113,455
219.138,448
219.163,429
219.188,401
219.213,369
219.238,334
219.263,298
219.288,261
219.313,218
219.338,171
219.363,121
219.388,75
219.413,33
219.438,-11
219.463,-68
219.488,-132
219.513,-182
219.538,-189
219.563,-141
219.588,-54
219.613,40
219.638,120
219.663,184
219.688,243
219.713,308
219.738,375
219.763,430
219.788,464
219.813,477
219.838,482
219.863,486
219.888,493
219.913,497
219.938,495
219.963,485
219.988,468
220.013,447
220.038,423
220.063,394
220.088,358
220.113,317
220.138,273
220.163,230
220.188,187
220.213,142
220.238,96
220.263,50
220.288,6
220.313,-40
220.338,-94
220.363,-157
220.388,-211
220.413,-232
220.438,-201
220.463,-125
220.488,-27
220.513,62
220.538,133
220.563,191
220.588,250
220.613,315
220.638,377
220.663,424
220.688,450
220.713,459
220.738,461
220.763,465
220.788,474
220.813,481
220.838,480
220.863,467
220.888,444
220.913,419
220.938,392
220.963,362
220.988,325
221.013,283
221.038,241
221.063,203
221.088,165
221.113,124
221.138,80
221.163,37
221.188,0
221.213,-41
221.238,-92
221.263,-146
221.288,-178
221.313,-163
221.338,-96
221.363,0
221.388,90
221.413,158
221.438,209
221.463,263
221.488,326
221.513,389
221.538,435
221.563,458
221.588,466
221.613,471
221.638,478
221.663,487
221.688,493
221.713,492
221.738,483
221.763,468
221.788,448
221.813,425
221.838,398
221.863,364
221.888,324
221.913,281
221.938,241
221.963,206
221.988,173
222.013,135
222.038,93
222.063,51
222.088,13
222.113,-26
222.138,-76
222.163,-129
222.188,-163
222.213,-151
222.238,-89
222.263,0
222.288,82
222.313,139
222.338,178
222.363,218
222.388,270
222.413,324
222.438,362
222.463,377
222.488,379
222.513,381
222.538,390
222.563,403
222.588,411
222.613,410
222.638,399
222.663,380
222.688,358
222.713,335
222.738,314
222.763,293
222.788,266
222.813,231
222.838,193
222.863,157
222.888,126
222.913,91
222.938,46
222.963,-2
222.988,-35
223.013,-30
223.038,17
223.063,89
223.088,160
223.113,213
223.138,250
223.163,284
223.188,322
223.213,356
223.238,375
223.263,374
223.288,363
223.313,356
223.338,358
223.363,366
223.388,369
223.413,360
223.438,341
223.463,317
223.488,292
223.513,262
223.538,226
223.563,186
223.588,147
223.613,114
223.638,81
223.663,42
223.688,-7
223.713,-54
223.738,-76
223.763,-56
223.788,5
223.813,86
223.838,159
223.863,213
223.888,254
223.913,297
223.938,345
223.963,388
223.988,413
224.013,415
224.038,404
224.063,396
224.088,397
224.113,404
224.138,404
224.163,390
224.188,366
224.213,337
224.238,309
224.263,278
224.288,240
224.313,195
224.338,147
224.363,101
224.388,56
224.413,6
224.438,-49
224.463,-100
224.488,-121
224.513,-95
224.538,-27
224.563,60
224.588,140
224.613,200
224.638,246
224.663,295
224.688,349
224.713,399
224.738,430
224.763,436
224.788,428
224.813,422
224.838,425
224.863,431
224.888,430
224.913,414
224.938,386
224.963,355
224.988,324
225.013,291
225.038,252
225.063,206
225.088,158
225.113,113
225.138,70
225.163,22
225.188,-34
225.213,-94
225.238,-139
225.263,-145
225.288,-104
225.313,-28
225.338,57
225.363,133
225.388,195
225.413,252
225.438,313
225.463,377
225.488,432
225.513,465
225.538,476
225.563,475
225.588,474
225.613,478
225.638,482
225.663,479
225.688,465
225.713,444
225.738,419
225.763,390
225.788,357
225.813,318
225.838,276
225.863,234
225.888,192
225.913,149
225.938,104
225.963,56
225.988,8
226.013,-43
226.038,-101
226.063,-159
226.088,-202
226.113,-208
226.138,-168
226.163,-89
226.188,2
226.213,88
226.238,160
226.263,224
226.288,288
226.313,352
226.338,407
226.363,444
226.388,461
226.413,467
226.438,469
226.463,475
226.488,483
226.513,487
226.538,481
226.563,465
226.588,442
226.613,414
226.638,386
226.663,354
226.688,318
226.713,279
226.738,239
226.763,200
226.788,158
226.813,112
226.838,66
226.863,24
226.888,-14
226.913,-58
226.938,-114
226.963,-172
226.988,-205
227.013,-187
227.038,-117
227.063,-20
227.088,70
227.113,137
227.138,191
227.163,250
227.188,318
227.213,383
227.238,429
227.263,451
227.288,460
227.313,469
227.338,482
227.363,494
227.388,499
227.413,493
227.438,480
227.463,464
227.488,444
227.513,421
227.538,392
227.563,358
227.588,318
227.613,278
227.638,241
227.663,206
227.688,170
227.713,129
227.738,85
227.763,41
227.788,-1
227.813,-47
227.838,-99
227.863,-149
227.888,-175
227.913,-156
227.938,-92
227.963,-3
227.988,81
228.013,146
228.038,196
228.063,247
228.088,304
228.113,358
228.138,393
228.163,406
228.188,408
228.213,413
228.238,425
228.263,438
228.288,443
228.313,436
228.338,425
228.363,411
228.388,394
228.413,369
228.438,337
228.463,302
228.488,268
228.513,236
228.538,203
228.563,168
228.588,133
228.613,98
228.638,59
228.663,12
228.688,-36
228.713,-68
228.738,-65
228.763,-22
228.788,46
228.813,117
228.838,176
228.863,224
228.888,268
228.913,312
228.938,347
228.963,365
228.988,367
229.013,363
229.038,362
229.063,369
229.088,378
229.113,381
229.138,374
229.163,360
229.188,341
229.213,317
229.238,288
229.263,253
229.288,216
229.313,180
229.338,146
229.363,111
229.388,68
229.413,18
229.438,-26
229.463,-48
229.488,-30
229.513,25
229.538,101
229.563,171
229.588,223
229.613,262
229.638,301
229.663,343
229.688,378
229.713,395
229.738,392
229.763,382
229.788,377
229.813,379
229.838,381
229.863,374
229.888,356
229.913,332
229.938,306
229.963,275
229.988,237
230.013,192
230.038,147
230.063,105
230.088,63
230.113,15
230.138,-40
230.163,-89
230.188,-110
230.213,-83
230.238,-12
230.263,78
230.288,161
230.313,221
230.338,265
230.363,306
230.388,353
230.413,398
230.438,426
230.463,432
230.488,423
230.513,413
230.538,410
230.563,410
230.588,403
230.613,384
230.638,356
230.663,325
230.688,290
230.713,252
230.738,207
230.763,160
230.788,115
230.813,70
230.838,18
230.863,-44
230.888,-106
230.913,-141
230.938,-127
230.963,-60
230.988,33
231.013,123
231.038,191
231.063,242
231.088,295
231.113,358
231.138,417
231.163,454
231.188,465
231.213,460
231.238,457
231.263,462
231.288,469
231.313,469
231.338,457
231.363,438
231.388,415
231.413,385
231.438,346
231.463,302
231.488,258
231.513,215
231.538,171
231.563,123
231.588,74
231.613,28
231.638,-14
231.663,-62
231.688,-123
231.713,-185
231.738,-222
231.763,-209
231.788,-140
231.813,-42
231.838,53
231.863,127
231.888,185
231.913,245
231.938,314
231.963,384
231.988,438
232.013,469
232.038,481
232.063,487
232.088,495
232.113,505
232.138,512
232.163,512
232.188,505
232.213,491
232.238,469
232.263,441
232.288,411
232.313,382
232.338,352
232.363,315
232.388,272
232.413,227
232.438,187
232.463,152
232.488,115
232.513,69
232.538,19
232.563,-26
232.588,-68
232.613,-113
232.638,-168
232.663,-222
232.688,-248
232.713,-220
232.738,-139
232.763,-34
232.788,57
232.813,123
232.838,174
232.863,233
232.888,304
232.913,371
232.938,416
232.963,435
232.988,443
233.013,454
233.038,472
233.063,489
233.088,499
233.113,499
233.138,494
233.163,485
233.188,470
233.213,448
233.238,423
233.263,397
233.288,370
233.313,339
233.338,303
233.363,267
233.388,233
233.413,203
233.438,171
233.463,132
233.488,88
233.513,46
233.538,9
233.563,-24
233.588,-67
233.613,-119
233.638,-168
233.663,-188
233.688,-160
233.713,-90
233.738,-1
233.763,75
233.788,131
233.813,175
233.838,224
233.863,285
233.888,347
233.913,393
233.938,416
233.963,424
233.988,430
234.013,442
234.038,456
234.063,466
234.088,469
234.113,464
234.138,453
234.163,438
234.188,418
234.213,395
234.238,371
234.263,346
234.288,320
234.313,289
234.338,255
234.363,218
234.388,180
234.413,144
234.438,108
234.463,76
234.488,45
234.513,11
234.538,-29
234.563,-74
234.588,-106
234.613,-104
234.638,-60
234.663,13
234.688,89
234.713,147
234.738,187
234.763,224
234.788,268
234.813,314
234.838,349
234.863,363
234.888,363
234.913,363
234.938,374
234.963,391
234.988,406
235.013,409
235.038,400
235.063,386
235.088,371
235.113,357
235.138,341
235.163,319
235.188,292
235.213,261
235.238,232
235.263,207
235.288,183
235.313,159
235.338,131
235.363,99
235.388,62
235.413,20
235.438,-22
235.463,-51
235.488,-49
235.513,-8
235.538,60
235.563,134
235.588,191
235.613,231
235.638,264
235.663,301
235.688,340
235.713,368
235.738,376
235.763,372
235.788,371
235.813,380
235.838,394
235.863,402
235.888,401
235.913,392
235.938,380
235.963,365
235.988,344
236.013,317
236.038,285
236.063,251
236.088,216
236.113,179
236.138,143
236.163,112
236.188,83
236.213,49
236.238,3
236.263,-46
236.288,-83
236.313,-85
236.338,-42
236.363,31
236.388,109
236.413,173
236.438,221
236.463,262
236.488,308
236.513,356
236.538,394
236.563,412
236.588,412
236.613,407
236.638,407
236.663,415
236.688,423
236.713,424
236.738,414
236.763,396
236.788,373
236.813,346
236.838,313
236.863,276
236.888,238
236.913,200
236.938,161
236.963,122
236.988,83
237.013,42
237.038,-1
237.063,-52
237.088,-102
237.113,-135
237.138,-131
237.163,-83
237.188,-2
237.213,84
237.238,156
237.263,209
237.288,255
237.313,306
237.338,360
237.363,407
237.388,434
237.413,442
237.438,441
237.463,444
237.488,453
237.513,462
237.538,462
237.563,451
237.588,432
237.613,410
237.638,386
237.663,359
237.688,327
237.713,290
237.738,253
237.763,216
237.788,176
237.813,132
237.838,85
237.863,43
237.888,3
237.913,-42
237.938,-99
237.963,-158
237.988,-194
238.013,-180
238.038,-115
238.063,-22
238.088,66
238.113,134
238.138,188
238.163,246
238.188,315
238.213,384
238.238,436
238.263,464
238.288,473
238.313,477
238.338,484
238.363,494
238.388,501
238.413,501
238.438,494
238.463,478
238.488,457
238.513,431
238.538,400
238.563,363
238.588,323
238.613,282
238.638,242
238.663,203
238.688,161
238.713,115
238.738,66
238.763,20
238.788,-22
238.813,-71
238.838,-130
238.863,-193
238.888,-235
238.913,-229
238.938,-170
238.963,-75
238.988,23
239.013,104
239.038,167
239.063,226
239.088,292
239.113,360
239.138,417
239.163,451
239.188,466
239.213,471
239.238,477
239.263,488
239.288,499
239.313,502
239.338,492
239.363,473
239.388,450
239.413,425
239.438,397
239.463,362
239.488,321
239.513,279
239.538,241
239.563,205
239.588,165
239.613,119
239.638,72
239.663,29
239.688,-11
239.713,-58
239.738,-118
239.763,-176
239.788,-205
239.813,-181
239.838,-104
239.863,-2
239.888,92
239.913,164
239.938,221
239.963,277
239.988,338
240.013,395
240.038,434
240.063,449
240.088,449
240.113,449
240.138,455
240.163,464
240.188,470
240.213,466
240.238,455
240.263,438
240.288,417
240.313,391
240.338,358
240.363,320
240.388,278
240.413,237
240.438,196
240.463,157
240.488,119
240.513,82
240.538,42
240.563,-6
240.588,-63
240.613,-114
240.638,-136
240.663,-112
240.688,-47
240.713,34
240.738,107
240.763,163
240.788,210
240.813,261
240.838,315
240.863,358
240.888,379
240.913,382
240.938,381
240.963,384
240.988,392
241.013,399
241.038,399
241.063,394
241.088,383
241.113,364
241.138,338
241.163,305
241.188,273
241.213,244
241.238,215
241.263,184
241.288,151
241.313,119
241.338,85
241.363,45
241.388,2
241.413,-29
241.438,-30
241.463,9
241.488,79
241.513,153
241.538,209
241.563,247
241.588,277
241.613,311
241.638,345
241.663,367
241.688,371
241.713,363
241.738,356
241.763,358
241.788,367
241.813,371
241.838,363
241.863,343
241.888,318
241.913,295
241.938,273
241.963,246
241.988,212
242.013,172
242.038,133
242.063,93
242.088,49
242.113,-1
242.138,-46
242.163,-61
242.188,-32
242.213,33
242.238,111
242.263,174
242.288,216
242.313,249
242.338,287
242.363,330
242.388,367
242.413,385
242.438,388
242.463,384
242.488,383
242.513,385
242.538,385
242.563,377
242.588,361
242.613,340
242.638,315
242.663,286
242.688,252
242.713,216
242.738,179
242.763,142
242.788,101
242.813,55
242.838,3
242.863,-46
242.888,-77
242.913,-72
242.938,-26
242.963,47
242.988,125
243.013,187
243.038,230
243.063,270
243.088,316
243.113,366
243.138,404
243.163,420
243.188,416
243.213,407
243.238,405
243.263,409
243.288,410
243.313,401
243.338,381
243.363,356
243.388,328
243.413,297
243.438,261
243.463,220
243.488,179
243.513,141
243.538,106
243.563,65
243.588,13
243.613,-47
243.638,-99
243.663,-122
243.688,-101
243.713,-41
243.738,39
243.763,116
243.788,179
243.813,233
243.838,286
243.863,342
243.888,392
243.913,425
243.938,440
243.963,444
243.988,447
244.013,451
244.038,456
244.063,454
244.088,446
244.113,433
244.138,413
244.163,386
244.188,353
244.213,315
244.238,278
244.263,242
244.288,202
244.313,157
244.338,111
244.363,69
244.388,31
244.413,-10
244.438,-63
244.463,-122
244.488,-167
244.513,-172
244.538,-126
244.563,-44
244.588,43
244.613,116
244.638,170
244.663,221
244.688,281
244.713,347
244.738,403
244.763,434
244.788,442
244.813,442
244.838,447
244.863,459
244.888,469
244.913,470
244.938,458
244.963,440
244.988,420
245.013,398
245.038,370
245.063,336
245.088,299
245.113,262
245.138,225
245.163,183
245.188,138
245.213,93
245.238,53
245.263,17
245.288,-25
245.313,-81
245.338,-140
245.363,-179
245.388,-175
245.413,-120
245.438,-33
245.463,57
245.488,132
245.513,191
245.538,249
245.563,314
245.588,379
245.613,430
245.638,456
245.663,462
245.688,461
245.713,464
245.738,472
245.763,479
245.788,478
245.813,469
245.838,454
245.863,434
245.888,407
245.913,374
245.938,336
245.963,298
245.988,262
246.013,227
246.038,190
246.063,149
246.088,105
246.113,61
246.138,16
246.163,-34
246.188,-89
246.213,-137
246.238,-158
246.263,-137
246.288,-73
246.313,12
246.338,93
246.363,156
246.388,204
246.413,251
246.438,302
246.463,348
246.488,376
246.513,383
246.538,380
246.563,382
246.588,394
246.613,406
246.638,409
246.663,401
246.688,387
246.713,371
246.738,353
246.763,330
246.788,300
246.813,268
246.838,236
246.863,205
246.888,172
246.913,138
246.938,102
246.963,60
246.988,11
247.013,-35
247.038,-59
247.063,-40
247.088,22
247.113,104
247.138,174
247.163,220
247.188,251
247.213,283
247.238,318
247.263,345
247.288,350
247.313,340
247.338,328
247.363,325
247.388,329
247.413,331
247.438,328
247.463,318
247.488,304
247.513,283
247.538,258
247.563,236
247.588,222
247.613,215
247.638,205
247.663,182
247.688,148
247.713,110
247.738,70
247.763,29
247.788,-1
247.813,-5
247.838,30
247.863,97
247.888,168
247.913,222
247.938,262
247.963,308
247.988,366
248.013,421
248.038,450
248.063,448
248.088,431
248.113,425
248.138,439
248.163,464
248.188,487
248.213,503
248.238,507
248.263,496
248.288,466
248.313,421
248.338,371
248.363,326
248.388,283
248.413,232
248.438,168
248.463,92
248.488,5
248.513,-88
248.538,-178
248.563,-238
248.588,-239
248.613,-176
248.638,-78
248.663,12
248.688,73
248.713,110
248.738,147
248.763,193
248.788,237
248.813,262
248.838,268
248.863,265
248.888,268
248.913,282
248.938,303
248.963,324
248.988,340
249.013,342
249.038,325
249.063,294
249.088,264
249.113,243
249.138,227
249.163,203
249.188,168
249.213,127
249.238,89
249.263,52
249.288,8
249.313,-40
249.338,-66
249.363,-45
249.388,25
249.413,114
249.438,187
249.463,234
249.488,272
249.513,321
249.538,378
249.563,424
249.588,446
249.613,449
249.638,451
249.663,457
249.688,463
249.713,460
249.738,450
249.763,439
249.788,427
249.813,409
249.838,382
249.863,348
249.888,315
249.913,280
249.938,238
249.963,189
249.988,137
250.013,90
250.038,40
250.063,-19
250.088,-82
250.113,-121
250.138,-105
250.163,-32
250.188,66
250.213,152
250.238,209
250.263,251
250.288,300
250.313,360
250.338,416
250.363,451
250.388,465
250.413,470
250.438,474
250.463,474
250.488,466
250.513,447
250.538,422
250.563,389
250.588,344
250.613,290
250.638,236
250.663,195
250.688,166
250.713,140
250.738,103
250.763,57
250.788,8
250.813,-36
250.838,-82
250.863,-132
250.888,-173
250.913,-180
250.938,-136
250.963,-51
250.988,42
251.013,119
251.038,173
251.063,221
251.088,277
251.113,337
251.138,384
251.163,410
251.188,421
251.213,431
251.238,445
251.263,461
251.288,471
251.313,474
251.338,471
251.363,462
251.388,443
251.413,413
251.438,379
251.463,344
251.488,310
251.513,270
251.538,223
251.563,172
251.588,123
251.613,73
251.638,16
251.663,-43
251.688,-81
251.713,-72
251.738,-11
251.763,77
251.788,158
251.813,211
251.838,244
251.863,278
251.888,319
251.913,358
251.938,378
251.963,377
251.988,368
252.013,365
252.038,369
252.063,370
252.088,362
252.113,343
252.138,320
252.163,295
252.188,268
252.213,236
252.238,198
252.263,154
252.288,105
252.313,51
252.338,-9
252.363,-73
252.388,-129
252.413,-158
252.438,-142
252.463,-75
252.488,20
252.513,111
252.538,175
252.563,218
252.588,264
252.613,329
252.638,398
252.663,438
252.688,435
252.713,412
252.738,405
252.763,426
252.788,451
252.813,446
252.838,403
252.863,349
252.888,313
252.913,296
252.938,279
252.963,246
252.988,204
253.013,167
253.038,133
253.063,93
253.088,44
253.113,10
253.138,19
253.163,76
253.188,152
253.213,214
253.238,252
253.263,287
253.288,336
253.313,392
253.338,433
253.363,442
253.388,430
253.413,415
253.438,406
253.463,397
253.488,379
253.513,354
253.538,326
253.563,298
253.588,264
253.613,222
253.638,179
253.663,137
253.688,91
253.713,26
253.738,-59
253.763,-145
253.788,-199
253.813,-204
253.838,-166
253.863,-111
253.888,-64
253.913,-29
253.938,0
253.963,30
253.988,63
254.013,95
254.038,125
254.063,156
254.088,184
254.113,203
254.138,209
254.163,208
254.188,215
254.213,240
254.238,276
254.263,298
254.288,288
254.313,251
254.338,213
254.363,197
254.388,196
254.413,181
254.438,133
254.463,74
254.488,55
254.513,110
254.538,222
254.563,331
254.588,390
254.613,399
254.638,397
254.663,422
254.688,480
254.713,546
254.738,599
254.763,635
254.788,667
254.813,702
254.838,746
254.863,798
254.888,857
254.913,909
254.938,927
254.963,890
254.988,796
255.013,671
255.038,547
255.063,437
255.088,330
255.113,218
255.138,115
255.163,54
255.188,62
255.213,133
255.238,229
255.263,308
255.288,348
255.313,346
255.338,303
255.363,206
255.388,35
255.413,-210
255.438,-495
255.463,-755
255.488,-925
255.513,-971
255.538,-893
255.563,-720
255.588,-495
255.613,-270
255.638,-91
255.663,20
255.688,74
255.713,92
255.738,82
255.763,32
255.788,-52
255.813,-121
255.838,-95
255.863,67
255.888,327
255.913,587
255.938,778
255.963,905
255.988,1022
256.013,1152
256.038,1259
256.063,1288
256.088,1236
256.113,1152
256.138,1075
256.163,989
256.188,853
256.213,664
256.238,480
256.263,358
256.288,289
256.313,200
256.338,35
256.363,-195
256.388,-439
256.413,-667
256.438,-888
256.463,-1092
256.488,-1201
256.513,-1111
256.538,-800
256.563,-380
256.588,-25
256.613,172
256.638,258
256.663,340
256.688,470
256.713,596
256.738,642
256.763,602
256.788,551
256.813,555
256.838,597
256.863,598
256.888,510
256.913,378
256.938,296
256.963,315
256.988,382
257.013,385
257.038,247
257.063,-9
257.088,-294
257.113,-504
257.138,-586
257.163,-535
257.188,-374
257.213,-134
257.238,147
257.263,428
257.288,666
257.313,835
257.338,923
257.363,936
257.388,892
257.413,815
257.438,736
257.463,675
257.488,628
257.513,576
257.538,505
257.563,419
257.588,335
257.613,267
257.638,214
257.663,164
257.688,112
257.713,61
257.738,10
257.763,-46
257.788,-106
257.813,-147
257.838,-133
257.863,-48
257.888,85
257.913,222
257.938,328
257.963,404
257.988,469
258.013,530
258.038,573
258.063,580
258.088,555
258.113,520
258.138,488
258.163,452
258.188,399
258.213,334
258.238,277
258.263,239
258.288,206
258.313,155
258.338,77
258.363,-5
258.388,-73
258.413,-127
258.438,-183
258.463,-241
258.488,-269
258.513,-225
258.538,-103
258.563,53
258.588,191
258.613,284
258.638,346
258.663,403
258.688,456
258.713,490
258.738,493
258.763,475
258.788,458
258.813,451
258.838,442
258.863,421
258.888,389
258.913,355
258.938,321
258.963,277
258.988,214
259.013,144
259.038,84
259.063,38
259.088,-8
259.113,-71
259.138,-139
259.163,-174
259.188,-143
259.213,-47
259.238,73
259.263,173
259.288,237
259.313,279
259.338,321
259.363,367
259.388,403
259.413,419
259.438,419
259.463,417
259.488,420
259.513,421
259.538,410
259.563,387
259.588,355
259.613,321
259.638,284
259.663,244
259.688,201
259.713,159
259.738,113
259.763,56
259.788,-9
259.813,-65
259.838,-79
259.863,-33
259.888,54
259.913,148
259.938,219
259.963,263
259.988,296
260.013,329
260.038,357
260.063,366
260.088,355
260.113,338
260.138,325
260.163,319
260.188,310
260.213,295
260.238,275
260.263,251
260.288,224
260.313,190
260.338,154
260.363,123
260.388,94
260.413,54
260.438,-1
260.463,-55
260.488,-72
260.513,-25
260.538,74
260.563,191
260.588,286
260.613,350
260.638,394
260.663,432
260.688,462
260.713,476
260.738,475
260.763,468
260.788,467
260.813,473
260.838,480
260.863,478
260.888,463
260.913,434
260.938,398
260.963,360
260.988,323
261.013,279
261.038,216
261.063,133
261.088,56
261.113,21
261.138,56
261.163,148
261.188,257
261.213,343
261.238,397
261.263,436
261.288,478
261.313,524
261.338,555
261.363,553
261.388,512
261.413,444
261.438,366
261.463,290
261.488,219
261.513,148
261.538,72
261.563,0
261.588,-55
261.613,-84
261.638,-109
261.663,-166
261.688,-276
261.713,-408
261.738,-494
261.763,-479
261.788,-367
261.813,-217
261.838,-91
261.863,1
261.888,94
261.913,220
261.938,369
261.963,497
261.988,569
262.013,586
262.038,576
262.063,565
262.088,557
262.113,543
262.138,514
262.163,472
262.188,423
262.213,372
262.238,316
262.263,249
262.288,165
262.313,67
262.338,-25
262.363,-79
262.388,-70
262.413,0
262.438,99
262.463,195
262.488,271
262.513,334
262.538,392
262.563,445
262.588,481
262.613,488
262.638,473
262.663,449
262.688,429
262.713,416
262.738,407
262.763,394
262.788,372
262.813,337
262.838,289
262.863,234
262.888,175
262.913,106
262.938,25
262.963,-59
262.988,-120
263.013,-130
263.038,-86
263.063,-14
263.088,49
263.113,87
263.138,112
263.163,139
263.188,173
263.213,199
263.238,204
263.263,194
263.288,183
263.313,182
263.338,192
263.363,204
263.388,211
263.413,209
263.438,194
263.463,166
263.488,132
263.513,100
263.538,70
263.563,27
263.588,-36
263.613,-101
263.638,-123
263.663,-65
263.688,67
263.713,224
263.738,351
263.763,430
263.788,485
263.813,543
263.838,607
263.863,652
263.888,659
263.913,636
263.938,608
263.963,589
263.988,573
264.013,548
264.038,509
264.063,461
264.088,405
264.113,338
264.138,260
264.163,184
264.188,118
264.213,59
264.238,-10
264.263,-96
264.288,-173
264.313,-202
264.338,-163
264.363,-74
264.388,18
264.413,88
264.438,137
264.463,181
264.488,226
264.513,258
264.538,263
264.563,248
264.588,235
264.613,238
264.638,253
264.663,264
264.688,263
264.713,250
264.738,233
264.763,215
264.788,196
264.813,173
264.838,145
264.863,108
264.888,62
264.913,26
264.938,31
264.963,97
264.988,218
265.013,356
265.038,474
265.063,558
265.088,618
265.113,668
265.138,702
265.163,710
265.188,692
265.213,668
265.238,658
265.263,661
265.288,663
265.313,648
265.338,620
265.363,589
265.388,561
265.413,528
265.438,483
265.463,423
265.488,347
265.513,245
265.538,97
265.563,-98
265.588,-314
265.613,-498
265.638,-604
265.663,-612
265.688,-537
265.713,-414
265.738,-277
265.763,-153
265.788,-53
265.813,22
265.838,82
265.863,137
265.888,190
265.913,233
265.938,257
265.963,259
265.988,244
266.013,217
266.038,183
266.063,144
266.088,101
266.113,52
266.138,-7
266.163,-80
266.188,-156
266.213,-214
266.238,-228
266.263,-189
266.288,-111
266.313,-19
266.338,69
266.363,153
266.388,237
266.413,321
266.438,395
266.463,451
266.488,488
266.513,514
266.538,537
266.563,560
266.588,577
266.613,581
266.638,570
266.663,547
266.688,517
266.713,482
266.738,441
266.763,396
266.788,349
266.813,305
266.838,261
266.863,211
266.888,148
266.913,79
266.938,24
266.963,8
266.988,39
267.013,103
267.038,171
267.063,226
267.088,268
267.113,311
267.138,357
267.163,395
267.188,410
267.213,403
267.238,389
267.263,384
267.288,390
267.313,396
267.338,390
267.363,374
267.388,352
267.413,329
267.438,302
267.463,267
267.488,228
267.513,189
267.538,152
267.563,106
267.588,48
267.613,-15
267.638,-58
267.663,-59
267.688,-13
267.713,59
267.738,132
267.763,191
267.788,238
267.813,282
267.838,326
267.863,359
267.888,374
267.913,369
267.938,355
267.963,345
267.988,342
268.013,341
268.038,334
268.063,315
268.088,285
268.113,249
268.138,211
268.163,176
268.188,141
268.213,100
268.238,45
268.263,-19
268.288,-74
268.313,-94
268.338,-64
268.363,5
268.388,87
268.413,159
268.438,214
268.463,265
268.488,318
268.513,368
268.538,398
268.563,403
268.588,391
268.613,379
268.638,374
268.663,371
268.688,361
268.713,341
268.738,316
268.763,289
268.788,261
268.813,227
268.838,188
268.863,147
268.888,106
268.913,56
268.938,-5
268.963,-65
268.988,-99
269.013,-83
269.038,-19
269.063,66
269.088,145
269.113,205
269.138,255
269.163,311
269.188,374
269.213,427
269.238,454
269.263,455
269.288,444
269.313,436
269.338,437
269.363,436
269.388,424
269.413,397
269.438,362
269.463,325
269.488,286
269.513,244
269.538,198
269.563,151
269.588,102
269.613,47
269.638,-16
269.663,-86
269.688,-143
269.713,-161
269.738,-129
269.763,-55
269.788,30
269.813,105
269.838,164
269.863,218
269.888,278
269.913,340
269.938,389
269.963,415
269.988,421
270.013,423
270.038,430
270.063,435
270.088,427
270.113,402
270.138,366
270.163,333
270.188,306
270.213,280
270.238,244
270.263,198
270.288,145
270.313,94
270.338,49
270.363,6
270.388,-38
270.413,-90
270.438,-148
270.463,-201
270.488,-230
270.513,-214
270.538,-147
270.563,-45
270.588,63
270.613,157
270.638,236
270.663,315
270.688,403
270.713,492
270.738,561
270.763,601
270.788,618
270.813,633
270.838,658
270.863,688
270.888,708
270.913,707
270.938,685
270.963,647
270.988,597
271.013,539
271.038,474
271.063,405
271.088,330
271.113,250
271.138,166
271.163,85
271.188,10
271.213,-66
271.238,-155
271.263,-254
271.288,-335
271.313,-362
271.338,-318
271.363,-222
271.388,-117
271.413,-36
271.438,19
271.463,71
271.488,136
271.513,210
271.538,270
271.563,303
271.588,313
271.613,322
271.638,346
271.663,384
271.688,421
271.713,443
271.738,447
271.763,444
271.788,441
271.813,440
271.838,428
271.863,396
271.888,343
271.913,282
271.938,226
271.963,178
271.988,126
272.013,60
272.038,-15
272.063,-79
272.088,-106
272.113,-86
272.138,-28
272.163,46
272.188,123
272.213,193
272.238,257
272.263,314
272.288,358
272.313,385
272.338,395
272.363,396
272.388,398
272.413,406
272.438,418
272.463,425
272.488,418
272.513,395
272.538,361
272.563,325
272.588,289
272.613,252
272.638,212
272.663,168
272.688,120
272.713,64
272.738,2
272.763,-55
272.788,-86
272.813,-69
272.838,-8
272.863,72
272.888,141
272.913,189
272.938,226
272.963,266
272.988,309
273.013,340
273.038,346
273.063,333
273.088,319
273.113,317
273.138,322
273.163,322
273.188,310
273.213,290
273.238,266
273.263,239
273.288,204
273.313,162
273.338,124
273.363,90
273.388,52
273.413,-2
273.438,-69
273.463,-120
273.488,-120
273.513,-59
273.538,37
273.563,131
273.588,199
273.613,251
273.638,307
273.663,375
273.688,441
273.713,481
273.738,487
273.763,471
273.788,456
273.813,451
273.838,449
273.863,438
273.888,411
273.913,376
273.938,340
273.963,303
273.988,262
274.013,215
274.038,165
274.063,112
274.088,50
274.113,-22
274.138,-96
274.163,-147
274.188,-148
274.213,-95
274.238,-7
274.263,84
274.288,160
274.313,225
274.338,292
274.363,365
274.388,431
274.413,475
274.438,490
274.463,487
274.488,479
274.513,473
274.538,467
274.563,455
274.588,437
274.613,415
274.638,387
274.663,354
274.688,314
274.713,269
274.738,220
274.763,168
274.788,112
274.813,57
274.838,2
274.863,-52
274.888,-116
274.913,-183
274.938,-236
274.963,-246
274.988,-200
275.013,-108
275.038,-2
275.063,90
275.088,167
275.113,241
275.138,322
275.163,404
275.188,467
275.213,500
275.238,509
275.263,510
275.288,515
275.313,524
275.338,529
275.363,524
275.388,506
275.413,479
275.438,447
275.463,413
275.488,379
275.513,345
275.538,306
275.563,261
275.588,212
275.613,163
275.638,116
275.663,69
275.688,22
275.713,-24
275.738,-72
275.763,-123
275.788,-184
275.813,-246
275.838,-287
275.863,-279
275.888,-212
275.913,-106
275.938,2
275.963,88
275.988,156
276.013,226
276.038,308
276.063,391
276.088,453
276.113,483
276.138,493
276.163,501
276.188,517
276.213,534
276.238,541
276.263,535
276.288,524
276.313,511
276.338,497
276.363,478
276.388,452
276.413,422
276.438,389
276.463,353
276.488,314
276.513,274
276.538,233
276.563,190
276.588,145
276.613,99
276.638,56
276.663,14
276.688,-31
276.713,-87
276.738,-145
276.763,-179
276.788,-167
276.813,-106
276.838,-19
276.863,61
276.888,121
276.913,167
276.938,214
276.963,267
276.988,313
277.013,343
277.038,353
277.063,355
277.088,356
277.113,358
277.138,357
277.163,349
277.188,334
277.213,311
277.238,280
277.263,243
277.288,204
277.313,170
277.338,144
277.363,122
277.388,99
277.413,76
277.438,60
277.463,60
277.488,82
277.513,122
277.538,169
277.563,208
277.588,223
277.613,203
277.638,152
277.663,91
277.688,49
277.713,50
277.738,93
277.763,159
277.788,223
277.813,271
277.838,305
277.863,338
277.888,376
277.913,414
277.938,441
277.963,449
277.988,446
278.013,443
278.038,448
278.063,456
278.088,457
278.113,447
278.138,428
278.163,409
278.188,390
278.213,367
278.238,338
278.263,304
278.288,270
278.313,236
278.338,198
278.363,153
278.388,107
278.413,70
278.438,40
278.463,7
278.488,-39
278.513,-94
278.538,-132
278.563,-130
278.588,-84
278.613,-13
278.638,61
278.663,135
278.688,209
278.713,285
278.738,353
278.763,397
278.788,415
278.813,415
278.838,412
278.863,412
278.888,411
278.913,406
278.938,396
278.963,384
278.988,370
279.013,350
279.038,321
279.063,289
279.088,258
279.113,229
279.138,201
279.163,169
279.188,131
279.213,88
279.238,37
279.263,-14
279.288,-55
279.313,-69
279.338,-44
279.363,9
279.388,72
279.413,124
279.438,162
279.463,194
279.488,229
279.513,263
279.538,285
279.563,288
279.588,275
279.613,260
279.638,249
279.663,243
279.688,234
279.713,217
279.738,193
279.763,167
279.788,139
279.813,107
279.838,70
279.863,29
279.888,-13
279.913,-56
279.938,-105
279.963,-160
279.988,-209
280.013,-230
280.038,-206
280.063,-137
280.088,-45
280.113,37
280.138,95
280.163,139
280.188,190
280.213,255
280.238,317
280.263,353
280.288,359
280.313,358
280.338,374
280.363,412
280.388,455
280.413,478
280.438,477
280.463,464
280.488,454
280.513,445
280.538,432
280.563,414
280.588,398
280.613,388
280.638,379
280.663,367
280.688,361
280.713,386
280.738,459
280.763,576
280.788,711
280.813,834
280.838,937
280.863,1032
280.888,1126
280.913,1215
280.938,1276
280.963,1293
280.988,1263
281.013,1202
281.038,1128
281.063,1057
281.088,987
281.113,910
281.138,819
281.163,715
281.188,599
281.213,469
281.238,319
281.263,149
281.288,-27
281.313,-192
281.338,-341
281.363,-494
281.388,-674
281.413,-875
281.438,-1056
281.463,-1168
281.488,-1195
281.513,-1162
281.538,-1105
281.563,-1038
281.588,-950
281.613,-837
281.638,-728
281.663,-661
281.688,-641
281.713,-627
281.738,-565
281.763,-437
281.788,-271
281.813,-113
281.838,14
281.863,120
281.888,216
281.913,301
281.938,364
281.963,399
281.988,417
282.013,430
282.038,438
282.063,430
282.088,397
282.113,342
282.138,278
282.163,216
282.188,167
282.213,144
282.238,160
282.263,214
282.288,291
282.313,369
282.338,435
282.363,494
282.388,562
282.413,645
282.438,738
282.463,823
282.488,886
282.513,920
282.538,927
282.563,918
282.588,904
282.613,893
282.638,882
282.663,864
282.688,834
282.713,791
282.738,739
282.763,680
282.788,610
282.813,528
282.838,434
282.863,336
282.888,240
282.913,150
282.938,64
282.963,-25
282.988,-122
283.013,-223
283.038,-314
283.063,-372
283.088,-378
283.113,-331
283.138,-248
283.163,-156
283.188,-73
283.213,5
283.238,90
283.263,182
283.288,268
283.313,330
283.338,364
283.363,380
283.388,396
283.413,419
283.438,445
283.463,465
283.488,476
283.513,480
283.538,481
283.563,478
283.588,468
283.613,446
283.638,414
283.663,372
283.688,322
283.713,268
283.738,210
283.763,147
283.788,81
283.813,15
283.838,-43
283.863,-95
283.888,-147
283.913,-207
283.938,-270
283.963,-313
283.988,-307
284.013,-243
284.038,-140
284.063,-36
284.088,44
284.113,107
284.138,174
284.163,253
284.188,334
284.213,395
284.238,427
284.263,442
284.288,460
284.313,489
284.338,521
284.363,546
284.388,557
284.413,557
284.438,549
284.463,530
284.488,500
284.513,461
284.538,420
284.563,379
284.588,337
284.613,292
284.638,243
284.663,192
284.688,141
284.713,92
284.738,44
284.763,-2
284.788,-53
284.813,-115
284.838,-187
284.863,-249
284.888,-271
284.913,-230
284.938,-135
284.963,-21
284.988,74
285.013,144
285.038,203
285.063,274
285.088,355
285.113,428
285.138,472
285.163,488
285.188,491
285.213,497
285.238,510
285.263,525
285.288,533
285.313,529
285.338,515
285.363,495
285.388,471
285.413,444
285.438,416
285.463,383
285.488,343
285.513,296
285.538,243
285.563,188
285.588,134
285.613,83
285.638,33
285.663,-15
285.688,-73
285.713,-143
285.738,-216
285.763,-270
285.788,-274
285.813,-218
285.838,-119
285.863,-13
285.888,71
285.913,133
285.938,191
285.963,260
285.988,335
286.013,397
286.038,428
286.063,434
286.088,434
286.113,445
286.138,468
286.163,488
286.188,496
286.213,488
286.238,470
286.263,446
286.288,418
286.313,385
286.338,349
286.363,314
286.388,278
286.413,241
286.438,198
286.463,152
286.488,106
286.513,59
286.538,9
286.563,-44
286.588,-89
286.613,-104
286.638,-75
286.663,-7
286.688,74
286.713,147
286.738,201
286.763,245
286.788,291
286.813,339
286.838,375
286.863,389
286.888,382
286.913,369
286.938,364
286.963,370
286.988,377
287.013,375
287.038,362
287.063,341
287.088,316
287.113,290
287.138,260
287.163,224
287.188,185
287.213,144
287.238,101
287.263,53
287.288,0
287.313,-54
287.338,-88
287.363,-85
287.388,-37
287.413,42
287.438,128
287.463,197
287.488,246
287.513,288
287.538,333
287.563,378
287.588,408
287.613,412
287.638,398
287.663,384
287.688,382
287.713,387
287.738,384
287.763,367
287.788,342
287.813,319
287.838,296
287.863,265
287.888,218
287.913,164
287.938,115
287.963,73
287.988,27
288.013,-35
288.038,-104
288.063,-149
288.088,-142
288.113,-83
288.138,1
288.163,78
288.188,138
288.213,191
288.238,253
288.263,323
288.288,386
288.313,423
288.338,432
288.363,428
288.388,427
288.413,433
288.438,441
288.463,440
288.488,425
288.513,399
288.538,371
288.563,342
288.588,311
288.613,272
288.638,225
288.663,177
288.688,131
288.713,85
288.738,29
288.763,-40
288.788,-116
288.813,-169
288.838,-177
288.863,-132
288.888,-51
288.913,35
288.938,110
288.963,171
288.988,233
289.013,303
289.038,377
289.063,437
289.088,471
289.113,479
289.138,476
289.163,479
289.188,492
289.213,504
289.238,501
289.263,476
289.288,439
289.313,403
289.338,374
289.363,345
289.388,310
289.413,270
289.438,229
289.463,190
289.488,149
289.513,104
289.538,58
289.563,14
289.588,-27
289.613,-78
289.638,-138
289.663,-186
289.688,-194
289.713,-146
289.738,-58
289.763,35
289.788,111
289.813,173
289.838,243
289.863,327
289.888,411
289.913,469
289.938,493
289.963,496
289.988,497
290.013,504
290.038,514
290.063,519
290.088,520
290.113,515
290.138,497
290.163,461
290.188,412
290.213,364
290.238,331
290.263,309
290.288,285
290.313,249
290.338,206
290.363,166
290.388,131
290.413,91
290.438,38
290.463,-19
290.488,-68
290.513,-107
290.538,-145
290.563,-198
290.588,-258
290.613,-298
290.638,-288
290.663,-224
290.688,-129
290.713,-36
290.738,42
290.763,114
290.788,193
290.813,284
290.838,374
290.863,444
290.888,486
290.913,504
290.938,510
290.963,518
290.988,533
291.013,548
291.038,556
291.063,551
291.088,535
291.113,512
291.138,486
291.163,460
291.188,430
291.213,396
291.238,358
291.263,320
291.288,282
291.313,242
291.338,201
291.363,158
291.388,113
291.413,65
291.438,16
291.463,-29
291.488,-75
291.513,-126
291.538,-187
291.563,-248
291.588,-283
291.613,-268
291.638,-198
291.663,-99
291.688,-6
291.713,64
291.738,125
291.763,196
291.788,283
291.813,365
291.838,419
291.863,442
291.888,451
291.913,465
291.938,489
291.963,510
291.988,518
292.013,515
292.038,511
292.063,509
292.088,504
292.113,490
292.138,467
292.163,442
292.188,417
292.213,389
292.238,354
292.263,314
292.288,276
292.313,239
292.338,200
292.363,155
292.388,106
292.413,59
292.438,13
292.463,-39
292.488,-101
292.513,-157
292.538,-180
292.563,-154
292.588,-85
292.613,-1
292.638,68
292.663,114
292.688,152
292.713,199
292.738,258
292.763,316
292.788,358
292.813,379
292.838,388
292.863,396
292.888,407
292.913,418
292.938,424
292.963,424
292.988,422
293.013,415
293.038,400
293.063,372
293.088,337
293.113,305
293.138,281
293.163,263
293.188,238
293.213,203
293.238,163
293.263,124
293.288,88
293.313,47
293.338,-2
293.363,-44
293.388,-56
293.413,-24
293.438,39
293.463,108
293.488,161
293.513,200
293.538,237
293.563,283
293.588,326
293.613,352
293.638,354
293.663,340
293.688,329
293.713,331
293.738,341
293.763,353
293.788,357
293.813,351
293.838,337
293.863,317
293.888,293
293.913,269
293.938,244
293.963,217
293.988,186
294.013,150
294.038,108
294.063,62
294.088,20
294.113,-2
294.138,6
294.163,52
294.188,118
294.213,181
294.238,228
294.263,263
294.288,301
294.313,350
294.338,398
294.363,426
294.388,427
294.413,413
294.438,403
294.463,405
294.488,411
294.513,409
294.538,393
294.563,371
294.588,346
294.613,318
294.638,283
294.663,241
294.688,197
294.713,151
294.738,98
294.763,33
294.788,-36
294.813,-91
294.838,-109
294.863,-87
294.888,-40
294.913,7
294.938,43
294.963,69
294.988,96
295.013,128
295.038,160
295.063,178
295.088,174
295.113,148
295.138,113
295.163,79
295.188,50
295.213,22
295.238,-15
295.263,-64
295.288,-121
295.313,-180
295.338,-239
295.363,-300
295.388,-366
295.413,-431
295.438,-491
295.463,-550
295.488,-614
295.513,-682
295.538,-732
295.563,-733
295.588,-674
295.613,-576
295.638,-477
295.663,-396
295.688,-323
295.713,-231
295.738,-111
295.763,17
295.788,130
295.813,226
295.838,330
295.863,464
295.888,623
295.913,776
295.938,898
295.963,992
295.988,1083
296.013,1191
296.038,1320
296.063,1456
296.088,1585
296.113,1702
296.138,1807
296.163,1904
296.188,1996
296.213,2079
296.238,2142
296.263,2170
296.288,2158
296.313,2118
296.338,2068
296.363,2004
296.388,1889
296.413,1684
296.438,1385
296.463,1041
296.488,723
296.513,471
296.538,280
296.563,116
296.588,-33
296.613,-156
296.638,-235
296.663,-273
296.688,-297
296.713,-328
296.738,-367
296.763,-401
296.788,-425
296.813,-445
296.838,-468
296.863,-494
296.888,-515
296.913,-526
296.938,-534
296.963,-541
296.988,-540
297.013,-526
297.038,-504
297.063,-487
297.088,-486
297.113,-495
297.138,-504
297.163,-515
297.188,-540
297.213,-585
297.238,-633
297.263,-651
297.288,-625
297.313,-568
297.338,-513
297.363,-476
297.388,-444
297.413,-397
297.438,-335
297.463,-281
297.488,-256
297.513,-261
297.538,-278
297.563,-292
297.588,-309
297.613,-342
297.638,-382
297.663,-402
297.688,-375
297.713,-305
297.738,-223
297.763,-155
297.788,-96
297.813,-11
297.838,125
297.863,310
297.888,507
297.913,677
297.938,806
297.963,900
297.988,969
298.013,1013
298.038,1021
298.063,987
298.088,920
298.113,836
298.138,752
298.163,677
298.188,613
298.213,569
298.238,553
298.263,575
298.288,628
298.313,697
298.338,759
298.363,799
298.388,816
298.413,820
298.438,819
298.463,819
298.488,812
298.513,794
298.538,764
298.563,733
298.588,713
298.613,708
298.638,712
298.663,711
298.688,694
298.713,659
298.738,613
298.763,567
298.788,526
298.813,492
298.838,458
298.863,416
298.888,363
298.913,298
298.938,230
298.963,164
298.988,106
299.013,50
299.038,-14
299.063,-96
299.088,-197
299.113,-300
299.138,-380
299.163,-415
299.188,-397
299.213,-343
299.238,-277
299.263,-219
299.288,-169
299.313,-113
299.338,-41
299.363,36
299.388,101
299.413,137
299.438,149
299.463,154
299.488,170
299.513,198
299.538,228
299.563,250
299.588,259
299.613,262
299.638,262
299.663,265
299.688,275
299.713,294
299.738,321
299.763,345
299.788,357
299.813,353
299.838,339
299.863,322
299.888,301
299.913,276
299.938,244
299.963,214
299.988,188
300.013,159
300.038,116
300.063,56
300.088,-1
300.113,-24
300.138,6
300.163,81
300.188,168
300.213,239
300.238,289
300.263,336
300.288,395
300.313,462
300.338,518
300.363,550
300.388,559
300.413,560
300.438,565
300.463,570
300.488,565
300.513,541
300.538,502
300.563,456
300.588,410
300.613,362
300.638,313
300.663,262
300.688,208
300.713,149
300.738,82
300.763,7
300.788,-72
300.813,-151
300.838,-230
300.863,-312
300.888,-400
300.913,-489
300.938,-579
300.963,-672
300.988,-773
301.013,-877
301.038,-963
301.063,-1000
301.088,-972
301.113,-889
301.138,-784
301.163,-687
301.188,-606
301.213,-528
301.238,-437
301.263,-334
301.288,-236
301.313,-156
301.338,-96
301.363,-41
301.388,24
301.413,106
301.438,196
301.463,288
301.488,383
301.513,484
301.538,589
301.563,694
301.588,803
301.613,938
301.638,1131
301.663,1396
301.688,1709
301.713,2020
301.738,2292
301.763,2524
301.788,2742
301.813,2956
301.838,3119
301.863,3151
301.888,2990
301.913,2645
301.938,2191
301.963,1729
301.988,1333
302.013,1023
302.038,777
302.063,564
302.088,363
302.113,172
302.138,-1
302.163,-150
302.188,-273
302.213,-379
302.238,-476
302.263,-563
302.288,-636
302.313,-697
302.338,-752
302.363,-804
302.388,-837
302.413,-825
302.438,-758
302.463,-662
302.488,-586
302.513,-569
302.538,-605
302.563,-658
302.588,-693
302.613,-700
302.638,-689
302.663,-671
302.688,-643
302.713,-602
302.738,-560
302.763,-530
302.788,-514
302.813,-492
302.838,-437
302.863,-338
302.888,-205
302.913,-59
302.938,76
302.963,187
302.988,257
303.013,286
303.038,287
303.063,291
303.088,316
303.113,354
303.138,380
303.163,374
303.188,348
303.213,330
303.238,337
303.263,360
303.288,371
303.313,351
303.338,307
303.363,259
303.388,224
303.413,202
303.438,182
303.463,153
303.488,113
303.513,76
303.538,60
303.563,76
303.588,122
303.613,178
303.638,222
303.663,244
303.688,259
303.713,288
303.738,341
303.763,406
303.788,465
303.813,514
303.838,565
303.863,632
303.888,704
303.913,756
303.938,768
303.963,749
303.988,729
304.013,733
304.038,757
304.063,772
304.088,753
304.113,704
304.138,648
304.163,602
304.188,557
304.213,488
304.238,382
304.263,254
304.288,130
304.313,22
304.338,-79
304.363,-186
304.388,-293
304.413,-371
304.438,-397
304.463,-377
304.488,-340
304.513,-306
304.538,-265
304.563,-192
304.588,-76
304.613,58
304.638,176
304.663,255
304.688,305
304.713,349
304.738,402
304.763,463
304.788,528
304.813,593
304.838,653
304.863,692
304.888,698
304.913,675
304.938,647
304.963,636
304.988,636
305.013,619
305.038,566
305.063,496
305.088,449
305.113,449
305.138,483
305.163,515
305.188,521
305.213,510
305.238,505
305.263,514
305.288,524
305.313,514
305.338,476
305.363,419
305.388,358
305.413,300
305.438,248
305.463,202
305.488,157
305.513,105
305.538,39
305.563,-41
305.588,-126
305.613,-208
305.638,-289
305.663,-380
305.688,-477
305.713,-557
305.738,-586
305.763,-547
305.788,-453
305.813,-332
305.838,-203
305.863,-69
305.888,72
305.913,215
305.938,340
305.963,431
305.988,483
306.013,508
306.038,517
306.063,518
306.088,515
306.113,513
306.138,510
306.163,499
306.188,465
306.213,405
306.238,331
306.263,261
306.288,199
306.313,134
306.338,54
306.363,-32
306.388,-90
306.413,-89
306.438,-24
306.463,71
306.488,157
306.513,215
306.538,262
306.563,324
306.588,405
306.613,481
306.638,522
306.663,521
306.688,495
306.713,467
306.738,445
306.763,420
306.788,382
306.813,335
306.838,284
306.863,234
306.888,177
306.913,112
306.938,47
306.963,-10
306.988,-65
307.013,-130
307.038,-202
307.063,-253
307.088,-239
307.113,-148
307.138,-6
307.163,134
307.188,245
307.213,335
307.238,428
307.263,535
307.288,636
307.313,706
307.338,741
307.363,753
307.388,759
307.413,759
307.438,748
307.463,729
307.488,709
307.513,695
307.538,684
307.563,661
307.588,615
307.613,539
307.638,434
307.663,310
307.688,182
307.713,68
307.738,-33
307.763,-141
307.788,-268
307.813,-398
307.838,-483
307.863,-478
307.888,-388
307.913,-267
307.938,-176
307.963,-127
307.988,-86
308.013,-15
308.038,84
308.063,174
308.088,223
308.113,235
308.138,237
308.163,250
308.188,269
308.213,283
308.238,293
308.263,309
308.288,331
308.313,342
308.338,323
308.363,279
308.388,234
308.413,203
308.438,180
308.463,144
308.488,82
308.513,7
308.538,-64
308.563,-128
308.588,-194
308.613,-259
308.638,-301
308.663,-290
308.688,-215
308.713,-98
308.738,18
308.763,113
308.788,191
308.813,273
308.838,368
308.863,456
308.888,512
308.913,525
308.938,509
308.963,491
308.988,481
309.013,471
309.038,451
309.063,417
309.088,382
309.113,354
309.138,332
309.163,307
309.188,276
309.213,251
309.238,240
309.263,237
309.288,222
309.313,184
309.338,125
309.363,66
309.388,18
309.413,-17
309.438,-44
309.463,-51
309.488,-18
309.513,71
309.538,204
309.563,348
309.588,473
309.613,573
309.638,661
309.663,748
309.688,826
309.713,872
309.738,871
309.763,832
309.788,776
309.813,722
309.838,671
309.863,613
309.888,542
309.913,463
309.938,389
309.963,325
309.988,267
310.013,205
310.038,132
310.063,56
310.088,-16
310.113,-84
310.138,-148
310.163,-206
310.188,-254
310.213,-289
310.238,-321
310.263,-363
310.288,-413
310.313,-445
310.338,-426
310.363,-345
310.388,-227
310.413,-116
310.438,-37
310.463,16
310.488,70
310.513,139
310.538,212
310.563,263
310.588,285
310.613,291
310.638,303
310.663,329
310.688,363
310.713,392
310.738,411
310.763,420
310.788,416
310.813,394
310.838,352
310.863,296
310.888,241
310.913,197
310.938,161
310.963,123
310.988,76
311.013,27
311.038,-14
311.063,-49
311.088,-83
311.113,-123
311.138,-157
311.163,-159
311.188,-113
311.213,-26
311.238,68
311.263,146
311.288,206
311.313,270
311.338,351
311.363,441
311.388,515
311.413,559
311.438,588
311.463,622
311.488,672
311.513,728
311.538,775
311.563,810
311.588,840
311.613,866
311.638,881
311.663,880
311.688,869
311.713,861
311.738,857
311.763,846
311.788,817
311.813,778
311.838,745
311.863,720
311.888,686
311.913,622
311.938,544
311.963,499
311.988,532
312.013,637
312.038,757
312.063,825
312.088,814
312.113,740
312.138,633
312.163,506
312.188,360
312.213,202
312.238,53
312.263,-78
312.288,-223
312.313,-439
312.338,-760
312.363,-1155
312.388,-1532
312.413,-1793
312.438,-1896
312.463,-1873
312.488,-1790
312.513,-1693
312.538,-1579
312.563,-1412
312.588,-1171
312.613,-881
312.638,-604
312.663,-397
312.688,-278
312.713,-218
312.738,-164
312.763,-74
312.788,64
312.813,239
312.838,427
312.863,608
312.888,769
312.913,905
312.938,1019
312.963,1115
312.988,1193
313.013,1245
313.038,1267
313.063,1263
313.088,1250
313.113,1241
313.138,1236
313.163,1223
313.188,1191
313.213,1138
313.238,1075
313.263,1011
313.288,944
313.313,868
313.338,782
313.363,690
313.388,594
313.413,494
313.438,386
313.463,274
313.488,166
313.513,63
313.538,-42
313.563,-157
313.588,-266
313.613,-336
313.638,-338
313.663,-274
313.688,-176
313.713,-84
313.738,-15
313.763,44
313.788,115
313.813,202
313.838,285
313.863,342
313.888,369
313.913,379
313.938,391
313.963,410
313.988,433
314.013,449
314.038,455
314.063,451
314.088,437
314.113,414
314.138,379
314.163,332
314.188,276
314.213,214
314.238,147
314.263,73
314.288,-7
314.313,-89
314.338,-168
314.363,-242
314.388,-317
314.413,-402
314.438,-500
314.463,-595
314.488,-656
314.513,-656
314.538,-587
314.563,-475
314.588,-356
314.613,-258
314.638,-181
314.663,-108
314.688,-30
314.713,45
314.738,101
314.763,128
314.788,138
314.813,149
314.838,170
314.863,193
314.888,206
314.913,211
314.938,218
314.963,232
314.988,242
315.013,237
315.038,219
315.063,207
315.088,209
315.113,214
315.138,201
315.163,182
315.188,204
315.213,316
315.238,512
315.263,722
315.288,864
315.313,921
315.338,951
315.363,1033
315.388,1189
315.413,1364
315.438,1484
315.463,1529
315.488,1540
315.513,1574
315.538,1646
315.563,1722
315.588,1757
315.613,1734
315.638,1666
315.663,1569
315.688,1443
315.713,1277
315.738,1069
315.763,829
315.788,576
315.813,332
315.838,116
315.863,-62
315.888,-208
315.913,-335
315.938,-456
315.963,-567
315.988,-656
316.013,-722
316.038,-791
316.063,-891
316.088,-1029
316.113,-1166
316.138,-1253
316.163,-1266
316.188,-1226
316.213,-1176
316.238,-1136
316.263,-1097
316.288,-1032
316.313,-936
316.338,-832
316.363,-743
316.388,-679
316.413,-621
316.438,-547
316.463,-447
316.488,-330
316.513,-211
316.538,-99
316.563,7
316.588,112
316.613,215
316.638,304
316.663,364
316.688,391
316.713,392
316.738,386
316.763,385
316.788,379
316.813,353
316.838,301
316.863,246
316.888,226
316.913,267
316.938,358
316.963,467
316.988,566
317.013,648
317.038,726
317.063,807
317.088,884
317.113,945
317.138,983
317.163,1004
317.188,1019
317.213,1034
317.238,1045
317.263,1048
317.288,1035
317.313,1007
317.338,964
317.363,907
317.388,841
317.413,772
317.438,699
317.463,621
317.488,533
317.513,433
317.538,324
317.563,211
317.588,103
317.613,2
317.638,-98
317.663,-206
317.688,-324
317.713,-434
317.738,-503
317.763,-507
317.788,-449
317.813,-361
317.838,-279
317.863,-213
317.888,-146
317.913,-65
317.938,19
317.963,82
317.988,107
318.013,111
318.038,130
318.063,185
318.088,267
318.113,347
318.138,408
318.163,451
318.188,488
318.213,519
318.238,540
318.263,547
318.288,544
318.313,533
318.338,507
318.363,457
318.388,388
318.413,315
318.438,249
318.463,184
318.488,107
318.513,18
318.538,-53
318.563,-75
318.588,-40
318.613,27
318.638,94
318.663,143
318.688,187
318.713,239
318.738,299
318.763,347
318.788,370
318.813,371
318.838,366
318.863,369
318.888,379
318.913,384
318.938,376
318.963,359
318.988,339
319.013,319
319.038,294
319.063,258
319.088,208
319.113,150
319.138,92
319.163,33
319.188,-29
319.213,-97
319.238,-154
319.263,-176
319.288,-146
319.313,-68
319.338,29
319.363,120
319.388,194
319.413,265
319.438,343
319.463,420
319.488,471
319.513,485
319.538,472
319.563,457
319.588,453
319.613,450
319.638,433
319.663,401
319.688,364
319.713,330
319.738,293
319.763,242
319.788,176
319.813,106
319.838,40
319.863,-23
319.888,-90
319.913,-146
319.938,-164
319.963,-125
319.988,-42
320.013,50
320.038,127
320.063,190
320.088,259
320.113,339
320.138,410
320.163,450
320.188,454
320.213,442
320.238,434
320.263,433
320.288,428
320.313,409
320.338,382
320.363,351
320.388,316
320.413,271
320.438,218
320.463,159
320.488,99
320.513,31
320.538,-46
320.563,-117
320.588,-154
320.613,-135
320.638,-69
320.663,11
320.688,82
320.713,139
320.738,196
320.763,258
320.788,315
320.813,346
320.838,340
320.863,307
320.888,267
320.913,232
320.938,202
320.963,167
320.988,119
321.013,58
321.038,-8
321.063,-78
321.088,-148
321.113,-220
321.138,-300
321.163,-388
321.188,-478
321.213,-557
321.238,-604
321.263,-599
321.288,-541
321.313,-449
321.338,-354
321.363,-276
321.388,-212
321.413,-142
321.438,-56
321.463,31
321.488,89
321.513,106
321.538,104
321.563,128
321.588,204
321.613,322
321.638,451
321.663,570
321.688,676
321.713,766
321.738,821
321.763,825
321.788,786
321.813,747
321.838,742
321.863,766
321.888,784
321.913,775
321.938,763
321.963,792
321.988,875
322.013,975
322.038,1043
322.063,1065
322.088,1072
322.113,1094
322.138,1121
322.163,1110
322.188,1034
322.213,919
322.238,815
322.263,758
322.288,742
322.313,739
322.338,732
322.363,725
322.388,721
322.413,709
322.438,667
322.463,591
322.488,504
322.513,437
322.538,403
322.563,389
322.588,367
322.613,325
322.638,272
322.663,231
322.688,214
322.713,207
322.738,177
322.763,96
322.788,-36
322.813,-194
322.838,-343
322.863,-468
322.888,-581
322.913,-700
322.938,-825
322.963,-932
322.988,-991
323.013,-998
323.038,-970
323.063,-940
323.088,-923
323.113,-917
323.138,-908
323.163,-886
323.188,-850
323.213,-796
323.238,-713
323.263,-591
323.288,-433
323.313,-265
323.338,-125
323.363,-36
323.388,11
323.413,63
323.438,159
323.463,305
323.488,465
323.513,589
323.538,658
323.563,697
323.588,743
323.613,812
323.638,883
323.663,933
323.688,959
323.713,981
323.738,1008
323.763,1024
323.788,1003
323.813,943
323.838,875
323.863,830
323.888,808
323.913,778
323.938,718
323.963,635
323.988,556
324.013,490
324.038,418
324.063,320
324.088,200
324.113,85
324.138,-4
324.163,-81
324.188,-165
324.213,-253
324.238,-310
324.263,-304
324.288,-238
324.313,-153
324.338,-89
324.363,-52
324.388,-21
324.413,21
324.438,69
324.463,101
324.488,110
324.513,111
324.538,126
324.563,171
324.588,252
324.613,368
324.638,507
324.663,644
324.688,743
324.713,780
324.738,752
324.763,679
324.788,583
324.813,477
324.838,370
324.863,270
324.888,188
324.913,126
324.938,72
324.963,14
324.988,-47
325.013,-92
325.038,-99
325.063,-58
325.088,18
325.113,105
325.138,182
325.163,240
325.188,289
325.213,345
325.238,421
325.263,512
325.288,594
325.313,642
325.338,646
325.363,622
325.388,594
325.413,574
325.438,559
325.463,536
325.488,506
325.513,479
325.538,461
325.563,442
325.588,406
325.613,349
325.638,277
325.663,200
325.688,118
325.713,29
325.738,-56
325.763,-106
325.788,-93
325.813,-19
325.838,77
325.863,148
325.888,173
325.913,171
325.938,179
325.963,217
325.988,270
326.013,304
326.038,298
326.063,259
326.088,216
326.113,192
326.138,186
326.163,181
326.188,165
326.213,142
326.238,127
326.263,124
326.288,119
326.313,89
326.338,33
326.363,-30
326.388,-78
326.413,-108
326.438,-139
326.463,-191
326.488,-254
326.513,-287
326.538,-249
326.563,-131
326.588,34
326.613,198
326.638,331
326.663,433
326.688,528
326.713,631
326.738,733
326.763,812
326.788,848
326.813,850
326.838,843
326.863,851
326.888,877
326.913,900
326.938,895
326.963,856
326.988,796
327.013,734
327.038,677
327.063,617
327.088,545
327.113,464
327.138,384
327.163,314
327.188,246
327.213,167
327.238,70
327.263,-40
327.288,-151
327.313,-253
327.338,-340
327.363,-409
327.388,-450
327.413,-450
327.438,-391
327.463,-265
327.488,-86
327.513,106
327.538,256
327.563,317
327.588,285
327.613,199
327.638,118
327.663,86
327.688,100
327.713,134
327.738,163
327.763,186
327.788,221
327.813,281
327.838,358
327.863,429
327.888,479
327.913,512
327.938,547
327.963,601
327.988,673
328.013,737
328.038,752
328.063,677
328.088,500
328.113,253
328.138,1
328.163,-179
328.188,-244
328.213,-191
328.238,-62
328.263,84
328.288,205
328.313,285
328.338,335
328.363,375
328.388,414
328.413,447
328.438,460
328.463,455
328.488,448
328.513,458
328.538,486
328.563,511
328.588,507
328.613,469
328.638,417
328.663,375
328.688,343
328.713,297
328.738,214
328.763,98
328.788,-23
328.813,-126
328.838,-216
328.863,-314
328.888,-434
328.913,-559
328.938,-667
328.963,-753
328.988,-837
329.013,-933
329.038,-1021
329.063,-1050
329.088,-986
329.113,-846
329.138,-687
329.163,-556
329.188,-443
329.213,-301
329.238,-89
329.263,182
329.288,463
329.313,705
329.338,889
329.363,1032
329.388,1156
329.413,1276
329.438,1395
329.463,1507
329.488,1600
329.513,1651
329.538,1642
329.563,1571
329.588,1460
329.613,1336
329.638,1215
329.663,1097
329.688,971
329.713,837
329.738,704
329.763,578
329.788,462
329.813,357
329.838,261
329.863,164
329.888,52
329.913,-82
329.938,-221
329.963,-321
329.988,-340
330.013,-278
330.038,-177
330.063,-87
330.088,-25
330.113,28
330.138,99
330.163,183
330.188,247
330.213,266
330.238,250
330.263,225
330.288,213
330.313,208
330.338,196
330.363,170
330.388,140
330.413,110
330.438,76
330.463,24
330.488,-45
330.513,-121
330.538,-189
330.563,-249
330.588,-309
330.613,-376
330.638,-445
330.663,-509
330.688,-565
330.713,-617
330.738,-664
330.763,-702
330.788,-736
330.813,-778
330.838,-838
330.863,-895
330.888,-905
330.913,-827
330.938,-661
330.963,-452
330.988,-255
331.013,-96
331.038,41
331.063,188
331.088,351
331.113,510
331.138,644
331.163,751
331.188,851
331.213,959
331.238,1078
331.263,1203
331.288,1334
331.313,1476
331.338,1623
331.363,1757
331.388,1861
331.413,1939
331.438,2007
331.463,2075
331.488,2130
331.513,2152
331.538,2124
331.563,2046
331.588,1917
331.613,1723
331.638,1451
331.663,1107
331.688,724
331.713,343
331.738,-7
331.763,-316
331.788,-568
331.813,-738
331.838,-811
331.863,-806
331.888,-773
331.913,-753
331.938,-753
331.963,-747
331.988,-715
332.013,-666
332.038,-626
332.063,-611
332.088,-607
332.113,-588
332.138,-543
332.163,-483
332.188,-426
332.213,-374
332.238,-315
332.263,-237
332.288,-138
332.313,-32
332.338,67
332.363,146
332.388,198
332.413,222
332.438,223
332.463,211
332.488,190
332.513,160
332.538,119
332.563,62
332.588,-6
332.613,-80
332.638,-138
332.663,-158
332.688,-119
332.713,-27
332.738,85
332.763,173
332.788,212
332.813,218
332.838,227
332.863,263
332.888,315
332.913,357
332.938,380
332.963,401
332.988,441
333.013,502
333.038,561
333.063,596
333.088,609
333.113,618
333.138,634
333.163,652
333.188,654
333.213,632
333.238,590
333.263,542
333.288,496
333.313,448
333.338,391
333.363,319
333.388,234
333.413,150
333.438,95
333.463,91
333.488,141
333.513,216
333.538,283
333.563,328
333.588,366
333.613,423
333.638,500
333.663,567
333.688,585
333.713,542
333.738,462
333.763,381
333.788,322
333.813,281
333.838,245
333.863,204
333.888,160
333.913,118
333.938,71
333.963,10
333.988,-74
334.013,-177
334.038,-278
334.063,-354
334.088,-396
334.113,-417
334.138,-434
334.163,-440
334.188,-398
334.213,-265
334.238,-39
334.263,224
334.288,446
334.313,578
334.338,632
334.363,653
334.388,668
334.413,664
334.438,612
334.463,515
334.488,404
334.513,313
334.538,246
334.563,186
334.588,125
334.613,84
334.638,88
334.663,134
334.688,186
334.713,215
334.738,217
334.763,210
334.788,206
334.813,190
334.838,150
334.863,104
334.888,96
334.913,158
334.938,275
334.963,400
334.988,492
335.013,552
335.038,604
335.063,661
335.088,710
335.113,726
335.138,705
335.163,667
335.188,634
335.213,608
335.238,578
335.263,531
335.288,469
335.313,401
335.338,325
335.363,238
335.388,140
335.413,44
335.438,-42
335.463,-128
335.488,-230
335.513,-346
335.538,-440
335.563,-460
335.588,-387
335.613,-246
335.638,-93
335.663,31
335.688,129
335.713,224
335.738,328
335.763,427
335.788,489
335.813,505
335.838,491
335.863,475
335.888,470
335.913,468
335.938,454
335.963,420
335.988,369
336.013,310
336.038,246
336.063,180
336.088,114
336.113,42
336.138,-42
336.163,-144
336.188,-245
336.213,-310
336.238,-301
336.263,-212
336.288,-72
336.313,71
336.338,189
336.363,285
336.388,377
336.413,474
336.438,559
336.463,609
336.488,616
336.513,597
336.538,572
336.563,552
336.588,532
336.613,502
336.638,462
336.663,414
336.688,359
336.713,294
336.738,221
336.763,144
336.788,67
336.813,-15
336.838,-113
336.863,-222
336.888,-312
336.913,-341
336.938,-286
336.963,-165
336.988,-22
337.013,101
337.038,196
337.063,280
337.088,370
337.113,460
337.138,527
337.163,553
337.188,542
337.213,518
337.238,499
337.263,487
337.288,472
337.313,444
337.338,403
337.363,356
337.388,307
337.413,250
337.438,183
337.463,111
337.488,43
337.513,-21
337.538,-95
337.563,-185
337.588,-274
337.613,-325
337.638,-303
337.663,-208
337.688,-75
337.713,52
337.738,157
337.763,248
337.788,342
337.813,439
337.838,520
337.863,565
337.888,574
337.913,563
337.938,548
337.963,536
337.988,522
338.013,501
338.038,471
338.063,434
338.088,390
338.113,339
338.138,285
338.163,229
338.188,170
338.213,105
338.238,36
338.263,-31
338.288,-98
338.313,-169
338.338,-250
338.363,-325
338.388,-362
338.413,-330
338.438,-227
338.463,-88
338.488,43
338.513,148
338.538,236
338.563,329
338.588,430
338.613,516
338.638,564
338.663,571
338.688,559
338.713,549
338.738,550
338.763,550
338.788,537
338.813,511
338.838,479
338.863,445
338.888,407
338.913,360
338.938,304
338.963,245
338.988,185
339.013,121
339.038,51
339.063,-18
339.088,-82
339.113,-138
339.138,-199
339.163,-273
339.188,-351
339.213,-401
339.238,-389
339.263,-305
339.288,-176
339.313,-41
339.338,72
339.363,169
339.388,266
339.413,375
339.438,483
339.463,569
339.488,618
339.513,634
339.538,634
339.563,633
339.588,637
339.613,638
339.638,629
339.663,606
339.688,575
339.713,538
339.738,500
339.763,457
339.788,405
339.813,346
339.838,285
339.863,227
339.888,170
339.913,110
339.938,46
339.963,-20
339.988,-87
340.013,-157
340.038,-235
340.063,-317
340.088,-382
340.113,-395
340.138,-339
340.163,-226
340.188,-93
340.213,25
340.238,124
340.263,217
340.288,318
340.313,421
340.338,507
340.363,557
340.388,575
340.413,577
340.438,579
340.463,587
340.488,593
340.513,590
340.538,573
340.563,544
340.588,508
340.613,470
340.638,431
340.663,388
340.688,339
340.713,283
340.738,223
340.763,163
340.788,102
340.813,39
340.838,-25
340.863,-87
340.888,-147
340.913,-212
340.938,-290
340.963,-375
340.988,-436
341.013,-437
341.038,-362
341.063,-230
341.088,-85
341.113,40
341.138,142
341.163,238
341.188,342
341.213,448
341.238,534
341.263,588
341.288,611
341.313,619
341.338,625
341.363,632
341.388,638
341.413,636
341.438,622
341.463,597
341.488,562
341.513,524
341.538,482
341.563,436
341.588,382
341.613,319
341.638,254
341.663,193
341.688,138
341.713,83
341.738,25
341.763,-33
341.788,-89
341.813,-146
341.838,-213
341.863,-294
341.888,-371
341.913,-408
341.938,-376
341.963,-277
341.988,-141
342.013,-9
342.038,101
342.063,197
342.088,295
342.113,400
342.138,499
342.163,572
342.188,613
342.213,627
342.238,632
342.263,638
342.288,644
342.313,643
342.338,631
342.363,605
342.388,570
342.413,530
342.438,488
342.463,445
342.488,401
342.513,353
342.538,302
342.563,248
342.588,195
342.613,142
342.638,89
342.663,31
342.688,-30
342.713,-92
342.738,-151
342.763,-213
342.788,-283
342.813,-363
342.838,-434
342.863,-465
342.888,-429
342.913,-328
342.938,-193
342.963,-61
342.988,47
343.013,142
343.038,237
343.063,337
343.088,429
343.113,496
343.138,532
343.163,549
343.188,558
343.213,567
343.238,573
343.263,573
343.288,565
343.313,552
343.338,532
343.363,503
343.388,464
343.413,420
343.438,376
343.463,330
343.488,279
343.513,221
343.538,162
343.563,107
343.588,57
343.613,6
343.638,-48
343.663,-106
343.688,-160
343.713,-210
343.738,-264
343.763,-327
343.788,-388
343.813,-417
343.838,-383
343.863,-279
343.888,-131
343.913,19
343.938,147
343.963,254
343.988,362
344.013,485
344.038,611
344.063,710
344.088,765
344.113,783
344.138,789
344.163,800
344.188,814
344.213,818
344.238,802
344.263,768
344.288,724
344.313,676
344.338,623
344.363,567
344.388,510
344.413,456
344.438,404
344.463,349
344.488,291
344.513,229
344.538,166
344.563,99
344.588,25
344.613,-50
344.638,-123
344.663,-190
344.688,-262
344.713,-346
344.738,-429
344.763,-471
344.788,-437
344.813,-327
344.838,-179
344.863,-45
344.888,54
344.913,135
344.938,229
344.963,338
344.988,436
345.013,490
345.038,497
345.063,483
345.088,479
345.113,489
345.138,497
345.163,486
345.188,458
345.213,428
345.238,409
345.263,398
345.288,381
345.313,352
345.338,310
345.363,265
345.388,222
345.413,185
345.438,152
345.463,119
345.488,79
345.513,28
345.538,-30
345.563,-81
345.588,-103
345.613,-81
345.638,-16
345.663,71
345.688,158
345.713,226
345.738,272
345.763,304
345.788,329
345.813,345
345.838,347
345.863,333
345.888,309
345.913,293
345.938,293
345.963,303
345.988,303
346.013,281
346.038,238
346.063,196
346.088,174
346.113,177
346.138,192
346.163,209
346.188,223
346.213,237
346.238,250
346.263,248
346.288,219
346.313,171
346.338,130
346.363,129
346.388,175
346.413,250
346.438,321
346.463,369
346.488,398
346.513,425
346.538,459
346.563,490
346.588,503
346.613,488
346.638,452
346.663,410
346.688,371
346.713,336
346.738,299
346.763,255
346.788,204
346.813,142
346.838,70
346.863,-7
346.888,-78
346.913,-126
346.938,-146
346.963,-153
346.988,-167
347.013,-202
347.038,-243
347.063,-259
347.088,-220
347.113,-123
347.138,3
347.163,124
347.188,220
347.213,298
347.238,377
347.263,463
347.288,544
347.313,597
347.338,611
347.363,595
347.388,568
347.413,544
347.438,523
347.463,496
347.488,456
347.513,408
347.538,355
347.563,301
347.588,242
347.613,178
347.638,111
347.663,44
347.688,-24
347.713,-101
347.738,-183
347.763,-252
347.788,-281
347.813,-251
347.838,-166
347.863,-56
347.888,47
347.913,132
347.938,206
347.963,288
347.988,382
348.013,475
348.038,545
348.063,584
348.088,598
348.113,605
348.138,615
348.163,626
348.188,628
348.213,617
348.238,595
348.263,566
348.288,531
348.313,486
348.338,432
348.363,374
348.388,316
348.413,257
348.438,192
348.463,122
348.488,51
348.513,-18
348.538,-92
348.563,-178
348.588,-269
348.613,-337
348.638,-348
348.663,-292
348.688,-188
348.713,-78
348.738,13
348.763,90
348.788,171
348.813,268
348.838,370
348.863,453
348.888,502
348.913,521
348.938,529
348.963,541
348.988,557
349.013,569
349.038,568
349.063,556
349.088,538
349.113,516
349.138,487
349.163,447
349.188,397
349.213,343
349.238,289
349.263,237
349.288,181
349.313,119
349.338,53
349.363,-9
349.388,-71
349.413,-137
349.438,-217
349.463,-302
349.488,-364
349.513,-374
349.538,-320
349.563,-218
349.588,-103
349.613,0
349.638,88
349.663,173
349.688,265
349.713,358
349.738,439
349.763,493
349.788,520
349.813,529
349.838,535
349.863,540
349.888,544
349.913,540
349.938,526
349.963,507
349.988,485
350.013,459
350.038,427
350.063,386
350.088,340
350.113,294
350.138,247
350.163,195
350.188,133
350.213,64
350.238,0
350.263,-58
350.288,-117
350.313,-188
350.338,-267
350.363,-332
350.388,-349
350.413,-305
350.438,-214
350.463,-110
350.488,-18
350.513,59
350.538,137
350.563,226
350.588,318
350.613,398
350.638,454
350.663,486
350.688,504
350.713,520
350.738,535
350.763,549
350.788,556
350.813,554
350.838,544
350.863,531
350.888,519
350.913,507
350.938,490
350.963,462
350.988,421
351.013,374
351.038,326
351.063,278
351.088,226
351.113,167
351.138,104
351.163,41
351.188,-21
351.213,-90
351.238,-162
351.263,-218
351.288,-232
351.313,-194
351.338,-119
351.363,-39
351.388,22
351.413,68
351.438,117
351.463,181
351.488,250
351.513,304
351.538,334
351.563,347
351.588,361
351.613,381
351.638,404
351.663,419
351.688,427
351.713,430
351.738,429
351.763,419
351.788,399
351.813,369
351.838,339
351.863,310
351.888,278
351.913,240
351.938,199
351.963,161
351.988,124
352.013,78
352.038,21
352.063,-31
352.088,-53
352.113,-24
352.138,44
352.163,122
352.188,182
352.213,220
352.238,253
352.263,294
352.288,339
352.313,372
352.338,385
352.363,383
352.388,381
352.413,387
352.438,397
352.463,402
352.488,396
352.513,379
352.538,357
352.563,331
352.588,301
352.613,266
352.638,224
352.663,175
352.688,124
352.713,75
352.738,28
352.763,-27
352.788,-96
352.813,-170
352.838,-222
352.863,-228
352.888,-181
352.913,-103
352.938,-26
352.963,34
352.988,83
353.013,135
353.038,194
353.063,249
353.088,284
353.113,294
353.138,287
353.163,277
353.188,272
353.213,269
353.238,260
353.263,239
353.288,207
353.313,169
353.338,128
353.363,86
353.388,38
353.413,-19
353.438,-83
353.463,-146
353.488,-206
353.513,-268
353.538,-336
353.563,-402
353.588,-444
353.613,-437
353.638,-377
353.663,-282
353.688,-178
353.713,-82
353.738,13
353.763,119
353.788,238
353.813,359
353.838,467
353.863,557
353.888,631
353.913,691
353.938,736
353.963,769
353.988,796
354.013,822
354.038,846
354.063,860
354.088,862
354.113,859
354.138,858
354.163,858
354.188,846
354.213,813
354.238,765
354.263,718
354.288,677
354.313,633
354.338,574
354.363,509
354.388,465
354.413,465
354.438,497
354.463,528
354.488,526
354.513,499
354.538,479
354.563,500
354.588,566
354.613,659
354.638,757
354.663,846
354.688,924
354.713,983
354.738,1011
354.763,998
354.788,935
354.813,821
354.838,663
354.863,476
354.888,283
354.913,99
354.938,-79
354.963,-271
354.988,-480
355.013,-682
355.038,-843
355.063,-946
355.088,-1005
355.113,-1052
355.138,-1101
355.163,-1139
355.188,-1141
355.213,-1098
355.238,-1011
355.263,-882
355.288,-703
355.313,-472
355.338,-213
355.363,28
355.388,219
355.413,354
355.438,450
355.463,519
355.488,557
355.513,560
355.538,540
355.563,528
355.588,552
355.613,609
355.638,670
355.663,706
355.688,705
355.713,678
355.738,646
355.763,620
355.788,592
355.813,549
355.838,480
355.863,390
355.888,302
355.913,229
355.938,166
355.963,90
355.988,-15
356.013,-137
356.038,-234
356.063,-268
356.088,-242
356.113,-193
356.138,-163
356.163,-168
356.188,-194
356.213,-218
356.238,-225
356.263,-220
356.288,-214
356.313,-211
356.338,-201
356.363,-164
356.388,-76
356.413,67
356.438,247
356.463,423
356.488,561
356.513,652
356.538,709
356.563,744
356.588,754
356.613,728
356.638,667
356.663,586
356.688,505
356.713,425
356.738,334
356.763,226
356.788,106
356.813,-14
356.838,-138
356.863,-273
356.888,-419
356.913,-549
356.938,-628
356.963,-639
356.988,-601
357.013,-545
357.038,-493
357.063,-438
357.088,-363
357.113,-261
357.138,-150
357.163,-52
357.188,17
357.213,68
357.238,118
357.263,182
357.288,263
357.313,352
357.338,441
357.363,529
357.388,622
357.413,721
357.438,822
357.463,917
357.488,1008
357.513,1105
357.538,1215
357.563,1337
357.588,1463
357.613,1590
357.638,1725
357.663,1866
357.688,1996
357.713,2088
357.738,2129
357.763,2132
357.788,2121
357.813,2104
357.838,2066
357.863,1984
357.888,1850
357.913,1673
357.938,1457
357.963,1196
357.988,883
358.013,535
358.038,188
358.063,-126
358.088,-403
358.113,-657
358.138,-898
358.163,-1116
358.188,-1294
358.213,-1432
358.238,-1547
358.263,-1658
358.288,-1765
358.313,-1846
358.338,-1877
358.363,-1841
358.388,-1741
358.413,-1595
358.438,-1435
358.463,-1287
358.488,-1155
358.513,-1022
358.538,-873
358.563,-716
358.588,-581
358.613,-481
358.638,-390
358.663,-256
358.688,-47
358.713,208
358.738,449
358.763,629
358.788,752
358.813,851
358.838,947
358.863,1029
358.888,1069
358.913,1062
358.938,1026
358.963,985
358.988,952
359.013,927
359.038,912
359.063,910
359.088,917
359.113,917
359.138,897
359.163,858
359.188,815
359.213,778
359.238,742
359.263,692
359.288,624
359.313,550
359.338,483
359.363,424
359.388,361
359.413,281
359.438,186
359.463,94
359.488,28
359.513,6
359.538,29
359.563,81
359.588,136
359.613,174
359.638,188
359.663,189
359.688,192
359.713,202
359.738,213
359.763,218
359.788,212
359.813,199
359.838,185
359.863,173
359.888,168
359.913,167
359.938,163
359.963,146
359.988,120
360.013,102
360.038,111
360.063,149
360.088,187
360.113,193
360.138,159
360.163,111
360.188,85
360.213,83
360.238,80
360.263,48
360.288,-5
360.313,-40
360.338,-21
360.363,49
360.388,136
360.413,201
360.438,239
360.463,273
360.488,329
360.513,409
360.538,492
360.563,546
360.588,561
360.613,552
360.638,554
360.663,599
360.688,694
360.713,814
360.738,921
360.763,985
360.788,1003
360.813,984
360.838,937
360.863,864
360.888,770
360.913,668
360.938,568
360.963,471
360.988,361
361.013,225
361.038,67
361.063,-86
361.088,-210
361.113,-285
361.138,-309
361.163,-297
361.188,-273
361.213,-265
361.238,-281
361.263,-310
361.288,-330
361.313,-333
361.338,-340
361.363,-377
361.388,-448
361.413,-516
361.438,-537
361.463,-493
361.488,-404
361.513,-301
361.538,-200
361.563,-106
361.588,-28
361.613,13
361.638,16
361.663,6
361.688,21
361.713,70
361.738,118
361.763,128
361.788,110
361.813,122
361.838,215
361.863,384
361.888,571
361.913,726
361.938,844
361.963,956
361.988,1073
362.013,1167
362.038,1201
362.063,1166
362.088,1095
362.113,1024
362.138,969
362.163,918
362.188,861
362.213,802
362.238,750
362.263,697
362.288,627
362.313,530
362.338,412
362.363,286
362.388,159
362.413,23
362.438,-126
362.463,-273
362.488,-382
362.513,-422
362.538,-383
362.563,-283
362.588,-156
362.613,-28
362.638,92
362.663,212
362.688,329
362.713,430
362.738,497
362.763,524
362.788,524
362.813,518
362.838,516
362.863,508
362.888,481
362.913,432
362.938,369
362.963,305
362.988,244
363.013,182
363.038,116
363.063,47
363.088,-28
363.113,-117
363.138,-216
363.163,-296
363.188,-318
363.213,-260
363.238,-140
363.263,-7
363.288,98
363.313,175
363.338,253
363.363,351
363.388,458
363.413,541
363.438,578
363.463,577
363.488,564
363.513,550
363.538,528
363.563,490
363.588,435
363.613,379
363.638,331
363.663,287
363.688,237
363.713,177
363.738,117
363.763,58
363.788,-6
363.813,-90
363.838,-193
363.863,-287
363.888,-330
363.913,-300
363.938,-207
363.963,-85
363.988,32
364.013,136
364.038,236
364.063,343
364.088,452
364.113,544
364.138,601
364.163,618
364.188,607
364.213,585
364.238,564
364.263,542
364.288,513
364.313,474
364.338,426
364.363,372
364.388,312
364.413,241
364.438,161
364.463,77
364.488,-2
364.513,-75
364.538,-152
364.563,-241
364.588,-334
364.613,-405
364.638,-418
364.663,-359
364.688,-247
364.713,-121
364.738,-8
364.763,90
364.788,191
364.813,304
364.838,415
364.863,500
364.888,543
364.913,553
364.938,548
364.963,544
364.988,541
365.013,530
365.038,506
365.063,469
365.088,423
365.113,371
365.138,313
365.163,250
365.188,183
365.213,116
365.238,49
365.263,-10
365.288,-62
365.313,-108
365.338,-162
365.363,-232
365.388,-310
365.413,-367
365.438,-369
365.463,-303
365.488,-188
365.513,-61
365.538,51
365.563,150
365.588,251
365.613,364
365.638,478
365.663,570
365.688,625
365.713,647
365.738,652
365.763,654
365.788,656
365.813,654
365.838,645
365.863,627
365.888,603
365.913,575
365.938,543
365.963,501
365.988,449
366.013,387
366.038,318
366.063,249
366.088,185
366.113,126
366.138,69
366.163,11
366.188,-50
366.213,-121
366.238,-200
366.263,-280
366.288,-342
366.313,-362
366.338,-324
366.363,-235
366.388,-125
366.413,-22
366.438,61
366.463,139
366.488,228
366.513,328
366.538,424
366.563,493
366.588,528
366.613,540
366.638,546
366.663,555
366.688,565
366.713,571
366.738,569
366.763,558
366.788,537
366.813,503
366.838,458
366.863,412
366.888,372
366.913,339
366.938,302
366.963,251
366.988,186
367.013,120
367.038,59
367.063,0
367.088,-68
367.113,-142
367.138,-196
367.163,-206
367.188,-164
367.213,-91
367.238,-13
367.263,55
367.288,122
367.313,197
367.338,276
367.363,341
367.388,376
367.413,386
367.438,385
367.463,385
367.488,385
367.513,377
367.538,358
367.563,338
367.588,321
367.613,309
367.638,291
367.663,262
367.688,223
367.713,180
367.738,134
367.763,83
367.788,20
367.813,-55
367.838,-130
367.863,-179
367.888,-184
367.913,-142
367.938,-68
367.963,11
367.988,83
368.013,148
368.038,219
368.063,298
368.088,372
368.113,420
368.138,435
368.163,430
368.188,424
368.213,428
368.238,436
368.263,437
368.288,427
368.313,411
368.338,392
368.363,368
368.388,333
368.413,290
368.438,246
368.463,205
368.488,161
368.513,106
368.538,46
368.563,6
368.588,15
368.613,78
368.638,170
368.663,257
368.688,324
368.713,379
368.738,443
368.763,522
368.788,593
368.813,627
368.838,609
368.863,553
368.888,486
368.913,431
368.938,393
368.963,362
368.988,327
369.013,284
369.038,234
369.063,175
369.088,106
369.113,27
369.138,-56
369.163,-141
369.188,-229
369.213,-324
369.238,-424
369.263,-507
369.288,-547
369.313,-525
369.338,-455
369.363,-371
369.388,-302
369.413,-252
369.438,-202
369.463,-139
369.488,-68
369.513,-13
369.538,13
369.563,17
369.588,15
369.613,15
369.638,10
369.663,-8
369.688,-38
369.713,-65
369.738,-80
369.763,-87
369.788,-98
369.813,-116
369.838,-136
369.863,-151
369.888,-161
369.913,-169
369.938,-173
369.963,-169
369.988,-149
370.013,-109
370.038,-32
370.063,107
370.088,328
370.113,621
370.138,937
370.163,1220
370.188,1445
370.213,1629
370.238,1810
370.263,2008
370.288,2217
370.313,2419
370.338,2606
370.363,2781
370.388,2944
370.413,3091
370.438,3212
370.463,3302
370.488,3342
370.513,3284
370.538,3064
370.563,2646
370.588,2056
370.613,1383
370.638,726
370.663,150
370.688,-327
370.713,-719
370.738,-1039
370.763,-1309
370.788,-1549
370.813,-1773
370.838,-1968
370.863,-2098
370.888,-2136
370.913,-2097
370.938,-2027
370.963,-1967
370.988,-1918
371.013,-1855
371.038,-1762
371.063,-1664
371.088,-1607
371.113,-1613
371.138,-1659
371.163,-1695
371.188,-1685
371.213,-1635
371.238,-1576
371.263,-1526
371.288,-1468
371.313,-1359
371.338,-1158
371.363,-857
371.388,-490
371.413,-115
371.438,206
371.463,446
371.488,606
371.513,707
371.538,771
371.563,805
371.588,809
371.613,794
371.638,784
371.663,807
371.688,878
371.713,985
371.738,1098
371.763,1194
371.788,1267
371.813,1327
371.838,1384
371.863,1432
371.888,1457
371.913,1450
371.938,1415
371.963,1369
371.988,1327
372.013,1296
372.038,1269
372.063,1236
372.088,1188
372.113,1122
372.138,1039
372.163,943
372.188,840
372.213,734
372.238,627
372.263,516
372.288,400
372.313,288
372.338,187
372.363,94
372.388,-2
372.413,-113
372.438,-229
372.463,-317
372.488,-344
372.513,-306
372.538,-229
372.563,-151
372.588,-91
372.613,-39
372.638,22
372.663,99
372.688,174
372.713,226
372.738,249
372.763,253
372.788,255
372.813,262
372.838,273
372.863,281
372.888,279
372.913,266
372.938,245
372.963,218
372.988,187
373.013,151
373.038,110
373.063,63
373.088,15
373.113,-32
373.138,-87
373.163,-151
373.188,-214
373.213,-248
373.238,-225
373.263,-139
373.288,-18
373.313,96
373.338,180
373.363,243
373.388,306
373.413,376
373.438,437
373.463,468
373.488,464
373.513,448
373.538,438
373.563,439
373.588,436
373.613,418
373.638,387
373.663,352
373.688,314
373.713,268
373.738,211
373.763,150
373.788,91
373.813,30
373.838,-42
373.863,-127
373.888,-198
373.913,-218
373.938,-167
373.963,-65
373.988,49
374.013,143
374.038,215
374.063,286
374.088,365
374.113,443
374.138,496
374.163,510
374.188,496
374.213,475
374.238,461
374.263,452
374.288,437
374.313,411
374.338,375
374.363,334
374.388,289
374.413,237
374.438,180
374.463,120
374.488,54
374.513,-20
374.538,-102
374.563,-174
374.588,-207
374.613,-179
374.638,-98
374.663,5
374.688,99
374.713,173
374.738,240
374.763,315
374.788,397
374.813,466
374.838,502
374.863,506
374.888,494
374.913,483
374.938,474
374.963,459
374.988,434
375.013,401
375.038,368
375.063,331
375.088,284
375.113,225
375.138,159
375.163,92
375.188,22
375.213,-57
375.238,-139
375.263,-196
375.288,-199
375.313,-140
375.338,-44
375.363,52
375.388,127
375.413,187
375.438,252
375.463,326
375.488,396
375.513,442
375.538,458
375.563,453
375.588,445
375.613,439
375.638,432
375.663,419
375.688,397
375.713,368
375.738,332
375.763,291
375.788,244
375.813,192
375.838,135
375.863,73
375.888,7
375.913,-63
375.938,-136
375.963,-199
375.988,-234
376.013,-224
376.038,-164
376.063,-76
376.088,9
376.113,76
376.138,132
376.163,195
376.188,271
376.213,341
376.238,386
376.263,401
376.288,403
376.313,408
376.338,413
376.363,409
376.388,395
376.413,380
376.438,371
376.463,357
376.488,325
376.513,279
376.538,240
376.563,217
376.588,194
376.613,152
376.638,100
376.663,82
376.688,129
376.713,218
376.738,286
376.763,292
376.788,260
376.813,257
376.838,321
376.863,418
376.888,480
376.913,470
376.938,416
376.963,379
376.988,391
377.013,433
377.038,469
377.063,475
377.088,459
377.113,439
377.138,424
377.163,412
377.188,391
377.213,358
377.238,317
377.263,288
377.288,289
377.313,325
377.338,367
377.363,368
377.388,300
377.413,179
377.438,51
377.463,-47
377.488,-122
377.513,-198
377.538,-282
377.563,-351
377.588,-372
377.613,-343
377.638,-289
377.663,-236
377.688,-183
377.713,-113
377.738,-19
377.763,79
377.788,156
377.813,201
377.838,223
377.863,241
377.888,259
377.913,278
377.938,299
377.963,326
377.988,353
378.013,367
378.038,356
378.063,325
378.088,291
378.113,269
378.138,256
378.163,236
378.188,202
378.213,157
378.238,111
378.263,72
378.288,50
378.313,59
378.338,109
378.363,196
378.388,293
378.413,374
378.438,438
378.463,504
378.488,589
378.513,680
378.538,745
378.563,764
378.588,753
378.613,743
378.638,750
378.663,754
378.688,732
378.713,684
378.738,634
378.763,599
378.788,566
378.813,511
378.838,430
378.863,346
378.888,279
378.913,215
378.938,118
378.963,-33
378.988,-214
379.013,-372
379.038,-471
379.063,-511
379.088,-506
379.113,-459
379.138,-361
379.163,-225
379.188,-88
379.213,5
379.238,48
379.263,65
379.288,87
379.313,120
379.338,145
379.363,152
379.388,150
379.413,151
379.438,149
379.463,124
379.488,68
379.513,-4
379.538,-69
379.563,-122
379.588,-173
379.613,-225
379.638,-253
379.663,-220
379.688,-113
379.713,36
379.738,183
379.763,298
379.788,392
379.813,487
379.838,588
379.863,677
379.888,732
379.913,751
379.938,748
379.963,740
379.988,733
380.013,721
380.038,697
380.063,662
380.088,617
380.113,566
380.138,508
380.163,442
380.188,369
380.213,295
380.238,220
380.263,144
380.288,59
380.313,-30
380.338,-112
380.363,-156
380.388,-142
380.413,-74
380.438,18
380.463,101
380.488,166
380.513,226
380.538,302
380.563,387
380.588,459
380.613,495
380.638,496
380.663,484
380.688,478
380.713,476
380.738,465
380.763,441
380.788,408
380.813,376
380.838,343
380.863,304
380.888,256
380.913,204
380.938,155
380.963,104
380.988,46
381.013,-16
381.038,-76
381.063,-131
381.088,-188
381.113,-261
381.138,-348
381.163,-423
381.188,-454
381.213,-425
381.238,-348
381.263,-252
381.288,-159
381.313,-79
381.338,-3
381.363,76
381.388,163
381.413,243
381.438,296
381.463,315
381.488,310
381.513,306
381.538,318
381.563,338
381.588,340
381.613,317
381.638,295
381.663,310
381.688,373
381.713,444
381.738,469
381.763,422
381.788,333
381.813,252
381.838,210
381.863,194
381.888,174
381.913,134
381.938,76
381.963,10
381.988,-59
382.013,-126
382.038,-172
382.063,-177
382.088,-136
382.113,-71
382.138,-12
382.163,26
382.188,61
382.213,111
382.238,182
382.263,258
382.288,322
382.313,369
382.338,407
382.363,438
382.388,455
382.413,448
382.438,413
382.463,364
382.488,325
382.513,322
382.538,367
382.563,456
382.588,569
382.613,683
382.638,780
382.663,859
382.688,932
382.713,1008
382.738,1084
382.763,1148
382.788,1203
382.813,1263
382.838,1348
382.863,1465
382.888,1602
382.913,1736
382.938,1847
382.963,1909
382.988,1891
383.013,1754
383.038,1477
383.063,1076
383.088,609
383.113,144
383.138,-272
383.163,-624
383.188,-913
383.213,-1136
383.238,-1289
383.263,-1369
383.288,-1386
383.313,-1358
383.338,-1301
383.363,-1224
383.388,-1138
383.413,-1047
383.438,-946
383.463,-820
383.488,-667
383.513,-512
383.538,-401
383.563,-357
383.588,-354
383.613,-330
383.638,-239
383.663,-95
383.688,44
383.713,141
383.738,211
383.763,303
383.788,432
383.813,559
383.838,624
383.863,613
383.888,577
383.913,576
383.938,619
383.963,653
383.988,622
384.013,526
384.038,418
384.063,349
384.088,320
384.113,290
384.138,221
384.163,115
384.188,1
384.213,-101
384.238,-197
384.263,-298
384.288,-401
384.313,-497
384.338,-584
384.363,-672
384.388,-763
384.413,-829
384.438,-826
384.463,-722
384.488,-530
384.513,-292
384.538,-49
384.563,178
384.588,391
384.613,585
384.638,744
384.663,856
384.688,926
384.713,981
384.738,1040
384.763,1102
384.788,1145
384.813,1150
384.838,1117
384.863,1063
384.888,1006
384.913,956
384.938,912
384.963,865
384.988,805
385.013,727
385.038,633
385.063,533
385.088,440
385.113,355
385.138,272
385.163,183
385.188,95
385.213,33
385.238,22
385.263,71
385.288,155
385.313,243
385.338,318
385.363,388
385.388,470
385.413,560
385.438,635
385.463,673
385.488,669
385.513,644
385.538,617
385.563,595
385.588,571
385.613,540
385.638,505
385.663,471
385.688,430
385.713,374
385.738,306
385.763,243
385.788,201
385.813,177
385.838,151
385.863,105
385.888,43
385.913,-20
385.938,-83
385.963,-157
385.988,-250
386.013,-341
386.038,-386
386.063,-352
386.088,-247
386.113,-116
386.138,-5
386.163,68
386.188,123
386.213,185
386.238,258
386.263,326
386.288,364
386.313,360
386.338,325
386.363,286
386.388,263
386.413,261
386.438,266
386.463,262
386.488,244
386.513,218
386.538,195
386.563,171
386.588,136
386.613,85
386.638,25
386.663,-29
386.688,-74
386.713,-120
386.738,-174
386.763,-224
386.788,-236
386.813,-187
386.838,-86
386.863,25
386.888,111
386.913,164
386.938,206
386.963,258
386.988,315
387.013,350
387.038,345
387.063,306
387.088,264
387.113,247
387.138,252
387.163,255
387.188,237
387.213,198
387.238,159
387.263,137
387.288,134
387.313,138
387.338,144
387.363,152
387.388,167
387.413,182
387.438,187
387.463,191
387.488,216
387.513,288
387.538,411
387.563,558
387.588,698
387.613,818
387.638,925
387.663,1028
387.688,1119
387.713,1183
387.738,1215
387.763,1229
387.788,1241
387.813,1256
387.838,1269
387.863,1270
387.888,1241
387.913,1138
387.938,899
387.963,478
387.988,-102
388.013,-741
388.038,-1303
388.063,-1695
388.088,-1896
388.113,-1933
388.138,-1828
388.163,-1587
388.188,-1229
388.213,-812
388.238,-424
388.263,-129
388.288,61
388.313,179
388.338,257
388.363,307
388.388,334
388.413,355
388.438,399
388.463,479
388.488,575
388.513,646
388.538,671
388.563,655
388.588,622
388.613,584
388.638,537
388.663,475
388.688,404
388.713,339
388.738,280
388.763,218
388.788,143
388.813,74
388.838,45
388.863,80
388.888,171
388.913,282
388.938,379
388.963,454
388.988,515
389.013,573
389.038,619
389.063,640
389.088,633
389.113,606
389.138,572
389.163,538
389.188,505
389.213,474
389.238,448
389.263,424
389.288,391
389.313,337
389.338,263
389.363,184
389.388,114
389.413,49
389.438,-25
389.463,-115
389.488,-199
389.513,-240
389.538,-216
389.563,-136
389.588,-36
389.613,53
389.638,126
389.663,198
389.688,281
389.713,369
389.738,441
389.763,476
389.788,471
389.813,443
389.838,410
389.863,382
389.888,359
389.913,333
389.938,298
389.963,255
389.988,209
390.013,163
390.038,116
390.063,66
390.088,10
390.113,-48
390.138,-107
390.163,-162
390.188,-215
390.213,-265
390.238,-299
390.263,-299
390.288,-252
390.313,-164
390.338,-58
390.363,45
390.388,137
390.413,228
390.438,328
390.463,433
390.488,523
390.513,581
390.538,607
390.563,616
390.588,622
390.613,630
390.638,632
390.663,621
390.688,601
390.713,576
390.738,549
390.763,517
390.788,475
390.813,425
390.838,370
390.863,313
390.888,254
390.913,192
390.938,128
390.963,64
390.988,0
391.013,-66
391.038,-136
391.063,-199
391.088,-235
391.113,-226
391.138,-169
391.163,-80
391.188,11
391.213,88
391.238,149
391.263,207
391.288,272
391.313,341
391.338,397
391.363,427
391.388,436
391.413,439
391.438,447
391.463,456
391.488,456
391.513,440
391.538,417
391.563,396
391.588,380
391.613,359
391.638,328
391.663,292
391.688,260
391.713,230
391.738,191
391.763,135
391.788,72
391.813,20
391.838,-13
391.863,-42
391.888,-86
391.913,-143
391.938,-184
391.963,-177
391.988,-116
392.013,-27
392.038,56
392.063,123
392.088,186
392.113,259
392.138,342
392.163,414
392.188,459
392.213,475
392.238,478
392.263,480
392.288,485
392.313,486
392.338,476
392.363,455
392.388,427
392.413,394
392.438,361
392.463,325
392.488,284
392.513,237
392.538,188
392.563,139
392.588,86
392.613,28
392.638,-31
392.663,-76
392.688,-85
392.713,-49
392.738,17
392.763,89
392.788,144
392.813,187
392.838,235
392.863,294
392.888,353
392.913,389
392.938,394
392.963,379
392.988,367
393.013,363
393.038,360
393.063,345
393.088,317
393.113,284
393.138,253
393.163,220
393.188,181
393.213,136
393.238,87
393.263,35
393.288,-21
393.313,-86
393.338,-147
393.363,-181
393.388,-172
393.413,-120
393.438,-47
393.463,27
393.488,93
393.513,159
393.538,230
393.563,304
393.588,367
393.613,407
393.638,424
393.663,429
393.688,429
393.713,429
393.738,427
393.763,419
393.788,405
393.813,387
393.838,364
393.863,334
393.888,294
393.913,248
393.938,202
393.963,154
393.988,101
394.013,42
394.038,-4
394.063,-14
394.088,28
394.113,115
394.138,214
394.163,298
394.188,360
394.213,417
394.238,483
394.263,550
394.288,595
394.313,601
394.338,576
394.363,542
394.388,515
394.413,492
394.438,461
394.463,415
394.488,360
394.513,303
394.538,250
394.563,199
394.588,147
394.613,96
394.638,45
394.663,-11
394.688,-78
394.713,-150
394.738,-209
394.763,-233
394.788,-211
394.813,-146
394.838,-59
394.863,28
394.888,100
394.913,159
394.938,219
394.963,292
394.988,374
395.013,446
395.038,487
395.063,497
395.088,490
395.113,485
395.138,484
395.163,475
395.188,449
395.213,414
395.238,386
395.263,368
395.288,350
395.313,320
395.338,279
395.363,237
395.388,199
395.413,153
395.438,87
395.463,8
395.488,-56
395.513,-78
395.538,-54
395.563,-6
395.588,37
395.613,61
395.638,73
395.663,91
395.688,125
395.713,173
395.738,218
395.763,247
395.788,253
395.813,246
395.838,237
395.863,236
395.888,238
395.913,236
395.938,226
395.963,214
395.988,202
396.013,178
396.038,132
396.063,67
396.088,6
396.113,-31
396.138,-50
396.163,-75
396.188,-124
396.213,-177
396.238,-191
396.263,-131
396.288,-7
396.313,139
396.338,268
396.363,368
396.388,452
396.413,536
396.438,619
396.463,686
396.488,720
396.513,723
396.538,711
396.563,713
396.588,749
396.613,815
396.638,880
396.663,913
396.688,909
396.713,890
396.738,873
396.763,845
396.788,765
396.813,607
396.838,393
396.863,173
396.888,-12
396.913,-162
396.938,-291
396.963,-392
396.988,-439
397.013,-421
397.038,-369
397.063,-329
397.088,-314
397.113,-286
397.138,-201
397.163,-68
397.188,50
397.213,96
397.238,72
397.263,37
397.288,43
397.313,89
397.338,128
397.363,127
397.388,92
397.413,57
397.438,47
397.463,54
397.488,62
397.513,64
397.538,58
397.563,42
397.588,6
397.613,-44
397.638,-82
397.663,-74
397.688,-9
397.713,95
397.738,205
397.763,302
397.788,388
397.813,474
397.838,558
397.863,629
397.888,672
397.913,683
397.938,670
397.963,644
397.988,612
398.013,582
398.038,557
398.063,534
398.088,507
398.113,466
398.138,409
398.163,343
398.188,283
398.213,230
398.238,175
398.263,105
398.288,23
398.313,-44
398.338,-65
398.363,-26
398.388,55
398.413,144
398.438,214
398.463,265
398.488,312
398.513,363
398.538,410
398.563,437
398.588,438
398.613,421
398.638,398
398.663,376
398.688,353
398.713,329
398.738,301
398.763,268
398.788,225
398.813,175
398.838,121
398.863,69
398.888,15
398.913,-49
398.938,-122
398.963,-182
398.988,-194
399.013,-142
399.038,-40
399.063,71
399.088,164
399.113,234
399.138,297
399.163,361
399.188,418
399.213,448
399.238,446
399.263,423
399.288,395
399.313,375
399.338,362
399.363,346
399.388,320
399.413,283
399.438,239
399.463,195
399.488,153
399.513,107
399.538,47
399.563,-28
399.588,-96
399.613,-125
399.638,-94
399.663,-12
399.688,88
399.713,175
399.738,240
399.763,297
399.788,357
399.813,417
399.838,460
399.863,474
399.888,463
399.913,437
399.938,410
399.963,385
399.988,362
400.013,336
400.038,304
400.063,267
400.088,227
400.113,187
400.138,142
400.163,85
400.188,15
400.213,-53
400.238,-90
400.263,-74
400.288,-8
400.313,76
400.338,150
400.363,205
400.388,252
400.413,305
400.438,363
400.463,407
400.488,423
400.513,411
400.538,384
400.563,357
400.588,334
400.613,311
400.638,285
400.663,254
400.688,220
400.713,184
400.738,149
400.763,111
400.788,62
400.813,3
400.838,-53
400.863,-85
400.888,-71
400.913,-17
400.938,56
400.963,123
400.988,177
401.013,228
401.038,285
401.063,344
401.088,388
401.113,406
401.138,403
401.163,391
401.188,378
401.213,365
401.238,349
401.263,327
401.288,300
401.313,269
401.338,232
401.363,192
401.388,150
401.413,104
401.438,50
401.463,-7
401.488,-51
401.513,-57
401.538,-16
401.563,54
401.588,125
401.613,177
401.638,216
401.663,259
401.688,310
401.713,359
401.738,389
401.763,398
401.788,396
401.813,391
401.838,384
401.863,372
401.888,354
401.913,338
401.938,325
401.963,310
401.988,287
402.013,256
402.038,223
402.063,189
402.088,151
402.113,112
402.138,89
402.163,103
402.188,159
402.213,235
402.238,301
402.263,343
402.288,371
402.313,407
402.338,457
402.363,503
402.388,524
402.413,511
402.438,471
402.463,424
402.488,382
402.513,351
402.538,327
402.563,304
402.588,272
402.613,227
402.638,174
402.663,122
402.688,73
402.713,21
402.738,-38
402.763,-100
402.788,-141
402.813,-139
402.838,-95
402.863,-30
402.888,30
402.913,80
402.938,131
402.963,189
402.988,250
403.013,294
403.038,310
403.063,301
403.088,280
403.113,258
403.138,239
403.163,220
403.188,200
403.213,178
403.238,149
403.263,113
403.288,73
403.313,35
403.338,-3
403.363,-51
403.388,-111
403.413,-173
403.438,-208
403.463,-196
403.488,-140
403.513,-60
403.538,20
403.563,95
403.588,168
403.613,243
403.638,310
403.663,358
403.688,386
403.713,402
403.738,412
403.763,415
403.788,412
403.813,408
403.838,411
403.863,417
403.888,406
403.913,364
403.938,302
403.963,247
403.988,215
404.013,188
404.038,137
404.063,63
404.088,4
404.113,11
404.138,92
404.163,204
404.188,297
404.213,357
404.238,418
404.263,511
404.288,629
404.313,729
404.338,777
404.363,776
404.388,752
404.413,725
404.438,694
404.463,658
404.488,622
404.513,588
404.538,539
404.563,453
404.588,329
404.613,205
404.638,121
404.663,78
404.688,33
404.713,-49
404.738,-154
404.763,-219
404.788,-198
404.813,-110
404.838,-21
404.863,21
404.888,25
404.913,38
404.938,90
404.963,170
404.988,244
405.013,288
405.038,304
405.063,306
405.088,304
405.113,301
405.138,297
405.163,292
405.188,278
405.213,247
405.238,201
405.263,156
405.288,121
405.313,86
405.338,32
405.363,-46
405.388,-121
405.413,-147
405.438,-103
405.463,-12
405.488,80
405.513,148
405.538,192
405.563,234
405.588,282
405.613,327
405.638,354
405.663,361
405.688,357
405.713,349
405.738,339
405.763,324
405.788,304
405.813,280
405.838,252
405.863,216
405.888,175
405.913,135
405.938,99
405.963,54
405.988,-9
406.013,-90
406.038,-156
406.063,-167
406.088,-108
406.113,0
406.138,116
406.163,208
406.188,278
406.213,347
406.238,424
406.263,495
406.288,537
406.313,542
406.338,524
406.363,502
406.388,487
406.413,471
406.438,446
406.463,410
406.488,368
406.513,324
406.538,277
406.563,225
406.588,172
406.613,114
406.638,49
406.663,-26
406.688,-93
406.713,-122
406.738,-86
406.763,7
406.788,120
406.813,215
406.838,282
406.863,339
406.888,404
406.913,471
406.938,514
406.963,519
406.988,496
407.013,469
407.038,450
407.063,433
407.088,409
407.113,375
407.138,338
407.163,300
407.188,256
407.213,202
407.238,144
407.263,92
407.288,41
407.313,-21
407.338,-96
407.363,-157
407.388,-164
407.413,-100
407.438,9
407.463,121
407.488,202
407.513,258
407.538,312
407.563,374
407.588,432
407.613,463
407.638,463
407.663,444
407.688,424
407.713,410
407.738,396
407.763,380
407.788,358
407.813,331
407.838,296
407.863,256
407.888,212
407.913,168
407.938,117
407.963,55
407.988,-8
408.013,-48
408.038,-36
408.063,30
408.088,125
408.113,214
408.138,281
408.163,336
408.188,390
408.213,440
408.238,471
408.263,468
408.288,441
408.313,408
408.338,382
408.363,360
408.388,331
408.413,291
408.438,243
408.463,191
408.488,139
408.513,87
408.538,31
408.563,-34
408.588,-115
408.613,-203
408.638,-274
408.663,-299
408.688,-268
408.713,-199
408.738,-127
408.763,-77
408.788,-48
408.813,-22
408.838,8
408.863,34
408.888,36
408.913,6
408.938,-40
408.963,-86
408.988,-122
409.013,-152
409.038,-188
409.063,-233
409.088,-283
409.113,-330
409.138,-369
409.163,-402
409.188,-437
409.213,-481
409.238,-528
409.263,-556
409.288,-536
409.313,-453
409.338,-325
409.363,-187
409.388,-66
409.413,37
409.438,140
409.463,254
409.488,370
409.513,471
409.538,545
409.563,602
409.588,657
409.613,719
409.638,790
409.663,865
409.688,944
409.713,1025
409.738,1108
409.763,1195
409.788,1294
409.813,1413
409.838,1552
409.863,1707
409.888,1876
409.913,2070
409.938,2299
409.963,2551
409.988,2790
410.013,2967
410.038,3045
410.063,3015
410.088,2881
410.113,2647
410.138,2316
410.163,1899
410.188,1426
410.213,941
410.238,490
410.263,102
410.288,-209
410.313,-457
410.338,-667
410.363,-865
410.388,-1065
410.413,-1260
410.438,-1436
410.463,-1584
410.488,-1714
410.513,-1829
410.538,-1917
410.563,-1948
410.588,-1899
410.613,-1782
410.638,-1633
410.663,-1486
410.688,-1351
410.713,-1215
410.738,-1068
410.763,-922
410.788,-797
410.813,-703
410.838,-631
410.863,-563
410.888,-490
410.913,-417
410.938,-354
410.963,-303
410.988,-255
411.013,-208
411.038,-166
411.063,-144
411.088,-152
411.113,-181
411.138,-219
411.163,-252
411.188,-278
411.213,-286
411.238,-245
411.263,-107
411.288,155
411.313,520
411.338,907
411.363,1228
411.388,1435
411.413,1549
411.438,1615
411.463,1656
411.488,1659
411.513,1606
411.538,1507
411.563,1404
411.588,1330
411.613,1278
411.638,1213
411.663,1118
411.688,1009
411.713,915
411.738,844
411.763,772
411.788,670
411.813,536
411.838,390
411.863,252
411.888,130
411.913,24
411.938,-55
411.963,-96
411.988,-96
412.013,-73
412.038,-51
412.063,-36
412.088,-18
412.113,5
412.138,22
412.163,15
412.188,-21
412.213,-70
412.238,-116
412.263,-160
412.288,-215
412.313,-279
412.338,-335
412.363,-364
412.388,-365
412.413,-355
412.438,-345
412.463,-334
412.488,-313
412.513,-277
412.538,-219
412.563,-118
412.588,51
412.613,291
412.638,558
412.663,780
412.688,914
412.713,975
412.738,1013
412.763,1057
412.788,1092
412.813,1085
412.838,1034
412.863,967
412.888,915
412.913,875
412.938,821
412.963,742
412.988,651
413.013,566
413.038,485
413.063,388
413.088,269
413.113,142
413.138,29
413.163,-67
413.188,-159
413.213,-244
413.238,-287
413.263,-257
413.288,-157
413.313,-32
413.338,67
413.363,131
413.388,184
413.413,244
413.438,302
413.463,332
413.488,327
413.513,308
413.538,302
413.563,313
413.588,323
413.613,317
413.638,298
413.663,279
413.688,265
413.713,248
413.738,218
413.763,173
413.788,113
413.813,38
413.838,-43
413.863,-103
413.888,-107
413.913,-38
413.938,78
413.963,196
413.988,281
414.013,338
414.038,393
414.063,461
414.088,522
414.113,543
414.138,507
414.163,433
414.188,355
414.213,299
414.238,270
414.263,259
414.288,255
414.313,246
414.338,227
414.363,198
414.388,162
414.413,118
414.438,56
414.463,-31
414.488,-131
414.513,-206
414.538,-210
414.563,-130
414.588,5
414.613,142
414.638,239
414.663,291
414.688,322
414.713,353
414.738,391
414.763,423
414.788,434
414.813,411
414.838,350
414.863,261
414.888,168
414.913,94
414.938,45
414.963,4
414.988,-53
415.013,-136
415.038,-222
415.063,-283
415.088,-311
415.113,-330
415.138,-373
415.163,-446
415.188,-512
415.213,-517
415.238,-427
415.263,-256
415.288,-52
415.313,134
415.338,285
415.363,411
415.388,532
415.413,660
415.438,783
415.463,889
415.488,970
415.513,1031
415.538,1078
415.563,1116
415.588,1150
415.613,1192
415.638,1251
415.663,1320
415.688,1375
415.713,1385
415.738,1345
415.763,1276
415.788,1206
415.813,1139
415.838,1048
415.863,901
415.888,691
415.913,443
415.938,190
415.963,-48
415.988,-262
416.013,-437
416.038,-548
416.063,-584
416.088,-560
416.113,-515
416.138,-482
416.163,-468
416.188,-462
416.213,-455
416.238,-453
416.263,-463
416.288,-477
416.313,-476
416.338,-450
416.363,-414
416.388,-397
416.413,-416
416.438,-464
416.463,-514
416.488,-549
416.513,-568
416.538,-584
416.563,-601
416.588,-598
416.613,-547
416.638,-427
416.663,-251
416.688,-54
416.713,130
416.738,291
416.763,446
416.788,612
416.813,788
416.838,957
416.863,1107
416.888,1245
416.913,1391
416.938,1548
416.963,1689
416.988,1776
417.013,1793
417.038,1757
417.063,1698
417.088,1637
417.113,1575
417.138,1506
417.163,1426
417.188,1326
417.213,1189
417.238,995
417.263,750
417.288,502
417.313,314
417.338,220
417.363,199
417.388,192
417.413,151
417.438,69
417.463,-27
417.488,-113
417.513,-190
417.538,-284
417.563,-416
417.588,-586
417.613,-765
417.638,-919
417.663,-1028
417.688,-1100
417.713,-1158
417.738,-1219
417.763,-1278
417.788,-1317
417.813,-1320
417.838,-1288
417.863,-1228
417.888,-1136
417.913,-999
417.938,-809
417.963,-581
417.988,-340
418.013,-107
418.038,116
418.063,333
418.088,534
418.113,700
418.138,833
418.163,951
418.188,1076
418.213,1197
418.238,1281
418.263,1307
418.288,1294
418.313,1275
418.338,1261
418.363,1224
418.388,1137
418.413,1008
418.438,881
418.463,786
418.488,706
418.513,598
418.538,445
418.563,273
418.588,118
418.613,-12
418.638,-139
418.663,-259
418.688,-332
418.713,-315
418.738,-214
418.763,-90
418.788,2
418.813,67
418.838,149
418.863,272
418.888,406
418.913,493
418.938,513
418.963,502
418.988,504
419.013,530
419.038,551
419.063,545
419.088,519
419.113,495
419.138,477
419.163,445
419.188,390
419.213,321
419.238,253
419.263,183
419.288,91
419.313,-15
419.338,-95
419.363,-94
419.388,-3
419.413,129
419.438,245
419.463,322
419.488,381
419.513,447
419.538,515
419.563,552
419.588,543
419.613,505
419.638,467
419.663,440
419.688,411
419.713,369
419.738,318
419.763,270
419.788,224
419.813,166
419.838,90
419.863,6
419.888,-75
419.913,-160
419.938,-260
419.963,-364
419.988,-424
420.013,-395
420.038,-274
420.063,-110
420.088,35
420.113,144
420.138,242
420.163,358
420.188,483
420.213,574
420.238,606
420.263,590
420.288,561
420.313,538
420.338,515
420.363,476
420.388,422
420.413,366
420.438,315
420.463,263
420.488,199
420.513,123
420.538,40
420.563,-51
420.588,-158
420.613,-265
420.638,-332
420.663,-317
420.688,-213
420.713,-62
420.738,78
420.763,184
420.788,273
420.813,372
420.838,477
420.863,558
420.888,588
420.913,574
420.938,546
420.963,527
420.988,512
421.013,487
421.038,444
421.063,391
421.088,334
421.113,272
421.138,202
421.163,126
421.188,50
421.213,-29
421.238,-124
421.263,-235
421.288,-335
421.313,-377
421.338,-333
421.363,-219
421.388,-83
421.413,32
421.438,125
421.463,220
421.488,331
421.513,442
421.538,515
421.563,531
421.588,505
421.613,467
421.638,440
421.663,421
421.688,397
421.713,359
421.738,311
421.763,257
421.788,198
421.813,131
421.838,59
421.863,-8
421.888,-71
421.913,-141
421.938,-230
421.963,-331
421.988,-410
422.013,-426
422.038,-362
422.063,-236
422.088,-92
422.113,36
422.138,143
422.163,244
422.188,351
422.213,458
422.238,542
422.263,589
422.288,604
422.313,608
422.338,621
422.363,644
422.388,667
422.413,677
422.438,669
422.463,647
422.488,617
422.513,578
422.538,530
422.563,475
422.588,414
422.613,342
422.638,254
422.663,151
422.688,60
422.713,18
422.738,49
422.763,143
422.788,260
422.813,362
422.838,439
422.863,506
422.888,574
422.913,632
422.938,655
422.963,630
422.988,575
423.013,522
423.038,487
423.063,463
423.088,427
423.113,366
423.138,289
423.163,211
423.188,138
423.213,65
423.238,-17
423.263,-110
423.288,-209
423.313,-310
423.338,-406
423.363,-480
423.388,-508
423.413,-472
423.438,-381
423.463,-266
423.488,-158
423.513,-68
423.538,16
423.563,111
423.588,206
423.613,277
423.638,301
423.663,283
423.688,249
423.713,224
423.738,206
423.763,178
423.788,128
423.813,65
423.838,13
423.863,-8
423.888,-3
423.913,6
423.938,-3
423.963,-40
423.988,-83
424.013,-95
424.038,-47
424.063,60
424.088,195
424.113,321
424.138,424
424.163,519
424.188,628
424.213,752
424.238,861
424.263,924
424.288,931
424.313,901
424.338,861
424.363,820
424.388,774
424.413,719
424.438,656
424.463,586
424.488,505
424.513,412
424.538,316
424.563,231
424.588,160
424.613,93
424.638,20
424.663,-41
424.688,-58
424.713,-7
424.738,91
424.763,186
424.788,226
424.813,186
424.838,61
424.863,-141
424.888,-392
424.913,-630
424.938,-772
424.963,-771
424.988,-646
425.013,-470
425.038,-306
425.063,-163
425.088,-16
425.113,141
425.138,271
425.163,329
425.188,311
425.213,256
425.238,210
425.263,187
425.288,180
425.313,192
425.338,254
425.363,393
425.388,600
425.413,828
425.438,1036
425.463,1210
425.488,1359
425.513,1483
425.538,1555
425.563,1542
425.588,1431
425.613,1235
425.638,983
425.663,712
425.688,449
425.713,210
425.738,0
425.763,-184
425.788,-337
425.813,-447
425.838,-504
425.863,-526
425.888,-558
425.913,-636
425.938,-754
425.963,-860
425.988,-902
426.013,-864
426.038,-777
426.063,-680
426.088,-578
426.113,-449
426.138,-274
426.163,-70
426.188,117
426.213,255
426.238,337
426.263,385
426.288,418
426.313,442
426.338,450
426.363,441
426.388,423
426.413,405
426.438,392
426.463,376
426.488,350
426.513,312
426.538,264
426.563,211
426.588,159
426.613,121
426.638,115
426.663,159
426.688,258
426.713,393
426.738,538
426.763,673
426.788,793
426.813,903
426.838,999
426.863,1064
426.888,1081
426.913,1050
426.938,987
426.963,910
426.988,830
427.013,746
427.038,654
427.063,550
427.088,432
427.113,297
427.138,154
427.163,17
427.188,-93
427.213,-170
427.238,-222
427.263,-257
427.288,-267
427.313,-229
427.338,-133
427.363,5
427.388,151
427.413,279
427.438,391
427.463,501
427.488,608
427.513,680
427.538,677
427.563,587
427.588,439
427.613,287
427.638,170
427.663,96
427.688,42
427.713,-14
427.738,-79
427.763,-143
427.788,-197
427.813,-253
427.838,-339
427.863,-471
427.888,-626
427.913,-752
427.938,-802
427.963,-769
427.988,-688
428.013,-600
428.038,-521
428.063,-435
428.088,-328
428.113,-207
428.138,-100
428.163,-23
428.188,35
428.213,98
428.238,176
428.263,256
428.288,320
428.313,364
428.338,402
428.363,453
428.388,523
428.413,599
428.438,664
428.463,705
428.488,726
428.513,747
428.538,800
428.563,911
428.588,1080
428.613,1278
428.638,1459
428.663,1585
428.688,1646
428.713,1666
428.738,1683
428.763,1724
428.788,1792
428.813,1861
428.838,1893
428.863,1850
428.888,1709
428.913,1464
428.938,1115
428.963,678
428.988,190
429.013,-288
429.038,-688
429.063,-966
429.088,-1121
429.113,-1195
429.138,-1229
429.163,-1241
429.188,-1224
429.213,-1170
429.238,-1090
429.263,-1015
429.288,-965
429.313,-936
429.338,-908
429.363,-876
429.388,-856
429.413,-878
429.438,-949
429.463,-1039
429.488,-1106
429.513,-1133
429.538,-1143
429.563,-1172
429.588,-1228
429.613,-1276
429.638,-1274
429.663,-1212
429.688,-1115
429.713,-998
429.738,-841
429.763,-613
429.788,-322
429.813,-33
429.838,188
429.863,343
429.888,494
429.913,701
429.938,946
429.963,1149
429.988,1247
430.013,1261
430.038,1268
430.063,1325
430.088,1421
430.113,1510
430.138,1571
430.163,1616
430.188,1656
430.213,1673
430.238,1639
430.263,1567
430.288,1513
430.313,1529
430.338,1611
430.363,1702
430.388,1748
430.413,1749
430.438,1757
430.463,1823
430.488,1955
430.513,2099
430.538,2178
430.563,2127
430.588,1936
430.613,1640
430.638,1298
430.663,957
430.688,637
430.713,352
430.738,122
430.763,-30
430.788,-110
430.813,-160
430.838,-231
430.863,-344
430.888,-474
430.913,-591
430.938,-685
430.963,-770
430.988,-838
431.013,-854
431.038,-791
431.063,-677
431.088,-587
431.113,-582
431.138,-654
431.163,-745
431.188,-806
431.213,-842
431.238,-881
431.263,-933
431.288,-971
431.313,-964
431.338,-911
431.363,-831
431.388,-738
431.413,-634
431.438,-521
431.463,-420
431.488,-356
431.513,-335
431.538,-344
431.563,-367
431.588,-403
431.613,-448
431.638,-467
431.663,-416
431.688,-275
431.713,-76
431.738,118
431.763,271
431.788,393
431.813,519
431.838,663
431.863,799
431.888,893
431.913,931
431.938,931
431.963,921
431.988,920
432.013,926
432.038,928
432.063,910
432.088,861
432.113,778
432.138,677
432.163,577
432.188,492
432.213,422
432.238,367
432.263,341
432.288,363
432.313,439
432.338,541
432.363,626
432.388,666
432.413,669
432.438,664
432.463,669
432.488,675
432.513,661
432.538,619
432.563,563
432.588,514
432.613,479
432.638,440
432.663,377
432.688,287
432.713,188
432.738,107
432.763,53
432.788,12
432.813,-35
432.838,-93
432.863,-142
432.888,-152
432.913,-114
432.938,-49
432.963,11
432.988,51
433.013,81
433.038,117
433.063,159
433.088,188
433.113,191
433.138,181
433.163,193
433.188,254
433.213,353
433.238,448
433.263,499
433.288,494
433.313,455
433.338,409
433.363,365
433.388,310
433.413,231
433.438,134
433.463,48
433.488,10
433.513,43
433.538,134
433.563,248
433.588,343
433.613,402
433.638,433
433.663,459
433.688,489
433.713,512
433.738,508
433.763,474
433.788,430
433.813,397
433.838,381
433.863,364
433.888,329
433.913,279
433.938,233
433.963,199
433.988,168
434.013,120
434.038,55
434.063,5
434.088,11
434.113,89
434.138,217
434.163,350
434.188,455
434.213,525
434.238,569
434.263,596
434.288,601
434.313,577
434.338,528
434.363,468
434.388,417
434.413,382
434.438,352
434.463,311
434.488,251
434.513,179
434.538,116
434.563,69
434.588,30
434.613,-23
434.638,-101
434.663,-178
434.688,-208
434.713,-158
434.738,-44
434.763,81
434.788,167
434.813,200
434.838,204
434.863,210
434.888,226
434.913,230
434.938,208
434.963,167
434.988,137
435.013,135
435.038,149
435.063,149
435.088,118
435.113,71
435.138,40
435.163,43
435.188,63
435.213,67
435.238,39
435.263,6
435.288,19
435.313,112
435.338,265
435.363,422
435.388,528
435.413,573
435.438,584
435.463,590
435.488,591
435.513,567
435.538,511
435.563,444
435.588,399
435.613,381
435.638,365
435.663,318
435.688,237
435.713,153
435.738,94
435.763,54
435.788,0
435.813,-89
435.838,-193
435.863,-253
435.888,-224
435.913,-108
435.938,42
435.963,177
435.988,271
436.013,337
436.038,393
436.063,438
436.088,454
436.113,438
436.138,407
436.163,397
436.188,427
436.213,485
436.238,537
436.263,559
436.288,549
436.313,526
436.338,503
436.363,476
436.388,430
436.413,352
436.438,251
436.463,156
436.488,96
436.513,88
436.538,128
436.563,198
436.588,277
436.613,350
436.638,417
436.663,478
436.688,530
436.713,564
436.738,577
436.763,570
436.788,557
436.813,544
436.838,531
436.863,507
436.888,470
436.913,430
436.938,409
436.963,419
436.988,450
437.013,466
437.038,433
437.063,340
437.088,217
437.113,117
437.138,82
437.163,114
437.188,179
437.213,232
437.238,247
437.263,227
437.288,182
437.313,120
437.338,45
437.363,-30
437.388,-95
437.413,-139
437.438,-169
437.463,-192
437.488,-205
437.513,-198
437.538,-176
437.563,-167
437.588,-199
437.613,-271
437.638,-348
437.663,-399
437.688,-425
437.713,-452
437.738,-485
437.763,-480
437.788,-381
437.813,-175
437.838,86
437.863,332
437.888,534
437.913,713
437.938,895
437.963,1066
437.988,1188
438.013,1242
438.038,1244
438.063,1219
438.088,1159
438.113,1040
438.138,874
438.163,715
438.188,620
438.213,579
438.238,522
438.263,394
438.288,220
438.313,87
438.338,50
438.363,78
438.388,85
438.413,23
438.438,-70
438.463,-115
438.488,-67
438.513,48
438.538,183
438.563,310
438.588,426
438.613,527
438.638,589
438.663,585
438.688,520
438.713,421
438.738,309
438.763,180
438.788,34
438.813,-104
438.838,-191
438.863,-206
438.888,-176
438.913,-156
438.938,-173
438.963,-209
438.988,-225
439.013,-210
439.038,-179
439.063,-154
439.088,-123
439.113,-61
439.138,47
439.163,182
439.188,307
439.213,399
439.238,458
439.263,498
439.288,525
439.313,538
439.338,532
439.363,505
439.388,459
439.413,400
439.438,339
439.463,287
439.488,247
439.513,212
439.538,174
439.563,137
439.588,111
439.613,94
439.638,59
439.663,-19
439.688,-126
439.713,-203
439.738,-183
439.763,-54
439.788,130
439.813,297
439.838,411
439.863,486
439.888,556
439.913,630
439.938,679
439.963,673
439.988,609
440.013,520
440.038,446
440.063,410
440.088,408
440.113,417
440.138,414
440.163,389
440.188,345
440.213,288
440.238,213
440.263,108
440.288,-27
440.313,-167
440.338,-257
440.363,-252
440.388,-151
440.413,0
440.438,147
440.463,259
440.488,345
440.513,426
440.538,504
440.563,565
440.588,594
440.613,594
440.638,579
440.663,565
440.688,551
440.713,527
440.738,480
440.763,412
440.788,334
440.813,259
440.838,188
440.863,109
440.888,5
440.913,-115
440.938,-214
440.963,-238
440.988,-162
441.013,-14
441.038,143
441.063,262
441.088,336
441.113,393
441.138,456
441.163,512
441.188,533
441.213,505
441.238,446
441.263,390
441.288,357
441.313,335
441.338,297
441.363,232
441.388,153
441.413,83
441.438,29
441.463,-23
441.488,-100
441.513,-205
441.538,-307
441.563,-354
441.588,-309
441.613,-178
441.638,-9
441.663,139
441.688,232
441.713,278
441.738,308
441.763,346
441.788,392
441.813,425
441.838,424
441.863,395
441.888,362
441.913,347
441.938,347
441.963,336
441.988,291
442.013,216
442.038,139
442.063,75
442.088,9
442.113,-91
442.138,-227
442.163,-340
442.188,-349
442.213,-218
442.238,10
442.263,250
442.288,437
442.313,570
442.338,682
442.363,787
442.388,858
442.413,860
442.438,793
442.463,691
442.488,597
442.513,526
442.538,470
442.563,414
442.588,350
442.613,273
442.638,181
442.663,81
442.688,-12
442.713,-93
442.738,-173
442.763,-271
442.788,-387
442.813,-479
442.838,-486
442.863,-382
442.888,-198
442.913,3
442.938,177
442.963,321
442.988,453
443.013,575
443.038,669
443.063,713
443.088,709
443.113,673
443.138,625
443.163,575
443.188,526
443.213,479
443.238,434
443.263,385
443.288,321
443.313,243
443.338,156
443.363,63
443.388,-44
443.413,-167
443.438,-279
443.463,-326
443.488,-266
443.513,-109
443.538,83
443.563,241
443.588,333
443.613,374
443.638,396
443.663,412
443.688,414
443.713,393
443.738,354
443.763,315
443.788,287
443.813,269
443.838,251
443.863,222
443.888,178
443.913,119
443.938,52
443.963,-12
443.988,-75
444.013,-148
444.038,-240
444.063,-336
444.088,-390
444.113,-350
444.138,-203
444.163,6
444.188,212
444.213,370
444.238,482
444.263,576
444.288,662
444.313,719
444.338,727
444.363,691
444.388,641
444.413,603
444.438,578
444.463,549
444.488,506
444.513,455
444.538,399
444.563,333
444.588,250
444.613,151
444.638,56
444.663,-28
444.688,-119
444.713,-235
444.738,-367
444.763,-465
444.788,-468
444.813,-356
444.838,-169
444.863,26
444.888,187
444.913,311
444.938,423
444.963,533
444.988,628
445.013,684
445.038,693
445.063,671
445.088,646
445.113,632
445.138,624
445.163,608
445.188,573
445.213,522
445.238,467
445.263,412
445.288,349
445.313,269
445.338,172
445.363,71
445.388,-25
445.413,-128
445.438,-254
445.463,-395
445.488,-508
445.513,-531
445.538,-434
445.563,-249
445.588,-45
445.613,121
445.638,246
445.663,356
445.688,469
445.713,573
445.738,638
445.763,654
445.788,639
445.813,619
445.838,608
445.863,600
445.888,585
445.913,559
445.938,525
445.963,479
445.988,421
446.013,351
446.038,277
446.063,198
446.088,110
446.113,14
446.138,-78
446.163,-159
446.188,-235
446.213,-326
446.238,-436
446.263,-529
446.288,-543
446.313,-440
446.338,-246
446.363,-29
446.388,148
446.413,278
446.438,389
446.463,506
446.488,615
446.513,685
446.538,704
446.563,692
446.588,678
446.613,676
446.638,678
446.663,669
446.688,645
446.713,610
446.738,564
446.763,504
446.788,433
446.813,357
446.838,280
446.863,198
446.888,103
446.913,-1
446.938,-100
446.963,-187
446.988,-274
447.013,-382
447.038,-503
447.063,-590
447.088,-583
447.113,-458
447.138,-254
447.163,-45
447.188,119
447.213,240
447.238,350
447.263,463
447.288,563
447.313,618
447.338,621
447.363,599
447.388,582
447.413,583
447.438,590
447.463,588
447.488,575
447.513,556
447.538,532
447.563,497
447.588,445
447.613,382
447.638,315
447.663,245
447.688,166
447.713,76
447.738,-15
447.763,-96
447.788,-173
447.813,-263
447.838,-375
447.863,-482
447.888,-524
447.913,-455
447.938,-281
447.963,-59
447.988,144
448.013,299
448.038,420
448.063,536
448.088,653
448.113,749
448.138,799
448.163,802
448.188,783
448.213,774
448.238,784
448.263,796
448.288,788
448.313,748
448.338,679
448.363,593
448.388,498
448.413,403
448.438,314
448.463,235
448.488,159
448.513,77
448.538,-13
448.563,-104
448.588,-184
448.613,-256
448.638,-338
448.663,-445
448.688,-554
448.713,-610
448.738,-560
448.763,-400
448.788,-183
448.813,20
448.838,172
448.863,280
448.888,378
448.913,477
448.938,558
448.963,599
448.988,598
449.013,580
449.038,572
449.063,582
449.088,593
449.113,588
449.138,560
449.163,517
449.188,470
449.213,421
449.238,365
449.263,294
449.288,212
449.313,127
449.338,51
449.363,-17
449.388,-94
449.413,-193
449.438,-304
449.463,-384
449.488,-382
449.513,-278
449.538,-98
449.563,92
449.588,247
449.613,354
449.638,439
449.663,518
449.688,583
449.713,611
449.738,595
449.763,559
449.788,532
449.813,529
449.838,532
449.863,518
449.888,479
449.913,429
449.938,378
449.963,322
449.988,251
450.013,165
450.038,76
450.063,0
450.088,-75
450.113,-166
450.138,-280
450.163,-387
450.188,-430
450.213,-370
450.238,-217
450.263,-26
450.288,139
450.313,256
450.338,342
450.363,424
450.388,506
450.413,565
450.438,579
450.463,555
450.488,522
450.513,507
450.538,510
450.563,509
450.588,486
450.613,443
450.638,394
450.663,344
450.688,285
450.713,211
450.738,127
450.763,46
450.788,-33
450.813,-123
450.838,-232
450.863,-337
450.888,-389
450.913,-345
450.938,-208
450.963,-24
450.988,147
451.013,276
451.038,372
451.063,460
451.088,548
451.113,618
451.138,650
451.163,638
451.188,602
451.213,571
451.238,555
451.263,547
451.288,527
451.313,488
451.338,433
451.363,373
451.388,311
451.413,243
451.438,164
451.463,78
451.488,-5
451.513,-85
451.538,-170
451.563,-271
451.588,-376
451.613,-447
451.638,-439
451.663,-336
451.688,-164
451.713,21
451.738,176
451.763,293
451.788,395
451.813,501
451.838,606
451.863,682
451.888,710
451.913,697
451.938,670
451.963,656
451.988,656
452.013,653
452.038,633
452.063,593
452.088,546
452.113,498
452.138,446
452.163,384
452.188,311
452.213,236
452.238,163
452.263,89
452.288,7
452.313,-79
452.338,-159
452.363,-230
452.388,-302
452.413,-394
452.438,-497
452.463,-572
452.488,-566
452.513,-458
452.538,-281
452.563,-94
452.588,59
452.613,180
452.638,292
452.663,411
452.688,527
452.713,614
452.738,659
452.763,670
452.788,669
452.813,670
452.838,675
452.863,679
452.888,675
452.913,660
452.938,630
452.963,588
452.988,538
453.013,485
453.038,430
453.063,369
453.088,300
453.113,228
453.138,157
453.163,88
453.188,14
453.213,-61
453.238,-133
453.263,-200
453.288,-269
453.313,-353
453.338,-445
453.363,-508
453.388,-494
453.413,-388
453.438,-220
453.463,-51
453.488,81
453.513,182
453.538,281
453.563,394
453.588,507
453.613,590
453.638,629
453.663,637
453.688,638
453.713,647
453.738,660
453.763,669
453.788,669
453.813,657
453.838,635
453.863,601
453.888,557
453.913,508
453.938,459
453.963,408
453.988,349
454.013,282
454.038,214
454.063,149
454.088,86
454.113,19
454.138,-49
454.163,-115
454.188,-174
454.213,-235
454.238,-312
454.263,-404
454.288,-479
454.313,-492
454.338,-419
454.363,-277
454.388,-115
454.413,25
454.438,134
454.463,229
454.488,330
454.513,436
454.538,529
454.563,592
454.588,624
454.613,635
454.638,640
454.663,646
454.688,653
454.713,657
454.738,653
454.763,635
454.788,602
454.813,559
454.838,514
454.863,471
454.888,426
454.913,372
454.938,309
454.963,244
454.988,185
455.013,128
455.038,64
455.063,-11
455.088,-91
455.113,-162
455.138,-222
455.163,-285
455.188,-365
455.213,-450
455.238,-500
455.263,-473
455.288,-360
455.313,-198
455.338,-37
455.363,89
455.388,190
455.413,289
455.438,394
455.463,493
455.488,563
455.513,598
455.538,610
455.563,619
455.588,636
455.613,653
455.638,662
455.663,660
455.688,649
455.713,632
455.738,606
455.763,573
455.788,535
455.813,493
455.838,446
455.863,390
455.888,329
455.913,268
455.938,210
455.963,149
455.988,81
456.013,8
456.038,-58
456.063,-116
456.088,-175
456.113,-254
456.138,-351
456.163,-432
456.188,-448
456.213,-375
456.238,-236
456.263,-81
456.288,46
456.313,142
456.338,227
456.363,319
456.388,415
456.413,493
456.438,539
456.463,555
456.488,560
456.513,568
456.538,585
456.563,602
456.588,609
456.613,599
456.638,573
456.663,539
456.688,502
456.713,463
456.738,418
456.763,364
456.788,305
456.813,245
456.838,184
456.863,123
456.888,61
456.913,1
456.938,-55
456.963,-117
456.988,-193
457.013,-277
457.038,-336
457.063,-331
457.088,-243
457.113,-95
457.138,59
457.163,181
457.188,263
457.213,329
457.238,399
457.263,467
457.288,512
457.313,518
457.338,497
457.363,472
457.388,461
457.413,463
457.438,464
457.463,454
457.488,431
457.513,401
457.538,368
457.563,330
457.588,282
457.613,225
457.638,164
457.663,108
457.688,53
457.713,-10
457.738,-90
457.763,-178
457.788,-241
457.813,-242
457.838,-166
457.863,-36
457.888,103
457.913,217
457.938,297
457.963,361
457.988,426
458.013,487
458.038,526
458.063,528
458.088,505
458.113,479
458.138,467
458.163,466
458.188,461
458.213,439
458.238,403
458.263,363
458.288,324
458.313,279
458.338,221
458.363,152
458.388,81
458.413,16
458.438,-51
458.463,-133
458.488,-227
458.513,-302
458.538,-318
458.563,-254
458.588,-125
458.613,23
458.638,151
458.663,245
458.688,320
458.713,395
458.738,470
458.763,531
458.788,560
458.813,556
458.838,535
458.863,516
458.888,505
458.913,497
458.938,480
458.963,448
458.988,407
459.013,362
459.038,314
459.063,259
459.088,194
459.113,125
459.138,60
459.163,-1
459.188,-71
459.213,-158
459.238,-245
459.263,-295
459.288,-271
459.313,-169
459.338,-25
459.363,112
459.388,219
459.413,307
459.438,397
459.463,494
459.488,576
459.513,618
459.538,614
459.563,582
459.588,547
459.613,522
459.638,503
459.663,477
459.688,438
459.713,389
459.738,334
459.763,279
459.788,228
459.813,179
459.838,129
459.863,76
459.888,19
459.913,-41
459.938,-110
459.963,-190
459.988,-274
460.013,-341
460.038,-358
460.063,-304
460.088,-185
460.113,-39
460.138,94
460.163,198
460.188,284
460.213,369
460.238,460
460.263,539
460.288,586
460.313,598
460.338,589
460.363,579
460.388,579
460.413,584
460.438,582
460.463,567
460.488,540
460.513,506
460.538,466
460.563,421
460.588,372
460.613,319
460.638,263
460.663,203
460.688,138
460.713,73
460.738,13
460.763,-42
460.788,-104
460.813,-181
460.838,-268
460.863,-341
460.888,-361
460.913,-310
460.938,-199
460.963,-67
460.988,51
461.013,145
461.038,228
461.063,315
461.088,406
461.113,486
461.138,539
461.163,563
461.188,570
461.213,576
461.238,586
461.263,596
461.288,599
461.313,590
461.338,572
461.363,549
461.388,520
461.413,480
461.438,424
461.463,354
461.488,280
461.513,210
461.538,150
461.563,92
461.588,32
461.613,-29
461.638,-88
461.663,-144
461.688,-204
461.713,-274
461.738,-342
461.763,-380
461.788,-357
461.813,-270
461.838,-145
461.863,-20
461.888,83
461.913,169
461.938,254
461.963,343
461.988,426
462.013,485
462.038,514
462.063,521
462.088,522
462.113,530
462.138,543
462.163,555
462.188,556
462.213,544
462.238,522
462.263,494
462.288,465
462.313,431
462.338,390
462.363,342
462.388,291
462.413,244
462.438,199
462.463,150
462.488,97
462.513,42
462.538,-8
462.563,-58
462.588,-119
462.613,-194
462.638,-263
462.663,-292
462.688,-257
462.713,-164
462.738,-49
462.763,52
462.788,132
462.813,203
462.838,282
462.863,367
462.888,440
462.913,486
462.938,505
462.963,510
462.988,515
463.013,526
463.038,540
463.063,552
463.088,553
463.113,543
463.138,522
463.163,494
463.188,465
463.213,434
463.238,399
463.263,358
463.288,313
463.313,266
463.338,217
463.363,165
463.388,110
463.413,56
463.438,7
463.463,-38
463.488,-95
463.513,-166
463.538,-235
463.563,-265
463.588,-230
463.613,-135
463.638,-14
463.663,90
463.688,161
463.713,213
463.738,268
463.763,334
463.788,396
463.813,435
463.838,446
463.863,444
463.888,446
463.913,457
463.938,470
463.963,475
463.988,469
464.013,457
464.038,441
464.063,418
464.088,387
464.113,349
464.138,308
464.163,265
464.188,217
464.213,165
464.238,113
464.263,68
464.288,28
464.313,-19
464.338,-85
464.363,-157
464.388,-204
464.413,-194
464.438,-120
464.463,-9
464.488,101
464.513,190
464.538,258
464.563,319
464.588,378
464.613,426
464.638,452
464.663,454
464.688,445
464.713,439
464.738,444
464.763,456
464.788,461
464.813,452
464.838,429
464.863,400
464.888,369
464.913,336
464.938,294
464.963,242
464.988,185
465.013,130
465.038,79
465.063,24
465.088,-42
465.113,-113
465.138,-159
465.163,-148
465.188,-72
465.213,43
465.238,158
465.263,244
465.288,301
465.313,349
465.338,400
465.363,446
465.388,469
465.413,461
465.438,438
465.463,419
465.488,416
465.513,420
465.538,415
465.563,396
465.588,365
465.613,329
465.638,290
465.663,242
465.688,186
465.713,128
465.738,74
465.763,21
465.788,-42
465.813,-120
465.838,-198
465.863,-242
465.888,-224
465.913,-142
465.938,-22
465.963,98
465.988,196
466.013,270
466.038,333
466.063,396
466.088,456
466.113,499
466.138,513
466.163,502
466.188,480
466.213,466
466.238,462
466.263,460
466.288,447
466.313,417
466.338,375
466.363,328
466.388,278
466.413,222
466.438,162
466.463,102
466.488,46
466.513,-13
466.538,-87
466.563,-171
466.588,-236
466.613,-246
466.638,-186
466.663,-76
466.688,42
466.713,139
466.738,214
466.763,284
466.788,364
466.813,444
466.838,504
466.863,531
466.888,532
466.913,520
466.938,511
466.963,507
466.988,505
467.013,497
467.038,477
467.063,442
467.088,398
467.113,350
467.138,302
467.163,253
467.188,196
467.213,132
467.238,67
467.263,5
467.288,-57
467.313,-130
467.338,-210
467.363,-273
467.388,-287
467.413,-234
467.438,-128
467.463,-5
467.488,102
467.513,188
467.538,266
467.563,349
467.588,436
467.613,507
467.638,548
467.663,557
467.688,549
467.713,543
467.738,545
467.763,550
467.788,548
467.813,532
467.838,505
467.863,472
467.888,434
467.913,391
467.938,341
467.963,286
467.988,231
468.013,178
468.038,122
468.063,63
468.088,4
468.113,-48
468.138,-95
468.163,-147
468.188,-213
468.213,-282
468.238,-323
468.263,-306
468.288,-223
468.313,-103
468.338,16
468.363,114
468.388,193
468.413,274
468.438,364
468.463,453
468.488,518
468.513,551
468.538,560
468.563,560
468.588,564
468.613,571
468.638,577
468.663,573
468.688,559
468.713,533
468.738,500
468.763,461
468.788,419
468.813,374
468.838,328
468.863,280
468.888,234
468.913,189
468.938,144
468.963,96
468.988,46
469.013,-2
469.038,-49
469.063,-101
469.088,-161
469.113,-225
469.138,-272
469.163,-276
469.188,-226
469.213,-134
469.238,-31
469.263,56
469.288,126
469.313,190
469.338,262
469.363,339
469.388,407
469.413,451
469.438,472
469.463,481
469.488,489
469.513,500
469.538,512
469.563,517
469.588,512
469.613,499
469.638,479
469.663,457
469.688,432
469.713,402
469.738,365
469.763,322
469.788,277
469.813,234
469.838,196
469.863,159
469.888,120
469.913,78
469.938,35
469.963,-7
469.988,-57
470.013,-118
470.038,-181
470.063,-223
470.088,-219
470.113,-162
470.138,-70
470.163,27
470.188,111
470.213,181
470.238,252
470.263,330
470.288,407
470.313,464
470.338,495
470.363,503
470.388,504
470.413,508
470.438,515
470.463,520
470.488,515
470.513,501
470.538,480
470.563,458
470.588,434
470.613,408
470.638,376
470.663,338
470.688,298
470.713,259
470.738,221
470.763,181
470.788,136
470.813,88
470.838,43
470.863,1
470.888,-44
470.913,-97
470.938,-147
470.963,-170
470.988,-147
471.013,-78
471.038,10
471.063,90
471.088,149
471.113,197
471.138,249
471.163,305
471.188,353
471.213,380
471.238,388
471.263,390
471.288,396
471.313,407
471.338,419
471.363,425
471.388,423
471.413,412
471.438,392
471.463,364
471.488,332
471.513,299
471.538,264
471.563,222
471.588,175
471.613,130
471.638,87
471.663,41
471.688,-15
471.713,-74
471.738,-110
471.763,-96
471.788,-27
471.813,68
471.838,157
471.863,222
471.888,272
471.913,322
471.938,375
471.963,419
471.988,440
472.013,438
472.038,428
472.063,423
472.088,425
472.113,429
472.138,425
472.163,409
472.188,383
472.213,351
472.238,316
472.263,281
472.288,242
472.313,199
472.338,151
472.363,102
472.388,55
472.413,3
472.438,-56
472.463,-120
472.488,-163
472.513,-156
472.538,-91
472.563,9
472.588,110
472.613,187
472.638,242
472.663,296
472.688,360
472.713,425
472.738,471
472.763,488
472.788,484
472.813,475
472.838,469
472.863,468
472.888,466
472.913,457
472.938,440
472.963,415
472.988,382
473.013,342
473.038,299
473.063,250
473.088,198
473.113,144
473.138,92
473.163,42
473.188,-12
473.213,-80
473.238,-158
473.263,-221
473.288,-240
473.313,-198
473.338,-107
473.363,0
473.388,91
473.413,164
473.438,231
473.463,306
473.488,387
473.513,456
473.538,498
473.563,512
473.588,511
473.613,509
473.638,510
473.663,510
473.688,506
473.713,493
473.738,472
473.763,443
473.788,405
473.813,362
473.838,314
473.863,264
473.888,210
473.913,152
473.938,92
473.963,37
473.988,-13
474.013,-68
474.038,-137
474.063,-216
474.088,-278
474.113,-291
474.138,-239
474.163,-138
474.188,-22
474.213,79
474.238,160
474.263,235
474.288,318
474.313,406
474.338,483
474.363,535
474.388,559
474.413,566
474.438,567
474.463,568
474.488,570
474.513,569
474.538,560
474.563,540
474.588,509
474.613,471
474.638,430
474.663,389
474.688,346
474.713,299
474.738,246
474.763,189
474.788,130
474.813,71
474.838,16
474.863,-34
474.888,-83
474.913,-140
474.938,-211
474.963,-290
474.988,-349
475.013,-355
475.038,-295
475.063,-185
475.088,-62
475.113,42
475.138,127
475.163,207
475.188,296
475.213,390
475.238,472
475.263,525
475.288,550
475.313,559
475.338,564
475.363,571
475.388,581
475.413,588
475.438,585
475.463,571
475.488,544
475.513,511
475.538,476
475.563,439
475.588,397
475.613,347
475.638,292
475.663,240
475.688,192
475.713,141
475.738,84
475.763,23
475.788,-33
475.813,-83
475.838,-136
475.863,-202
475.888,-276
475.913,-329
475.938,-326
475.963,-257
475.988,-142
476.013,-20
476.038,80
476.063,157
476.088,227
476.113,304
476.138,386
476.163,456
476.188,501
476.213,521
476.238,524
476.263,524
476.288,527
476.313,534
476.338,537
476.363,532
476.388,516
476.413,494
476.438,465
476.463,431
476.488,392
476.513,348
476.538,303
476.563,258
476.588,212
476.613,162
476.638,113
476.663,67
476.688,26
476.713,-21
476.738,-82
476.763,-155
476.788,-215
476.813,-230
476.838,-185
476.863,-93
476.888,12
476.913,101
476.938,168
476.963,224
476.988,285
477.013,352
477.038,411
477.063,449
477.088,464
477.113,466
477.138,467
477.163,472
477.188,476
477.213,474
477.238,463
477.263,444
477.288,422
477.313,396
477.338,364
477.363,328
477.388,288
477.413,245
477.438,202
477.463,159
477.488,119
477.513,81
477.538,39
477.563,-16
477.588,-83
477.613,-143
477.638,-167
477.663,-137
477.688,-58
477.713,38
477.738,125
477.763,191
477.788,243
477.813,296
477.838,349
477.863,391
477.888,410
477.913,411
477.938,405
477.963,404
477.988,410
478.013,417
478.038,418
478.063,407
478.088,387
478.113,360
478.138,330
478.163,297
478.188,259
478.213,217
478.238,174
478.263,133
478.288,92
478.313,46
478.338,-9
478.363,-65
478.388,-96
478.413,-79
478.438,-11
478.463,84
478.488,173
478.513,239
478.538,285
478.563,330
478.588,379
478.613,421
478.638,440
478.663,435
478.688,419
478.713,409
478.738,409
478.763,409
478.788,400
478.813,379
478.838,353
478.863,325
478.888,294
478.913,253
478.938,204
478.963,153
478.988,106
479.013,61
479.038,8
479.063,-56
479.088,-120
479.113,-156
479.138,-138
479.163,-65
479.188,34
479.213,128
479.238,198
479.263,250
479.288,303
479.313,364
479.338,422
479.363,459
479.388,465
479.413,452
479.438,437
479.463,432
479.488,431
479.513,425
479.538,407
479.563,379
479.588,347
479.613,314
479.638,274
479.663,226
479.688,173
479.713,121
479.738,72
479.763,21
479.788,-42
479.813,-112
479.838,-168
479.863,-181
479.888,-137
479.913,-47
479.938,56
479.963,146
479.988,216
480.013,279
480.038,348
480.063,419
480.088,478
480.113,509
480.138,514
480.163,505
480.188,498
480.213,496
480.238,495
480.263,487
480.288,470
480.313,442
480.338,406
480.363,363
480.388,317
480.413,270
480.438,221
480.463,166
480.488,108
480.513,51
480.538,-1
480.563,-54
480.588,-117
480.613,-190
480.638,-256
480.663,-283
480.688,-250
480.713,-163
480.738,-51
480.763,52
480.788,138
480.813,213
480.838,293
480.863,382
480.888,464
480.913,522
480.938,549
480.963,555
480.988,556
481.013,562
481.038,570
481.063,573
481.088,562
481.113,539
481.138,508
481.163,476
481.188,446
481.213,412
481.238,370
481.263,318
481.288,263
481.313,209
481.338,159
481.363,109
481.388,54
481.413,-2
481.438,-56
481.463,-107
481.488,-163
481.513,-230
481.538,-297
481.563,-338
481.588,-324
481.613,-248
481.638,-135
481.663,-21
481.688,70
481.713,145
481.738,224
481.763,314
481.788,404
481.813,473
481.838,514
481.863,533
481.888,545
481.913,559
481.938,573
481.963,580
481.988,578
482.013,569
482.038,551
482.063,525
482.088,494
482.113,463
482.138,433
482.163,397
482.188,352
482.213,299
482.238,247
482.263,200
482.288,157
482.313,109
482.338,52
482.363,-4
482.388,-54
482.413,-102
482.438,-160
482.463,-230
482.488,-288
482.513,-300
482.538,-245
482.563,-140
482.588,-24
482.613,72
482.638,146
482.663,215
482.688,294
482.713,380
482.738,454
482.763,500
482.788,521
482.813,528
482.838,535
482.863,545
482.888,556
482.913,562
482.938,558
482.963,543
482.988,517
483.013,482
483.038,443
483.063,400
483.088,353
483.113,303
483.138,251
483.163,201
483.188,153
483.213,105
483.238,59
483.263,14
483.288,-29
483.313,-77
483.338,-136
483.363,-199
483.388,-243
483.413,-240
483.438,-178
483.463,-77
483.488,28
483.513,111
483.538,171
483.563,225
483.588,288
483.613,351
483.638,396
483.663,414
483.688,413
483.713,414
483.738,426
483.763,442
483.788,450
483.813,445
483.838,432
483.863,418
483.888,402
483.913,380
483.938,349
483.963,311
483.988,271
484.013,232
484.038,195
484.063,158
484.088,116
484.113,66
484.138,5
484.163,-53
484.188,-87
484.213,-72
484.238,-8
484.263,84
484.288,174
484.313,240
484.338,288
484.363,332
484.388,379
484.413,421
484.438,443
484.463,442
484.488,428
484.513,416
484.538,413
484.563,413
484.588,407
484.613,390
484.638,364
484.663,334
484.688,301
484.713,262
484.738,218
484.763,170
484.788,122
484.813,74
484.838,21
484.863,-40
484.888,-105
484.913,-153
484.938,-158
484.963,-111
484.988,-23
485.013,78
485.038,166
485.063,232
485.088,287
485.113,344
485.138,401
485.163,445
485.188,462
485.213,455
485.238,438
485.263,429
485.288,428
485.313,427
485.338,414
485.363,387
485.388,355
485.413,321
485.438,283
485.463,235
485.488,178
485.513,120
485.538,67
485.563,15
485.588,-45
485.613,-116
485.638,-176
485.663,-196
485.688,-155
485.713,-62
485.738,48
485.763,145
485.788,218
485.813,279
485.838,344
485.863,413
485.888,471
485.913,503
485.938,505
485.963,492
485.988,478
486.013,471
486.038,466
486.063,456
486.088,435
486.113,404
486.138,366
486.163,322
486.188,271
486.213,212
486.238,152
486.263,94
486.288,39
486.313,-20
486.338,-92
486.363,-168
486.388,-222
486.413,-222
486.438,-158
486.463,-47
486.488,68
486.513,160
486.538,228
486.563,291
486.588,365
486.613,442
486.638,502
486.663,529
486.688,528
486.713,519
486.738,513
486.763,511
486.788,503
486.813,487
486.838,462
486.863,432
486.888,399
486.913,359
486.938,311
486.963,258
486.988,201
487.013,143
487.038,85
487.063,29
487.088,-27
487.113,-91
487.138,-163
487.163,-229
487.188,-262
487.213,-235
487.238,-150
487.263,-35
487.288,73
487.313,157
487.338,224
487.363,294
487.388,374
487.413,449
487.438,499
487.463,515
487.488,510
487.513,502
487.538,502
487.563,506
487.588,506
487.613,494
487.638,470
487.663,438
487.688,402
487.713,365
487.738,324
487.763,278
487.788,223
487.813,163
487.838,103
487.863,51
487.888,4
487.913,-47
487.938,-110
487.963,-179
487.988,-231
488.013,-241
488.038,-199
488.063,-114
488.088,-12
488.113,83
488.138,166
488.163,240
488.188,314
488.213,387
488.238,451
488.263,494
488.288,512
488.313,511
488.338,505
488.363,502
488.388,503
488.413,502
488.438,490
488.463,467
488.488,436
488.513,401
488.538,364
488.563,325
488.588,281
488.613,232
488.638,180
488.663,125
488.688,73
488.713,27
488.738,-17
488.763,-68
488.788,-129
488.813,-192
488.838,-232
488.863,-224
488.888,-159
488.913,-57
488.938,47
488.963,133
488.988,201
489.013,267
489.038,341
489.063,417
489.088,475
489.113,502
489.138,503
489.163,497
489.188,499
489.213,510
489.238,521
489.263,521
489.288,508
489.313,489
489.338,465
489.363,437
489.388,402
489.413,358
489.438,311
489.463,265
489.488,222
489.513,179
489.538,134
489.563,88
489.588,42
489.613,-4
489.638,-57
489.663,-119
489.688,-180
489.713,-220
489.738,-218
489.763,-166
489.788,-77
489.813,21
489.838,108
489.863,177
489.888,235
489.913,295
489.938,354
489.963,402
489.988,430
490.013,438
490.038,440
490.063,448
490.088,462
490.113,472
490.138,470
490.163,456
490.188,437
490.213,419
490.238,398
490.263,369
490.288,332
490.313,292
490.338,255
490.363,219
490.388,180
490.413,138
490.438,96
490.463,54
490.488,8
490.513,-43
490.538,-88
490.563,-103
490.588,-72
490.613,0
490.638,92
490.663,173
490.688,233
490.713,280
490.738,323
490.763,365
490.788,393
490.813,402
490.838,396
490.863,388
490.888,390
490.913,399
490.938,406
490.963,400
490.988,381
491.013,356
491.038,329
491.063,300
491.088,264
491.113,221
491.138,175
491.163,133
491.188,97
491.213,54
491.238,0
491.263,-62
491.288,-105
491.313,-102
491.338,-44
491.363,47
491.388,137
491.413,204
491.438,252
491.463,297
491.488,352
491.513,404
491.538,436
491.563,437
491.588,419
491.613,403
491.638,402
491.663,412
491.688,418
491.713,408
491.738,381
491.763,346
491.788,311
491.813,275
491.838,235
491.863,189
491.888,139
491.913,89
491.938,37
491.963,-23
491.988,-91
492.013,-150
492.038,-172
492.063,-138
492.088,-55
492.113,46
492.138,135
492.163,201
492.188,256
492.213,316
492.238,383
492.263,441
492.288,472
492.313,474
492.338,463
492.363,456
492.388,457
492.413,458
492.438,448
492.463,426
492.488,396
492.513,363
492.538,329
492.563,288
492.588,237
492.613,179
492.638,123
492.663,71
492.688,20
492.713,-39
492.738,-110
492.763,-175
492.788,-204
492.813,-174
492.838,-87
492.863,24
492.888,125
492.913,201
492.938,262
492.963,327
492.988,401
493.013,468
493.038,511
493.063,524
493.088,520
493.113,515
493.138,515
493.163,513
493.188,504
493.213,484
493.238,455
493.263,421
493.288,382
493.313,338
493.338,291
493.363,240
493.388,185
493.413,128
493.438,73
493.463,21
493.488,-32
493.513,-98
493.538,-174
493.563,-240
493.588,-262
493.613,-222
493.638,-128
493.663,-15
493.688,86
493.713,166
493.738,239
493.763,317
493.788,399
493.813,472
493.838,518
493.863,537
493.888,538
493.913,536
493.938,539
493.963,543
493.988,540
494.013,526
494.038,500
494.063,467
494.088,431
494.113,394
494.138,351
494.163,302
494.188,247
494.213,192
494.238,139
494.263,87
494.288,33
494.313,-20
494.338,-72
494.363,-125
494.388,-186
494.413,-252
494.438,-304
494.463,-313
494.488,-260
494.513,-157
494.538,-38
494.563,65
494.588,148
494.613,223
494.638,305
494.663,389
494.688,459
494.713,503
494.738,523
494.763,533
494.788,542
494.813,550
494.838,554
494.863,552
494.888,543
494.913,529
494.938,508
494.963,479
494.988,444
495.013,403
495.038,359
495.063,313
495.088,266
495.113,220
495.138,171
495.163,120
495.188,68
495.213,19
495.238,-25
495.263,-73
495.288,-133
495.313,-202
495.338,-258
495.363,-270
495.388,-221
495.413,-126
495.438,-17
495.463,77
495.488,150
495.513,214
495.538,279
495.563,345
495.588,398
495.613,429
495.638,439
495.663,439
495.688,441
495.713,445
495.738,450
495.763,450
495.788,441
495.813,426
495.838,407
495.863,385
495.888,360
495.913,330
495.938,295
495.963,260
495.988,229
496.013,205
496.038,185
496.063,169
496.088,153
496.113,136
496.138,111
496.163,68
496.188,12
496.213,-40
496.238,-61
496.263,-33
496.288,36
496.313,116
496.338,180
496.363,223
496.388,259
496.413,307
496.438,363
496.463,408
496.488,426
496.513,422
496.538,415
496.563,421
496.588,436
496.613,447
496.638,442
496.663,423
496.688,401
496.713,381
496.738,361
496.763,335
496.788,302
496.813,267
496.838,233
496.863,200
496.888,167
496.913,133
496.938,97
496.963,56
496.988,9
497.013,-38
497.038,-71
497.063,-68
497.088,-20
497.113,58
497.138,139
497.163,204
497.188,251
497.213,293
497.238,336
497.263,376
497.288,397
497.313,396
497.338,381
497.363,367
497.388,364
497.413,365
497.438,361
497.463,346
497.488,322
497.513,295
497.538,267
497.563,237
497.588,201
497.613,161
497.638,119
497.663,79
497.688,40
497.713,-2
497.738,-55
497.763,-113
497.788,-160
497.813,-172
497.838,-136
497.863,-59
497.888,31
497.913,113
497.938,173
497.963,220
497.988,266
498.013,317
498.038,369
498.063,411
498.088,436
498.113,447
498.138,451
498.163,455
498.188,457
498.213,455
498.238,444
498.263,425
498.288,404
498.313,382
498.338,356
498.363,320
498.388,273
498.413,223
498.438,179
498.463,144
498.488,107
498.513,55
498.538,-8
498.563,-62
498.588,-76
498.613,-35
498.638,48
498.663,143
498.688,223
498.713,281
498.738,329
498.763,379
498.788,428
498.813,464
498.838,477
498.863,470
498.888,457
498.913,449
498.938,447
498.963,442
498.988,430
499.013,409
499.038,382
499.063,350
499.088,314
499.113,273
499.138,232
499.163,196
499.188,162
499.213,125
499.238,83
499.263,37
499.288,-10
499.313,-61
499.338,-122
499.363,-187
499.388,-234
499.413,-234
499.438,-176
499.463,-78
499.488,25
499.513,108
499.538,172
499.563,238
499.588,316
499.613,398
499.638,461
499.663,493
499.688,499
499.713,497
499.738,499
499.763,506
499.788,511
499.813,507
499.838,493
499.863,471
499.888,442
499.913,408
499.938,368
499.963,327
499.988,287
500.013,250
500.038,214
500.063,175
500.088,131
500.113,83
500.138,35
500.163,-5
500.188,-44
500.213,-90
500.238,-148
500.263,-205
500.288,-233
500.313,-206
500.338,-125
500.363,-14
500.388,91
500.413,174
500.438,239
500.463,304
500.488,375
500.513,444
500.538,495
500.563,521
500.588,527
500.613,527
500.638,531
500.663,542
500.688,553
500.713,555
500.738,543
500.763,521
500.788,496
500.813,472
500.838,442
500.863,400
500.888,343
500.913,283
500.938,231
500.963,190
500.988,151
501.013,109
501.038,62
501.063,14
501.088,-36
501.113,-95
501.138,-160
501.163,-210
501.188,-216
501.213,-165
501.238,-79
501.263,7
501.288,71
501.313,117
501.338,168
501.363,232
501.388,295
501.413,338
501.438,356
501.463,359
501.488,362
501.513,369
501.538,377
501.563,382
501.588,385
501.613,388
501.638,385
501.663,375
501.688,358
501.713,338
501.738,316
501.763,287
501.788,249
501.813,206
501.838,166
501.863,127
501.888,79
501.913,19
501.938,-36
501.963,-56
501.988,-21
502.013,56
502.038,144
502.063,213
502.088,259
502.113,300
502.138,347
502.163,392
502.188,417
502.213,417
502.238,402
502.263,391
502.288,390
502.313,393
502.338,388
502.363,371
502.388,344
502.413,313
502.438,279
502.463,239
502.488,191
502.513,140
502.538,91
502.563,46
502.588,0
502.613,-55
502.638,-118
502.663,-169
502.688,-182
502.713,-141
502.738,-54
502.763,49
502.788,141
502.813,215
502.838,283
502.863,360
502.888,443
502.913,512
502.938,552
502.963,562
502.988,557
503.013,553
503.038,550
503.063,539
503.088,512
503.113,474
503.138,435
503.163,397
503.188,356
503.213,304
503.238,243
503.263,181
503.288,122
503.313,63
503.338,-2
503.363,-78
503.388,-148
503.413,-185
503.438,-170
503.463,-103
503.488,-7
503.513,86
503.538,162
503.563,221
503.588,277
503.613,335
503.638,388
503.663,425
503.688,437
503.713,432
503.738,420
503.763,411
503.788,406
503.813,398
503.838,384
503.863,361
503.888,332
503.913,299
503.938,262
503.963,221
503.988,173
504.013,122
504.038,75
504.063,39
504.088,9
504.113,-25
504.138,-78
504.163,-147
504.188,-212
504.213,-237
504.238,-201
504.263,-111
504.288,4
504.313,114
504.338,207
504.363,290
504.388,374
504.413,456
504.438,520
504.463,552
504.488,552
504.513,538
504.538,530
504.563,533
504.588,537
504.613,533
504.638,516
504.663,490
504.688,460
504.713,424
504.738,380
504.763,331
504.788,282
504.813,236
504.838,191
504.863,141
504.888,89
504.913,40
504.938,-2
504.963,-45
504.988,-99
505.013,-161
505.038,-209
505.063,-216
505.088,-166
505.113,-72
505.138,31
505.163,121
505.188,190
505.213,251
505.238,317
505.263,386
505.288,442
505.313,472
505.338,477
505.363,471
505.388,469
505.413,474
505.438,480
505.463,476
505.488,460
505.513,438
505.538,419
505.563,402
505.588,381
505.613,353
505.638,316
505.663,274
505.688,230
505.713,183
505.738,133
505.763,85
505.788,44
505.813,5
505.838,-41
505.863,-101
505.888,-165
505.913,-203
505.938,-190
505.963,-124
505.988,-27
506.013,69
506.038,148
506.063,210
506.088,268
506.113,330
506.138,389
506.163,433
506.188,454
506.213,459
506.238,461
506.263,466
506.288,475
506.313,481
506.338,478
506.363,468
506.388,450
506.413,428
506.438,397
506.463,359
506.488,316
506.513,275
506.538,236
506.563,196
506.588,152
506.613,107
506.638,67
506.663,32
506.688,-6
506.713,-57
506.738,-112
506.763,-146
506.788,-131
506.813,-63
506.838,35
506.863,130
506.888,203
506.913,257
506.938,306
506.963,354
506.988,394
507.013,415
507.038,413
507.063,401
507.088,392
507.113,390
507.138,393
507.163,393
507.188,384
507.213,364
507.238,338
507.263,309
507.288,279
507.313,246
507.338,211
507.363,173
507.388,132
507.413,87
507.438,33
507.463,-27
507.488,-80
507.513,-102
507.538,-74
507.563,-1
507.588,91
507.613,174
507.638,232
507.663,273
507.688,315
507.713,361
507.738,400
507.763,417
507.788,408
507.813,388
507.838,375
507.863,376
507.888,381
507.913,376
507.938,357
507.963,329
507.988,300
508.013,268
508.038,227
508.063,177
508.088,126
508.113,83
508.138,41
508.163,-13
508.188,-84
508.213,-147
508.238,-165
508.263,-115
508.288,-16
508.313,92
508.338,179
508.363,244
508.388,308
508.413,379
508.438,448
508.463,493
508.488,510
508.513,512
508.538,513
508.563,514
508.588,509
508.613,497
508.638,487
508.663,483
508.688,477
508.713,454
508.738,410
508.763,355
508.788,306
508.813,265
508.838,219
508.863,156
508.888,73
508.913,-18
508.938,-99
508.963,-150
508.988,-152
509.013,-104
509.038,-23
509.063,58
509.088,119
509.113,157
509.138,189
509.163,229
509.188,267
509.213,285
509.238,276
509.263,252
509.288,234
509.313,229
509.338,228
509.363,224
509.388,214
509.413,201
509.438,179
509.463,136
509.488,70
509.513,-6
509.538,-74
509.563,-123
509.588,-155
509.613,-185
509.638,-224
509.663,-280
509.688,-355
509.713,-435
509.738,-492
509.763,-492
509.788,-427
509.813,-326
509.838,-233
509.863,-171
509.888,-122
509.913,-48
509.938,63
509.963,192
509.988,300
510.013,375
510.038,431
510.063,494
510.088,568
510.113,641
510.138,699
510.163,741
510.188,770
510.213,789
510.238,792
510.263,783
510.288,767
510.313,752
510.338,733
510.363,699
510.388,643
510.413,564
510.438,464
510.463,349
510.488,238
510.513,169
510.538,180
510.563,280
510.588,433
510.613,583
510.638,698
510.663,791
510.688,899
510.713,1032
510.738,1162
510.763,1247
510.788,1278
510.813,1285
510.838,1301
510.863,1326
510.888,1324
510.913,1261
510.938,1138
510.963,988
510.988,844
511.013,712
511.038,577
511.063,428
511.088,268
511.113,110
511.138,-47
511.163,-218
511.188,-407
511.213,-594
511.238,-740
511.263,-818
511.288,-829
511.313,-806
511.338,-787
511.363,-786
511.388,-790
511.413,-774
511.438,-726
511.463,-656
511.488,-583
511.513,-515
511.538,-443
511.563,-352
511.588,-244
511.613,-142
511.638,-71
511.663,-43
511.688,-41
511.713,-38
511.738,-19
511.763,11
511.788,38
511.813,47
511.838,33
511.863,9
511.888,-4
511.913,12
511.938,68
511.963,149
511.988,223
512.013,265
512.038,272
512.063,259
512.088,242
512.113,221
512.138,183
512.163,124
512.188,57
512.213,3
512.238,-32
512.263,-61
512.288,-99
512.313,-145
512.338,-189
512.363,-223
512.388,-252
512.413,-278
512.438,-276
512.463,-204
512.488,-38
512.513,201
512.538,454
512.563,666
512.588,821
512.613,943
512.638,1059
512.663,1172
512.688,1259
512.713,1298
512.738,1294
512.763,1270
512.788,1250
512.813,1236
512.838,1209
512.863,1151
512.888,1059
512.913,947
512.938,833
512.963,728
512.988,631
513.013,539
513.038,449
513.063,364
513.088,290
513.113,227
513.138,172
513.163,129
513.188,100
513.213,81
513.238,59
513.263,18
513.288,-42
513.313,-99
513.338,-115
513.363,-69
513.388,30
513.413,150
513.438,259
513.463,351
513.488,435
513.513,523
513.538,610
513.563,682
513.588,728
513.613,753
513.638,772
513.663,791
513.688,804
513.713,795
513.738,751
513.763,665
513.788,539
513.813,376
513.838,185
513.863,-17
513.888,-204
513.913,-352
513.938,-448
513.963,-507
513.988,-558
514.013,-624
514.038,-701
514.063,-764
514.088,-779
514.113,-732
514.138,-635
514.163,-523
514.188,-425
514.213,-355
514.238,-309
514.263,-280
514.288,-266
514.313,-273
514.338,-299
514.363,-334
514.388,-362
514.413,-379
514.438,-401
514.463,-433
514.488,-446
514.513,-370
514.538,-145
514.563,222
514.588,638
514.613,970
514.638,1135
514.663,1141
514.688,1066
514.713,986
514.738,943
514.763,948
514.788,1013
514.813,1135
514.838,1274
514.863,1354
514.888,1311
514.913,1153
514.938,960
514.963,815
514.988,742
515.013,712
515.038,697
515.063,713
515.088,791
515.113,909
515.138,989
515.163,951
515.188,785
515.213,561
515.238,363
515.263,224
515.288,122
515.313,25
515.338,-75
515.363,-167
515.388,-240
515.413,-300
515.438,-344
515.463,-355
515.488,-306
515.513,-190
515.538,-26
515.563,150
515.588,294
515.613,366
515.638,346
515.663,256
515.688,166
515.713,153
515.738,242
515.763,370
515.788,434
515.813,373
515.838,217
515.863,63
515.888,-10
515.913,0
515.938,42
515.963,68
515.988,65
516.013,53
516.038,46
516.063,41
516.088,24
516.113,-3
516.138,-31
516.163,-43
516.188,-39
516.213,-27
516.238,-16
516.263,-1
516.288,29
516.313,92
516.338,192
516.363,316
516.388,437
516.413,531
516.438,595
516.463,643
516.488,692
516.513,737
516.538,757
516.563,731
516.588,666
516.613,594
516.638,546
516.663,518
516.688,479
516.713,398
516.738,271
516.763,126
516.788,-8
516.813,-120
516.838,-220
516.863,-323
516.888,-435
516.913,-554
516.938,-677
516.963,-796
516.988,-884
517.013,-899
517.038,-804
517.063,-595
517.088,-310
517.113,-8
517.138,258
517.163,468
517.188,619
517.213,713
517.238,755
517.263,755
517.288,735
517.313,720
517.338,723
517.363,742
517.388,764
517.413,776
517.438,768
517.463,739
517.488,693
517.513,650
517.538,628
517.563,633
517.588,649
517.613,651
517.638,631
517.663,616
517.688,646
517.713,741
517.738,875
517.763,993
517.788,1052
517.813,1042
517.838,988
517.863,917
517.888,843
517.913,765
517.938,682
517.963,597
517.988,509
518.013,407
518.038,274
518.063,109
518.088,-73
518.113,-245
518.138,-385
518.163,-491
518.188,-569
518.213,-628
518.238,-677
518.263,-736
518.288,-831
518.313,-967
518.338,-1102
518.363,-1159
518.388,-1076
518.413,-867
518.438,-626
518.463,-462
518.488,-413
518.513,-423
518.538,-400
518.563,-298
518.588,-151
518.613,-15
518.638,90
518.663,202
518.688,352
518.713,525
518.738,662
518.763,725
518.788,731
518.813,735
518.838,778
518.863,855
518.888,932
518.913,978
518.938,975
518.963,917
518.988,809
519.013,682
519.038,597
519.063,603
519.088,696
519.113,811
519.138,877
519.163,877
519.188,854
519.213,859
519.238,891
519.263,899
519.288,845
519.313,744
519.338,649
519.363,591
519.388,553
519.413,489
519.438,378
519.463,250
519.488,145
519.513,78
519.538,20
519.563,-62
519.588,-173
519.613,-290
519.638,-388
519.663,-456
519.688,-495
519.713,-495
519.738,-442
519.763,-337
519.788,-215
519.813,-122
519.838,-78
519.863,-65
519.888,-42
519.913,12
519.938,85
519.963,149
519.988,189
520.013,212
520.038,234
520.063,264
520.088,309
520.113,372
520.138,446
520.163,511
520.188,546
520.213,553
520.238,562
520.263,595
520.288,636
520.313,638
520.338,590
520.363,544
520.388,563
520.413,633
520.438,630
520.463,432
520.488,60
520.513,-292
520.538,-397
520.563,-188
520.588,189
520.613,511
520.638,647
520.663,634
520.688,574
520.713,513
520.738,423
520.763,277
520.788,115
520.813,20
520.838,38
520.863,131
520.888,215
520.913,219
520.938,127
520.963,-30
520.988,-197
521.013,-305
521.038,-312
521.063,-229
521.088,-122
521.113,-62
521.138,-66
521.163,-86
521.188,-72
521.213,-26
521.238,-4
521.263,-43
521.288,-119
521.313,-165
521.338,-141
521.363,-70
521.388,-2
521.413,34
521.438,57
521.463,85
521.488,114
521.513,125
521.538,111
521.563,86
521.588,62
521.613,35
521.638,8
521.663,2
521.688,54
521.713,173
521.738,325
521.763,456
521.788,544
521.813,608
521.838,680
521.863,759
521.888,813
521.913,818
521.938,788
521.963,757
521.988,745
522.013,741
522.038,722
522.063,677
522.088,611
522.113,531
522.138,438
522.163,335
522.188,236
522.213,151
522.238,68
522.263,-33
522.288,-156
522.313,-260
522.338,-284
522.363,-206
522.388,-63
522.413,75
522.438,171
522.463,238
522.488,313
522.513,407
522.538,488
522.563,522
522.588,510
522.613,485
522.638,476
522.663,479
522.688,471
522.713,439
522.738,399
522.763,365
522.788,331
522.813,273
522.838,186
522.863,97
522.888,34
522.913,-5
522.938,-54
522.963,-129
522.988,-196
523.013,-186
523.038,-66
523.063,128
523.088,319
523.113,455
523.138,546
523.163,635
523.188,733
523.213,803
523.238,809
523.263,761
523.288,703
523.313,645
523.338,536
523.363,298
523.388,-74
523.413,-484
523.438,-787
523.463,-898
523.488,-840
523.513,-706
523.538,-578
523.563,-496
523.588,-466
523.613,-492
523.638,-560
523.663,-613
523.688,-575
523.713,-405
523.738,-140
523.763,137
523.788,375
523.813,588
523.838,825
523.863,1087
523.888,1317
523.913,1446
523.938,1463
523.963,1423
523.988,1385
524.013,1358
524.038,1305
524.063,1201
524.088,1064
524.113,934
524.138,829
524.163,725
524.188,590
524.213,416
524.238,231
524.263,72
524.288,-40
524.313,-108
524.338,-140
524.363,-147
524.388,-142
524.413,-129
524.438,-106
524.463,-59
524.488,16
524.513,103
524.538,154
524.563,125
524.588,8
524.613,-161
524.638,-323
524.663,-429
524.688,-466
524.713,-444
524.738,-384
524.763,-298
524.788,-198
524.813,-107
524.838,-48
524.863,-32
524.888,-45
524.913,-53
524.938,-37
524.963,-3
524.988,26
525.013,43
525.038,53
525.063,63
525.088,63
525.113,35
525.138,-15
525.163,-48
525.188,-14
525.213,97
525.238,254
525.263,404
525.288,524
525.313,625
525.338,726
525.363,821
525.388,888
525.413,916
525.438,915
525.463,900
525.488,871
525.513,821
525.538,753
525.563,688
525.588,643
525.613,612
525.638,575
525.663,525
525.688,473
525.713,432
525.738,392
525.763,332
525.788,250
525.813,169
525.838,113
525.863,73
525.888,16
525.913,-66
525.938,-136
525.963,-134
525.988,-38
526.013,110
526.038,244
526.063,324
526.088,364
526.113,399
526.138,443
526.163,479
526.188,483
526.213,450
526.238,393
526.263,329
526.288,270
526.313,223
526.338,193
526.363,176
526.388,157
526.413,124
526.438,78
526.463,34
526.488,1
526.513,-27
526.538,-69
526.563,-134
526.588,-211
526.613,-290
526.638,-377
526.663,-488
526.688,-624
526.713,-744
526.738,-786
526.763,-716
526.788,-554
526.813,-362
526.838,-188
526.863,-31
526.888,135
526.913,324
526.938,507
526.963,639
526.988,700
527.013,712
527.038,713
527.063,714
527.088,702
527.113,662
527.138,604
527.163,560
527.188,545
527.213,547
527.238,529
527.263,470
527.288,374
527.313,263
527.338,159
527.363,70
527.388,-5
527.413,-77
527.438,-154
527.463,-239
527.488,-316
527.513,-349
527.538,-301
527.563,-170
527.588,6
527.613,179
527.638,320
527.663,439
527.688,553
527.713,665
527.738,753
527.763,799
527.788,811
527.813,818
527.838,846
527.863,889
527.888,918
527.913,904
527.938,838
527.963,728
527.988,596
528.013,462
528.038,349
528.063,272
528.088,236
528.113,228
528.138,230
528.163,233
528.188,248
528.213,292
528.238,374
528.263,479
528.288,585
528.313,674
528.338,747
528.363,814
528.388,874
528.413,914
528.438,918
528.463,882
528.488,816
528.513,730
528.538,624
528.563,492
528.588,338
528.613,179
528.638,34
528.663,-86
528.688,-192
528.713,-298
528.738,-409
528.763,-517
528.788,-605
528.813,-662
528.838,-691
528.863,-710
528.888,-738
528.913,-770
528.938,-774
528.963,-710
528.988,-573
529.013,-404
529.038,-257
529.063,-145
529.088,-26
529.113,150
529.138,369
529.163,554
529.188,643
529.213,663
529.238,705
529.263,822
529.288,952
529.313,975
529.338,828
529.363,571
529.388,318
529.413,120
529.438,-59
529.463,-266
529.488,-463
529.513,-561
529.538,-524
529.563,-422
529.588,-355
529.613,-343
529.638,-308
529.663,-178
529.688,15
529.713,173
529.738,236
529.763,252
529.788,299
529.813,387
529.838,438
529.863,397
529.888,311
529.913,289
529.938,386
529.963,543
529.988,659
530.013,694
530.038,694
530.063,710
530.088,730
530.113,705
530.138,627
530.163,554
530.188,547
530.213,593
530.238,615
530.263,556
530.288,443
530.313,358
530.338,354
530.363,419
530.388,506
530.413,590
530.438,671
530.463,746
530.488,781
530.513,746
530.538,647
530.563,530
530.588,440
530.613,390
530.638,363
530.663,342
530.688,326
530.713,315
530.738,301
530.763,271
530.788,221
530.813,164
530.838,105
530.863,40
530.888,-39
530.913,-123
530.938,-188
530.963,-221
530.988,-239
531.013,-275
531.038,-339
531.063,-405
531.088,-428
531.113,-381
531.138,-282
531.163,-176
531.188,-95
531.213,-38
531.238,18
531.263,97
531.288,199
531.313,304
531.338,384
531.363,426
531.388,437
531.413,442
531.438,468
531.463,524
531.488,592
531.513,645
531.538,668
531.563,669
531.588,672
531.613,691
531.638,714
531.663,710
531.688,656
531.713,560
531.738,450
531.763,354
531.788,271
531.813,181
531.838,70
531.863,-41
531.888,-110
531.913,-98
531.938,-14
531.963,92
531.988,161
532.013,170
532.038,147
532.063,134
532.088,151
532.113,179
532.138,189
532.163,171
532.188,138
532.213,101
532.238,53
532.263,-23
532.288,-116
532.313,-173
532.338,-135
532.363,16
532.388,238
532.413,453
532.438,608
532.463,691
532.488,718
532.513,705
532.538,654
532.563,573
532.588,489
532.613,432
532.638,422
532.663,452
532.688,507
532.713,570
532.738,627
532.763,667
532.788,679
532.813,670
532.838,659
532.863,660
532.888,660
532.913,632
532.938,560
532.963,452
532.988,330
533.013,199
533.038,56
533.063,-90
533.088,-210
533.113,-269
533.138,-268
533.163,-240
533.188,-217
533.213,-205
533.238,-193
533.263,-188
533.288,-219
533.313,-294
533.338,-367
533.363,-364
533.388,-255
533.413,-87
533.438,57
533.463,137
533.488,175
533.513,206
533.538,226
533.563,199
533.588,111
533.613,3
533.638,-62
533.663,-56
533.688,7
533.713,116
533.738,280
533.763,501
533.788,730
533.813,883
533.838,903
533.863,810
533.888,671
533.913,539
533.938,414
533.963,282
533.988,163
534.013,107
534.038,149
534.063,270
534.088,414
534.113,533
534.138,614
534.163,669
534.188,708
534.213,737
534.238,758
534.263,775
534.288,783
534.313,777
534.338,755
534.363,724
534.388,687
534.413,639
534.438,573
534.463,494
534.488,414
534.513,337
534.538,260
534.563,194
534.588,170
534.613,203
534.638,257
534.663,258
534.688,167
534.713,45
534.738,8
534.763,113
534.788,291
534.813,419
534.838,449
534.863,447
534.888,498
534.913,582
534.938,580
534.963,410
534.988,140
535.013,-66
535.038,-114
535.063,-75
535.088,-117
535.113,-336
535.138,-665
535.163,-941
535.188,-1053
535.213,-1022
535.238,-971
535.263,-1000
535.288,-1104
535.313,-1170
535.338,-1062
535.363,-727
535.388,-250
535.413,199
535.438,493
535.463,633
535.488,727
535.513,873
535.538,1074
535.563,1249
535.588,1340
535.613,1381
535.638,1442
535.663,1511
535.688,1484
535.713,1263
535.738,871
535.763,465
535.788,214
535.813,177
535.838,276
535.863,362
535.888,322
535.913,134
535.938,-125
535.963,-329
535.988,-372
536.013,-260
536.038,-120
536.063,-119
536.088,-355
536.113,-785
536.138,-1280
536.163,-1725
536.188,-2062
536.213,-2261
536.238,-2306
536.263,-2227
536.288,-2116
536.313,-2054
536.338,-1996
536.363,-1783
536.388,-1305
536.413,-648
536.438,-31
536.463,426
536.488,833
536.513,1374
536.538,2063
536.563,2708
536.588,3150
536.613,3483
536.638,3956
536.663,4649
536.688,5340
536.713,5760
536.738,5914
536.763,6085
536.788,6480
536.813,6969
536.838,7246
536.863,7229
536.888,7189
536.913,7466
536.938,8103
536.963,8844
536.988,9427
537.013,9802
537.038,10021
537.063,10070
537.088,9895
537.113,9577
537.138,9321
537.163,9192
537.188,8963
537.213,8332
537.238,7302
537.263,6223
537.288,5414
537.313,4814
537.338,4112
537.363,3151
537.388,2053
537.413,934
537.438,-362
537.463,-2077
537.488,-4156
537.513,-6249
537.538,-8147
537.563,-10069
537.588,-12367
537.613,-15002
537.638,-17553
537.663,-19783
537.688,-22019
537.713,-24740
537.738,-27885
537.763,-30834
537.788,-32768
537.813,-32768
537.838,-32768
537.863,-32768
537.888,-32768
537.913,-32768
537.938,-32768
537.963,-32768
537.988,-32768
538.013,-32768
538.038,-32768
538.063,-22522
538.088,828
538.113,22031
538.138,32767
538.163,32767
538.188,28587
538.213,22342
538.238,19661
538.263,21031
538.288,24665
538.313,28420
538.338,31082
538.363,32706
538.388,32767
538.413,32767
538.438,32767
538.463,32767
538.488,32767
538.513,28100
538.538,21453
538.563,16847
538.588,14638
538.613,13105
538.638,10486
538.663,6840
538.688,3705
538.713,2136
538.738,1504
538.763,380
538.788,-1723
538.813,-3917
538.838,-5218
538.863,-5811
538.888,-6683
538.913,-8190
538.938,-9523
538.963,-9792
538.988,-9282
539.013,-9164
539.038,-9970
539.063,-10842
539.088,-10633
539.113,-9506
539.138,-8917
539.163,-9876
539.188,-11600
539.213,-12292
539.238,-11143
539.263,-9121
539.288,-7676
539.313,-7072
539.338,-6421
539.363,-5162
539.388,-3853
539.413,-3236
539.438,-2971
539.463,-1972
539.488,22
539.513,1889
539.538,2592
539.563,2781
539.588,4125
539.613,6952
539.638,9389
539.663,9615
539.688,8623
539.713,9554
539.738,13698
539.763,17982
539.788,17832
539.813,12860
539.838,8531
539.863,10789
539.888,18946
539.913,25167
539.938,22111
539.963,10939
539.988,777
540.013,-182
540.038,7384
540.063,15243
540.088,16193
540.113,10452
540.138,3634
540.163,-65
540.188,-1217
540.213,-2204
540.238,-3247
540.263,-3295
540.288,-4402
540.313,-12576
540.338,-31826
540.363,-32768
540.388,-32768
540.413,-32768
540.438,-32768
540.463,-31367
540.488,-15258
540.513,-12309
540.538,-15846
540.563,-15946
540.588,-8681
540.613,1973
540.638,9693
540.663,11969
540.688,11080
540.713,10478
540.738,11331
540.763,12481
540.788,12756
540.813,12485
540.838,12869
540.863,14415
540.888,16309
540.913,17146
540.938,16112
540.963,13588
540.988,10838
541.013,9041
541.038,8303
541.063,7453
541.088,5076
541.113,1132
541.138,-2403
541.163,-2932
541.188,343
541.213,5316
541.238,8541
541.263,8126
541.288,5120
541.313,2120
541.338,691
541.363,282
541.388,-512
541.413,-2110
541.438,-3599
541.463,-4023
541.488,-3535
541.513,-3087
541.538,-3241
541.563,-3632
541.588,-3617
541.613,-3130
541.638,-2680
541.663,-2620
541.688,-2722
541.713,-2562
541.738,-2116
541.763,-1767
541.788,-1772
541.813,-1921
541.838,-1824
541.863,-1398
541.888,-922
541.913,-650
541.938,-529
541.963,-352
541.988,-81
542.013,120
542.038,152
542.063,131
542.088,235
542.113,461
542.138,643
542.163,684
542.188,680
542.213,777
542.238,967
542.263,1111
542.288,1129
542.313,1102
542.338,1146
542.363,1257
542.388,1325
542.413,1293
542.438,1230
542.463,1232
542.488,1289
542.513,1309
542.538,1244
542.563,1153
542.588,1116
542.613,1121
542.638,1083
542.663,959
542.688,804
542.713,696
542.738,639
542.763,575
542.788,468
542.813,356
542.838,286
542.863,253
542.888,201
542.913,108
542.938,8
542.963,-50
542.988,-69
543.013,-88
543.038,-129
543.063,-177
543.088,-209
543.113,-226
543.138,-245
543.163,-272
543.188,-287
543.213,-280
543.238,-258
543.263,-240
543.288,-234
543.313,-229
543.338,-213
543.363,-188
543.388,-168
543.413,-158
543.438,-151
543.463,-139
543.488,-121
543.513,-107
543.538,-101
543.563,-98
543.588,-86
543.613,-65
543.638,-38
543.663,-10
543.688,20
543.713,59
543.738,104
543.763,155
543.788,208
543.813,255
543.838,291
543.863,316
543.888,331
543.913,336
543.938,335
543.963,330
543.988,329
544.013,332
544.038,335
544.063,329
544.088,313
544.113,291
544.138,272
544.163,258
544.188,247
544.213,235
544.238,218
544.263,200
544.288,182
544.313,169
544.338,160
544.363,152
544.388,143
544.413,133
544.438,123
544.463,114
544.488,107
544.513,103
544.538,99
544.563,94
544.588,91
544.613,91
544.638,93
544.663,97
544.688,96
544.713,91
544.738,86
544.763,84
544.788,86
544.813,89
544.838,88
544.863,84
544.888,82
544.913,83
544.938,86
544.963,89
544.988,89
545.013,88
545.038,88
545.063,89
545.088,91
545.113,93
545.138,98
545.163,103
545.188,107
545.213,108
545.238,107
545.263,107
545.288,111
545.313,116
545.338,118
545.363,119
545.388,121
545.413,126
545.438,130
545.463,131
545.488,127
545.513,124
545.538,125
545.563,129
545.588,129
545.613,122
545.638,114
545.663,111
545.688,115
545.713,120
545.738,121
545.763,118
545.788,115
545.813,115
545.838,115
545.863,111
545.888,105
545.913,102
545.938,104
545.963,107
545.988,107
546.013,104
546.038,102
546.063,104
546.088,110
546.113,112
546.138,108
546.163,101
546.188,97
546.213,96
546.238,99
546.263,102
546.288,103
546.313,105
546.338,109
546.363,114
546.388,120
546.413,127
546.438,133
546.463,138
546.488,143
546.513,150
546.538,159
546.563,166
546.588,170
546.613,169
546.638,169
546.663,173
546.688,181
546.713,186
546.738,186
546.763,183
546.788,182
546.813,188
546.838,196
546.863,201
546.888,200
546.913,194
546.938,187
546.963,180
546.988,172
547.013,163
547.038,157
547.063,152
547.088,149
547.113,146
547.138,142
547.163,138
547.188,133
547.213,128
547.238,124
547.263,122
547.288,120
547.313,118
547.338,111
547.363,102
547.388,94
547.413,90
547.438,87
547.463,81
547.488,70
547.513,59
547.538,52
547.563,51
547.588,50
547.613,44
547.638,34
547.663,24
547.688,17
547.713,8
547.738,-6
547.763,-27
547.788,-47
547.813,-61
547.838,-71
547.863,-83
547.888,-100
547.913,-119
547.938,-130
547.963,-127
547.988,-108
548.013,-76
548.038,-35
548.063,14
548.088,70
548.113,129
548.138,185
548.163,232
548.188,267
548.213,289
548.238,300
548.263,303
548.288,301
548.313,297
548.338,293
548.363,292
548.388,290
548.413,287
548.438,281
548.463,273
548.488,263
548.513,253
548.538,245
548.563,237
548.588,230
548.613,222
548.638,213
548.663,202
548.688,191
548.713,181
548.738,173
548.763,166
548.788,157
548.813,146
548.838,133
548.863,121
548.888,115
548.913,113
548.938,111
548.963,106
548.988,98
549.013,90
549.038,85
549.063,82
549.088,79
549.113,75
549.138,72
549.163,71
549.188,72
549.213,72
549.238,70
549.263,70
549.288,75
549.313,84
549.338,94
549.363,99
549.388,100
549.413,98
549.438,98
549.463,101
549.488,104
549.513,107
549.538,108
549.563,109
549.588,110
549.613,111
549.638,110
549.663,109
549.688,108
549.713,109
549.738,111
549.763,112
549.788,113
549.813,114
549.838,115
549.863,116
549.888,115
549.913,112
549.938,109
549.963,108
549.988,109
550.013,111
550.038,112
550.063,112
550.088,112
550.113,112
550.138,113
550.163,114
550.188,115
550.213,115
550.238,114
550.263,113
550.288,114
550.313,115
550.338,117
550.363,119
550.388,118
550.413,116
550.438,114
550.463,113
550.488,115
550.513,118
550.538,120
550.563,120
550.588,119
550.613,117
550.638,118
550.663,119
550.688,121
550.713,121
550.738,120
550.763,120
550.788,120
550.813,121
550.838,120
550.863,118
550.888,117
550.913,118
550.938,119
550.963,119
550.988,119
551.013,118
551.038,118
551.063,120
551.088,122
551.113,121
551.138,119
551.163,116
551.188,116
551.213,117
551.238,119
551.263,118
551.288,117
551.313,117
551.338,118
551.363,119
551.388,120
551.413,119
551.438,117
551.463,117
551.488,117
551.513,118
551.538,117
551.563,117
551.588,119
551.613,120
551.638,120
551.663,119
551.688,116
551.713,116
551.738,117
551.763,121
551.788,123
551.813,124
551.838,123
551.863,120
551.888,118
551.913,116
551.938,116
551.963,117
551.988,119
552.013,119
552.038,117
552.063,114
552.088,113
552.113,116
552.138,121
552.163,124
552.188,124
552.213,120
552.238,117
552.263,117
552.288,119
552.313,123
552.338,124
552.363,124
552.388,124
552.413,123
552.438,122
552.463,121
552.488,120
552.513,119
552.538,119
552.563,119
552.588,119
552.613,118
552.638,118
552.663,118
552.688,119
552.713,120
552.738,120
552.763,119
552.788,117
552.813,115
552.838,114
552.863,115
552.888,117
552.913,118
552.938,117
552.963,116
552.988,115
553.013,115
553.038,116
553.063,117
553.088,118
553.113,118
553.138,118
553.163,119
553.188,119
553.213,118
553.238,116
553.263,114
553.288,114
553.313,115
553.338,117
553.363,119
553.388,119
553.413,118
553.438,117
553.463,117
553.488,119
553.513,121
553.538,121
553.563,119
553.588,118
553.613,120
553.638,123
553.663,125
553.688,124
553.713,121
553.738,119
553.763,119
553.788,120
553.813,120
553.838,119
553.863,118
553.888,118
553.913,121
553.938,124
553.963,124
553.988,122
554.013,121
554.038,120
554.063,120
554.088,120
554.113,120
554.138,119
554.163,119
554.188,119
554.213,119
554.238,118
554.263,117
554.288,117
554.313,117
554.338,116
554.363,116
554.388,116
554.413,117
554.438,119
554.463,119
554.488,117
554.513,116
554.538,116
554.563,116
554.588,117
554.613,117
554.638,118
554.663,118
554.688,119
554.713,119
554.738,118
554.763,118
554.788,119
554.813,121
554.838,121
554.863,120
554.888,117
554.913,115
554.938,115
554.963,116
554.988,117
555.013,118
555.038,119
555.063,120
555.088,121
555.113,120
555.138,118
555.163,117
555.188,119
555.213,122
555.238,124
555.263,122
555.288,118
555.313,116
555.338,116
555.363,118
555.388,119
555.413,118
555.438,118
555.463,118
555.488,119
555.513,120
555.538,119
555.563,118
555.588,118
555.613,118
555.638,118
555.663,118
555.688,117
555.713,117
555.738,117
555.763,116
555.788,117
555.813,120
555.838,124
555.863,126
555.888,124
555.913,120
555.938,118
555.963,118
555.988,119
556.013,119
556.038,118
556.063,116
556.088,118
556.113,121
556.138,122
556.163,120
556.188,117
556.213,115
556.238,117
556.263,119
556.288,119
556.313,118
556.338,117
556.363,118
556.388,121
556.413,121
556.438,120
556.463,120
556.488,121
556.513,122
556.538,121
556.563,118
556.588,116
556.613,117
556.638,120
556.663,122
556.688,121
556.713,119
556.738,119
556.763,120
556.788,122
556.813,121
556.838,119
556.863,119
556.888,120
556.913,122
556.938,123
556.963,122
556.988,122
557.013,122
557.038,123
557.063,123
557.088,120
557.113,119
557.138,119
557.163,121
557.188,120
557.213,118
557.238,117
557.263,117
557.288,118
557.313,118
557.338,115
557.363,110
557.388,108
557.413,109
557.438,111
557.463,112
557.488,111
557.513,111
557.538,112
557.563,112
557.588,112
557.613,111
557.638,110
557.663,110
557.688,112
557.713,112
557.738,112
557.763,113
557.788,114
557.813,117
557.838,118
557.863,118
557.888,118
557.913,119
557.938,121
557.963,124
557.988,124
558.013,124
558.038,124
558.063,125
558.088,127
558.113,127
558.138,127
558.163,126
558.188,127
558.213,129
558.238,129
558.263,126
558.288,123
558.313,122
558.338,123
558.363,125
558.388,125
558.413,122
558.438,119
558.463,118
558.488,119
558.513,121
558.538,119
558.563,116
558.588,114
558.613,115
558.638,118
558.663,120
558.688,119
558.713,117
558.738,117
558.763,119
558.788,123
558.813,123
558.838,120
558.863,116
558.888,114
558.913,115
558.938,117
558.963,118
558.988,117
559.013,116
559.038,116
559.063,116
559.088,117
559.113,117
559.138,116
559.163,116
559.188,117
559.213,118
559.238,118
559.263,118
559.288,118
559.313,118
559.338,119
559.363,118
559.388,116
559.413,116
559.438,117
559.463,120
559.488,122
559.513,122
559.538,119
559.563,117
559.588,118
559.613,119
559.638,120
559.663,119
559.688,118
559.713,118
559.738,120
559.763,122
559.788,122
559.813,122
559.838,121
559.863,120
559.888,119
559.913,117
559.938,116
559.963,116
559.988,117
560.013,118
560.038,118
560.063,117
560.088,117
560.113,118
560.138,120
560.163,120
560.188,119
560.213,119
560.238,119
560.263,120
560.288,120
560.313,117
560.338,115
560.363,115
560.388,118
560.413,121
560.438,123
560.463,122
560.488,120
560.513,118
560.538,119
560.563,120
560.588,121
560.613,120
560.638,119
560.663,118
560.688,117
560.713,117
560.738,118
560.763,118
560.788,118
560.813,117
560.838,116
560.863,115
560.888,114
560.913,116
560.938,117
560.963,118
560.988,117
561.013,116
561.038,116
561.063,117
561.088,119
561.113,119
561.138,117
561.163,116
561.188,117
561.213,119
561.238,121
561.263,121
561.288,121
561.313,121
561.338,123
561.363,124
561.388,124
561.413,122
561.438,121
561.463,121
561.488,121
561.513,121
561.538,119
561.563,118
561.588,117
561.613,117
561.638,116
561.663,115
561.688,117
561.713,120
561.738,123
561.763,123
561.788,121
561.813,119
561.838,119
561.863,121
561.888,122
561.913,120
561.938,118
561.963,117
561.988,119
562.013,122
562.038,124
562.063,122
562.088,117
562.113,114
562.138,113
562.163,114
562.188,116
562.213,116
562.238,116
562.263,117
562.288,118
562.313,118
562.338,119
562.363,119
562.388,119
562.413,118
562.438,117
562.463,117
562.488,117
562.513,118
562.538,119
562.563,120
562.588,121
562.613,120
562.638,120
562.663,119
562.688,119
562.713,120
562.738,120
562.763,119
562.788,116
562.813,115
562.838,117
562.863,119
562.888,121
562.913,120
562.938,118
562.963,117
562.988,119
563.013,120
563.038,120
563.063,118
563.088,117
563.113,117
563.138,118
563.163,119
563.188,118
563.213,116
563.238,116
563.263,119
563.288,121
563.313,121
563.338,119
563.363,117
563.388,117
563.413,120
563.438,123
563.463,123
563.488,122
563.513,121
563.538,120
563.563,119
563.588,117
563.613,115
563.638,114
563.663,115
563.688,117
563.713,118
563.738,117
563.763,117
563.788,117
563.813,118
563.838,119
563.863,121
563.888,122
563.913,124
563.938,125
563.963,124
563.988,122
564.013,120
564.038,120
564.063,121
564.088,123
564.113,124
564.138,123
564.163,122
564.188,120
564.213,119
564.238,117
564.263,115
564.288,114
564.313,114
564.338,117
564.363,119
564.388,120
564.413,120
564.438,118
564.463,116
564.488,116
564.513,117
564.538,119
564.563,120
564.588,120
564.613,118
564.638,116
564.663,115
564.688,117
564.713,119
564.738,119
564.763,119
564.788,119
564.813,120
564.838,121
564.863,120
564.888,116
564.913,113
564.938,112
564.963,113
564.988,116
565.013,117
565.038,119
565.063,120
565.088,121
565.113,119
565.138,116
565.163,114
565.188,115
565.213,118
565.238,120
565.263,119
565.288,117
565.313,118
565.338,121
565.363,124
565.388,125
565.413,124
565.438,123
565.463,123
565.488,123
565.513,122
565.538,119
565.563,117
565.588,118
565.613,120
565.638,121
565.663,119
565.688,119
565.713,120
565.738,121
565.763,119
565.788,115
565.813,112
565.838,113
565.863,118
565.888,122
565.913,121
565.938,118
565.963,116
565.988,117
566.013,120
566.038,121
566.063,121
566.088,120
566.113,120
566.138,121
566.163,120
566.188,120
566.213,120
566.238,121
566.263,121
566.288,120
566.313,117
566.338,117
566.363,119
566.388,121
566.413,121
566.438,118
566.463,116
566.488,117
566.513,119
566.538,121
566.563,120
566.588,119
566.613,118
566.638,118
566.663,117
566.688,115
566.713,114
566.738,116
566.763,119
566.788,121
566.813,120
566.838,118
566.863,116
566.888,116
566.913,117
566.938,117
566.963,118
566.988,118
567.013,119
567.038,119
567.063,119
567.088,119
567.113,119
567.138,120
567.163,120
567.188,120
567.213,120
567.238,121
567.263,121
567.288,119
567.313,116
567.338,114
567.363,115
567.388,118
567.413,120
567.438,119
567.463,117
567.488,116
567.513,117
567.538,119
567.563,120
567.588,119
567.613,117
567.638,115
567.663,115
567.688,116
567.713,118
567.738,121
567.763,123
567.788,124
567.813,124
567.838,123
567.863,123
567.888,123
567.913,123
567.938,121
567.963,120
567.988,119
568.013,121
568.038,123
568.063,123
568.088,120
568.113,116
568.138,114
568.163,114
568.188,115
568.213,116
568.238,117
568.263,117
568.288,118
568.313,119
568.338,118
568.363,117
568.388,117
568.413,117
568.438,118
568.463,119
568.488,119
568.513,119
568.538,120
568.563,121
568.588,120
568.613,120
568.638,120
568.663,121
568.688,121
568.713,120
568.738,119
568.763,118
568.788,118
568.813,118
568.838,117
568.863,116
568.888,116
568.913,117
568.938,119
568.963,121
568.988,120
569.013,118
569.038,117
569.063,116
569.088,116
569.113,117
569.138,118
569.163,118
569.188,118
569.213,118
569.238,118
569.263,118
569.288,118
569.313,117
569.338,117
569.363,118
569.388,120
569.413,121
569.438,122
569.463,122
569.488,122
569.513,122
569.538,121
569.563,120
569.588,118
569.613,116
569.638,115
569.663,116
569.688,116
569.713,116
569.738,116
569.763,117
569.788,120
569.813,123
569.838,124
569.863,122
569.888,120
569.913,120
569.938,121
569.963,124
569.988,124
570.013,122
570.038,120
570.063,117
570.088,116
570.113,117
570.138,117
570.163,118
570.188,118
570.213,118
570.238,119
570.263,119
570.288,119
570.313,119
570.338,117
570.363,117
570.388,117
570.413,118
570.438,119
570.463,119
570.488,119
570.513,118
570.538,118
570.563,118
570.588,120
570.613,121
570.638,122
570.663,121
570.688,119
570.713,118
570.738,117
570.763,116
570.788,115
570.813,114
570.838,115
570.863,117
570.888,118
570.913,118
570.938,118
570.963,118
570.988,121
571.013,124
571.038,125
571.063,123
571.088,120
571.113,118
571.138,118
571.163,119
571.188,120
571.213,119
571.238,118
571.263,117
571.288,116
571.313,116
571.338,117
571.363,118
571.388,118
571.413,118
571.438,118
571.463,117
571.488,116
571.513,117
571.538,119
571.563,120
571.588,122
571.613,122
571.638,122
571.663,121
571.688,118
571.713,117
571.738,118
571.763,121
571.788,123
571.813,123
571.838,121
571.863,118
571.888,118
571.913,119
571.938,120
571.963,121
571.988,120
572.013,118
572.038,117
572.063,117
572.088,118
572.113,119
572.138,119
572.163,118
572.188,117
572.213,118
572.238,119
572.263,121
572.288,120
572.313,119
572.338,117
572.363,118
572.388,119
572.413,121
572.438,121
572.463,121
572.488,120
572.513,119
572.538,116
572.563,113
572.588,110
572.613,110
572.638,112
572.663,114
572.688,115
572.713,115
572.738,116
572.763,118
572.788,120
572.813,121
572.838,118
572.863,115
572.888,114
572.913,116
572.938,119
572.963,120
572.988,119
573.013,118
573.038,118
573.063,118
573.088,118
573.113,116
573.138,115
573.163,115
573.188,116
573.213,117
573.238,118
573.263,118
573.288,120
573.313,123
573.338,124
573.363,122
573.388,118
573.413,115
573.438,116
573.463,120
573.488,123
573.513,124
573.538,124
573.563,125
573.588,128
573.613,131
573.638,133
573.663,132
573.688,130
573.713,130
573.738,131
573.763,132
573.788,131
573.813,130
573.838,129
573.863,130
573.888,131
573.913,131
573.938,130
573.963,126
573.988,123
574.013,122
574.038,121
574.063,121
574.088,118
574.113,114
574.138,110
574.163,107
574.188,105
574.213,103
574.238,100
574.263,99
574.288,101
574.313,105
574.338,109
574.363,112
574.388,112
574.413,111
574.438,110
574.463,111
574.488,113
574.513,117
574.538,120
574.563,121
574.588,119
574.613,117
574.638,115
574.663,117
574.688,122
574.713,126
574.738,127
574.763,126
574.788,123
574.813,122
574.838,123
574.863,123
574.888,123
574.913,122
574.938,120
574.963,118
574.988,115
575.013,115
575.038,115
575.063,116
575.088,116
575.113,113
575.138,111
575.163,111
575.188,114
575.213,118
575.238,118
575.263,116
575.288,113
575.313,113
575.338,113
575.363,113
575.388,111
575.413,109
575.438,107
575.463,108
575.488,109
575.513,110
575.538,111
575.563,113
575.588,117
575.613,121
575.638,123
575.663,126
575.688,128
575.713,131
575.738,132
575.763,131
575.788,130
575.813,129
575.838,129
575.863,128
575.888,126
575.913,123
575.938,120
575.963,118
575.988,118
576.013,118
576.038,117
576.063,117
576.088,120
576.113,124
576.138,127
576.163,128
576.188,126
576.213,124
576.238,123
576.263,123
576.288,124
576.313,124
576.338,123
576.363,121
576.388,120
576.413,121
576.438,122
576.463,121
576.488,119
576.513,118
576.538,120
576.563,122
576.588,123
576.613,121
576.638,118
576.663,117
576.688,118
576.713,119
576.738,119
576.763,119
576.788,119
576.813,119
576.838,119
576.863,117
576.888,115
576.913,114
576.938,115
576.963,117
576.988,118
577.013,117
577.038,116
577.063,116
577.088,116
577.113,116
577.138,116
577.163,116
577.188,118
577.213,119
577.238,119
577.263,116
577.288,114
577.313,115
577.338,117
577.363,118
577.388,117
577.413,114
577.438,113
577.463,114
577.488,117
577.513,119
577.538,120
577.563,120
577.588,120
577.613,119
577.638,118
577.663,117
577.688,117
577.713,120
577.738,122
577.763,123
577.788,121
577.813,118
577.838,118
577.863,120
577.888,121
577.913,120
577.938,118
577.963,116
577.988,116
578.013,117
578.038,119
578.063,120
578.088,121
578.113,122
578.138,122
578.163,122
578.188,121
578.213,120
578.238,121
578.263,121
578.288,121
578.313,119
578.338,118
578.363,118
578.388,120
578.413,122
578.438,121
578.463,118
578.488,114
578.513,113
578.538,116
578.563,119
578.588,121
578.613,120
578.638,119
578.663,119
578.688,120
578.713,121
578.738,120
578.763,117
578.788,116
578.813,117
578.838,118
578.863,119
578.888,119
578.913,118
578.938,118
578.963,120
578.988,121
579.013,121
579.038,120
579.063,118
579.088,117
579.113,117
579.138,117
579.163,118
579.188,119
579.213,119
579.238,118
579.263,116
579.288,114
579.313,115
579.338,117
579.363,119
579.388,120
579.413,119
579.438,117
579.463,115
579.488,115
579.513,116
579.538,116
579.563,117
579.588,119
579.613,121
579.638,123
579.663,124
579.688,123
579.713,122
579.738,122
579.763,123
579.788,122
579.813,121
579.838,119
579.863,118
579.888,120
579.913,121
579.938,122
579.963,122
579.988,121
580.013,120
580.038,119
580.063,117
580.088,116
580.113,116
580.138,118
580.163,119
580.188,120
580.213,120
580.238,120
580.263,120
580.288,121
580.313,120
580.338,118
580.363,117
580.388,118
580.413,120
580.438,121
580.463,120
580.488,117
580.513,115
580.538,116
580.563,117
580.588,118
580.613,119
580.638,119
580.663,119
580.688,120
580.713,120
580.738,120
580.763,121
580.788,122
580.813,122
580.838,120
580.863,118
580.888,117
580.913,118
580.938,118
580.963,117
580.988,115
581.013,114
581.038,116
581.063,120
581.088,122
581.113,121
581.138,118
581.163,117
581.188,119
581.213,121
581.238,122
581.263,121
581.288,118
581.313,117
581.338,118
581.363,118
581.388,118
581.413,116
581.438,115
581.463,116
581.488,118
581.513,120
581.538,119
581.563,118
581.588,117
581.613,118
581.638,120
581.663,122
581.688,123
581.713,122
581.738,121
581.763,120
581.788,120
581.813,119
581.838,118
581.863,117
581.888,117
581.913,118
581.938,119
581.963,119
581.988,118
582.013,119
582.038,120
582.063,121
582.088,121
582.113,119
582.138,119
582.163,120
582.188,121
582.213,121
582.238,119
582.263,116
582.288,115
582.313,115
582.338,116
582.363,117
582.388,118
582.413,118
582.438,119
582.463,118
582.488,118
582.513,118
582.538,118
582.563,117
582.588,117
582.613,116
582.638,115
582.663,116
582.688,118
582.713,119
582.738,121
582.763,122
582.788,122
582.813,123
582.838,122
582.863,120
582.888,120
582.913,121
582.938,123
582.963,124
582.988,124
583.013,122
583.038,120
583.063,119
583.088,119
583.113,119
583.138,119
583.163,118
583.188,118
583.213,118
583.238,119
583.263,120
583.288,120
583.313,120
583.338,118
583.363,117
583.388,117
583.413,117
583.438,117
583.463,118
583.488,118
583.513,118
583.538,119
583.563,119
583.588,120
583.613,119
583.638,118
583.663,116
583.688,116
583.713,117
583.738,118
583.763,120
583.788,122
583.813,122
583.838,120
583.863,118
583.888,117
583.913,117
583.938,118
583.963,119
583.988,120
584.013,121
584.038,122
584.063,121
584.088,120
584.113,117
584.138,116
584.163,116
584.188,118
584.213,120
584.238,121
584.263,119
584.288,116
584.313,116
584.338,118
584.363,121
584.388,122
584.413,122
584.438,120
584.463,119
584.488,119
584.513,119
584.538,119
584.563,119
584.588,119
584.613,119
584.638,118
584.663,119
584.688,118
584.713,118
584.738,119
584.763,120
584.788,122
584.813,122
584.838,121
584.863,118
584.888,115
584.913,114
584.938,115
584.963,116
584.988,117
585.013,117
585.038,117
585.063,118
585.088,120
585.113,122
585.138,123
585.163,123
585.188,121
585.213,119
585.238,118
585.263,119
585.288,120
585.313,119
585.338,117
585.363,114
585.388,114
585.413,117
585.438,120
585.463,121
585.488,119
585.513,116
585.538,115
585.563,117
585.588,120
585.613,122
585.638,121
585.663,120
585.688,120
585.713,121
585.738,122
585.763,123
585.788,123
585.813,124
585.838,124
585.863,124
585.888,122
585.913,119
585.938,116
585.963,116
585.988,116
586.013,116
586.038,117
586.063,117
586.088,119
586.113,119
586.138,119
586.163,117
586.188,115
586.213,115
586.238,116
586.263,117
586.288,117
586.313,117
586.338,118
586.363,120
586.388,121
586.413,121
586.438,120
586.463,118
586.488,117
586.513,115
586.538,115
586.563,115
586.588,116
586.613,117
586.638,119
586.663,120
586.688,120
586.713,123
586.738,135
586.763,141
586.788,130
586.813,122
586.838,150
586.863,182
586.888,148
586.913,63
586.938,12
586.963,38
586.988,74
587.013,33
587.038,-73
587.063,-138
587.088,-102
587.113,-49
587.138,-95
587.163,-226
587.188,-300
587.213,-241
587.238,-157
587.263,-208
587.288,-373
587.313,-459
587.338,-361
587.363,-231
587.388,-280
587.413,-478
587.438,-561
587.463,-394
587.488,-183
587.513,-216
587.538,-449
587.563,-528
587.588,-270
587.613,48
587.638,49
587.663,-211
587.688,-270
587.713,109
587.738,569
587.763,613
587.788,319
587.813,285
587.838,811
587.863,1432
587.888,1515
587.913,1165
747.795,41
747.820,47
747.845,56
747.870,62
747.895,60
747.920,57
747.945,63
747.970,73
747.995,77
748.020,71
748.045,64
748.070,68
748.095,77
748.120,78
748.145,64
748.170,50
748.195,49
748.220,56
748.245,51
748.270,27
748.295,2
748.320,-5
748.345,-1
748.370,-14
748.395,-52
748.420,-91
748.445,-105
748.470,-106
748.495,-127
748.520,-179
748.545,-233
748.570,-254
748.595,-256
748.620,-283
748.645,-349
748.670,-414
748.695,-438
748.720,-435
748.745,-463
748.770,-539
748.795,-611
748.820,-629
748.845,-612
748.870,-632
748.895,-709
748.920,-781
748.945,-781
748.970,-737
748.995,-736
749.020,-805
749.045,-865
749.070,-835
749.095,-747
749.120,-711
749.145,-760
749.170,-798
749.195,-722
749.220,-572
749.245,-487
749.270,-508
749.295,-515
749.320,-378
749.345,-149
749.370,-1
749.395,8
749.420,36
749.445,246
749.470,571
749.495,789
749.520,827
749.545,884
749.570,1174
749.595,1615
749.620,1910
749.645,1954
749.670,2017
749.695,2396
749.720,2983
749.745,3356
749.770,3355
749.795,3367
749.820,3855
749.845,4672
749.870,5138
749.895,4935
749.920,4710
749.945,5420
749.970,6944
749.995,7643
750.020,5710
750.045,1092
750.070,-4085
750.095,-7222
750.120,-7420
750.145,-5975
750.170,-4831
750.195,-4766
750.220,-5102
750.245,-4917
750.270,-4155
750.295,-3476
750.320,-3307
750.345,-3371
750.370,-3160
750.395,-2610
750.420,-2110
750.445,-1942
750.470,-1937
750.495,-1752
750.520,-1333
750.545,-951
750.570,-813
750.595,-802
750.620,-665
750.645,-359
750.670,-84
750.695,4
750.720,-5
750.745,80
750.770,297
750.795,490
750.820,535
750.845,499
750.870,535
750.895,674
750.920,793
750.945,795
750.970,733
750.995,730
751.020,808
751.045,873
751.070,847
751.095,770
751.120,741
751.145,779
751.170,808
751.195,764
751.220,680
751.245,633
751.270,639
751.295,639
751.320,586
751.345,507
751.370,461
751.395,458
751.420,448
751.445,395
751.470,323
751.495,280
751.520,273
751.545,262
751.570,218
751.595,160
751.620,129
751.645,127
751.670,121
751.695,87
751.720,42
751.745,18
751.770,20
751.795,23
751.820,5
751.845,-22
751.870,-38
751.895,-35
751.920,-32
751.945,-43
751.970,-59
751.995,-64
752.020,-55
752.045,-46
752.070,-48
752.095,-56
752.120,-58
752.145,-50
752.170,-41
752.195,-41
752.220,-47
752.245,-48
752.270,-41
752.295,-31
752.320,-26
752.345,-24
752.370,-19
752.395,-12
752.420,-5
752.445,-3
752.470,-4
752.495,-2
752.520,2
752.545,9
752.570,12
752.595,14
752.620,15
752.645,14
752.670,13
752.695,13
752.720,14
752.745,13
752.770,12
752.795,12
752.820,13
752.845,16
752.870,17
752.895,17
752.920,15
752.945,14
752.970,14
752.995,14
753.020,14
753.045,13
753.070,12
753.095,14
753.120,17
753.145,20
753.170,21
753.195,20
753.220,17
753.245,15
753.270,13
753.295,13
753.320,13
753.345,14
753.370,15
753.395,16
753.420,17
753.445,19
753.470,20
753.495,20
753.520,19
753.545,17
753.570,15
753.595,13
753.620,13
753.645,13
753.670,13
753.695,14
753.720,15
753.745,15
753.770,15
753.795,14
753.820,15
753.845,15
753.870,16
753.895,16
753.920,17
753.945,17
753.970,17
753.995,18
754.020,17
754.045,17
754.070,15
754.095,14
754.120,13
754.145,13
754.170,15
754.195,16
754.220,16
754.245,15
754.270,13
754.295,13
754.320,14
754.345,14
754.370,14
754.395,12
754.420,12
754.445,14
754.470,18
754.495,20
754.520,19
754.545,16
754.570,14
754.595,14
754.620,16
754.645,17
754.670,17
754.695,15
754.720,15
754.745,16
754.770,17
754.795,18
754.820,18
754.845,18
754.870,18
754.895,18
754.920,19
754.945,18
754.970,17
754.995,16
755.020,15
755.045,13
755.070,12
755.095,11
755.120,12
755.145,14
755.170,15
755.195,15
755.220,14
755.245,12
755.270,12
755.295,13
755.320,14
755.345,14
755.370,14
755.395,14
755.420,15
755.445,15
755.470,16
755.495,16
755.520,17
755.545,19
755.570,20
755.595,19
755.620,18
755.645,17
755.670,17
755.695,18
755.720,18
755.745,16
755.770,14
755.795,13
755.820,13
755.845,14
755.870,13
755.895,13
755.920,12
755.945,12
755.970,14
755.995,16
756.020,17
756.045,17
756.070,16
756.095,14
756.120,14
756.145,15
756.170,17
756.195,18
756.220,18
756.245,16
756.270,15
756.295,15
756.320,16
756.345,17
756.370,17
756.395,16
756.420,15
756.445,15
756.470,14
756.495,15
756.520,15
756.545,16
756.570,16
756.595,15
756.620,14
756.645,12
756.670,12
756.695,14
756.720,15
756.745,16
756.770,16
756.795,14
756.820,14
756.845,15
756.870,17
756.895,18
756.920,17
756.945,16
756.970,14
756.995,14
757.020,13
757.045,14
757.070,14
757.095,15
757.120,16
757.145,17
757.170,18
757.195,18
757.220,18
757.245,17
757.270,17
757.295,18
757.320,18
757.345,18
757.370,17
757.395,17
757.420,17
757.445,17
757.470,16
757.495,15
757.520,14
757.545,13
757.570,12
757.595,12
757.620,12
757.645,12
757.670,13
757.695,14
757.720,15
757.745,17
757.770,18
757.795,19
757.820,19
757.845,18
757.870,17
757.895,16
757.920,16
757.945,16
757.970,16
757.995,15
758.020,15
758.045,15
758.070,15
758.095,14
758.120,14
758.145,13
758.170,13
758.195,13
758.220,14
758.245,14
758.270,14
758.295,13
758.320,13
758.345,13
758.370,13
758.395,14
758.420,16
758.445,18
758.470,19
758.495,19
758.520,17
758.545,16
758.570,14
758.595,13
758.620,12
758.645,12
758.670,12
758.695,13
758.720,15
758.745,17
758.770,18
758.795,18
758.820,17
758.845,17
758.870,17
758.895,17
758.920,17
758.945,15
758.970,14
758.995,12
759.020,12
759.045,13
759.070,15
759.095,16
759.120,18
759.145,19
759.170,20
759.195,20
759.220,18
759.245,16
759.270,13
759.295,11
759.320,11
759.345,14
759.370,18
759.395,21
759.420,23
759.445,22
759.470,20
759.495,17
759.520,15
759.545,13
759.570,13
759.595,13
759.620,14
759.645,15
759.670,16
759.695,18
759.720,18
759.745,18
759.770,16
759.795,14
759.820,13
759.845,13
759.870,12
759.895,11
759.920,10
759.945,10
759.970,10
759.995,11
760.020,13
760.045,14
760.070,14
760.095,15
760.120,16
760.145,17
760.170,17
760.195,18
760.220,18
760.245,18
760.270,18
760.295,16
760.320,14
760.345,13
760.370,13
760.395,14
760.420,15
760.445,15
760.470,16
760.495,18
760.520,19
760.545,20
760.570,20
760.595,19
760.620,17
760.645,15
760.670,14
760.695,13
760.720,13
760.745,13
760.770,13
760.795,13
760.820,14
760.845,15
760.870,17
760.895,19
760.920,19
760.945,18
760.970,18
760.995,18
761.020,18
761.045,18
761.070,17
761.095,15
761.120,13
761.145,12
761.170,12
761.195,13
761.220,14
761.245,15
761.270,15
761.295,15
761.320,14
761.345,15
761.370,15
761.395,16
761.420,16
761.445,16
761.470,16
761.495,15
761.520,15
761.545,14
761.570,15
761.595,16
761.620,16
761.645,17
761.670,16
761.695,15
761.720,14
761.745,14
761.770,14
761.795,14
761.820,14
761.845,13
761.870,13
761.895,13
761.920,13
761.945,13
761.970,14
761.995,15
762.020,15
762.045,15
762.070,17
762.095,19
762.120,22
762.145,23
762.170,22
762.195,20
762.220,17
762.245,15
762.270,14
762.295,13
762.320,13
762.345,13
762.370,14
762.395,16
762.420,17
762.445,16
762.470,15
762.495,15
762.520,16
762.545,17
762.570,17
762.595,16
762.620,15
762.645,14
762.670,14
762.695,15
762.720,14
762.745,14
762.770,13
762.795,12
762.820,12
762.845,12
762.870,12
762.895,13
762.920,14
762.945,15
762.970,14
762.995,14
763.020,14
763.045,16
763.070,18
763.095,18
763.120,18
763.145,17
763.170,17
763.195,19
763.220,20
763.245,20
763.270,19
763.295,19
763.320,18
763.345,18
763.370,18
763.395,18
763.420,18
763.445,18
763.470,18
763.495,17
763.520,15
763.545,14
763.570,13
763.595,13
763.620,13
763.645,12
763.670,11
763.695,10
763.720,9
763.745,10
763.770,13
763.795,16
763.820,19
763.845,19
763.870,17
763.895,14
763.920,13
763.945,14
763.970,15
763.995,15
764.020,15
764.045,16
764.070,16
764.095,17
764.120,16
764.145,14
764.170,12
764.195,11
764.220,11
764.245,12
764.270,14
764.295,17
764.320,19
764.345,20
764.370,20
764.395,17
764.420,14
764.445,12
764.470,11
764.495,12
764.520,12
764.545,14
764.570,16
764.595,19
764.620,20
764.645,19
764.670,17
764.695,15
764.720,14
764.745,14
764.770,15
764.795,16
764.820,19
764.845,22
764.870,22
764.895,21
764.920,17
764.945,14
764.970,13
764.995,14
765.020,15
765.045,16
765.070,17
765.095,18
765.120,20
765.145,21
765.170,19
765.195,16
765.220,14
765.245,11
765.270,9
765.295,8
765.320,9
765.345,11
765.370,14
765.395,15
765.420,16
765.445,16
765.470,15
765.495,14
765.520,13
765.545,11
765.570,10
765.595,11
765.620,11
765.645,12
765.670,13
765.695,13
765.720,14
765.745,16
765.770,18
765.795,18
765.820,18
765.845,18
765.870,19
765.895,20
765.920,20
765.945,20
765.970,20
765.995,20
766.020,21
766.045,20
766.070,17
766.095,14
766.120,13
766.145,13
766.170,13
766.195,14
766.220,14
766.245,14
766.270,14
766.295,15
766.320,14
766.345,12
766.370,12
766.395,13
766.420,15
766.445,16
766.470,17
766.495,17
766.520,17
766.545,16
766.570,16
766.595,16
766.620,16
766.645,15
766.670,15
766.695,16
766.720,17
766.745,17
766.770,17
766.795,16
766.820,15
766.845,15
766.870,17
766.895,18
766.920,17
766.945,16
766.970,15
766.995,15
767.020,15
767.045,16
767.070,16
767.095,14
767.120,12
767.145,12
767.170,13
767.195,14
767.220,16
767.245,16
767.270,15
767.295,14
767.320,13
767.345,13
767.370,14
767.395,16
767.420,17
767.445,16
767.470,15
767.495,14
767.520,14
767.545,15
767.570,16
767.595,16
767.620,15
767.645,15
767.670,17
767.695,18
767.720,18
767.745,17
767.770,16
767.795,14
767.820,14
767.845,15
767.870,14
767.895,14
767.920,13
767.945,13
767.970,14
767.995,15
768.020,17
768.045,17
768.070,17
768.095,16
768.120,15
768.145,14
768.170,14
768.195,14
768.220,14
768.245,14
768.270,15
768.295,15
768.320,15
768.345,15
768.370,15
768.395,16
768.420,16
768.445,17
768.470,17
768.495,17
768.520,17
768.545,18
768.570,19
768.595,19
768.620,18
768.645,17
768.670,15
768.695,15
768.720,16
768.745,15
768.770,14
