df_hash,22ZHK4.Z5RDGQ
device,HZ2X61
project_hash,29R7
project_name,istanbul_aydin_university
person_hash,29R7.F750
person_label,V82(2)
date_time_start,2025-11-03_16-41-10.212000_+03
date_time_start_unix,1762173670.212
date_time_end,2025-11-03_16-49-55.970000_+03
length_difference_noticed,no

time,ppg_med
5.540,530
5.565,609
5.590,735
5.615,803
5.640,776
5.665,748
5.690,821
5.715,955
5.740,1006
5.765,923
5.790,836
5.815,882
5.840,1006
5.865,1014
5.890,837
5.915,651
5.940,641
5.965,734
5.990,667
6.015,353
6.040,24
6.065,-67
6.090,-24
6.115,-190
6.140,-679
6.165,-1182
6.190,-1371
6.215,-1377
6.240,-1649
6.265,-2330
6.290,-3017
6.315,-3289
6.340,-3313
6.365,-3663
6.390,-4521
6.415,-5369
6.440,-5669
6.465,-5635
6.490,-5994
6.515,-6972
6.540,-7914
6.565,-8140
6.590,-7923
6.615,-8173
6.640,-9174
6.665,-10102
6.690,-10108
6.715,-9533
6.740,-9517
6.765,-10411
6.790,-11190
6.815,-10795
6.840,-9652
6.865,-9184
6.890,-9833
6.915,-10322
6.940,-9328
6.965,-7388
6.990,-6281
7.015,-6570
7.040,-6655
7.065,-4878
7.090,-1909
7.115,-1
7.140,124
7.165,485
7.190,3200
7.215,7420
7.240,10246
7.265,10721
7.290,11449
7.315,15213
7.340,20928
7.365,24734
7.390,25293
7.415,26096
7.440,31012
7.465,32767
7.490,32767
7.515,32767
7.540,32767
7.565,32767
7.590,32767
7.615,32767
7.640,32767
7.665,32767
7.690,32767
7.715,32767
7.740,32767
7.765,32767
7.790,13844
7.815,-32768
7.840,-32768
7.865,-32768
7.890,-32768
7.915,-32768
7.940,-32768
7.965,-32768
7.990,-32768
8.015,-32768
8.040,-32768
8.065,-32768
8.090,-32768
8.115,-32768
8.140,-32768
8.165,-27159
8.190,-25021
8.215,-25014
8.240,-22693
8.265,-17367
8.290,-12527
8.315,-10839
8.340,-10783
8.365,-9103
8.390,-5218
8.415,-1666
8.440,-416
8.465,-319
8.490,1063
8.515,4080
8.540,6671
8.565,7267
8.590,6816
8.615,7324
8.640,9142
8.665,10668
8.690,10658
8.715,9855
8.740,9847
8.765,10898
8.790,11708
8.815,11270
8.840,10184
8.865,9741
8.890,10167
8.915,10422
8.940,9706
8.965,8506
8.990,7856
9.015,7918
9.040,7847
9.065,7015
9.090,5874
9.115,5317
9.140,5494
9.165,5663
9.190,5204
9.215,4370
9.240,3838
9.265,3774
9.290,3677
9.315,3123
9.340,2341
9.365,1862
9.390,1802
9.415,1750
9.440,1356
9.465,778
9.490,419
9.515,367
9.540,312
9.565,-4
9.590,-451
9.615,-714
9.640,-727
9.665,-740
9.690,-962
9.715,-1279
9.740,-1404
9.765,-1231
9.790,-933
9.815,-723
9.840,-630
9.865,-537
9.890,-390
9.915,-268
9.940,-252
9.965,-299
9.990,-298
10.015,-210
10.040,-106
10.065,-63
10.090,-71
10.115,-62
10.140,-12
10.165,29
10.190,10
10.215,-54
10.240,-102
10.265,-104
10.290,-97
10.315,-138
10.340,-227
10.365,-329
10.390,-415
10.415,-391
10.440,-222
10.465,35
10.490,277
10.515,425
10.540,481
10.565,499
10.590,518
10.615,536
10.640,531
10.665,503
10.690,482
10.715,489
10.740,512
10.765,512
10.790,469
10.815,402
10.840,339
10.865,287
10.890,225
10.915,137
10.940,36
10.965,-46
10.990,-105
11.015,-171
11.040,-278
11.065,-405
11.090,-478
11.115,-419
11.140,-220
11.165,45
11.190,275
11.215,412
11.240,469
11.265,490
11.290,505
11.315,513
11.340,503
11.365,485
11.390,481
11.415,499
11.440,524
11.465,525
11.490,490
11.515,429
11.540,365
11.565,307
11.590,246
11.615,170
11.640,82
11.665,0
11.690,-67
11.715,-130
11.740,-215
11.765,-327
11.790,-425
11.815,-436
11.840,-311
11.865,-75
11.890,185
11.915,379
11.940,470
11.965,491
11.990,494
12.015,502
12.040,503
12.065,486
12.090,466
12.115,468
12.140,494
12.165,510
12.190,487
12.215,429
12.240,367
12.265,318
12.290,267
12.315,191
12.340,95
12.365,7
12.390,-57
12.415,-124
12.440,-223
12.465,-339
12.490,-393
12.515,-314
12.540,-106
12.565,143
12.590,335
12.615,428
12.640,452
12.665,453
12.690,446
12.715,422
12.740,386
12.765,364
12.790,375
12.815,406
12.840,419
12.865,394
12.890,345
12.915,296
12.940,249
12.965,189
12.990,114
13.015,36
13.040,-32
13.065,-108
13.090,-209
13.115,-314
13.140,-353
13.165,-256
13.190,-29
13.215,236
13.240,434
13.265,520
13.290,535
13.315,536
13.340,543
13.365,535
13.390,497
13.415,455
13.440,445
13.465,469
13.490,488
13.515,463
13.540,397
13.565,326
13.590,275
13.615,229
13.640,159
13.665,62
13.690,-35
13.715,-112
13.740,-184
13.765,-283
13.790,-402
13.815,-479
13.840,-430
13.865,-233
13.890,48
13.915,302
13.940,452
13.965,501
13.990,502
14.015,502
14.040,506
14.065,497
14.090,474
14.115,457
14.140,465
14.165,486
14.190,487
14.215,451
14.240,390
14.265,331
14.290,280
14.315,219
14.340,132
14.365,30
14.390,-55
14.415,-120
14.440,-195
14.465,-305
14.490,-419
14.515,-451
14.540,-329
14.565,-72
14.590,219
14.615,433
14.640,532
14.665,552
14.690,549
14.715,543
14.740,524
14.765,491
14.790,463
14.815,462
14.840,476
14.865,476
14.890,445
14.915,395
14.940,344
14.965,289
14.990,216
15.015,126
15.040,39
15.065,-36
15.090,-121
15.115,-237
15.140,-357
15.165,-401
15.190,-299
15.215,-64
15.240,205
15.265,404
15.290,493
15.315,505
15.340,493
15.365,476
15.390,447
15.415,408
15.440,380
15.465,380
15.490,393
15.515,391
15.540,364
15.565,322
15.590,272
15.615,212
15.640,135
15.665,51
15.690,-24
15.715,-100
15.740,-202
15.765,-328
15.790,-417
15.815,-376
15.840,-173
15.865,121
15.890,382
15.915,524
15.940,559
15.965,555
15.990,554
16.015,546
16.040,511
16.065,462
16.090,438
16.115,452
16.140,469
16.165,451
16.190,395
16.215,329
16.240,272
16.265,209
16.290,118
16.315,9
16.340,-86
16.365,-166
16.390,-260
16.415,-390
16.440,-508
16.465,-516
16.490,-350
16.515,-57
16.540,238
16.565,429
16.590,502
16.615,515
16.640,520
16.665,522
16.690,503
16.715,467
16.740,446
16.765,456
16.790,476
16.815,471
16.840,431
16.865,376
16.890,325
16.915,268
16.940,186
16.965,85
16.990,-5
17.015,-78
17.040,-159
17.065,-279
17.090,-407
17.115,-452
17.140,-334
17.165,-71
17.190,223
17.215,432
17.240,520
17.265,537
17.290,547
17.315,561
17.340,554
17.365,517
17.390,483
17.415,485
17.440,513
17.465,522
17.490,486
17.515,422
17.540,362
17.565,313
17.590,248
17.615,151
17.640,47
17.665,-33
17.690,-96
17.715,-183
17.740,-314
17.765,-432
17.790,-441
17.815,-290
17.840,-29
17.865,227
17.890,393
17.915,460
17.940,471
17.965,466
17.990,451
18.015,424
18.040,394
18.065,379
18.090,383
18.115,387
18.140,375
18.165,345
18.190,304
18.215,254
18.240,191
18.265,122
18.290,54
18.315,-14
18.340,-101
18.365,-209
18.390,-295
18.415,-284
18.440,-136
18.465,107
18.490,343
18.515,487
18.540,532
18.565,527
18.590,516
18.615,503
18.640,473
18.665,435
18.690,418
18.715,432
18.740,450
18.765,438
18.790,390
18.815,330
18.840,273
18.865,211
18.890,126
18.915,30
18.940,-54
18.965,-123
18.990,-207
19.015,-324
19.040,-432
19.065,-440
19.090,-294
19.115,-37
19.140,218
19.165,380
19.190,443
19.215,459
19.240,472
19.265,478
19.290,460
19.315,428
19.340,415
19.365,432
19.390,453
19.415,443
19.440,398
19.465,344
19.490,298
19.515,247
19.540,172
19.565,80
19.590,-1
19.615,-69
19.640,-151
19.665,-267
19.690,-378
19.715,-398
19.740,-267
19.765,-20
19.790,232
19.815,398
19.840,466
19.865,488
19.890,505
19.915,517
19.940,502
19.965,469
19.990,451
20.015,463
20.040,480
20.065,470
20.090,424
20.115,369
20.140,321
20.165,268
20.190,191
20.215,96
20.240,11
20.265,-55
20.290,-132
20.315,-244
20.340,-359
20.365,-389
20.390,-270
20.415,-32
20.440,219
20.465,388
20.490,459
20.515,481
20.540,497
20.565,504
20.590,487
20.615,452
20.640,430
20.665,438
20.690,455
20.715,448
20.740,410
20.765,359
20.790,308
20.815,249
20.840,168
20.865,78
20.890,-1
20.915,-72
20.940,-163
20.965,-281
20.990,-377
21.015,-368
21.040,-215
21.065,31
21.090,261
21.115,398
21.140,444
21.165,452
21.190,455
21.215,449
21.240,426
21.265,397
21.290,388
21.315,402
21.340,413
21.365,394
21.390,349
21.415,295
21.440,242
21.465,180
21.490,104
21.515,23
21.540,-52
21.565,-134
21.590,-239
21.615,-347
21.640,-387
21.665,-295
21.690,-77
21.715,181
21.740,377
21.765,472
21.790,501
21.815,517
21.840,532
21.865,526
21.890,493
21.915,461
21.940,460
21.965,482
21.990,490
22.015,455
22.040,390
22.065,326
22.090,273
22.115,210
22.140,121
22.165,21
22.190,-61
22.215,-127
22.240,-210
22.265,-329
22.290,-444
22.315,-469
22.340,-341
22.365,-92
22.390,174
22.415,363
22.440,453
22.465,489
22.490,521
22.515,553
22.540,563
22.565,543
22.590,522
22.615,527
22.640,551
22.665,559
22.690,524
22.715,457
22.740,389
22.765,328
22.790,258
22.815,162
22.840,53
22.865,-39
22.890,-108
22.915,-181
22.940,-288
22.965,-406
22.990,-459
23.015,-379
23.040,-169
23.065,88
23.090,298
23.115,416
23.140,463
23.165,486
23.190,506
23.215,515
23.240,505
23.265,487
23.290,483
23.315,499
23.340,518
23.365,514
23.390,477
23.415,419
23.440,360
23.465,306
23.490,246
23.515,170
23.540,80
23.565,-6
23.590,-75
23.615,-133
23.640,-207
23.665,-307
23.690,-405
23.715,-432
23.740,-332
23.765,-117
23.790,133
23.815,326
23.840,418
23.865,439
23.890,442
23.915,455
23.940,465
23.965,456
23.990,439
24.015,439
24.040,461
24.065,478
24.090,463
24.115,417
24.140,365
24.165,324
24.190,278
24.215,208
24.240,118
24.265,38
24.290,-18
24.315,-77
24.340,-167
24.365,-271
24.390,-319
24.415,-244
24.440,-51
24.465,177
24.490,349
24.515,429
24.540,446
24.565,446
24.590,441
24.615,423
24.640,392
24.665,369
24.690,372
24.715,390
24.740,394
24.765,371
24.790,331
24.815,289
24.840,241
24.865,177
24.890,98
24.915,25
24.940,-33
24.965,-96
24.990,-189
25.015,-292
25.040,-332
25.065,-246
25.090,-39
25.115,201
25.140,377
25.165,454
25.190,470
25.215,476
25.240,484
25.265,475
25.290,442
25.315,412
25.340,412
25.365,432
25.390,437
25.415,406
25.440,354
25.465,305
25.490,262
25.515,203
25.540,118
25.565,25
25.590,-51
25.615,-123
25.640,-220
25.665,-342
25.690,-424
25.715,-379
25.740,-184
25.765,85
25.790,316
25.815,444
25.840,492
25.865,513
25.890,530
25.915,527
25.940,492
25.965,452
25.990,443
26.015,465
26.040,481
26.065,458
26.090,404
26.115,351
26.140,307
26.165,251
26.190,166
26.215,68
26.240,-14
26.265,-85
26.290,-178
26.315,-302
26.340,-400
26.365,-381
26.390,-205
26.415,65
26.440,312
26.465,456
26.490,506
26.515,519
26.540,527
26.565,522
26.590,492
26.615,455
26.640,440
26.665,452
26.690,463
26.715,447
26.740,406
26.765,359
26.790,309
26.815,243
26.840,154
26.865,62
26.890,-16
26.915,-94
26.940,-199
26.965,-323
26.990,-401
27.015,-351
27.040,-159
27.065,103
27.090,326
27.115,449
27.140,483
27.165,475
27.190,459
27.215,435
27.240,405
27.265,380
27.290,372
27.315,377
27.340,379
27.365,364
27.390,329
27.415,275
27.440,205
27.465,126
27.490,50
27.515,-23
27.540,-110
27.565,-225
27.590,-341
27.615,-389
27.640,-305
27.665,-92
27.690,166
27.715,369
27.740,470
27.765,492
27.790,484
27.815,474
27.840,456
27.865,426
27.890,396
27.915,382
27.940,384
27.965,382
27.990,362
28.015,318
28.040,255
28.065,178
28.090,97
28.115,19
28.140,-56
28.165,-146
28.190,-263
28.215,-376
28.240,-414
28.265,-314
28.290,-86
28.315,178
28.340,377
28.365,474
28.390,503
28.415,516
28.440,528
28.465,522
28.490,494
28.515,470
28.540,475
28.565,501
28.590,510
28.615,482
28.640,430
28.665,379
28.690,336
28.715,282
28.740,208
28.765,122
28.790,36
28.815,-57
28.840,-171
28.865,-279
28.890,-315
28.915,-219
28.940,-1
28.965,254
28.990,448
29.015,539
29.040,557
29.065,550
29.090,540
29.115,518
29.140,479
29.165,440
29.190,426
29.215,439
29.240,451
29.265,434
29.290,383
29.315,319
29.340,260
29.365,205
29.390,136
29.415,45
29.440,-53
29.465,-140
29.490,-210
29.515,-288
29.540,-394
29.565,-511
29.590,-576
29.615,-519
29.640,-328
29.665,-66
29.690,163
29.715,301
29.740,355
29.765,380
29.790,409
29.815,433
29.840,432
29.865,410
29.890,402
29.915,427
29.940,463
29.965,470
29.990,435
30.015,382
30.040,340
30.065,305
30.090,254
30.115,179
30.140,106
30.165,56
30.190,14
30.215,-63
30.240,-180
30.265,-273
30.290,-253
30.315,-90
30.340,147
30.365,356
30.390,477
30.415,524
30.440,540
30.465,545
30.490,527
30.515,484
30.540,444
30.565,435
30.590,453
30.615,463
30.640,441
30.665,396
30.690,348
30.715,303
30.740,244
30.765,166
30.790,84
30.815,13
30.840,-59
30.865,-158
30.890,-271
30.915,-334
30.940,-276
30.965,-92
30.990,137
31.015,318
31.040,405
31.065,424
31.090,421
31.115,415
31.140,398
31.165,369
31.190,348
31.215,350
31.240,367
31.265,373
31.290,351
31.315,308
31.340,255
31.365,197
31.390,132
31.415,65
31.440,-3
31.465,-81
31.490,-181
31.515,-284
31.540,-330
31.565,-257
31.590,-63
31.615,177
31.640,367
31.665,460
31.690,482
31.715,485
31.740,490
31.765,482
31.790,453
31.815,421
31.840,411
31.865,422
31.890,428
31.915,405
31.940,357
31.965,297
31.990,231
32.015,153
32.040,66
32.065,-13
32.090,-86
32.115,-174
32.140,-292
32.165,-401
32.190,-421
32.215,-293
32.240,-47
32.265,211
32.290,389
32.315,467
32.340,492
32.365,507
32.390,515
32.415,497
32.440,460
32.465,436
32.490,442
32.515,457
32.540,447
32.565,402
32.590,346
32.615,296
32.640,241
32.665,162
32.690,64
32.715,-25
32.740,-96
32.765,-176
32.790,-287
32.815,-399
32.840,-430
32.865,-313
32.890,-69
32.915,196
32.940,385
32.965,470
32.990,498
33.015,520
33.040,539
33.065,536
33.090,506
33.115,478
33.140,480
33.165,503
33.190,509
33.215,477
33.240,419
33.265,363
33.290,313
33.315,249
33.340,159
33.365,58
33.390,-27
33.415,-94
33.440,-174
33.465,-286
33.490,-395
33.515,-421
33.540,-305
33.565,-71
33.590,185
33.615,373
33.640,462
33.665,489
33.690,501
33.715,509
33.740,500
33.765,472
33.790,447
33.815,450
33.840,473
33.865,481
33.890,452
33.915,398
33.940,342
33.965,291
33.990,230
34.015,148
34.040,58
34.065,-16
34.090,-81
34.115,-167
34.140,-283
34.165,-380
34.190,-374
34.215,-227
34.240,11
34.265,239
34.290,381
34.315,435
34.340,447
34.365,451
34.390,446
34.415,424
34.440,396
34.465,388
34.490,401
34.515,413
34.540,399
34.565,361
34.590,316
34.615,272
34.640,216
34.665,141
34.690,57
34.715,-18
34.740,-90
34.765,-179
34.790,-280
34.815,-340
34.840,-291
34.865,-118
34.890,112
34.915,307
34.940,416
34.965,455
34.990,471
35.015,482
35.040,475
35.065,445
35.090,413
35.115,410
35.140,433
35.165,449
35.190,429
35.215,379
35.240,322
35.265,270
35.290,208
35.315,127
35.340,38
35.365,-36
35.390,-102
35.415,-185
35.440,-294
35.465,-386
35.490,-384
35.515,-247
35.540,-16
35.565,213
35.590,365
35.615,432
35.640,458
35.665,481
35.690,501
35.715,499
35.740,477
35.765,459
35.790,468
35.815,491
35.840,496
35.865,461
35.890,402
35.915,346
35.940,299
35.965,245
35.990,165
36.015,72
36.040,-7
36.065,-66
36.090,-131
36.115,-232
36.140,-350
36.165,-414
36.190,-356
36.215,-171
36.240,71
36.265,281
36.290,413
36.315,476
36.340,507
36.365,526
36.390,534
36.415,529
36.440,522
36.465,524
36.490,537
36.515,548
36.540,543
36.565,518
36.590,476
36.615,421
36.640,360
36.665,296
36.690,228
36.715,150
36.740,61
36.765,-29
36.790,-104
36.815,-164
36.840,-232
36.865,-330
36.890,-440
36.915,-489
36.940,-409
36.965,-198
36.990,61
37.015,267
37.040,371
37.065,400
37.090,408
37.115,419
37.140,421
37.165,405
37.190,386
37.215,388
37.240,411
37.265,426
37.290,415
37.315,378
37.340,333
37.365,285
37.390,226
37.415,155
37.440,84
37.465,19
37.490,-54
37.515,-147
37.540,-231
37.565,-240
37.590,-124
37.615,91
37.640,315
37.665,462
37.690,517
37.715,524
37.740,524
37.765,519
37.790,491
37.815,445
37.840,415
37.865,422
37.890,446
37.915,444
37.940,399
37.965,336
37.990,280
38.015,227
38.040,154
38.065,58
38.090,-34
38.115,-105
38.140,-177
38.165,-281
38.190,-403
38.215,-465
38.240,-386
38.265,-166
38.290,102
38.315,311
38.340,416
38.365,453
38.390,473
38.415,489
38.440,481
38.465,446
38.490,414
38.515,414
38.540,436
38.565,446
38.590,424
38.615,379
38.640,333
38.665,284
38.690,216
38.715,128
38.740,43
38.765,-27
38.790,-103
38.815,-211
38.840,-328
38.865,-375
38.890,-279
38.915,-54
38.940,205
38.965,394
38.990,480
39.015,503
39.040,513
39.065,520
39.090,505
39.115,470
39.140,444
39.165,445
39.190,461
39.215,459
39.240,426
39.265,377
39.290,327
39.315,270
39.340,193
39.365,102
39.390,19
39.415,-50
39.440,-133
39.465,-248
39.490,-362
39.515,-393
39.540,-283
39.565,-54
39.590,195
39.615,375
39.640,457
39.665,473
39.690,464
39.715,444
39.740,415
39.765,384
39.790,367
39.815,368
39.840,374
39.865,367
39.890,341
39.915,300
39.940,246
39.965,180
39.990,112
40.015,51
40.040,-12
40.065,-99
40.090,-215
40.115,-314
40.140,-318
40.165,-184
40.190,48
40.215,284
40.240,441
40.265,507
40.290,522
40.315,520
40.340,505
40.365,472
40.390,432
40.415,409
40.440,411
40.465,419
40.490,408
40.515,370
40.540,317
40.565,253
40.590,180
40.615,100
40.640,21
40.665,-55
40.690,-148
40.715,-266
40.740,-374
40.765,-395
40.790,-277
40.815,-45
40.840,203
40.865,378
40.890,456
40.915,478
40.940,487
40.965,491
40.990,476
41.015,446
41.040,426
41.065,427
41.090,436
41.115,427
41.140,395
41.165,351
41.190,302
41.215,240
41.240,159
41.265,73
41.290,-1
41.315,-76
41.340,-175
41.365,-290
41.390,-360
41.415,-311
41.440,-127
41.465,120
41.490,328
41.515,440
41.540,474
41.565,477
41.590,473
41.615,459
41.640,432
41.665,411
41.690,410
41.715,422
41.740,420
41.765,393
41.790,349
41.815,300
41.840,246
41.865,178
41.890,100
41.915,25
41.940,-49
41.965,-140
41.990,-248
42.015,-326
42.040,-303
42.065,-149
42.090,84
42.115,299
42.140,423
42.165,455
42.190,442
42.215,426
42.240,415
42.265,399
42.290,381
42.315,372
42.340,375
42.365,379
42.390,368
42.415,334
42.440,280
42.465,214
42.490,143
42.515,75
42.540,10
42.565,-66
42.590,-168
42.615,-277
42.640,-332
42.665,-272
42.690,-91
42.715,143
42.740,339
42.765,445
42.790,476
42.815,480
42.840,479
42.865,469
42.890,445
42.915,420
42.940,414
42.965,423
42.990,423
43.015,395
43.040,342
43.065,279
43.090,214
43.115,147
43.140,74
43.165,0
43.190,-83
43.215,-185
43.240,-300
43.265,-377
43.290,-351
43.315,-194
43.340,43
43.365,263
43.390,398
43.415,450
43.440,470
43.465,488
43.490,498
43.515,481
43.540,449
43.565,435
43.590,450
43.615,469
43.640,458
43.665,411
43.690,353
43.715,301
43.740,246
43.765,170
43.790,79
43.815,-5
43.840,-77
43.865,-159
43.890,-266
43.915,-361
43.940,-368
43.965,-237
43.990,-5
44.015,228
44.040,381
44.065,445
44.090,467
44.115,488
44.140,503
44.165,496
44.190,470
44.215,455
44.240,468
44.265,489
44.290,483
44.315,441
44.340,385
44.365,334
44.390,282
44.415,209
44.440,119
44.465,34
44.490,-29
44.515,-95
44.540,-192
44.565,-306
44.590,-369
44.615,-312
44.640,-132
44.665,94
44.690,276
44.715,374
44.740,407
44.765,415
44.790,414
44.815,400
44.840,379
44.865,366
44.890,373
44.915,388
44.940,387
44.965,362
44.990,322
45.015,278
45.040,227
45.065,165
45.090,97
45.115,32
45.140,-33
45.165,-120
45.190,-223
45.215,-293
45.240,-264
45.265,-112
45.290,110
45.315,309
45.340,425
45.365,465
45.390,475
45.415,482
45.440,478
45.465,455
45.490,427
45.515,418
45.540,432
45.565,440
45.590,416
45.615,365
45.640,308
45.665,254
45.690,190
45.715,108
45.740,22
45.765,-50
45.790,-118
45.815,-208
45.840,-320
45.865,-399
45.890,-366
45.915,-196
45.940,46
45.965,255
45.990,372
46.015,415
46.040,440
46.065,469
46.090,484
46.115,466
46.140,437
46.165,431
46.190,456
46.215,478
46.240,463
46.265,413
46.290,358
46.315,315
46.340,268
46.365,195
46.390,103
46.415,23
46.440,-33
46.465,-93
46.490,-188
46.515,-301
46.540,-360
46.565,-297
46.590,-111
46.615,125
46.640,322
46.665,437
46.690,485
46.715,502
46.740,511
46.765,512
46.790,502
46.815,491
46.840,493
46.865,508
46.890,522
46.915,516
46.940,482
46.965,426
46.990,363
47.015,303
47.040,245
47.065,178
47.090,97
47.115,11
47.140,-62
47.165,-122
47.190,-186
47.215,-277
47.240,-379
47.265,-430
47.290,-361
47.315,-166
47.340,82
47.365,287
47.390,391
47.415,416
47.440,413
47.465,413
47.490,407
47.515,385
47.540,362
47.565,365
47.590,396
47.615,422
47.640,413
47.665,370
47.690,320
47.715,278
47.740,233
47.765,170
47.790,94
47.815,25
47.840,-34
47.865,-105
47.890,-197
47.915,-270
47.940,-251
47.965,-104
47.990,124
48.015,336
48.040,459
48.065,496
48.090,498
48.115,497
48.140,489
48.165,460
48.190,423
48.215,410
48.240,429
48.265,451
48.290,439
48.315,390
48.340,333
48.365,286
48.390,237
48.415,164
48.440,70
48.465,-17
48.490,-84
48.515,-157
48.540,-263
48.565,-378
48.590,-423
48.615,-327
48.640,-105
48.665,150
48.690,339
48.715,432
48.740,461
48.765,470
48.790,470
48.815,451
48.840,420
48.865,402
48.890,412
48.915,433
48.940,435
48.965,408
48.990,365
49.015,318
49.040,263
49.065,191
49.090,108
49.115,34
49.140,-33
49.165,-120
49.190,-236
49.215,-336
49.240,-337
49.265,-193
49.290,53
49.315,298
49.340,457
49.365,519
49.390,528
49.415,522
49.440,508
49.465,477
49.490,441
49.515,423
49.540,431
49.565,444
49.590,438
49.615,409
49.640,365
49.665,311
49.690,242
49.715,160
49.740,79
49.765,7
49.790,-70
49.815,-176
49.840,-297
49.865,-366
49.890,-311
49.915,-120
49.940,134
49.965,349
49.990,462
50.015,483
50.040,459
50.065,428
50.090,395
50.115,359
50.140,326
50.165,310
50.190,311
50.215,315
50.240,302
50.265,261
50.290,201
50.315,135
50.340,78
50.365,30
50.390,-23
50.415,-104
50.440,-212
50.465,-304
50.490,-313
50.515,-195
50.540,28
50.565,277
50.590,464
50.615,548
50.640,550
50.665,518
50.690,485
50.715,458
50.740,431
50.765,404
50.790,390
50.815,393
50.840,400
50.865,386
50.890,332
50.915,246
50.940,156
50.965,79
50.990,6
51.015,-90
51.040,-222
51.065,-347
51.090,-390
51.115,-297
51.140,-81
51.165,176
51.190,382
51.215,490
51.240,514
51.265,496
51.290,469
51.315,441
51.340,414
51.365,391
51.390,379
51.415,378
51.440,377
51.465,360
51.490,316
51.515,245
51.540,162
51.565,85
51.590,19
51.615,-51
51.640,-155
51.665,-284
51.690,-384
51.715,-377
51.740,-226
51.765,22
51.790,271
51.815,441
51.840,515
51.865,529
51.890,524
51.915,512
51.940,493
51.965,471
51.990,458
52.015,459
52.040,462
52.065,449
52.090,414
52.115,359
52.140,288
52.165,206
52.190,122
52.215,47
52.240,-23
52.265,-113
52.290,-232
52.315,-345
52.340,-377
52.365,-273
52.390,-52
52.415,197
52.440,383
52.465,470
52.490,485
52.515,473
52.540,458
52.565,440
52.590,418
52.615,401
52.640,397
52.665,400
52.690,395
52.715,369
52.740,321
52.765,259
52.790,191
52.815,127
52.840,64
52.865,-9
52.890,-110
52.915,-224
52.940,-303
52.965,-285
52.990,-146
53.015,71
53.040,280
53.065,413
53.090,458
53.115,451
53.140,431
53.165,412
53.190,390
53.215,367
53.240,351
53.265,347
53.290,350
53.315,345
53.340,322
53.365,275
53.390,209
53.415,135
53.440,67
53.465,5
53.490,-66
53.515,-163
53.540,-264
53.565,-307
53.590,-233
53.615,-44
53.640,185
53.665,364
53.690,451
53.715,471
53.740,468
53.765,464
53.790,448
53.815,418
53.840,393
53.865,395
53.890,413
53.915,417
53.940,389
53.965,336
53.990,277
54.015,218
54.040,151
54.065,76
54.090,3
54.115,-69
54.140,-160
54.165,-272
54.190,-360
54.215,-350
54.240,-204
54.265,32
54.290,255
54.315,388
54.340,435
54.365,448
54.390,460
54.415,466
54.440,446
54.465,415
54.490,402
54.515,417
54.540,432
54.565,420
54.590,379
54.615,331
54.640,285
54.665,229
54.690,155
54.715,76
54.740,7
54.765,-61
54.790,-157
54.815,-272
54.840,-345
54.865,-296
54.890,-111
54.915,133
54.940,334
54.965,439
54.990,471
55.015,479
55.040,484
55.065,475
55.090,448
55.115,426
55.140,427
55.165,443
55.190,444
55.215,417
55.240,374
55.265,329
55.290,278
55.315,209
55.340,127
55.365,52
55.390,-10
55.415,-84
55.440,-191
55.465,-302
55.490,-342
55.515,-252
55.540,-48
55.565,182
55.590,351
55.615,428
55.640,438
55.665,422
55.690,400
55.715,373
55.740,349
55.765,336
55.790,339
55.815,345
55.840,342
55.865,320
55.890,279
55.915,222
55.940,156
55.965,93
55.990,39
56.015,-19
56.040,-108
56.065,-220
56.090,-301
56.115,-277
56.140,-118
56.165,121
56.190,344
56.215,482
56.240,533
56.265,539
56.290,529
56.315,505
56.340,466
56.365,431
56.390,421
56.415,433
56.440,439
56.465,417
56.490,368
56.515,310
56.540,247
56.565,174
56.590,89
56.615,7
56.640,-70
56.665,-160
56.690,-277
56.715,-384
56.740,-402
56.765,-275
56.790,-31
56.815,226
56.840,400
56.865,470
56.890,483
56.915,486
56.940,484
56.965,461
56.990,424
57.015,406
57.040,419
57.065,441
57.090,435
57.115,393
57.140,337
57.165,283
57.190,224
57.215,145
57.240,55
57.265,-24
57.290,-95
57.315,-183
57.340,-299
57.365,-389
57.390,-363
57.415,-184
57.440,85
57.465,327
57.490,461
57.515,500
57.540,505
57.565,509
57.590,501
57.615,469
57.640,434
57.665,429
57.690,454
57.715,471
57.740,448
57.765,392
57.790,337
57.815,292
57.840,234
57.865,147
57.890,50
57.915,-27
57.940,-90
57.965,-175
57.990,-296
58.015,-399
58.040,-393
58.065,-236
58.090,15
58.115,252
58.140,398
58.165,452
58.190,458
58.215,448
58.240,429
58.265,401
58.290,380
58.315,383
58.340,405
58.365,421
58.390,415
58.415,387
58.440,343
58.465,284
58.490,211
58.515,135
58.540,69
58.565,6
58.590,-77
58.615,-189
58.640,-285
58.665,-289
58.690,-159
58.715,66
58.740,295
58.765,445
58.790,500
58.815,494
58.840,467
58.865,437
58.890,406
58.915,380
58.940,367
58.965,367
58.990,370
59.015,362
59.040,336
59.065,290
59.090,226
59.115,153
59.140,84
59.165,20
59.190,-52
59.215,-154
59.240,-268
59.265,-334
59.290,-284
59.315,-106
59.340,137
59.365,347
59.390,462
59.415,490
59.440,477
59.465,458
59.490,439
59.515,416
59.540,395
59.565,386
59.590,388
59.615,385
59.640,364
59.665,322
59.690,263
59.715,194
59.740,121
59.765,52
59.790,-12
59.815,-92
59.840,-200
59.865,-313
59.890,-366
59.915,-292
59.940,-89
59.965,163
59.990,366
60.015,469
60.040,496
60.065,492
60.090,480
60.115,457
60.140,422
60.165,395
60.190,391
60.215,403
60.240,404
60.265,380
60.290,337
60.315,286
60.340,226
60.365,150
60.390,67
60.415,-7
60.440,-80
60.465,-173
60.490,-286
60.515,-365
60.540,-327
60.565,-142
60.590,124
60.615,359
60.640,488
60.665,522
60.690,520
60.715,514
60.740,500
60.765,466
60.790,431
60.815,422
60.840,440
60.865,453
60.890,433
60.915,386
60.940,333
60.965,280
60.990,214
61.015,131
61.040,47
61.065,-21
61.090,-92
61.115,-190
61.140,-306
61.165,-370
61.190,-303
61.215,-95
61.240,173
61.265,390
61.290,498
61.315,512
61.340,485
61.365,452
61.390,419
61.415,384
61.440,358
61.465,350
61.490,356
61.515,360
61.540,343
61.565,304
61.590,248
61.615,184
61.640,119
61.665,55
61.690,-15
61.715,-108
61.740,-223
61.765,-325
61.790,-347
61.815,-237
61.840,-10
61.865,248
61.890,445
61.915,531
61.940,529
61.965,492
61.990,455
62.015,421
62.040,386
62.065,355
62.090,346
62.115,358
62.140,367
62.165,346
62.190,285
62.215,208
62.240,139
62.265,85
62.290,19
62.315,-83
62.340,-217
62.365,-329
62.390,-345
62.415,-227
62.440,1
62.465,259
62.490,458
62.515,555
62.540,565
62.565,531
62.590,490
62.615,455
62.640,422
62.665,393
62.690,377
62.715,375
62.740,376
62.765,355
62.790,299
62.815,216
62.840,133
62.865,64
62.890,-3
62.915,-101
62.940,-234
62.965,-362
62.990,-411
63.015,-322
63.040,-106
63.065,161
63.090,383
63.115,504
63.140,531
63.165,510
63.190,482
63.215,456
63.240,427
63.265,396
63.290,374
63.315,372
63.340,377
63.365,364
63.390,313
63.415,232
63.440,149
63.465,82
63.490,20
63.515,-68
63.540,-197
63.565,-329
63.590,-389
63.615,-312
63.640,-100
63.665,171
63.690,401
63.715,527
63.740,553
63.765,528
63.790,495
63.815,467
63.840,437
63.865,406
63.890,387
63.915,388
63.940,395
63.965,382
63.990,333
64.015,256
64.040,177
64.065,113
64.090,51
64.115,-35
64.140,-158
64.165,-284
64.190,-346
64.215,-286
64.240,-98
64.265,152
64.290,373
64.315,498
64.340,524
64.365,494
64.390,455
64.415,422
64.440,391
64.465,360
64.490,340
64.515,340
64.540,347
64.565,332
64.590,280
64.615,207
64.640,140
64.665,89
64.690,30
64.715,-62
64.740,-186
64.765,-287
64.790,-295
64.815,-175
64.840,41
64.865,275
64.890,444
64.915,512
64.940,501
64.965,460
64.990,423
65.015,396
65.040,370
65.065,347
65.090,337
65.115,343
65.140,342
65.165,307
65.190,234
65.215,152
65.240,89
65.265,39
65.290,-33
65.315,-150
65.340,-275
65.365,-327
65.390,-248
65.415,-51
65.440,183
65.465,375
65.490,481
65.515,511
65.540,495
65.565,459
65.590,421
65.615,393
65.640,381
65.665,383
65.690,386
65.715,378
65.740,354
65.765,307
65.790,239
65.815,160
65.840,89
65.865,31
65.890,-32
65.915,-130
65.940,-257
65.965,-352
65.990,-335
66.015,-175
66.040,73
66.065,306
66.090,446
66.115,490
66.140,484
66.165,469
66.190,453
66.215,432
66.240,411
66.265,403
66.290,411
66.315,417
66.340,403
66.365,366
66.390,313
66.415,252
66.440,184
66.465,112
66.490,41
66.515,-30
66.540,-121
66.565,-233
66.590,-325
66.615,-330
66.640,-203
66.665,22
66.690,258
66.715,419
66.740,484
66.765,491
66.790,481
66.815,471
66.840,457
66.865,439
66.890,428
66.915,429
66.940,431
66.965,417
66.990,382
67.015,329
67.040,266
67.065,194
67.090,120
67.115,48
67.140,-22
67.165,-111
67.190,-221
67.215,-318
67.240,-332
67.265,-220
67.290,-8
67.315,214
67.340,362
67.365,414
67.390,407
67.415,385
67.440,363
67.465,336
67.490,309
67.515,295
67.540,300
67.565,307
67.590,294
67.615,256
67.640,206
67.665,152
67.690,89
67.715,12
67.740,-70
67.765,-145
67.790,-218
67.815,-304
67.840,-387
67.865,-408
67.890,-301
67.915,-67
67.940,210
67.965,424
67.990,525
68.015,549
68.040,558
68.065,579
68.090,596
68.115,594
68.140,587
68.165,600
68.190,627
68.215,635
68.240,601
68.265,536
68.290,474
68.315,422
68.340,356
68.365,260
68.390,149
68.415,56
68.440,-17
68.465,-108
68.490,-240
68.515,-375
68.540,-424
68.565,-326
68.590,-107
68.615,134
68.640,308
68.665,392
68.690,424
68.715,446
68.740,464
68.765,464
68.790,446
68.815,435
68.840,449
68.865,479
68.890,491
68.915,464
68.940,411
68.965,357
68.990,310
69.015,257
69.040,182
69.065,95
69.090,16
69.115,-45
69.140,-115
69.165,-213
69.190,-324
69.215,-383
69.240,-327
69.265,-150
69.290,79
69.315,273
69.340,384
69.365,428
69.390,449
69.415,469
69.440,479
69.465,465
69.490,437
69.515,416
69.540,412
69.565,413
69.590,400
69.615,370
69.640,330
69.665,284
69.690,223
69.715,147
69.740,68
69.765,3
69.790,-52
69.815,-129
69.840,-240
69.865,-351
69.890,-387
69.915,-297
69.940,-100
69.965,127
69.990,303
70.015,390
70.040,404
70.065,380
70.090,349
70.115,326
70.140,317
70.165,320
70.190,323
70.215,315
70.240,293
70.265,260
70.290,216
70.315,159
70.340,89
70.365,20
70.390,-36
70.415,-86
70.440,-152
70.465,-243
70.490,-323
70.515,-324
70.540,-201
70.565,26
70.590,278
70.615,472
70.640,576
70.665,612
70.690,620
70.715,620
70.740,609
70.765,584
70.790,558
70.815,544
70.840,542
70.865,532
70.890,492
70.915,415
70.940,322
70.965,237
70.990,170
71.015,101
71.040,5
71.065,-124
71.090,-248
71.115,-300
71.140,-235
71.165,-65
71.190,143
71.215,315
71.240,411
71.265,439
71.290,431
71.315,414
71.340,396
71.365,375
71.390,353
71.415,338
71.440,333
71.465,332
71.490,319
71.515,279
71.540,212
71.565,137
71.590,73
71.615,22
71.640,-42
71.665,-143
71.690,-264
71.715,-340
71.740,-305
71.765,-146
71.790,77
71.815,279
71.840,406
71.865,462
71.890,481
71.915,487
71.940,481
71.965,464
71.990,443
72.015,430
72.040,426
72.065,419
72.090,400
72.115,364
72.140,313
72.165,243
72.190,162
72.215,82
72.240,12
72.265,-58
72.290,-156
72.315,-274
72.340,-361
72.365,-344
72.390,-197
72.415,28
72.440,240
72.465,373
72.490,422
72.515,426
72.540,415
72.565,397
72.590,375
72.615,357
72.640,353
72.665,358
72.690,358
72.715,345
72.740,324
72.765,300
72.790,269
72.815,223
72.840,165
72.865,105
72.890,39
72.915,-46
72.940,-152
72.965,-231
72.990,-216
73.015,-80
73.040,133
73.065,333
73.090,452
73.115,487
73.140,476
73.165,452
73.190,424
73.215,392
73.240,363
73.265,350
73.290,350
73.315,346
73.340,326
73.365,289
73.390,239
73.415,179
73.440,109
73.465,38
73.490,-30
73.515,-105
73.540,-200
73.565,-303
73.590,-357
73.615,-297
73.640,-109
73.665,138
73.690,345
73.715,453
73.740,482
73.765,485
73.790,490
73.815,485
73.840,458
73.865,426
73.890,417
73.915,432
73.940,441
73.965,414
73.990,358
74.015,297
74.040,239
74.065,173
74.090,91
74.115,6
74.140,-64
74.165,-134
74.190,-233
74.215,-357
74.240,-439
74.265,-392
74.290,-193
74.315,82
74.340,319
74.365,449
74.390,491
74.415,503
74.440,514
74.465,513
74.490,487
74.515,454
74.540,448
74.565,472
74.590,493
74.615,476
74.640,421
74.665,360
74.690,311
74.715,262
74.740,188
74.765,90
74.790,-3
74.815,-73
74.840,-136
74.865,-227
74.890,-342
74.915,-418
74.940,-377
74.965,-196
74.990,64
75.015,298
75.040,440
75.065,494
75.090,509
75.115,518
75.140,521
75.165,505
75.190,480
75.215,472
75.240,489
75.265,508
75.290,496
75.315,448
75.340,387
75.365,334
75.390,283
75.415,210
75.440,112
75.465,15
75.490,-58
75.515,-124
75.540,-217
75.565,-336
75.590,-418
75.615,-380
75.640,-195
75.665,66
75.690,297
75.715,428
75.740,471
75.765,471
75.790,461
75.815,439
75.840,404
75.865,374
75.890,370
75.915,388
75.940,399
75.965,381
75.990,342
76.015,300
76.040,256
76.065,196
76.090,117
76.115,39
76.140,-22
76.165,-81
76.190,-170
76.215,-284
76.240,-357
76.265,-307
76.290,-117
76.315,140
76.340,357
76.365,472
76.390,502
76.415,498
76.440,486
76.465,464
76.490,428
76.515,398
76.540,394
76.565,411
76.590,420
76.615,401
76.640,356
76.665,303
76.690,243
76.715,170
76.740,88
76.765,11
76.790,-56
76.815,-137
76.840,-245
76.865,-349
76.890,-370
76.915,-249
76.940,-8
76.965,251
76.990,430
77.015,500
77.040,508
77.065,504
77.090,502
77.115,482
77.140,444
77.165,417
77.190,424
77.215,450
77.240,455
77.265,418
77.290,357
77.315,299
77.340,250
77.365,190
77.390,107
77.415,15
77.440,-63
77.465,-135
77.490,-227
77.515,-345
77.540,-438
77.565,-425
77.590,-265
77.615,-3
77.640,256
77.665,428
77.690,498
77.715,508
77.740,505
77.765,502
77.790,486
77.815,458
77.840,438
77.865,449
77.890,479
77.915,495
77.940,470
77.965,414
77.990,353
78.015,301
78.040,245
78.065,165
78.090,66
78.115,-23
78.140,-92
78.165,-162
78.190,-264
78.215,-381
78.240,-438
78.265,-357
78.290,-134
78.315,145
78.340,372
78.365,490
78.390,521
78.415,515
78.440,499
78.465,472
78.490,435
78.515,409
78.540,411
78.565,432
78.590,442
78.615,424
78.640,385
78.665,341
78.690,291
78.715,223
78.740,138
78.765,57
78.790,-10
78.815,-85
78.840,-190
78.865,-303
78.890,-348
78.915,-258
78.940,-41
78.965,215
78.990,409
79.015,501
79.040,516
79.065,497
79.090,463
79.115,414
79.140,363
79.165,331
79.190,331
79.215,347
79.240,353
79.265,336
79.290,299
79.315,247
79.340,180
79.365,104
79.390,30
79.415,-38
79.440,-118
79.465,-227
79.490,-345
79.515,-400
79.540,-319
79.565,-100
79.590,174
79.615,395
79.640,507
79.665,529
79.690,508
79.715,477
79.740,440
79.765,401
79.790,373
79.815,364
79.840,368
79.865,367
79.890,351
79.915,320
79.940,276
79.965,216
79.990,144
80.015,69
80.040,-4
80.065,-93
80.090,-210
80.115,-324
80.140,-360
80.165,-253
80.190,-14
80.215,260
80.240,463
80.265,552
80.290,562
80.315,547
80.340,526
80.365,491
80.390,445
80.415,412
80.440,412
80.465,427
80.490,426
80.515,395
80.540,345
80.565,290
80.590,225
80.615,140
80.640,44
80.665,-39
80.690,-116
80.715,-215
80.740,-347
80.765,-456
80.790,-447
80.815,-270
80.840,17
80.865,293
80.890,464
80.915,526
80.940,533
80.965,525
80.990,503
81.015,460
81.040,416
81.065,400
81.090,414
81.115,431
81.140,421
81.165,384
81.190,336
81.215,282
81.240,210
81.265,122
81.290,36
81.315,-34
81.340,-110
81.365,-219
81.390,-347
81.415,-416
81.440,-342
81.465,-118
81.490,170
81.515,406
81.540,531
81.565,560
81.590,545
81.615,518
81.640,482
81.665,442
81.690,412
81.715,406
81.740,415
81.765,419
81.790,402
81.815,363
81.840,308
81.865,241
81.890,165
81.915,90
81.940,17
81.965,-65
81.990,-174
82.015,-292
82.040,-354
82.065,-294
82.090,-96
82.115,171
82.140,403
82.165,525
82.190,540
82.215,497
82.240,443
82.265,397
82.290,356
82.315,322
82.340,306
82.365,312
82.390,324
82.415,315
82.440,271
82.465,201
82.490,128
82.515,69
82.540,18
82.565,-51
82.590,-156
82.615,-277
82.640,-354
82.665,-321
82.690,-154
82.715,96
82.740,335
82.765,484
82.790,526
82.815,501
82.840,461
82.865,429
82.890,401
82.915,370
82.940,347
82.965,344
82.990,357
83.015,356
83.040,316
83.065,242
83.090,165
83.115,107
83.140,57
83.165,-19
83.190,-137
83.215,-262
83.240,-323
83.265,-263
83.290,-82
83.315,155
83.340,367
83.365,494
83.390,531
83.415,511
83.440,474
83.465,439
83.490,409
83.515,381
83.540,361
83.565,357
83.590,365
83.615,362
83.640,324
83.665,246
83.690,157
83.715,84
83.740,32
83.765,-33
83.790,-139
83.815,-265
83.840,-343
83.865,-301
83.890,-126
83.915,119
83.940,340
83.965,476
83.990,521
84.015,512
84.040,484
84.065,452
84.090,421
84.115,398
84.140,388
84.165,390
84.190,394
84.215,382
84.240,348
84.265,290
84.290,219
84.315,147
84.340,82
84.365,16
84.390,-68
84.415,-183
84.440,-298
84.465,-352
84.490,-283
84.515,-88
84.540,165
84.565,381
84.590,497
84.615,519
84.640,495
84.665,466
84.690,443
84.715,419
84.740,393
84.765,379
84.790,383
84.815,392
84.840,379
84.865,330
84.890,257
84.915,184
84.940,124
84.965,70
84.990,-3
85.015,-110
85.040,-232
85.065,-314
85.090,-297
85.115,-157
85.140,68
85.165,297
85.190,450
85.215,496
85.240,467
85.265,416
85.290,377
85.315,352
85.340,330
85.365,312
85.390,310
85.415,321
85.440,321
85.465,287
85.490,217
85.515,142
85.540,84
85.565,36
85.590,-36
85.615,-151
85.640,-273
85.665,-330
85.690,-261
85.715,-69
85.740,178
85.765,393
85.790,516
85.815,546
85.840,517
85.865,473
85.890,438
85.915,413
85.940,391
85.965,373
85.990,365
86.015,365
86.040,357
86.065,315
86.090,236
86.115,145
86.140,72
86.165,19
86.190,-45
86.215,-156
86.240,-298
86.265,-396
86.290,-370
86.315,-197
86.340,62
86.365,307
86.390,463
86.415,520
86.440,514
86.465,488
86.490,461
86.515,437
86.540,416
86.565,400
86.590,397
86.615,400
86.640,394
86.665,360
86.690,290
86.715,198
86.740,111
86.765,43
86.790,-21
86.815,-114
86.840,-245
86.865,-365
86.890,-395
86.915,-282
86.940,-50
86.965,212
86.990,411
87.015,509
87.040,525
87.065,507
87.090,483
87.115,462
87.140,443
87.165,429
87.190,422
87.215,421
87.240,415
87.265,389
87.290,335
87.315,257
87.340,170
87.365,91
87.390,25
87.415,-46
87.440,-148
87.465,-273
87.490,-367
87.515,-354
87.540,-203
87.565,41
87.590,287
87.615,452
87.640,517
87.665,517
87.690,493
87.715,467
87.740,444
87.765,424
87.790,416
87.815,419
87.840,423
87.865,411
87.890,373
87.915,312
87.940,240
87.965,168
87.990,102
88.015,37
88.040,-45
88.065,-155
88.090,-274
88.115,-343
88.140,-303
88.165,-137
88.190,100
88.215,319
88.240,450
88.265,482
88.290,456
88.315,420
88.340,394
88.365,377
88.390,361
88.415,349
88.440,346
88.465,349
88.490,340
88.515,305
88.540,241
88.565,169
88.590,105
88.615,52
88.640,-11
88.665,-107
88.690,-224
88.715,-308
88.740,-295
88.765,-160
88.790,57
88.815,277
88.840,430
88.865,494
88.890,494
88.915,467
88.940,439
88.965,416
88.990,399
89.015,389
89.040,384
89.065,382
89.090,371
89.115,340
89.140,285
89.165,210
89.190,135
89.215,70
89.240,8
89.265,-76
89.290,-192
89.315,-302
89.340,-334
89.365,-236
89.390,-27
89.415,207
89.440,384
89.465,471
89.490,496
89.515,495
89.540,481
89.565,452
89.590,418
89.615,401
89.640,410
89.665,425
89.690,416
89.715,376
89.740,320
89.765,262
89.790,199
89.815,120
89.840,33
89.865,-46
89.890,-122
89.915,-218
89.940,-337
89.965,-428
89.990,-411
90.015,-249
90.040,4
90.065,245
90.090,396
90.115,457
90.140,472
90.165,474
90.190,464
90.215,440
90.240,417
90.265,414
90.290,430
90.315,438
90.340,420
90.365,378
90.390,326
90.415,266
90.440,193
90.465,112
90.490,38
90.515,-31
90.540,-118
90.565,-232
90.590,-333
90.615,-341
90.640,-207
90.665,33
90.690,278
90.715,441
90.740,508
90.765,521
90.790,519
90.815,508
90.840,481
90.865,452
90.890,441
90.915,452
90.940,460
90.965,439
90.990,391
91.015,334
91.040,276
91.065,209
91.090,127
91.115,43
91.140,-32
91.165,-112
91.190,-218
91.215,-334
91.240,-391
91.265,-318
91.290,-110
91.315,148
91.340,352
91.365,453
91.390,474
91.415,463
91.440,445
91.465,419
91.490,389
91.515,374
91.540,382
91.565,398
91.590,393
91.615,359
91.640,309
91.665,257
91.690,198
91.715,124
91.740,45
91.765,-26
91.790,-96
91.815,-187
91.840,-299
91.865,-377
91.890,-340
91.915,-157
91.940,108
91.965,346
91.990,480
92.015,520
92.040,521
92.065,519
92.090,508
92.115,478
92.140,444
92.165,436
92.190,458
92.215,473
92.240,449
92.265,387
92.290,318
92.315,261
92.340,202
92.365,121
92.390,24
92.415,-61
92.440,-131
92.465,-211
92.490,-324
92.515,-439
92.540,-470
92.565,-353
92.590,-107
92.615,166
92.640,364
92.665,455
92.690,478
92.715,489
92.740,500
92.765,497
92.790,473
92.815,451
92.840,458
92.865,484
92.890,493
92.915,460
92.940,399
92.965,341
92.990,297
93.015,246
93.040,164
93.065,63
93.090,-21
93.115,-79
93.140,-139
93.165,-238
93.190,-362
93.215,-435
93.240,-377
93.265,-177
93.290,89
93.315,320
93.340,462
93.365,525
93.390,548
93.415,555
93.440,549
93.465,534
93.490,525
93.515,533
93.540,550
93.565,557
93.590,543
93.615,511
93.640,472
93.665,424
93.690,363
93.715,292
93.740,218
93.765,145
93.790,65
93.815,-21
93.840,-105
93.865,-172
93.890,-233
93.915,-315
93.940,-426
93.965,-512
93.990,-493
94.015,-325
94.040,-57
94.065,201
94.090,363
94.115,423
94.140,432
94.165,436
94.190,440
94.215,431
94.240,412
94.265,408
94.290,430
94.315,455
94.340,454
94.365,418
94.390,367
94.415,320
94.440,272
94.465,208
94.490,128
94.515,55
94.540,-2
94.565,-66
94.590,-158
94.615,-259
94.640,-303
94.665,-222
94.690,-20
94.715,223
94.740,412
94.765,502
94.790,515
94.815,503
94.840,491
94.865,476
94.890,451
94.915,430
94.940,431
94.965,450
94.990,460
95.015,436
95.040,383
95.065,325
95.090,277
95.115,224
95.140,146
95.165,48
95.190,-43
95.215,-109
95.240,-169
95.265,-256
95.290,-372
95.315,-459
95.340,-434
95.365,-262
95.390,1
95.415,253
95.440,413
95.465,476
95.490,488
95.515,488
95.540,484
95.565,467
95.590,444
95.615,437
95.640,456
95.665,480
95.690,475
95.715,434
95.740,377
95.765,326
95.790,279
95.815,211
95.840,118
95.865,21
95.890,-56
95.915,-124
95.940,-215
95.965,-334
95.990,-426
96.015,-405
96.040,-231
96.065,41
96.090,303
96.115,469
96.140,530
96.165,535
96.190,529
96.215,522
96.240,502
96.265,474
96.290,459
96.315,470
96.340,488
96.365,481
96.390,440
96.415,381
96.440,326
96.465,271
96.490,197
96.515,100
96.540,2
96.565,-80
96.590,-161
96.615,-267
96.640,-394
96.665,-474
96.690,-421
96.715,-211
96.740,83
96.765,339
96.790,480
96.815,518
96.840,515
96.865,513
96.890,506
96.915,478
96.940,441
96.965,428
96.990,448
97.015,468
97.040,451
97.065,396
97.090,335
97.115,288
97.140,238
97.165,157
97.190,50
97.215,-46
97.240,-116
97.265,-185
97.290,-292
97.315,-419
97.340,-476
97.365,-377
97.390,-125
97.415,175
97.440,403
97.465,512
97.490,539
97.515,540
97.540,536
97.565,516
97.590,485
97.615,464
97.640,472
97.665,489
97.690,485
97.715,451
97.740,404
97.765,358
97.790,301
97.815,218
97.840,118
97.865,31
97.890,-35
97.915,-111
97.940,-226
97.965,-352
97.990,-406
98.015,-312
98.040,-85
98.065,181
98.090,383
98.115,479
98.140,494
98.165,472
98.190,439
98.215,400
98.240,364
98.265,347
98.290,350
98.315,360
98.340,358
98.365,336
98.390,296
98.415,238
98.440,164
98.465,86
98.490,14
98.515,-54
98.540,-144
98.565,-263
98.590,-370
98.615,-389
98.640,-265
98.665,-26
98.690,234
98.715,421
98.740,502
98.765,511
98.790,493
98.815,473
98.840,449
98.865,423
98.890,405
98.915,399
98.940,400
98.965,390
98.990,361
99.015,311
99.040,245
99.065,170
99.090,98
99.115,30
99.140,-47
99.165,-155
99.190,-281
99.215,-368
99.240,-340
99.265,-167
99.290,92
99.315,332
99.340,478
99.365,530
99.390,539
99.415,540
99.440,533
99.465,510
99.490,482
99.515,471
99.540,483
99.565,493
99.590,477
99.615,433
99.640,375
99.665,314
99.690,244
99.715,165
99.740,86
99.765,8
99.790,-85
99.815,-203
99.840,-305
99.865,-315
99.890,-178
99.915,69
99.940,320
99.965,476
99.990,527
100.015,528
100.040,531
100.065,535
100.090,514
100.115,469
100.140,434
100.165,429
100.190,434
100.215,412
100.240,348
100.265,268
100.290,193
100.315,117
100.340,24
100.365,-84
100.390,-187
100.415,-282
100.440,-401
100.465,-560
100.490,-714
100.515,-761
100.540,-629
100.565,-344
100.590,-20
100.615,233
100.640,380
100.665,451
100.690,489
100.715,509
100.740,509
100.765,501
100.790,507
100.815,535
100.840,571
100.865,589
100.890,578
100.915,540
100.940,481
100.965,408
100.990,324
101.015,239
101.040,150
101.065,45
101.090,-73
101.115,-175
101.140,-204
101.165,-129
101.190,22
101.215,175
101.240,261
101.265,269
101.290,235
101.315,200
101.340,176
101.365,151
101.390,121
101.415,94
101.440,82
101.465,88
101.490,98
101.515,100
101.540,84
101.565,52
101.590,6
101.615,-54
101.640,-136
101.665,-242
101.690,-356
101.715,-431
101.740,-411
101.765,-269
101.790,-35
101.815,210
101.840,391
101.865,484
101.890,518
101.915,536
101.940,561
101.965,596
101.990,645
102.015,719
102.040,817
102.065,918
102.090,990
102.115,1022
102.140,1026
102.165,1019
102.190,999
102.215,954
102.240,873
102.265,757
102.290,602
102.315,398
102.340,151
102.365,-92
102.390,-257
102.415,-286
102.440,-190
102.465,-42
102.490,76
102.515,129
102.540,122
102.565,86
102.590,39
102.615,-7
102.640,-52
102.665,-96
102.690,-143
102.715,-188
102.740,-218
102.765,-213
102.790,-173
102.815,-124
102.840,-94
102.865,-90
102.890,-91
102.915,-82
102.940,-85
102.965,-131
102.990,-219
103.015,-291
103.040,-275
103.065,-146
103.090,41
103.115,206
103.140,298
103.165,329
103.190,339
103.215,352
103.240,363
103.265,361
103.290,355
103.315,361
103.340,386
103.365,410
103.390,407
103.415,370
103.440,316
103.465,267
103.490,226
103.515,178
103.540,102
103.565,5
103.590,-78
103.615,-100
103.640,-32
103.665,108
103.690,269
103.715,391
103.740,446
103.765,445
103.790,415
103.815,378
103.840,339
103.865,302
103.890,280
103.915,284
103.940,308
103.965,329
103.990,321
104.015,282
104.040,233
104.065,194
104.090,163
104.115,117
104.140,41
104.165,-46
104.190,-99
104.215,-67
104.240,58
104.265,242
104.290,417
104.315,532
104.340,575
104.365,573
104.390,563
104.415,563
104.440,566
104.465,557
104.490,530
104.515,490
104.540,439
104.565,372
104.590,282
104.615,177
104.640,76
104.665,-10
104.690,-93
104.715,-197
104.740,-323
104.765,-434
104.790,-468
104.815,-385
104.840,-203
104.865,10
104.890,181
104.915,275
104.940,301
104.965,295
104.990,282
105.015,272
105.040,264
105.065,264
105.090,277
105.115,297
105.140,309
105.165,293
105.190,248
105.215,190
105.240,138
105.265,95
105.290,41
105.315,-44
105.340,-151
105.365,-233
105.390,-231
105.415,-116
105.440,80
105.465,290
105.490,440
105.515,501
105.540,494
105.565,461
105.590,432
105.615,410
105.640,386
105.665,361
105.690,344
105.715,339
105.740,331
105.765,302
105.790,245
105.815,179
105.840,124
105.865,76
105.890,7
105.915,-97
105.940,-211
105.965,-271
105.990,-221
106.015,-59
106.040,156
106.065,348
106.090,463
106.115,495
106.140,471
106.165,427
106.190,383
106.215,348
106.240,324
106.265,309
106.290,304
106.315,304
106.340,299
106.365,274
106.390,228
106.415,172
106.440,128
106.465,99
106.490,61
106.515,-16
106.540,-129
106.565,-220
106.590,-216
106.615,-89
106.640,115
106.665,310
106.690,429
106.715,464
106.740,448
106.765,414
106.790,375
106.815,339
106.840,318
106.865,323
106.890,346
106.915,368
106.940,371
106.965,359
106.990,336
107.015,299
107.040,244
107.065,177
107.090,113
107.115,52
107.140,-28
107.165,-144
107.190,-260
107.215,-299
107.240,-198
107.265,21
107.290,269
107.315,450
107.340,537
107.365,564
107.390,568
107.415,557
107.440,520
107.465,469
107.490,432
107.515,423
107.540,417
107.565,381
107.590,310
107.615,232
107.640,168
107.665,112
107.690,42
107.715,-41
107.740,-128
107.765,-217
107.790,-329
107.815,-466
107.840,-575
107.865,-570
107.890,-410
107.915,-148
107.940,104
107.965,270
107.990,352
108.015,398
108.040,439
108.065,465
108.090,460
108.115,443
108.140,446
108.165,477
108.190,508
108.215,508
108.240,478
108.265,436
108.290,389
108.315,327
108.340,245
108.365,161
108.390,92
108.415,25
108.440,-68
108.465,-184
108.490,-258
108.515,-211
108.540,-29
108.565,213
108.590,410
108.615,509
108.640,531
108.665,522
108.690,504
108.715,470
108.740,424
108.765,390
108.790,386
108.815,399
108.840,398
108.865,368
108.890,320
108.915,269
108.940,213
108.965,140
108.990,57
109.015,-18
109.040,-85
109.065,-165
109.090,-272
109.115,-367
109.140,-373
109.165,-244
109.190,-13
109.215,220
109.240,376
109.265,441
109.290,454
109.315,451
109.340,436
109.365,405
109.390,373
109.415,360
109.440,371
109.465,383
109.490,372
109.515,337
109.540,290
109.565,239
109.590,177
109.615,103
109.640,30
109.665,-36
109.690,-113
109.715,-214
109.740,-314
109.765,-343
109.790,-241
109.815,-23
109.840,222
109.865,401
109.890,481
109.915,494
109.940,482
109.965,463
109.990,431
110.015,397
110.040,382
110.065,395
110.090,415
110.115,411
110.140,376
110.165,328
110.190,278
110.215,221
110.240,147
110.265,65
110.290,-14
110.315,-94
110.340,-196
110.365,-313
110.390,-385
110.415,-338
110.440,-148
110.465,113
110.490,337
110.515,458
110.540,490
110.565,486
110.590,476
110.615,457
110.640,426
110.665,404
110.690,412
110.715,439
110.740,451
110.765,426
110.790,376
110.815,328
110.840,285
110.865,226
110.890,142
110.915,53
110.940,-22
110.965,-96
110.990,-196
111.015,-309
111.040,-367
111.065,-291
111.090,-76
111.115,189
111.140,395
111.165,491
111.190,507
111.215,497
111.240,483
111.265,456
111.290,412
111.315,378
111.340,375
111.365,393
111.390,400
111.415,373
111.440,324
111.465,272
111.490,219
111.515,151
111.540,66
111.565,-14
111.590,-83
111.615,-157
111.640,-259
111.665,-368
111.690,-410
111.715,-314
111.740,-85
111.765,183
111.790,388
111.815,485
111.840,506
111.865,503
111.890,494
111.915,471
111.940,433
111.965,406
111.990,410
112.015,433
112.040,440
112.065,410
112.090,356
112.115,301
112.140,249
112.165,183
112.190,95
112.215,6
112.240,-66
112.265,-133
112.290,-225
112.315,-345
112.340,-438
112.365,-418
112.390,-248
112.415,20
112.440,281
112.465,451
112.490,518
112.515,526
112.540,517
112.565,501
112.590,475
112.615,447
112.640,440
112.665,459
112.690,483
112.715,482
112.740,447
112.765,394
112.790,344
112.815,292
112.840,223
112.865,133
112.890,44
112.915,-23
112.940,-80
112.965,-158
112.990,-269
113.015,-367
113.040,-374
113.065,-237
113.090,11
113.115,275
113.140,463
113.165,548
113.190,565
113.215,560
113.240,551
113.265,529
113.290,492
113.315,460
113.340,451
113.365,459
113.390,456
113.415,424
113.440,369
113.465,310
113.490,254
113.515,184
113.540,89
113.565,-15
113.590,-102
113.615,-169
113.640,-247
113.665,-359
113.690,-475
113.715,-510
113.740,-390
113.765,-126
113.790,183
113.815,423
113.840,539
113.865,560
113.890,544
113.915,526
113.940,504
113.965,473
113.990,449
114.015,452
114.040,477
114.065,495
114.090,484
114.115,452
114.140,418
114.165,386
114.190,335
114.215,249
114.240,140
114.265,39
114.290,-45
114.315,-140
114.340,-268
114.365,-399
114.390,-456
114.415,-372
114.440,-165
114.465,75
114.490,251
114.515,322
114.540,315
114.565,275
114.590,223
114.615,160
114.640,96
114.665,49
114.690,34
114.715,46
114.740,69
114.765,100
114.790,147
114.815,203
114.840,246
114.865,256
114.890,237
114.915,211
114.940,184
114.965,133
114.990,42
115.015,-56
115.040,-89
115.065,0
115.090,193
115.115,407
115.140,557
115.165,613
115.190,603
115.215,565
115.240,521
115.265,477
115.290,441
115.315,425
115.340,429
115.365,436
115.390,431
115.415,411
115.440,379
115.465,331
115.490,263
115.515,182
115.540,103
115.565,33
115.590,-45
115.615,-153
115.640,-265
115.665,-315
115.690,-237
115.715,-36
115.740,208
115.765,398
115.790,488
115.815,494
115.840,461
115.865,417
115.890,370
115.915,327
115.940,302
115.965,302
115.990,315
116.015,321
116.040,304
116.065,263
116.090,206
116.115,137
116.140,65
116.165,-2
116.190,-70
116.215,-157
116.240,-268
116.265,-373
116.290,-398
116.315,-289
116.340,-60
116.365,200
116.390,396
116.415,488
116.440,503
116.465,487
116.490,462
116.515,429
116.540,394
116.565,372
116.590,373
116.615,386
116.640,387
116.665,366
116.690,327
116.715,277
116.740,210
116.765,128
116.790,42
116.815,-36
116.840,-118
116.865,-223
116.890,-338
116.915,-396
116.940,-320
116.965,-100
116.990,182
117.015,411
117.040,523
117.065,542
117.090,525
117.115,503
117.140,471
117.165,426
117.190,390
117.215,387
117.240,411
117.265,427
117.290,411
117.315,369
117.340,320
117.365,264
117.390,190
117.415,98
117.440,11
117.465,-59
117.490,-136
117.515,-246
117.540,-365
117.565,-411
117.590,-304
117.615,-56
117.640,231
117.665,445
117.690,543
117.715,558
117.740,544
117.765,519
117.790,478
117.815,430
117.840,405
117.865,416
117.890,443
117.915,448
117.940,420
117.965,375
117.990,325
118.015,264
118.040,181
118.065,87
118.090,9
118.115,-54
118.140,-135
118.165,-258
118.190,-382
118.215,-415
118.240,-291
118.265,-41
118.290,223
118.315,399
118.340,463
118.365,459
118.390,438
118.415,410
118.440,367
118.465,311
118.490,271
118.515,268
118.540,292
118.565,314
118.590,308
118.615,270
118.640,210
118.665,141
118.690,75
118.715,13
118.740,-51
118.765,-135
118.790,-241
118.815,-338
118.840,-362
118.865,-262
118.890,-48
118.915,208
118.940,418
118.965,526
118.990,541
119.015,507
119.040,460
119.065,421
119.090,392
119.115,378
119.140,378
119.165,382
119.190,374
119.215,341
119.240,292
119.265,243
119.290,209
119.315,180
119.340,127
119.365,30
119.390,-100
119.415,-216
119.440,-252
119.465,-165
119.490,25
119.515,252
119.540,435
119.565,528
119.590,538
119.615,506
119.640,467
119.665,431
119.690,397
119.715,365
119.740,346
119.765,345
119.790,349
119.815,332
119.840,280
119.865,204
119.890,128
119.915,60
119.940,-14
119.965,-122
119.990,-260
120.015,-381
120.040,-413
120.065,-315
120.090,-108
120.115,129
120.140,313
120.165,404
120.190,417
120.215,397
120.240,378
120.265,366
120.290,354
120.315,340
120.340,336
120.365,350
120.390,371
120.415,367
120.440,320
120.465,237
120.490,149
120.515,76
120.540,12
120.565,-72
120.590,-189
120.615,-304
120.640,-350
120.665,-272
120.690,-75
120.715,171
120.740,384
120.765,509
120.790,546
120.815,529
120.840,487
120.865,432
120.890,368
120.915,309
120.940,273
120.965,271
120.990,287
121.015,292
121.040,265
121.065,214
121.090,163
121.115,126
121.140,86
121.165,18
121.190,-86
121.215,-192
121.240,-232
121.265,-151
121.290,52
121.315,315
121.340,550
121.365,692
121.390,729
121.415,698
121.440,646
121.465,604
121.490,573
121.515,546
121.540,517
121.565,485
121.590,448
121.615,395
121.640,317
121.665,219
121.690,121
121.715,40
121.740,-31
121.765,-120
121.790,-241
121.815,-369
121.840,-437
121.865,-384
121.890,-205
121.915,36
121.940,245
121.965,359
121.990,378
122.015,346
122.040,304
122.065,268
122.090,234
122.115,202
122.140,184
122.165,185
122.190,192
122.215,180
122.240,137
122.265,75
122.290,17
122.315,-26
122.340,-70
122.365,-139
122.390,-239
122.415,-339
122.440,-380
122.465,-310
122.490,-123
122.515,123
122.540,341
122.565,465
122.590,487
122.615,456
122.640,426
122.665,416
122.690,405
122.715,376
122.740,338
122.765,320
122.790,333
122.815,354
122.840,348
122.865,305
122.890,244
122.915,183
122.940,106
122.965,-10
122.990,-158
123.015,-271
123.040,-267
123.065,-113
123.090,136
123.115,384
123.140,547
123.165,605
123.190,593
123.215,554
123.240,515
123.265,479
123.290,445
123.315,416
123.340,399
123.365,395
123.390,392
123.415,367
123.440,307
123.465,221
123.490,134
123.515,66
123.540,3
123.565,-86
123.590,-212
123.615,-329
123.640,-360
123.665,-252
123.690,-32
123.715,211
123.740,392
123.765,477
123.790,490
123.815,470
123.840,439
123.865,402
123.890,366
123.915,341
123.940,337
123.965,345
123.990,349
124.015,332
124.040,288
124.065,220
124.090,139
124.115,62
124.140,-2
124.165,-63
124.190,-144
124.215,-252
124.240,-347
124.265,-357
124.290,-234
124.315,-4
124.340,245
124.365,425
124.390,504
124.415,510
124.440,487
124.465,458
124.490,424
124.515,389
124.540,366
124.565,364
124.590,376
124.615,381
124.640,365
124.665,325
124.690,268
124.715,203
124.740,136
124.765,71
124.790,3
124.815,-83
124.840,-190
124.865,-284
124.890,-305
124.915,-206
124.940,0
124.965,238
124.990,417
125.015,493
125.040,484
125.065,441
125.090,400
125.115,369
125.140,342
125.165,322
125.190,317
125.215,327
125.240,337
125.265,325
125.290,281
125.315,216
125.340,151
125.365,96
125.390,42
125.415,-32
125.440,-135
125.465,-236
125.490,-276
125.515,-204
125.540,-22
125.565,205
125.590,394
125.615,489
125.640,496
125.665,458
125.690,415
125.715,381
125.740,348
125.765,317
125.790,297
125.815,293
125.840,293
125.865,274
125.890,227
125.915,162
125.940,99
125.965,44
125.990,-18
126.015,-104
126.040,-207
126.065,-287
126.090,-289
126.115,-183
126.140,10
126.165,226
126.190,393
126.215,470
126.240,472
126.265,442
126.290,415
126.315,396
126.340,375
126.365,350
126.390,335
126.415,337
126.440,342
126.465,320
126.490,261
126.515,184
126.540,121
126.565,75
126.590,12
126.615,-99
126.640,-243
126.665,-346
126.690,-329
126.715,-169
126.740,78
126.765,319
126.790,479
126.815,541
126.840,532
126.865,495
126.890,457
126.915,426
126.940,401
126.965,382
126.990,370
127.015,367
127.040,362
127.065,337
127.090,277
127.115,191
127.140,104
127.165,36
127.190,-24
127.215,-112
127.240,-240
127.265,-365
127.290,-406
127.315,-306
127.340,-80
127.365,186
127.390,396
127.415,505
127.440,528
127.465,509
127.490,482
127.515,458
127.540,436
127.565,417
127.590,409
127.615,412
127.640,413
127.665,394
127.690,343
127.715,263
127.740,176
127.765,101
127.790,35
127.815,-44
127.840,-161
127.865,-290
127.890,-366
127.915,-319
127.940,-137
127.965,117
127.990,346
128.015,483
128.040,526
128.065,512
128.090,480
128.115,446
128.140,413
128.165,388
128.190,379
128.215,382
128.240,383
128.265,366
128.290,323
128.315,257
128.340,180
128.365,105
128.390,43
128.415,-16
128.440,-96
128.465,-210
128.490,-332
128.515,-394
128.540,-331
128.565,-137
128.590,119
128.615,338
128.640,460
128.665,487
128.690,465
128.715,434
128.740,407
128.765,383
128.790,363
128.815,354
128.840,356
128.865,359
128.890,347
128.915,312
128.940,252
128.965,180
128.990,109
129.015,46
129.040,-18
129.065,-105
129.090,-216
129.115,-309
129.140,-314
129.165,-189
129.190,34
129.215,268
129.240,426
129.265,489
129.290,493
129.315,482
129.340,466
129.365,440
129.390,406
129.415,387
129.440,392
129.465,404
129.490,394
129.515,355
129.540,301
129.565,247
129.590,189
129.615,119
129.640,41
129.665,-28
129.690,-93
129.715,-174
129.740,-278
129.765,-360
129.790,-345
129.815,-194
129.840,43
129.865,266
129.890,399
129.915,446
129.940,457
129.965,468
129.990,469
130.015,443
130.040,405
130.065,390
130.090,411
130.115,438
130.140,433
130.165,386
130.190,328
130.215,284
130.240,246
130.265,188
130.290,107
130.315,28
130.340,-27
130.365,-78
130.390,-158
130.415,-266
130.440,-339
130.465,-300
130.490,-131
130.515,101
130.540,296
130.565,400
130.590,428
130.615,431
130.640,436
130.665,434
130.690,415
130.715,392
130.740,389
130.765,409
130.790,425
130.815,412
130.840,371
130.865,327
130.890,291
130.915,249
130.940,184
130.965,103
130.990,31
131.015,-22
131.040,-82
131.065,-173
131.090,-275
131.115,-317
131.140,-236
131.165,-43
131.190,179
131.215,344
131.240,421
131.265,438
131.290,436
131.315,427
131.340,406
131.365,375
131.390,353
131.415,354
131.440,367
131.465,369
131.490,347
131.515,310
131.540,265
131.565,211
131.590,146
131.615,79
131.640,22
131.665,-30
131.690,-104
131.715,-206
131.740,-293
131.765,-292
131.790,-165
131.815,49
131.840,261
131.865,398
131.890,448
131.915,451
131.940,440
131.965,421
131.990,391
132.015,362
132.040,355
132.065,372
132.090,389
132.115,380
132.140,343
132.165,291
132.190,236
132.215,174
132.240,104
132.265,34
132.290,-31
132.315,-106
132.340,-205
132.365,-304
132.390,-337
132.415,-242
132.440,-24
132.465,232
132.490,424
132.515,510
132.540,522
132.565,513
132.590,503
132.615,480
132.640,441
132.665,412
132.690,417
132.715,443
132.740,451
132.765,417
132.790,355
132.815,295
132.840,242
132.865,174
132.890,83
132.915,-11
132.940,-88
132.965,-157
132.990,-254
133.015,-383
133.040,-480
133.065,-454
133.090,-272
133.115,0
133.140,246
133.165,392
133.190,446
133.215,460
133.240,464
133.265,456
133.290,429
133.315,403
133.340,405
133.365,433
133.390,454
133.415,439
133.440,393
133.465,341
133.490,293
133.515,232
133.540,148
133.565,55
133.590,-23
133.615,-95
133.640,-187
133.665,-305
133.690,-396
133.715,-374
133.740,-200
133.765,66
133.790,314
133.815,464
133.840,518
133.865,530
133.890,536
133.915,532
133.940,505
133.965,469
133.990,455
134.015,473
134.040,491
134.065,476
134.090,424
134.115,362
134.140,310
134.165,255
134.190,178
134.215,81
134.240,-9
134.265,-79
134.290,-153
134.315,-257
134.340,-370
134.365,-418
134.390,-332
134.415,-118
134.440,134
134.465,327
134.490,422
134.515,446
134.540,446
134.565,440
134.590,422
134.615,392
134.640,370
134.665,372
134.690,389
134.715,392
134.740,368
134.765,326
134.790,281
134.815,235
134.840,176
134.865,105
134.890,36
134.915,-23
134.940,-90
134.965,-181
134.990,-278
135.015,-317
135.040,-234
135.065,-35
135.090,202
135.115,384
135.140,468
135.165,480
135.190,471
135.215,466
135.240,455
135.265,429
135.290,405
135.315,403
135.340,422
135.365,431
135.390,406
135.415,353
135.440,297
135.465,253
135.490,207
135.515,141
135.540,57
135.565,-18
135.590,-76
135.615,-135
135.640,-221
135.665,-323
135.690,-379
135.715,-322
135.740,-144
135.765,89
135.790,285
135.815,392
135.840,424
135.865,426
135.890,429
135.915,429
135.940,417
135.965,401
135.990,401
136.015,422
136.040,441
136.065,430
136.090,387
136.115,333
136.140,290
136.165,251
136.190,196
136.215,120
136.240,40
136.265,-22
136.290,-74
136.315,-142
136.340,-237
136.365,-322
136.390,-334
136.415,-228
136.440,-30
136.465,186
136.490,345
136.515,422
136.540,442
136.565,446
136.590,453
136.615,456
136.640,447
136.665,434
136.690,432
136.715,446
136.740,458
136.765,446
136.790,406
136.815,352
136.840,303
136.865,262
136.890,214
136.915,147
136.940,68
136.965,-3
136.990,-59
137.015,-115
137.040,-197
137.065,-297
137.090,-368
137.115,-345
137.140,-201
137.165,21
137.190,238
137.215,380
137.240,435
137.265,438
137.290,434
137.315,437
137.340,439
137.365,431
137.390,425
137.415,434
137.440,453
137.465,459
137.490,436
137.515,390
137.540,343
137.565,301
137.590,252
137.615,178
137.640,88
137.665,8
137.690,-46
137.715,-98
137.740,-182
137.765,-291
137.790,-365
137.815,-327
137.840,-158
137.865,77
137.890,281
137.915,394
137.940,425
137.965,424
137.990,419
138.015,409
138.040,386
138.065,363
138.090,361
138.115,381
138.140,399
138.165,391
138.190,355
138.215,311
138.240,269
138.265,216
138.290,145
138.315,67
138.340,0
138.365,-59
138.390,-137
138.415,-244
138.440,-335
138.465,-331
138.490,-186
138.515,57
138.540,298
138.565,451
138.590,506
138.615,511
138.640,509
138.665,506
138.690,487
138.715,455
138.740,436
138.765,446
138.790,466
138.815,463
138.840,422
138.865,363
138.890,308
138.915,253
138.940,180
138.965,85
138.990,-7
139.015,-79
139.040,-144
139.065,-236
139.090,-361
139.115,-462
139.140,-452
139.165,-288
139.190,-21
139.215,239
139.240,408
139.265,475
139.290,488
139.315,493
139.340,495
139.365,482
139.390,454
139.415,434
139.440,442
139.465,463
139.490,466
139.515,433
139.540,377
139.565,320
139.590,266
139.615,200
139.640,113
139.665,22
139.690,-54
139.715,-120
139.740,-205
139.765,-321
139.790,-425
139.815,-436
139.840,-302
139.865,-52
139.890,214
139.915,404
139.940,488
139.965,501
139.990,496
140.015,492
140.040,480
140.065,456
140.090,436
140.115,436
140.140,451
140.165,454
140.190,424
140.215,368
140.240,312
140.265,263
140.290,209
140.315,132
140.340,41
140.365,-40
140.390,-104
140.415,-175
140.440,-276
140.465,-390
140.490,-444
140.515,-367
140.540,-154
140.565,112
140.590,328
140.615,439
140.640,467
140.665,464
140.690,460
140.715,449
140.740,424
140.765,399
140.790,398
140.815,422
140.840,439
140.865,425
140.890,383
140.915,338
140.940,299
140.965,253
140.990,186
141.015,111
141.040,50
141.065,1
141.090,-67
141.115,-172
141.140,-268
141.165,-274
141.190,-139
141.215,95
141.240,326
141.265,471
141.290,518
141.315,515
141.340,503
141.365,489
141.390,464
141.415,436
141.440,421
141.465,425
141.490,430
141.515,417
141.540,389
141.565,355
141.590,315
141.615,256
141.640,174
141.665,89
141.690,20
141.715,-42
141.740,-126
141.765,-227
141.790,-289
141.815,-242
141.840,-74
141.865,143
141.890,314
141.915,389
141.940,390
141.965,369
141.990,348
142.015,320
142.040,283
142.065,254
142.090,252
142.115,270
142.140,282
142.165,270
142.190,241
142.215,207
142.240,166
142.265,109
142.290,39
142.315,-31
142.340,-100
142.365,-182
142.390,-281
142.415,-355
142.440,-336
142.465,-189
142.490,37
142.515,245
142.540,366
142.565,402
142.590,403
142.615,401
142.640,392
142.665,365
142.690,334
142.715,324
142.740,341
142.765,355
142.790,341
142.815,302
142.840,259
142.865,221
142.890,176
142.915,114
142.940,49
142.965,-4
142.990,-58
143.015,-141
143.040,-247
143.065,-310
143.090,-251
143.115,-54
143.140,200
143.165,405
143.190,508
143.215,533
143.240,533
143.265,531
143.290,516
143.315,487
143.340,465
143.365,467
143.390,480
143.415,474
143.440,439
143.465,393
143.490,355
143.515,318
143.540,260
143.565,179
143.590,100
143.615,34
143.640,-40
143.665,-148
143.690,-262
143.715,-304
143.740,-207
143.765,12
143.790,261
143.815,442
143.840,525
143.865,544
143.890,539
143.915,521
143.940,483
143.965,438
143.990,411
144.015,415
144.040,431
144.065,427
144.090,385
144.115,318
144.140,244
144.165,170
144.190,95
144.215,13
144.240,-78
144.265,-191
144.290,-321
144.315,-438
144.340,-479
144.365,-395
144.390,-191
144.415,57
144.440,257
144.465,357
144.490,371
144.515,350
144.540,333
144.565,327
144.590,323
144.615,317
144.640,317
144.665,328
144.690,339
144.715,332
144.740,292
144.765,229
144.790,166
144.815,116
144.840,64
144.865,-18
144.890,-139
144.915,-255
144.940,-291
144.965,-194
144.990,13
145.015,249
145.040,430
145.065,520
145.090,543
145.115,533
145.140,507
145.165,468
145.190,425
145.215,393
145.240,383
145.265,382
145.290,368
145.315,335
145.340,285
145.365,226
145.390,155
145.415,74
145.440,-6
145.465,-83
145.490,-166
145.515,-271
145.540,-379
145.565,-427
145.590,-347
145.615,-136
145.640,128
145.665,341
145.690,451
145.715,480
145.740,478
145.765,471
145.790,453
145.815,418
145.840,386
145.865,380
145.890,394
145.915,402
145.940,387
145.965,351
145.990,307
146.015,256
146.040,191
146.065,117
146.090,48
146.115,-16
146.140,-98
146.165,-202
146.190,-283
146.215,-261
146.240,-95
146.265,164
146.290,407
146.315,552
146.340,598
146.365,601
146.390,600
146.415,588
146.440,548
146.465,495
146.490,467
146.515,480
146.540,502
146.565,489
146.590,434
146.615,365
146.640,308
146.665,256
146.690,189
146.715,103
146.740,12
146.765,-75
146.790,-176
146.815,-296
146.840,-398
146.865,-413
146.890,-296
146.915,-77
146.940,153
146.965,313
146.990,378
147.015,377
147.040,346
147.065,303
147.090,253
147.115,212
147.140,197
147.165,214
147.190,246
147.215,267
147.240,260
147.265,224
147.290,166
147.315,99
147.340,32
147.365,-30
147.390,-98
147.415,-186
147.440,-289
147.465,-366
147.490,-348
147.515,-198
147.540,51
147.565,308
147.590,480
147.615,540
147.640,530
147.665,514
147.690,523
147.715,545
147.740,554
147.765,544
147.790,527
147.815,512
147.840,492
147.865,450
147.890,379
147.915,297
147.940,223
147.965,160
147.990,90
148.015,-6
148.040,-123
148.065,-218
148.090,-237
148.115,-156
148.140,-1
148.165,158
148.190,262
148.215,293
148.240,283
148.265,272
148.290,267
148.315,249
148.340,207
148.365,164
148.390,156
148.415,195
148.440,243
148.465,250
148.490,201
148.515,126
148.540,67
148.565,27
148.590,-21
148.615,-96
148.640,-162
148.665,-158
148.690,-47
148.715,142
148.740,335
148.765,469
148.790,524
148.815,524
148.840,504
148.865,484
148.890,477
148.915,489
148.940,519
148.965,553
148.990,567
149.015,542
149.040,474
149.065,380
149.090,281
149.115,190
149.140,101
149.165,-3
149.190,-136
149.215,-277
149.240,-373
149.265,-367
149.290,-243
149.315,-41
149.340,163
149.365,311
149.390,383
149.415,395
149.440,371
149.465,326
149.490,277
149.515,243
149.540,237
149.565,255
149.590,274
149.615,277
149.640,261
149.665,235
149.690,200
149.715,147
149.740,73
149.765,-13
149.790,-108
149.815,-215
149.840,-340
149.865,-457
149.890,-504
149.915,-422
149.940,-208
149.965,62
149.990,290
150.015,417
150.040,451
150.065,440
150.090,425
150.115,417
150.140,418
150.165,437
150.190,482
150.215,538
150.240,573
150.265,560
150.290,504
150.315,438
150.340,393
150.365,371
150.390,345
150.415,283
150.440,185
150.465,88
150.490,45
150.515,93
150.540,226
150.565,393
150.590,527
150.615,587
150.640,577
150.665,534
150.690,491
150.715,455
150.740,415
150.765,362
150.790,309
150.815,269
150.840,241
150.865,200
150.890,127
150.915,29
150.940,-68
150.965,-152
150.990,-242
151.015,-373
151.040,-547
151.065,-711
151.090,-774
151.115,-677
151.140,-437
151.165,-148
151.190,88
151.215,222
151.240,273
151.265,293
151.290,318
151.315,346
151.340,354
151.365,336
151.390,315
151.415,316
151.440,339
151.465,354
151.490,333
151.515,276
151.540,215
151.565,173
151.590,136
151.615,67
151.640,-48
151.665,-166
151.690,-207
151.715,-111
151.740,102
151.765,355
151.790,558
151.815,673
151.840,715
151.865,719
151.890,713
151.915,701
151.940,683
151.965,662
151.990,644
152.015,634
152.040,628
152.065,614
152.090,572
152.115,484
152.140,351
152.165,193
152.190,36
152.215,-112
152.240,-265
152.265,-423
152.290,-548
152.315,-574
152.340,-459
152.365,-231
152.390,17
152.415,201
152.440,288
152.465,310
152.490,311
152.515,314
152.540,318
152.565,318
152.590,317
152.615,319
152.640,320
152.665,312
152.690,288
152.715,246
152.740,187
152.765,116
152.790,45
152.815,-13
152.840,-68
152.865,-146
152.890,-256
152.915,-361
152.940,-382
152.965,-264
152.990,-32
153.015,221
153.040,400
153.065,476
153.090,487
153.115,485
153.140,487
153.165,481
153.190,459
153.215,433
153.240,420
153.265,419
153.290,413
153.315,388
153.340,342
153.365,279
153.390,209
153.415,138
153.440,69
153.465,-2
153.490,-92
153.515,-200
153.540,-289
153.565,-295
153.590,-176
153.615,41
153.640,272
153.665,434
153.690,502
153.715,511
153.740,504
153.765,492
153.790,468
153.815,434
153.840,406
153.865,396
153.890,391
153.915,373
153.940,337
153.965,293
153.990,243
154.015,179
154.040,97
154.065,12
154.090,-57
154.115,-122
154.140,-207
154.165,-314
154.190,-385
154.215,-340
154.240,-153
154.265,106
154.290,328
154.315,444
154.340,473
154.365,477
154.390,487
154.415,487
154.440,460
154.465,421
154.490,402
154.515,410
154.540,418
154.565,397
154.590,348
154.615,294
154.640,244
154.665,186
154.690,107
154.715,21
154.740,-51
154.765,-117
154.790,-206
154.815,-320
154.840,-401
154.865,-364
154.890,-179
154.915,86
154.940,319
154.965,447
154.990,484
155.015,489
155.040,496
155.065,494
155.090,468
155.115,432
155.140,418
155.165,432
155.190,444
155.215,423
155.240,374
155.265,321
155.290,278
155.315,225
155.340,145
155.365,50
155.390,-30
155.415,-92
155.440,-167
155.465,-278
155.490,-385
155.515,-398
155.540,-260
155.565,-6
155.590,253
155.615,426
155.640,496
155.665,510
155.690,511
155.715,503
155.740,472
155.765,430
155.790,406
155.815,411
155.840,426
155.865,418
155.890,383
155.915,336
155.940,287
155.965,227
155.990,149
156.015,65
156.040,-1
156.065,-56
156.090,-134
156.115,-252
156.140,-364
156.165,-381
156.190,-248
156.215,-1
156.240,254
156.265,429
156.290,501
156.315,508
156.340,488
156.365,455
156.390,410
156.415,368
156.440,348
156.465,353
156.490,365
156.515,361
156.540,335
156.565,292
156.590,235
156.615,165
156.640,90
156.665,22
156.690,-42
156.715,-125
156.740,-235
156.765,-330
156.790,-335
156.815,-199
156.840,42
156.865,291
156.890,456
156.915,520
156.940,524
156.965,511
156.990,490
157.015,452
157.040,407
157.065,381
157.090,384
157.115,398
157.140,390
157.165,352
157.190,299
157.215,241
157.240,175
157.265,98
157.290,18
157.315,-52
157.340,-124
157.365,-221
157.390,-334
157.415,-397
157.440,-331
157.465,-119
157.490,158
157.515,385
157.540,497
157.565,517
157.590,506
157.615,496
157.640,478
157.665,441
157.690,399
157.715,382
157.740,391
157.765,399
157.790,379
157.815,336
157.840,284
157.865,229
157.890,163
157.915,85
157.940,10
157.965,-53
157.990,-125
158.015,-229
158.040,-343
158.065,-389
158.090,-294
158.115,-64
158.140,208
158.165,413
158.190,507
158.215,522
158.240,510
158.265,493
158.290,463
158.315,421
158.340,392
158.365,393
158.390,410
158.415,409
158.440,376
158.465,326
158.490,281
158.515,235
158.540,172
158.565,91
158.590,15
158.615,-47
158.640,-118
158.665,-217
158.690,-321
158.715,-351
158.740,-244
158.765,-18
158.790,231
158.815,407
158.840,480
158.865,490
158.890,482
158.915,466
158.940,430
158.965,383
158.990,352
159.015,354
159.040,370
159.065,368
159.090,336
159.115,291
159.140,247
159.165,196
159.190,126
159.215,44
159.240,-29
159.265,-93
159.290,-172
159.315,-278
159.340,-367
159.365,-358
159.390,-205
159.415,45
159.440,282
159.465,419
159.490,453
159.515,441
159.540,427
159.565,410
159.590,377
159.615,339
159.640,324
159.665,340
159.690,358
159.715,348
159.740,310
159.765,268
159.790,233
159.815,190
159.840,125
159.865,52
159.890,-1
159.915,-40
159.940,-99
159.965,-198
159.990,-291
160.015,-289
160.040,-139
160.065,116
160.090,370
160.115,539
160.140,614
160.165,634
160.190,631
160.215,607
160.240,565
160.265,529
160.290,528
160.315,557
160.340,583
160.365,575
160.390,531
160.415,470
160.440,397
160.465,305
160.490,196
160.515,93
160.540,9
160.565,-72
160.590,-189
160.615,-334
160.640,-438
160.665,-418
160.690,-251
160.715,-7
160.740,206
160.765,326
160.790,358
160.815,346
160.840,324
160.865,298
160.890,271
160.915,250
160.940,245
160.965,253
160.990,260
161.015,255
161.040,231
161.065,189
161.090,130
161.115,67
161.140,11
161.165,-40
161.190,-112
161.215,-219
161.240,-329
161.265,-367
161.290,-270
161.315,-46
161.340,219
161.365,426
161.390,530
161.415,555
161.440,543
161.465,520
161.490,485
161.515,439
161.540,399
161.565,380
161.590,377
161.615,371
161.640,345
161.665,295
161.690,227
161.715,149
161.740,72
161.765,5
161.790,-59
161.815,-144
161.840,-262
161.865,-380
161.890,-416
161.915,-308
161.940,-69
161.965,203
161.990,409
162.015,512
162.040,546
162.065,562
162.090,573
162.115,565
162.140,533
162.165,502
162.190,493
162.215,499
162.240,495
162.265,464
162.290,413
162.315,351
162.340,276
162.365,183
162.390,81
162.415,-14
162.440,-107
162.465,-219
162.490,-348
162.515,-436
162.540,-405
162.565,-225
162.590,39
162.615,278
162.640,419
162.665,471
162.690,492
162.715,510
162.740,516
162.765,494
162.790,461
162.815,446
162.840,455
162.865,459
162.890,432
162.915,375
162.940,311
162.965,248
162.990,174
163.015,80
163.040,-17
163.065,-104
163.090,-189
163.115,-293
163.140,-406
163.165,-462
163.190,-388
163.215,-181
163.240,75
163.265,273
163.290,367
163.315,388
163.340,397
163.365,415
163.390,426
163.415,417
163.440,404
163.465,413
163.490,442
163.515,463
163.540,453
163.565,413
163.590,359
163.615,298
163.640,229
163.665,152
163.690,76
163.715,1
163.740,-87
163.765,-195
163.790,-289
163.815,-298
163.840,-178
163.865,40
163.890,265
163.915,413
163.940,469
163.965,479
163.990,487
164.015,492
164.040,474
164.065,431
164.090,392
164.115,382
164.140,392
164.165,388
164.190,353
164.215,301
164.240,254
164.265,209
164.290,148
164.315,66
164.340,-16
164.365,-80
164.390,-138
164.415,-221
164.440,-327
164.465,-397
164.490,-353
164.515,-180
164.540,54
164.565,247
164.590,348
164.615,381
164.640,403
164.665,436
164.690,460
164.715,454
164.740,433
164.765,428
164.790,445
164.815,456
164.840,429
164.865,371
164.890,312
164.915,273
164.940,241
164.965,196
164.990,136
165.015,75
165.040,17
165.065,-59
165.090,-163
165.115,-257
165.140,-270
165.165,-159
165.190,43
165.215,248
165.240,384
165.265,440
165.290,453
165.315,453
165.340,444
165.365,420
165.390,390
165.415,373
165.440,372
165.465,370
165.490,347
165.515,304
165.540,252
165.565,196
165.590,132
165.615,60
165.640,-5
165.665,-54
165.690,-101
165.715,-171
165.740,-262
165.765,-319
165.790,-280
165.815,-129
165.840,78
165.865,260
165.890,369
165.915,413
165.940,429
165.965,435
165.990,432
166.015,419
166.040,405
166.065,403
166.090,411
166.115,417
166.140,411
166.165,387
166.190,342
166.215,275
166.240,195
166.265,119
166.290,54
166.315,-16
166.340,-116
166.365,-231
166.390,-298
166.415,-250
166.440,-77
166.465,153
166.490,349
166.515,457
166.540,490
166.565,487
166.590,472
166.615,443
166.640,401
166.665,365
166.690,350
166.715,352
166.740,351
166.765,332
166.790,294
166.815,242
166.840,177
166.865,100
166.890,21
166.915,-47
166.940,-118
166.965,-211
166.990,-320
167.015,-393
167.040,-358
167.065,-187
167.090,64
167.115,301
167.140,455
167.165,524
167.190,545
167.215,545
167.240,527
167.265,492
167.290,457
167.315,444
167.340,450
167.365,455
167.390,439
167.415,401
167.440,350
167.465,290
167.490,218
167.515,136
167.540,54
167.565,-29
167.590,-130
167.615,-254
167.640,-360
167.665,-370
167.690,-236
167.715,11
167.740,272
167.765,448
167.790,511
167.815,503
167.840,477
167.865,453
167.890,421
167.915,376
167.940,334
167.965,316
167.990,320
168.015,320
168.040,291
168.065,231
168.090,158
168.115,92
168.140,33
168.165,-29
168.190,-115
168.215,-222
168.240,-320
168.265,-354
168.290,-281
168.315,-98
168.340,136
168.365,339
168.390,450
168.415,468
168.440,437
168.465,402
168.490,380
168.515,365
168.540,353
168.565,353
168.590,371
168.615,393
168.640,391
168.665,348
168.690,277
168.715,206
168.740,144
168.765,73
168.790,-33
168.815,-173
168.840,-295
168.865,-331
168.890,-237
168.915,-33
168.940,205
168.965,401
168.990,509
169.015,536
169.040,515
169.065,477
169.090,435
169.115,389
169.140,349
169.165,325
169.190,323
169.215,326
169.240,308
169.265,258
169.290,187
169.315,122
169.340,74
169.365,23
169.390,-60
169.415,-181
169.440,-294
169.465,-324
169.490,-225
169.515,-12
169.540,236
169.565,433
169.590,533
169.615,548
169.640,521
169.665,487
169.690,455
169.715,421
169.740,387
169.765,366
169.790,363
169.815,363
169.840,340
169.865,282
169.890,202
169.915,127
169.940,65
169.965,0
169.990,-97
170.015,-219
170.040,-321
170.065,-335
170.090,-224
170.115,-15
170.140,217
170.165,397
170.190,488
170.215,502
170.240,476
170.265,443
170.290,414
170.315,388
170.340,366
170.365,356
170.390,357
170.415,358
170.440,340
170.465,294
170.490,227
170.515,162
170.540,107
170.565,50
170.590,-34
170.615,-149
170.640,-259
170.665,-296
170.690,-213
170.715,-21
170.740,210
170.765,396
170.790,487
170.815,495
170.840,461
170.865,421
170.890,385
170.915,345
170.940,304
170.965,277
170.990,275
171.015,281
171.040,266
171.065,212
171.090,133
171.115,61
171.140,12
171.165,-31
171.190,-100
171.215,-202
171.240,-294
171.265,-311
171.290,-210
171.315,-9
171.340,225
171.365,415
171.390,516
171.415,533
171.440,502
171.465,463
171.490,434
171.515,413
171.540,394
171.565,378
171.590,369
171.615,363
171.640,344
171.665,296
171.690,220
171.715,140
171.740,76
171.765,21
171.790,-55
171.815,-167
171.840,-281
171.865,-326
171.890,-248
171.915,-57
171.940,172
171.965,358
171.990,460
172.015,490
172.040,483
172.065,463
172.090,438
172.115,410
172.140,383
172.165,368
172.190,364
172.215,358
172.240,337
172.265,289
172.290,218
172.315,138
172.340,65
172.365,0
172.390,-75
172.415,-178
172.440,-298
172.465,-379
172.490,-355
172.515,-205
172.540,23
172.565,243
172.590,386
172.615,448
172.640,464
172.665,467
172.690,463
172.715,446
172.740,424
172.765,413
172.790,417
172.815,423
172.840,409
172.865,371
172.890,319
172.915,258
172.940,188
172.965,110
172.990,35
173.015,-30
173.040,-104
173.065,-204
173.090,-314
173.115,-371
173.140,-303
173.165,-100
173.190,161
173.215,378
173.240,492
173.265,525
173.290,533
173.315,546
173.340,551
173.365,529
173.390,492
173.415,470
173.440,474
173.465,480
173.490,456
173.515,398
173.540,329
173.565,269
173.590,214
173.615,146
173.640,65
173.665,-9
173.690,-69
173.715,-132
173.740,-224
173.765,-332
173.790,-398
173.815,-354
173.840,-189
173.865,38
173.890,238
173.915,357
173.940,402
173.965,412
173.990,413
174.015,405
174.040,388
174.065,372
174.090,373
174.115,389
174.140,399
174.165,384
174.190,346
174.215,302
174.240,259
174.265,207
174.290,140
174.315,67
174.340,6
174.365,-46
174.390,-116
174.415,-216
174.440,-309
174.465,-322
174.490,-211
174.515,-8
174.540,199
174.565,335
174.590,390
174.615,407
174.640,423
174.665,438
174.690,433
174.715,411
174.740,397
174.765,408
174.790,429
174.815,429
174.840,397
174.865,349
174.890,305
174.915,261
174.940,203
174.965,130
174.990,60
175.015,4
175.040,-54
175.065,-140
175.090,-241
175.115,-301
175.140,-260
175.165,-113
175.190,80
175.215,247
175.240,351
175.265,409
175.290,448
175.315,478
175.340,491
175.365,486
175.390,477
175.415,479
175.440,490
175.465,493
175.490,478
175.515,446
175.540,407
175.565,366
175.590,320
175.615,268
175.640,209
175.665,146
175.690,78
175.715,12
175.740,-46
175.765,-97
175.790,-154
175.815,-233
175.840,-325
175.865,-384
175.890,-357
175.915,-224
175.940,-31
175.965,150
175.990,270
176.015,332
176.040,369
176.065,408
176.090,441
176.115,452
176.140,444
176.165,438
176.190,450
176.215,472
176.240,478
176.265,452
176.290,406
176.315,361
176.340,325
176.365,288
176.390,234
176.415,164
176.440,95
176.465,39
176.490,-12
176.515,-81
176.540,-172
176.565,-254
176.590,-274
176.615,-200
176.640,-49
176.665,121
176.690,253
176.715,327
176.740,359
176.765,378
176.790,393
176.815,398
176.840,392
176.865,386
176.890,391
176.915,406
176.940,410
176.965,389
176.990,350
177.015,307
177.040,268
177.065,225
177.090,167
177.115,101
177.140,41
177.165,-11
177.190,-73
177.215,-157
177.240,-242
177.265,-277
177.290,-220
177.315,-73
177.340,109
177.365,264
177.390,358
177.415,401
177.440,424
177.465,443
177.490,456
177.515,459
177.540,456
177.565,458
177.590,469
177.615,478
177.640,469
177.665,437
177.690,389
177.715,340
177.740,293
177.765,238
177.790,167
177.815,83
177.840,4
177.865,-60
177.890,-121
177.915,-203
177.940,-311
177.965,-407
177.990,-425
178.015,-323
178.040,-124
178.065,92
178.090,252
178.115,334
178.140,372
178.165,404
178.190,439
178.215,457
178.240,449
178.265,432
178.290,433
178.315,452
178.340,462
178.365,440
178.390,391
178.415,340
178.440,296
178.465,247
178.490,175
178.515,85
178.540,3
178.565,-58
178.590,-120
178.615,-209
178.640,-314
178.665,-373
178.690,-320
178.715,-147
178.740,83
178.765,283
178.790,404
178.815,459
178.840,487
178.865,513
178.890,530
178.915,524
178.940,503
178.965,490
178.990,497
179.015,511
179.040,507
179.065,474
179.090,421
179.115,367
179.140,315
179.165,253
179.190,172
179.215,82
179.240,1
179.265,-65
179.290,-138
179.315,-235
179.340,-341
179.365,-397
179.390,-341
179.415,-164
179.440,71
179.465,274
179.490,390
179.515,431
179.540,447
179.565,465
179.590,480
179.615,472
179.640,447
179.665,432
179.690,441
179.715,458
179.740,450
179.765,410
179.790,356
179.815,307
179.840,260
179.865,197
179.890,115
179.915,35
179.940,-27
179.965,-89
179.990,-177
180.015,-287
180.040,-360
180.065,-326
180.090,-172
180.115,40
180.140,223
180.165,330
180.190,372
180.215,388
180.240,396
180.265,392
180.290,373
180.315,354
180.340,350
180.365,360
180.390,363
180.415,348
180.440,317
180.465,278
180.490,233
180.515,178
180.540,118
180.565,60
180.590,2
180.615,-73
180.640,-166
180.665,-233
180.690,-214
180.715,-82
180.740,116
180.765,297
180.790,401
180.815,435
180.840,446
180.865,459
180.890,461
180.915,439
180.940,405
180.965,388
180.990,398
181.015,408
181.040,388
181.065,340
181.090,288
181.115,248
181.140,204
181.165,137
181.190,54
181.215,-20
181.240,-80
181.265,-149
181.290,-244
181.315,-330
181.340,-335
181.365,-215
181.390,-7
181.415,195
181.440,323
181.465,377
181.490,405
181.515,438
181.540,465
181.565,463
181.590,435
181.615,412
181.640,411
181.665,419
181.690,412
181.715,381
181.740,339
181.765,296
181.790,243
181.815,172
181.840,91
181.865,19
181.890,-41
181.915,-116
181.940,-213
181.965,-300
181.990,-307
182.015,-193
182.040,7
182.065,209
182.090,341
182.115,398
182.140,424
182.165,452
182.190,475
182.215,472
182.240,444
182.265,418
182.290,417
182.315,429
182.340,426
182.365,394
182.390,344
182.415,298
182.440,253
182.465,193
182.490,111
182.515,25
182.540,-43
182.565,-105
182.590,-188
182.615,-297
182.640,-383
182.665,-371
182.690,-227
182.715,0
182.740,215
182.765,351
182.790,409
182.815,436
182.840,465
182.865,487
182.890,484
182.915,463
182.940,449
182.965,460
182.990,476
183.015,466
183.040,424
183.065,368
183.090,320
183.115,273
183.140,212
183.165,133
183.190,56
183.215,-8
183.240,-77
183.265,-176
183.290,-290
183.315,-353
183.340,-298
183.365,-124
183.390,98
183.415,283
183.440,387
183.465,430
183.490,445
183.515,450
183.540,441
183.565,420
183.590,403
183.615,399
183.640,403
183.665,398
183.690,376
183.715,340
183.740,292
183.765,230
183.790,156
183.815,83
183.840,17
183.865,-55
183.890,-153
183.915,-263
183.940,-324
183.965,-270
183.990,-94
184.015,132
184.040,314
184.065,407
184.090,436
184.115,448
184.140,461
184.165,458
184.190,432
184.215,400
184.240,388
184.265,395
184.290,395
184.315,369
184.340,320
184.365,265
184.390,205
184.415,133
184.440,51
184.465,-25
184.490,-94
184.515,-175
184.540,-283
184.565,-386
184.590,-412
184.615,-305
184.640,-87
184.665,152
184.690,324
184.715,407
184.740,436
184.765,454
184.790,467
184.815,461
184.840,434
184.865,407
184.890,397
184.915,401
184.940,397
184.965,371
184.990,326
185.015,268
185.040,204
185.065,137
185.090,72
185.115,7
185.140,-72
185.165,-177
185.190,-281
185.215,-323
185.240,-246
185.265,-53
185.290,180
185.315,367
185.340,467
185.365,503
185.390,521
185.415,541
185.440,548
185.465,531
185.490,502
185.515,488
185.540,497
185.565,507
185.590,488
185.615,434
185.640,367
185.665,309
185.690,262
185.715,207
185.740,130
185.765,41
185.790,-39
185.815,-99
185.840,-154
185.865,-232
185.890,-340
185.915,-441
185.940,-470
185.965,-377
185.990,-176
186.015,61
186.040,253
186.065,361
186.090,405
186.115,429
186.140,456
186.165,475
186.190,473
186.215,455
186.240,446
186.265,460
186.290,481
186.315,481
186.340,448
186.365,396
186.390,346
186.415,299
186.440,242
186.465,166
186.490,82
186.515,12
186.540,-41
186.565,-99
186.590,-183
186.615,-277
186.640,-328
186.665,-285
186.690,-137
186.715,62
186.740,241
186.765,352
186.790,398
186.815,413
186.840,427
186.865,441
186.890,442
186.915,431
186.940,420
186.965,425
186.990,440
187.015,443
187.040,417
187.065,367
187.090,314
187.115,272
187.140,232
187.165,178
187.190,107
187.215,35
187.240,-22
187.265,-76
187.290,-148
187.315,-239
187.340,-308
187.365,-296
187.390,-177
187.415,11
187.440,194
187.465,313
187.490,365
187.515,385
187.540,401
187.565,413
187.590,410
187.615,396
187.640,392
187.665,409
187.690,429
187.715,424
187.740,387
187.765,339
187.790,300
187.815,265
187.840,217
187.865,149
187.890,80
187.915,27
187.940,-21
187.965,-94
187.990,-188
188.015,-253
188.040,-224
188.065,-87
188.090,100
188.115,259
188.140,349
188.165,384
188.190,400
188.215,411
188.240,404
188.265,379
188.290,356
188.315,355
188.340,369
188.365,375
188.390,355
188.415,320
188.440,285
188.465,247
188.490,196
188.515,132
188.540,71
188.565,22
188.590,-34
188.615,-119
188.640,-218
188.665,-267
188.690,-208
188.715,-45
188.740,152
188.765,306
188.790,386
188.815,417
188.840,429
188.865,431
188.890,415
188.915,387
188.940,371
188.965,376
188.990,386
189.015,379
189.040,348
189.065,307
189.090,266
189.115,220
189.140,161
189.165,94
189.190,29
189.215,-37
189.240,-121
189.265,-220
189.290,-286
189.315,-255
189.340,-109
189.365,98
189.390,280
189.415,386
189.440,426
189.465,439
189.490,446
189.515,440
189.540,418
189.565,393
189.590,385
189.615,392
189.640,393
189.665,370
189.690,327
189.715,276
189.740,219
189.765,154
189.790,83
189.815,16
189.840,-49
189.865,-132
189.890,-239
189.915,-327
189.940,-325
189.965,-193
189.990,27
190.015,244
190.040,381
190.065,435
190.090,452
190.115,466
190.140,475
190.165,462
190.190,431
190.215,411
190.240,414
190.265,422
190.290,408
190.315,368
190.340,317
190.365,266
190.390,206
190.415,131
190.440,50
190.465,-21
190.490,-90
190.515,-178
190.540,-284
190.565,-355
190.590,-317
190.615,-148
190.640,88
190.665,290
190.690,399
190.715,435
190.740,451
190.765,469
190.790,475
190.815,453
190.840,420
190.865,410
190.890,428
190.915,442
190.940,419
190.965,364
190.990,309
191.015,267
191.040,221
191.065,153
191.090,70
191.115,-3
191.140,-65
191.165,-141
191.190,-247
191.215,-345
191.240,-353
191.265,-226
191.290,-2
191.315,217
191.340,358
191.365,417
191.390,440
191.415,460
191.440,473
191.465,461
191.490,434
191.515,420
191.540,431
191.565,445
191.590,434
191.615,393
191.640,344
191.665,301
191.690,254
191.715,190
191.740,115
191.765,49
191.790,-4
191.815,-72
191.840,-169
191.865,-259
191.890,-274
191.915,-168
191.940,25
191.965,221
191.990,348
192.015,396
192.040,405
192.065,405
192.090,402
192.115,386
192.140,362
192.165,348
192.190,351
192.215,357
192.240,350
192.265,326
192.290,292
192.315,251
192.340,198
192.365,136
192.390,77
192.415,29
192.440,-23
192.465,-100
192.490,-190
192.515,-241
192.540,-197
192.565,-52
192.590,135
192.615,290
192.640,372
192.665,396
192.690,394
192.715,384
192.740,367
192.765,345
192.790,330
192.815,329
192.840,336
192.865,333
192.890,313
192.915,280
192.940,240
192.965,194
192.990,142
193.015,90
193.040,36
193.065,-25
193.090,-105
193.115,-185
193.140,-214
193.165,-149
193.190,6
193.215,191
193.240,334
193.265,402
193.290,415
193.315,411
193.340,405
193.365,391
193.390,369
193.415,353
193.440,352
193.465,360
193.490,356
193.515,331
193.540,292
193.565,249
193.590,202
193.615,145
193.640,82
193.665,24
193.690,-33
193.715,-106
193.740,-197
193.765,-266
193.790,-250
193.815,-120
193.840,83
193.865,274
193.890,389
193.915,428
193.940,434
193.965,439
193.990,441
194.015,426
194.040,402
194.065,392
194.090,400
194.115,407
194.140,388
194.165,344
194.190,296
194.215,254
194.240,207
194.265,142
194.290,65
194.315,-3
194.340,-63
194.365,-134
194.390,-226
194.415,-301
194.440,-289
194.465,-155
194.490,55
194.515,255
194.540,374
194.565,416
194.590,424
194.615,431
194.640,431
194.665,412
194.690,383
194.715,374
194.740,393
194.765,415
194.790,412
194.815,378
194.840,333
194.865,292
194.890,245
194.915,178
194.940,101
194.965,34
194.990,-20
195.015,-90
195.040,-193
195.065,-297
195.090,-328
195.115,-231
195.140,-29
195.165,193
195.190,354
195.215,432
195.240,458
195.265,467
195.290,468
195.315,456
195.340,436
195.365,424
195.390,427
195.415,433
195.440,424
195.465,396
195.490,355
195.515,307
195.540,249
195.565,184
195.590,121
195.615,64
195.640,0
195.665,-90
195.690,-195
195.715,-262
195.740,-229
195.765,-82
195.790,125
195.815,308
195.840,411
195.865,436
195.890,418
195.915,390
195.940,362
195.965,332
195.990,302
196.015,281
196.040,270
196.065,261
196.090,242
196.115,206
196.140,154
196.165,94
196.190,34
196.215,-18
196.240,-75
196.265,-152
196.290,-251
196.315,-340
196.340,-360
196.365,-267
196.390,-75
196.415,142
196.440,306
196.465,380
196.490,386
196.515,369
196.540,354
196.565,342
196.590,325
196.615,312
196.640,316
196.665,339
196.690,363
196.715,367
196.740,343
196.765,307
196.790,278
196.815,261
196.840,240
196.865,197
196.890,135
196.915,89
196.940,118
196.965,258
196.990,490
197.015,735
197.040,908
197.065,963
197.090,922
197.115,836
197.140,737
197.165,626
197.190,492
197.215,349
197.240,230
197.265,152
197.290,97
197.315,32
197.340,-59
197.365,-161
197.390,-246
197.415,-317
197.440,-406
197.465,-536
197.490,-683
197.515,-776
197.540,-749
197.565,-585
197.590,-333
197.615,-72
197.640,132
197.665,259
197.690,323
197.715,350
197.740,359
197.765,358
197.790,354
197.815,355
197.840,368
197.865,388
197.890,400
197.915,386
197.940,343
197.965,288
197.990,238
198.015,194
198.040,136
198.065,50
198.090,-45
198.115,-96
198.140,-53
198.165,90
198.190,282
198.215,445
198.240,531
198.265,546
198.290,525
198.315,500
198.340,476
198.365,447
198.390,414
198.415,392
198.440,387
198.465,382
198.490,354
198.515,296
198.540,225
198.565,163
198.590,113
198.615,48
198.640,-45
198.665,-150
198.690,-209
198.715,-171
198.740,-35
198.765,146
198.790,306
198.815,398
198.840,424
198.865,412
198.890,389
198.915,364
198.940,337
198.965,311
198.990,296
199.015,294
199.040,293
199.065,272
199.090,224
199.115,162
199.140,107
199.165,64
199.190,15
199.215,-62
199.240,-163
199.265,-240
199.290,-237
199.315,-130
199.340,49
199.365,234
199.390,363
199.415,419
199.440,420
199.465,399
199.490,378
199.515,360
199.540,342
199.565,329
199.590,326
199.615,330
199.640,327
199.665,300
199.690,247
199.715,183
199.740,128
199.765,85
199.790,34
199.815,-44
199.840,-144
199.865,-221
199.890,-219
199.915,-112
199.940,68
199.965,257
199.990,391
200.015,449
200.040,450
200.065,427
200.090,404
200.115,384
200.140,367
200.165,355
200.190,352
200.215,354
200.240,349
200.265,324
200.290,276
200.315,218
200.340,164
200.365,112
200.390,49
200.415,-36
200.440,-133
200.465,-196
200.490,-175
200.515,-55
200.540,127
200.565,301
200.590,408
200.615,436
200.640,415
200.665,383
200.690,356
200.715,331
200.740,306
200.765,288
200.790,286
200.815,289
200.840,276
200.865,236
200.890,179
200.915,127
200.940,84
200.965,32
200.990,-50
201.015,-155
201.040,-234
201.065,-229
201.090,-116
201.115,71
201.140,267
201.165,404
201.190,459
201.215,448
201.240,410
201.265,371
201.290,343
201.315,324
201.340,314
201.365,314
201.390,316
201.415,304
201.440,264
201.465,199
201.490,132
201.515,77
201.540,26
201.565,-45
201.590,-146
201.615,-244
201.640,-276
201.665,-199
201.690,-24
201.715,183
201.740,351
201.765,441
201.790,461
201.815,446
201.840,423
201.865,403
201.890,386
201.915,372
201.940,366
201.965,366
201.990,361
202.015,338
202.040,288
202.065,221
202.090,155
202.115,101
202.140,49
202.165,-21
202.190,-122
202.215,-225
202.240,-272
202.265,-210
202.290,-38
202.315,181
202.340,366
202.365,469
202.390,500
202.415,498
202.440,493
202.465,487
202.490,472
202.515,454
202.540,448
202.565,457
202.590,464
202.615,443
202.640,391
202.665,327
202.690,274
202.715,228
202.740,170
202.765,89
202.790,0
202.815,-76
202.840,-139
202.865,-213
202.890,-310
202.915,-402
202.940,-421
202.965,-320
202.990,-116
203.015,112
203.040,284
203.065,369
203.090,395
203.115,406
203.140,420
203.165,427
203.190,418
203.215,406
203.240,410
203.265,431
203.290,442
203.315,420
203.340,369
203.365,315
203.390,272
203.415,231
203.440,171
203.465,96
203.490,27
203.515,-19
203.540,-64
203.565,-136
203.590,-230
203.615,-286
203.640,-238
203.665,-73
203.690,143
203.715,321
203.740,415
203.765,441
203.790,443
203.815,445
203.840,442
203.865,428
203.890,415
203.915,416
203.940,427
203.965,426
203.990,400
204.015,358
204.040,316
204.065,277
204.090,229
204.115,169
204.140,108
204.165,55
204.190,0
204.215,-76
204.240,-165
204.265,-217
204.290,-178
204.315,-42
204.340,134
204.365,277
204.390,350
204.415,368
204.440,365
204.465,358
204.490,346
204.515,328
204.540,315
204.565,316
204.590,324
204.615,322
204.640,304
204.665,275
204.690,239
204.715,196
204.740,143
204.765,88
204.790,39
204.815,-10
204.840,-77
204.865,-160
204.890,-218
204.915,-197
204.940,-80
204.965,89
204.990,240
205.015,330
205.040,369
205.065,388
205.090,402
205.115,402
205.140,381
205.165,356
205.190,350
205.215,363
205.240,373
205.265,358
205.290,322
205.315,283
205.340,246
205.365,200
205.390,138
205.415,72
205.440,15
205.465,-37
205.490,-105
205.515,-186
205.540,-239
205.565,-211
205.590,-86
205.615,91
205.640,248
205.665,342
205.690,384
205.715,409
205.740,436
205.765,454
205.790,452
205.815,436
205.840,430
205.865,443
205.890,457
205.915,449
205.940,413
205.965,364
205.990,319
206.015,277
206.040,225
206.065,155
206.090,80
206.115,16
206.140,-34
206.165,-93
206.190,-177
206.215,-276
206.240,-342
206.265,-321
206.290,-198
206.315,-11
206.340,175
206.365,308
206.390,377
206.415,407
206.440,426
206.465,442
206.490,451
206.515,450
206.540,448
206.565,454
206.590,467
206.615,469
206.640,448
206.665,404
206.690,355
206.715,313
206.740,272
206.765,216
206.790,142
206.815,63
206.840,-1
206.865,-53
206.890,-115
206.915,-205
206.940,-304
206.965,-354
206.990,-301
207.015,-140
207.040,68
207.065,245
207.090,347
207.115,383
207.140,395
207.165,408
207.190,418
207.215,416
207.240,406
207.265,406
207.290,421
207.315,436
207.340,425
207.365,385
207.390,335
207.415,293
207.440,255
207.465,205
207.490,136
207.515,62
207.540,-1
207.565,-60
207.590,-137
207.615,-230
207.640,-297
207.665,-278
207.690,-145
207.715,58
207.740,253
207.765,377
207.790,428
207.815,443
207.840,453
207.865,459
207.890,449
207.915,428
207.940,416
207.965,427
207.990,443
208.015,438
208.040,401
208.065,351
208.090,308
208.115,271
208.140,221
208.165,149
208.190,73
208.215,12
208.240,-41
208.265,-114
208.290,-209
208.315,-279
208.340,-259
208.365,-122
208.390,81
208.415,267
208.440,376
208.465,413
208.490,413
208.515,405
208.540,391
208.565,369
208.590,348
208.615,344
208.640,352
208.665,355
208.690,341
208.715,312
208.740,279
208.765,240
208.790,188
208.815,124
208.840,62
208.865,9
208.890,-51
208.915,-138
208.940,-234
208.965,-276
208.990,-209
209.015,-38
209.040,166
209.065,321
209.090,394
209.115,412
209.140,412
209.165,408
209.190,392
209.215,364
209.240,342
209.265,340
209.290,349
209.315,346
209.340,322
209.365,286
209.390,245
209.415,198
209.440,140
209.465,78
209.490,27
209.515,-20
209.540,-86
209.565,-175
209.590,-242
209.615,-220
209.640,-80
209.665,129
209.690,315
209.715,417
209.740,447
209.765,453
209.790,464
209.815,468
209.840,448
209.865,418
209.890,405
209.915,416
209.940,426
209.965,405
209.990,355
210.015,304
210.040,265
210.065,226
210.090,169
210.115,97
210.140,28
210.165,-35
210.190,-113
210.215,-211
210.240,-288
210.265,-277
210.290,-145
210.315,59
210.340,248
210.365,356
210.390,393
210.415,403
210.440,416
210.465,424
210.490,409
210.515,382
210.540,370
210.565,382
210.590,396
210.615,384
210.640,344
210.665,298
210.690,260
210.715,220
210.740,161
210.765,86
210.790,18
210.815,-33
210.840,-91
210.865,-177
210.890,-274
210.915,-313
210.940,-237
210.965,-54
210.990,158
211.015,316
211.040,388
211.065,406
211.090,411
211.115,419
211.140,417
211.165,401
211.190,388
211.215,395
211.240,414
211.265,419
211.290,393
211.315,348
211.340,305
211.365,265
211.390,213
211.415,141
211.440,65
211.465,6
211.490,-46
211.515,-119
211.540,-221
211.565,-305
211.590,-297
211.615,-164
211.640,46
211.665,244
211.690,367
211.715,416
211.740,433
211.765,445
211.790,448
211.815,431
211.840,406
211.865,396
211.890,408
211.915,421
211.940,410
211.965,374
211.990,329
212.015,283
212.040,230
212.065,162
212.090,88
212.115,24
212.140,-36
212.165,-114
212.190,-213
212.215,-286
212.240,-270
212.265,-138
212.290,62
212.315,245
212.340,355
212.365,393
212.390,400
212.415,401
212.440,398
212.465,382
212.490,364
212.515,361
212.540,373
212.565,381
212.590,367
212.615,334
212.640,290
212.665,242
212.690,184
212.715,114
212.740,44
212.765,-20
212.790,-90
212.815,-179
212.840,-268
212.865,-299
212.890,-220
212.915,-36
212.940,177
212.965,337
212.990,411
213.015,431
213.040,444
213.065,461
213.090,464
213.115,442
213.140,416
213.165,414
213.190,434
213.215,442
213.240,413
213.265,357
213.290,303
213.315,263
213.340,217
213.365,147
213.390,60
213.415,-15
213.440,-72
213.465,-135
213.490,-231
213.515,-337
213.540,-384
213.565,-312
213.590,-129
213.615,87
213.640,260
213.665,360
213.690,414
213.715,456
213.740,493
213.765,510
213.790,507
213.815,500
213.840,505
213.865,520
213.890,527
213.915,513
213.940,482
213.965,443
213.990,397
214.015,343
214.040,281
214.065,218
214.090,156
214.115,88
214.140,13
214.165,-59
214.190,-118
214.215,-173
214.240,-246
214.265,-343
214.290,-423
214.315,-421
214.340,-298
214.365,-88
214.390,126
214.415,277
214.440,352
214.465,388
214.490,417
214.515,445
214.540,458
214.565,454
214.590,451
214.615,463
214.640,484
214.665,495
214.690,481
214.715,447
214.740,406
214.765,364
214.790,320
214.815,266
214.840,202
214.865,132
214.890,64
214.915,6
214.940,-46
214.965,-107
214.990,-187
215.015,-271
215.040,-309
215.065,-254
215.090,-101
215.115,93
215.140,252
215.165,334
215.190,354
215.215,359
215.240,373
215.265,387
215.290,384
215.315,371
215.340,370
215.365,388
215.390,403
215.415,394
215.440,359
215.465,319
215.490,286
215.515,250
215.540,195
215.565,126
215.590,65
215.615,22
215.640,-24
215.665,-99
215.690,-187
215.715,-232
215.740,-182
215.765,-36
215.790,144
215.815,291
215.840,374
215.865,407
215.890,423
215.915,436
215.940,440
215.965,435
215.990,428
216.015,431
216.040,443
216.065,452
216.090,445
216.115,417
216.140,376
216.165,333
216.190,290
216.215,242
216.240,182
216.265,111
216.290,39
216.315,-20
216.340,-67
216.365,-118
216.390,-191
216.415,-281
216.440,-343
216.465,-323
216.490,-201
216.515,-13
216.540,169
216.565,291
216.590,347
216.615,370
216.640,391
216.665,415
216.690,429
216.715,429
216.740,425
216.765,433
216.790,451
216.815,461
216.840,450
216.865,418
216.890,379
216.915,341
216.940,302
216.965,250
216.990,185
217.015,118
217.040,62
217.065,15
217.090,-39
217.115,-118
217.140,-213
217.165,-278
217.190,-262
217.215,-143
217.240,44
217.265,230
217.290,357
217.315,412
217.340,428
217.365,437
217.390,451
217.415,456
217.440,445
217.465,432
217.490,434
217.515,449
217.540,455
217.565,432
217.590,386
217.615,340
217.640,303
217.665,257
217.690,188
217.715,101
217.740,24
217.765,-32
217.790,-91
217.815,-181
217.840,-288
217.865,-346
217.890,-285
217.915,-104
217.940,121
217.965,293
217.990,368
218.015,374
218.040,361
218.065,353
218.090,338
218.115,306
218.140,274
218.165,268
218.190,288
218.215,300
218.240,275
218.265,219
218.290,163
218.315,129
218.340,108
218.365,78
218.390,34
218.415,-16
218.440,-68
218.465,-135
218.490,-221
218.515,-294
218.540,-286
218.565,-150
218.590,88
218.615,347
218.640,542
218.665,643
218.690,684
218.715,709
218.740,736
218.765,750
218.790,738
218.815,710
218.840,690
218.865,686
218.890,680
218.915,651
218.940,593
218.965,518
218.990,442
219.015,358
219.040,246
219.065,96
219.090,-71
219.115,-225
219.140,-351
219.165,-462
219.190,-579
219.215,-687
219.240,-732
219.265,-660
219.290,-471
219.315,-235
219.340,-44
219.365,52
219.390,77
219.415,83
219.440,106
219.465,148
219.490,191
219.515,228
219.540,267
219.565,310
219.590,348
219.615,363
219.640,349
219.665,305
219.690,240
219.715,168
219.740,109
219.765,80
219.790,76
219.815,69
219.840,29
219.865,-32
219.890,-60
219.915,7
219.940,180
219.965,402
219.990,594
220.015,708
220.040,751
220.065,756
220.090,752
220.115,742
220.140,722
220.165,688
220.190,642
220.215,584
220.240,518
220.265,450
220.290,385
220.315,323
220.340,260
220.365,196
220.390,135
220.415,72
220.440,-6
220.465,-106
220.490,-199
220.515,-232
220.540,-169
220.565,-25
220.590,136
220.615,256
220.640,313
220.665,329
220.690,329
220.715,319
220.740,297
220.765,269
220.790,250
220.815,248
220.840,249
220.865,239
220.890,216
220.915,189
220.940,160
220.965,124
220.990,76
221.015,23
221.040,-24
221.065,-74
221.090,-136
221.115,-202
221.140,-227
221.165,-170
221.190,-28
221.215,141
221.240,273
221.265,338
221.290,357
221.315,362
221.340,368
221.365,365
221.390,349
221.415,330
221.440,320
221.465,318
221.490,310
221.515,288
221.540,252
221.565,203
221.590,141
221.615,71
221.640,4
221.665,-50
221.690,-106
221.715,-181
221.740,-277
221.765,-354
221.790,-359
221.815,-274
221.840,-134
221.865,-2
221.890,78
221.915,105
221.940,107
221.965,112
221.990,138
222.015,183
222.040,227
222.065,234
222.090,185
222.115,110
222.140,89
222.165,197
222.190,435
222.215,713
222.240,911
222.265,965
222.290,895
222.315,776
222.340,667
222.365,579
222.390,491
222.415,379
222.440,239
222.465,96
222.490,-3
222.515,-16
222.540,68
222.565,210
222.590,335
222.615,395
222.640,396
222.665,382
222.690,381
222.715,385
222.740,368
222.765,331
222.790,302
222.815,298
222.840,304
222.865,288
222.890,239
222.915,181
222.940,140
222.965,105
222.990,48
223.015,-40
223.040,-136
223.065,-209
223.090,-266
223.115,-341
223.140,-441
223.165,-519
223.190,-511
223.215,-399
223.240,-235
223.265,-98
223.290,-22
223.315,14
223.340,49
223.365,97
223.390,140
223.415,168
223.440,195
223.465,240
223.490,299
223.515,347
223.540,368
223.565,366
223.590,355
223.615,346
223.640,336
223.665,331
223.690,347
223.715,386
223.740,423
223.765,418
223.790,361
223.815,296
223.840,288
223.865,367
223.890,492
223.915,588
223.940,610
223.965,573
223.990,526
224.015,502
224.040,491
224.065,471
224.090,435
224.115,401
224.140,381
224.165,370
224.190,342
224.215,282
224.240,192
224.265,86
224.290,-18
224.315,-107
224.340,-171
224.365,-208
224.390,-238
224.415,-286
224.440,-355
224.465,-407
224.490,-386
224.515,-262
224.540,-68
224.565,120
224.590,245
224.615,305
224.640,337
224.665,369
224.690,395
224.715,400
224.740,385
224.765,379
224.790,398
224.815,429
224.840,440
224.865,420
224.890,381
224.915,342
224.940,304
224.965,249
224.990,178
225.015,109
225.040,54
225.065,-2
225.090,-84
225.115,-181
225.140,-235
225.165,-187
225.190,-41
225.215,135
225.240,269
225.265,337
225.290,369
225.315,393
225.340,406
225.365,393
225.390,356
225.415,324
225.440,314
225.465,311
225.490,289
225.515,246
225.540,204
225.565,173
225.590,134
225.615,68
225.640,-12
225.665,-77
225.690,-124
225.715,-200
225.740,-344
225.765,-515
225.790,-600
225.815,-507
225.840,-259
225.865,18
225.890,216
225.915,324
225.940,414
225.965,536
225.990,663
226.015,735
226.040,732
226.065,698
226.090,683
226.115,690
226.140,677
226.165,617
226.190,524
226.215,433
226.240,358
226.265,289
226.290,215
226.315,139
226.340,65
226.365,-16
226.390,-111
226.415,-193
226.440,-206
226.465,-117
226.490,42
226.515,199
226.540,293
226.565,325
226.590,335
226.615,351
226.640,366
226.665,359
226.690,333
226.715,313
226.740,319
226.765,335
226.790,332
226.815,300
226.840,256
226.865,221
226.890,195
226.915,163
226.940,115
226.965,62
226.990,20
227.015,-17
227.040,-71
227.065,-151
227.090,-228
227.115,-248
227.140,-176
227.165,-29
227.190,130
227.215,247
227.240,304
227.265,325
227.290,341
227.315,359
227.340,368
227.365,364
227.390,355
227.415,359
227.440,375
227.465,386
227.490,376
227.515,346
227.540,309
227.565,272
227.590,230
227.615,176
227.640,116
227.665,64
227.690,20
227.715,-31
227.740,-102
227.765,-174
227.790,-198
227.815,-136
227.840,1
227.865,153
227.890,261
227.915,307
227.940,316
227.965,322
227.990,330
228.015,327
228.040,309
228.065,291
228.090,293
228.115,314
228.140,333
228.165,331
228.190,311
228.215,287
228.240,265
228.265,234
228.290,186
228.315,130
228.340,83
228.365,46
228.390,1
228.415,-59
228.440,-113
228.465,-111
228.490,-25
228.515,122
228.540,266
228.565,355
228.590,386
228.615,391
228.640,396
228.665,398
228.690,385
228.715,365
228.740,363
228.765,389
228.790,424
228.815,433
228.840,406
228.865,365
228.890,335
228.915,314
228.940,280
228.965,224
228.990,160
229.015,103
229.040,46
229.065,-31
229.090,-125
229.115,-190
229.140,-170
229.165,-56
229.190,100
229.215,229
229.240,300
229.265,330
229.290,352
229.315,374
229.340,386
229.365,381
229.390,369
229.415,365
229.440,363
229.465,346
229.490,307
229.515,254
229.540,201
229.565,149
229.590,93
229.615,33
229.640,-27
229.665,-90
229.690,-171
229.715,-273
229.740,-369
229.765,-405
229.790,-343
229.815,-195
229.840,-21
229.865,114
229.890,187
229.915,211
229.940,213
229.965,212
229.990,214
230.015,221
230.040,233
230.065,250
230.090,266
230.115,278
230.140,284
230.165,281
230.190,269
230.215,249
230.240,229
230.265,213
230.290,191
230.315,146
230.340,79
230.365,21
230.390,19
230.415,98
230.440,234
230.465,372
230.490,465
230.515,504
230.540,507
230.565,494
230.590,471
230.615,439
230.640,402
230.665,371
230.690,350
230.715,338
230.740,321
230.765,292
230.790,247
230.815,192
230.840,134
230.865,77
230.890,16
230.915,-56
230.940,-146
230.965,-231
230.990,-268
231.015,-223
231.040,-95
231.065,67
231.090,204
231.115,278
231.140,296
231.165,291
231.190,289
231.215,295
231.240,297
231.265,292
231.290,288
231.315,299
231.340,328
231.365,361
231.390,379
231.415,374
231.440,353
231.465,330
231.490,304
231.515,258
231.540,180
231.565,89
231.590,35
231.615,66
231.640,183
231.665,339
231.690,473
231.715,549
231.740,573
231.765,569
231.790,553
231.815,530
231.840,503
231.865,479
231.890,459
231.915,437
231.940,398
231.965,340
231.990,266
232.015,183
232.040,93
232.065,5
232.090,-68
232.115,-120
232.140,-157
232.165,-199
232.190,-248
232.215,-272
232.240,-228
232.265,-105
232.290,50
232.315,171
232.340,218
232.365,203
232.390,169
232.415,147
232.440,141
232.465,148
232.490,174
232.515,229
232.540,303
232.565,369
232.590,395
232.615,368
232.640,296
232.665,194
232.690,76
232.715,-52
232.740,-188
232.765,-322
232.790,-432
232.815,-487
232.840,-461
232.865,-357
232.890,-212
232.915,-86
232.940,-18
232.965,-5
232.990,-6
233.015,20
233.040,91
233.065,195
233.090,308
233.115,404
233.140,469
233.165,493
233.190,481
233.215,449
233.240,413
233.265,384
233.290,364
233.315,352
233.340,342
233.365,320
233.390,268
233.415,187
233.440,113
233.465,99
233.490,174
233.515,312
233.540,446
233.565,526
233.590,548
233.615,543
233.640,538
233.665,534
233.690,520
233.715,495
233.740,471
233.765,454
233.790,437
233.815,405
233.840,358
233.865,303
233.890,247
233.915,188
233.940,125
233.965,59
233.990,-9
234.015,-88
234.040,-185
234.065,-278
234.090,-327
234.115,-294
234.140,-183
234.165,-43
234.190,72
234.215,140
234.240,168
234.265,171
234.290,158
234.315,131
234.340,105
234.365,97
234.390,111
234.415,134
234.440,146
234.465,139
234.490,117
234.515,88
234.540,59
234.565,34
234.590,17
234.615,2
234.640,-20
234.665,-51
234.690,-64
234.715,-17
234.740,109
234.765,285
234.790,448
234.815,551
234.840,593
234.865,603
234.890,603
234.915,588
234.940,551
234.965,503
234.990,470
235.015,459
235.040,451
235.065,424
235.090,380
235.115,335
235.140,299
235.165,262
235.190,212
235.215,152
235.240,101
235.265,59
235.290,7
235.315,-70
235.340,-148
235.365,-175
235.390,-117
235.415,6
235.440,134
235.465,218
235.490,247
235.515,245
235.540,232
235.565,213
235.590,189
235.615,168
235.640,164
235.665,178
235.690,197
235.715,205
235.740,196
235.765,177
235.790,156
235.815,136
235.840,116
235.865,93
235.890,65
235.915,27
235.940,-17
235.965,-48
235.990,-34
236.015,40
236.040,159
236.065,279
236.090,359
236.115,387
236.140,379
236.165,361
236.190,346
236.215,333
236.240,317
236.265,304
236.290,298
236.315,300
236.340,299
236.365,281
236.390,245
236.415,199
236.440,158
236.465,126
236.490,89
236.515,35
236.540,-33
236.565,-88
236.590,-90
236.615,-24
236.640,91
236.665,209
236.690,286
236.715,310
236.740,297
236.765,274
236.790,256
236.815,245
236.840,235
236.865,228
236.890,227
236.915,232
236.940,235
236.965,224
236.990,197
237.015,161
237.040,128
237.065,101
237.090,70
237.115,19
237.140,-50
237.165,-111
237.190,-123
237.215,-60
237.240,64
237.265,202
237.290,305
237.315,348
237.340,346
237.365,325
237.390,305
237.415,290
237.440,275
237.465,260
237.490,252
237.515,253
237.540,256
237.565,249
237.590,224
237.615,189
237.640,156
237.665,132
237.690,108
237.715,63
237.740,-6
237.765,-81
237.790,-114
237.815,-71
237.840,46
237.865,193
237.890,312
237.915,369
237.940,372
237.965,354
237.990,339
238.015,331
238.040,319
238.065,303
238.090,292
238.115,297
238.140,310
238.165,313
238.190,293
238.215,255
238.240,218
238.265,191
238.290,167
238.315,123
238.340,53
238.365,-17
238.390,-44
238.415,6
238.440,126
238.465,271
238.490,382
238.515,429
238.540,422
238.565,394
238.590,367
238.615,347
238.640,326
238.665,304
238.690,289
238.715,285
238.740,285
238.765,272
238.790,239
238.815,199
238.840,165
238.865,136
238.890,92
238.915,17
238.940,-72
238.965,-129
238.990,-108
239.015,-3
239.040,141
239.065,262
239.090,319
239.115,315
239.140,282
239.165,245
239.190,209
239.215,171
239.240,135
239.265,113
239.290,109
239.315,110
239.340,93
239.365,54
239.390,8
239.415,-25
239.440,-53
239.465,-97
239.490,-168
239.515,-239
239.540,-252
239.565,-168
239.590,-1
239.615,184
239.640,324
239.665,393
239.690,411
239.715,411
239.740,409
239.765,402
239.790,387
239.815,373
239.840,372
239.865,379
239.890,376
239.915,349
239.940,307
239.965,268
239.990,236
240.015,196
240.040,126
240.065,39
240.090,-21
240.115,-5
240.140,96
240.165,241
240.190,361
240.215,418
240.240,417
240.265,392
240.290,366
240.315,342
240.340,314
240.365,285
240.390,271
240.415,272
240.440,270
240.465,244
240.490,190
240.515,130
240.540,82
240.565,39
240.590,-23
240.615,-114
240.640,-200
240.665,-226
240.690,-159
240.715,-22
240.740,122
240.765,221
240.790,261
240.815,266
240.840,263
240.865,261
240.890,258
240.915,252
240.940,251
240.965,255
240.990,257
241.015,246
241.040,227
241.065,211
241.090,201
241.115,180
241.140,126
241.165,44
241.190,-22
241.215,-22
241.240,60
241.265,187
241.290,298
241.315,356
241.340,370
241.365,368
241.390,362
241.415,346
241.440,316
241.465,286
241.490,273
241.515,273
241.540,261
241.565,214
241.590,150
241.615,107
241.640,107
241.665,122
241.690,103
241.715,29
241.740,-64
241.765,-114
241.790,-81
241.815,14
241.840,124
241.865,208
241.890,257
241.915,284
241.940,302
241.965,312
241.990,317
242.015,322
242.040,332
242.065,343
242.090,349
242.115,345
242.140,328
242.165,303
242.190,270
242.215,233
242.240,195
242.265,157
242.290,111
242.315,49
242.340,-20
242.365,-65
242.390,-50
242.415,30
242.440,146
242.465,248
242.490,306
242.515,325
242.540,329
242.565,334
242.590,339
242.615,333
242.640,315
242.665,296
242.690,285
242.715,279
242.740,270
242.765,252
242.790,226
242.815,197
242.840,170
242.865,142
242.890,104
242.915,49
242.940,-18
242.965,-77
242.990,-94
243.015,-50
243.040,41
243.065,144
243.090,219
243.115,251
243.140,258
243.165,264
243.190,275
243.215,279
243.240,266
243.265,242
243.290,221
243.315,210
243.340,200
243.365,180
243.390,152
243.415,129
243.440,115
243.465,97
243.490,56
243.515,-6
243.540,-64
243.565,-79
243.590,-34
243.615,54
243.640,152
243.665,228
243.690,272
243.715,288
243.740,286
243.765,276
243.790,265
243.815,254
243.840,245
243.865,236
243.890,228
243.915,220
243.940,207
243.965,186
243.990,159
244.015,133
244.040,110
244.065,84
244.090,40
244.115,-25
244.140,-90
244.165,-114
244.190,-67
244.215,42
244.240,174
244.265,283
244.290,351
244.315,386
244.340,405
244.365,413
244.390,409
244.415,396
244.440,383
244.465,380
244.490,380
244.515,373
244.540,355
244.565,326
244.590,292
244.615,253
244.640,206
244.665,159
244.690,115
244.715,73
244.740,18
244.765,-54
244.790,-121
244.815,-141
244.840,-83
244.865,38
244.890,174
244.915,276
244.940,332
244.965,359
244.990,380
245.015,395
245.040,397
245.065,383
245.090,369
245.115,368
245.140,378
245.165,378
245.190,358
245.215,323
245.240,289
245.265,258
245.290,218
245.315,161
245.340,95
245.365,39
245.390,-2
245.415,-49
245.440,-121
245.465,-204
245.490,-253
245.515,-221
245.540,-102
245.565,54
245.590,187
245.615,261
245.640,291
245.665,308
245.690,326
245.715,339
245.740,336
245.765,323
245.790,316
245.815,320
245.840,324
245.865,313
245.890,285
245.915,256
245.940,231
245.965,202
245.990,156
246.015,94
246.040,36
246.065,-6
246.090,-45
246.115,-102
246.140,-174
246.165,-223
246.190,-201
246.215,-94
246.240,57
246.265,196
246.290,283
246.315,324
246.340,348
246.365,371
246.390,390
246.415,393
246.440,384
246.465,376
246.490,379
246.515,384
246.540,377
246.565,350
246.590,313
246.615,279
246.640,246
246.665,204
246.690,148
246.715,84
246.740,29
246.765,-11
246.790,-50
246.815,-106
246.840,-179
246.865,-240
246.890,-245
246.915,-170
246.940,-32
246.965,121
246.990,240
247.015,308
247.040,338
247.065,359
247.090,384
247.115,407
247.140,420
247.165,424
247.190,429
247.215,443
247.240,458
247.265,461
247.290,447
247.315,420
247.340,387
247.365,350
247.390,305
247.415,256
247.440,212
247.465,174
247.490,127
247.515,57
247.540,-27
247.565,-82
247.590,-63
247.615,36
247.640,173
247.665,286
247.690,344
247.715,360
247.740,365
247.765,370
247.790,366
247.815,345
247.840,317
247.865,301
247.890,298
247.915,293
247.940,267
247.965,225
247.990,185
248.015,155
248.040,124
248.065,76
248.090,16
248.115,-42
248.140,-94
248.165,-153
248.190,-225
248.215,-285
248.240,-287
248.265,-206
248.290,-69
248.315,65
248.340,156
248.365,203
248.390,236
248.415,267
248.440,285
248.465,275
248.490,252
248.515,241
248.540,255
248.565,272
248.590,257
248.615,200
248.640,121
248.665,50
248.690,7
248.715,-3
248.740,17
248.765,62
248.790,109
248.815,127
248.840,98
248.865,43
248.890,11
248.915,40
248.940,127
248.965,238
248.990,334
249.015,404
249.040,451
249.065,474
249.090,468
249.115,441
249.140,411
249.165,396
249.190,383
249.215,349
249.240,280
249.265,199
249.290,141
249.315,118
249.340,115
249.365,109
249.390,98
249.415,91
249.440,80
249.465,40
249.490,-37
249.515,-115
249.540,-128
249.565,-39
249.590,124
249.615,295
249.640,422
249.665,505
249.690,566
249.715,614
249.740,633
249.765,608
249.790,552
249.815,496
249.840,462
249.865,443
249.890,418
249.915,372
249.940,301
249.965,210
249.990,110
250.015,25
250.040,-22
250.065,-36
250.090,-51
250.115,-101
250.140,-183
250.165,-242
250.190,-222
250.215,-115
250.240,25
250.265,135
250.290,190
250.315,207
250.340,214
250.365,219
250.390,213
250.415,198
250.440,189
250.465,201
250.490,225
250.515,243
250.540,240
250.565,216
250.590,180
250.615,138
250.640,98
250.665,68
250.690,51
250.715,28
250.740,-21
250.765,-96
250.790,-150
250.815,-131
250.840,-19
250.865,143
250.890,292
250.915,385
250.940,427
250.965,443
250.990,449
251.015,444
251.040,428
251.065,408
251.090,397
251.115,394
251.140,388
251.165,369
251.190,338
251.215,299
251.240,254
251.265,204
251.290,154
251.315,103
251.340,42
251.365,-38
251.390,-130
251.415,-193
251.440,-181
251.465,-78
251.490,79
251.515,228
251.540,318
251.565,345
251.590,339
251.615,329
251.640,323
251.665,316
251.690,304
251.715,291
251.740,282
251.765,279
251.790,270
251.815,245
251.840,201
251.865,149
251.890,101
251.915,62
251.940,17
251.965,-48
251.990,-131
252.015,-192
252.040,-183
252.065,-82
252.090,78
252.115,237
252.140,344
252.165,391
252.190,401
252.215,397
252.240,391
252.265,380
252.290,367
252.315,359
252.340,355
252.365,350
252.390,334
252.415,305
252.440,264
252.465,214
252.490,163
252.515,116
252.540,76
252.565,29
252.590,-40
252.615,-129
252.640,-193
252.665,-180
252.690,-71
252.715,96
252.740,252
252.765,349
252.790,387
252.815,395
252.840,396
252.865,389
252.890,371
252.915,350
252.940,339
252.965,338
252.990,334
253.015,317
253.040,286
253.065,251
253.090,213
253.115,170
253.140,122
253.165,73
253.190,21
253.215,-42
253.240,-117
253.265,-178
253.290,-176
253.315,-87
253.340,64
253.365,216
253.390,313
253.415,345
253.440,342
253.465,334
253.490,329
253.515,320
253.540,306
253.565,293
253.590,290
253.615,291
253.640,285
253.665,265
253.690,231
253.715,188
253.740,142
253.765,102
253.790,65
253.815,19
253.840,-45
253.865,-122
253.890,-171
253.915,-148
253.940,-41
253.965,112
253.990,253
254.015,338
254.040,371
254.065,380
254.090,383
254.115,382
254.140,370
254.165,353
254.190,340
254.215,337
254.240,335
254.265,324
254.290,301
254.315,265
254.340,221
254.365,173
254.390,126
254.415,80
254.440,24
254.465,-49
254.490,-131
254.515,-179
254.540,-148
254.565,-32
254.590,123
254.615,255
254.640,328
254.665,350
254.690,352
254.715,352
254.740,347
254.765,332
254.790,314
254.815,304
254.840,301
254.865,296
254.890,278
254.915,249
254.940,213
254.965,171
254.990,123
255.015,74
255.040,28
255.065,-23
255.090,-95
255.115,-177
255.140,-227
255.165,-192
255.190,-62
255.215,111
255.240,255
255.265,328
255.290,349
255.315,360
255.340,377
255.365,387
255.390,374
255.415,351
255.440,340
255.465,347
255.490,354
255.515,338
255.540,302
255.565,265
255.590,234
255.615,195
255.640,140
255.665,78
255.690,25
255.715,-19
255.740,-80
255.765,-165
255.790,-238
255.815,-237
255.840,-128
255.865,54
255.890,234
255.915,350
255.940,396
255.965,412
255.990,429
256.015,444
256.040,441
256.065,421
256.090,403
256.115,404
256.140,417
256.165,415
256.190,386
256.215,339
256.240,295
256.265,260
256.290,217
256.315,156
256.340,83
256.365,23
256.390,-19
256.415,-66
256.440,-142
256.465,-234
256.490,-287
256.515,-244
256.540,-98
256.565,92
256.590,250
256.615,334
256.640,361
256.665,370
256.690,380
256.715,382
256.740,368
256.765,346
256.790,339
256.815,348
256.840,355
256.865,340
256.890,303
256.915,263
256.940,229
256.965,193
256.990,142
257.015,82
257.040,27
257.065,-16
257.090,-68
257.115,-146
257.140,-231
257.165,-268
257.190,-207
257.215,-50
257.240,140
257.265,292
257.290,371
257.315,396
257.340,403
257.365,413
257.390,418
257.415,408
257.440,391
257.465,382
257.490,389
257.515,398
257.540,388
257.565,355
257.590,312
257.615,276
257.640,245
257.665,205
257.690,148
257.715,85
257.740,31
257.765,-11
257.790,-63
257.815,-138
257.840,-219
257.865,-252
257.890,-191
257.915,-39
257.940,144
257.965,288
257.990,361
258.015,382
258.040,387
258.065,394
258.090,395
258.115,380
258.140,359
258.165,348
258.190,349
258.215,349
258.240,335
258.265,308
258.290,278
258.315,248
258.340,208
258.365,154
258.390,99
258.415,54
258.440,11
258.465,-48
258.490,-129
258.515,-191
258.540,-179
258.565,-73
258.590,87
258.615,232
258.640,315
258.665,343
258.690,350
258.715,354
258.740,349
258.765,326
258.790,298
258.815,286
258.840,295
258.865,305
258.890,296
258.915,268
258.940,235
258.965,207
258.990,175
259.015,131
259.040,80
259.065,35
259.090,-4
259.115,-60
259.140,-134
259.165,-190
259.190,-175
259.215,-65
259.240,100
259.265,247
259.290,329
259.315,354
259.340,361
259.365,370
259.390,373
259.415,356
259.440,328
259.465,316
259.490,325
259.515,337
259.540,328
259.565,298
259.590,265
259.615,238
259.640,207
259.665,158
259.690,98
259.715,47
259.740,8
259.765,-39
259.790,-114
259.815,-187
259.840,-199
259.865,-111
259.890,53
259.915,219
259.940,327
259.965,371
259.990,385
260.015,393
260.040,394
260.065,380
260.090,360
260.115,356
260.140,371
260.165,387
260.190,380
260.215,354
260.240,327
260.265,309
260.290,283
260.315,234
260.340,172
260.365,118
260.390,78
260.415,29
260.440,-48
260.465,-131
260.490,-159
260.515,-85
260.540,72
260.565,244
260.590,360
260.615,402
260.640,398
260.665,381
260.690,364
260.715,347
260.740,332
260.765,323
260.790,322
260.815,315
260.840,293
260.865,257
260.890,214
260.915,169
260.940,121
260.965,68
260.990,12
261.015,-49
261.040,-124
261.065,-215
261.090,-294
261.115,-312
261.140,-231
261.165,-68
261.190,109
261.215,233
261.240,284
261.265,290
261.290,293
261.315,306
261.340,312
261.365,299
261.390,283
261.415,285
261.440,312
261.465,339
261.490,337
261.515,300
261.540,247
261.565,203
261.590,168
261.615,126
261.640,62
261.665,-19
261.690,-84
261.715,-91
261.740,-12
261.765,144
261.790,339
261.815,510
261.840,607
261.865,617
261.890,568
261.915,499
261.940,440
261.965,395
261.990,358
262.015,320
262.040,279
262.065,225
262.090,140
262.115,20
262.140,-113
262.165,-221
262.190,-279
262.215,-303
262.240,-331
262.265,-382
262.290,-418
262.315,-375
262.340,-215
262.365,30
262.390,275
262.415,446
262.440,526
262.465,553
262.490,572
262.515,591
262.540,592
262.565,561
262.590,514
262.615,482
262.640,474
262.665,467
262.690,427
262.715,345
262.740,247
262.765,166
262.790,106
262.815,41
262.840,-51
262.865,-157
262.890,-223
262.915,-200
262.940,-89
262.965,57
262.990,173
263.015,223
263.040,224
263.065,214
263.090,216
263.115,226
263.140,227
263.165,216
263.190,211
263.215,223
263.240,248
263.265,260
263.290,239
263.315,191
263.340,139
263.365,102
263.390,74
263.415,32
263.440,-33
263.465,-105
263.490,-140
263.515,-105
263.540,-6
263.565,117
263.590,224
263.615,299
263.640,351
263.665,397
263.690,440
263.715,469
263.740,477
263.765,470
263.790,459
263.815,449
263.840,435
263.865,404
263.890,358
263.915,306
263.940,262
263.965,230
263.990,201
264.015,160
264.040,101
264.065,35
264.090,-12
264.115,-12
264.140,41
264.165,131
264.190,220
264.215,279
264.240,305
264.265,310
264.290,304
264.315,288
264.340,259
264.365,226
264.390,204
264.415,202
264.440,203
264.465,186
264.490,146
264.515,104
264.540,81
264.565,74
264.590,52
264.615,-1
264.640,-68
264.665,-93
264.690,-35
264.715,94
264.740,237
264.765,334
264.790,364
264.815,355
264.840,342
264.865,342
264.890,341
264.915,318
264.940,274
264.965,227
264.990,192
265.015,165
265.040,127
265.065,65
265.090,-12
265.115,-83
265.140,-134
265.165,-174
265.190,-215
265.215,-256
265.240,-268
265.265,-218
265.290,-99
265.315,56
265.340,195
265.365,285
265.390,325
265.415,341
265.440,358
265.465,378
265.490,390
265.515,389
265.540,382
265.565,380
265.590,382
265.615,373
265.640,341
265.665,290
265.690,241
265.715,205
265.740,174
265.765,126
265.790,60
265.815,3
265.840,-6
265.865,50
265.890,157
265.915,270
265.940,356
265.965,405
265.990,427
266.015,435
266.040,434
266.065,426
266.090,414
266.115,401
266.140,385
266.165,360
266.190,327
266.215,288
266.240,245
266.265,195
266.290,137
266.315,81
266.340,35
266.365,-4
266.390,-53
266.415,-121
266.440,-190
266.465,-217
266.490,-171
266.515,-60
266.540,73
266.565,181
266.590,245
266.615,275
266.640,291
266.665,300
266.690,302
266.715,297
266.740,292
266.765,291
266.790,296
266.815,300
266.840,295
266.865,273
266.890,232
266.915,181
266.940,133
266.965,93
266.990,53
267.015,-4
267.040,-81
267.065,-149
267.090,-158
267.115,-86
267.140,45
267.165,183
267.190,281
267.215,330
267.240,350
267.265,360
267.290,365
267.315,362
267.340,352
267.365,343
267.390,337
267.415,331
267.440,316
267.465,288
267.490,246
267.515,196
267.540,147
267.565,106
267.590,70
267.615,24
267.640,-44
267.665,-123
267.690,-170
267.715,-143
267.740,-35
267.765,111
267.790,241
267.815,323
267.840,363
267.865,384
267.890,397
267.915,397
267.940,385
267.965,373
267.990,370
268.015,372
268.040,363
268.065,338
268.090,305
268.115,269
268.140,229
268.165,179
268.190,123
268.215,71
268.240,22
268.265,-38
268.290,-116
268.315,-181
268.340,-183
268.365,-96
268.390,51
268.415,194
268.440,285
268.465,324
268.490,343
268.515,361
268.540,372
268.565,367
268.590,353
268.615,346
268.640,349
268.665,350
268.690,333
268.715,301
268.740,265
268.765,231
268.790,194
268.815,149
268.840,100
268.865,52
268.890,-3
268.915,-76
268.940,-150
268.965,-182
268.990,-133
269.015,-11
269.040,134
269.065,248
269.090,308
269.115,330
269.140,336
269.165,336
269.190,328
269.215,316
269.240,308
269.265,307
269.290,305
269.315,292
269.340,267
269.365,231
269.390,179
269.415,109
269.440,36
269.465,-13
269.490,-25
269.515,-22
269.540,-39
269.565,-80
269.590,-100
269.615,-44
269.640,93
269.665,256
269.690,375
269.715,419
269.740,411
269.765,384
269.790,349
269.815,300
269.840,247
269.865,212
269.890,212
269.915,237
269.940,262
269.965,272
269.990,273
270.015,265
270.040,239
270.065,189
270.090,129
270.115,83
270.140,56
270.165,27
270.190,-19
270.215,-63
270.240,-53
270.265,38
270.290,179
270.315,304
270.340,370
270.365,384
270.390,378
270.415,370
270.440,357
270.465,338
270.490,324
270.515,329
270.540,342
270.565,341
270.590,314
270.615,276
270.640,248
270.665,228
270.690,195
270.715,136
270.740,61
270.765,-11
270.790,-80
270.815,-155
270.840,-229
270.865,-264
270.890,-216
270.915,-80
270.940,101
270.965,259
270.990,349
271.015,369
271.040,347
271.065,317
271.090,295
271.115,273
271.140,227
271.165,143
271.190,38
271.215,-39
271.240,-38
271.265,52
271.290,196
271.315,339
271.340,449
271.365,521
271.390,554
271.415,531
271.440,442
271.465,316
271.490,216
271.515,191
271.540,235
271.565,288
271.590,297
271.615,257
271.640,204
271.665,172
271.690,162
271.715,159
271.740,154
271.765,154
271.790,164
271.815,173
271.840,161
271.865,127
271.890,87
271.915,61
271.940,46
271.965,22
271.990,-31
272.015,-109
272.040,-181
272.065,-202
272.090,-139
272.115,5
272.140,193
272.165,365
272.190,475
272.215,509
272.240,488
272.265,443
272.290,395
272.315,350
272.340,313
272.365,291
272.390,286
272.415,287
272.440,271
272.465,225
272.490,158
272.515,93
272.540,39
272.565,-11
272.590,-75
272.615,-146
272.640,-192
272.665,-176
272.690,-89
272.715,39
272.740,155
272.765,220
272.790,232
272.815,220
272.840,213
272.865,225
272.890,245
272.915,261
272.940,273
272.965,290
272.990,319
273.015,354
273.040,384
273.065,402
273.090,405
273.115,385
273.140,325
273.165,217
273.190,86
273.215,-13
273.240,-32
273.265,39
273.290,163
273.315,277
273.340,344
273.365,363
273.390,357
273.415,345
273.440,330
273.465,314
273.490,303
273.515,302
273.540,301
273.565,281
273.590,235
273.615,176
273.640,134
273.665,119
273.690,108
273.715,62
273.740,-30
273.765,-133
273.790,-181
273.815,-132
273.840,-3
273.865,144
273.890,251
273.915,295
273.940,302
273.965,301
273.990,304
274.015,300
274.040,283
274.065,267
274.090,275
274.115,314
274.140,361
274.165,381
274.190,358
274.215,299
274.240,216
274.265,114
274.290,-11
274.315,-148
274.340,-257
274.365,-296
274.390,-249
274.415,-142
274.440,-21
274.465,80
274.490,156
274.515,214
274.540,254
274.565,272
274.590,267
274.615,256
274.640,255
274.665,264
274.690,264
274.715,242
274.740,203
274.765,170
274.790,153
274.815,138
274.840,101
274.865,36
274.890,-29
274.915,-53
274.940,-10
274.965,88
274.990,205
275.015,302
275.040,358
275.065,382
275.090,388
275.115,393
275.140,400
275.165,410
275.190,418
275.215,416
275.240,400
275.265,363
275.290,312
275.315,260
275.340,218
275.365,188
275.390,155
275.415,101
275.440,28
275.465,-39
275.490,-67
275.515,-35
275.540,46
275.565,144
275.590,224
275.615,271
275.640,290
275.665,292
275.690,285
275.715,276
275.740,266
275.765,258
275.790,251
275.815,242
275.840,229
275.865,212
275.890,191
275.915,166
275.940,141
275.965,120
275.990,103
276.015,84
276.040,53
276.065,10
276.090,-25
276.115,-21
276.140,39
276.165,145
276.190,259
276.215,343
276.240,385
276.265,397
276.290,399
276.315,399
276.340,396
276.365,385
276.390,372
276.415,363
276.440,357
276.465,347
276.490,326
276.515,295
276.540,265
276.565,237
276.590,203
276.615,147
276.640,64
276.665,-27
276.690,-99
276.715,-126
276.740,-104
276.765,-52
276.790,0
276.815,37
276.840,53
276.865,57
276.890,54
276.915,49
276.940,44
276.965,43
276.990,46
277.015,55
277.040,67
277.065,78
277.090,85
277.115,84
277.140,74
277.165,57
277.190,41
277.215,27
277.240,6
277.265,-28
277.290,-69
277.315,-93
277.340,-72
277.365,-1
277.390,99
277.415,199
277.440,277
277.465,333
277.490,375
277.515,407
277.540,430
277.565,446
277.590,465
277.615,489
277.640,510
277.665,517
277.690,510
277.715,500
277.740,495
277.765,488
277.790,462
277.815,414
277.840,355
277.865,301
277.890,251
277.915,188
277.940,108
277.965,34
277.990,2
278.015,29
278.040,96
278.065,166
278.090,216
278.115,246
278.140,267
278.165,281
278.190,279
278.215,260
278.240,230
278.265,203
278.290,182
278.315,162
278.340,140
278.365,115
278.390,87
278.415,54
278.440,13
278.465,-27
278.490,-59
278.515,-86
278.540,-119
278.565,-168
278.590,-216
278.615,-227
278.640,-177
278.665,-74
278.690,39
278.715,132
278.740,196
278.765,244
278.790,286
278.815,315
278.840,326
278.865,327
278.890,334
278.915,354
278.940,374
278.965,377
278.990,360
279.015,335
279.040,314
279.065,294
279.090,265
279.115,224
279.140,184
279.165,152
279.190,119
279.215,68
279.240,3
279.265,-44
279.290,-36
279.315,36
279.340,142
279.365,239
279.390,303
279.415,341
279.440,371
279.465,396
279.490,407
279.515,399
279.540,383
279.565,375
279.590,377
279.615,376
279.640,357
279.665,322
279.690,286
279.715,257
279.740,225
279.765,182
279.790,130
279.815,85
279.840,54
279.865,20
279.890,-34
279.915,-108
279.940,-166
279.965,-164
279.990,-92
280.015,18
280.040,123
280.065,194
280.090,236
280.115,264
280.140,283
280.165,290
280.190,289
280.215,292
280.240,307
280.265,328
280.290,338
280.315,331
280.340,317
280.365,307
280.390,297
280.415,276
280.440,242
280.465,206
280.490,176
280.515,139
280.540,75
280.565,-10
280.590,-83
280.615,-96
280.640,-39
280.665,52
280.690,130
280.715,171
280.740,188
280.765,202
280.790,217
280.815,226
280.840,224
280.865,221
280.890,220
280.915,214
280.940,190
280.965,153
280.990,125
281.015,115
281.040,112
281.065,96
281.090,70
281.115,52
281.140,54
281.165,57
281.190,34
281.215,-8
281.240,-28
281.265,20
281.290,127
281.315,234
281.340,288
281.365,285
281.390,268
281.415,271
281.440,289
281.465,296
281.490,285
281.515,276
281.540,283
281.565,298
281.590,297
281.615,269
281.640,231
281.665,199
281.690,173
281.715,139
281.740,95
281.765,56
281.790,32
281.815,8
281.840,-36
281.865,-94
281.890,-122
281.915,-79
281.940,28
281.965,148
281.990,229
282.015,261
282.040,270
282.065,283
282.090,299
282.115,302
282.140,294
282.165,293
282.190,315
282.215,355
282.240,388
282.265,400
282.290,392
282.315,375
282.340,352
282.365,322
282.390,286
282.415,252
282.440,220
282.465,179
282.490,126
282.515,77
282.540,64
282.565,109
282.590,196
282.615,282
282.640,333
282.665,345
282.690,341
282.715,337
282.740,330
282.765,311
282.790,284
282.815,267
282.840,274
282.865,296
282.890,308
282.915,301
282.940,285
282.965,281
282.990,287
283.015,274
283.040,204
283.065,70
283.090,-93
283.115,-229
283.140,-290
283.165,-268
283.190,-187
283.215,-84
283.240,13
283.265,93
283.290,155
283.315,201
283.340,237
283.365,261
283.390,274
283.415,277
283.440,278
283.465,284
283.490,293
283.515,297
283.540,284
283.565,254
283.590,214
283.615,168
283.640,113
283.665,40
283.690,-43
283.715,-113
283.740,-150
283.765,-160
283.790,-168
283.815,-192
283.840,-211
283.865,-180
283.890,-76
283.915,77
283.940,219
283.965,303
283.990,336
284.015,354
284.040,386
284.065,426
284.090,446
284.115,435
284.140,409
284.165,387
284.190,373
284.215,356
284.240,327
284.265,295
284.290,275
284.315,268
284.340,260
284.365,235
284.390,192
284.415,141
284.440,87
284.465,26
284.490,-43
284.515,-102
284.540,-116
284.565,-60
284.590,52
284.615,176
284.640,263
284.665,297
284.690,295
284.715,292
284.740,305
284.765,328
284.790,337
284.815,316
284.840,270
284.865,217
284.890,176
284.915,156
284.940,152
284.965,147
284.990,134
285.015,117
285.040,108
285.065,115
285.090,126
285.115,115
285.140,71
285.165,12
285.190,-17
285.215,17
285.240,113
285.265,233
285.290,331
285.315,389
285.340,414
285.365,422
285.390,419
285.415,407
285.440,387
285.465,370
285.490,362
285.515,358
285.540,351
285.565,336
285.590,315
285.615,291
285.640,259
285.665,215
285.690,164
285.715,118
285.740,82
285.765,49
285.790,5
285.815,-43
285.840,-69
285.865,-39
285.890,50
285.915,170
285.940,273
285.965,330
285.990,342
286.015,327
286.040,301
286.065,269
286.090,231
286.115,194
286.140,167
286.165,156
286.190,152
286.215,138
286.240,105
286.265,63
286.290,30
286.315,17
286.340,14
286.365,1
286.390,-33
286.415,-73
286.440,-84
286.465,-37
286.490,64
286.515,183
286.540,277
286.565,323
286.590,329
286.615,319
286.640,311
286.665,307
286.690,301
286.715,291
286.740,281
286.765,279
286.790,278
286.815,265
286.840,232
286.865,185
286.890,142
286.915,113
286.940,84
286.965,32
286.990,-48
287.015,-127
287.040,-153
287.065,-95
287.090,32
287.115,177
287.140,288
287.165,347
287.190,367
287.215,371
287.240,368
287.265,360
287.290,347
287.315,334
287.340,327
287.365,325
287.390,319
287.415,299
287.440,262
287.465,215
287.490,167
287.515,126
287.540,85
287.565,27
287.590,-55
287.615,-145
287.640,-198
287.665,-172
287.690,-66
287.715,77
287.740,200
287.765,272
287.790,304
287.815,325
287.840,343
287.865,350
287.890,338
287.915,321
287.940,316
287.965,324
287.990,327
288.015,309
288.040,274
288.065,237
288.090,205
288.115,168
288.140,118
288.165,63
288.190,15
288.215,-28
288.240,-86
288.265,-161
288.290,-218
288.315,-205
288.340,-101
288.365,59
288.390,210
288.415,306
288.440,353
288.465,382
288.490,414
288.515,441
288.540,448
288.565,438
288.590,429
288.615,435
288.640,446
288.665,443
288.690,418
288.715,381
288.740,344
288.765,308
288.790,262
288.815,205
288.840,147
288.865,100
288.890,60
288.915,8
288.940,-69
288.965,-153
288.990,-196
289.015,-158
289.040,-43
289.065,101
289.090,218
289.115,281
289.140,303
289.165,313
289.190,323
289.215,325
289.240,311
289.265,289
289.290,278
289.315,283
289.340,288
289.365,275
289.390,244
289.415,211
289.440,186
289.465,162
289.490,122
289.515,69
289.540,21
289.565,-13
289.590,-47
289.615,-104
289.640,-181
289.665,-237
289.690,-221
289.715,-122
289.740,20
289.765,152
289.790,240
289.815,288
289.840,318
289.865,340
289.890,353
289.915,354
289.940,350
289.965,350
289.990,356
290.015,362
290.040,362
290.065,351
290.090,330
290.115,299
290.140,263
290.165,226
290.190,192
290.215,156
290.240,112
290.265,64
290.290,19
290.315,-20
290.340,-66
290.365,-128
290.390,-190
290.415,-209
290.440,-149
290.465,-17
290.490,131
290.515,242
290.540,298
290.565,327
290.590,357
290.615,387
290.640,397
290.665,381
290.690,371
290.715,401
290.740,474
290.765,553
290.790,600
290.815,614
290.840,619
290.865,629
290.890,624
290.915,571
290.940,462
290.965,326
290.990,201
291.015,94
291.040,-15
291.065,-140
291.090,-255
291.115,-307
291.140,-263
291.165,-146
291.190,-18
291.215,66
291.240,98
291.265,104
291.290,111
291.315,124
291.340,130
291.365,119
291.390,98
291.415,79
291.440,64
291.465,51
291.490,40
291.515,44
291.540,74
291.565,120
291.590,160
291.615,176
291.640,167
291.665,145
291.690,112
291.715,59
291.740,-21
291.765,-104
291.790,-142
291.815,-96
291.840,26
291.865,174
291.890,293
291.915,359
291.940,388
291.965,405
291.990,420
292.015,421
292.040,405
292.065,381
292.090,371
292.115,384
292.140,403
292.165,407
292.190,386
292.215,352
292.240,322
292.265,298
292.290,264
292.315,207
292.340,134
292.365,68
292.390,18
292.415,-30
292.440,-100
292.465,-193
292.490,-269
292.515,-277
292.540,-196
292.565,-57
292.590,81
292.615,182
292.640,243
292.665,286
292.690,321
292.715,343
292.740,346
292.765,337
292.790,332
292.815,338
292.840,345
292.865,344
292.890,333
292.915,318
292.940,301
292.965,278
292.990,253
293.015,242
293.040,268
293.065,334
293.090,414
293.115,464
293.140,445
293.165,344
293.190,182
293.215,7
293.240,-121
293.265,-162
293.290,-114
293.315,-13
293.340,85
293.365,155
293.390,198
293.415,233
293.440,264
293.465,277
293.490,264
293.515,237
293.540,224
293.565,238
293.590,264
293.615,276
293.640,266
293.665,246
293.690,228
293.715,210
293.740,175
293.765,122
293.790,67
293.815,24
293.840,-11
293.865,-58
293.890,-121
293.915,-170
293.940,-159
293.965,-70
293.990,66
294.015,196
294.040,278
294.065,315
294.090,333
294.115,350
294.140,362
294.165,358
294.190,339
294.215,325
294.240,327
294.265,340
294.290,342
294.315,324
294.340,297
294.365,273
294.390,251
294.415,219
294.440,167
294.465,108
294.490,59
294.515,20
294.540,-30
294.565,-106
294.590,-187
294.615,-225
294.640,-184
294.665,-75
294.690,50
294.715,148
294.740,207
294.765,244
294.790,274
294.815,298
294.840,307
294.865,308
294.890,317
294.915,342
294.940,370
294.965,385
294.990,385
295.015,380
295.040,379
295.065,376
295.090,360
295.115,329
295.140,289
295.165,249
295.190,209
295.215,163
295.240,114
295.265,65
295.290,12
295.315,-52
295.340,-125
295.365,-176
295.390,-161
295.415,-63
295.440,84
295.465,221
295.490,306
295.515,338
295.540,348
295.565,359
295.590,368
295.615,364
295.640,345
295.665,328
295.690,327
295.715,336
295.740,339
295.765,322
295.790,290
295.815,258
295.840,231
295.865,203
295.890,162
295.915,109
295.940,53
295.965,5
295.990,-35
296.015,-86
296.040,-156
296.065,-229
296.090,-263
296.115,-219
296.140,-97
296.165,58
296.190,190
296.215,265
296.240,294
296.265,307
296.290,320
296.315,327
296.340,317
296.365,300
296.390,295
296.415,307
296.440,324
296.465,323
296.490,300
296.515,271
296.540,245
296.565,218
296.590,179
296.615,130
296.640,86
296.665,51
296.690,9
296.715,-56
296.740,-130
296.765,-163
296.790,-109
296.815,24
296.840,183
296.865,305
296.890,371
296.915,403
296.940,428
296.965,448
296.990,452
297.015,437
297.040,420
297.065,417
297.090,427
297.115,433
297.140,426
297.165,408
297.190,385
297.215,358
297.240,321
297.265,273
297.290,221
297.315,172
297.340,120
297.365,60
297.390,-4
297.415,-62
297.440,-111
297.465,-166
297.490,-242
297.515,-320
297.540,-350
297.565,-287
297.590,-135
297.615,45
297.640,188
297.665,267
297.690,304
297.715,334
297.740,366
297.765,385
297.790,380
297.815,364
297.840,361
297.865,375
297.890,390
297.915,384
297.940,355
297.965,319
297.990,287
298.015,252
298.040,203
298.065,141
298.090,82
298.115,35
298.140,-12
298.165,-81
298.190,-169
298.215,-235
298.240,-222
298.265,-111
298.290,56
298.315,212
298.340,306
298.365,343
298.390,356
298.415,369
298.440,379
298.465,371
298.490,350
298.515,335
298.540,337
298.565,345
298.590,340
298.615,316
298.640,286
298.665,259
298.690,228
298.715,178
298.740,113
298.765,52
298.790,9
298.815,-30
298.840,-95
298.865,-183
298.890,-245
298.915,-222
298.940,-99
298.965,77
298.990,235
299.015,330
299.040,373
299.065,396
299.090,415
299.115,426
299.140,421
299.165,407
299.190,400
299.215,406
299.240,413
299.265,409
299.290,388
299.315,358
299.340,325
299.365,291
299.390,252
299.415,208
299.440,159
299.465,106
299.490,51
299.515,1
299.540,-46
299.565,-100
299.590,-169
299.615,-238
299.640,-267
299.665,-212
299.690,-73
299.715,102
299.740,248
299.765,331
299.790,366
299.815,390
299.840,418
299.865,438
299.890,434
299.915,411
299.940,391
299.965,385
299.990,380
300.015,359
300.040,320
300.065,276
300.090,235
300.115,191
300.140,133
300.165,68
300.190,15
300.215,-21
300.240,-58
300.265,-116
300.290,-185
300.315,-221
300.340,-182
300.365,-68
300.390,72
300.415,186
300.440,250
300.465,279
300.490,295
300.515,306
300.540,305
300.565,289
300.590,271
300.615,268
300.640,278
300.665,288
300.690,285
300.715,268
300.740,249
300.765,228
300.790,199
300.815,157
300.840,108
300.865,67
300.890,34
300.915,-6
300.940,-66
300.965,-130
300.990,-156
301.015,-106
301.040,14
301.065,161
301.090,279
301.115,344
301.140,374
301.165,395
301.190,416
301.215,426
301.240,417
301.265,400
301.290,394
301.315,405
301.340,413
301.365,400
301.390,366
301.415,329
301.440,301
301.465,275
301.490,235
301.515,180
301.540,123
301.565,76
301.590,27
301.615,-40
301.640,-121
301.665,-175
301.690,-155
301.715,-55
301.740,80
301.765,194
301.790,258
301.815,284
301.840,301
301.865,318
301.890,324
301.915,313
301.940,295
301.965,286
301.990,289
302.015,291
302.040,277
302.065,250
302.090,218
302.115,186
302.140,150
302.165,105
302.190,57
302.215,10
302.240,-39
302.265,-100
302.290,-156
302.315,-172
302.340,-117
302.365,1
302.390,135
302.415,234
302.440,281
302.465,298
302.490,313
302.515,329
302.540,334
302.565,323
302.590,309
302.615,309
302.640,320
302.665,324
302.690,309
302.715,282
302.740,256
302.765,233
302.790,202
302.815,157
302.840,107
302.865,65
302.890,24
302.915,-31
302.940,-103
302.965,-160
302.990,-159
303.015,-80
303.040,47
303.065,175
303.090,266
303.115,320
303.140,355
303.165,384
303.190,403
303.215,407
303.240,399
303.265,394
303.290,399
303.315,410
303.340,413
303.365,401
303.390,375
303.415,342
303.440,309
303.465,276
303.490,237
303.515,188
303.540,132
303.565,77
303.590,31
303.615,-8
303.640,-55
303.665,-120
303.690,-189
303.715,-225
303.740,-193
303.765,-90
303.790,45
303.815,161
303.840,228
303.865,256
303.890,272
303.915,293
303.940,312
303.965,313
303.990,297
304.015,281
304.040,280
304.065,288
304.090,291
304.115,276
304.140,251
304.165,227
304.190,206
304.215,180
304.240,141
304.265,94
304.290,52
304.315,18
304.340,-17
304.365,-70
304.390,-130
304.415,-163
304.440,-133
304.465,-35
304.490,101
304.515,228
304.540,316
304.565,364
304.590,394
304.615,419
304.640,436
304.665,439
304.690,428
304.715,418
304.740,421
304.765,436
304.790,446
304.815,439
304.840,416
304.865,388
304.890,363
304.915,333
304.940,288
304.965,230
304.990,168
305.015,112
305.040,53
305.065,-23
305.090,-113
305.115,-176
305.140,-170
305.165,-82
305.190,48
305.215,163
305.240,227
305.265,250
305.290,264
305.315,283
305.340,293
305.365,283
305.390,260
305.415,250
305.440,263
305.465,281
305.490,282
305.515,261
305.540,233
305.565,214
305.590,196
305.615,165
305.640,120
305.665,76
305.690,43
305.715,9
305.740,-42
305.765,-104
305.790,-138
305.815,-106
305.840,-7
305.865,113
305.890,210
305.915,264
305.940,291
305.965,308
305.990,319
306.015,315
306.040,296
306.065,270
306.090,248
306.115,232
306.140,218
306.165,204
306.190,187
306.215,166
306.240,136
306.265,102
306.290,69
306.315,40
306.340,0
306.365,-61
306.390,-128
306.415,-158
306.440,-116
306.465,-6
306.490,124
306.515,228
306.540,287
306.565,319
306.590,347
306.615,374
306.640,389
306.665,386
306.690,374
306.715,367
306.740,367
306.765,366
306.790,356
306.815,335
306.840,302
306.865,258
306.890,207
306.915,156
306.940,107
306.965,46
306.990,-35
307.015,-121
307.040,-161
307.065,-113
307.090,19
307.115,179
307.140,300
307.165,356
307.190,371
307.215,381
307.240,397
307.265,401
307.290,382
307.315,356
307.340,345
307.365,351
307.390,355
307.415,338
307.440,306
307.465,270
307.490,234
307.515,187
307.540,124
307.565,61
307.590,11
307.615,-30
307.640,-90
307.665,-175
307.690,-248
307.715,-248
307.740,-146
307.765,20
307.790,181
307.815,286
307.840,336
307.865,366
307.890,394
307.915,411
307.940,404
307.965,381
307.990,366
308.015,369
308.040,375
308.065,365
308.090,336
308.115,304
308.140,278
308.165,248
308.190,201
308.215,138
308.240,79
308.265,30
308.290,-20
308.315,-94
308.340,-180
308.365,-230
308.390,-197
308.415,-79
308.440,72
308.465,194
308.490,259
308.515,283
308.540,294
308.565,305
308.590,309
308.615,301
308.640,287
308.665,281
308.690,284
308.715,287
308.740,279
308.765,261
308.790,236
308.815,204
308.840,165
308.865,122
308.890,80
308.915,35
308.940,-19
308.965,-88
308.990,-145
309.015,-152
309.040,-82
309.065,47
309.090,188
309.115,290
309.140,340
309.165,359
309.190,372
309.215,384
309.240,386
309.265,376
309.290,365
309.315,366
309.340,377
309.365,381
309.390,364
309.415,331
309.440,297
309.465,269
309.490,239
309.515,197
309.540,143
309.565,92
309.590,52
309.615,13
309.640,-42
309.665,-116
309.690,-181
309.715,-193
309.740,-127
309.765,-1
309.790,135
309.815,237
309.840,292
309.865,319
309.890,341
309.915,363
309.940,375
309.965,368
309.990,354
310.015,347
310.040,353
310.065,359
310.090,350
310.115,325
310.140,296
310.165,272
310.190,249
310.215,213
310.240,164
310.265,113
310.290,71
310.315,33
310.340,-15
310.365,-80
310.390,-135
310.415,-141
310.440,-80
310.465,25
310.490,131
310.515,202
310.540,238
310.565,257
310.590,274
310.615,286
310.640,286
310.665,276
310.690,269
310.715,272
310.740,279
310.765,277
310.790,263
310.815,245
310.840,228
310.865,207
310.890,176
310.915,136
310.940,96
310.965,59
310.990,13
311.015,-46
311.040,-106
311.065,-126
311.090,-78
311.115,30
311.140,153
311.165,245
311.190,293
311.215,317
311.240,338
311.265,358
311.290,364
311.315,353
311.340,338
311.365,337
311.390,346
311.415,348
311.440,333
311.465,307
311.490,281
311.515,258
311.540,228
311.565,183
311.590,131
311.615,85
311.640,42
311.665,-10
311.690,-76
311.715,-130
311.740,-132
311.765,-62
311.790,56
311.815,172
311.840,250
311.865,288
311.890,310
311.915,330
311.940,345
311.965,342
311.990,327
312.015,313
312.040,311
312.065,315
312.090,310
312.115,292
312.140,267
312.165,240
312.190,207
312.215,167
312.240,123
312.265,82
312.290,44
312.315,-6
312.340,-76
312.365,-140
312.390,-156
312.415,-94
312.440,28
312.465,159
312.490,250
312.515,295
312.540,318
312.565,340
312.590,358
312.615,358
312.640,342
312.665,326
312.690,327
312.715,336
312.740,334
312.765,312
312.790,280
312.815,254
312.840,231
312.865,197
312.890,146
312.915,91
312.940,42
312.965,-3
312.990,-64
313.015,-138
313.040,-191
313.065,-172
313.090,-67
313.115,84
313.140,218
313.165,296
313.190,330
313.215,352
313.240,380
313.265,400
313.290,396
313.315,374
313.340,360
313.365,367
313.390,381
313.415,378
313.440,349
313.465,309
313.490,273
313.515,239
313.540,193
313.565,134
313.590,76
313.615,31
313.640,-14
313.665,-80
313.690,-162
313.715,-217
313.740,-197
313.765,-93
313.790,49
313.815,170
313.840,237
313.865,267
313.890,286
313.915,305
313.940,312
313.965,301
313.990,282
314.015,274
314.040,279
314.065,281
314.090,270
314.115,246
314.140,221
314.165,196
314.190,166
314.215,127
314.240,88
314.265,56
314.290,24
314.315,-23
314.340,-86
314.365,-130
314.390,-114
314.415,-22
314.440,113
314.465,242
314.490,327
314.515,371
314.540,396
314.565,417
314.590,432
314.615,432
314.640,420
314.665,408
314.690,408
314.715,414
314.740,414
314.765,396
314.790,362
314.815,323
314.840,288
314.865,256
314.890,217
314.915,167
314.940,111
314.965,61
314.990,19
315.015,-30
315.040,-100
315.065,-177
315.090,-220
315.115,-189
315.140,-81
315.165,60
315.190,177
315.215,245
315.240,276
315.265,299
315.290,322
315.315,334
315.340,324
315.365,302
315.390,287
315.415,289
315.440,298
315.465,299
315.490,285
315.515,260
315.540,229
315.565,196
315.590,163
315.615,129
315.640,90
315.665,36
315.690,-29
315.715,-78
315.740,-74
315.765,0
315.790,118
315.815,227
315.840,288
315.865,306
315.890,309
315.915,314
315.940,316
315.965,303
315.990,282
316.015,271
316.040,274
316.065,277
316.090,265
316.115,239
316.140,213
316.165,192
316.190,166
316.215,124
316.240,75
316.265,32
316.290,-4
316.315,-53
316.340,-121
316.365,-177
316.390,-172
316.415,-86
316.440,51
316.465,180
316.490,262
316.515,300
316.540,321
316.565,340
316.590,348
316.615,339
316.640,323
316.665,317
316.690,326
316.715,336
316.740,333
316.765,315
316.790,290
316.815,263
316.840,230
316.865,190
316.890,147
316.915,102
316.940,47
316.965,-22
316.990,-89
317.015,-113
317.040,-65
317.065,46
317.090,178
317.115,278
317.140,327
317.165,341
317.190,346
317.215,351
317.240,348
317.265,331
317.290,306
317.315,285
317.340,278
317.365,276
317.390,266
317.415,238
317.440,194
317.465,147
317.490,105
317.515,64
317.540,12
317.565,-57
317.590,-123
317.615,-150
317.640,-108
317.665,-3
317.690,123
317.715,227
317.740,284
317.765,304
317.790,306
317.815,304
317.840,299
317.865,291
317.890,281
317.915,274
317.940,269
317.965,261
317.990,247
318.015,223
318.040,188
318.065,147
318.090,105
318.115,65
318.140,22
318.165,-36
318.190,-108
318.215,-163
318.240,-159
318.265,-75
318.290,63
318.315,203
318.340,301
318.365,353
318.390,382
318.415,404
318.440,419
318.465,420
318.490,414
318.515,414
318.540,422
318.565,428
318.590,420
318.615,404
318.640,386
318.665,362
318.690,324
318.715,277
318.740,242
318.765,232
318.790,224
318.815,179
318.840,84
318.865,-14
318.890,-49
318.915,6
318.940,113
318.965,206
318.990,250
319.015,265
319.040,282
319.065,303
319.090,306
319.115,279
319.140,235
319.165,196
319.190,167
319.215,139
319.240,107
319.265,80
319.290,64
319.315,50
319.340,24
319.365,-13
319.390,-47
319.415,-72
319.440,-102
319.465,-154
319.490,-212
319.515,-228
319.540,-165
319.565,-31
319.590,118
319.615,236
319.640,307
319.665,351
319.690,386
319.715,413
319.740,423
319.765,416
319.790,399
319.815,380
319.840,359
319.865,332
319.890,299
319.915,258
319.940,207
319.965,147
319.990,90
320.015,45
320.040,6
320.065,-43
320.090,-109
320.115,-162
320.140,-153
320.165,-57
320.190,99
320.215,257
320.240,373
320.265,440
320.290,478
320.315,498
320.340,496
320.365,470
320.390,433
320.415,405
320.440,392
320.465,382
320.490,358
320.515,313
320.540,254
320.565,188
320.590,121
320.615,58
320.640,2
320.665,-53
320.690,-125
320.715,-214
320.740,-293
320.765,-318
320.790,-265
320.815,-158
320.840,-49
320.865,24
320.890,65
320.915,95
320.940,125
320.965,144
320.990,143
321.015,142
321.040,166
321.065,220
321.090,281
321.115,326
321.140,353
321.165,381
321.190,416
321.215,441
321.240,439
321.265,416
321.290,394
321.315,380
321.340,352
321.365,290
321.390,209
321.415,162
321.440,190
321.465,280
321.490,376
321.515,431
321.540,445
321.565,446
321.590,451
321.615,451
321.640,430
321.665,391
321.690,356
321.715,339
321.740,328
321.765,305
321.790,264
321.815,222
321.840,188
321.865,160
321.890,123
321.915,76
321.940,31
321.965,-6
321.990,-46
322.015,-102
322.040,-163
322.065,-194
322.090,-164
322.115,-77
322.140,25
322.165,104
322.190,144
322.215,160
322.240,168
322.265,175
322.290,176
322.315,173
322.340,175
322.365,185
322.390,195
322.415,196
322.440,186
322.465,172
322.490,157
322.515,139
322.540,116
322.565,91
322.590,69
322.615,45
322.640,7
322.665,-45
322.690,-88
322.715,-84
322.740,-17
322.765,90
322.790,196
322.815,266
322.840,302
322.865,321
322.890,335
322.915,343
322.940,339
322.965,325
322.990,315
323.015,311
323.040,310
323.065,304
323.090,290
323.115,270
323.140,245
323.165,212
323.190,173
323.215,133
323.240,97
323.265,57
323.290,5
323.315,-47
323.340,-67
323.365,-24
323.390,78
323.415,199
323.440,293
323.465,341
323.490,363
323.515,385
323.540,409
323.565,420
323.590,411
323.615,394
323.640,392
323.665,406
323.690,417
323.715,408
323.740,381
323.765,350
323.790,324
323.815,293
323.840,249
323.865,197
323.890,151
323.915,111
323.940,61
323.965,-11
323.990,-86
324.015,-116
324.040,-65
324.065,52
324.090,181
324.115,271
324.140,309
324.165,318
324.190,323
324.215,326
324.240,317
324.265,294
324.290,268
324.315,251
324.340,236
324.365,212
324.390,174
324.415,129
324.440,83
324.465,30
324.490,-33
324.515,-107
324.540,-181
324.565,-253
324.590,-331
324.615,-415
324.640,-481
324.665,-487
324.690,-414
324.715,-290
324.740,-174
324.765,-107
324.790,-83
324.815,-59
324.840,-1
324.865,89
324.890,190
324.915,286
324.940,375
324.965,460
324.990,530
325.015,573
325.040,585
325.065,574
325.090,552
325.115,522
325.140,485
325.165,446
325.190,413
325.215,384
325.240,347
325.265,294
325.290,236
325.315,200
325.340,203
325.365,235
325.390,269
325.415,292
325.440,313
325.465,353
325.490,421
325.515,503
325.540,571
325.565,609
325.590,617
325.615,607
325.640,589
325.665,566
325.690,535
325.715,486
325.740,414
325.765,325
325.790,236
325.815,162
325.840,105
325.865,58
325.890,17
325.915,-16
325.940,-40
325.965,-71
325.990,-132
326.015,-225
326.040,-313
326.065,-338
326.090,-274
326.115,-151
326.140,-35
326.165,23
326.190,30
326.215,24
326.240,37
326.265,66
326.290,92
326.315,108
326.340,128
326.365,167
326.390,217
326.415,257
326.440,270
326.465,258
326.490,235
326.515,210
326.540,178
326.565,133
326.590,82
326.615,39
326.640,15
326.665,4
326.690,-9
326.715,-34
326.740,-55
326.765,-47
326.790,10
326.815,109
326.840,217
326.865,303
326.890,357
326.915,394
326.940,431
326.965,472
326.990,503
327.015,515
327.040,512
327.065,506
327.090,500
327.115,486
327.140,456
327.165,416
327.190,378
327.215,348
327.240,317
327.265,272
327.290,215
327.315,158
327.340,110
327.365,64
327.390,6
327.415,-59
327.440,-109
327.465,-117
327.490,-80
327.515,-19
327.540,35
327.565,73
327.590,98
327.615,118
327.640,138
327.665,154
327.690,164
327.715,170
327.740,174
327.765,179
327.790,186
327.815,196
327.840,201
327.865,191
327.890,163
327.915,127
327.940,99
327.965,85
327.990,71
328.015,43
328.040,3
328.065,-24
328.090,-14
328.115,35
328.140,101
328.165,156
328.190,188
328.215,208
328.240,227
328.265,242
328.290,245
328.315,236
328.340,224
328.365,227
328.390,247
328.415,276
328.440,295
328.465,295
328.490,279
328.515,261
328.540,248
328.565,239
328.590,220
328.615,183
328.640,140
328.665,119
328.690,141
328.715,205
328.740,279
328.765,333
328.790,355
328.815,358
328.840,356
328.865,350
328.890,333
328.915,303
328.940,276
328.965,262
328.990,256
329.015,240
329.040,205
329.065,158
329.090,119
329.115,98
329.140,87
329.165,77
329.190,68
329.215,64
329.240,63
329.265,50
329.290,21
329.315,-2
329.340,14
329.365,88
329.390,198
329.415,300
329.440,362
329.465,384
329.490,387
329.515,384
329.540,374
329.565,350
329.590,321
329.615,301
329.640,295
329.665,295
329.690,291
329.715,281
329.740,273
329.765,268
329.790,257
329.815,232
329.840,195
329.865,159
329.890,129
329.915,99
329.940,57
329.965,5
329.990,-42
330.015,-76
330.040,-108
330.065,-159
330.090,-230
330.115,-289
330.140,-288
330.165,-207
330.190,-67
330.215,77
330.240,184
330.265,247
330.290,284
330.315,314
330.340,341
330.365,357
330.390,358
330.415,355
330.440,357
330.465,368
330.490,377
330.515,373
330.540,354
330.565,326
330.590,301
330.615,279
330.640,252
330.665,215
330.690,170
330.715,127
330.740,91
330.765,53
330.790,0
330.815,-67
330.840,-121
330.865,-120
330.890,-46
330.915,78
330.940,208
330.965,302
330.990,350
331.015,370
331.040,379
331.065,385
331.090,382
331.115,371
331.140,363
331.165,367
331.190,380
331.215,390
331.240,384
331.265,361
331.290,333
331.315,307
331.340,283
331.365,251
331.390,206
331.415,153
331.440,102
331.465,60
331.490,17
331.515,-39
331.540,-112
331.565,-175
331.590,-187
331.615,-121
331.640,5
331.665,142
331.690,241
331.715,287
331.740,298
331.765,300
331.790,302
331.815,296
331.840,281
331.865,270
331.890,273
331.915,287
331.940,292
331.965,273
331.990,240
332.015,209
332.040,184
332.065,154
332.090,107
332.115,54
332.140,12
332.165,-13
332.190,-41
332.215,-87
332.240,-135
332.265,-138
332.290,-62
332.315,79
332.340,230
332.365,335
332.390,380
332.415,391
332.440,397
332.465,401
332.490,395
332.515,377
332.540,361
332.565,361
332.590,371
332.615,369
332.640,346
332.665,308
332.690,263
332.715,211
332.740,140
332.765,52
332.790,-26
332.815,-74
332.840,-96
332.865,-120
332.890,-168
332.915,-215
332.940,-208
332.965,-113
332.990,44
333.015,199
333.040,296
333.065,330
333.090,334
333.115,338
333.140,343
333.165,338
333.190,322
333.215,315
333.240,325
333.265,340
333.290,339
333.315,316
333.340,283
333.365,254
333.390,224
333.415,180
333.440,122
333.465,67
333.490,28
333.515,-5
333.540,-56
333.565,-124
333.590,-168
333.615,-142
333.640,-35
333.665,107
333.690,224
333.715,287
333.740,309
333.765,321
333.790,331
333.815,331
333.840,319
333.865,309
333.890,315
333.915,329
333.940,333
333.965,316
333.990,288
334.015,263
334.040,239
334.065,204
334.090,156
334.115,111
334.140,82
334.165,61
334.190,22
334.215,-37
334.240,-83
334.265,-66
334.290,31
334.315,173
334.340,303
334.365,386
334.390,428
334.415,449
334.440,460
334.465,456
334.490,438
334.515,416
334.540,401
334.565,394
334.590,387
334.615,374
334.640,354
334.665,331
334.690,304
334.715,270
334.740,233
334.765,193
334.790,147
334.815,91
334.840,32
334.865,1
334.890,27
334.915,114
334.940,222
334.965,302
334.990,327
335.015,308
335.040,271
335.065,232
335.090,189
335.115,138
335.140,84
335.165,40
335.190,12
335.215,-5
335.240,-23
335.265,-50
335.290,-82
335.315,-116
335.340,-144
335.365,-163
335.390,-178
335.415,-202
335.440,-244
335.465,-287
335.490,-298
335.515,-243
335.540,-127
335.565,11
335.590,130
335.615,209
335.640,260
335.665,300
335.690,334
335.715,356
335.740,367
335.765,379
335.790,399
335.815,425
335.840,442
335.865,444
335.890,435
335.915,418
335.940,389
335.965,349
335.990,307
336.015,270
336.040,234
336.065,184
336.090,120
336.115,71
336.140,77
336.165,153
336.190,266
336.215,362
336.240,409
336.265,418
336.290,415
336.315,411
336.340,396
336.365,363
336.390,324
336.415,297
336.440,284
336.465,271
336.490,244
336.515,210
336.540,184
336.565,169
336.590,155
336.615,133
336.640,106
336.665,77
336.690,36
336.715,-31
336.740,-123
336.765,-198
336.790,-207
336.815,-137
336.840,-27
336.865,66
336.890,115
336.915,133
336.940,148
336.965,169
336.990,184
337.015,186
337.040,186
337.065,201
337.090,229
337.115,249
337.140,249
337.165,235
337.190,229
337.215,235
337.240,239
337.265,224
337.290,195
337.315,171
337.340,158
337.365,142
337.390,103
337.415,49
337.440,22
337.465,58
337.490,154
337.515,265
337.540,347
337.565,383
337.590,391
337.615,391
337.640,386
337.665,371
337.690,348
337.715,330
337.740,325
337.765,327
337.790,320
337.815,298
337.840,271
337.865,251
337.890,234
337.915,208
337.940,172
337.965,134
337.990,103
338.015,69
338.040,19
338.065,-43
338.090,-83
338.115,-64
338.140,17
338.165,127
338.190,215
338.215,258
338.240,266
338.265,261
338.290,254
338.315,243
338.340,227
338.365,218
338.390,220
338.415,227
338.440,228
338.465,218
338.490,204
338.515,191
338.540,175
338.565,147
338.590,109
338.615,73
338.640,44
338.665,10
338.690,-35
338.715,-80
338.740,-85
338.765,-24
338.790,88
338.815,203
338.840,278
338.865,306
338.890,310
338.915,311
338.940,311
338.965,304
338.990,290
339.015,283
339.040,287
339.065,293
339.090,288
339.115,269
339.140,246
339.165,225
339.190,200
339.215,166
339.240,126
339.265,91
339.290,59
339.315,16
339.340,-42
339.365,-94
339.390,-96
339.415,-24
339.440,95
339.465,211
339.490,284
339.515,313
339.540,323
339.565,328
339.590,327
339.615,313
339.640,295
339.665,287
339.690,294
339.715,301
339.740,291
339.765,266
339.790,240
339.815,219
339.840,196
339.865,161
339.890,117
339.915,76
339.940,40
339.965,-6
339.990,-72
340.015,-134
340.040,-144
340.065,-72
340.090,61
340.115,199
340.140,290
340.165,328
340.190,339
340.215,346
340.240,351
340.265,344
340.290,328
340.315,320
340.340,327
340.365,339
340.390,335
340.415,311
340.440,279
340.465,254
340.490,231
340.515,196
340.540,144
340.565,91
340.590,49
340.615,12
340.640,-40
340.665,-115
340.690,-180
340.715,-184
340.740,-102
340.765,39
340.790,179
340.815,273
340.840,317
340.865,334
340.890,344
340.915,349
340.940,340
340.965,324
340.990,315
341.015,322
341.040,335
341.065,336
341.090,320
341.115,293
341.140,266
341.165,236
341.190,195
341.215,145
341.240,96
341.265,57
341.290,18
341.315,-38
341.340,-114
341.365,-175
341.390,-175
341.415,-91
341.440,53
341.465,199
341.490,300
341.515,347
341.540,361
341.565,368
341.590,374
341.615,372
341.640,358
341.665,345
341.690,344
341.715,353
341.740,356
341.765,341
341.790,311
341.815,279
341.840,252
341.865,221
341.890,175
341.915,118
341.940,67
341.965,27
341.990,-13
342.015,-75
342.040,-152
342.065,-200
342.090,-173
342.115,-65
342.140,82
342.165,208
342.190,279
342.215,305
342.240,315
342.265,322
342.290,321
342.315,309
342.340,295
342.365,291
342.390,298
342.415,301
342.440,291
342.465,270
342.490,249
342.515,228
342.540,197
342.565,152
342.590,104
342.615,62
342.640,20
342.665,-39
342.690,-110
342.715,-158
342.740,-133
342.765,-27
342.790,118
342.815,239
342.840,302
342.865,322
342.890,329
342.915,337
342.940,338
342.965,325
342.990,308
343.015,306
343.040,317
343.065,323
343.090,310
343.115,283
343.140,257
343.165,236
343.190,206
343.215,162
343.240,111
343.265,70
343.290,34
343.315,-12
343.340,-75
343.365,-122
343.390,-108
343.415,-17
343.440,118
343.465,239
343.490,312
343.515,343
343.540,357
343.565,366
343.590,365
343.615,351
343.640,335
343.665,330
343.690,334
343.715,333
343.740,318
343.765,296
343.790,276
343.815,255
343.840,221
343.865,169
343.890,114
343.915,71
343.940,31
343.965,-22
343.990,-93
344.015,-147
344.040,-141
344.065,-61
344.090,61
344.115,173
344.140,242
344.165,272
344.190,281
344.215,282
344.240,276
344.265,263
344.290,252
344.315,248
344.340,250
344.365,247
344.390,237
344.415,224
344.440,209
344.465,190
344.490,163
344.515,131
344.540,99
344.565,64
344.590,18
344.615,-37
344.640,-78
344.665,-67
344.690,6
344.715,117
344.740,220
344.765,281
344.790,303
344.815,308
344.840,311
344.865,314
344.890,311
344.915,306
344.940,304
344.965,305
344.990,302
345.015,290
345.040,273
345.065,254
345.090,231
345.115,199
345.140,161
345.165,124
345.190,87
345.215,42
345.240,-15
345.265,-67
345.290,-77
345.315,-19
345.340,90
345.365,205
345.390,282
345.415,315
345.440,328
345.465,339
345.490,345
345.515,338
345.540,319
345.565,307
345.590,311
345.615,320
345.640,315
345.665,290
345.690,258
345.715,231
345.740,205
345.765,165
345.790,114
345.815,64
345.840,27
345.865,-9
345.890,-65
345.915,-135
345.940,-179
345.965,-157
345.990,-63
346.015,56
346.040,151
346.065,198
346.090,210
346.115,215
346.140,219
346.165,217
346.190,208
346.215,201
346.240,204
346.265,213
346.290,213
346.315,199
346.340,180
346.365,164
346.390,152
346.415,139
346.440,130
346.465,131
346.490,140
346.515,139
346.540,112
346.565,75
346.590,68
346.615,125
346.640,236
346.665,353
346.690,431
346.715,462
346.740,468
346.765,470
346.790,468
346.815,453
346.840,428
346.865,405
346.890,392
346.915,381
346.940,358
346.965,324
346.990,292
347.015,266
347.040,237
347.065,196
347.090,144
347.115,95
347.140,50
347.165,-4
347.190,-73
347.215,-136
347.240,-154
347.265,-102
347.290,2
347.315,113
347.340,190
347.365,227
347.390,239
347.415,242
347.440,238
347.465,227
347.490,214
347.515,207
347.540,207
347.565,206
347.590,199
347.615,186
347.640,169
347.665,145
347.690,111
347.715,74
347.740,39
347.765,7
347.790,-31
347.815,-82
347.840,-123
347.865,-119
347.890,-49
347.915,66
347.940,181
347.965,257
347.990,291
348.015,304
348.040,315
348.065,324
348.090,323
348.115,313
348.140,304
348.165,303
348.190,305
348.215,300
348.240,284
348.265,257
348.290,225
348.315,189
348.340,151
348.365,116
348.390,80
348.415,35
348.440,-26
348.465,-86
348.490,-109
348.515,-64
348.540,39
348.565,160
348.590,251
348.615,299
348.640,321
348.665,340
348.690,357
348.715,361
348.740,350
348.765,336
348.790,335
348.815,344
348.840,345
348.865,328
348.890,300
348.915,275
348.940,254
348.965,225
348.990,180
349.015,129
349.040,87
349.065,55
349.090,18
349.115,-35
349.140,-94
349.165,-119
349.190,-79
349.215,18
349.240,135
349.265,228
349.290,284
349.315,315
349.340,342
349.365,365
349.390,375
349.415,369
349.440,358
349.465,356
349.490,364
349.515,369
349.540,357
349.565,329
349.590,299
349.615,274
349.640,247
349.665,209
349.690,162
349.715,118
349.740,81
349.765,40
349.790,-13
349.815,-73
349.840,-105
349.865,-76
349.890,9
349.915,117
349.940,202
349.965,248
349.990,267
350.015,277
350.040,284
350.065,282
350.090,269
350.115,255
350.140,248
350.165,245
350.190,239
350.215,225
350.240,208
350.265,192
350.290,172
350.315,140
350.340,100
350.365,63
350.390,33
350.415,1
350.440,-41
350.465,-84
350.490,-94
350.515,-46
350.540,51
350.565,158
350.590,234
350.615,274
350.640,294
350.665,309
350.690,316
350.715,308
350.740,292
350.765,287
350.790,299
350.815,314
350.840,316
350.865,302
350.890,282
350.915,263
350.940,235
350.965,188
350.990,130
351.015,80
351.040,44
351.065,5
351.090,-56
351.115,-134
351.140,-188
351.165,-181
351.190,-110
351.215,-15
351.240,68
351.265,129
351.290,183
351.315,245
351.340,311
351.365,368
351.390,407
351.415,432
351.440,447
351.465,453
351.490,454
351.515,453
351.540,447
351.565,425
351.590,375
351.615,298
351.640,221
351.665,166
351.690,140
351.715,123
351.740,98
351.765,60
351.790,16
351.815,-34
351.840,-99
351.865,-168
351.890,-209
351.915,-180
351.940,-76
351.965,63
351.990,183
352.015,252
352.040,285
352.065,314
352.090,352
352.115,381
352.140,382
352.165,359
352.190,332
352.215,318
352.240,310
352.265,292
352.290,260
352.315,225
352.340,202
352.365,185
352.390,161
352.415,119
352.440,71
352.465,36
352.490,17
352.515,1
352.540,-33
352.565,-83
352.590,-118
352.615,-100
352.640,-17
352.665,109
352.690,239
352.715,341
352.740,409
352.765,456
352.790,496
352.815,529
352.840,547
352.865,548
352.890,536
352.915,514
352.940,486
352.965,450
352.990,412
353.015,379
353.040,349
353.065,312
353.090,249
353.115,161
353.140,70
353.165,9
353.190,-8
353.215,-2
353.240,-11
353.265,-52
353.290,-103
353.315,-117
353.340,-67
353.365,28
353.390,119
353.415,168
353.440,173
353.465,160
353.490,153
353.515,151
353.540,143
353.565,126
353.590,108
353.615,97
353.640,89
353.665,78
353.690,64
353.715,59
353.740,68
353.765,82
353.790,83
353.815,68
353.840,50
353.865,43
353.890,41
353.915,28
353.940,7
353.965,2
353.990,45
354.015,138
354.040,250
354.065,335
354.090,376
354.115,382
354.140,378
354.165,375
354.190,371
354.215,360
354.240,344
354.265,328
354.290,316
354.315,304
354.340,286
354.365,263
354.390,237
354.415,215
354.440,197
354.465,177
354.490,142
354.515,84
354.540,12
354.565,-40
354.590,-40
354.615,23
354.640,124
354.665,220
354.690,282
354.715,311
354.740,324
354.765,330
354.790,327
354.815,311
354.840,287
354.865,268
354.890,260
354.915,255
354.940,243
354.965,221
354.990,192
355.015,159
355.040,123
355.065,87
355.090,54
355.115,22
355.140,-17
355.165,-65
355.190,-103
355.215,-95
355.240,-25
355.265,89
355.290,201
355.315,272
355.340,300
355.365,307
355.390,313
355.415,317
355.440,311
355.465,294
355.490,280
355.515,278
355.540,281
355.565,278
355.590,260
355.615,232
355.640,200
355.665,167
355.690,135
355.715,102
355.740,67
355.765,22
355.790,-32
355.815,-76
355.840,-73
355.865,-3
355.890,113
355.915,228
355.940,298
355.965,319
355.990,321
356.015,325
356.040,332
356.065,327
356.090,311
356.115,298
356.140,299
356.165,306
356.190,301
356.215,281
356.240,256
356.265,233
356.290,206
356.315,162
356.340,109
356.365,63
356.390,29
356.415,-10
356.440,-72
356.465,-141
356.490,-166
356.515,-109
356.540,18
356.565,157
356.590,254
356.615,298
356.640,314
356.665,329
356.690,345
356.715,351
356.740,344
356.765,337
356.790,339
356.815,344
356.840,342
356.865,331
356.890,316
356.915,299
356.940,273
356.965,234
356.990,190
357.015,152
357.040,116
357.065,66
357.090,-3
357.115,-68
357.140,-80
357.165,-14
357.190,111
357.215,238
357.240,318
357.265,343
357.290,338
357.315,331
357.340,330
357.365,324
357.390,303
357.415,275
357.440,254
357.465,250
357.490,253
357.515,246
357.540,216
357.565,164
357.590,101
357.615,34
357.640,-39
357.665,-129
357.690,-226
357.715,-302
357.740,-318
357.765,-254
357.790,-126
357.815,22
357.840,149
357.865,234
357.890,281
357.915,305
357.940,315
357.965,317
357.990,312
358.015,305
358.040,301
358.065,298
358.090,292
358.115,273
358.140,236
358.165,188
358.190,144
358.215,112
358.240,86
358.265,43
358.290,-27
358.315,-102
358.340,-135
358.365,-85
358.390,37
358.415,178
358.440,281
358.465,329
358.490,345
358.515,356
358.540,369
358.565,367
358.590,347
358.615,322
358.640,312
358.665,316
358.690,316
358.715,299
358.740,267
358.765,230
358.790,194
358.815,160
358.840,126
358.865,92
358.890,51
358.915,-2
358.940,-61
358.965,-85
358.990,-26
359.015,120
359.040,302
359.065,444
359.090,511
359.115,528
359.140,542
359.165,563
359.190,556
359.215,495
359.240,404
359.265,342
359.290,341
359.315,374
359.340,389
359.365,358
359.390,299
359.415,241
359.440,188
359.465,128
359.490,62
359.515,6
359.540,-30
359.565,-77
359.590,-167
359.615,-296
359.640,-398
359.665,-391
359.690,-240
359.715,18
359.740,305
359.765,546
359.790,694
359.815,723
359.840,629
359.865,442
359.890,235
359.915,86
359.940,34
359.965,51
359.990,83
360.015,90
360.040,74
360.065,49
360.090,11
360.115,-65
360.140,-191
360.165,-334
360.190,-430
360.215,-434
360.240,-350
360.265,-235
360.290,-155
360.315,-137
360.340,-150
360.365,-131
360.390,-34
360.415,133
360.440,313
360.465,442
360.490,493
360.515,492
360.540,482
360.565,485
360.590,492
360.615,488
360.640,474
360.665,466
360.690,474
360.715,485
360.740,479
360.765,454
360.790,423
360.815,396
360.840,369
360.865,327
360.890,270
360.915,217
360.940,180
360.965,148
360.990,95
361.015,15
361.040,-58
361.065,-72
361.090,-2
361.115,126
361.140,255
361.165,341
361.190,379
361.215,390
361.240,393
361.265,388
361.290,369
361.315,339
361.340,313
361.365,302
361.390,300
361.415,292
361.440,269
361.465,236
361.490,206
361.515,178
361.540,144
361.565,96
361.590,41
361.615,-5
361.640,-39
361.665,-76
361.690,-132
361.715,-202
361.740,-248
361.765,-227
361.790,-128
361.815,14
361.840,146
361.865,230
361.890,267
361.915,280
361.940,286
361.965,285
361.990,274
362.015,260
362.040,256
362.065,267
362.090,284
362.115,292
362.140,283
362.165,263
362.190,234
362.215,200
362.240,164
362.265,135
362.290,114
362.315,89
362.340,42
362.365,-25
362.390,-79
362.415,-72
362.440,12
362.465,139
362.490,247
362.515,300
362.540,306
362.565,297
362.590,292
362.615,288
362.640,274
362.665,253
362.690,243
362.715,249
362.740,262
362.765,268
362.790,261
362.815,246
362.840,225
362.865,194
362.890,155
362.915,119
362.940,90
362.965,59
362.990,5
363.015,-66
363.040,-120
363.065,-108
363.090,-16
363.115,121
363.140,246
363.165,327
363.190,368
363.215,391
363.240,404
363.265,399
363.290,374
363.315,347
363.340,333
363.365,333
363.390,329
363.415,309
363.440,281
363.465,254
363.490,227
363.515,188
363.540,135
363.565,79
363.590,31
363.615,-14
363.640,-76
363.665,-153
363.690,-206
363.715,-193
363.740,-100
363.765,32
363.790,152
363.815,228
363.840,265
363.865,285
363.890,298
363.915,302
363.940,295
363.965,287
363.990,286
364.015,290
364.040,290
364.065,282
364.090,267
364.115,243
364.140,205
364.165,152
364.190,98
364.215,59
364.240,31
364.265,-9
364.290,-76
364.315,-146
364.340,-162
364.365,-90
364.390,51
364.415,201
364.440,305
364.465,355
364.490,378
364.515,395
364.540,402
364.565,389
364.590,361
364.615,340
364.640,336
364.665,339
364.690,329
364.715,296
364.740,249
364.765,202
364.790,156
364.815,112
364.840,71
364.865,34
364.890,-6
364.915,-66
364.940,-144
364.965,-206
364.990,-199
365.015,-99
365.040,64
365.065,226
365.090,336
365.115,392
365.140,424
365.165,456
365.190,481
365.215,485
365.240,467
365.265,448
365.290,445
365.315,455
365.340,456
365.365,435
365.390,399
365.415,362
365.440,326
365.465,282
365.490,223
365.515,160
365.540,107
365.565,64
365.590,9
365.615,-69
365.640,-156
365.665,-202
365.690,-163
365.715,-44
365.740,106
365.765,232
365.790,306
365.815,341
365.840,365
365.865,386
365.890,396
365.915,389
365.940,376
365.965,374
365.990,384
366.015,390
366.040,374
366.065,337
366.090,294
366.115,254
366.140,212
366.165,155
366.190,87
366.215,23
366.240,-32
366.265,-92
366.290,-175
366.315,-275
366.340,-352
366.365,-362
366.390,-294
366.415,-185
366.440,-88
366.465,-34
366.490,-17
366.515,-13
366.540,-7
366.565,-1
366.590,-4
366.615,-10
366.640,-7
366.665,13
366.690,45
366.715,77
366.740,101
366.765,121
366.790,145
366.815,173
366.840,195
366.865,204
366.890,202
366.915,202
366.940,209
366.965,214
366.990,198
367.015,156
367.040,116
367.065,120
367.090,199
367.115,336
367.140,477
367.165,573
367.190,608
367.215,603
367.240,588
367.265,574
367.290,556
367.315,528
367.340,498
367.365,477
367.390,465
367.415,449
367.440,417
367.465,373
367.490,328
367.515,285
367.540,235
367.565,175
367.590,110
367.615,55
367.640,9
367.665,-43
367.690,-114
367.715,-183
367.740,-207
367.765,-153
367.790,-35
367.815,96
367.840,190
367.865,231
367.890,240
367.915,244
367.940,252
367.965,256
367.990,249
368.015,241
368.040,245
368.065,262
368.090,275
368.115,271
368.140,253
368.165,232
368.190,216
368.215,198
368.240,168
368.265,126
368.290,85
368.315,53
368.340,22
368.365,-28
368.390,-99
368.415,-157
368.440,-155
368.465,-69
368.490,76
368.515,223
368.540,322
368.565,365
368.590,378
368.615,388
368.640,403
368.665,410
368.690,401
368.715,387
368.740,381
368.765,385
368.790,385
368.815,369
368.840,337
368.865,299
368.890,262
368.915,217
368.940,157
368.965,86
368.990,23
369.015,-26
369.040,-78
369.065,-153
369.090,-243
369.115,-306
369.140,-289
369.165,-179
369.190,-16
369.215,133
369.240,227
369.265,270
369.290,291
369.315,310
369.340,325
369.365,324
369.390,313
369.415,308
369.440,320
369.465,337
369.490,338
369.515,314
369.540,277
369.565,242
369.590,212
369.615,171
369.640,113
369.665,50
369.690,-1
369.715,-44
369.740,-99
369.765,-178
369.790,-255
369.815,-274
369.840,-195
369.865,-36
369.890,138
369.915,263
369.940,323
369.965,347
369.990,368
370.015,391
370.040,397
370.065,379
370.090,355
370.115,349
370.140,364
370.165,376
370.190,361
370.215,322
370.240,283
370.265,255
370.290,226
370.315,177
370.340,111
370.365,50
370.390,4
370.415,-41
370.440,-112
370.465,-199
370.490,-247
370.515,-202
370.540,-57
370.565,130
370.590,290
370.615,390
370.640,444
370.665,483
370.690,513
370.715,527
370.740,522
370.765,515
370.790,523
370.815,541
370.840,549
370.865,532
370.890,498
370.915,457
370.940,413
370.965,359
370.990,294
371.015,228
371.040,169
371.065,115
371.090,54
371.115,-12
371.140,-74
371.165,-131
371.190,-197
371.215,-283
371.240,-365
371.265,-388
371.290,-309
371.315,-148
371.340,26
371.365,149
371.390,208
371.415,232
371.440,253
371.465,275
371.490,283
371.515,274
371.540,266
371.565,273
371.590,289
371.615,298
371.640,292
371.665,276
371.690,256
371.715,229
371.740,192
371.765,149
371.790,108
371.815,62
371.840,0
371.865,-71
371.890,-114
371.915,-83
371.940,27
371.965,174
371.990,292
372.015,352
372.040,371
372.065,379
372.090,384
372.115,378
372.140,354
372.165,330
372.190,324
372.215,331
372.240,331
372.265,310
372.290,274
372.315,236
372.340,199
372.365,158
372.390,110
372.415,64
372.440,19
372.465,-38
372.490,-119
372.515,-198
372.540,-222
372.565,-154
372.590,-9
372.615,148
372.640,263
372.665,319
372.690,342
372.715,356
372.740,364
372.765,360
372.790,342
372.815,325
372.840,317
372.865,316
372.890,312
372.915,300
372.940,278
372.965,246
372.990,203
373.015,155
373.040,110
373.065,67
373.090,12
373.115,-62
373.140,-141
373.165,-178
373.190,-136
373.215,-21
373.240,118
373.265,228
373.290,286
373.315,310
373.340,325
373.365,341
373.390,353
373.415,353
373.440,346
373.465,340
373.490,337
373.515,333
373.540,317
373.565,285
373.590,239
373.615,188
373.640,140
373.665,99
373.690,50
373.715,-16
373.740,-96
373.765,-154
373.790,-148
373.815,-67
373.840,57
373.865,173
373.890,246
373.915,281
373.940,300
373.965,318
373.990,331
374.015,331
374.040,320
374.065,312
374.090,314
374.115,328
374.140,345
374.165,355
374.190,342
374.215,298
374.240,232
374.265,168
374.290,121
374.315,70
374.340,-23
374.365,-163
374.390,-291
374.415,-319
374.440,-210
374.465,-21
374.490,135
374.515,192
374.540,175
374.565,162
374.590,202
374.615,273
374.640,324
374.665,335
374.690,332
374.715,347
374.740,382
374.765,414
374.790,424
374.815,414
374.840,393
374.865,355
374.890,283
374.915,174
374.940,44
374.965,-78
374.990,-171
375.015,-211
375.040,-183
375.065,-86
375.090,49
375.115,172
375.140,242
375.165,257
375.190,251
375.215,257
375.240,277
375.265,292
375.290,292
375.315,287
375.340,293
375.365,316
375.390,341
375.415,349
375.440,333
375.465,294
375.490,242
375.515,188
375.540,146
375.565,120
375.590,92
375.615,35
375.640,-56
375.665,-147
375.690,-173
375.715,-97
375.740,57
375.765,224
375.790,341
375.815,392
375.840,402
375.865,403
375.890,403
375.915,397
375.940,380
375.965,361
375.990,348
376.015,342
376.040,333
376.065,313
376.090,283
376.115,246
376.140,208
376.165,171
376.190,134
376.215,94
376.240,47
376.265,-8
376.290,-65
376.315,-114
376.340,-159
376.365,-209
376.390,-268
376.415,-311
376.440,-299
376.465,-206
376.490,-55
376.515,98
376.540,205
376.565,258
376.590,286
376.615,317
376.640,349
376.665,367
376.690,370
376.715,377
376.740,404
376.765,444
376.790,473
376.815,474
376.840,458
376.865,442
376.890,424
376.915,385
376.940,317
376.965,234
376.990,162
377.015,107
377.040,50
377.065,-26
377.090,-103
377.115,-135
377.140,-93
377.165,12
377.190,135
377.215,239
377.240,314
377.265,365
377.290,386
377.315,368
377.340,313
377.365,252
377.390,219
377.415,226
377.440,258
377.465,292
377.490,320
377.515,341
377.540,348
377.565,327
377.590,278
377.615,218
377.640,165
377.665,115
377.690,46
377.715,-45
377.740,-127
377.765,-142
377.790,-64
377.815,76
377.840,212
377.865,293
377.890,315
377.915,304
377.940,287
377.965,270
377.990,248
378.015,221
378.040,195
378.065,177
378.090,164
378.115,152
378.140,139
378.165,122
378.190,100
378.215,70
378.240,37
378.265,2
378.290,-38
378.315,-91
378.340,-148
378.365,-183
378.390,-160
378.415,-67
378.440,68
378.465,198
378.490,282
378.515,313
378.540,309
378.565,290
378.590,267
378.615,246
378.640,235
378.665,240
378.690,259
378.715,275
378.740,270
378.765,242
378.790,204
378.815,172
378.840,149
378.865,123
378.890,83
378.915,32
378.940,-9
378.965,-11
378.990,43
379.015,146
379.040,264
379.065,359
379.090,408
379.115,417
379.140,403
379.165,384
379.190,364
379.215,342
379.240,323
379.265,313
379.290,313
379.315,309
379.340,288
379.365,250
379.390,209
379.415,178
379.440,149
379.465,103
379.490,32
379.515,-40
379.540,-69
379.565,-23
379.590,87
379.615,215
379.640,309
379.665,347
379.690,341
379.715,320
379.740,301
379.765,285
379.790,264
379.815,243
379.840,229
379.865,226
379.890,223
379.915,205
379.940,167
379.965,123
379.990,85
380.015,52
380.040,7
380.065,-57
380.090,-120
380.115,-137
380.140,-76
380.165,53
380.190,199
380.215,306
380.240,353
380.265,358
380.290,355
380.315,361
380.340,370
380.365,369
380.390,358
380.415,348
380.440,341
380.465,326
380.490,287
380.515,226
380.540,161
380.565,107
380.590,63
380.615,7
380.640,-67
380.665,-142
380.690,-169
380.715,-113
380.740,15
380.765,167
380.790,280
380.815,329
380.840,330
380.865,314
380.890,301
380.915,286
380.940,264
380.965,243
380.990,236
381.015,240
381.040,236
381.065,204
381.090,151
381.115,102
381.140,71
381.165,43
381.190,-12
381.215,-101
381.240,-183
381.265,-200
381.290,-127
381.315,6
381.340,141
381.365,232
381.390,275
381.415,290
381.440,297
381.465,299
381.490,293
381.515,281
381.540,270
381.565,265
381.590,262
381.615,256
381.640,237
381.665,205
381.690,164
381.715,122
381.740,87
381.765,53
381.790,8
381.815,-55
381.840,-119
381.865,-140
381.890,-83
381.915,44
381.940,195
381.965,313
381.990,378
382.015,408
382.040,430
382.065,450
382.090,457
382.115,445
382.140,427
382.165,418
382.190,420
382.215,414
382.240,389
382.265,352
382.290,315
382.315,278
382.340,229
382.365,166
382.390,103
382.415,53
382.440,10
382.465,-47
382.490,-125
382.515,-186
382.540,-179
382.565,-85
382.590,56
382.615,181
382.640,250
382.665,274
382.690,289
382.715,309
382.740,322
382.765,316
382.790,297
382.815,286
382.840,292
382.865,299
382.890,292
382.915,269
382.940,243
382.965,223
382.990,198
383.015,160
383.040,112
383.065,70
383.090,38
383.115,0
383.140,-55
383.165,-112
383.190,-130
383.215,-79
383.240,28
383.265,145
383.290,227
383.315,267
383.340,284
383.365,298
383.390,308
383.415,304
383.440,288
383.465,275
383.490,276
383.515,284
383.540,283
383.565,267
383.590,245
383.615,226
383.640,207
383.665,179
383.690,139
383.715,97
383.740,61
383.765,24
383.790,-25
383.815,-86
383.840,-130
383.865,-119
383.890,-41
383.915,77
383.940,190
383.965,265
383.990,305
384.015,329
384.040,350
384.065,365
384.090,367
384.115,360
384.140,356
384.165,362
384.190,371
384.215,370
384.240,353
384.265,328
384.290,305
384.315,281
384.340,245
384.365,197
384.390,146
384.415,106
384.440,69
384.465,20
384.490,-49
384.515,-113
384.540,-131
384.565,-78
384.590,29
384.615,143
384.640,225
384.665,266
384.690,285
384.715,297
384.740,301
384.765,290
384.790,270
384.815,255
384.840,253
384.865,256
384.890,249
384.915,228
384.940,199
384.965,170
384.990,136
385.015,92
385.040,38
385.065,-12
385.090,-57
385.115,-104
385.140,-159
385.165,-206
385.190,-206
385.215,-133
385.240,-1
385.265,137
385.290,239
385.315,295
385.340,325
385.365,353
385.390,378
385.415,387
385.440,378
385.465,362
385.490,349
385.515,337
385.540,316
385.565,283
385.590,244
385.615,205
385.640,162
385.665,105
385.690,42
385.715,-13
385.740,-56
385.765,-101
385.790,-168
385.815,-252
385.840,-308
385.865,-282
385.890,-152
385.915,51
385.940,263
385.965,429
385.990,533
386.015,594
386.040,633
386.065,658
386.090,664
386.115,645
386.140,613
386.165,582
386.190,565
386.215,556
386.240,535
386.265,490
386.290,422
386.315,348
386.340,282
386.365,225
386.390,170
386.415,111
386.440,52
386.465,-2
386.490,-59
386.515,-129
386.540,-206
386.565,-254
386.590,-231
386.615,-127
386.640,17
386.665,138
386.690,200
386.715,215
386.740,220
386.765,231
386.790,235
386.815,219
386.840,193
386.865,186
386.890,211
386.915,249
386.940,266
386.965,248
386.990,211
387.015,178
387.040,153
387.065,128
387.090,98
387.115,72
387.140,55
387.165,34
387.190,-8
387.215,-66
387.240,-103
387.265,-79
387.290,10
387.315,125
387.340,217
387.365,269
387.390,294
387.415,308
387.440,311
387.465,296
387.490,266
387.515,237
387.540,226
387.565,234
387.590,248
387.615,257
387.640,256
387.665,245
387.690,219
387.715,181
387.740,141
387.765,109
387.790,80
387.815,38
387.840,-24
387.865,-80
387.890,-87
387.915,-24
387.940,88
387.965,199
387.990,268
388.015,296
388.040,303
388.065,310
388.090,316
388.115,313
388.140,302
388.165,293
388.190,292
388.215,297
388.240,299
388.265,292
388.290,271
388.315,239
388.340,202
388.365,169
388.390,139
388.415,102
388.440,41
388.465,-37
388.490,-99
388.515,-100
388.540,-23
388.565,98
388.590,211
388.615,280
388.640,306
388.665,318
388.690,329
388.715,337
388.740,333
388.765,322
388.790,313
388.815,310
388.840,302
388.865,283
388.890,255
388.915,225
388.940,192
388.965,152
388.990,106
389.015,63
389.040,26
389.065,-15
389.090,-72
389.115,-127
389.140,-141
389.165,-85
389.190,28
389.215,150
389.240,236
389.265,277
389.290,295
389.315,311
389.340,324
389.365,324
389.390,313
389.415,309
389.440,316
389.465,326
389.490,321
389.515,301
389.540,277
389.565,255
389.590,229
389.615,191
389.640,147
389.665,110
389.690,79
389.715,35
389.740,-29
389.765,-90
389.790,-101
389.815,-35
389.840,82
389.865,197
389.890,269
389.915,299
389.940,310
389.965,317
389.990,318
390.015,305
390.040,286
390.065,275
390.090,275
390.115,277
390.140,269
390.165,252
390.190,232
390.215,207
390.240,175
390.265,135
390.290,97
390.315,61
390.340,18
390.365,-43
390.390,-108
390.415,-140
390.440,-102
390.465,-1
390.490,120
390.515,215
390.540,265
390.565,283
390.590,290
390.615,294
390.640,291
390.665,279
390.690,268
390.715,264
390.740,267
390.765,267
390.790,258
390.815,236
390.840,206
390.865,173
390.890,141
390.915,108
390.940,69
390.965,15
390.990,-46
391.015,-88
391.040,-76
391.065,3
391.090,123
391.115,233
391.140,299
391.165,323
391.190,331
391.215,342
391.240,349
391.265,343
391.290,328
391.315,317
391.340,317
391.365,319
391.390,308
391.415,282
391.440,253
391.465,226
391.490,195
391.515,154
391.540,108
391.565,70
391.590,37
391.615,-7
391.640,-71
391.665,-128
391.690,-132
391.715,-55
391.740,74
391.765,197
391.790,271
391.815,298
391.840,311
391.865,330
391.890,347
391.915,347
391.940,332
391.965,322
391.990,329
392.015,341
392.040,335
392.065,309
392.090,279
392.115,258
392.140,239
392.165,206
392.190,158
392.215,112
392.240,79
392.265,48
392.290,0
392.315,-69
392.340,-122
392.365,-117
392.390,-42
392.415,68
392.440,165
392.465,222
392.490,247
392.515,259
392.540,267
392.565,267
392.590,257
392.615,248
392.640,247
392.665,252
392.690,251
392.715,239
392.740,222
392.765,209
392.790,197
392.815,177
392.840,148
392.865,116
392.890,89
392.915,63
392.940,24
392.965,-21
392.990,-49
393.015,-25
393.040,54
393.065,159
393.090,244
393.115,287
393.140,300
393.165,307
393.190,317
393.215,322
393.240,314
393.265,300
393.290,293
393.315,300
393.340,307
393.365,299
393.390,273
393.415,243
393.440,221
393.465,203
393.490,178
393.515,141
393.540,102
393.565,72
393.590,43
393.615,1
393.640,-57
393.665,-107
393.690,-111
393.715,-53
393.740,47
393.765,149
393.790,222
393.815,263
393.840,289
393.865,309
393.890,324
393.915,329
393.940,330
393.965,334
393.990,344
394.015,354
394.040,357
394.065,349
394.090,337
394.115,322
394.140,301
394.165,272
394.190,241
394.215,210
394.240,180
394.265,143
394.290,100
394.315,58
394.340,22
394.365,-11
394.390,-56
394.415,-109
394.440,-146
394.465,-133
394.490,-60
394.515,46
394.540,140
394.565,194
394.590,216
394.615,229
394.640,246
394.665,261
394.690,262
394.715,254
394.740,252
394.765,263
394.790,280
394.815,283
394.840,269
394.865,246
394.890,227
394.915,210
394.940,186
394.965,150
394.990,112
395.015,85
395.040,66
395.065,39
395.090,-5
395.115,-54
395.140,-74
395.165,-37
395.190,52
395.215,160
395.240,250
395.265,309
395.290,348
395.315,381
395.340,408
395.365,425
395.390,431
395.415,435
395.440,440
395.465,441
395.490,426
395.515,395
395.540,360
395.565,335
395.590,313
395.615,281
395.640,232
395.665,177
395.690,131
395.715,90
395.740,34
395.765,-43
395.790,-120
395.815,-153
395.840,-119
395.865,-33
395.890,59
395.915,126
395.940,165
395.965,192
395.990,215
396.015,226
396.040,222
396.065,211
396.090,209
396.115,221
396.140,237
396.165,244
396.190,239
396.215,228
396.240,214
396.265,192
396.290,158
396.315,121
396.340,89
396.365,59
396.390,15
396.415,-43
396.440,-94
396.465,-94
396.490,-24
396.515,87
396.540,192
396.565,251
396.590,267
396.615,268
396.640,271
396.665,273
396.690,260
396.715,236
396.740,216
396.765,207
396.790,198
396.815,172
396.840,130
396.865,95
396.890,88
396.915,110
396.940,132
396.965,126
396.990,90
397.015,50
397.040,39
397.065,79
397.090,167
397.115,279
397.140,386
397.165,461
397.190,496
397.215,496
397.240,481
397.265,466
397.290,455
397.315,441
397.340,419
397.365,392
397.390,365
397.415,338
397.440,306
397.465,261
397.490,209
397.515,159
397.540,112
397.565,55
397.590,-23
397.615,-112
397.640,-169
397.665,-156
397.690,-70
397.715,50
397.740,150
397.765,202
397.790,218
397.815,221
397.840,221
397.865,210
397.890,180
397.915,145
397.940,124
397.965,124
397.990,126
398.015,107
398.040,65
398.065,24
398.090,1
398.115,-11
398.140,-42
398.165,-101
398.190,-161
398.215,-175
398.240,-115
398.265,5
398.290,142
398.315,252
398.340,321
398.365,358
398.390,379
398.415,394
398.440,403
398.465,403
398.490,395
398.515,386
398.540,379
398.565,373
398.590,360
398.615,330
398.640,282
398.665,230
398.690,187
398.715,150
398.740,101
398.765,29
398.790,-50
398.815,-95
398.840,-71
398.865,19
398.890,134
398.915,229
398.940,285
398.965,312
398.990,327
399.015,334
399.040,329
399.065,314
399.090,300
399.115,295
399.140,296
399.165,290
399.190,273
399.215,248
399.240,219
399.265,186
399.290,147
399.315,107
399.340,67
399.365,24
399.390,-30
399.415,-86
399.440,-114
399.465,-80
399.490,17
399.515,138
399.540,234
399.565,283
399.590,302
399.615,317
399.640,334
399.665,343
399.690,336
399.715,325
399.740,325
399.765,335
399.790,338
399.815,324
399.840,297
399.865,270
399.890,243
399.915,207
399.940,160
399.965,115
399.990,80
400.015,47
400.040,-1
400.065,-64
400.090,-105
400.115,-83
400.140,3
400.165,115
400.190,202
400.215,245
400.240,258
400.265,265
400.290,270
400.315,266
400.340,253
400.365,243
400.390,247
400.415,255
400.440,252
400.465,233
400.490,211
400.515,195
400.540,180
400.565,157
400.590,122
400.615,86
400.640,56
400.665,21
400.690,-26
400.715,-74
400.740,-89
400.765,-43
400.790,54
400.815,160
400.840,236
400.865,274
400.890,292
400.915,306
400.940,316
400.965,317
400.990,311
401.015,307
401.040,310
401.065,315
401.090,311
401.115,297
401.140,276
401.165,250
401.190,218
401.215,178
401.240,137
401.265,100
401.290,63
401.315,12
401.340,-45
401.365,-83
401.390,-66
401.415,12
401.440,120
401.465,209
401.490,254
401.515,266
401.540,269
401.565,277
401.590,281
401.615,272
401.640,255
401.665,246
401.690,248
401.715,250
401.740,236
401.765,203
401.790,164
401.815,130
401.840,102
401.865,68
401.890,21
401.915,-38
401.940,-102
401.965,-163
401.990,-206
402.015,-211
402.040,-152
402.065,-23
402.090,148
402.115,315
402.140,438
402.165,508
402.190,544
402.215,568
402.240,581
402.265,572
402.290,540
402.315,501
402.340,479
402.365,477
402.390,480
402.415,469
402.440,443
402.465,411
402.490,373
402.515,319
402.540,241
402.565,156
402.590,92
402.615,57
402.640,25
402.665,-39
402.690,-133
402.715,-206
402.740,-203
402.765,-115
402.790,6
402.815,102
402.840,147
402.865,163
402.890,177
402.915,195
402.940,201
402.965,189
402.990,172
403.015,169
403.040,182
403.065,197
403.090,198
403.115,182
403.140,153
403.165,118
403.190,78
403.215,40
403.240,6
403.265,-31
403.290,-86
403.315,-148
403.340,-179
403.365,-140
403.390,-29
403.415,109
403.440,218
403.465,272
403.490,294
403.515,315
403.540,340
403.565,351
403.590,339
403.615,318
403.640,312
403.665,317
403.690,315
403.715,291
403.740,255
403.765,225
403.790,198
403.815,161
403.840,107
403.865,50
403.890,3
403.915,-45
403.940,-112
403.965,-185
403.990,-210
404.015,-141
404.040,8
404.065,169
404.090,275
404.115,322
404.140,360
404.165,428
404.190,518
404.215,589
404.240,621
404.265,630
404.290,638
404.315,638
404.340,607
404.365,535
404.390,444
404.415,358
404.440,279
404.465,191
404.490,91
404.515,2
404.540,-54
404.565,-89
404.590,-134
404.615,-198
404.640,-245
404.665,-224
404.690,-120
404.715,24
404.740,147
404.765,220
404.790,257
404.815,289
404.840,322
404.865,343
404.890,340
404.915,325
404.940,318
404.965,324
404.990,330
405.015,320
405.040,294
405.065,263
405.090,235
405.115,205
405.140,164
405.165,113
405.190,68
405.215,38
405.240,14
405.265,-24
405.290,-88
405.315,-159
405.340,-197
405.365,-169
405.390,-77
405.415,41
405.440,142
405.465,204
405.490,236
405.515,261
405.540,288
405.565,311
405.590,317
405.615,311
405.640,309
405.665,320
405.690,336
405.715,339
405.740,320
405.765,290
405.790,266
405.815,248
405.840,222
405.865,180
405.890,132
405.915,94
405.940,69
405.965,40
405.990,-9
406.015,-68
406.040,-101
406.065,-75
406.090,5
406.115,106
406.140,189
406.165,242
406.190,278
406.215,311
406.240,342
406.265,362
406.290,367
406.315,365
406.340,367
406.365,376
406.390,385
406.415,386
406.440,377
406.465,361
406.490,339
406.515,312
406.540,281
406.565,247
406.590,210
406.615,165
406.640,117
406.665,72
406.690,34
406.715,-4
406.740,-57
406.765,-118
406.790,-160
406.815,-150
406.840,-80
406.865,18
406.890,102
406.915,151
406.940,176
406.965,197
406.990,221
407.015,237
407.040,236
407.065,228
407.090,230
407.115,245
407.140,259
407.165,258
407.190,244
407.215,228
407.240,212
407.265,191
407.290,159
407.315,126
407.340,100
407.365,78
407.390,41
407.415,-13
407.440,-60
407.465,-63
407.490,-5
407.515,89
407.540,180
407.565,243
407.590,283
407.615,317
407.640,347
407.665,362
407.690,358
407.715,349
407.740,352
407.765,369
407.790,385
407.815,386
407.840,374
407.865,358
407.890,343
407.915,324
407.940,294
407.965,256
407.990,215
408.015,174
408.040,132
408.065,90
408.090,50
408.115,8
408.140,-43
408.165,-105
408.190,-157
408.215,-160
408.240,-98
408.265,11
408.290,119
408.315,190
408.340,226
408.365,252
408.390,283
408.415,310
408.440,319
408.465,309
408.490,301
408.515,308
408.540,322
408.565,323
408.590,305
408.615,279
408.640,256
408.665,232
408.690,195
408.715,146
408.740,98
408.765,61
408.790,27
408.815,-22
408.840,-90
408.865,-143
408.890,-140
408.915,-66
408.940,49
408.965,161
408.990,234
409.015,270
409.040,290
409.065,308
409.090,322
409.115,326
409.140,321
409.165,316
409.190,321
409.215,332
409.240,338
409.265,330
409.290,308
409.315,281
409.340,257
409.365,233
409.390,200
409.415,156
409.440,108
409.465,67
409.490,34
409.515,-2
409.540,-57
409.565,-119
409.590,-154
409.615,-128
409.640,-32
409.665,99
409.690,219
409.715,297
409.740,336
409.765,360
409.790,384
409.815,404
409.840,410
409.865,404
409.890,398
409.915,405
409.940,417
409.965,420
409.990,402
410.015,369
410.040,335
410.065,306
410.090,274
410.115,227
410.140,169
410.165,112
410.190,65
410.215,17
410.240,-45
410.265,-124
410.290,-186
410.315,-191
410.340,-121
410.365,-3
410.390,109
410.415,180
410.440,210
410.465,225
410.490,244
410.515,263
410.540,268
410.565,258
410.590,249
410.615,254
410.640,267
410.665,271
410.690,258
410.715,235
410.740,213
410.765,192
410.790,163
410.815,122
410.840,81
410.865,48
410.890,17
410.915,-28
410.940,-87
410.965,-128
410.990,-111
411.015,-27
411.040,91
411.065,192
411.090,249
411.115,273
411.140,288
411.165,305
411.190,317
411.215,315
411.240,306
411.265,306
411.290,318
411.315,328
411.340,323
411.365,304
411.390,282
411.415,260
411.440,231
411.465,191
411.490,146
411.515,109
411.540,78
411.565,38
411.590,-23
411.615,-85
411.640,-104
411.665,-49
411.690,64
411.715,189
411.740,277
411.765,322
411.790,344
411.815,365
411.840,383
411.865,385
411.890,369
411.915,354
411.940,353
411.965,363
411.990,364
412.015,347
412.040,320
412.065,295
412.090,272
412.115,237
412.140,187
412.165,134
412.190,90
412.215,51
412.240,-1
412.265,-71
412.290,-127
412.315,-125
412.340,-49
412.365,67
412.390,175
412.415,239
412.440,266
412.465,277
412.490,284
412.515,283
412.540,270
412.565,257
412.590,256
412.615,267
412.640,278
412.665,276
412.690,262
412.715,244
412.740,222
412.765,194
412.790,158
412.815,120
412.840,79
412.865,28
412.890,-38
412.915,-102
412.940,-119
412.965,-59
412.990,61
413.015,190
413.040,276
413.065,309
413.090,315
413.115,319
413.140,321
413.165,305
413.190,272
413.215,240
413.240,226
413.265,222
413.290,208
413.315,171
413.340,116
413.365,59
413.390,10
413.415,-28
413.440,-52
413.465,-60
413.490,-64
413.515,-86
413.540,-137
413.565,-193
413.590,-199
413.615,-123
413.640,17
413.665,162
413.690,262
413.715,311
413.740,339
413.765,366
413.790,383
413.815,376
413.840,347
413.865,324
413.890,325
413.915,341
413.940,348
413.965,332
413.990,302
414.015,273
414.040,245
414.065,206
414.090,153
414.115,99
414.140,52
414.165,3
414.190,-67
414.215,-152
414.240,-211
414.265,-194
414.290,-89
414.315,62
414.340,198
414.365,283
414.390,325
414.415,354
414.440,386
414.465,417
414.490,442
414.515,468
414.540,514
414.565,579
414.590,642
414.615,678
414.640,684
414.665,677
414.690,667
414.715,646
414.740,592
414.765,505
414.790,405
414.815,314
414.840,232
414.865,137
414.890,24
414.915,-76
414.940,-115
414.965,-68
414.990,33
415.015,126
415.040,165
415.065,151
415.090,115
415.115,84
415.140,57
415.165,25
415.190,-9
415.215,-35
415.240,-39
415.265,-26
415.290,-17
415.315,-22
415.340,-40
415.365,-59
415.390,-68
415.415,-66
415.440,-62
415.465,-67
415.490,-92
415.515,-132
415.540,-164
415.565,-153
415.590,-78
415.615,50
415.640,197
415.665,317
415.690,393
415.715,433
415.740,454
415.765,465
415.790,464
415.815,447
415.840,423
415.865,401
415.890,382
415.915,355
415.940,308
415.965,241
415.990,169
416.015,105
416.040,52
416.065,-1
416.090,-69
416.115,-150
416.140,-223
416.165,-256
416.190,-226
416.215,-135
416.240,-14
416.265,92
416.290,158
416.315,187
416.340,201
416.365,225
416.390,259
416.415,292
416.440,316
416.465,343
416.490,390
416.515,451
416.540,489
416.565,469
416.590,387
416.615,284
416.640,213
416.665,186
416.690,167
416.715,110
416.740,14
416.765,-67
416.790,-71
416.815,22
416.840,167
416.865,293
416.890,358
416.915,373
416.940,372
416.965,379
416.990,392
417.015,397
417.040,392
417.065,381
417.090,370
417.115,357
417.140,335
417.165,303
417.190,264
417.215,224
417.240,185
417.265,145
417.290,99
417.315,40
417.340,-28
417.365,-92
417.390,-125
417.415,-103
417.440,-28
417.465,72
417.490,161
417.515,214
417.540,234
417.565,239
417.590,245
417.615,249
417.640,247
417.665,236
417.690,225
417.715,221
417.740,226
417.765,226
417.790,212
417.815,182
417.840,147
417.865,117
417.890,92
417.915,58
417.940,8
417.965,-49
417.990,-84
418.015,-68
418.040,3
418.065,104
418.090,197
418.115,258
418.140,286
418.165,297
418.190,302
418.215,305
418.240,302
418.265,296
418.290,290
418.315,287
418.340,286
418.365,280
418.390,265
418.415,239
418.440,207
418.465,174
418.490,144
418.515,113
418.540,71
418.565,18
418.590,-31
418.615,-48
418.640,-7
418.665,83
418.690,191
418.715,277
418.740,322
418.765,334
418.790,330
418.815,323
418.840,318
418.865,312
418.890,306
418.915,301
418.940,297
418.965,289
418.990,276
419.015,256
419.040,228
419.065,193
419.090,154
419.115,118
419.140,84
419.165,42
419.190,-11
419.215,-66
419.240,-91
419.265,-58
419.290,31
419.315,144
419.340,237
419.365,285
419.390,296
419.415,290
419.440,283
419.465,276
419.490,266
419.515,254
419.540,246
419.565,243
419.590,243
419.615,237
419.640,220
419.665,191
419.690,158
419.715,128
419.740,99
419.765,65
419.790,16
419.815,-41
419.840,-85
419.865,-82
419.890,-17
419.915,92
419.940,204
419.965,282
419.990,312
420.015,310
420.040,298
420.065,288
420.090,280
420.115,269
420.140,258
420.165,250
420.190,249
420.215,249
420.240,240
420.265,218
420.290,187
420.315,156
420.340,125
420.365,90
420.390,39
420.415,-24
420.440,-77
420.465,-88
420.490,-34
420.515,71
420.540,195
420.565,295
420.590,350
420.615,365
420.640,358
420.665,346
420.690,334
420.715,323
420.740,312
420.765,304
420.790,301
420.815,298
420.840,287
420.865,262
420.890,224
420.915,180
420.940,141
420.965,104
420.990,61
421.015,3
421.040,-61
421.065,-104
421.090,-91
421.115,-10
421.140,114
421.165,234
421.190,311
421.215,335
421.240,325
421.265,308
421.290,295
421.315,285
421.340,271
421.365,256
421.390,248
421.415,248
421.440,247
421.465,232
421.490,198
421.515,155
421.540,119
421.565,92
421.590,60
421.615,7
421.640,-60
421.665,-111
421.690,-104
421.715,-26
421.740,95
421.765,215
421.790,295
421.815,330
421.840,335
421.865,329
421.890,320
421.915,310
421.940,299
421.965,291
421.990,286
422.015,281
422.040,271
422.065,252
422.090,224
422.115,190
422.140,155
422.165,122
422.190,88
422.215,43
422.240,-16
422.265,-77
422.290,-109
422.315,-82
422.340,7
422.365,130
422.390,240
422.415,305
422.440,325
422.465,322
422.490,313
422.515,307
422.540,303
422.565,298
422.590,294
422.615,291
422.640,287
422.665,277
422.690,259
422.715,234
422.740,204
422.765,172
422.790,140
422.815,105
422.840,62
422.865,8
422.890,-40
422.915,-55
422.940,-10
422.965,89
422.990,207
423.015,297
423.040,334
423.065,330
423.090,311
423.115,299
423.140,293
423.165,285
423.190,274
423.215,265
423.240,263
423.265,263
423.290,254
423.315,231
423.340,198
423.365,166
423.390,139
423.415,112
423.440,73
423.465,20
423.490,-33
423.515,-62
423.540,-42
423.565,30
423.590,133
423.615,229
423.640,287
423.665,301
423.690,290
423.715,275
423.740,266
423.765,260
423.790,250
423.815,238
423.840,228
423.865,225
423.890,220
423.915,203
423.940,175
423.965,142
423.990,115
424.015,91
424.040,56
424.065,4
424.090,-51
424.115,-79
424.140,-54
424.165,24
424.190,128
424.215,219
424.240,271
424.265,287
424.290,283
424.315,275
424.340,269
424.365,266
424.390,262
424.415,259
424.440,259
424.465,259
424.490,253
424.515,236
424.540,207
424.565,175
424.590,147
424.615,123
424.640,92
424.665,41
424.690,-20
424.715,-66
424.740,-59
424.765,9
424.790,116
424.815,216
424.840,280
424.865,305
424.890,312
424.915,316
424.940,318
424.965,314
424.990,304
425.015,300
425.040,306
425.065,314
425.090,312
425.115,295
425.140,269
425.165,238
425.190,204
425.215,167
425.240,130
425.265,96
425.290,61
425.315,13
425.340,-47
425.365,-98
425.390,-100
425.415,-33
425.440,81
425.465,196
425.490,268
425.515,296
425.540,302
425.565,307
425.590,314
425.615,315
425.640,308
425.665,305
425.690,314
425.715,325
425.740,323
425.765,303
425.790,276
425.815,254
425.840,234
425.865,205
425.890,162
425.915,118
425.940,84
425.965,57
425.990,19
426.015,-38
426.040,-94
426.065,-107
426.090,-52
426.115,52
426.140,163
426.165,240
426.190,276
426.215,286
426.240,288
426.265,285
426.290,277
426.315,267
426.340,266
426.365,272
426.390,276
426.415,270
426.440,252
426.465,231
426.490,212
426.515,190
426.540,161
426.565,126
426.590,90
426.615,49
426.640,-1
426.665,-57
426.690,-92
426.715,-79
426.740,-7
426.765,97
426.790,196
426.815,263
426.840,297
426.865,314
426.890,326
426.915,333
426.940,335
426.965,335
426.990,337
427.015,343
427.040,350
427.065,354
427.090,352
427.115,336
427.140,300
427.165,246
427.190,189
427.215,141
427.240,101
427.265,55
427.290,-2
427.315,-54
427.340,-65
427.365,-18
427.390,71
427.415,165
427.440,228
427.465,256
427.490,263
427.515,264
427.540,261
427.565,253
427.590,239
427.615,226
427.640,217
427.665,212
427.690,204
427.715,189
427.740,167
427.765,139
427.790,109
427.815,80
427.840,50
427.865,13
427.890,-35
427.915,-83
427.940,-102
427.965,-66
427.990,23
428.015,135
428.040,225
428.065,273
428.090,288
428.115,291
428.140,293
428.165,293
428.190,285
428.215,273
428.240,265
428.265,263
428.290,261
428.315,250
428.340,231
428.365,203
428.390,170
428.415,131
428.440,92
428.465,56
428.490,20
428.515,-25
428.540,-82
428.565,-129
428.590,-129
428.615,-62
428.640,53
428.665,169
428.690,246
428.715,280
428.740,296
428.765,317
428.790,340
428.815,353
428.840,353
428.865,353
428.890,365
428.915,383
428.940,390
428.965,379
428.990,358
429.015,342
429.040,330
429.065,313
429.090,283
429.115,247
429.140,218
429.165,198
429.190,173
429.215,136
429.240,93
429.265,61
429.290,44
429.315,24
429.340,-17
429.365,-74
429.390,-107
429.415,-76
429.440,23
429.465,155
429.490,273
429.515,350
429.540,393
429.565,419
429.590,434
429.615,436
429.640,425
429.665,416
429.690,424
429.715,444
429.740,453
429.765,432
429.790,384
429.815,333
429.840,299
429.865,280
429.890,254
429.915,210
429.940,157
429.965,113
429.990,82
430.015,45
430.040,-15
430.065,-95
430.090,-156
430.115,-160
430.140,-97
430.165,3
430.190,97
430.215,159
430.240,187
430.265,196
430.290,196
430.315,187
430.340,171
430.365,156
430.390,148
430.415,147
430.440,146
430.465,139
430.490,123
430.515,100
430.540,69
430.565,29
430.590,-13
430.615,-51
430.640,-86
430.665,-133
430.690,-201
430.715,-276
430.740,-313
430.765,-266
430.790,-131
430.815,48
430.840,214
430.865,329
430.890,397
430.915,441
430.940,473
430.965,490
430.990,484
431.015,462
431.040,437
431.065,416
431.090,392
431.115,360
431.140,328
431.165,308
431.190,304
431.215,298
431.240,268
431.265,206
431.290,128
431.315,64
431.340,34
431.365,47
431.390,96
431.415,167
431.440,242
431.465,301
431.490,330
431.515,328
431.540,310
431.565,291
431.590,279
431.615,270
431.640,260
431.665,250
431.690,244
431.715,235
431.740,212
431.765,170
431.790,119
431.815,76
431.840,45
431.865,10
431.890,-44
431.915,-109
431.940,-151
431.965,-129
431.990,-38
432.015,88
432.040,202
432.065,276
432.090,312
432.115,332
432.140,348
432.165,358
432.190,356
432.215,343
432.240,333
432.265,334
432.290,341
432.315,337
432.340,312
432.365,271
432.390,232
432.415,203
432.440,174
432.465,125
432.490,46
432.515,-39
432.540,-93
432.565,-83
432.590,-8
432.615,102
432.640,207
432.665,280
432.690,318
432.715,332
432.740,332
432.765,325
432.790,311
432.815,293
432.840,278
432.865,266
432.890,258
432.915,247
432.940,226
432.965,193
432.990,155
433.015,122
433.040,98
433.065,71
433.090,24
433.115,-39
433.140,-94
433.165,-103
433.190,-51
433.215,42
433.240,136
433.265,202
433.290,236
433.315,254
433.340,264
433.365,266
433.390,258
433.415,249
433.440,246
433.465,250
433.490,250
433.515,239
433.540,223
433.565,209
433.590,196
433.615,177
433.640,147
433.665,115
433.690,87
433.715,56
433.740,10
433.765,-44
433.790,-76
433.815,-53
433.840,26
433.865,128
433.890,207
433.915,250
433.940,272
433.965,291
433.990,310
434.015,317
434.040,310
434.065,302
434.090,307
434.115,321
434.140,330
434.165,326
434.190,314
434.215,300
434.240,281
434.265,251
434.290,213
434.315,175
434.340,147
434.365,123
434.390,95
434.415,60
434.440,24
434.465,-10
434.490,-51
434.515,-94
434.540,-122
434.565,-103
434.590,-27
434.615,83
434.640,187
434.665,255
434.690,291
434.715,317
434.740,350
434.765,390
434.790,426
434.815,452
434.840,468
434.865,476
434.890,473
434.915,455
434.940,428
434.965,398
434.990,369
435.015,339
435.040,301
435.065,255
435.090,203
435.115,151
435.140,106
435.165,63
435.190,16
435.215,-41
435.240,-101
435.265,-139
435.290,-128
435.315,-63
435.340,30
435.365,114
435.390,163
435.415,182
435.440,190
435.465,201
435.490,210
435.515,210
435.540,204
435.565,199
435.590,197
435.615,191
435.640,176
435.665,156
435.690,138
435.715,123
435.740,100
435.765,69
435.790,34
435.815,4
435.840,-29
435.865,-84
435.890,-152
435.915,-195
435.940,-167
435.965,-59
435.990,88
436.015,217
436.040,298
436.065,340
436.090,364
436.115,373
436.140,356
436.165,312
436.190,267
436.215,246
436.240,250
436.265,262
436.290,264
436.315,259
436.340,253
436.365,244
436.390,222
436.415,185
436.440,147
436.465,118
436.490,89
436.515,47
436.540,-1
436.565,-17
436.590,36
436.615,154
436.640,291
436.665,399
436.690,473
436.715,533
436.740,590
436.765,628
436.790,624
436.815,585
436.840,538
436.865,502
436.890,462
436.915,394
436.940,298
436.965,200
436.990,116
437.015,30
437.040,-80
437.065,-209
437.090,-310
437.115,-351
437.140,-340
437.165,-317
437.190,-284
437.215,-195
437.240,0
437.265,285
437.290,571
437.315,768
437.340,857
437.365,894
437.390,935
437.415,981
437.440,990
437.465,935
437.490,833
437.515,720
437.540,602
437.565,454
437.590,258
437.615,30
437.640,-192
437.665,-383
437.690,-542
437.715,-667
437.740,-739
437.765,-740
437.790,-684
437.815,-620
437.840,-598
437.865,-619
437.890,-633
437.915,-582
437.940,-443
437.965,-243
437.990,-37
438.015,127
438.040,229
438.065,265
438.090,255
438.115,231
438.140,228
438.165,267
438.190,347
438.215,446
438.240,539
438.265,606
438.290,635
438.315,620
438.340,558
438.365,456
438.390,327
438.415,197
438.440,95
438.465,49
438.490,74
438.515,162
438.540,284
438.565,404
438.590,497
438.615,556
438.640,585
438.665,590
438.690,574
438.715,538
438.740,490
438.765,440
438.790,395
438.815,357
438.840,320
438.865,279
438.890,231
438.915,178
438.940,128
438.965,87
438.990,53
439.015,11
439.040,-50
439.065,-126
439.090,-184
439.115,-185
439.140,-113
439.165,3
439.190,118
439.215,191
439.240,222
439.265,232
439.290,242
439.315,251
439.340,249
439.365,233
439.390,218
439.415,217
439.440,229
439.465,237
439.490,222
439.515,183
439.540,135
439.565,94
439.590,62
439.615,25
439.640,-28
439.665,-92
439.690,-139
439.715,-135
439.740,-67
439.765,44
439.790,164
439.815,257
439.840,312
439.865,335
439.890,341
439.915,339
439.940,335
439.965,333
439.990,339
440.015,352
440.040,364
440.065,363
440.090,338
440.115,297
440.140,250
440.165,207
440.190,166
440.215,114
440.240,46
440.265,-27
440.290,-78
440.315,-76
440.340,-14
440.365,83
440.390,174
440.415,230
440.440,250
440.465,253
440.490,255
440.515,255
440.540,245
440.565,230
440.590,223
440.615,235
440.640,255
440.665,258
440.690,236
440.715,203
440.740,186
440.765,191
440.790,192
440.815,159
440.840,90
440.865,25
440.890,11
440.915,67
440.940,165
440.965,260
440.990,318
441.015,336
441.040,334
441.065,328
441.090,321
441.115,308
441.140,291
441.165,275
441.190,268
441.215,266
441.240,257
441.265,231
441.290,192
441.315,150
441.340,112
441.365,71
441.390,18
441.415,-46
441.440,-100
441.465,-113
441.490,-65
441.515,30
441.540,137
441.565,220
441.590,264
441.615,279
441.640,283
441.665,283
441.690,276
441.715,258
441.740,233
441.765,214
441.790,204
441.815,195
441.840,178
441.865,152
441.890,129
441.915,120
441.940,116
441.965,96
441.990,44
442.015,-23
442.040,-69
442.065,-56
442.090,17
442.115,124
442.140,223
442.165,294
442.190,337
442.215,362
442.240,374
442.265,370
442.290,349
442.315,324
442.340,307
442.365,300
442.390,292
442.415,268
442.440,225
442.465,169
442.490,117
442.515,78
442.540,47
442.565,8
442.590,-54
442.615,-134
442.640,-199
442.665,-204
442.690,-132
442.715,-4
442.740,127
442.765,217
442.790,259
442.815,280
442.840,304
442.865,335
442.890,358
442.915,365
442.940,368
442.965,381
442.990,403
443.015,413
443.040,398
443.065,366
443.090,331
443.115,297
443.140,250
443.165,181
443.190,102
443.215,40
443.240,0
443.265,-37
443.290,-94
443.315,-159
443.340,-185
443.365,-130
443.390,2
443.415,161
443.440,284
443.465,347
443.490,366
443.515,374
443.540,384
443.565,393
443.590,397
443.615,402
443.640,415
443.665,435
443.690,446
443.715,435
443.740,403
443.765,364
443.790,332
443.815,310
443.840,287
443.865,254
443.890,210
443.915,165
443.940,128
443.965,97
443.990,67
444.015,32
444.040,-3
444.065,-35
444.090,-65
444.115,-104
444.140,-159
444.165,-211
444.190,-224
444.215,-165
444.240,-35
444.265,126
444.290,261
444.315,337
444.340,360
444.365,357
444.390,352
444.415,350
444.440,346
444.465,338
444.490,336
444.515,344
444.540,355
444.565,353
444.590,331
444.615,296
444.640,260
444.665,228
444.690,193
444.715,148
444.740,97
444.765,49
444.790,9
444.815,-30
444.840,-80
444.865,-140
444.890,-186
444.915,-185
444.940,-124
444.965,-16
444.990,94
445.015,173
445.040,209
445.065,215
445.090,214
445.115,213
445.140,207
445.165,195
445.190,187
445.215,195
445.240,216
445.265,235
445.290,235
445.315,219
445.340,204
445.365,199
445.390,197
445.415,183
445.440,162
445.465,151
445.490,157
445.515,161
445.540,135
445.565,80
445.590,41
445.615,69
445.640,177
445.665,321
445.690,445
445.715,522
445.740,565
445.765,597
445.790,612
445.815,589
445.840,521
445.865,433
445.890,363
445.915,329
445.940,315
445.965,297
445.990,261
446.015,212
446.040,158
446.065,103
446.090,49
446.115,-2
446.140,-54
446.165,-113
446.190,-185
446.215,-255
446.240,-286
446.265,-246
446.290,-132
446.315,20
446.340,167
446.365,278
446.390,346
446.415,379
446.440,383
446.465,367
446.490,341
446.515,322
446.540,314
446.565,312
446.590,303
446.615,281
446.640,249
446.665,212
446.690,174
446.715,136
446.740,97
446.765,51
446.790,-4
446.815,-66
446.840,-111
446.865,-110
446.890,-49
446.915,56
446.940,166
446.965,241
446.990,273
447.015,278
447.040,279
447.065,283
447.090,281
447.115,269
447.140,256
447.165,252
447.190,259
447.215,263
447.240,247
447.265,212
447.290,172
447.315,140
447.340,111
447.365,68
447.390,1
447.415,-70
447.440,-110
447.465,-87
447.490,1
447.515,122
447.540,232
447.565,304
447.590,337
447.615,347
447.640,349
447.665,346
447.690,337
447.715,324
447.740,314
447.765,310
447.790,310
447.815,306
447.840,289
447.865,257
447.890,214
447.915,169
447.940,127
447.965,83
447.990,27
448.015,-46
448.040,-121
448.065,-156
448.090,-120
448.115,-13
448.140,122
448.165,233
448.190,292
448.215,310
448.240,314
448.265,317
448.290,313
448.315,295
448.340,274
448.365,266
448.390,276
448.415,285
448.440,270
448.465,230
448.490,182
448.515,140
448.540,104
448.565,60
448.590,8
448.615,-37
448.640,-66
448.665,-86
448.690,-121
448.715,-176
448.740,-218
448.765,-197
448.790,-89
448.815,78
448.840,244
448.865,360
448.890,418
448.915,442
448.940,455
448.965,462
448.990,458
449.015,445
449.040,434
449.065,434
449.090,437
449.115,431
449.140,415
449.165,398
449.190,387
449.215,374
449.240,342
449.265,292
449.290,242
449.315,213
449.340,201
449.365,176
449.390,117
449.415,39
449.440,-7
449.465,20
449.490,123
449.515,258
449.540,369
449.565,433
449.590,457
449.615,460
449.640,452
449.665,433
449.690,406
449.715,380
449.740,366
449.765,356
449.790,334
449.815,288
449.840,224
449.865,161
449.890,112
449.915,70
449.940,16
449.965,-71
449.990,-196
450.015,-343
450.040,-480
450.065,-572
450.090,-586
450.115,-514
450.140,-376
450.165,-214
450.190,-67
450.215,44
450.240,121
450.265,167
450.290,185
450.315,182
450.340,178
450.365,202
450.390,264
450.415,340
450.440,390
450.465,395
450.490,373
450.515,350
450.540,323
450.565,255
450.590,116
450.615,-64
450.640,-205
450.665,-231
450.690,-135
450.715,20
450.740,158
450.765,243
450.790,290
450.815,328
450.840,373
450.865,417
450.890,453
450.915,480
450.940,503
450.965,521
450.990,527
451.015,512
451.040,474
451.065,410
451.090,327
451.115,238
451.140,154
451.165,76
451.190,-8
451.215,-104
451.240,-191
451.265,-221
451.290,-161
451.315,-23
451.340,136
451.365,261
451.390,330
451.415,359
451.440,370
451.465,370
451.490,357
451.515,335
451.540,322
451.565,332
451.590,358
451.615,383
451.640,390
451.665,377
451.690,346
451.715,304
451.740,256
451.765,207
451.790,149
451.815,70
451.840,-29
451.865,-125
451.890,-170
451.915,-129
451.940,-14
451.965,117
451.990,213
452.015,261
452.040,281
452.065,297
452.090,305
452.115,293
452.140,265
452.165,243
452.190,243
452.215,256
452.240,257
452.265,237
452.290,209
452.315,184
452.340,156
452.365,111
452.390,50
452.415,-6
452.440,-44
452.465,-81
452.490,-140
452.515,-217
452.540,-261
452.565,-215
452.590,-73
452.615,106
452.640,251
452.665,328
452.690,361
452.715,385
452.740,409
452.765,416
452.790,395
452.815,365
452.840,353
452.865,366
452.890,380
452.915,374
452.940,345
452.965,308
452.990,273
453.015,232
453.040,174
453.065,107
453.090,49
453.115,4
453.140,-45
453.165,-118
453.190,-202
453.215,-245
453.240,-198
453.265,-60
453.290,115
453.315,261
453.340,343
453.365,376
453.390,390
453.415,401
453.440,401
453.465,383
453.490,357
453.515,345
453.540,354
453.565,368
453.590,363
453.615,335
453.640,294
453.665,256
453.690,218
453.715,169
453.740,107
453.765,44
453.790,-9
453.815,-63
453.840,-131
453.865,-210
453.890,-260
453.915,-231
453.940,-108
453.965,67
453.990,228
454.015,328
454.040,368
454.065,377
454.090,379
454.115,373
454.140,356
454.165,335
454.190,326
454.215,331
454.240,337
454.265,328
454.290,301
454.315,267
454.340,232
454.365,189
454.390,133
454.415,74
454.440,22
454.465,-24
454.490,-85
454.515,-168
454.540,-239
454.565,-243
454.590,-145
454.615,26
454.640,202
454.665,323
454.690,377
454.715,393
454.740,396
454.765,393
454.790,376
454.815,352
454.840,338
454.865,343
454.890,355
454.915,352
454.940,328
454.965,294
454.990,259
455.015,219
455.040,167
455.065,106
455.090,51
455.115,4
455.140,-49
455.165,-124
455.190,-201
455.215,-228
455.240,-161
455.265,-7
455.290,173
455.315,312
455.340,382
455.365,401
455.390,402
455.415,401
455.440,391
455.465,371
455.490,354
455.515,353
455.540,367
455.565,376
455.590,362
455.615,331
455.640,297
455.665,267
455.690,233
455.715,179
455.740,108
455.765,40
455.790,-11
455.815,-58
455.840,-122
455.865,-203
455.890,-265
455.915,-256
455.940,-152
455.965,14
455.990,180
456.015,291
456.040,340
456.065,354
456.090,358
456.115,357
456.140,344
456.165,322
456.190,309
456.215,314
456.240,330
456.265,334
456.290,315
456.315,282
456.340,250
456.365,222
456.390,185
456.415,136
456.440,83
456.465,39
456.490,0
456.515,-52
456.540,-118
456.565,-166
456.590,-147
456.615,-44
456.640,111
456.665,256
456.690,348
456.715,384
456.740,389
456.765,379
456.790,359
456.815,332
456.840,311
456.865,309
456.890,321
456.915,328
456.940,316
456.965,291
456.990,266
457.015,243
457.040,209
457.065,161
457.090,109
457.115,67
457.140,29
457.165,-24
457.190,-100
457.215,-162
457.240,-156
457.265,-61
457.290,87
457.315,226
457.340,309
457.365,337
457.390,338
457.415,333
457.440,322
457.465,303
457.490,286
457.515,280
457.540,286
457.565,289
457.590,280
457.615,260
457.640,234
457.665,202
457.690,163
457.715,120
457.740,80
457.765,40
457.790,-13
457.815,-85
457.840,-147
457.865,-153
457.890,-71
457.915,74
457.940,225
457.965,328
457.990,371
458.015,377
458.040,372
458.065,360
458.090,339
458.115,313
458.140,295
458.165,292
458.190,294
458.215,288
458.240,267
458.265,234
458.290,194
458.315,148
458.340,100
458.365,54
458.390,5
458.415,-55
458.440,-132
458.465,-196
458.490,-200
458.515,-112
458.540,45
458.565,211
458.590,328
458.615,383
458.640,399
458.665,401
458.690,394
458.715,375
458.740,350
458.765,336
458.790,338
458.815,344
458.840,335
458.865,308
458.890,273
458.915,235
458.940,188
458.965,128
458.990,66
459.015,14
459.040,-33
459.065,-101
459.090,-194
459.115,-271
459.140,-267
459.165,-153
459.190,32
459.215,209
459.240,320
459.265,366
459.290,380
459.315,389
459.340,389
459.365,373
459.390,351
459.415,339
459.440,342
459.465,344
459.490,332
459.515,307
459.540,279
459.565,251
459.590,209
459.615,147
459.640,77
459.665,19
459.690,-30
459.715,-94
459.740,-181
459.765,-256
459.790,-259
459.815,-156
459.840,23
459.865,205
459.890,326
459.915,380
459.940,398
459.965,410
459.990,419
460.015,413
460.040,393
460.065,377
460.090,379
460.115,391
460.140,390
460.165,365
460.190,325
460.215,286
460.240,253
460.265,212
460.290,153
460.315,86
460.340,28
460.365,-16
460.390,-65
460.415,-140
460.440,-229
460.465,-284
460.490,-252
460.515,-122
460.540,60
460.565,227
460.590,330
460.615,371
460.640,380
460.665,381
460.690,377
460.715,365
460.740,350
460.765,350
460.790,366
460.815,383
460.840,379
460.865,349
460.890,309
460.915,275
460.940,243
460.965,199
460.990,139
461.015,79
461.040,34
461.065,-5
461.090,-63
461.115,-141
461.140,-204
461.165,-198
461.190,-99
461.215,55
461.240,203
461.265,297
461.290,335
461.315,346
461.340,348
461.365,341
461.390,322
461.415,302
461.440,294
461.465,303
461.490,314
461.515,311
461.540,294
461.565,271
461.590,247
461.615,215
461.640,170
461.665,121
461.690,79
461.715,41
461.740,-8
461.765,-73
461.790,-124
461.815,-117
461.840,-33
461.865,97
461.890,218
461.915,291
461.940,319
461.965,326
461.990,331
462.015,332
462.040,324
462.065,315
462.090,315
462.115,322
462.140,319
462.165,292
462.190,248
462.215,203
462.240,164
462.265,126
462.290,86
462.315,46
462.340,13
462.365,-18
462.390,-63
462.415,-117
462.440,-145
462.465,-110
462.490,-4
462.515,132
462.540,242
462.565,299
462.590,317
462.615,324
462.640,331
462.665,331
462.690,317
462.715,303
462.740,303
462.765,314
462.790,317
462.815,299
462.840,267
462.865,238
462.890,217
462.915,193
462.940,154
462.965,106
462.990,62
463.015,21
463.040,-30
463.065,-96
463.090,-147
463.115,-137
463.140,-48
463.165,86
463.190,209
463.215,280
463.240,307
463.265,321
463.290,340
463.315,356
463.340,357
463.365,345
463.390,335
463.415,337
463.440,339
463.465,326
463.490,297
463.515,264
463.540,237
463.565,207
463.590,160
463.615,97
463.640,34
463.665,-17
463.690,-66
463.715,-132
463.740,-212
463.765,-271
463.790,-260
463.815,-162
463.840,-9
463.865,138
463.890,237
463.915,289
463.940,321
463.965,356
463.990,396
464.015,424
464.040,435
464.065,440
464.090,452
464.115,472
464.140,484
464.165,470
464.190,429
464.215,376
464.240,328
464.265,290
464.290,250
464.315,197
464.340,136
464.365,77
464.390,24
464.415,-33
464.440,-108
464.465,-191
464.490,-245
464.515,-228
464.540,-128
464.565,19
464.590,156
464.615,243
464.640,280
464.665,295
464.690,311
464.715,330
464.740,340
464.765,337
464.790,333
464.815,341
464.840,357
464.865,364
464.890,348
464.915,314
464.940,278
464.965,247
464.990,214
465.015,166
465.040,107
465.065,52
465.090,14
465.115,-16
465.140,-64
465.165,-136
465.190,-206
465.215,-226
465.240,-166
465.265,-38
465.290,107
465.315,222
465.340,289
465.365,321
465.390,339
465.415,353
465.440,359
465.465,355
465.490,349
465.515,353
465.540,369
465.565,383
465.590,381
465.615,358
465.640,325
465.665,294
465.690,264
465.715,227
465.740,176
465.765,119
465.790,70
465.815,33
465.840,-6
465.865,-65
465.890,-138
465.915,-187
465.940,-170
465.965,-75
465.990,61
466.015,186
466.040,262
466.065,296
466.090,311
466.115,324
466.140,330
466.165,321
466.190,305
466.215,298
466.240,309
466.265,323
466.290,323
466.315,303
466.340,276
466.365,252
466.390,226
466.415,191
466.440,146
466.465,101
466.490,62
466.515,15
466.540,-48
466.565,-114
466.590,-137
466.615,-85
466.640,32
466.665,162
466.690,253
466.715,292
466.740,303
466.765,312
466.790,320
466.815,314
466.840,295
466.865,278
466.890,277
466.915,286
466.940,286
466.965,266
466.990,235
467.015,208
467.040,184
467.065,150
467.090,99
467.115,43
467.140,-2
467.165,-43
467.190,-95
467.215,-159
467.240,-206
467.265,-191
467.290,-97
467.315,42
467.340,168
467.365,242
467.390,270
467.415,284
467.440,302
467.465,322
467.490,331
467.515,330
467.540,333
467.565,348
467.590,367
467.615,379
467.640,379
467.665,372
467.690,363
467.715,347
467.740,317
467.765,278
467.790,239
467.815,202
467.840,153
467.865,88
467.890,30
467.915,20
467.940,86
467.965,207
467.990,330
468.015,410
468.040,444
468.065,457
468.090,471
468.115,478
468.140,458
468.165,400
468.190,319
468.215,238
468.240,171
468.265,119
468.290,76
468.315,36
468.340,-3
468.365,-42
468.390,-78
468.415,-108
468.440,-132
468.465,-160
468.490,-203
468.515,-253
468.540,-279
468.565,-245
468.590,-141
468.615,1
468.640,136
468.665,230
468.690,279
468.715,299
468.740,304
468.765,300
468.790,290
468.815,283
468.840,285
468.865,294
468.890,300
468.915,296
468.940,281
468.965,256
468.990,222
469.015,184
469.040,145
469.065,109
469.090,65
469.115,4
469.140,-64
469.165,-105
469.190,-78
469.215,27
469.240,176
469.265,310
469.290,389
469.315,418
469.340,422
469.365,416
469.390,399
469.415,370
469.440,340
469.465,323
469.490,326
469.515,333
469.540,329
469.565,304
469.590,264
469.615,214
469.640,159
469.665,105
469.690,56
469.715,5
469.740,-60
469.765,-143
469.790,-216
469.815,-225
469.840,-139
469.865,21
469.890,191
469.915,308
469.940,359
469.965,372
469.990,379
470.015,383
470.040,374
470.065,352
470.090,335
470.115,339
470.140,353
470.165,355
470.190,332
470.215,294
470.240,255
470.265,218
470.290,170
470.315,108
470.340,45
470.365,-6
470.390,-54
470.415,-120
470.440,-205
470.465,-271
470.490,-263
470.515,-154
470.540,21
470.565,195
470.590,311
470.615,362
470.640,377
470.665,384
470.690,389
470.715,382
470.740,365
470.765,353
470.790,357
470.815,371
470.840,375
470.865,356
470.890,322
470.915,285
470.940,252
470.965,210
470.990,152
471.015,86
471.040,27
471.065,-17
471.090,-67
471.115,-139
471.140,-220
471.165,-259
471.190,-207
471.215,-61
471.240,124
471.265,279
471.290,364
471.315,391
471.340,393
471.365,390
471.390,378
471.415,356
471.440,338
471.465,337
471.490,351
471.515,361
471.540,350
471.565,322
471.590,293
471.615,266
471.640,230
471.665,179
471.690,122
471.715,73
471.740,26
471.765,-34
471.790,-112
471.815,-173
471.840,-164
471.865,-64
471.890,91
471.915,237
471.940,325
471.965,354
471.990,354
472.015,344
472.040,328
472.065,305
472.090,282
472.115,269
472.140,267
472.165,267
472.190,258
472.215,239
472.240,213
472.265,179
472.290,134
472.315,84
472.340,39
472.365,-2
472.390,-55
472.415,-125
472.440,-187
472.465,-193
472.490,-112
472.515,36
472.540,189
472.565,293
472.590,337
472.615,347
472.640,348
472.665,346
472.690,333
472.715,312
472.740,297
472.765,298
472.790,307
472.815,305
472.840,288
472.865,258
472.890,222
472.915,184
472.940,141
472.965,95
472.990,46
473.015,-12
473.040,-82
473.065,-144
473.090,-155
473.115,-84
473.140,54
473.165,206
473.190,312
473.215,356
473.240,363
473.265,365
473.290,367
473.315,360
473.340,340
473.365,325
473.390,326
473.415,336
473.440,335
473.465,311
473.490,276
473.515,244
473.540,212
473.565,169
473.590,111
473.615,53
473.640,8
473.665,-35
473.690,-98
473.715,-177
473.740,-227
473.765,-196
473.790,-74
473.815,88
473.840,225
473.865,300
473.890,328
473.915,341
473.940,352
473.965,353
473.990,337
474.015,317
474.040,312
474.065,324
474.090,332
474.115,322
474.140,294
474.165,265
474.190,240
474.215,209
474.240,162
474.265,106
474.290,55
474.315,12
474.340,-38
474.365,-108
474.390,-177
474.415,-197
474.440,-131
474.465,9
474.490,169
474.515,285
474.540,338
474.565,349
474.590,351
474.615,356
474.640,356
474.665,344
474.690,332
474.715,335
474.740,352
474.765,363
474.790,349
474.815,314
474.840,276
474.865,247
474.890,219
474.915,176
474.940,117
474.965,58
474.990,10
475.015,-34
475.040,-97
475.065,-173
475.090,-222
475.115,-192
475.140,-71
475.165,93
475.190,233
475.215,310
475.240,333
475.265,337
475.290,339
475.315,335
475.340,319
475.365,300
475.390,297
475.415,310
475.440,322
475.465,316
475.490,291
475.515,263
475.540,237
475.565,204
475.590,159
475.615,107
475.640,62
475.665,21
475.690,-32
475.715,-101
475.740,-154
475.765,-142
475.790,-44
475.815,109
475.840,256
475.865,350
475.890,389
475.915,399
475.940,398
475.965,387
475.990,367
476.015,351
476.040,352
476.065,369
476.090,385
476.115,380
476.140,354
476.165,312
476.190,260
476.215,192
476.240,113
476.265,36
476.290,-27
476.315,-84
476.340,-151
476.365,-226
476.390,-273
476.415,-243
476.440,-122
476.465,48
476.490,198
476.515,284
476.540,312
476.565,317
476.590,323
476.615,326
476.640,318
476.665,303
476.690,299
476.715,315
476.740,334
476.765,334
476.790,308
476.815,269
476.840,235
476.865,204
476.890,164
476.915,107
476.940,47
476.965,0
476.990,-39
477.015,-93
477.040,-172
477.065,-248
477.090,-266
477.115,-186
477.140,-27
477.165,149
477.190,282
477.215,348
477.240,369
477.265,372
477.290,371
477.315,363
477.340,349
477.365,339
477.390,343
477.415,359
477.440,374
477.465,383
477.490,393
477.515,408
477.540,420
477.565,415
477.590,386
477.615,342
477.640,297
477.665,253
477.690,202
477.715,142
477.740,80
477.765,20
477.790,-46
477.815,-132
477.840,-230
477.865,-296
477.890,-280
477.915,-167
477.940,1
477.965,157
477.990,250
478.015,282
478.040,287
478.065,292
478.090,297
478.115,291
478.140,273
478.165,261
478.190,268
478.215,286
478.240,294
478.265,278
478.290,250
478.315,231
478.340,231
478.365,236
478.390,219
478.415,174
478.440,114
478.465,57
478.490,2
478.515,-63
478.540,-137
478.565,-188
478.590,-168
478.615,-60
478.640,101
478.665,251
478.690,341
478.715,371
478.740,370
478.765,365
478.790,356
478.815,333
478.840,304
478.865,288
478.890,294
478.915,306
478.940,304
478.965,282
478.990,258
479.015,245
479.040,234
479.065,208
479.090,162
479.115,111
479.140,68
479.165,21
479.190,-45
479.215,-119
479.240,-152
479.265,-97
479.290,43
479.315,209
479.340,336
479.365,398
479.390,417
479.415,423
479.440,425
479.465,416
479.490,402
479.515,409
479.540,453
479.565,524
479.590,587
479.615,618
479.640,607
479.665,548
479.690,434
479.715,261
479.740,53
479.765,-141
479.790,-288
479.815,-388
479.840,-456
479.865,-492
479.890,-464
479.915,-349
479.940,-168
479.965,14
479.990,140
480.015,196
480.040,211
480.065,211
480.090,202
480.115,182
480.140,161
480.165,158
480.190,179
480.215,204
480.240,215
480.265,209
480.290,204
480.315,204
480.340,197
480.365,172
480.390,138
480.415,115
480.440,102
480.465,73
480.490,7
480.515,-73
480.540,-114
480.565,-81
480.590,4
480.615,84
480.640,123
480.665,139
480.690,170
480.715,234
480.740,314
480.765,384
480.790,443
480.815,503
480.840,560
480.865,591
480.890,570
480.915,501
480.940,410
480.965,324
480.990,257
481.015,214
481.040,196
481.065,193
481.090,175
481.115,113
481.140,17
481.165,-59
481.190,-58
481.215,31
481.240,159
481.265,255
481.290,290
481.315,283
481.340,273
481.365,275
481.390,279
481.415,274
481.440,265
481.465,264
481.490,270
481.515,271
481.540,261
481.565,243
481.590,220
481.615,189
481.640,147
481.665,100
481.690,55
481.715,12
481.740,-43
481.765,-113
481.790,-164
481.815,-150
481.840,-50
481.865,101
481.890,243
481.915,331
481.940,365
481.965,373
481.990,375
482.015,368
482.040,350
482.065,328
482.090,316
482.115,316
482.140,314
482.165,299
482.190,273
482.215,245
482.240,212
482.265,166
482.290,108
482.315,52
482.340,6
482.365,-41
482.390,-110
482.415,-195
482.440,-251
482.465,-232
482.490,-134
482.515,-7
482.540,85
482.565,115
482.590,107
482.615,103
482.640,127
482.665,177
482.690,235
482.715,291
482.740,333
482.765,354
482.790,351
482.815,331
482.840,308
482.865,288
482.890,267
482.915,242
482.940,212
482.965,181
482.990,144
483.015,95
483.040,38
483.065,5
483.090,29
483.115,115
483.140,228
483.165,317
483.190,357
483.215,357
483.240,343
483.265,329
483.290,314
483.315,295
483.340,277
483.365,269
483.390,270
483.415,269
483.440,257
483.465,233
483.490,201
483.515,165
483.540,126
483.565,89
483.590,54
483.615,17
483.640,-29
483.665,-82
483.690,-113
483.715,-88
483.740,1
483.765,123
483.790,226
483.815,280
483.840,296
483.865,301
483.890,310
483.915,320
483.940,324
483.965,326
483.990,339
484.015,361
484.040,376
484.065,373
484.090,355
484.115,335
484.140,316
484.165,291
484.190,250
484.215,198
484.240,140
484.265,74
484.290,-10
484.315,-110
484.340,-191
484.365,-211
484.390,-153
484.415,-48
484.440,52
484.465,118
484.490,154
484.515,181
484.540,210
484.565,230
484.590,231
484.615,222
484.640,221
484.665,233
484.690,246
484.715,249
484.740,243
484.765,239
484.790,240
484.815,232
484.840,205
484.865,164
484.890,127
484.915,96
484.940,58
484.965,-2
484.990,-65
485.015,-84
485.040,-23
485.065,101
485.090,229
485.115,304
485.140,320
485.165,310
485.190,308
485.215,318
485.240,321
485.265,308
485.290,288
485.315,274
485.340,266
485.365,250
485.390,221
485.415,188
485.440,160
485.465,133
485.490,95
485.515,48
485.540,10
485.565,-11
485.590,-35
485.615,-88
485.640,-168
485.665,-224
485.690,-198
485.715,-78
485.740,85
485.765,224
485.790,306
485.815,351
485.840,387
485.865,423
485.890,441
485.915,435
485.940,420
485.965,417
485.990,425
486.015,424
486.040,402
486.065,368
486.090,335
486.115,307
486.140,274
486.165,232
486.190,189
486.215,153
486.240,117
486.265,67
486.290,11
486.315,-17
486.340,17
486.365,117
486.390,244
486.415,347
486.440,406
486.465,424
486.490,416
486.515,387
486.540,335
486.565,273
486.590,221
486.615,191
486.640,175
486.665,152
486.690,113
486.715,64
486.740,17
486.765,-17
486.790,-38
486.815,-52
486.840,-70
486.865,-101
486.890,-149
486.915,-193
486.940,-200
486.965,-141
486.990,-24
487.015,109
487.040,211
487.065,260
487.090,273
487.115,281
487.140,297
487.165,311
487.190,306
487.215,280
487.240,248
487.265,231
487.290,235
487.315,249
487.340,257
487.365,252
487.390,239
487.415,227
487.440,209
487.465,169
487.490,100
487.515,23
487.540,-15
487.565,19
487.590,124
487.615,253
487.640,356
487.665,411
487.690,430
487.715,434
487.740,431
487.765,416
487.790,390
487.815,363
487.840,348
487.865,343
487.890,336
487.915,316
487.940,286
487.965,250
487.990,209
488.015,162
488.040,105
488.065,39
488.090,-42
488.115,-142
488.140,-247
488.165,-318
488.190,-314
488.215,-229
488.240,-102
488.265,7
488.290,66
488.315,86
488.340,97
488.365,116
488.390,137
488.415,153
488.440,169
488.465,197
488.490,236
488.515,271
488.540,289
488.565,294
488.590,296
488.615,293
488.640,276
488.665,244
488.690,209
488.715,184
488.740,160
488.765,117
488.790,57
488.815,17
488.840,45
488.865,149
488.890,285
488.915,392
488.940,442
488.965,450
488.990,446
489.015,441
489.040,427
489.065,400
489.090,371
489.115,353
489.140,347
489.165,337
489.190,312
489.215,274
489.240,233
489.265,193
489.290,149
489.315,98
489.340,44
489.365,-9
489.390,-67
489.415,-125
489.440,-171
489.465,-177
489.490,-130
489.515,-43
489.540,47
489.565,109
489.590,135
489.615,139
489.640,139
489.665,145
489.690,156
489.715,174
489.740,201
489.765,234
489.790,266
489.815,284
489.840,288
489.865,281
489.890,270
489.915,258
489.940,243
489.965,217
489.990,177
490.015,124
490.040,72
490.065,45
490.090,60
490.115,118
490.140,195
490.165,260
490.190,293
490.215,295
490.240,285
490.265,277
490.290,270
490.315,258
490.340,240
490.365,225
490.390,219
490.415,221
490.440,218
490.465,198
490.490,167
490.515,138
490.540,120
490.565,108
490.590,85
490.615,44
490.640,1
490.665,-12
490.690,20
490.715,96
490.740,185
490.765,259
490.790,305
490.815,329
490.840,342
490.865,351
490.890,357
490.915,361
490.940,362
490.965,361
490.990,357
491.015,346
491.040,327
491.065,294
491.090,246
491.115,188
491.140,131
491.165,84
491.190,44
491.215,-1
491.240,-58
491.265,-110
491.290,-123
491.315,-81
491.340,2
491.365,89
491.390,146
491.415,169
491.440,175
491.465,176
491.490,174
491.515,162
491.540,142
491.565,121
491.590,109
491.615,106
491.640,111
491.665,125
491.690,145
491.715,165
491.740,177
491.765,181
491.790,184
491.815,183
491.840,162
491.865,111
491.890,45
491.915,8
491.940,37
491.965,127
491.990,232
492.015,301
492.040,320
492.065,312
492.090,302
492.115,298
492.140,289
492.165,271
492.190,253
492.215,246
492.240,247
492.265,249
492.290,244
492.315,235
492.340,221
492.365,201
492.390,172
492.415,142
492.440,116
492.465,90
492.490,55
492.515,8
492.540,-23
492.565,-9
492.590,62
492.615,167
492.640,262
492.665,320
492.690,344
492.715,352
492.740,354
492.765,351
492.790,342
492.815,330
492.840,322
492.865,319
492.890,316
492.915,307
492.940,293
492.965,273
492.990,243
493.015,207
493.040,170
493.065,139
493.090,106
493.115,61
493.140,8
493.165,-24
493.190,0
493.215,91
493.240,213
493.265,310
493.290,348
493.315,328
493.340,277
493.365,221
493.390,172
493.415,130
493.440,97
493.465,73
493.490,56
493.515,37
493.540,11
493.565,-19
493.590,-48
493.615,-70
493.640,-82
493.665,-89
493.690,-94
493.715,-99
493.740,-105
493.765,-98
493.790,-63
493.815,11
493.840,116
493.865,221
493.890,298
493.915,338
493.940,351
493.965,353
493.990,352
494.015,348
494.040,341
494.065,332
494.090,325
494.115,319
494.140,309
494.165,293
494.190,270
494.215,243
494.240,213
494.265,183
494.290,154
494.315,120
494.340,75
494.365,22
494.390,-14
494.415,-3
494.440,68
494.465,183
494.490,295
494.515,370
494.540,404
494.565,414
494.590,419
494.615,422
494.640,422
494.665,420
494.690,420
494.715,420
494.740,409
494.765,378
494.790,333
494.815,286
494.840,245
494.865,204
494.890,157
494.915,109
494.940,65
494.965,22
494.990,-30
495.015,-90
495.040,-127
495.065,-107
495.090,-24
495.115,89
495.140,185
495.165,239
495.190,258
495.215,262
495.240,251
495.265,215
495.290,158
495.315,109
495.340,99
495.365,127
495.390,160
495.415,163
495.440,136
495.465,107
495.490,98
495.515,102
495.540,100
495.565,80
495.590,51
495.615,26
495.640,1
495.665,-32
495.690,-68
495.715,-78
495.740,-35
495.765,56
495.790,162
495.815,246
495.840,293
495.865,314
495.890,322
495.915,323
495.940,316
495.965,307
495.990,305
496.015,312
496.040,318
496.065,311
496.090,292
496.115,269
496.140,247
496.165,222
496.190,189
496.215,153
496.240,123
496.265,100
496.290,75
496.315,41
496.340,11
496.365,9
496.390,55
496.415,135
496.440,217
496.465,273
496.490,297
496.515,298
496.540,291
496.565,282
496.590,273
496.615,269
496.640,272
496.665,277
496.690,277
496.715,267
496.740,252
496.765,235
496.790,215
496.815,191
496.840,163
496.865,139
496.890,118
496.915,91
496.940,53
496.965,12
496.990,-3
497.015,27
497.040,99
497.065,181
497.090,239
497.115,260
497.140,256
497.165,245
497.190,237
497.215,231
497.240,226
497.265,222
497.290,221
497.315,223
497.340,225
497.365,223
497.390,216
497.415,201
497.440,179
497.465,155
497.490,133
497.515,112
497.540,80
497.565,36
497.590,-1
497.615,-3
497.640,51
497.665,153
497.690,259
497.715,330
497.740,352
497.765,340
497.790,315
497.815,288
497.840,258
497.865,228
497.890,205
497.915,199
497.940,204
497.965,209
497.990,203
498.015,186
498.040,168
498.065,155
498.090,143
498.115,121
498.140,84
498.165,39
498.190,7
498.215,12
498.240,61
498.265,140
498.290,217
498.315,265
498.340,277
498.365,266
498.390,252
498.415,242
498.440,232
498.465,219
498.490,208
498.515,207
498.540,212
498.565,209
498.590,185
498.615,149
498.640,116
498.665,93
498.690,72
498.715,35
498.740,-16
498.765,-59
498.790,-60
498.815,-5
498.840,89
498.865,189
498.890,263
498.915,299
498.940,305
498.965,296
498.990,285
499.015,274
499.040,264
499.065,256
499.090,253
499.115,255
499.140,255
499.165,244
499.190,219
499.215,187
499.240,158
499.265,130
499.290,90
499.315,29
499.340,-38
499.365,-79
499.390,-60
499.415,20
499.440,130
499.465,224
499.490,280
499.515,301
499.540,304
499.565,300
499.590,291
499.615,277
499.640,264
499.665,260
499.690,262
499.715,263
499.740,255
499.765,236
499.790,206
499.815,171
499.840,133
499.865,99
499.890,67
499.915,29
499.940,-20
499.965,-75
499.990,-101
500.015,-67
500.040,30
500.065,152
500.090,246
500.115,287
500.140,287
500.165,281
500.190,285
500.215,294
500.240,295
500.265,291
500.290,296
500.315,312
500.340,327
500.365,325
500.390,305
500.415,284
500.440,271
500.465,260
500.490,235
500.515,198
500.540,165
500.565,143
500.590,122
500.615,83
500.640,32
500.665,8
500.690,51
500.715,160
500.740,286
500.765,371
500.790,390
500.815,359
500.840,306
500.865,241
500.890,160
500.915,76
500.940,19
500.965,12
500.990,45
501.015,78
501.040,81
501.065,62
501.090,56
501.115,80
501.140,117
501.165,132
501.190,112
501.215,72
501.240,40
501.265,28
501.290,28
501.315,35
501.340,57
501.365,108
501.390,186
501.415,271
501.440,343
501.465,395
501.490,425
501.515,431
501.540,405
501.565,356
501.590,312
501.615,304
501.640,338
501.665,387
501.690,416
501.715,406
501.740,366
501.765,315
501.790,265
501.815,221
501.840,187
501.865,164
501.890,140
501.915,92
501.940,11
501.965,-79
501.990,-131
502.015,-112
502.040,-32
502.065,56
502.090,104
502.115,102
502.140,74
502.165,56
502.190,62
502.215,87
502.240,120
502.265,149
502.290,169
502.315,174
502.340,166
502.365,152
502.390,141
502.415,140
502.440,146
502.465,156
502.490,165
502.515,166
502.540,150
502.565,113
502.590,65
502.615,32
502.640,37
502.665,80
502.690,139
502.715,189
502.740,215
502.765,221
502.790,210
502.815,184
502.840,149
502.865,121
502.890,123
502.915,165
502.940,237
502.965,316
502.990,378
503.015,414
503.040,426
503.065,420
503.090,404
503.115,379
503.140,348
503.165,312
503.190,278
503.215,258
503.240,267
503.265,302
503.290,344
503.315,363
503.340,343
503.365,293
503.390,236
503.415,192
503.440,161
503.465,133
503.490,105
503.515,77
503.540,55
503.565,40
503.590,28
503.615,15
503.640,3
503.665,-7
503.690,-16
503.715,-27
503.740,-44
503.765,-65
503.790,-82
503.815,-83
503.840,-54
503.865,7
503.890,91
503.915,174
503.940,235
503.965,265
503.990,273
504.015,274
504.040,277
504.065,287
504.090,300
504.115,314
504.140,321
504.165,316
504.190,299
504.215,278
504.240,262
504.265,252
504.290,243
504.315,226
504.340,200
504.365,169
504.390,129
504.415,76
504.440,18
504.465,-17
504.490,-2
504.515,71
504.540,173
504.565,261
504.590,310
504.615,329
504.640,337
504.665,344
504.690,343
504.715,326
504.740,299
504.765,273
504.790,252
504.815,230
504.840,204
504.865,174
504.890,149
504.915,130
504.940,114
504.965,98
504.990,82
505.015,62
505.040,30
505.065,-19
505.090,-67
505.115,-80
505.140,-36
505.165,54
505.190,154
505.215,228
505.240,267
505.265,289
505.290,305
505.315,317
505.340,317
505.365,312
505.390,313
505.415,322
505.440,330
505.465,326
505.490,312
505.515,298
505.540,285
505.565,264
505.590,228
505.615,184
505.640,144
505.665,109
505.690,66
505.715,9
505.740,-46
505.765,-73
505.790,-54
505.815,-3
505.840,61
505.865,136
505.890,230
505.915,331
505.940,402
505.965,399
505.990,319
506.015,215
506.040,158
506.065,183
506.090,268
506.115,365
506.140,435
506.165,465
506.190,456
506.215,416
506.240,353
506.265,274
506.290,183
506.315,80
506.340,-27
506.365,-114
506.390,-146
506.415,-112
506.440,-44
506.465,6
506.490,15
506.515,6
506.540,25
506.565,85
506.590,158
506.615,200
506.640,200
506.665,182
506.690,173
506.715,178
506.740,184
506.765,177
506.790,160
506.815,142
506.840,129
506.865,123
506.890,123
506.915,125
506.940,111
506.965,66
506.990,0
507.015,-40
507.040,-10
507.065,101
507.090,253
507.115,383
507.140,459
507.165,484
507.190,474
507.215,435
507.240,370
507.265,304
507.290,269
507.315,283
507.340,327
507.365,359
507.390,358
507.415,333
507.440,304
507.465,274
507.490,231
507.515,169
507.540,101
507.565,38
507.590,-22
507.615,-88
507.640,-146
507.665,-165
507.690,-120
507.715,-28
507.740,66
507.765,127
507.790,154
507.815,170
507.840,185
507.865,194
507.890,185
507.915,168
507.940,162
507.965,174
507.990,191
508.015,194
508.040,179
508.065,156
508.090,135
508.115,119
508.140,106
508.165,96
508.190,88
508.215,74
508.240,44
508.265,9
508.290,0
508.315,43
508.340,134
508.365,237
508.390,313
508.415,349
508.440,359
508.465,361
508.490,361
508.515,354
508.540,340
508.565,328
508.590,325
508.615,330
508.640,334
508.665,332
508.690,323
508.715,310
508.740,293
508.765,275
508.790,259
508.815,243
508.840,217
508.865,170
508.890,113
508.915,70
508.940,68
508.965,105
508.990,154
509.015,182
509.040,180
509.065,166
509.090,159
509.115,168
509.140,186
509.165,204
509.190,221
509.215,239
509.240,254
509.265,258
509.290,241
509.315,206
509.340,163
509.365,125
509.390,98
509.415,71
509.440,29
509.465,-34
509.490,-105
509.515,-144
509.540,-116
509.565,-13
509.590,133
509.615,275
509.640,371
509.665,414
509.690,420
509.715,406
509.740,382
509.765,353
509.790,323
509.815,300
509.840,288
509.865,284
509.890,279
509.915,268
509.940,251
509.965,224
509.990,181
510.015,112
510.040,14
510.065,-96
510.090,-193
510.115,-246
510.140,-241
510.165,-188
510.190,-108
510.215,-19
510.240,68
510.265,149
510.290,217
510.315,260
510.340,276
510.365,275
510.390,276
510.415,287
510.440,300
510.465,302
510.490,286
510.515,258
510.540,226
510.565,193
510.590,159
510.615,127
510.640,99
510.665,73
510.690,39
510.715,-2
510.740,-34
510.765,-26
510.790,34
510.815,124
510.840,202
510.865,241
510.890,252
510.915,261
510.940,282
510.965,303
510.990,308
511.015,296
511.040,282
511.065,277
511.090,273
511.115,261
511.140,240
511.165,221
511.190,209
511.215,192
511.240,161
511.265,118
511.290,79
511.315,49
511.340,11
511.365,-49
511.390,-120
511.415,-159
511.440,-131
511.465,-40
511.490,65
511.515,143
511.540,184
511.565,210
511.590,241
511.615,276
511.640,305
511.665,332
511.690,372
511.715,431
511.740,494
511.765,538
511.790,560
511.815,575
511.840,599
511.865,622
511.890,624
511.915,599
511.940,564
511.965,539
511.990,518
512.015,486
512.040,446
512.065,434
512.090,488
512.115,602
512.140,720
512.165,785
512.190,777
512.215,711
512.240,596
512.265,414
512.290,143
512.315,-194
512.340,-524
512.365,-762
512.390,-865
512.415,-838
512.440,-709
512.465,-508
512.490,-276
512.515,-74
512.540,39
512.565,50
512.590,0
512.615,-57
512.640,-103
512.665,-160
512.690,-245
512.715,-328
512.740,-352
512.765,-292
512.790,-189
512.815,-110
512.840,-86
512.865,-91
512.890,-78
512.915,-28
512.940,40
512.965,104
512.990,158
513.015,203
513.040,231
513.065,221
513.090,170
513.115,103
513.140,56
513.165,48
513.190,66
513.215,90
513.240,109
513.265,122
513.290,131
513.315,141
513.340,173
513.365,256
513.390,399
513.415,572
513.440,718
513.465,797
513.490,817
513.515,814
513.540,810
513.565,798
513.590,758
513.615,691
513.640,619
513.665,561
513.690,508
513.715,441
513.740,353
513.765,259
513.790,176
513.815,104
513.840,32
513.865,-41
513.890,-112
513.915,-168
513.940,-211
513.965,-241
513.990,-247
514.015,-210
514.040,-117
514.065,17
514.090,166
514.115,308
514.140,435
514.165,547
514.190,631
514.215,672
514.240,671
514.265,645
514.290,615
514.315,584
514.340,539
514.365,470
514.390,382
514.415,288
514.440,191
514.465,91
514.490,-7
514.515,-97
514.540,-172
514.565,-240
514.590,-308
514.615,-362
514.640,-373
514.665,-326
514.690,-240
514.715,-158
514.740,-103
514.765,-57
514.790,13
514.815,122
514.840,239
514.865,323
514.890,358
514.915,362
514.940,359
514.965,354
514.990,339
515.015,311
515.040,281
515.065,256
515.090,229
515.115,188
515.140,129
515.165,67
515.190,18
515.215,-11
515.240,-24
515.265,-19
515.290,5
515.315,48
515.340,90
515.365,108
515.390,100
515.415,88
515.440,99
515.465,139
515.490,188
515.515,221
515.540,235
515.565,244
515.590,264
515.615,294
515.640,315
515.665,312
515.690,288
515.715,258
515.740,239
515.765,231
515.790,221
515.815,192
515.840,145
515.865,103
515.890,93
515.915,129
515.940,200
515.965,274
515.990,325
516.015,341
516.040,333
516.065,316
516.090,299
516.115,281
516.140,258
516.165,235
516.190,220
516.215,215
516.240,215
516.265,207
516.290,184
516.315,151
516.340,119
516.365,94
516.390,70
516.415,33
516.440,-16
516.465,-62
516.490,-77
516.515,-44
516.540,29
516.565,116
516.590,186
516.615,223
516.640,231
516.665,225
516.690,217
516.715,213
516.740,211
516.765,210
516.790,210
516.815,212
516.840,215
516.865,211
516.890,195
516.915,169
516.940,144
516.965,126
516.990,110
517.015,82
517.040,35
517.065,-14
517.090,-32
517.115,4
517.140,92
517.165,198
517.190,285
517.215,338
517.240,364
517.265,376
517.290,380
517.315,380
517.340,379
517.365,380
517.390,388
517.415,398
517.440,402
517.465,396
517.490,376
517.515,345
517.540,309
517.565,276
517.590,249
517.615,220
517.640,170
517.665,100
517.690,34
517.715,17
517.740,71
517.765,171
517.790,265
517.815,312
517.840,309
517.865,277
517.890,234
517.915,177
517.940,106
517.965,32
517.990,-17
518.015,-29
518.040,-13
518.065,8
518.090,19
518.115,9
518.140,-26
518.165,-84
518.190,-142
518.215,-165
518.240,-140
518.265,-98
518.290,-96
518.315,-160
518.340,-244
518.365,-264
518.390,-171
518.415,8
518.440,197
518.465,339
518.490,435
518.515,515
518.540,588
518.565,634
518.590,630
518.615,586
518.640,532
518.665,494
518.690,467
518.715,435
518.740,391
518.765,340
518.790,294
518.815,253
518.840,216
518.865,177
518.890,129
518.915,65
518.940,-11
518.965,-84
518.990,-118
519.015,-89
519.040,-2
519.065,105
519.090,194
519.115,248
519.140,270
519.165,277
519.190,280
519.215,284
519.240,287
519.265,282
519.290,267
519.315,243
519.340,216
519.365,194
519.390,178
519.415,163
519.440,147
519.465,138
519.490,143
519.515,154
519.540,150
519.565,119
519.590,79
519.615,63
519.640,90
519.665,139
519.690,173
519.715,169
519.740,141
519.765,117
519.790,112
519.815,115
519.840,116
519.865,118
519.890,131
519.915,153
519.940,167
519.965,156
519.990,128
520.015,104
520.040,94
520.065,91
520.090,80
520.115,58
520.140,38
520.165,24
520.190,9
520.215,-10
520.240,-18
520.265,12
520.290,95
520.315,207
520.340,304
520.365,361
520.390,384
520.415,397
520.440,411
520.465,418
520.490,409
520.515,386
520.540,361
520.565,341
520.590,325
520.615,310
520.640,296
520.665,285
520.690,276
520.715,260
520.740,241
520.765,226
520.790,220
520.815,213
520.840,188
520.865,150
520.890,126
520.915,149
520.940,221
520.965,305
520.990,360
521.015,370
521.040,351
521.065,327
521.090,301
521.115,266
521.140,220
521.165,177
521.190,151
521.215,143
521.240,138
521.265,125
521.290,106
521.315,87
521.340,68
521.365,44
521.390,13
521.415,-14
521.440,-35
521.465,-56
521.490,-84
521.515,-110
521.540,-109
521.565,-61
521.590,23
521.615,114
521.640,181
521.665,219
521.690,241
521.715,256
521.740,267
521.765,271
521.790,270
521.815,275
521.840,284
521.865,291
521.890,285
521.915,270
521.940,250
521.965,228
521.990,201
522.015,170
522.040,139
522.065,111
522.090,79
522.115,33
522.140,-17
522.165,-43
522.190,-19
522.215,52
522.240,137
522.265,201
522.290,234
522.315,251
522.340,268
522.365,280
522.390,277
522.415,256
522.440,228
522.465,195
522.490,145
522.515,62
522.540,-44
522.565,-137
522.590,-176
522.615,-150
522.640,-87
522.665,-26
522.690,3
522.715,-1
522.740,-29
522.765,-54
522.790,-48
522.815,10
522.840,122
522.865,255
522.890,364
522.915,421
522.940,435
522.965,437
522.990,451
523.015,474
523.040,490
523.065,492
523.090,497
523.115,523
523.140,565
523.165,598
523.190,600
523.215,574
523.240,535
523.265,492
523.290,427
523.315,319
