df_hash,22ZHK4.A59L8C
device,HZ2X61
project_hash,29R7
project_name,istanbul_aydin_university
person_hash,29R7.FQLE
person_label,V55
date_time_start,2025-10-31_14-37-37.768000_+03
date_time_start_unix,1761907057.768
date_time_end,2025-10-31_14-46-18.487000_+03
length_difference_noticed,no

time,acc_mag
4.801,1.006
4.831,1.010
4.861,1.003
4.891,1.014
4.921,1.002
4.951,1.003
4.981,1.009
5.011,1.003
5.041,1.003
5.071,1.012
5.101,1.006
5.131,1.000
5.161,1.012
5.191,1.008
5.221,0.999
5.251,1.009
5.281,1.010
5.311,1.002
5.341,1.008
5.371,1.009
5.401,1.008
5.431,1.007
5.461,1.004
5.491,1.007
5.521,1.008
5.551,1.006
5.581,1.005
5.611,1.010
5.641,1.010
5.671,1.004
5.701,1.000
5.731,1.010
5.761,1.003
5.791,1.007
5.821,1.008
5.851,1.001
5.881,1.008
5.911,1.011
5.941,1.009
5.971,1.006
6.001,1.007
6.031,1.013
6.061,1.007
6.091,1.008
6.121,1.007
6.151,1.006
6.181,1.006
6.211,1.012
6.241,1.006
6.271,1.001
6.301,1.010
6.331,1.008
6.361,1.006
6.391,1.008
6.421,1.010
6.451,1.007
6.481,1.004
6.511,1.010
6.541,1.012
6.571,1.000
6.601,1.006
6.631,1.010
6.661,1.001
6.691,1.010
6.721,1.009
6.751,1.007
6.781,1.013
6.811,1.009
6.841,1.001
6.871,1.012
6.901,1.010
6.931,1.003
6.961,1.010
6.991,1.010
7.021,1.003
7.051,1.011
7.081,1.014
7.111,1.003
7.141,1.007
7.171,1.008
7.201,1.008
7.231,1.005
7.261,1.010
7.291,1.007
7.321,1.002
7.351,1.007
7.381,1.006
7.411,1.007
7.441,1.010
7.471,1.005
7.501,1.003
7.531,1.012
7.561,1.003
7.591,1.007
7.621,1.011
7.651,1.008
7.681,1.002
7.711,1.007
7.741,1.007
7.771,1.007
7.801,1.005
7.831,1.004
7.861,1.004
7.891,1.008
7.921,1.007
7.951,1.008
7.981,1.008
8.011,1.009
8.041,1.005
8.071,1.007
8.101,1.011
8.131,1.004
8.161,1.008
8.191,1.011
8.221,1.002
8.251,1.010
8.281,1.010
8.311,1.003
8.341,1.006
8.371,1.010
8.401,1.014
8.431,1.007
8.461,1.003
8.491,1.009
8.521,1.013
8.551,1.003
8.581,1.008
8.611,1.007
8.641,1.004
8.671,1.006
8.701,1.005
8.731,1.006
8.761,1.005
8.791,1.009
8.821,1.014
8.851,1.004
8.881,1.007
8.911,1.004
8.941,1.003
8.971,1.013
9.001,1.004
9.031,1.013
9.061,1.009
9.091,0.999
9.121,1.011
9.151,1.009
9.181,1.007
9.211,1.009
9.241,1.008
9.271,1.002
9.301,1.009
9.331,1.006
9.361,1.002
9.391,1.004
9.421,1.011
9.451,1.010
9.481,1.007
9.511,1.005
9.541,1.009
9.571,1.010
9.601,1.007
9.631,1.009
9.661,1.002
9.691,1.007
9.721,1.012
9.751,1.004
9.781,1.009
9.811,1.009
9.841,1.005
9.871,1.009
9.901,1.010
9.931,1.004
9.961,1.008
9.991,1.007
10.021,1.008
10.051,1.008
10.081,1.005
10.111,1.008
10.141,1.009
10.171,1.010
10.201,1.008
10.231,1.006
10.261,1.010
10.291,1.010
10.321,1.012
10.351,1.003
10.381,1.008
10.411,1.004
10.441,1.007
10.471,1.013
10.501,1.005
10.531,1.007
10.561,1.006
10.591,1.010
10.621,1.009
10.651,1.004
10.681,1.004
10.711,1.007
10.741,1.008
10.771,1.005
10.801,1.005
10.831,1.012
10.861,1.007
10.891,1.008
10.921,1.010
10.951,1.006
10.981,1.011
11.011,1.013
11.041,1.004
11.071,1.010
11.101,1.012
11.131,0.996
11.161,1.003
11.191,1.010
11.221,1.009
11.251,1.014
11.281,0.999
11.311,1.011
11.341,1.012
11.371,0.997
11.401,1.011
11.431,1.013
11.461,0.997
11.491,1.002
11.521,1.010
11.551,1.003
11.581,1.001
11.611,1.008
11.641,1.011
11.671,1.004
11.701,1.010
11.731,1.012
11.761,1.004
11.791,1.011
11.821,1.010
11.851,1.005
11.881,1.009
11.911,0.999
11.941,1.010
11.971,1.010
12.001,1.003
12.031,1.009
12.061,1.003
12.091,1.007
12.121,1.012
12.151,1.011
12.181,1.008
12.211,1.011
12.241,1.001
12.271,1.009
12.301,1.010
12.331,1.005
12.361,1.006
12.391,1.010
12.421,1.011
12.451,1.008
12.481,0.993
12.511,1.013
12.541,1.021
12.571,1.004
12.601,1.006
12.631,1.008
12.661,0.999
12.691,1.011
12.721,1.012
12.751,1.005
12.781,1.012
12.811,1.001
12.841,1.008
12.871,1.014
12.901,1.002
12.931,1.006
12.961,1.015
12.991,1.003
13.021,1.004
13.051,1.010
13.081,1.005
13.111,1.006
13.141,1.009
13.171,1.009
13.201,1.008
13.231,1.006
13.261,1.011
13.291,1.012
13.321,0.997
13.351,1.009
13.381,1.016
13.411,1.002
13.441,1.011
13.471,1.022
13.501,0.994
13.531,1.007
13.561,1.017
13.591,1.004
13.621,1.007
13.651,1.014
13.681,1.008
13.711,1.003
13.741,1.014
13.771,1.010
13.801,1.007
13.831,1.009
13.861,1.008
13.891,1.005
13.921,1.007
13.951,1.014
13.981,1.007
14.011,1.003
14.041,1.015
14.071,1.010
14.101,1.007
14.131,1.012
14.161,1.000
14.191,1.010
14.221,1.009
14.251,1.002
14.281,1.015
14.311,1.007
14.341,1.007
14.371,1.010
14.401,0.999
14.431,1.013
14.461,1.016
14.491,0.999
14.521,1.008
14.551,1.009
14.581,1.005
14.611,1.008
14.641,1.011
14.671,1.005
14.701,1.002
14.731,1.010
14.761,1.009
14.791,1.006
14.821,1.010
14.851,1.008
14.881,1.006
14.911,1.011
14.941,1.009
14.971,1.009
15.001,1.009
15.031,1.014
15.061,1.005
15.091,1.005
15.121,1.012
15.151,1.002
15.181,1.006
15.211,1.009
15.241,1.004
15.271,1.011
15.301,1.018
15.331,1.001
15.361,1.011
15.391,1.015
15.421,1.001
15.451,1.006
15.481,1.009
15.511,1.011
15.541,1.008
15.571,1.012
15.601,1.004
15.631,1.009
15.661,1.010
15.691,1.006
15.721,1.008
15.751,1.007
15.781,1.004
15.811,1.013
15.841,1.007
15.871,1.005
15.901,1.012
15.931,1.011
15.961,1.011
15.991,1.005
16.021,1.006
16.051,1.010
16.081,1.013
16.111,1.005
16.141,1.009
16.171,1.014
16.201,1.003
16.231,1.021
16.261,1.014
16.291,0.999
16.321,1.003
16.351,0.999
16.381,1.003
16.411,1.009
16.441,1.016
16.471,1.017
16.501,1.014
16.531,1.006
16.561,1.000
16.591,1.008
16.621,1.008
16.651,1.015
16.681,1.038
16.711,1.015
16.741,1.011
16.771,1.000
16.801,0.999
16.831,0.987
16.861,1.001
16.891,1.008
16.921,0.997
16.951,1.001
16.981,1.026
17.011,1.025
17.041,1.012
17.071,0.982
17.101,1.003
17.131,1.015
17.161,1.014
17.191,1.007
17.221,1.004
17.251,1.016
17.281,1.014
17.311,1.000
17.341,1.012
17.371,1.023
17.401,1.005
17.431,0.993
17.461,1.011
17.491,1.009
17.521,1.010
17.551,1.014
17.581,1.025
17.611,1.016
17.641,0.987
17.671,1.000
17.701,1.008
17.731,1.018
17.761,1.043
17.791,1.027
17.821,1.012
17.851,1.008
17.881,1.007
17.911,1.001
17.941,1.008
17.971,1.010
18.001,1.021
18.031,1.029
18.061,1.013
18.091,1.015
18.121,1.017
18.151,1.016
18.181,1.012
18.211,1.023
18.241,1.011
18.271,1.013
18.301,1.006
18.331,1.014
18.361,1.021
18.391,1.017
18.421,1.019
18.451,1.010
18.481,1.014
18.511,1.017
18.541,1.011
18.571,1.005
18.601,1.017
18.631,1.019
18.661,1.014
18.691,1.021
18.721,1.016
18.751,1.017
18.781,1.025
18.811,1.015
18.841,0.998
18.871,1.009
18.901,1.017
18.931,1.006
18.961,1.008
18.991,1.021
19.021,1.021
19.051,1.010
19.081,1.006
19.111,1.007
19.141,1.019
19.171,1.023
19.201,1.024
19.231,1.009
19.261,1.004
19.291,1.008
19.321,1.016
19.351,1.020
19.381,1.020
19.411,1.018
19.441,1.007
19.471,1.002
19.501,1.010
19.531,1.022
19.561,1.015
19.591,1.006
19.621,1.019
19.651,1.018
19.681,1.005
19.711,1.005
19.741,1.009
19.771,1.015
19.801,1.015
19.831,1.006
19.861,1.014
19.891,1.022
19.921,1.019
19.951,1.019
19.981,1.021
20.011,1.015
20.041,1.011
20.071,1.021
20.101,1.029
20.131,1.028
20.161,1.010
20.191,0.998
20.221,1.000
20.251,1.006
20.281,1.024
20.311,1.009
20.341,1.018
20.371,1.022
20.401,1.018
20.431,1.007
20.461,1.015
20.491,1.021
20.521,1.007
20.551,1.015
20.581,1.016
20.611,1.018
20.641,1.022
20.671,1.006
20.701,1.012
20.731,1.020
20.761,1.008
20.791,1.017
20.821,1.029
20.851,1.016
20.881,1.012
20.911,1.012
20.941,1.018
20.971,1.021
21.001,1.015
21.031,1.011
21.061,1.019
21.091,1.016
21.121,1.013
21.151,1.017
21.181,1.018
21.211,1.023
21.241,1.019
21.271,1.013
21.301,1.014
21.331,1.025
21.361,1.024
21.391,1.001
21.421,1.018
21.451,1.001
21.481,1.003
21.511,1.028
21.541,1.016
21.571,1.022
21.601,1.019
21.631,1.016
21.661,1.014
21.691,1.018
21.721,1.024
21.751,1.024
21.781,0.985
21.811,1.011
21.841,1.007
21.871,1.027
21.901,1.022
21.931,1.021
21.961,1.003
21.991,1.000
22.021,1.002
22.051,1.013
22.081,1.024
22.111,1.007
22.141,1.004
22.171,0.995
22.201,1.012
22.231,1.023
22.261,1.008
22.291,1.009
22.321,1.007
22.351,1.006
22.381,1.025
22.411,1.029
22.441,1.027
22.471,1.013
22.501,1.007
22.531,0.996
22.561,1.002
22.591,1.017
22.621,1.016
22.651,0.984
22.681,1.001
22.711,1.016
22.741,1.008
22.771,0.995
22.801,1.017
22.831,1.014
22.861,0.987
22.891,1.026
22.921,1.039
22.951,1.048
22.981,1.034
23.011,1.005
23.041,0.982
23.071,0.979
23.101,1.000
23.131,0.987
23.161,0.972
23.191,1.011
23.221,1.003
23.251,0.993
23.281,1.010
23.311,1.026
23.341,1.020
23.371,1.028
23.401,1.034
23.431,1.002
23.461,1.009
23.491,1.018
23.521,1.002
23.551,0.978
23.581,0.968
23.611,0.997
23.641,1.019
23.671,1.018
23.701,1.002
23.731,0.979
23.761,0.956
23.791,0.974
23.821,1.023
23.851,1.034
23.881,1.031
23.911,1.038
23.941,1.051
23.971,1.023
24.001,0.977
24.031,0.985
24.061,1.008
24.091,1.015
24.121,1.002
24.151,1.002
24.181,1.010
24.211,1.019
24.241,0.970
24.271,0.974
24.301,0.991
24.331,1.001
24.361,1.023
24.391,1.010
24.421,1.006
24.451,1.029
24.481,1.046
24.511,1.024
24.541,1.032
24.571,1.035
24.601,0.986
24.631,0.973
24.661,0.993
24.691,1.003
24.721,0.984
24.751,0.989
24.781,1.017
24.811,1.013
24.841,1.008
24.871,1.028
24.901,1.045
24.931,1.008
24.961,0.962
24.991,1.006
25.021,1.026
25.051,0.994
25.081,0.981
25.111,1.007
25.141,1.011
25.171,1.043
25.201,1.022
25.231,0.995
25.261,0.990
25.291,1.018
25.321,1.032
25.351,1.021
25.381,1.032
25.411,1.028
25.441,0.989
25.471,0.973
25.501,0.982
25.531,1.029
25.561,1.016
25.591,1.002
25.621,1.000
25.651,1.021
25.681,1.019
25.711,1.031
25.741,1.014
25.771,0.997
25.801,0.990
25.831,0.987
25.861,1.010
25.891,1.031
25.921,1.021
25.951,1.020
25.981,1.021
26.011,1.034
26.041,1.019
26.071,1.021
26.101,1.053
26.131,1.028
26.161,0.983
26.191,0.998
26.221,1.017
26.251,1.000
26.281,0.989
26.311,1.008
26.341,1.011
26.371,1.006
26.401,1.031
26.431,1.025
26.461,1.007
26.491,1.004
26.521,1.032
26.551,1.045
26.581,1.038
26.611,1.014
26.641,1.003
26.671,1.011
26.701,1.071
26.731,1.127
26.761,1.039
26.791,0.940
26.821,0.954
26.851,0.948
26.881,0.971
26.911,0.998
26.941,1.040
26.971,1.063
27.001,1.074
27.031,1.069
27.061,1.028
27.091,1.006
27.121,1.008
27.151,1.013
27.181,1.025
27.211,1.019
27.241,1.022
27.271,1.031
27.301,1.041
27.331,0.984
27.361,0.979
27.391,1.001
27.421,1.005
27.451,1.049
27.481,1.034
27.511,1.019
27.541,1.014
27.571,1.021
27.601,1.021
27.631,1.012
27.661,1.004
27.691,0.995
27.721,1.009
27.751,1.055
27.781,1.071
27.811,1.048
27.841,1.040
27.871,1.031
27.901,1.002
27.931,0.979
27.961,0.995
27.991,1.007
28.021,1.010
28.051,1.021
28.081,1.025
28.111,1.019
28.141,1.007
28.171,1.012
28.201,1.029
28.231,1.048
28.261,1.038
28.291,1.038
28.321,1.014
28.351,1.003
28.381,1.009
28.411,1.018
28.441,1.023
28.471,1.021
28.501,1.021
28.531,1.020
28.561,1.011
28.591,0.987
28.621,1.013
28.651,1.021
28.681,1.014
28.711,1.020
28.741,1.016
28.771,1.051
28.801,1.067
28.831,1.018
28.861,0.984
28.891,0.972
28.921,0.955
28.951,0.970
28.981,1.004
29.011,1.034
29.041,1.029
29.071,1.034
29.101,1.070
29.131,1.024
29.161,0.965
29.191,0.991
29.221,1.012
29.251,1.019
29.281,1.024
29.311,1.013
29.341,0.997
29.371,1.007
29.401,1.036
29.431,1.045
29.461,1.025
29.491,1.017
29.521,1.010
29.551,1.006
29.581,1.002
29.611,0.982
29.641,0.974
29.671,0.985
29.701,0.997
29.731,1.004
29.761,1.020
29.791,1.033
29.821,1.036
29.851,1.019
29.881,1.029
29.911,1.016
29.941,0.995
29.971,1.004
30.001,1.003
30.031,0.996
30.061,1.006
30.091,1.032
30.121,1.052
30.151,1.052
30.181,1.023
30.211,0.995
30.241,0.985
30.271,0.989
30.301,0.986
30.331,0.994
30.361,1.014
30.391,1.023
30.421,1.014
30.451,1.010
30.481,1.006
30.511,1.012
30.541,1.001
30.571,1.000
30.601,1.020
30.631,1.017
30.661,1.005
30.691,1.009
30.721,1.014
30.751,1.020
30.781,1.014
30.811,1.013
30.841,1.004
30.871,0.994
30.901,0.996
30.931,1.005
30.961,1.019
30.991,1.016
31.021,1.022
31.051,1.023
31.081,1.009
31.111,1.015
31.141,1.019
31.171,1.012
31.201,1.013
31.231,1.008
31.261,1.006
31.291,1.014
31.321,1.019
31.351,1.012
31.381,1.011
31.411,1.006
31.441,1.015
31.471,1.017
31.501,1.003
31.531,1.005
31.561,1.009
31.591,1.009
31.621,1.020
31.651,1.014
31.681,1.006
31.711,1.006
31.741,1.014
31.771,1.014
31.801,1.008
31.831,1.013
31.861,1.010
31.891,1.014
31.921,1.009
31.951,1.012
31.981,1.016
32.011,1.011
32.041,1.015
32.071,1.011
32.101,1.006
32.131,1.009
32.161,1.005
32.191,1.010
32.221,1.011
32.251,1.012
32.281,1.012
32.311,1.010
32.341,1.012
32.371,1.014
32.401,1.012
32.431,1.006
32.461,1.014
32.491,1.011
32.521,1.004
32.551,1.016
32.581,1.013
32.611,1.008
32.641,1.015
32.671,1.010
32.701,1.009
32.731,1.016
32.761,1.010
32.791,1.007
32.821,1.008
32.851,1.010
32.881,1.012
32.911,1.013
32.941,1.011
32.971,1.012
33.001,1.009
33.031,1.005
33.061,1.013
33.091,1.014
33.121,1.005
33.151,1.013
33.181,1.009
33.211,1.005
33.241,1.018
33.271,1.020
33.301,1.011
33.331,1.012
33.361,1.013
33.391,1.007
33.421,1.014
33.451,1.009
33.481,1.007
33.511,1.012
33.541,1.013
33.571,1.017
33.601,1.019
33.631,1.010
33.661,1.013
33.691,1.011
33.721,1.007
33.751,1.017
33.781,1.006
33.811,1.012
33.841,1.014
33.871,1.012
33.901,1.006
33.931,1.013
33.961,1.013
33.991,1.012
34.021,1.016
34.051,1.012
34.081,1.005
34.111,1.006
34.141,1.010
34.171,1.015
34.201,1.010
34.231,1.015
34.261,1.016
34.291,1.011
34.321,1.014
34.351,1.015
34.381,1.001
34.411,1.016
34.441,1.016
34.471,1.006
34.501,1.011
34.531,1.010
34.561,1.016
34.591,1.010
34.621,1.013
34.651,1.014
34.681,1.010
34.711,1.006
34.741,1.015
34.771,1.009
34.801,1.006
34.831,1.015
34.861,1.015
34.891,1.013
34.921,1.007
34.951,1.010
34.981,1.015
35.011,1.012
35.041,1.010
35.071,1.013
35.101,1.013
35.131,1.020
35.161,1.008
35.191,1.013
35.221,1.011
35.251,1.010
35.281,1.015
35.311,1.015
35.341,1.011
35.371,1.015
35.401,1.014
35.431,1.010
35.461,1.009
35.491,1.006
35.521,1.011
35.551,1.020
35.581,1.011
35.611,1.009
35.641,1.015
35.671,1.012
35.701,1.010
35.731,1.008
35.761,1.005
35.791,1.014
35.821,1.017
35.851,1.010
35.881,1.012
35.911,1.017
35.941,1.009
35.971,1.015
36.001,1.018
36.031,1.006
36.061,1.008
36.091,1.020
36.121,1.013
36.151,1.007
36.181,1.019
36.211,1.007
36.241,1.010
36.271,1.011
36.301,1.014
36.331,1.010
36.361,1.017
36.391,1.012
36.421,1.013
36.451,1.015
36.481,1.008
36.511,1.016
36.541,1.013
36.571,1.010
36.601,1.013
36.631,1.018
36.661,1.013
36.691,1.008
36.721,1.019
36.751,1.015
36.781,1.009
36.811,1.016
36.841,1.013
36.871,1.011
36.901,1.011
36.931,1.012
36.961,1.018
36.991,1.017
37.021,1.009
37.051,1.011
37.081,1.020
37.111,1.016
37.141,1.009
37.171,1.010
37.201,1.013
37.231,1.017
37.261,1.008
37.291,1.018
37.321,1.012
37.351,1.012
37.381,1.014
37.411,1.013
37.441,1.013
37.471,1.012
37.501,1.010
37.531,1.018
37.561,1.015
37.591,1.008
37.621,1.015
37.651,1.017
37.681,1.013
37.711,1.014
37.741,1.016
37.771,1.011
37.801,1.007
37.831,1.016
37.861,1.011
37.891,1.009
37.921,1.014
37.951,1.020
37.981,1.008
38.011,1.015
38.041,1.021
38.071,1.001
38.101,1.018
38.131,1.016
38.161,1.009
38.191,1.013
38.221,1.009
38.251,1.013
38.281,1.017
38.311,1.011
38.341,1.014
38.371,1.018
38.401,1.011
38.431,1.014
38.461,1.012
38.491,1.008
38.521,1.009
38.551,1.012
38.581,1.015
38.611,1.014
38.641,1.015
38.671,1.016
38.701,1.012
38.731,1.013
38.761,1.014
38.791,1.011
38.821,1.018
38.851,1.014
38.881,1.008
38.911,1.012
38.941,1.008
38.971,1.018
39.001,1.017
39.031,1.010
39.061,1.017
39.091,1.015
39.121,1.013
39.151,1.013
39.181,1.013
39.211,1.021
39.241,1.013
39.271,1.007
39.301,1.012
39.331,1.013
39.361,1.018
39.391,1.015
39.421,1.013
39.451,1.015
39.481,1.015
39.511,1.011
39.541,1.015
39.571,1.014
39.601,1.016
39.631,1.008
39.661,1.013
39.691,1.018
39.721,1.012
39.751,1.015
39.781,1.013
39.811,1.014
39.841,1.021
39.871,1.013
39.901,1.009
39.931,1.018
39.961,1.015
39.991,1.008
40.021,1.017
40.051,1.013
40.081,1.004
40.111,1.018
40.141,1.021
40.171,1.014
40.201,1.010
40.231,1.019
40.261,1.015
40.291,1.008
40.321,1.013
40.351,1.017
40.381,1.006
40.411,1.019
40.441,1.014
40.471,1.012
40.501,1.015
40.531,1.010
40.561,1.017
40.591,1.014
40.621,1.010
40.651,1.016
40.681,1.020
40.711,1.010
40.741,1.014
40.771,1.011
40.801,1.011
40.831,1.010
40.861,1.017
40.891,1.012
40.921,1.010
40.951,1.014
40.981,1.016
41.011,1.013
41.041,1.013
41.071,1.007
41.101,1.012
41.131,1.022
41.161,1.015
41.191,1.006
41.221,1.013
41.251,1.009
41.281,1.012
41.311,1.021
41.341,1.018
41.371,1.011
41.401,1.013
41.431,1.016
41.461,1.014
41.491,1.014
41.521,1.010
41.551,1.017
41.581,1.012
41.611,1.016
41.641,1.016
41.671,1.016
41.701,1.015
41.731,1.012
41.761,1.017
41.791,1.013
41.821,1.008
41.851,1.016
41.881,1.015
41.911,1.015
41.941,1.016
41.971,1.014
42.001,1.014
42.031,1.016
42.061,1.020
42.091,1.010
42.121,1.013
42.151,1.018
42.181,1.012
42.211,1.010
42.241,1.008
42.271,1.016
42.301,1.017
42.331,1.012
42.361,1.018
42.391,1.017
42.421,1.012
42.451,1.015
42.481,1.013
42.511,1.015
42.541,1.020
42.571,1.015
42.601,1.006
42.631,1.022
42.661,1.014
42.691,1.006
42.721,1.021
42.751,1.012
42.781,1.011
42.811,1.016
42.841,1.010
42.871,1.013
42.901,1.014
42.931,1.011
42.961,1.011
42.991,1.013
43.021,1.018
43.051,1.017
43.081,1.014
43.111,1.015
43.141,1.015
43.171,1.010
43.201,1.013
43.231,1.017
43.261,1.008
43.291,1.017
43.321,1.011
43.351,1.014
43.381,1.018
43.411,1.010
43.441,1.012
43.471,1.009
43.501,1.011
43.531,1.017
43.561,1.013
43.591,1.011
43.621,1.014
43.651,1.017
43.681,1.007
43.711,1.017
43.741,1.019
43.771,1.005
43.801,1.017
43.831,1.022
43.861,1.007
43.891,1.007
43.921,1.020
43.951,1.016
43.981,1.007
44.011,1.016
44.041,1.019
44.071,1.009
44.101,1.017
44.131,1.016
44.161,1.008
44.191,1.015
44.221,1.019
44.251,1.014
44.281,1.014
44.311,1.013
44.341,1.011
44.371,1.021
44.401,1.007
44.431,1.021
44.461,1.010
44.491,1.006
44.521,1.012
44.551,1.011
44.581,1.015
44.611,1.014
44.641,1.009
44.671,1.014
44.701,1.020
44.731,1.009
44.761,1.017
44.791,1.013
44.821,1.012
44.851,1.020
44.881,1.016
44.911,1.010
44.941,1.010
44.971,1.013
45.001,1.013
45.031,1.012
45.061,1.014
45.091,1.018
45.121,1.017
45.151,1.014
45.181,1.011
45.211,1.012
45.241,1.013
45.271,1.011
45.301,1.011
45.331,1.016
45.361,1.012
45.391,1.010
45.421,1.019
45.451,1.016
45.481,1.010
45.511,1.018
45.541,1.017
45.571,1.014
45.601,1.014
45.631,1.014
45.661,1.015
45.691,1.013
45.721,1.009
45.751,1.019
45.781,1.016
45.811,1.009
45.841,1.014
45.871,1.015
45.901,1.011
45.931,1.021
45.961,1.017
45.991,1.009
46.021,1.021
46.051,1.015
46.081,1.010
46.111,1.017
46.141,1.013
46.171,1.015
46.201,1.018
46.231,1.014
46.261,1.017
46.291,1.013
46.321,1.016
46.351,1.009
46.381,1.018
46.411,1.021
46.441,1.007
46.471,1.010
46.501,1.018
46.531,1.013
46.561,1.012
46.591,1.016
46.621,1.018
46.651,1.014
46.681,1.014
46.711,1.015
46.741,1.014
46.771,1.008
46.801,1.018
46.831,1.015
46.861,1.011
46.891,1.017
46.921,1.017
46.951,1.013
46.981,1.013
47.011,1.021
47.041,1.014
47.071,1.007
47.101,1.015
47.131,1.012
47.161,1.008
47.191,1.016
47.221,1.017
47.251,1.012
47.281,1.015
47.311,1.017
47.341,1.009
47.371,1.008
47.401,1.011
47.431,1.014
47.461,1.014
47.491,1.016
47.521,1.015
47.551,1.019
47.581,1.014
47.611,1.013
47.641,1.016
47.671,1.012
47.701,1.013
47.731,1.017
47.761,1.017
47.791,1.014
47.821,1.021
47.851,1.015
47.881,1.012
47.911,1.012
47.941,1.017
47.971,1.014
48.001,1.007
48.031,1.020
48.061,1.024
48.091,1.013
48.121,1.019
48.151,1.016
48.181,1.007
48.211,1.005
48.241,1.017
48.271,1.026
48.301,1.017
48.331,1.019
48.361,1.018
48.391,1.019
48.421,1.019
48.451,1.020
48.481,1.023
48.511,1.021
48.541,1.021
48.571,1.017
48.601,1.015
48.631,1.020
48.661,1.027
48.691,1.019
48.721,1.032
48.751,1.028
48.781,1.022
48.811,1.026
48.841,1.027
48.871,1.023
48.901,1.033
48.931,1.032
48.961,1.028
48.991,1.028
49.021,1.029
49.051,1.042
49.081,1.023
49.111,1.011
49.141,1.030
49.171,1.039
49.201,1.038
49.231,1.033
49.261,1.027
49.291,1.024
49.321,1.022
49.351,1.024
49.381,1.024
49.411,1.026
49.441,1.029
49.471,1.022
49.501,1.026
49.531,1.014
49.561,1.021
49.591,1.023
49.621,1.027
49.651,1.037
49.681,1.034
49.711,1.029
49.741,1.030
49.771,1.032
49.801,1.025
49.831,1.033
49.861,1.035
49.891,1.027
49.921,1.025
49.951,1.028
49.981,1.027
50.011,1.031
50.041,1.030
50.071,1.029
50.101,1.027
50.131,1.032
50.161,1.029
50.191,1.025
50.221,1.031
50.251,1.028
50.281,1.026
50.311,1.026
50.341,1.022
50.371,1.035
50.401,1.028
50.431,1.026
50.461,1.027
50.491,1.026
50.521,1.033
50.551,1.036
50.581,1.023
50.611,1.023
50.641,1.025
50.671,1.022
50.701,1.024
50.731,1.025
50.761,1.028
50.791,1.036
50.821,1.029
50.851,1.024
50.881,1.025
50.911,1.027
50.941,1.037
50.971,1.029
51.001,1.031
51.031,1.034
51.061,1.022
51.091,1.026
51.121,1.026
51.151,1.030
51.181,1.033
51.211,1.025
51.241,1.021
51.271,1.027
51.301,1.028
51.331,1.025
51.361,1.032
51.391,1.028
51.421,1.027
51.451,1.028
51.481,1.025
51.511,1.025
51.541,1.026
51.571,1.024
51.601,1.031
51.631,1.035
51.661,1.026
51.691,1.031
51.721,1.030
51.751,1.019
51.781,1.033
51.811,1.030
51.841,1.022
51.871,1.029
51.901,1.031
51.931,1.024
51.961,1.023
51.991,1.034
52.021,1.028
52.051,1.027
52.081,1.029
52.111,1.029
52.141,1.021
52.171,1.027
52.201,1.025
52.231,1.031
52.261,1.028
52.291,1.025
52.321,1.025
52.351,1.031
52.381,1.030
52.411,1.029
52.441,1.031
52.471,1.029
52.501,1.018
52.531,1.034
52.561,1.028
52.591,1.022
52.621,1.033
52.651,1.028
52.681,1.027
52.711,1.032
52.741,1.031
52.771,1.025
52.801,1.029
52.831,1.032
52.861,1.026
52.891,1.025
52.921,1.025
52.951,1.027
52.981,1.030
53.011,1.031
53.041,1.031
53.071,1.031
53.101,1.029
53.131,1.026
53.161,1.028
53.191,1.028
53.221,1.024
53.251,1.034
53.281,1.031
53.311,1.024
53.341,1.027
53.371,1.024
53.401,1.029
53.431,1.028
53.461,1.025
53.491,1.021
53.521,1.027
53.551,1.031
53.581,1.028
53.611,1.029
53.641,1.027
53.671,1.026
53.701,1.031
53.731,1.026
53.761,1.029
53.791,1.027
53.821,1.023
53.851,1.028
53.881,1.025
53.911,1.027
53.941,1.026
53.971,1.031
54.001,1.033
54.031,1.028
54.061,1.027
54.091,1.030
54.121,1.027
54.151,1.028
54.181,1.029
54.211,1.019
54.241,1.029
54.271,1.029
54.301,1.028
54.331,1.029
54.361,1.031
54.391,1.030
54.421,1.027
54.451,1.025
54.481,1.025
54.511,1.029
54.541,1.028
54.571,1.023
54.601,1.026
54.631,1.029
54.661,1.022
54.691,1.031
54.721,1.032
54.751,1.023
54.781,1.028
54.811,1.032
54.841,1.025
54.871,1.021
54.901,1.033
54.931,1.035
54.961,1.021
54.991,1.028
55.021,1.031
55.051,1.031
55.081,1.021
55.111,1.033
55.141,1.026
55.171,1.026
55.201,1.033
55.231,1.024
55.261,1.022
55.291,1.030
55.321,1.033
55.351,1.019
55.381,1.032
55.411,1.033
55.441,1.025
55.471,1.026
55.501,1.030
55.531,1.028
55.561,1.026
55.591,1.033
55.621,1.025
55.651,1.029
55.681,1.030
55.711,1.024
55.741,1.025
55.771,1.028
55.801,1.023
55.831,1.027
55.861,1.034
55.891,1.026
55.921,1.024
55.951,1.028
55.981,1.030
56.011,1.032
56.041,1.026
56.071,1.027
56.101,1.028
56.131,1.028
56.161,1.029
56.191,1.033
56.221,1.031
56.251,1.024
56.281,1.024
56.311,1.024
56.341,1.021
56.371,1.022
56.401,1.029
56.431,1.026
56.461,1.028
56.491,1.035
56.521,1.025
56.551,1.025
56.581,1.025
56.611,1.027
56.641,1.027
56.671,1.026
56.701,1.030
56.731,1.025
56.761,1.028
56.791,1.028
56.821,1.024
56.851,1.024
56.881,1.032
56.911,1.026
56.941,1.020
56.971,1.028
57.001,1.030
57.031,1.023
57.061,1.021
57.091,1.029
57.121,1.027
57.151,1.027
57.181,1.027
57.211,1.026
57.241,1.027
57.271,1.027
57.301,1.024
57.331,1.028
57.361,1.030
57.391,1.029
57.421,1.026
57.451,1.030
57.481,1.027
57.511,1.024
57.541,1.031
57.571,1.026
57.601,1.029
57.631,1.024
57.661,1.024
57.691,1.030
57.721,1.026
57.751,1.022
57.781,1.027
57.811,1.025
57.841,1.031
57.871,1.025
57.901,1.030
57.931,1.031
57.961,1.024
57.991,1.028
58.021,1.032
58.051,1.023
58.081,1.022
58.111,1.033
58.141,1.022
58.171,1.029
58.201,1.031
58.231,1.025
58.261,1.025
58.291,1.031
58.321,1.026
58.351,1.022
58.381,1.027
58.411,1.028
58.441,1.031
58.471,1.024
58.501,1.029
58.531,1.026
58.561,1.027
58.591,1.031
58.621,1.026
58.651,1.022
58.681,1.033
58.711,1.027
58.741,1.020
58.771,1.031
58.801,1.028
58.831,1.024
58.861,1.031
58.891,1.032
58.921,1.022
58.951,1.025
58.981,1.033
59.011,1.022
59.041,1.026
59.071,1.032
59.101,1.027
59.131,1.026
59.161,1.031
59.191,1.023
59.221,1.021
59.251,1.027
59.281,1.024
59.311,1.024
59.341,1.029
59.371,1.030
59.401,1.027
59.431,1.025
59.461,1.027
59.491,1.028
59.521,1.024
59.551,1.023
59.581,1.026
59.611,1.027
59.641,1.031
59.671,1.022
59.701,1.028
59.731,1.026
59.761,1.020
59.791,1.030
59.821,1.030
59.851,1.023
59.881,1.024
59.911,1.027
59.941,1.025
59.971,1.029
60.001,1.030
60.031,1.030
60.061,1.028
60.091,1.024
60.121,1.027
60.151,1.031
60.181,1.025
60.211,1.027
60.241,1.035
60.271,1.017
60.301,1.028
60.331,1.033
60.361,1.021
60.391,1.023
60.421,1.029
60.451,1.027
60.481,1.026
60.511,1.029
60.541,1.025
60.571,1.029
60.601,1.029
60.631,1.024
60.661,1.028
60.691,1.022
60.721,1.024
60.751,1.031
60.781,1.028
60.811,1.025
60.841,1.035
60.871,1.031
60.901,1.024
60.931,1.030
60.961,1.029
60.991,1.020
61.021,1.029
61.051,1.035
61.081,1.024
61.111,1.023
61.141,1.033
61.171,1.019
61.201,1.025
61.231,1.036
61.261,1.021
61.291,1.025
61.321,1.030
61.351,1.028
61.381,1.026
61.411,1.028
61.441,1.028
61.471,1.028
61.501,1.027
61.531,1.030
61.561,1.028
61.591,1.021
61.621,1.029
61.651,1.029
61.681,1.027
61.711,1.031
61.741,1.024
61.771,1.030
61.801,1.030
61.831,1.025
61.861,1.030
61.891,1.024
61.921,1.023
61.951,1.029
61.981,1.027
62.011,1.022
62.041,1.030
62.071,1.023
62.101,1.026
62.131,1.025
62.161,1.024
62.191,1.024
62.221,1.021
62.251,1.029
62.281,1.032
62.311,1.023
62.341,1.025
62.371,1.024
62.401,1.021
62.431,1.032
62.461,1.028
62.491,1.027
62.521,1.027
62.551,1.023
62.581,1.027
62.611,1.029
62.641,1.025
62.671,1.027
62.701,1.028
62.731,1.027
62.761,1.026
62.791,1.021
62.821,1.028
62.851,1.032
62.881,1.029
62.911,1.024
62.941,1.029
62.971,1.025
63.001,1.024
63.031,1.026
63.061,1.023
63.091,1.028
63.121,1.024
63.151,1.024
63.181,1.024
63.211,1.026
63.241,1.024
63.271,1.028
63.301,1.027
63.331,1.025
63.361,1.023
63.391,1.026
63.421,1.026
63.451,1.024
63.481,1.027
63.511,1.027
63.541,1.030
63.571,1.024
63.601,1.027
63.631,1.030
63.661,1.029
63.691,1.027
63.721,1.023
63.751,1.017
63.781,1.025
63.811,1.021
63.841,1.016
63.871,1.024
63.901,1.022
63.931,1.031
63.961,1.026
63.991,1.034
64.021,1.039
64.051,1.042
64.081,1.041
64.111,1.026
64.141,1.006
64.171,1.025
64.201,1.035
64.231,1.030
64.261,1.014
64.291,1.022
64.321,1.018
64.351,1.014
64.381,1.010
64.411,1.020
64.441,1.019
64.471,1.010
64.501,1.027
64.531,1.027
64.561,1.029
64.591,1.025
64.621,1.023
64.651,1.042
64.681,1.033
64.711,1.026
64.741,1.031
64.771,1.021
64.801,1.014
64.831,1.020
64.861,1.018
64.891,1.021
64.921,1.033
64.951,1.024
64.981,1.016
65.011,1.020
65.041,1.017
65.071,1.015
65.101,1.020
65.131,1.035
65.161,1.028
65.191,0.997
65.221,1.019
65.251,1.039
65.281,1.030
65.311,1.005
65.341,1.016
65.371,1.040
65.401,1.045
65.431,1.018
65.461,1.012
65.491,1.027
65.521,1.017
65.551,1.000
65.581,1.022
65.611,1.021
65.641,1.028
65.671,1.023
65.701,1.023
65.731,1.028
65.761,1.014
65.791,1.018
65.821,1.016
65.851,1.020
65.881,1.026
65.911,1.025
65.941,1.036
65.971,1.035
66.001,1.016
66.031,1.016
66.061,1.006
66.091,1.018
66.121,1.018
66.151,1.019
66.181,1.019
66.211,1.020
66.241,1.028
66.271,1.026
66.301,1.024
66.331,1.017
66.361,1.019
66.391,1.025
66.421,1.027
66.451,1.022
66.481,1.014
66.511,1.020
66.541,1.023
66.571,1.022
66.601,1.020
66.631,1.027
66.661,1.026
66.691,1.020
66.721,1.021
66.751,1.025
66.781,1.027
66.811,1.025
66.841,1.023
66.871,1.024
66.901,1.030
66.931,1.032
66.961,1.030
66.991,1.014
67.021,1.016
67.051,1.026
67.081,1.026
67.111,1.023
67.141,1.009
67.171,1.021
67.201,1.028
67.231,1.016
67.261,1.034
67.291,1.036
67.321,1.035
67.351,1.038
67.381,1.028
67.411,1.023
67.441,1.015
67.471,1.012
67.501,1.026
67.531,1.025
67.561,1.021
67.591,1.022
67.621,1.035
67.651,1.036
67.681,1.037
67.711,1.023
67.741,1.019
67.771,1.029
67.801,1.024
67.831,1.027
67.861,1.033
67.891,1.024
67.921,1.024
67.951,1.030
67.981,1.029
68.011,1.018
68.041,1.021
68.071,1.023
68.101,1.028
68.131,1.029
68.161,1.031
68.191,1.020
68.221,1.032
68.251,1.022
68.281,1.022
68.311,1.028
68.341,1.029
68.371,1.025
68.401,1.033
68.431,1.022
68.461,1.019
68.491,1.029
68.521,1.034
68.551,1.034
68.581,1.021
68.611,1.026
68.641,1.029
68.671,1.027
68.701,1.031
68.731,1.025
68.761,1.039
68.791,1.035
68.821,1.022
68.851,1.024
68.881,1.029
68.911,1.018
68.941,1.038
68.971,1.041
69.001,1.029
69.031,1.009
69.061,1.034
69.091,1.038
69.121,1.013
69.151,1.028
69.181,1.060
69.211,1.037
69.241,1.015
69.271,1.028
69.301,1.008
69.331,1.055
69.361,1.027
69.391,1.011
69.421,1.028
69.451,1.033
69.481,1.020
69.511,1.013
69.541,1.037
69.571,1.023
69.601,1.020
69.631,1.035
69.661,1.023
69.691,1.010
69.721,1.022
69.751,1.028
69.781,1.030
69.811,1.019
69.841,1.032
69.871,1.033
69.901,1.036
69.931,1.031
69.961,1.020
69.991,1.017
70.021,1.017
70.051,1.021
70.081,1.025
70.111,1.012
70.141,1.008
70.171,1.028
70.201,1.022
70.231,1.015
70.261,1.014
70.291,1.021
70.321,1.035
70.351,1.020
70.381,1.032
70.411,1.041
70.441,1.037
70.471,0.988
70.501,1.013
70.531,1.053
70.561,1.043
70.591,1.016
70.621,1.031
70.651,1.035
70.681,0.992
70.711,1.014
70.741,1.042
70.771,1.037
70.801,1.028
70.831,1.018
70.861,1.020
70.891,1.015
70.921,1.006
70.951,1.013
70.981,1.022
71.011,1.023
71.041,1.017
71.071,1.020
71.101,1.021
71.131,1.027
71.161,1.018
71.191,1.009
71.221,1.016
71.251,1.027
71.281,1.021
71.311,1.025
71.341,1.030
71.371,1.030
71.401,1.023
71.431,1.013
71.461,1.010
71.491,1.018
71.521,1.018
71.551,1.017
71.581,1.037
71.611,1.037
71.641,1.026
71.671,1.039
71.701,1.030
71.731,1.011
71.761,1.019
71.791,1.021
71.821,1.011
71.851,1.014
71.881,1.011
71.911,1.007
71.941,1.012
71.971,1.017
72.001,1.021
72.031,1.030
72.061,1.036
72.091,1.026
72.121,1.021
72.151,1.020
72.181,1.017
72.211,1.018
72.241,1.024
72.271,1.021
72.301,1.013
72.331,1.017
72.361,1.020
72.391,1.010
72.421,1.017
72.451,1.031
72.481,1.034
72.511,1.020
72.541,1.018
72.571,1.027
72.601,1.029
72.631,1.016
72.661,1.007
72.691,1.019
72.721,1.014
72.751,1.019
72.781,1.025
72.811,1.024
72.841,1.020
72.871,1.023
72.901,1.024
72.931,1.014
72.961,1.006
72.991,1.026
73.021,1.021
73.051,1.025
73.081,1.025
73.111,1.018
73.141,1.016
73.171,1.018
73.201,1.024
73.231,1.018
73.261,1.021
73.291,1.024
73.321,1.021
73.351,1.021
73.381,1.021
73.411,1.016
73.441,1.013
73.471,1.018
73.501,1.025
73.531,1.030
73.561,1.017
73.591,1.017
73.621,1.034
73.651,1.023
73.681,1.016
73.711,1.022
73.741,1.021
73.771,1.009
73.801,1.021
73.831,1.024
73.861,1.015
73.891,1.021
73.921,1.023
73.951,1.021
73.981,1.021
74.011,1.024
74.041,1.025
74.071,1.013
74.101,1.018
74.131,1.022
74.161,1.020
74.191,1.022
74.221,1.025
74.251,1.020
74.281,1.022
74.311,1.020
74.341,1.014
74.371,1.020
74.401,1.021
74.431,1.012
74.461,1.020
74.491,1.016
74.521,1.024
74.551,1.030
74.581,1.019
74.611,1.021
74.641,1.024
74.671,1.019
74.701,1.021
74.731,1.013
74.761,1.018
74.791,1.019
74.821,1.020
74.851,1.020
74.881,1.027
74.911,1.023
74.941,1.019
74.971,1.021
75.001,1.026
75.031,1.025
75.061,1.028
75.091,1.019
75.121,1.017
75.151,1.018
75.181,1.016
75.211,1.017
75.241,1.018
75.271,1.025
75.301,1.014
75.331,1.014
75.361,1.017
75.391,1.013
75.421,1.013
75.451,1.023
75.481,1.035
75.511,1.012
75.541,1.013
75.571,1.007
75.601,1.001
75.631,1.006
75.661,1.007
75.691,1.011
75.721,1.005
75.751,1.001
75.781,1.009
75.811,1.010
75.841,1.023
75.871,1.039
75.901,1.032
75.931,1.032
75.961,1.036
75.991,1.028
76.021,1.018
76.051,1.005
76.081,1.000
76.111,1.015
76.141,1.001
76.171,1.019
76.201,1.029
76.231,1.017
76.261,1.047
76.291,1.009
76.321,0.977
76.351,1.014
76.381,1.002
76.411,1.009
76.441,1.019
76.471,1.041
76.501,1.052
76.531,1.035
76.561,1.041
76.591,1.004
76.621,0.973
76.651,0.995
76.681,1.031
76.711,1.044
76.741,1.003
76.771,0.996
76.801,1.032
76.831,1.038
76.861,1.018
76.891,1.005
76.921,0.985
76.951,0.991
76.981,1.051
77.011,1.066
77.041,1.040
77.071,1.003
77.101,0.996
77.131,0.997
77.161,0.999
77.191,0.980
77.221,1.024
77.251,1.035
77.281,1.024
77.311,1.011
77.341,1.016
77.371,1.005
77.401,1.021
77.431,1.025
77.461,1.018
77.491,1.021
77.521,1.031
77.551,1.016
77.581,1.014
77.611,1.011
77.641,1.020
77.671,1.021
77.701,1.025
77.731,1.040
77.761,1.025
77.791,1.024
77.821,1.037
77.851,1.020
77.881,1.012
77.911,0.998
77.941,0.985
77.971,1.002
78.001,1.022
78.031,1.021
78.061,1.014
78.091,1.030
78.121,1.043
78.151,1.062
78.181,1.062
78.211,1.049
78.241,1.028
78.271,1.022
78.301,1.006
78.331,1.001
78.361,0.996
78.391,1.009
78.421,1.013
78.451,1.017
78.481,1.038
78.511,1.040
78.541,1.022
78.571,1.025
78.601,1.016
78.631,1.013
78.661,1.018
78.691,1.020
78.721,1.014
78.751,1.020
78.781,1.030
78.811,1.030
78.841,1.027
78.871,1.027
78.901,1.024
78.931,1.028
78.961,1.016
78.991,1.010
79.021,1.022
79.051,1.033
79.081,1.038
79.111,1.042
79.141,1.045
79.171,1.032
79.201,1.021
79.231,0.999
79.261,0.994
79.291,1.003
79.321,1.003
79.351,1.020
79.381,1.031
79.411,1.035
79.441,1.033
79.471,1.036
79.501,1.036
79.531,1.029
79.561,1.027
79.591,1.029
79.621,1.031
79.651,1.022
79.681,1.018
79.711,1.013
79.741,1.019
79.771,1.022
79.801,1.019
79.831,1.023
79.861,1.026
79.891,1.023
79.921,1.024
79.951,1.023
79.981,1.016
80.011,1.023
80.041,1.033
80.071,1.016
80.101,1.023
80.131,1.025
80.161,1.022
80.191,1.027
80.221,1.024
80.251,1.025
80.281,1.022
80.311,1.030
80.341,1.007
80.371,1.025
80.401,1.030
80.431,1.023
80.461,1.018
80.491,1.016
80.521,1.021
80.551,1.025
80.581,1.026
80.611,1.026
80.641,1.027
80.671,1.025
80.701,1.022
80.731,1.024
80.761,1.019
80.791,1.017
80.821,1.030
80.851,1.031
80.881,1.020
80.911,1.014
80.941,1.020
80.971,1.026
81.001,1.026
81.031,1.025
81.061,1.021
81.091,1.021
81.121,1.024
81.151,1.032
81.181,1.020
81.211,1.013
81.241,1.017
81.271,1.022
81.301,1.021
81.331,1.028
81.361,1.030
81.391,1.035
81.421,1.017
81.451,1.013
81.481,1.019
81.511,1.015
81.541,1.022
81.571,1.025
81.601,1.030
81.631,1.021
81.661,1.017
81.691,1.011
81.721,1.033
81.751,1.038
81.781,1.022
81.811,1.020
81.841,1.025
81.871,1.033
81.901,1.030
81.931,1.021
81.961,1.006
81.991,1.011
82.021,1.018
82.051,1.021
82.081,1.012
82.111,1.031
82.141,1.035
82.171,1.028
82.201,1.015
82.231,1.019
82.261,1.030
82.291,1.029
82.321,1.022
82.351,1.016
82.381,1.013
82.411,1.016
82.441,1.024
82.471,1.019
82.501,1.021
82.531,1.030
82.561,1.027
82.591,1.018
82.621,1.023
82.651,1.017
82.681,1.020
82.711,1.022
82.741,1.020
82.771,1.022
82.801,1.028
82.831,1.025
82.861,1.021
82.891,1.022
82.921,1.020
82.951,1.019
82.981,1.027
83.011,1.022
83.041,1.017
83.071,1.022
83.101,1.028
83.131,1.018
83.161,1.021
83.191,1.026
83.221,1.023
83.251,1.018
83.281,1.014
83.311,1.021
83.341,1.021
83.371,1.021
83.401,1.018
83.431,1.021
83.461,1.022
83.491,1.016
83.521,1.025
83.551,1.020
83.581,1.015
83.611,1.024
83.641,1.033
83.671,1.021
83.701,1.023
83.731,1.022
83.761,1.018
83.791,1.023
83.821,1.019
83.851,1.020
83.881,1.021
83.911,1.020
83.941,1.017
83.971,1.021
84.001,1.025
84.031,1.021
84.061,1.025
84.091,1.027
84.121,1.021
84.151,1.012
84.181,1.015
84.211,1.018
84.241,1.014
84.271,1.027
84.301,1.029
84.331,1.023
84.361,1.016
84.391,1.011
84.421,1.021
84.451,1.024
84.481,1.018
84.511,1.021
84.541,1.026
84.571,1.021
84.601,1.019
84.631,1.016
84.661,1.025
84.691,1.024
84.721,1.015
84.751,1.024
84.781,1.021
84.811,1.011
84.841,1.022
84.871,1.026
84.901,1.017
84.931,1.020
84.961,1.020
84.991,1.021
85.021,1.015
85.051,1.019
85.081,1.018
85.111,1.021
85.141,1.025
85.171,1.022
85.201,1.022
85.231,1.019
85.261,1.021
85.291,1.023
85.321,1.021
85.351,1.020
85.381,1.016
85.411,1.020
85.441,1.022
85.471,1.021
85.501,1.021
85.531,1.025
85.561,1.022
85.591,1.021
85.621,1.025
85.651,1.014
85.681,1.022
85.711,1.029
85.741,1.017
85.771,1.021
85.801,1.024
85.831,1.020
85.861,1.021
85.891,1.022
85.921,1.019
85.951,1.024
85.981,1.020
86.011,1.021
86.041,1.020
86.071,1.021
86.101,1.020
86.131,1.027
86.161,1.020
86.191,1.018
86.221,1.029
86.251,1.021
86.281,1.014
86.311,1.024
86.341,1.024
86.371,1.011
86.401,1.026
86.431,1.021
86.461,1.017
86.491,1.025
86.521,1.020
86.551,1.021
86.581,1.024
86.611,1.021
86.641,1.019
86.671,1.027
86.701,1.021
86.731,1.018
86.761,1.024
86.791,1.021
86.821,1.017
86.851,1.020
86.881,1.024
86.911,1.017
86.941,1.021
86.971,1.024
87.001,1.022
87.031,1.021
87.061,1.019
87.091,1.021
87.121,1.030
87.151,1.013
87.181,1.021
87.211,1.025
87.241,1.015
87.271,1.019
87.301,1.028
87.331,1.021
87.361,1.016
87.391,1.021
87.421,1.021
87.451,1.021
87.481,1.025
87.511,1.022
87.541,1.019
87.571,1.021
87.601,1.020
87.631,1.020
87.661,1.024
87.691,1.021
87.721,1.023
87.751,1.023
87.781,1.017
87.811,1.019
87.841,1.024
87.871,1.021
87.901,1.021
87.931,1.024
87.961,1.020
87.991,1.017
88.021,1.023
88.051,1.021
88.081,1.026
88.111,1.021
88.141,1.021
88.171,1.019
88.201,1.024
88.231,1.024
88.261,1.020
88.291,1.018
88.321,1.021
88.351,1.017
88.381,1.021
88.411,1.023
88.441,1.017
88.471,1.016
88.501,1.021
88.531,1.024
88.561,1.019
88.591,1.019
88.621,1.023
88.651,1.017
88.681,1.024
88.711,1.021
88.741,1.021
88.771,1.023
88.801,1.023
88.831,1.015
88.861,1.021
88.891,1.024
88.921,1.019
88.951,1.017
88.981,1.022
89.011,1.014
89.041,1.018
89.071,1.019
89.101,1.020
89.131,1.023
89.161,1.022
89.191,1.021
89.221,1.024
89.251,1.021
89.281,1.018
89.311,1.020
89.341,1.015
89.371,1.024
89.401,1.022
89.431,1.016
89.461,1.023
89.491,1.026
89.521,1.017
89.551,1.021
89.581,1.027
89.611,1.017
89.641,1.015
89.671,1.026
89.701,1.020
89.731,1.020
89.761,1.020
89.791,1.021
89.821,1.020
89.851,1.025
89.881,1.018
89.911,1.021
89.941,1.027
89.971,1.016
90.001,1.020
90.031,1.024
90.061,1.020
90.091,1.019
90.121,1.026
90.151,1.017
90.181,1.022
90.211,1.029
90.241,1.015
90.271,1.019
90.301,1.028
90.331,1.019
90.361,1.019
90.391,1.025
90.421,1.018
90.451,1.019
90.481,1.017
90.511,1.025
90.541,1.022
90.571,1.012
90.601,1.023
90.631,1.018
90.661,1.020
90.691,1.026
90.721,1.019
90.751,1.016
90.781,1.022
90.811,1.018
90.841,1.021
90.871,1.021
90.901,1.019
90.931,1.018
90.961,1.024
90.991,1.019
91.021,1.018
91.051,1.032
91.081,1.025
91.111,1.018
91.141,1.016
91.171,1.027
91.201,1.017
91.231,1.020
91.261,1.026
91.291,1.022
91.321,1.013
91.351,1.030
91.381,1.019
91.411,1.015
91.441,1.023
91.471,1.023
91.501,1.018
91.531,1.016
91.561,1.021
91.591,1.023
91.621,1.021
91.651,1.020
91.681,1.023
91.711,1.024
91.741,1.017
91.771,1.021
91.801,1.024
91.831,1.017
91.861,1.022
91.891,1.026
91.921,1.016
91.951,1.022
91.981,1.020
92.011,1.021
92.041,1.022
92.071,1.020
92.101,1.024
92.131,1.018
92.161,1.021
92.191,1.023
92.221,1.018
92.251,1.025
92.281,1.018
92.311,1.020
92.341,1.024
92.371,1.025
92.401,1.015
92.431,1.020
92.461,1.027
92.491,1.019
92.521,1.016
92.551,1.023
92.581,1.021
92.611,1.020
92.641,1.024
92.671,1.021
92.701,1.021
92.731,1.020
92.761,1.021
92.791,1.021
92.821,1.019
92.851,1.023
92.881,1.024
92.911,1.016
92.941,1.021
92.971,1.024
93.001,1.022
93.031,1.020
93.061,1.023
93.091,1.019
93.121,1.020
93.151,1.024
93.181,1.024
93.211,1.020
93.241,1.021
93.271,1.019
93.301,1.025
93.331,1.021
93.361,1.016
93.391,1.024
93.421,1.022
93.451,1.020
93.481,1.026
93.511,1.018
93.541,1.019
93.571,1.022
93.601,1.024
93.631,1.017
93.661,1.018
93.691,1.023
93.721,1.020
93.751,1.015
93.781,1.030
93.811,1.018
93.841,1.015
93.871,1.019
93.901,1.020
93.931,1.019
93.961,1.022
93.991,1.022
94.021,1.015
94.051,1.021
94.081,1.024
94.111,1.018
94.141,1.020
94.171,1.024
94.201,1.016
94.231,1.019
94.261,1.020
94.291,1.022
94.321,1.025
94.351,1.021
94.381,1.024
94.411,1.021
94.441,1.020
94.471,1.021
94.501,1.024
94.531,1.014
94.561,1.024
94.591,1.020
94.621,1.014
94.651,1.021
94.681,1.022
94.711,1.026
94.741,1.023
94.771,1.019
94.801,1.021
94.831,1.025
94.861,1.021
94.891,1.016
94.921,1.018
94.951,1.023
94.981,1.021
95.011,1.021
95.041,1.024
95.071,1.025
95.101,1.017
95.131,1.026
95.161,1.021
95.191,1.018
95.221,1.019
95.251,1.021
95.281,1.018
95.311,1.022
95.341,1.017
95.371,1.023
95.401,1.018
95.431,1.022
95.461,1.021
95.491,1.017
95.521,1.026
95.551,1.021
95.581,1.021
95.611,1.022
95.641,1.020
95.671,1.022
95.701,1.022
95.731,1.017
95.761,1.019
95.791,1.017
95.821,1.022
95.851,1.025
95.881,1.022
95.911,1.018
95.941,1.023
95.971,1.023
96.001,1.022
96.031,1.028
96.061,1.020
96.091,1.013
96.121,1.024
96.151,1.017
96.181,1.018
96.211,1.027
96.241,1.017
96.271,1.018
96.301,1.020
96.331,1.025
96.361,1.019
96.391,1.018
96.421,1.023
96.451,1.021
96.481,1.020
96.511,1.021
96.541,1.022
96.571,1.016
96.601,1.020
96.631,1.020
96.661,1.022
96.691,1.024
96.721,1.017
96.751,1.022
96.781,1.023
96.811,1.016
96.841,1.024
96.871,1.023
96.901,1.019
96.931,1.020
96.961,1.015
96.991,1.026
97.021,1.019
97.051,1.021
97.081,1.021
97.111,1.018
97.141,1.020
97.171,1.025
97.201,1.027
97.231,1.021
97.261,1.018
97.291,1.021
97.321,1.017
97.351,1.020
97.381,1.026
97.411,1.020
97.441,1.014
97.471,1.023
97.501,1.024
97.531,1.019
97.561,1.023
97.591,1.025
97.621,1.012
97.651,1.022
97.681,1.025
97.711,1.020
97.741,1.016
97.771,1.023
97.801,1.020
97.831,1.026
97.861,1.018
97.891,1.023
97.921,1.021
97.951,1.020
97.981,1.021
98.011,1.023
98.041,1.025
98.071,1.017
98.101,1.021
98.131,1.023
98.161,1.021
98.191,1.019
98.221,1.024
98.251,1.019
98.281,1.017
98.311,1.023
98.341,1.023
98.371,1.017
98.401,1.021
98.431,1.024
98.461,1.019
98.491,1.021
98.521,1.023
98.551,1.022
98.581,1.022
98.611,1.017
98.641,1.019
98.671,1.026
98.701,1.012
98.731,1.021
98.761,1.021
98.791,1.014
98.821,1.024
98.851,1.025
98.881,1.016
98.911,1.024
98.941,1.023
98.971,1.017
99.001,1.022
99.031,1.021
99.061,1.018
99.091,1.023
99.121,1.025
99.151,1.015
99.181,1.024
99.211,1.020
99.241,1.021
99.271,1.021
99.301,1.016
99.331,1.021
99.361,1.022
99.391,1.020
99.421,1.021
99.451,1.024
99.481,1.014
99.511,1.025
99.541,1.022
99.571,1.021
99.601,1.020
99.631,1.017
99.661,1.022
99.691,1.022
99.721,1.019
99.751,1.021
99.781,1.017
99.811,1.018
99.841,1.020
99.871,1.021
99.901,1.020
99.931,1.023
99.961,1.020
99.991,1.017
100.021,1.022
100.051,1.024
100.081,1.021
100.111,1.020
100.141,1.023
100.171,1.023
100.201,1.022
100.231,1.021
100.261,1.017
100.291,1.028
100.321,1.022
100.351,1.019
100.381,1.022
100.411,1.021
100.441,1.022
100.471,1.021
100.501,1.028
100.531,1.018
100.561,1.021
100.591,1.021
100.621,1.018
100.651,1.020
100.681,1.021
100.711,1.021
100.741,1.018
100.771,1.022
100.801,1.022
100.831,1.020
100.861,1.018
100.891,1.026
100.921,1.021
100.951,1.018
100.981,1.023
101.011,1.023
101.041,1.020
101.071,1.023
101.101,1.020
101.131,1.025
101.161,1.018
101.191,1.018
101.221,1.022
101.251,1.021
101.281,1.022
101.311,1.021
101.341,1.017
101.371,1.026
101.401,1.021
101.431,1.019
101.461,1.021
101.491,1.026
101.521,1.017
101.551,1.022
101.581,1.021
101.611,1.011
101.641,1.025
101.671,1.033
101.701,1.016
101.731,1.022
101.761,1.034
101.791,1.016
101.821,1.021
101.851,1.025
101.881,1.018
101.911,1.021
101.941,1.025
101.971,1.006
102.001,1.029
102.031,1.031
102.061,1.011
102.091,1.025
102.121,1.025
102.151,1.019
102.181,1.022
102.211,1.021
102.241,1.020
102.271,1.015
102.301,1.023
102.331,1.015
102.361,1.025
102.391,1.024
102.421,1.017
102.451,1.021
102.481,1.023
102.511,1.018
102.541,1.020
102.571,1.018
102.601,1.018
102.631,1.021
102.661,1.026
102.691,1.028
102.721,1.017
102.751,1.021
102.781,1.025
102.811,1.022
102.841,1.021
102.871,1.023
102.901,1.020
102.931,1.021
102.961,1.021
102.991,1.017
103.021,1.020
103.051,1.022
103.081,1.025
103.111,1.021
103.141,1.022
103.171,1.017
103.201,1.027
103.231,1.026
103.261,1.018
103.291,1.026
103.321,1.020
103.351,1.012
103.381,1.022
103.411,1.019
103.441,1.017
103.471,1.023
103.501,1.025
103.531,1.018
103.561,1.021
103.591,1.029
103.621,1.020
103.651,1.017
103.681,1.021
103.711,1.021
103.741,1.022
103.771,1.020
103.801,1.020
103.831,1.018
103.861,1.021
103.891,1.026
103.921,1.025
103.951,1.015
103.981,1.025
104.011,1.020
104.041,1.019
104.071,1.019
104.101,1.024
104.131,1.014
104.161,1.022
104.191,1.023
104.221,1.014
104.251,1.022
104.281,1.021
104.311,1.020
104.341,1.022
104.371,1.022
104.401,1.019
104.431,1.021
104.461,1.022
104.491,1.018
104.521,1.018
104.551,1.017
104.581,1.019
104.611,1.020
104.641,1.026
104.671,1.019
104.701,1.029
104.731,1.026
104.761,1.021
104.791,1.024
104.821,1.021
104.851,1.025
104.881,1.021
104.911,1.039
104.941,1.020
104.971,1.024
105.001,1.022
105.031,1.024
105.061,1.046
105.091,1.023
105.121,0.993
105.151,1.008
105.181,1.028
105.211,1.023
105.241,1.019
105.271,1.035
105.301,1.029
105.331,1.018
105.361,1.051
105.391,1.051
105.421,1.021
105.451,0.979
105.481,0.953
105.511,1.039
105.541,1.048
105.571,1.009
105.601,1.030
105.631,1.109
105.661,1.079
105.691,1.029
105.721,1.033
105.751,1.007
105.781,1.007
105.811,1.021
105.841,1.068
105.871,1.064
105.901,1.053
105.931,1.044
105.961,1.036
105.991,1.037
106.021,1.047
106.051,1.042
106.081,1.037
106.111,1.056
106.141,1.047
106.171,0.998
106.201,1.034
106.231,1.062
106.261,1.018
106.291,1.031
106.321,1.043
106.351,1.041
106.381,1.036
106.411,1.052
106.441,1.046
106.471,1.038
106.501,1.019
106.531,1.036
106.561,1.021
106.591,1.045
106.621,1.054
106.651,1.059
106.681,1.019
106.711,0.999
106.741,0.997
106.771,1.002
106.801,1.006
106.831,1.022
106.861,1.063
106.891,1.065
106.921,1.060
106.951,1.041
106.981,1.038
107.011,1.042
107.041,1.034
107.071,1.030
107.101,1.031
107.131,1.012
107.161,0.994
107.191,1.019
107.221,1.009
107.251,1.016
107.281,1.027
107.311,1.035
107.341,1.053
107.371,1.056
107.401,1.056
107.431,1.041
107.461,1.026
107.491,1.031
107.521,1.032
107.551,1.021
107.581,1.014
107.611,1.034
107.641,1.040
107.671,1.050
107.701,1.051
107.731,1.041
107.761,1.030
107.791,1.046
107.821,1.048
107.851,1.036
107.881,1.027
107.911,1.040
107.941,1.037
107.971,1.033
108.001,1.041
108.031,1.043
108.061,1.048
108.091,1.028
108.121,1.031
108.151,1.041
108.181,1.026
108.211,1.017
108.241,1.054
108.271,1.050
108.301,1.057
108.331,1.048
108.361,1.047
108.391,1.041
108.421,1.032
108.451,1.023
108.481,1.014
108.511,1.021
108.541,1.045
108.571,1.031
108.601,1.037
108.631,1.041
108.661,1.035
108.691,1.041
108.721,1.033
108.751,1.027
108.781,1.042
108.811,1.051
108.841,1.036
108.871,1.035
108.901,1.036
108.931,1.035
108.961,1.033
108.991,1.021
109.021,1.024
109.051,1.043
109.081,1.037
109.111,1.024
109.141,1.021
109.171,1.042
109.201,1.052
109.231,1.051
109.261,1.049
109.291,1.043
109.321,1.026
109.351,1.035
109.381,1.035
109.411,1.034
109.441,1.040
109.471,1.030
109.501,1.031
109.531,1.033
109.561,1.034
109.591,1.036
109.621,1.042
109.651,1.039
109.681,1.043
109.711,1.039
109.741,1.026
109.771,1.028
109.801,1.025
109.831,1.025
109.861,1.027
109.891,1.037
109.921,1.042
109.951,1.031
109.981,1.035
110.011,1.045
110.041,1.029
110.071,1.025
110.101,1.032
110.131,1.025
110.161,1.036
110.191,1.034
110.221,1.033
110.251,1.034
110.281,1.042
110.311,1.033
110.341,1.032
110.371,1.030
110.401,1.037
110.431,1.030
110.461,1.029
110.491,1.031
110.521,1.035
110.551,1.034
110.581,1.029
110.611,1.033
110.641,1.036
110.671,1.037
110.701,1.037
110.731,1.031
110.761,1.025
110.791,1.041
110.821,1.028
110.851,1.027
110.881,1.039
110.911,1.035
110.941,1.028
110.971,1.039
111.001,1.033
111.031,1.028
111.061,1.033
111.091,1.031
111.121,1.031
111.151,1.027
111.181,1.031
111.211,1.032
111.241,1.039
111.271,1.034
111.301,1.027
111.331,1.040
111.361,1.038
111.391,1.027
111.421,1.038
111.451,1.034
111.481,1.030
111.511,1.037
111.541,1.033
111.571,1.030
111.601,1.025
111.631,1.034
111.661,1.032
111.691,1.030
111.721,1.035
111.751,1.034
111.781,1.031
111.811,1.039
111.841,1.031
111.871,1.031
111.901,1.035
111.931,1.032
111.961,1.026
111.991,1.037
112.021,1.032
112.051,1.030
112.081,1.038
112.111,1.032
112.141,1.028
112.171,1.030
112.201,1.038
112.231,1.032
112.261,1.027
112.291,1.035
112.321,1.027
112.351,1.029
112.381,1.035
112.411,1.030
112.441,1.034
112.471,1.036
112.501,1.029
112.531,1.034
112.561,1.037
112.591,1.028
112.621,1.029
112.651,1.035
112.681,1.032
112.711,1.031
112.741,1.035
112.771,1.036
112.801,1.032
112.831,1.030
112.861,1.035
112.891,1.033
112.921,1.029
112.951,1.037
112.981,1.032
113.011,1.032
113.041,1.035
113.071,1.035
113.101,1.030
113.131,1.033
113.161,1.037
113.191,1.029
113.221,1.036
113.251,1.034
113.281,1.033
113.311,1.030
113.341,1.029
113.371,1.037
113.401,1.035
113.431,1.031
113.461,1.032
113.491,1.029
113.521,1.031
113.551,1.039
113.581,1.032
113.611,1.027
113.641,1.040
113.671,1.038
113.701,1.029
113.731,1.037
113.761,1.037
113.791,1.032
113.821,1.036
113.851,1.028
113.881,1.033
113.911,1.033
113.941,1.034
113.971,1.035
114.001,1.031
114.031,1.033
114.061,1.033
114.091,1.035
114.121,1.035
114.151,1.030
114.181,1.036
114.211,1.035
114.241,1.036
114.271,1.038
114.301,1.027
114.331,1.034
114.361,1.042
114.391,1.030
114.421,1.032
114.451,1.035
114.481,1.029
114.511,1.037
114.541,1.038
114.571,1.028
114.601,1.033
114.631,1.037
114.661,1.029
114.691,1.034
114.721,1.032
114.751,1.022
114.781,1.031
114.811,1.036
114.841,1.035
114.871,1.033
114.901,1.030
114.931,1.042
114.961,1.037
114.991,1.030
115.021,1.029
115.051,1.026
115.081,1.039
115.111,1.037
115.141,1.023
115.171,1.038
115.201,1.031
115.231,1.032
115.261,1.040
115.291,1.034
115.321,1.027
115.351,1.036
115.381,1.039
115.411,1.030
115.441,1.030
115.471,1.031
115.501,1.035
115.531,1.032
115.561,1.037
115.591,1.035
115.621,1.032
115.651,1.033
115.681,1.030
115.711,1.036
115.741,1.034
115.771,1.024
115.801,1.038
115.831,1.037
115.861,1.023
115.891,1.042
115.921,1.035
115.951,1.024
115.981,1.034
116.011,1.038
116.041,1.029
116.071,1.035
116.101,1.035
116.131,1.033
116.161,1.032
116.191,1.040
116.221,1.033
116.251,1.028
116.281,1.031
116.311,1.040
116.341,1.029
116.371,1.029
116.401,1.037
116.431,1.034
116.461,1.028
116.491,1.037
116.521,1.038
116.551,1.028
116.581,1.033
116.611,1.042
116.641,1.033
116.671,1.021
116.701,1.041
116.731,1.033
116.761,1.021
116.791,1.036
116.821,1.038
116.851,1.027
116.881,1.030
116.911,1.035
116.941,1.028
116.971,1.034
117.001,1.044
117.031,1.033
117.061,1.028
117.091,1.033
117.121,1.035
117.151,1.035
117.181,1.032
117.211,1.036
117.241,1.031
117.271,1.025
117.301,1.041
117.331,1.037
117.361,1.026
117.391,1.037
117.421,1.039
117.451,1.027
117.481,1.026
117.511,1.040
117.541,1.033
117.571,1.028
117.601,1.037
117.631,1.029
117.661,1.031
117.691,1.033
117.721,1.032
117.751,1.032
117.781,1.035
117.811,1.035
117.841,1.035
117.871,1.032
117.901,1.031
117.931,1.031
117.961,1.035
117.991,1.034
118.021,1.029
118.051,1.034
118.081,1.031
118.111,1.031
118.141,1.036
118.171,1.038
118.201,1.033
118.231,1.034
118.261,1.027
118.291,1.040
118.321,1.033
118.351,1.030
118.381,1.035
118.411,1.034
118.441,1.034
118.471,1.039
118.501,1.026
118.531,1.034
118.561,1.037
118.591,1.031
118.621,1.036
118.651,1.035
118.681,1.027
118.711,1.031
118.741,1.037
118.771,1.035
118.801,1.032
118.831,1.036
118.861,1.037
118.891,1.035
118.921,1.032
118.951,1.030
118.981,1.027
119.011,1.033
119.041,1.039
119.071,1.029
119.101,1.031
119.131,1.036
119.161,1.030
119.191,1.029
119.221,1.039
119.251,1.031
119.281,1.029
119.311,1.030
119.341,1.038
119.371,1.032
119.401,1.025
119.431,1.030
119.461,1.036
119.491,1.031
119.521,1.031
119.551,1.036
119.581,1.032
119.611,1.035
119.641,1.032
119.671,1.036
119.701,1.031
119.731,1.027
119.761,1.035
119.791,1.043
119.821,1.024
119.851,1.036
119.881,1.031
119.911,1.031
119.941,1.032
119.971,1.033
120.001,1.032
120.031,1.031
120.061,1.034
120.091,1.032
120.121,1.029
120.151,1.028
120.181,1.034
120.211,1.031
120.241,1.036
120.271,1.039
120.301,1.038
120.331,1.033
120.361,1.036
120.391,1.035
120.421,1.030
120.451,1.037
120.481,1.031
120.511,1.026
120.541,1.042
120.571,1.028
120.601,1.036
120.631,1.027
120.661,1.030
120.691,1.032
120.721,1.028
120.751,1.041
120.781,1.038
120.811,1.028
120.841,1.030
120.871,1.033
120.901,1.030
120.931,1.038
120.961,1.030
120.991,1.028
121.021,1.027
121.051,1.036
121.081,1.035
121.111,1.039
121.141,1.034
121.171,1.032
121.201,1.032
121.231,1.035
121.261,1.035
121.291,1.034
121.321,1.037
121.351,1.031
121.381,1.026
121.411,1.036
121.441,1.028
121.471,1.029
121.501,1.032
121.531,1.033
121.561,1.038
121.591,1.034
121.621,1.032
121.651,1.031
121.681,1.034
121.711,1.039
121.741,1.033
121.771,1.026
121.801,1.036
121.831,1.028
121.861,1.024
121.891,1.032
121.921,1.033
121.951,1.031
121.981,1.033
122.011,1.033
122.041,1.027
122.071,1.035
122.101,1.038
122.131,1.034
122.161,1.024
122.191,1.041
122.221,1.031
122.251,1.030
122.281,1.038
122.311,1.032
122.341,1.032
122.371,1.038
122.401,1.026
122.431,1.032
122.461,1.040
122.491,1.030
122.521,1.030
122.551,1.035
122.581,1.031
122.611,1.029
122.641,1.031
122.671,1.039
122.701,1.026
122.731,1.035
122.761,1.034
122.791,1.032
122.821,1.036
122.851,1.036
122.881,1.029
122.911,1.031
122.941,1.033
122.971,1.029
123.001,1.039
123.031,1.035
123.061,1.031
123.091,1.032
123.121,1.035
123.151,1.038
123.181,1.032
123.211,1.028
123.241,1.035
123.271,1.034
123.301,1.028
123.331,1.034
123.361,1.032
123.391,1.029
123.421,1.040
123.451,1.032
123.481,1.031
123.511,1.033
123.541,1.035
123.571,1.028
123.601,1.030
123.631,1.034
123.661,1.035
123.691,1.034
123.721,1.037
123.751,1.034
123.781,1.036
123.811,1.029
123.841,1.037
123.871,1.030
123.901,1.033
123.931,1.040
123.961,1.035
123.991,1.030
124.021,1.034
124.051,1.035
124.081,1.034
124.111,1.034
124.141,1.033
124.171,1.025
124.201,1.038
124.231,1.038
124.261,1.030
124.291,1.034
124.321,1.033
124.351,1.035
124.381,1.034
124.411,1.041
124.441,1.036
124.471,1.025
124.501,1.034
124.531,1.036
124.561,1.026
124.591,1.035
124.621,1.037
124.651,1.033
124.681,1.032
124.711,1.035
124.741,1.039
124.771,1.030
124.801,1.032
124.831,1.035
124.861,1.030
124.891,1.036
124.921,1.035
124.951,1.031
124.981,1.027
125.011,1.042
125.041,1.033
125.071,1.033
125.101,1.035
125.131,1.033
125.161,1.031
125.191,1.040
125.221,1.034
125.251,1.030
125.281,1.038
125.311,1.035
125.341,1.026
125.371,1.040
125.401,1.033
125.431,1.027
125.461,1.027
125.491,1.035
125.521,1.033
125.551,1.035
125.581,1.042
125.611,1.037
125.641,1.028
125.671,1.032
125.701,1.035
125.731,1.033
125.761,1.032
125.791,1.035
125.821,1.035
125.851,1.032
125.881,1.037
125.911,1.032
125.941,1.031
125.971,1.032
126.001,1.036
126.031,1.037
126.061,1.034
126.091,1.032
126.121,1.035
126.151,1.034
126.181,1.033
126.211,1.030
126.241,1.036
126.271,1.030
126.301,1.033
126.331,1.035
126.361,1.036
126.391,1.035
126.421,1.032
126.451,1.035
126.481,1.032
126.511,1.032
126.541,1.035
126.571,1.031
126.601,1.032
126.631,1.030
126.661,1.028
126.691,1.035
126.721,1.035
126.751,1.030
126.781,1.035
126.811,1.033
126.841,1.032
126.871,1.031
126.901,1.033
126.931,1.031
126.961,1.036
126.991,1.036
127.021,1.032
127.051,1.032
127.081,1.036
127.111,1.031
127.141,1.033
127.171,1.033
127.201,1.034
127.231,1.033
127.261,1.033
127.291,1.030
127.321,1.029
127.351,1.038
127.381,1.033
127.411,1.032
127.441,1.035
127.471,1.031
127.501,1.030
127.531,1.042
127.561,1.034
127.591,1.031
127.621,1.034
127.651,1.035
127.681,1.034
127.711,1.034
127.741,1.029
127.771,1.032
127.801,1.039
127.831,1.029
127.861,1.030
127.891,1.039
127.921,1.032
127.951,1.037
127.981,1.036
128.011,1.032
128.041,1.034
128.071,1.034
128.101,1.036
128.131,1.032
128.161,1.032
128.191,1.032
128.221,1.035
128.251,1.032
128.281,1.032
128.311,1.031
128.341,1.031
128.371,1.034
128.401,1.032
128.431,1.033
128.461,1.035
128.491,1.031
128.521,1.036
128.551,1.043
128.581,1.032
128.611,1.027
128.641,1.035
128.671,1.034
128.701,1.033
128.731,1.032
128.761,1.032
128.791,1.036
128.821,1.036
128.851,1.030
128.881,1.030
128.911,1.034
128.941,1.032
128.971,1.034
129.001,1.032
129.031,1.026
129.061,1.034
129.091,1.036
129.121,1.032
129.151,1.035
129.181,1.036
129.211,1.034
129.241,1.035
129.271,1.034
129.301,1.036
129.331,1.031
129.361,1.035
129.391,1.031
129.421,1.035
129.451,1.033
129.481,1.032
129.511,1.034
129.541,1.038
129.571,1.022
129.601,1.032
129.631,1.044
129.661,1.031
129.691,1.037
129.721,1.034
129.751,1.028
129.781,1.034
129.811,1.040
129.841,1.029
129.871,1.028
129.901,1.036
129.931,1.030
129.961,1.028
129.991,1.039
130.021,1.031
130.051,1.028
130.081,1.039
130.111,1.031
130.141,1.026
130.171,1.039
130.201,1.037
130.231,1.031
130.261,1.040
130.291,1.034
130.321,1.028
130.351,1.035
130.381,1.031
130.411,1.034
130.441,1.038
130.471,1.027
130.501,1.036
130.531,1.037
130.561,1.030
130.591,1.035
130.621,1.039
130.651,1.025
130.681,1.035
130.711,1.038
130.741,1.030
130.771,1.034
130.801,1.037
130.831,1.028
130.861,1.034
130.891,1.037
130.921,1.032
130.951,1.030
130.981,1.037
131.011,1.032
131.041,1.035
131.071,1.032
131.101,1.039
131.131,1.035
131.161,1.031
131.191,1.039
131.221,1.033
131.251,1.032
131.281,1.035
131.311,1.029
131.341,1.035
131.371,1.031
131.401,1.031
131.431,1.039
131.461,1.033
131.491,1.030
131.521,1.035
131.551,1.036
131.581,1.025
131.611,1.037
131.641,1.033
131.671,1.027
131.701,1.043
131.731,1.041
131.761,1.025
131.791,1.035
131.821,1.040
131.851,1.032
131.881,1.029
131.911,1.038
131.941,1.033
131.971,1.031
132.001,1.034
132.031,1.033
132.061,1.030
132.091,1.031
132.121,1.040
132.151,1.034
132.181,1.027
132.211,1.034
132.241,1.032
132.271,1.035
132.301,1.037
132.331,1.033
132.361,1.031
132.391,1.035
132.421,1.036
132.451,1.029
132.481,1.035
132.511,1.032
132.541,1.028
132.571,1.032
132.601,1.038
132.631,1.028
132.661,1.032
132.691,1.039
132.721,1.031
132.751,1.035
132.781,1.036
132.811,1.032
132.841,1.029
132.871,1.034
132.901,1.039
132.931,1.027
132.961,1.035
132.991,1.042
133.021,1.029
133.051,1.033
133.081,1.039
133.111,1.036
133.141,1.033
133.171,1.036
133.201,1.035
133.231,1.029
133.261,1.036
133.291,1.041
133.321,1.027
133.351,1.032
133.381,1.033
133.411,1.030
133.441,1.036
133.471,1.038
133.501,1.033
133.531,1.031
133.561,1.035
133.591,1.032
133.621,1.035
133.651,1.033
133.681,1.032
133.711,1.037
133.741,1.032
133.771,1.033
133.801,1.036
133.831,1.030
133.861,1.030
133.891,1.035
133.921,1.037
133.951,1.039
133.981,1.035
134.011,1.033
134.041,1.036
134.071,1.035
134.101,1.035
134.131,1.031
134.161,1.041
134.191,1.033
134.221,1.032
134.251,1.036
134.281,1.034
134.311,1.033
134.341,1.032
134.371,1.035
134.401,1.038
134.431,1.040
134.461,1.034
134.491,1.030
134.521,1.032
134.551,1.038
134.581,1.038
134.611,1.025
134.641,1.029
134.671,1.031
134.701,1.032
134.731,1.036
134.761,1.034
134.791,1.032
134.821,1.033
134.851,1.040
134.881,1.037
134.911,1.035
134.941,1.030
134.971,1.032
135.001,1.032
135.031,1.035
135.061,1.034
135.091,1.035
135.121,1.035
135.151,1.032
135.181,1.036
135.211,1.034
135.241,1.032
135.271,1.033
135.301,1.032
135.331,1.030
135.361,1.039
135.391,1.028
135.421,1.029
135.451,1.034
135.481,1.029
135.511,1.034
135.541,1.032
135.571,1.030
135.601,1.036
135.631,1.035
135.661,1.035
135.691,1.035
135.721,1.034
135.751,1.035
135.781,1.028
135.811,1.034
135.841,1.036
135.871,1.037
135.901,1.030
135.931,1.035
135.961,1.038
135.991,1.037
136.021,1.034
136.051,1.035
136.081,1.029
136.111,1.039
136.141,1.032
136.171,1.035
136.201,1.033
136.231,1.032
136.261,1.038
136.291,1.032
136.321,1.028
136.351,1.034
136.381,1.035
136.411,1.034
136.441,1.035
136.471,1.035
136.501,1.029
136.531,1.035
136.561,1.042
136.591,1.029
136.621,1.040
136.651,1.034
136.681,1.032
136.711,1.035
136.741,1.037
136.771,1.035
136.801,1.034
136.831,1.029
136.861,1.029
136.891,1.036
136.921,1.034
136.951,1.028
136.981,1.035
137.011,1.036
137.041,1.036
137.071,1.030
137.101,1.037
137.131,1.034
137.161,1.034
137.191,1.037
137.221,1.037
137.251,1.029
137.281,1.032
137.311,1.032
137.341,1.033
137.371,1.035
137.401,1.036
137.431,1.031
137.461,1.034
137.491,1.035
137.521,1.031
137.551,1.031
137.581,1.035
137.611,1.035
137.641,1.031
137.671,1.036
137.701,1.027
137.731,1.038
137.761,1.038
137.791,1.027
137.821,1.031
137.851,1.038
137.881,1.035
137.911,1.033
137.941,1.038
137.971,1.030
138.001,1.028
138.031,1.035
138.061,1.035
138.091,1.032
138.121,1.041
138.151,1.029
138.181,1.029
138.211,1.035
138.241,1.037
138.271,1.038
138.301,1.032
138.331,1.035
138.361,1.035
138.391,1.030
138.421,1.033
138.451,1.038
138.481,1.033
138.511,1.035
138.541,1.029
138.571,1.033
138.601,1.035
138.631,1.033
138.661,1.036
138.691,1.033
138.721,1.031
138.751,1.032
138.781,1.037
138.811,1.040
138.841,1.039
138.871,1.038
138.901,1.041
138.931,1.033
138.961,1.028
138.991,1.033
139.021,1.032
139.051,1.031
139.081,1.032
139.111,1.026
139.141,1.027
139.171,1.029
139.201,1.034
139.231,1.037
139.261,1.030
139.291,1.032
139.321,1.021
139.351,1.023
139.381,1.021
139.411,1.036
139.441,1.023
139.471,1.019
139.501,1.023
139.531,1.022
139.561,1.024
139.591,1.026
139.621,1.022
139.651,1.032
139.681,1.031
139.711,1.081
139.741,1.016
139.771,0.965
139.801,0.975
139.831,1.025
139.861,1.033
139.891,1.014
139.921,1.019
139.951,1.060
139.981,1.038
140.011,1.028
140.041,1.032
140.071,1.027
140.101,1.030
140.131,1.030
140.161,1.030
140.191,1.031
140.221,1.037
140.251,1.018
140.281,1.014
140.311,1.036
140.341,1.031
140.371,1.020
140.401,1.027
140.431,1.032
140.461,1.028
140.491,1.019
140.521,1.001
140.551,1.001
140.581,1.007
140.611,1.013
140.641,1.029
140.671,1.047
140.701,1.048
140.731,1.038
140.761,1.023
140.791,1.006
140.821,1.013
140.851,1.026
140.881,1.023
140.911,1.021
140.941,1.052
140.971,1.045
141.001,1.021
141.031,1.019
141.061,1.016
141.091,1.021
141.121,1.030
141.151,1.037
141.181,1.035
141.211,1.034
141.241,1.030
141.271,1.015
141.301,1.018
141.331,1.024
141.361,1.031
141.391,1.039
141.421,1.042
141.451,1.037
141.481,1.034
141.511,1.022
141.541,1.029
141.571,1.018
141.601,1.029
141.631,1.040
141.661,1.022
141.691,1.025
141.721,1.017
141.751,1.026
141.781,1.030
141.811,1.030
141.841,1.031
141.871,1.033
141.901,1.035
141.931,1.024
141.961,1.028
141.991,1.024
142.021,1.027
142.051,1.034
142.081,1.032
142.111,1.020
142.141,1.030
142.171,1.027
142.201,1.028
142.231,1.033
142.261,1.032
142.291,1.033
142.321,1.028
142.351,1.021
142.381,1.037
142.411,1.021
142.441,1.013
142.471,1.012
142.501,1.025
142.531,1.038
142.561,1.034
142.591,1.035
142.621,1.039
142.651,1.031
142.681,1.024
142.711,1.032
142.741,1.033
142.771,1.021
142.801,1.023
142.831,1.034
142.861,1.026
142.891,1.026
142.921,1.033
142.951,1.042
142.981,1.038
143.011,1.034
143.041,1.034
143.071,1.030
143.101,1.019
143.131,1.018
143.161,1.031
143.191,1.028
143.221,1.025
143.251,1.031
143.281,1.062
143.311,1.044
143.341,1.042
143.371,1.043
143.401,1.035
143.431,1.034
143.461,1.036
143.491,1.039
143.521,1.035
143.551,1.032
143.581,1.043
143.611,1.045
143.641,1.042
143.671,1.042
143.701,1.041
143.731,1.037
143.761,1.032
143.791,1.037
143.821,1.037
143.851,1.035
143.881,1.033
143.911,1.039
143.941,1.040
143.971,1.040
144.001,1.042
144.031,1.036
144.061,1.033
144.091,1.036
144.121,1.035
144.151,1.046
144.181,1.040
144.211,1.030
144.241,1.039
144.271,1.041
144.301,1.032
144.331,1.039
144.361,1.051
144.391,1.038
144.421,1.033
144.451,1.029
144.481,1.034
144.511,1.035
144.541,1.036
144.571,1.043
144.601,1.032
144.631,1.030
144.661,1.038
144.691,1.035
144.721,1.039
144.751,1.033
144.781,1.034
144.811,1.030
144.841,1.025
144.871,1.032
144.901,1.039
144.931,1.031
144.961,1.038
144.991,1.037
145.021,1.037
145.051,1.043
145.081,1.034
145.111,1.026
145.141,1.025
145.171,1.031
145.201,1.028
145.231,1.029
145.261,1.034
145.291,1.033
145.321,1.036
145.351,1.028
145.381,1.024
145.411,1.040
145.441,1.039
145.471,1.024
145.501,1.035
145.531,1.034
145.561,1.027
145.591,1.036
145.621,1.036
145.651,1.024
145.681,1.029
145.711,1.032
145.741,1.029
145.771,1.028
145.801,1.031
145.831,1.037
145.861,1.036
145.891,1.032
145.921,1.038
145.951,1.033
145.981,1.026
146.011,1.033
146.041,1.035
146.071,1.027
146.101,1.033
146.131,1.041
146.161,1.033
146.191,1.035
146.221,1.034
146.251,1.036
146.281,1.033
146.311,1.034
146.341,1.034
146.371,1.032
146.401,1.031
146.431,1.029
146.461,1.033
146.491,1.031
146.521,1.031
146.551,1.040
146.581,1.033
146.611,1.027
146.641,1.039
146.671,1.036
146.701,1.031
146.731,1.039
146.761,1.030
146.791,1.039
146.821,1.034
146.851,1.029
146.881,1.034
146.911,1.033
146.941,1.034
146.971,1.031
147.001,1.035
147.031,1.030
147.061,1.029
147.091,1.037
147.121,1.039
147.151,1.026
147.181,1.029
147.211,1.041
147.241,1.029
147.271,1.032
147.301,1.039
147.331,1.033
147.361,1.032
147.391,1.035
147.421,1.028
147.451,1.034
147.481,1.041
147.511,1.027
147.541,1.032
147.571,1.040
147.601,1.026
147.631,1.032
147.661,1.034
147.691,1.026
147.721,1.033
147.751,1.037
147.781,1.038
147.811,1.025
147.841,1.031
147.871,1.036
147.901,1.031
147.931,1.036
147.961,1.035
147.991,1.032
148.021,1.026
148.051,1.031
148.081,1.040
148.111,1.034
148.141,1.030
148.171,1.038
148.201,1.035
148.231,1.026
148.261,1.037
148.291,1.030
148.321,1.025
148.351,1.037
148.381,1.036
148.411,1.028
148.441,1.036
148.471,1.034
148.501,1.033
148.531,1.031
148.561,1.034
148.591,1.027
148.621,1.029
148.651,1.040
148.681,1.033
148.711,1.031
148.741,1.033
148.771,1.030
148.801,1.034
148.831,1.029
148.861,1.031
148.891,1.032
148.921,1.027
148.951,1.027
148.981,1.036
149.011,1.032
149.041,1.034
149.071,1.034
149.101,1.038
149.131,1.033
149.161,1.036
149.191,1.038
149.221,1.028
149.251,1.035
149.281,1.027
149.311,1.031
149.341,1.034
149.371,1.030
149.401,1.035
149.431,1.035
149.461,1.035
149.491,1.043
149.521,1.032
149.551,1.024
149.581,1.039
149.611,1.030
149.641,1.030
149.671,1.037
149.701,1.032
149.731,1.032
149.761,1.036
149.791,1.034
149.821,1.034
149.851,1.037
149.881,1.032
149.911,1.033
149.941,1.036
149.971,1.033
150.001,1.032
150.031,1.038
150.061,1.032
150.091,1.032
150.121,1.039
150.151,1.033
150.181,1.028
150.211,1.029
150.241,1.030
150.271,1.034
150.301,1.033
150.331,1.029
150.361,1.031
150.391,1.032
150.421,1.031
150.451,1.032
150.481,1.028
150.511,1.027
150.541,1.030
150.571,1.026
150.601,1.036
150.631,1.031
150.661,1.030
150.691,1.030
150.721,1.035
150.751,1.031
150.781,1.034
150.811,1.035
150.841,1.024
150.871,1.021
150.901,0.996
150.931,0.995
150.961,1.028
150.991,1.038
151.021,1.029
151.051,1.021
151.081,1.029
151.111,1.010
151.141,1.003
151.171,1.010
151.201,1.000
151.231,1.033
151.261,1.025
151.291,1.033
151.321,1.010
151.351,1.001
151.381,1.009
151.411,1.008
151.441,1.012
151.471,1.030
151.501,1.033
151.531,1.020
151.561,1.015
151.591,1.008
151.621,0.992
151.651,1.004
151.681,1.024
151.711,1.009
151.741,1.015
151.771,1.026
151.801,1.002
151.831,1.000
151.861,1.018
151.891,1.027
151.921,1.023
151.951,1.015
151.981,1.021
152.011,1.016
152.041,0.998
152.071,0.981
152.101,0.987
152.131,1.007
152.161,1.023
152.191,1.015
152.221,1.000
152.251,1.023
152.281,1.022
152.311,1.014
152.341,0.995
152.371,1.015
152.401,1.020
152.431,1.008
152.461,1.016
152.491,1.021
152.521,1.009
152.551,1.013
152.581,1.019
152.611,1.023
152.641,0.996
152.671,0.996
152.701,1.009
152.731,1.006
152.761,1.014
152.791,1.023
152.821,1.017
152.851,1.021
152.881,1.019
152.911,0.982
152.941,0.987
152.971,1.004
153.001,1.023
153.031,1.025
153.061,1.019
153.091,1.021
153.121,1.012
153.151,1.021
153.181,1.005
153.211,1.003
153.241,1.025
153.271,1.028
153.301,1.010
153.331,1.025
153.361,1.036
153.391,1.019
153.421,0.997
153.451,1.001
153.481,1.015
153.511,1.010
153.541,1.015
153.571,1.015
153.601,1.017
153.631,1.019
153.661,1.025
153.691,1.031
153.721,1.029
153.751,1.015
153.781,1.007
153.811,1.002
153.841,1.015
153.871,1.023
153.901,1.016
153.931,1.021
153.961,1.033
153.991,1.021
154.021,1.013
154.051,1.014
154.081,1.013
154.111,1.009
154.141,1.015
154.171,1.017
154.201,1.022
154.231,1.025
154.261,1.024
154.291,1.018
154.321,1.023
154.351,1.021
154.381,1.022
154.411,1.013
154.441,1.014
154.471,1.023
154.501,1.008
154.531,1.017
154.561,1.027
154.591,1.030
154.621,1.025
154.651,1.020
154.681,1.021
154.711,1.022
154.741,1.009
154.771,1.014
154.801,1.023
154.831,1.029
154.861,1.029
154.891,1.022
154.921,1.021
154.951,1.015
154.981,1.015
155.011,1.013
155.041,1.016
155.071,1.011
155.101,1.018
155.131,1.021
155.161,1.028
155.191,1.024
155.221,1.022
155.251,1.021
155.281,1.021
155.311,1.021
155.341,1.022
155.371,1.025
155.401,1.021
155.431,1.017
155.461,1.017
155.491,1.021
155.521,1.025
155.551,1.024
155.581,1.021
155.611,1.021
155.641,1.021
155.671,1.021
155.701,1.023
155.731,1.019
155.761,1.022
155.791,1.023
155.821,1.026
155.851,1.024
155.881,1.026
155.911,1.021
155.941,1.011
155.971,1.018
156.001,1.025
156.031,1.024
156.061,1.027
156.091,1.025
156.121,1.021
156.151,1.021
156.181,1.027
156.211,1.014
156.241,1.021
156.271,1.031
156.301,1.025
156.331,1.021
156.361,1.023
156.391,1.028
156.421,1.018
156.451,1.023
156.481,1.029
156.511,1.021
156.541,1.021
156.571,1.022
156.601,1.023
156.631,1.018
156.661,1.023
156.691,1.026
156.721,1.023
156.751,1.023
156.781,1.029
156.811,1.025
156.841,1.021
156.871,1.024
156.901,1.021
156.931,1.015
156.961,1.023
156.991,1.021
157.021,1.020
157.051,1.030
157.081,1.024
157.111,1.013
157.141,1.021
157.171,1.036
157.201,1.022
157.231,1.019
157.261,1.025
157.291,1.018
157.321,1.017
157.351,1.034
157.381,1.030
157.411,1.018
157.441,1.022
157.471,1.023
157.501,1.021
157.531,1.022
157.561,1.028
157.591,1.025
157.621,1.025
157.651,1.022
157.681,1.021
157.711,1.027
157.741,1.024
157.771,1.022
157.801,1.020
157.831,1.033
157.861,1.023
157.891,1.014
157.921,1.023
157.951,1.021
157.981,1.019
158.011,1.027
158.041,1.029
158.071,1.017
158.101,1.024
158.131,1.028
158.161,1.019
158.191,1.021
158.221,1.029
158.251,1.020
158.281,1.021
158.311,1.022
158.341,1.024
158.371,1.025
158.401,1.017
158.431,1.021
158.461,1.029
158.491,1.027
158.521,1.018
158.551,1.026
158.581,1.025
158.611,1.026
158.641,1.020
158.671,1.019
158.701,1.022
158.731,1.024
158.761,1.030
158.791,1.024
158.821,1.028
158.851,1.018
158.881,1.017
158.911,1.025
158.941,1.033
158.971,1.020
159.001,1.019
159.031,1.029
159.061,1.025
159.091,1.010
159.121,1.017
159.151,1.028
159.181,1.021
159.211,1.021
159.241,1.024
159.271,1.025
159.301,1.021
159.331,1.022
159.361,1.031
159.391,1.025
159.421,1.019
159.451,1.023
159.481,1.025
159.511,1.025
159.541,1.024
159.571,1.021
159.601,1.028
159.631,1.027
159.661,1.018
159.691,1.029
159.721,1.023
159.751,1.020
159.781,1.027
159.811,1.021
159.841,1.019
159.871,1.023
159.901,1.026
159.931,1.025
159.961,1.021
159.991,1.023
160.021,1.025
160.051,1.015
160.081,1.025
160.111,1.030
160.141,1.021
160.171,1.025
160.201,1.021
160.231,1.021
160.261,1.028
160.291,1.023
160.321,1.021
160.351,1.023
160.381,1.025
160.411,1.029
160.441,1.015
160.471,1.025
160.501,1.023
160.531,1.029
160.561,1.018
160.591,1.017
160.621,1.027
160.651,1.021
160.681,1.027
160.711,1.027
160.741,1.024
160.771,1.023
160.801,1.021
160.831,1.026
160.861,1.025
160.891,1.019
160.921,1.023
160.951,1.031
160.981,1.017
161.011,1.020
161.041,1.032
161.071,1.021
161.101,1.019
161.131,1.025
161.161,1.026
161.191,1.022
161.221,1.025
161.251,1.027
161.281,1.019
161.311,1.021
161.341,1.028
161.371,1.022
161.401,1.018
161.431,1.033
161.461,1.021
161.491,1.021
161.521,1.022
161.551,1.024
161.581,1.022
161.611,1.023
161.641,1.028
161.671,1.021
161.701,1.023
161.731,1.030
161.761,1.021
161.791,1.024
161.821,1.024
161.851,1.022
161.881,1.024
161.911,1.023
161.941,1.020
161.971,1.026
162.001,1.025
162.031,1.021
162.061,1.020
162.091,1.025
162.121,1.024
162.151,1.021
162.181,1.024
162.211,1.029
162.241,1.025
162.271,1.021
162.301,1.020
162.331,1.028
162.361,1.024
162.391,1.021
162.421,1.027
162.451,1.025
162.481,1.020
162.511,1.024
162.541,1.024
162.571,1.025
162.601,1.022
162.631,1.024
162.661,1.024
162.691,1.026
162.721,1.026
162.751,1.024
162.781,1.023
162.811,1.025
162.841,1.025
162.871,1.021
162.901,1.023
162.931,1.024
162.961,1.027
162.991,1.021
163.021,1.030
163.051,1.029
163.081,1.021
163.111,1.022
163.141,1.025
163.171,1.029
163.201,1.028
163.231,1.028
163.261,1.023
163.291,1.030
163.321,1.021
163.351,1.017
163.381,1.024
163.411,1.019
163.441,1.019
163.471,1.021
163.501,1.032
163.531,1.029
163.561,1.022
163.591,1.018
163.621,1.022
163.651,1.016
163.681,1.023
163.711,1.024
163.741,1.020
163.771,1.014
163.801,1.030
163.831,1.027
163.861,1.022
163.891,1.026
163.921,1.028
163.951,1.022
163.981,1.021
164.011,1.031
164.041,1.024
164.071,1.023
164.101,1.025
164.131,1.032
164.161,1.027
164.191,1.015
164.221,1.011
164.251,1.026
164.281,1.024
164.311,1.020
164.341,1.023
164.371,1.024
164.401,1.014
164.431,1.018
164.461,1.025
164.491,1.022
164.521,1.027
164.551,1.023
164.581,1.019
164.611,1.026
164.641,1.026
164.671,1.022
164.701,1.024
164.731,1.026
164.761,1.024
164.791,1.021
164.821,1.027
164.851,1.021
164.881,1.027
164.911,1.027
164.941,1.022
164.971,1.027
165.001,1.022
165.031,1.025
165.061,1.023
165.091,1.018
165.121,1.020
165.151,1.027
165.181,1.024
165.211,1.025
165.241,1.027
165.271,1.021
165.301,1.021
165.331,1.025
165.361,1.021
165.391,1.024
165.421,1.021
165.451,1.028
165.481,1.020
165.511,1.028
165.541,1.026
165.571,1.022
165.601,1.029
165.631,1.026
165.661,1.023
165.691,1.023
165.721,1.022
165.751,1.022
165.781,1.024
165.811,1.024
165.841,1.019
165.871,1.023
165.901,1.030
165.931,1.018
165.961,1.023
165.991,1.033
166.021,1.021
166.051,1.021
166.081,1.026
166.111,1.027
166.141,1.022
166.171,1.021
166.201,1.028
166.231,1.029
166.261,1.019
166.291,1.030
166.321,1.021
166.351,1.018
166.381,1.025
166.411,1.024
166.441,1.032
166.471,1.027
166.501,1.024
166.531,1.010
166.561,1.021
166.591,1.033
166.621,1.025
166.651,1.025
166.681,1.030
166.711,1.027
166.741,1.017
166.771,1.019
166.801,1.036
166.831,1.027
166.861,1.017
166.891,1.014
166.921,1.026
166.951,1.023
166.981,1.024
167.011,1.030
167.041,1.022
167.071,1.018
167.101,1.018
167.131,1.025
167.161,1.024
167.191,1.025
167.221,1.028
167.251,1.023
167.281,1.022
167.311,1.024
167.341,1.026
167.371,1.023
167.401,1.023
167.431,1.026
167.461,1.023
167.491,1.021
167.521,1.021
167.551,1.020
167.581,1.026
167.611,1.026
167.641,1.018
167.671,1.024
167.701,1.028
167.731,1.015
167.761,1.026
167.791,1.029
167.821,1.018
167.851,1.021
167.881,1.028
167.911,1.024
167.941,1.022
167.971,1.021
168.001,1.027
168.031,1.016
168.061,1.021
168.091,1.029
168.121,1.021
168.151,1.022
168.181,1.023
168.211,1.024
168.241,1.027
168.271,1.025
168.301,1.018
168.331,1.021
168.361,1.027
168.391,1.016
168.421,1.021
168.451,1.034
168.481,1.024
168.511,1.016
168.541,1.027
168.571,1.027
168.601,1.021
168.631,1.026
168.661,1.026
168.691,1.016
168.721,1.024
168.751,1.026
168.781,1.020
168.811,1.025
168.841,1.019
168.871,1.026
168.901,1.023
168.931,1.021
168.961,1.023
168.991,1.022
169.021,1.025
169.051,1.023
169.081,1.021
169.111,1.023
169.141,1.027
169.171,1.021
169.201,1.023
169.231,1.029
169.261,1.024
169.291,1.025
169.321,1.028
169.351,1.015
169.381,1.020
169.411,1.036
169.441,1.020
169.471,1.013
169.501,1.031
169.531,1.021
169.561,1.020
169.591,1.028
169.621,1.024
169.651,1.016
169.681,1.026
169.711,1.032
169.741,1.019
169.771,1.021
169.801,1.029
169.831,1.025
169.861,1.023
169.891,1.024
169.921,1.023
169.951,1.021
169.981,1.023
170.011,1.025
170.041,1.021
170.071,1.029
170.101,1.024
170.131,1.024
170.161,1.029
170.191,1.020
170.221,1.021
170.251,1.026
170.281,1.028
170.311,1.021
170.341,1.026
170.371,1.021
170.401,1.024
170.431,1.028
170.461,1.023
170.491,1.017
170.521,1.024
170.551,1.032
170.581,1.021
170.611,1.022
170.641,1.027
170.671,1.021
170.701,1.024
170.731,1.029
170.761,1.021
170.791,1.016
170.821,1.026
170.851,1.025
170.881,1.021
170.911,1.031
170.941,1.027
170.971,1.018
171.001,1.025
171.031,1.030
171.061,1.021
171.091,1.022
171.121,1.027
171.151,1.024
171.181,1.016
171.211,1.026
171.241,1.032
171.271,1.020
171.301,1.021
171.331,1.029
171.361,1.024
171.391,1.022
171.421,1.026
171.451,1.020
171.481,1.022
171.511,1.030
171.541,1.021
171.571,1.018
171.601,1.024
171.631,1.025
171.661,1.021
171.691,1.023
171.721,1.029
171.751,1.028
171.781,1.021
171.811,1.021
171.841,1.027
171.871,1.023
171.901,1.020
171.931,1.019
171.961,1.022
171.991,1.034
172.021,1.020
172.051,1.017
172.081,1.029
172.111,1.021
172.141,1.020
172.171,1.022
172.201,1.028
172.231,1.020
172.261,1.023
172.291,1.022
172.321,1.027
172.351,1.031
172.381,1.021
172.411,1.021
172.441,1.025
172.471,1.017
172.501,1.025
172.531,1.035
172.561,1.021
172.591,1.018
172.621,1.029
172.651,1.027
172.681,1.020
172.711,1.028
172.741,1.019
172.771,1.020
172.801,1.027
172.831,1.024
172.861,1.028
172.891,1.019
172.921,1.023
172.951,1.024
172.981,1.022
173.011,1.024
173.041,1.023
173.071,1.024
173.101,1.023
173.131,1.028
173.161,1.029
173.191,1.021
173.221,1.025
173.251,1.021
173.281,1.017
173.311,1.030
173.341,1.022
173.371,1.021
173.401,1.027
173.431,1.030
173.461,1.019
173.491,1.017
173.521,1.026
173.551,1.025
173.581,1.018
173.611,1.029
173.641,1.026
173.671,1.021
173.701,1.025
173.731,1.022
173.761,1.021
173.791,1.028
173.821,1.032
173.851,1.019
173.881,1.026
173.911,1.030
173.941,1.021
173.971,1.021
174.001,1.024
174.031,1.021
174.061,1.021
174.091,1.029
174.121,1.020
174.151,1.021
174.181,1.025
174.211,1.023
174.241,1.024
174.271,1.026
174.301,1.021
174.331,1.025
174.361,1.028
174.391,1.020
174.421,1.021
174.451,1.026
174.481,1.021
174.511,1.026
174.541,1.027
174.571,1.023
174.601,1.019
174.631,1.021
174.661,1.028
174.691,1.034
174.721,1.025
174.751,1.019
174.781,1.027
174.811,1.025
174.841,1.023
174.871,1.031
174.901,1.027
174.931,1.024
174.961,1.029
174.991,1.024
175.021,1.017
175.051,1.027
175.081,1.036
175.111,1.017
175.141,1.021
175.171,1.030
175.201,1.018
175.231,1.026
175.261,1.025
175.291,1.021
175.321,1.032
175.351,1.025
175.381,1.026
175.411,1.022
175.441,1.022
175.471,1.022
175.501,1.025
175.531,1.021
175.561,1.026
175.591,1.032
175.621,1.025
175.651,1.025
175.681,1.025
175.711,1.024
175.741,1.028
175.771,1.022
175.801,1.027
175.831,1.016
175.861,1.031
175.891,1.029
175.921,1.021
175.951,1.028
175.981,1.019
176.011,1.024
176.041,1.027
176.071,1.021
176.101,1.025
176.131,1.026
176.161,1.024
176.191,1.011
176.221,1.031
176.251,1.026
176.281,1.016
176.311,1.020
176.341,1.024
176.371,1.025
176.401,1.020
176.431,1.025
176.461,1.028
176.491,1.021
176.521,1.022
176.551,1.030
176.581,1.014
176.611,1.026
176.641,1.028
176.671,1.022
176.701,1.021
176.731,1.024
176.761,1.032
176.791,1.023
176.821,1.019
176.851,1.026
176.881,1.027
176.911,1.021
176.941,1.029
176.971,1.026
177.001,1.015
177.031,1.021
177.061,1.031
177.091,1.021
177.121,1.023
177.151,1.035
177.181,1.022
177.211,1.021
177.241,1.033
177.271,1.025
177.301,1.010
177.331,1.037
177.361,1.022
177.391,1.014
177.421,1.031
177.451,1.028
177.481,1.019
177.511,1.025
177.541,1.020
177.571,1.026
177.601,1.033
177.631,1.021
177.661,1.021
177.691,1.034
177.721,1.019
177.751,1.016
177.781,1.035
177.811,1.028
177.841,1.013
177.871,1.032
177.901,1.033
177.931,1.014
177.961,1.029
177.991,1.027
178.021,1.011
178.051,1.029
178.081,1.026
178.111,1.014
178.141,1.025
178.171,1.032
178.201,1.019
178.231,1.024
178.261,1.029
178.291,1.019
178.321,1.021
178.351,1.028
178.381,1.023
178.411,1.021
178.441,1.023
178.471,1.024
178.501,1.026
178.531,1.025
178.561,1.023
178.591,1.027
178.621,1.024
178.651,1.022
178.681,1.021
178.711,1.021
178.741,1.029
178.771,1.023
178.801,1.025
178.831,1.032
178.861,1.020
178.891,1.024
178.921,1.031
178.951,1.017
178.981,1.025
179.011,1.029
179.041,1.022
179.071,1.025
179.101,1.029
179.131,1.016
179.161,1.025
179.191,1.030
179.221,1.021
179.251,1.022
179.281,1.027
179.311,1.022
179.341,1.022
179.371,1.026
179.401,1.031
179.431,1.022
179.461,1.024
179.491,1.024
179.521,1.024
179.551,1.020
179.581,1.027
179.611,1.025
179.641,1.021
179.671,1.021
179.701,1.026
179.731,1.026
179.761,1.016
179.791,1.026
179.821,1.029
179.851,1.024
179.881,1.021
179.911,1.024
179.941,1.033
179.971,1.026
180.001,1.020
180.031,1.027
180.061,1.027
180.091,1.021
180.121,1.031
180.151,1.031
180.181,1.015
180.211,1.025
180.241,1.028
180.271,1.022
180.301,1.025
180.331,1.028
180.361,1.022
180.391,1.021
180.421,1.029
180.451,1.027
180.481,1.021
180.511,1.032
180.541,1.033
180.571,1.021
180.601,1.023
180.631,1.028
180.661,1.027
180.691,1.022
180.721,1.025
180.751,1.024
180.781,1.021
180.811,1.032
180.841,1.029
180.871,1.021
180.901,1.021
180.931,1.029
180.961,1.025
180.991,1.029
181.021,1.025
181.051,1.021
181.081,1.022
181.111,1.025
181.141,1.023
181.171,1.028
181.201,1.023
181.231,1.021
181.261,1.028
181.291,1.026
181.321,1.020
181.351,1.023
181.381,1.022
181.411,1.021
181.441,1.035
181.471,1.027
181.501,1.017
181.531,1.027
181.561,1.028
181.591,1.024
181.621,1.014
181.651,1.029
181.681,1.026
181.711,1.019
181.741,1.033
181.771,1.025
181.801,1.021
181.831,1.034
181.861,1.031
181.891,1.017
181.921,1.029
181.951,1.028
181.981,1.016
182.011,1.023
182.041,1.035
182.071,1.022
182.101,1.022
182.131,1.033
182.161,1.025
182.191,1.020
182.221,1.028
182.251,1.027
182.281,1.019
182.311,1.025
182.341,1.028
182.371,1.022
182.401,1.024
182.431,1.025
182.461,1.028
182.491,1.025
182.521,1.025
182.551,1.029
182.581,1.020
182.611,1.020
182.641,1.024
182.671,1.022
182.701,1.034
182.731,1.029
182.761,1.021
182.791,1.024
182.821,1.028
182.851,1.021
182.881,1.024
182.911,1.027
182.941,1.020
182.971,1.015
183.001,1.031
183.031,1.030
183.061,1.021
183.091,1.028
183.121,1.031
183.151,1.021
183.181,1.024
183.211,1.029
183.241,1.023
183.271,1.022
183.301,1.030
183.331,1.028
183.361,1.025
183.391,1.016
183.421,1.030
183.451,1.027
183.481,1.022
183.511,1.031
183.541,1.028
183.571,1.025
183.601,1.026
183.631,1.024
183.661,1.021
183.691,1.031
183.721,1.026
183.751,1.025
183.781,1.025
183.811,1.026
183.841,1.024
183.871,1.024
183.901,1.026
183.931,1.029
183.961,1.027
183.991,1.024
184.021,1.024
184.051,1.026
184.081,1.024
184.111,1.019
184.141,1.027
184.171,1.031
184.201,1.015
184.231,1.024
184.261,1.029
184.291,1.017
184.321,1.030
184.351,1.030
184.381,1.020
184.411,1.025
184.441,1.030
184.471,1.027
184.501,1.023
184.531,1.027
184.561,1.024
184.591,1.022
184.621,1.027
184.651,1.026
184.681,1.021
184.711,1.017
184.741,1.031
184.771,1.029
184.801,1.023
184.831,1.027
184.861,1.023
184.891,1.023
184.921,1.033
184.951,1.023
184.981,1.019
185.011,1.034
185.041,1.028
185.071,1.020
185.101,1.028
185.131,1.025
185.161,1.021
185.191,1.032
185.221,1.023
185.251,1.022
185.281,1.028
185.311,1.023
185.341,1.027
185.371,1.031
185.401,1.023
185.431,1.022
185.461,1.027
185.491,1.034
185.521,1.022
185.551,1.019
185.581,1.028
185.611,1.035
185.641,1.019
185.671,1.022
185.701,1.035
185.731,1.025
185.761,1.019
185.791,1.035
185.821,1.021
185.851,1.020
185.881,1.030
185.911,1.026
185.941,1.018
185.971,1.039
186.001,1.022
186.031,1.021
186.061,1.033
186.091,1.022
186.121,1.023
186.151,1.024
186.181,1.025
186.211,1.024
186.241,1.021
186.271,1.020
186.301,1.026
186.331,1.026
186.361,1.018
186.391,1.024
186.421,1.030
186.451,1.017
186.481,1.028
186.511,1.032
186.541,1.021
186.571,1.027
186.601,1.032
186.631,1.026
186.661,1.022
186.691,1.020
186.721,1.028
186.751,1.021
186.781,1.025
186.811,1.030
186.841,1.021
186.871,1.023
186.901,1.036
186.931,1.021
186.961,1.014
186.991,1.024
187.021,1.038
187.051,1.024
187.081,1.016
187.111,1.030
187.141,1.023
187.171,1.012
187.201,1.030
187.231,1.035
187.261,1.026
187.291,1.025
187.321,1.021
187.351,1.023
187.381,1.027
187.411,1.018
187.441,1.030
187.471,1.030
187.501,1.016
187.531,1.027
187.561,1.028
187.591,1.029
187.621,1.029
187.651,1.030
187.681,1.019
187.711,1.024
187.741,1.028
187.771,1.023
187.801,1.026
187.831,1.027
187.861,1.021
187.891,1.024
187.921,1.031
187.951,1.023
187.981,1.021
188.011,1.027
188.041,1.025
188.071,1.021
188.101,1.033
188.131,1.032
188.161,1.021
188.191,1.019
188.221,1.029
188.251,1.028
188.281,1.027
188.311,1.022
188.341,1.027
188.371,1.022
188.401,1.029
188.431,1.031
188.461,1.018
188.491,1.016
188.521,1.021
188.551,1.022
188.581,1.027
188.611,1.035
188.641,1.021
188.671,1.021
188.701,1.037
188.731,1.026
188.761,1.018
188.791,1.023
188.821,1.030
188.851,1.027
188.881,1.022
188.911,1.022
188.941,1.030
188.971,1.023
189.001,1.025
189.031,1.020
189.061,1.024
189.091,1.027
189.121,1.024
189.151,1.018
189.181,1.028
189.211,1.030
189.241,1.025
189.271,1.026
189.301,1.028
189.331,1.026
189.361,1.026
189.391,1.024
189.421,1.028
189.451,1.029
189.481,1.021
189.511,1.017
189.541,1.025
189.571,1.029
189.601,1.026
189.631,1.022
189.661,1.030
189.691,1.023
189.721,1.022
189.751,1.028
189.781,1.022
189.811,1.021
189.841,1.027
189.871,1.018
189.901,1.019
189.931,1.028
189.961,1.028
189.991,1.026
190.021,1.022
190.051,1.024
190.081,1.027
190.111,1.024
190.141,1.021
190.171,1.024
190.201,1.023
190.231,1.017
190.261,1.031
190.291,1.034
190.321,1.022
190.351,1.028
190.381,1.031
190.411,1.020
190.441,1.023
190.471,1.030
190.501,1.032
190.531,1.021
190.561,1.027
190.591,1.024
190.621,1.020
190.651,1.021
190.681,1.034
190.711,1.032
190.741,1.020
190.771,1.024
190.801,1.024
190.831,1.018
190.861,1.027
190.891,1.029
190.921,1.018
190.951,1.029
190.981,1.030
191.011,1.024
191.041,1.026
191.071,1.028
191.101,1.019
191.131,1.025
191.161,1.033
191.191,1.020
191.221,1.021
191.251,1.027
191.281,1.022
191.311,1.022
191.341,1.029
191.371,1.029
191.401,1.024
191.431,1.023
191.461,1.022
191.491,1.033
191.521,1.021
191.551,1.018
191.581,1.028
191.611,1.022
191.641,1.022
191.671,1.030
191.701,1.024
191.731,1.021
191.761,1.032
191.791,1.028
191.821,1.015
191.851,1.026
191.881,1.030
191.911,1.021
191.941,1.022
191.971,1.032
192.001,1.028
192.031,1.021
192.061,1.027
192.091,1.030
192.121,1.028
192.151,1.023
192.181,1.025
192.211,1.033
192.241,1.021
192.271,1.021
192.301,1.028
192.331,1.023
192.361,1.027
192.391,1.021
192.421,1.026
192.451,1.035
192.481,1.027
192.511,1.024
192.541,1.032
192.571,1.022
192.601,1.023
192.631,1.029
192.661,1.021
192.691,1.019
192.721,1.029
192.751,1.028
192.781,1.026
192.811,1.032
192.841,1.022
192.871,1.025
192.901,1.028
192.931,1.026
192.961,1.024
192.991,1.022
193.021,1.032
193.051,1.029
193.081,1.023
193.111,1.029
193.141,1.028
193.171,1.022
193.201,1.030
193.231,1.021
193.261,1.023
193.291,1.029
193.321,1.027
193.351,1.021
193.381,1.027
193.411,1.029
193.441,1.032
193.471,1.020
193.501,1.020
193.531,1.030
193.561,1.030
193.591,1.025
193.621,1.030
193.651,1.026
193.681,1.021
193.711,1.035
193.741,1.026
193.771,1.023
193.801,1.029
193.831,1.026
193.861,1.021
193.891,1.028
193.921,1.032
193.951,1.018
193.981,1.026
194.011,1.030
194.041,1.021
194.071,1.025
194.101,1.031
194.131,1.028
194.161,1.024
194.191,1.027
194.221,1.028
194.251,1.024
194.281,1.023
194.311,1.028
194.341,1.024
194.371,1.025
194.401,1.025
194.431,1.021
194.461,1.029
194.491,1.028
194.521,1.031
194.551,1.026
194.581,1.021
194.611,1.029
194.641,1.030
194.671,1.021
194.701,1.023
194.731,1.029
194.761,1.022
194.791,1.022
194.821,1.036
194.851,1.029
194.881,1.021
194.911,1.025
194.941,1.028
194.971,1.026
195.001,1.028
195.031,1.022
195.061,1.025
195.091,1.028
195.121,1.025
195.151,1.026
195.181,1.023
195.211,1.025
195.241,1.028
195.271,1.021
195.301,1.025
195.331,1.026
195.361,1.022
195.391,1.026
195.421,1.030
195.451,1.029
195.481,1.021
195.511,1.024
195.541,1.029
195.571,1.026
195.601,1.032
195.631,1.026
195.661,1.021
195.691,1.023
195.721,1.034
195.751,1.024
195.781,1.023
195.811,1.026
195.841,1.023
195.871,1.027
195.901,1.032
195.931,1.021
195.961,1.023
195.991,1.025
196.021,1.024
196.051,1.024
196.081,1.026
196.111,1.028
196.141,1.025
196.171,1.034
196.201,1.030
196.231,1.022
196.261,1.023
196.291,1.024
196.321,1.027
196.351,1.030
196.381,1.024
196.411,1.026
196.441,1.021
196.471,1.027
196.501,1.027
196.531,1.027
196.561,1.025
196.591,1.025
196.621,1.028
196.651,1.028
196.681,1.023
196.711,1.026
196.741,1.024
196.771,1.027
196.801,1.026
196.831,1.026
196.861,1.027
196.891,1.030
196.921,1.021
196.951,1.025
196.981,1.030
197.011,1.024
197.041,1.024
197.071,1.034
197.101,1.021
197.131,1.030
197.161,1.028
197.191,1.021
197.221,1.032
197.251,1.023
197.281,1.025
197.311,1.030
197.341,1.024
197.371,1.028
197.401,1.024
197.431,1.021
197.461,1.025
197.491,1.027
197.521,1.025
197.551,1.026
197.581,1.026
197.611,1.025
197.641,1.024
197.671,1.026
197.701,1.023
197.731,1.028
197.761,1.028
197.791,1.023
197.821,1.025
197.851,1.029
197.881,1.021
197.911,1.029
197.941,1.021
197.971,1.027
198.001,1.026
198.031,1.025
198.061,1.033
198.091,1.024
198.121,1.018
198.151,1.027
198.181,1.026
198.211,1.024
198.241,1.024
198.271,1.024
198.301,1.021
198.331,1.025
198.361,1.031
198.391,1.021
198.421,1.023
198.451,1.027
198.481,1.028
198.511,1.025
198.541,1.026
198.571,1.027
198.601,1.023
198.631,1.030
198.661,1.032
198.691,1.024
198.721,1.025
198.751,1.030
198.781,1.023
198.811,1.027
198.841,1.021
198.871,1.019
198.901,1.029
198.931,1.029
198.961,1.019
198.991,1.031
199.021,1.034
199.051,1.020
199.081,1.020
199.111,1.030
199.141,1.020
199.171,1.026
199.201,1.027
199.231,1.023
199.261,1.024
199.291,1.027
199.321,1.026
199.351,1.022
199.381,1.034
199.411,1.025
199.441,1.021
199.471,1.025
199.501,1.025
199.531,1.029
199.561,1.021
199.591,1.025
199.621,1.027
199.651,1.023
199.681,1.028
199.711,1.025
199.741,1.026
199.771,1.025
199.801,1.028
199.831,1.028
199.861,1.025
199.891,1.023
199.921,1.027
199.951,1.026
199.981,1.024
200.011,1.029
200.041,1.028
200.071,1.024
200.101,1.026
200.131,1.025
200.161,1.030
200.191,1.030
200.221,1.022
200.251,1.024
200.281,1.028
200.311,1.027
200.341,1.033
200.371,1.025
200.401,1.025
200.431,1.027
200.461,1.026
200.491,1.032
200.521,1.027
200.551,1.024
200.581,1.026
200.611,1.026
200.641,1.026
200.671,1.031
200.701,1.022
200.731,1.025
200.761,1.024
200.791,1.020
200.821,1.023
200.851,1.033
200.881,1.026
200.911,1.025
200.941,1.033
200.971,1.026
201.001,1.026
201.031,1.027
201.061,1.027
201.091,1.029
201.121,1.031
201.151,1.022
201.181,1.029
201.211,1.028
201.241,1.025
201.271,1.031
201.301,1.031
201.331,1.027
201.361,1.024
201.391,1.029
201.421,1.025
201.451,1.021
201.481,1.028
201.511,1.027
201.541,1.023
201.571,1.029
201.601,1.028
201.631,1.022
201.661,1.027
201.691,1.027
201.721,1.025
201.751,1.029
201.781,1.023
201.811,1.024
201.841,1.028
201.871,1.022
201.901,1.027
201.931,1.029
201.961,1.022
201.991,1.025
202.021,1.025
202.051,1.027
202.081,1.032
202.111,1.022
202.141,1.026
202.171,1.033
202.201,1.025
202.231,1.024
202.261,1.026
202.291,1.024
202.321,1.021
202.351,1.029
202.381,1.030
202.411,1.026
202.441,1.027
202.471,1.026
202.501,1.024
202.531,1.028
202.561,1.029
202.591,1.031
202.621,1.022
202.651,1.022
202.681,1.026
202.711,1.029
202.741,1.029
202.771,1.024
202.801,1.029
202.831,1.021
202.861,1.027
202.891,1.031
202.921,1.028
202.951,1.020
202.981,1.030
203.011,1.027
203.041,1.022
203.071,1.027
203.101,1.024
203.131,1.024
203.161,1.032
203.191,1.029
203.221,1.021
203.251,1.030
203.281,1.025
203.311,1.025
203.341,1.032
203.371,1.026
203.401,1.023
203.431,1.030
203.461,1.028
203.491,1.024
203.521,1.026
203.551,1.029
203.581,1.028
203.611,1.028
203.641,1.025
203.671,1.024
203.701,1.021
203.731,1.029
203.761,1.033
203.791,1.023
203.821,1.024
203.851,1.026
203.881,1.027
203.911,1.021
203.941,1.026
203.971,1.027
204.001,1.021
204.031,1.024
204.061,1.030
204.091,1.024
204.121,1.027
204.151,1.026
204.181,1.025
204.211,1.026
204.241,1.027
204.271,1.028
204.301,1.023
204.331,1.033
204.361,1.021
204.391,1.028
204.421,1.030
204.451,1.021
204.481,1.028
204.511,1.025
204.541,1.026
204.571,1.031
204.601,1.025
204.631,1.023
204.661,1.034
204.691,1.025
204.721,1.026
204.751,1.033
204.781,1.024
204.811,1.024
204.841,1.030
204.871,1.022
204.901,1.026
204.931,1.030
204.961,1.025
204.991,1.029
205.021,1.032
205.051,1.027
205.081,1.030
205.111,1.028
205.141,1.027
205.171,1.027
205.201,1.039
205.231,1.054
205.261,1.044
205.291,1.007
205.321,1.011
205.351,1.025
205.381,1.036
205.411,1.039
205.441,1.046
205.471,1.039
205.501,1.020
205.531,1.016
205.561,1.031
205.591,1.030
205.621,1.011
205.651,1.006
205.681,1.030
205.711,1.033
205.741,1.028
205.771,1.021
205.801,1.034
205.831,1.052
205.861,1.062
205.891,1.051
205.921,1.036
205.951,1.027
205.981,1.026
206.011,1.021
206.041,1.023
206.071,1.021
206.101,1.040
206.131,1.024
206.161,1.031
206.191,1.038
206.221,1.033
206.251,1.016
206.281,1.013
206.311,1.028
206.341,1.036
206.371,1.028
206.401,1.023
206.431,1.037
206.461,1.035
206.491,1.021
206.521,1.029
206.551,1.045
206.581,1.036
206.611,1.030
206.641,1.028
206.671,1.035
206.701,1.034
206.731,1.033
206.761,1.029
206.791,1.025
206.821,1.029
206.851,1.032
206.881,1.029
206.911,1.026
206.941,1.041
206.971,1.037
207.001,1.027
207.031,1.026
207.061,1.025
207.091,1.037
207.121,1.037
207.151,1.031
207.181,1.029
207.211,1.032
207.241,1.037
207.271,1.032
207.301,1.031
207.331,1.033
207.361,1.036
207.391,1.019
207.421,1.034
207.451,1.048
207.481,1.031
207.511,1.027
207.541,1.036
207.571,1.036
207.601,1.021
207.631,1.030
207.661,1.039
207.691,1.037
207.721,1.032
207.751,1.033
207.781,1.034
207.811,1.029
207.841,1.022
207.871,1.021
207.901,1.035
207.931,1.036
207.961,1.035
207.991,1.032
208.021,1.028
208.051,1.035
208.081,1.043
208.111,1.026
208.141,1.022
208.171,1.038
208.201,1.021
208.231,1.020
208.261,1.034
208.291,1.038
208.321,1.034
208.351,1.034
208.381,1.035
208.411,1.034
208.441,1.033
208.471,1.019
208.501,1.022
208.531,1.027
208.561,1.030
208.591,1.039
208.621,1.033
208.651,1.025
208.681,1.035
208.711,1.040
208.741,1.036
208.771,1.036
208.801,1.026
208.831,1.021
208.861,1.030
208.891,1.032
208.921,1.025
208.951,1.034
208.981,1.034
209.011,1.036
209.041,1.031
209.071,1.029
209.101,1.026
209.131,1.030
209.161,1.021
209.191,1.024
209.221,1.037
209.251,1.023
209.281,1.024
209.311,1.027
209.341,1.026
209.371,1.029
209.401,1.035
209.431,1.032
209.461,1.022
209.491,1.027
209.521,1.030
209.551,1.025
209.581,1.027
209.611,1.027
209.641,1.025
209.671,1.024
209.701,1.028
209.731,1.028
209.761,1.028
209.791,1.021
209.821,1.043
209.851,1.031
209.881,1.017
209.911,1.025
209.941,1.033
209.971,1.025
210.001,1.025
210.031,1.032
210.061,1.024
210.091,1.027
210.121,1.025
210.151,1.021
210.181,1.025
210.211,1.021
210.241,1.024
210.271,1.040
210.301,1.035
210.331,1.024
210.361,1.028
210.391,1.030
210.421,1.022
210.451,1.021
210.481,1.025
210.511,1.032
210.541,1.029
210.571,1.017
210.601,1.024
210.631,1.038
210.661,1.021
210.691,1.032
210.721,1.033
210.751,1.019
210.781,1.025
210.811,1.036
210.841,1.022
210.871,1.025
210.901,1.037
210.931,1.026
210.961,1.032
210.991,1.031
211.021,1.027
211.051,1.028
211.081,1.031
211.111,1.024
211.141,1.028
211.171,1.030
211.201,1.029
211.231,1.027
211.261,1.029
211.291,1.031
211.321,1.023
211.351,1.029
211.381,1.028
211.411,1.022
211.441,1.027
211.471,1.033
211.501,1.026
211.531,1.025
211.561,1.030
211.591,1.027
211.621,1.025
211.651,1.031
211.681,1.026
211.711,1.027
211.741,1.025
211.771,1.027
211.801,1.033
211.831,1.030
211.861,1.026
211.891,1.025
211.921,1.026
211.951,1.029
211.981,1.025
212.011,1.021
212.041,1.032
212.071,1.033
212.101,1.024
212.131,1.033
212.161,1.036
212.191,1.021
212.221,1.033
212.251,1.035
212.281,1.028
212.311,1.029
212.341,1.029
212.371,1.044
212.401,1.037
212.431,1.022
212.461,1.017
212.491,1.021
212.521,1.023
212.551,1.022
212.581,1.037
212.611,1.033
212.641,1.030
212.671,1.034
212.701,1.035
212.731,1.022
212.761,1.012
212.791,1.012
212.821,1.026
212.851,1.026
212.881,1.029
212.911,1.030
212.941,1.033
212.971,1.034
213.001,1.029
213.031,1.040
213.061,1.035
213.091,1.032
213.121,1.019
213.151,1.015
213.181,1.018
213.211,1.019
213.241,1.030
213.271,1.029
213.301,1.021
213.331,1.034
213.361,1.034
213.391,1.039
213.421,1.030
213.451,1.021
213.481,1.026
213.511,1.028
213.541,1.021
213.571,1.011
213.601,1.030
213.631,1.035
213.661,1.024
213.691,1.027
213.721,1.041
213.751,1.029
213.781,1.009
213.811,1.035
213.841,1.034
213.871,1.024
213.901,1.004
213.931,1.051
213.961,1.061
213.991,1.047
214.021,1.020
214.051,1.004
214.081,1.002
214.111,1.021
214.141,1.024
214.171,1.020
214.201,1.028
214.231,1.037
214.261,1.036
214.291,1.031
214.321,1.021
214.351,1.016
214.381,1.014
214.411,1.021
214.441,1.031
214.471,1.030
214.501,1.033
214.531,1.024
214.561,1.025
214.591,1.024
214.621,1.021
214.651,1.026
214.681,1.030
214.711,1.031
214.741,1.031
214.771,1.027
214.801,1.027
214.831,1.028
214.861,1.023
214.891,1.024
214.921,1.026
214.951,1.019
214.981,1.012
215.011,1.016
215.041,1.029
215.071,1.026
215.101,1.031
215.131,1.033
215.161,1.029
215.191,1.021
215.221,1.023
215.251,1.022
215.281,1.019
215.311,1.015
215.341,1.025
215.371,1.028
215.401,1.038
215.431,1.032
215.461,1.044
215.491,1.036
215.521,1.028
215.551,1.011
215.581,1.015
215.611,1.025
215.641,1.032
215.671,1.025
215.701,1.027
215.731,1.038
215.761,1.033
215.791,1.027
215.821,1.025
215.851,1.025
215.881,1.031
215.911,1.021
215.941,1.026
215.971,1.033
216.001,1.036
216.031,1.031
216.061,1.029
216.091,1.027
216.121,1.028
216.151,1.030
216.181,1.026
216.211,1.028
216.241,1.021
216.271,1.027
216.301,1.037
216.331,1.032
216.361,1.030
216.391,1.029
216.421,1.034
216.451,1.032
216.481,1.028
216.511,1.028
216.541,1.025
216.571,1.029
216.601,1.041
216.631,1.028
216.661,1.031
216.691,1.033
216.721,1.022
216.751,1.031
216.781,1.031
216.811,1.029
216.841,1.032
216.871,1.034
216.901,1.031
216.931,1.036
216.961,1.028
216.991,1.028
217.021,1.028
217.051,1.027
217.081,1.028
217.111,1.033
217.141,1.031
217.171,1.031
217.201,1.028
217.231,1.035
217.261,1.033
217.291,1.030
217.321,1.025
217.351,1.033
217.381,1.034
217.411,1.032
217.441,1.027
217.471,1.031
217.501,1.023
217.531,1.028
217.561,1.031
217.591,1.029
217.621,1.026
217.651,1.032
217.681,1.030
217.711,1.025
217.741,1.030
217.771,1.030
217.801,1.028
217.831,1.032
217.861,1.034
217.891,1.030
217.921,1.026
217.951,1.034
217.981,1.030
218.011,1.030
218.041,1.032
218.071,1.034
218.101,1.032
218.131,1.032
218.161,1.020
218.191,1.034
218.221,1.027
218.251,1.029
218.281,1.034
218.311,1.028
218.341,1.025
218.371,1.031
218.401,1.030
218.431,1.021
218.461,1.030
218.491,1.033
218.521,1.027
218.551,1.028
218.581,1.029
218.611,1.027
218.641,1.028
218.671,1.034
218.701,1.032
218.731,1.025
218.761,1.028
218.791,1.033
218.821,1.027
218.851,1.024
218.881,1.028
218.911,1.039
218.941,1.029
218.971,1.025
219.001,1.035
219.031,1.028
219.061,1.026
219.091,1.033
219.121,1.030
219.151,1.028
219.181,1.031
219.211,1.029
219.241,1.025
219.271,1.037
219.301,1.032
219.331,1.029
219.361,1.030
219.391,1.028
219.421,1.030
219.451,1.029
219.481,1.032
219.511,1.029
219.541,1.027
219.571,1.035
219.601,1.030
219.631,1.027
219.661,1.033
219.691,1.036
219.721,1.025
219.751,1.028
219.781,1.032
219.811,1.027
219.841,1.024
219.871,1.027
219.901,1.026
219.931,1.027
219.961,1.030
219.991,1.017
220.021,1.016
220.051,1.030
220.081,1.033
220.111,1.032
220.141,1.034
220.171,1.038
220.201,1.033
220.231,1.029
220.261,1.017
220.291,1.026
220.321,1.026
220.351,1.038
220.381,1.044
220.411,1.042
220.441,1.036
220.471,1.017
220.501,1.014
220.531,1.020
220.561,1.021
220.591,1.034
220.621,1.032
220.651,1.036
220.681,1.027
220.711,1.018
220.741,1.034
220.771,1.021
220.801,1.026
220.831,1.029
220.861,1.028
220.891,1.030
220.921,1.021
220.951,1.024
220.981,1.019
221.011,1.021
221.041,1.027
221.071,1.031
221.101,1.033
221.131,1.025
221.161,1.023
221.191,1.022
221.221,1.027
221.251,1.032
221.281,1.032
221.311,1.021
221.341,1.025
221.371,1.032
221.401,1.031
221.431,1.024
221.461,1.017
221.491,1.021
221.521,1.031
221.551,1.024
221.581,1.023
221.611,1.023
221.641,1.031
221.671,1.031
221.701,1.031
221.731,1.028
221.761,1.030
221.791,1.030
221.821,1.023
221.851,1.023
221.881,1.022
221.911,1.023
221.941,1.025
221.971,1.023
222.001,1.026
222.031,1.026
222.061,1.029
222.091,1.029
222.121,1.025
222.151,1.036
222.181,1.029
222.211,1.013
222.241,1.028
222.271,1.023
222.301,1.023
222.331,1.024
222.361,1.021
222.391,1.018
222.421,1.026
222.451,1.041
222.481,1.035
222.511,1.025
222.541,1.028
222.571,1.031
222.601,1.019
222.631,1.017
222.661,1.038
222.691,1.030
222.721,1.023
222.751,1.031
222.781,1.015
222.811,1.021
222.841,1.037
222.871,1.023
222.901,1.028
222.931,1.027
222.961,1.025
222.991,1.026
223.021,1.018
223.051,1.021
223.081,1.035
223.111,1.034
223.141,1.036
223.171,1.018
223.201,1.013
223.231,1.014
223.261,1.021
223.291,1.028
223.321,1.028
223.351,1.029
223.381,1.036
223.411,1.027
223.441,1.028
223.471,1.032
223.501,1.026
223.531,1.019
223.561,1.020
223.591,1.022
223.621,1.024
223.651,1.021
223.681,1.022
223.711,1.020
223.741,1.034
223.771,1.026
223.801,1.017
223.831,1.022
223.861,1.025
223.891,1.026
223.921,1.025
223.951,1.029
223.981,1.028
224.011,1.025
224.041,1.024
224.071,1.026
224.101,1.021
224.131,1.024
224.161,1.023
224.191,1.024
224.221,1.025
224.251,1.021
224.281,1.029
224.311,1.022
224.341,1.024
224.371,1.029
224.401,1.031
224.431,1.022
224.461,1.021
224.491,1.026
224.521,1.027
224.551,1.019
224.581,1.027
224.611,1.035
224.641,1.019
224.671,1.021
224.701,1.033
224.731,1.025
224.761,1.017
224.791,1.031
224.821,1.034
224.851,1.022
224.881,1.021
224.911,1.027
224.941,1.025
224.971,1.029
225.001,1.026
225.031,1.022
225.061,1.025
225.091,1.028
225.121,1.022
225.151,1.030
225.181,1.028
225.211,1.023
225.241,1.024
225.271,1.024
225.301,1.031
225.331,1.021
225.361,1.026
225.391,1.028
225.421,1.023
225.451,1.028
225.481,1.021
225.511,1.025
225.541,1.030
225.571,1.025
225.601,1.021
225.631,1.031
225.661,1.021
225.691,1.021
225.721,1.032
225.751,1.030
225.781,1.029
225.811,1.047
225.841,1.050
225.871,1.024
225.901,1.027
225.931,1.050
225.961,1.012
225.991,0.998
226.021,1.041
226.051,1.038
226.081,1.023
226.111,1.011
226.141,1.018
226.171,1.020
226.201,1.017
226.231,1.010
226.261,1.035
226.291,1.036
226.321,1.017
226.351,1.001
226.381,1.016
226.411,1.014
226.441,1.014
226.471,1.040
226.501,1.021
226.531,1.004
226.561,1.012
226.591,1.013
226.621,1.009
226.651,1.009
226.681,1.028
226.711,1.026
226.741,1.029
226.771,1.033
226.801,1.021
226.831,1.028
226.861,1.034
226.891,1.036
226.921,1.029
226.951,1.014
226.981,1.015
227.011,1.022
227.041,1.019
227.071,1.027
227.101,1.025
227.131,1.020
227.161,1.028
227.191,1.034
227.221,1.031
227.251,1.027
227.281,1.020
227.311,1.021
227.341,1.025
227.371,1.034
227.401,1.051
227.431,1.043
227.461,1.042
227.491,1.032
227.521,1.017
227.551,1.028
227.581,1.037
227.611,1.032
227.641,1.014
227.671,1.003
227.701,1.015
227.731,1.017
227.761,1.008
227.791,1.019
227.821,1.037
227.851,1.026
227.881,1.022
227.911,1.035
227.941,1.036
227.971,1.030
228.001,1.021
228.031,1.022
228.061,1.025
228.091,1.030
228.121,1.026
228.151,1.038
228.181,1.030
228.211,1.032
228.241,1.032
228.271,1.028
228.301,1.029
228.331,1.026
228.361,1.031
228.391,1.033
228.421,1.043
228.451,1.040
228.481,1.029
228.511,1.035
228.541,1.034
228.571,1.029
228.601,1.041
228.631,1.037
228.661,1.043
228.691,1.040
228.721,1.032
228.751,1.026
228.781,1.039
228.811,1.032
228.841,1.026
228.871,1.028
228.901,1.038
228.931,1.033
228.961,1.032
228.991,1.035
229.021,1.036
229.051,1.026
229.081,1.022
229.111,1.028
229.141,1.035
229.171,1.044
229.201,1.043
229.231,1.032
229.261,1.037
229.291,1.039
229.321,1.033
229.351,1.043
229.381,1.037
229.411,1.042
229.441,1.046
229.471,1.041
229.501,1.035
229.531,1.037
229.561,1.044
229.591,1.031
229.621,1.017
229.651,1.022
229.681,1.038
229.711,1.040
229.741,1.029
229.771,1.024
229.801,1.031
229.831,1.028
229.861,1.029
229.891,1.039
229.921,1.038
229.951,1.036
229.981,1.038
230.011,1.036
230.041,1.031
230.071,1.029
230.101,1.026
230.131,1.035
230.161,1.030
230.191,1.031
230.221,1.041
230.251,1.039
230.281,1.042
230.311,1.036
230.341,1.044
230.371,1.046
230.401,1.044
230.431,1.045
230.461,1.049
230.491,1.048
230.521,1.044
230.551,1.038
230.581,1.040
230.611,1.052
230.641,1.056
230.671,1.048
230.701,1.057
230.731,1.058
230.761,1.045
230.791,1.044
230.821,1.041
230.851,1.042
230.881,1.031
230.911,1.029
230.941,1.035
230.971,1.044
231.001,1.047
231.031,1.036
231.061,1.037
231.091,1.043
231.121,1.043
231.151,1.047
231.181,1.038
231.211,1.038
231.241,1.045
231.271,1.039
231.301,1.041
231.331,1.039
231.361,1.039
231.391,1.040
231.421,1.046
231.451,1.042
231.481,1.039
231.511,1.046
231.541,1.046
231.571,1.044
231.601,1.043
231.631,1.043
231.661,1.045
231.691,1.038
231.721,1.037
231.751,1.033
231.781,1.059
231.811,1.072
231.841,1.055
231.871,1.033
231.901,1.022
231.931,1.034
231.961,1.061
231.991,1.051
232.021,1.045
232.051,1.051
232.081,1.039
232.111,1.038
232.141,1.035
232.171,1.034
232.201,1.039
232.231,1.036
232.261,1.037
232.291,1.038
232.321,1.036
232.351,1.037
232.381,1.042
232.411,1.037
232.441,1.040
232.471,1.046
232.501,1.041
232.531,1.038
232.561,1.032
232.591,1.034
232.621,1.037
232.651,1.040
232.681,1.044
232.711,1.042
232.741,1.042
232.771,1.043
232.801,1.041
232.831,1.042
232.861,1.043
232.891,1.045
232.921,1.049
232.951,1.042
232.981,1.038
233.011,1.040
233.041,1.032
233.071,1.041
233.101,1.055
233.131,1.047
233.161,1.039
233.191,1.036
233.221,1.048
233.251,1.041
233.281,1.029
233.311,1.037
233.341,1.065
233.371,1.065
233.401,1.045
233.431,1.034
233.461,1.027
233.491,1.031
233.521,1.029
233.551,1.036
233.581,1.049
233.611,1.045
233.641,1.045
233.671,1.058
233.701,1.077
233.731,1.034
233.761,1.028
233.791,1.034
233.821,1.034
233.851,1.025
233.881,1.046
233.911,1.028
233.941,1.033
233.971,1.052
234.001,1.052
234.031,1.040
234.061,1.036
234.091,1.034
234.121,1.025
234.151,1.046
234.181,1.048
234.211,1.049
234.241,1.055
234.271,1.036
234.301,1.039
234.331,1.061
234.361,1.055
234.391,1.050
234.421,1.046
234.451,1.042
234.481,1.049
234.511,1.042
234.541,1.050
234.571,1.049
234.601,1.045
234.631,1.050
234.661,1.057
234.691,1.051
234.721,1.052
234.751,1.056
234.781,1.044
234.811,1.033
234.841,1.051
234.871,1.050
234.901,1.049
234.931,1.046
234.961,1.046
234.991,1.041
235.021,1.028
235.051,1.007
235.081,0.935
235.111,0.999
235.141,1.073
235.171,1.101
235.201,1.088
235.231,1.078
235.261,1.070
235.291,1.053
235.321,1.035
235.351,1.022
235.381,1.026
235.411,1.037
235.441,1.034
235.471,1.066
235.501,1.113
235.531,1.057
235.561,1.019
235.591,1.014
235.621,1.009
235.651,0.990
235.681,1.015
235.711,1.017
235.741,0.994
235.771,0.989
235.801,1.010
235.831,0.988
235.861,1.002
235.891,1.004
235.921,1.028
235.951,1.038
235.981,1.028
236.011,1.046
236.041,1.051
236.071,1.031
236.101,0.987
236.131,1.019
236.161,1.099
236.191,1.069
236.221,1.020
236.251,1.006
236.281,1.021
236.311,1.029
236.341,1.031
236.371,1.049
236.401,1.038
236.431,1.037
236.461,1.015
236.491,1.005
236.521,1.005
236.551,1.021
236.581,1.033
236.611,1.044
236.641,1.060
236.671,1.012
236.701,1.010
236.731,1.010
236.761,1.001
236.791,1.007
236.821,1.018
236.851,1.020
236.881,1.015
236.911,1.023
236.941,1.040
236.971,1.041
237.001,1.024
237.031,1.025
237.061,1.018
237.091,1.018
237.121,1.026
237.151,1.026
237.181,1.042
237.211,1.072
237.241,1.062
237.271,1.053
237.301,1.071
237.331,1.080
237.361,1.061
237.391,1.024
237.421,1.048
237.451,1.044
237.481,1.026
237.511,1.008
237.541,1.025
237.571,1.045
237.601,1.030
237.631,1.035
237.661,1.029
237.691,1.029
237.721,1.036
237.751,1.038
237.781,1.025
237.811,1.037
237.841,1.020
237.871,1.016
237.901,1.025
237.931,1.047
237.961,1.036
237.991,1.025
238.021,1.021
238.051,1.026
238.081,1.035
238.111,1.039
238.141,1.034
238.171,1.040
238.201,1.033
238.231,1.045
238.261,1.035
238.291,1.031
238.321,1.030
238.351,1.025
238.381,1.033
238.411,1.029
238.441,1.024
238.471,1.029
238.501,1.023
238.531,1.024
238.561,1.034
238.591,1.039
238.621,1.026
238.651,1.031
238.681,1.045
238.711,1.038
238.741,1.046
238.771,1.051
238.801,1.048
238.831,1.047
238.861,1.082
238.891,1.063
238.921,1.048
238.951,1.024
238.981,1.022
239.011,1.035
239.041,1.040
239.071,1.017
239.101,1.009
239.131,1.012
239.161,1.025
239.191,1.045
239.221,1.048
239.251,1.045
239.281,1.029
239.311,1.031
239.341,1.037
239.371,1.026
239.401,1.044
239.431,1.043
239.461,1.040
239.491,1.050
239.521,1.041
239.551,1.043
239.581,1.044
239.611,1.047
239.641,1.027
239.671,1.038
239.701,1.060
239.731,1.052
239.761,1.053
239.791,1.060
239.821,1.047
239.851,1.048
239.881,1.056
239.911,1.062
239.941,1.044
239.971,1.038
240.001,1.028
240.031,1.022
240.061,1.037
240.091,1.037
240.121,1.042
240.151,1.040
240.181,1.040
240.211,1.051
240.241,1.040
240.271,1.042
240.301,1.049
240.331,1.043
240.361,1.042
240.391,1.041
240.421,1.039
240.451,1.037
240.481,1.053
240.511,1.044
240.541,1.055
240.571,1.050
240.601,1.047
240.631,1.049
240.661,1.050
240.691,1.046
240.721,1.041
240.751,1.047
240.781,1.062
240.811,1.031
240.841,1.037
240.871,1.063
240.901,1.042
240.931,1.044
240.961,1.055
240.991,1.060
241.021,1.041
241.051,1.054
241.081,1.043
241.111,1.026
241.141,1.031
241.171,1.024
241.201,1.023
241.231,1.056
241.261,1.016
241.291,1.034
241.321,1.037
241.351,1.042
241.381,1.035
241.411,1.040
241.441,1.053
241.471,1.057
241.501,1.059
241.531,1.054
241.561,1.017
241.591,1.008
241.621,1.078
241.651,1.083
241.681,1.039
241.711,1.038
241.741,1.025
241.771,1.038
241.801,1.007
241.831,0.973
241.861,1.016
241.891,1.044
241.921,1.021
241.951,1.001
241.981,1.033
242.011,1.068
242.041,0.893
242.071,0.995
242.101,1.089
242.131,1.121
242.161,1.091
242.191,1.067
242.221,1.095
242.251,1.101
242.281,1.050
242.311,1.006
242.341,0.985
242.371,0.971
242.401,0.955
242.431,0.982
242.461,1.029
242.491,1.004
242.521,1.019
242.551,1.027
242.581,1.020
242.611,1.069
242.641,1.061
242.671,1.025
242.701,1.046
242.731,1.056
242.761,1.055
242.791,1.080
242.821,1.060
242.851,1.054
242.881,1.045
242.911,1.056
242.941,1.052
242.971,1.050
243.001,1.068
243.031,1.057
243.061,1.044
243.091,1.071
243.121,1.065
243.151,1.046
243.181,1.068
243.211,1.067
243.241,1.037
243.271,1.052
243.301,1.064
243.331,1.055
243.361,1.055
243.391,1.057
243.421,1.053
243.451,1.051
243.481,1.016
243.511,1.045
243.541,1.067
243.571,1.053
243.601,1.051
243.631,1.042
243.661,1.064
243.691,1.059
243.721,1.055
243.751,1.051
243.781,1.050
243.811,1.042
243.841,1.041
243.871,1.050
243.901,1.028
243.931,1.024
243.961,1.035
243.991,1.030
244.021,1.029
244.051,1.042
244.081,1.054
244.111,1.038
244.141,1.031
244.171,1.058
244.201,1.028
244.231,1.046
244.261,1.055
244.291,1.045
244.321,1.037
244.351,1.055
244.381,1.051
244.411,1.037
244.441,1.037
244.471,1.050
244.501,1.041
244.531,1.045
244.561,1.061
244.591,1.059
244.621,1.032
244.651,1.039
244.681,1.060
244.711,1.052
244.741,1.036
244.771,1.049
244.801,1.042
244.831,1.035
244.861,1.044
244.891,1.049
244.921,1.048
244.951,1.052
244.981,1.049
245.011,1.048
245.041,1.042
245.071,1.041
245.101,1.040
245.131,1.057
245.161,1.043
245.191,1.042
245.221,1.051
245.251,1.044
245.281,1.033
245.311,1.040
245.341,1.047
245.371,1.044
245.401,1.044
245.431,1.049
245.461,1.041
245.491,1.037
245.521,1.040
245.551,1.050
245.581,1.045
245.611,1.040
245.641,1.041
245.671,1.047
245.701,1.055
245.731,1.040
245.761,1.039
245.791,1.047
245.821,1.041
245.851,1.048
245.881,1.046
245.911,1.059
245.941,1.057
245.971,1.035
246.001,1.042
246.031,1.037
246.061,1.034
246.091,1.043
246.121,1.049
246.151,1.050
246.181,1.058
246.211,1.053
246.241,1.045
246.271,1.043
246.301,1.047
246.331,1.040
246.361,1.053
246.391,1.043
246.421,1.042
246.451,1.048
246.481,1.045
246.511,1.047
246.541,1.056
246.571,1.048
246.601,1.054
246.631,1.053
246.661,1.033
246.691,1.040
246.721,1.054
246.751,1.046
246.781,1.053
246.811,1.042
246.841,1.037
246.871,1.041
246.901,1.058
246.931,1.032
246.961,1.053
246.991,1.050
247.021,1.043
247.051,1.039
247.081,1.046
247.111,1.042
247.141,1.041
247.171,1.053
247.201,1.040
247.231,1.044
247.261,1.054
247.291,1.052
247.321,1.045
247.351,1.044
247.381,1.048
247.411,1.041
247.441,1.038
247.471,1.032
247.501,1.042
247.531,1.040
247.561,1.048
247.591,1.047
247.621,1.053
247.651,1.059
247.681,1.030
247.711,1.038
247.741,1.048
247.771,1.043
247.801,1.039
247.831,1.058
247.861,1.053
247.891,1.045
247.921,1.064
247.951,1.074
247.981,1.056
248.011,1.008
248.041,1.025
248.071,1.021
248.101,1.048
248.131,1.050
248.161,1.042
248.191,1.060
248.221,1.061
248.251,1.063
248.281,1.056
248.311,1.039
248.341,1.032
248.371,1.052
248.401,1.064
248.431,1.063
248.461,1.048
248.491,1.062
248.521,1.050
248.551,1.043
248.581,1.043
248.611,1.053
248.641,1.056
248.671,1.052
248.701,1.050
248.731,1.062
248.761,1.052
248.791,1.055
248.821,1.062
248.851,1.052
248.881,1.047
248.911,1.044
248.941,1.062
248.971,1.056
249.001,1.050
249.031,1.053
249.061,1.037
249.091,1.056
249.121,1.063
249.151,1.044
249.181,1.043
249.211,1.061
249.241,1.055
249.271,1.045
249.301,1.054
249.331,1.050
249.361,1.055
249.391,1.052
249.421,1.060
249.451,1.055
249.481,1.050
249.511,1.054
249.541,1.050
249.571,1.054
249.601,1.051
249.631,1.053
249.661,1.057
249.691,1.052
249.721,1.046
249.751,1.048
249.781,1.053
249.811,1.057
249.841,1.054
249.871,1.054
249.901,1.055
249.931,1.058
249.961,1.056
249.991,1.049
250.021,1.052
250.051,1.050
250.081,1.050
250.111,1.056
250.141,1.054
250.171,1.045
250.201,1.054
250.231,1.047
250.261,1.055
250.291,1.053
250.321,1.058
250.351,1.058
250.381,1.054
250.411,1.056
250.441,1.057
250.471,1.056
250.501,1.053
250.531,1.039
250.561,1.055
250.591,1.055
250.621,1.058
250.651,1.050
250.681,1.046
250.711,1.049
250.741,1.062
250.771,1.049
250.801,1.053
250.831,1.054
250.861,1.051
250.891,1.057
250.921,1.058
250.951,1.042
250.981,1.056
251.011,1.057
251.041,1.063
251.071,1.033
251.101,1.059
251.131,1.047
251.161,1.059
251.191,1.059
251.221,1.023
251.251,1.051
251.281,1.065
251.311,1.046
251.341,1.061
251.371,1.062
251.401,1.042
251.431,1.048
251.461,1.048
251.491,1.049
251.521,1.060
251.551,1.054
251.581,1.046
251.611,1.048
251.641,1.058
251.671,1.041
251.701,1.044
251.731,1.064
251.761,1.052
251.791,1.052
251.821,1.051
251.851,1.051
251.881,1.062
251.911,1.059
251.941,1.051
251.971,1.050
252.001,1.046
252.031,1.060
252.061,1.051
252.091,1.042
252.121,1.055
252.151,1.061
252.181,1.061
252.211,1.063
252.241,1.068
252.271,1.062
252.301,1.053
252.331,1.050
252.361,1.053
252.391,1.053
252.421,1.062
252.451,1.064
252.481,1.071
252.511,1.056
252.541,1.066
252.571,1.055
252.601,1.051
252.631,1.068
252.661,1.061
252.691,1.051
252.721,1.049
252.751,1.036
252.781,1.061
252.811,1.053
252.841,1.046
252.871,1.027
252.901,1.036
252.931,1.055
252.961,1.059
252.991,1.045
253.021,1.030
253.051,1.050
253.081,1.054
253.111,1.067
253.141,1.072
253.171,1.092
253.201,1.078
253.231,1.055
253.261,1.044
253.291,1.039
253.321,1.031
253.351,1.024
253.381,1.036
253.411,1.034
253.441,1.039
253.471,1.044
253.501,1.056
253.531,1.062
253.561,1.055
253.591,1.053
253.621,1.074
253.651,1.062
253.681,1.062
253.711,1.073
253.741,1.068
253.771,1.066
253.801,1.059
253.831,1.062
253.861,1.052
253.891,1.047
253.921,1.051
253.951,1.061
253.981,1.054
254.011,1.061
254.041,1.054
254.071,1.052
254.101,1.062
254.131,1.061
254.161,1.058
254.191,1.061
254.221,1.054
254.251,1.051
254.281,1.053
254.311,1.056
254.341,1.052
254.371,1.055
254.401,1.071
254.431,1.066
254.461,1.066
254.491,1.066
254.521,1.073
254.551,1.075
254.581,1.056
254.611,1.068
254.641,1.066
254.671,1.070
254.701,1.081
254.731,1.085
254.761,1.059
254.791,1.082
254.821,1.076
254.851,1.046
254.881,1.027
254.911,1.050
254.941,1.048
254.971,1.026
255.001,1.043
255.031,1.072
255.061,1.076
255.091,1.068
255.121,1.070
255.151,1.082
255.181,1.075
255.211,1.059
255.241,1.040
255.271,1.032
255.301,1.043
255.331,1.064
255.361,1.053
255.391,1.022
255.421,1.034
255.451,1.058
255.481,1.054
255.511,1.025
255.541,1.043
255.571,1.073
255.601,1.050
255.631,1.039
255.661,1.054
255.691,1.057
255.721,1.047
255.751,1.049
255.781,1.051
255.811,1.051
255.841,1.060
255.871,1.079
255.901,1.050
255.931,1.055
255.961,1.064
255.991,1.045
256.021,1.055
256.051,1.070
256.081,1.070
256.111,1.067
256.141,1.051
256.171,1.044
256.201,1.052
256.231,1.051
256.261,1.040
256.291,1.079
256.321,1.053
256.351,1.039
256.381,1.057
256.411,1.076
256.441,1.036
256.471,1.062
256.501,1.063
256.531,1.035
256.561,1.064
256.591,1.079
256.621,1.072
256.651,1.064
256.681,1.055
256.711,1.074
256.741,1.079
256.771,1.086
256.801,1.068
256.831,1.062
256.861,1.090
256.891,1.075
256.921,1.070
256.951,1.072
256.981,1.079
257.011,1.078
257.041,1.083
257.071,1.076
257.101,1.062
257.131,1.067
257.161,1.063
257.191,1.066
257.221,1.059
257.251,1.065
257.281,1.077
257.311,1.067
257.341,1.072
257.371,1.064
257.401,1.071
257.431,1.076
257.461,1.062
257.491,1.060
257.521,1.067
257.551,1.068
257.581,1.065
257.611,1.059
257.641,1.065
257.671,1.069
257.701,1.062
257.731,1.069
257.761,1.070
257.791,1.058
257.821,1.055
257.851,1.073
257.881,1.071
257.911,1.049
257.941,1.064
257.971,1.066
258.001,1.062
258.031,1.059
258.061,1.075
258.091,1.068
258.121,1.057
258.151,1.062
258.181,1.062
258.211,1.059
258.241,1.083
258.271,1.085
258.301,1.068
258.331,1.058
258.361,1.076
258.391,1.069
258.421,1.059
258.451,1.070
258.481,1.062
258.511,1.061
258.541,1.066
258.571,1.067
258.601,1.066
258.631,1.069
258.661,1.063
258.691,1.062
258.721,1.062
258.751,1.059
258.781,1.076
258.811,1.075
258.841,1.067
258.871,1.062
258.901,1.058
258.931,1.057
258.961,1.063
258.991,1.069
259.021,1.072
259.051,1.069
259.081,1.072
259.111,1.062
259.141,1.050
259.171,1.071
259.201,1.062
259.231,1.064
259.261,1.077
259.291,1.061
259.321,1.055
259.351,1.059
259.381,1.054
259.411,1.070
259.441,1.102
259.471,1.099
259.501,1.074
259.531,1.066
259.561,1.072
259.591,1.062
259.621,1.062
259.651,1.066
259.681,1.056
259.711,1.076
259.741,1.075
259.771,1.066
259.801,1.062
259.831,1.067
259.861,1.065
259.891,1.065
259.921,1.072
259.951,1.068
259.981,1.071
260.011,1.069
260.041,1.064
260.071,1.071
260.101,1.067
260.131,1.051
260.161,1.075
260.191,1.069
260.221,1.060
260.251,1.080
260.281,1.073
260.311,1.037
260.341,1.072
260.371,1.069
260.401,1.057
260.431,1.064
260.461,1.062
260.491,1.051
260.521,1.077
260.551,1.063
260.581,1.053
260.611,1.078
260.641,1.070
260.671,1.053
260.701,1.065
260.731,1.061
260.761,1.065
260.791,1.062
260.821,1.061
260.851,1.065
260.881,1.064
260.911,1.066
260.941,1.064
260.971,1.078
261.001,1.068
261.031,1.055
261.061,1.060
261.091,1.074
261.121,1.077
261.151,1.060
261.181,1.067
261.211,1.065
261.241,1.064
261.271,1.067
261.301,1.068
261.331,1.070
261.361,1.051
261.391,1.066
261.421,1.083
261.451,1.076
261.481,1.054
261.511,1.054
261.541,1.067
261.571,1.064
261.601,1.063
261.631,1.064
261.661,1.077
261.691,1.069
261.721,1.066
261.751,1.069
261.781,1.065
261.811,1.065
261.841,1.063
261.871,1.077
261.901,1.071
261.931,1.065
261.961,1.076
261.991,1.056
262.021,1.048
262.051,1.066
262.081,1.078
262.111,1.069
262.141,1.059
262.171,1.056
262.201,1.068
262.231,1.067
262.261,1.067
262.291,1.069
262.321,1.068
262.351,1.067
262.381,1.069
262.411,1.068
262.441,1.057
262.471,1.070
262.501,1.066
262.531,1.062
262.561,1.077
262.591,1.085
262.621,1.063
262.651,1.061
262.681,1.043
262.711,1.069
262.741,1.100
262.771,1.063
262.801,1.063
262.831,1.074
262.861,1.076
262.891,1.120
262.921,1.091
262.951,1.055
262.981,1.061
263.011,1.037
263.041,1.067
263.071,1.080
263.101,1.058
263.131,1.050
263.161,1.025
263.191,1.054
263.221,1.075
263.251,1.055
263.281,1.056
263.311,1.049
263.341,1.049
263.371,1.075
263.401,1.103
263.431,1.084
263.461,1.072
263.491,1.071
263.521,1.048
263.551,1.039
263.581,1.062
263.611,1.060
263.641,1.060
263.671,1.054
263.701,1.063
263.731,1.072
263.761,1.057
263.791,1.054
263.821,1.062
263.851,1.064
263.881,1.070
263.911,1.049
263.941,1.065
263.971,1.060
264.001,1.059
264.031,1.067
264.061,1.057
264.091,1.060
264.121,1.062
264.151,1.034
264.181,1.057
264.211,1.071
264.241,1.062
264.271,1.057
264.301,1.066
264.331,1.074
264.361,1.059
264.391,1.062
264.421,1.079
264.451,1.096
264.481,1.097
264.511,1.114
264.541,1.088
264.571,1.028
264.601,1.013
264.631,1.004
264.661,1.001
264.691,1.026
264.721,1.043
264.751,1.080
264.781,1.074
264.811,1.043
264.841,1.063
264.871,1.073
264.901,1.052
264.931,1.060
264.961,1.064
264.991,1.067
265.021,1.026
265.051,1.037
265.081,1.052
265.111,1.052
265.141,1.043
265.171,1.050
265.201,1.041
265.231,1.075
265.261,1.078
265.291,1.082
265.321,1.064
265.351,1.047
265.381,1.073
265.411,1.073
265.441,1.055
265.471,1.025
265.501,1.062
265.531,1.104
265.561,1.082
265.591,1.051
265.621,1.071
265.651,1.097
265.681,1.077
265.711,1.064
265.741,1.073
265.771,1.078
265.801,1.076
265.831,1.075
265.861,1.072
265.891,1.059
265.921,1.053
265.951,1.069
265.981,1.078
266.011,1.080
266.041,1.066
266.071,1.060
266.101,1.064
266.131,1.066
266.161,1.060
266.191,1.065
266.221,1.067
266.251,1.075
266.281,1.072
266.311,1.064
266.341,1.061
266.371,1.050
266.401,1.072
266.431,1.062
266.461,1.062
266.491,1.066
266.521,1.063
266.551,1.063
266.581,1.072
266.611,1.068
266.641,1.066
266.671,1.073
266.701,1.065
266.731,1.074
266.761,1.062
266.791,1.069
266.821,1.072
266.851,1.061
266.881,1.065
266.911,1.060
266.941,1.052
266.971,1.073
267.001,1.073
267.031,1.071
267.061,1.070
267.091,1.080
267.121,1.086
267.151,1.079
267.181,1.080
267.211,1.101
267.241,1.082
267.271,1.075
267.301,1.087
267.331,1.086
267.361,1.062
267.391,1.064
267.421,1.068
267.451,1.050
267.481,1.045
267.511,1.058
267.541,1.063
267.571,1.069
267.601,1.068
267.631,1.050
267.661,1.043
267.691,1.048
267.721,1.044
267.751,1.061
267.781,1.053
267.811,1.038
267.841,1.048
267.871,1.045
267.901,1.053
267.931,1.054
267.961,1.041
267.991,1.050
268.021,1.051
268.051,1.047
268.081,1.007
268.111,1.007
268.141,1.016
268.171,0.999
268.201,1.058
268.231,1.136
268.261,1.094
268.291,1.075
268.321,1.127
268.351,1.103
268.381,1.074
268.411,1.024
268.441,1.062
268.471,1.068
268.501,1.025
268.531,1.070
268.561,1.089
268.591,1.066
268.621,1.086
268.651,1.104
268.681,1.081
268.711,1.104
268.741,1.083
268.771,1.052
268.801,1.048
268.831,1.105
268.861,1.094
268.891,1.031
268.921,1.080
268.951,1.096
268.981,1.074
269.011,1.045
269.041,1.050
269.071,1.048
269.101,1.042
269.131,1.026
269.161,1.022
269.191,1.036
269.221,1.062
269.251,1.071
269.281,1.077
269.311,1.058
269.341,1.083
269.371,1.066
269.401,1.037
269.431,1.023
269.461,1.023
269.491,1.035
269.521,1.032
269.551,1.049
269.581,1.059
269.611,1.078
269.641,1.095
269.671,1.081
269.701,1.083
269.731,1.077
269.761,1.048
269.791,1.055
269.821,1.075
269.851,1.078
269.881,1.065
269.911,1.070
269.941,1.070
269.971,1.058
270.001,1.067
270.031,1.063
270.061,1.080
270.091,1.073
270.121,1.061
270.151,1.076
270.181,1.067
270.211,1.075
270.241,1.068
270.271,1.067
270.301,1.060
270.331,1.062
270.361,1.065
270.391,1.074
270.421,1.070
270.451,1.072
270.481,1.079
270.511,1.070
270.541,1.074
270.571,1.066
270.601,1.061
270.631,1.064
270.661,1.056
270.691,1.064
270.721,1.074
270.751,1.075
270.781,1.074
270.811,1.073
270.841,1.072
270.871,1.074
270.901,1.078
270.931,1.075
270.961,1.062
270.991,1.056
271.021,1.068
271.051,1.072
271.081,1.072
271.111,1.058
271.141,1.069
271.171,1.069
271.201,1.061
271.231,1.061
271.261,1.077
271.291,1.061
271.321,1.053
271.351,1.076
271.381,1.076
271.411,1.067
271.441,1.070
271.471,1.075
271.501,1.071
271.531,1.064
271.561,1.081
271.591,1.073
271.621,1.073
271.651,1.063
271.681,1.069
271.711,1.062
271.741,1.067
271.771,1.071
271.801,1.069
271.831,1.070
271.861,1.055
271.891,1.071
271.921,1.060
271.951,1.063
271.981,1.061
272.011,1.064
272.041,1.069
272.071,1.072
272.101,1.064
272.131,1.064
272.161,1.074
272.191,1.071
272.221,1.070
272.251,1.068
272.281,1.069
272.311,1.062
272.341,1.061
272.371,1.071
272.401,1.070
272.431,1.068
272.461,1.071
272.491,1.068
272.521,1.059
272.551,1.078
272.581,1.088
272.611,1.066
272.641,1.057
272.671,1.066
272.701,1.064
272.731,1.064
272.761,1.071
272.791,1.074
272.821,1.071
272.851,1.062
272.881,1.074
272.911,1.070
272.941,1.071
272.971,1.079
273.001,1.076
273.031,1.079
273.061,1.065
273.091,1.065
273.121,1.064
273.151,1.057
273.181,1.060
273.211,1.062
273.241,1.067
273.271,1.074
273.301,1.076
273.331,1.072
273.361,1.071
273.391,1.057
273.421,1.079
273.451,1.077
273.481,1.072
273.511,1.071
273.541,1.076
273.571,1.064
273.601,1.074
273.631,1.070
273.661,1.059
273.691,1.075
273.721,1.071
273.751,1.058
273.781,1.068
273.811,1.078
273.841,1.068
273.871,1.068
273.901,1.062
273.931,1.054
273.961,1.066
273.991,1.080
274.021,1.068
274.051,1.056
274.081,1.071
274.111,1.072
274.141,1.066
274.171,1.080
274.201,1.084
274.231,1.066
274.261,1.050
274.291,1.062
274.321,1.065
274.351,1.058
274.381,1.072
274.411,1.076
274.441,1.083
274.471,1.068
274.501,1.062
274.531,1.083
274.561,1.067
274.591,1.059
274.621,1.084
274.651,1.079
274.681,1.054
274.711,1.069
274.741,1.076
274.771,1.074
274.801,1.075
274.831,1.076
274.861,1.074
274.891,1.069
274.921,1.071
274.951,1.076
274.981,1.065
275.011,1.066
275.041,1.071
275.071,1.069
275.101,1.070
275.131,1.062
275.161,1.068
275.191,1.069
275.221,1.066
275.251,1.083
275.281,1.081
275.311,1.064
275.341,1.060
275.371,1.071
275.401,1.072
275.431,1.063
275.461,1.062
275.491,1.066
275.521,1.075
275.551,1.074
275.581,1.062
275.611,1.062
275.641,1.069
275.671,1.073
275.701,1.068
275.731,1.068
275.761,1.067
275.791,1.067
275.821,1.071
275.851,1.068
275.881,1.080
275.911,1.084
275.941,1.074
275.971,1.064
276.001,1.068
276.031,1.079
276.061,1.063
276.091,1.062
276.121,1.070
276.151,1.070
276.181,1.066
276.211,1.064
276.241,1.074
276.271,1.078
276.301,1.071
276.331,1.086
276.361,1.087
276.391,1.077
276.421,1.078
276.451,1.074
276.481,1.063
276.511,1.068
276.541,1.063
276.571,1.058
276.601,1.054
276.631,1.050
276.661,1.046
276.691,1.054
276.721,1.062
276.751,1.070
276.781,1.062
276.811,1.074
276.841,1.083
276.871,1.068
276.901,1.070
276.931,1.091
276.961,1.093
276.991,1.065
277.021,1.065
277.051,1.063
277.081,1.055
277.111,1.061
277.141,1.069
277.171,1.084
277.201,1.076
277.231,1.079
277.261,1.081
277.291,1.068
277.321,1.065
277.351,1.080
277.381,1.061
277.411,1.064
277.441,1.071
277.471,1.070
277.501,1.064
277.531,1.061
277.561,1.064
277.591,1.067
277.621,1.075
277.651,1.083
277.681,1.077
277.711,1.073
277.741,1.070
277.771,1.078
277.801,1.081
277.831,1.079
277.861,1.081
277.891,1.074
277.921,1.069
277.951,1.066
277.981,1.076
278.011,1.082
278.041,1.073
278.071,1.077
278.101,1.073
278.131,1.070
278.161,1.056
278.191,1.070
278.221,1.064
278.251,1.062
278.281,1.069
278.311,1.078
278.341,1.075
278.371,1.084
278.401,1.080
278.431,1.063
278.461,1.058
278.491,1.065
278.521,1.079
278.551,1.074
278.581,1.069
278.611,1.069
278.641,1.068
278.671,1.065
278.701,1.066
278.731,1.076
278.761,1.066
278.791,1.069
278.821,1.077
278.851,1.069
278.881,1.067
278.911,1.071
278.941,1.080
278.971,1.071
279.001,1.074
279.031,1.061
279.061,1.066
279.091,1.080
279.121,1.077
279.151,1.070
279.181,1.066
279.211,1.071
279.241,1.074
279.271,1.062
279.301,1.066
279.331,1.079
279.361,1.068
279.391,1.062
279.421,1.071
279.451,1.068
279.481,1.066
279.511,1.065
279.541,1.073
279.571,1.079
279.601,1.068
279.631,1.064
279.661,1.073
279.691,1.077
279.721,1.085
279.751,1.074
279.781,1.063
279.811,1.057
279.841,1.069
279.871,1.078
279.901,1.077
279.931,1.069
279.961,1.066
279.991,1.070
280.021,1.069
280.051,1.078
280.081,1.080
280.111,1.062
280.141,1.055
280.171,1.075
280.201,1.076
280.231,1.069
280.261,1.067
280.291,1.073
280.321,1.068
280.351,1.067
280.381,1.075
280.411,1.077
280.441,1.066
280.471,1.068
280.501,1.068
280.531,1.071
280.561,1.086
280.591,1.077
280.621,1.064
280.651,1.068
280.681,1.071
280.711,1.078
280.741,1.080
280.771,1.070
280.801,1.062
280.831,1.071
280.861,1.080
280.891,1.067
280.921,1.062
280.951,1.060
280.981,1.083
281.011,1.087
281.041,1.080
281.071,1.093
281.101,1.086
281.131,1.065
281.161,1.060
281.191,1.053
281.221,1.076
281.251,1.068
281.281,1.069
281.311,1.067
281.341,1.063
281.371,1.077
281.401,1.070
281.431,1.075
281.461,1.081
281.491,1.075
281.521,1.083
281.551,1.080
281.581,1.069
281.611,1.063
281.641,1.068
281.671,1.063
281.701,1.060
281.731,1.065
281.761,1.086
281.791,1.090
281.821,1.074
281.851,1.077
281.881,1.069
281.911,1.066
281.941,1.063
281.971,1.069
282.001,1.074
282.031,1.081
282.061,1.089
282.091,1.118
282.121,1.074
282.151,1.047
282.181,1.080
282.211,1.080
282.241,1.062
282.271,1.092
282.301,1.090
282.331,1.084
282.361,1.077
282.391,1.080
282.421,1.087
282.451,1.092
282.481,1.087
282.511,1.065
282.541,1.076
282.571,1.086
282.601,1.079
282.631,1.079
282.661,1.089
282.691,1.073
282.721,1.075
282.751,1.062
282.781,1.058
282.811,1.051
282.841,1.042
282.871,1.015
282.901,1.016
282.931,1.044
282.961,1.062
282.991,1.050
283.021,1.060
283.051,1.080
283.081,1.079
283.111,1.062
283.141,1.060
283.171,1.083
283.201,1.070
283.231,1.067
283.261,1.079
283.291,1.085
283.321,1.088
283.351,1.079
283.381,1.079
283.411,1.056
283.441,1.086
283.471,1.091
283.501,1.071
283.531,1.071
283.561,1.098
283.591,1.090
283.621,1.058
283.651,1.083
283.681,1.102
283.711,1.079
283.741,1.066
283.771,1.080
283.801,1.091
283.831,1.085
283.861,1.088
283.891,1.083
283.921,1.082
283.951,1.073
283.981,1.078
284.011,1.089
284.041,1.071
284.071,1.074
284.101,1.083
284.131,1.083
284.161,1.076
284.191,1.066
284.221,1.076
284.251,1.081
284.281,1.069
284.311,1.073
284.341,1.081
284.371,1.080
284.401,1.073
284.431,1.070
284.461,1.072
284.491,1.078
284.521,1.080
284.551,1.077
284.581,1.080
284.611,1.073
284.641,1.063
284.671,1.086
284.701,1.078
284.731,1.074
284.761,1.085
284.791,1.093
284.821,1.077
284.851,1.087
284.881,1.073
284.911,1.072
284.941,1.076
284.971,1.062
285.001,1.063
285.031,1.083
285.061,1.079
285.091,1.072
285.121,1.080
285.151,1.076
285.181,1.073
285.211,1.077
285.241,1.082
285.271,1.064
285.301,1.072
285.331,1.094
285.361,1.081
285.391,1.063
285.421,1.075
285.451,1.083
285.481,1.081
285.511,1.083
285.541,1.085
285.571,1.101
285.601,1.109
285.631,1.098
285.661,1.088
285.691,1.075
285.721,1.071
285.751,1.055
285.781,1.045
285.811,1.041
285.841,1.073
285.871,1.071
285.901,1.069
285.931,1.065
285.961,1.083
285.991,1.084
286.021,1.079
286.051,1.089
286.081,1.088
286.111,1.079
286.141,1.066
286.171,1.035
286.201,1.057
286.231,1.056
286.261,1.047
286.291,1.066
286.321,1.068
286.351,1.084
286.381,1.074
286.411,1.084
286.441,1.081
286.471,1.076
286.501,1.077
286.531,1.083
286.561,1.064
286.591,1.061
286.621,1.074
286.651,1.068
286.681,1.061
286.711,1.073
286.741,1.077
286.771,1.070
286.801,1.071
286.831,1.084
286.861,1.079
286.891,1.079
286.921,1.071
286.951,1.079
286.981,1.084
287.011,1.080
287.041,1.072
287.071,1.062
287.101,1.066
287.131,1.060
287.161,1.068
287.191,1.090
287.221,1.103
287.251,1.096
287.281,1.084
287.311,1.065
287.341,1.074
287.371,1.078
287.401,1.063
287.431,1.070
287.461,1.083
287.491,1.088
287.521,1.065
287.551,1.062
287.581,1.073
287.611,1.081
287.641,1.067
287.671,1.089
287.701,1.098
287.731,1.088
287.761,1.079
287.791,1.081
287.821,1.069
287.851,1.062
287.881,1.061
287.911,1.088
287.941,1.091
287.971,1.093
288.001,1.103
288.031,1.099
288.061,1.063
288.091,1.069
288.121,1.081
288.151,1.084
288.181,1.064
288.211,1.091
288.241,1.073
288.271,1.043
288.301,1.032
288.331,1.021
288.361,1.033
288.391,1.056
288.421,1.058
288.451,1.062
288.481,1.058
288.511,1.060
288.541,1.064
288.571,1.056
288.601,1.060
288.631,1.057
288.661,1.053
288.691,1.066
288.721,1.071
288.751,1.066
288.781,1.062
288.811,1.062
288.841,1.065
288.871,1.064
288.901,1.072
288.931,1.071
288.961,1.061
288.991,1.064
289.021,1.075
289.051,1.075
289.081,1.053
289.111,1.064
289.141,1.079
289.171,1.061
289.201,1.052
289.231,1.050
289.261,1.067
289.291,1.071
289.321,1.058
289.351,1.062
289.381,1.071
289.411,1.062
289.441,1.055
289.471,1.063
289.501,1.074
289.531,1.067
289.561,1.075
289.591,1.077
289.621,1.064
289.651,1.048
289.681,1.072
289.711,1.079
289.741,1.067
289.771,1.063
289.801,1.073
289.831,1.072
289.861,1.058
289.891,1.064
289.921,1.061
289.951,1.063
289.981,1.062
290.011,1.067
290.041,1.072
290.071,1.060
290.101,1.071
290.131,1.062
290.161,1.069
290.191,1.082
290.221,1.063
290.251,1.059
290.281,1.058
290.311,1.073
290.341,1.076
290.371,1.067
290.401,1.068
290.431,1.066
290.461,1.053
290.491,1.065
290.521,1.062
290.551,1.053
290.581,1.069
290.611,1.075
290.641,1.062
290.671,1.078
290.701,1.050
290.731,1.042
290.761,1.084
290.791,1.077
290.821,1.064
290.851,1.066
290.881,1.072
290.911,1.055
290.941,1.063
290.971,1.085
291.001,1.073
291.031,1.054
291.061,1.052
291.091,1.080
291.121,1.061
291.151,1.056
291.181,1.070
291.211,1.069
291.241,1.071
291.271,1.066
291.301,1.067
291.331,1.072
291.361,1.074
291.391,1.055
291.421,1.062
291.451,1.063
291.481,1.061
291.511,1.071
291.541,1.067
291.571,1.059
291.601,1.065
291.631,1.063
291.661,1.074
291.691,1.067
291.721,1.060
291.751,1.059
291.781,1.074
291.811,1.073
291.841,1.067
291.871,1.076
291.901,1.057
291.931,1.076
291.961,1.080
291.991,1.074
292.021,1.067
292.051,1.081
292.081,1.086
292.111,1.069
292.141,1.069
292.171,1.066
292.201,1.063
292.231,1.046
292.261,1.055
292.291,1.078
292.321,1.075
292.351,1.053
292.381,1.078
292.411,1.104
292.441,1.070
292.471,1.072
292.501,1.077
292.531,1.069
292.561,1.062
292.591,1.067
292.621,1.084
292.651,1.078
292.681,1.051
292.711,1.069
292.741,1.088
292.771,1.104
292.801,1.080
292.831,1.072
292.861,1.092
292.891,1.094
292.921,1.069
292.951,1.094
292.981,1.118
293.011,1.120
293.041,1.101
293.071,1.093
293.101,1.093
293.131,1.055
293.161,1.101
293.191,1.092
293.221,1.052
293.251,1.039
293.281,1.067
293.311,1.061
293.341,1.034
293.371,1.037
293.401,1.051
293.431,1.042
293.461,1.034
293.491,1.046
293.521,1.057
293.551,1.008
293.581,1.058
293.611,1.085
293.641,1.053
293.671,1.046
293.701,1.067
293.731,1.024
293.761,1.041
293.791,1.119
293.821,1.091
293.851,1.104
293.881,1.100
293.911,1.088
293.941,1.079
293.971,1.027
294.001,1.034
294.031,1.009
294.061,1.041
294.091,1.095
294.121,1.070
294.151,1.055
294.181,0.964
294.211,0.983
294.241,1.005
294.271,0.953
294.301,1.018
294.331,1.019
294.361,1.021
294.391,1.054
294.421,1.024
294.451,1.065
294.481,1.065
294.511,1.043
294.541,1.062
294.571,0.988
294.601,1.012
294.631,1.021
294.661,1.068
294.691,1.098
294.721,1.066
294.751,1.071
294.781,1.066
294.811,1.060
294.841,1.069
294.871,1.008
294.901,1.030
294.931,0.986
294.961,1.001
294.991,1.078
295.021,1.059
295.051,1.065
295.081,1.108
295.111,1.103
295.141,1.094
295.171,1.066
295.201,1.039
295.231,1.043
295.261,1.036
295.291,1.041
295.321,1.054
295.351,1.050
295.381,1.048
295.411,1.038
295.441,1.023
295.471,1.042
295.501,1.069
295.531,1.036
295.561,1.068
295.591,1.083
295.621,1.026
295.651,1.022
295.681,1.072
295.711,1.069
295.741,1.075
295.771,1.024
295.801,1.044
295.831,1.052
295.861,1.044
295.891,1.049
295.921,1.060
295.951,1.064
295.981,1.050
296.011,1.056
296.041,1.093
296.071,1.017
296.101,1.007
296.131,1.052
296.161,1.018
296.191,1.030
296.221,1.092
296.251,1.088
296.281,1.068
296.311,1.011
296.341,1.050
296.371,1.102
296.401,1.011
296.431,0.989
296.461,1.037
296.491,1.011
296.521,1.035
296.551,1.018
296.581,1.015
296.611,1.088
296.641,1.102
296.671,1.064
296.701,1.078
296.731,1.079
296.761,1.078
296.791,1.068
296.821,1.033
296.851,1.054
296.881,1.038
296.911,1.033
296.941,1.040
296.971,1.057
297.001,1.047
297.031,0.991
297.061,1.044
297.091,0.957
297.121,1.018
297.151,1.076
297.181,1.091
297.211,1.188
297.241,1.168
297.271,0.972
297.301,1.015
297.331,1.007
297.361,0.993
297.391,1.014
297.421,0.979
297.451,1.014
297.481,1.026
297.511,1.051
297.541,1.027
297.571,1.036
297.601,1.062
297.631,1.052
297.661,1.058
297.691,1.092
297.721,1.068
297.751,1.051
297.781,1.052
297.811,1.053
297.841,1.069
297.871,1.054
297.901,1.044
297.931,1.045
297.961,1.032
297.991,1.058
298.021,1.050
298.051,1.044
298.081,1.062
298.111,1.039
298.141,1.046
298.171,1.061
298.201,1.070
298.231,1.033
298.261,1.035
298.291,1.085
298.321,1.109
298.351,1.141
298.381,1.133
298.411,1.080
298.441,1.056
298.471,1.040
298.501,1.020
298.531,0.995
298.561,1.017
298.591,1.009
298.621,1.001
298.651,1.020
298.681,1.028
298.711,1.020
298.741,1.058
298.771,1.047
298.801,1.032
298.831,1.040
298.861,1.020
298.891,1.033
298.921,1.048
298.951,1.024
298.981,1.066
299.011,1.054
299.041,1.064
299.071,1.064
299.101,1.057
299.131,1.031
299.161,1.021
299.191,1.060
299.221,1.043
299.251,1.054
299.281,1.067
299.311,1.060
299.341,1.053
299.371,1.065
299.401,1.054
299.431,1.062
299.461,1.050
299.491,1.060
299.521,1.058
299.551,1.061
299.581,1.057
299.611,1.048
299.641,1.053
299.671,1.068
299.701,1.042
299.731,1.039
299.761,1.042
299.791,1.050
299.821,1.051
299.851,1.055
299.881,1.055
299.911,1.068
299.941,1.056
299.971,1.049
300.001,1.058
300.031,1.054
300.061,1.060
300.091,1.062
300.121,1.061
300.151,1.061
300.181,1.049
300.211,1.064
300.241,1.065
300.271,1.052
300.301,1.048
300.331,1.062
300.361,1.063
300.391,1.058
300.421,1.048
300.451,1.055
300.481,1.062
300.511,1.054
300.541,1.049
300.571,1.057
300.601,1.057
300.631,1.057
300.661,1.042
300.691,1.047
300.721,1.064
300.751,1.055
300.781,1.034
300.811,1.045
300.841,1.068
300.871,1.056
300.901,1.051
300.931,1.059
300.961,1.036
300.991,1.056
301.021,1.061
301.051,1.051
301.081,1.046
301.111,1.062
301.141,1.057
301.171,1.047
301.201,1.050
301.231,1.037
301.261,1.047
301.291,1.049
301.321,1.047
301.351,1.050
301.381,1.044
301.411,1.060
301.441,1.056
301.471,1.051
301.501,1.050
301.531,1.057
301.561,1.047
301.591,1.048
301.621,1.062
301.651,1.053
301.681,1.049
301.711,1.056
301.741,1.057
301.771,1.048
301.801,1.052
301.831,1.058
301.861,1.053
301.891,1.051
301.921,1.046
301.951,1.048
301.981,1.065
302.011,1.027
302.041,1.052
302.071,1.076
302.101,1.051
302.131,1.043
302.161,1.061
302.191,1.057
302.221,1.049
302.251,1.057
302.281,1.054
302.311,1.062
302.341,1.046
302.371,1.054
302.401,1.054
302.431,1.052
302.461,1.048
302.491,1.051
302.521,1.064
302.551,1.051
302.581,1.043
302.611,1.067
302.641,1.060
302.671,1.035
302.701,1.049
302.731,1.068
302.761,1.062
302.791,1.053
302.821,1.057
302.851,1.048
302.881,1.064
302.911,1.055
302.941,1.049
302.971,1.059
303.001,1.060
303.031,1.068
303.061,1.043
303.091,1.059
303.121,1.058
303.151,1.054
303.181,1.054
303.211,1.057
303.241,1.050
303.271,1.067
303.301,1.067
303.331,1.048
303.361,1.042
303.391,1.073
303.421,1.068
303.451,1.034
303.481,1.065
303.511,1.077
303.541,1.077
303.571,1.071
303.601,1.041
303.631,1.030
303.661,1.050
303.691,1.054
303.721,1.047
303.751,1.053
303.781,1.050
303.811,1.054
303.841,1.065
303.871,1.049
303.901,1.046
303.931,1.062
303.961,1.052
303.991,1.045
304.021,1.045
304.051,1.036
304.081,1.056
304.111,1.071
304.141,1.048
304.171,1.049
304.201,1.052
304.231,1.059
304.261,1.045
304.291,1.058
304.321,1.054
304.351,1.052
304.381,1.047
304.411,1.047
304.441,1.052
304.471,1.053
304.501,1.055
304.531,1.057
304.561,1.048
304.591,1.056
304.621,1.056
304.651,1.056
304.681,1.048
304.711,1.049
304.741,1.056
304.771,1.059
304.801,1.044
304.831,1.055
304.861,1.068
304.891,1.054
304.921,1.054
304.951,1.056
304.981,1.052
305.011,1.053
305.041,1.047
305.071,1.054
305.101,1.054
305.131,1.059
305.161,1.049
305.191,1.045
305.221,1.070
305.251,1.055
305.281,1.035
305.311,1.055
305.341,1.064
305.371,1.059
305.401,1.046
305.431,1.049
305.461,1.059
305.491,1.051
305.521,1.058
305.551,1.063
305.581,1.048
305.611,1.056
305.641,1.054
305.671,1.052
305.701,1.054
305.731,1.056
305.761,1.050
305.791,1.049
305.821,1.059
305.851,1.055
305.881,1.052
305.911,1.053
305.941,1.062
305.971,1.052
306.001,1.044
306.031,1.059
306.061,1.054
306.091,1.049
306.121,1.058
306.151,1.067
306.181,1.066
306.211,1.056
306.241,1.036
306.271,1.067
306.301,1.057
306.331,1.049
306.361,1.043
306.391,1.064
306.421,1.064
306.451,1.083
306.481,1.060
306.511,1.046
306.541,1.050
306.571,1.057
306.601,1.066
306.631,1.062
306.661,1.053
306.691,1.037
306.721,1.033
306.751,1.054
306.781,1.042
306.811,1.045
306.841,1.049
306.871,1.037
306.901,1.021
306.931,1.062
306.961,1.059
306.991,1.047
307.021,1.076
307.051,1.053
307.081,1.026
307.111,1.034
307.141,1.025
307.171,1.028
307.201,1.038
307.231,1.050
307.261,1.059
307.291,1.065
307.321,1.068
307.351,1.061
307.381,1.043
307.411,1.060
307.441,1.058
307.471,1.047
307.501,1.052
307.531,1.055
307.561,1.060
307.591,1.051
307.621,1.052
307.651,1.055
307.681,1.062
307.711,1.051
307.741,1.051
307.771,1.050
307.801,1.050
307.831,1.044
307.861,1.059
307.891,1.055
307.921,1.043
307.951,1.056
307.981,1.045
308.011,1.032
308.041,1.052
308.071,1.067
308.101,1.049
308.131,1.034
308.161,1.055
308.191,1.060
308.221,1.043
308.251,1.044
308.281,1.061
308.311,1.062
308.341,1.048
308.371,1.057
308.401,1.058
308.431,1.053
308.461,1.046
308.491,1.059
308.521,1.056
308.551,1.030
308.581,1.044
308.611,1.056
308.641,1.050
308.671,1.047
308.701,1.062
308.731,1.056
308.761,1.056
308.791,1.053
308.821,1.056
308.851,1.055
308.881,1.052
308.911,1.045
308.941,1.053
308.971,1.071
309.001,1.062
309.031,1.038
309.061,1.046
309.091,1.051
309.121,1.058
309.151,1.067
309.181,1.063
309.211,1.061
309.241,1.051
309.271,1.057
309.301,1.051
309.331,1.048
309.361,1.034
309.391,1.057
309.421,1.044
309.451,1.048
309.481,1.063
309.511,1.048
309.541,1.049
309.571,1.052
309.601,1.060
309.631,1.059
309.661,1.058
309.691,1.050
309.721,1.058
309.751,1.046
309.781,1.053
309.811,1.056
309.841,1.037
309.871,1.062
309.901,1.055
309.931,1.024
309.961,1.067
309.991,1.065
310.021,1.035
310.051,1.019
310.081,1.044
310.111,1.051
310.141,1.032
310.171,1.049
310.201,1.066
310.231,1.052
310.261,1.028
310.291,1.051
310.321,1.034
310.351,1.027
310.381,1.057
310.411,1.059
310.441,1.059
310.471,1.062
310.501,1.061
310.531,1.054
310.561,1.054
310.591,1.062
310.621,1.052
310.651,1.050
310.681,1.062
310.711,1.057
310.741,1.064
310.771,1.045
310.801,1.061
310.831,1.064
310.861,1.059
310.891,1.039
310.921,1.049
310.951,1.044
310.981,1.063
311.011,1.057
311.041,1.040
311.071,1.056
311.101,1.068
311.131,1.049
311.161,1.053
311.191,1.058
311.221,1.053
311.251,1.016
311.281,1.088
311.311,1.093
311.341,1.076
311.371,1.057
311.401,1.060
311.431,1.074
311.461,1.056
311.491,1.031
311.521,1.053
311.551,1.066
311.581,1.039
311.611,1.040
311.641,1.032
311.671,1.015
311.701,1.035
311.731,1.061
311.761,1.045
311.791,1.044
311.821,1.031
311.851,1.048
311.881,1.031
311.911,1.030
311.941,1.024
311.971,1.039
312.001,1.037
312.031,1.033
312.061,1.018
312.091,1.023
312.121,1.029
312.151,1.028
312.181,1.031
312.211,1.029
312.241,1.021
312.271,1.027
312.301,1.040
312.331,1.024
312.361,1.045
312.391,1.043
312.421,1.043
312.451,1.057
312.481,1.049
312.511,1.034
312.541,1.035
312.571,1.038
312.601,1.064
312.631,1.052
312.661,1.040
312.691,1.065
312.721,1.056
312.751,1.043
312.781,1.040
312.811,1.070
312.841,1.070
312.871,1.048
312.901,1.063
312.931,1.073
312.961,1.034
312.991,1.026
313.021,1.042
313.051,1.040
313.081,1.037
313.111,1.029
313.141,1.055
313.171,1.062
313.201,1.042
313.231,1.067
313.261,1.051
313.291,1.024
313.321,1.028
313.351,1.037
313.381,1.029
313.411,1.023
313.441,1.033
313.471,1.035
313.501,1.033
313.531,1.035
313.561,1.044
313.591,1.032
313.621,1.026
313.651,1.052
313.681,1.040
313.711,1.027
313.741,1.038
313.771,1.047
313.801,1.029
313.831,1.026
313.861,1.033
313.891,1.044
313.921,1.035
313.951,1.037
313.981,1.043
314.011,1.032
314.041,1.042
314.071,1.050
314.101,1.031
314.131,1.039
314.161,1.039
314.191,1.014
314.221,1.030
314.251,1.046
314.281,1.029
314.311,1.038
314.341,1.036
314.371,1.054
314.401,1.025
314.431,1.051
314.461,1.039
314.491,1.036
314.521,1.033
314.551,1.038
314.581,1.042
314.611,1.040
314.641,1.039
314.671,1.048
314.701,1.041
314.731,1.038
314.761,1.032
314.791,1.024
314.821,1.026
314.851,1.035
314.881,1.052
314.911,1.045
314.941,1.030
314.971,1.045
315.001,1.051
315.031,1.031
315.061,1.029
315.091,1.035
315.121,1.040
315.151,1.037
315.181,1.032
315.211,1.034
315.241,1.039
315.271,1.039
315.301,1.019
315.331,1.041
315.361,1.050
315.391,1.040
315.421,1.033
315.451,1.051
315.481,1.033
315.511,1.031
315.541,1.037
315.571,1.048
315.601,1.038
315.631,1.033
315.661,1.037
315.691,1.036
315.721,1.029
315.751,1.032
315.781,1.051
315.811,1.038
315.841,1.045
315.871,1.047
315.901,1.035
315.931,1.030
315.961,1.028
315.991,1.040
316.021,1.043
316.051,1.036
316.081,1.033
316.111,1.038
316.141,1.039
316.171,1.032
316.201,1.032
316.231,1.036
316.261,1.038
316.291,1.032
316.321,1.035
316.351,1.032
316.381,1.044
316.411,1.041
316.441,1.040
316.471,1.042
316.501,1.041
316.531,1.036
316.561,1.036
316.591,1.040
316.621,1.040
316.651,1.029
316.681,1.045
316.711,1.056
316.741,1.053
316.771,1.039
316.801,1.036
316.831,1.050
316.861,1.043
316.891,1.039
316.921,1.039
316.951,1.040
316.981,1.051
317.011,1.045
317.041,1.033
317.071,1.046
317.101,1.043
317.131,1.049
317.161,1.044
317.191,1.044
317.221,1.039
317.251,1.035
317.281,1.063
317.311,1.045
317.341,1.041
317.371,1.034
317.401,1.029
317.431,1.041
317.461,1.069
317.491,1.099
317.521,1.056
317.551,1.030
317.581,1.053
317.611,1.044
317.641,1.016
317.671,1.028
317.701,1.048
317.731,1.058
317.761,1.061
317.791,1.045
317.821,1.051
317.851,1.024
317.881,1.040
317.911,1.045
317.941,1.052
317.971,1.041
318.001,1.055
318.031,1.076
318.061,1.055
318.091,1.038
318.121,1.042
318.151,1.025
318.181,1.010
318.211,1.020
318.241,1.042
318.271,1.070
318.301,1.062
318.331,1.048
318.361,1.039
318.391,1.043
318.421,1.062
318.451,1.056
318.481,1.041
318.511,1.055
318.541,1.070
318.571,1.055
318.601,1.062
318.631,1.051
318.661,1.065
318.691,1.063
318.721,1.058
318.751,1.064
318.781,1.066
318.811,1.062
318.841,1.050
318.871,1.062
318.901,1.067
318.931,1.060
318.961,1.064
318.991,1.069
319.021,1.061
319.051,1.063
319.081,1.064
319.111,1.062
319.141,1.063
319.171,1.071
319.201,1.070
319.231,1.075
319.261,1.074
319.291,1.061
319.321,1.066
319.351,1.066
319.381,1.067
319.411,1.068
319.441,1.062
319.471,1.071
319.501,1.073
319.531,1.061
319.561,1.063
319.591,1.064
319.621,1.068
319.651,1.047
319.681,1.052
319.711,1.064
319.741,1.058
319.771,1.060
319.801,1.064
319.831,1.061
319.861,1.068
319.891,1.063
319.921,1.067
319.951,1.073
319.981,1.058
320.011,1.066
320.041,1.062
320.071,1.055
320.101,1.061
320.131,1.062
320.161,1.062
320.191,1.064
320.221,1.062
320.251,1.072
320.281,1.077
320.311,1.069
320.341,1.055
320.371,1.067
320.401,1.061
320.431,1.047
320.461,1.061
320.491,1.066
320.521,1.071
320.551,1.072
320.581,1.069
320.611,1.068
320.641,1.070
320.671,1.060
320.701,1.059
320.731,1.069
320.761,1.060
320.791,1.055
320.821,1.060
320.851,1.059
320.881,1.067
320.911,1.067
320.941,1.053
320.971,1.062
321.001,1.064
321.031,1.071
321.061,1.064
321.091,1.058
321.121,1.057
321.151,1.073
321.181,1.076
321.211,1.058
321.241,1.062
321.271,1.075
321.301,1.065
321.331,1.054
321.361,1.049
321.391,1.065
321.421,1.070
321.451,1.071
321.481,1.070
321.511,1.057
321.541,1.065
321.571,1.069
321.601,1.061
321.631,1.047
321.661,1.052
321.691,1.070
321.721,1.062
321.751,1.060
321.781,1.066
321.811,1.072
321.841,1.051
321.871,1.043
321.901,1.055
321.931,1.053
321.961,1.053
321.991,1.056
322.021,1.071
322.051,1.074
322.081,1.067
322.111,1.062
322.141,1.073
322.171,1.072
322.201,1.062
322.231,1.071
322.261,1.078
322.291,1.075
322.321,1.074
322.351,1.080
322.381,1.062
322.411,1.060
322.441,1.078
322.471,1.071
322.501,1.074
322.531,1.071
322.561,1.073
322.591,1.073
322.621,1.063
322.651,1.060
322.681,1.070
322.711,1.064
322.741,1.059
322.771,1.068
322.801,1.080
322.831,1.072
322.861,1.062
322.891,1.067
322.921,1.067
322.951,1.067
322.981,1.072
323.011,1.061
323.041,1.043
323.071,1.062
323.101,1.075
323.131,1.051
323.161,1.058
323.191,1.096
323.221,1.085
323.251,1.069
323.281,1.062
323.311,1.062
323.341,1.082
323.371,1.072
323.401,1.072
323.431,1.076
323.461,1.070
323.491,1.060
323.521,1.078
323.551,1.073
323.581,1.074
323.611,1.080
323.641,1.076
323.671,1.056
323.701,1.055
323.731,1.080
323.761,1.119
323.791,1.119
323.821,1.123
323.851,1.097
323.881,1.104
323.911,1.105
323.941,1.086
323.971,1.061
324.001,1.079
324.031,1.087
324.061,1.069
324.091,1.048
324.121,1.065
324.151,1.068
324.181,1.063
324.211,1.075
324.241,1.082
324.271,1.061
324.301,1.044
324.331,1.009
324.361,1.015
324.391,1.048
324.421,1.105
324.451,1.024
324.481,1.039
324.511,1.077
324.541,1.043
324.571,1.057
324.601,1.054
324.631,1.049
324.661,1.073
324.691,1.080
324.721,1.076
324.751,1.077
324.781,1.057
324.811,1.055
324.841,1.054
324.871,1.062
324.901,1.094
324.931,1.088
324.961,1.063
324.991,1.066
325.021,1.087
325.051,1.064
325.081,1.079
325.111,1.092
325.141,1.071
325.171,1.079
325.201,1.073
325.231,1.077
325.261,1.093
325.291,1.087
325.321,1.061
325.351,1.054
325.381,1.075
325.411,1.069
325.441,1.070
325.471,1.062
325.501,1.068
325.531,1.073
325.561,1.072
325.591,1.073
325.621,1.066
325.651,1.061
325.681,1.076
325.711,1.075
325.741,1.077
325.771,1.070
325.801,1.078
325.831,1.081
325.861,1.068
325.891,1.081
325.921,1.073
325.951,1.063
325.981,1.070
326.011,1.063
326.041,1.059
326.071,1.068
326.101,1.071
326.131,1.070
326.161,1.057
326.191,1.063
326.221,1.082
326.251,1.080
326.281,1.071
326.311,1.063
326.341,1.069
326.371,1.062
326.401,1.059
326.431,1.076
326.461,1.078
326.491,1.064
326.521,1.072
326.551,1.082
326.581,1.071
326.611,1.072
326.641,1.075
326.671,1.073
326.701,1.084
326.731,1.081
326.761,1.073
326.791,1.079
326.821,1.078
326.851,1.069
326.881,1.066
326.911,1.072
326.941,1.072
326.971,1.064
327.001,1.073
327.031,1.071
327.061,1.077
327.091,1.064
327.121,1.060
327.151,1.071
327.181,1.081
327.211,1.081
327.241,1.073
327.271,1.081
327.301,1.078
327.331,1.070
327.361,1.061
327.391,1.060
327.421,1.084
327.451,1.089
327.481,1.084
327.511,1.088
327.541,1.078
327.571,1.075
327.601,1.078
327.631,1.053
327.661,1.057
327.691,1.064
327.721,1.061
327.751,1.061
327.781,1.069
327.811,1.065
327.841,1.067
327.871,1.071
327.901,1.068
327.931,1.062
327.961,1.066
327.991,1.075
328.021,1.071
328.051,1.064
328.081,1.072
328.111,1.070
328.141,1.062
328.171,1.074
328.201,1.074
328.231,1.073
328.261,1.071
328.291,1.070
328.321,1.067
328.351,1.069
328.381,1.074
328.411,1.067
328.441,1.061
328.471,1.079
328.501,1.079
328.531,1.065
328.561,1.056
328.591,1.063
328.621,1.067
328.651,1.058
328.681,1.065
328.711,1.084
328.741,1.091
328.771,1.067
328.801,1.080
328.831,1.089
328.861,1.065
328.891,1.080
328.921,1.087
328.951,1.083
328.981,1.073
329.011,1.081
329.041,1.077
329.071,1.065
329.101,1.081
329.131,1.078
329.161,1.055
329.191,1.063
329.221,1.086
329.251,1.075
329.281,1.072
329.311,1.081
329.341,1.087
329.371,1.060
329.401,1.080
329.431,1.072
329.461,1.057
329.491,1.058
329.521,1.091
329.551,1.089
329.581,1.060
329.611,1.079
329.641,1.072
329.671,1.062
329.701,1.072
329.731,1.075
329.761,1.066
329.791,1.068
329.821,1.083
329.851,1.079
329.881,1.077
329.911,1.070
329.941,1.074
329.971,1.065
330.001,1.054
330.031,1.077
330.061,1.081
330.091,1.075
330.121,1.077
330.151,1.080
330.181,1.075
330.211,1.076
330.241,1.086
330.271,1.067
330.301,1.062
330.331,1.082
330.361,1.070
330.391,1.067
330.421,1.080
330.451,1.082
330.481,1.077
330.511,1.072
330.541,1.081
330.571,1.069
330.601,1.069
330.631,1.076
330.661,1.066
330.691,1.071
330.721,1.079
330.751,1.078
330.781,1.060
330.811,1.073
330.841,1.085
330.871,1.074
330.901,1.064
330.931,1.081
330.961,1.072
330.991,1.072
331.021,1.079
331.051,1.079
331.081,1.066
331.111,1.072
331.141,1.077
331.171,1.078
331.201,1.066
331.231,1.066
331.261,1.077
331.291,1.069
331.321,1.060
331.351,1.073
331.381,1.079
331.411,1.069
331.441,1.077
331.471,1.077
331.501,1.062
331.531,1.063
331.561,1.074
331.591,1.072
331.621,1.069
331.651,1.073
331.681,1.088
331.711,1.076
331.741,1.076
331.771,1.085
331.801,1.065
331.831,1.086
331.861,1.112
331.891,1.107
331.921,1.106
331.951,1.085
331.981,1.048
332.011,1.071
332.041,1.067
332.071,1.049
332.101,1.062
332.131,1.094
332.161,1.074
332.191,1.031
332.221,1.029
332.251,1.076
332.281,1.062
332.311,1.060
332.341,1.095
332.371,1.104
332.401,1.066
332.431,1.019
332.461,1.089
332.491,1.101
332.521,1.084
332.551,1.097
332.581,1.055
332.611,1.066
332.641,1.077
332.671,1.068
332.701,1.087
332.731,1.121
332.761,1.065
332.791,1.087
332.821,1.124
332.851,1.104
332.881,1.047
332.911,1.083
332.941,1.121
332.971,1.097
333.001,1.081
333.031,1.079
333.061,1.102
333.091,1.066
333.121,1.050
333.151,1.075
333.181,1.068
333.211,1.030
333.241,1.039
333.271,1.041
333.301,1.058
333.331,1.041
333.361,1.046
333.391,1.048
333.421,1.069
333.451,1.041
333.481,1.034
333.511,1.047
333.541,1.035
333.571,1.030
333.601,1.056
333.631,1.049
333.661,1.034
333.691,1.060
333.721,1.048
333.751,1.057
333.781,1.044
333.811,1.053
333.841,1.052
333.871,1.033
333.901,1.037
333.931,1.033
333.961,1.021
333.991,1.017
334.021,1.021
334.051,0.998
334.081,1.032
334.111,1.106
334.141,1.116
334.171,1.113
334.201,1.098
334.231,1.072
334.261,1.078
334.291,1.048
334.321,1.011
334.351,1.016
334.381,1.047
334.411,1.059
334.441,1.055
334.471,1.071
334.501,1.043
334.531,1.035
334.561,1.041
334.591,1.088
334.621,1.075
334.651,1.047
334.681,1.061
334.711,1.107
334.741,1.070
334.771,1.050
334.801,1.079
334.831,1.094
334.861,1.065
334.891,1.056
334.921,1.056
334.951,1.044
334.981,1.036
335.011,1.014
335.041,1.000
335.071,1.015
335.101,1.050
335.131,1.043
335.161,1.033
335.191,1.008
335.221,1.051
335.251,1.070
335.281,1.022
335.311,1.011
335.341,1.027
335.371,1.056
335.401,1.063
335.431,1.048
335.461,1.053
335.491,1.046
335.521,1.042
335.551,1.070
335.581,1.101
335.611,1.072
335.641,1.041
335.671,1.054
335.701,1.058
335.731,1.057
335.761,1.071
335.791,1.080
335.821,1.091
335.851,1.089
335.881,1.096
335.911,1.095
335.941,1.097
335.971,1.104
336.001,1.118
336.031,1.105
336.061,1.088
336.091,1.081
336.121,1.063
336.151,1.067
336.181,1.073
336.211,1.062
336.241,1.050
336.271,1.052
336.301,1.033
336.331,1.057
336.361,1.041
336.391,1.058
336.421,1.059
336.451,1.063
336.481,1.049
336.511,1.056
336.541,1.060
336.571,1.068
336.601,1.072
336.631,1.062
336.661,1.024
336.691,1.048
336.721,1.057
336.751,1.037
336.781,1.055
336.811,1.066
336.841,1.054
336.871,1.039
336.901,1.012
336.931,1.040
336.961,1.060
336.991,1.069
337.021,1.123
337.051,1.115
337.081,1.097
337.111,1.101
337.141,1.037
337.171,0.974
337.201,1.045
337.231,1.105
337.261,1.089
337.291,1.048
337.321,1.098
337.351,1.110
337.381,1.105
337.411,1.087
337.441,1.081
337.471,1.104
337.501,1.106
337.531,1.062
337.561,1.084
337.591,1.090
337.621,1.075
337.651,1.079
337.681,1.081
337.711,1.075
337.741,1.065
337.771,1.090
337.801,1.065
337.831,1.052
337.861,1.052
337.891,1.077
337.921,1.075
337.951,1.039
337.981,1.063
338.011,1.067
338.041,1.051
338.071,1.065
338.101,1.080
338.131,1.067
338.161,1.067
338.191,1.080
338.221,1.078
338.251,1.087
338.281,1.075
338.311,1.105
338.341,1.106
338.371,1.072
338.401,1.086
338.431,1.102
338.461,1.086
338.491,1.076
338.521,1.091
338.551,1.066
338.581,1.061
338.611,1.079
338.641,1.092
338.671,1.068
338.701,1.070
338.731,1.064
338.761,1.074
338.791,1.068
338.821,1.061
338.851,1.075
338.881,1.088
338.911,1.065
338.941,1.062
338.971,1.083
339.001,1.071
339.031,1.064
339.061,1.076
339.091,1.075
339.121,1.077
339.151,1.066
339.181,1.074
339.211,1.078
339.241,1.069
339.271,1.079
339.301,1.074
339.331,1.075
339.361,1.076
339.391,1.076
339.421,1.075
339.451,1.083
339.481,1.085
339.511,1.068
339.541,1.081
339.571,1.075
339.601,1.065
339.631,1.068
339.661,1.077
339.691,1.069
339.721,1.062
339.751,1.070
339.781,1.065
339.811,1.062
339.841,1.071
339.871,1.073
339.901,1.079
339.931,1.074
339.961,1.078
339.991,1.074
340.021,1.075
340.051,1.095
340.081,1.070
340.111,1.063
340.141,1.080
340.171,1.084
340.201,1.077
340.231,1.083
340.261,1.091
340.291,1.069
340.321,1.073
340.351,1.080
340.381,1.083
340.411,1.071
340.441,1.076
340.471,1.080
340.501,1.065
340.531,1.065
340.561,1.059
340.591,1.060
340.621,1.076
340.651,1.098
340.681,1.101
340.711,1.076
340.741,1.083
340.771,1.101
340.801,1.069
340.831,1.075
340.861,1.087
340.891,1.084
340.921,1.075
340.951,1.058
340.981,1.062
341.011,1.084
341.041,1.078
341.071,1.068
341.101,1.067
341.131,1.074
341.161,1.071
341.191,1.062
341.221,1.064
341.251,1.066
341.281,1.073
341.311,1.073
341.341,1.075
341.371,1.049
341.401,1.059
341.431,1.078
341.461,1.077
341.491,1.079
341.521,1.086
341.551,1.086
341.581,1.084
341.611,1.073
341.641,1.069
341.671,1.095
341.701,1.095
341.731,1.077
341.761,1.083
341.791,1.079
341.821,1.080
341.851,1.066
341.881,1.052
341.911,1.067
341.941,1.083
341.971,1.095
342.001,1.097
342.031,1.097
342.061,1.086
342.091,1.070
342.121,1.055
342.151,1.062
342.181,1.068
342.211,1.070
342.241,1.057
342.271,1.068
342.301,1.083
342.331,1.082
342.361,1.079
342.391,1.085
342.421,1.087
342.451,1.073
342.481,1.074
342.511,1.075
342.541,1.071
342.571,1.070
342.601,1.087
342.631,1.084
342.661,1.071
342.691,1.072
342.721,1.074
342.751,1.070
342.781,1.070
342.811,1.075
342.841,1.079
342.871,1.073
342.901,1.073
342.931,1.084
342.961,1.092
342.991,1.087
343.021,1.076
343.051,1.083
343.081,1.078
343.111,1.072
343.141,1.075
343.171,1.081
343.201,1.076
343.231,1.064
343.261,1.073
343.291,1.080
343.321,1.076
343.351,1.074
343.381,1.097
343.411,1.103
343.441,1.085
343.471,1.094
343.501,1.076
343.531,1.066
343.561,1.063
343.591,1.074
343.621,1.078
343.651,1.087
343.681,1.085
343.711,1.069
343.741,1.075
343.771,1.075
343.801,1.079
343.831,1.093
343.861,1.088
343.891,1.078
343.921,1.065
343.951,1.065
343.981,1.058
344.011,1.062
344.041,1.066
344.071,1.083
344.101,1.076
344.131,1.073
344.161,1.070
344.191,1.081
344.221,1.084
344.251,1.084
344.281,1.080
344.311,1.079
344.341,1.073
344.371,1.077
344.401,1.084
344.431,1.090
344.461,1.068
344.491,1.068
344.521,1.088
344.551,1.087
344.581,1.065
344.611,1.066
344.641,1.086
344.671,1.090
344.701,1.066
344.731,1.084
344.761,1.096
344.791,1.077
344.821,1.077
344.851,1.086
344.881,1.077
344.911,1.065
344.941,1.067
344.971,1.080
345.001,1.079
345.031,1.069
345.061,1.073
345.091,1.078
345.121,1.067
345.151,1.069
345.181,1.072
345.211,1.073
345.241,1.094
345.271,1.085
345.301,1.071
345.331,1.079
345.361,1.091
345.391,1.083
345.421,1.080
345.451,1.119
345.481,1.079
345.511,1.066
345.541,1.094
345.571,1.096
345.601,1.119
345.631,1.091
345.661,1.096
345.691,1.082
345.721,1.083
345.751,1.036
345.781,1.038
345.811,1.057
345.841,1.065
345.871,1.050
345.901,1.053
345.931,1.076
345.961,1.096
345.991,1.117
346.021,1.081
346.051,1.081
346.081,1.082
346.111,1.062
346.141,1.091
346.171,1.078
346.201,1.074
346.231,1.086
346.261,1.099
346.291,1.074
346.321,1.070
346.351,1.094
346.381,1.130
346.411,1.157
346.441,1.133
346.471,1.089
346.501,1.087
346.531,1.062
346.561,1.007
346.591,1.033
346.621,1.014
346.651,1.007
346.681,1.000
346.711,1.010
346.741,1.032
346.771,1.073
346.801,1.138
346.831,1.161
346.861,1.181
346.891,1.207
346.921,1.167
346.951,1.136
346.981,1.115
347.011,1.104
347.041,1.090
347.071,1.067
347.101,1.041
347.131,1.002
347.161,0.981
347.191,1.006
347.221,1.019
347.251,1.047
347.281,1.061
347.311,1.049
347.341,1.062
347.371,1.071
347.401,1.080
347.431,1.059
347.461,1.070
347.491,1.080
347.521,1.056
347.551,1.048
347.581,1.065
347.611,1.048
347.641,1.062
347.671,1.077
347.701,1.064
347.731,1.053
347.761,1.075
347.791,1.082
347.821,1.079
347.851,1.055
347.881,1.059
347.911,1.071
347.941,1.073
347.971,1.068
348.001,1.076
348.031,1.064
348.061,1.079
348.091,1.105
348.121,1.071
348.151,1.047
348.181,1.065
348.211,1.069
348.241,1.060
348.271,1.056
348.301,1.062
348.331,1.066
348.361,1.067
348.391,1.071
348.421,1.061
348.451,1.063
348.481,1.071
348.511,1.060
348.541,1.063
348.571,1.060
348.601,1.060
348.631,1.061
348.661,1.065
348.691,1.061
348.721,1.055
348.751,1.058
348.781,1.060
348.811,1.074
348.841,1.086
348.871,1.066
348.901,1.056
348.931,1.068
348.961,1.079
348.991,1.064
349.021,1.050
349.051,1.078
349.081,1.086
349.111,1.053
349.141,1.067
349.171,1.067
349.201,1.072
349.231,1.055
349.261,1.065
349.291,1.070
349.321,1.062
349.351,1.077
349.381,1.070
349.411,1.042
349.441,1.062
349.471,1.077
349.501,1.071
349.531,1.045
349.561,1.062
349.591,1.066
349.621,1.061
349.651,1.055
349.681,1.071
349.711,1.092
349.741,1.067
349.771,1.067
349.801,1.060
349.831,1.046
349.861,1.062
349.891,1.056
349.921,1.058
349.951,1.073
349.981,1.089
350.011,1.076
350.041,1.069
350.071,1.065
350.101,1.065
350.131,1.070
350.161,1.073
350.191,1.064
350.221,1.074
350.251,1.087
350.281,1.067
350.311,1.061
350.341,1.068
350.371,1.078
350.401,1.072
350.431,1.069
350.461,1.060
350.491,1.068
350.521,1.067
350.551,1.061
350.581,1.062
350.611,1.070
350.641,1.069
350.671,1.071
350.701,1.079
350.731,1.080
350.761,1.058
350.791,1.073
350.821,1.081
350.851,1.055
350.881,1.069
350.911,1.078
350.941,1.075
350.971,1.072
351.001,1.073
351.031,1.066
351.061,1.063
351.091,1.074
351.121,1.073
351.151,1.064
351.181,1.062
351.211,1.069
351.241,1.063
351.271,1.061
351.301,1.069
351.331,1.078
351.361,1.065
351.391,1.074
351.421,1.067
351.451,1.075
351.481,1.090
351.511,1.072
351.541,1.074
351.571,1.063
351.601,1.063
351.631,1.066
351.661,1.070
351.691,1.062
351.721,1.056
351.751,1.065
351.781,1.079
351.811,1.070
351.841,1.067
351.871,1.073
351.901,1.070
351.931,1.075
351.961,1.076
351.991,1.063
352.021,1.067
352.051,1.075
352.081,1.079
352.111,1.068
352.141,1.070
352.171,1.072
352.201,1.059
352.231,1.062
352.261,1.058
352.291,1.068
352.321,1.067
352.351,1.081
352.381,1.087
352.411,1.076
352.441,1.067
352.471,1.078
352.501,1.062
352.531,1.067
352.561,1.073
352.591,1.070
352.621,1.071
352.651,1.075
352.681,1.066
352.711,1.074
352.741,1.065
352.771,1.069
352.801,1.068
352.831,1.066
352.861,1.077
352.891,1.065
352.921,1.062
352.951,1.069
352.981,1.075
353.011,1.069
353.041,1.065
353.071,1.062
353.101,1.077
353.131,1.079
353.161,1.066
353.191,1.092
353.221,1.072
353.251,1.067
353.281,1.070
353.311,1.073
353.341,1.063
353.371,1.071
353.401,1.072
353.431,1.079
353.461,1.077
353.491,1.083
353.521,1.078
353.551,1.066
353.581,1.091
353.611,1.077
353.641,1.064
353.671,1.060
353.701,1.060
353.731,1.056
353.761,1.047
353.791,1.067
353.821,1.090
353.851,1.079
353.881,1.072
353.911,1.068
353.941,1.080
353.971,1.077
354.001,1.061
354.031,1.074
354.061,1.088
354.091,1.076
354.121,1.097
354.151,1.071
354.181,1.050
354.211,1.092
354.241,1.057
354.271,1.057
354.301,1.090
354.331,1.079
354.361,1.071
354.391,1.076
354.421,1.060
354.451,1.052
354.481,1.061
354.511,1.060
354.541,1.055
354.571,1.064
354.601,1.078
354.631,1.075
354.661,1.076
354.691,1.069
354.721,1.073
354.751,1.075
354.781,1.070
354.811,1.068
354.841,1.078
354.871,1.087
354.901,1.080
354.931,1.079
354.961,1.078
354.991,1.077
355.021,1.085
355.051,1.067
355.081,1.063
355.111,1.070
355.141,1.072
355.171,1.056
355.201,1.060
355.231,1.077
355.261,1.057
355.291,1.070
355.321,1.089
355.351,1.083
355.381,1.064
355.411,1.079
355.441,1.085
355.471,1.082
355.501,1.079
355.531,1.073
355.561,1.077
355.591,1.076
355.621,1.077
355.651,1.078
355.681,1.079
355.711,1.062
355.741,1.074
355.771,1.076
355.801,1.073
355.831,1.068
355.861,1.078
355.891,1.087
355.921,1.078
355.951,1.066
355.981,1.083
356.011,1.078
356.041,1.084
356.071,1.083
356.101,1.074
356.131,1.065
356.161,1.065
356.191,1.068
356.221,1.074
356.251,1.069
356.281,1.066
356.311,1.080
356.341,1.084
356.371,1.080
356.401,1.062
356.431,1.070
356.461,1.090
356.491,1.077
356.521,1.071
356.551,1.081
356.581,1.091
356.611,1.075
356.641,1.065
356.671,1.095
356.701,1.087
356.731,1.078
356.761,1.086
356.791,1.068
356.821,1.052
356.851,1.064
356.881,1.081
356.911,1.072
356.941,1.063
356.971,1.084
357.001,1.080
357.031,1.076
357.061,1.075
357.091,1.081
357.121,1.080
357.151,1.076
357.181,1.071
357.211,1.075
357.241,1.077
357.271,1.073
357.301,1.067
357.331,1.074
357.361,1.086
357.391,1.091
357.421,1.084
357.451,1.093
357.481,1.129
357.511,1.106
357.541,1.082
357.571,1.098
357.601,1.085
357.631,1.090
357.661,1.088
357.691,1.072
357.721,1.050
357.751,1.069
357.781,1.069
357.811,1.053
357.841,1.051
357.871,1.083
357.901,1.086
357.931,1.069
357.961,1.047
357.991,1.025
358.021,1.050
358.051,1.049
358.081,1.053
358.111,1.047
358.141,1.048
358.171,1.052
358.201,1.055
358.231,1.060
358.261,1.050
358.291,1.070
358.321,1.067
358.351,1.063
358.381,1.054
358.411,1.048
358.441,1.059
358.471,1.076
358.501,1.063
358.531,1.057
358.561,1.060
358.591,1.061
358.621,1.052
358.651,1.067
358.681,1.068
358.711,1.056
358.741,1.055
358.771,1.077
358.801,1.071
358.831,1.061
358.861,1.070
358.891,1.064
358.921,1.047
358.951,1.061
358.981,1.078
359.011,1.058
359.041,1.057
359.071,1.059
359.101,1.069
359.131,1.059
359.161,1.042
359.191,1.079
359.221,1.082
359.251,1.055
359.281,1.073
359.311,1.081
359.341,1.071
359.371,1.081
359.401,1.069
359.431,1.043
359.461,1.039
359.491,1.058
359.521,1.068
359.551,1.082
359.581,1.074
359.611,1.077
359.641,1.072
359.671,1.045
359.701,1.049
359.731,1.070
359.761,1.068
359.791,1.052
359.821,1.059
359.851,1.070
359.881,1.058
359.911,1.058
359.941,1.076
359.971,1.069
360.001,1.060
360.031,1.075
360.061,1.069
360.091,1.055
360.121,1.064
360.151,1.070
360.181,1.062
360.211,1.078
360.241,1.072
360.271,1.053
360.301,1.082
360.331,1.069
360.361,1.071
360.391,1.076
360.421,1.058
360.451,1.056
360.481,1.081
360.511,1.071
360.541,1.056
360.571,1.049
360.601,1.062
360.631,1.075
360.661,1.103
360.691,1.078
360.721,1.049
360.751,1.049
360.781,1.048
360.811,1.043
360.841,1.058
360.871,1.063
360.901,1.061
360.931,1.057
360.961,1.061
360.991,1.073
361.021,1.072
361.051,1.063
361.081,1.065
361.111,1.082
361.141,1.074
361.171,1.048
361.201,1.057
361.231,1.074
361.261,1.091
361.291,1.083
361.321,1.081
361.351,1.065
361.381,1.072
361.411,1.065
361.441,1.056
361.471,1.071
361.501,1.070
361.531,1.064
361.561,1.058
361.591,1.077
361.621,1.077
361.651,1.074
361.681,1.074
361.711,1.067
361.741,1.058
361.771,1.062
361.801,1.069
361.831,1.078
361.861,1.068
361.891,1.072
361.921,1.083
361.951,1.068
361.981,1.072
362.011,1.081
362.041,1.092
362.071,1.062
362.101,1.066
362.131,1.077
362.161,1.069
362.191,1.070
362.221,1.078
362.251,1.078
362.281,1.077
362.311,1.060
362.341,1.057
362.371,1.063
362.401,1.064
362.431,1.054
362.461,1.062
362.491,1.080
362.521,1.080
362.551,1.071
362.581,1.069
362.611,1.059
362.641,1.062
362.671,1.077
362.701,1.065
362.731,1.051
362.761,1.068
362.791,1.055
362.821,1.056
362.851,1.069
362.881,1.083
362.911,1.085
362.941,1.054
362.971,1.066
363.001,1.081
363.031,1.037
363.061,1.040
363.091,1.089
363.121,1.080
363.151,1.099
363.181,1.081
363.211,1.076
363.241,1.062
363.271,1.058
363.301,1.055
363.331,1.044
363.361,1.050
363.391,1.044
363.421,1.043
363.451,1.062
363.481,1.078
363.511,1.065
363.541,1.073
363.571,1.068
363.601,1.068
363.631,1.055
363.661,1.075
363.691,1.078
363.721,1.062
363.751,1.082
363.781,1.050
363.811,1.062
363.841,1.088
363.871,1.074
363.901,1.059
363.931,1.096
363.961,1.048
363.991,1.097
364.021,1.082
364.051,1.063
364.081,1.062
364.111,1.088
364.141,1.077
364.171,1.070
364.201,1.072
364.231,1.071
364.261,1.065
364.291,1.079
364.321,1.082
364.351,1.066
364.381,1.077
364.411,1.067
364.441,1.061
364.471,1.062
364.501,1.074
364.531,1.067
364.561,1.075
364.591,1.066
364.621,1.071
364.651,1.065
364.681,1.063
364.711,1.072
364.741,1.074
364.771,1.061
364.801,1.060
364.831,1.071
364.861,1.074
364.891,1.071
364.921,1.070
364.951,1.061
364.981,1.052
365.011,1.075
365.041,1.078
365.071,1.057
365.101,1.046
365.131,1.064
365.161,1.080
365.191,1.068
365.221,1.058
365.251,1.062
365.281,1.064
365.311,1.050
365.341,1.051
365.371,1.077
365.401,1.062
365.431,1.042
365.461,1.064
365.491,1.084
365.521,1.061
365.551,1.059
365.581,1.068
365.611,1.074
365.641,1.079
365.671,1.084
365.701,1.089
365.731,1.086
365.761,1.068
365.791,1.057
365.821,1.028
365.851,1.038
365.881,1.055
365.911,1.075
365.941,1.083
365.971,1.093
366.001,1.074
366.031,1.059
366.061,1.062
366.091,1.055
366.121,1.062
366.151,1.067
366.181,1.052
366.211,1.065
366.241,1.078
366.271,1.083
366.301,1.053
366.331,1.065
366.361,1.092
366.391,1.078
366.421,1.070
366.451,1.093
366.481,1.083
366.511,1.054
366.541,1.070
366.571,1.085
366.601,1.063
366.631,1.068
366.661,1.094
366.691,1.091
366.721,1.072
366.751,1.080
366.781,1.091
366.811,1.091
366.841,1.079
366.871,1.052
366.901,1.062
366.931,1.068
366.961,1.078
366.991,1.088
367.021,1.070
367.051,1.069
367.081,1.058
367.111,1.070
367.141,1.056
367.171,1.057
367.201,1.088
367.231,1.069
367.261,1.080
367.291,1.064
367.321,1.078
367.351,1.065
367.381,1.071
367.411,1.064
367.441,1.066
367.471,1.063
367.501,1.070
367.531,1.065
367.561,1.072
367.591,1.074
367.621,1.068
367.651,1.062
367.681,1.079
367.711,1.085
367.741,1.070
367.771,1.066
367.801,1.069
367.831,1.059
367.861,1.066
367.891,1.087
367.921,1.074
367.951,1.051
367.981,1.071
368.011,1.078
368.041,1.070
368.071,1.059
368.101,1.071
368.131,1.076
368.161,1.062
368.191,1.070
368.221,1.084
368.251,1.073
368.281,1.072
368.311,1.079
368.341,1.072
368.371,1.065
368.401,1.071
368.431,1.077
368.461,1.072
368.491,1.072
368.521,1.078
368.551,1.071
368.581,1.057
368.611,1.065
368.641,1.083
368.671,1.081
368.701,1.071
368.731,1.066
368.761,1.070
368.791,1.071
368.821,1.057
368.851,1.065
368.881,1.066
368.911,1.066
368.941,1.076
368.971,1.080
369.001,1.077
369.031,1.077
369.061,1.070
369.091,1.072
369.121,1.069
369.151,1.063
369.181,1.074
369.211,1.080
369.241,1.075
369.271,1.081
369.301,1.071
369.331,1.072
369.361,1.079
369.391,1.075
369.421,1.067
369.451,1.065
369.481,1.064
369.511,1.062
369.541,1.054
369.571,1.065
369.601,1.077
369.631,1.082
369.661,1.071
369.691,1.078
369.721,1.088
369.751,1.059
369.781,1.062
369.811,1.079
369.841,1.085
369.871,1.078
369.901,1.066
369.931,1.069
369.961,1.067
369.991,1.067
370.021,1.078
370.051,1.072
370.081,1.072
370.111,1.080
370.141,1.070
370.171,1.069
370.201,1.075
370.231,1.075
370.261,1.064
370.291,1.069
370.321,1.072
370.351,1.068
370.381,1.063
370.411,1.068
370.441,1.074
370.471,1.072
370.501,1.076
370.531,1.074
370.561,1.065
370.591,1.071
370.621,1.078
370.651,1.072
370.681,1.075
370.711,1.076
370.741,1.067
370.771,1.072
370.801,1.078
370.831,1.071
370.861,1.074
370.891,1.084
370.921,1.080
370.951,1.066
370.981,1.058
371.011,1.069
371.041,1.070
371.071,1.068
371.101,1.075
371.131,1.075
371.161,1.077
371.191,1.074
371.221,1.074
371.251,1.079
371.281,1.062
371.311,1.073
371.341,1.072
371.371,1.071
371.401,1.072
371.431,1.067
371.461,1.079
371.491,1.071
371.521,1.070
371.551,1.085
371.581,1.069
371.611,1.072
371.641,1.074
371.671,1.063
371.701,1.073
371.731,1.076
371.761,1.064
371.791,1.072
371.821,1.079
371.851,1.084
371.881,1.071
371.911,1.076
371.941,1.070
371.971,1.068
372.001,1.081
372.031,1.069
372.061,1.062
372.091,1.070
372.121,1.066
372.151,1.058
372.181,1.070
372.211,1.075
372.241,1.078
372.271,1.066
372.301,1.089
372.331,1.070
372.361,1.050
372.391,1.079
372.421,1.079
372.451,1.080
372.481,1.092
372.511,1.066
372.541,1.076
372.571,1.079
372.601,1.072
372.631,1.058
372.661,1.069
372.691,1.059
372.721,1.079
372.751,1.085
372.781,1.064
372.811,1.058
372.841,1.071
372.871,1.089
372.901,1.071
372.931,1.070
372.961,1.060
372.991,1.060
373.021,1.053
373.051,1.070
373.081,1.107
373.111,1.096
373.141,1.064
373.171,1.075
373.201,1.085
373.231,1.069
373.261,1.068
373.291,1.068
373.321,1.073
373.351,1.073
373.381,1.067
373.411,1.053
373.441,1.062
373.471,1.080
373.501,1.076
373.531,1.074
373.561,1.083
373.591,1.076
373.621,1.069
373.651,1.077
373.681,1.079
373.711,1.078
373.741,1.067
373.771,1.079
373.801,1.079
373.831,1.076
373.861,1.070
373.891,1.066
373.921,1.076
373.951,1.078
373.981,1.077
374.011,1.082
374.041,1.079
374.071,1.077
374.101,1.066
374.131,1.076
374.161,1.076
374.191,1.077
374.221,1.068
374.251,1.064
374.281,1.071
374.311,1.076
374.341,1.071
374.371,1.076
374.401,1.072
374.431,1.071
374.461,1.067
374.491,1.064
374.521,1.073
374.551,1.081
374.581,1.067
374.611,1.079
374.641,1.078
374.671,1.075
374.701,1.079
374.731,1.078
374.761,1.074
374.791,1.070
374.821,1.066
374.851,1.076
374.881,1.072
374.911,1.063
374.941,1.074
374.971,1.075
375.001,1.073
375.031,1.070
375.061,1.079
375.091,1.075
375.121,1.080
375.151,1.079
375.181,1.062
375.211,1.071
375.241,1.078
375.271,1.068
375.301,1.072
375.331,1.075
375.361,1.073
375.391,1.079
375.421,1.081
375.451,1.071
375.481,1.072
375.511,1.073
375.541,1.075
375.571,1.065
375.601,1.067
375.631,1.074
375.661,1.078
375.691,1.077
375.721,1.077
375.751,1.071
375.781,1.077
375.811,1.072
375.841,1.069
375.871,1.072
375.901,1.075
375.931,1.077
375.961,1.076
375.991,1.082
376.021,1.074
376.051,1.073
376.081,1.071
376.111,1.075
376.141,1.069
376.171,1.062
376.201,1.079
376.231,1.086
376.261,1.076
376.291,1.066
376.321,1.076
376.351,1.071
376.381,1.070
376.411,1.069
376.441,1.072
376.471,1.075
376.501,1.076
376.531,1.072
376.561,1.071
376.591,1.062
376.621,1.075
376.651,1.083
376.681,1.075
376.711,1.076
376.741,1.076
376.771,1.078
376.801,1.062
376.831,1.073
376.861,1.071
376.891,1.079
376.921,1.080
376.951,1.060
376.981,1.074
377.011,1.077
377.041,1.078
377.071,1.069
377.101,1.081
377.131,1.075
377.161,1.076
377.191,1.069
377.221,1.070
377.251,1.082
377.281,1.068
377.311,1.054
377.341,1.073
377.371,1.088
377.401,1.078
377.431,1.072
377.461,1.063
377.491,1.072
377.521,1.069
377.551,1.066
377.581,1.066
377.611,1.079
377.641,1.072
377.671,1.068
377.701,1.082
377.731,1.085
377.761,1.079
377.791,1.072
377.821,1.076
377.851,1.070
377.881,1.071
377.911,1.069
377.941,1.067
377.971,1.067
378.001,1.069
378.031,1.080
378.061,1.082
378.091,1.074
378.121,1.078
378.151,1.073
378.181,1.067
378.211,1.067
378.241,1.070
378.271,1.080
378.301,1.069
378.331,1.070
378.361,1.074
378.391,1.073
378.421,1.072
378.451,1.073
378.481,1.086
378.511,1.077
378.541,1.067
378.571,1.072
378.601,1.080
378.631,1.079
378.661,1.069
378.691,1.075
378.721,1.077
378.751,1.076
378.781,1.078
378.811,1.075
378.841,1.082
378.871,1.084
378.901,1.077
378.931,1.071
378.961,1.070
378.991,1.078
379.021,1.073
379.051,1.071
379.081,1.076
379.111,1.073
379.141,1.065
379.171,1.076
379.201,1.082
379.231,1.074
379.261,1.066
379.291,1.077
379.321,1.087
379.351,1.099
379.381,1.086
379.411,1.082
379.441,1.134
379.471,1.124
379.501,1.104
379.531,1.083
379.561,1.087
379.591,1.095
379.621,1.097
379.651,1.058
379.681,1.055
379.711,1.049
379.741,1.027
379.771,1.033
379.801,1.043
379.831,1.047
379.861,1.060
379.891,1.064
379.921,1.067
379.951,1.062
379.981,1.062
380.011,1.073
380.041,1.060
380.071,1.047
380.101,1.045
380.131,1.067
380.161,1.050
380.191,1.029
380.221,1.031
380.251,1.037
380.281,1.026
380.311,1.020
380.341,1.025
380.371,1.037
380.401,1.031
380.431,1.046
380.461,1.014
380.491,1.016
380.521,1.052
380.551,1.070
380.581,1.042
380.611,1.025
380.641,1.015
380.671,1.043
380.701,1.040
380.731,1.053
380.761,1.074
380.791,1.102
380.821,1.075
380.851,1.044
380.881,1.046
380.911,1.108
380.941,1.130
380.971,1.113
381.001,1.112
381.031,1.081
381.061,1.065
381.091,1.070
381.121,1.074
381.151,1.038
381.181,1.026
381.211,1.039
381.241,1.043
381.271,1.062
381.301,1.074
381.331,1.082
381.361,1.059
381.391,1.069
381.421,1.065
381.451,1.018
381.481,1.013
381.511,1.022
381.541,1.031
381.571,1.035
381.601,1.059
381.631,1.062
381.661,1.059
381.691,1.048
381.721,1.044
381.751,1.051
381.781,1.044
381.811,1.026
381.841,1.030
381.871,1.042
381.901,1.043
381.931,1.031
381.961,1.046
381.991,1.037
382.021,1.041
382.051,1.048
382.081,1.055
382.111,1.039
382.141,1.049
382.171,1.070
382.201,1.044
382.231,1.050
382.261,1.081
382.291,1.062
382.321,1.052
382.351,1.066
382.381,1.065
382.411,1.061
382.441,1.050
382.471,1.063
382.501,1.070
382.531,1.064
382.561,1.053
382.591,1.063
382.621,1.075
382.651,1.059
382.681,1.056
382.711,1.062
382.741,1.060
382.771,1.060
382.801,1.065
382.831,1.080
382.861,1.062
382.891,1.060
382.921,1.066
382.951,1.061
382.981,1.069
383.011,1.076
383.041,1.067
383.071,1.057
383.101,1.061
383.131,1.059
383.161,1.060
383.191,1.060
383.221,1.072
383.251,1.071
383.281,1.062
383.311,1.058
383.341,1.064
383.371,1.064
383.401,1.061
383.431,1.057
383.461,1.063
383.491,1.069
383.521,1.076
383.551,1.057
383.581,1.056
383.611,1.065
383.641,1.061
383.671,1.079
383.701,1.077
383.731,1.066
383.761,1.052
383.791,1.046
383.821,1.065
383.851,1.061
383.881,1.054
383.911,1.070
383.941,1.076
383.971,1.055
384.001,1.053
384.031,1.078
384.061,1.071
384.091,1.064
384.121,1.072
384.151,1.064
384.181,1.062
384.211,1.061
384.241,1.066
384.271,1.070
384.301,1.066
384.331,1.061
384.361,1.068
384.391,1.071
384.421,1.063
384.451,1.062
384.481,1.065
384.511,1.065
384.541,1.079
384.571,1.073
384.601,1.075
384.631,1.057
384.661,1.060
384.691,1.072
384.721,1.066
384.751,1.062
384.781,1.068
384.811,1.062
384.841,1.065
384.871,1.075
384.901,1.071
384.931,1.062
384.961,1.065
384.991,1.071
385.021,1.064
385.051,1.058
385.081,1.087
385.111,1.074
385.141,1.049
385.171,1.073
385.201,1.073
385.231,1.060
385.261,1.053
385.291,1.056
385.321,1.080
385.351,1.076
385.381,1.066
385.411,1.086
385.441,1.077
385.471,1.071
385.501,1.075
385.531,1.066
385.561,1.061
385.591,1.083
385.621,1.073
385.651,1.062
385.681,1.064
385.711,1.068
385.741,1.071
385.771,1.051
385.801,1.051
385.831,1.090
385.861,1.065
385.891,1.067
385.921,1.090
385.951,1.079
385.981,1.048
386.011,1.104
386.041,1.117
386.071,0.988
386.101,1.042
386.131,1.113
386.161,1.061
386.191,1.057
386.221,1.091
386.251,1.101
386.281,1.079
386.311,1.060
386.341,1.095
386.371,1.091
386.401,1.061
386.431,1.084
386.461,1.091
386.491,1.061
386.521,1.041
386.551,1.042
386.581,1.057
386.611,1.067
386.641,1.082
386.671,1.082
386.701,1.076
386.731,1.058
386.761,1.060
386.791,1.061
386.821,1.075
386.851,1.076
386.881,1.072
386.911,1.077
386.941,1.074
386.971,1.064
387.001,1.073
387.031,1.080
387.061,1.077
387.091,1.067
387.121,1.080
387.151,1.067
387.181,1.059
387.211,1.081
387.241,1.074
387.271,1.076
387.301,1.067
387.331,1.082
387.361,1.105
387.391,1.097
387.421,1.084
387.451,1.073
387.481,1.078
387.511,1.071
387.541,1.063
387.571,1.081
387.601,1.103
387.631,1.097
387.661,1.067
387.691,1.062
387.721,1.057
387.751,1.066
387.781,1.049
387.811,1.045
387.841,1.072
387.871,1.066
387.901,1.054
387.931,1.049
387.961,1.074
387.991,1.067
388.021,1.037
388.051,1.054
388.081,1.079
388.111,1.076
388.141,1.053
388.171,1.054
388.201,1.052
388.231,1.069
388.261,1.075
388.291,1.070
388.321,1.092
388.351,1.104
388.381,1.067
388.411,1.049
388.441,1.082
388.471,1.084
388.501,1.068
388.531,1.074
388.561,1.084
388.591,1.067
388.621,1.073
388.651,1.067
388.681,1.056
388.711,1.081
388.741,1.070
388.771,1.063
388.801,1.061
388.831,1.062
388.861,1.079
388.891,1.087
388.921,1.057
388.951,1.070
388.981,1.083
389.011,1.080
389.041,1.069
389.071,1.070
389.101,1.073
389.131,1.061
389.161,1.065
389.191,1.063
389.221,1.071
389.251,1.067
389.281,1.069
389.311,1.076
389.341,1.080
389.371,1.068
389.401,1.067
389.431,1.068
389.461,1.061
389.491,1.073
389.521,1.083
389.551,1.069
389.581,1.060
389.611,1.075
389.641,1.082
389.671,1.071
389.701,1.059
389.731,1.069
389.761,1.080
389.791,1.069
389.821,1.062
389.851,1.065
389.881,1.076
389.911,1.084
389.941,1.074
389.971,1.072
390.001,1.073
390.031,1.077
390.061,1.077
390.091,1.054
390.121,1.075
390.151,1.075
390.181,1.068
390.211,1.057
390.241,1.046
390.271,1.077
390.301,1.090
390.331,1.059
390.361,1.072
390.391,1.072
390.421,1.054
390.451,1.045
390.481,1.072
390.511,1.051
390.541,1.073
390.571,1.156
390.601,1.095
390.631,1.076
390.661,1.089
390.691,1.067
390.721,1.070
390.751,1.093
390.781,1.100
390.811,1.092
390.841,1.025
390.871,1.035
390.901,1.061
390.931,1.045
390.961,1.060
390.991,1.077
391.021,1.069
391.051,1.075
391.081,1.088
391.111,1.074
391.141,1.074
391.171,1.062
391.201,1.076
391.231,1.076
391.261,1.049
391.291,1.027
391.321,1.068
391.351,1.084
391.381,1.061
391.411,1.073
391.441,1.084
391.471,1.074
391.501,1.065
391.531,1.087
391.561,1.089
391.591,1.054
391.621,1.071
391.651,1.073
391.681,1.065
391.711,1.051
391.741,1.043
391.771,1.070
391.801,1.081
391.831,1.069
391.861,1.059
391.891,1.075
391.921,1.087
391.951,1.073
391.981,1.065
392.011,1.071
392.041,1.079
392.071,1.067
392.101,1.072
392.131,1.071
392.161,1.071
392.191,1.069
392.221,1.062
392.251,1.064
392.281,1.072
392.311,1.073
392.341,1.072
392.371,1.078
392.401,1.085
392.431,1.072
392.461,1.065
392.491,1.080
392.521,1.087
392.551,1.072
392.581,1.066
392.611,1.079
392.641,1.068
392.671,1.059
392.701,1.064
392.731,1.069
392.761,1.070
392.791,1.071
392.821,1.081
392.851,1.065
392.881,1.060
392.911,1.059
392.941,1.067
392.971,1.082
393.001,1.073
393.031,1.060
393.061,1.064
393.091,1.077
393.121,1.082
393.151,1.064
393.181,1.062
393.211,1.075
393.241,1.069
393.271,1.063
393.301,1.074
393.331,1.081
393.361,1.075
393.391,1.078
393.421,1.076
393.451,1.071
393.481,1.081
393.511,1.073
393.541,1.063
393.571,1.074
393.601,1.086
393.631,1.072
393.661,1.062
393.691,1.082
393.721,1.082
393.751,1.077
393.781,1.063
393.811,1.079
393.841,1.078
393.871,1.053
393.901,1.056
393.931,1.066
393.961,1.075
393.991,1.071
394.021,1.079
394.051,1.088
394.081,1.082
394.111,1.066
394.141,1.074
394.171,1.080
394.201,1.066
394.231,1.071
394.261,1.077
394.291,1.062
394.321,1.054
394.351,1.076
394.381,1.090
394.411,1.061
394.441,1.062
394.471,1.086
394.501,1.081
394.531,1.066
394.561,1.082
394.591,1.078
394.621,1.067
394.651,1.068
394.681,1.085
394.711,1.077
394.741,1.006
394.771,1.148
394.801,1.113
394.831,1.023
394.861,0.992
394.891,1.090
394.921,1.137
394.951,1.146
394.981,1.094
395.011,1.061
395.041,1.080
395.071,1.047
395.101,1.064
395.131,1.101
395.161,1.061
395.191,1.048
395.221,1.072
395.251,1.078
395.281,1.063
395.311,1.055
395.341,1.041
395.371,1.060
395.401,1.061
395.431,1.067
395.461,1.065
395.491,1.059
395.521,1.069
395.551,1.067
395.581,1.075
395.611,1.076
395.641,1.073
395.671,1.063
395.701,1.051
395.731,1.073
395.761,1.074
395.791,1.066
395.821,1.069
395.851,1.071
395.881,1.078
395.911,1.077
395.941,1.070
395.971,1.061
396.001,1.067
396.031,1.078
396.061,1.076
396.091,1.059
396.121,1.058
396.151,1.074
396.181,1.065
396.211,1.064
396.241,1.085
396.271,1.094
396.301,1.075
396.331,1.074
396.361,1.062
396.391,1.058
396.421,1.052
396.451,1.062
396.481,1.073
396.511,1.075
396.541,1.070
396.571,1.081
396.601,1.066
396.631,1.062
396.661,1.068
396.691,1.076
396.721,1.075
396.751,1.083
396.781,1.071
396.811,1.057
396.841,1.058
396.871,1.065
396.901,1.060
396.931,1.049
396.961,1.068
396.991,1.078
397.021,1.084
397.051,1.069
397.081,1.063
397.111,1.064
397.141,1.076
397.171,1.059
397.201,1.063
397.231,1.084
397.261,1.066
397.291,1.062
397.321,1.082
397.351,1.075
397.381,1.062
397.411,1.068
397.441,1.070
397.471,1.070
397.501,1.067
397.531,1.066
397.561,1.065
397.591,1.070
397.621,1.077
397.651,1.063
397.681,1.084
397.711,1.073
397.741,1.062
397.771,1.071
397.801,1.070
397.831,1.068
397.861,1.052
397.891,1.069
397.921,1.079
397.951,1.062
397.981,1.076
398.011,1.074
398.041,1.065
398.071,1.075
398.101,1.073
398.131,1.073
398.161,1.064
398.191,1.075
398.221,1.074
398.251,1.059
398.281,1.057
398.311,1.050
398.341,1.070
398.371,1.066
398.401,1.064
398.431,1.078
398.461,1.086
398.491,1.088
398.521,1.063
398.551,1.073
398.581,1.092
398.611,1.085
398.641,1.071
398.671,1.078
398.701,1.077
398.731,1.080
398.761,1.072
398.791,1.063
398.821,1.080
398.851,1.066
398.881,1.063
398.911,1.073
398.941,1.067
398.971,1.079
399.001,1.062
399.031,1.053
399.061,1.084
399.091,1.085
399.121,1.070
399.151,1.090
399.181,1.068
399.211,1.063
399.241,1.084
399.271,1.080
399.301,1.069
399.331,1.080
399.361,1.068
399.391,1.039
399.421,1.066
399.451,1.084
399.481,1.087
399.511,1.088
399.541,1.108
399.571,1.066
399.601,1.044
399.631,1.054
399.661,1.093
399.691,1.072
399.721,1.080
399.751,1.086
399.781,1.074
399.811,1.058
399.841,1.083
399.871,1.079
399.901,1.062
399.931,1.034
399.961,1.058
399.991,1.063
400.021,1.065
400.051,1.079
400.081,1.069
400.111,1.076
400.141,1.079
400.171,1.059
400.201,1.072
400.231,1.080
400.261,1.058
400.291,1.060
400.321,1.089
400.351,1.086
400.381,1.068
400.411,1.060
400.441,1.081
400.471,1.078
400.501,1.065
400.531,1.058
400.561,1.083
400.591,1.081
400.621,1.063
400.651,1.063
400.681,1.072
400.711,1.084
400.741,1.077
400.771,1.074
400.801,1.076
400.831,1.078
400.861,1.081
400.891,1.064
400.921,1.062
400.951,1.076
400.981,1.069
401.011,1.065
401.041,1.068
401.071,1.072
401.101,1.062
401.131,1.073
401.161,1.072
401.191,1.069
401.221,1.067
401.251,1.079
401.281,1.085
401.311,1.069
401.341,1.062
401.371,1.072
401.401,1.075
401.431,1.079
401.461,1.073
401.491,1.072
401.521,1.075
401.551,1.069
401.581,1.071
401.611,1.074
401.641,1.078
401.671,1.072
401.701,1.063
401.731,1.064
401.761,1.085
401.791,1.094
401.821,1.071
401.851,1.053
401.881,1.073
401.911,1.075
401.941,1.070
401.971,1.080
402.001,1.076
402.031,1.066
402.061,1.072
402.091,1.070
402.121,1.067
402.151,1.071
402.181,1.081
402.211,1.072
402.241,1.066
402.271,1.075
402.301,1.060
402.331,1.071
402.361,1.069
402.391,1.070
402.421,1.080
402.451,1.074
402.481,1.066
402.511,1.076
402.541,1.081
402.571,1.067
402.601,1.071
402.631,1.071
402.661,1.070
402.691,1.079
402.721,1.079
402.751,1.078
402.781,1.068
402.811,1.079
402.841,1.072
402.871,1.082
402.901,1.064
402.931,1.064
402.961,1.071
402.991,1.062
403.021,1.066
403.051,1.071
403.081,1.092
403.111,1.071
403.141,1.066
403.171,1.073
403.201,1.077
403.231,1.059
403.261,1.066
403.291,1.083
403.321,1.069
403.351,1.064
403.381,1.073
403.411,1.075
403.441,1.080
403.471,1.061
403.501,1.062
403.531,1.067
403.561,1.067
403.591,1.059
403.621,1.081
403.651,1.073
403.681,1.067
403.711,1.080
403.741,1.082
403.771,1.074
403.801,1.076
403.831,1.075
403.861,1.072
403.891,1.067
403.921,1.077
403.951,1.072
403.981,1.068
404.011,1.078
404.041,1.088
404.071,1.085
404.101,1.075
404.131,1.062
404.161,1.065
404.191,1.068
404.221,1.068
404.251,1.069
404.281,1.065
404.311,1.078
404.341,1.078
404.371,1.069
404.401,1.072
404.431,1.072
404.461,1.069
404.491,1.070
404.521,1.073
404.551,1.071
404.581,1.069
404.611,1.075
404.641,1.088
404.671,1.070
404.701,1.063
404.731,1.073
404.761,1.078
404.791,1.083
404.821,1.088
404.851,1.100
404.881,1.122
404.911,1.137
404.941,1.129
404.971,1.124
405.001,1.124
405.031,1.113
405.061,1.067
405.091,1.033
405.121,0.995
405.151,0.992
405.181,1.009
405.211,1.025
405.241,1.032
405.271,1.026
405.301,1.031
405.331,1.038
405.361,1.078
405.391,1.074
405.421,1.043
405.451,1.089
405.481,1.120
405.511,1.118
405.541,1.119
405.571,1.098
405.601,1.079
405.631,1.070
405.661,1.056
405.691,1.051
405.721,1.075
405.751,1.075
405.781,1.067
405.811,1.065
405.841,1.087
405.871,1.076
405.901,1.043
405.931,1.058
405.961,1.081
405.991,1.085
406.021,1.078
406.051,1.080
406.081,1.089
406.111,1.085
406.141,1.079
406.171,1.086
406.201,1.067
406.231,1.062
406.261,1.067
406.291,1.073
406.321,1.050
406.351,1.065
406.381,1.075
406.411,1.065
406.441,1.078
406.471,1.074
406.501,1.062
406.531,1.052
406.561,1.060
406.591,1.078
406.621,1.056
406.651,1.063
406.681,1.090
406.711,1.080
406.741,1.091
406.771,1.038
406.801,1.067
406.831,1.102
406.861,1.078
406.891,1.050
406.921,1.087
406.951,1.081
406.981,1.052
407.011,1.066
407.041,1.077
407.071,1.068
407.101,1.082
407.131,1.080
407.161,1.050
407.191,1.080
407.221,1.098
407.251,1.053
407.281,1.125
407.311,1.054
407.341,0.998
407.371,1.079
407.401,1.081
407.431,1.080
407.461,1.076
407.491,1.136
407.521,1.063
407.551,1.081
407.581,1.081
407.611,1.038
407.641,1.015
407.671,1.068
407.701,1.078
407.731,1.029
407.761,1.046
407.791,1.075
407.821,1.050
407.851,1.070
407.881,1.101
407.911,1.083
407.941,1.115
407.971,1.125
408.001,1.102
408.031,1.038
408.061,1.052
408.091,1.099
408.121,1.076
408.151,1.065
408.181,1.024
408.211,1.085
408.241,1.120
408.271,1.100
408.301,1.067
408.331,1.074
408.361,1.071
408.391,1.088
408.421,1.064
408.451,1.031
408.481,1.073
408.511,1.066
408.541,1.059
408.571,1.058
408.601,1.040
408.631,1.072
408.661,1.059
408.691,1.035
408.721,1.062
408.751,1.073
408.781,1.078
408.811,1.057
408.841,1.057
408.871,1.062
408.901,1.058
408.931,1.082
408.961,1.072
408.991,1.070
409.021,1.081
409.051,1.076
409.081,1.062
409.111,1.062
409.141,1.077
409.171,1.088
409.201,1.064
409.231,1.062
409.261,1.080
409.291,1.086
409.321,1.054
409.351,1.080
409.381,1.096
409.411,1.066
409.441,1.069
409.471,1.082
409.501,1.070
409.531,1.059
409.561,1.072
409.591,1.071
409.621,1.074
409.651,1.076
409.681,1.078
409.711,1.054
409.741,1.071
409.771,1.064
409.801,1.062
409.831,1.087
409.861,1.077
409.891,1.064
409.921,1.075
409.951,1.067
409.981,1.064
410.011,1.070
410.041,1.072
410.071,1.079
410.101,1.075
410.131,1.075
410.161,1.081
410.191,1.081
410.221,1.070
410.251,1.075
410.281,1.071
410.311,1.072
410.341,1.060
410.371,1.066
410.401,1.044
410.431,1.016
410.461,1.063
410.491,1.137
410.521,1.155
410.551,1.102
410.581,1.082
410.611,1.085
410.641,1.086
410.671,1.065
410.701,1.046
410.731,1.067
410.761,1.056
410.791,1.042
410.821,1.073
410.851,1.089
410.881,1.047
410.911,1.048
410.941,1.028
410.971,1.068
411.001,1.101
411.031,1.070
411.061,1.082
411.091,1.060
411.121,1.041
411.151,1.046
411.181,1.065
411.211,1.076
411.241,1.055
411.271,1.068
411.301,1.064
411.331,1.079
411.361,1.046
411.391,1.010
411.421,1.050
411.451,1.090
411.481,1.077
411.511,1.116
411.541,1.104
411.571,1.075
411.601,1.069
411.631,1.055
411.661,1.061
411.691,1.070
411.721,1.060
411.751,1.057
411.781,1.061
411.811,1.060
411.841,1.074
411.871,1.074
411.901,1.067
411.931,1.067
411.961,1.054
411.991,1.062
412.021,1.060
412.051,1.062
412.081,1.054
412.111,1.058
412.141,1.077
412.171,1.077
412.201,1.065
412.231,1.069
412.261,1.048
412.291,1.045
412.321,1.076
412.351,1.076
412.381,1.057
412.411,1.056
412.441,1.076
412.471,1.086
412.501,1.085
412.531,1.104
412.561,1.073
412.591,1.076
412.621,1.093
412.651,1.085
412.681,1.058
412.711,1.025
412.741,1.006
412.771,1.022
412.801,1.046
412.831,1.054
412.861,1.051
412.891,1.052
412.921,1.070
412.951,1.060
412.981,1.054
413.011,1.039
413.041,1.030
413.071,1.032
413.101,1.050
413.131,1.073
413.161,1.094
413.191,1.081
413.221,1.038
413.251,1.043
413.281,1.067
413.311,1.070
413.341,1.097
413.371,1.146
413.401,1.107
413.431,1.086
413.461,1.059
413.491,1.066
413.521,1.067
413.551,1.074
413.581,1.061
413.611,1.071
413.641,1.069
413.671,1.076
413.701,1.042
413.731,1.029
413.761,1.027
413.791,1.023
413.821,1.002
413.851,0.998
413.881,1.023
413.911,1.018
413.941,0.984
413.971,1.009
414.001,1.020
414.031,1.025
414.061,0.995
414.091,0.982
414.121,1.050
414.151,1.066
414.181,1.015
414.211,1.011
414.241,1.030
414.271,1.066
414.301,1.081
414.331,1.053
414.361,1.043
414.391,1.058
414.421,1.039
414.451,1.017
414.481,1.044
414.511,1.047
414.541,1.022
414.571,1.021
414.601,1.045
414.631,1.033
414.661,1.013
414.691,1.045
414.721,1.044
414.751,1.058
414.781,1.049
414.811,1.026
414.841,1.054
414.871,1.059
414.901,1.052
414.931,1.054
414.961,1.050
414.991,1.063
415.021,1.058
415.051,1.059
415.081,1.067
415.111,1.054
415.141,1.059
415.171,1.079
415.201,1.068
415.231,1.050
415.261,1.074
415.291,1.067
415.321,1.059
415.351,1.086
415.381,1.096
415.411,1.074
415.441,1.073
415.471,1.042
415.501,1.031
415.531,1.041
415.561,1.054
415.591,1.048
415.621,1.050
415.651,1.055
415.681,1.035
415.711,1.005
415.741,1.002
415.771,1.030
415.801,1.036
415.831,1.051
415.861,1.070
415.891,1.064
415.921,1.050
415.951,1.045
415.981,1.048
416.011,1.033
416.041,1.051
416.071,1.060
416.101,1.081
416.131,1.060
416.161,1.049
416.191,1.042
416.221,1.028
416.251,1.009
416.281,1.012
416.311,0.998
416.341,1.028
416.371,1.050
416.401,1.033
416.431,1.034
416.461,1.046
416.491,1.061
416.521,1.064
416.551,1.042
416.581,1.015
416.611,1.050
416.641,1.028
416.671,1.030
416.701,1.030
416.731,1.037
416.761,1.041
416.791,1.054
416.821,1.064
416.851,1.093
416.881,1.040
416.911,1.063
416.941,1.084
416.971,1.035
417.001,1.027
417.031,1.062
417.061,1.063
417.091,1.073
417.121,1.098
417.151,1.067
417.181,1.045
417.211,1.087
417.241,1.099
417.271,1.090
417.301,1.070
417.331,1.062
417.361,1.068
417.391,1.081
417.421,1.033
417.451,1.013
417.481,1.054
417.511,1.069
417.541,1.037
417.571,1.047
417.601,1.078
417.631,1.088
417.661,1.069
417.691,1.060
417.721,1.075
417.751,1.061
417.781,1.050
417.811,1.059
417.841,1.067
417.871,1.048
417.901,1.056
417.931,1.062
417.961,1.077
417.991,1.099
418.021,1.078
418.051,1.045
418.081,1.036
418.111,1.061
418.141,1.025
418.171,1.058
418.201,1.045
418.231,1.047
418.261,1.065
418.291,1.075
418.321,1.050
418.351,1.080
418.381,1.081
418.411,1.049
418.441,1.010
418.471,1.032
418.501,1.008
418.531,1.104
418.561,1.124
418.591,1.118
418.621,1.080
418.651,1.074
418.681,1.064
418.711,1.046
418.741,1.053
418.771,1.065
418.801,1.066
418.831,1.106
418.861,1.069
418.891,1.055
418.921,1.057
418.951,1.005
418.981,1.036
419.011,1.028
419.041,1.075
419.071,1.084
419.101,1.092
419.131,1.058
419.161,1.054
419.191,1.058
419.221,1.063
419.251,1.074
419.281,1.078
419.311,1.090
419.341,1.054
419.371,1.062
419.401,1.066
419.431,1.041
419.461,1.021
419.491,1.033
419.521,1.055
419.551,1.050
419.581,1.076
419.611,1.120
419.641,1.042
419.671,1.038
419.701,1.095
419.731,1.066
419.761,1.045
419.791,1.071
419.821,1.066
419.851,1.093
419.881,1.120
419.911,1.106
419.941,1.099
419.971,1.106
420.001,1.061
420.031,1.058
420.061,1.055
420.091,1.038
420.121,1.039
420.151,1.013
420.181,1.026
420.211,1.054
420.241,1.053
420.271,1.041
420.301,1.071
420.331,1.052
420.361,0.996
420.391,1.041
420.421,1.049
420.451,1.049
420.481,1.023
420.511,1.015
420.541,1.049
420.571,1.062
420.601,1.044
420.631,1.049
420.661,1.032
420.691,1.033
420.721,1.025
420.751,1.018
420.781,1.024
420.811,1.017
420.841,0.995
420.871,1.000
420.901,0.969
420.931,0.958
420.961,1.016
420.991,1.030
421.021,0.989
421.051,0.979
421.081,1.051
421.111,1.049
421.141,1.055
421.171,1.055
421.201,1.007
421.231,1.026
421.261,1.012
421.291,0.972
421.321,1.076
421.351,1.068
421.381,1.017
421.411,1.009
421.441,1.009
421.471,0.991
421.501,0.976
421.531,0.983
421.561,0.947
421.591,0.928
421.621,0.944
421.651,0.951
421.681,1.010
421.711,1.071
421.741,1.150
421.771,1.170
421.801,1.157
421.831,1.125
421.861,1.043
421.891,1.054
421.921,0.969
421.951,0.916
421.981,0.959
422.011,0.991
422.041,0.991
422.071,0.988
422.101,1.037
422.131,1.059
422.161,1.005
422.191,0.977
422.221,1.023
422.251,1.050
422.281,1.079
422.311,1.060
422.341,1.035
422.371,1.001
422.401,0.964
422.431,0.984
422.461,1.009
422.491,1.021
422.521,1.027
422.551,1.041
422.581,1.065
422.611,1.045
422.641,1.015
422.671,1.023
422.701,1.015
422.731,1.032
422.761,1.030
422.791,1.058
422.821,1.001
422.851,1.008
422.881,1.041
422.911,1.040
422.941,1.084
422.971,1.047
423.001,1.018
423.031,1.053
423.061,1.056
423.091,1.009
423.121,1.026
423.151,1.057
423.181,1.054
423.211,1.039
423.241,1.038
423.271,1.025
423.301,1.036
423.331,1.068
423.361,1.081
423.391,0.995
423.421,1.026
423.451,1.034
423.481,1.007
423.511,0.992
423.541,1.009
423.571,0.997
423.601,0.969
423.631,1.006
423.661,1.014
423.691,1.006
423.721,1.011
423.751,1.051
423.781,1.064
423.811,1.062
423.841,1.103
423.871,1.104
423.901,1.041
423.931,1.012
423.961,1.016
423.991,1.020
424.021,1.021
424.051,1.045
424.081,1.045
424.111,1.037
424.141,1.050
424.171,1.074
424.201,1.046
424.231,1.035
424.261,1.029
424.291,1.025
424.321,1.042
424.351,1.039
424.381,0.992
424.411,1.036
424.441,1.039
424.471,1.033
424.501,0.980
424.531,0.998
424.561,0.986
424.591,1.020
424.621,1.055
424.651,1.037
424.681,1.022
424.711,1.009
424.741,1.011
424.771,1.040
424.801,1.046
424.831,1.049
424.861,1.037
424.891,1.032
424.921,1.019
424.951,1.005
424.981,0.996
425.011,1.003
425.041,1.026
425.071,1.032
425.101,1.067
425.131,1.032
425.161,1.041
425.191,1.032
425.221,0.998
425.251,0.994
425.281,1.079
425.311,1.065
425.341,1.028
425.371,1.034
425.401,0.987
425.431,0.953
425.461,0.951
425.491,1.023
425.521,1.071
425.551,1.071
425.581,1.044
425.611,1.014
425.641,0.997
425.671,1.015
425.701,1.030
425.731,1.033
425.761,1.017
425.791,1.040
425.821,1.003
425.851,1.059
425.881,1.087
425.911,1.032
425.941,0.956
425.971,0.967
426.001,1.069
426.031,1.103
426.061,1.062
426.091,1.011
426.121,0.983
426.151,1.048
426.181,1.036
426.211,1.015
426.241,1.020
426.271,0.997
426.301,1.002
426.331,1.042
426.361,1.042
426.391,1.032
426.421,1.006
426.451,1.018
426.481,1.021
426.511,1.014
426.541,1.000
426.571,1.002
426.601,1.017
426.631,1.031
426.661,1.042
426.691,1.030
426.721,1.041
426.751,1.028
426.781,1.042
426.811,1.021
426.841,1.019
426.871,1.042
426.901,1.069
426.931,1.052
426.961,1.031
426.991,1.062
427.021,1.042
427.051,1.049
427.081,0.999
427.111,0.995
427.141,1.024
427.171,1.011
427.201,1.027
427.231,1.055
427.261,1.046
427.291,1.019
427.321,1.032
427.351,1.071
427.381,1.042
427.411,1.009
427.441,1.020
427.471,1.045
427.501,1.042
427.531,1.040
427.561,1.023
427.591,1.022
427.621,1.020
427.651,1.011
427.681,1.042
427.711,1.041
427.741,1.011
427.771,1.056
427.801,1.033
427.831,1.012
427.861,1.015
427.891,0.985
427.921,1.016
427.951,1.106
427.981,1.146
428.011,1.062
428.041,1.066
428.071,1.045
428.101,1.039
428.131,1.056
428.161,1.062
428.191,1.065
428.221,1.003
428.251,0.958
428.281,1.043
428.311,1.056
428.341,1.037
428.371,1.003
428.401,1.009
428.431,1.063
428.461,1.071
428.491,1.035
428.521,1.029
428.551,1.012
428.581,1.013
428.611,1.026
428.641,1.054
428.671,1.034
428.701,1.024
428.731,1.065
428.761,1.078
428.791,1.049
428.821,1.021
428.851,1.001
428.881,1.017
428.911,1.052
428.941,1.032
428.971,1.035
429.001,1.048
429.031,1.038
429.061,1.049
429.091,1.061
429.121,1.032
429.151,1.054
429.181,1.022
429.211,1.023
429.241,1.028
429.271,1.022
429.301,1.022
429.331,1.015
429.361,1.030
429.391,1.036
429.421,1.076
429.451,1.044
429.481,1.019
429.511,1.010
429.541,1.024
429.571,1.012
429.601,1.014
429.631,1.013
429.661,0.982
429.691,1.000
429.721,0.984
429.751,1.020
429.781,1.068
429.811,0.995
429.841,0.950
429.871,0.968
429.901,1.002
429.931,0.988
429.961,0.995
429.991,1.036
430.021,1.011
430.051,0.961
430.081,0.965
430.111,0.973
430.141,0.994
430.171,0.998
430.201,1.104
430.231,1.134
430.261,1.088
430.291,1.039
430.321,1.023
430.351,1.010
430.381,1.003
430.411,1.022
430.441,1.062
430.471,1.094
430.501,1.149
430.531,1.149
430.561,1.134
430.591,1.080
430.621,1.058
430.651,1.003
430.681,0.946
430.711,0.920
430.741,0.941
430.771,0.969
430.801,0.989
430.831,1.023
430.861,1.026
430.891,0.982
430.921,0.971
430.951,0.976
430.981,1.005
431.011,0.994
431.041,0.961
431.071,1.011
431.101,1.025
431.131,1.004
431.161,0.969
431.191,0.955
431.221,0.974
431.251,1.001
431.281,0.961
431.311,0.962
431.341,0.983
431.371,1.009
431.401,1.022
431.431,1.044
431.461,0.995
431.491,0.978
431.521,0.987
431.551,1.045
431.581,1.054
431.611,1.037
431.641,0.973
431.671,1.000
431.701,1.056
431.731,1.059
431.761,0.995
431.791,1.009
431.821,1.029
431.851,0.974
431.881,0.985
431.911,1.024
431.941,1.011
431.971,0.988
432.001,1.029
432.031,1.062
432.061,1.062
432.091,1.023
432.121,1.063
432.151,1.070
432.181,1.024
432.211,1.009
432.241,1.011
432.271,1.053
432.301,1.049
432.331,0.979
432.361,0.983
432.391,1.033
432.421,1.065
432.451,1.034
432.481,1.065
432.511,1.088
432.541,1.090
432.571,1.063
432.601,1.046
432.631,1.014
432.661,1.014
432.691,1.034
432.721,0.980
432.751,1.007
432.781,0.997
432.811,1.003
432.841,0.966
432.871,0.994
432.901,1.032
432.931,1.030
432.961,1.090
432.991,1.042
433.021,1.023
433.051,0.979
433.081,1.034
433.111,1.062
433.141,1.078
433.171,1.081
433.201,1.075
433.231,1.038
433.261,0.986
433.291,0.932
433.321,1.006
433.351,1.081
433.381,1.097
433.411,1.040
433.441,1.007
433.471,1.020
433.501,0.961
433.531,0.944
433.561,0.975
433.591,0.979
433.621,0.991
433.651,1.031
433.681,1.068
433.711,1.048
433.741,1.063
433.771,1.041
433.801,1.044
433.831,1.000
433.861,1.014
433.891,1.002
433.921,0.975
433.951,0.946
433.981,1.020
434.011,1.062
434.041,0.998
434.071,0.998
434.101,1.070
434.131,1.022
434.161,0.937
434.191,1.026
434.221,1.003
434.251,0.996
434.281,1.041
434.311,1.029
434.341,1.057
434.371,1.022
434.401,1.013
434.431,0.977
434.461,0.961
434.491,0.968
434.521,1.063
434.551,1.081
434.581,1.045
434.611,1.006
434.641,1.065
434.671,1.060
434.701,1.005
434.731,0.994
434.761,1.015
434.791,1.034
434.821,1.018
434.851,0.996
434.881,1.004
434.911,1.035
434.941,1.033
434.971,1.051
435.001,1.050
435.031,1.068
435.061,1.062
435.091,1.043
435.121,1.031
435.151,1.026
435.181,1.021
435.211,1.007
435.241,1.001
435.271,1.024
435.301,1.042
435.331,1.017
435.361,0.992
435.391,1.063
435.421,1.038
435.451,0.971
435.481,0.994
435.511,1.031
435.541,1.055
435.571,1.028
435.601,1.027
435.631,1.062
435.661,1.071
435.691,1.027
435.721,1.010
435.751,0.997
435.781,0.989
435.811,0.986
435.841,1.030
435.871,1.013
435.901,1.024
435.931,1.056
435.961,1.032
435.991,1.007
436.021,1.032
436.051,1.072
436.081,1.050
436.111,1.049
436.141,1.043
436.171,1.053
436.201,1.061
436.231,1.022
436.261,0.990
436.291,0.943
436.321,0.969
436.351,0.977
436.381,0.977
436.411,1.001
436.441,1.044
436.471,1.070
436.501,1.079
436.531,1.085
436.561,1.092
436.591,1.050
436.621,1.001
436.651,0.980
436.681,0.997
436.711,1.008
436.741,1.016
436.771,1.007
436.801,1.014
436.831,0.997
436.861,1.020
436.891,1.053
436.921,1.054
436.951,0.998
436.981,0.994
437.011,1.021
437.041,1.040
437.071,1.068
437.101,1.022
437.131,0.968
437.161,0.972
437.191,0.982
437.221,0.980
437.251,1.006
437.281,1.026
437.311,1.027
437.341,1.023
437.371,1.018
437.401,1.035
437.431,1.028
437.461,1.030
437.491,1.024
437.521,1.011
437.551,1.010
437.581,1.006
437.611,0.994
437.641,1.017
437.671,1.045
437.701,1.062
437.731,1.045
437.761,1.023
437.791,1.016
437.821,1.007
437.851,1.021
437.881,1.019
437.911,1.007
437.941,0.982
437.971,0.970
438.001,0.980
438.031,0.998
438.061,1.017
438.091,0.998
438.121,0.998
438.151,1.013
438.181,1.010
438.211,1.005
438.241,1.021
438.271,1.025
438.301,1.039
438.331,1.043
438.361,1.053
438.391,1.040
438.421,1.048
438.451,1.009
438.481,1.011
438.511,1.021
438.541,1.021
438.571,1.030
438.601,1.042
438.631,1.016
438.661,0.995
438.691,1.069
438.721,1.061
438.751,1.006
438.781,0.981
438.811,0.937
438.841,0.951
438.871,0.980
438.901,0.994
438.931,1.009
438.961,1.047
438.991,1.063
439.021,1.038
439.051,1.013
439.081,0.991
439.111,0.982
439.141,0.975
439.171,0.985
439.201,0.984
439.231,1.005
439.261,0.989
439.291,0.970
439.321,1.047
439.351,1.072
439.381,1.043
439.411,1.044
439.441,1.043
439.471,1.056
439.501,1.042
439.531,1.003
439.561,1.001
439.591,1.015
439.621,0.992
439.651,0.948
439.681,0.984
439.711,1.006
439.741,1.027
439.771,1.037
439.801,1.019
439.831,1.006
439.861,1.015
439.891,1.013
439.921,1.021
439.951,1.025
439.981,1.021
440.011,1.021
440.041,1.017
440.071,1.017
440.101,1.026
440.131,1.021
440.161,1.008
440.191,1.015
440.221,1.028
440.251,1.016
440.281,1.018
440.311,1.065
440.341,1.060
440.371,1.021
440.401,1.078
440.431,1.137
440.461,1.021
440.491,0.929
440.521,0.979
440.551,1.013
440.581,1.021
440.611,1.046
440.641,1.042
440.671,1.017
440.701,1.038
440.731,1.041
440.761,1.045
440.791,0.993
440.821,1.007
440.851,1.049
440.881,1.056
440.911,1.054
440.941,1.076
440.971,1.040
441.001,1.037
441.031,1.048
441.061,1.031
441.091,1.033
441.121,1.045
441.151,1.035
441.181,1.048
441.211,1.045
441.241,1.043
441.271,1.055
441.301,1.053
441.331,1.061
441.361,1.025
441.391,1.044
441.421,1.061
441.451,1.040
441.481,1.037
441.511,1.043
441.541,1.039
441.571,1.031
441.601,1.040
441.631,1.021
441.661,1.040
441.691,1.034
441.721,1.036
441.751,1.043
441.781,1.050
441.811,1.046
441.841,1.048
441.871,1.025
441.901,1.020
441.931,1.044
441.961,1.028
441.991,1.090
442.021,1.021
442.051,1.031
442.081,1.074
442.111,1.079
442.141,1.067
442.171,1.032
442.201,1.032
442.231,1.052
442.261,1.057
442.291,1.030
442.321,1.020
442.351,1.046
442.381,1.052
442.411,1.014
442.441,1.037
442.471,1.052
442.501,1.051
442.531,1.028
442.561,1.030
442.591,1.031
442.621,1.029
442.651,1.018
442.681,1.028
442.711,1.034
442.741,1.020
442.771,1.038
442.801,1.038
442.831,1.039
442.861,1.038
442.891,1.033
442.921,1.050
442.951,1.058
442.981,1.034
443.011,1.035
443.041,1.023
443.071,1.033
443.101,1.035
443.131,1.026
443.161,1.035
443.191,1.062
443.221,1.041
443.251,1.005
443.281,1.034
443.311,1.057
443.341,1.034
443.371,1.081
443.401,1.119
443.431,1.131
443.461,1.084
443.491,1.073
443.521,1.038
443.551,0.962
443.581,0.963
443.611,1.005
443.641,0.975
443.671,1.000
443.701,1.031
443.731,1.079
443.761,1.067
443.791,1.039
443.821,1.024
443.851,1.027
443.881,1.074
443.911,1.042
443.941,1.007
443.971,1.021
444.001,1.068
444.031,1.048
444.061,1.027
444.091,0.978
444.121,0.975
444.151,0.990
444.181,1.017
444.211,1.057
444.241,1.061
444.271,1.030
444.301,1.035
444.331,1.058
444.361,1.071
444.391,1.071
444.421,1.036
444.451,1.011
444.481,1.011
444.511,1.009
444.541,1.027
444.571,1.009
444.601,1.024
444.631,1.023
444.661,0.994
444.691,1.004
444.721,1.075
444.751,1.087
444.781,1.051
444.811,1.043
444.841,1.027
444.871,1.019
444.901,1.005
444.931,1.008
444.961,0.998
444.991,1.002
445.021,1.018
445.051,1.023
445.081,0.983
445.111,0.978
445.141,0.996
445.171,0.985
445.201,1.016
445.231,1.052
445.261,1.067
445.291,1.030
445.321,1.012
445.351,1.013
445.381,1.032
445.411,1.028
445.441,1.013
445.471,1.012
445.501,1.020
445.531,1.026
445.561,1.016
445.591,1.008
445.621,1.010
445.651,1.017
445.681,1.016
445.711,1.013
445.741,1.008
445.771,0.983
445.801,1.033
445.831,1.016
445.861,1.021
445.891,1.023
445.921,1.019
445.951,1.016
445.981,1.021
446.011,1.026
446.041,1.029
446.071,1.022
446.101,1.028
446.131,1.025
446.161,1.018
446.191,1.015
446.221,1.011
446.251,1.003
446.281,1.005
446.311,1.014
446.341,1.020
446.371,1.022
446.401,1.019
446.431,1.022
446.461,1.021
446.491,1.024
446.521,1.034
446.551,1.019
446.581,0.997
446.611,0.979
446.641,0.992
446.671,1.029
446.701,1.063
446.731,1.060
446.761,1.055
446.791,1.040
446.821,1.039
446.851,1.017
446.881,0.975
446.911,0.979
446.941,1.003
446.971,1.026
447.001,1.016
447.031,1.008
447.061,1.033
447.091,1.050
447.121,1.021
447.151,1.021
447.181,1.029
447.211,1.004
447.241,0.995
447.271,0.996
447.301,1.008
447.331,1.041
447.361,1.044
447.391,1.027
447.421,1.017
447.451,1.007
447.481,1.010
447.511,1.046
447.541,1.049
447.571,1.018
447.601,1.006
447.631,1.014
447.661,0.999
447.691,1.025
447.721,1.050
447.751,1.053
447.781,1.026
447.811,1.006
447.841,1.006
447.871,1.007
447.901,0.995
447.931,0.993
447.961,1.024
447.991,1.034
448.021,1.008
448.051,1.009
448.081,1.005
448.111,1.046
448.141,1.044
448.171,0.998
448.201,0.978
448.231,0.990
448.261,1.033
448.291,1.075
448.321,1.063
448.351,1.014
448.381,1.021
448.411,1.019
448.441,1.021
448.471,1.016
448.501,1.025
448.531,1.029
448.561,1.020
448.591,1.017
448.621,1.006
448.651,1.019
448.681,1.035
448.711,1.019
448.741,0.999
448.771,1.018
448.801,1.016
448.831,1.018
448.861,1.040
448.891,1.034
448.921,1.021
448.951,1.021
448.981,1.010
449.011,1.021
449.041,1.033
449.071,1.027
449.101,1.022
449.131,1.036
449.161,1.026
449.191,1.025
449.221,1.006
449.251,1.019
449.281,1.037
449.311,1.010
449.341,1.026
449.371,1.028
449.401,1.015
449.431,1.018
449.461,1.026
449.491,1.034
449.521,1.025
449.551,1.021
449.581,1.019
449.611,1.030
449.641,1.034
449.671,1.036
449.701,1.037
449.731,1.021
449.761,1.022
449.791,1.024
449.821,1.030
449.851,1.037
449.881,1.017
449.911,1.016
449.941,1.037
449.971,1.034
450.001,1.020
450.031,1.023
450.061,1.032
450.091,1.041
450.121,1.020
450.151,1.025
450.181,1.031
450.211,1.032
450.241,1.034
450.271,1.030
450.301,1.033
450.331,1.021
450.361,1.029
450.391,1.040
450.421,1.038
450.451,1.023
450.481,1.027
450.511,1.027
450.541,1.036
450.571,1.042
450.601,1.021
450.631,1.040
450.661,1.038
450.691,1.031
450.721,1.041
450.751,1.052
450.781,1.030
450.811,1.024
450.841,1.040
450.871,1.016
450.901,0.999
450.931,1.026
450.961,1.049
450.991,1.051
451.021,1.028
451.051,1.024
451.081,1.037
451.111,1.025
451.141,1.032
451.171,1.044
451.201,1.039
451.231,1.035
451.261,1.034
451.291,1.033
451.321,1.038
451.351,1.026
451.381,1.042
451.411,1.036
451.441,1.024
451.471,1.033
451.501,1.039
451.531,1.036
451.561,1.034
451.591,1.033
451.621,1.028
451.651,1.028
451.681,1.037
451.711,1.035
451.741,1.034
451.771,1.030
451.801,1.036
451.831,1.036
451.861,1.031
451.891,1.031
451.921,1.042
451.951,1.039
451.981,1.028
452.011,1.036
452.041,1.029
452.071,1.024
452.101,1.039
452.131,1.034
452.161,1.032
452.191,1.034
452.221,1.032
452.251,1.036
452.281,1.033
452.311,1.026
452.341,1.033
452.371,1.035
452.401,1.038
452.431,1.032
452.461,1.030
452.491,1.034
452.521,1.032
452.551,1.033
452.581,1.033
452.611,1.032
452.641,1.033
452.671,1.032
452.701,1.040
452.731,1.040
452.761,1.033
452.791,1.021
452.821,1.036
452.851,1.034
452.881,1.026
452.911,1.037
452.941,1.032
452.971,1.033
453.001,1.045
453.031,1.034
453.061,1.030
453.091,1.035
453.121,1.035
453.151,1.043
453.181,1.025
453.211,1.032
453.241,1.042
453.271,1.033
453.301,1.026
453.331,1.033
453.361,1.028
453.391,1.038
453.421,1.035
453.451,1.035
453.481,1.033
453.511,1.041
453.541,1.034
453.571,1.034
453.601,1.026
453.631,1.041
453.661,1.028
453.691,1.027
453.721,1.040
453.751,1.032
453.781,1.034
453.811,1.034
453.841,1.039
453.871,1.030
453.901,1.037
453.931,1.041
453.961,1.035
453.991,1.032
454.021,1.032
454.051,1.037
454.081,1.042
454.111,1.028
454.141,1.037
454.171,1.039
454.201,1.027
454.231,1.033
454.261,1.040
454.291,1.033
454.321,1.040
454.351,1.037
454.381,1.033
454.411,1.034
454.441,1.040
454.471,1.032
454.501,1.041
454.531,1.029
454.561,1.042
454.591,1.041
454.621,1.032
454.651,1.033
454.681,1.040
454.711,1.034
454.741,1.033
454.771,1.045
454.801,1.039
454.831,1.028
454.861,1.038
454.891,1.038
454.921,1.031
454.951,1.040
454.981,1.039
455.011,1.040
455.041,1.032
455.071,1.041
455.101,1.043
455.131,1.038
455.161,1.026
455.191,1.031
455.221,1.044
455.251,1.043
455.281,1.039
455.311,1.028
455.341,1.046
455.371,1.039
455.401,1.025
455.431,1.036
455.461,1.041
455.491,1.034
455.521,1.035
455.551,1.038
455.581,1.041
455.611,1.039
455.641,1.032
455.671,1.038
455.701,1.044
455.731,1.037
455.761,1.029
455.791,1.037
455.821,1.048
455.851,1.038
455.881,1.038
455.911,1.041
455.941,1.038
455.971,1.041
456.001,1.037
456.031,1.039
456.061,1.040
456.091,1.041
456.121,1.030
456.151,1.039
456.181,1.039
456.211,1.033
456.241,1.039
456.271,1.036
456.301,1.036
456.331,1.044
456.361,1.033
456.391,1.034
456.421,1.039
456.451,1.046
456.481,1.037
456.511,1.036
456.541,1.035
456.571,1.039
456.601,1.037
456.631,1.041
456.661,1.037
456.691,1.033
456.721,1.040
456.751,1.037
456.781,1.037
456.811,1.040
456.841,1.040
456.871,1.035
456.901,1.044
456.931,1.037
456.961,1.035
456.991,1.034
457.021,1.040
457.051,1.039
457.081,1.039
457.111,1.036
457.141,1.043
457.171,1.038
457.201,1.030
457.231,1.045
457.261,1.037
457.291,1.036
457.321,1.041
457.351,1.036
457.381,1.033
457.411,1.041
457.441,1.043
457.471,1.034
457.501,1.039
457.531,1.046
457.561,1.035
457.591,1.038
457.621,1.034
457.651,1.041
457.681,1.038
457.711,1.040
457.741,1.031
457.771,1.045
457.801,1.036
457.831,1.035
457.861,1.036
457.891,1.042
457.921,1.036
457.951,1.038
457.981,1.040
458.011,1.035
458.041,1.038
458.071,1.040
458.101,1.036
458.131,1.041
458.161,1.035
458.191,1.035
458.221,1.040
458.251,1.036
458.281,1.038
458.311,1.042
458.341,1.033
458.371,1.035
458.401,1.042
458.431,1.039
458.461,1.032
458.491,1.049
458.521,1.051
458.551,1.031
458.581,1.027
458.611,1.037
458.641,1.038
458.671,1.037
458.701,1.037
458.731,1.037
458.761,1.041
458.791,1.035
458.821,1.038
458.851,1.049
458.881,1.035
458.911,1.033
458.941,1.047
458.971,1.040
459.001,1.037
459.031,1.040
459.061,1.038
459.091,1.042
459.121,1.035
459.151,1.046
459.181,1.044
459.211,1.035
459.241,1.041
459.271,1.039
459.301,1.044
459.331,1.033
459.361,1.039
459.391,1.036
459.421,1.038
459.451,1.032
459.481,1.041
459.511,1.048
459.541,1.038
459.571,1.037
459.601,1.035
459.631,1.038
459.661,1.040
459.691,1.037
459.721,1.038
459.751,1.038
459.781,1.033
459.811,1.043
459.841,1.042
459.871,1.040
459.901,1.038
459.931,1.039
459.961,1.040
459.991,1.035
460.021,1.038
460.051,1.043
460.081,1.035
460.111,1.042
460.141,1.032
460.171,1.036
460.201,1.041
460.231,1.038
460.261,1.035
460.291,1.038
460.321,1.039
460.351,1.041
460.381,1.044
460.411,1.035
460.441,1.039
460.471,1.045
460.501,1.036
460.531,1.039
460.561,1.034
460.591,1.041
460.621,1.040
460.651,1.040
460.681,1.039
460.711,1.040
460.741,1.042
460.771,1.036
460.801,1.040
460.831,1.045
460.861,1.037
460.891,1.039
460.921,1.044
460.951,1.038
460.981,1.031
461.011,1.042
461.041,1.036
461.071,1.042
461.101,1.041
461.131,1.039
461.161,1.040
461.191,1.041
461.221,1.034
461.251,1.036
461.281,1.050
461.311,1.038
461.341,1.036
461.371,1.044
461.401,1.040
461.431,1.036
461.461,1.040
461.491,1.046
461.521,1.042
461.551,1.035
461.581,1.035
461.611,1.047
461.641,1.058
461.671,1.043
461.701,1.056
461.731,1.047
461.761,1.054
461.791,1.067
461.821,1.132
461.851,1.065
461.881,1.000
461.911,1.007
461.941,1.031
461.971,1.020
462.001,1.006
462.031,1.021
462.061,1.023
462.091,1.021
462.121,1.031
462.151,1.025
462.181,1.054
462.211,1.047
462.241,1.026
462.271,1.048
462.301,1.020
462.331,1.029
462.361,1.054
462.391,1.054
462.421,1.074
462.451,1.064
462.481,1.022
462.511,1.039
462.541,1.034
462.571,1.025
462.601,0.999
462.631,1.052
462.661,1.053
462.691,1.038
462.721,0.988
462.751,0.991
462.781,1.064
462.811,1.099
462.841,1.040
462.871,1.017
462.901,1.008
462.931,0.983
462.961,0.985
462.991,1.014
463.021,0.975
463.051,0.998
463.081,1.010
463.111,1.022
463.141,1.051
463.171,1.071
463.201,1.090
463.231,1.097
463.261,1.085
463.291,1.060
463.321,1.008
463.351,0.996
463.381,0.991
463.411,0.979
463.441,0.992
463.471,1.021
463.501,1.057
463.531,1.057
463.561,1.030
463.591,1.018
463.621,1.011
463.651,1.014
463.681,1.021
463.711,1.018
463.741,1.020
463.771,1.029
463.801,1.025
463.831,1.017
463.861,1.026
463.891,1.039
463.921,1.030
463.951,1.015
463.981,1.026
464.011,1.023
464.041,1.021
464.071,1.019
464.101,1.022
464.131,1.029
464.161,1.028
464.191,1.023
464.221,1.019
464.251,1.020
464.281,1.027
464.311,1.020
464.341,1.024
464.371,1.036
464.401,1.018
464.431,1.020
464.461,1.021
464.491,1.018
464.521,1.024
464.551,1.034
464.581,1.027
464.611,1.015
464.641,1.021
464.671,1.022
464.701,1.022
464.731,1.023
464.761,1.030
464.791,1.029
464.821,1.018
464.851,1.015
464.881,1.020
464.911,1.031
464.941,1.028
464.971,1.021
465.001,1.010
465.031,1.015
465.061,1.026
465.091,1.029
465.121,1.022
465.151,1.022
465.181,1.025
465.211,1.021
465.241,1.023
465.271,1.039
465.301,1.009
465.331,1.026
465.361,1.037
465.391,1.025
465.421,1.021
465.451,1.025
465.481,1.023
465.511,1.025
465.541,1.026
465.571,1.024
465.601,1.026
465.631,1.025
465.661,1.031
465.691,1.026
465.721,1.021
465.751,1.027
465.781,1.030
465.811,1.031
465.841,1.026
465.871,1.027
465.901,1.033
465.931,1.030
465.961,1.035
465.991,1.031
466.021,1.029
466.051,1.022
466.081,1.021
466.111,1.018
466.141,1.025
466.171,1.028
466.201,1.033
466.231,1.035
466.261,1.030
466.291,1.025
466.321,1.024
466.351,1.028
466.381,1.034
466.411,1.031
466.441,1.024
466.471,1.025
466.501,1.030
466.531,1.028
466.561,1.024
466.591,1.026
466.621,1.033
466.651,1.029
466.681,1.024
466.711,1.030
466.741,1.030
466.771,1.030
466.801,1.035
466.831,1.042
466.861,1.025
466.891,1.024
466.921,1.024
466.951,1.022
466.981,1.029
467.011,1.033
467.041,1.030
467.071,1.030
467.101,1.033
467.131,1.028
467.161,1.032
467.191,1.032
467.221,1.029
467.251,1.024
467.281,1.024
467.311,1.028
467.341,1.028
467.371,1.032
467.401,1.036
467.431,1.029
467.461,1.029
467.491,1.038
467.521,1.027
467.551,1.025
467.581,1.025
467.611,1.023
467.641,1.029
467.671,1.019
467.701,1.037
467.731,1.036
467.761,1.024
467.791,1.021
467.821,1.030
467.851,1.033
467.881,1.028
467.911,1.026
467.941,1.033
467.971,1.029
468.001,1.030
468.031,1.031
468.061,1.028
468.091,1.031
468.121,1.024
468.151,1.031
468.181,1.031
468.211,1.027
468.241,1.031
468.271,1.027
468.301,1.031
468.331,1.033
468.361,1.037
468.391,1.030
468.421,1.024
468.451,1.022
468.481,1.034
468.511,1.029
468.541,1.026
468.571,1.029
468.601,1.029
468.631,1.030
468.661,1.026
468.691,1.030
468.721,1.031
468.751,1.026
468.781,1.031
468.811,1.030
468.841,1.029
468.871,1.027
468.901,1.030
468.931,1.029
468.961,1.030
468.991,1.035
469.021,1.028
469.051,1.035
469.081,1.033
469.111,1.028
469.141,1.034
469.171,1.025
469.201,1.027
469.231,1.024
469.261,1.030
469.291,1.030
469.321,1.028
469.351,1.031
469.381,1.030
469.411,1.030
469.441,1.027
469.471,1.027
469.501,1.029
469.531,1.030
469.561,1.030
469.591,1.026
469.621,1.026
469.651,1.031
469.681,1.033
469.711,1.027
469.741,1.027
469.771,1.033
469.801,1.028
469.831,1.031
469.861,1.031
469.891,1.027
469.921,1.028
469.951,1.034
469.981,1.025
470.011,1.027
470.041,1.032
470.071,1.033
470.101,1.026
470.131,1.030
470.161,1.034
470.191,1.029
470.221,1.030
470.251,1.033
470.281,1.028
470.311,1.027
470.341,1.027
470.371,1.031
470.401,1.033
470.431,1.031
470.461,1.021
470.491,1.027
470.521,1.035
470.551,1.033
470.581,1.032
470.611,1.029
470.641,1.020
470.671,1.031
470.701,1.031
470.731,1.026
470.761,1.030
470.791,1.036
470.821,1.040
470.851,1.020
470.881,1.030
470.911,1.023
470.941,1.029
470.971,1.038
471.001,1.030
471.031,1.029
471.061,1.030
471.091,1.035
471.121,1.036
471.151,1.024
471.181,1.034
471.211,1.033
471.241,1.034
471.271,1.034
471.301,1.036
471.331,1.034
471.361,1.034
471.391,1.021
471.421,1.038
471.451,1.028
471.481,1.027
471.511,1.033
471.541,1.032
471.571,1.030
471.601,1.038
471.631,1.031
471.661,1.026
471.691,1.030
471.721,1.033
471.751,1.030
471.781,1.031
471.811,1.029
471.841,1.030
471.871,1.033
471.901,1.033
471.931,1.033
471.961,1.032
471.991,1.029
472.021,1.032
472.051,1.024
472.081,1.035
472.111,1.035
472.141,1.025
472.171,1.030
472.201,1.031
472.231,1.032
472.261,1.030
472.291,1.031
472.321,1.034
472.351,1.033
472.381,1.029
472.411,1.031
472.441,1.030
472.471,1.036
472.501,1.023
472.531,1.029
472.561,1.029
472.591,1.027
472.621,1.028
472.651,1.031
472.681,1.034
472.711,1.031
472.741,1.029
472.771,1.029
472.801,1.031
472.831,1.034
472.861,1.030
472.891,1.023
472.921,1.036
472.951,1.032
472.981,1.025
473.011,1.028
473.041,1.036
473.071,1.035
473.101,1.032
473.131,1.030
473.161,1.031
473.191,1.033
473.221,1.030
473.251,1.033
473.281,1.032
473.311,1.030
473.341,1.029
473.371,1.027
473.401,1.032
473.431,1.031
473.461,1.032
473.491,1.028
473.521,1.033
473.551,1.032
473.581,1.027
473.611,1.032
473.641,1.037
473.671,1.028
473.701,1.036
473.731,1.033
473.761,1.031
473.791,1.035
473.821,1.032
473.851,1.028
473.881,1.031
473.911,1.026
473.941,1.030
473.971,1.038
474.001,1.032
474.031,1.031
474.061,1.032
474.091,1.026
474.121,1.029
474.151,1.033
474.181,1.034
474.211,1.034
474.241,1.032
474.271,1.027
474.301,1.031
474.331,1.038
474.361,1.030
474.391,1.025
474.421,1.032
474.451,1.029
474.481,1.033
474.511,1.030
474.541,1.028
474.571,1.033
474.601,1.034
474.631,1.034
474.661,1.031
474.691,1.031
474.721,1.028
474.751,1.033
474.781,1.031
474.811,1.031
474.841,1.031
474.871,1.029
474.901,1.027
474.931,1.032
474.961,1.032
474.991,1.032
475.021,1.035
475.051,1.032
475.081,1.033
475.111,1.032
475.141,1.031
475.171,1.035
475.201,1.034
475.231,1.030
475.261,1.030
475.291,1.031
475.321,1.034
475.351,1.034
475.381,1.023
475.411,1.035
475.441,1.034
475.471,1.027
475.501,1.029
475.531,1.034
475.561,1.031
475.591,1.034
475.621,1.034
475.651,1.033
475.681,1.028
475.711,1.026
475.741,1.033
475.771,1.027
475.801,1.033
475.831,1.032
475.861,1.028
475.891,1.033
475.921,1.035
475.951,1.034
475.981,1.035
476.011,1.030
476.041,1.035
476.071,1.028
476.101,1.032
476.131,1.036
476.161,1.030
476.191,1.033
476.221,1.035
476.251,1.035
476.281,1.032
476.311,1.032
476.341,1.030
476.371,1.033
476.401,1.034
476.431,1.028
476.461,1.034
476.491,1.034
476.521,1.030
476.551,1.024
476.581,1.032
476.611,1.038
476.641,1.034
476.671,1.025
476.701,1.036
476.731,1.035
476.761,1.029
476.791,1.034
476.821,1.034
476.851,1.021
476.881,1.035
476.911,1.036
476.941,1.031
476.971,1.028
477.001,1.036
477.031,1.037
477.061,1.031
477.091,1.031
477.121,1.034
477.151,1.031
477.181,1.034
477.211,1.033
477.241,1.034
477.271,1.027
477.301,1.030
477.331,1.036
477.361,1.033
477.391,1.032
477.421,1.035
477.451,1.033
477.481,1.034
477.511,1.040
477.541,1.033
477.571,1.031
477.601,1.037
477.631,1.026
477.661,1.030
477.691,1.030
477.721,1.038
477.751,1.034
477.781,1.029
477.811,1.032
477.841,1.034
477.871,1.034
477.901,1.028
477.931,1.035
477.961,1.033
477.991,1.035
478.021,1.032
478.051,1.030
478.081,1.031
478.111,1.032
478.141,1.038
478.171,1.034
478.201,1.034
478.231,1.029
478.261,1.035
478.291,1.035
478.321,1.032
478.351,1.034
478.381,1.028
478.411,1.024
478.441,1.041
478.471,1.030
478.501,1.026
478.531,1.034
478.561,1.034
478.591,1.031
478.621,1.028
478.651,1.030
478.681,1.033
478.711,1.033
478.741,1.029
478.771,1.032
478.801,1.032
478.831,1.033
478.861,1.031
478.891,1.030
478.921,1.034
478.951,1.030
478.981,1.032
479.011,1.033
479.041,1.032
479.071,1.030
479.101,1.040
479.131,1.035
479.161,1.028
479.191,1.035
479.221,1.031
479.251,1.029
479.281,1.033
479.311,1.035
479.341,1.033
479.371,1.031
479.401,1.031
479.431,1.035
479.461,1.029
479.491,1.031
479.521,1.033
479.551,1.032
479.581,1.029
479.611,1.034
479.641,1.030
479.671,1.032
479.701,1.030
479.731,1.035
479.761,1.039
479.791,1.032
479.821,1.034
479.851,1.032
479.881,1.026
479.911,1.033
479.941,1.033
479.971,1.028
480.001,1.030
480.031,1.034
480.061,1.034
480.091,1.032
480.121,1.034
480.151,1.034
480.181,1.032
480.211,1.030
480.241,1.036
480.271,1.036
480.301,1.031
480.331,1.029
480.361,1.034
480.391,1.032
480.421,1.035
480.451,1.035
480.481,1.030
480.511,1.034
480.541,1.034
480.571,1.029
480.601,1.037
480.631,1.030
480.661,1.031
480.691,1.037
480.721,1.029
480.751,1.030
480.781,1.036
480.811,1.028
480.841,1.030
480.871,1.033
480.901,1.032
480.931,1.027
480.961,1.033
480.991,1.036
481.021,1.032
481.051,1.032
481.081,1.028
481.111,1.030
481.141,1.039
481.171,1.035
481.201,1.030
481.231,1.033
481.261,1.032
481.291,1.036
481.321,1.034
481.351,1.032
481.381,1.033
481.411,1.032
481.441,1.034
481.471,1.036
481.501,1.023
481.531,1.038
481.561,1.029
481.591,1.032
481.621,1.035
481.651,1.034
481.681,1.033
481.711,1.030
481.741,1.038
481.771,1.030
481.801,1.030
481.831,1.036
481.861,1.033
481.891,1.030
481.921,1.031
481.951,1.031
481.981,1.034
482.011,1.030
482.041,1.033
482.071,1.032
482.101,1.031
482.131,1.031
482.161,1.033
482.191,1.033
482.221,1.034
482.251,1.030
482.281,1.035
482.311,1.031
482.341,1.030
482.371,1.029
482.401,1.031
482.431,1.032
482.461,1.035
482.491,1.033
482.521,1.033
482.551,1.037
482.581,1.031
482.611,1.031
482.641,1.033
482.671,1.032
482.701,1.033
482.731,1.031
482.761,1.031
482.791,1.033
482.821,1.032
482.851,1.038
482.881,1.032
482.911,1.031
482.941,1.036
482.971,1.035
483.001,1.031
483.031,1.037
483.061,1.035
483.091,1.034
483.121,1.034
483.151,1.025
483.181,1.034
483.211,1.036
483.241,1.028
483.271,1.031
483.301,1.032
483.331,1.034
483.361,1.031
483.391,1.024
483.421,1.035
483.451,1.040
483.481,1.035
483.511,1.046
483.541,1.040
483.571,1.039
483.601,1.041
483.631,1.035
483.661,1.038
483.691,1.029
483.721,1.043
483.751,1.045
483.781,1.028
483.811,1.037
483.841,1.035
483.871,1.033
483.901,1.029
483.931,1.031
483.961,1.040
483.991,1.024
484.021,1.012
484.051,1.025
484.081,1.031
484.111,1.026
484.141,1.024
484.171,1.038
484.201,1.040
484.231,1.022
484.261,1.014
484.291,1.016
484.321,1.036
484.351,1.036
484.381,1.031
484.411,1.031
484.441,1.024
484.471,1.033
484.501,1.039
484.531,1.047
484.561,1.024
484.591,1.034
484.621,1.032
484.651,1.030
484.681,1.019
484.711,1.029
484.741,1.036
484.771,1.029
484.801,1.008
484.831,1.017
484.861,1.030
484.891,1.024
484.921,1.023
484.951,1.035
484.981,1.037
485.011,1.021
485.041,1.006
485.071,1.032
485.101,1.028
485.131,1.030
485.161,1.026
485.191,1.049
485.221,1.044
485.251,1.028
485.281,1.012
485.311,1.017
485.341,1.028
485.371,1.039
485.401,1.043
485.431,1.034
485.461,1.021
485.491,1.021
485.521,1.037
485.551,1.037
485.581,1.041
485.611,1.036
485.641,1.033
485.671,1.032
485.701,1.034
485.731,1.026
485.761,1.034
485.791,1.035
485.821,1.036
485.851,1.049
485.881,1.046
485.911,1.038
485.941,1.042
485.971,1.034
486.001,1.030
486.031,1.065
486.061,1.047
486.091,1.036
486.121,1.026
486.151,1.006
486.181,1.015
486.211,1.022
486.241,1.036
486.271,1.038
486.301,1.046
486.331,1.043
486.361,1.020
486.391,1.007
486.421,1.032
486.451,1.062
486.481,1.028
486.511,1.032
486.541,1.032
486.571,1.049
486.601,1.055
486.631,1.066
486.661,1.062
486.691,1.040
486.721,1.035
486.751,1.059
486.781,1.050
486.811,1.031
486.841,1.063
486.871,1.083
486.901,1.066
486.931,1.071
486.961,1.089
486.991,1.077
487.021,1.073
487.051,1.052
487.081,1.033
487.111,1.052
487.141,1.019
487.171,1.029
487.201,1.053
487.231,1.041
487.261,1.043
487.291,1.065
487.321,1.058
487.351,1.034
487.381,1.060
487.411,1.049
487.441,1.028
487.471,1.051
487.501,1.060
487.531,1.039
487.561,1.036
487.591,1.057
487.621,1.033
487.651,1.016
487.681,1.105
487.711,1.016
487.741,1.003
487.771,1.071
487.801,1.013
487.831,1.032
487.861,1.058
487.891,1.035
487.921,1.057
487.951,1.058
487.981,1.027
488.011,1.025
488.041,1.039
488.071,1.094
488.101,1.077
488.131,1.022
488.161,1.039
488.191,1.031
488.221,1.000
488.251,1.004
488.281,0.971
488.311,1.035
488.341,1.037
488.371,1.061
488.401,1.014
488.431,0.996
488.461,1.036
488.491,1.034
488.521,1.045
488.551,1.011
488.581,1.021
488.611,1.059
488.641,1.027
488.671,1.014
488.701,1.036
488.731,1.004
488.761,0.987
488.791,0.961
488.821,1.013
488.851,1.025
488.881,1.024
488.911,1.056
488.941,1.012
488.971,0.993
489.001,1.015
489.031,1.034
489.061,1.053
489.091,1.049
489.121,0.996
489.151,0.965
489.181,1.107
489.211,1.019
489.241,0.965
489.271,1.009
489.301,1.051
489.331,1.053
489.361,1.037
489.391,1.038
489.421,1.079
489.451,1.106
489.481,1.009
489.511,0.978
489.541,1.036
489.571,1.029
489.601,1.008
489.631,1.036
489.661,1.021
489.691,0.973
489.721,1.136
489.751,1.004
489.781,0.981
489.811,1.058
489.841,1.065
489.871,1.045
489.901,1.021
489.931,1.034
489.961,1.036
489.991,1.024
490.021,1.035
490.051,1.063
490.081,1.030
490.111,1.026
490.141,1.051
490.171,1.040
490.201,1.022
490.231,1.043
490.261,1.037
490.291,1.027
490.321,1.037
490.351,1.033
490.381,1.036
490.411,1.044
490.441,1.033
490.471,1.046
490.501,1.026
490.531,1.017
490.561,1.046
490.591,1.053
490.621,1.037
490.651,1.038
490.681,1.048
490.711,1.050
490.741,1.024
490.771,1.030
490.801,1.040
490.831,1.046
490.861,1.034
490.891,1.029
490.921,1.043
490.951,1.035
490.981,1.021
491.011,1.026
491.041,1.023
491.071,1.017
491.101,1.024
491.131,1.032
491.161,1.032
491.191,1.020
491.221,1.026
491.251,1.034
491.281,1.049
491.311,1.044
491.341,1.030
491.371,1.021
491.401,1.040
491.431,1.021
491.461,1.021
491.491,1.012
491.521,1.030
491.551,1.024
491.581,1.013
491.611,1.035
491.641,1.027
491.671,1.015
491.701,1.009
491.731,1.002
491.761,1.000
491.791,0.998
491.821,0.998
491.851,1.020
491.881,1.030
491.911,1.042
491.941,1.013
491.971,0.994
492.001,1.021
492.031,1.037
492.061,1.022
492.091,1.029
492.121,1.035
492.151,1.017
492.181,1.002
492.211,1.013
492.241,0.997
492.271,0.992
492.301,1.013
492.331,1.017
492.361,1.013
492.391,1.018
492.421,1.038
492.451,1.036
492.481,1.029
492.511,1.029
492.541,1.024
492.571,1.037
492.601,1.028
492.631,1.015
492.661,0.985
492.691,1.002
492.721,1.030
492.751,1.041
492.781,1.042
492.811,1.016
492.841,1.012
492.871,1.057
492.901,1.055
492.931,1.043
492.961,1.027
492.991,1.013
493.021,0.988
493.051,1.013
493.081,1.022
493.111,1.021
493.141,1.044
493.171,1.062
493.201,1.064
493.231,1.057
493.261,1.077
493.291,1.086
493.321,1.069
493.351,1.068
493.381,1.071
493.411,1.053
493.441,1.055
493.471,1.045
493.501,1.035
493.531,1.059
493.561,1.047
493.591,1.032
493.621,1.067
493.651,1.062
493.681,1.043
493.711,1.049
493.741,1.046
493.771,1.042
493.801,1.046
493.831,1.048
493.861,1.039
493.891,1.043
493.921,1.049
493.951,1.046
493.981,1.026
494.011,1.058
494.041,1.068
494.071,1.028
494.101,1.052
494.131,1.046
494.161,1.018
494.191,1.057
494.221,1.045
494.251,1.075
494.281,1.079
494.311,1.079
494.341,1.058
494.371,0.972
494.401,0.946
494.431,0.999
494.461,1.003
494.491,1.004
494.521,1.059
494.551,1.016
494.581,1.003
494.611,1.008
494.641,0.995
494.671,0.990
494.701,1.008
494.731,0.982
494.761,0.929
494.791,0.991
494.821,1.009
494.851,0.984
494.881,0.957
494.911,1.027
494.941,1.015
494.971,0.989
495.001,1.037
495.031,1.052
495.061,1.010
495.091,1.009
495.121,1.007
495.151,1.083
495.181,1.080
495.211,1.038
495.241,0.994
495.271,1.062
495.301,1.060
495.331,0.973
495.361,0.994
495.391,1.029
495.421,1.018
495.451,1.006
495.481,1.016
495.511,1.031
495.541,1.019
495.571,1.008
495.601,1.014
495.631,1.048
495.661,0.990
495.691,0.981
495.721,1.030
495.751,1.044
495.781,0.992
495.811,0.992
495.841,1.021
495.871,1.059
495.901,1.033
495.931,0.972
495.961,1.021
495.991,1.029
496.021,0.978
496.051,0.958
496.081,1.056
496.111,1.047
496.141,0.998
496.171,0.984
496.201,0.994
496.231,0.982
496.261,0.978
496.291,1.008
496.321,1.038
496.351,1.016
496.381,1.013
496.411,1.020
496.441,1.022
496.471,1.007
496.501,1.014
496.531,1.013
496.561,0.999
496.591,0.989
496.621,0.961
496.651,0.941
496.681,1.048
496.711,1.051
496.741,1.021
496.771,1.017
496.801,1.013
496.831,1.030
496.861,1.034
496.891,1.043
496.921,1.053
496.951,1.073
496.981,1.068
497.011,1.049
497.041,1.021
497.071,1.028
497.101,1.021
497.131,1.024
497.161,1.024
497.191,1.023
497.221,1.019
497.251,1.023
497.281,1.036
497.311,1.037
497.341,1.024
497.371,1.020
497.401,1.046
497.431,1.036
497.461,1.009
497.491,1.021
497.521,1.017
497.551,1.040
497.581,1.034
497.611,1.021
497.641,1.039
497.671,1.051
497.701,1.034
497.731,1.033
497.761,1.031
497.791,1.033
497.821,1.029
497.851,1.035
497.881,1.008
497.911,1.014
497.941,1.021
497.971,1.017
498.001,1.045
498.031,1.065
498.061,1.052
498.091,1.026
498.121,1.028
498.151,1.009
498.181,1.020
498.211,1.025
498.241,1.056
498.271,1.062
498.301,1.055
498.331,1.077
498.361,1.065
498.391,1.012
498.421,1.023
498.451,0.995
498.481,0.998
498.511,1.001
498.541,1.005
498.571,1.012
498.601,1.015
498.631,1.021
498.661,1.012
498.691,1.015
498.721,1.022
498.751,1.025
498.781,1.001
498.811,1.012
498.841,1.021
498.871,1.019
498.901,1.007
498.931,1.022
498.961,1.034
498.991,1.036
499.021,1.021
499.051,1.021
499.081,1.017
499.111,1.016
499.141,1.013
499.171,1.003
499.201,1.014
499.231,1.032
499.261,1.029
499.291,1.027
499.321,1.028
499.351,1.021
499.381,1.022
499.411,1.062
499.441,1.040
499.471,0.991
499.501,1.004
499.531,1.013
499.561,1.016
499.591,1.027
499.621,1.029
499.651,1.034
499.681,1.035
499.711,1.017
499.741,1.014
499.771,1.014
499.801,0.968
499.831,1.002
499.861,1.024
499.891,1.021
499.921,1.021
499.951,1.009
499.981,1.002
500.011,1.017
500.041,1.030
500.071,1.021
500.101,1.036
500.131,1.044
500.161,1.018
500.191,1.002
500.221,1.028
500.251,1.034
500.281,1.006
500.311,1.016
500.341,1.019
500.371,1.019
500.401,1.016
500.431,1.033
500.461,1.026
500.491,1.009
500.521,1.032
500.551,1.071
500.581,1.069
500.611,1.050
500.641,0.992
500.671,0.971
500.701,0.960
500.731,1.009
500.761,1.022
500.791,1.013
500.821,1.018
500.851,1.024
500.881,1.010
500.911,1.024
500.941,1.050
500.971,1.055
501.001,1.054
501.031,1.042
501.061,1.036
501.091,1.037
501.121,1.006
501.151,0.940
501.181,0.938
501.211,0.898
501.241,0.934
501.271,1.009
501.301,1.111
501.331,1.109
501.361,1.093
501.391,1.071
501.421,1.078
501.451,1.034
501.481,1.032
501.511,1.024
501.541,1.013
501.571,0.982
501.601,0.954
501.631,0.982
501.661,0.981
501.691,0.987
501.721,1.026
501.751,1.096
501.781,1.071
501.811,1.054
501.841,1.062
501.871,1.010
501.901,0.967
501.931,1.006
501.961,0.998
501.991,1.000
502.021,1.016
502.051,1.014
502.081,1.022
502.111,1.077
502.141,1.026
502.171,1.007
502.201,0.997
502.231,0.990
502.261,0.990
502.291,0.997
502.321,0.994
502.351,0.984
502.381,0.975
502.411,0.979
502.441,0.974
502.471,0.980
502.501,1.019
502.531,1.042
502.561,1.033
502.591,1.036
502.621,1.021
502.651,1.015
502.681,1.027
502.711,1.031
502.741,1.043
502.771,1.026
502.801,1.016
502.831,0.997
502.861,1.024
502.891,1.032
502.921,1.002
502.951,1.009
502.981,1.042
503.011,1.047
503.041,1.016
503.071,1.009
503.101,0.994
503.131,1.018
503.161,1.027
503.191,1.029
503.221,1.019
503.251,0.995
503.281,0.999
503.311,1.010
503.341,1.020
503.371,1.022
503.401,1.010
503.431,1.009
503.461,0.996
503.491,1.038
503.521,1.054
503.551,1.051
503.581,1.039
503.611,1.013
503.641,1.042
503.671,1.040
503.701,1.017
503.731,1.001
503.761,1.000
503.791,0.997
503.821,0.978
503.851,0.948
503.881,1.049
503.911,1.006
503.941,1.008
503.971,1.024
504.001,1.029
504.031,1.007
504.061,1.020
504.091,1.029
504.121,1.004
504.151,1.011
504.181,1.014
504.211,1.008
504.241,0.983
504.271,0.995
504.301,1.035
504.331,1.025
504.361,1.021
504.391,1.025
504.421,1.022
504.451,1.006
504.481,1.000
504.511,1.010
504.541,1.022
504.571,1.018
504.601,1.026
504.631,1.021
504.661,1.017
504.691,1.009
504.721,1.017
504.751,1.019
504.781,1.015
504.811,1.015
504.841,1.010
504.871,1.008
504.901,1.012
504.931,1.021
504.961,1.013
504.991,1.008
505.021,1.014
505.051,1.021
505.081,1.020
505.111,1.002
505.141,1.004
505.171,1.013
505.201,1.020
505.231,1.017
505.261,1.004
505.291,1.005
505.321,1.029
505.351,1.022
505.381,1.022
505.411,1.027
505.441,1.018
505.471,1.018
505.501,1.013
505.531,1.012
505.561,1.012
505.591,1.010
505.621,1.012
505.651,1.014
505.681,1.018
505.711,1.013
505.741,1.011
505.771,1.001
505.801,1.012
505.831,1.007
505.861,1.001
505.891,0.995
505.921,1.006
505.951,1.043
505.981,1.041
506.011,1.031
506.041,1.039
506.071,1.038
506.101,1.033
506.131,1.010
506.161,1.040
506.191,1.015
506.221,1.019
506.251,0.983
506.281,0.991
506.311,1.002
506.341,0.993
506.371,1.006
506.401,1.021
506.431,1.014
506.461,1.014
506.491,1.015
506.521,0.990
506.551,1.014
506.581,0.987
506.611,1.012
506.641,1.071
506.671,1.215
506.701,1.168
506.731,1.066
506.761,0.984
506.791,0.964
506.821,0.989
506.851,0.999
506.881,0.997
506.911,1.004
506.941,0.958
506.971,0.959
507.001,0.988
507.031,1.041
507.061,1.197
507.091,1.276
507.121,1.215
507.151,1.107
507.181,1.008
507.211,0.931
507.241,0.951
507.271,0.958
507.301,1.021
507.331,1.323
507.361,1.264
507.391,1.172
507.421,1.019
507.451,0.897
507.481,0.977
507.511,1.013
507.541,1.024
507.571,1.121
507.601,1.136
507.631,1.093
507.661,1.036
507.691,0.966
507.721,0.983
507.751,1.029
507.781,0.994
507.811,1.006
507.841,1.021
507.871,1.025
507.901,1.036
507.931,1.006
507.961,1.021
507.991,1.018
508.021,0.997
508.051,0.943
508.081,0.907
508.111,1.024
508.141,1.145
508.171,1.136
508.201,1.071
508.231,1.040
508.261,1.026
508.291,1.016
508.321,0.984
508.351,0.982
508.381,1.019
508.411,1.030
508.441,1.028
508.471,1.021
508.501,1.058
508.531,1.039
508.561,0.999
508.591,1.017
508.621,0.996
508.651,0.993
508.681,1.012
508.711,1.014
508.741,1.019
508.771,1.029
508.801,1.034
508.831,1.058
508.861,1.072
508.891,1.030
508.921,1.015
508.951,0.995
508.981,0.966
509.011,0.963
509.041,0.983
509.071,1.033
509.101,1.049
509.131,1.037
509.161,1.050
509.191,1.060
509.221,0.998
509.251,1.001
509.281,0.992
509.311,0.982
509.341,0.994
509.371,1.055
509.401,1.056
509.431,1.046
509.461,1.034
509.491,1.037
509.521,1.003
509.551,1.011
509.581,1.000
509.611,1.001
509.641,1.014
509.671,0.961
509.701,0.996
509.731,1.002
509.761,1.005
509.791,1.022
509.821,1.000
509.851,1.026
509.881,1.079
509.911,1.064
509.941,0.993
509.971,1.018
510.001,1.021
510.031,1.026
510.061,1.040
510.091,1.035
510.121,1.014
510.151,1.026
510.181,1.007
510.211,1.003
510.241,1.005
510.271,1.005
510.301,1.036
510.331,1.031
510.361,1.005
510.391,1.043
510.421,1.029
510.451,1.004
510.481,0.975
510.511,1.015
510.541,1.006
510.571,1.012
510.601,1.034
510.631,1.037
510.661,1.032
510.691,1.030
510.721,1.013
510.751,0.996
510.781,1.014
510.811,1.014
510.841,1.000
510.871,0.990
510.901,1.002
510.931,1.032
510.961,1.049
510.991,1.030
511.021,1.023
511.051,1.038
511.081,1.044
511.111,0.987
511.141,0.989
511.171,1.019
511.201,1.013
511.231,1.000
511.261,1.009
511.291,1.018
511.321,1.024
511.351,1.012
511.381,1.014
511.411,1.017
511.441,1.009
511.471,1.002
511.501,1.002
511.531,1.004
511.561,1.012
511.591,1.008
511.621,1.005
511.651,1.012
511.681,1.014
511.711,1.010
511.741,1.012
511.771,1.002
511.801,1.004
511.831,1.013
511.861,1.011
511.891,1.010
511.921,1.011
511.951,1.007
511.981,1.012
512.011,1.011
512.041,1.018
512.071,1.039
512.101,1.024
512.131,1.009
512.161,1.019
512.191,1.023
512.221,1.035
512.251,1.026
512.281,1.041
512.311,1.041
512.341,1.028
512.371,1.000
512.401,1.017
512.431,1.017
512.461,0.992
512.491,0.977
512.521,0.979
512.551,1.069
512.581,1.066
512.611,1.064
512.641,1.041
512.671,1.033
512.701,1.028
512.731,1.021
512.761,1.016
512.791,1.007
512.821,1.016
512.851,1.010
512.881,1.009
512.911,1.023
512.941,1.030
512.971,1.025
513.001,1.025
513.031,1.017
513.061,1.011
513.091,0.996
513.121,1.023
513.151,1.015
513.181,0.997
513.211,1.001
513.241,1.023
513.271,1.036
513.301,1.012
513.331,1.009
513.361,1.027
513.391,1.018
513.421,1.001
513.451,0.999
513.481,1.009
513.511,1.014
513.541,1.024
513.571,1.030
513.601,1.028
513.631,1.004
513.661,1.014
513.691,1.038
513.721,1.040
513.751,1.084
513.781,1.062
513.811,1.043
513.841,1.033
513.871,0.981
513.901,0.970
513.931,0.975
513.961,0.957
513.991,1.000
514.021,1.094
514.051,1.128
514.081,1.074
514.111,1.069
514.141,1.031
514.171,1.030
514.201,0.987
514.231,1.000
514.261,1.011
514.291,0.986
514.321,0.963
514.351,0.928
514.381,0.991
514.411,1.002
514.441,1.064
514.471,1.020
514.501,0.982
514.531,1.085
514.561,1.098
514.591,1.097
514.621,1.051
514.651,1.022
514.681,1.005
514.711,0.950
514.741,1.022
514.771,0.965
514.801,0.987
514.831,0.948
514.861,1.036
514.891,1.146
514.921,1.102
514.951,1.013
514.981,1.067
515.011,1.073
515.041,1.043
515.071,0.944
515.101,1.020
515.131,1.030
515.161,1.012
515.191,0.998
515.221,0.843
515.251,0.994
515.281,1.077
515.311,1.123
515.341,1.167
515.371,1.195
515.401,1.090
515.431,1.017
515.461,0.970
515.491,0.932
515.521,0.913
515.551,0.922
515.581,0.941
515.611,0.873
515.641,0.851
515.671,1.096
515.701,1.247
515.731,1.190
515.761,1.252
515.791,1.168
515.821,0.946
515.851,0.933
515.881,0.988
515.911,1.022
515.941,0.997
515.971,0.969
516.001,0.998
516.031,1.011
516.061,1.019
516.091,1.005
516.121,0.988
516.151,1.050
516.181,1.104
516.211,1.060
516.241,1.066
516.271,0.978
516.301,0.999
516.331,1.047
516.361,1.042
516.391,1.053
516.421,0.976
516.451,0.983
516.481,1.036
516.511,1.011
516.541,0.943
516.571,0.995
516.601,1.122
516.631,1.134
516.661,0.957
516.691,0.901
516.721,0.963
516.751,1.018
516.781,1.018
516.811,1.006
516.841,1.067
516.871,1.141
516.901,1.152
516.931,1.064
516.961,0.979
516.991,0.995
517.021,0.990
517.051,0.948
517.081,0.959
517.111,0.992
517.141,1.053
517.171,1.051
517.201,1.042
517.231,0.984
517.261,1.007
517.291,1.004
517.321,1.062
517.351,1.060
517.381,1.136
517.411,1.132
517.441,1.061
517.471,1.047
517.501,0.989
517.531,0.958
517.561,0.986
517.591,1.008
517.621,1.009
517.651,0.994
517.681,1.050
517.711,1.068
517.741,1.059
517.771,1.009
