df_hash,22ZHK4.2N6TLG
device,HZ2X61
project_hash,29R7
project_name,istanbul_aydin_university
person_hash,29R7.06LR
person_label,V87
date_time_start,2025-11-04_14-58-38.258000_+03
date_time_start_unix,1762253918.258
date_time_end,2025-11-04_15-07-26.934000_+03
length_difference_noticed,no

time,acc_mag
14.578,1.028
14.608,1.028
14.638,1.028
14.668,1.030
14.698,1.028
14.728,1.025
14.758,1.028
14.788,1.027
14.818,1.029
14.848,1.029
14.878,1.024
14.908,1.028
14.938,1.026
14.968,1.028
14.998,1.032
15.028,1.023
15.058,1.028
15.088,1.029
15.118,1.026
15.148,1.026
15.178,1.030
15.208,1.030
15.238,1.026
15.268,1.027
15.298,1.029
15.328,1.027
15.358,1.032
15.388,1.027
15.418,1.029
15.448,1.030
15.478,1.030
15.508,1.030
15.538,1.026
15.568,1.027
15.598,1.026
15.628,1.024
15.658,1.026
15.688,1.024
15.718,1.028
15.748,1.031
15.778,1.027
15.808,1.026
15.838,1.031
15.868,1.034
15.898,1.026
15.928,1.028
15.958,1.028
15.988,1.024
16.018,1.013
16.048,1.025
16.078,1.031
16.108,1.033
16.138,1.031
16.168,1.033
16.198,1.031
16.228,1.027
16.258,1.027
16.288,1.027
16.318,1.027
16.348,1.027
16.378,1.027
16.408,1.031
16.438,1.027
16.468,1.029
16.498,1.025
16.528,1.025
16.558,1.032
16.588,1.029
16.618,1.028
16.648,1.028
16.678,1.029
16.708,1.028
16.738,1.025
16.768,1.028
16.798,1.028
16.828,1.033
16.858,1.025
16.888,1.030
16.918,1.028
16.948,1.023
16.978,1.025
17.008,1.030
17.038,1.030
17.068,1.027
17.098,1.025
17.128,1.028
17.158,1.030
17.188,1.027
17.218,1.029
17.248,1.033
17.278,1.028
17.308,1.029
17.338,1.029
17.368,1.025
17.398,1.025
17.428,1.027
17.458,1.030
17.488,1.027
17.518,1.026
17.548,1.028
17.578,1.030
17.608,1.027
17.638,1.027
17.668,1.032
17.698,1.026
17.728,1.030
17.758,1.031
17.788,1.027
17.818,1.029
17.848,1.028
17.878,1.028
17.908,1.026
17.938,1.030
17.968,1.029
17.998,1.030
18.028,1.028
18.058,1.027
18.088,1.028
18.118,1.028
18.148,1.026
18.178,1.027
18.208,1.029
18.238,1.025
18.268,1.029
18.298,1.028
18.328,1.029
18.358,1.024
18.388,1.032
18.418,1.029
18.448,1.026
18.478,1.028
18.508,1.030
18.538,1.031
18.568,1.031
18.598,1.029
18.628,1.028
18.658,1.029
18.688,1.029
18.718,1.029
18.748,1.027
18.778,1.031
18.808,1.033
18.838,1.027
18.868,1.027
18.898,1.030
18.928,1.030
18.958,1.027
18.988,1.029
19.018,1.030
19.048,1.030
19.078,1.030
19.108,1.026
19.138,1.028
19.168,1.029
19.198,1.027
19.228,1.027
19.258,1.028
19.288,1.031
19.318,1.028
19.348,1.030
19.378,1.030
19.408,1.028
19.438,1.030
19.468,1.029
19.498,1.028
19.528,1.029
19.558,1.031
19.588,1.033
19.618,1.025
19.648,1.027
19.678,1.027
19.708,1.024
19.738,1.028
19.768,1.026
19.798,1.030
19.828,1.032
19.858,1.031
19.888,1.027
19.918,1.029
19.948,1.029
19.978,1.028
20.008,1.028
20.038,1.031
20.068,1.029
20.098,1.026
20.128,1.028
20.158,1.026
20.188,1.028
20.218,1.026
20.248,1.028
20.278,1.030
20.308,1.026
20.338,1.028
20.368,1.027
20.398,1.031
20.428,1.027
20.458,1.028
20.488,1.028
20.518,1.023
20.548,1.027
20.578,1.028
20.608,1.032
20.638,1.029
20.668,1.029
20.698,1.029
20.728,1.029
20.758,1.030
20.788,1.029
20.818,1.029
20.848,1.028
20.878,1.032
20.908,1.029
20.938,1.028
20.968,1.032
20.998,1.029
21.028,1.027
21.058,1.031
21.088,1.030
21.118,1.029
21.148,1.028
21.178,1.032
21.208,1.029
21.238,1.028
21.268,1.029
21.298,1.030
21.328,1.028
21.358,1.029
21.388,1.031
21.418,1.029
21.448,1.032
21.478,1.027
21.508,1.027
21.538,1.028
21.568,1.029
21.598,1.030
21.628,1.026
21.658,1.030
21.688,1.026
21.718,1.033
21.748,1.027
21.778,1.029
21.808,1.031
21.838,1.028
21.868,1.026
21.898,1.028
21.928,1.032
21.958,1.032
21.988,1.029
22.018,1.029
22.048,1.032
22.078,1.029
22.108,1.031
22.138,1.027
22.168,1.029
22.198,1.031
22.228,1.029
22.258,1.030
22.288,1.028
22.318,1.029
22.348,1.030
22.378,1.032
22.408,1.031
22.438,1.027
22.468,1.030
22.498,1.028
22.528,1.031
22.558,1.027
22.588,1.030
22.618,1.030
22.648,1.029
22.678,1.029
22.708,1.029
22.738,1.028
22.768,1.033
22.798,1.029
22.828,1.030
22.858,1.033
22.888,1.031
22.918,1.029
22.948,1.029
22.978,1.029
23.008,1.028
23.038,1.030
23.068,1.032
23.098,1.029
23.128,1.027
23.158,1.030
23.188,1.027
23.218,1.030
23.248,1.029
23.278,1.029
23.308,1.029
23.338,1.033
23.368,1.028
23.398,1.029
23.428,1.029
23.458,1.028
23.488,1.030
23.518,1.029
23.548,1.031
23.578,1.030
23.608,1.030
23.638,1.027
23.668,1.028
23.698,1.027
23.728,1.033
23.758,1.030
23.788,1.030
23.818,1.031
23.848,1.033
23.878,1.033
23.908,1.029
23.938,1.030
23.968,1.028
23.998,1.031
24.028,1.026
24.058,1.030
24.088,1.032
24.118,1.023
24.148,1.029
24.178,1.030
24.208,1.031
24.238,1.033
24.268,1.030
24.298,1.031
24.328,1.029
24.358,1.029
24.388,1.029
24.418,1.031
24.448,1.033
24.478,1.031
24.508,1.028
24.538,1.030
24.568,1.029
24.598,1.030
24.628,1.032
24.658,1.029
24.688,1.031
24.718,1.032
24.748,1.028
24.778,1.029
24.808,1.032
24.838,1.033
24.868,1.027
24.898,1.027
24.928,1.030
24.958,1.029
24.988,1.032
25.018,1.031
25.048,1.029
25.078,1.029
25.108,1.033
25.138,1.033
25.168,1.033
25.198,1.031
25.228,1.033
25.258,1.029
25.288,1.031
25.318,1.031
25.348,1.032
25.378,1.030
25.408,1.029
25.438,1.031
25.468,1.031
25.498,1.031
25.528,1.033
25.558,1.030
25.588,1.029
25.618,1.028
25.648,1.030
25.678,1.033
25.708,1.028
25.738,1.031
25.768,1.029
25.798,1.031
25.828,1.031
25.858,1.034
25.888,1.032
25.918,1.025
25.948,1.033
25.978,1.033
26.008,1.030
26.038,1.025
26.068,1.032
26.098,1.030
26.128,1.033
26.158,1.029
26.188,1.030
26.218,1.030
26.248,1.031
26.278,1.029
26.308,1.032
26.338,1.029
26.368,1.029
26.398,1.033
26.428,1.030
26.458,1.033
26.488,1.033
26.518,1.031
26.548,1.035
26.578,1.031
26.608,1.033
26.638,1.033
26.668,1.034
26.698,1.030
26.728,1.031
26.758,1.029
26.788,1.028
26.818,1.032
26.848,1.032
26.878,1.033
26.908,1.029
26.938,1.031
26.968,1.026
26.998,1.027
27.028,1.032
27.058,1.030
27.088,1.030
27.118,1.028
27.148,1.032
27.178,1.027
27.208,1.027
27.238,1.033
27.268,1.029
27.298,1.027
27.328,1.031
27.358,1.031
27.388,1.026
27.418,1.026
27.448,1.032
27.478,1.032
27.508,1.031
27.538,1.032
27.568,1.032
27.598,1.032
27.628,1.031
27.658,1.030
27.688,1.029
27.718,1.029
27.748,1.033
27.778,1.031
27.808,1.028
27.838,1.029
27.868,1.026
27.898,1.029
27.928,1.030
27.958,1.029
27.988,1.031
28.018,1.033
28.048,1.033
28.078,1.028
28.108,1.029
28.138,1.030
28.168,1.030
28.198,1.033
28.228,1.030
28.258,1.029
28.288,1.030
28.318,1.028
28.348,1.029
28.378,1.028
28.408,1.030
28.438,1.024
28.468,1.028
28.498,1.031
28.528,1.034
28.558,1.030
28.588,1.030
28.618,1.031
28.648,1.029
28.678,1.032
28.708,1.029
28.738,1.033
28.768,1.029
28.798,1.032
28.828,1.033
28.858,1.029
28.888,1.030
28.918,1.029
28.948,1.033
28.978,1.032
29.008,1.029
29.038,1.030
29.068,1.033
29.098,1.030
29.128,1.031
29.158,1.031
29.188,1.035
29.218,1.031
29.248,1.029
29.278,1.032
29.308,1.033
29.338,1.033
29.368,1.031
29.398,1.030
29.428,1.029
29.458,1.033
29.488,1.028
29.518,1.031
29.548,1.033
29.578,1.030
29.608,1.030
29.638,1.029
29.668,1.028
29.698,1.035
29.728,1.031
29.758,1.030
29.788,1.034
29.818,1.028
29.848,1.033
29.878,1.030
29.908,1.034
29.938,1.030
29.968,1.033
29.998,1.032
30.028,1.033
30.058,1.032
30.088,1.029
30.118,1.032
30.148,1.032
30.178,1.029
30.208,1.027
30.238,1.031
30.268,1.032
30.298,1.034
30.328,1.033
30.358,1.032
30.388,1.027
30.418,1.032
30.448,1.031
30.478,1.030
30.508,1.035
30.538,1.034
30.568,1.032
30.598,1.032
30.628,1.033
30.658,1.030
30.688,1.032
30.718,1.034
30.748,1.029
30.778,1.030
30.808,1.032
30.838,1.032
30.868,1.033
30.898,1.034
30.928,1.033
30.958,1.034
30.988,1.034
31.018,1.031
31.048,1.031
31.078,1.028
31.108,1.033
31.138,1.031
31.168,1.032
31.198,1.029
31.228,1.035
31.258,1.029
31.288,1.033
31.318,1.031
31.348,1.035
31.378,1.029
31.408,1.035
31.438,1.033
31.468,1.031
31.498,1.033
31.528,1.035
31.558,1.034
31.588,1.030
31.618,1.034
31.648,1.036
31.678,1.029
31.708,1.031
31.738,1.037
31.768,1.036
31.798,1.030
31.828,1.034
31.858,1.035
31.888,1.029
31.918,1.033
31.948,1.033
31.978,1.031
32.008,1.032
32.038,1.032
32.068,1.029
32.098,1.033
32.128,1.031
32.158,1.031
32.188,1.037
32.218,1.032
32.248,1.025
32.278,1.034
32.308,1.034
32.338,1.034
32.368,1.033
32.398,1.032
32.428,1.031
32.458,1.033
32.488,1.034
32.518,1.030
32.548,1.032
32.578,1.035
32.608,1.031
32.638,1.033
32.668,1.032
32.698,1.034
32.728,1.032
32.758,1.035
32.788,1.033
32.818,1.033
32.848,1.034
32.878,1.032
32.908,1.032
32.938,1.032
32.968,1.031
32.998,1.033
33.028,1.035
33.058,1.030
33.088,1.036
33.118,1.032
33.148,1.030
33.178,1.034
33.208,1.032
33.238,1.032
33.268,1.030
33.298,1.031
33.328,1.032
33.358,1.029
33.388,1.035
33.418,1.030
33.448,1.033
33.478,1.035
33.508,1.033
33.538,1.032
33.568,1.038
33.598,1.032
33.628,1.031
33.658,1.035
33.688,1.034
33.718,1.032
33.748,1.032
33.778,1.039
33.808,1.032
33.838,1.032
33.868,1.037
33.898,1.030
33.928,1.030
33.958,1.032
33.988,1.033
34.018,1.034
34.048,1.031
34.078,1.032
34.108,1.032
34.138,1.032
34.168,1.031
34.198,1.031
34.228,1.032
34.258,1.033
34.288,1.034
34.318,1.030
34.348,1.029
34.378,1.031
34.408,1.035
34.438,1.030
34.468,1.031
34.498,1.031
34.528,1.034
34.558,1.035
34.588,1.032
34.618,1.031
34.648,1.030
34.678,1.034
34.708,1.031
34.738,1.033
34.768,1.032
34.798,1.030
34.828,1.032
34.858,1.033
34.888,1.032
34.918,1.032
34.948,1.029
34.978,1.031
35.008,1.035
35.038,1.032
35.068,1.039
35.098,1.031
35.128,1.031
35.158,1.031
35.188,1.032
35.218,1.031
35.248,1.032
35.278,1.032
35.308,1.029
35.338,1.032
35.368,1.033
35.398,1.031
35.428,1.032
35.458,1.033
35.488,1.031
35.518,1.033
35.548,1.036
35.578,1.028
35.608,1.033
35.638,1.032
35.668,1.030
35.698,1.032
35.728,1.031
35.758,1.032
35.788,1.032
35.818,1.032
35.848,1.033
35.878,1.032
35.908,1.031
35.938,1.033
35.968,1.032
35.998,1.032
36.028,1.034
36.058,1.033
36.088,1.030
36.118,1.028
36.148,1.029
36.178,1.036
36.208,1.030
36.238,1.035
36.268,1.030
36.298,1.032
36.328,1.033
36.358,1.034
36.388,1.033
36.418,1.027
36.448,1.037
36.478,1.027
36.508,1.030
36.538,1.033
36.568,1.029
36.598,1.030
36.628,1.032
36.658,1.030
36.688,1.032
36.718,1.029
36.748,1.034
36.778,1.032
36.808,1.035
36.838,1.032
36.868,1.033
36.898,1.032
36.928,1.033
36.958,1.034
36.988,1.030
37.018,1.035
37.048,1.030
37.078,1.029
37.108,1.033
37.138,1.036
37.168,1.033
37.198,1.032
37.228,1.030
37.258,1.033
37.288,1.036
37.318,1.032
37.348,1.035
37.378,1.029
37.408,1.036
37.438,1.032
37.468,1.030
37.498,1.032
37.528,1.034
37.558,1.029
37.588,1.031
37.618,1.033
37.648,1.034
37.678,1.029
37.708,1.030
37.738,1.031
37.768,1.032
37.798,1.032
37.828,1.030
37.858,1.031
37.888,1.033
37.918,1.032
37.948,1.031
37.978,1.034
38.008,1.034
38.038,1.034
38.068,1.035
38.098,1.035
38.128,1.035
38.158,1.031
38.188,1.037
38.218,1.031
38.248,1.033
38.278,1.037
38.308,1.033
38.338,1.029
38.368,1.032
38.398,1.032
38.428,1.027
38.458,1.027
38.488,1.037
38.518,1.037
38.548,1.033
38.578,1.030
38.608,1.032
38.638,1.030
38.668,1.033
38.698,1.034
38.728,1.032
38.758,1.031
38.788,1.031
38.818,1.033
38.848,1.030
38.878,1.033
38.908,1.031
38.938,1.033
38.968,1.033
38.998,1.035
39.028,1.032
39.058,1.033
39.088,1.035
39.118,1.032
39.148,1.031
39.178,1.035
39.208,1.032
39.238,1.032
39.268,1.030
39.298,1.035
39.328,1.031
39.358,1.030
39.388,1.033
39.418,1.030
39.448,1.037
39.478,1.030
39.508,1.032
39.538,1.033
39.568,1.032
39.598,1.032
39.628,1.031
39.658,1.029
39.688,1.032
39.718,1.036
39.748,1.035
39.778,1.034
39.808,1.033
39.838,1.032
39.868,1.032
39.898,1.033
39.928,1.031
39.958,1.028
39.988,1.031
40.018,1.032
40.048,1.034
40.078,1.032
40.108,1.028
40.138,1.038
40.168,1.030
40.198,1.031
40.228,1.037
40.258,1.035
40.288,1.032
40.318,1.033
40.348,1.033
40.378,1.033
40.408,1.032
40.438,1.034
40.468,1.032
40.498,1.036
40.528,1.035
40.558,1.034
40.588,1.032
40.618,1.032
40.648,1.032
40.678,1.033
40.708,1.035
40.738,1.029
40.768,1.031
40.798,1.033
40.828,1.034
40.858,1.034
40.888,1.031
40.918,1.034
40.948,1.036
40.978,1.031
41.008,1.035
41.038,1.033
41.068,1.034
41.098,1.033
41.128,1.032
41.158,1.033
41.188,1.032
41.218,1.034
41.248,1.033
41.278,1.035
41.308,1.030
41.338,1.034
41.368,1.034
41.398,1.035
41.428,1.033
41.458,1.036
41.488,1.033
41.518,1.030
41.548,1.036
41.578,1.036
41.608,1.038
41.638,1.032
41.668,1.032
41.698,1.038
41.728,1.035
41.758,1.031
41.788,1.032
41.818,1.032
41.848,1.033
41.878,1.034
41.908,1.035
41.938,1.028
41.968,1.034
41.998,1.033
42.028,1.029
42.058,1.030
42.088,1.034
42.118,1.035
42.148,1.033
42.178,1.030
42.208,1.034
42.238,1.031
42.268,1.030
42.298,1.033
42.328,1.031
42.358,1.034
42.388,1.033
42.418,1.033
42.448,1.030
42.478,1.032
42.508,1.034
42.538,1.035
42.568,1.031
42.598,1.033
42.628,1.034
42.658,1.031
42.688,1.035
42.718,1.037
42.748,1.038
42.778,1.029
42.808,1.036
42.838,1.036
42.868,1.027
42.898,1.034
42.928,1.034
42.958,1.034
42.988,1.033
43.018,1.034
43.048,1.032
43.078,1.034
43.108,1.034
43.138,1.029
43.168,1.037
43.198,1.034
43.228,1.035
43.258,1.032
43.288,1.031
43.318,1.035
43.348,1.029
43.378,1.031
43.408,1.032
43.438,1.035
43.468,1.036
43.498,1.034
43.528,1.033
43.558,1.036
43.588,1.034
43.618,1.035
43.648,1.033
43.678,1.033
43.708,1.035
43.738,1.033
43.768,1.030
43.798,1.036
43.828,1.034
43.858,1.031
43.888,1.034
43.918,1.035
43.948,1.032
43.978,1.033
44.008,1.037
44.038,1.032
44.068,1.037
44.098,1.033
44.128,1.033
44.158,1.034
44.188,1.036
44.218,1.034
44.248,1.034
44.278,1.033
44.308,1.038
44.338,1.035
44.368,1.031
44.398,1.036
44.428,1.036
44.458,1.035
44.488,1.034
44.518,1.034
44.548,1.035
44.578,1.036
44.608,1.032
44.638,1.036
44.668,1.033
44.698,1.037
44.728,1.034
44.758,1.031
44.788,1.040
44.818,1.036
44.848,1.033
44.878,1.036
44.908,1.032
44.938,1.035
44.968,1.035
44.998,1.037
45.028,1.036
45.058,1.035
45.088,1.036
45.118,1.034
45.148,1.036
45.178,1.035
45.208,1.035
45.238,1.031
45.268,1.028
45.298,1.034
45.328,1.037
45.358,1.035
45.388,1.034
45.418,1.032
45.448,1.032
45.478,1.033
45.508,1.034
45.538,1.036
45.568,1.038
45.598,1.030
45.628,1.036
45.658,1.034
45.688,1.028
45.718,1.033
45.748,1.034
45.778,1.033
45.808,1.035
45.838,1.036
45.868,1.037
45.898,1.031
45.928,1.030
45.958,1.035
45.988,1.032
46.018,1.031
46.048,1.034
46.078,1.030
46.108,1.037
46.138,1.034
46.168,1.038
46.198,1.031
46.228,1.034
46.258,1.036
46.288,1.036
46.318,1.036
46.348,1.033
46.378,1.033
46.408,1.033
46.438,1.036
46.468,1.032
46.498,1.031
46.528,1.039
46.558,1.038
46.588,1.034
46.618,1.036
46.648,1.034
46.678,1.037
46.708,1.036
46.738,1.033
46.768,1.036
46.798,1.031
46.828,1.032
46.858,1.038
46.888,1.032
46.918,1.038
46.948,1.036
46.978,1.036
47.008,1.031
47.038,1.036
47.068,1.035
47.098,1.034
47.128,1.034
47.158,1.036
47.188,1.035
47.218,1.038
47.248,1.038
47.278,1.031
47.308,1.034
47.338,1.036
47.368,1.035
47.398,1.033
47.428,1.034
47.458,1.038
47.488,1.037
47.518,1.034
47.548,1.032
47.578,1.032
47.608,1.032
47.638,1.036
47.668,1.033
47.698,1.036
47.728,1.035
47.758,1.032
47.788,1.034
47.818,1.032
47.848,1.035
47.878,1.032
47.908,1.035
47.938,1.033
47.968,1.034
47.998,1.034
48.028,1.038
48.058,1.035
48.088,1.034
48.118,1.033
48.148,1.037
48.178,1.033
48.208,1.036
48.238,1.036
48.268,1.030
48.298,1.034
48.328,1.033
48.358,1.034
48.388,1.033
48.418,1.039
48.448,1.035
48.478,1.034
48.508,1.032
48.538,1.033
48.568,1.033
48.598,1.035
48.628,1.033
48.658,1.033
48.688,1.033
48.718,1.037
48.748,1.032
48.778,1.037
48.808,1.032
48.838,1.031
48.868,1.035
48.898,1.034
48.928,1.034
48.958,1.031
48.988,1.034
49.018,1.033
49.048,1.032
49.078,1.033
49.108,1.037
49.138,1.034
49.168,1.032
49.198,1.038
49.228,1.034
49.258,1.035
49.288,1.035
49.318,1.033
49.348,1.032
49.378,1.032
49.408,1.037
49.438,1.033
49.468,1.034
49.498,1.034
49.528,1.034
49.558,1.034
49.588,1.035
49.618,1.033
49.648,1.036
49.678,1.036
49.708,1.036
49.738,1.030
49.768,1.032
49.798,1.037
49.828,1.035
49.858,1.038
49.888,1.034
49.918,1.033
49.948,1.034
49.978,1.034
50.008,1.037
50.038,1.042
50.068,1.030
50.098,1.032
50.128,1.034
50.158,1.034
50.188,1.035
50.218,1.033
50.248,1.030
50.278,1.037
50.308,1.033
50.338,1.035
50.368,1.038
50.398,1.036
50.428,1.036
50.458,1.034
50.488,1.037
50.518,1.034
50.548,1.031
50.578,1.030
50.608,1.034
50.638,1.034
50.668,1.036
50.698,1.033
50.728,1.034
50.758,1.035
50.788,1.034
50.818,1.034
50.848,1.035
50.878,1.033
50.908,1.033
50.938,1.033
50.968,1.037
50.998,1.042
51.028,1.033
51.058,1.031
51.088,1.032
51.118,1.034
51.148,1.037
51.178,1.034
51.208,1.032
51.238,1.033
51.268,1.033
51.298,1.039
51.328,1.036
51.358,1.034
51.388,1.034
51.418,1.035
51.448,1.038
51.478,1.033
51.508,1.036
51.538,1.037
51.568,1.037
51.598,1.034
51.628,1.034
51.658,1.041
51.688,1.037
51.718,1.035
51.748,1.036
51.778,1.036
51.808,1.033
51.838,1.036
51.868,1.030
51.898,1.036
51.928,1.030
51.958,1.035
51.988,1.032
52.018,1.032
52.048,1.034
52.078,1.034
52.108,1.035
52.138,1.037
52.168,1.034
52.198,1.033
52.228,1.039
52.258,1.035
52.288,1.035
52.318,1.035
52.348,1.036
52.378,1.036
52.408,1.032
52.438,1.036
52.468,1.031
52.498,1.034
52.528,1.036
52.558,1.033
52.588,1.033
52.618,1.036
52.648,1.042
52.678,1.031
52.708,1.034
52.738,1.036
52.768,1.033
52.798,1.036
52.828,1.037
52.858,1.032
52.888,1.036
52.918,1.032
52.948,1.035
52.978,1.036
53.008,1.036
53.038,1.035
53.068,1.037
53.098,1.037
53.128,1.034
53.158,1.037
53.188,1.035
53.218,1.033
53.248,1.035
53.278,1.037
53.308,1.034
53.338,1.035
53.368,1.036
53.398,1.036
53.428,1.037
53.458,1.038
53.488,1.035
53.518,1.035
53.548,1.037
53.578,1.032
53.608,1.033
53.638,1.034
53.668,1.035
53.698,1.035
53.728,1.033
53.758,1.031
53.788,1.037
53.818,1.034
53.848,1.037
53.878,1.036
53.908,1.035
53.938,1.033
53.968,1.037
53.998,1.037
54.028,1.037
54.058,1.037
54.088,1.038
54.118,1.034
54.148,1.034
54.178,1.038
54.208,1.034
54.238,1.032
54.268,1.038
54.298,1.036
54.328,1.036
54.358,1.037
54.388,1.034
54.418,1.034
54.448,1.035
54.478,1.036
54.508,1.036
54.538,1.034
54.568,1.035
54.598,1.034
54.628,1.036
54.658,1.037
54.688,1.035
54.718,1.035
54.748,1.034
54.778,1.036
54.808,1.033
54.838,1.033
54.868,1.036
54.898,1.037
54.928,1.036
54.958,1.034
54.988,1.035
55.018,1.033
55.048,1.034
55.078,1.033
55.108,1.036
55.138,1.037
55.168,1.035
55.198,1.033
55.228,1.037
55.258,1.035
55.288,1.036
55.318,1.038
55.348,1.035
55.378,1.035
55.408,1.035
55.438,1.037
55.468,1.028
55.498,1.031
55.528,1.034
55.558,1.034
55.588,1.033
55.618,1.035
55.648,1.035
55.678,1.036
55.708,1.033
55.738,1.037
55.768,1.036
55.798,1.035
55.828,1.036
55.858,1.030
55.888,1.039
55.918,1.034
55.948,1.038
55.978,1.036
56.008,1.036
56.038,1.036
56.068,1.038
56.098,1.035
56.128,1.036
56.158,1.040
56.188,1.033
56.218,1.035
56.248,1.037
56.278,1.034
56.308,1.036
56.338,1.034
56.368,1.036
56.398,1.035
56.428,1.033
56.458,1.036
56.488,1.034
56.518,1.035
56.548,1.034
56.578,1.034
56.608,1.035
56.638,1.036
56.668,1.033
56.698,1.034
56.728,1.034
56.758,1.038
56.788,1.034
56.818,1.036
56.848,1.037
56.878,1.038
56.908,1.036
56.938,1.036
56.968,1.036
56.998,1.041
57.028,1.040
57.058,1.033
57.088,1.034
57.118,1.035
57.148,1.035
57.178,1.034
57.208,1.038
57.238,1.036
57.268,1.034
57.298,1.036
57.328,1.037
57.358,1.037
57.388,1.032
57.418,1.032
57.448,1.035
57.478,1.035
57.508,1.036
57.538,1.038
57.568,1.037
57.598,1.036
57.628,1.039
57.658,1.035
57.688,1.035
57.718,1.037
57.748,1.036
57.778,1.037
57.808,1.036
57.838,1.037
57.868,1.037
57.898,1.037
57.928,1.036
57.958,1.030
57.988,1.033
58.018,1.033
58.048,1.030
58.078,1.035
58.108,1.036
58.138,1.034
58.168,1.036
58.198,1.036
58.228,1.035
58.258,1.036
58.288,1.031
58.318,1.036
58.348,1.038
58.378,1.038
58.408,1.035
58.438,1.034
58.468,1.035
58.498,1.039
58.528,1.036
58.558,1.039
58.588,1.034
58.618,1.036
58.648,1.038
58.678,1.031
58.708,1.037
58.738,1.039
58.768,1.034
58.798,1.034
58.828,1.036
58.858,1.032
58.888,1.035
58.918,1.037
58.948,1.035
58.978,1.035
59.008,1.037
59.038,1.035
59.068,1.037
59.098,1.034
59.128,1.032
59.158,1.037
59.188,1.037
59.218,1.036
59.248,1.032
59.278,1.035
59.308,1.035
59.338,1.036
59.368,1.034
59.398,1.037
59.428,1.040
59.458,1.036
59.488,1.033
59.518,1.035
59.548,1.038
59.578,1.034
59.608,1.038
59.638,1.036
59.668,1.034
59.698,1.034
59.728,1.039
59.758,1.037
59.788,1.034
59.818,1.034
59.848,1.036
59.878,1.036
59.908,1.038
59.938,1.036
59.968,1.038
59.998,1.033
60.028,1.037
60.058,1.038
60.088,1.039
60.118,1.037
60.148,1.034
60.178,1.034
60.208,1.040
60.238,1.038
60.268,1.037
60.298,1.035
60.328,1.035
60.358,1.035
60.388,1.033
60.418,1.039
60.448,1.036
60.478,1.034
60.508,1.036
60.538,1.034
60.568,1.033
60.598,1.038
60.628,1.034
60.658,1.034
60.688,1.037
60.718,1.035
60.748,1.035
60.778,1.036
60.808,1.037
60.838,1.038
60.868,1.035
60.898,1.036
60.928,1.035
60.958,1.038
60.988,1.038
61.018,1.040
61.048,1.038
61.078,1.037
61.108,1.038
61.138,1.038
61.168,1.036
61.198,1.038
61.228,1.034
61.258,1.033
61.288,1.038
61.318,1.039
61.348,1.035
61.378,1.036
61.408,1.040
61.438,1.032
61.468,1.034
61.498,1.037
61.528,1.033
61.558,1.039
61.588,1.037
61.618,1.034
61.648,1.034
61.678,1.037
61.708,1.040
61.738,1.033
61.768,1.037
61.798,1.036
61.828,1.035
61.858,1.035
61.888,1.038
61.918,1.037
61.948,1.038
61.978,1.037
62.008,1.034
62.038,1.035
62.068,1.039
62.098,1.038
62.128,1.033
62.158,1.036
62.188,1.035
62.218,1.033
62.248,1.034
62.278,1.038
62.308,1.038
62.338,1.035
62.368,1.036
62.398,1.036
62.428,1.036
62.458,1.035
62.488,1.035
62.518,1.037
62.548,1.037
62.578,1.037
62.608,1.039
62.638,1.037
62.668,1.034
62.698,1.035
62.728,1.035
62.758,1.038
62.788,1.037
62.818,1.036
62.848,1.034
62.878,1.039
62.908,1.035
62.938,1.033
62.968,1.038
62.998,1.038
63.028,1.037
63.058,1.036
63.088,1.036
63.118,1.036
63.148,1.036
63.178,1.038
63.208,1.035
63.238,1.038
63.268,1.037
63.298,1.036
63.328,1.035
63.358,1.034
63.388,1.036
63.418,1.037
63.448,1.037
63.478,1.036
63.508,1.036
63.538,1.035
63.568,1.034
63.598,1.036
63.628,1.036
63.658,1.039
63.688,1.038
63.718,1.036
63.748,1.039
63.778,1.039
63.808,1.036
63.838,1.035
63.868,1.038
63.898,1.038
63.928,1.035
63.958,1.038
63.988,1.036
64.018,1.036
64.048,1.036
64.078,1.037
64.108,1.033
64.138,1.038
64.168,1.036
64.198,1.035
64.228,1.035
64.258,1.037
64.288,1.039
64.318,1.037
64.348,1.037
64.378,1.032
64.408,1.037
64.438,1.036
64.468,1.033
64.498,1.039
64.528,1.037
64.558,1.036
64.588,1.037
64.618,1.036
64.648,1.034
64.678,1.036
64.708,1.034
64.738,1.036
64.768,1.038
64.798,1.041
64.828,1.032
64.858,1.036
64.888,1.037
64.918,1.036
64.948,1.039
64.978,1.037
65.008,1.035
65.038,1.036
65.068,1.036
65.098,1.038
65.128,1.035
65.158,1.039
65.188,1.038
65.218,1.036
65.248,1.038
65.278,1.038
65.308,1.032
65.338,1.033
65.368,1.037
65.398,1.039
65.428,1.037
65.458,1.035
65.488,1.038
65.518,1.040
65.548,1.036
65.578,1.038
65.608,1.045
65.638,1.037
65.668,1.039
65.698,1.035
65.728,1.032
65.758,1.038
65.788,1.038
65.818,1.032
65.848,1.035
65.878,1.039
65.908,1.035
65.938,1.035
65.968,1.037
65.998,1.036
66.028,1.038
66.058,1.037
66.088,1.038
66.118,1.036
66.148,1.040
66.178,1.037
66.208,1.034
66.238,1.033
66.268,1.040
66.298,1.036
66.328,1.042
66.358,1.036
66.388,1.038
66.418,1.039
66.448,1.035
66.478,1.034
66.508,1.034
66.538,1.038
66.568,1.037
66.598,1.036
66.628,1.037
66.658,1.036
66.688,1.038
66.718,1.038
66.748,1.037
66.778,1.039
66.808,1.036
66.838,1.036
66.868,1.036
66.898,1.036
66.928,1.036
66.958,1.034
66.988,1.038
67.018,1.036
67.048,1.036
67.078,1.035
67.108,1.035
67.138,1.036
67.168,1.037
67.198,1.040
67.228,1.038
67.258,1.038
67.288,1.036
67.318,1.034
67.348,1.040
67.378,1.040
67.408,1.035
67.438,1.036
67.468,1.039
67.498,1.032
67.528,1.032
67.558,1.035
67.588,1.036
67.618,1.036
67.648,1.038
67.678,1.037
67.708,1.037
67.738,1.037
67.768,1.038
67.798,1.039
67.828,1.040
67.858,1.036
67.888,1.033
67.918,1.040
67.948,1.038
67.978,1.036
68.008,1.036
68.038,1.037
68.068,1.034
68.098,1.038
68.128,1.036
68.158,1.036
68.188,1.041
68.218,1.036
68.248,1.038
68.278,1.037
68.308,1.034
68.338,1.036
68.368,1.037
68.398,1.036
68.428,1.038
68.458,1.037
68.488,1.040
68.518,1.037
68.548,1.038
68.578,1.036
68.608,1.035
68.638,1.035
68.668,1.034
68.698,1.036
68.728,1.034
68.758,1.033
68.788,1.033
68.818,1.038
68.848,1.036
68.878,1.039
68.908,1.039
68.938,1.036
68.968,1.036
68.998,1.037
69.028,1.036
69.058,1.040
69.088,1.041
69.118,1.034
69.148,1.036
69.178,1.037
69.208,1.035
69.238,1.039
69.268,1.036
69.298,1.035
69.328,1.038
69.358,1.035
69.388,1.038
69.418,1.034
69.448,1.037
69.478,1.036
69.508,1.039
69.538,1.040
69.568,1.038
69.598,1.037
69.628,1.036
69.658,1.037
69.688,1.036
69.718,1.040
69.748,1.037
69.778,1.040
69.808,1.040
69.838,1.038
69.868,1.033
69.898,1.038
69.928,1.038
69.958,1.039
69.988,1.034
70.018,1.040
70.048,1.035
70.078,1.039
70.108,1.038
70.138,1.035
70.168,1.036
70.198,1.040
70.228,1.036
70.258,1.038
70.288,1.042
70.318,1.038
70.348,1.036
70.378,1.039
70.408,1.040
70.438,1.038
70.468,1.036
70.498,1.041
70.528,1.036
70.558,1.037
70.588,1.036
70.618,1.038
70.648,1.038
70.678,1.039
70.708,1.039
70.738,1.038
70.768,1.037
70.798,1.036
70.828,1.038
70.858,1.036
70.888,1.039
70.918,1.037
70.948,1.041
70.978,1.038
71.008,1.037
71.038,1.040
71.068,1.036
71.098,1.032
71.128,1.035
71.158,1.035
71.188,1.037
71.218,1.037
71.248,1.035
71.278,1.038
71.308,1.042
71.338,1.042
71.368,1.037
71.398,1.036
71.428,1.035
71.458,1.037
71.488,1.036
71.518,1.037
71.548,1.041
71.578,1.039
71.608,1.037
71.638,1.039
71.668,1.038
71.698,1.037
71.728,1.042
71.758,1.036
71.788,1.038
71.818,1.040
71.848,1.037
71.878,1.035
71.908,1.037
71.938,1.037
71.968,1.039
71.998,1.039
72.028,1.041
72.058,1.039
72.088,1.039
72.118,1.041
72.148,1.039
72.178,1.036
72.208,1.035
72.238,1.036
72.268,1.042
72.298,1.039
72.328,1.039
72.358,1.036
72.388,1.041
72.418,1.038
72.448,1.041
72.478,1.041
72.508,1.036
72.538,1.038
72.568,1.037
72.598,1.040
72.628,1.039
72.658,1.039
72.688,1.039
72.718,1.036
72.748,1.036
72.778,1.038
72.808,1.040
72.838,1.038
72.868,1.037
72.898,1.039
72.928,1.039
72.958,1.038
72.988,1.039
73.018,1.037
73.048,1.036
73.078,1.036
73.108,1.038
73.138,1.041
73.168,1.039
73.198,1.038
73.228,1.037
73.258,1.037
73.288,1.039
73.318,1.039
73.348,1.039
73.378,1.041
73.408,1.040
73.438,1.040
73.468,1.034
73.498,1.036
73.528,1.042
73.558,1.041
73.588,1.038
73.618,1.039
73.648,1.037
73.678,1.037
73.708,1.039
73.738,1.036
73.768,1.043
73.798,1.039
73.828,1.037
73.858,1.036
73.888,1.037
73.918,1.039
73.948,1.037
73.978,1.043
74.008,1.036
74.038,1.038
74.068,1.038
74.098,1.041
74.128,1.036
74.158,1.042
74.188,1.036
74.218,1.042
74.248,1.037
74.278,1.037
74.308,1.038
74.338,1.036
74.368,1.037
74.398,1.038
74.428,1.041
74.458,1.036
74.488,1.039
74.518,1.036
74.548,1.038
74.578,1.038
74.608,1.038
74.638,1.040
74.668,1.039
74.698,1.035
74.728,1.036
74.758,1.038
74.788,1.035
74.818,1.038
74.848,1.037
74.878,1.038
74.908,1.040
74.938,1.038
74.968,1.038
74.998,1.041
75.028,1.036
75.058,1.038
75.088,1.041
75.118,1.032
75.148,1.037
75.178,1.036
75.208,1.038
75.238,1.039
75.268,1.035
75.298,1.040
75.328,1.034
75.358,1.038
75.388,1.037
75.418,1.039
75.448,1.041
75.478,1.038
75.508,1.039
75.538,1.036
75.568,1.035
75.598,1.037
75.628,1.037
75.658,1.037
75.688,1.040
75.718,1.039
75.748,1.038
75.778,1.039
75.808,1.039
75.838,1.038
75.868,1.036
75.898,1.041
75.928,1.039
75.958,1.040
75.988,1.038
76.018,1.037
76.048,1.039
76.078,1.040
76.108,1.038
76.138,1.038
76.168,1.039
76.198,1.040
76.228,1.039
76.258,1.035
76.288,1.040
76.318,1.039
76.348,1.037
76.378,1.033
76.408,1.039
76.438,1.040
76.468,1.038
76.498,1.043
76.528,1.040
76.558,1.041
76.588,1.038
76.618,1.036
76.648,1.037
76.678,1.038
76.708,1.038
76.738,1.040
76.768,1.042
76.798,1.035
76.828,1.039
76.858,1.041
76.888,1.034
76.918,1.036
76.948,1.040
76.978,1.038
77.008,1.036
77.038,1.038
77.068,1.036
77.098,1.037
77.128,1.037
77.158,1.037
77.188,1.039
77.218,1.042
77.248,1.038
77.278,1.034
77.308,1.038
77.338,1.039
77.368,1.039
77.398,1.036
77.428,1.040
77.458,1.036
77.488,1.038
77.518,1.040
77.548,1.033
77.578,1.042
77.608,1.037
77.638,1.040
77.668,1.038
77.698,1.038
77.728,1.039
77.758,1.035
77.788,1.036
77.818,1.038
77.848,1.035
77.878,1.040
77.908,1.040
77.938,1.039
77.968,1.039
77.998,1.037
78.028,1.036
78.058,1.039
78.088,1.039
78.118,1.038
78.148,1.037
78.178,1.034
78.208,1.038
78.238,1.042
78.268,1.039
78.298,1.039
78.328,1.037
78.358,1.038
78.388,1.040
78.418,1.039
78.448,1.040
78.478,1.036
78.508,1.041
78.538,1.039
78.568,1.036
78.598,1.040
78.628,1.040
78.658,1.037
78.688,1.041
78.718,1.041
78.748,1.038
78.778,1.040
78.808,1.036
78.838,1.040
78.868,1.040
78.898,1.042
78.928,1.038
78.958,1.037
78.988,1.038
79.018,1.039
79.048,1.038
79.078,1.039
79.108,1.039
79.138,1.038
79.168,1.037
79.198,1.042
79.228,1.038
79.258,1.039
79.288,1.042
79.318,1.042
79.348,1.034
79.378,1.042
79.408,1.040
79.438,1.034
79.468,1.041
79.498,1.041
79.528,1.037
79.558,1.041
79.588,1.035
79.618,1.038
79.648,1.039
79.678,1.038
79.708,1.037
79.738,1.042
79.768,1.037
79.798,1.040
79.828,1.037
79.858,1.037
79.888,1.041
79.918,1.038
79.948,1.039
79.978,1.039
80.008,1.037
80.038,1.036
80.068,1.040
80.098,1.039
80.128,1.043
80.158,1.036
80.188,1.039
80.218,1.039
80.248,1.037
80.278,1.039
80.308,1.041
80.338,1.039
80.368,1.038
80.398,1.039
80.428,1.038
80.458,1.039
80.488,1.040
80.518,1.039
80.548,1.036
80.578,1.038
80.608,1.039
80.638,1.039
80.668,1.036
80.698,1.040
80.728,1.038
80.758,1.038
80.788,1.037
80.818,1.041
80.848,1.038
80.878,1.040
80.908,1.039
80.938,1.040
80.968,1.042
80.998,1.037
81.028,1.041
81.058,1.041
81.088,1.038
81.118,1.041
81.148,1.039
81.178,1.039
81.208,1.038
81.238,1.039
81.268,1.039
81.298,1.039
81.328,1.041
81.358,1.037
81.388,1.037
81.418,1.039
81.448,1.037
81.478,1.039
81.508,1.036
81.538,1.037
81.568,1.037
81.598,1.042
81.628,1.041
81.658,1.039
81.688,1.032
81.718,1.038
81.748,1.037
81.778,1.040
81.808,1.039
81.838,1.035
81.868,1.038
81.898,1.037
81.928,1.039
81.958,1.040
81.988,1.042
82.018,1.035
82.048,1.037
82.078,1.038
82.108,1.036
82.138,1.041
82.168,1.038
82.198,1.037
82.228,1.038
82.258,1.042
82.288,1.039
82.318,1.038
82.348,1.041
82.378,1.040
82.408,1.039
82.438,1.039
82.468,1.038
82.498,1.039
82.528,1.037
82.558,1.039
82.588,1.038
82.618,1.038
82.648,1.035
82.678,1.043
82.708,1.041
82.738,1.038
82.768,1.040
82.798,1.040
82.828,1.039
82.858,1.040
82.888,1.039
82.918,1.040
82.948,1.044
82.978,1.035
83.008,1.042
83.038,1.038
83.068,1.034
83.098,1.037
83.128,1.039
83.158,1.038
83.188,1.040
83.218,1.038
83.248,1.040
83.278,1.037
83.308,1.041
83.338,1.042
83.368,1.038
83.398,1.040
83.428,1.039
83.458,1.041
83.488,1.038
83.518,1.037
83.548,1.041
83.578,1.039
83.608,1.039
83.638,1.041
83.668,1.039
83.698,1.041
83.728,1.040
83.758,1.041
83.788,1.036
83.818,1.042
83.848,1.041
83.878,1.041
83.908,1.039
83.938,1.039
83.968,1.040
83.998,1.038
84.028,1.035
84.058,1.042
84.088,1.041
84.118,1.038
84.148,1.039
84.178,1.043
84.208,1.041
84.238,1.040
84.268,1.045
84.298,1.041
84.328,1.035
84.358,1.039
84.388,1.037
84.418,1.037
84.448,1.038
84.478,1.039
84.508,1.042
84.538,1.041
84.568,1.043
84.598,1.039
84.628,1.040
84.658,1.042
84.688,1.042
84.718,1.038
84.748,1.042
84.778,1.040
84.808,1.040
84.838,1.041
84.868,1.034
84.898,1.038
84.928,1.042
84.958,1.035
84.988,1.040
85.018,1.043
85.048,1.041
85.078,1.037
85.108,1.042
85.138,1.040
85.168,1.040
85.198,1.040
85.228,1.039
85.258,1.039
85.288,1.035
85.318,1.037
85.348,1.040
85.378,1.039
85.408,1.041
85.438,1.038
85.468,1.040
85.498,1.040
85.528,1.042
85.558,1.041
85.588,1.038
85.618,1.036
85.648,1.040
85.678,1.040
85.708,1.039
85.738,1.039
85.768,1.040
85.798,1.043
85.828,1.040
85.858,1.040
85.888,1.040
85.918,1.042
85.948,1.038
85.978,1.038
86.008,1.041
86.038,1.038
86.068,1.037
86.098,1.040
86.128,1.040
86.158,1.039
86.188,1.039
86.218,1.036
86.248,1.040
86.278,1.039
86.308,1.038
86.338,1.038
86.368,1.043
86.398,1.039
86.428,1.039
86.458,1.038
86.488,1.037
86.518,1.042
86.548,1.037
86.578,1.038
86.608,1.041
86.638,1.042
86.668,1.038
86.698,1.041
86.728,1.038
86.758,1.037
86.788,1.041
86.818,1.041
86.848,1.038
86.878,1.040
86.908,1.037
86.938,1.040
86.968,1.040
86.998,1.041
87.028,1.042
87.058,1.041
87.088,1.040
87.118,1.038
87.148,1.036
87.178,1.040
87.208,1.039
87.238,1.038
87.268,1.042
87.298,1.038
87.328,1.038
87.358,1.039
87.388,1.039
87.418,1.039
87.448,1.042
87.478,1.038
87.508,1.040
87.538,1.041
87.568,1.039
87.598,1.044
87.628,1.041
87.658,1.041
87.688,1.039
87.718,1.040
87.748,1.041
87.778,1.039
87.808,1.036
87.838,1.040
87.868,1.038
87.898,1.037
87.928,1.041
87.958,1.038
87.988,1.036
88.018,1.037
88.048,1.039
88.078,1.039
88.108,1.040
88.138,1.040
88.168,1.039
88.198,1.043
88.228,1.042
88.258,1.039
88.288,1.043
88.318,1.043
88.348,1.036
88.378,1.040
88.408,1.043
88.438,1.037
88.468,1.040
88.498,1.036
88.528,1.035
88.558,1.040
88.588,1.038
88.618,1.040
88.648,1.039
88.678,1.039
88.708,1.041
88.738,1.043
88.768,1.041
88.798,1.038
88.828,1.039
88.858,1.034
88.888,1.042
88.918,1.039
88.948,1.040
88.978,1.037
89.008,1.037
89.038,1.039
89.068,1.042
89.098,1.040
89.128,1.040
89.158,1.039
89.188,1.040
89.218,1.042
89.248,1.043
89.278,1.038
89.308,1.035
89.338,1.041
89.368,1.038
89.398,1.039
89.428,1.037
89.458,1.042
89.488,1.039
89.518,1.038
89.548,1.040
89.578,1.039
89.608,1.044
89.638,1.041
89.668,1.040
89.698,1.038
89.728,1.041
89.758,1.040
89.788,1.037
89.818,1.038
89.848,1.038
89.878,1.040
89.908,1.043
89.938,1.045
89.968,1.034
89.998,1.040
90.028,1.039
90.058,1.039
90.088,1.041
90.118,1.039
90.148,1.038
90.178,1.044
90.208,1.038
90.238,1.037
90.268,1.038
90.298,1.038
90.328,1.042
90.358,1.041
90.388,1.045
90.418,1.041
90.448,1.036
90.478,1.041
90.508,1.041
90.538,1.040
90.568,1.042
90.598,1.036
90.628,1.039
90.658,1.040
90.688,1.036
90.718,1.040
90.748,1.041
90.778,1.041
90.808,1.038
90.838,1.039
90.868,1.037
90.898,1.045
90.928,1.040
90.958,1.039
90.988,1.039
91.018,1.041
91.048,1.038
91.078,1.040
91.108,1.039
91.138,1.039
91.168,1.038
91.198,1.039
91.228,1.038
91.258,1.040
91.288,1.039
91.318,1.040
91.348,1.039
91.378,1.042
91.408,1.042
91.438,1.042
91.468,1.040
91.498,1.040
91.528,1.039
91.558,1.042
91.588,1.038
91.618,1.040
91.648,1.038
91.678,1.039
91.708,1.033
91.738,1.042
91.768,1.042
91.798,1.035
91.828,1.036
91.858,1.040
91.888,1.037
91.918,1.046
91.948,1.039
91.978,1.039
92.008,1.040
92.038,1.038
92.068,1.041
92.098,1.036
92.128,1.037
92.158,1.039
92.188,1.040
92.218,1.045
92.248,1.036
92.278,1.041
92.308,1.039
92.338,1.036
92.368,1.039
92.398,1.042
92.428,1.035
92.458,1.038
92.488,1.040
92.518,1.036
92.548,1.043
92.578,1.042
92.608,1.040
92.638,1.041
92.668,1.039
92.698,1.040
92.728,1.038
92.758,1.040
92.788,1.038
92.818,1.037
92.848,1.040
92.878,1.037
92.908,1.038
92.938,1.040
92.968,1.041
92.998,1.043
93.028,1.040
93.058,1.039
93.088,1.043
93.118,1.042
93.148,1.044
93.178,1.036
93.208,1.042
93.238,1.042
93.268,1.037
93.298,1.043
93.328,1.040
93.358,1.039
93.388,1.040
93.418,1.038
93.448,1.038
93.478,1.041
93.508,1.036
93.538,1.042
93.568,1.041
93.598,1.045
93.628,1.039
93.658,1.041
93.688,1.038
93.718,1.043
93.748,1.042
93.778,1.040
93.808,1.041
93.838,1.040
93.868,1.041
93.898,1.039
93.928,1.043
93.958,1.040
93.988,1.040
94.018,1.040
94.048,1.037
94.078,1.043
94.108,1.040
94.138,1.038
94.168,1.041
94.198,1.042
94.228,1.041
94.258,1.040
94.288,1.040
94.318,1.039
94.348,1.040
94.378,1.041
94.408,1.041
94.438,1.038
94.468,1.039
94.498,1.040
94.528,1.041
94.558,1.040
94.588,1.042
94.618,1.041
94.648,1.042
94.678,1.041
94.708,1.042
94.738,1.040
94.768,1.042
94.798,1.038
94.828,1.043
94.858,1.040
94.888,1.039
94.918,1.046
94.948,1.037
94.978,1.039
95.008,1.039
95.038,1.042
95.068,1.042
95.098,1.040
95.128,1.036
95.158,1.040
95.188,1.041
95.218,1.045
95.248,1.044
95.278,1.042
95.308,1.035
95.338,1.040
95.368,1.043
95.398,1.040
95.428,1.039
95.458,1.044
95.488,1.037
95.518,1.038
95.548,1.045
95.578,1.043
95.608,1.036
95.638,1.043
95.668,1.039
95.698,1.033
95.728,1.038
95.758,1.039
95.788,1.038
95.818,1.042
95.848,1.042
95.878,1.040
95.908,1.037
95.938,1.038
95.968,1.037
95.998,1.040
96.028,1.042
96.058,1.042
96.088,1.043
96.118,1.039
96.148,1.040
96.178,1.038
96.208,1.042
96.238,1.041
96.268,1.039
96.298,1.036
96.328,1.042
96.358,1.038
96.388,1.046
96.418,1.039
96.448,1.039
96.478,1.044
96.508,1.039
96.538,1.039
96.568,1.040
96.598,1.039
96.628,1.039
96.658,1.043
96.688,1.041
96.718,1.039
96.748,1.039
96.778,1.038
96.808,1.045
96.838,1.042
96.868,1.037
96.898,1.039
96.928,1.041
96.958,1.039
96.988,1.042
97.018,1.040
97.048,1.040
97.078,1.040
97.108,1.042
97.138,1.045
97.168,1.038
97.198,1.041
97.228,1.041
97.258,1.039
97.288,1.037
97.318,1.039
97.348,1.039
97.378,1.038
97.408,1.040
97.438,1.041
97.468,1.041
97.498,1.039
97.528,1.040
97.558,1.042
97.588,1.037
97.618,1.045
97.648,1.040
97.678,1.040
97.708,1.042
97.738,1.041
97.768,1.039
97.798,1.043
97.828,1.042
97.858,1.041
97.888,1.043
97.918,1.037
97.948,1.037
97.978,1.042
98.008,1.039
98.038,1.042
98.068,1.040
98.098,1.042
98.128,1.034
98.158,1.040
98.188,1.040
98.218,1.042
98.248,1.039
98.278,1.041
98.308,1.039
98.338,1.039
98.368,1.042
98.398,1.040
98.428,1.039
98.458,1.043
98.488,1.041
98.518,1.038
98.548,1.035
98.578,1.039
98.608,1.039
98.638,1.040
98.668,1.040
98.698,1.041
98.728,1.040
98.758,1.036
98.788,1.037
98.818,1.040
98.848,1.040
98.878,1.035
98.908,1.040
98.938,1.038
98.968,1.039
98.998,1.042
99.028,1.035
99.058,1.037
99.088,1.040
99.118,1.040
99.148,1.040
99.178,1.041
99.208,1.040
99.238,1.042
99.268,1.041
99.298,1.043
99.328,1.038
99.358,1.037
99.388,1.039
99.418,1.041
99.448,1.041
99.478,1.041
99.508,1.040
99.538,1.039
99.568,1.042
99.598,1.041
99.628,1.044
99.658,1.039
99.688,1.042
99.718,1.040
99.748,1.039
99.778,1.041
99.808,1.041
99.838,1.042
99.868,1.039
99.898,1.039
99.928,1.044
99.958,1.041
99.988,1.040
100.018,1.042
100.048,1.040
100.078,1.041
100.108,1.040
100.138,1.042
100.168,1.038
100.198,1.038
100.228,1.039
100.258,1.042
100.288,1.044
100.318,1.046
100.348,1.042
100.378,1.040
100.408,1.041
100.438,1.042
100.468,1.042
100.498,1.042
100.528,1.042
100.558,1.040
100.588,1.040
100.618,1.041
100.648,1.039
100.678,1.041
100.708,1.039
100.738,1.039
100.768,1.043
100.798,1.037
100.828,1.041
100.858,1.042
100.888,1.041
100.918,1.038
100.948,1.040
100.978,1.041
101.008,1.039
101.038,1.037
101.068,1.037
101.098,1.039
101.128,1.043
101.158,1.039
101.188,1.040
101.218,1.039
101.248,1.041
101.278,1.041
101.308,1.040
101.338,1.041
101.368,1.038
101.398,1.041
101.428,1.043
101.458,1.044
101.488,1.047
101.518,1.037
101.548,1.042
101.578,1.044
101.608,1.041
101.638,1.038
101.668,1.040
101.698,1.042
101.728,1.041
101.758,1.038
101.788,1.044
101.818,1.038
101.848,1.040
101.878,1.040
101.908,1.041
101.938,1.042
101.968,1.042
101.998,1.039
102.028,1.040
102.058,1.038
102.088,1.037
102.118,1.042
102.148,1.043
102.178,1.043
102.208,1.039
102.238,1.042
102.268,1.040
102.298,1.038
102.328,1.042
102.358,1.041
102.388,1.038
102.418,1.042
102.448,1.043
102.478,1.039
102.508,1.037
102.538,1.040
102.568,1.039
102.598,1.039
102.628,1.043
102.658,1.040
102.688,1.039
102.718,1.038
102.748,1.042
102.778,1.039
102.808,1.040
102.838,1.038
102.868,1.042
102.898,1.038
102.928,1.041
102.958,1.042
102.988,1.040
103.018,1.042
103.048,1.042
103.078,1.040
103.108,1.036
103.138,1.045
103.168,1.036
103.198,1.043
103.228,1.039
103.258,1.039
103.288,1.043
103.318,1.042
103.348,1.042
103.378,1.038
103.408,1.041
103.438,1.039
103.468,1.039
103.498,1.041
103.528,1.042
103.558,1.044
103.588,1.044
103.618,1.040
103.648,1.040
103.678,1.042
103.708,1.040
103.738,1.041
103.768,1.045
103.798,1.042
103.828,1.041
103.858,1.040
103.888,1.044
103.918,1.041
103.948,1.044
103.978,1.041
104.008,1.042
104.038,1.042
104.068,1.038
104.098,1.038
104.128,1.040
104.158,1.040
104.188,1.041
104.218,1.042
104.248,1.041
104.278,1.042
104.308,1.035
104.338,1.042
104.368,1.042
104.398,1.042
104.428,1.042
104.458,1.042
104.488,1.040
104.518,1.038
104.548,1.043
104.578,1.040
104.608,1.042
104.638,1.042
104.668,1.044
104.698,1.039
104.728,1.041
104.758,1.041
104.788,1.034
104.818,1.042
104.848,1.038
104.878,1.039
104.908,1.040
104.938,1.040
104.968,1.042
104.998,1.037
105.028,1.041
105.058,1.039
105.088,1.040
105.118,1.041
105.148,1.043
105.178,1.037
105.208,1.041
105.238,1.041
105.268,1.038
105.298,1.041
105.328,1.041
105.358,1.041
105.388,1.041
105.418,1.036
105.448,1.041
105.478,1.042
105.508,1.041
105.538,1.042
105.568,1.040
105.598,1.038
105.628,1.039
105.658,1.043
105.688,1.044
105.718,1.041
105.748,1.043
105.778,1.044
105.808,1.039
105.838,1.041
105.868,1.042
105.898,1.038
105.928,1.040
105.958,1.043
105.988,1.039
106.018,1.040
106.048,1.040
106.078,1.043
106.108,1.042
106.138,1.040
106.168,1.045
106.198,1.038
106.228,1.040
106.258,1.042
106.288,1.041
106.318,1.037
106.348,1.040
106.378,1.039
106.408,1.044
106.438,1.043
106.468,1.042
106.498,1.044
106.528,1.041
106.558,1.040
106.588,1.039
106.618,1.044
106.648,1.041
106.678,1.043
106.708,1.040
106.738,1.038
106.768,1.043
106.798,1.040
106.828,1.042
106.858,1.041
106.888,1.041
106.918,1.043
106.948,1.046
106.978,1.043
107.008,1.043
107.038,1.043
107.068,1.043
107.098,1.041
107.128,1.041
107.158,1.042
107.188,1.041
107.218,1.041
107.248,1.035
107.278,1.045
107.308,1.047
107.338,1.044
107.368,1.042
107.398,1.042
107.428,1.038
107.458,1.040
107.488,1.039
107.518,1.040
107.548,1.043
107.578,1.040
107.608,1.039
107.638,1.044
107.668,1.041
107.698,1.041
107.728,1.042
107.758,1.042
107.788,1.037
107.818,1.041
107.848,1.041
107.878,1.043
107.908,1.041
107.938,1.045
107.968,1.040
107.998,1.045
108.028,1.041
108.058,1.041
108.088,1.041
108.118,1.042
108.148,1.042
108.178,1.039
108.208,1.038
108.238,1.043
108.268,1.043
108.298,1.039
108.328,1.039
108.358,1.041
108.388,1.039
108.418,1.038
108.448,1.041
108.478,1.038
108.508,1.040
108.538,1.038
108.568,1.042
108.598,1.039
108.628,1.041
108.658,1.045
108.688,1.043
108.718,1.038
108.748,1.042
108.778,1.043
108.808,1.042
108.838,1.041
108.868,1.043
108.898,1.041
108.928,1.041
108.958,1.041
108.988,1.042
109.018,1.043
109.048,1.043
109.078,1.044
109.108,1.041
109.138,1.039
109.168,1.045
109.198,1.044
109.228,1.044
109.258,1.043
109.288,1.045
109.318,1.042
109.348,1.045
109.378,1.042
109.408,1.040
109.438,1.042
109.468,1.042
109.498,1.044
109.528,1.042
109.558,1.037
109.588,1.038
109.618,1.038
109.648,1.046
109.678,1.042
109.708,1.045
109.738,1.043
109.768,1.040
109.798,1.039
109.828,1.039
109.858,1.043
109.888,1.043
109.918,1.042
109.948,1.040
109.978,1.040
110.008,1.042
110.038,1.043
110.068,1.039
110.098,1.045
110.128,1.037
110.158,1.040
110.188,1.039
110.218,1.040
110.248,1.039
110.278,1.042
110.308,1.041
110.338,1.043
110.368,1.042
110.398,1.046
110.428,1.041
110.458,1.038
110.488,1.044
110.518,1.041
110.548,1.044
110.578,1.040
110.608,1.037
110.638,1.039
110.668,1.042
110.698,1.040
110.728,1.043
110.758,1.044
110.788,1.041
110.818,1.043
110.848,1.044
110.878,1.041
110.908,1.043
110.938,1.045
110.968,1.041
110.998,1.045
111.028,1.044
111.058,1.039
111.088,1.039
111.118,1.045
111.148,1.043
111.178,1.042
111.208,1.043
111.238,1.043
111.268,1.047
111.298,1.039
111.328,1.040
111.358,1.041
111.388,1.042
111.418,1.040
111.448,1.043
111.478,1.043
111.508,1.042
111.538,1.041
111.568,1.045
111.598,1.042
111.628,1.039
111.658,1.041
111.688,1.043
111.718,1.044
111.748,1.045
111.778,1.044
111.808,1.040
111.838,1.044
111.868,1.041
111.898,1.044
111.928,1.039
111.958,1.038
111.988,1.040
112.018,1.041
112.048,1.041
112.078,1.044
112.108,1.041
112.138,1.044
112.168,1.042
112.198,1.043
112.228,1.041
112.258,1.039
112.288,1.044
112.318,1.041
112.348,1.046
112.378,1.040
112.408,1.042
112.438,1.044
112.468,1.043
112.498,1.041
112.528,1.041
112.558,1.042
112.588,1.039
112.618,1.043
112.648,1.040
112.678,1.045
112.708,1.042
112.738,1.041
112.768,1.041
112.798,1.044
112.828,1.039
112.858,1.039
112.888,1.047
112.918,1.042
112.948,1.039
112.978,1.042
113.008,1.043
113.038,1.043
113.068,1.040
113.098,1.041
113.128,1.046
113.158,1.043
113.188,1.042
113.218,1.045
113.248,1.040
113.278,1.046
113.308,1.042
113.338,1.043
113.368,1.042
113.398,1.044
113.428,1.044
113.458,1.043
113.488,1.043
113.518,1.045
113.548,1.042
113.578,1.043
113.608,1.047
113.638,1.042
113.668,1.041
113.698,1.043
113.728,1.044
113.758,1.044
113.788,1.045
113.818,1.041
113.848,1.042
113.878,1.044
113.908,1.043
113.938,1.044
113.968,1.039
113.998,1.043
114.028,1.046
114.058,1.043
114.088,1.039
114.118,1.044
114.148,1.041
114.178,1.044
114.208,1.045
114.238,1.044
114.268,1.038
114.298,1.039
114.328,1.042
114.358,1.044
114.388,1.044
114.418,1.040
114.448,1.043
114.478,1.039
114.508,1.042
114.538,1.038
114.568,1.038
114.598,1.042
114.628,1.046
114.658,1.041
114.688,1.045
114.718,1.044
114.748,1.043
114.778,1.043
114.808,1.041
114.838,1.044
114.868,1.042
114.898,1.042
114.928,1.045
114.958,1.040
114.988,1.037
115.018,1.044
115.048,1.042
115.078,1.041
115.108,1.045
115.138,1.042
115.168,1.044
115.198,1.039
115.228,1.046
115.258,1.044
115.288,1.042
115.318,1.042
115.348,1.041
115.378,1.044
115.408,1.043
115.438,1.040
115.468,1.043
115.498,1.046
115.528,1.043
115.558,1.040
115.588,1.045
115.618,1.041
115.648,1.043
115.678,1.043
115.708,1.042
115.738,1.045
115.768,1.040
115.798,1.045
115.828,1.041
115.858,1.042
115.888,1.044
115.918,1.043
115.948,1.040
115.978,1.041
116.008,1.044
116.038,1.041
116.068,1.042
116.098,1.044
116.128,1.043
116.158,1.043
116.188,1.041
116.218,1.044
116.248,1.040
116.278,1.043
116.308,1.044
116.338,1.045
116.368,1.040
116.398,1.044
116.428,1.044
116.458,1.043
116.488,1.045
116.518,1.045
116.548,1.046
116.578,1.046
116.608,1.043
116.638,1.042
116.668,1.044
116.698,1.041
116.728,1.043
116.758,1.043
116.788,1.042
116.818,1.044
116.848,1.044
116.878,1.044
116.908,1.046
116.938,1.039
116.968,1.039
116.998,1.043
117.028,1.045
117.058,1.042
117.088,1.041
117.118,1.044
117.148,1.046
117.178,1.042
117.208,1.041
117.238,1.041
117.268,1.048
117.298,1.043
117.328,1.042
117.358,1.042
117.388,1.040
117.418,1.043
117.448,1.041
117.478,1.043
117.508,1.042
117.538,1.039
117.568,1.041
117.598,1.043
117.628,1.045
117.658,1.043
117.688,1.044
117.718,1.040
117.748,1.041
117.778,1.041
117.808,1.043
117.838,1.041
117.868,1.040
117.898,1.043
117.928,1.044
117.958,1.042
117.988,1.042
118.018,1.046
118.048,1.042
118.078,1.043
118.108,1.044
118.138,1.039
118.168,1.045
118.198,1.043
118.228,1.040
118.258,1.044
118.288,1.043
118.318,1.043
118.348,1.042
118.378,1.044
118.408,1.044
118.438,1.044
118.468,1.042
118.498,1.046
118.528,1.044
118.558,1.043
118.588,1.045
118.618,1.042
118.648,1.046
118.678,1.043
118.708,1.045
118.738,1.042
118.768,1.041
118.798,1.048
118.828,1.042
118.858,1.042
118.888,1.043
118.918,1.046
118.948,1.043
118.978,1.042
119.008,1.041
119.038,1.045
119.068,1.040
119.098,1.042
119.128,1.047
119.158,1.043
119.188,1.039
119.218,1.044
119.248,1.042
119.278,1.039
119.308,1.042
119.338,1.038
119.368,1.038
119.398,1.043
119.428,1.043
119.458,1.043
119.488,1.040
119.518,1.039
119.548,1.044
119.578,1.045
119.608,1.041
119.638,1.042
119.668,1.039
119.698,1.045
119.728,1.041
119.758,1.043
119.788,1.041
119.818,1.044
119.848,1.045
119.878,1.042
119.908,1.040
119.938,1.039
119.968,1.042
119.998,1.039
120.028,1.045
120.058,1.041
120.088,1.040
120.118,1.042
120.148,1.044
120.178,1.043
120.208,1.042
120.238,1.045
120.268,1.043
120.298,1.044
120.328,1.045
120.358,1.044
120.388,1.044
120.418,1.042
120.448,1.046
120.478,1.041
120.508,1.044
120.538,1.042
120.568,1.040
120.598,1.047
120.628,1.042
120.658,1.044
120.688,1.044
120.718,1.042
120.748,1.043
120.778,1.047
120.808,1.044
120.838,1.040
120.868,1.043
120.898,1.044
120.928,1.042
120.958,1.041
120.988,1.043
121.018,1.042
121.048,1.043
121.078,1.042
121.108,1.045
121.138,1.043
121.168,1.046
121.198,1.042
121.228,1.041
121.258,1.042
121.288,1.041
121.318,1.040
121.348,1.041
121.378,1.044
121.408,1.041
121.438,1.044
121.468,1.040
121.498,1.044
121.528,1.043
121.558,1.046
121.588,1.045
121.618,1.042
121.648,1.045
121.678,1.043
121.708,1.044
121.738,1.043
121.768,1.046
121.798,1.041
121.828,1.045
121.858,1.044
121.888,1.044
121.918,1.044
121.948,1.043
121.978,1.041
122.008,1.044
122.038,1.044
122.068,1.046
122.098,1.043
122.128,1.042
122.158,1.041
122.188,1.045
122.218,1.043
122.248,1.041
122.278,1.043
122.308,1.045
122.338,1.043
122.368,1.040
122.398,1.040
122.428,1.047
122.458,1.042
122.488,1.042
122.518,1.042
122.548,1.042
122.578,1.046
122.608,1.044
122.638,1.039
122.668,1.044
122.698,1.045
122.728,1.040
122.758,1.046
122.788,1.042
122.818,1.039
122.848,1.044
122.878,1.043
122.908,1.044
122.938,1.043
122.968,1.041
122.998,1.041
123.028,1.038
123.058,1.040
123.088,1.046
123.118,1.042
123.148,1.047
123.178,1.044
123.208,1.038
123.238,1.040
123.268,1.043
123.298,1.045
123.328,1.041
123.358,1.042
123.388,1.043
123.418,1.039
123.448,1.042
123.478,1.047
123.508,1.040
123.538,1.043
123.568,1.044
123.598,1.042
123.628,1.042
123.658,1.045
123.688,1.040
123.718,1.042
123.748,1.044
123.778,1.041
123.808,1.042
123.838,1.038
123.868,1.042
123.898,1.043
123.928,1.046
123.958,1.041
123.988,1.041
124.018,1.044
124.048,1.043
124.078,1.043
124.108,1.042
124.138,1.046
124.168,1.044
124.198,1.046
124.228,1.044
124.258,1.045
124.288,1.045
124.318,1.045
124.348,1.039
124.378,1.043
124.408,1.042
124.438,1.044
124.468,1.042
124.498,1.041
124.528,1.043
124.558,1.042
124.588,1.044
124.618,1.045
124.648,1.044
124.678,1.041
124.708,1.046
124.738,1.045
124.768,1.045
124.798,1.043
124.828,1.041
124.858,1.044
124.888,1.043
124.918,1.042
124.948,1.042
124.978,1.046
125.008,1.046
125.038,1.045
125.068,1.041
125.098,1.042
125.128,1.043
125.158,1.042
125.188,1.048
125.218,1.040
125.248,1.042
125.278,1.043
125.308,1.041
125.338,1.045
125.368,1.043
125.398,1.042
125.428,1.042
125.458,1.043
125.488,1.045
125.518,1.044
125.548,1.042
125.578,1.043
125.608,1.045
125.638,1.046
125.668,1.040
125.698,1.043
125.728,1.044
125.758,1.044
125.788,1.041
125.818,1.047
125.848,1.041
125.878,1.045
125.908,1.046
125.938,1.043
125.968,1.048
125.998,1.041
126.028,1.043
126.058,1.046
126.088,1.047
126.118,1.041
126.148,1.047
126.178,1.046
126.208,1.039
126.238,1.044
126.268,1.045
126.298,1.040
126.328,1.040
126.358,1.047
126.388,1.045
126.418,1.041
126.448,1.042
126.478,1.045
126.508,1.045
126.538,1.045
126.568,1.039
126.598,1.044
126.628,1.042
126.658,1.043
126.688,1.045
126.718,1.043
126.748,1.042
126.778,1.042
126.808,1.043
126.838,1.046
126.868,1.047
126.898,1.040
126.928,1.043
126.958,1.041
126.988,1.039
127.018,1.044
127.048,1.043
127.078,1.042
127.108,1.043
127.138,1.041
127.168,1.044
127.198,1.045
127.228,1.044
127.258,1.044
127.288,1.044
127.318,1.044
127.348,1.043
127.378,1.043
127.408,1.044
127.438,1.042
127.468,1.041
127.498,1.044
127.528,1.045
127.558,1.044
127.588,1.042
127.618,1.046
127.648,1.042
127.678,1.044
127.708,1.049
127.738,1.047
127.768,1.040
127.798,1.042
127.828,1.045
127.858,1.043
127.888,1.043
127.918,1.046
127.948,1.042
127.978,1.042
128.008,1.043
128.038,1.041
128.068,1.044
128.098,1.043
128.128,1.042
128.158,1.046
128.188,1.045
128.218,1.045
128.248,1.045
128.278,1.043
128.308,1.044
128.338,1.043
128.368,1.046
128.398,1.047
128.428,1.042
128.458,1.044
128.488,1.047
128.518,1.042
128.548,1.046
128.578,1.045
128.608,1.045
128.638,1.045
128.668,1.042
128.698,1.045
128.728,1.044
128.758,1.045
128.788,1.043
128.818,1.046
128.848,1.045
128.878,1.040
128.908,1.043
128.938,1.044
128.968,1.042
128.998,1.045
129.028,1.044
129.058,1.045
129.088,1.043
129.118,1.044
129.148,1.043
129.178,1.041
129.208,1.038
129.238,1.044
129.268,1.047
129.298,1.047
129.328,1.045
129.358,1.042
129.388,1.049
129.418,1.039
129.448,1.044
129.478,1.044
129.508,1.047
129.538,1.042
129.568,1.044
129.598,1.045
129.628,1.041
129.658,1.044
129.688,1.043
129.718,1.046
129.748,1.044
129.778,1.045
129.808,1.046
129.838,1.048
129.868,1.039
129.898,1.042
129.928,1.042
129.958,1.046
129.988,1.045
130.018,1.043
130.048,1.042
130.078,1.046
130.108,1.043
130.138,1.042
130.168,1.045
130.198,1.045
130.228,1.045
130.258,1.042
130.288,1.045
130.318,1.043
130.348,1.043
130.378,1.046
130.408,1.043
130.438,1.043
130.468,1.045
130.498,1.044
130.528,1.044
130.558,1.046
130.588,1.045
130.618,1.038
130.648,1.044
130.678,1.043
130.708,1.045
130.738,1.045
130.768,1.042
130.798,1.045
130.828,1.044
130.858,1.045
130.888,1.046
130.918,1.043
130.948,1.042
130.978,1.047
131.008,1.044
131.038,1.048
131.068,1.047
131.098,1.041
131.128,1.040
131.158,1.043
131.188,1.041
131.218,1.042
131.248,1.042
131.278,1.045
131.308,1.045
131.338,1.045
131.368,1.046
131.398,1.043
131.428,1.043
131.458,1.048
131.488,1.046
131.518,1.044
131.548,1.046
131.578,1.046
131.608,1.046
131.638,1.044
131.668,1.043
131.698,1.045
131.728,1.048
131.758,1.042
131.788,1.044
131.818,1.042
131.848,1.040
131.878,1.044
131.908,1.049
131.938,1.045
131.968,1.044
131.998,1.047
132.028,1.042
132.058,1.043
132.088,1.043
132.118,1.044
132.148,1.039
132.178,1.046
132.208,1.047
132.238,1.041
132.268,1.042
132.298,1.045
132.328,1.046
132.358,1.042
132.388,1.046
132.418,1.043
132.448,1.045
132.478,1.044
132.508,1.044
132.538,1.045
132.568,1.044
132.598,1.044
132.628,1.042
132.658,1.044
132.688,1.046
132.718,1.048
132.748,1.047
132.778,1.044
132.808,1.046
132.838,1.042
132.868,1.041
132.898,1.045
132.928,1.046
132.958,1.045
132.988,1.047
133.018,1.046
133.048,1.042
133.078,1.044
133.108,1.046
133.138,1.040
133.168,1.045
133.198,1.046
133.228,1.043
133.258,1.046
133.288,1.048
133.318,1.045
133.348,1.047
133.378,1.040
133.408,1.042
133.438,1.042
133.468,1.045
133.498,1.044
133.528,1.045
133.558,1.046
133.588,1.046
133.618,1.045
133.648,1.045
133.678,1.045
133.708,1.044
133.738,1.050
133.768,1.043
133.798,1.045
133.828,1.043
133.858,1.041
133.888,1.043
133.918,1.046
133.948,1.043
133.978,1.046
134.008,1.045
134.038,1.045
134.068,1.045
134.098,1.043
134.128,1.045
134.158,1.040
134.188,1.039
134.218,1.044
134.248,1.045
134.278,1.044
134.308,1.042
134.338,1.041
134.368,1.040
134.398,1.044
134.428,1.050
134.458,1.045
134.488,1.039
134.518,1.038
134.548,1.044
134.578,1.048
134.608,1.045
134.638,1.048
134.668,1.042
134.698,1.042
134.728,1.044
134.758,1.045
134.788,1.043
134.818,1.048
134.848,1.046
134.878,1.043
134.908,1.045
134.938,1.047
134.968,1.044
134.998,1.044
135.028,1.041
135.058,1.044
135.088,1.043
135.118,1.044
135.148,1.042
135.178,1.038
135.208,1.044
135.238,1.044
135.268,1.046
135.298,1.040
135.328,1.042
135.358,1.049
135.388,1.044
135.418,1.041
135.448,1.043
135.478,1.041
135.508,1.045
135.538,1.045
135.568,1.045
135.598,1.043
135.628,1.042
135.658,1.041
135.688,1.042
135.718,1.045
135.748,1.048
135.778,1.050
135.808,1.047
135.838,1.044
135.868,1.046
135.898,1.042
135.928,1.042
135.958,1.048
135.988,1.046
136.018,1.043
136.048,1.046
136.078,1.046
136.108,1.041
136.138,1.046
136.168,1.042
136.198,1.044
136.228,1.044
136.258,1.047
136.288,1.043
136.318,1.046
136.348,1.044
136.378,1.039
136.408,1.045
136.438,1.043
136.468,1.043
136.498,1.044
136.528,1.045
136.558,1.044
136.588,1.043
136.618,1.044
136.648,1.045
136.678,1.047
136.708,1.044
136.738,1.039
136.768,1.038
136.798,1.051
136.828,1.045
136.858,1.047
136.888,1.044
136.918,1.043
136.948,1.044
136.978,1.040
137.008,1.046
137.038,1.046
137.068,1.051
137.098,1.044
137.128,1.045
137.158,1.045
137.188,1.042
137.218,1.045
137.248,1.045
137.278,1.046
137.308,1.046
137.338,1.047
137.368,1.043
137.398,1.047
137.428,1.041
137.458,1.044
137.488,1.044
137.518,1.041
137.548,1.037
137.578,1.043
137.608,1.044
137.638,1.048
137.668,1.044
137.698,1.043
137.728,1.043
137.758,1.044
137.788,1.045
137.818,1.047
137.848,1.042
137.878,1.045
137.908,1.043
137.938,1.043
137.968,1.038
137.998,1.048
138.028,1.047
138.058,1.043
138.088,1.043
138.118,1.041
138.148,1.044
138.178,1.043
138.208,1.044
138.238,1.048
138.268,1.045
138.298,1.043
138.328,1.044
138.358,1.043
138.388,1.044
138.418,1.045
138.448,1.042
138.478,1.041
138.508,1.040
138.538,1.041
138.568,1.048
138.598,1.041
138.628,1.043
138.658,1.042
138.688,1.044
138.718,1.048
138.748,1.042
138.778,1.045
138.808,1.045
138.838,1.043
138.868,1.046
138.898,1.043
138.928,1.044
138.958,1.048
138.988,1.042
139.018,1.045
139.048,1.044
139.078,1.041
139.108,1.049
139.138,1.047
139.168,1.040
139.198,1.041
139.228,1.044
139.258,1.043
139.288,1.037
139.318,1.042
139.348,1.045
139.378,1.041
139.408,1.044
139.438,1.045
139.468,1.042
139.498,1.039
139.528,1.043
139.558,1.045
139.588,1.047
139.618,1.048
139.648,1.041
139.678,1.048
139.708,1.044
139.738,1.045
139.768,1.045
139.798,1.045
139.828,1.037
139.858,1.047
139.888,1.041
139.918,1.042
139.948,1.048
139.978,1.046
140.008,1.040
140.038,1.047
140.068,1.044
140.098,1.045
140.128,1.043
140.158,1.047
140.188,1.045
140.218,1.042
140.248,1.046
140.278,1.042
140.308,1.046
140.338,1.041
140.368,1.046
140.398,1.046
140.428,1.040
140.458,1.043
140.488,1.046
140.518,1.043
140.548,1.041
140.578,1.044
140.608,1.044
140.638,1.050
140.668,1.043
140.698,1.045
140.728,1.044
140.758,1.044
140.788,1.044
140.818,1.046
140.848,1.041
140.878,1.041
140.908,1.045
140.938,1.043
140.968,1.042
140.998,1.045
141.028,1.043
141.058,1.043
141.088,1.044
141.118,1.039
141.148,1.045
141.178,1.044
141.208,1.046
141.238,1.045
141.268,1.045
141.298,1.042
141.328,1.045
141.358,1.042
141.388,1.045
141.418,1.043
141.448,1.046
141.478,1.045
141.508,1.044
141.538,1.044
141.568,1.047
141.598,1.048
141.628,1.047
141.658,1.042
141.688,1.042
141.718,1.043
141.748,1.044
141.778,1.044
141.808,1.044
141.838,1.047
141.868,1.045
141.898,1.044
141.928,1.045
141.958,1.047
141.988,1.046
142.018,1.045
142.048,1.044
142.078,1.045
142.108,1.044
142.138,1.040
142.168,1.041
142.198,1.043
142.228,1.047
142.258,1.047
142.288,1.046
142.318,1.044
142.348,1.045
142.378,1.046
142.408,1.047
142.438,1.044
142.468,1.043
142.498,1.044
142.528,1.046
142.558,1.043
142.588,1.044
142.618,1.046
142.648,1.044
142.678,1.045
142.708,1.041
142.738,1.045
142.768,1.044
142.798,1.043
142.828,1.048
142.858,1.043
142.888,1.043
142.918,1.047
142.948,1.044
142.978,1.043
143.008,1.046
143.038,1.045
143.068,1.045
143.098,1.045
143.128,1.043
143.158,1.043
143.188,1.043
143.218,1.044
143.248,1.047
143.278,1.044
143.308,1.045
143.338,1.045
143.368,1.045
143.398,1.044
143.428,1.046
143.458,1.050
143.488,1.045
143.518,1.043
143.548,1.046
143.578,1.044
143.608,1.041
143.638,1.044
143.668,1.045
143.698,1.043
143.728,1.045
143.758,1.044
143.788,1.042
143.818,1.044
143.848,1.045
143.878,1.043
143.908,1.045
143.938,1.047
143.968,1.042
143.998,1.048
144.028,1.047
144.058,1.046
144.088,1.046
144.118,1.045
144.148,1.047
144.178,1.044
144.208,1.043
144.238,1.045
144.268,1.046
144.298,1.044
144.328,1.040
144.358,1.044
144.388,1.046
144.418,1.045
144.448,1.046
144.478,1.045
144.508,1.047
144.538,1.043
144.568,1.041
144.598,1.046
144.628,1.044
144.658,1.047
144.688,1.045
144.718,1.044
144.748,1.044
144.778,1.042
144.808,1.045
144.838,1.046
144.868,1.044
144.898,1.043
144.928,1.046
144.958,1.044
144.988,1.044
145.018,1.048
145.048,1.043
145.078,1.049
145.108,1.046
145.138,1.045
145.168,1.043
145.198,1.045
145.228,1.045
145.258,1.047
145.288,1.045
145.318,1.044
145.348,1.045
145.378,1.047
145.408,1.042
145.438,1.044
145.468,1.047
145.498,1.045
145.528,1.044
145.558,1.045
145.588,1.044
145.618,1.045
145.648,1.042
145.678,1.046
145.708,1.046
145.738,1.043
145.768,1.043
145.798,1.045
145.828,1.043
145.858,1.043
145.888,1.043
145.918,1.046
145.948,1.045
145.978,1.045
146.008,1.047
146.038,1.045
146.068,1.042
146.098,1.044
146.128,1.045
146.158,1.045
146.188,1.045
146.218,1.046
146.248,1.043
146.278,1.041
146.308,1.043
146.338,1.045
146.368,1.044
146.398,1.044
146.428,1.047
146.458,1.045
146.488,1.044
146.518,1.044
146.548,1.048
146.578,1.047
146.608,1.042
146.638,1.043
146.668,1.044
146.698,1.048
146.728,1.049
146.758,1.045
146.788,1.043
146.818,1.044
146.848,1.046
146.878,1.044
146.908,1.042
146.938,1.045
146.968,1.044
146.998,1.047
147.028,1.044
147.058,1.045
147.088,1.050
147.118,1.048
147.148,1.044
147.178,1.047
147.208,1.045
147.238,1.044
147.268,1.045
147.298,1.044
147.328,1.047
147.358,1.048
147.388,1.045
147.418,1.046
147.448,1.043
147.478,1.043
147.508,1.046
147.538,1.046
147.568,1.048
147.598,1.045
147.628,1.043
147.658,1.048
147.688,1.043
147.718,1.049
147.748,1.046
147.778,1.049
147.808,1.045
147.838,1.044
147.868,1.045
147.898,1.046
147.928,1.045
147.958,1.043
147.988,1.045
148.018,1.046
148.048,1.046
148.078,1.045
148.108,1.045
148.138,1.044
148.168,1.046
148.198,1.047
148.228,1.044
148.258,1.046
148.288,1.044
148.318,1.044
148.348,1.047
148.378,1.045
148.408,1.047
148.438,1.045
148.468,1.047
148.498,1.045
148.528,1.045
148.558,1.046
148.588,1.044
148.618,1.049
148.648,1.047
148.678,1.045
148.708,1.041
148.738,1.048
148.768,1.045
148.798,1.046
148.828,1.044
148.858,1.045
148.888,1.044
148.918,1.049
148.948,1.046
148.978,1.044
149.008,1.047
149.038,1.046
149.068,1.045
149.098,1.043
149.128,1.043
149.158,1.051
149.188,1.044
149.218,1.047
149.248,1.047
149.278,1.047
149.308,1.045
149.338,1.046
149.368,1.044
149.398,1.045
149.428,1.046
149.458,1.050
149.488,1.041
149.518,1.050
149.548,1.046
149.578,1.043
149.608,1.042
149.638,1.044
149.668,1.043
149.698,1.043
149.728,1.044
149.758,1.044
149.788,1.046
149.818,1.042
149.848,1.048
149.878,1.045
149.908,1.044
149.938,1.042
149.968,1.042
149.998,1.046
150.028,1.047
150.058,1.047
150.088,1.042
150.118,1.045
150.148,1.045
150.178,1.045
150.208,1.047
150.238,1.046
150.268,1.049
150.298,1.045
150.328,1.048
150.358,1.043
150.388,1.043
150.418,1.050
150.448,1.046
150.478,1.045
150.508,1.044
150.538,1.046
150.568,1.049
150.598,1.047
150.628,1.045
150.658,1.049
150.688,1.046
150.718,1.045
150.748,1.045
150.778,1.042
150.808,1.044
150.838,1.044
150.868,1.045
150.898,1.047
150.928,1.044
150.958,1.045
150.988,1.044
151.018,1.042
151.048,1.048
151.078,1.049
151.108,1.042
151.138,1.045
151.168,1.045
151.198,1.041
151.228,1.046
151.258,1.046
151.288,1.045
151.318,1.044
151.348,1.044
151.378,1.047
151.408,1.044
151.438,1.049
151.468,1.044
151.498,1.046
151.528,1.049
151.558,1.045
151.588,1.044
151.618,1.047
151.648,1.046
151.678,1.043
151.708,1.045
151.738,1.047
151.768,1.046
151.798,1.050
151.828,1.046
151.858,1.045
151.888,1.047
151.918,1.045
151.948,1.044
151.978,1.049
152.008,1.044
152.038,1.044
152.068,1.042
152.098,1.046
152.128,1.045
152.158,1.048
152.188,1.046
152.218,1.039
152.248,1.047
152.278,1.049
152.308,1.049
152.338,1.043
152.368,1.045
152.398,1.046
152.428,1.044
152.458,1.047
152.488,1.047
152.518,1.047
152.548,1.045
152.578,1.040
152.608,1.042
152.638,1.049
152.668,1.047
152.698,1.045
152.728,1.046
152.758,1.046
152.788,1.046
152.818,1.046
152.848,1.046
152.878,1.041
152.908,1.047
152.938,1.049
152.968,1.041
152.998,1.043
153.028,1.044
153.058,1.045
153.088,1.045
153.118,1.047
153.148,1.044
153.178,1.045
153.208,1.045
153.238,1.046
153.268,1.045
153.298,1.046
153.328,1.043
153.358,1.044
153.388,1.046
153.418,1.047
153.448,1.049
153.478,1.043
153.508,1.045
153.538,1.048
153.568,1.044
153.598,1.046
153.628,1.045
153.658,1.043
153.688,1.046
153.718,1.046
153.748,1.042
153.778,1.044
153.808,1.045
153.838,1.046
153.868,1.044
153.898,1.046
153.928,1.047
153.958,1.043
153.988,1.044
154.018,1.045
154.048,1.045
154.078,1.050
154.108,1.047
154.138,1.045
154.168,1.042
154.198,1.047
154.228,1.045
154.258,1.047
154.288,1.044
154.318,1.047
154.348,1.044
154.378,1.046
154.408,1.048
154.438,1.041
154.468,1.047
154.498,1.046
154.528,1.045
154.558,1.045
154.588,1.044
154.618,1.046
154.648,1.045
154.678,1.046
154.708,1.047
154.738,1.046
154.768,1.047
154.798,1.048
154.828,1.045
154.858,1.046
154.888,1.047
154.918,1.045
154.948,1.049
154.978,1.043
155.008,1.044
155.038,1.047
155.068,1.048
155.098,1.045
155.128,1.045
155.158,1.046
155.188,1.046
155.218,1.046
155.248,1.046
155.278,1.048
155.308,1.045
155.338,1.046
155.368,1.046
155.398,1.045
155.428,1.046
155.458,1.046
155.488,1.044
155.518,1.046
155.548,1.044
155.578,1.046
155.608,1.047
155.638,1.048
155.668,1.047
155.698,1.048
155.728,1.043
155.758,1.049
155.788,1.048
155.818,1.046
155.848,1.045
155.878,1.050
155.908,1.046
155.938,1.045
155.968,1.047
155.998,1.047
156.028,1.046
156.058,1.044
156.088,1.047
156.118,1.042
156.148,1.046
156.178,1.048
156.208,1.043
156.238,1.047
156.268,1.046
156.298,1.046
156.328,1.044
156.358,1.044
156.388,1.046
156.418,1.044
156.448,1.045
156.478,1.044
156.508,1.045
156.538,1.047
156.568,1.047
156.598,1.045
156.628,1.043
156.658,1.044
156.688,1.046
156.718,1.044
156.748,1.045
156.778,1.047
156.808,1.045
156.838,1.047
156.868,1.047
156.898,1.043
156.928,1.046
156.958,1.050
156.988,1.041
157.018,1.045
157.048,1.048
157.078,1.045
157.108,1.046
157.138,1.045
157.168,1.046
157.198,1.044
157.228,1.044
157.258,1.050
157.288,1.047
157.318,1.047
157.348,1.051
157.378,1.044
157.408,1.048
157.438,1.048
157.468,1.045
157.498,1.046
157.528,1.046
157.558,1.045
157.588,1.044
157.618,1.048
157.648,1.050
157.678,1.044
157.708,1.042
157.738,1.048
157.768,1.043
157.798,1.043
157.828,1.047
157.858,1.048
157.888,1.045
157.918,1.045
157.948,1.045
157.978,1.044
158.008,1.047
158.038,1.046
158.068,1.044
158.098,1.045
158.128,1.049
158.158,1.044
158.188,1.047
158.218,1.046
158.248,1.045
158.278,1.048
158.308,1.047
158.338,1.046
158.368,1.046
158.398,1.046
158.428,1.048
158.458,1.045
158.488,1.048
158.518,1.046
158.548,1.045
158.578,1.046
158.608,1.046
158.638,1.041
158.668,1.048
158.698,1.042
158.728,1.043
158.758,1.047
158.788,1.044
158.818,1.047
158.848,1.045
158.878,1.044
158.908,1.044
158.938,1.047
158.968,1.047
158.998,1.046
159.028,1.042
159.058,1.045
159.088,1.044
159.118,1.048
159.148,1.047
159.178,1.043
159.208,1.046
159.238,1.049
159.268,1.047
159.298,1.046
159.328,1.044
159.358,1.045
159.388,1.043
159.418,1.049
159.448,1.043
159.478,1.043
159.508,1.049
159.538,1.046
159.568,1.046
159.598,1.048
159.628,1.047
159.658,1.046
159.688,1.045
159.718,1.044
159.748,1.046
159.778,1.047
159.808,1.047
159.838,1.042
159.868,1.045
159.898,1.047
159.928,1.045
159.958,1.045
159.988,1.045
160.018,1.044
160.048,1.046
160.078,1.048
160.108,1.049
160.138,1.046
160.168,1.047
160.198,1.048
160.228,1.042
160.258,1.046
160.288,1.044
160.318,1.045
160.348,1.043
160.378,1.048
160.408,1.047
160.438,1.043
160.468,1.044
160.498,1.046
160.528,1.046
160.558,1.046
160.588,1.047
160.618,1.044
160.648,1.043
160.678,1.046
160.708,1.050
160.738,1.045
160.768,1.043
160.798,1.048
160.828,1.044
160.858,1.045
160.888,1.051
160.918,1.044
160.948,1.045
160.978,1.048
161.008,1.047
161.038,1.045
161.068,1.048
161.098,1.048
161.128,1.047
161.158,1.046
161.188,1.047
161.218,1.048
161.248,1.049
161.278,1.047
161.308,1.047
161.338,1.048
161.368,1.046
161.398,1.043
161.428,1.046
161.458,1.051
161.488,1.047
161.518,1.047
161.548,1.045
161.578,1.047
161.608,1.048
161.638,1.051
161.668,1.046
161.698,1.043
161.728,1.046
161.758,1.045
161.788,1.044
161.818,1.046
161.848,1.041
161.878,1.046
161.908,1.048
161.938,1.048
161.968,1.048
161.998,1.048
162.028,1.045
162.058,1.046
162.088,1.047
162.118,1.049
162.148,1.047
162.178,1.048
162.208,1.046
162.238,1.048
162.268,1.044
162.298,1.050
162.328,1.046
162.358,1.044
162.388,1.043
162.418,1.045
162.448,1.047
162.478,1.044
162.508,1.046
162.538,1.047
162.568,1.048
162.598,1.045
162.628,1.045
162.658,1.048
162.688,1.049
162.718,1.042
162.748,1.046
162.778,1.043
162.808,1.043
162.838,1.047
162.868,1.046
162.898,1.044
162.928,1.043
162.958,1.045
162.988,1.046
163.018,1.042
163.048,1.047
163.078,1.048
163.108,1.046
163.138,1.046
163.168,1.043
163.198,1.046
163.228,1.044
163.258,1.049
163.288,1.044
163.318,1.045
163.348,1.047
163.378,1.045
163.408,1.044
163.438,1.044
163.468,1.045
163.498,1.047
163.528,1.050
163.558,1.045
163.588,1.048
163.618,1.046
163.648,1.045
163.678,1.045
163.708,1.045
163.738,1.048
163.768,1.047
163.798,1.047
163.828,1.045
163.858,1.047
163.888,1.048
163.918,1.049
163.948,1.045
163.978,1.043
164.008,1.047
164.038,1.049
164.068,1.047
164.098,1.048
164.128,1.046
164.158,1.044
164.188,1.046
164.218,1.047
164.248,1.046
164.278,1.050
164.308,1.045
164.338,1.045
164.368,1.045
164.398,1.042
164.428,1.046
164.458,1.046
164.488,1.045
164.518,1.048
164.548,1.047
164.578,1.044
164.608,1.046
164.638,1.049
164.668,1.045
164.698,1.048
164.728,1.049
164.758,1.050
164.788,1.048
164.818,1.044
164.848,1.046
164.878,1.051
164.908,1.046
164.938,1.049
164.968,1.046
164.998,1.048
165.028,1.049
165.058,1.046
165.088,1.042
165.118,1.045
165.148,1.047
165.178,1.045
165.208,1.046
165.238,1.044
165.268,1.051
165.298,1.044
165.328,1.044
165.358,1.044
165.388,1.045
165.418,1.048
165.448,1.050
165.478,1.048
165.508,1.048
165.538,1.048
165.568,1.048
165.598,1.047
165.628,1.043
165.658,1.046
165.688,1.046
165.718,1.047
165.748,1.045
165.778,1.050
165.808,1.048
165.838,1.046
165.868,1.050
165.898,1.049
165.928,1.046
165.958,1.048
165.988,1.050
166.018,1.044
166.048,1.045
166.078,1.047
166.108,1.047
166.138,1.048
166.168,1.049
166.198,1.047
166.228,1.046
166.258,1.051
166.288,1.046
166.318,1.048
166.348,1.047
166.378,1.045
166.408,1.047
166.438,1.047
166.468,1.050
166.498,1.047
166.528,1.048
166.558,1.045
166.588,1.045
166.618,1.047
166.648,1.049
166.678,1.044
166.708,1.050
166.738,1.046
166.768,1.043
166.798,1.051
166.828,1.047
166.858,1.045
166.888,1.046
166.918,1.049
166.948,1.049
166.978,1.047
167.008,1.045
167.038,1.047
167.068,1.045
167.098,1.049
167.128,1.050
167.158,1.048
167.188,1.042
167.218,1.047
167.248,1.050
167.278,1.051
167.308,1.048
167.338,1.047
167.368,1.048
167.398,1.046
167.428,1.051
167.458,1.045
167.488,1.050
167.518,1.046
167.548,1.045
167.578,1.045
167.608,1.046
167.638,1.046
167.668,1.048
167.698,1.046
167.728,1.049
167.758,1.047
167.788,1.047
167.818,1.048
167.848,1.047
167.878,1.045
167.908,1.048
167.938,1.047
167.968,1.047
167.998,1.044
168.028,1.050
168.058,1.051
168.088,1.050
168.118,1.047
168.148,1.046
168.178,1.047
168.208,1.047
168.238,1.050
168.268,1.046
168.298,1.045
168.328,1.048
168.358,1.049
168.388,1.044
168.418,1.045
168.448,1.049
168.478,1.047
168.508,1.047
168.538,1.046
168.568,1.047
168.598,1.046
168.628,1.045
168.658,1.049
168.688,1.049
168.718,1.050
168.748,1.047
168.778,1.044
168.808,1.046
168.838,1.050
168.868,1.047
168.898,1.047
168.928,1.047
168.958,1.047
168.988,1.047
169.018,1.053
169.048,1.051
169.078,1.047
169.108,1.049
169.138,1.047
169.168,1.045
169.198,1.046
169.228,1.046
169.258,1.047
169.288,1.045
169.318,1.047
169.348,1.045
169.378,1.044
169.408,1.047
169.438,1.049
169.468,1.049
169.498,1.045
169.528,1.048
169.558,1.048
169.588,1.047
169.618,1.048
169.648,1.047
169.678,1.047
169.708,1.045
169.738,1.047
169.768,1.048
169.798,1.047
169.828,1.051
169.858,1.044
169.888,1.049
169.918,1.050
169.948,1.045
169.978,1.049
170.008,1.049
170.038,1.043
170.068,1.047
170.098,1.049
170.128,1.046
170.158,1.045
170.188,1.048
170.218,1.047
170.248,1.048
170.278,1.051
170.308,1.045
170.338,1.048
170.368,1.046
170.398,1.049
170.428,1.048
170.458,1.047
170.488,1.049
170.518,1.049
170.548,1.047
170.578,1.048
170.608,1.049
170.638,1.048
170.668,1.051
170.698,1.050
170.728,1.046
170.758,1.047
170.788,1.046
170.818,1.046
170.848,1.046
170.878,1.046
170.908,1.048
170.938,1.045
170.968,1.050
170.998,1.051
171.028,1.048
171.058,1.050
171.088,1.049
171.118,1.047
171.148,1.045
171.178,1.046
171.208,1.049
171.238,1.045
171.268,1.045
171.298,1.048
171.328,1.048
171.358,1.048
171.388,1.047
171.418,1.047
171.448,1.049
171.478,1.048
171.508,1.048
171.538,1.046
171.568,1.047
171.598,1.045
171.628,1.046
171.658,1.043
171.688,1.046
171.718,1.047
171.748,1.050
171.778,1.046
171.808,1.047
171.838,1.045
171.868,1.050
171.898,1.051
171.928,1.046
171.958,1.049
171.988,1.043
172.018,1.049
172.048,1.050
172.078,1.045
172.108,1.048
172.138,1.046
172.168,1.045
172.198,1.046
172.228,1.048
172.258,1.046
172.288,1.048
172.318,1.047
172.348,1.051
172.378,1.043
172.408,1.049
172.438,1.048
172.468,1.043
172.498,1.048
172.528,1.045
172.558,1.046
172.588,1.047
172.618,1.047
172.648,1.048
172.678,1.046
172.708,1.047
172.738,1.047
172.768,1.045
172.798,1.048
172.828,1.046
172.858,1.040
172.888,1.048
172.918,1.043
172.948,1.048
172.978,1.052
173.008,1.047
173.038,1.050
173.068,1.049
173.098,1.048
173.128,1.046
173.158,1.051
173.188,1.044
173.218,1.049
173.248,1.050
173.278,1.045
173.308,1.049
173.338,1.049
173.368,1.048
173.398,1.045
173.428,1.047
173.458,1.047
173.488,1.049
173.518,1.048
173.548,1.049
173.578,1.050
173.608,1.044
173.638,1.047
173.668,1.045
173.698,1.049
173.728,1.046
173.758,1.047
173.788,1.047
173.818,1.046
173.848,1.048
173.878,1.049
173.908,1.048
173.938,1.049
173.968,1.049
173.998,1.049
174.028,1.047
174.058,1.046
174.088,1.049
174.118,1.048
174.148,1.049
174.178,1.049
174.208,1.044
174.238,1.047
174.268,1.046
174.298,1.046
174.328,1.049
174.358,1.047
174.388,1.046
174.418,1.047
174.448,1.048
174.478,1.051
174.508,1.047
174.538,1.046
174.568,1.046
174.598,1.048
174.628,1.044
174.658,1.049
174.688,1.048
174.718,1.046
174.748,1.047
174.778,1.047
174.808,1.046
174.838,1.046
174.868,1.049
174.898,1.047
174.928,1.046
174.958,1.046
174.988,1.048
175.018,1.049
175.048,1.049
175.078,1.046
175.108,1.046
175.138,1.048
175.168,1.046
175.198,1.047
175.228,1.051
175.258,1.047
175.288,1.049
175.318,1.047
175.348,1.048
175.378,1.050
175.408,1.046
175.438,1.046
175.468,1.047
175.498,1.050
175.528,1.049
175.558,1.046
175.588,1.043
175.618,1.042
175.648,1.050
175.678,1.051
175.708,1.048
175.738,1.048
175.768,1.048
175.798,1.047
175.828,1.046
175.858,1.047
175.888,1.047
175.918,1.046
175.948,1.046
175.978,1.049
176.008,1.043
176.038,1.049
176.068,1.046
176.098,1.042
176.128,1.048
176.158,1.046
176.188,1.048
176.218,1.051
176.248,1.046
176.278,1.044
176.308,1.047
176.338,1.048
176.368,1.050
176.398,1.045
176.428,1.043
176.458,1.047
176.488,1.052
176.518,1.052
176.548,1.049
176.578,1.045
176.608,1.048
176.638,1.047
176.668,1.046
176.698,1.045
176.728,1.047
176.758,1.046
176.788,1.053
176.818,1.048
176.848,1.044
176.878,1.046
176.908,1.046
176.938,1.046
176.968,1.045
176.998,1.046
177.028,1.048
177.058,1.048
177.088,1.048
177.118,1.050
177.148,1.046
177.178,1.046
177.208,1.046
177.238,1.047
177.268,1.050
177.298,1.047
177.328,1.046
177.358,1.046
177.388,1.049
177.418,1.047
177.448,1.047
177.478,1.047
177.508,1.047
177.538,1.045
177.568,1.050
177.598,1.047
177.628,1.046
177.658,1.042
177.688,1.049
177.718,1.048
177.748,1.046
177.778,1.045
177.808,1.049
177.838,1.044
177.868,1.047
177.898,1.048
177.928,1.049
177.958,1.046
177.988,1.046
178.018,1.047
178.048,1.048
178.078,1.047
178.108,1.048
178.138,1.047
178.168,1.044
178.198,1.047
178.228,1.048
178.258,1.043
178.288,1.046
178.318,1.044
178.348,1.049
178.378,1.051
178.408,1.045
178.438,1.047
178.468,1.049
178.498,1.049
178.528,1.048
178.558,1.048
178.588,1.046
178.618,1.051
178.648,1.046
178.678,1.047
178.708,1.048
178.738,1.048
178.768,1.051
178.798,1.051
178.828,1.051
178.858,1.051
178.888,1.047
178.918,1.046
178.948,1.050
178.978,1.050
179.008,1.049
179.038,1.045
179.068,1.048
179.098,1.046
179.128,1.047
179.158,1.047
179.188,1.051
179.218,1.049
179.248,1.047
179.278,1.049
179.308,1.048
179.338,1.049
179.368,1.047
179.398,1.047
179.428,1.050
179.458,1.051
179.488,1.042
179.518,1.051
179.548,1.046
179.578,1.042
179.608,1.048
179.638,1.048
179.668,1.047
179.698,1.047
179.728,1.047
179.758,1.043
179.788,1.048
179.818,1.048
179.848,1.048
179.878,1.050
179.908,1.048
179.938,1.048
179.968,1.047
179.998,1.049
180.028,1.050
180.058,1.051
180.088,1.048
180.118,1.044
180.148,1.048
180.178,1.047
180.208,1.048
180.238,1.045
180.268,1.046
180.298,1.052
180.328,1.047
180.358,1.046
180.388,1.048
180.418,1.047
180.448,1.047
180.478,1.046
180.508,1.048
180.538,1.051
180.568,1.050
180.598,1.051
180.628,1.048
180.658,1.051
180.688,1.048
180.718,1.050
180.748,1.046
180.778,1.046
180.808,1.045
180.838,1.049
180.868,1.047
180.898,1.050
180.928,1.046
180.958,1.047
180.988,1.046
181.018,1.052
181.048,1.044
181.078,1.047
181.108,1.048
181.138,1.048
181.168,1.047
181.198,1.046
181.228,1.049
181.258,1.047
181.288,1.048
181.318,1.052
181.348,1.046
181.378,1.047
181.408,1.050
181.438,1.051
181.468,1.048
181.498,1.048
181.528,1.047
181.558,1.047
181.588,1.047
181.618,1.048
181.648,1.046
181.678,1.051
181.708,1.048
181.738,1.050
181.768,1.048
181.798,1.047
181.828,1.051
181.858,1.052
181.888,1.045
181.918,1.048
181.948,1.050
181.978,1.048
182.008,1.049
182.038,1.049
182.068,1.047
182.098,1.048
182.128,1.048
182.158,1.046
182.188,1.048
182.218,1.049
182.248,1.051
182.278,1.048
182.308,1.051
182.338,1.047
182.368,1.047
182.398,1.047
182.428,1.049
182.458,1.047
182.488,1.049
182.518,1.044
182.548,1.047
182.578,1.050
182.608,1.049
182.638,1.050
182.668,1.048
182.698,1.046
182.728,1.048
182.758,1.048
182.788,1.049
182.818,1.053
182.848,1.048
182.878,1.050
182.908,1.050
182.938,1.047
182.968,1.048
182.998,1.048
183.028,1.046
183.058,1.050
183.088,1.050
183.118,1.049
183.148,1.048
183.178,1.046
183.208,1.046
183.238,1.049
183.268,1.051
183.298,1.047
183.328,1.049
183.358,1.047
183.388,1.050
183.418,1.049
183.448,1.050
183.478,1.052
183.508,1.046
183.538,1.048
183.568,1.052
183.598,1.050
183.628,1.048
183.658,1.051
183.688,1.047
183.718,1.047
183.748,1.047
183.778,1.047
183.808,1.048
183.838,1.051
183.868,1.048
183.898,1.045
183.928,1.050
183.958,1.050
183.988,1.047
184.018,1.047
184.048,1.049
184.078,1.047
184.108,1.048
184.138,1.046
184.168,1.049
184.198,1.047
184.228,1.049
184.258,1.048
184.288,1.048
184.318,1.048
184.348,1.050
184.378,1.047
184.408,1.048
184.438,1.046
184.468,1.048
184.498,1.049
184.528,1.049
184.558,1.047
184.588,1.051
184.618,1.047
184.648,1.050
184.678,1.049
184.708,1.047
184.738,1.049
184.768,1.048
184.798,1.046
184.828,1.050
184.858,1.048
184.888,1.047
184.918,1.051
184.948,1.051
184.978,1.048
185.008,1.050
185.038,1.048
185.068,1.049
185.098,1.049
185.128,1.049
185.158,1.049
185.188,1.047
185.218,1.044
185.248,1.047
185.278,1.049
185.308,1.050
185.338,1.048
185.368,1.048
185.398,1.048
185.428,1.047
185.458,1.050
185.488,1.049
185.518,1.049
185.548,1.054
185.578,1.045
185.608,1.048
185.638,1.049
185.668,1.047
185.698,1.049
185.728,1.052
185.758,1.046
185.788,1.048
185.818,1.051
185.848,1.047
185.878,1.050
185.908,1.048
185.938,1.048
185.968,1.049
185.998,1.046
186.028,1.048
186.058,1.050
186.088,1.049
186.118,1.047
186.148,1.055
186.178,1.047
186.208,1.049
186.238,1.050
186.268,1.054
186.298,1.048
186.328,1.052
186.358,1.047
186.388,1.047
186.418,1.051
186.448,1.049
186.478,1.045
186.508,1.047
186.538,1.051
186.568,1.047
186.598,1.049
186.628,1.051
186.658,1.047
186.688,1.047
186.718,1.049
186.748,1.049
186.778,1.050
186.808,1.049
186.838,1.049
186.868,1.047
186.898,1.046
186.928,1.049
186.958,1.046
186.988,1.049
187.018,1.050
187.048,1.045
187.078,1.048
187.108,1.053
187.138,1.048
187.168,1.046
187.198,1.048
187.228,1.047
187.258,1.047
187.288,1.049
187.318,1.053
187.348,1.045
187.378,1.050
187.408,1.050
187.438,1.045
187.468,1.047
187.498,1.046
187.528,1.051
187.558,1.048
187.588,1.049
187.618,1.046
187.648,1.047
187.678,1.046
187.708,1.050
187.738,1.049
187.768,1.048
187.798,1.047
187.828,1.045
187.858,1.049
187.888,1.048
187.918,1.045
187.948,1.047
187.978,1.053
188.008,1.050
188.038,1.050
188.068,1.051
188.098,1.043
188.128,1.055
188.158,1.047
188.188,1.049
188.218,1.049
188.248,1.047
188.278,1.050
188.308,1.047
188.338,1.047
188.368,1.049
188.398,1.048
188.428,1.049
188.458,1.052
188.488,1.048
188.518,1.047
188.548,1.046
188.578,1.046
188.608,1.048
188.638,1.045
188.668,1.051
188.698,1.047
188.728,1.049
188.758,1.049
188.788,1.049
188.818,1.048
188.848,1.049
188.878,1.047
188.908,1.046
188.938,1.049
188.968,1.050
188.998,1.050
189.028,1.048
189.058,1.047
189.088,1.046
189.118,1.048
189.148,1.047
189.178,1.046
189.208,1.052
189.238,1.049
189.268,1.048
189.298,1.050
189.328,1.052
189.358,1.048
189.388,1.047
189.418,1.050
189.448,1.047
189.478,1.047
189.508,1.048
189.538,1.050
189.568,1.047
189.598,1.049
189.628,1.050
189.658,1.049
189.688,1.048
189.718,1.047
189.748,1.048
189.778,1.047
189.808,1.053
189.838,1.048
189.868,1.050
189.898,1.051
189.928,1.045
189.958,1.049
189.988,1.047
190.018,1.050
190.048,1.048
190.078,1.049
190.108,1.048
190.138,1.047
190.168,1.050
190.198,1.046
190.228,1.051
190.258,1.050
190.288,1.050
190.318,1.049
190.348,1.047
190.378,1.047
190.408,1.049
190.438,1.048
190.468,1.049
190.498,1.046
190.528,1.047
190.558,1.048
190.588,1.048
190.618,1.049
190.648,1.052
190.678,1.045
190.708,1.046
190.738,1.051
190.768,1.044
190.798,1.046
190.828,1.049
190.858,1.045
190.888,1.046
190.918,1.049
190.948,1.046
190.978,1.048
191.008,1.048
191.038,1.050
191.068,1.051
191.098,1.048
191.128,1.046
191.158,1.048
191.188,1.049
191.218,1.051
191.248,1.048
191.278,1.048
191.308,1.047
191.338,1.048
191.368,1.050
191.398,1.050
191.428,1.045
191.458,1.049
191.488,1.052
191.518,1.046
191.548,1.050
191.578,1.048
191.608,1.045
191.638,1.046
191.668,1.049
191.698,1.051
191.728,1.049
191.758,1.045
191.788,1.048
191.818,1.050
191.848,1.052
191.878,1.050
191.908,1.049
191.938,1.048
191.968,1.046
191.998,1.051
192.028,1.047
192.058,1.048
192.088,1.048
192.118,1.049
192.148,1.048
192.178,1.048
192.208,1.052
192.238,1.047
192.268,1.049
192.298,1.049
192.328,1.047
192.358,1.048
192.388,1.049
192.418,1.042
192.448,1.049
192.478,1.047
192.508,1.048
192.538,1.051
192.568,1.049
192.598,1.052
192.628,1.048
192.658,1.050
192.688,1.049
192.718,1.049
192.748,1.042
192.778,1.047
192.808,1.046
192.838,1.049
192.868,1.050
192.898,1.050
192.928,1.046
192.958,1.050
192.988,1.047
193.018,1.051
193.048,1.050
193.078,1.049
193.108,1.048
193.138,1.049
193.168,1.050
193.198,1.050
193.228,1.047
193.258,1.046
193.288,1.049
193.318,1.050
193.348,1.050
193.378,1.048
193.408,1.049
193.438,1.050
193.468,1.048
193.498,1.047
193.528,1.049
193.558,1.049
193.588,1.046
193.618,1.044
193.648,1.050
193.678,1.051
193.708,1.048
193.738,1.046
193.768,1.047
193.798,1.045
193.828,1.046
193.858,1.047
193.888,1.046
193.918,1.048
193.948,1.051
193.978,1.047
194.008,1.046
194.038,1.045
194.068,1.049
194.098,1.049
194.128,1.048
194.158,1.050
194.188,1.049
194.218,1.048
194.248,1.048
194.278,1.049
194.308,1.050
194.338,1.046
194.368,1.051
194.398,1.045
194.428,1.049
194.458,1.048
194.488,1.045
194.518,1.052
194.548,1.048
194.578,1.050
194.608,1.050
194.638,1.048
194.668,1.049
194.698,1.049
194.728,1.049
194.758,1.047
194.788,1.049
194.818,1.048
194.848,1.049
194.878,1.051
194.908,1.050
194.938,1.047
194.968,1.050
194.998,1.048
195.028,1.046
195.058,1.048
195.088,1.049
195.118,1.047
195.148,1.049
195.178,1.050
195.208,1.049
195.238,1.049
195.268,1.047
195.298,1.050
195.328,1.049
195.358,1.052
195.388,1.045
195.418,1.051
195.448,1.050
195.478,1.050
195.508,1.047
195.538,1.047
195.568,1.055
195.598,1.049
195.628,1.048
195.658,1.051
195.688,1.048
195.718,1.051
195.748,1.052
195.778,1.048
195.808,1.048
195.838,1.049
195.868,1.045
195.898,1.046
195.928,1.051
195.958,1.049
195.988,1.052
196.018,1.052
196.048,1.049
196.078,1.045
196.108,1.045
196.138,1.048
196.168,1.049
196.198,1.048
196.228,1.049
196.258,1.051
196.288,1.051
196.318,1.051
196.348,1.050
196.378,1.052
196.408,1.046
196.438,1.045
196.468,1.051
196.498,1.053
196.528,1.045
196.558,1.051
196.588,1.051
196.618,1.049
196.648,1.046
196.678,1.046
196.708,1.046
196.738,1.048
196.768,1.048
196.798,1.051
196.828,1.050
196.858,1.049
196.888,1.047
196.918,1.051
196.948,1.048
196.978,1.049
197.008,1.046
197.038,1.048
197.068,1.047
197.098,1.052
197.128,1.052
197.158,1.049
197.188,1.051
197.218,1.047
197.248,1.048
197.278,1.046
197.308,1.046
197.338,1.051
197.368,1.052
197.398,1.046
197.428,1.044
197.458,1.049
197.488,1.046
197.518,1.052
197.548,1.052
197.578,1.048
197.608,1.046
197.638,1.050
197.668,1.049
197.698,1.046
197.728,1.050
197.758,1.051
197.788,1.050
197.818,1.050
197.848,1.042
197.878,1.049
197.908,1.049
197.938,1.049
197.968,1.054
197.998,1.051
198.028,1.052
198.058,1.050
198.088,1.052
198.118,1.050
198.148,1.052
198.178,1.047
198.208,1.052
198.238,1.045
198.268,1.046
198.298,1.046
198.328,1.049
198.358,1.052
198.388,1.050
198.418,1.048
198.448,1.050
198.478,1.048
198.508,1.048
198.538,1.049
198.568,1.048
198.598,1.051
198.628,1.049
198.658,1.047
198.688,1.049
198.718,1.049
198.748,1.050
198.778,1.049
198.808,1.053
198.838,1.048
198.868,1.047
198.898,1.051
198.928,1.047
198.958,1.051
198.988,1.056
199.018,1.046
199.048,1.048
199.078,1.051
199.108,1.048
199.138,1.052
199.168,1.048
199.198,1.046
199.228,1.046
199.258,1.047
199.288,1.047
199.318,1.046
199.348,1.051
199.378,1.051
199.408,1.050
199.438,1.049
199.468,1.052
199.498,1.050
199.528,1.049
199.558,1.046
199.588,1.054
199.618,1.049
199.648,1.048
199.678,1.049
199.708,1.050
199.738,1.047
199.768,1.049
199.798,1.053
199.828,1.053
199.858,1.047
199.888,1.052
199.918,1.049
199.948,1.047
199.978,1.049
200.008,1.047
200.038,1.049
200.068,1.048
200.098,1.049
200.128,1.047
200.158,1.051
200.188,1.049
200.218,1.048
200.248,1.048
200.278,1.047
200.308,1.048
200.338,1.049
200.368,1.052
200.398,1.049
200.428,1.049
200.458,1.051
200.488,1.046
200.518,1.049
200.548,1.047
200.578,1.050
200.608,1.048
200.638,1.051
200.668,1.045
200.698,1.048
200.728,1.049
200.758,1.048
200.788,1.050
200.818,1.048
200.848,1.049
200.878,1.046
200.908,1.044
200.938,1.045
200.968,1.046
200.998,1.046
201.028,1.048
201.058,1.052
201.088,1.050
201.118,1.050
201.148,1.050
201.178,1.048
201.208,1.050
201.238,1.048
201.268,1.044
201.298,1.045
201.328,1.052
201.358,1.044
201.388,1.051
201.418,1.049
201.448,1.046
201.478,1.050
201.508,1.050
201.538,1.049
201.568,1.048
201.598,1.048
201.628,1.048
201.658,1.046
201.688,1.049
201.718,1.049
201.748,1.047
201.778,1.049
201.808,1.051
201.838,1.048
201.868,1.048
201.898,1.044
201.928,1.048
201.958,1.047
201.988,1.051
202.018,1.051
202.048,1.050
202.078,1.044
202.108,1.048
202.138,1.048
202.168,1.051
202.198,1.051
202.228,1.045
202.258,1.047
202.288,1.050
202.318,1.047
202.348,1.050
202.378,1.047
202.408,1.051
202.438,1.052
202.468,1.049
202.498,1.049
202.528,1.048
202.558,1.049
202.588,1.050
202.618,1.052
202.648,1.052
202.678,1.048
202.708,1.047
202.738,1.049
202.768,1.050
202.798,1.048
202.828,1.050
202.858,1.044
202.888,1.049
202.918,1.051
202.948,1.052
202.978,1.050
203.008,1.048
203.038,1.044
203.068,1.046
203.098,1.049
203.128,1.048
203.158,1.048
203.188,1.049
203.218,1.053
203.248,1.047
203.278,1.049
203.308,1.049
203.338,1.051
203.368,1.050
203.398,1.051
203.428,1.048
203.458,1.052
203.488,1.051
203.518,1.051
203.548,1.052
203.578,1.048
203.608,1.050
203.638,1.054
203.668,1.050
203.698,1.049
203.728,1.047
203.758,1.050
203.788,1.053
203.818,1.047
203.848,1.047
203.878,1.047
203.908,1.049
203.938,1.050
203.968,1.050
203.998,1.050
204.028,1.047
204.058,1.049
204.088,1.046
204.118,1.046
204.148,1.047
204.178,1.051
204.208,1.048
204.238,1.050
204.268,1.051
204.298,1.051
204.328,1.048
204.358,1.048
204.388,1.047
204.418,1.050
204.448,1.046
204.478,1.049
204.508,1.046
204.538,1.049
204.568,1.053
204.598,1.051
204.628,1.051
204.658,1.050
204.688,1.046
204.718,1.051
204.748,1.048
204.778,1.051
204.808,1.050
204.838,1.049
204.868,1.050
204.898,1.049
204.928,1.047
204.958,1.050
204.988,1.049
205.018,1.047
205.048,1.045
205.078,1.046
205.108,1.050
205.138,1.047
205.168,1.046
205.198,1.050
205.228,1.049
205.258,1.049
205.288,1.052
205.318,1.052
205.348,1.047
205.378,1.046
205.408,1.049
205.438,1.050
205.468,1.052
205.498,1.049
205.528,1.044
205.558,1.054
205.588,1.049
205.618,1.048
205.648,1.050
205.678,1.049
205.708,1.046
205.738,1.048
205.768,1.048
205.798,1.049
205.828,1.051
205.858,1.050
205.888,1.047
205.918,1.052
205.948,1.049
205.978,1.050
206.008,1.049
206.038,1.047
206.068,1.049
206.098,1.050
206.128,1.049
206.158,1.046
206.188,1.051
206.218,1.048
206.248,1.050
206.278,1.051
206.308,1.051
206.338,1.053
206.368,1.047
206.398,1.047
206.428,1.050
206.458,1.053
206.488,1.050
206.518,1.047
206.548,1.049
206.578,1.045
206.608,1.047
206.638,1.050
206.668,1.048
206.698,1.046
206.728,1.052
206.758,1.047
206.788,1.048
206.818,1.049
206.848,1.046
206.878,1.051
206.908,1.050
206.938,1.050
206.968,1.052
206.998,1.050
207.028,1.051
207.058,1.048
207.088,1.045
207.118,1.049
207.148,1.049
207.178,1.048
207.208,1.048
207.238,1.050
207.268,1.050
207.298,1.045
207.328,1.050
207.358,1.050
207.388,1.049
207.418,1.052
207.448,1.049
207.478,1.046
207.508,1.048
207.538,1.045
207.568,1.048
207.598,1.049
207.628,1.053
207.658,1.055
207.688,1.048
207.718,1.049
207.748,1.052
207.778,1.050
207.808,1.052
207.838,1.051
207.868,1.051
207.898,1.049
207.928,1.047
207.958,1.050
207.988,1.050
208.018,1.052
208.048,1.047
208.078,1.048
208.108,1.051
208.138,1.048
208.168,1.047
208.198,1.051
208.228,1.046
208.258,1.052
208.288,1.049
208.318,1.046
208.348,1.049
208.378,1.046
208.408,1.049
208.438,1.049
208.468,1.048
208.498,1.048
208.528,1.047
208.558,1.049
208.588,1.050
208.618,1.051
208.648,1.048
208.678,1.050
208.708,1.050
208.738,1.044
208.768,1.051
208.798,1.050
208.828,1.051
208.858,1.044
208.888,1.050
208.918,1.048
208.948,1.049
208.978,1.052
209.008,1.047
209.038,1.048
209.068,1.048
209.098,1.050
209.128,1.047
209.158,1.054
209.188,1.049
209.218,1.049
209.248,1.052
209.278,1.050
209.308,1.046
209.338,1.052
209.368,1.049
209.398,1.049
209.428,1.052
209.458,1.050
209.488,1.050
209.518,1.048
209.548,1.049
209.578,1.052
209.608,1.052
209.638,1.048
209.668,1.048
209.698,1.049
209.728,1.051
209.758,1.049
209.788,1.051
209.818,1.051
209.848,1.049
209.878,1.051
209.908,1.049
209.938,1.051
209.968,1.050
209.998,1.047
210.028,1.047
210.058,1.048
210.088,1.049
210.118,1.047
210.148,1.048
210.178,1.051
210.208,1.047
210.238,1.050
210.268,1.050
210.298,1.050
210.328,1.051
210.358,1.049
210.388,1.051
210.418,1.049
210.448,1.047
210.478,1.048
210.508,1.050
210.538,1.049
210.568,1.051
210.598,1.045
210.628,1.049
210.658,1.051
210.688,1.048
210.718,1.047
210.748,1.044
210.778,1.054
210.808,1.051
210.838,1.052
210.868,1.049
210.898,1.046
210.928,1.048
210.958,1.048
210.988,1.053
211.018,1.050
211.048,1.050
211.078,1.049
211.108,1.053
211.138,1.049
211.168,1.049
211.198,1.049
211.228,1.048
211.258,1.046
211.288,1.053
211.318,1.051
211.348,1.049
211.378,1.049
211.408,1.051
211.438,1.050
211.468,1.048
211.498,1.050
211.528,1.050
211.558,1.050
211.588,1.047
211.618,1.048
211.648,1.049
211.678,1.047
211.708,1.049
211.738,1.050
211.768,1.052
211.798,1.048
211.828,1.049
211.858,1.047
211.888,1.048
211.918,1.046
211.948,1.049
211.978,1.049
212.008,1.045
212.038,1.048
212.068,1.047
212.098,1.047
212.128,1.046
212.158,1.048
212.188,1.048
212.218,1.048
212.248,1.051
212.278,1.050
212.308,1.051
212.338,1.049
212.368,1.046
212.398,1.050
212.428,1.050
212.458,1.054
212.488,1.051
212.518,1.048
212.548,1.050
212.578,1.049
212.608,1.051
212.638,1.051
212.668,1.052
212.698,1.047
212.728,1.046
212.758,1.049
212.788,1.053
212.818,1.047
212.848,1.050
212.878,1.048
212.908,1.050
212.938,1.049
212.968,1.050
212.998,1.052
213.028,1.046
213.058,1.048
213.088,1.050
213.118,1.050
213.148,1.053
213.178,1.048
213.208,1.047
213.238,1.051
213.268,1.052
213.298,1.049
213.328,1.050
213.358,1.049
213.388,1.050
213.418,1.052
213.448,1.050
213.478,1.049
213.508,1.050
213.538,1.049
213.568,1.049
213.598,1.046
213.628,1.048
213.658,1.051
213.688,1.050
213.718,1.052
213.748,1.048
213.778,1.047
213.808,1.050
213.838,1.048
213.868,1.049
213.898,1.052
213.928,1.053
213.958,1.047
213.988,1.050
214.018,1.047
214.048,1.048
214.078,1.050
214.108,1.047
214.138,1.044
214.168,1.051
214.198,1.049
214.228,1.049
214.258,1.045
214.288,1.050
214.318,1.048
214.348,1.047
214.378,1.052
214.408,1.046
214.438,1.050
214.468,1.052
214.498,1.051
214.528,1.048
214.558,1.049
214.588,1.051
214.618,1.047
214.648,1.051
214.678,1.046
214.708,1.047
214.738,1.049
214.768,1.052
214.798,1.047
214.828,1.050
214.858,1.049
214.888,1.049
214.918,1.045
214.948,1.049
214.978,1.049
215.008,1.051
215.038,1.051
215.068,1.049
215.098,1.052
215.128,1.048
215.158,1.047
215.188,1.050
215.218,1.049
215.248,1.048
215.278,1.049
215.308,1.048
215.338,1.055
215.368,1.048
215.398,1.052
215.428,1.053
215.458,1.052
215.488,1.049
215.518,1.051
215.548,1.048
215.578,1.047
215.608,1.053
215.638,1.047
215.668,1.049
215.698,1.053
215.728,1.049
215.758,1.049
215.788,1.048
215.818,1.048
215.848,1.051
215.878,1.048
215.908,1.048
215.938,1.049
215.968,1.048
215.998,1.050
216.028,1.049
216.058,1.048
216.088,1.046
216.118,1.050
216.148,1.049
216.178,1.049
216.208,1.051
216.238,1.052
216.268,1.052
216.298,1.049
216.328,1.050
216.358,1.051
216.388,1.052
216.418,1.049
216.448,1.047
216.478,1.052
216.508,1.048
216.538,1.049
216.568,1.046
216.598,1.052
216.628,1.051
216.658,1.049
216.688,1.049
216.718,1.046
216.748,1.047
216.778,1.049
216.808,1.053
216.838,1.052
216.868,1.050
216.898,1.046
216.928,1.049
216.958,1.050
216.988,1.052
217.018,1.052
217.048,1.049
217.078,1.049
217.108,1.048
217.138,1.048
217.168,1.048
217.198,1.045
217.228,1.048
217.258,1.054
217.288,1.051
217.318,1.049
217.348,1.049
217.378,1.051
217.408,1.049
217.438,1.047
217.468,1.051
217.498,1.054
217.528,1.046
217.558,1.051
217.588,1.047
217.618,1.051
217.648,1.049
217.678,1.048
217.708,1.048
217.738,1.048
217.768,1.051
217.798,1.051
217.828,1.047
217.858,1.051
217.888,1.050
217.918,1.049
217.948,1.046
217.978,1.044
218.008,1.049
218.038,1.050
218.068,1.050
218.098,1.050
218.128,1.050
218.158,1.050
218.188,1.049
218.218,1.049
218.248,1.052
218.278,1.046
218.308,1.049
218.338,1.051
218.368,1.048
218.398,1.053
218.428,1.050
218.458,1.049
218.488,1.047
218.518,1.047
218.548,1.048
218.578,1.050
218.608,1.050
218.638,1.050
218.668,1.050
218.698,1.051
218.728,1.050
218.758,1.050
218.788,1.046
218.818,1.049
218.848,1.050
218.878,1.050
218.908,1.051
218.938,1.049
218.968,1.048
218.998,1.048
219.028,1.052
219.058,1.051
219.088,1.052
219.118,1.047
219.148,1.048
219.178,1.051
219.208,1.049
219.238,1.049
219.268,1.053
219.298,1.048
219.328,1.048
219.358,1.047
219.388,1.052
219.418,1.049
219.448,1.048
219.478,1.049
219.508,1.051
219.538,1.049
219.568,1.047
219.598,1.049
219.628,1.047
219.658,1.048
219.688,1.050
219.718,1.047
219.748,1.049
219.778,1.051
219.808,1.046
219.838,1.050
219.868,1.051
219.898,1.048
219.928,1.051
219.958,1.048
219.988,1.047
220.018,1.049
220.048,1.051
220.078,1.051
220.108,1.049
220.138,1.050
220.168,1.048
220.198,1.046
220.228,1.048
220.258,1.049
220.288,1.049
220.318,1.049
220.348,1.050
220.378,1.052
220.408,1.049
220.438,1.048
220.468,1.049
220.498,1.053
220.528,1.048
220.558,1.049
220.588,1.050
220.618,1.049
220.648,1.049
220.678,1.050
220.708,1.048
220.738,1.052
220.768,1.050
220.798,1.052
220.828,1.050
220.858,1.049
220.888,1.048
220.918,1.053
220.948,1.049
220.978,1.051
221.008,1.053
221.038,1.043
221.068,1.051
221.098,1.052
221.128,1.045
221.158,1.046
221.188,1.049
221.218,1.047
221.248,1.050
221.278,1.049
221.308,1.049
221.338,1.049
221.368,1.051
221.398,1.052
221.428,1.051
221.458,1.050
221.488,1.048
221.518,1.050
221.548,1.046
221.578,1.051
221.608,1.047
221.638,1.049
221.668,1.049
221.698,1.049
221.728,1.050
221.758,1.051
221.788,1.052
221.818,1.051
221.848,1.048
221.878,1.049
221.908,1.050
221.938,1.049
221.968,1.046
221.998,1.050
222.028,1.048
222.058,1.048
222.088,1.048
222.118,1.049
222.148,1.048
222.178,1.051
222.208,1.048
222.238,1.048
222.268,1.050
222.298,1.050
222.328,1.052
222.358,1.047
222.388,1.045
222.418,1.048
222.448,1.048
222.478,1.049
222.508,1.046
222.538,1.052
222.568,1.051
222.598,1.048
222.628,1.049
222.658,1.047
222.688,1.051
222.718,1.051
222.748,1.051
222.778,1.051
222.808,1.049
222.838,1.046
222.868,1.052
222.898,1.045
222.928,1.047
222.958,1.051
222.988,1.050
223.018,1.051
223.048,1.051
223.078,1.053
223.108,1.054
223.138,1.048
223.168,1.048
223.198,1.044
223.228,1.047
223.258,1.049
223.288,1.050
223.318,1.053
223.348,1.048
223.378,1.050
223.408,1.051
223.438,1.053
223.468,1.048
223.498,1.049
223.528,1.047
223.558,1.049
223.588,1.050
223.618,1.051
223.648,1.046
223.678,1.046
223.708,1.050
223.738,1.046
223.768,1.052
223.798,1.049
223.828,1.045
223.858,1.052
223.888,1.051
223.918,1.053
223.948,1.048
223.978,1.045
224.008,1.048
224.038,1.055
224.068,1.050
224.098,1.054
224.128,1.048
224.158,1.042
224.188,1.044
224.218,1.054
224.248,1.052
224.278,1.051
224.308,1.049
224.338,1.045
224.368,1.050
224.398,1.049
224.428,1.049
224.458,1.052
224.488,1.052
224.518,1.044
224.548,1.050
224.578,1.048
224.608,1.045
224.638,1.051
224.668,1.050
224.698,1.048
224.728,1.050
224.758,1.051
224.788,1.051
224.818,1.047
224.848,1.052
224.878,1.049
224.908,1.051
224.938,1.049
224.968,1.051
224.998,1.049
225.028,1.050
225.058,1.048
225.088,1.050
225.118,1.049
225.148,1.049
225.178,1.048
225.208,1.048
225.238,1.052
225.268,1.050
225.298,1.050
225.328,1.047
225.358,1.046
225.388,1.055
225.418,1.048
225.448,1.050
225.478,1.048
225.508,1.047
225.538,1.049
225.568,1.048
225.598,1.050
225.628,1.052
225.658,1.050
225.688,1.052
225.718,1.054
225.748,1.051
225.778,1.051
225.808,1.047
225.838,1.048
225.868,1.050
225.898,1.053
225.928,1.046
225.958,1.050
225.988,1.054
226.018,1.049
226.048,1.052
226.078,1.051
226.108,1.045
226.138,1.050
226.168,1.051
226.198,1.050
226.228,1.050
226.258,1.050
226.288,1.050
226.318,1.050
226.348,1.051
226.378,1.048
226.408,1.052
226.438,1.047
226.468,1.048
226.498,1.048
226.528,1.053
226.558,1.050
226.588,1.047
226.618,1.052
226.648,1.049
226.678,1.049
226.708,1.051
226.738,1.050
226.768,1.048
226.798,1.053
226.828,1.051
226.858,1.049
226.888,1.052
226.918,1.053
226.948,1.048
226.978,1.046
227.008,1.049
227.038,1.050
227.068,1.050
227.098,1.048
227.128,1.052
227.158,1.050
227.188,1.045
227.218,1.048
227.248,1.049
227.278,1.050
227.308,1.053
227.338,1.051
227.368,1.047
227.398,1.051
227.428,1.051
227.458,1.049
227.488,1.054
227.518,1.052
227.548,1.051
227.578,1.051
227.608,1.053
227.638,1.049
227.668,1.051
227.698,1.050
227.728,1.050
227.758,1.051
227.788,1.048
227.818,1.043
227.848,1.051
227.878,1.049
227.908,1.046
227.938,1.048
227.968,1.049
227.998,1.044
228.028,1.049
228.058,1.049
228.088,1.050
228.118,1.053
228.148,1.056
228.178,1.055
228.208,1.045
228.238,1.052
228.268,1.050
228.298,1.047
228.328,1.048
228.358,1.050
228.388,1.055
228.418,1.052
228.448,1.046
228.478,1.050
228.508,1.048
228.538,1.049
228.568,1.050
228.598,1.052
228.628,1.056
228.658,1.048
228.688,1.051
228.718,1.050
228.748,1.053
228.778,1.052
228.808,1.048
228.838,1.048
228.868,1.051
228.898,1.051
228.928,1.052
228.958,1.048
228.988,1.053
229.018,1.055
229.048,1.054
229.078,1.048
229.108,1.046
229.138,1.051
229.168,1.047
229.198,1.049
229.228,1.053
229.258,1.048
229.288,1.051
229.318,1.047
229.348,1.045
229.378,1.051
229.408,1.055
229.438,1.046
229.468,1.052
229.498,1.050
229.528,1.048
229.558,1.051
229.588,1.050
229.618,1.050
229.648,1.052
229.678,1.051
229.708,1.049
229.738,1.049
229.768,1.048
229.798,1.050
229.828,1.049
229.858,1.048
229.888,1.051
229.918,1.051
229.948,1.052
229.978,1.050
230.008,1.051
230.038,1.051
230.068,1.053
230.098,1.050
230.128,1.050
230.158,1.050
230.188,1.049
230.218,1.046
230.248,1.050
230.278,1.053
230.308,1.049
230.338,1.049
230.368,1.051
230.398,1.047
230.428,1.053
230.458,1.050
230.488,1.050
230.518,1.052
230.548,1.049
230.578,1.051
230.608,1.054
230.638,1.052
230.668,1.050
230.698,1.049
230.728,1.049
230.758,1.048
230.788,1.047
230.818,1.051
230.848,1.050
230.878,1.050
230.908,1.052
230.938,1.049
230.968,1.046
230.998,1.049
231.028,1.051
231.058,1.050
231.088,1.050
231.118,1.048
231.148,1.050
231.178,1.048
231.208,1.052
231.238,1.050
231.268,1.049
231.298,1.052
231.328,1.052
231.358,1.049
231.388,1.049
231.418,1.050
231.448,1.050
231.478,1.049
231.508,1.048
231.538,1.052
231.568,1.051
231.598,1.050
231.628,1.053
231.658,1.050
231.688,1.050
231.718,1.054
231.748,1.048
231.778,1.049
231.808,1.054
231.838,1.049
231.868,1.048
231.898,1.046
231.928,1.049
231.958,1.051
231.988,1.049
232.018,1.050
232.048,1.048
232.078,1.049
232.108,1.048
232.138,1.051
232.168,1.051
232.198,1.048
232.228,1.053
232.258,1.051
232.288,1.045
232.318,1.045
232.348,1.054
232.378,1.051
232.408,1.049
232.438,1.051
232.468,1.050
232.498,1.049
232.528,1.052
232.558,1.047
232.588,1.049
232.618,1.051
232.648,1.049
232.678,1.052
232.708,1.053
232.738,1.047
232.768,1.048
232.798,1.049
232.828,1.048
232.858,1.055
232.888,1.055
232.918,1.050
232.948,1.048
232.978,1.049
233.008,1.045
233.038,1.056
233.068,1.050
233.098,1.049
233.128,1.048
233.158,1.050
233.188,1.054
233.218,1.049
233.248,1.055
233.278,1.051
233.308,1.052
233.338,1.057
233.368,1.052
233.398,1.057
233.428,1.048
233.458,1.048
233.488,1.050
233.518,1.048
233.548,1.045
233.578,1.050
233.608,1.052
233.638,1.048
233.668,1.057
233.698,1.057
233.728,1.054
233.758,1.047
233.788,1.052
233.818,1.052
233.848,1.050
233.878,1.046
233.908,1.052
233.938,1.050
233.968,1.053
233.998,1.054
234.028,1.045
234.058,1.048
234.088,1.048
234.118,1.054
234.148,1.052
234.178,1.051
234.208,1.047
234.238,1.053
234.268,1.051
234.298,1.053
234.328,1.050
234.358,1.050
234.388,1.051
234.418,1.054
234.448,1.056
234.478,1.054
234.508,1.048
234.538,1.052
234.568,1.053
234.598,1.050
234.628,1.049
234.658,1.051
234.688,1.048
234.718,1.054
234.748,1.052
234.778,1.053
234.808,1.054
234.838,1.052
234.868,1.056
234.898,1.047
234.928,1.047
234.958,1.050
234.988,1.052
235.018,1.049
235.048,1.052
235.078,1.051
235.108,1.055
235.138,1.052
235.168,1.054
235.198,1.054
235.228,1.045
235.258,1.051
235.288,1.053
235.318,1.052
235.348,1.050
235.378,1.048
235.408,1.048
235.438,1.048
235.468,1.054
235.498,1.051
235.528,1.052
235.558,1.051
235.588,1.051
235.618,1.049
235.648,1.051
235.678,1.049
235.708,1.050
235.738,1.050
235.768,1.053
235.798,1.053
235.828,1.048
235.858,1.048
235.888,1.046
235.918,1.044
235.948,1.055
235.978,1.056
236.008,1.048
236.038,1.049
236.068,1.053
236.098,1.048
236.128,1.046
236.158,1.058
236.188,1.057
236.218,1.047
236.248,1.051
236.278,1.053
236.308,1.050
236.338,1.050
236.368,1.050
236.398,1.049
236.428,1.049
236.458,1.050
236.488,1.050
236.518,1.048
236.548,1.052
236.578,1.049
236.608,1.052
236.638,1.052
236.668,1.049
236.698,1.049
236.728,1.050
236.758,1.045
236.788,1.052
236.818,1.048
236.848,1.057
236.878,1.052
236.908,1.048
236.938,1.047
236.968,1.049
236.998,1.054
237.028,1.052
237.058,1.052
237.088,1.056
237.118,1.053
237.148,1.050
237.178,1.045
237.208,1.053
237.238,1.050
237.268,1.051
237.298,1.054
237.328,1.046
237.358,1.047
237.388,1.051
237.418,1.050
237.448,1.053
237.478,1.051
237.508,1.048
237.538,1.050
237.568,1.050
237.598,1.046
237.628,1.048
237.658,1.050
237.688,1.048
237.718,1.051
237.748,1.052
237.778,1.054
237.808,1.052
237.838,1.049
237.868,1.043
237.898,1.049
237.928,1.054
237.958,1.054
237.988,1.051
238.018,1.052
238.048,1.053
238.078,1.048
238.108,1.050
238.138,1.049
238.168,1.051
238.198,1.052
238.228,1.050
238.258,1.049
238.288,1.048
238.318,1.050
238.348,1.053
238.378,1.052
238.408,1.049
238.438,1.052
238.468,1.048
238.498,1.050
238.528,1.053
238.558,1.053
238.588,1.052
238.618,1.052
238.648,1.048
238.678,1.047
238.708,1.050
238.738,1.050
238.768,1.050
238.798,1.052
238.828,1.052
238.858,1.053
238.888,1.052
238.918,1.053
238.948,1.048
238.978,1.051
239.008,1.053
239.038,1.047
239.068,1.053
239.098,1.050
239.128,1.047
239.158,1.053
239.188,1.051
239.218,1.048
239.248,1.048
239.278,1.050
239.308,1.052
239.338,1.052
239.368,1.048
239.398,1.053
239.428,1.051
239.458,1.053
239.488,1.050
239.518,1.049
239.548,1.050
239.578,1.049
239.608,1.053
239.638,1.052
239.668,1.051
239.698,1.054
239.728,1.053
239.758,1.048
239.788,1.051
239.818,1.052
239.848,1.052
239.878,1.052
239.908,1.053
239.938,1.049
239.968,1.055
239.998,1.051
240.028,1.051
240.058,1.053
240.088,1.050
240.118,1.050
240.148,1.050
240.178,1.051
240.208,1.049
240.238,1.051
240.268,1.053
240.298,1.052
240.328,1.052
240.358,1.052
240.388,1.053
240.418,1.052
240.448,1.052
240.478,1.047
240.508,1.048
240.538,1.049
240.568,1.051
240.598,1.054
240.628,1.051
240.658,1.049
240.688,1.050
240.718,1.051
240.748,1.052
240.778,1.047
240.808,1.053
240.838,1.054
240.868,1.051
240.898,1.048
240.928,1.051
240.958,1.047
240.988,1.050
241.018,1.048
241.048,1.053
241.078,1.050
241.108,1.050
241.138,1.055
241.168,1.050
241.198,1.054
241.228,1.051
241.258,1.049
241.288,1.051
241.318,1.050
241.348,1.055
241.378,1.048
241.408,1.054
241.438,1.051
241.468,1.051
241.498,1.053
241.528,1.048
241.558,1.052
241.588,1.052
241.618,1.047
241.648,1.049
241.678,1.054
241.708,1.050
241.738,1.048
241.768,1.050
241.798,1.049
241.828,1.049
241.858,1.050
241.888,1.050
241.918,1.049
241.948,1.054
241.978,1.051
242.008,1.049
242.038,1.054
242.068,1.052
242.098,1.052
242.128,1.051
242.158,1.049
242.188,1.054
242.218,1.053
242.248,1.051
242.278,1.050
242.308,1.050
242.338,1.052
242.368,1.050
242.398,1.056
242.428,1.049
242.458,1.054
242.488,1.051
242.518,1.052
242.548,1.052
242.578,1.052
242.608,1.050
242.638,1.052
242.668,1.052
242.698,1.052
242.728,1.048
242.758,1.050
242.788,1.053
242.818,1.053
242.848,1.052
242.878,1.049
242.908,1.047
242.938,1.052
242.968,1.051
242.998,1.054
243.028,1.050
243.058,1.050
243.088,1.050
243.118,1.053
243.148,1.051
243.178,1.052
243.208,1.051
243.238,1.052
243.268,1.054
243.298,1.048
243.328,1.050
243.358,1.054
243.388,1.048
243.418,1.052
243.448,1.051
243.478,1.056
243.508,1.052
243.538,1.054
243.568,1.051
243.598,1.052
243.628,1.054
243.658,1.053
243.688,1.046
243.718,1.054
243.748,1.049
243.778,1.051
243.808,1.050
243.838,1.048
243.868,1.053
243.898,1.053
243.928,1.053
243.958,1.052
243.988,1.049
244.018,1.053
244.048,1.052
244.078,1.052
244.108,1.051
244.138,1.049
244.168,1.053
244.198,1.052
244.228,1.050
244.258,1.052
244.288,1.049
244.318,1.047
244.348,1.053
244.378,1.053
244.408,1.050
244.438,1.050
244.468,1.053
244.498,1.053
244.528,1.052
244.558,1.053
244.588,1.051
244.618,1.047
244.648,1.053
244.678,1.049
244.708,1.049
244.738,1.051
244.768,1.053
244.798,1.053
244.828,1.055
244.858,1.052
244.888,1.053
244.918,1.050
244.948,1.051
244.978,1.047
245.008,1.052
245.038,1.054
245.068,1.050
245.098,1.048
245.128,1.052
245.158,1.049
245.188,1.051
245.218,1.052
245.248,1.049
245.278,1.050
245.308,1.052
245.338,1.053
245.368,1.053
245.398,1.051
245.428,1.049
245.458,1.051
245.488,1.053
245.518,1.049
245.548,1.051
245.578,1.052
245.608,1.054
245.638,1.052
245.668,1.049
245.698,1.054
245.728,1.051
245.758,1.054
245.788,1.052
245.818,1.051
245.848,1.055
245.878,1.052
245.908,1.048
245.938,1.055
245.968,1.055
245.998,1.049
246.028,1.051
246.058,1.055
246.088,1.049
246.118,1.052
246.148,1.054
246.178,1.049
246.208,1.054
246.238,1.053
246.268,1.054
246.298,1.053
246.328,1.053
246.358,1.050
246.388,1.051
246.418,1.050
246.448,1.048
246.478,1.053
246.508,1.049
246.538,1.055
246.568,1.055
246.598,1.056
246.628,1.050
246.658,1.053
246.688,1.054
246.718,1.049
246.748,1.049
246.778,1.053
246.808,1.050
246.838,1.054
246.868,1.055
246.898,1.049
246.928,1.053
246.958,1.047
246.988,1.050
247.018,1.052
247.048,1.049
247.078,1.053
247.108,1.053
247.138,1.051
247.168,1.051
247.198,1.054
247.228,1.053
247.258,1.050
247.288,1.053
247.318,1.051
247.348,1.052
247.378,1.052
247.408,1.052
247.438,1.047
247.468,1.051
247.498,1.053
247.528,1.053
247.558,1.053
247.588,1.051
247.618,1.053
247.648,1.053
247.678,1.050
247.708,1.050
247.738,1.048
247.768,1.049
247.798,1.052
247.828,1.050
247.858,1.051
247.888,1.051
247.918,1.050
247.948,1.053
247.978,1.051
248.008,1.053
248.038,1.051
248.068,1.053
248.098,1.054
248.128,1.054
248.158,1.054
248.188,1.050
248.218,1.051
248.248,1.051
248.278,1.054
248.308,1.053
248.338,1.051
248.368,1.051
248.398,1.054
248.428,1.055
248.458,1.052
248.488,1.053
248.518,1.051
248.548,1.054
248.578,1.053
248.608,1.054
248.638,1.049
248.668,1.051
248.698,1.049
248.728,1.051
248.758,1.050
248.788,1.052
248.818,1.050
248.848,1.049
248.878,1.053
248.908,1.051
248.938,1.053
248.968,1.053
248.998,1.051
249.028,1.053
249.058,1.052
249.088,1.051
249.118,1.053
249.148,1.053
249.178,1.053
249.208,1.050
249.238,1.049
249.268,1.052
249.298,1.053
249.328,1.056
249.358,1.055
249.388,1.051
249.418,1.049
249.448,1.054
249.478,1.049
249.508,1.056
249.538,1.050
249.568,1.052
249.598,1.052
249.628,1.048
249.658,1.051
249.688,1.051
249.718,1.053
249.748,1.055
249.778,1.052
249.808,1.053
249.838,1.049
249.868,1.051
249.898,1.049
249.928,1.051
249.958,1.050
249.988,1.053
250.018,1.051
250.048,1.053
250.078,1.054
250.108,1.052
250.138,1.054
250.168,1.053
250.198,1.056
250.228,1.052
250.258,1.055
250.288,1.051
250.318,1.052
250.348,1.054
250.378,1.059
250.408,1.049
250.438,1.052
250.468,1.053
250.498,1.048
250.528,1.052
250.558,1.055
250.588,1.051
250.618,1.051
250.648,1.049
250.678,1.048
250.708,1.051
250.738,1.049
250.768,1.045
250.798,1.052
250.828,1.060
250.858,1.063
250.888,1.055
250.918,1.052
250.948,1.051
250.978,1.045
251.008,1.051
251.038,1.052
251.068,1.055
251.098,1.050
251.128,1.052
251.158,1.050
251.188,1.050
251.218,1.056
251.248,1.055
251.278,1.047
251.308,1.049
251.338,1.057
251.368,1.055
251.398,1.059
251.428,1.051
251.458,1.055
251.488,1.059
251.518,1.063
251.548,1.056
251.578,1.052
251.608,1.047
251.638,1.045
251.668,1.037
251.698,1.045
251.728,1.053
251.758,1.055
251.788,1.049
251.818,1.052
251.848,1.057
251.878,1.053
251.908,1.057
251.938,1.055
251.968,1.055
251.998,1.055
252.028,1.061
252.058,1.055
252.088,1.054
252.118,1.062
252.148,1.062
252.178,1.053
252.208,1.054
252.238,1.054
252.268,1.047
252.298,1.052
252.328,1.051
252.358,1.052
252.388,1.054
252.418,1.056
252.448,1.057
252.478,1.058
252.508,1.057
252.538,1.056
252.568,1.055
252.598,1.056
252.628,1.058
252.658,1.061
252.688,1.055
252.718,1.052
252.748,1.049
252.778,1.049
252.808,1.049
252.838,1.050
252.868,1.054
252.898,1.058
252.928,1.061
252.958,1.062
252.988,1.059
253.018,1.059
253.048,1.059
253.078,1.052
253.108,1.050
253.138,1.054
253.168,1.055
253.198,1.052
253.228,1.054
253.258,1.053
253.288,1.055
253.318,1.056
253.348,1.059
253.378,1.058
253.408,1.057
253.438,1.059
253.468,1.058
253.498,1.058
253.528,1.060
253.558,1.055
253.588,1.056
253.618,1.053
253.648,1.054
253.678,1.054
253.708,1.062
253.738,1.054
253.768,1.061
253.798,1.055
253.828,1.053
253.858,1.059
253.888,1.060
253.918,1.058
253.948,1.057
253.978,1.056
254.008,1.058
254.038,1.056
254.068,1.056
254.098,1.056
254.128,1.057
254.158,1.056
254.188,1.055
254.218,1.054
254.248,1.055
254.278,1.058
254.308,1.058
254.338,1.056
254.368,1.058
254.398,1.059
254.428,1.056
254.458,1.059
254.488,1.055
254.518,1.051
254.548,1.052
254.578,1.058
254.608,1.053
254.638,1.056
254.668,1.054
254.698,1.057
254.728,1.054
254.758,1.055
254.788,1.057
254.818,1.059
254.848,1.057
254.878,1.059
254.908,1.057
254.938,1.057
254.968,1.058
254.998,1.058
255.028,1.059
255.058,1.054
255.088,1.055
255.118,1.056
255.148,1.057
255.178,1.058
255.208,1.057
255.238,1.059
255.268,1.053
255.298,1.055
255.328,1.056
255.358,1.056
255.388,1.060
255.418,1.061
255.448,1.058
255.478,1.056
255.508,1.060
255.538,1.055
255.568,1.056
255.598,1.055
255.628,1.058
255.658,1.055
255.688,1.056
255.718,1.056
255.748,1.055
255.778,1.056
255.808,1.056
255.838,1.060
255.868,1.059
255.898,1.057
255.928,1.055
255.958,1.057
255.988,1.057
256.018,1.060
256.048,1.057
256.078,1.050
256.108,1.069
256.138,1.063
256.168,1.059
256.198,1.012
256.228,0.970
256.258,1.054
256.288,1.084
256.318,1.121
256.348,1.132
256.378,1.130
256.408,1.026
256.438,1.003
256.468,0.933
256.498,1.086
256.528,1.098
256.558,1.100
256.588,1.088
256.618,1.060
256.648,1.033
256.678,0.989
256.708,1.070
256.738,1.084
256.768,1.068
256.798,1.062
256.828,1.069
256.858,1.052
256.888,1.032
256.918,0.989
256.948,1.042
256.978,1.064
257.008,1.075
257.038,1.062
257.068,1.067
257.098,1.039
257.128,1.032
257.158,0.996
257.188,1.044
257.218,1.088
257.248,1.072
257.278,1.039
257.308,1.042
257.338,1.054
257.368,1.056
257.398,1.042
257.428,1.031
257.458,1.036
257.488,1.089
257.518,1.096
257.548,1.073
257.578,1.051
257.608,1.044
257.638,1.031
257.668,1.043
257.698,1.044
257.728,1.039
257.758,1.050
257.788,1.066
257.818,1.073
257.848,1.059
257.878,1.050
257.908,1.060
257.938,1.054
257.968,1.059
257.998,1.060
258.028,1.056
258.058,1.064
258.088,1.062
258.118,1.058
258.148,1.058
258.178,1.053
258.208,1.061
258.238,1.062
258.268,1.062
258.298,1.061
258.328,1.062
258.358,1.067
258.388,1.063
258.418,1.061
258.448,1.059
258.478,1.050
258.508,1.057
258.538,1.067
258.568,1.060
258.598,1.056
258.628,1.065
258.658,1.062
258.688,1.063
258.718,1.066
258.748,1.058
258.778,1.047
258.808,1.052
258.838,1.057
258.868,1.062
258.898,1.062
258.928,1.064
258.958,1.061
258.988,1.061
259.018,1.058
259.048,1.048
259.078,1.048
259.108,1.050
259.138,1.055
259.168,1.055
259.198,1.066
259.228,1.058
259.258,1.059
259.288,1.059
259.318,1.051
259.348,1.048
259.378,1.062
259.408,1.062
259.438,1.062
259.468,1.060
259.498,1.059
259.528,1.053
259.558,1.049
259.588,1.055
259.618,1.061
259.648,1.062
259.678,1.062
259.708,1.061
259.738,1.042
259.768,1.037
259.798,1.030
259.828,1.032
259.858,1.024
259.888,1.015
259.918,1.043
259.948,1.067
259.978,1.075
260.008,1.051
260.038,1.073
260.068,1.056
260.098,1.071
260.128,1.041
260.158,1.036
260.188,1.022
260.218,1.022
260.248,1.029
260.278,1.040
260.308,1.050
260.338,1.047
260.368,1.044
260.398,1.047
260.428,1.052
260.458,1.052
260.488,1.059
260.518,1.051
260.548,1.047
260.578,1.051
260.608,1.055
260.638,1.043
260.668,1.041
260.698,1.047
260.728,1.054
260.758,1.055
260.788,1.065
260.818,1.061
260.848,1.063
260.878,1.072
260.908,1.071
260.938,1.067
260.968,1.071
260.998,1.069
261.028,1.067
261.058,1.074
261.088,1.076
261.118,1.073
261.148,1.069
261.178,1.070
261.208,1.063
261.238,1.065
261.268,1.067
261.298,1.068
261.328,1.069
261.358,1.065
261.388,1.066
261.418,1.066
261.448,1.061
261.478,1.063
261.508,1.065
261.538,1.068
261.568,1.064
261.598,1.062
261.628,1.064
261.658,1.069
261.688,1.063
261.718,1.070
261.748,1.068
261.778,1.068
261.808,1.065
261.838,1.067
261.868,1.066
261.898,1.067
261.928,1.067
261.958,1.067
261.988,1.067
262.018,1.070
262.048,1.066
262.078,1.066
262.108,1.066
262.138,1.067
262.168,1.069
262.198,1.066
262.228,1.068
262.258,1.062
262.288,1.065
262.318,1.068
262.348,1.072
262.378,1.068
262.408,1.069
262.438,1.068
262.468,1.066
262.498,1.066
262.528,1.071
262.558,1.070
262.588,1.068
262.618,1.071
262.648,1.073
262.678,1.064
262.708,1.068
262.738,1.070
262.768,1.070
262.798,1.062
262.828,1.070
262.858,1.067
262.888,1.062
262.918,1.067
262.948,1.066
262.978,1.063
263.008,1.063
263.038,1.068
263.068,1.070
263.098,1.067
263.128,1.074
263.158,1.067
263.188,1.066
263.218,1.062
263.248,1.068
263.278,1.069
263.308,1.065
263.338,1.070
263.368,1.066
263.398,1.070
263.428,1.072
263.458,1.069
263.488,1.064
263.518,1.067
263.548,1.063
263.578,1.064
263.608,1.069
263.638,1.074
263.668,1.072
263.698,1.065
263.728,1.066
263.758,1.072
263.788,1.065
263.818,1.064
263.848,1.067
263.878,1.066
263.908,1.071
263.938,1.069
263.968,1.069
263.998,1.075
264.028,1.071
264.058,1.071
264.088,1.066
264.118,1.069
264.148,1.069
264.178,1.069
264.208,1.070
264.238,1.066
264.268,1.064
264.298,1.068
264.328,1.067
264.358,1.071
264.388,1.069
264.418,1.069
264.448,1.067
264.478,1.069
264.508,1.068
264.538,1.075
264.568,1.068
264.598,1.072
264.628,1.074
264.658,1.072
264.688,1.065
264.718,1.067
264.748,1.070
264.778,1.070
264.808,1.072
264.838,1.066
264.868,1.067
264.898,1.072
264.928,1.073
264.958,1.068
264.988,1.073
265.018,1.072
265.048,1.070
265.078,1.067
265.108,1.069
265.138,1.070
265.168,1.068
265.198,1.066
265.228,1.067
265.258,1.075
265.288,1.072
265.318,1.070
265.348,1.070
265.378,1.068
265.408,1.068
265.438,1.065
265.468,1.071
265.498,1.074
265.528,1.067
265.558,1.072
265.588,1.070
265.618,1.067
265.648,1.069
265.678,1.071
265.708,1.069
265.738,1.069
265.768,1.071
265.798,1.068
265.828,1.070
265.858,1.074
265.888,1.072
265.918,1.071
265.948,1.070
265.978,1.066
266.008,1.065
266.038,1.066
266.068,1.070
266.098,1.067
266.128,1.070
266.158,1.071
266.188,1.070
266.218,1.069
266.248,1.070
266.278,1.073
266.308,1.072
266.338,1.071
266.368,1.068
266.398,1.068
266.428,1.071
266.458,1.068
266.488,1.070
266.518,1.071
266.548,1.065
266.578,1.070
266.608,1.075
266.638,1.068
266.668,1.069
266.698,1.067
266.728,1.068
266.758,1.064
266.788,1.075
266.818,1.070
266.848,1.070
266.878,1.069
266.908,1.067
266.938,1.072
266.968,1.075
266.998,1.072
267.028,1.071
267.058,1.074
267.088,1.073
267.118,1.068
267.148,1.068
267.178,1.069
267.208,1.067
267.238,1.071
267.268,1.072
267.298,1.073
267.328,1.070
267.358,1.070
267.388,1.070
267.418,1.068
267.448,1.068
267.478,1.071
267.508,1.070
267.538,1.070
267.568,1.069
267.598,1.070
267.628,1.071
267.658,1.073
267.688,1.069
267.718,1.070
267.748,1.069
267.778,1.071
267.808,1.067
267.838,1.071
267.868,1.073
267.898,1.073
267.928,1.068
267.958,1.070
267.988,1.067
268.018,1.071
268.048,1.071
268.078,1.073
268.108,1.071
268.138,1.069
268.168,1.068
268.198,1.067
268.228,1.070
268.258,1.070
268.288,1.068
268.318,1.070
268.348,1.069
268.378,1.068
268.408,1.073
268.438,1.071
268.468,1.069
268.498,1.070
268.528,1.069
268.558,1.071
268.588,1.071
268.618,1.073
268.648,1.073
268.678,1.070
268.708,1.071
268.738,1.070
268.768,1.068
268.798,1.068
268.828,1.073
268.858,1.073
268.888,1.073
268.918,1.070
268.948,1.073
268.978,1.071
269.008,1.067
269.038,1.067
269.068,1.073
269.098,1.071
269.128,1.073
269.158,1.067
269.188,1.071
269.218,1.070
269.248,1.072
269.278,1.071
269.308,1.071
269.338,1.071
269.368,1.067
269.398,1.072
269.428,1.079
269.458,1.074
269.488,1.078
269.518,1.070
269.548,1.063
269.578,1.063
269.608,1.058
269.638,1.064
269.668,1.057
269.698,1.065
269.728,1.066
269.758,1.068
269.788,1.058
269.818,1.061
269.848,1.066
269.878,1.063
269.908,1.057
269.938,1.061
269.968,1.066
269.998,1.068
270.028,1.068
270.058,1.066
270.088,1.060
270.118,1.067
270.148,1.072
270.178,1.074
270.208,1.073
270.238,1.065
270.268,1.075
270.298,1.061
270.328,1.063
270.358,1.063
270.388,1.069
270.418,1.061
270.448,1.067
270.478,1.075
270.508,1.068
270.538,1.090
270.568,1.094
270.598,1.085
270.628,1.083
270.658,1.064
270.688,1.070
270.718,1.067
270.748,1.072
270.778,1.077
270.808,1.080
270.838,1.077
270.868,1.085
270.898,1.091
270.928,1.085
270.958,1.085
270.988,1.085
271.018,1.083
271.048,1.086
271.078,1.083
271.108,1.076
271.138,1.071
271.168,1.068
271.198,1.075
271.228,1.075
271.258,1.073
271.288,1.075
271.318,1.070
271.348,1.068
271.378,1.070
271.408,1.075
271.438,1.071
271.468,1.073
271.498,1.069
271.528,1.070
271.558,1.069
271.588,1.072
271.618,1.073
271.648,1.073
271.678,1.074
271.708,1.074
271.738,1.075
271.768,1.067
271.798,1.068
271.828,1.074
271.858,1.075
271.888,1.075
271.918,1.074
271.948,1.068
271.978,1.069
272.008,1.072
272.038,1.070
272.068,1.076
272.098,1.075
272.128,1.073
272.158,1.078
272.188,1.077
272.218,1.075
272.248,1.074
272.278,1.067
272.308,1.075
272.338,1.074
272.368,1.072
272.398,1.077
272.428,1.073
272.458,1.074
272.488,1.074
272.518,1.076
272.548,1.071
272.578,1.069
272.608,1.071
272.638,1.073
272.668,1.076
272.698,1.074
272.728,1.073
272.758,1.075
272.788,1.073
272.818,1.074
272.848,1.073
272.878,1.070
272.908,1.071
272.938,1.072
272.968,1.075
272.998,1.073
273.028,1.076
273.058,1.079
273.088,1.081
273.118,1.071
273.148,1.077
273.178,1.075
273.208,1.072
273.238,1.077
273.268,1.071
273.298,1.074
273.328,1.075
273.358,1.073
273.388,1.075
273.418,1.071
273.448,1.071
273.478,1.075
273.508,1.071
273.538,1.074
273.568,1.072
273.598,1.078
273.628,1.075
273.658,1.071
273.688,1.079
273.718,1.073
273.748,1.073
273.778,1.074
273.808,1.073
273.838,1.077
273.868,1.076
273.898,1.072
273.928,1.074
273.958,1.071
273.988,1.072
274.018,1.075
274.048,1.076
274.078,1.073
274.108,1.071
274.138,1.078
274.168,1.071
274.198,1.074
274.228,1.075
274.258,1.076
274.288,1.075
274.318,1.075
274.348,1.072
274.378,1.075
274.408,1.076
274.438,1.075
274.468,1.077
274.498,1.080
274.528,1.077
274.558,1.075
274.588,1.072
274.618,1.066
274.648,1.076
274.678,1.075
274.708,1.074
274.738,1.072
274.768,1.077
274.798,1.075
274.828,1.076
274.858,1.079
274.888,1.078
274.918,1.076
274.948,1.075
274.978,1.077
275.008,1.072
275.038,1.072
275.068,1.071
275.098,1.074
275.128,1.075
275.158,1.077
275.188,1.079
275.218,1.075
275.248,1.074
275.278,1.076
275.308,1.080
275.338,1.075
275.368,1.072
275.398,1.074
275.428,1.074
275.458,1.075
275.488,1.081
275.518,1.071
275.548,1.074
275.578,1.071
275.608,1.075
275.638,1.074
275.668,1.077
275.698,1.078
275.728,1.075
275.758,1.074
275.788,1.077
275.818,1.074
275.848,1.073
275.878,1.076
275.908,1.074
275.938,1.075
275.968,1.075
275.998,1.073
276.028,1.075
276.058,1.075
276.088,1.076
276.118,1.075
276.148,1.073
276.178,1.073
276.208,1.076
276.238,1.078
276.268,1.079
276.298,1.076
276.328,1.074
276.358,1.075
276.388,1.076
276.418,1.080
276.448,1.074
276.478,1.073
276.508,1.080
276.538,1.075
276.568,1.071
276.598,1.071
276.628,1.075
276.658,1.079
276.688,1.076
276.718,1.076
276.748,1.074
276.778,1.073
276.808,1.073
276.838,1.078
276.868,1.075
276.898,1.074
276.928,1.074
276.958,1.076
276.988,1.073
277.018,1.075
277.048,1.074
277.078,1.078
277.108,1.075
277.138,1.078
277.168,1.080
277.198,1.077
277.228,1.076
277.258,1.075
277.288,1.070
277.318,1.072
277.348,1.074
277.378,1.077
277.408,1.074
277.438,1.077
277.468,1.075
277.498,1.073
277.528,1.075
277.558,1.074
277.588,1.080
277.618,1.075
277.648,1.075
277.678,1.077
277.708,1.077
277.738,1.078
277.768,1.075
277.798,1.075
277.828,1.077
277.858,1.075
277.888,1.076
277.918,1.074
277.948,1.078
277.978,1.074
278.008,1.077
278.038,1.074
278.068,1.077
278.098,1.072
278.128,1.077
278.158,1.081
278.188,1.078
278.218,1.075
278.248,1.079
278.278,1.082
278.308,1.078
278.338,1.075
278.368,1.077
278.398,1.078
278.428,1.072
278.458,1.076
278.488,1.078
278.518,1.072
278.548,1.072
278.578,1.078
278.608,1.079
278.638,1.077
278.668,1.080
278.698,1.078
278.728,1.077
278.758,1.077
278.788,1.075
278.818,1.077
278.848,1.075
278.878,1.075
278.908,1.075
278.938,1.077
278.968,1.078
278.998,1.080
279.028,1.074
279.058,1.069
279.088,1.076
279.118,1.077
279.148,1.076
279.178,1.079
279.208,1.079
279.238,1.080
279.268,1.077
279.298,1.076
279.328,1.073
279.358,1.080
279.388,1.078
279.418,1.075
279.448,1.079
279.478,1.076
279.508,1.074
279.538,1.072
279.568,1.077
279.598,1.076
279.628,1.076
279.658,1.073
279.688,1.073
279.718,1.077
279.748,1.082
279.778,1.079
279.808,1.084
279.838,1.079
279.868,1.072
279.898,1.073
279.928,1.074
279.958,1.074
279.988,1.075
280.018,1.076
280.048,1.077
280.078,1.075
280.108,1.077
280.138,1.079
280.168,1.079
280.198,1.074
280.228,1.075
280.258,1.074
280.288,1.072
280.318,1.073
280.348,1.074
280.378,1.072
280.408,1.074
280.438,1.075
280.468,1.078
280.498,1.079
280.528,1.079
280.558,1.079
280.588,1.076
280.618,1.070
280.648,1.076
280.678,1.076
280.708,1.071
280.738,1.075
280.768,1.077
280.798,1.079
280.828,1.077
280.858,1.072
280.888,1.076
280.918,1.076
280.948,1.073
280.978,1.074
281.008,1.074
281.038,1.078
281.068,1.083
281.098,1.081
281.128,1.074
281.158,1.076
281.188,1.075
281.218,1.077
281.248,1.077
281.278,1.077
281.308,1.080
281.338,1.079
281.368,1.079
281.398,1.081
281.428,1.078
281.458,1.073
281.488,1.075
281.518,1.079
281.548,1.079
281.578,1.080
281.608,1.079
281.638,1.076
281.668,1.075
281.698,1.077
281.728,1.073
281.758,1.072
281.788,1.076
281.818,1.079
281.848,1.082
281.878,1.083
281.908,1.080
281.938,1.074
281.968,1.074
281.998,1.074
282.028,1.072
282.058,1.074
282.088,1.074
282.118,1.074
282.148,1.075
282.178,1.078
282.208,1.079
282.238,1.075
282.268,1.077
282.298,1.076
282.328,1.072
282.358,1.072
282.388,1.082
282.418,1.074
282.448,1.077
282.478,1.073
282.508,1.076
282.538,1.071
282.568,1.075
282.598,1.076
282.628,1.074
282.658,1.075
282.688,1.079
282.718,1.084
282.748,1.084
282.778,1.086
282.808,1.083
282.838,1.084
282.868,1.084
282.898,1.077
282.928,1.080
282.958,1.074
282.988,1.074
283.018,1.073
283.048,1.080
283.078,1.078
283.108,1.077
283.138,1.077
283.168,1.083
283.198,1.077
283.228,1.077
283.258,1.077
283.288,1.075
283.318,1.080
283.348,1.077
283.378,1.075
283.408,1.075
283.438,1.071
283.468,1.074
283.498,1.077
283.528,1.078
283.558,1.076
283.588,1.076
283.618,1.078
283.648,1.080
283.678,1.079
283.708,1.080
283.738,1.081
283.768,1.079
283.798,1.079
283.828,1.078
283.858,1.076
283.888,1.076
283.918,1.076
283.948,1.075
283.978,1.077
284.008,1.082
284.038,1.080
284.068,1.079
284.098,1.079
284.128,1.080
284.158,1.079
284.188,1.078
284.218,1.079
284.248,1.076
284.278,1.074
284.308,1.076
284.338,1.075
284.368,1.078
284.398,1.075
284.428,1.076
284.458,1.079
284.488,1.080
284.518,1.077
284.548,1.083
284.578,1.076
284.608,1.078
284.638,1.080
284.668,1.079
284.698,1.080
284.728,1.081
284.758,1.080
284.788,1.079
284.818,1.076
284.848,1.076
284.878,1.074
284.908,1.070
284.938,1.071
284.968,1.081
284.998,1.079
285.028,1.076
285.058,1.076
285.088,1.079
285.118,1.070
285.148,1.074
285.178,1.080
285.208,1.082
285.238,1.078
285.268,1.081
285.298,1.075
285.328,1.079
285.358,1.083
285.388,1.079
285.418,1.078
285.448,1.073
285.478,1.076
285.508,1.079
285.538,1.080
285.568,1.078
285.598,1.079
285.628,1.081
285.658,1.078
285.688,1.075
285.718,1.073
285.748,1.082
285.778,1.078
285.808,1.070
285.838,1.072
285.868,1.084
285.898,1.088
285.928,1.087
285.958,1.094
285.988,1.094
286.018,1.083
286.048,1.079
286.078,1.073
286.108,1.063
286.138,1.064
286.168,1.071
286.198,1.080
286.228,1.074
286.258,1.079
286.288,1.082
286.318,1.079
286.348,1.079
286.378,1.079
286.408,1.081
286.438,1.086
286.468,1.083
286.498,1.081
286.528,1.080
286.558,1.075
286.588,1.074
286.618,1.080
286.648,1.078
286.678,1.080
286.708,1.079
286.738,1.080
286.768,1.082
286.798,1.080
286.828,1.080
286.858,1.081
286.888,1.081
286.918,1.080
286.948,1.078
286.978,1.082
287.008,1.079
287.038,1.080
287.068,1.082
287.098,1.082
287.128,1.084
287.158,1.081
287.188,1.081
287.218,1.081
287.248,1.082
287.278,1.079
287.308,1.083
287.338,1.081
287.368,1.078
287.398,1.077
287.428,1.075
287.458,1.081
287.488,1.079
287.518,1.082
287.548,1.082
287.578,1.080
287.608,1.081
287.638,1.078
287.668,1.076
287.698,1.084
287.728,1.078
287.758,1.078
287.788,1.079
287.818,1.082
287.848,1.080
287.878,1.077
287.908,1.081
287.938,1.081
287.968,1.080
287.998,1.081
288.028,1.079
288.058,1.082
288.088,1.080
288.118,1.080
288.148,1.083
288.178,1.085
288.208,1.080
288.238,1.081
288.268,1.079
288.298,1.077
288.328,1.080
288.358,1.084
288.388,1.085
288.418,1.084
288.448,1.087
288.478,1.080
288.508,1.083
288.538,1.080
288.568,1.082
288.598,1.091
288.628,1.089
288.658,1.086
288.688,1.075
288.718,1.078
288.748,1.067
288.778,1.076
288.808,1.081
288.838,1.081
288.868,1.084
288.898,1.082
288.928,1.087
288.958,1.086
288.988,1.088
289.018,1.083
289.048,1.085
289.078,1.088
289.108,1.090
289.138,1.087
289.168,1.088
289.198,1.083
289.228,1.085
289.258,1.086
289.288,1.088
289.318,1.089
289.348,1.091
289.378,1.095
289.408,1.096
289.438,1.085
289.468,1.075
289.498,1.070
289.528,1.079
289.558,1.078
289.588,1.081
289.618,1.081
289.648,1.086
289.678,1.084
289.708,1.088
289.738,1.088
289.768,1.082
289.798,1.079
289.828,1.071
289.858,1.080
289.888,1.080
289.918,1.078
289.948,1.082
289.978,1.079
290.008,1.080
290.038,1.078
290.068,1.077
290.098,1.076
290.128,1.076
290.158,1.081
290.188,1.085
290.218,1.083
290.248,1.081
290.278,1.084
290.308,1.086
290.338,1.082
290.368,1.087
290.398,1.088
290.428,1.086
290.458,1.083
290.488,1.086
290.518,1.086
290.548,1.084
290.578,1.083
290.608,1.085
290.638,1.081
290.668,1.084
290.698,1.086
290.728,1.085
290.758,1.088
290.788,1.088
290.818,1.085
290.848,1.086
290.878,1.085
290.908,1.081
290.938,1.082
290.968,1.081
290.998,1.081
291.028,1.085
291.058,1.085
291.088,1.084
291.118,1.081
291.148,1.085
291.178,1.088
291.208,1.081
291.238,1.081
291.268,1.082
291.298,1.085
291.328,1.083
291.358,1.084
291.388,1.084
291.418,1.080
291.448,1.086
291.478,1.084
291.508,1.085
291.538,1.086
291.568,1.089
291.598,1.084
291.628,1.085
291.658,1.085
291.688,1.086
291.718,1.084
291.748,1.086
291.778,1.085
291.808,1.086
291.838,1.082
291.868,1.085
291.898,1.087
291.928,1.085
291.958,1.082
291.988,1.089
292.018,1.084
292.048,1.085
292.078,1.085
292.108,1.083
292.138,1.086
292.168,1.087
292.198,1.084
292.228,1.085
292.258,1.083
292.288,1.086
292.318,1.086
292.348,1.086
292.378,1.086
292.408,1.082
292.438,1.086
292.468,1.089
292.498,1.083
292.528,1.079
292.558,1.083
292.588,1.086
292.618,1.083
292.648,1.087
292.678,1.089
292.708,1.088
292.738,1.088
292.768,1.084
292.798,1.087
292.828,1.083
292.858,1.078
292.888,1.084
292.918,1.085
292.948,1.087
292.978,1.079
293.008,1.083
293.038,1.083
293.068,1.085
293.098,1.085
293.128,1.082
293.158,1.084
293.188,1.083
293.218,1.084
293.248,1.081
293.278,1.084
293.308,1.083
293.338,1.083
293.368,1.085
293.398,1.087
293.428,1.084
293.458,1.084
293.488,1.089
293.518,1.086
293.548,1.085
293.578,1.091
293.608,1.084
293.638,1.081
293.668,1.080
293.698,1.080
293.728,1.083
293.758,1.087
293.788,1.089
293.818,1.083
293.848,1.082
293.878,1.084
293.908,1.080
293.938,1.086
293.968,1.089
293.998,1.090
294.028,1.089
294.058,1.086
294.088,1.085
294.118,1.081
294.148,1.083
294.178,1.085
294.208,1.082
294.238,1.088
294.268,1.085
294.298,1.083
294.328,1.084
294.358,1.086
294.388,1.086
294.418,1.085
294.448,1.083
294.478,1.091
294.508,1.085
294.538,1.084
294.568,1.086
294.598,1.082
294.628,1.085
294.658,1.085
294.688,1.087
294.718,1.087
294.748,1.090
294.778,1.086
294.808,1.081
294.838,1.081
294.868,1.083
294.898,1.082
294.928,1.085
294.958,1.087
294.988,1.087
295.018,1.087
295.048,1.089
295.078,1.086
295.108,1.086
295.138,1.086
295.168,1.077
295.198,1.086
295.228,1.084
295.258,1.085
295.288,1.089
295.318,1.087
295.348,1.085
295.378,1.085
295.408,1.084
295.438,1.090
295.468,1.089
295.498,1.087
295.528,1.086
295.558,1.087
295.588,1.088
295.618,1.090
295.648,1.085
295.678,1.086
295.708,1.086
295.738,1.086
295.768,1.085
295.798,1.084
295.828,1.081
295.858,1.079
295.888,1.088
295.918,1.083
295.948,1.085
295.978,1.084
296.008,1.085
296.038,1.081
296.068,1.079
296.098,1.085
296.128,1.084
296.158,1.087
296.188,1.090
296.218,1.092
296.248,1.092
296.278,1.090
296.308,1.089
296.338,1.084
296.368,1.088
296.398,1.083
296.428,1.085
296.458,1.088
296.488,1.087
296.518,1.084
296.548,1.088
296.578,1.086
296.608,1.084
296.638,1.085
296.668,1.086
296.698,1.086
296.728,1.083
296.758,1.081
296.788,1.091
296.818,1.088
296.848,1.090
296.878,1.087
296.908,1.088
296.938,1.082
296.968,1.086
296.998,1.080
297.028,1.086
297.058,1.087
297.088,1.089
297.118,1.088
297.148,1.084
297.178,1.095
297.208,1.087
297.238,1.091
297.268,1.089
297.298,1.086
297.328,1.086
297.358,1.084
297.388,1.082
297.418,1.087
297.448,1.091
297.478,1.084
297.508,1.085
297.538,1.091
297.568,1.086
297.598,1.087
297.628,1.088
297.658,1.090
297.688,1.086
297.718,1.093
297.748,1.086
297.778,1.088
297.808,1.092
297.838,1.096
297.868,1.096
297.898,1.092
297.928,1.086
297.958,1.086
297.988,1.083
298.018,1.086
298.048,1.089
298.078,1.091
298.108,1.091
298.138,1.092
298.168,1.091
298.198,1.085
298.228,1.088
298.258,1.087
298.288,1.089
298.318,1.087
298.348,1.082
298.378,1.073
298.408,1.075
298.438,1.085
298.468,1.086
298.498,1.094
298.528,1.099
298.558,1.092
298.588,1.088
298.618,1.092
298.648,1.091
298.678,1.091
298.708,1.078
298.738,1.076
298.768,1.084
298.798,1.084
298.828,1.084
298.858,1.092
298.888,1.082
298.918,1.075
298.948,1.082
298.978,1.089
299.008,1.095
299.038,1.093
299.068,1.095
299.098,1.095
299.128,1.092
299.158,1.095
299.188,1.089
299.218,1.089
299.248,1.081
299.278,1.083
299.308,1.083
299.338,1.093
299.368,1.093
299.398,1.088
299.428,1.083
299.458,1.086
299.488,1.085
299.518,1.087
299.548,1.089
299.578,1.092
299.608,1.093
299.638,1.091
299.668,1.089
299.698,1.088
299.728,1.089
299.758,1.093
299.788,1.091
299.818,1.085
299.848,1.088
299.878,1.091
299.908,1.090
299.938,1.089
299.968,1.092
299.998,1.091
300.028,1.092
300.058,1.088
300.088,1.084
300.118,1.090
300.148,1.086
300.178,1.092
300.208,1.091
300.238,1.087
300.268,1.087
300.298,1.091
300.328,1.088
300.358,1.090
300.388,1.086
300.418,1.087
300.448,1.094
300.478,1.089
300.508,1.094
300.538,1.095
300.568,1.093
300.598,1.091
300.628,1.091
300.658,1.085
300.688,1.086
300.718,1.089
300.748,1.087
300.778,1.089
300.808,1.090
300.838,1.091
300.868,1.091
300.898,1.094
300.928,1.100
300.958,1.091
300.988,1.087
301.018,1.090
301.048,1.092
301.078,1.086
301.108,1.090
301.138,1.092
301.168,1.091
301.198,1.089
301.228,1.085
301.258,1.087
301.288,1.083
301.318,1.089
301.348,1.089
301.378,1.092
301.408,1.095
301.438,1.094
301.468,1.088
301.498,1.085
301.528,1.086
301.558,1.090
301.588,1.092
301.618,1.090
301.648,1.094
301.678,1.093
301.708,1.088
301.738,1.089
301.768,1.092
301.798,1.098
301.828,1.094
301.858,1.089
301.888,1.091
301.918,1.093
301.948,1.088
301.978,1.095
302.008,1.100
302.038,1.093
302.068,1.089
302.098,1.077
302.128,1.081
302.158,1.082
302.188,1.083
302.218,1.086
302.248,1.094
302.278,1.094
302.308,1.088
302.338,1.085
302.368,1.090
302.398,1.092
302.428,1.093
302.458,1.089
302.488,1.089
302.518,1.089
302.548,1.089
302.578,1.091
302.608,1.091
302.638,1.092
302.668,1.087
302.698,1.090
302.728,1.091
302.758,1.087
302.788,1.094
302.818,1.094
302.848,1.088
302.878,1.087
302.908,1.088
302.938,1.086
302.968,1.089
302.998,1.089
303.028,1.087
303.058,1.091
303.088,1.091
303.118,1.096
303.148,1.091
303.178,1.085
303.208,1.094
303.238,1.093
303.268,1.095
303.298,1.092
303.328,1.088
303.358,1.094
303.388,1.091
303.418,1.088
303.448,1.093
303.478,1.084
303.508,1.087
303.538,1.087
303.568,1.090
303.598,1.091
303.628,1.091
303.658,1.090
303.688,1.091
303.718,1.092
303.748,1.083
303.778,1.090
303.808,1.092
303.838,1.090
303.868,1.088
303.898,1.088
303.928,1.094
303.958,1.091
303.988,1.097
304.018,1.081
304.048,1.084
304.078,1.095
304.108,1.097
304.138,1.094
304.168,1.098
304.198,1.095
304.228,1.096
304.258,1.091
304.288,1.084
304.318,1.091
304.348,1.088
304.378,1.091
304.408,1.087
304.438,1.089
304.468,1.090
304.498,1.086
304.528,1.082
304.558,1.087
304.588,1.090
304.618,1.089
304.648,1.092
304.678,1.092
304.708,1.089
304.738,1.092
304.768,1.092
304.798,1.098
304.828,1.093
304.858,1.091
304.888,1.094
304.918,1.089
304.948,1.090
304.978,1.095
305.008,1.093
305.038,1.089
305.068,1.096
305.098,1.094
305.128,1.093
305.158,1.093
305.188,1.093
305.218,1.094
305.248,1.086
305.278,1.091
305.308,1.088
305.338,1.088
305.368,1.092
305.398,1.093
305.428,1.093
305.458,1.091
305.488,1.090
305.518,1.090
305.548,1.092
305.578,1.094
305.608,1.095
305.638,1.095
305.668,1.091
305.698,1.088
305.728,1.092
305.758,1.090
305.788,1.089
305.818,1.092
305.848,1.094
305.878,1.091
305.908,1.094
305.938,1.092
305.968,1.097
305.998,1.091
306.028,1.091
306.058,1.093
306.088,1.091
306.118,1.089
306.148,1.094
306.178,1.098
306.208,1.089
306.238,1.090
306.268,1.092
306.298,1.094
306.328,1.094
306.358,1.094
306.388,1.092
306.418,1.093
306.448,1.090
306.478,1.096
306.508,1.093
306.538,1.094
306.568,1.094
306.598,1.092
306.628,1.096
306.658,1.093
306.688,1.091
306.718,1.092
306.748,1.088
306.778,1.096
306.808,1.097
306.838,1.095
306.868,1.091
306.898,1.094
306.928,1.094
306.958,1.093
306.988,1.094
307.018,1.091
307.048,1.091
307.078,1.091
307.108,1.090
307.138,1.094
307.168,1.090
307.198,1.088
307.228,1.092
307.258,1.094
307.288,1.094
307.318,1.090
307.348,1.089
307.378,1.090
307.408,1.091
307.438,1.091
307.468,1.093
307.498,1.092
307.528,1.087
307.558,1.093
307.588,1.093
307.618,1.091
307.648,1.085
307.678,1.097
307.708,1.098
307.738,1.090
307.768,1.091
307.798,1.092
307.828,1.093
307.858,1.096
307.888,1.100
307.918,1.097
307.948,1.096
307.978,1.088
308.008,1.095
308.038,1.084
308.068,1.084
308.098,1.084
308.128,1.098
308.158,1.093
308.188,1.090
308.218,1.090
308.248,1.093
308.278,1.099
308.308,1.088
308.338,1.091
308.368,1.093
308.398,1.093
308.428,1.087
308.458,1.096
308.488,1.095
308.518,1.092
308.548,1.094
308.578,1.089
308.608,1.093
308.638,1.096
308.668,1.089
308.698,1.092
308.728,1.083
308.758,1.091
308.788,1.094
308.818,1.092
308.848,1.093
308.878,1.095
308.908,1.093
308.938,1.094
308.968,1.100
308.998,1.096
309.028,1.087
309.058,1.089
309.088,1.090
309.118,1.094
309.148,1.104
309.178,1.092
309.208,1.097
309.238,1.101
309.268,1.100
309.298,1.090
309.328,1.088
309.358,1.084
309.388,1.086
309.418,1.089
309.448,1.097
309.478,1.101
309.508,1.090
309.538,1.087
309.568,1.090
309.598,1.098
309.628,1.096
309.658,1.097
309.688,1.095
309.718,1.091
309.748,1.088
309.778,1.092
309.808,1.096
309.838,1.092
309.868,1.096
309.898,1.096
309.928,1.094
309.958,1.094
309.988,1.091
310.018,1.089
310.048,1.091
310.078,1.088
310.108,1.095
310.138,1.095
310.168,1.093
310.198,1.100
310.228,1.095
310.258,1.096
310.288,1.091
310.318,1.095
310.348,1.090
310.378,1.089
310.408,1.092
310.438,1.087
310.468,1.095
310.498,1.096
310.528,1.097
310.558,1.096
310.588,1.091
310.618,1.092
310.648,1.091
310.678,1.090
310.708,1.084
310.738,1.091
310.768,1.098
310.798,1.099
310.828,1.103
310.858,1.099
310.888,1.095
310.918,1.098
310.948,1.099
310.978,1.097
311.008,1.101
311.038,1.094
311.068,1.088
311.098,1.091
311.128,1.097
311.158,1.094
311.188,1.094
311.218,1.097
311.248,1.094
311.278,1.088
311.308,1.093
311.338,1.097
311.368,1.092
311.398,1.094
311.428,1.099
311.458,1.090
311.488,1.092
311.518,1.092
311.548,1.089
311.578,1.091
311.608,1.094
311.638,1.097
311.668,1.101
311.698,1.095
311.728,1.093
311.758,1.088
311.788,1.091
311.818,1.095
311.848,1.094
311.878,1.093
311.908,1.096
311.938,1.096
311.968,1.092
311.998,1.087
312.028,1.093
312.058,1.091
312.088,1.092
312.118,1.096
312.148,1.094
312.178,1.092
312.208,1.094
312.238,1.093
312.268,1.090
312.298,1.093
312.328,1.093
312.358,1.091
312.388,1.093
312.418,1.094
312.448,1.093
312.478,1.093
312.508,1.092
312.538,1.096
312.568,1.094
312.598,1.093
312.628,1.098
312.658,1.097
312.688,1.090
312.718,1.091
312.748,1.093
312.778,1.094
312.808,1.094
312.838,1.096
312.868,1.094
312.898,1.092
312.928,1.095
312.958,1.093
312.988,1.091
313.018,1.092
313.048,1.091
313.078,1.092
313.108,1.093
313.138,1.094
313.168,1.093
313.198,1.095
313.228,1.095
313.258,1.094
313.288,1.093
313.318,1.094
313.348,1.093
313.378,1.093
313.408,1.095
313.438,1.093
313.468,1.094
313.498,1.096
313.528,1.098
313.558,1.094
313.588,1.095
313.618,1.094
313.648,1.094
313.678,1.089
313.708,1.090
313.738,1.091
313.768,1.093
313.798,1.094
313.828,1.095
313.858,1.093
313.888,1.096
313.918,1.096
313.948,1.095
313.978,1.095
314.008,1.093
314.038,1.094
314.068,1.095
314.098,1.091
314.128,1.095
314.158,1.095
314.188,1.097
314.218,1.092
314.248,1.091
314.278,1.091
314.308,1.091
314.338,1.092
314.368,1.097
314.398,1.101
314.428,1.096
314.458,1.095
314.488,1.090
314.518,1.091
314.548,1.093
314.578,1.093
314.608,1.088
314.638,1.094
314.668,1.092
314.698,1.089
314.728,1.095
314.758,1.096
314.788,1.097
314.818,1.089
314.848,1.093
314.878,1.095
314.908,1.094
314.938,1.097
314.968,1.096
314.998,1.093
315.028,1.095
315.058,1.092
315.088,1.095
315.118,1.090
315.148,1.090
315.178,1.090
315.208,1.098
315.238,1.094
315.268,1.097
315.298,1.099
315.328,1.094
315.358,1.094
315.388,1.092
315.418,1.090
315.448,1.093
315.478,1.093
315.508,1.092
315.538,1.090
315.568,1.094
315.598,1.094
315.628,1.091
315.658,1.094
315.688,1.089
315.718,1.091
315.748,1.092
315.778,1.093
315.808,1.097
315.838,1.098
315.868,1.094
315.898,1.094
315.928,1.093
315.958,1.092
315.988,1.094
316.018,1.096
316.048,1.094
316.078,1.094
316.108,1.096
316.138,1.094
316.168,1.095
316.198,1.099
316.228,1.096
316.258,1.093
316.288,1.092
316.318,1.095
316.348,1.094
316.378,1.095
316.408,1.090
316.438,1.089
316.468,1.088
316.498,1.094
316.528,1.093
316.558,1.097
316.588,1.097
316.618,1.097
316.648,1.091
316.678,1.092
316.708,1.092
316.738,1.093
316.768,1.091
316.798,1.090
316.828,1.095
316.858,1.095
316.888,1.092
316.918,1.094
316.948,1.095
316.978,1.092
317.008,1.090
317.038,1.097
317.068,1.096
317.098,1.092
317.128,1.096
317.158,1.093
317.188,1.089
317.218,1.094
317.248,1.090
317.278,1.097
317.308,1.097
317.338,1.095
317.368,1.093
317.398,1.093
317.428,1.094
317.458,1.097
317.488,1.101
317.518,1.096
317.548,1.096
317.578,1.091
317.608,1.095
317.638,1.092
317.668,1.094
317.698,1.090
317.728,1.095
317.758,1.093
317.788,1.096
317.818,1.095
317.848,1.095
317.878,1.094
317.908,1.094
317.938,1.094
317.968,1.093
317.998,1.088
318.028,1.089
318.058,1.093
318.088,1.091
318.118,1.091
318.148,1.096
318.178,1.099
318.208,1.097
318.238,1.096
318.268,1.093
318.298,1.093
318.328,1.096
318.358,1.095
318.388,1.097
318.418,1.093
318.448,1.094
318.478,1.090
318.508,1.090
318.538,1.094
318.568,1.097
318.598,1.091
318.628,1.089
318.658,1.088
318.688,1.093
318.718,1.095
318.748,1.094
318.778,1.092
318.808,1.089
318.838,1.095
318.868,1.093
318.898,1.095
318.928,1.092
318.958,1.091
318.988,1.090
319.018,1.095
319.048,1.096
319.078,1.095
319.108,1.092
319.138,1.092
319.168,1.093
319.198,1.094
319.228,1.095
319.258,1.093
319.288,1.093
319.318,1.097
319.348,1.097
319.378,1.091
319.408,1.091
319.438,1.090
319.468,1.091
319.498,1.094
319.528,1.097
319.558,1.093
319.588,1.096
319.618,1.095
319.648,1.091
319.678,1.089
319.708,1.095
319.738,1.094
319.768,1.091
319.798,1.096
319.828,1.094
319.858,1.089
319.888,1.089
319.918,1.099
319.948,1.098
319.978,1.095
320.008,1.093
320.038,1.087
320.068,1.088
320.098,1.097
320.128,1.095
320.158,1.097
320.188,1.099
320.218,1.096
320.248,1.090
320.278,1.091
320.308,1.090
320.338,1.090
320.368,1.090
320.398,1.096
320.428,1.099
320.458,1.096
320.488,1.095
320.518,1.095
320.548,1.091
320.578,1.095
320.608,1.093
320.638,1.093
320.668,1.094
320.698,1.093
320.728,1.091
320.758,1.094
320.788,1.092
320.818,1.093
320.848,1.094
320.878,1.093
320.908,1.091
320.938,1.098
320.968,1.104
320.998,1.099
321.028,1.091
321.058,1.095
321.088,1.084
321.118,1.087
321.148,1.087
321.178,1.082
321.208,1.081
321.238,1.083
321.268,1.083
321.298,1.089
321.328,1.092
321.358,1.090
321.388,1.093
321.418,1.092
321.448,1.090
321.478,1.086
321.508,1.086
321.538,1.088
321.568,1.095
321.598,1.097
321.628,1.101
321.658,1.104
321.688,1.105
321.718,1.104
321.748,1.095
321.778,1.095
321.808,1.095
321.838,1.095
321.868,1.093
321.898,1.101
321.928,1.102
321.958,1.097
321.988,1.099
322.018,1.094
322.048,1.091
322.078,1.094
322.108,1.097
322.138,1.095
322.168,1.093
322.198,1.091
322.228,1.092
322.258,1.095
322.288,1.096
322.318,1.096
322.348,1.095
322.378,1.094
322.408,1.097
322.438,1.094
322.468,1.095
322.498,1.097
322.528,1.090
322.558,1.091
322.588,1.092
322.618,1.091
322.648,1.093
322.678,1.094
322.708,1.096
322.738,1.093
322.768,1.094
322.798,1.099
322.828,1.093
322.858,1.093
322.888,1.093
322.918,1.095
322.948,1.095
322.978,1.098
323.008,1.099
323.038,1.097
323.068,1.096
323.098,1.094
323.128,1.095
323.158,1.099
323.188,1.090
323.218,1.093
323.248,1.098
323.278,1.097
323.308,1.097
323.338,1.095
323.368,1.093
323.398,1.096
323.428,1.092
323.458,1.096
323.488,1.097
323.518,1.092
323.548,1.092
323.578,1.096
323.608,1.092
323.638,1.094
323.668,1.093
323.698,1.093
323.728,1.095
323.758,1.097
323.788,1.091
323.818,1.095
323.848,1.093
323.878,1.096
323.908,1.092
323.938,1.096
323.968,1.094
323.998,1.094
324.028,1.092
324.058,1.091
324.088,1.095
324.118,1.096
324.148,1.095
324.178,1.090
324.208,1.088
324.238,1.095
324.268,1.092
324.298,1.095
324.328,1.098
324.358,1.093
324.388,1.088
324.418,1.093
324.448,1.097
324.478,1.089
324.508,1.091
324.538,1.093
324.568,1.096
324.598,1.097
324.628,1.093
324.658,1.093
324.688,1.088
324.718,1.090
324.748,1.092
324.778,1.094
324.808,1.092
324.838,1.089
324.868,1.095
324.898,1.096
324.928,1.096
324.958,1.098
324.988,1.102
325.018,1.095
325.048,1.093
325.078,1.094
325.108,1.096
325.138,1.091
325.168,1.090
325.198,1.096
325.228,1.098
325.258,1.096
325.288,1.098
325.318,1.099
325.348,1.095
325.378,1.092
325.408,1.092
325.438,1.092
325.468,1.088
325.498,1.096
325.528,1.099
325.558,1.099
325.588,1.097
325.618,1.095
325.648,1.098
325.678,1.091
325.708,1.092
325.738,1.087
325.768,1.089
325.798,1.090
325.828,1.097
325.858,1.096
325.888,1.100
325.918,1.099
325.948,1.098
325.978,1.091
326.008,1.091
326.038,1.094
326.068,1.088
326.098,1.094
326.128,1.091
326.158,1.096
326.188,1.093
326.218,1.093
326.248,1.094
326.278,1.099
326.308,1.100
326.338,1.097
326.368,1.097
326.398,1.096
326.428,1.088
326.458,1.092
326.488,1.095
326.518,1.100
326.548,1.099
326.578,1.095
326.608,1.092
326.638,1.097
326.668,1.097
326.698,1.095
326.728,1.099
326.758,1.093
326.788,1.091
326.818,1.093
326.848,1.097
326.878,1.098
326.908,1.096
326.938,1.093
326.968,1.094
326.998,1.097
327.028,1.097
327.058,1.096
327.088,1.098
327.118,1.093
327.148,1.093
327.178,1.090
327.208,1.086
327.238,1.085
327.268,1.087
327.298,1.091
327.328,1.098
327.358,1.099
327.388,1.100
327.418,1.100
327.448,1.098
327.478,1.096
327.508,1.098
327.538,1.101
327.568,1.103
327.598,1.096
327.628,1.095
327.658,1.091
327.688,1.092
327.718,1.093
327.748,1.094
327.778,1.096
327.808,1.098
327.838,1.094
327.868,1.091
327.898,1.095
327.928,1.098
327.958,1.096
327.988,1.096
328.018,1.091
328.048,1.093
328.078,1.094
328.108,1.087
328.138,1.095
328.168,1.094
328.198,1.095
328.228,1.100
328.258,1.093
328.288,1.092
328.318,1.090
328.348,1.087
328.378,1.092
328.408,1.096
328.438,1.097
328.468,1.090
328.498,1.088
328.528,1.085
328.558,1.083
328.588,1.091
328.618,1.090
328.648,1.089
328.678,1.095
328.708,1.091
328.738,1.095
328.768,1.096
328.798,1.096
328.828,1.092
328.858,1.095
328.888,1.090
328.918,1.094
328.948,1.095
328.978,1.097
329.008,1.098
329.038,1.096
329.068,1.094
329.098,1.094
329.128,1.094
329.158,1.086
329.188,1.091
329.218,1.089
329.248,1.087
329.278,1.089
329.308,1.088
329.338,1.088
329.368,1.088
329.398,1.080
329.428,1.081
329.458,1.084
329.488,1.081
329.518,1.087
329.548,1.092
329.578,1.099
329.608,1.102
329.638,1.105
329.668,1.100
329.698,1.086
329.728,1.080
329.758,1.063
329.788,1.066
329.818,1.075
329.848,1.068
329.878,1.067
329.908,1.079
329.938,1.093
329.968,1.097
329.998,1.091
330.028,1.096
330.058,1.101
330.088,1.102
330.118,1.092
330.148,1.098
330.178,1.101
330.208,1.097
330.238,1.094
330.268,1.104
330.298,1.095
330.328,1.099
330.358,1.104
330.388,1.098
330.418,1.097
330.448,1.096
330.478,1.095
330.508,1.095
330.538,1.089
330.568,1.086
330.598,1.088
330.628,1.088
330.658,1.092
330.688,1.088
330.718,1.087
330.748,1.094
330.778,1.091
330.808,1.095
330.838,1.094
330.868,1.091
330.898,1.093
330.928,1.094
330.958,1.095
330.988,1.096
331.018,1.093
331.048,1.091
331.078,1.097
331.108,1.097
331.138,1.098
331.168,1.098
331.198,1.096
331.228,1.093
331.258,1.092
331.288,1.084
331.318,1.083
331.348,1.093
331.378,1.095
331.408,1.091
331.438,1.093
331.468,1.090
331.498,1.087
331.528,1.088
331.558,1.092
331.588,1.091
331.618,1.095
331.648,1.099
331.678,1.095
331.708,1.089
331.738,1.085
331.768,1.083
331.798,1.081
331.828,1.088
331.858,1.092
331.888,1.093
331.918,1.091
331.948,1.093
331.978,1.095
332.008,1.094
332.038,1.100
332.068,1.096
332.098,1.093
332.128,1.091
332.158,1.087
332.188,1.092
332.218,1.094
332.248,1.094
332.278,1.093
332.308,1.097
332.338,1.092
332.368,1.089
332.398,1.091
332.428,1.090
332.458,1.090
332.488,1.089
332.518,1.093
332.548,1.093
332.578,1.099
332.608,1.096
332.638,1.096
332.668,1.093
332.698,1.089
332.728,1.089
332.758,1.092
332.788,1.097
332.818,1.097
332.848,1.094
332.878,1.091
332.908,1.089
332.938,1.091
332.968,1.097
332.998,1.092
333.028,1.094
333.058,1.096
333.088,1.093
333.118,1.089
333.148,1.088
333.178,1.090
333.208,1.092
333.238,1.093
333.268,1.092
333.298,1.089
333.328,1.093
333.358,1.092
333.388,1.092
333.418,1.098
333.448,1.098
333.478,1.094
333.508,1.089
333.538,1.085
333.568,1.091
333.598,1.095
333.628,1.095
333.658,1.096
333.688,1.096
333.718,1.093
333.748,1.090
333.778,1.093
333.808,1.091
333.838,1.089
333.868,1.093
333.898,1.089
333.928,1.090
333.958,1.089
333.988,1.093
334.018,1.091
334.048,1.094
334.078,1.093
334.108,1.093
334.138,1.091
334.168,1.091
334.198,1.088
334.228,1.091
334.258,1.093
334.288,1.088
334.318,1.093
334.348,1.100
334.378,1.096
334.408,1.089
334.438,1.093
334.468,1.090
334.498,1.090
334.528,1.095
334.558,1.096
334.588,1.091
334.618,1.090
334.648,1.093
334.678,1.095
334.708,1.091
334.738,1.095
334.768,1.092
334.798,1.090
334.828,1.091
334.858,1.094
334.888,1.096
334.918,1.095
334.948,1.094
334.978,1.092
335.008,1.095
335.038,1.092
335.068,1.093
335.098,1.086
335.128,1.087
335.158,1.090
335.188,1.091
335.218,1.094
335.248,1.096
335.278,1.095
335.308,1.092
335.338,1.090
335.368,1.095
335.398,1.097
335.428,1.093
335.458,1.094
335.488,1.092
335.518,1.089
335.548,1.090
335.578,1.092
335.608,1.097
335.638,1.094
335.668,1.091
335.698,1.092
335.728,1.094
335.758,1.091
335.788,1.093
335.818,1.096
335.848,1.092
335.878,1.095
335.908,1.096
335.938,1.094
335.968,1.090
335.998,1.089
336.028,1.089
336.058,1.092
336.088,1.098
336.118,1.093
336.148,1.096
336.178,1.095
336.208,1.093
336.238,1.093
336.268,1.093
336.298,1.092
336.328,1.088
336.358,1.093
336.388,1.093
336.418,1.091
336.448,1.094
336.478,1.094
336.508,1.092
336.538,1.097
336.568,1.094
336.598,1.093
336.628,1.090
336.658,1.093
336.688,1.094
336.718,1.097
336.748,1.097
336.778,1.097
336.808,1.094
336.838,1.091
336.868,1.088
336.898,1.087
336.928,1.090
336.958,1.091
336.988,1.093
337.018,1.100
337.048,1.100
337.078,1.093
337.108,1.089
337.138,1.091
337.168,1.087
337.198,1.090
337.228,1.093
337.258,1.091
337.288,1.091
337.318,1.086
337.348,1.091
337.378,1.094
337.408,1.096
337.438,1.094
337.468,1.096
337.498,1.097
337.528,1.097
337.558,1.100
337.588,1.094
337.618,1.096
337.648,1.101
337.678,1.097
337.708,1.088
337.738,1.086
337.768,1.085
337.798,1.082
337.828,1.083
337.858,1.091
337.888,1.095
337.918,1.091
337.948,1.093
337.978,1.096
338.008,1.095
338.038,1.094
338.068,1.099
338.098,1.092
338.128,1.092
338.158,1.093
338.188,1.095
338.218,1.092
338.248,1.095
338.278,1.095
338.308,1.097
338.338,1.094
338.368,1.095
338.398,1.097
338.428,1.095
338.458,1.092
338.488,1.098
338.518,1.094
338.548,1.091
338.578,1.092
338.608,1.092
338.638,1.089
338.668,1.090
338.698,1.094
338.728,1.093
338.758,1.093
338.788,1.093
338.818,1.094
338.848,1.095
338.878,1.094
338.908,1.090
338.938,1.092
338.968,1.094
338.998,1.090
339.028,1.090
339.058,1.092
339.088,1.098
339.118,1.097
339.148,1.096
339.178,1.096
339.208,1.090
339.238,1.087
339.268,1.093
339.298,1.097
339.328,1.097
339.358,1.098
339.388,1.100
339.418,1.096
339.448,1.091
339.478,1.097
339.508,1.090
339.538,1.088
339.568,1.088
339.598,1.089
339.628,1.089
339.658,1.093
339.688,1.092
339.718,1.095
339.748,1.101
339.778,1.092
339.808,1.087
339.838,1.087
339.868,1.089
339.898,1.096
339.928,1.100
339.958,1.096
339.988,1.097
340.018,1.094
340.048,1.097
340.078,1.100
340.108,1.092
340.138,1.094
340.168,1.090
340.198,1.089
340.228,1.091
340.258,1.093
340.288,1.090
340.318,1.093
340.348,1.094
340.378,1.091
340.408,1.092
340.438,1.091
340.468,1.089
340.498,1.093
340.528,1.096
340.558,1.096
340.588,1.097
340.618,1.094
340.648,1.093
340.678,1.095
340.708,1.092
340.738,1.091
340.768,1.093
340.798,1.098
340.828,1.092
340.858,1.094
340.888,1.092
340.918,1.087
340.948,1.088
340.978,1.089
341.008,1.098
341.038,1.098
341.068,1.098
341.098,1.094
341.128,1.092
341.158,1.090
341.188,1.091
341.218,1.094
341.248,1.092
341.278,1.096
341.308,1.094
341.338,1.089
341.368,1.092
341.398,1.095
341.428,1.095
341.458,1.095
341.488,1.095
341.518,1.087
341.548,1.091
341.578,1.095
341.608,1.095
341.638,1.098
341.668,1.099
341.698,1.095
341.728,1.092
341.758,1.092
341.788,1.093
341.818,1.090
341.848,1.093
341.878,1.097
341.908,1.096
341.938,1.097
341.968,1.095
341.998,1.091
342.028,1.091
342.058,1.095
342.088,1.094
342.118,1.095
342.148,1.088
342.178,1.089
342.208,1.088
342.238,1.095
342.268,1.096
342.298,1.101
342.328,1.095
342.358,1.095
342.388,1.090
342.418,1.088
342.448,1.090
342.478,1.095
342.508,1.099
342.538,1.099
342.568,1.092
342.598,1.092
342.628,1.091
342.658,1.095
342.688,1.090
342.718,1.096
342.748,1.095
342.778,1.098
342.808,1.088
342.838,1.091
342.868,1.088
342.898,1.091
342.928,1.102
342.958,1.103
342.988,1.092
343.018,1.099
343.048,1.100
343.078,1.095
343.108,1.099
343.138,1.095
343.168,1.099
343.198,1.091
343.228,1.099
343.258,1.095
343.288,1.090
343.318,1.086
343.348,1.083
343.378,1.082
343.408,1.078
343.438,1.081
343.468,1.081
343.498,1.101
343.528,1.095
343.558,1.098
343.588,1.097
343.618,1.085
343.648,1.089
343.678,1.085
343.708,1.081
343.738,1.081
343.768,1.073
343.798,1.069
343.828,1.065
343.858,1.066
343.888,1.063
343.918,1.067
343.948,1.062
343.978,1.073
344.008,1.077
344.038,1.081
344.068,1.070
344.098,1.077
344.128,1.070
344.158,1.082
344.188,1.077
344.218,1.087
344.248,1.088
344.278,1.086
344.308,1.099
344.338,1.089
344.368,1.085
344.398,1.083
344.428,1.091
344.458,1.099
344.488,1.096
344.518,1.100
344.548,1.086
344.578,1.075
344.608,1.076
344.638,1.073
344.668,1.078
344.698,1.075
344.728,1.075
344.758,1.074
344.788,1.077
344.818,1.075
344.848,1.088
344.878,1.084
344.908,1.090
344.938,1.089
344.968,1.087
344.998,1.088
345.028,1.087
345.058,1.078
345.088,1.078
345.118,1.075
345.148,1.079
345.178,1.081
345.208,1.081
345.238,1.081
345.268,1.078
345.298,1.082
345.328,1.080
345.358,1.079
345.388,1.079
345.418,1.081
345.448,1.083
345.478,1.084
345.508,1.084
345.538,1.082
345.568,1.084
345.598,1.080
345.628,1.082
345.658,1.085
345.688,1.082
345.718,1.086
345.748,1.080
345.778,1.081
345.808,1.081
345.838,1.085
345.868,1.083
345.898,1.077
345.928,1.079
345.958,1.079
345.988,1.081
346.018,1.081
346.048,1.083
346.078,1.080
346.108,1.081
346.138,1.084
346.168,1.085
346.198,1.080
346.228,1.082
346.258,1.081
346.288,1.081
346.318,1.083
346.348,1.079
346.378,1.078
346.408,1.083
346.438,1.084
346.468,1.081
346.498,1.080
346.528,1.082
346.558,1.084
346.588,1.077
346.618,1.083
346.648,1.083
346.678,1.083
346.708,1.079
346.738,1.082
346.768,1.084
346.798,1.082
346.828,1.081
346.858,1.080
346.888,1.083
346.918,1.083
346.948,1.080
346.978,1.082
347.008,1.083
347.038,1.084
347.068,1.081
347.098,1.083
347.128,1.083
347.158,1.078
347.188,1.078
347.218,1.082
347.248,1.085
347.278,1.080
347.308,1.081
347.338,1.086
347.368,1.083
347.398,1.083
347.428,1.085
347.458,1.085
347.488,1.085
347.518,1.085
347.548,1.086
347.578,1.082
347.608,1.082
347.638,1.080
347.668,1.084
347.698,1.086
347.728,1.083
347.758,1.081
347.788,1.079
347.818,1.084
347.848,1.085
347.878,1.080
347.908,1.080
347.938,1.085
347.968,1.084
347.998,1.084
348.028,1.087
348.058,1.085
348.088,1.083
348.118,1.078
348.148,1.079
348.178,1.080
348.208,1.078
348.238,1.081
348.268,1.081
348.298,1.086
348.328,1.088
348.358,1.079
348.388,1.087
348.418,1.085
348.448,1.083
348.478,1.081
348.508,1.075
348.538,1.075
348.568,1.079
348.598,1.082
348.628,1.086
348.658,1.088
348.688,1.088
348.718,1.084
348.748,1.085
348.778,1.087
348.808,1.087
348.838,1.080
348.868,1.079
348.898,1.075
348.928,1.071
348.958,1.084
348.988,1.082
349.018,1.081
349.048,1.083
349.078,1.080
349.108,1.083
349.138,1.083
349.168,1.087
349.198,1.081
349.228,1.079
349.258,1.079
349.288,1.078
349.318,1.078
349.348,1.080
349.378,1.084
349.408,1.087
349.438,1.090
349.468,1.085
349.498,1.086
349.528,1.088
349.558,1.087
349.588,1.084
349.618,1.081
349.648,1.077
349.678,1.080
349.708,1.086
349.738,1.082
349.768,1.086
349.798,1.083
349.828,1.086
349.858,1.082
349.888,1.081
349.918,1.080
349.948,1.083
349.978,1.080
350.008,1.081
350.038,1.082
350.068,1.086
350.098,1.091
350.128,1.082
350.158,1.086
350.188,1.083
350.218,1.085
350.248,1.082
350.278,1.083
350.308,1.089
350.338,1.087
350.368,1.083
350.398,1.080
350.428,1.079
350.458,1.088
350.488,1.086
350.518,1.086
350.548,1.086
350.578,1.079
350.608,1.083
350.638,1.082
350.668,1.088
350.698,1.081
350.728,1.082
350.758,1.087
350.788,1.083
350.818,1.086
350.848,1.080
350.878,1.081
350.908,1.085
350.938,1.083
350.968,1.085
350.998,1.088
351.028,1.087
351.058,1.085
351.088,1.081
351.118,1.086
351.148,1.085
351.178,1.083
351.208,1.081
351.238,1.084
351.268,1.081
351.298,1.083
351.328,1.086
351.358,1.084
351.388,1.086
351.418,1.086
351.448,1.086
351.478,1.081
351.508,1.088
351.538,1.088
351.568,1.085
351.598,1.084
351.628,1.087
351.658,1.083
351.688,1.085
351.718,1.085
351.748,1.083
351.778,1.089
351.808,1.088
351.838,1.079
351.868,1.086
351.898,1.084
351.928,1.085
351.958,1.088
351.988,1.086
352.018,1.084
352.048,1.084
352.078,1.084
352.108,1.084
352.138,1.084
352.168,1.079
352.198,1.087
352.228,1.089
352.258,1.084
352.288,1.085
352.318,1.088
352.348,1.082
352.378,1.083
352.408,1.082
352.438,1.085
352.468,1.081
352.498,1.084
352.528,1.084
352.558,1.087
352.588,1.085
352.618,1.085
352.648,1.091
352.678,1.088
352.708,1.088
352.738,1.082
352.768,1.084
352.798,1.082
352.828,1.084
352.858,1.087
352.888,1.083
352.918,1.084
352.948,1.083
352.978,1.084
353.008,1.089
353.038,1.090
353.068,1.087
353.098,1.084
353.128,1.084
353.158,1.086
353.188,1.082
353.218,1.086
353.248,1.087
353.278,1.078
353.308,1.081
353.338,1.084
353.368,1.085
353.398,1.083
353.428,1.084
353.458,1.088
353.488,1.086
353.518,1.085
353.548,1.087
353.578,1.082
353.608,1.088
353.638,1.083
353.668,1.085
353.698,1.089
353.728,1.086
353.758,1.084
353.788,1.086
353.818,1.079
353.848,1.086
353.878,1.087
353.908,1.083
353.938,1.089
353.968,1.090
353.998,1.090
354.028,1.088
354.058,1.084
354.088,1.085
354.118,1.090
354.148,1.086
354.178,1.085
354.208,1.083
354.238,1.088
354.268,1.086
354.298,1.087
354.328,1.089
354.358,1.085
354.388,1.082
354.418,1.089
354.448,1.089
354.478,1.086
354.508,1.083
354.538,1.087
354.568,1.089
354.598,1.084
354.628,1.084
354.658,1.088
354.688,1.088
354.718,1.086
354.748,1.087
354.778,1.091
354.808,1.089
354.838,1.090
354.868,1.091
354.898,1.083
354.928,1.088
354.958,1.088
354.988,1.096
355.018,1.084
355.048,1.088
355.078,1.086
355.108,1.091
355.138,1.083
355.168,1.084
355.198,1.082
355.228,1.085
355.258,1.077
355.288,1.076
355.318,1.080
355.348,1.082
355.378,1.083
355.408,1.081
355.438,1.086
355.468,1.093
355.498,1.093
355.528,1.090
355.558,1.088
355.588,1.092
355.618,1.093
355.648,1.091
355.678,1.083
355.708,1.090
355.738,1.095
355.768,1.083
355.798,1.087
355.828,1.091
355.858,1.092
355.888,1.072
355.918,1.073
355.948,1.073
355.978,1.070
356.008,1.062
356.038,1.071
356.068,1.075
356.098,1.082
356.128,1.087
356.158,1.085
356.188,1.084
356.218,1.078
356.248,1.085
356.278,1.081
356.308,1.081
356.338,1.077
356.368,1.084
356.398,1.082
356.428,1.083
356.458,1.087
356.488,1.085
356.518,1.081
356.548,1.088
356.578,1.083
356.608,1.082
356.638,1.086
356.668,1.086
356.698,1.081
356.728,1.081
356.758,1.081
356.788,1.090
356.818,1.090
356.848,1.088
356.878,1.094
356.908,1.088
356.938,1.085
356.968,1.086
356.998,1.086
357.028,1.086
357.058,1.084
357.088,1.088
357.118,1.084
357.148,1.085
357.178,1.083
357.208,1.081
357.238,1.082
357.268,1.084
357.298,1.083
357.328,1.085
357.358,1.089
357.388,1.089
357.418,1.086
357.448,1.087
357.478,1.085
357.508,1.083
357.538,1.086
357.568,1.088
357.598,1.087
357.628,1.088
357.658,1.085
357.688,1.087
357.718,1.085
357.748,1.080
357.778,1.080
357.808,1.094
357.838,1.089
357.868,1.088
357.898,1.090
357.928,1.090
357.958,1.088
357.988,1.086
358.018,1.086
358.048,1.080
358.078,1.085
358.108,1.089
358.138,1.087
358.168,1.090
358.198,1.088
358.228,1.087
358.258,1.086
358.288,1.085
358.318,1.079
358.348,1.086
358.378,1.087
358.408,1.088
358.438,1.089
358.468,1.084
358.498,1.081
358.528,1.090
358.558,1.092
358.588,1.089
358.618,1.090
358.648,1.087
358.678,1.086
358.708,1.086
358.738,1.084
358.768,1.085
358.798,1.082
358.828,1.090
358.858,1.088
358.888,1.084
358.918,1.084
358.948,1.082
358.978,1.080
359.008,1.084
359.038,1.092
359.068,1.089
359.098,1.091
359.128,1.085
359.158,1.088
359.188,1.083
359.218,1.081
359.248,1.082
359.278,1.089
359.308,1.090
359.338,1.090
359.368,1.091
359.398,1.091
359.428,1.093
359.458,1.092
359.488,1.088
359.518,1.080
359.548,1.086
359.578,1.087
359.608,1.091
359.638,1.090
359.668,1.084
359.698,1.088
359.728,1.085
359.758,1.082
359.788,1.081
359.818,1.078
359.848,1.091
359.878,1.088
359.908,1.091
359.938,1.089
359.968,1.088
359.998,1.085
360.028,1.081
360.058,1.085
360.088,1.088
360.118,1.092
360.148,1.093
360.178,1.089
360.208,1.082
360.238,1.081
360.268,1.083
360.298,1.083
360.328,1.093
360.358,1.097
360.388,1.089
360.418,1.091
360.448,1.088
360.478,1.082
360.508,1.081
360.538,1.082
360.568,1.086
360.598,1.091
360.628,1.085
360.658,1.088
360.688,1.092
360.718,1.094
360.748,1.090
360.778,1.085
360.808,1.083
360.838,1.078
360.868,1.090
360.898,1.094
360.928,1.092
360.958,1.095
360.988,1.091
361.018,1.089
361.048,1.088
361.078,1.086
361.108,1.087
361.138,1.087
361.168,1.084
361.198,1.085
361.228,1.086
361.258,1.081
361.288,1.090
361.318,1.089
361.348,1.087
361.378,1.088
361.408,1.088
361.438,1.086
361.468,1.089
361.498,1.090
361.528,1.086
361.558,1.089
361.588,1.085
361.618,1.087
361.648,1.086
361.678,1.089
361.708,1.092
361.738,1.090
361.768,1.084
361.798,1.085
361.828,1.086
361.858,1.081
361.888,1.082
361.918,1.083
361.948,1.086
361.978,1.090
362.008,1.087
362.038,1.090
362.068,1.087
362.098,1.084
362.128,1.086
362.158,1.085
362.188,1.087
362.218,1.092
362.248,1.089
362.278,1.088
362.308,1.086
362.338,1.084
362.368,1.086
362.398,1.089
362.428,1.087
362.458,1.087
362.488,1.090
362.518,1.088
362.548,1.092
362.578,1.089
362.608,1.089
362.638,1.087
362.668,1.085
362.698,1.090
362.728,1.086
362.758,1.090
362.788,1.093
362.818,1.088
362.848,1.091
362.878,1.092
362.908,1.086
362.938,1.088
362.968,1.085
362.998,1.092
363.028,1.091
363.058,1.090
363.088,1.093
363.118,1.091
363.148,1.088
363.178,1.086
363.208,1.084
363.238,1.087
363.268,1.090
363.298,1.091
363.328,1.092
363.358,1.090
363.388,1.087
363.418,1.084
363.448,1.087
363.478,1.080
363.508,1.084
363.538,1.086
363.568,1.088
363.598,1.087
363.628,1.088
363.658,1.088
363.688,1.088
363.718,1.087
363.748,1.085
363.778,1.093
363.808,1.093
363.838,1.091
363.868,1.091
363.898,1.090
363.928,1.092
363.958,1.092
363.988,1.089
364.018,1.088
364.048,1.087
364.078,1.088
364.108,1.091
364.138,1.093
364.168,1.088
364.198,1.089
364.228,1.088
364.258,1.087
364.288,1.086
364.318,1.089
364.348,1.089
364.378,1.084
364.408,1.088
364.438,1.087
364.468,1.089
364.498,1.090
364.528,1.090
364.558,1.087
364.588,1.089
364.618,1.090
364.648,1.086
364.678,1.089
364.708,1.088
364.738,1.092
364.768,1.089
364.798,1.086
364.828,1.081
364.858,1.089
364.888,1.088
364.918,1.090
364.948,1.090
364.978,1.089
365.008,1.088
365.038,1.092
365.068,1.089
365.098,1.088
365.128,1.084
365.158,1.084
365.188,1.091
365.218,1.091
365.248,1.090
365.278,1.087
365.308,1.091
365.338,1.087
365.368,1.092
365.398,1.090
365.428,1.088
365.458,1.088
365.488,1.088
365.518,1.087
365.548,1.091
365.578,1.094
365.608,1.089
365.638,1.088
365.668,1.087
365.698,1.092
365.728,1.091
365.758,1.093
365.788,1.094
365.818,1.102
365.848,1.094
365.878,1.088
365.908,1.093
365.938,1.094
365.968,1.093
365.998,1.094
366.028,1.094
366.058,1.099
366.088,1.104
366.118,1.111
366.148,1.100
366.178,1.092
366.208,1.085
366.238,1.078
366.268,1.087
366.298,1.088
366.328,1.090
366.358,1.096
366.388,1.098
366.418,1.101
366.448,1.100
366.478,1.089
366.508,1.095
366.538,1.096
366.568,1.083
366.598,1.077
366.628,1.062
366.658,1.062
366.688,1.051
366.718,1.063
366.748,1.062
366.778,1.080
366.808,1.085
366.838,1.091
366.868,1.082
366.898,1.076
366.928,1.072
366.958,1.054
366.988,1.050
367.018,1.052
367.048,1.054
367.078,1.055
367.108,1.059
367.138,1.059
367.168,1.056
367.198,1.064
367.228,1.078
367.258,1.084
367.288,1.088
367.318,1.100
367.348,1.096
367.378,1.092
367.408,1.093
367.438,1.088
367.468,1.079
367.498,1.092
367.528,1.088
367.558,1.086
367.588,1.085
367.618,1.089
367.648,1.094
367.678,1.099
367.708,1.097
367.738,1.091
367.768,1.088
367.798,1.087
367.828,1.087
367.858,1.085
367.888,1.087
367.918,1.091
367.948,1.082
367.978,1.079
368.008,1.079
368.038,1.081
368.068,1.082
368.098,1.083
368.128,1.080
368.158,1.077
368.188,1.081
368.218,1.084
368.248,1.087
368.278,1.084
368.308,1.086
368.338,1.083
368.368,1.084
368.398,1.081
368.428,1.086
368.458,1.084
368.488,1.085
368.518,1.089
368.548,1.085
368.578,1.084
368.608,1.087
368.638,1.088
368.668,1.085
368.698,1.086
368.728,1.087
368.758,1.086
368.788,1.086
368.818,1.083
368.848,1.083
368.878,1.084
368.908,1.084
368.938,1.082
368.968,1.087
368.998,1.090
369.028,1.083
369.058,1.083
369.088,1.083
369.118,1.085
369.148,1.081
369.178,1.087
369.208,1.088
369.238,1.085
369.268,1.087
369.298,1.087
369.328,1.083
369.358,1.084
369.388,1.089
369.418,1.086
369.448,1.086
369.478,1.088
369.508,1.094
369.538,1.090
369.568,1.090
369.598,1.089
369.628,1.083
369.658,1.084
369.688,1.086
369.718,1.086
369.748,1.080
369.778,1.086
369.808,1.086
369.838,1.087
369.868,1.082
369.898,1.087
369.928,1.084
369.958,1.082
369.988,1.087
370.018,1.090
370.048,1.084
370.078,1.085
370.108,1.082
370.138,1.083
370.168,1.080
370.198,1.083
370.228,1.078
370.258,1.085
370.288,1.092
370.318,1.089
370.348,1.088
370.378,1.087
370.408,1.084
370.438,1.081
370.468,1.083
370.498,1.085
370.528,1.089
370.558,1.092
370.588,1.091
370.618,1.090
370.648,1.089
370.678,1.089
370.708,1.085
370.738,1.082
370.768,1.083
370.798,1.079
370.828,1.079
370.858,1.079
370.888,1.086
370.918,1.093
370.948,1.091
370.978,1.090
371.008,1.088
371.038,1.086
371.068,1.084
371.098,1.086
371.128,1.084
371.158,1.085
371.188,1.085
371.218,1.086
371.248,1.089
371.278,1.083
371.308,1.083
371.338,1.086
371.368,1.084
371.398,1.084
371.428,1.086
371.458,1.093
371.488,1.084
371.518,1.085
371.548,1.085
371.578,1.084
371.608,1.083
371.638,1.083
371.668,1.083
371.698,1.086
371.728,1.085
371.758,1.090
371.788,1.084
371.818,1.086
371.848,1.092
371.878,1.091
371.908,1.088
371.938,1.085
371.968,1.086
371.998,1.086
372.028,1.086
372.058,1.090
372.088,1.089
372.118,1.087
372.148,1.087
372.178,1.088
372.208,1.088
372.238,1.084
372.268,1.083
372.298,1.084
372.328,1.090
372.358,1.093
372.388,1.089
372.418,1.085
372.448,1.083
372.478,1.085
372.508,1.087
372.538,1.088
372.568,1.089
372.598,1.092
372.628,1.085
372.658,1.084
372.688,1.084
372.718,1.085
372.748,1.089
372.778,1.088
372.808,1.088
372.838,1.083
372.868,1.090
372.898,1.090
372.928,1.085
372.958,1.088
372.988,1.083
373.018,1.088
373.048,1.081
373.078,1.085
373.108,1.081
373.138,1.084
373.168,1.087
373.198,1.087
373.228,1.085
373.258,1.087
373.288,1.088
373.318,1.093
373.348,1.093
373.378,1.088
373.408,1.084
373.438,1.083
373.468,1.084
373.498,1.087
373.528,1.093
373.558,1.095
373.588,1.092
373.618,1.082
373.648,1.086
373.678,1.086
373.708,1.085
373.738,1.091
373.768,1.091
373.798,1.088
373.828,1.084
373.858,1.083
373.888,1.088
373.918,1.086
373.948,1.086
373.978,1.088
374.008,1.086
374.038,1.087
374.068,1.084
374.098,1.090
374.128,1.089
374.158,1.086
374.188,1.085
374.218,1.086
374.248,1.085
374.278,1.088
374.308,1.091
374.338,1.087
374.368,1.086
374.398,1.090
374.428,1.087
374.458,1.082
374.488,1.083
374.518,1.086
374.548,1.087
374.578,1.091
374.608,1.086
374.638,1.086
374.668,1.082
374.698,1.083
374.728,1.088
374.758,1.088
374.788,1.086
374.818,1.085
374.848,1.083
374.878,1.081
374.908,1.089
374.938,1.092
374.968,1.092
374.998,1.097
375.028,1.100
375.058,1.090
375.088,1.089
375.118,1.090
375.148,1.086
375.178,1.086
375.208,1.085
375.238,1.082
375.268,1.079
375.298,1.086
375.328,1.085
375.358,1.086
375.388,1.087
375.418,1.087
375.448,1.093
375.478,1.090
375.508,1.089
375.538,1.087
375.568,1.088
375.598,1.086
375.628,1.086
375.658,1.085
375.688,1.084
375.718,1.085
375.748,1.086
375.778,1.084
375.808,1.087
375.838,1.085
375.868,1.090
375.898,1.090
375.928,1.094
375.958,1.088
375.988,1.085
376.018,1.084
376.048,1.088
376.078,1.090
376.108,1.087
376.138,1.085
376.168,1.087
376.198,1.086
376.228,1.084
376.258,1.085
376.288,1.088
376.318,1.087
376.348,1.091
376.378,1.088
376.408,1.087
376.438,1.085
376.468,1.085
376.498,1.084
376.528,1.086
376.558,1.092
376.588,1.089
376.618,1.089
376.648,1.087
376.678,1.088
376.708,1.088
376.738,1.087
376.768,1.090
376.798,1.089
376.828,1.085
376.858,1.085
376.888,1.092
376.918,1.094
376.948,1.091
376.978,1.085
377.008,1.081
377.038,1.085
377.068,1.089
377.098,1.090
377.128,1.089
377.158,1.092
377.188,1.090
377.218,1.085
377.248,1.085
377.278,1.085
377.308,1.084
377.338,1.084
377.368,1.090
377.398,1.088
377.428,1.090
377.458,1.088
377.488,1.085
377.518,1.088
377.548,1.088
377.578,1.082
377.608,1.081
377.638,1.082
377.668,1.084
377.698,1.088
377.728,1.089
377.758,1.094
377.788,1.091
377.818,1.088
377.848,1.083
377.878,1.085
377.908,1.090
377.938,1.089
377.968,1.089
377.998,1.094
378.028,1.093
378.058,1.088
378.088,1.085
378.118,1.087
378.148,1.087
378.178,1.087
378.208,1.087
378.238,1.091
378.268,1.090
378.298,1.095
378.328,1.088
378.358,1.086
378.388,1.086
378.418,1.089
378.448,1.088
378.478,1.086
378.508,1.090
378.538,1.086
378.568,1.091
378.598,1.090
378.628,1.094
378.658,1.093
378.688,1.091
378.718,1.088
378.748,1.084
378.778,1.090
378.808,1.089
378.838,1.096
378.868,1.094
378.898,1.094
378.928,1.094
378.958,1.089
378.988,1.094
379.018,1.092
379.048,1.089
379.078,1.090
379.108,1.071
379.138,1.076
379.168,1.094
379.198,1.104
379.228,1.110
379.258,1.105
379.288,1.098
379.318,1.089
379.348,1.089
379.378,1.071
379.408,1.075
379.438,1.078
379.468,1.075
379.498,1.077
379.528,1.073
379.558,1.088
379.588,1.084
379.618,1.081
379.648,1.092
379.678,1.087
379.708,1.078
379.738,1.078
379.768,1.079
379.798,1.077
379.828,1.061
379.858,1.065
379.888,1.066
379.918,1.069
379.948,1.070
379.978,1.080
380.008,1.082
380.038,1.080
380.068,1.084
380.098,1.085
380.128,1.078
380.158,1.070
380.188,1.067
380.218,1.070
380.248,1.086
380.278,1.109
380.308,1.110
380.338,1.104
380.368,1.116
380.398,1.116
380.428,1.098
380.458,1.093
380.488,1.095
380.518,1.085
380.548,1.087
380.578,1.080
380.608,1.079
380.638,1.079
380.668,1.077
380.698,1.088
380.728,1.092
380.758,1.103
380.788,1.102
380.818,1.105
380.848,1.097
380.878,1.091
380.908,1.094
380.938,1.093
380.968,1.083
380.998,1.084
381.028,1.088
381.058,1.092
381.088,1.094
381.118,1.091
381.148,1.084
381.178,1.086
381.208,1.087
381.238,1.085
381.268,1.087
381.298,1.088
381.328,1.089
381.358,1.095
381.388,1.090
381.418,1.091
381.448,1.092
381.478,1.089
381.508,1.091
381.538,1.091
381.568,1.095
381.598,1.093
381.628,1.090
381.658,1.095
381.688,1.098
381.718,1.092
381.748,1.094
381.778,1.089
381.808,1.087
381.838,1.086
381.868,1.089
381.898,1.092
381.928,1.084
381.958,1.092
381.988,1.095
382.018,1.091
382.048,1.094
382.078,1.092
382.108,1.093
382.138,1.089
382.168,1.086
382.198,1.086
382.228,1.092
382.258,1.094
382.288,1.093
382.318,1.095
382.348,1.096
382.378,1.088
382.408,1.091
382.438,1.091
382.468,1.092
382.498,1.097
382.528,1.101
382.558,1.090
382.588,1.085
382.618,1.081
382.648,1.086
382.678,1.086
382.708,1.096
382.738,1.093
382.768,1.089
382.798,1.089
382.828,1.088
382.858,1.083
382.888,1.084
382.918,1.088
382.948,1.093
382.978,1.097
383.008,1.096
383.038,1.090
383.068,1.095
383.098,1.090
383.128,1.093
383.158,1.097
383.188,1.095
383.218,1.097
383.248,1.100
383.278,1.105
383.308,1.099
383.338,1.098
383.368,1.093
383.398,1.087
383.428,1.086
383.458,1.083
383.488,1.083
383.518,1.093
383.548,1.094
383.578,1.094
383.608,1.098
383.638,1.088
383.668,1.084
383.698,1.079
383.728,1.071
383.758,1.074
383.788,1.082
383.818,1.086
383.848,1.096
383.878,1.092
383.908,1.096
383.938,1.092
383.968,1.085
383.998,1.085
384.028,1.090
384.058,1.086
384.088,1.088
384.118,1.093
384.148,1.090
384.178,1.091
384.208,1.095
384.238,1.092
384.268,1.092
384.298,1.100
384.328,1.093
384.358,1.095
384.388,1.089
384.418,1.086
384.448,1.091
384.478,1.091
384.508,1.095
384.538,1.092
384.568,1.090
384.598,1.090
384.628,1.086
384.658,1.092
384.688,1.093
384.718,1.091
384.748,1.090
384.778,1.090
384.808,1.091
384.838,1.091
384.868,1.091
384.898,1.091
384.928,1.093
384.958,1.094
384.988,1.090
385.018,1.091
385.048,1.090
385.078,1.092
385.108,1.086
385.138,1.085
385.168,1.090
385.198,1.094
385.228,1.095
385.258,1.091
385.288,1.093
385.318,1.092
385.348,1.093
385.378,1.088
385.408,1.091
385.438,1.088
385.468,1.088
385.498,1.095
385.528,1.095
385.558,1.093
385.588,1.092
385.618,1.086
385.648,1.087
385.678,1.089
385.708,1.086
385.738,1.094
385.768,1.091
385.798,1.091
385.828,1.091
385.858,1.087
385.888,1.088
385.918,1.087
385.948,1.086
385.978,1.093
386.008,1.093
386.038,1.092
386.068,1.092
386.098,1.093
386.128,1.090
386.158,1.090
386.188,1.091
386.218,1.087
386.248,1.087
386.278,1.092
386.308,1.090
386.338,1.094
386.368,1.092
386.398,1.092
386.428,1.096
386.458,1.089
386.488,1.087
386.518,1.092
386.548,1.094
386.578,1.088
386.608,1.095
386.638,1.093
386.668,1.088
386.698,1.090
386.728,1.090
386.758,1.090
386.788,1.093
386.818,1.091
386.848,1.093
386.878,1.089
386.908,1.089
386.938,1.090
386.968,1.093
386.998,1.091
387.028,1.085
387.058,1.088
387.088,1.090
387.118,1.092
387.148,1.091
387.178,1.098
387.208,1.096
387.238,1.088
387.268,1.088
387.298,1.088
387.328,1.093
387.358,1.090
387.388,1.092
387.418,1.092
387.448,1.091
387.478,1.096
387.508,1.091
387.538,1.088
387.568,1.086
387.598,1.086
387.628,1.087
387.658,1.096
387.688,1.098
387.718,1.094
387.748,1.094
387.778,1.093
387.808,1.089
387.838,1.090
387.868,1.090
387.898,1.096
387.928,1.093
387.958,1.088
387.988,1.088
388.018,1.085
388.048,1.084
388.078,1.090
388.108,1.090
388.138,1.092
388.168,1.090
388.198,1.085
388.228,1.087
388.258,1.094
388.288,1.099
388.318,1.090
388.348,1.092
388.378,1.095
388.408,1.095
388.438,1.089
388.468,1.088
388.498,1.087
388.528,1.085
388.558,1.082
388.588,1.092
388.618,1.092
388.648,1.094
388.678,1.093
388.708,1.096
388.738,1.096
388.768,1.086
388.798,1.093
388.828,1.093
388.858,1.092
388.888,1.093
388.918,1.092
388.948,1.081
388.978,1.092
389.008,1.093
389.038,1.093
389.068,1.094
389.098,1.094
389.128,1.093
389.158,1.091
389.188,1.094
389.218,1.091
389.248,1.089
389.278,1.091
389.308,1.095
389.338,1.094
389.368,1.094
389.398,1.092
389.428,1.091
389.458,1.092
389.488,1.091
389.518,1.092
389.548,1.094
389.578,1.094
389.608,1.091
389.638,1.092
389.668,1.092
389.698,1.098
389.728,1.093
389.758,1.098
389.788,1.098
389.818,1.100
389.848,1.092
389.878,1.090
389.908,1.089
389.938,1.087
389.968,1.089
389.998,1.088
390.028,1.089
390.058,1.081
390.088,1.083
390.118,1.085
390.148,1.096
390.178,1.100
390.208,1.103
390.238,1.097
390.268,1.091
390.298,1.093
390.328,1.094
390.358,1.094
390.388,1.103
390.418,1.102
390.448,1.104
390.478,1.104
390.508,1.105
390.538,1.110
390.568,1.101
390.598,1.099
390.628,1.095
390.658,1.096
390.688,1.093
390.718,1.092
390.748,1.092
390.778,1.089
390.808,1.078
390.838,1.078
390.868,1.081
390.898,1.081
390.928,1.075
390.958,1.079
390.988,1.075
391.018,1.089
391.048,1.091
391.078,1.084
391.108,1.086
391.138,1.078
391.168,1.080
391.198,1.084
391.228,1.079
391.258,1.081
391.288,1.093
391.318,1.083
391.348,1.077
391.378,1.073
391.408,1.072
391.438,1.075
391.468,1.076
391.498,1.081
391.528,1.078
391.558,1.078
391.588,1.085
391.618,1.087
391.648,1.096
391.678,1.097
391.708,1.099
391.738,1.095
391.768,1.072
391.798,1.068
391.828,1.063
391.858,1.068
391.888,1.108
391.918,1.107
391.948,1.105
391.978,1.098
392.008,1.084
392.038,1.082
392.068,1.088
392.098,1.075
392.128,1.076
392.158,1.091
392.188,1.085
392.218,1.085
392.248,1.068
392.278,1.058
392.308,1.081
392.338,1.082
392.368,1.092
392.398,1.086
392.428,1.075
392.458,1.071
392.488,1.072
392.518,1.089
392.548,1.084
392.578,1.107
392.608,1.096
392.638,1.104
392.668,1.091
392.698,1.103
392.728,1.101
392.758,1.095
392.788,1.099
392.818,1.088
392.848,1.075
392.878,1.089
392.908,1.098
392.938,1.088
392.968,1.083
392.998,1.093
393.028,1.084
393.058,1.097
393.088,1.107
393.118,1.110
393.148,1.113
393.178,1.098
393.208,1.086
393.238,1.082
393.268,1.067
393.298,1.061
393.328,1.043
393.358,1.057
393.388,1.066
393.418,1.065
393.448,1.066
393.478,1.059
393.508,1.060
393.538,1.055
393.568,1.049
393.598,1.057
393.628,1.061
393.658,1.067
393.688,1.071
393.718,1.063
393.748,1.075
393.778,1.074
393.808,1.079
393.838,1.053
393.868,1.043
393.898,1.048
393.928,1.048
393.958,1.067
393.988,1.078
394.018,1.081
394.048,1.077
394.078,1.070
394.108,1.075
394.138,1.073
394.168,1.070
394.198,1.076
394.228,1.076
394.258,1.082
394.288,1.073
394.318,1.076
394.348,1.086
394.378,1.082
394.408,1.089
394.438,1.093
394.468,1.094
394.498,1.087
394.528,1.080
394.558,1.076
394.588,1.074
394.618,1.079
394.648,1.079
394.678,1.085
394.708,1.080
394.738,1.080
394.768,1.074
394.798,1.076
394.828,1.076
394.858,1.079
394.888,1.079
394.918,1.070
394.948,1.075
394.978,1.076
395.008,1.079
395.038,1.073
395.068,1.072
395.098,1.077
395.128,1.075
395.158,1.077
395.188,1.074
395.218,1.079
395.248,1.078
395.278,1.079
395.308,1.077
395.338,1.079
395.368,1.076
395.398,1.078
395.428,1.076
395.458,1.077
395.488,1.077
395.518,1.078
395.548,1.075
395.578,1.080
395.608,1.076
395.638,1.069
395.668,1.078
395.698,1.085
395.728,1.086
395.758,1.085
395.788,1.080
395.818,1.075
395.848,1.072
395.878,1.073
395.908,1.077
395.938,1.079
395.968,1.082
395.998,1.079
396.028,1.075
396.058,1.075
396.088,1.079
396.118,1.078
396.148,1.072
396.178,1.079
396.208,1.080
396.238,1.074
396.268,1.081
396.298,1.079
396.328,1.081
396.358,1.079
396.388,1.076
396.418,1.082
396.448,1.074
396.478,1.074
396.508,1.079
396.538,1.084
396.568,1.080
396.598,1.081
396.628,1.085
396.658,1.084
396.688,1.076
396.718,1.076
396.748,1.074
396.778,1.077
396.808,1.074
396.838,1.075
396.868,1.072
396.898,1.077
396.928,1.078
396.958,1.086
396.988,1.084
397.018,1.077
397.048,1.075
397.078,1.068
397.108,1.071
397.138,1.079
397.168,1.078
397.198,1.081
397.228,1.085
397.258,1.084
397.288,1.082
397.318,1.082
397.348,1.081
397.378,1.077
397.408,1.074
397.438,1.076
397.468,1.080
397.498,1.072
397.528,1.076
397.558,1.082
397.588,1.083
397.618,1.081
397.648,1.082
397.678,1.082
397.708,1.079
397.738,1.080
397.768,1.080
397.798,1.075
397.828,1.081
397.858,1.076
397.888,1.080
397.918,1.080
397.948,1.076
397.978,1.082
398.008,1.084
398.038,1.082
398.068,1.077
398.098,1.080
398.128,1.077
398.158,1.072
398.188,1.076
398.218,1.078
398.248,1.077
398.278,1.081
398.308,1.077
398.338,1.074
398.368,1.075
398.398,1.081
398.428,1.078
398.458,1.083
398.488,1.080
398.518,1.081
398.548,1.083
398.578,1.081
398.608,1.081
398.638,1.072
398.668,1.074
398.698,1.080
398.728,1.079
398.758,1.084
398.788,1.083
398.818,1.080
398.848,1.084
398.878,1.080
398.908,1.086
398.938,1.082
398.968,1.081
398.998,1.081
399.028,1.079
399.058,1.076
399.088,1.074
399.118,1.080
399.148,1.081
399.178,1.082
399.208,1.079
399.238,1.078
399.268,1.084
399.298,1.086
399.328,1.083
399.358,1.085
399.388,1.082
399.418,1.083
399.448,1.089
399.478,1.087
399.508,1.083
399.538,1.088
399.568,1.087
399.598,1.097
399.628,1.097
399.658,1.100
399.688,1.097
399.718,1.090
399.748,1.092
399.778,1.092
399.808,1.096
399.838,1.078
399.868,1.065
399.898,1.063
399.928,1.060
399.958,1.082
399.988,1.093
400.018,1.081
400.048,1.072
400.078,1.079
400.108,1.082
400.138,1.087
400.168,1.080
400.198,1.062
400.228,1.053
400.258,1.066
400.288,1.067
400.318,1.060
400.348,1.037
400.378,1.063
400.408,1.081
400.438,1.062
400.468,1.051
400.498,1.059
400.528,1.058
400.558,1.061
400.588,1.068
400.618,1.079
400.648,1.082
400.678,1.081
400.708,1.076
400.738,1.078
400.768,1.075
400.798,1.080
400.828,1.080
400.858,1.069
400.888,1.064
400.918,1.070
400.948,1.075
400.978,1.075
401.008,1.087
401.038,1.096
401.068,1.086
401.098,1.076
401.128,1.081
401.158,1.077
401.188,1.075
401.218,1.082
401.248,1.093
401.278,1.089
401.308,1.081
401.338,1.074
401.368,1.062
401.398,1.059
401.428,1.057
401.458,1.064
401.488,1.074
401.518,1.088
401.548,1.090
401.578,1.098
401.608,1.097
401.638,1.086
401.668,1.072
401.698,1.081
401.728,1.076
401.758,1.074
401.788,1.073
401.818,1.076
401.848,1.079
401.878,1.087
401.908,1.092
401.938,1.089
401.968,1.099
401.998,1.084
402.028,1.079
402.058,1.101
402.088,1.117
402.118,1.113
402.148,1.105
402.178,1.104
402.208,1.097
402.238,1.081
402.268,1.093
402.298,1.095
402.328,1.081
402.358,1.060
402.388,1.072
402.418,1.071
402.448,1.081
402.478,1.082
402.508,1.096
402.538,1.066
402.568,1.052
402.598,1.055
402.628,1.055
402.658,1.051
402.688,1.045
402.718,1.053
402.748,1.040
402.778,1.038
402.808,1.044
402.838,1.040
402.868,1.055
402.898,1.063
402.928,1.062
402.958,1.057
402.988,1.062
403.018,1.060
403.048,1.058
403.078,1.062
403.108,1.069
403.138,1.075
403.168,1.062
403.198,1.038
403.228,1.021
403.258,1.021
403.288,1.028
403.318,1.049
403.348,1.047
403.378,1.073
403.408,1.065
403.438,1.059
403.468,1.084
403.498,1.090
403.528,1.081
403.558,1.077
403.588,1.071
403.618,1.092
403.648,1.087
403.678,1.064
403.708,1.060
403.738,1.067
403.768,1.066
403.798,1.077
403.828,1.069
403.858,1.053
403.888,1.049
403.918,1.044
403.948,1.061
403.978,1.072
404.008,1.078
404.038,1.074
404.068,1.090
404.098,1.087
404.128,1.077
404.158,1.075
404.188,1.072
404.218,1.076
404.248,1.067
404.278,1.066
404.308,1.059
404.338,1.057
404.368,1.069
404.398,1.075
404.428,1.076
404.458,1.077
404.488,1.072
404.518,1.065
404.548,1.067
404.578,1.068
404.608,1.066
404.638,1.067
404.668,1.071
404.698,1.065
404.728,1.066
404.758,1.058
404.788,1.059
404.818,1.063
404.848,1.066
404.878,1.064
404.908,1.070
404.938,1.067
404.968,1.075
404.998,1.074
405.028,1.076
405.058,1.069
405.088,1.067
405.118,1.065
405.148,1.062
405.178,1.068
405.208,1.068
405.238,1.068
405.268,1.069
405.298,1.065
405.328,1.062
405.358,1.067
405.388,1.068
405.418,1.065
405.448,1.070
405.478,1.070
405.508,1.062
405.538,1.065
405.568,1.059
405.598,1.054
405.628,1.059
405.658,1.064
405.688,1.031
405.718,1.031
405.748,1.046
405.778,1.043
405.808,1.049
405.838,1.056
405.868,1.051
405.898,1.075
405.928,1.072
405.958,1.088
405.988,1.073
406.018,1.083
406.048,1.070
406.078,1.051
406.108,1.044
406.138,1.041
406.168,1.043
406.198,1.050
406.228,1.052
406.258,1.040
406.288,1.005
406.318,1.085
406.348,1.024
406.378,1.045
406.408,1.057
406.438,1.082
406.468,1.041
406.498,1.031
406.528,1.025
406.558,1.006
406.588,1.014
406.618,0.979
406.648,0.979
406.678,1.043
406.708,1.028
406.738,1.329
406.768,1.112
406.798,1.048
406.828,1.021
406.858,1.046
406.888,1.074
406.918,1.043
406.948,1.044
406.978,1.037
407.008,1.012
407.038,1.028
407.068,1.040
407.098,1.038
407.128,1.043
407.158,1.041
407.188,1.021
407.218,1.053
407.248,1.106
407.278,1.086
407.308,1.065
407.338,1.052
407.368,1.050
407.398,1.053
407.428,1.051
407.458,1.043
407.488,1.040
407.518,1.095
407.548,1.042
407.578,1.067
407.608,1.062
407.638,0.999
407.668,0.975
407.698,0.974
407.728,1.007
407.758,1.024
407.788,1.034
407.818,1.072
407.848,1.152
407.878,1.104
407.908,1.035
407.938,0.992
407.968,0.969
407.998,1.004
408.028,1.010
408.058,1.021
408.088,1.049
408.118,1.039
408.148,1.023
408.178,1.043
408.208,1.036
408.238,1.011
408.268,1.010
408.298,1.021
408.328,1.020
408.358,1.026
408.388,1.025
408.418,1.021
408.448,1.021
408.478,1.022
408.508,1.032
408.538,1.026
408.568,1.026
408.598,1.025
408.628,1.032
408.658,1.030
408.688,1.034
408.718,1.040
408.748,1.032
408.778,1.032
408.808,1.026
408.838,1.025
408.868,1.021
408.898,1.018
408.928,1.018
408.958,1.023
408.988,1.025
409.018,1.028
409.048,1.028
409.078,1.034
409.108,1.034
409.138,1.042
409.168,1.034
409.198,1.034
409.228,1.032
409.258,1.030
409.288,1.026
409.318,1.030
409.348,1.026
409.378,1.024
409.408,1.028
409.438,1.033
409.468,1.029
409.498,1.033
409.528,1.031
409.558,1.027
409.588,1.031
409.618,1.037
409.648,1.032
409.678,1.031
409.708,1.033
409.738,1.043
409.768,1.033
409.798,1.020
409.828,1.027
409.858,1.030
409.888,1.030
409.918,1.026
409.948,1.027
409.978,1.033
410.008,1.031
410.038,1.036
410.068,1.040
410.098,1.040
410.128,1.031
410.158,1.030
410.188,1.037
410.218,1.036
410.248,1.040
410.278,1.034
410.308,1.032
410.338,1.036
410.368,1.034
410.398,1.036
410.428,1.035
410.458,1.033
410.488,1.039
410.518,1.040
410.548,1.035
410.578,1.036
410.608,1.026
410.638,1.030
410.668,1.033
410.698,1.053
410.728,1.055
410.758,1.050
410.788,1.047
410.818,1.046
410.848,1.042
410.878,1.065
410.908,1.076
410.938,1.040
410.968,1.034
410.998,1.017
411.028,1.049
411.058,1.059
411.088,1.018
411.118,0.998
411.148,1.010
411.178,1.021
411.208,1.030
411.238,1.031
411.268,1.034
411.298,1.039
411.328,1.045
411.358,1.039
411.388,1.044
411.418,1.042
411.448,1.047
411.478,1.048
411.508,1.051
411.538,1.046
411.568,1.041
411.598,1.043
411.628,1.050
411.658,1.040
411.688,1.038
411.718,1.047
411.748,1.045
411.778,1.040
411.808,1.043
411.838,1.040
411.868,1.040
411.898,1.046
411.928,1.043
411.958,1.038
411.988,1.034
412.018,1.032
412.048,1.013
412.078,0.983
412.108,0.957
412.138,0.963
412.168,0.995
412.198,1.051
412.228,1.117
412.258,1.146
412.288,1.110
412.318,1.076
412.348,1.053
412.378,1.056
412.408,1.040
412.438,0.981
412.468,0.998
412.498,1.000
412.528,1.026
412.558,1.044
412.588,1.034
412.618,1.008
412.648,1.023
412.678,1.026
412.708,1.039
412.738,1.031
412.768,1.051
412.798,1.038
412.828,1.019
412.858,1.014
412.888,1.017
412.918,1.021
412.948,1.025
412.978,1.030
413.008,1.031
413.038,1.042
413.068,1.027
413.098,1.025
413.128,1.027
413.158,1.029
413.188,1.032
413.218,1.035
413.248,1.042
413.278,1.033
413.308,1.032
413.338,1.031
413.368,1.043
413.398,1.033
413.428,1.032
413.458,1.042
413.488,1.042
413.518,1.036
413.548,1.037
413.578,1.021
413.608,1.028
413.638,1.042
413.668,1.042
413.698,1.045
413.728,1.042
413.758,1.045
413.788,1.038
413.818,1.034
413.848,1.017
413.878,1.021
413.908,1.039
413.938,1.044
413.968,1.047
413.998,1.055
414.028,1.035
414.058,1.021
414.088,1.022
414.118,1.035
414.148,1.034
414.178,1.036
414.208,1.045
414.238,1.033
414.268,1.026
414.298,1.038
414.328,1.033
414.358,1.030
414.388,1.034
414.418,1.026
414.448,1.025
414.478,1.034
414.508,1.062
414.538,1.029
414.568,1.039
414.598,1.049
414.628,1.048
414.658,1.047
414.688,1.050
414.718,1.048
414.748,1.036
414.778,1.047
414.808,1.033
414.838,1.016
414.868,1.029
414.898,1.045
414.928,1.035
414.958,1.035
414.988,1.026
415.018,1.025
415.048,1.035
415.078,1.029
415.108,1.028
415.138,1.044
415.168,1.045
415.198,1.033
415.228,1.020
415.258,1.031
415.288,1.034
415.318,1.028
415.348,1.022
415.378,1.027
415.408,1.022
415.438,1.031
415.468,1.027
415.498,1.022
415.528,1.036
415.558,1.044
415.588,1.035
415.618,1.037
415.648,1.039
415.678,1.043
415.708,1.044
415.738,1.038
415.768,1.039
415.798,1.030
415.828,1.033
415.858,1.038
415.888,1.032
415.918,1.032
415.948,1.033
415.978,1.027
416.008,1.033
416.038,1.030
416.068,1.024
416.098,1.035
416.128,1.035
416.158,1.025
416.188,1.032
416.218,1.047
416.248,1.022
416.278,1.034
416.308,1.043
416.338,1.030
416.368,1.041
416.398,1.035
416.428,1.024
416.458,1.028
416.488,1.030
416.518,1.026
416.548,1.033
416.578,1.045
416.608,1.042
416.638,1.046
416.668,1.035
416.698,1.029
416.728,1.039
416.758,1.047
416.788,1.027
416.818,1.046
416.848,1.052
416.878,1.030
416.908,1.028
416.938,1.040
416.968,1.030
416.998,1.031
417.028,1.022
417.058,1.034
417.088,1.038
417.118,1.042
417.148,1.031
417.178,1.033
417.208,1.032
417.238,1.032
417.268,1.034
417.298,1.044
417.328,1.041
417.358,1.028
417.388,1.030
417.418,1.036
417.448,1.038
417.478,1.040
417.508,1.040
417.538,1.043
417.568,1.047
417.598,1.041
417.628,1.035
417.658,1.034
417.688,1.036
417.718,1.040
417.748,1.042
417.778,1.048
417.808,1.043
417.838,1.037
417.868,1.037
417.898,1.036
417.928,1.035
417.958,1.038
417.988,1.047
418.018,1.043
418.048,1.051
418.078,1.035
418.108,1.039
418.138,1.046
418.168,1.039
418.198,1.042
418.228,1.046
418.258,1.045
418.288,1.048
418.318,1.043
418.348,1.041
418.378,1.038
418.408,1.042
418.438,1.037
418.468,1.039
418.498,1.043
418.528,1.046
418.558,1.047
418.588,1.040
418.618,1.040
418.648,1.044
418.678,1.039
418.708,1.042
418.738,1.046
418.768,1.043
418.798,1.043
418.828,1.045
418.858,1.041
418.888,1.042
418.918,1.041
418.948,1.040
418.978,1.042
419.008,1.046
419.038,1.044
419.068,1.049
419.098,1.043
419.128,1.042
419.158,1.044
419.188,1.048
419.218,1.048
419.248,1.050
419.278,1.046
419.308,1.041
419.338,1.044
419.368,1.045
419.398,1.045
419.428,1.046
419.458,1.047
419.488,1.049
419.518,1.045
419.548,1.048
419.578,1.044
419.608,1.041
419.638,1.047
419.668,1.045
419.698,1.048
419.728,1.048
419.758,1.045
419.788,1.051
419.818,1.046
419.848,1.046
419.878,1.044
419.908,1.044
419.938,1.045
419.968,1.047
419.998,1.044
420.028,1.047
420.058,1.048
420.088,1.045
420.118,1.049
420.148,1.043
420.178,1.043
420.208,1.045
420.238,1.041
420.268,1.047
420.298,1.047
420.328,1.047
420.358,1.049
420.388,1.045
420.418,1.045
420.448,1.044
420.478,1.046
420.508,1.046
420.538,1.046
420.568,1.047
420.598,1.047
420.628,1.049
420.658,1.046
420.688,1.051
420.718,1.049
420.748,1.043
420.778,1.048
420.808,1.046
420.838,1.041
420.868,1.052
420.898,1.050
420.928,1.046
420.958,1.046
420.988,1.047
421.018,1.045
421.048,1.046
421.078,1.045
421.108,1.046
421.138,1.050
421.168,1.047
421.198,1.045
421.228,1.047
421.258,1.047
421.288,1.045
421.318,1.051
421.348,1.047
421.378,1.051
421.408,1.049
421.438,1.045
421.468,1.048
421.498,1.044
421.528,1.049
421.558,1.049
421.588,1.048
421.618,1.046
421.648,1.050
421.678,1.044
421.708,1.047
421.738,1.050
421.768,1.043
421.798,1.047
421.828,1.050
421.858,1.045
421.888,1.049
421.918,1.048
421.948,1.046
421.978,1.045
422.008,1.044
422.038,1.050
422.068,1.048
422.098,1.046
422.128,1.050
422.158,1.046
422.188,1.046
422.218,1.044
422.248,1.044
422.278,1.049
422.308,1.043
422.338,1.045
422.368,1.048
422.398,1.048
422.428,1.049
422.458,1.045
422.488,1.046
422.518,1.048
422.548,1.047
422.578,1.047
422.608,1.046
422.638,1.046
422.668,1.042
422.698,1.051
422.728,1.045
422.758,1.043
422.788,1.046
422.818,1.051
422.848,1.048
422.878,1.049
422.908,1.049
422.938,1.048
422.968,1.047
422.998,1.051
423.028,1.049
423.058,1.047
423.088,1.051
423.118,1.050
423.148,1.051
423.178,1.046
423.208,1.046
423.238,1.043
423.268,1.047
423.298,1.049
423.328,1.048
423.358,1.051
423.388,1.047
423.418,1.046
423.448,1.046
423.478,1.055
423.508,1.044
423.538,1.051
423.568,1.051
423.598,1.047
423.628,1.046
423.658,1.050
423.688,1.053
423.718,1.048
423.748,1.048
423.778,1.047
423.808,1.047
423.838,1.045
423.868,1.047
423.898,1.049
423.928,1.047
423.958,1.049
423.988,1.047
424.018,1.048
424.048,1.048
424.078,1.051
424.108,1.050
424.138,1.051
424.168,1.049
424.198,1.047
424.228,1.045
424.258,1.046
424.288,1.046
424.318,1.045
424.348,1.049
424.378,1.053
424.408,1.043
424.438,1.043
424.468,1.049
424.498,1.049
424.528,1.050
424.558,1.048
424.588,1.046
424.618,1.046
424.648,1.044
424.678,1.045
424.708,1.047
424.738,1.052
424.768,1.053
424.798,1.049
424.828,1.045
424.858,1.051
424.888,1.049
424.918,1.048
424.948,1.046
424.978,1.049
425.008,1.049
425.038,1.043
425.068,1.050
425.098,1.046
425.128,1.050
425.158,1.051
425.188,1.048
425.218,1.047
425.248,1.048
425.278,1.046
425.308,1.053
425.338,1.051
425.368,1.048
425.398,1.048
425.428,1.046
425.458,1.046
425.488,1.052
425.518,1.043
425.548,1.051
425.578,1.049
425.608,1.048
425.638,1.050
425.668,1.051
425.698,1.044
425.728,1.047
425.758,1.048
425.788,1.051
425.818,1.050
425.848,1.052
425.878,1.047
425.908,1.048
425.938,1.045
425.968,1.045
425.998,1.051
426.028,1.050
426.058,1.047
426.088,1.047
426.118,1.050
426.148,1.049
426.178,1.048
426.208,1.048
426.238,1.048
426.268,1.047
426.298,1.044
426.328,1.048
426.358,1.049
426.388,1.048
426.418,1.048
426.448,1.050
426.478,1.051
426.508,1.048
426.538,1.036
426.568,1.050
426.598,1.054
426.628,1.052
426.658,1.047
426.688,1.054
426.718,1.047
426.748,1.043
426.778,1.050
426.808,1.044
426.838,1.046
426.868,1.044
426.898,1.047
426.928,1.045
426.958,1.046
426.988,1.047
427.018,1.043
427.048,1.043
427.078,1.043
427.108,1.050
427.138,1.049
427.168,1.045
427.198,1.047
427.228,1.049
427.258,1.048
427.288,1.047
427.318,1.044
427.348,1.049
427.378,1.046
427.408,1.045
427.438,1.048
427.468,1.048
427.498,1.048
427.528,1.046
427.558,1.047
427.588,1.052
427.618,1.049
427.648,1.050
427.678,1.041
427.708,1.048
427.738,1.049
427.768,1.050
427.798,1.049
427.828,1.048
427.858,1.046
427.888,1.049
427.918,1.049
427.948,1.047
427.978,1.044
428.008,1.049
428.038,1.047
428.068,1.053
428.098,1.053
428.128,1.042
428.158,1.048
428.188,1.046
428.218,1.047
428.248,1.048
428.278,1.046
428.308,1.048
428.338,1.049
428.368,1.046
428.398,1.048
428.428,1.046
428.458,1.050
428.488,1.047
428.518,1.049
428.548,1.045
428.578,1.046
428.608,1.044
428.638,1.047
428.668,1.050
428.698,1.052
428.728,1.051
428.758,1.051
428.788,1.047
428.818,1.050
428.848,1.046
428.878,1.048
428.908,1.046
428.938,1.047
428.968,1.047
428.998,1.050
429.028,1.048
429.058,1.050
429.088,1.050
429.118,1.049
429.148,1.041
429.178,1.047
429.208,1.045
429.238,1.049
429.268,1.049
429.298,1.048
429.328,1.053
429.358,1.047
429.388,1.049
429.418,1.049
429.448,1.049
429.478,1.050
429.508,1.048
429.538,1.048
429.568,1.051
429.598,1.048
429.628,1.045
429.658,1.049
429.688,1.045
429.718,1.047
429.748,1.050
429.778,1.051
429.808,1.049
429.838,1.052
429.868,1.044
429.898,1.044
429.928,1.050
429.958,1.049
429.988,1.045
430.018,1.052
430.048,1.048
430.078,1.048
430.108,1.043
430.138,1.050
430.168,1.051
430.198,1.049
430.228,1.046
430.258,1.045
430.288,1.047
430.318,1.048
430.348,1.051
430.378,1.051
430.408,1.050
430.438,1.045
430.468,1.049
430.498,1.049
430.528,1.048
430.558,1.047
430.588,1.046
430.618,1.046
430.648,1.049
430.678,1.054
430.708,1.044
430.738,1.050
430.768,1.051
430.798,1.044
430.828,1.046
430.858,1.052
430.888,1.047
430.918,1.083
430.948,1.022
430.978,1.047
431.008,1.061
431.038,1.063
431.068,1.056
431.098,1.042
431.128,1.047
431.158,1.049
431.188,1.042
431.218,1.040
431.248,1.048
431.278,1.043
431.308,1.046
431.338,1.052
431.368,1.050
431.398,1.051
431.428,1.048
431.458,1.044
431.488,1.044
431.518,1.043
431.548,1.045
431.578,1.047
431.608,1.055
431.638,1.052
431.668,1.049
431.698,1.044
431.728,1.046
431.758,1.044
431.788,1.044
431.818,1.041
431.848,1.046
431.878,1.049
431.908,1.049
431.938,1.048
431.968,1.051
431.998,1.049
432.028,1.053
432.058,1.046
432.088,1.047
432.118,1.049
432.148,1.052
432.178,1.048
432.208,1.050
432.238,1.051
432.268,1.049
432.298,1.052
432.328,1.055
432.358,1.050
432.388,1.056
432.418,1.048
432.448,1.043
432.478,1.045
432.508,1.046
432.538,1.039
432.568,1.051
432.598,1.055
432.628,1.055
432.658,1.052
432.688,1.051
432.718,1.047
432.748,1.045
432.778,1.046
432.808,1.049
432.838,1.047
432.868,1.049
432.898,1.052
432.928,1.053
432.958,1.051
432.988,1.051
433.018,1.051
433.048,1.049
433.078,1.051
433.108,1.048
433.138,1.049
433.168,1.052
433.198,1.045
433.228,1.048
433.258,1.053
433.288,1.052
433.318,1.049
433.348,1.046
433.378,1.049
433.408,1.050
433.438,1.046
433.468,1.053
433.498,1.045
433.528,1.054
433.558,1.053
433.588,1.046
433.618,1.046
433.648,1.049
433.678,1.043
433.708,1.045
433.738,1.050
433.768,1.051
433.798,1.052
433.828,1.051
433.858,1.052
433.888,1.049
433.918,1.049
433.948,1.053
433.978,1.050
434.008,1.047
434.038,1.049
434.068,1.055
434.098,1.051
434.128,1.050
434.158,1.046
434.188,1.046
434.218,1.045
434.248,1.048
434.278,1.047
434.308,1.050
434.338,1.054
434.368,1.043
434.398,1.050
434.428,1.048
434.458,1.045
434.488,1.048
434.518,1.051
434.548,1.050
434.578,1.050
434.608,1.053
434.638,1.049
434.668,1.048
434.698,1.049
434.728,1.047
434.758,1.047
434.788,1.049
434.818,1.050
434.848,1.050
434.878,1.050
434.908,1.044
434.938,1.047
434.968,1.050
434.998,1.048
435.028,1.054
435.058,1.049
435.088,1.049
435.118,1.043
435.148,1.051
435.178,1.049
435.208,1.051
435.238,1.050
435.268,1.048
435.298,1.049
435.328,1.049
435.358,1.042
435.388,1.043
435.418,1.049
435.448,1.049
435.478,1.051
435.508,1.050
435.538,1.050
435.568,1.049
435.598,1.049
435.628,1.052
435.658,1.047
435.688,1.053
435.718,1.049
435.748,1.048
435.778,1.046
435.808,1.053
435.838,1.054
435.868,1.048
435.898,1.048
435.928,1.052
435.958,1.047
435.988,1.050
436.018,1.053
436.048,1.048
436.078,1.048
436.108,1.049
436.138,1.051
436.168,1.049
436.198,1.047
436.228,1.046
436.258,1.046
436.288,1.050
436.318,1.050
436.348,1.050
436.378,1.050
436.408,1.049
436.438,1.054
436.468,1.052
436.498,1.047
436.528,1.045
436.558,1.051
436.588,1.047
436.618,1.046
436.648,1.045
436.678,1.051
436.708,1.045
436.738,1.050
436.768,1.047
436.798,1.048
436.828,1.050
436.858,1.048
436.888,1.053
436.918,1.048
436.948,1.048
436.978,1.050
437.008,1.050
437.038,1.052
437.068,1.051
437.098,1.049
437.128,1.048
437.158,1.047
437.188,1.048
437.218,1.048
437.248,1.047
437.278,1.051
437.308,1.050
437.338,1.049
437.368,1.050
437.398,1.047
437.428,1.050
437.458,1.052
437.488,1.049
437.518,1.049
437.548,1.048
437.578,1.049
437.608,1.050
437.638,1.050
437.668,1.047
437.698,1.049
437.728,1.051
437.758,1.051
437.788,1.048
437.818,1.050
437.848,1.047
437.878,1.050
437.908,1.047
437.938,1.050
437.968,1.049
437.998,1.050
438.028,1.052
438.058,1.049
438.088,1.050
438.118,1.051
438.148,1.051
438.178,1.047
438.208,1.049
438.238,1.052
438.268,1.050
438.298,1.043
438.328,1.051
438.358,1.054
438.388,1.051
438.418,1.038
438.448,1.047
438.478,1.055
438.508,1.053
438.538,1.051
438.568,1.050
438.598,1.055
438.628,1.045
438.658,1.044
438.688,1.051
438.718,1.046
438.748,1.045
438.778,1.053
438.808,1.051
438.838,1.053
438.868,1.051
438.898,1.049
438.928,1.045
438.958,1.050
438.988,1.056
439.018,1.051
439.048,1.052
439.078,1.049
439.108,1.050
439.138,1.044
439.168,1.049
439.198,1.050
439.228,1.045
439.258,1.043
439.288,1.054
439.318,1.057
439.348,1.051
439.378,1.047
439.408,1.052
439.438,1.047
439.468,1.047
439.498,1.050
439.528,1.051
439.558,1.045
439.588,1.046
439.618,1.050
439.648,1.047
439.678,1.047
439.708,1.046
439.738,1.046
439.768,1.047
439.798,1.050
439.828,1.054
439.858,1.051
439.888,1.048
439.918,1.046
439.948,1.049
439.978,1.053
440.008,1.048
440.038,1.043
440.068,1.044
440.098,1.053
440.128,1.054
440.158,1.049
440.188,1.049
440.218,1.049
440.248,1.049
440.278,1.045
440.308,1.052
440.338,1.052
440.368,1.046
440.398,1.045
440.428,1.052
440.458,1.043
440.488,1.046
440.518,1.050
440.548,1.050
440.578,1.047
440.608,1.052
440.638,1.050
440.668,1.048
440.698,1.051
440.728,1.051
440.758,1.045
440.788,1.048
440.818,1.050
440.848,1.047
440.878,1.049
440.908,1.049
440.938,1.049
440.968,1.047
440.998,1.047
441.028,1.050
441.058,1.055
441.088,1.047
441.118,1.043
441.148,1.047
441.178,1.048
441.208,1.049
441.238,1.049
441.268,1.055
441.298,1.047
441.328,1.050
441.358,1.049
441.388,1.045
441.418,1.048
441.448,1.049
441.478,1.045
441.508,1.049
441.538,1.048
441.568,1.046
441.598,1.047
441.628,1.049
441.658,1.049
441.688,1.052
441.718,1.047
441.748,1.048
441.778,1.052
441.808,1.049
441.838,1.048
441.868,1.048
441.898,1.048
441.928,1.047
441.958,1.043
441.988,1.047
442.018,1.048
442.048,1.049
442.078,1.050
442.108,1.049
442.138,1.049
442.168,1.046
442.198,1.047
442.228,1.046
442.258,1.049
442.288,1.050
442.318,1.044
442.348,1.047
442.378,1.050
442.408,1.050
442.438,1.047
442.468,1.051
442.498,1.050
442.528,1.049
442.558,1.047
442.588,1.049
442.618,1.047
442.648,1.047
442.678,1.049
442.708,1.048
442.738,1.048
442.768,1.047
442.798,1.050
442.828,1.045
442.858,1.049
442.888,1.048
442.918,1.051
442.948,1.051
442.978,1.051
443.008,1.050
443.038,1.046
443.068,1.047
443.098,1.051
443.128,1.051
443.158,1.048
443.188,1.047
443.218,1.049
443.248,1.050
443.278,1.048
443.308,1.051
443.338,1.053
443.368,1.044
443.398,1.046
443.428,1.050
443.458,1.045
443.488,1.051
443.518,1.052
443.548,1.050
443.578,1.048
443.608,1.049
443.638,1.048
443.668,1.051
443.698,1.050
443.728,1.048
443.758,1.047
443.788,1.050
443.818,1.048
443.848,1.046
443.878,1.049
443.908,1.048
443.938,1.052
443.968,1.051
443.998,1.050
444.028,1.052
444.058,1.050
444.088,1.052
444.118,1.054
444.148,1.051
444.178,1.044
444.208,1.049
444.238,1.048
444.268,1.049
444.298,1.051
444.328,1.053
444.358,1.047
444.388,1.050
444.418,1.053
444.448,1.047
444.478,1.045
444.508,1.052
444.538,1.046
444.568,1.050
444.598,1.052
444.628,1.052
444.658,1.051
444.688,1.048
444.718,1.051
444.748,1.051
444.778,1.049
444.808,1.050
444.838,1.049
444.868,1.049
444.898,1.050
444.928,1.048
444.958,1.051
444.988,1.049
445.018,1.052
445.048,1.051
445.078,1.049
445.108,1.047
445.138,1.047
445.168,1.046
445.198,1.048
445.228,1.050
445.258,1.049
445.288,1.050
445.318,1.048
445.348,1.053
445.378,1.050
445.408,1.051
445.438,1.049
445.468,1.048
445.498,1.046
445.528,1.047
445.558,1.052
445.588,1.052
445.618,1.056
445.648,1.051
445.678,1.047
445.708,1.053
445.738,1.051
445.768,1.053
445.798,1.048
445.828,1.054
445.858,1.051
445.888,1.048
445.918,1.050
445.948,1.050
445.978,1.050
446.008,1.052
446.038,1.053
446.068,1.049
446.098,1.046
446.128,1.049
446.158,1.053
446.188,1.051
446.218,1.054
446.248,1.053
446.278,1.048
446.308,1.050
446.338,1.047
446.368,1.045
446.398,1.049
446.428,1.049
446.458,1.049
446.488,1.053
446.518,1.054
446.548,1.050
446.578,1.050
446.608,1.050
446.638,1.050
446.668,1.048
446.698,1.051
446.728,1.050
446.758,1.050
446.788,1.049
446.818,1.051
446.848,1.048
446.878,1.052
446.908,1.054
446.938,1.049
446.968,1.054
446.998,1.047
447.028,1.048
447.058,1.046
447.088,1.052
447.118,1.048
447.148,1.051
447.178,1.054
447.208,1.045
447.238,1.048
447.268,1.052
447.298,1.047
447.328,1.049
447.358,1.051
447.388,1.049
447.418,1.049
447.448,1.051
447.478,1.051
447.508,1.052
447.538,1.050
447.568,1.050
447.598,1.050
447.628,1.050
447.658,1.049
447.688,1.051
447.718,1.051
447.748,1.048
447.778,1.049
447.808,1.053
447.838,1.051
447.868,1.050
447.898,1.051
447.928,1.051
447.958,1.050
447.988,1.050
448.018,1.049
448.048,1.052
448.078,1.051
448.108,1.052
448.138,1.049
448.168,1.051
448.198,1.051
448.228,1.050
448.258,1.048
448.288,1.053
448.318,1.050
448.348,1.050
448.378,1.050
448.408,1.051
448.438,1.052
448.468,1.051
448.498,1.052
448.528,1.051
448.558,1.051
448.588,1.054
448.618,1.047
448.648,1.049
448.678,1.045
448.708,1.053
448.738,1.049
448.768,1.052
448.798,1.049
448.828,1.049
448.858,1.052
448.888,1.047
448.918,1.051
448.948,1.052
448.978,1.051
449.008,1.047
449.038,1.053
449.068,1.048
449.098,1.047
449.128,1.050
449.158,1.052
449.188,1.050
449.218,1.054
449.248,1.052
449.278,1.051
449.308,1.050
449.338,1.050
449.368,1.050
449.398,1.053
449.428,1.051
449.458,1.050
449.488,1.054
449.518,1.051
449.548,1.057
449.578,1.052
449.608,1.046
449.638,1.051
449.668,1.054
449.698,1.046
449.728,1.049
449.758,1.053
449.788,1.053
449.818,1.052
449.848,1.050
449.878,1.050
449.908,1.044
449.938,1.052
449.968,1.051
449.998,1.046
450.028,1.047
450.058,1.052
450.088,1.052
450.118,1.050
450.148,1.053
450.178,1.052
450.208,1.052
450.238,1.051
450.268,1.048
450.298,1.050
450.328,1.051
450.358,1.051
450.388,1.052
450.418,1.050
450.448,1.049
450.478,1.049
450.508,1.053
450.538,1.054
450.568,1.053
450.598,1.051
450.628,1.055
450.658,1.053
450.688,1.050
450.718,1.049
450.748,1.049
450.778,1.049
450.808,1.049
450.838,1.051
450.868,1.053
450.898,1.050
450.928,1.053
450.958,1.049
450.988,1.049
451.018,1.046
451.048,1.052
451.078,1.050
451.108,1.051
451.138,1.052
451.168,1.049
451.198,1.049
451.228,1.051
451.258,1.049
451.288,1.049
451.318,1.050
451.348,1.049
451.378,1.049
451.408,1.048
451.438,1.053
451.468,1.052
451.498,1.045
451.528,1.048
451.558,1.052
451.588,1.054
451.618,1.053
451.648,1.048
451.678,1.048
451.708,1.051
451.738,1.051
451.768,1.049
451.798,1.056
451.828,1.057
451.858,1.047
451.888,1.052
451.918,1.053
451.948,1.046
451.978,1.046
452.008,1.053
452.038,1.048
452.068,1.051
452.098,1.052
452.128,1.051
452.158,1.050
452.188,1.052
452.218,1.051
452.248,1.050
452.278,1.052
452.308,1.050
452.338,1.052
452.368,1.049
452.398,1.051
452.428,1.050
452.458,1.056
452.488,1.050
452.518,1.050
452.548,1.053
452.578,1.052
452.608,1.051
452.638,1.055
452.668,1.058
452.698,1.047
452.728,1.049
452.758,1.051
452.788,1.046
452.818,1.048
452.848,1.051
452.878,1.051
452.908,1.054
452.938,1.056
452.968,1.053
452.998,1.049
453.028,1.051
453.058,1.053
453.088,1.054
453.118,1.051
453.148,1.051
453.178,1.052
453.208,1.050
453.238,1.051
453.268,1.051
453.298,1.044
453.328,1.050
453.358,1.054
453.388,1.052
453.418,1.053
453.448,1.050
453.478,1.050
453.508,1.053
453.538,1.051
453.568,1.052
453.598,1.056
453.628,1.050
453.658,1.053
453.688,1.051
453.718,1.049
453.748,1.046
453.778,1.053
453.808,1.050
453.838,1.054
453.868,1.050
453.898,1.055
453.928,1.055
453.958,1.049
453.988,1.053
454.018,1.052
454.048,1.053
454.078,1.049
454.108,1.050
454.138,1.050
454.168,1.049
454.198,1.050
454.228,1.052
454.258,1.054
454.288,1.050
454.318,1.056
454.348,1.053
454.378,1.052
454.408,1.055
454.438,1.049
454.468,1.050
454.498,1.049
454.528,1.052
454.558,1.052
454.588,1.056
454.618,1.046
454.648,1.051
454.678,1.053
454.708,1.050
454.738,1.051
454.768,1.050
454.798,1.050
454.828,1.053
454.858,1.051
454.888,1.056
454.918,1.051
454.948,1.054
454.978,1.052
455.008,1.050
455.038,1.055
455.068,1.051
455.098,1.051
455.128,1.051
455.158,1.048
455.188,1.052
455.218,1.053
455.248,1.056
455.278,1.053
455.308,1.049
455.338,1.051
455.368,1.057
455.398,1.054
455.428,1.053
455.458,1.050
455.488,1.049
455.518,1.050
455.548,1.049
455.578,1.052
455.608,1.054
455.638,1.049
455.668,1.055
455.698,1.049
455.728,1.049
455.758,1.047
455.788,1.053
455.818,1.052
455.848,1.051
455.878,1.054
455.908,1.050
455.938,1.051
455.968,1.053
455.998,1.055
456.028,1.052
456.058,1.056
456.088,1.053
456.118,1.053
456.148,1.049
456.178,1.047
456.208,1.054
456.238,1.054
456.268,1.053
456.298,1.050
456.328,1.051
456.358,1.048
456.388,1.052
456.418,1.049
456.448,1.054
456.478,1.052
456.508,1.050
456.538,1.047
456.568,1.048
456.598,1.050
456.628,1.056
456.658,1.055
456.688,1.049
456.718,1.051
456.748,1.053
456.778,1.055
456.808,1.052
456.838,1.051
456.868,1.049
456.898,1.047
456.928,1.045
456.958,1.050
456.988,1.052
457.018,1.051
457.048,1.053
457.078,1.049
457.108,1.045
457.138,1.052
457.168,1.054
457.198,1.052
457.228,1.050
457.258,1.049
457.288,1.053
457.318,1.053
457.348,1.052
457.378,1.056
457.408,1.051
457.438,1.052
457.468,1.049
457.498,1.051
457.528,1.048
457.558,1.052
457.588,1.052
457.618,1.052
457.648,1.052
457.678,1.051
457.708,1.047
457.738,1.051
457.768,1.051
457.798,1.051
457.828,1.052
457.858,1.051
457.888,1.052
457.918,1.049
457.948,1.050
457.978,1.050
458.008,1.049
458.038,1.050
458.068,1.049
458.098,1.048
458.128,1.051
458.158,1.051
458.188,1.052
458.218,1.050
458.248,1.050
458.278,1.047
458.308,1.053
458.338,1.054
458.368,1.053
458.398,1.053
458.428,1.047
458.458,1.051
458.488,1.052
458.518,1.049
458.548,1.050
458.578,1.051
458.608,1.052
458.638,1.052
458.668,1.052
458.698,1.055
458.728,1.048
458.758,1.050
458.788,1.050
458.818,1.052
458.848,1.053
458.878,1.050
458.908,1.051
458.938,1.051
458.968,1.046
458.998,1.055
459.028,1.052
459.058,1.049
459.088,1.049
459.118,1.051
459.148,1.055
459.178,1.053
459.208,1.051
459.238,1.049
459.268,1.051
459.298,1.050
459.328,1.051
459.358,1.053
459.388,1.054
459.418,1.050
459.448,1.052
459.478,1.053
459.508,1.051
459.538,1.048
459.568,1.050
459.598,1.051
459.628,1.051
459.658,1.054
459.688,1.051
459.718,1.054
459.748,1.052
459.778,1.054
459.808,1.051
459.838,1.050
459.868,1.051
459.898,1.052
459.928,1.051
459.958,1.045
459.988,1.052
460.018,1.052
460.048,1.052
460.078,1.052
460.108,1.053
460.138,1.052
460.168,1.051
460.198,1.054
460.228,1.049
460.258,1.053
460.288,1.047
460.318,1.054
460.348,1.050
460.378,1.047
460.408,1.051
460.438,1.052
460.468,1.053
460.498,1.052
460.528,1.052
460.558,1.054
460.588,1.052
460.618,1.053
460.648,1.053
460.678,1.054
460.708,1.051
460.738,1.052
460.768,1.051
460.798,1.050
460.828,1.050
460.858,1.052
460.888,1.051
460.918,1.051
460.948,1.050
460.978,1.055
461.008,1.055
461.038,1.055
461.068,1.047
461.098,1.050
461.128,1.053
461.158,1.053
461.188,1.049
461.218,1.056
461.248,1.055
461.278,1.053
461.308,1.053
461.338,1.049
461.368,1.050
461.398,1.050
461.428,1.049
461.458,1.053
461.488,1.052
461.518,1.052
461.548,1.052
461.578,1.048
461.608,1.051
461.638,1.054
461.668,1.053
461.698,1.053
461.728,1.053
461.758,1.055
461.788,1.049
461.818,1.052
461.848,1.052
461.878,1.054
461.908,1.055
461.938,1.054
461.968,1.049
461.998,1.053
462.028,1.056
462.058,1.052
462.088,1.050
462.118,1.050
462.148,1.052
462.178,1.050
462.208,1.050
462.238,1.052
462.268,1.060
462.298,1.049
462.328,1.052
462.358,1.055
462.388,1.047
462.418,1.052
462.448,1.052
462.478,1.051
462.508,1.052
462.538,1.052
462.568,1.052
462.598,1.052
462.628,1.050
462.658,1.050
462.688,1.050
462.718,1.053
462.748,1.050
462.778,1.053
462.808,1.049
462.838,1.052
462.868,1.053
462.898,1.056
462.928,1.049
462.958,1.048
462.988,1.052
463.018,1.055
463.048,1.052
463.078,1.050
463.108,1.049
463.138,1.047
463.168,1.050
463.198,1.055
463.228,1.049
463.258,1.055
463.288,1.052
463.318,1.053
463.348,1.054
463.378,1.048
463.408,1.052
463.438,1.052
463.468,1.053
463.498,1.047
463.528,1.051
463.558,1.055
463.588,1.051
463.618,1.051
463.648,1.051
463.678,1.052
463.708,1.052
463.738,1.049
463.768,1.053
463.798,1.052
463.828,1.050
463.858,1.051
463.888,1.053
463.918,1.055
463.948,1.053
463.978,1.051
464.008,1.051
464.038,1.051
464.068,1.051
464.098,1.050
464.128,1.053
464.158,1.056
464.188,1.048
464.218,1.054
464.248,1.053
464.278,1.049
464.308,1.053
464.338,1.053
464.368,1.053
464.398,1.051
464.428,1.051
464.458,1.056
464.488,1.050
464.518,1.053
464.548,1.051
464.578,1.052
464.608,1.053
464.638,1.051
464.668,1.052
464.698,1.055
464.728,1.051
464.758,1.052
464.788,1.053
464.818,1.055
464.848,1.052
464.878,1.052
464.908,1.053
464.938,1.054
464.968,1.053
464.998,1.048
465.028,1.052
465.058,1.052
465.088,1.050
465.118,1.053
465.148,1.056
465.178,1.051
465.208,1.049
465.238,1.053
465.268,1.050
465.298,1.050
465.328,1.053
465.358,1.051
465.388,1.050
465.418,1.052
465.448,1.051
465.478,1.050
465.508,1.052
465.538,1.054
465.568,1.053
465.598,1.051
465.628,1.052
465.658,1.053
465.688,1.049
465.718,1.051
465.748,1.051
465.778,1.050
465.808,1.053
465.838,1.053
465.868,1.056
465.898,1.052
465.928,1.053
465.958,1.047
465.988,1.050
466.018,1.053
466.048,1.050
466.078,1.054
466.108,1.055
466.138,1.052
466.168,1.052
466.198,1.052
466.228,1.051
466.258,1.047
466.288,1.052
466.318,1.050
466.348,1.053
466.378,1.054
466.408,1.053
466.438,1.052
466.468,1.051
466.498,1.053
466.528,1.051
466.558,1.049
466.588,1.052
466.618,1.055
466.648,1.048
466.678,1.051
466.708,1.051
466.738,1.054
466.768,1.054
466.798,1.050
466.828,1.050
466.858,1.050
466.888,1.054
466.918,1.055
466.948,1.051
466.978,1.051
467.008,1.053
467.038,1.049
467.068,1.050
467.098,1.052
467.128,1.053
467.158,1.052
467.188,1.051
467.218,1.053
467.248,1.053
467.278,1.054
467.308,1.052
467.338,1.052
467.368,1.054
467.398,1.052
467.428,1.053
467.458,1.052
467.488,1.055
467.518,1.051
467.548,1.053
467.578,1.051
467.608,1.054
467.638,1.058
467.668,1.055
467.698,1.052
467.728,1.052
467.758,1.055
467.788,1.053
467.818,1.053
467.848,1.057
467.878,1.047
467.908,1.051
467.938,1.054
467.968,1.053
467.998,1.053
468.028,1.053
468.058,1.052
468.088,1.051
468.118,1.052
468.148,1.053
468.178,1.056
468.208,1.055
468.238,1.052
468.268,1.051
468.298,1.053
468.328,1.050
468.358,1.052
468.388,1.050
468.418,1.053
468.448,1.054
468.478,1.052
468.508,1.055
468.538,1.052
468.568,1.053
468.598,1.051
468.628,1.055
468.658,1.057
468.688,1.052
468.718,1.053
468.748,1.049
468.778,1.051
468.808,1.052
468.838,1.054
468.868,1.059
468.898,1.050
468.928,1.054
468.958,1.051
468.988,1.049
469.018,1.049
469.048,1.053
469.078,1.051
469.108,1.053
469.138,1.055
469.168,1.053
469.198,1.050
469.228,1.052
469.258,1.052
469.288,1.051
469.318,1.052
469.348,1.054
469.378,1.054
469.408,1.052
469.438,1.053
469.468,1.054
469.498,1.051
469.528,1.049
469.558,1.051
469.588,1.055
469.618,1.054
469.648,1.051
469.678,1.053
469.708,1.052
469.738,1.051
469.768,1.053
469.798,1.056
469.828,1.057
469.858,1.051
469.888,1.051
469.918,1.053
469.948,1.046
469.978,1.053
470.008,1.053
470.038,1.051
470.068,1.051
470.098,1.054
470.128,1.054
470.158,1.051
470.188,1.051
470.218,1.053
470.248,1.052
470.278,1.052
470.308,1.052
470.338,1.049
470.368,1.053
470.398,1.051
470.428,1.052
470.458,1.051
470.488,1.054
470.518,1.055
470.548,1.052
470.578,1.051
470.608,1.051
470.638,1.050
470.668,1.050
470.698,1.053
470.728,1.055
470.758,1.053
470.788,1.050
470.818,1.050
470.848,1.056
470.878,1.054
470.908,1.051
470.938,1.055
470.968,1.050
470.998,1.053
471.028,1.051
471.058,1.051
471.088,1.053
471.118,1.050
471.148,1.055
471.178,1.052
471.208,1.053
471.238,1.052
471.268,1.050
471.298,1.051
471.328,1.047
471.358,1.055
471.388,1.055
471.418,1.054
471.448,1.050
471.478,1.054
471.508,1.053
471.538,1.055
471.568,1.053
471.598,1.052
471.628,1.050
471.658,1.054
471.688,1.051
471.718,1.054
471.748,1.056
471.778,1.049
471.808,1.054
471.838,1.053
471.868,1.051
471.898,1.049
471.928,1.053
471.958,1.052
471.988,1.051
472.018,1.055
472.048,1.055
472.078,1.052
472.108,1.051
472.138,1.050
472.168,1.055
472.198,1.054
472.228,1.053
472.258,1.052
472.288,1.053
472.318,1.051
472.348,1.053
472.378,1.056
472.408,1.050
472.438,1.048
472.468,1.054
472.498,1.054
472.528,1.054
472.558,1.050
472.588,1.050
472.618,1.051
472.648,1.053
472.678,1.054
472.708,1.057
472.738,1.060
472.768,1.050
472.798,1.052
472.828,1.055
472.858,1.052
472.888,1.053
472.918,1.053
472.948,1.052
472.978,1.052
473.008,1.053
473.038,1.054
473.068,1.051
473.098,1.051
473.128,1.053
473.158,1.052
473.188,1.051
473.218,1.054
473.248,1.053
473.278,1.052
473.308,1.050
473.338,1.054
473.368,1.053
473.398,1.056
473.428,1.053
473.458,1.048
473.488,1.051
473.518,1.051
473.548,1.053
473.578,1.050
473.608,1.060
473.638,1.052
473.668,1.054
473.698,1.053
473.728,1.050
473.758,1.049
473.788,1.054
473.818,1.054
473.848,1.053
473.878,1.052
473.908,1.053
473.938,1.048
473.968,1.052
473.998,1.052
474.028,1.055
474.058,1.055
474.088,1.051
474.118,1.049
474.148,1.054
474.178,1.050
474.208,1.055
474.238,1.051
474.268,1.049
474.298,1.054
474.328,1.056
474.358,1.053
474.388,1.052
474.418,1.051
474.448,1.052
474.478,1.054
474.508,1.054
474.538,1.056
474.568,1.051
474.598,1.053
474.628,1.053
474.658,1.050
474.688,1.056
474.718,1.050
474.748,1.049
474.778,1.055
474.808,1.053
474.838,1.052
474.868,1.051
474.898,1.053
474.928,1.051
474.958,1.049
474.988,1.051
475.018,1.052
475.048,1.049
475.078,1.048
475.108,1.054
475.138,1.055
475.168,1.050
475.198,1.050
475.228,1.051
475.258,1.054
475.288,1.051
475.318,1.056
475.348,1.057
475.378,1.052
475.408,1.047
475.438,1.051
475.468,1.054
475.498,1.050
475.528,1.054
475.558,1.050
475.588,1.050
475.618,1.055
475.648,1.054
475.678,1.049
475.708,1.052
475.738,1.053
475.768,1.050
475.798,1.056
475.828,1.053
475.858,1.052
475.888,1.052
475.918,1.053
475.948,1.052
475.978,1.050
476.008,1.053
476.038,1.052
476.068,1.053
476.098,1.053
476.128,1.051
476.158,1.052
476.188,1.047
476.218,1.052
476.248,1.053
476.278,1.055
476.308,1.053
476.338,1.049
476.368,1.053
476.398,1.052
476.428,1.055
476.458,1.054
476.488,1.054
476.518,1.051
476.548,1.052
476.578,1.053
476.608,1.049
476.638,1.056
476.668,1.050
476.698,1.051
476.728,1.053
476.758,1.053
476.788,1.053
476.818,1.050
476.848,1.051
476.878,1.052
476.908,1.053
476.938,1.050
476.968,1.051
476.998,1.048
477.028,1.055
477.058,1.051
477.088,1.055
477.118,1.051
477.148,1.056
477.178,1.050
477.208,1.055
477.238,1.053
477.268,1.058
477.298,1.057
477.328,1.050
477.358,1.050
477.388,1.053
477.418,1.048
477.448,1.051
477.478,1.053
477.508,1.050
477.538,1.052
477.568,1.053
477.598,1.056
477.628,1.053
477.658,1.051
477.688,1.053
477.718,1.056
477.748,1.050
477.778,1.052
477.808,1.050
477.838,1.053
477.868,1.052
477.898,1.048
477.928,1.052
477.958,1.053
477.988,1.053
478.018,1.053
478.048,1.055
478.078,1.049
478.108,1.050
478.138,1.053
478.168,1.049
478.198,1.055
478.228,1.055
478.258,1.049
478.288,1.054
478.318,1.052
478.348,1.053
478.378,1.053
478.408,1.047
478.438,1.052
478.468,1.054
478.498,1.053
478.528,1.055
478.558,1.049
478.588,1.049
478.618,1.052
478.648,1.053
478.678,1.053
478.708,1.050
478.738,1.050
478.768,1.048
478.798,1.055
478.828,1.051
478.858,1.052
478.888,1.053
478.918,1.051
478.948,1.053
478.978,1.051
479.008,1.051
479.038,1.056
479.068,1.055
479.098,1.048
479.128,1.049
479.158,1.053
479.188,1.050
479.218,1.052
479.248,1.051
479.278,1.052
479.308,1.051
479.338,1.054
479.368,1.056
479.398,1.050
479.428,1.052
479.458,1.049
479.488,1.049
479.518,1.054
479.548,1.054
479.578,1.051
479.608,1.052
479.638,1.046
479.668,1.053
479.698,1.052
479.728,1.048
479.758,1.051
479.788,1.050
479.818,1.052
479.848,1.053
479.878,1.051
479.908,1.051
479.938,1.054
479.968,1.053
479.998,1.055
480.028,1.054
480.058,1.049
480.088,1.046
480.118,1.054
480.148,1.048
480.178,1.051
480.208,1.055
480.238,1.046
480.268,1.053
480.298,1.055
480.328,1.052
480.358,1.046
480.388,1.044
480.418,1.047
480.448,1.052
480.478,1.052
480.508,1.053
480.538,1.052
480.568,1.053
480.598,1.053
480.628,1.047
480.658,1.049
480.688,1.049
480.718,1.048
480.748,1.048
480.778,1.051
480.808,1.049
480.838,1.044
480.868,1.049
480.898,1.042
480.928,1.053
480.958,1.046
480.988,1.045
481.018,1.054
481.048,1.045
481.078,1.047
481.108,1.051
481.138,1.054
481.168,1.049
481.198,1.049
481.228,1.053
481.258,1.055
481.288,1.054
481.318,1.045
481.348,1.046
481.378,1.053
481.408,1.052
481.438,1.049
481.468,1.040
481.498,1.046
481.528,1.052
481.558,1.051
481.588,1.049
481.618,1.049
481.648,1.051
481.678,1.046
481.708,1.044
481.738,1.050
481.768,1.048
481.798,1.047
481.828,1.056
481.858,1.052
481.888,1.055
481.918,1.051
481.948,1.046
481.978,1.050
482.008,1.046
482.038,1.050
482.068,1.050
482.098,1.044
482.128,1.057
482.158,1.054
482.188,1.049
482.218,1.031
482.248,1.048
482.278,1.048
482.308,1.049
482.338,1.043
482.368,1.047
482.398,1.042
482.428,1.053
482.458,1.053
482.488,1.046
482.518,1.051
482.548,1.046
482.578,1.044
482.608,1.046
482.638,1.045
482.668,1.051
482.698,1.047
482.728,1.048
482.758,1.048
482.788,1.048
482.818,1.047
482.848,1.047
482.878,1.051
482.908,1.045
482.938,1.043
482.968,1.047
482.998,1.052
483.028,1.049
483.058,1.049
483.088,1.037
483.118,1.049
483.148,1.047
483.178,1.045
483.208,1.045
483.238,1.052
483.268,1.048
483.298,1.048
483.328,1.048
483.358,1.048
483.388,1.046
483.418,1.049
483.448,1.045
483.478,1.041
483.508,1.051
483.538,1.045
483.568,1.041
483.598,1.049
483.628,1.051
483.658,1.051
483.688,1.049
483.718,1.048
483.748,1.046
483.778,1.050
483.808,1.052
483.838,1.045
483.868,1.053
483.898,1.046
483.928,1.041
483.958,1.048
483.988,1.048
484.018,1.047
484.048,1.049
484.078,1.048
484.108,1.047
484.138,1.048
484.168,1.050
484.198,1.051
484.228,1.050
484.258,1.052
484.288,1.052
484.318,1.051
484.348,1.047
484.378,1.049
484.408,1.051
484.438,1.046
484.468,1.053
484.498,1.053
484.528,1.049
484.558,1.045
484.588,1.047
484.618,1.048
484.648,1.051
484.678,1.049
484.708,1.049
484.738,1.049
484.768,1.053
484.798,1.050
484.828,1.046
484.858,1.050
484.888,1.051
484.918,1.050
484.948,1.047
484.978,1.048
485.008,1.049
485.038,1.050
485.068,1.051
485.098,1.049
485.128,1.051
485.158,1.053
485.188,1.054
485.218,1.052
485.248,1.050
485.278,1.050
485.308,1.051
485.338,1.050
485.368,1.051
485.398,1.052
485.428,1.050
485.458,1.046
485.488,1.052
485.518,1.052
485.548,1.052
485.578,1.048
485.608,1.051
485.638,1.051
485.668,1.050
485.698,1.047
485.728,1.051
485.758,1.051
485.788,1.050
485.818,1.050
485.848,1.048
485.878,1.049
485.908,1.047
485.938,1.048
485.968,1.049
485.998,1.050
486.028,1.050
486.058,1.051
486.088,1.049
486.118,1.047
486.148,1.045
486.178,1.052
486.208,1.049
486.238,1.051
486.268,1.046
486.298,1.047
486.328,1.052
486.358,1.051
486.388,1.052
486.418,1.054
486.448,1.046
486.478,1.050
486.508,1.054
486.538,1.051
486.568,1.045
486.598,1.050
486.628,1.046
486.658,1.049
486.688,1.047
486.718,1.052
486.748,1.049
486.778,1.050
486.808,1.048
486.838,1.048
486.868,1.051
486.898,1.049
486.928,1.051
486.958,1.052
486.988,1.051
487.018,1.048
487.048,1.049
487.078,1.047
487.108,1.053
487.138,1.052
487.168,1.049
487.198,1.048
487.228,1.048
487.258,1.050
487.288,1.048
487.318,1.052
487.348,1.047
487.378,1.047
487.408,1.048
487.438,1.052
487.468,1.043
487.498,1.051
487.528,1.047
487.558,1.050
487.588,1.048
487.618,1.051
487.648,1.052
487.678,1.050
487.708,1.049
487.738,1.049
487.768,1.050
487.798,1.052
487.828,1.055
487.858,1.050
487.888,1.043
487.918,1.051
487.948,1.051
487.978,1.051
488.008,1.047
488.038,1.048
488.068,1.049
488.098,1.047
488.128,1.051
488.158,1.050
488.188,1.054
488.218,1.053
488.248,1.055
488.278,1.050
488.308,1.045
488.338,1.049
488.368,1.054
488.398,1.051
488.428,1.052
488.458,1.051
488.488,1.049
488.518,1.049
488.548,1.049
488.578,1.054
488.608,1.051
488.638,1.047
488.668,1.050
488.698,1.052
488.728,1.050
488.758,1.052
488.788,1.051
488.818,1.051
488.848,1.055
488.878,1.055
488.908,1.054
488.938,1.046
488.968,1.050
488.998,1.052
489.028,1.046
489.058,1.048
489.088,1.050
489.118,1.050
489.148,1.051
489.178,1.052
489.208,1.052
489.238,1.052
489.268,1.050
489.298,1.051
489.328,1.052
489.358,1.055
489.388,1.055
489.418,1.049
489.448,1.051
489.478,1.051
489.508,1.052
489.538,1.049
489.568,1.048
489.598,1.050
489.628,1.050
489.658,1.052
489.688,1.053
489.718,1.049
489.748,1.048
489.778,1.051
489.808,1.050
489.838,1.048
489.868,1.050
489.898,1.052
489.928,1.052
489.958,1.051
489.988,1.054
490.018,1.053
490.048,1.052
490.078,1.050
490.108,1.046
490.138,1.053
490.168,1.053
490.198,1.051
490.228,1.048
490.258,1.053
490.288,1.051
490.318,1.053
490.348,1.052
490.378,1.054
490.408,1.055
490.438,1.053
490.468,1.051
490.498,1.049
490.528,1.050
490.558,1.051
490.588,1.049
490.618,1.051
490.648,1.050
490.678,1.052
490.708,1.053
490.738,1.053
490.768,1.051
490.798,1.052
490.828,1.053
490.858,1.051
490.888,1.052
490.918,1.053
490.948,1.048
490.978,1.054
491.008,1.054
491.038,1.052
491.068,1.049
491.098,1.048
491.128,1.049
491.158,1.051
491.188,1.052
491.218,1.052
491.248,1.050
491.278,1.049
491.308,1.052
491.338,1.051
491.368,1.055
491.398,1.055
491.428,1.049
491.458,1.049
491.488,1.050
491.518,1.051
491.548,1.053
491.578,1.058
491.608,1.047
491.638,1.051
491.668,1.051
491.698,1.048
491.728,1.052
491.758,1.052
491.788,1.050
491.818,1.050
491.848,1.049
491.878,1.054
491.908,1.050
491.938,1.049
491.968,1.050
491.998,1.049
492.028,1.050
492.058,1.050
492.088,1.053
492.118,1.051
492.148,1.049
492.178,1.049
492.208,1.050
492.238,1.051
492.268,1.053
492.298,1.049
492.328,1.053
492.358,1.051
492.388,1.050
492.418,1.051
492.448,1.053
492.478,1.053
492.508,1.056
492.538,1.048
492.568,1.053
492.598,1.050
492.628,1.048
492.658,1.050
492.688,1.053
492.718,1.051
492.748,1.052
492.778,1.052
492.808,1.052
492.838,1.049
492.868,1.052
492.898,1.050
492.928,1.050
492.958,1.050
492.988,1.052
493.018,1.051
493.048,1.055
493.078,1.051
493.108,1.048
493.138,1.054
493.168,1.052
493.198,1.051
493.228,1.051
493.258,1.050
493.288,1.052
493.318,1.054
493.348,1.051
493.378,1.053
493.408,1.047
493.438,1.047
493.468,1.054
493.498,1.052
493.528,1.050
493.558,1.053
493.588,1.053
493.618,1.053
493.648,1.053
493.678,1.050
493.708,1.051
493.738,1.050
493.768,1.049
493.798,1.051
493.828,1.052
493.858,1.054
493.888,1.053
493.918,1.050
493.948,1.053
493.978,1.050
494.008,1.046
494.038,1.050
494.068,1.046
494.098,1.047
494.128,1.046
494.158,1.046
494.188,1.048
494.218,1.054
494.248,1.057
494.278,1.050
494.308,1.053
494.338,1.049
494.368,1.051
494.398,1.052
494.428,1.054
494.458,1.054
494.488,1.059
494.518,1.023
494.548,1.058
494.578,1.056
494.608,1.053
494.638,1.070
494.668,1.064
494.698,1.052
494.728,1.047
494.758,1.044
494.788,1.050
494.818,1.049
494.848,1.031
494.878,1.025
494.908,1.040
494.938,1.032
494.968,1.048
494.998,1.054
495.028,1.061
495.058,1.064
495.088,1.048
495.118,1.044
495.148,1.040
495.178,1.055
495.208,1.061
495.238,1.062
495.268,1.062
495.298,1.058
495.328,1.051
495.358,1.050
495.388,1.046
495.418,1.053
495.448,1.055
495.478,1.044
495.508,1.048
495.538,1.044
495.568,1.049
495.598,1.054
495.628,1.062
495.658,1.061
495.688,1.056
495.718,1.054
495.748,1.051
495.778,1.054
495.808,1.044
495.838,1.046
495.868,1.054
495.898,1.046
495.928,1.048
495.958,1.053
495.988,1.056
496.018,1.063
496.048,1.058
496.078,1.048
496.108,1.058
496.138,1.053
496.168,1.040
496.198,1.038
496.228,1.039
496.258,1.042
496.288,1.046
496.318,1.054
496.348,1.053
496.378,1.053
496.408,1.049
496.438,1.052
496.468,1.047
496.498,1.043
496.528,1.043
496.558,1.038
496.588,1.036
496.618,1.049
496.648,1.060
496.678,1.057
496.708,1.061
496.738,1.050
496.768,1.040
496.798,1.039
496.828,1.039
496.858,1.041
496.888,1.045
496.918,1.053
496.948,1.049
496.978,1.041
497.008,1.042
497.038,1.045
497.068,1.040
497.098,1.044
497.128,1.046
497.158,1.045
497.188,1.045
497.218,1.042
497.248,1.043
497.278,1.044
497.308,1.046
497.338,1.051
497.368,1.044
497.398,1.051
497.428,1.047
497.458,1.043
497.488,1.044
497.518,1.049
497.548,1.047
497.578,1.037
497.608,1.041
497.638,1.034
497.668,1.056
497.698,1.055
497.728,1.045
497.758,1.047
497.788,1.049
497.818,1.050
497.848,1.045
497.878,1.043
497.908,1.054
497.938,1.054
497.968,1.044
497.998,1.048
498.028,1.053
498.058,1.051
498.088,1.050
498.118,1.045
498.148,1.068
498.178,1.061
498.208,1.054
498.238,1.054
498.268,1.060
498.298,1.054
498.328,1.037
498.358,1.043
498.388,1.038
498.418,1.033
498.448,1.042
498.478,1.044
498.508,1.046
498.538,1.045
498.568,1.045
498.598,1.044
498.628,1.041
498.658,1.043
498.688,1.040
498.718,1.046
498.748,1.045
498.778,1.042
498.808,1.039
498.838,1.041
498.868,1.044
498.898,1.040
498.928,1.041
498.958,1.044
498.988,1.047
499.018,1.046
499.048,1.045
499.078,1.038
499.108,1.042
499.138,1.043
499.168,1.035
499.198,1.047
499.228,1.048
499.258,1.042
499.288,1.042
499.318,1.042
499.348,1.039
499.378,1.043
499.408,1.062
499.438,1.052
499.468,1.041
499.498,1.040
499.528,1.035
499.558,1.036
499.588,1.038
499.618,1.046
499.648,1.054
499.678,1.044
499.708,1.045
499.738,1.062
499.768,1.064
499.798,1.039
499.828,1.062
499.858,1.064
499.888,1.078
499.918,1.066
499.948,1.071
499.978,1.045
500.008,1.024
500.038,1.046
500.068,1.064
500.098,1.046
500.128,1.054
500.158,1.058
500.188,1.054
500.218,1.048
500.248,1.053
500.278,1.059
500.308,1.060
500.338,1.057
500.368,1.048
500.398,1.052
500.428,1.055
500.458,1.043
500.488,1.028
500.518,1.038
500.548,1.043
500.578,1.051
500.608,1.036
500.638,1.060
500.668,1.064
500.698,1.050
500.728,1.051
500.758,1.024
500.788,1.029
500.818,1.045
500.848,1.052
500.878,1.051
500.908,1.041
500.938,1.042
500.968,1.059
500.998,1.034
501.028,1.020
501.058,1.005
501.088,1.124
501.118,1.139
501.148,1.062
501.178,1.043
501.208,1.025
501.238,1.021
501.268,1.056
501.298,1.056
501.328,1.019
501.358,0.985
501.388,1.023
501.418,1.081
501.448,1.074
501.478,1.059
501.508,1.048
501.538,1.052
501.568,1.031
501.598,1.026
501.628,1.041
501.658,1.053
501.688,1.057
501.718,1.053
501.748,1.058
501.778,1.064
501.808,1.064
501.838,1.062
501.868,1.061
501.898,1.052
501.928,1.054
501.958,1.051
501.988,1.052
502.018,1.046
502.048,1.065
502.078,1.048
502.108,1.021
502.138,1.019
502.168,1.022
502.198,1.025
502.228,1.048
502.258,1.050
502.288,1.065
502.318,1.081
502.348,1.067
502.378,1.069
502.408,1.066
502.438,1.057
502.468,1.065
502.498,1.064
502.528,1.029
502.558,1.051
502.588,1.038
502.618,1.048
502.648,1.086
502.678,1.084
502.708,1.086
502.738,1.059
502.768,1.044
502.798,1.033
502.828,1.054
502.858,1.070
502.888,1.042
502.918,1.057
502.948,1.071
502.978,1.063
503.008,1.076
503.038,1.074
503.068,1.059
503.098,1.046
503.128,1.049
503.158,1.051
503.188,1.047
503.218,1.058
503.248,1.063
503.278,1.061
503.308,1.057
503.338,1.064
503.368,1.071
503.398,1.069
503.428,1.072
503.458,1.062
503.488,1.056
503.518,1.048
503.548,1.051
503.578,1.056
503.608,1.056
503.638,1.055
503.668,1.051
503.698,1.038
503.728,1.025
503.758,0.999
503.788,0.979
503.818,1.003
503.848,1.031
503.878,1.052
503.908,1.087
503.938,1.104
503.968,1.080
503.998,1.052
504.028,1.034
504.058,1.031
504.088,1.036
504.118,1.032
504.148,1.028
504.178,1.037
504.208,1.039
504.238,1.030
504.268,1.026
504.298,1.023
504.328,1.028
504.358,1.026
504.388,1.020
504.418,1.026
504.448,1.030
504.478,1.028
504.508,1.024
504.538,1.024
504.568,1.030
504.598,1.031
504.628,1.031
504.658,1.027
504.688,1.032
504.718,1.043
504.748,1.045
504.778,1.035
504.808,1.029
504.838,1.025
504.868,1.034
504.898,1.031
504.928,1.025
504.958,1.037
504.988,1.039
505.018,1.031
505.048,1.018
505.078,1.026
505.108,1.027
505.138,1.024
505.168,1.024
505.198,1.033
505.228,1.035
505.258,1.030
505.288,1.034
505.318,1.036
505.348,1.035
505.378,1.031
505.408,1.028
505.438,1.029
505.468,1.029
505.498,1.035
505.528,1.038
505.558,1.035
505.588,1.038
505.618,1.036
505.648,1.036
505.678,1.037
505.708,1.036
505.738,1.032
505.768,1.037
505.798,1.036
505.828,1.038
505.858,1.035
505.888,1.033
505.918,1.038
505.948,1.036
505.978,1.038
506.008,1.042
506.038,1.039
506.068,1.036
506.098,1.037
506.128,1.035
506.158,1.037
506.188,1.038
506.218,1.036
506.248,1.036
506.278,1.040
506.308,1.038
506.338,1.034
506.368,1.038
506.398,1.039
506.428,1.039
506.458,1.040
506.488,1.040
506.518,1.040
506.548,1.035
506.578,1.037
506.608,1.041
506.638,1.041
506.668,1.029
506.698,1.038
506.728,1.052
506.758,1.062
506.788,1.067
506.818,1.075
506.848,1.064
506.878,1.028
506.908,1.072
506.938,1.069
506.968,1.028
506.998,1.021
507.028,0.953
507.058,0.990
507.088,1.048
507.118,1.065
507.148,1.059
507.178,1.065
507.208,1.079
507.238,1.063
507.268,1.049
507.298,0.995
507.328,1.019
507.358,1.068
507.388,1.062
507.418,1.064
507.448,1.076
507.478,1.069
507.508,1.056
507.538,1.044
507.568,1.043
507.598,1.026
507.628,1.048
507.658,1.078
507.688,1.054
507.718,1.044
507.748,1.050
507.778,1.056
507.808,1.070
507.838,1.055
507.868,1.041
507.898,1.053
507.928,1.061
507.958,1.061
507.988,1.048
508.018,1.041
508.048,1.026
508.078,0.985
508.108,1.014
508.138,1.021
508.168,1.006
508.198,1.075
508.228,1.099
508.258,1.104
508.288,1.091
508.318,1.051
508.348,1.028
508.378,1.030
508.408,1.028
508.438,1.036
508.468,1.028
508.498,1.022
508.528,1.048
508.558,1.063
508.588,1.065
508.618,1.034
508.648,1.013
508.678,1.048
508.708,1.044
508.738,1.046
508.768,1.038
508.798,1.028
508.828,1.029
508.858,1.025
508.888,1.021
508.918,1.023
508.948,1.036
508.978,1.045
509.008,1.050
509.038,1.051
509.068,1.057
509.098,1.041
509.128,0.984
509.158,0.979
509.188,0.979
509.218,1.006
509.248,1.029
509.278,1.054
509.308,1.068
509.338,1.053
509.368,1.039
509.398,1.034
509.428,1.020
509.458,1.002
509.488,1.008
509.518,1.021
509.548,1.019
509.578,1.025
509.608,1.029
509.638,1.033
509.668,1.038
509.698,1.034
509.728,1.028
509.758,1.027
509.788,1.016
509.818,1.020
509.848,1.021
509.878,1.023
509.908,1.026
509.938,1.025
509.968,1.021
509.998,1.020
510.028,1.021
510.058,1.020
510.088,1.021
510.118,1.023
510.148,1.027
510.178,1.029
510.208,1.023
510.238,1.025
510.268,1.023
510.298,1.025
510.328,1.023
510.358,1.025
510.388,1.028
510.418,1.023
510.448,1.023
510.478,1.022
510.508,1.024
510.538,1.025
510.568,1.023
510.598,1.025
510.628,1.024
510.658,1.022
510.688,1.027
510.718,1.026
510.748,1.021
510.778,1.025
510.808,1.025
510.838,1.032
510.868,1.027
510.898,1.026
510.928,1.022
510.958,1.022
510.988,1.026
511.018,1.026
511.048,1.028
511.078,1.022
511.108,1.026
511.138,1.026
511.168,1.024
511.198,1.026
511.228,1.024
511.258,1.023
511.288,1.021
511.318,1.031
511.348,1.023
511.378,1.026
511.408,1.027
511.438,1.023
511.468,1.027
511.498,1.021
511.528,1.021
511.558,1.023
511.588,1.023
511.618,1.026
511.648,1.025
511.678,1.024
511.708,1.023
511.738,1.024
511.768,1.027
511.798,1.022
511.828,1.021
511.858,1.026
511.888,1.032
511.918,1.029
511.948,1.027
511.978,1.025
512.008,1.025
512.038,1.029
512.068,1.029
512.098,1.025
512.128,1.026
512.158,1.030
512.188,1.030
512.218,1.027
512.248,1.028
512.278,1.024
512.308,1.028
512.338,1.030
512.368,1.027
512.398,1.029
512.428,1.027
512.458,1.027
512.488,1.030
512.518,1.029
512.548,1.027
512.578,1.026
512.608,1.023
512.638,1.012
512.668,1.002
512.698,1.011
512.728,1.022
512.758,1.026
512.788,1.018
512.818,1.023
512.848,1.018
512.878,1.008
512.908,1.004
512.938,1.018
512.968,1.029
512.998,1.028
513.028,1.038
513.058,1.042
513.088,1.039
513.118,1.029
513.148,1.026
513.178,1.021
513.208,1.027
513.238,1.021
513.268,1.020
513.298,1.017
513.328,1.017
513.358,0.983
513.388,1.008
513.418,1.071
513.448,1.062
513.478,1.046
513.508,1.023
513.538,1.004
513.568,0.977
513.598,0.987
513.628,1.010
513.658,1.035
513.688,1.026
513.718,1.001
513.748,1.028
513.778,0.979
513.808,1.040
513.838,1.054
513.868,1.040
513.898,1.035
513.928,1.019
513.958,1.013
513.988,0.999
514.018,0.995
514.048,1.008
514.078,1.028
514.108,1.022
514.138,1.013
514.168,0.939
514.198,1.012
514.228,1.020
514.258,0.941
514.288,1.024
514.318,1.044
514.348,1.043
514.378,1.043
514.408,1.041
514.438,1.026
514.468,0.997
514.498,0.989
514.528,1.006
514.558,1.012
514.588,1.021
514.618,1.013
514.648,1.004
514.678,1.023
514.708,1.015
514.738,1.012
514.768,0.979
514.798,1.062
514.828,1.057
514.858,1.037
514.888,1.044
514.918,1.035
514.948,1.033
514.978,1.011
515.008,0.986
515.038,0.985
515.068,1.013
515.098,1.028
515.128,1.023
515.158,0.935
515.188,0.983
515.218,1.045
515.248,1.054
515.278,1.026
515.308,1.029
515.338,1.037
515.368,1.021
515.398,1.004
515.428,0.991
515.458,0.993
515.488,1.016
515.518,1.030
515.548,1.045
515.578,0.995
515.608,1.019
515.638,1.024
515.668,0.990
515.698,1.034
515.728,1.031
515.758,1.045
515.788,1.034
515.818,1.016
515.848,1.008
515.878,1.010
515.908,1.011
515.938,1.015
515.968,1.021
515.998,1.026
516.028,1.029
516.058,1.060
516.088,0.982
516.118,1.004
516.148,1.031
516.178,1.030
516.208,1.034
516.238,1.046
516.268,1.058
516.298,1.047
516.328,1.066
516.358,1.074
516.388,1.057
516.418,1.041
516.448,1.018
516.478,1.003
516.508,1.018
516.538,1.016
516.568,1.020
516.598,1.003
516.628,1.039
516.658,1.026
516.688,1.022
516.718,1.030
516.748,1.036
516.778,1.041
516.808,1.046
516.838,1.029
516.868,1.031
516.898,1.038
516.928,1.039
516.958,1.036
516.988,1.025
517.018,1.033
517.048,1.057
517.078,1.064
517.108,1.046
517.138,1.029
517.168,1.029
517.198,1.031
517.228,1.050
517.258,1.055
517.288,1.043
517.318,1.051
517.348,1.040
517.378,1.049
517.408,1.033
517.438,1.011
517.468,1.013
517.498,1.045
517.528,1.041
517.558,1.043
517.588,1.060
517.618,1.049
517.648,1.058
517.678,1.042
517.708,1.025
517.738,1.033
517.768,1.049
517.798,1.054
517.828,1.045
517.858,1.054
517.888,1.045
517.918,1.039
517.948,1.022
517.978,1.035
518.008,1.047
518.038,1.074
518.068,1.066
518.098,1.052
518.128,1.034
518.158,1.037
518.188,1.019
518.218,1.021
518.248,1.040
518.278,1.062
518.308,1.039
518.338,1.031
518.368,1.038
518.398,1.051
518.428,1.044
518.458,1.047
518.488,1.046
518.518,1.042
518.548,1.035
518.578,1.016
518.608,1.043
518.638,1.052
518.668,1.032
518.698,1.030
518.728,1.042
518.758,1.049
518.788,1.024
518.818,1.035
518.848,1.036
518.878,1.041
518.908,1.032
518.938,1.052
518.968,1.054
518.998,1.043
519.028,1.043
519.058,1.032
519.088,1.017
519.118,1.021
519.148,1.045
519.178,1.058
519.208,1.061
519.238,1.064
519.268,1.053
519.298,1.050
519.328,1.043
519.358,1.035
519.388,1.042
519.418,1.046
519.448,1.057
519.478,1.064
519.508,1.064
519.538,1.057
519.568,1.050
519.598,1.049
519.628,1.060
519.658,1.056
519.688,1.055
519.718,1.052
519.748,1.050
519.778,1.053
519.808,1.047
519.838,1.052
519.868,1.052
519.898,1.058
519.928,1.046
519.958,1.049
519.988,1.044
520.018,1.041
520.048,1.043
520.078,1.037
520.108,1.043
520.138,1.032
520.168,1.030
520.198,1.042
520.228,1.045
520.258,1.049
520.288,1.058
520.318,1.056
520.348,1.048
520.378,1.050
520.408,1.049
520.438,1.046
520.468,1.034
520.498,1.046
520.528,1.049
520.558,1.043
520.588,1.035
520.618,1.035
520.648,1.037
520.678,1.047
520.708,1.047
520.738,1.050
520.768,1.057
520.798,1.050
520.828,1.044
520.858,1.045
520.888,1.050
520.918,1.043
520.948,1.052
520.978,1.048
521.008,1.040
521.038,1.045
521.068,1.049
521.098,1.045
521.128,1.047
521.158,1.048
521.188,1.044
521.218,1.042
521.248,1.025
521.278,1.028
521.308,1.039
521.338,1.038
521.368,1.041
521.398,1.058
521.428,1.061
521.458,1.062
521.488,1.054
521.518,1.039
521.548,1.022
521.578,1.016
521.608,1.002
521.638,0.989
521.668,0.967
521.698,0.951
521.728,0.959
521.758,1.010
521.788,1.120
521.818,1.147
521.848,1.121
521.878,1.106
521.908,1.085
521.938,1.060
521.968,1.068
521.998,1.057
522.028,1.058
522.058,1.036
522.088,1.032
522.118,1.044
522.148,1.045
522.178,1.037
522.208,1.032
522.238,1.032
522.268,1.029
522.298,1.017
522.328,1.006
522.358,1.022
522.388,1.047
522.418,1.045
522.448,1.025
522.478,1.016
522.508,1.024
522.538,1.057
522.568,1.057
522.598,1.061
522.628,1.070
522.658,1.039
522.688,1.030
522.718,1.030
522.748,1.008
522.778,1.000
522.808,1.026
522.838,1.032
522.868,1.010
522.898,0.996
522.928,1.004
522.958,1.024
522.988,1.025
523.018,1.015
523.048,1.012
523.078,1.017
523.108,1.032
523.138,1.042
523.168,1.048
523.198,1.032
523.228,1.032
523.258,1.053
523.288,1.061
523.318,1.059
523.348,1.066
523.378,1.061
523.408,1.047
523.438,1.050
523.468,1.050
523.498,1.037
523.528,1.031
523.558,1.046
523.588,1.052
523.618,1.044
523.648,1.018
523.678,1.032
523.708,1.035
523.738,1.024
523.768,1.026
523.798,1.030
523.828,1.035
523.858,1.047
523.888,1.064
523.918,1.065
523.948,1.034
523.978,1.030
524.008,1.032
524.038,1.030
524.068,1.030
524.098,1.021
524.128,1.037
524.158,1.037
524.188,1.028
524.218,1.043
524.248,1.056
524.278,1.042
524.308,1.051
524.338,1.036
524.368,1.033
524.398,1.020
524.428,1.031
524.458,1.052
524.488,1.044
524.518,1.045
524.548,1.062
524.578,1.049
524.608,1.058
524.638,1.061
524.668,1.042
524.698,1.023
524.728,1.028
524.758,1.035
524.788,1.058
524.818,1.040
524.848,1.046
524.878,1.028
524.908,1.023
524.938,1.043
524.968,1.061
524.998,1.059
525.028,1.059
525.058,1.079
525.088,1.109
525.118,1.089
525.148,1.044
525.178,1.038
525.208,1.053
525.238,1.036
525.268,1.058
525.298,1.057
525.328,1.063
525.358,1.062
525.388,1.068
525.418,1.047
525.448,1.032
525.478,1.042
525.508,1.049
525.538,1.061
525.568,1.057
525.598,1.045
525.628,1.036
525.658,1.043
525.688,1.044
525.718,1.004
525.748,1.021
525.778,1.054
525.808,1.021
525.838,1.031
525.868,1.042
525.898,1.045
525.928,1.052
525.958,1.068
525.988,1.065
