df_hash,22ZHK4.DA4SRM
device,HZ2X61
project_hash,29R7
project_name,istanbul_aydin_university
person_hash,29R7.VZ79
person_label,V62
date_time_start,2025-10-31_16-10-53.892000_+03
date_time_start_unix,1761912653.892
date_time_end,2025-10-31_16-19-41.517000_+03
length_difference_noticed,no

time,ppg_med
5.700,436
5.725,500
5.750,604
5.775,660
5.800,638
5.825,615
5.850,675
5.875,784
5.900,826
5.925,759
5.950,687
5.975,725
6.000,826
6.025,832
6.050,688
6.075,535
6.100,527
6.125,602
6.150,547
6.175,290
6.200,21
6.225,-55
6.250,-20
6.275,-156
6.300,-556
6.325,-969
6.350,-1125
6.375,-1131
6.400,-1354
6.425,-1912
6.450,-2476
6.475,-2700
6.500,-2722
6.525,-3009
6.550,-3711
6.575,-4407
6.600,-4655
6.625,-4629
6.650,-4924
6.675,-5725
6.700,-6498
6.725,-6686
6.750,-6510
6.775,-6715
6.800,-7534
6.825,-8295
6.850,-8303
6.875,-7834
6.900,-7820
6.925,-8551
6.950,-9189
6.975,-8868
7.000,-7933
7.025,-7548
7.050,-8077
7.075,-8476
7.100,-7665
7.125,-6076
7.150,-5167
7.175,-5398
7.200,-5465
7.225,-4011
7.250,-1579
7.275,-11
7.300,98
7.325,398
7.350,2621
7.375,6079
7.400,8401
7.425,8801
7.450,9403
7.475,12486
7.500,17169
7.525,20298
7.550,20770
7.575,21435
7.600,25462
7.625,31693
7.650,32767
7.675,32767
7.700,32767
7.725,32767
7.750,32767
7.775,32767
7.800,32767
7.825,32767
7.850,32767
7.875,32767
7.900,32767
7.925,32767
7.950,11613
7.975,-32768
8.000,-32768
8.025,-32768
8.050,-32768
8.075,-32768
8.100,-32768
8.125,-32768
8.150,-32768
8.175,-32768
8.200,-32768
8.225,-32768
8.250,-32768
8.275,-32768
8.300,-27885
8.325,-22523
8.350,-20671
8.375,-20559
8.400,-18562
8.425,-14115
8.450,-10072
8.475,-8614
8.500,-8488
8.525,-7021
8.550,-3752
8.575,-805
8.600,160
8.625,82
8.650,1010
8.675,3308
8.700,5329
8.725,5776
8.750,5384
8.775,5779
8.800,7258
8.825,8518
8.850,8525
8.875,7861
8.900,7827
8.925,8664
8.950,9332
8.975,9005
9.000,8155
9.025,7827
9.050,8212
9.075,8474
9.100,7953
9.125,7036
9.150,6575
9.175,6730
9.200,6815
9.225,6278
9.250,5412
9.275,4894
9.300,4863
9.325,4789
9.350,4243
9.375,3461
9.400,2979
9.425,2906
9.450,2821
9.475,2382
9.500,1765
9.525,1387
9.550,1330
9.575,1271
9.600,944
9.625,488
9.650,222
9.675,209
9.700,199
9.725,-13
9.750,-321
9.775,-482
9.800,-446
9.825,-405
9.850,-517
9.875,-706
9.900,-782
9.925,-696
9.950,-581
9.975,-562
10.000,-604
10.025,-592
10.050,-499
10.075,-413
10.100,-404
10.125,-433
10.150,-415
10.175,-335
10.200,-261
10.225,-241
10.250,-242
10.275,-202
10.300,-117
10.325,-47
10.350,-30
10.375,-36
10.400,-9
10.425,55
10.450,113
10.475,125
10.500,115
10.525,113
10.550,95
10.575,75
10.600,65
10.625,75
10.650,108
10.675,152
10.700,191
10.725,214
10.750,219
10.775,215
10.800,209
10.825,204
10.850,200
10.875,196
10.900,195
10.925,197
10.950,200
10.975,200
11.000,195
11.025,186
11.050,177
11.075,172
11.100,171
11.125,169
11.150,158
11.175,135
11.200,106
11.225,85
11.250,85
11.275,110
11.300,151
11.325,191
11.350,218
11.375,228
11.400,226
11.425,217
11.450,207
11.475,198
11.500,193
11.525,193
11.550,194
11.575,193
11.600,189
11.625,182
11.650,176
11.675,170
11.700,164
11.725,156
11.750,148
11.775,138
11.800,121
11.825,94
11.850,71
11.875,67
11.900,93
11.925,138
11.950,180
11.975,203
12.000,209
12.025,213
12.050,222
12.075,229
12.100,224
12.125,210
12.150,198
12.175,197
12.200,203
12.225,204
12.250,194
12.275,180
12.300,171
12.325,167
12.350,159
12.375,145
12.400,130
12.425,118
12.450,106
12.475,86
12.500,63
12.525,51
12.550,67
12.575,109
12.600,156
12.625,188
12.650,203
12.675,212
12.700,224
12.725,236
12.750,239
12.775,228
12.800,215
12.825,210
12.850,215
12.875,221
12.900,221
12.925,218
12.950,212
12.975,206
13.000,197
13.025,188
13.050,181
13.075,177
13.100,170
13.125,153
13.150,131
13.175,111
13.200,96
13.225,80
13.250,55
13.275,26
13.300,15
13.325,37
13.350,87
13.375,140
13.400,173
13.425,186
13.450,193
13.475,208
13.500,227
13.525,240
13.550,240
13.575,234
13.600,233
13.625,239
13.650,247
13.675,251
13.700,249
13.725,246
13.750,243
13.775,238
13.800,231
13.825,221
13.850,210
13.875,198
13.900,185
13.925,172
13.950,157
13.975,140
14.000,120
14.025,101
14.050,88
14.075,81
14.100,72
14.125,52
14.150,24
14.175,6
14.200,15
14.225,53
14.250,104
14.275,144
14.300,165
14.325,176
14.350,191
14.375,211
14.400,229
14.425,236
14.450,233
14.475,229
14.500,234
14.525,245
14.550,255
14.575,260
14.600,256
14.625,248
14.650,240
14.675,233
14.700,226
14.725,218
14.750,205
14.775,191
14.800,178
14.825,167
14.850,154
14.875,136
14.900,116
14.925,100
14.950,90
14.975,79
15.000,58
15.025,29
15.050,11
15.075,24
15.100,68
15.125,123
15.150,162
15.175,175
15.200,176
15.225,182
15.250,201
15.275,222
15.300,232
15.325,229
15.350,222
15.375,224
15.400,233
15.425,244
15.450,248
15.475,244
15.500,236
15.525,229
15.550,226
15.575,223
15.600,215
15.625,202
15.650,186
15.675,171
15.700,157
15.725,143
15.750,127
15.775,111
15.800,100
15.825,92
15.850,78
15.875,53
15.900,26
15.925,16
15.950,36
15.975,80
16.000,127
16.025,157
16.050,171
16.075,183
16.100,202
16.125,224
16.150,235
16.175,232
16.200,221
16.225,215
16.250,219
16.275,230
16.300,238
16.325,239
16.350,236
16.375,229
16.400,222
16.425,215
16.450,209
16.475,204
16.500,197
16.525,187
16.550,173
16.575,156
16.600,141
16.625,128
16.650,117
16.675,107
16.700,94
16.725,75
16.750,53
16.775,38
16.800,45
16.825,78
16.850,126
16.875,168
16.900,189
16.925,193
16.950,195
16.975,203
17.000,213
17.025,217
17.050,213
17.075,212
17.100,220
17.125,235
17.150,244
17.175,239
17.200,226
17.225,216
17.250,214
17.275,214
17.300,208
17.325,197
17.350,184
17.375,173
17.400,163
17.425,149
17.450,133
17.475,118
17.500,110
17.525,102
17.550,87
17.575,66
17.600,50
17.625,54
17.650,85
17.675,130
17.700,171
17.725,195
17.750,204
17.775,206
17.800,207
17.825,206
17.850,201
17.875,193
17.900,190
17.925,196
17.950,208
17.975,217
18.000,215
18.025,207
18.050,200
18.075,199
18.100,202
18.125,200
18.150,190
18.175,173
18.200,157
18.225,145
18.250,135
18.275,122
18.300,102
18.325,80
18.350,69
18.375,81
18.400,116
18.425,163
18.450,202
18.475,222
18.500,226
18.525,222
18.550,219
18.575,214
18.600,204
18.625,194
18.650,189
18.675,193
18.700,201
18.725,203
18.750,197
18.775,187
18.800,178
18.825,173
18.850,165
18.875,152
18.900,139
18.925,127
18.950,115
18.975,98
19.000,76
19.025,64
19.050,76
19.075,114
19.100,162
19.125,201
19.150,222
19.175,230
19.200,233
19.225,230
19.250,220
19.275,204
19.300,191
19.325,189
19.350,196
19.375,201
19.400,197
19.425,186
19.450,177
19.475,172
19.500,165
19.525,153
19.550,138
19.575,128
19.600,122
19.625,108
19.650,82
19.675,55
19.700,50
19.725,79
19.750,132
19.775,182
19.800,210
19.825,220
19.850,226
19.875,236
19.900,245
19.925,241
19.950,229
19.975,218
20.000,216
20.025,220
20.050,219
20.075,211
20.100,204
20.125,202
20.150,198
20.175,178
20.200,141
20.225,106
20.250,94
20.275,105
20.300,115
20.325,100
20.350,62
20.375,33
20.400,42
20.425,90
20.450,148
20.475,189
20.500,205
20.525,211
20.550,222
20.575,237
20.600,243
20.625,236
20.650,222
20.675,216
20.700,222
20.725,233
20.750,237
20.775,232
20.800,220
20.825,209
20.850,201
20.875,193
20.900,182
20.925,166
20.950,147
20.975,129
21.000,116
21.025,106
21.050,93
21.075,71
21.100,46
21.125,34
21.150,51
21.175,94
21.200,145
21.225,182
21.250,198
21.275,203
21.300,211
21.325,225
21.350,234
21.375,231
21.400,222
21.425,218
21.450,226
21.475,237
21.500,240
21.525,233
21.550,226
21.575,223
21.600,219
21.625,208
21.650,190
21.675,173
21.700,162
21.725,155
21.750,142
21.775,122
21.800,103
21.825,93
21.850,85
21.875,70
21.900,45
21.925,27
21.950,38
21.975,81
22.000,136
22.025,177
22.050,194
22.075,198
22.100,206
22.125,221
22.150,231
22.175,227
22.200,214
22.225,205
22.250,208
22.275,217
22.300,223
22.325,222
22.350,216
22.375,212
22.400,208
22.425,202
22.450,192
22.475,182
22.500,173
22.525,162
22.550,147
22.575,129
22.600,116
22.625,110
22.650,105
22.675,91
22.700,71
22.725,58
22.750,69
22.775,107
22.800,155
22.825,190
22.850,203
22.875,203
22.900,202
22.925,207
22.950,211
22.975,209
23.000,204
23.025,205
23.050,213
23.075,224
23.100,228
23.125,226
23.150,224
23.175,225
23.200,226
23.225,220
23.250,204
23.275,186
23.300,175
23.325,168
23.350,160
23.375,147
23.400,131
23.425,119
23.450,111
23.475,99
23.500,82
23.525,66
23.550,67
23.575,92
23.600,132
23.625,168
23.650,191
23.675,200
23.700,204
23.725,207
23.750,207
23.775,201
23.800,191
23.825,186
23.850,190
23.875,200
23.900,206
23.925,204
23.950,198
23.975,193
24.000,192
24.025,192
24.050,186
24.075,173
24.100,159
24.125,150
24.150,146
24.175,140
24.200,125
24.225,102
24.250,83
24.275,85
24.300,112
24.325,153
24.350,188
24.375,207
24.400,213
24.425,214
24.450,215
24.475,213
24.500,204
24.525,193
24.550,185
24.575,188
24.600,194
24.625,197
24.650,192
24.675,185
24.700,180
24.725,177
24.750,170
24.775,157
24.800,145
24.825,138
24.850,134
24.875,121
24.900,97
24.925,74
24.950,72
24.975,100
25.000,145
25.025,183
25.050,201
25.075,204
25.100,207
25.125,215
25.150,221
25.175,217
25.200,205
25.225,196
25.250,196
25.275,201
25.300,201
25.325,193
25.350,182
25.375,175
25.400,171
25.425,166
25.450,156
25.475,145
25.500,137
25.525,127
25.550,109
25.575,85
25.600,70
25.625,80
25.650,117
25.675,164
25.700,201
25.725,217
25.750,220
25.775,221
25.800,226
25.825,227
25.850,222
25.875,213
25.900,210
25.925,214
25.950,220
25.975,217
26.000,206
26.025,194
26.050,188
26.075,185
26.100,177
26.125,160
26.150,142
26.175,131
26.200,126
26.225,114
26.250,83
26.275,43
26.300,19
26.325,31
26.350,77
26.375,131
26.400,171
26.425,190
26.450,200
26.475,212
26.500,222
26.525,223
26.550,215
26.575,205
26.600,204
26.625,212
26.650,220
26.675,222
26.700,219
26.725,216
26.750,213
26.775,207
26.800,196
26.825,184
26.850,173
26.875,162
26.900,147
26.925,130
26.950,115
26.975,103
27.000,86
27.025,57
27.050,24
27.075,13
27.100,46
27.125,114
27.150,185
27.175,225
27.200,230
27.225,221
27.250,221
27.275,232
27.300,240
27.325,236
27.350,226
27.375,224
27.400,233
27.425,241
27.450,239
27.475,229
27.500,222
27.525,222
27.550,221
27.575,211
27.600,195
27.625,181
27.650,174
27.675,167
27.700,151
27.725,128
27.750,108
27.775,97
27.800,89
27.825,73
27.850,48
27.875,29
27.900,36
27.925,72
27.950,121
27.975,160
28.000,180
28.025,187
28.050,195
28.075,208
28.100,221
28.125,227
28.150,227
28.175,227
28.200,233
28.225,242
28.250,246
28.275,241
28.300,229
28.325,220
28.350,217
28.375,217
28.400,213
28.425,202
28.450,188
28.475,176
28.500,164
28.525,149
28.550,127
28.575,105
28.600,91
28.625,85
28.650,79
28.675,65
28.700,46
28.725,38
28.750,56
28.775,97
28.800,142
28.825,172
28.850,185
28.875,189
28.900,197
28.925,206
28.950,210
28.975,206
29.000,203
29.025,211
29.050,225
29.075,232
29.100,226
29.125,213
29.150,207
29.175,215
29.200,227
29.225,228
29.250,215
29.275,198
29.300,186
29.325,181
29.350,172
29.375,156
29.400,139
29.425,129
29.450,122
29.475,111
29.500,90
29.525,71
29.550,71
29.575,95
29.600,133
29.625,167
29.650,187
29.675,196
29.700,201
29.725,204
29.750,202
29.775,195
29.800,186
29.825,182
29.850,187
29.875,197
29.900,204
29.925,207
29.950,206
29.975,204
30.000,200
30.025,196
30.050,189
30.075,178
30.100,165
30.125,154
30.150,150
30.175,148
30.200,140
30.225,121
30.250,100
30.275,93
30.300,111
30.325,148
30.350,183
30.375,201
30.400,202
30.425,198
30.450,197
30.475,197
30.500,191
30.525,181
30.550,175
30.575,178
30.600,187
30.625,192
30.650,190
30.675,185
30.700,181
30.725,177
30.750,169
30.775,158
30.800,150
30.825,144
30.850,133
30.875,112
30.900,89
30.925,83
30.950,104
30.975,144
31.000,181
31.025,202
31.050,210
31.075,215
31.100,221
31.125,221
31.150,213
31.175,202
31.200,201
31.225,209
31.250,214
31.275,209
31.300,194
31.325,182
31.350,178
31.375,177
31.400,170
31.425,156
31.450,141
31.475,128
31.500,110
31.525,85
31.550,62
31.575,60
31.600,86
31.625,127
31.650,162
31.675,180
31.700,189
31.725,200
31.750,215
31.775,225
31.800,221
31.825,209
31.850,203
31.875,207
31.900,216
31.925,218
31.950,212
31.975,202
32.000,192
32.025,179
32.050,163
32.075,146
32.100,135
32.125,128
32.150,116
32.175,92
32.200,64
32.225,49
32.250,64
32.275,106
32.300,154
32.325,187
32.350,201
32.375,208
32.400,219
32.425,234
32.450,241
32.475,236
32.500,224
32.525,218
32.550,224
32.575,233
32.600,234
32.625,225
32.650,210
32.675,199
32.700,190
32.725,177
32.750,157
32.775,136
32.800,120
32.825,109
32.850,92
32.875,63
32.900,30
32.925,14
32.950,33
32.975,80
33.000,135
33.025,176
33.050,200
33.075,214
33.100,228
33.125,242
33.150,250
33.175,249
33.200,245
33.225,243
33.250,244
33.275,246
33.300,244
33.325,239
33.350,229
33.375,217
33.400,205
33.425,195
33.450,186
33.475,172
33.500,151
33.525,126
33.550,106
33.575,94
33.600,81
33.625,57
33.650,26
33.675,5
33.700,17
33.725,63
33.750,121
33.775,167
33.800,190
33.825,202
33.850,216
33.875,232
33.900,239
33.925,232
33.950,221
33.975,217
34.000,223
34.025,232
34.050,236
34.075,233
34.100,228
34.125,222
34.150,216
34.175,207
34.200,198
34.225,189
34.250,175
34.275,156
34.300,134
34.325,115
34.350,102
34.375,85
34.400,58
34.425,31
34.450,24
34.475,52
34.500,105
34.525,158
34.550,189
34.575,199
34.600,203
34.625,212
34.650,221
34.675,222
34.700,212
34.725,201
34.750,199
34.775,206
34.800,213
34.825,214
34.850,210
34.875,206
34.900,201
34.925,194
34.950,183
34.975,170
35.000,158
35.025,148
35.050,140
35.075,132
35.100,124
35.125,109
35.150,87
35.175,64
35.200,55
35.225,74
35.250,116
35.275,166
35.300,201
35.325,216
35.350,218
35.375,219
35.400,222
35.425,223
35.450,217
35.475,208
35.500,204
35.525,208
35.550,215
35.575,217
35.600,213
35.625,206
35.650,201
35.675,197
35.700,194
35.725,185
35.750,171
35.775,153
35.800,138
35.825,128
35.850,120
35.875,107
35.900,86
35.925,66
35.950,66
35.975,92
36.000,138
36.025,181
36.050,207
36.075,213
36.100,213
36.125,212
36.150,211
36.175,203
36.200,191
36.225,185
36.250,187
36.275,194
36.300,195
36.325,189
36.350,180
36.375,176
36.400,175
36.425,171
36.450,162
36.475,154
36.500,148
36.525,143
36.550,130
36.575,111
36.600,99
36.625,107
36.650,140
36.675,183
36.700,215
36.725,228
36.750,224
36.775,214
36.800,205
36.825,196
36.850,187
36.875,180
36.900,178
36.925,181
36.950,185
36.975,186
37.000,181
37.025,171
37.050,161
37.075,153
37.100,147
37.125,139
37.150,125
37.175,108
37.200,97
37.225,104
37.250,135
37.275,178
37.300,216
37.325,235
37.350,234
37.375,223
37.400,213
37.425,205
37.450,195
37.475,183
37.500,174
37.525,174
37.550,182
37.575,188
37.600,181
37.625,164
37.650,147
37.675,139
37.700,138
37.725,132
37.750,114
37.775,91
37.800,79
37.825,91
37.850,126
37.875,168
37.900,203
37.925,224
37.950,231
37.975,231
38.000,226
38.025,217
38.050,206
38.075,196
38.100,189
38.125,187
38.150,187
38.175,185
38.200,178
38.225,169
38.250,159
38.275,152
38.300,143
38.325,126
38.350,98
38.375,68
38.400,53
38.425,66
38.450,102
38.475,146
38.500,183
38.525,206
38.550,221
38.575,232
38.600,237
38.625,232
38.650,220
38.675,209
38.700,205
38.725,206
38.750,206
38.775,201
38.800,193
38.825,185
38.850,174
38.875,158
38.900,141
38.925,127
38.950,116
38.975,99
39.000,72
39.025,46
39.050,42
39.075,72
39.100,127
39.125,181
39.150,213
39.175,226
39.200,233
39.225,245
39.250,257
39.275,258
39.300,247
39.325,236
39.350,233
39.375,238
39.400,241
39.425,236
39.450,224
39.475,211
39.500,200
39.525,191
39.550,180
39.575,167
39.600,150
39.625,131
39.650,111
39.675,93
39.700,74
39.725,51
39.750,24
39.775,4
39.800,10
39.825,47
39.850,103
39.875,153
39.900,184
39.925,199
39.950,214
39.975,233
40.000,249
40.025,250
40.050,238
40.075,229
40.100,234
40.125,248
40.150,257
40.175,254
40.200,246
40.225,241
40.250,240
40.275,234
40.300,218
40.325,198
40.350,183
40.375,173
40.400,160
40.425,139
40.450,113
40.475,95
40.500,83
40.525,69
40.550,42
40.575,13
40.600,3
40.625,25
40.650,74
40.675,127
40.700,165
40.725,185
40.750,199
40.775,214
40.800,229
40.825,236
40.850,233
40.875,227
40.900,224
40.925,229
40.950,237
40.975,243
41.000,244
41.025,241
41.050,235
41.075,229
41.100,222
41.125,211
41.150,198
41.175,182
41.200,167
41.225,154
41.250,142
41.275,130
41.300,117
41.325,101
41.350,80
41.375,53
41.400,26
41.425,12
41.450,25
41.475,65
41.500,119
41.525,163
41.550,186
41.575,193
41.600,197
41.625,206
41.650,215
41.675,216
41.700,211
41.725,211
41.750,218
41.775,229
41.800,233
41.825,229
41.850,223
41.875,222
41.900,222
41.925,217
41.950,203
41.975,188
42.000,179
42.025,173
42.050,163
42.075,146
42.100,128
42.125,115
42.150,103
42.175,83
42.200,58
42.225,44
42.250,59
42.275,103
42.300,155
42.325,191
42.350,204
42.375,205
42.400,209
42.425,216
42.450,218
42.475,211
42.500,200
42.525,197
42.550,204
42.575,214
42.600,219
42.625,216
42.650,210
42.675,204
42.700,200
42.725,196
42.750,190
42.775,182
42.800,171
42.825,157
42.850,143
42.875,132
42.900,119
42.925,100
42.950,75
42.975,55
43.000,59
43.025,91
43.050,138
43.075,178
43.100,199
43.125,206
43.150,210
43.175,213
43.200,210
43.225,199
43.250,189
43.275,191
43.300,202
43.325,212
43.350,209
43.375,196
43.400,186
43.425,186
43.450,189
43.475,184
43.500,170
43.525,156
43.550,149
43.575,144
43.600,130
43.625,106
43.650,84
43.675,81
43.700,104
43.725,143
43.750,180
43.775,206
43.800,218
43.825,221
43.850,217
43.875,209
43.900,199
43.925,193
43.950,190
43.975,190
44.000,189
44.025,189
44.050,188
44.075,186
44.100,180
44.125,170
44.150,159
44.175,150
44.200,140
44.225,126
44.250,107
44.275,92
44.300,93
44.325,116
44.350,154
44.375,192
44.400,216
44.425,225
44.450,223
44.475,216
44.500,206
44.525,193
44.550,183
44.575,179
44.600,184
44.625,191
44.650,192
44.675,185
44.700,172
44.725,161
44.750,154
44.775,149
44.800,136
44.825,114
44.850,90
44.875,77
44.900,88
44.925,122
44.950,168
44.975,207
45.000,228
45.025,232
45.050,225
45.075,215
45.100,204
45.125,193
45.150,183
45.175,179
45.200,183
45.225,188
45.250,188
45.275,179
45.300,165
45.325,154
45.350,147
45.375,138
45.400,118
45.425,92
45.450,71
45.475,71
45.500,99
45.525,144
45.550,189
45.575,220
45.600,233
45.625,235
45.650,232
45.675,226
45.700,216
45.725,203
45.750,192
45.775,188
45.800,191
45.825,194
45.850,188
45.875,172
45.900,155
45.925,143
45.950,135
45.975,121
46.000,95
46.025,67
46.050,59
46.075,83
46.100,131
46.125,180
46.150,212
46.175,226
46.200,233
46.225,239
46.250,240
46.275,233
46.300,219
46.325,208
46.350,205
46.375,207
46.400,203
46.425,191
46.450,178
46.475,168
46.500,161
46.525,150
46.550,136
46.575,122
46.600,109
46.625,90
46.650,63
46.675,37
46.700,35
46.725,69
46.750,128
46.775,183
46.800,214
46.825,224
46.850,232
46.875,246
46.900,258
46.925,255
46.950,237
46.975,222
47.000,226
47.025,242
47.050,253
47.075,248
47.100,234
47.125,221
47.150,214
47.175,206
47.200,191
47.225,174
47.250,161
47.275,154
47.300,144
47.325,124
47.350,101
47.375,83
47.400,70
47.425,53
47.450,25
47.475,0
47.500,1
47.525,38
47.550,98
47.575,151
47.600,181
47.625,191
47.650,199
47.675,215
47.700,231
47.725,237
47.750,233
47.775,227
47.800,231
47.825,243
47.850,254
47.875,258
47.900,255
47.925,249
47.950,244
47.975,238
48.000,229
48.025,218
48.050,205
48.075,193
48.100,184
48.125,174
48.150,161
48.175,141
48.200,116
48.225,93
48.250,78
48.275,70
48.300,61
48.325,44
48.350,26
48.375,25
48.400,54
48.425,105
48.450,154
48.475,183
48.500,192
48.525,196
48.550,207
48.575,219
48.600,221
48.625,214
48.650,208
48.675,215
48.700,230
48.725,240
48.750,236
48.775,225
48.800,218
48.825,222
48.850,225
48.875,217
48.900,199
48.925,183
48.950,176
48.975,172
49.000,161
49.025,140
49.050,117
49.075,103
49.100,97
49.125,85
49.150,63
49.175,40
49.200,36
49.225,60
49.250,105
49.275,151
49.300,182
49.325,199
49.350,208
49.375,216
49.400,221
49.425,220
49.450,215
49.475,211
49.500,215
49.525,225
49.550,232
49.575,233
49.600,228
49.625,224
49.650,223
49.675,224
49.700,221
49.725,212
49.750,198
49.775,186
49.800,175
49.825,163
49.850,148
49.875,131
49.900,117
49.925,106
49.950,94
49.975,75
50.000,51
50.025,38
50.050,49
50.075,86
50.100,134
50.125,172
50.150,194
50.175,203
50.200,207
50.225,209
50.250,206
50.275,200
50.300,196
50.325,204
50.350,219
50.375,232
50.400,233
50.425,226
50.450,221
50.475,221
50.500,224
50.525,219
50.550,206
50.575,190
50.600,178
50.625,171
50.650,163
50.675,150
50.700,134
50.725,118
50.750,101
50.775,81
50.800,59
50.825,46
50.850,55
50.875,88
50.900,134
50.925,176
50.950,203
50.975,215
51.000,218
51.025,216
51.050,210
51.075,201
51.100,194
51.125,193
51.150,199
51.175,206
51.200,211
51.225,209
51.250,204
51.275,199
51.300,197
51.325,193
51.350,184
51.375,171
51.400,157
51.425,143
51.450,129
51.475,108
51.500,85
51.525,67
51.550,68
51.575,92
51.600,132
51.625,173
51.650,203
51.675,221
51.700,228
51.725,226
51.750,215
51.775,201
51.800,191
51.825,191
51.850,198
51.875,204
51.900,203
51.925,197
51.950,191
51.975,187
52.000,180
52.025,167
52.050,153
52.075,142
52.100,132
52.125,115
52.150,88
52.175,65
52.200,65
52.225,96
52.250,146
52.275,192
52.300,220
52.325,233
52.350,239
52.375,242
52.400,234
52.425,216
52.450,196
52.475,187
52.500,189
52.525,195
52.550,192
52.575,183
52.600,175
52.625,171
52.650,165
52.675,154
52.700,138
52.725,125
52.750,115
52.775,100
52.800,75
52.825,52
52.850,52
52.875,85
52.900,141
52.925,192
52.950,221
52.975,231
53.000,235
53.025,239
53.050,238
53.075,229
53.100,215
53.125,207
53.150,208
53.175,213
53.200,212
53.225,203
53.250,192
53.275,183
53.300,173
53.325,161
53.350,147
53.375,135
53.400,122
53.425,101
53.450,69
53.475,39
53.500,33
53.525,64
53.550,120
53.575,173
53.600,206
53.625,220
53.650,229
53.675,239
53.700,245
53.725,239
53.750,223
53.775,211
53.800,212
53.825,221
53.850,223
53.875,214
53.900,201
53.925,194
53.950,191
53.975,182
54.000,162
54.025,138
54.050,122
54.075,114
54.100,101
54.125,75
54.150,45
54.175,33
54.200,54
54.225,101
54.250,154
54.275,193
54.300,215
54.325,229
54.350,240
54.375,247
54.400,243
54.425,230
54.450,214
54.475,205
54.500,206
54.525,214
54.550,219
54.575,217
54.600,207
54.625,196
54.650,187
54.675,181
54.700,172
54.725,155
54.750,134
54.775,117
54.800,106
54.825,95
54.850,75
54.875,49
54.900,35
54.925,52
54.950,99
54.975,156
55.000,198
55.025,218
55.050,222
55.075,224
55.100,228
55.125,229
55.150,222
55.175,212
55.200,207
55.225,209
55.250,213
55.275,215
55.300,213
55.325,209
55.350,205
55.375,200
55.400,193
55.425,183
55.450,170
55.475,154
55.500,138
55.525,124
55.550,112
55.575,98
55.600,77
55.625,53
55.650,41
55.675,56
55.700,100
55.725,152
55.750,192
55.775,210
55.800,213
55.825,214
55.850,216
55.875,215
55.900,208
55.925,200
55.950,197
55.975,202
56.000,209
56.025,214
56.050,214
56.075,211
56.100,206
56.125,201
56.150,195
56.175,187
56.200,177
56.225,161
56.250,143
56.275,129
56.300,121
56.325,114
56.350,99
56.375,75
56.400,58
56.425,65
56.450,103
56.475,153
56.500,192
56.525,210
56.550,214
56.575,216
56.600,219
56.625,218
56.650,210
56.675,201
56.700,201
56.725,209
56.750,217
56.775,217
56.800,211
56.825,205
56.850,203
56.875,201
56.900,195
56.925,184
56.950,171
56.975,159
57.000,147
57.025,136
57.050,124
57.075,110
57.100,92
57.125,73
57.150,62
57.175,73
57.200,108
57.225,155
57.250,194
57.275,213
57.300,216
57.325,216
57.350,216
57.375,213
57.400,203
57.425,193
57.450,191
57.475,199
57.500,207
57.525,207
57.550,198
57.575,191
57.600,188
57.625,186
57.650,178
57.675,166
57.700,157
57.725,152
57.750,143
57.775,122
57.800,92
57.825,73
57.850,81
57.875,117
57.900,162
57.925,196
57.950,212
57.975,217
58.000,215
58.025,209
58.050,198
58.075,186
58.100,180
58.125,182
58.150,189
58.175,194
58.200,194
58.225,188
58.250,179
58.275,170
58.300,161
58.325,157
58.350,154
58.375,149
58.400,134
58.425,109
58.450,86
58.475,82
58.500,106
58.525,148
58.550,191
58.575,220
58.600,229
58.625,226
58.650,217
58.675,206
58.700,195
58.725,187
58.750,185
58.775,189
58.800,195
58.825,197
58.850,190
58.875,177
58.900,166
58.925,160
58.950,157
58.975,149
59.000,132
59.025,108
59.050,89
59.075,88
59.100,110
59.125,148
59.150,185
59.175,211
59.200,224
59.225,227
59.250,224
59.275,215
59.300,202
59.325,190
59.350,185
59.375,189
59.400,198
59.425,201
59.450,193
59.475,176
59.500,158
59.525,145
59.550,140
59.575,135
59.600,121
59.625,94
59.650,68
59.675,59
59.700,78
59.725,119
59.750,162
59.775,194
59.800,211
59.825,221
59.850,228
59.875,230
59.900,222
59.925,208
59.950,197
59.975,195
60.000,199
60.025,202
60.050,198
60.075,192
60.100,186
60.125,177
60.150,163
60.175,145
60.200,130
60.225,118
60.250,103
60.275,81
60.300,60
60.325,61
60.350,95
60.375,151
60.400,202
60.425,229
60.450,236
60.475,238
60.500,245
60.525,248
60.550,237
60.575,214
60.600,195
60.625,192
60.650,201
60.675,210
60.700,213
60.725,213
60.750,215
60.775,215
60.800,208
60.825,192
60.850,176
60.875,166
60.900,158
60.925,142
60.950,118
60.975,95
61.000,82
61.025,74
61.050,58
61.075,32
61.100,13
61.125,22
61.150,65
61.175,122
61.200,166
61.225,187
61.250,195
61.275,205
61.300,221
61.325,234
61.350,236
61.375,231
61.400,229
61.425,236
61.450,249
61.475,259
61.500,260
61.525,253
61.550,244
61.575,235
61.600,228
61.625,221
61.650,212
61.675,199
61.700,186
61.725,173
61.750,161
61.775,147
61.800,130
61.825,111
61.850,96
61.875,84
61.900,67
61.925,43
61.950,18
61.975,10
62.000,31
62.025,77
62.050,126
62.075,159
62.100,173
62.125,184
62.150,201
62.175,221
62.200,233
62.225,231
62.250,224
62.275,224
62.300,235
62.325,250
62.350,256
62.375,253
62.400,246
62.425,240
62.450,237
62.475,231
62.500,220
62.525,206
62.550,192
62.575,182
62.600,173
62.625,162
62.650,146
62.675,126
62.700,107
62.725,95
62.750,86
62.775,72
62.800,48
62.825,22
62.850,12
62.875,32
62.900,77
62.925,128
62.950,162
62.975,177
63.000,185
63.025,198
63.050,215
63.075,226
63.100,225
63.125,218
63.150,218
63.175,229
63.200,242
63.225,249
63.250,245
63.275,236
63.300,229
63.325,226
63.350,225
63.375,222
63.400,215
63.425,205
63.450,193
63.475,178
63.500,162
63.525,145
63.550,130
63.575,118
63.600,109
63.625,98
63.650,82
63.675,59
63.700,36
63.725,29
63.750,48
63.775,90
63.800,138
63.825,173
63.850,190
63.875,199
63.900,209
63.925,218
63.950,220
63.975,212
64.000,202
64.025,203
64.050,216
64.075,230
64.100,235
64.125,230
64.150,224
64.175,225
64.200,228
64.225,226
64.250,215
64.275,201
64.300,190
64.325,181
64.350,170
64.375,154
64.400,137
64.425,125
64.450,116
64.475,100
64.500,74
64.525,47
64.550,38
64.575,58
64.600,102
64.625,150
64.650,186
64.675,205
64.700,211
64.725,212
64.750,210
64.775,205
64.800,197
64.825,192
64.850,191
64.875,196
64.900,203
64.925,206
64.950,204
64.975,199
65.000,196
65.025,194
65.050,191
65.075,182
65.100,169
65.125,154
65.150,143
65.175,132
65.200,116
65.225,96
65.250,78
65.275,78
65.300,101
65.325,140
65.350,181
65.375,211
65.400,228
65.425,234
65.450,231
65.475,218
65.500,199
65.525,183
65.550,179
65.575,186
65.600,195
65.625,198
65.650,193
65.675,186
65.700,180
65.725,174
65.750,163
65.775,151
65.800,142
65.825,132
65.850,118
65.875,96
65.900,78
65.925,80
65.950,110
65.975,155
66.000,198
66.025,223
66.050,233
66.075,234
66.100,228
66.125,215
66.150,199
66.175,187
66.200,188
66.225,196
66.250,202
66.275,199
66.300,190
66.325,180
66.350,170
66.375,158
66.400,144
66.425,134
66.450,128
66.475,119
66.500,97
66.525,68
66.550,52
66.575,69
66.600,115
66.625,169
66.650,205
66.675,220
66.700,226
66.725,231
66.750,231
66.775,221
66.800,202
66.825,190
66.850,193
66.875,205
66.900,212
66.925,206
66.950,194
66.975,184
67.000,177
67.025,167
67.050,153
67.075,138
67.100,128
67.125,116
67.150,94
67.175,64
67.200,46
67.225,59
67.250,106
67.275,163
67.300,207
67.325,227
67.350,234
67.375,239
67.400,244
67.425,243
67.450,233
67.475,222
67.500,218
67.525,222
67.550,227
67.575,224
67.600,214
67.625,204
67.650,198
67.675,191
67.700,179
67.725,161
67.750,145
67.775,134
67.800,125
67.825,109
67.850,83
67.875,54
67.900,39
67.925,51
67.950,83
67.975,120
68.000,147
68.025,159
68.050,165
68.075,171
68.100,180
68.125,187
68.150,194
68.175,204
68.200,218
68.225,234
68.250,244
68.275,245
68.300,239
68.325,234
68.350,230
68.375,226
68.400,217
68.425,204
68.450,190
68.475,176
68.500,160
68.525,142
68.550,124
68.575,107
68.600,88
68.625,63
68.650,38
68.675,28
68.700,49
68.725,99
68.750,156
68.775,196
68.800,209
68.825,210
68.850,214
68.875,224
68.900,230
68.925,224
68.950,212
68.975,210
69.000,221
69.025,238
69.050,245
69.075,239
69.100,229
69.125,222
69.150,218
69.175,210
69.200,194
69.225,179
69.250,171
69.275,166
69.300,156
69.325,137
69.350,114
69.375,99
69.400,93
69.425,84
69.450,63
69.475,36
69.500,21
69.525,37
69.550,81
69.575,133
69.600,171
69.625,190
69.650,198
69.675,206
69.700,215
69.725,218
69.750,213
69.775,207
69.800,209
69.825,221
69.850,234
69.875,237
69.900,231
69.925,222
69.950,221
69.975,224
70.000,225
70.025,216
70.050,201
70.075,187
70.100,177
70.125,168
70.150,154
70.175,136
70.200,121
70.225,111
70.250,103
70.275,86
70.300,61
70.325,38
70.350,39
70.375,71
70.400,123
70.425,172
70.450,202
70.475,214
70.500,218
70.525,220
70.550,218
70.575,209
70.600,198
70.625,195
70.650,206
70.675,225
70.700,237
70.725,238
70.750,230
70.775,222
70.800,218
70.825,214
70.850,207
70.875,198
70.900,189
70.925,179
70.950,165
70.975,147
71.000,130
71.025,119
71.050,112
71.075,100
71.100,78
71.125,55
71.150,49
71.175,69
71.200,109
71.225,153
71.250,187
71.275,206
71.300,215
71.325,217
71.350,213
71.375,203
71.400,192
71.425,189
71.450,195
71.475,206
71.500,213
71.525,214
71.550,210
71.575,205
71.600,202
71.625,196
71.650,187
71.675,175
71.700,163
71.725,155
71.750,148
71.775,136
71.800,113
71.825,86
71.850,66
71.875,69
71.900,97
71.925,139
71.950,178
71.975,205
72.000,217
72.025,221
72.050,219
72.075,210
72.100,197
72.125,185
72.150,182
72.175,188
72.200,196
72.225,199
72.250,196
72.275,192
72.300,187
72.325,180
72.350,170
72.375,158
72.400,148
72.425,138
72.450,121
72.475,98
72.500,80
72.525,85
72.550,117
72.575,162
72.600,196
72.625,212
72.650,215
72.675,217
72.700,222
72.725,221
72.750,208
72.775,192
72.800,184
72.825,190
72.850,200
72.875,204
72.900,198
72.925,186
72.950,173
72.975,160
73.000,149
73.025,139
73.050,129
73.075,115
73.100,93
73.125,68
73.150,58
73.175,76
73.200,119
73.225,166
73.250,198
73.275,211
73.300,215
73.325,221
73.350,226
73.375,222
73.400,210
73.425,201
73.450,203
73.475,212
73.500,215
73.525,206
73.550,192
73.575,182
73.600,175
73.625,164
73.650,147
73.675,129
73.700,117
73.725,107
73.750,88
73.775,61
73.800,43
73.825,54
73.850,97
73.875,151
73.900,192
73.925,214
73.950,225
73.975,237
74.000,247
74.025,248
74.050,237
74.075,224
74.100,221
74.125,228
74.150,236
74.175,236
74.200,228
74.225,218
74.250,209
74.275,200
74.300,189
74.325,178
74.350,167
74.375,153
74.400,135
74.425,115
74.450,98
74.475,84
74.500,66
74.525,41
74.550,21
74.575,25
74.600,64
74.625,126
74.650,179
74.675,206
74.700,212
74.725,216
74.750,230
74.775,246
74.800,250
74.825,238
74.850,225
74.875,221
74.900,224
74.925,223
74.950,215
74.975,208
75.000,209
75.025,215
75.050,214
75.075,200
75.100,181
75.125,168
75.150,162
75.175,154
75.200,137
75.225,116
75.250,99
75.275,89
75.300,75
75.325,51
75.350,27
75.375,23
75.400,50
75.425,99
75.450,147
75.475,179
75.500,195
75.525,209
75.550,224
75.575,234
75.600,234
75.625,225
75.650,219
75.675,223
75.700,235
75.725,244
75.750,243
75.775,236
75.800,230
75.825,229
75.850,228
75.875,222
75.900,209
75.925,194
75.950,181
75.975,172
76.000,161
76.025,146
76.050,129
76.075,114
76.100,103
76.125,93
76.150,75
76.175,49
76.200,28
76.225,29
76.250,59
76.275,108
76.300,153
76.325,179
76.350,187
76.375,192
76.400,201
76.425,212
76.450,215
76.475,211
76.500,207
76.525,212
76.550,224
76.575,233
76.600,231
76.625,224
76.650,220
76.675,221
76.700,220
76.725,213
76.750,200
76.775,188
76.800,180
76.825,171
76.850,156
76.875,138
76.900,123
76.925,116
76.950,108
76.975,90
77.000,63
77.025,45
77.050,52
77.075,87
77.100,135
77.125,173
77.150,194
77.175,203
77.200,210
77.225,217
77.250,220
77.275,214
77.300,207
77.325,206
77.350,213
77.375,223
77.400,227
77.425,224
77.450,219
77.475,218
77.500,219
77.525,217
77.550,209
77.575,199
77.600,189
77.625,178
77.650,162
77.675,143
77.700,126
77.725,116
77.750,110
77.775,96
77.800,74
77.825,53
77.850,53
77.875,83
77.900,130
77.925,174
77.950,199
77.975,206
78.000,208
78.025,210
78.050,209
78.075,202
78.100,191
78.125,187
78.150,193
78.175,207
78.200,215
78.225,211
78.250,201
78.275,191
78.300,186
78.325,181
78.350,173
78.375,162
78.400,153
78.425,148
78.450,142
78.475,126
78.500,102
78.525,82
78.550,80
78.575,103
78.600,142
78.625,182
78.650,212
78.675,228
78.700,233
78.725,228
78.750,216
78.775,202
78.800,192
78.825,191
78.850,195
78.875,199
78.900,198
78.925,194
78.950,188
78.975,182
79.000,173
79.025,161
79.050,150
79.075,143
79.100,135
79.125,119
79.150,95
79.175,75
79.200,77
79.225,106
79.250,151
79.275,191
79.300,216
79.325,227
79.350,231
79.375,229
79.400,219
79.425,204
79.450,191
79.475,188
79.500,195
79.525,202
79.550,200
79.575,189
79.600,176
79.625,164
79.650,153
79.675,142
79.700,133
79.725,123
79.750,109
79.775,87
79.800,65
79.825,60
79.850,84
79.875,133
79.900,184
79.925,216
79.950,225
79.975,225
80.000,226
80.025,227
80.050,222
80.075,210
80.100,201
80.125,201
80.150,207
80.175,209
80.200,202
80.225,191
80.250,181
80.275,173
80.300,161
80.325,146
80.350,132
80.375,122
80.400,108
80.425,84
80.450,55
80.475,43
80.500,65
80.525,117
80.550,173
80.575,207
80.600,216
80.625,218
80.650,226
80.675,237
80.700,239
80.725,226
80.750,211
80.775,208
80.800,218
80.825,227
80.850,222
80.875,208
80.900,197
80.925,193
80.950,188
80.975,172
81.000,149
81.025,129
81.050,120
81.075,110
81.100,84
81.125,46
81.150,20
81.175,30
81.200,77
81.225,137
81.250,181
81.275,203
81.300,213
81.325,225
81.350,240
81.375,247
81.400,239
81.425,226
81.450,218
81.475,222
81.500,232
81.525,237
81.550,235
81.575,227
81.600,218
81.625,208
81.650,196
81.675,184
81.700,170
81.725,152
81.750,132
81.775,111
81.800,91
81.825,67
81.850,38
81.875,12
81.900,2
81.925,24
81.950,76
81.975,136
82.000,182
82.025,206
82.050,217
82.075,229
82.100,241
82.125,244
82.150,236
82.175,224
82.200,222
82.225,231
82.250,241
82.275,242
82.300,237
82.325,231
82.350,228
82.375,221
82.400,206
82.425,186
82.450,171
82.475,162
82.500,154
82.525,139
82.550,119
82.575,101
82.600,86
82.625,69
82.650,44
82.675,22
82.700,23
82.725,57
82.750,114
82.775,166
82.800,197
82.825,210
82.850,219
82.875,229
82.900,234
82.925,230
82.950,220
82.975,216
83.000,222
83.025,232
83.050,235
83.075,230
83.100,224
83.125,221
83.150,219
83.175,210
83.200,195
83.225,180
83.250,170
83.275,162
83.300,149
83.325,130
83.350,114
83.375,105
83.400,97
83.425,78
83.450,49
83.475,28
83.500,37
83.525,79
83.550,137
83.575,182
83.600,204
83.625,211
83.650,214
83.675,218
83.700,217
83.725,209
83.750,200
83.775,201
83.800,212
83.825,224
83.850,230
83.875,227
83.900,222
83.925,220
83.950,217
83.975,208
84.000,194
84.025,183
84.050,176
84.075,169
84.100,157
84.125,139
84.150,123
84.175,114
84.200,107
84.225,93
84.250,73
84.275,59
84.300,67
84.325,102
84.350,149
84.375,188
84.400,208
84.425,213
84.450,212
84.475,209
84.500,204
84.525,195
84.550,185
84.575,183
84.600,190
84.625,201
84.650,207
84.675,204
84.700,198
84.725,193
84.750,191
84.775,187
84.800,178
84.825,164
84.850,152
84.875,144
84.900,135
84.925,121
84.950,102
84.975,92
85.000,102
85.025,133
85.050,173
85.075,206
85.100,224
85.125,227
85.150,223
85.175,214
85.200,203
85.225,191
85.250,186
85.275,187
85.300,191
85.325,191
85.350,188
85.375,183
85.400,180
85.425,175
85.450,166
85.475,152
85.500,141
85.525,133
85.550,124
85.575,108
85.600,87
85.625,79
85.650,96
85.675,135
85.700,178
85.725,206
85.750,217
85.775,219
85.800,217
85.825,211
85.850,199
85.875,186
85.900,181
85.925,187
85.950,197
85.975,200
86.000,194
86.025,184
86.050,176
86.075,169
86.100,160
86.125,148
86.150,135
86.175,120
86.200,101
86.225,82
86.250,73
86.275,88
86.300,126
86.325,171
86.350,206
86.375,223
86.400,228
86.425,229
86.450,228
86.475,221
86.500,208
86.525,198
86.550,198
86.575,205
86.600,210
86.625,205
86.650,193
86.675,178
86.700,166
86.725,154
86.750,143
86.775,131
86.800,118
86.825,97
86.850,70
86.875,47
86.900,46
86.925,78
86.950,131
86.975,182
87.000,211
87.025,221
87.050,226
87.075,235
87.100,242
87.125,240
87.150,228
87.175,217
87.200,218
87.225,227
87.250,232
87.275,223
87.300,208
87.325,195
87.350,189
87.375,182
87.400,167
87.425,144
87.450,125
87.475,115
87.500,107
87.525,87
87.550,52
87.575,19
87.600,10
87.625,38
87.650,94
87.675,151
87.700,190
87.725,208
87.750,218
87.775,230
87.800,243
87.825,251
87.850,247
87.875,238
87.900,232
87.925,236
87.950,246
87.975,253
88.000,251
88.025,241
88.050,231
88.075,224
88.100,217
88.125,207
88.150,192
88.175,176
88.200,162
88.225,149
88.250,132
88.275,109
88.300,87
88.325,72
88.350,65
88.375,56
88.400,34
88.425,5
88.450,-10
88.475,8
88.500,60
88.525,120
88.550,163
88.575,182
88.600,194
88.625,214
88.650,239
88.675,254
88.700,251
88.725,238
88.750,234
88.775,245
88.800,262
88.825,271
88.850,268
88.875,260
88.900,255
88.925,251
88.950,244
88.975,233
89.000,220
89.025,206
89.050,191
89.075,173
89.100,157
89.125,144
89.150,133
89.175,119
89.200,100
89.225,81
89.250,68
89.275,57
89.300,39
89.325,13
89.350,-1
89.375,13
89.400,60
89.425,116
89.450,153
89.475,166
89.500,173
89.525,194
89.550,225
89.575,245
89.600,244
89.625,228
89.650,219
89.675,226
89.700,242
89.725,252
89.750,251
89.775,246
89.800,245
89.825,246
89.850,241
89.875,230
89.900,216
89.925,204
89.950,195
89.975,184
90.000,170
90.025,154
90.050,140
90.075,126
90.100,115
90.125,104
90.150,93
90.175,76
90.200,53
90.225,31
90.250,28
90.275,53
90.300,99
90.325,146
90.350,175
90.375,185
90.400,190
90.425,199
90.450,212
90.475,217
90.500,212
90.525,203
90.550,203
90.575,214
90.600,228
90.625,236
90.650,234
90.675,228
90.700,223
90.725,222
90.750,220
90.775,214
90.800,202
90.825,189
90.850,179
90.875,173
90.900,166
90.925,154
90.950,138
90.975,123
91.000,113
91.025,105
91.050,91
91.075,69
91.100,52
91.125,55
91.150,86
91.175,133
91.200,176
91.225,201
91.250,209
91.275,213
91.300,216
91.325,216
91.350,209
91.375,199
91.400,196
91.425,203
91.450,216
91.475,225
91.500,223
91.525,216
91.550,211
91.575,209
91.600,206
91.625,198
91.650,187
91.675,174
91.700,162
91.725,151
91.750,138
91.775,123
91.800,105
91.825,86
91.850,72
91.875,70
91.900,87
91.925,121
91.950,160
91.975,192
92.000,210
92.025,215
92.050,213
92.075,207
92.100,198
92.125,188
92.150,183
92.175,185
92.200,193
92.225,198
92.250,197
92.275,189
92.300,180
92.325,174
92.350,168
92.375,161
92.400,152
92.425,143
92.450,131
92.475,113
92.500,90
92.525,70
92.550,68
92.575,91
92.600,134
92.625,179
92.650,211
92.675,225
92.700,228
92.725,227
92.750,223
92.775,215
92.800,203
92.825,196
92.850,199
92.875,207
92.900,213
92.925,211
92.950,203
92.975,194
93.000,188
93.025,180
93.050,169
93.075,156
93.100,144
93.125,132
93.150,112
93.175,82
93.200,54
93.225,47
93.250,72
93.275,123
93.300,174
93.325,209
93.350,223
93.375,229
93.400,233
93.425,235
93.450,228
93.475,214
93.500,201
93.525,199
93.550,207
93.575,213
93.600,211
93.625,202
93.650,194
93.675,188
93.700,178
93.725,161
93.750,139
93.775,120
93.800,110
93.825,99
93.850,78
93.875,46
93.900,21
93.925,24
93.950,62
93.975,121
94.000,177
94.025,214
94.050,231
94.075,240
94.100,246
94.125,249
94.150,242
94.175,228
94.200,217
94.225,217
94.250,226
94.275,234
94.300,233
94.325,221
94.350,207
94.375,197
94.400,189
94.425,176
94.450,156
94.475,136
94.500,121
94.525,109
94.550,88
94.575,56
94.600,24
94.625,14
94.650,41
94.675,100
94.700,164
94.725,209
94.750,229
94.775,234
94.800,239
94.825,245
94.850,246
94.875,236
94.900,221
94.925,214
94.950,219
94.975,227
95.000,229
95.025,221
95.050,208
95.075,198
95.100,191
95.125,182
95.150,165
95.175,144
95.200,127
95.225,114
95.250,100
95.275,77
95.300,45
95.325,20
95.350,21
95.375,56
95.400,114
95.425,173
95.450,215
95.475,236
95.500,242
95.525,242
95.550,238
95.575,229
95.600,215
95.625,206
95.650,207
95.675,216
95.700,225
95.725,223
95.750,211
95.775,198
95.800,190
95.825,184
95.850,172
95.875,153
95.900,134
95.925,119
95.950,109
95.975,91
96.000,64
96.025,41
96.050,43
96.075,80
96.100,138
96.125,192
96.150,223
96.175,232
96.200,232
96.225,232
96.250,226
96.275,212
96.300,194
96.325,185
96.350,191
96.375,203
96.400,209
96.425,202
96.450,191
96.475,183
96.500,177
96.525,168
96.550,154
96.575,140
96.600,132
96.625,124
96.650,108
96.675,84
96.700,69
96.725,79
96.750,119
96.775,171
96.800,213
96.825,234
96.850,238
96.875,234
96.900,225
96.925,211
96.950,195
96.975,184
97.000,183
97.025,189
97.050,194
97.075,195
97.100,191
97.125,186
97.150,178
97.175,167
97.200,154
97.225,145
97.250,138
97.275,127
97.300,108
97.325,89
97.350,86
97.375,109
97.400,153
97.425,199
97.450,229
97.475,239
97.500,235
97.525,223
97.550,208
97.575,191
97.600,178
97.625,176
97.650,185
97.675,194
97.700,194
97.725,184
97.750,171
97.775,163
97.800,159
97.825,155
97.850,146
97.875,131
97.900,114
97.925,100
97.950,96
97.975,108
98.000,139
98.025,183
98.050,221
98.075,240
98.100,236
98.125,219
98.150,202
98.175,188
98.200,179
98.225,172
98.250,170
98.275,175
98.300,182
98.325,183
98.350,174
98.375,160
98.400,151
98.425,148
98.450,142
98.475,126
98.500,102
98.525,84
98.550,89
98.575,118
98.600,162
98.625,204
98.650,231
98.675,241
98.700,238
98.725,227
98.750,214
98.775,200
98.800,188
98.825,182
98.850,183
98.875,188
98.900,190
98.925,184
98.950,169
98.975,153
99.000,141
99.025,134
99.050,122
99.075,101
99.100,77
99.125,68
99.150,85
99.175,128
99.200,177
99.225,215
99.250,236
99.275,242
99.300,240
99.325,230
99.350,215
99.375,199
99.400,191
99.425,193
99.450,202
99.475,205
99.500,199
99.525,184
99.550,167
99.575,153
99.600,144
99.625,136
99.650,124
99.675,104
99.700,76
99.725,53
99.750,50
99.775,77
99.800,126
99.825,176
99.850,208
99.875,222
99.900,228
99.925,235
99.950,240
99.975,235
100.000,221
100.025,211
100.050,211
100.075,217
100.100,218
100.125,208
100.150,195
100.175,186
100.200,180
100.225,168
100.250,145
100.275,122
100.300,108
100.325,102
100.350,88
100.375,58
100.400,25
100.425,16
100.450,47
100.475,107
100.500,165
100.525,203
100.550,221
100.575,236
100.600,253
100.625,264
100.650,262
100.675,248
100.700,237
100.725,236
100.750,243
100.775,248
100.800,246
100.825,241
100.850,235
100.875,227
100.900,214
100.925,197
100.950,182
100.975,172
101.000,159
101.025,140
101.050,115
101.075,94
101.100,80
101.125,68
101.150,45
101.175,14
101.200,-7
101.225,1
101.250,46
101.275,108
101.300,161
101.325,192
101.350,207
101.375,218
101.400,231
101.425,240
101.450,239
101.475,229
101.500,224
101.525,230
101.550,245
101.575,257
101.600,258
101.625,250
101.650,241
101.675,237
101.700,234
101.725,226
101.750,211
101.775,193
101.800,178
101.825,166
101.850,150
101.875,129
101.900,108
101.925,92
101.950,79
101.975,61
102.000,35
102.025,11
102.050,10
102.075,43
102.100,100
102.125,157
102.150,193
102.175,206
102.200,209
102.225,215
102.250,221
102.275,221
102.300,213
102.325,207
102.350,211
102.375,223
102.400,231
102.425,230
102.450,223
102.475,219
102.500,220
102.525,220
102.550,210
102.575,194
102.600,181
102.625,174
102.650,169
102.675,155
102.700,135
102.725,117
102.750,107
102.775,99
102.800,83
102.825,56
102.850,37
102.875,46
102.900,86
102.925,139
102.950,180
102.975,199
103.000,204
103.025,208
103.050,212
103.075,211
103.100,202
103.125,192
103.150,193
103.175,206
103.200,222
103.225,227
103.250,222
103.275,214
103.300,211
103.325,212
103.350,209
103.375,202
103.400,191
103.425,181
103.450,172
103.475,159
103.500,145
103.525,134
103.550,128
103.575,119
103.600,101
103.625,75
103.650,56
103.675,63
103.700,96
103.725,143
103.750,183
103.775,206
103.800,213
103.825,213
103.850,210
103.875,203
103.900,192
103.925,183
103.950,182
103.975,190
104.000,199
104.025,203
104.050,201
104.075,196
104.100,194
104.125,192
104.150,184
104.175,172
104.200,159
104.225,152
104.250,147
104.275,137
104.300,117
104.325,93
104.350,80
104.375,90
104.400,121
104.425,161
104.450,196
104.475,218
104.500,228
104.525,227
104.550,217
104.575,201
104.600,188
104.625,182
104.650,186
104.675,195
104.700,201
104.725,201
104.750,193
104.775,179
104.800,164
104.825,154
104.850,153
104.875,160
104.900,162
104.925,147
104.950,117
104.975,91
105.000,92
105.025,122
105.050,167
105.075,201
105.100,216
105.125,217
105.150,216
105.175,216
105.200,213
105.225,201
105.250,189
105.275,182
105.300,185
105.325,191
105.350,192
105.375,187
105.400,178
105.425,167
105.450,155
105.475,142
105.500,131
105.525,121
105.550,106
105.575,83
105.600,62
105.625,60
105.650,86
105.675,133
105.700,180
105.725,211
105.750,226
105.775,232
105.800,236
105.825,234
105.850,224
105.875,209
105.900,200
105.925,201
105.950,206
105.975,207
106.000,201
106.025,191
106.050,181
106.075,168
106.100,152
106.125,133
106.150,117
106.175,103
106.200,85
106.225,59
106.250,36
106.275,34
106.300,63
106.325,117
106.350,175
106.375,214
106.400,230
106.425,236
106.450,242
106.475,250
106.500,252
106.525,243
106.550,229
106.575,220
106.600,223
106.625,230
106.650,230
106.675,220
106.700,206
106.725,196
106.750,190
106.775,178
106.800,157
106.825,132
106.850,113
106.875,102
106.900,87
106.925,57
106.950,20
106.975,0
107.000,19
107.025,74
107.050,138
107.075,184
107.100,208
107.125,220
107.150,233
107.175,246
107.200,250
107.225,241
107.250,230
107.275,225
107.300,231
107.325,239
107.350,242
107.375,239
107.400,232
107.425,223
107.450,211
107.475,197
107.500,181
107.525,164
107.550,144
107.575,124
107.600,105
107.625,87
107.650,66
107.675,40
107.700,15
107.725,9
107.750,37
107.775,93
107.800,153
107.825,195
107.850,214
107.875,222
107.900,232
107.925,244
107.950,246
107.975,239
108.000,231
108.025,232
108.050,240
108.075,245
108.100,239
108.125,230
108.150,224
108.175,224
108.200,219
108.225,206
108.250,189
108.275,173
108.300,160
108.325,145
108.350,125
108.375,105
108.400,92
108.425,80
108.450,60
108.475,33
108.500,15
108.525,30
108.550,80
108.575,141
108.600,185
108.625,202
108.650,206
108.675,213
108.700,226
108.725,232
108.750,224
108.775,212
108.800,210
108.825,221
108.850,233
108.875,234
108.900,225
108.925,215
108.950,212
108.975,212
109.000,206
109.025,192
109.050,177
109.075,167
109.100,158
109.125,144
109.150,124
109.175,107
109.200,98
109.225,88
109.250,69
109.275,44
109.300,32
109.325,51
109.350,100
109.375,155
109.400,191
109.425,202
109.450,203
109.475,208
109.500,216
109.525,218
109.550,212
109.575,205
109.600,206
109.625,217
109.650,226
109.675,227
109.700,221
109.725,216
109.750,213
109.775,209
109.800,200
109.825,188
109.850,179
109.875,172
109.900,163
109.925,150
109.950,137
109.975,127
110.000,117
110.025,99
110.050,75
110.075,58
110.100,65
110.125,100
110.150,147
110.175,185
110.200,204
110.225,208
110.250,209
110.275,208
110.300,204
110.325,195
110.350,186
110.375,185
110.400,192
110.425,202
110.450,208
110.475,208
110.500,204
110.525,199
110.550,193
110.575,187
110.600,180
110.625,173
110.650,164
110.675,153
110.700,141
110.725,128
110.750,113
110.775,98
110.800,90
110.825,96
110.850,121
110.875,158
110.900,193
110.925,217
110.950,225
110.975,223
111.000,215
111.025,203
111.050,193
111.075,186
111.100,187
111.125,192
111.150,197
111.175,198
111.200,195
111.225,191
111.250,186
111.275,179
111.300,168
111.325,157
111.350,149
111.375,141
111.400,126
111.425,106
111.450,91
111.475,94
111.500,120
111.525,158
111.550,194
111.575,216
111.600,224
111.625,220
111.650,210
111.675,197
111.700,189
111.725,188
111.750,193
111.775,195
111.800,190
111.825,180
111.850,171
111.875,165
111.900,162
111.925,156
111.950,147
111.975,136
112.000,123
112.025,104
112.050,82
112.075,70
112.100,81
112.125,116
112.150,162
112.175,200
112.200,223
112.225,231
112.250,231
112.275,225
112.300,214
112.325,202
112.350,194
112.375,195
112.400,201
112.425,204
112.450,200
112.475,193
112.500,184
112.525,174
112.550,159
112.575,142
112.600,129
112.625,117
112.650,100
112.675,73
112.700,46
112.725,40
112.750,70
112.775,126
112.800,179
112.825,210
112.850,221
112.875,226
112.900,235
112.925,241
112.950,236
112.975,220
113.000,209
113.025,213
113.050,225
113.075,231
113.100,223
113.125,206
113.150,192
113.175,184
113.200,173
113.225,155
113.250,135
113.275,121
113.300,110
113.325,90
113.350,55
113.375,21
113.400,12
113.425,44
113.450,103
113.475,160
113.500,196
113.525,213
113.550,226
113.575,241
113.600,253
113.625,254
113.650,244
113.675,234
113.700,232
113.725,239
113.750,245
113.775,246
113.800,241
113.825,233
113.850,222
113.875,209
113.900,195
113.925,181
113.950,165
113.975,144
114.000,120
114.025,98
114.050,83
114.075,69
114.100,46
114.125,15
114.150,-6
114.175,2
114.200,50
114.225,118
114.250,176
114.275,208
114.300,221
114.325,230
114.350,243
114.375,253
114.400,252
114.425,241
114.450,235
114.475,240
114.500,251
114.525,257
114.550,252
114.575,243
114.600,237
114.625,232
114.650,223
114.675,207
114.700,188
114.725,174
114.750,162
114.775,146
114.800,125
114.825,104
114.850,90
114.875,80
114.900,63
114.925,33
114.950,3
114.975,-5
115.000,21
115.025,76
115.050,134
115.075,174
115.100,193
115.125,202
115.150,212
115.175,224
115.200,230
115.225,227
115.250,222
115.275,223
115.300,232
115.325,240
115.350,242
115.375,238
115.400,232
115.425,230
115.450,228
115.475,219
115.500,205
115.525,191
115.550,182
115.575,174
115.600,163
115.625,143
115.650,121
115.675,106
115.700,97
115.725,86
115.750,65
115.775,38
115.800,24
115.825,40
115.850,84
115.875,136
115.900,175
115.925,194
115.950,202
115.975,210
116.000,217
116.025,217
116.050,208
116.075,199
116.100,200
116.125,213
116.150,228
116.175,233
116.200,229
116.225,223
116.250,221
116.275,220
116.300,213
116.325,200
116.350,186
116.375,178
116.400,170
116.425,157
116.450,138
116.475,121
116.500,113
116.525,109
116.550,97
116.575,72
116.600,47
116.625,44
116.650,73
116.675,121
116.700,165
116.725,191
116.750,202
116.775,209
116.800,217
116.825,219
116.850,210
116.875,197
116.900,190
116.925,197
116.950,209
116.975,218
117.000,219
117.025,214
117.050,211
117.075,209
117.100,206
117.125,201
117.150,195
117.175,188
117.200,178
117.225,165
117.250,149
117.275,136
117.300,126
117.325,112
117.350,92
117.375,70
117.400,63
117.425,81
117.450,121
117.475,166
117.500,197
117.525,212
117.550,216
117.575,215
117.600,210
117.625,199
117.650,185
117.675,177
117.700,182
117.725,195
117.750,205
117.775,206
117.800,199
117.825,192
117.850,187
117.875,182
117.900,175
117.925,166
117.950,159
117.975,154
118.000,146
118.025,130
118.050,108
118.075,92
118.100,95
118.125,118
118.150,155
118.175,192
118.200,218
118.225,228
118.250,224
118.275,211
118.300,194
118.325,181
118.350,175
118.375,175
118.400,178
118.425,182
118.450,184
118.475,183
118.500,178
118.525,170
118.550,159
118.575,151
118.600,144
118.625,134
118.650,117
118.675,96
118.700,84
118.725,94
118.750,128
118.775,174
118.800,213
118.825,232
118.850,234
118.875,227
118.900,220
118.925,213
118.950,201
118.975,188
119.000,179
119.025,181
119.050,191
119.075,198
119.100,193
119.125,176
119.150,158
119.175,146
119.200,138
119.225,125
119.250,102
119.275,77
119.300,64
119.325,75
119.350,110
119.375,156
119.400,197
119.425,223
119.450,232
119.475,228
119.500,221
119.525,212
119.550,205
119.575,197
119.600,190
119.625,188
119.650,193
119.675,201
119.700,202
119.725,187
119.750,159
119.775,132
119.800,118
119.825,114
119.850,105
119.875,82
119.900,55
119.925,50
119.950,80
119.975,134
120.000,186
120.025,215
120.050,223
120.075,226
120.100,233
120.125,239
120.150,235
120.175,224
120.200,214
120.225,214
120.250,218
120.275,217
120.300,209
120.325,197
120.350,186
120.375,173
120.400,158
120.425,141
120.450,129
120.475,118
120.500,100
120.525,70
120.550,41
120.575,35
120.600,64
120.625,118
120.650,172
120.675,206
120.700,224
120.725,235
120.750,247
120.775,254
120.800,250
120.825,241
120.850,235
120.875,238
120.900,241
120.925,238
120.950,231
120.975,225
121.000,223
121.025,217
121.050,202
121.075,181
121.100,164
121.125,153
121.150,144
121.175,126
121.200,103
121.225,83
121.250,70
121.275,56
121.300,33
121.325,4
121.350,-6
121.375,18
121.400,75
121.425,137
121.450,178
121.475,194
121.500,201
121.525,214
121.550,234
121.575,245
121.600,240
121.625,227
121.650,222
121.675,231
121.700,247
121.725,255
121.750,251
121.775,241
121.800,233
121.825,229
121.850,223
121.875,209
121.900,191
121.925,176
121.950,166
121.975,157
122.000,141
122.025,121
122.050,105
122.075,94
122.100,85
122.125,68
122.150,42
122.175,22
122.200,24
122.225,57
122.250,108
122.275,155
122.300,185
122.325,200
122.350,210
122.375,221
122.400,231
122.425,232
122.450,224
122.475,217
122.500,219
122.525,230
122.550,242
122.575,247
122.600,243
122.625,235
122.650,229
122.675,225
122.700,220
122.725,210
122.750,197
122.775,184
122.800,171
122.825,156
122.850,138
122.875,121
122.900,108
122.925,98
122.950,86
122.975,66
123.000,40
123.025,26
123.050,39
123.075,78
123.100,128
123.125,168
123.150,188
123.175,195
123.200,201
123.225,209
123.250,214
123.275,211
123.300,204
123.325,203
123.350,210
123.375,221
123.400,225
123.425,221
123.450,216
123.475,213
123.500,213
123.525,210
123.550,203
123.575,195
123.600,185
123.625,172
123.650,154
123.675,135
123.700,122
123.725,114
123.750,105
123.775,87
123.800,64
123.825,51
123.850,64
123.875,101
123.900,147
123.925,182
123.950,201
123.975,209
124.000,213
124.025,215
124.050,213
124.075,207
124.100,202
124.125,203
124.150,212
124.175,220
124.200,222
124.225,216
124.250,206
124.275,200
124.300,197
124.325,195
124.350,188
124.375,176
124.400,161
124.425,147
124.450,136
124.475,124
124.500,105
124.525,82
124.550,65
124.575,68
124.600,98
124.625,142
124.650,183
124.675,207
124.700,212
124.725,209
124.750,206
124.775,204
124.800,201
124.825,195
124.850,191
124.875,192
124.900,196
124.925,199
124.950,197
124.975,192
125.000,185
125.025,180
125.050,175
125.075,168
125.100,159
125.125,144
125.150,123
125.175,101
125.200,89
125.225,99
125.250,130
125.275,173
125.300,211
125.325,231
125.350,231
125.375,220
125.400,204
125.425,189
125.450,176
125.475,169
125.500,169
125.525,176
125.550,183
125.575,184
125.600,178
125.625,168
125.650,159
125.675,151
125.700,143
125.725,128
125.750,106
125.775,85
125.800,77
125.825,91
125.850,127
125.875,173
125.900,210
125.925,229
125.950,232
125.975,226
126.000,216
126.025,205
126.050,192
126.075,182
126.100,178
126.125,183
126.150,189
126.175,190
126.200,180
126.225,166
126.250,155
126.275,149
126.300,140
126.325,121
126.350,95
126.375,73
126.400,68
126.425,89
126.450,129
126.475,175
126.500,211
126.525,230
126.550,233
126.575,229
126.600,223
126.625,215
126.650,205
126.675,195
126.700,190
126.725,191
126.750,195
126.775,194
126.800,182
126.825,166
126.850,154
126.875,147
126.900,136
126.925,112
126.950,80
126.975,58
127.000,67
127.025,107
127.050,158
127.075,198
127.100,218
127.125,226
127.150,233
127.175,239
127.200,236
127.225,222
127.250,207
127.275,200
127.300,201
127.325,204
127.350,201
127.375,193
127.400,183
127.425,171
127.450,157
127.475,142
127.500,129
127.525,117
127.550,101
127.575,75
127.600,48
127.625,40
127.650,66
127.675,118
127.700,170
127.725,202
127.750,214
127.775,223
127.800,237
127.825,249
127.850,249
127.875,236
127.900,223
127.925,222
127.950,230
127.975,236
128.000,233
128.025,225
128.050,220
128.075,217
128.100,209
128.125,194
128.150,177
128.175,163
128.200,151
128.225,134
128.250,113
128.275,94
128.300,84
128.325,77
128.350,61
128.375,34
128.400,13
128.425,20
128.450,61
128.475,117
128.500,164
128.525,190
128.550,201
128.575,211
128.600,222
128.625,230
128.650,230
128.675,225
128.700,224
128.725,229
128.750,238
128.775,243
128.800,242
128.825,237
128.850,231
128.875,228
128.900,225
128.925,220
128.950,210
128.975,195
129.000,181
129.025,171
129.050,162
129.075,149
129.100,129
129.125,107
129.150,92
129.175,83
129.200,71
129.225,49
129.250,24
129.275,17
129.300,43
129.325,95
129.350,147
129.375,177
129.400,186
129.425,189
129.450,199
129.475,213
129.500,220
129.525,217
129.550,211
129.575,215
129.600,228
129.625,241
129.650,247
129.675,245
129.700,240
129.725,237
129.750,233
129.775,224
129.800,211
129.825,199
129.850,190
129.875,183
129.900,172
129.925,155
129.950,135
129.975,119
130.000,109
130.025,102
130.050,90
130.075,67
130.100,40
130.125,25
130.150,37
130.175,76
130.200,126
130.225,167
130.250,189
130.275,198
130.300,205
130.325,217
130.350,226
130.375,227
130.400,219
130.425,215
130.450,220
130.475,233
130.500,243
130.525,243
130.550,237
130.575,232
130.600,230
130.625,227
130.650,217
130.675,201
130.700,185
130.725,175
130.750,168
130.775,156
130.800,137
130.825,116
130.850,102
130.875,93
130.900,81
130.925,60
130.950,34
130.975,22
131.000,37
131.025,77
131.050,126
131.075,164
131.100,186
131.125,197
131.150,206
131.175,214
131.200,217
131.225,214
131.250,211
131.275,213
131.300,223
131.325,232
131.350,236
131.375,234
131.400,231
131.425,229
131.450,226
131.475,220
131.500,211
131.525,202
131.550,192
131.575,179
131.600,160
131.625,139
131.650,121
131.675,110
131.700,98
131.725,78
131.750,53
131.775,35
131.800,42
131.825,75
131.850,125
131.875,170
131.900,200
131.925,213
131.950,217
131.975,216
132.000,211
132.025,203
132.050,196
132.075,195
132.100,203
132.125,214
132.150,219
132.175,216
132.200,209
132.225,205
132.250,204
132.275,203
132.300,194
132.325,179
132.350,164
132.375,154
132.400,146
132.425,131
132.450,107
132.475,82
132.500,72
132.525,85
132.550,117
132.575,157
132.600,193
132.625,217
132.650,230
132.675,231
132.700,221
132.725,203
132.750,187
132.775,179
132.800,182
132.825,189
132.850,195
132.875,197
132.900,193
132.925,184
132.950,173
132.975,162
133.000,153
133.025,146
133.050,136
133.075,119
133.100,100
133.125,88
133.150,94
133.175,119
133.200,156
133.225,191
133.250,217
133.275,231
133.300,234
133.325,225
133.350,208
133.375,189
133.400,176
133.425,174
133.450,180
133.475,186
133.500,184
133.525,174
133.550,160
133.575,149
133.600,144
133.625,141
133.650,134
133.675,119
133.700,96
133.725,78
133.750,78
133.775,102
133.800,145
133.825,189
133.850,220
133.875,232
133.900,233
133.925,227
133.950,219
133.975,207
134.000,194
134.025,185
134.050,184
134.075,189
134.100,190
134.125,183
134.150,167
134.175,152
134.200,145
134.225,141
134.250,133
134.275,112
134.300,85
134.325,70
134.350,79
134.375,114
134.400,159
134.425,198
134.450,221
134.475,230
134.500,231
134.525,227
134.550,221
134.575,212
134.600,203
134.625,198
134.650,199
134.675,202
134.700,202
134.725,194
134.750,179
134.775,163
134.800,151
134.825,143
134.850,130
134.875,106
134.900,77
134.925,60
134.950,72
134.975,113
135.000,164
135.025,203
135.050,221
135.075,228
135.100,233
135.125,239
135.150,236
135.175,222
135.200,206
135.225,200
135.250,204
135.275,208
135.300,203
135.325,191
135.350,181
135.375,173
135.400,164
135.425,149
135.450,132
135.475,120
135.500,112
135.525,97
135.550,71
135.575,46
135.600,46
135.625,81
135.650,136
135.675,183
135.700,209
135.725,218
135.750,226
135.775,236
135.800,240
135.825,232
135.850,218
135.875,212
135.900,219
135.925,229
135.950,232
135.975,225
136.000,213
136.025,202
136.050,193
136.075,184
136.100,174
136.125,163
136.150,151
136.175,136
136.200,119
136.225,103
136.250,89
136.275,72
136.300,50
136.325,31
136.350,32
136.375,63
136.400,114
136.425,162
136.450,190
136.475,200
136.500,208
136.525,223
136.550,237
136.575,240
136.600,229
136.625,219
136.650,220
136.675,232
136.700,241
136.725,239
136.750,229
136.775,222
136.800,220
136.825,216
136.850,206
136.875,190
136.900,178
136.925,170
136.950,161
136.975,146
137.000,126
137.025,109
137.050,99
137.075,87
137.100,65
137.125,37
137.150,22
137.175,36
137.200,80
137.225,133
137.250,172
137.275,189
137.300,195
137.325,202
137.350,214
137.375,223
137.400,222
137.425,215
137.450,213
137.475,221
137.500,234
137.525,240
137.550,234
137.575,224
137.600,220
137.625,224
137.650,225
137.675,216
137.700,198
137.725,180
137.750,167
137.775,158
137.800,144
137.825,126
137.850,110
137.875,100
137.900,91
137.925,73
137.950,47
137.975,29
138.000,39
138.025,79
138.050,131
138.075,171
138.100,189
138.125,196
138.150,204
138.175,215
138.200,220
138.225,214
138.250,205
138.275,205
138.300,218
138.325,232
138.350,234
138.375,227
138.400,218
138.425,217
138.450,220
138.475,217
138.500,207
138.525,194
138.550,184
138.575,173
138.600,158
138.625,139
138.650,124
138.675,115
138.700,106
138.725,86
138.750,60
138.775,45
138.800,59
138.825,101
138.850,150
138.875,185
138.900,202
138.925,210
138.950,217
138.975,221
139.000,216
139.025,204
139.050,196
139.075,201
139.100,214
139.125,224
139.150,224
139.175,220
139.200,217
139.225,216
139.250,212
139.275,201
139.300,189
139.325,180
139.350,174
139.375,163
139.400,147
139.425,130
139.450,120
139.475,112
139.500,98
139.525,73
139.550,50
139.575,49
139.600,76
139.625,122
139.650,164
139.675,189
139.700,201
139.725,208
139.750,213
139.775,211
139.800,201
139.825,189
139.850,185
139.875,193
139.900,205
139.925,211
139.950,208
139.975,203
140.000,199
140.025,197
140.050,191
140.075,179
140.100,167
140.125,159
140.150,153
140.175,141
140.200,118
140.225,94
140.250,83
140.275,98
140.300,136
140.325,179
140.350,214
140.375,233
140.400,239
140.425,234
140.450,221
140.475,201
140.500,181
140.525,170
140.550,171
140.575,179
140.600,186
140.625,185
140.650,178
140.675,170
140.700,163
140.725,155
140.750,145
140.775,134
140.800,122
140.825,107
140.850,86
140.875,64
140.900,55
140.925,73
140.950,116
140.975,165
141.000,201
141.025,217
141.050,220
141.075,222
141.100,224
141.125,222
141.150,212
141.175,201
141.200,199
141.225,205
141.250,213
141.275,214
141.300,205
141.325,194
141.350,183
141.375,173
141.400,161
141.425,148
141.450,136
141.475,123
141.500,104
141.525,77
141.550,57
141.575,60
141.600,96
141.625,148
141.650,194
141.675,216
141.700,221
141.725,223
141.750,228
141.775,230
141.800,221
141.825,205
141.850,196
141.875,200
141.900,211
141.925,215
141.950,208
141.975,197
142.000,191
142.025,187
142.050,179
142.075,160
142.100,139
142.125,122
142.150,111
142.175,94
142.200,66
142.225,37
142.250,26
142.275,49
142.300,98
142.325,151
142.350,191
142.375,213
142.400,224
142.425,231
142.450,237
142.475,236
142.500,229
142.525,218
142.550,215
142.575,220
142.600,230
142.625,235
142.650,229
142.675,215
142.700,201
142.725,193
142.750,187
142.775,176
142.800,158
142.825,139
142.850,126
142.875,115
142.900,99
142.925,70
142.950,41
142.975,34
143.000,61
143.025,114
143.050,170
143.075,208
143.100,224
143.125,230
143.150,232
143.175,232
143.200,225
143.225,213
143.250,205
143.275,207
143.300,217
143.325,224
143.350,223
143.375,214
143.400,202
143.425,194
143.450,189
143.475,185
143.500,177
143.525,162
143.550,143
143.575,125
143.600,113
143.625,103
143.650,88
143.675,64
143.700,41
143.725,38
143.750,68
143.775,123
143.800,177
143.825,209
143.850,218
143.875,216
143.900,215
143.925,215
143.950,211
143.975,201
144.000,193
144.025,195
144.050,206
144.075,214
144.100,214
144.125,206
144.150,199
144.175,198
144.200,197
144.225,190
144.250,173
144.275,153
144.300,140
144.325,133
144.350,126
144.375,109
144.400,83
144.425,62
144.450,60
144.475,85
144.500,128
144.525,173
144.550,206
144.575,222
144.600,225
144.625,221
144.650,214
144.675,206
144.700,198
144.725,196
144.750,199
144.775,207
144.800,213
144.825,215
144.850,210
144.875,201
144.900,192
144.925,184
144.950,177
144.975,168
145.000,157
145.025,142
145.050,126
145.075,109
145.100,91
145.125,77
145.150,75
145.175,90
145.200,123
145.225,162
145.250,198
145.275,220
145.300,228
145.325,226
145.350,217
145.375,205
145.400,195
145.425,189
145.450,191
145.475,197
145.500,200
145.525,197
145.550,190
145.575,182
145.600,176
145.625,171
145.650,165
145.675,159
145.700,151
145.725,136
145.750,116
145.775,97
145.800,92
145.825,110
145.850,147
145.875,188
145.900,219
145.925,232
145.950,229
145.975,219
146.000,205
146.025,193
146.050,184
146.075,180
146.100,182
146.125,185
146.150,185
146.175,180
146.200,170
146.225,159
146.250,150
146.275,144
146.300,139
146.325,129
146.350,110
146.375,86
146.400,71
146.425,79
146.450,114
146.475,161
146.500,202
146.525,225
146.550,230
146.575,225
146.600,216
146.625,206
146.650,194
146.675,186
146.700,184
146.725,188
146.750,193
146.775,194
146.800,189
146.825,180
146.850,167
146.875,156
146.900,147
146.925,139
146.950,125
146.975,103
147.000,79
147.025,70
147.050,86
147.075,125
147.100,170
147.125,203
147.150,220
147.175,227
147.200,231
147.225,231
147.250,222
147.275,209
147.300,201
147.325,201
147.350,206
147.375,207
147.400,202
147.425,193
147.450,185
147.475,177
147.500,165
147.525,149
147.550,134
147.575,121
147.600,104
147.625,78
147.650,53
147.675,45
147.700,69
147.725,116
147.750,167
147.775,200
147.800,214
147.825,220
147.850,228
147.875,235
147.900,235
147.925,225
147.950,214
147.975,211
148.000,218
148.025,229
148.050,234
148.075,230
148.100,217
148.125,203
148.150,188
148.175,172
148.200,153
148.225,134
148.250,120
148.275,110
148.300,98
148.325,77
148.350,47
148.375,23
148.400,25
148.425,59
148.450,114
148.475,163
148.500,191
148.525,203
148.550,213
148.575,228
148.600,243
148.625,245
148.650,234
148.675,223
148.700,225
148.725,238
148.750,250
148.775,251
148.800,242
148.825,232
148.850,225
148.875,219
148.900,208
148.925,194
148.950,181
148.975,171
149.000,159
149.025,139
149.050,117
149.075,98
149.100,86
149.125,73
149.150,50
149.175,21
149.200,2
149.225,13
149.250,56
149.275,113
149.300,158
149.325,181
149.350,190
149.375,199
149.400,213
149.425,227
149.450,230
149.475,226
149.500,224
149.525,229
149.550,239
149.575,244
149.600,241
149.625,234
149.650,230
149.675,230
149.700,224
149.725,210
149.750,192
149.775,179
149.800,171
149.825,162
149.850,146
149.875,125
149.900,111
149.925,105
149.950,98
149.975,79
150.000,50
150.025,31
150.050,41
150.075,82
150.100,134
150.125,175
150.150,194
150.175,200
150.200,205
150.225,211
150.250,213
150.275,209
150.300,204
150.325,205
150.350,215
150.375,226
150.400,233
150.425,232
150.450,229
150.475,224
150.500,218
150.525,208
150.550,197
150.575,188
150.600,182
150.625,176
150.650,164
150.675,149
150.700,135
150.725,126
150.750,118
150.775,104
150.800,82
150.825,61
150.850,58
150.875,80
150.900,120
150.925,162
150.950,191
150.975,204
151.000,207
151.025,208
151.050,207
151.075,204
151.100,199
151.125,196
151.150,199
151.175,207
151.200,214
151.225,213
151.250,205
151.275,196
151.300,193
151.325,195
151.350,194
151.375,185
151.400,169
151.425,154
151.450,145
151.475,136
151.500,121
151.525,98
151.550,81
151.575,82
151.600,107
151.625,145
151.650,178
151.675,199
151.700,209
151.725,214
151.750,213
151.775,204
151.800,190
151.825,179
151.850,179
151.875,187
151.900,195
151.925,194
151.950,185
151.975,174
152.000,168
152.025,165
152.050,162
152.075,158
152.100,151
152.125,138
152.150,116
152.175,91
152.200,77
152.225,88
152.250,123
152.275,164
152.300,196
152.325,211
152.350,216
152.375,218
152.400,216
152.425,208
152.450,194
152.475,184
152.500,183
152.525,190
152.550,195
152.575,193
152.600,184
152.625,174
152.650,166
152.675,160
152.700,154
152.725,146
152.750,132
152.775,111
152.800,84
152.825,65
152.850,68
152.875,98
152.900,142
152.925,183
152.950,210
152.975,224
153.000,231
153.025,232
153.050,225
153.075,211
153.100,198
153.125,193
153.150,196
153.175,202
153.200,203
153.225,197
153.250,188
153.275,176
153.300,164
153.325,153
153.350,141
153.375,126
153.400,104
153.425,77
153.450,58
153.475,65
153.500,100
153.525,149
153.550,191
153.575,213
153.600,222
153.625,228
153.650,233
153.675,232
153.700,221
153.725,208
153.750,202
153.775,207
153.800,213
153.825,212
153.850,203
153.875,191
153.900,180
153.925,168
153.950,153
153.975,137
154.000,123
154.025,106
154.050,84
154.075,58
154.100,46
154.125,63
154.150,108
154.175,161
154.200,199
154.225,216
154.250,223
154.275,230
154.300,238
154.325,237
154.350,224
154.375,210
154.400,206
154.425,212
154.450,217
154.475,213
154.500,202
154.525,194
154.550,189
154.575,180
154.600,162
154.625,140
154.650,125
154.675,116
154.700,102
154.725,75
154.750,43
154.775,28
154.800,46
154.825,93
154.850,146
154.875,187
154.900,211
154.925,225
154.950,235
154.975,240
155.000,236
155.025,226
155.050,215
155.075,213
155.100,219
155.125,227
155.150,230
155.175,224
155.200,213
155.225,202
155.250,194
155.275,187
155.300,176
155.325,157
155.350,137
155.375,121
155.400,109
155.425,93
155.450,68
155.475,38
155.500,21
155.525,36
155.550,82
155.575,141
155.600,188
155.625,211
155.650,218
155.675,222
155.700,226
155.725,227
155.750,219
155.775,206
155.800,198
155.825,203
155.850,217
155.875,226
155.900,223
155.925,210
155.950,197
155.975,190
156.000,185
156.025,177
156.050,161
156.075,142
156.100,128
156.125,120
156.150,110
156.175,90
156.200,61
156.225,40
156.250,45
156.275,82
156.300,135
156.325,182
156.350,209
156.375,218
156.400,221
156.425,223
156.450,223
156.475,216
156.500,205
156.525,200
156.550,202
156.575,210
156.600,215
156.625,213
156.650,207
156.675,201
156.700,197
156.725,192
156.750,184
156.775,171
156.800,157
156.825,146
156.850,137
156.875,128
156.900,115
156.925,95
156.950,73
156.975,61
157.000,72
157.025,110
157.050,160
157.075,202
157.100,223
157.125,225
157.150,219
157.175,213
157.200,206
157.225,197
157.250,188
157.275,186
157.300,194
157.325,204
157.350,207
157.375,201
157.400,192
157.425,188
157.450,189
157.475,186
157.500,174
157.525,157
157.550,145
157.575,141
157.600,137
157.625,124
157.650,100
157.675,79
157.700,78
157.725,104
157.750,146
157.775,189
157.800,218
157.825,230
157.850,229
157.875,218
157.900,202
157.925,187
157.950,179
157.975,181
158.000,188
158.025,193
158.050,194
158.075,189
158.100,183
158.125,177
158.150,170
158.175,163
158.200,159
158.225,155
158.250,147
158.275,131
158.300,109
158.325,96
158.350,104
158.375,133
158.400,172
158.425,205
158.450,222
158.475,226
158.500,221
158.525,212
158.550,199
158.575,185
158.600,175
158.625,174
158.650,181
158.675,188
158.700,187
158.725,178
158.750,165
158.775,157
158.800,153
158.825,150
158.850,140
158.875,122
158.900,102
158.925,90
158.950,95
158.975,120
159.000,158
159.025,197
159.050,224
159.075,234
159.100,227
159.125,213
159.150,198
159.175,188
159.200,183
159.225,182
159.250,183
159.275,185
159.300,184
159.325,178
159.350,168
159.375,155
159.400,145
159.425,138
159.450,128
159.475,110
159.500,86
159.525,68
159.550,74
159.575,107
159.600,156
159.625,200
159.650,228
159.675,238
159.700,239
159.725,235
159.750,227
159.775,214
159.800,201
159.825,194
159.850,197
159.875,202
159.900,202
159.925,194
159.950,181
159.975,167
160.000,156
160.025,148
160.050,138
160.075,122
160.100,98
160.125,72
160.150,57
160.175,69
160.200,109
160.225,160
160.250,200
160.275,220
160.300,225
160.325,229
160.350,234
160.375,233
160.400,221
160.425,205
160.450,199
160.475,204
160.500,211
160.525,208
160.550,194
160.575,180
160.600,172
160.625,165
160.650,151
160.675,131
160.700,113
160.725,102
160.750,90
160.775,66
160.800,36
160.825,21
160.850,42
160.875,96
160.900,159
160.925,203
160.950,223
160.975,231
161.000,240
161.025,250
161.050,252
161.075,246
161.100,237
161.125,236
161.150,242
161.175,249
161.200,248
161.225,241
161.250,232
161.275,223
161.300,214
161.325,204
161.350,192
161.375,179
161.400,161
161.425,140
161.450,117
161.475,99
161.500,86
161.525,69
161.550,44
161.575,16
161.600,4
161.625,25
161.650,74
161.675,131
161.700,171
161.725,189
161.750,197
161.775,210
161.800,227
161.825,238
161.850,236
161.875,227
161.900,226
161.925,235
161.950,247
161.975,250
162.000,242
162.025,231
162.050,225
162.075,222
162.100,214
162.125,199
162.150,179
162.175,158
162.200,142
162.225,129
162.250,119
162.275,111
162.300,100
162.325,81
162.350,53
162.375,30
162.400,29
162.425,60
162.450,110
162.475,155
162.500,181
162.525,190
162.550,197
162.575,207
162.600,216
162.625,216
162.650,209
162.675,205
162.700,210
162.725,222
162.750,230
162.775,230
162.800,223
162.825,216
162.850,209
162.875,202
162.900,194
162.925,186
162.950,176
162.975,165
163.000,150
163.025,134
163.050,121
163.075,108
163.100,90
163.125,68
163.150,55
163.175,63
163.200,96
163.225,139
163.250,175
163.275,194
163.300,203
163.325,207
163.350,211
163.375,209
163.400,201
163.425,194
163.450,196
163.475,205
163.500,216
163.525,221
163.550,221
163.575,217
163.600,214
163.625,209
163.650,202
163.675,195
163.700,187
163.725,176
163.750,161
163.775,144
163.800,131
163.825,124
163.850,116
163.875,100
163.900,77
163.925,65
163.950,77
163.975,114
164.000,157
164.025,189
164.050,203
164.075,206
164.100,206
164.125,204
164.150,196
164.175,185
164.200,180
164.225,188
164.250,202
164.275,210
164.300,207
164.325,197
164.350,190
164.375,190
164.400,189
164.425,181
164.450,167
164.475,157
164.500,153
164.525,149
164.550,135
164.575,112
164.600,92
164.625,93
164.650,119
164.675,156
164.700,190
164.725,210
164.750,217
164.775,214
164.800,205
164.825,192
164.850,177
164.875,167
164.900,166
164.925,174
164.950,185
164.975,194
165.000,193
165.025,184
165.050,169
165.075,156
165.100,151
165.125,149
165.150,143
165.175,127
165.200,105
165.225,91
165.250,98
165.275,126
165.300,166
165.325,201
165.350,223
165.375,230
165.400,227
165.425,216
165.450,203
165.475,193
165.500,189
165.525,189
165.550,188
165.575,185
165.600,179
165.625,171
165.650,161
165.675,149
165.700,139
165.725,133
165.750,131
165.775,124
165.800,105
165.825,81
165.850,68
165.875,84
165.900,125
165.925,172
165.950,206
165.975,221
166.000,224
166.025,223
166.050,221
166.075,215
166.100,206
166.125,198
166.150,197
166.175,199
166.200,201
166.225,198
166.250,190
166.275,177
166.300,163
166.325,151
166.350,143
166.375,135
166.400,120
166.425,93
166.450,66
166.475,58
166.500,82
166.525,131
166.550,180
166.575,212
166.600,226
166.625,232
166.650,238
166.675,240
166.700,232
166.725,218
166.750,210
166.775,213
166.800,218
166.825,216
166.850,206
166.875,193
166.900,183
166.925,173
166.950,158
166.975,139
167.000,121
167.025,106
167.050,86
167.075,58
167.100,34
167.125,35
167.150,73
167.175,134
167.200,188
167.225,216
167.250,222
167.275,227
167.300,238
167.325,247
167.350,243
167.375,227
167.400,214
167.425,216
167.450,227
167.475,231
167.500,220
167.525,201
167.550,186
167.575,182
167.600,179
167.625,167
167.650,146
167.675,125
167.700,110
167.725,96
167.750,72
167.775,39
167.800,13
167.825,17
167.850,59
167.875,121
167.900,175
167.925,207
167.950,221
167.975,230
168.000,241
168.025,247
168.050,240
168.075,226
168.100,216
168.125,221
168.150,236
168.175,246
168.200,244
168.225,232
168.250,219
168.275,209
168.300,200
168.325,187
168.350,170
168.375,153
168.400,136
168.425,120
168.450,106
168.475,92
168.500,74
168.525,50
168.550,23
168.575,11
168.600,28
168.625,75
168.650,134
168.675,179
168.700,200
168.725,206
168.750,212
168.775,223
168.800,230
168.825,226
168.850,217
168.875,217
168.900,229
168.925,243
168.950,247
168.975,242
169.000,234
169.025,231
169.050,227
169.075,215
169.100,195
169.125,179
169.150,172
169.175,168
169.200,156
169.225,133
169.250,110
169.275,96
169.300,86
169.325,69
169.350,43
169.375,28
169.400,42
169.425,88
169.450,144
169.475,184
169.500,200
169.525,204
169.550,208
169.575,214
169.600,212
169.625,202
169.650,195
169.675,199
169.700,213
169.725,223
169.750,222
169.775,215
169.800,211
169.825,213
169.850,214
169.875,207
169.900,196
169.925,187
169.950,181
169.975,172
170.000,155
170.025,138
170.050,128
170.075,126
170.100,118
170.125,96
170.150,67
170.175,54
170.200,70
170.225,111
170.250,156
170.275,187
170.300,201
170.325,207
170.350,209
170.375,207
170.400,197
170.425,186
170.450,182
170.475,189
170.500,202
170.525,211
170.550,212
170.575,207
170.600,202
170.625,199
170.650,196
170.675,193
170.700,186
170.725,177
170.750,167
170.775,156
170.800,143
170.825,126
170.850,105
170.875,87
170.900,82
170.925,99
170.950,134
170.975,173
171.000,202
171.025,213
171.050,212
171.075,205
171.100,196
171.125,186
171.150,178
171.175,178
171.200,186
171.225,198
171.250,204
171.275,200
171.300,190
171.325,181
171.350,175
171.375,170
171.400,163
171.425,154
171.450,145
171.475,132
171.500,114
171.525,96
171.550,91
171.575,110
171.600,146
171.625,185
171.650,210
171.675,219
171.700,219
171.725,216
171.750,210
171.775,199
171.800,188
171.825,181
171.850,183
171.875,188
171.900,190
171.925,188
171.950,182
171.975,174
172.000,163
172.025,152
172.050,142
172.075,135
172.100,125
172.125,104
172.150,76
172.175,58
172.200,69
172.225,109
172.250,161
172.275,201
172.300,220
172.325,226
172.350,228
172.375,227
172.400,218
172.425,203
172.450,193
172.475,194
172.500,203
172.525,208
172.550,202
172.575,191
172.600,182
172.625,175
172.650,165
172.675,148
172.700,131
172.725,118
172.750,105
172.775,83
172.800,55
172.825,39
172.850,55
172.875,103
172.900,159
172.925,201
172.950,221
172.975,229
173.000,237
173.025,243
173.050,239
173.075,225
173.100,214
173.125,214
173.150,222
173.175,227
173.200,221
173.225,210
173.250,202
173.275,196
173.300,183
173.325,162
173.350,139
173.375,123
173.400,111
173.425,89
173.450,54
173.475,23
173.500,20
173.525,56
173.550,119
173.575,177
173.600,211
173.625,224
173.650,231
173.675,241
173.700,249
173.725,244
173.750,228
173.775,213
173.800,211
173.825,221
173.850,230
173.875,227
173.900,212
173.925,196
173.950,184
173.975,175
174.000,161
174.025,141
174.050,121
174.075,107
174.100,95
174.125,75
174.150,43
174.175,14
174.200,13
174.225,49
174.250,110
174.275,169
174.300,207
174.325,226
174.350,237
174.375,249
174.400,258
174.425,255
174.450,242
174.475,230
174.500,229
174.525,239
174.550,248
174.575,247
174.600,235
174.625,218
174.650,205
174.675,196
174.700,186
174.725,171
174.750,151
174.775,132
174.800,118
174.825,107
174.850,91
174.875,63
174.900,32
174.925,15
174.950,31
174.975,77
175.000,135
175.025,181
175.050,206
175.075,216
175.100,221
175.125,223
175.150,220
175.175,212
175.200,204
175.225,203
175.250,209
175.275,216
175.300,219
175.325,218
175.350,214
175.375,208
175.400,200
175.425,188
175.450,175
175.475,163
175.500,150
175.525,136
175.550,123
175.575,112
175.600,100
175.625,83
175.650,61
175.675,48
175.700,59
175.725,99
175.750,152
175.775,195
175.800,215
175.825,218
175.850,216
175.875,215
175.900,211
175.925,203
175.950,196
175.975,200
176.000,212
176.025,222
176.050,222
176.075,214
176.100,207
176.125,206
176.150,205
176.175,198
176.200,186
176.225,174
176.250,166
176.275,158
176.300,147
176.325,132
176.350,118
176.375,103
176.400,86
176.425,68
176.450,60
176.475,75
176.500,114
176.525,162
176.550,197
176.575,212
176.600,212
176.625,206
176.650,198
176.675,188
176.700,177
176.725,173
176.750,182
176.775,197
176.800,207
176.825,205
176.850,196
176.875,190
176.900,189
176.925,189
176.950,182
176.975,170
177.000,163
177.025,160
177.050,155
177.075,139
177.100,115
177.125,98
177.150,103
177.175,131
177.200,167
177.225,198
177.250,215
177.275,222
177.300,220
177.325,210
177.350,197
177.375,184
177.400,180
177.425,183
177.450,189
177.475,192
177.500,191
177.525,188
177.550,184
177.575,176
177.600,166
177.625,157
177.650,152
177.675,146
177.700,132
177.725,109
177.750,90
177.775,91
177.800,118
177.825,160
177.850,198
177.875,220
177.900,228
177.925,227
177.950,222
177.975,211
178.000,197
178.025,185
178.050,182
178.075,186
178.100,191
178.125,191
178.150,187
178.175,179
178.200,168
178.225,154
178.250,140
178.275,129
178.300,118
178.325,103
178.350,80
178.375,58
178.400,54
178.425,80
178.450,127
178.475,174
178.500,206
178.525,219
178.550,221
178.575,222
178.600,219
178.625,212
178.650,202
178.675,196
178.700,198
178.725,202
178.750,204
178.775,197
178.800,184
178.825,169
178.850,155
178.875,143
178.900,134
178.925,123
178.950,104
178.975,78
179.000,54
179.025,52
179.050,82
179.075,133
179.100,185
179.125,218
179.150,231
179.175,235
179.200,239
179.225,239
179.250,232
179.275,221
179.300,217
179.325,223
179.350,232
179.375,232
179.400,219
179.425,203
179.450,191
179.475,181
179.500,167
179.525,146
179.550,124
179.575,108
179.600,93
179.625,69
179.650,36
179.675,11
179.700,14
179.725,55
179.750,117
179.775,173
179.800,209
179.825,229
179.850,245
179.875,260
179.900,266
179.925,260
179.950,247
179.975,240
180.000,244
180.025,255
180.050,259
180.075,253
180.100,243
180.125,237
180.150,234
180.175,227
180.200,210
180.225,190
180.250,171
180.275,157
180.300,141
180.325,120
180.350,97
180.375,80
180.400,69
180.425,55
180.450,29
180.475,-2
180.500,-20
180.525,-6
180.550,41
180.575,104
180.600,155
180.625,185
180.650,199
180.675,211
180.700,226
180.725,240
180.750,243
180.775,235
180.800,228
180.825,230
180.850,242
180.875,255
180.900,259
180.925,252
180.950,241
180.975,235
181.000,230
181.025,221
181.050,207
181.075,190
181.100,178
181.125,170
181.150,158
181.175,136
181.200,111
181.225,92
181.250,83
181.275,76
181.300,60
181.325,34
181.350,16
181.375,26
181.400,66
181.425,118
181.450,160
181.475,183
181.500,195
181.525,206
181.550,217
181.575,223
181.600,222
181.625,218
181.650,219
181.675,228
181.700,238
181.725,243
181.750,241
181.775,238
181.800,235
181.825,232
181.850,225
181.875,215
181.900,202
181.925,191
181.950,182
181.975,173
182.000,162
182.025,148
182.050,131
182.075,116
182.100,106
182.125,96
182.150,79
182.175,52
182.200,24
182.225,13
182.250,35
182.275,83
182.300,137
182.325,174
182.350,191
182.375,196
182.400,204
182.425,213
182.450,216
182.475,209
182.500,201
182.525,202
182.550,216
182.575,232
182.600,239
182.625,235
182.650,229
182.675,228
182.700,228
182.725,222
182.750,208
182.775,194
182.800,187
182.825,184
182.850,177
182.875,158
182.900,137
182.925,122
182.950,117
182.975,111
183.000,94
183.025,69
183.050,54
183.075,62
183.100,95
183.125,138
183.150,175
183.175,197
183.200,207
183.225,209
183.250,206
183.275,198
183.300,191
183.325,187
183.350,190
183.375,196
183.400,203
183.425,207
183.450,209
183.475,207
183.500,203
183.525,198
183.550,192
183.575,187
183.600,181
183.625,172
183.650,160
183.675,147
183.700,134
183.725,119
183.750,102
183.775,88
183.800,88
183.825,108
183.850,143
183.875,179
183.900,207
183.925,222
183.950,225
183.975,220
184.000,207
184.025,191
184.050,182
184.075,185
184.100,195
184.125,202
184.150,200
184.175,191
184.200,184
184.225,180
184.250,176
184.275,167
184.300,156
184.325,147
184.350,140
184.375,128
184.400,108
184.425,89
184.450,85
184.475,106
184.500,145
184.525,184
184.550,210
184.575,220
184.600,220
184.625,216
184.650,208
184.675,196
184.700,184
184.725,178
184.750,179
184.775,184
184.800,186
184.825,182
184.850,172
184.875,160
184.900,151
184.925,145
184.950,137
184.975,122
185.000,101
185.025,80
185.050,72
185.075,85
185.100,118
185.125,161
185.150,200
185.175,226
185.200,239
185.225,239
185.250,231
185.275,218
185.300,203
185.325,192
185.350,189
185.375,192
185.400,196
185.425,193
185.450,180
185.475,164
185.500,151
185.525,143
185.550,133
185.575,113
185.600,83
185.625,56
185.650,51
185.675,78
185.700,126
185.725,176
185.750,213
185.775,233
185.800,241
185.825,241
185.850,235
185.875,224
185.900,212
185.925,204
185.950,202
185.975,204
186.000,204
186.025,197
186.050,184
186.075,167
186.100,151
186.125,139
186.150,130
186.175,114
186.200,87
186.225,53
186.250,31
186.275,41
186.300,85
186.325,146
186.350,198
186.375,228
186.400,241
186.425,249
186.450,253
186.475,249
186.500,236
186.525,223
186.550,219
186.575,224
186.600,227
186.625,222
186.650,211
186.675,199
186.700,189
186.725,173
186.750,151
186.775,132
186.800,119
186.825,108
186.850,85
186.875,49
186.900,23
186.925,30
186.950,78
186.975,144
187.000,196
187.025,221
187.050,230
187.075,239
187.100,249
187.125,250
187.150,237
187.175,218
187.200,208
187.225,213
187.250,225
187.275,230
187.300,225
187.325,214
187.350,204
187.375,194
187.400,180
187.425,160
187.450,137
187.475,119
187.500,106
187.525,94
187.550,74
187.575,44
187.600,13
187.625,1
187.650,24
187.675,77
187.700,140
187.725,187
187.750,210
187.775,218
187.800,226
187.825,235
187.850,238
187.875,231
187.900,221
187.925,220
187.950,228
187.975,237
188.000,237
188.025,230
188.050,222
188.075,219
188.100,214
188.125,202
188.150,187
188.175,173
188.200,163
188.225,149
188.250,129
188.275,108
188.300,95
188.325,87
188.350,72
188.375,44
188.400,20
188.425,25
188.450,68
188.475,129
188.500,177
188.525,198
188.550,201
188.575,206
188.600,216
188.625,220
188.650,210
188.675,196
188.700,195
188.725,210
188.750,229
188.775,236
188.800,231
188.825,223
188.850,220
188.875,217
188.900,209
188.925,196
188.950,183
188.975,174
189.000,164
189.025,148
189.050,132
189.075,122
189.100,114
189.125,98
189.150,69
189.175,44
189.200,46
189.225,82
189.250,135
189.275,178
189.300,196
189.325,200
189.350,202
189.375,206
189.400,206
189.425,198
189.450,192
189.475,197
189.500,212
189.525,225
189.550,228
189.575,222
189.600,218
189.625,216
189.650,211
189.675,199
189.700,184
189.725,174
189.750,170
189.775,165
189.800,151
189.825,132
189.850,117
189.875,107
189.900,94
189.925,74
189.950,54
189.975,54
190.000,85
190.025,137
190.050,185
190.075,212
190.100,217
190.125,212
190.150,206
190.175,200
190.200,194
190.225,189
190.250,189
190.275,198
190.300,207
190.325,211
190.350,207
190.375,200
190.400,197
190.425,197
190.450,193
190.475,185
190.500,173
190.525,162
190.550,152
190.575,137
190.600,115
190.625,95
190.650,88
190.675,103
190.700,136
190.725,177
190.750,210
190.775,228
190.800,230
190.825,222
190.850,208
190.875,195
190.900,187
190.925,184
190.950,187
190.975,191
191.000,193
191.025,192
191.050,186
191.075,178
191.100,168
191.125,158
191.150,150
191.175,142
191.200,131
191.225,116
191.250,100
191.275,95
191.300,108
191.325,140
191.350,180
191.375,213
191.400,229
191.425,228
191.450,216
191.475,202
191.500,187
191.525,175
191.550,170
191.575,171
191.600,178
191.625,183
191.650,179
191.675,168
191.700,155
191.725,146
191.750,139
191.775,127
191.800,105
191.825,82
191.850,72
191.875,88
191.900,128
191.925,175
191.950,213
191.975,232
192.000,234
192.025,228
192.050,216
192.075,201
192.100,186
192.125,178
192.150,180
192.175,188
192.200,190
192.225,180
192.250,162
192.275,146
192.300,136
192.325,129
192.350,113
192.375,87
192.400,63
192.425,60
192.450,88
192.475,138
192.500,192
192.525,230
192.550,247
192.575,247
192.600,238
192.625,226
192.650,211
192.675,197
192.700,189
192.725,192
192.750,201
192.775,204
192.800,196
192.825,178
192.850,159
192.875,146
192.900,133
192.925,110
192.950,78
192.975,50
193.000,46
193.025,75
193.050,129
193.075,185
193.100,226
193.125,246
193.150,251
193.175,249
193.200,242
193.225,232
193.250,219
193.275,208
193.300,202
193.325,203
193.350,203
193.375,197
193.400,182
193.425,161
193.450,144
193.475,132
193.500,121
193.525,101
193.550,72
193.575,48
193.600,48
193.625,82
193.650,138
193.675,191
193.700,223
193.725,236
193.750,241
193.775,246
193.800,244
193.825,232
193.850,217
193.875,211
193.900,219
193.925,228
193.950,227
193.975,213
194.000,196
194.025,186
194.050,177
194.075,162
194.100,140
194.125,119
194.150,105
194.175,91
194.200,65
194.225,31
194.250,12
194.275,32
194.300,89
194.325,155
194.350,200
194.375,219
194.400,222
194.425,226
194.450,231
194.475,230
194.500,220
194.525,211
194.550,210
194.575,217
194.600,224
194.625,224
194.650,219
194.675,214
194.700,209
194.725,201
194.750,189
194.775,175
194.800,158
194.825,141
194.850,124
194.875,110
194.900,99
194.925,86
194.950,65
194.975,40
195.000,32
195.025,55
195.050,106
195.075,162
195.100,198
195.125,210
195.150,211
195.175,215
195.200,219
195.225,216
195.250,205
195.275,198
195.300,204
195.325,219
195.350,229
195.375,226
195.400,215
195.425,208
195.450,209
195.475,210
195.500,204
195.525,192
195.550,179
195.575,167
195.600,153
195.625,136
195.650,122
195.675,114
195.700,106
195.725,88
195.750,62
195.775,44
195.800,54
195.825,95
195.850,146
195.875,183
195.900,198
195.925,201
195.950,202
195.975,205
196.000,202
196.025,193
196.050,185
196.075,187
196.100,198
196.125,208
196.150,208
196.175,201
196.200,194
196.225,194
196.250,197
196.275,197
196.300,188
196.325,174
196.350,159
196.375,147
196.400,137
196.425,127
196.450,111
196.475,90
196.500,73
196.525,69
196.550,89
196.575,127
196.600,169
196.625,201
196.650,216
196.675,219
196.700,217
196.725,214
196.750,207
196.775,198
196.800,191
196.825,193
196.850,203
196.875,215
196.900,218
196.925,212
196.950,201
196.975,192
197.000,188
197.025,183
197.050,173
197.075,162
197.100,153
197.125,146
197.150,134
197.175,112
197.200,86
197.225,69
197.250,78
197.275,112
197.300,156
197.325,193
197.350,213
197.375,221
197.400,222
197.425,216
197.450,202
197.475,184
197.500,170
197.525,170
197.550,182
197.575,194
197.600,196
197.625,191
197.650,187
197.675,186
197.700,182
197.725,172
197.750,158
197.775,149
197.800,146
197.825,139
197.850,119
197.875,91
197.900,74
197.925,85
197.950,123
197.975,171
198.000,209
198.025,228
198.050,233
198.075,231
198.100,223
198.125,209
198.150,194
198.175,186
198.200,186
198.225,191
198.250,194
198.275,191
198.300,188
198.325,185
198.350,181
198.375,173
198.400,161
198.425,147
198.450,132
198.475,116
198.500,100
198.525,90
198.550,98
198.575,127
198.600,169
198.625,207
198.650,228
198.675,230
198.700,219
198.725,205
198.750,190
198.775,177
198.800,168
198.825,167
198.850,173
198.875,181
198.900,182
198.925,174
198.950,160
198.975,147
199.000,137
199.025,129
199.050,116
199.075,96
199.100,76
199.125,68
199.150,83
199.175,120
199.200,168
199.225,210
199.250,234
199.275,240
199.300,233
199.325,220
199.350,207
199.375,196
199.400,187
199.425,184
199.450,185
199.475,190
199.500,191
199.525,184
199.550,170
199.575,155
199.600,141
199.625,128
199.650,113
199.675,91
199.700,69
199.725,58
199.750,72
199.775,112
199.800,165
199.825,212
199.850,238
199.875,243
199.900,236
199.925,226
199.950,217
199.975,205
200.000,194
200.025,189
200.050,194
200.075,202
200.100,203
200.125,192
200.150,175
200.175,162
200.200,154
200.225,142
200.250,116
200.275,81
200.300,57
200.325,64
200.350,104
200.375,158
200.400,203
200.425,230
200.450,241
200.475,244
200.500,241
200.525,232
200.550,218
200.575,205
200.600,200
200.625,202
200.650,206
200.675,203
200.700,194
200.725,179
200.750,163
200.775,148
200.800,135
200.825,122
200.850,104
200.875,80
200.900,56
200.925,48
200.950,69
200.975,117
201.000,173
201.025,215
201.050,232
201.075,232
201.100,231
201.125,232
201.150,229
201.175,218
201.200,205
201.225,202
201.250,210
201.275,218
201.300,214
201.325,199
201.350,185
201.375,179
201.400,175
201.425,162
201.450,138
201.475,116
201.500,103
201.525,95
201.550,77
201.575,45
201.600,20
201.625,29
201.650,78
201.675,145
201.700,199
201.725,226
201.750,234
201.775,237
201.800,240
201.825,236
201.850,224
201.875,212
201.900,209
201.925,217
201.950,224
201.975,224
202.000,219
202.025,213
202.050,208
202.075,199
202.100,186
202.125,171
202.150,159
202.175,150
202.200,139
202.225,125
202.250,111
202.275,98
202.300,82
202.325,60
202.350,40
202.375,40
202.400,73
202.425,129
202.450,183
202.475,212
202.500,219
202.525,218
202.550,220
202.575,221
202.600,214
202.625,202
202.650,196
202.675,204
202.700,216
202.725,221
202.750,217
202.775,213
202.800,215
202.825,216
202.850,206
202.875,185
202.900,165
202.925,155
202.950,151
202.975,141
203.000,123
203.025,107
203.050,101
203.075,99
203.100,86
203.125,63
203.150,50
203.175,71
203.200,122
203.225,177
203.250,207
203.275,210
203.300,203
203.325,204
203.350,209
203.375,207
203.400,196
203.425,189
203.450,195
203.475,210
203.500,221
203.525,220
203.550,211
203.575,206
203.600,207
203.625,205
203.650,197
203.675,185
203.700,174
203.725,165
203.750,154
203.775,141
203.800,128
203.825,119
203.850,107
203.875,88
203.900,67
203.925,60
203.950,79
203.975,122
204.000,169
204.025,200
204.050,211
204.075,210
204.100,207
204.125,202
204.150,194
204.175,185
204.200,182
204.225,190
204.250,203
204.275,212
204.300,214
204.325,211
204.350,207
204.375,203
204.400,199
204.425,194
204.450,186
204.475,176
204.500,165
204.525,154
204.550,142
204.575,131
204.600,117
204.625,98
204.650,78
204.675,74
204.700,95
204.725,137
204.750,183
204.775,213
204.800,222
204.825,220
204.850,215
204.875,208
204.900,197
204.925,184
204.950,179
204.975,186
205.000,201
205.025,208
205.050,203
205.075,192
205.100,187
205.125,189
205.150,190
205.175,182
205.200,166
205.225,152
205.250,145
205.275,138
205.300,122
205.325,99
205.350,81
205.375,84
205.400,113
205.425,155
205.450,193
205.475,216
205.500,223
205.525,220
205.550,211
205.575,197
205.600,183
205.625,174
205.650,171
205.675,175
205.700,181
205.725,184
205.750,183
205.775,177
205.800,171
205.825,164
205.850,157
205.875,147
205.900,132
205.925,114
205.950,99
205.975,98
206.000,116
206.025,149
206.050,188
206.075,217
206.100,230
206.125,228
206.150,218
206.175,204
206.200,189
206.225,177
206.250,172
206.275,177
206.300,188
206.325,195
206.350,188
206.375,170
206.400,154
206.425,146
206.450,144
206.475,135
206.500,113
206.525,86
206.550,73
206.575,86
206.600,125
206.625,173
206.650,215
206.675,242
206.700,252
206.725,248
206.750,236
206.775,221
206.800,211
206.825,206
206.850,202
206.875,192
206.900,174
206.925,150
206.950,126
206.975,106
207.000,94
207.025,91
207.050,96
207.075,102
207.100,98
207.125,82
207.150,64
207.175,65
207.200,96
207.225,149
207.250,201
207.275,234
207.300,247
207.325,247
207.350,243
207.375,239
207.400,232
207.425,224
207.450,218
207.475,217
207.500,219
207.525,218
207.550,213
207.575,202
207.600,187
207.625,170
207.650,153
207.675,139
207.700,126
207.725,107
207.750,81
207.775,58
207.800,55
207.825,82
207.850,132
207.875,184
207.900,218
207.925,231
207.950,235
207.975,237
208.000,239
208.025,236
208.050,228
208.075,220
208.100,219
208.125,221
208.150,220
208.175,212
208.200,201
208.225,193
208.250,190
208.275,183
208.300,167
208.325,142
208.350,119
208.375,105
208.400,98
208.425,86
208.450,62
208.475,34
208.500,21
208.525,40
208.550,89
208.575,145
208.600,185
208.625,202
208.650,209
208.675,218
208.700,230
208.725,235
208.750,228
208.775,218
208.800,216
208.825,224
208.850,234
208.875,235
208.900,228
208.925,220
208.950,217
208.975,214
209.000,204
209.025,190
209.050,178
209.075,169
209.100,158
209.125,138
209.150,113
209.175,96
209.200,91
209.225,88
209.250,73
209.275,46
209.300,29
209.325,43
209.350,90
209.375,145
209.400,182
209.425,195
209.450,197
209.475,203
209.500,214
209.525,220
209.550,216
209.575,209
209.600,208
209.625,217
209.650,227
209.675,228
209.700,223
209.725,217
209.750,216
209.775,215
209.800,208
209.825,195
209.850,182
209.875,173
209.900,169
209.925,161
209.950,145
209.975,126
210.000,113
210.025,105
210.050,97
210.075,80
210.100,60
210.125,52
210.150,70
210.175,111
210.200,157
210.225,188
210.250,199
210.275,201
210.300,205
210.325,209
210.350,207
210.375,197
210.400,188
210.425,194
210.450,213
210.475,231
210.500,235
210.525,226
210.550,216
210.575,215
210.600,218
210.625,216
210.650,205
210.675,192
210.700,182
210.725,177
210.750,167
210.775,151
210.800,135
210.825,126
210.850,119
210.875,105
210.900,79
210.925,56
210.950,55
210.975,84
211.000,130
211.025,169
211.050,190
211.075,195
211.100,196
211.125,198
211.150,199
211.175,194
211.200,185
211.225,182
211.250,188
211.275,199
211.300,208
211.325,210
211.350,206
211.375,200
211.400,196
211.425,195
211.450,195
211.475,192
211.500,184
211.525,173
211.550,160
211.575,148
211.600,135
211.625,117
211.650,94
211.675,80
211.700,87
211.725,118
211.750,160
211.775,194
211.800,210
211.825,213
211.850,212
211.875,210
211.900,204
211.925,191
211.950,180
211.975,179
212.000,190
212.025,202
212.050,204
212.075,197
212.100,186
212.125,179
212.150,176
212.175,171
212.200,163
212.225,153
212.250,140
212.275,121
212.300,98
212.325,79
212.350,78
212.375,99
212.400,135
212.425,171
212.450,195
212.475,209
212.500,215
212.525,215
212.550,208
212.575,195
212.600,184
212.625,183
212.650,190
212.675,196
212.700,197
212.725,192
212.750,184
212.775,174
212.800,163
212.825,152
212.850,143
212.875,134
212.900,118
212.925,92
212.950,63
212.975,51
213.000,69
213.025,113
213.050,162
213.075,197
213.100,213
213.125,220
213.150,225
213.175,226
213.200,219
213.225,206
213.250,198
213.275,198
213.300,203
213.325,207
213.350,204
213.375,199
213.400,191
213.425,180
213.450,165
213.475,148
213.500,133
213.525,118
213.550,98
213.575,73
213.600,55
213.625,62
213.650,98
213.675,150
213.700,194
213.725,217
213.750,226
213.775,232
213.800,238
213.825,237
213.850,226
213.875,210
213.900,202
213.925,206
213.950,214
213.975,214
214.000,205
214.025,192
214.050,179
214.075,168
214.100,154
214.125,140
214.150,127
214.175,111
214.200,89
214.225,62
214.250,43
214.275,50
214.300,89
214.325,144
214.350,192
214.375,219
214.400,229
214.425,236
214.450,243
214.475,244
214.500,234
214.525,218
214.550,207
214.575,207
214.600,214
214.625,215
214.650,209
214.675,199
214.700,192
214.725,185
214.750,173
214.775,153
214.800,135
214.825,123
214.850,115
214.875,98
214.900,67
214.925,34
214.950,22
214.975,44
215.000,92
215.025,145
215.050,185
215.075,208
215.100,221
215.125,229
215.150,232
215.175,231
215.200,226
215.225,222
215.250,222
215.275,225
215.300,228
215.325,228
215.350,224
215.375,215
215.400,204
215.425,192
215.450,182
215.475,172
215.500,159
215.525,142
215.550,125
215.575,112
215.600,99
215.625,80
215.650,51
215.675,28
215.700,30
215.725,67
215.750,123
215.775,172
215.800,198
215.825,204
215.850,207
215.875,214
215.900,221
215.925,219
215.950,210
215.975,205
216.000,210
216.025,220
216.050,225
216.075,222
216.100,215
216.125,210
216.150,205
216.175,198
216.200,187
216.225,176
216.250,166
216.275,154
216.300,139
216.325,123
216.350,110
216.375,98
216.400,83
216.425,65
216.450,57
216.475,74
216.500,118
216.525,171
216.550,210
216.575,223
216.600,217
216.625,208
216.650,203
216.675,200
216.700,196
216.725,192
216.750,195
216.775,207
216.800,220
216.825,227
216.850,224
216.875,215
216.900,206
216.925,200
216.950,195
216.975,189
217.000,179
217.025,165
217.050,153
217.075,143
217.100,136
217.125,126
217.150,105
217.175,76
217.200,52
217.225,45
217.250,60
217.275,89
217.300,120
217.325,145
217.350,165
217.375,183
217.400,197
217.425,202
217.450,199
217.475,195
217.500,197
217.525,209
217.550,221
217.575,226
217.600,219
217.625,209
217.650,201
217.675,199
217.700,197
217.725,191
217.750,180
217.775,170
217.800,163
217.825,157
217.850,143
217.875,120
217.900,95
217.925,86
217.950,103
217.975,140
218.000,181
218.025,210
218.050,224
218.075,226
218.100,220
218.125,207
218.150,189
218.175,174
218.200,172
218.225,182
218.250,197
218.275,205
218.300,204
218.325,198
218.350,195
218.375,193
218.400,188
218.425,178
218.450,167
218.475,159
218.500,150
218.525,132
218.550,107
218.575,89
218.600,92
218.625,117
218.650,152
218.675,184
218.700,204
218.725,214
218.750,216
218.775,209
218.800,193
218.825,176
218.850,167
218.875,168
218.900,173
218.925,177
218.950,177
218.975,175
219.000,171
219.025,164
219.050,154
219.075,144
219.100,138
219.125,132
219.150,119
219.175,101
219.200,87
219.225,94
219.250,126
219.275,170
219.300,207
219.325,226
219.350,229
219.375,223
219.400,216
219.425,206
219.450,195
219.475,187
219.500,186
219.525,191
219.550,196
219.575,195
219.600,187
219.625,173
219.650,159
219.675,147
219.700,138
219.725,128
219.750,113
219.775,92
219.800,72
219.825,66
219.850,85
219.875,124
219.900,168
219.925,204
219.950,224
219.975,232
220.000,233
220.025,226
220.050,213
220.075,200
220.100,192
220.125,193
220.150,196
220.175,197
220.200,193
220.225,185
220.250,175
220.275,164
220.300,153
220.325,143
220.350,131
220.375,114
220.400,88
220.425,64
220.450,57
220.475,81
220.500,130
220.525,183
220.550,220
220.575,235
220.600,237
220.625,237
220.650,235
220.675,230
220.700,220
220.725,212
220.750,211
220.775,214
220.800,214
220.825,209
220.850,199
220.875,185
220.900,171
220.925,157
220.950,144
220.975,133
221.000,118
221.025,92
221.050,61
221.075,40
221.100,47
221.125,85
221.150,138
221.175,184
221.200,211
221.225,224
221.250,231
221.275,235
221.300,233
221.325,224
221.350,214
221.375,210
221.400,215
221.425,221
221.450,221
221.475,213
221.500,201
221.525,191
221.550,184
221.575,177
221.600,166
221.625,151
221.650,133
221.675,119
221.700,108
221.725,95
221.750,74
221.775,48
221.800,34
221.825,48
221.850,90
221.875,145
221.900,188
221.925,207
221.950,213
221.975,218
222.000,228
222.025,234
222.050,228
222.075,216
222.100,211
222.125,219
222.150,230
222.175,234
222.200,229
222.225,222
222.250,218
222.275,213
222.300,201
222.325,183
222.350,168
222.375,162
222.400,159
222.425,147
222.450,126
222.475,107
222.500,97
222.525,94
222.550,82
222.575,60
222.600,44
222.625,54
222.650,94
222.675,144
222.700,179
222.725,190
222.750,191
222.775,195
222.800,206
222.825,212
222.850,209
222.875,202
222.900,200
222.925,207
222.950,218
222.975,224
223.000,224
223.025,220
223.050,217
223.075,213
223.100,208
223.125,200
223.150,193
223.175,188
223.200,181
223.225,171
223.250,157
223.275,142
223.300,130
223.325,123
223.350,116
223.375,102
223.400,82
223.425,62
223.450,57
223.475,76
223.500,115
223.525,158
223.550,190
223.575,203
223.600,203
223.625,200
223.650,197
223.675,194
223.700,190
223.725,189
223.750,196
223.775,210
223.800,221
223.825,221
223.850,213
223.875,205
223.900,201
223.925,199
223.950,195
223.975,187
224.000,181
224.025,176
224.050,168
224.075,154
224.100,135
224.125,122
224.150,116
224.175,109
224.200,93
224.225,70
224.250,57
224.275,71
224.300,108
224.325,150
224.350,177
224.375,188
224.400,191
224.425,197
224.450,202
224.475,201
224.500,195
224.525,193
224.550,201
224.575,216
224.600,229
224.625,232
224.650,227
224.675,220
224.700,215
224.725,210
224.750,204
224.775,197
224.800,191
224.825,183
224.850,171
224.875,156
224.900,143
224.925,132
224.950,120
224.975,103
225.000,87
225.025,82
225.050,98
225.075,132
225.100,170
225.125,198
225.150,211
225.175,212
225.200,207
225.225,198
225.250,188
225.275,181
225.300,182
225.325,191
225.350,200
225.375,202
225.400,199
225.425,194
225.450,191
225.475,189
225.500,183
225.525,173
225.550,163
225.575,158
225.600,154
225.625,143
225.650,120
225.675,95
225.700,82
225.725,90
225.750,117
225.775,150
225.800,179
225.825,201
225.850,216
225.875,220
225.900,213
225.925,197
225.950,182
225.975,176
226.000,178
226.025,184
226.050,186
226.075,186
226.100,185
226.125,182
226.150,177
226.175,166
226.200,156
226.225,148
226.250,141
226.275,127
226.300,105
226.325,84
226.350,80
226.375,100
226.400,138
226.425,178
226.450,208
226.475,223
226.500,227
226.525,224
226.550,214
226.575,203
226.600,196
226.625,194
226.650,196
226.675,197
226.700,195
226.725,190
226.750,185
226.775,177
226.800,166
226.825,155
226.850,144
226.875,132
226.900,113
226.925,84
226.950,57
226.975,52
227.000,76
227.025,123
227.050,172
227.075,207
227.100,225
227.125,233
227.150,233
227.175,225
227.200,213
227.225,202
227.250,200
227.275,203
227.300,205
227.325,201
227.350,196
227.375,192
227.400,187
227.425,176
227.450,158
227.475,140
227.500,126
227.525,112
227.550,88
227.575,59
227.600,43
227.625,58
227.650,103
227.675,158
227.700,197
227.725,215
227.750,223
227.775,231
227.800,236
227.825,233
227.850,221
227.875,211
227.900,211
227.925,218
227.950,221
227.975,215
228.000,205
228.025,198
228.050,191
228.075,180
228.100,162
228.125,145
228.150,130
228.175,114
228.200,89
228.225,59
228.250,41
228.275,53
228.300,93
228.325,144
228.350,184
228.375,208
228.400,221
228.425,231
228.450,236
228.475,232
228.500,221
228.525,211
228.550,210
228.575,214
228.600,213
228.625,205
228.650,195
228.675,192
228.700,196
228.725,197
228.750,183
228.775,159
228.800,136
228.825,123
228.850,116
228.875,99
228.900,66
228.925,29
228.950,12
228.975,29
229.000,74
229.025,125
229.050,164
229.075,187
229.100,200
229.125,210
229.150,216
229.175,216
229.200,212
229.225,212
229.250,219
229.275,232
229.300,241
229.325,244
229.350,241
229.375,235
229.400,228
229.425,221
229.450,215
229.475,205
229.500,191
229.525,170
229.550,147
229.575,127
229.600,110
229.625,89
229.650,60
229.675,33
229.700,26
229.725,52
229.750,104
229.775,157
229.800,192
229.825,204
229.850,208
229.875,212
229.900,217
229.925,217
229.950,210
229.975,205
230.000,207
230.025,214
230.050,220
230.075,220
230.100,219
230.125,219
230.150,219
230.175,215
230.200,205
230.225,193
230.250,180
230.275,166
230.300,148
230.325,123
230.350,94
230.375,61
230.400,29
230.425,6
230.450,6
230.475,37
230.500,94
230.525,157
230.550,203
230.575,225
230.600,227
230.625,220
230.650,213
230.675,207
230.700,201
230.725,200
230.750,206
230.775,215
230.800,222
230.825,223
230.850,219
230.875,212
230.900,204
230.925,195
230.950,187
230.975,180
231.000,172
231.025,161
231.050,145
231.075,131
231.100,120
231.125,110
231.150,96
231.175,76
231.200,65
231.225,76
231.250,114
231.275,163
231.300,201
231.325,218
231.350,217
231.375,210
231.400,202
231.425,194
231.450,186
231.475,183
231.500,190
231.525,201
231.550,207
231.575,204
231.600,196
231.625,192
231.650,192
231.675,192
231.700,187
231.725,177
231.750,169
231.775,163
231.800,155
231.825,137
231.850,114
231.875,96
231.900,95
231.925,115
231.950,147
231.975,179
232.000,203
232.025,216
232.050,217
232.075,209
232.100,196
232.125,184
232.150,176
232.175,172
232.200,172
232.225,175
232.250,177
232.275,176
232.300,170
232.325,163
232.350,157
232.375,153
232.400,148
232.425,137
232.450,119
232.475,101
232.500,97
232.525,114
232.550,147
232.575,186
232.600,215
232.625,228
232.650,226
232.675,215
232.700,201
232.725,188
232.750,179
232.775,174
232.800,172
232.825,171
232.850,170
232.875,167
232.900,160
232.925,148
232.950,136
232.975,127
233.000,119
233.025,108
233.050,90
233.075,70
233.100,59
233.125,70
233.150,105
233.175,152
233.200,196
233.225,225
233.250,238
233.275,241
233.300,238
233.325,233
233.350,226
233.375,220
233.400,219
233.425,225
233.450,233
233.475,237
233.500,233
233.525,221
233.550,207
233.575,201
233.600,201
233.625,196
233.650,175
233.675,142
233.700,111
233.725,102
233.750,123
233.775,162
233.800,200
233.825,226
233.850,239
233.875,244
233.900,242
233.925,233
233.950,220
233.975,212
234.000,211
234.025,212
234.050,203
234.075,178
234.100,141
234.125,103
234.150,74
234.175,58
234.200,51
234.225,48
234.250,39
234.275,22
234.300,3
234.325,-1
234.350,24
234.375,79
234.400,144
234.425,190
234.450,204
234.475,195
234.500,179
234.525,166
234.550,154
234.575,140
234.600,129
234.625,129
234.650,140
234.675,156
234.700,171
234.725,182
234.750,190
234.775,193
234.800,187
234.825,173
234.850,158
234.875,147
234.900,136
234.925,117
234.950,88
234.975,64
235.000,65
235.025,100
235.050,153
235.075,203
235.100,233
235.125,245
235.150,251
235.175,258
235.200,262
235.225,262
235.250,259
235.275,257
235.300,262
235.325,272
235.350,283
235.375,291
235.400,294
235.425,294
235.450,295
235.475,298
235.500,299
235.525,292
235.550,275
235.575,252
235.600,233
235.625,215
235.650,189
235.675,147
235.700,99
235.725,62
235.750,52
235.775,61
235.800,67
235.825,51
235.850,19
235.875,-12
235.900,-29
235.925,-31
235.950,-26
235.975,-15
236.000,7
236.025,50
236.050,104
236.075,155
236.100,190
236.125,213
236.150,231
236.175,248
236.200,261
236.225,266
236.250,262
236.275,258
236.300,258
236.325,267
236.350,280
236.375,288
236.400,282
236.425,256
236.450,221
236.475,193
236.500,188
236.525,205
236.550,227
236.575,234
236.600,215
236.625,181
236.650,149
236.675,130
236.700,126
236.725,128
236.750,133
236.775,139
236.800,146
236.825,151
236.850,152
236.875,149
236.900,149
236.925,159
236.950,179
236.975,201
237.000,213
237.025,214
237.050,213
237.075,220
237.100,231
237.125,230
237.150,199
237.175,141
237.200,82
237.225,55
237.250,72
237.275,117
237.300,157
237.325,170
237.350,157
237.375,131
237.400,101
237.425,66
237.450,26
237.475,-9
237.500,-28
237.525,-24
237.550,-7
237.575,10
237.600,25
237.625,43
237.650,68
237.675,91
237.700,102
237.725,100
237.750,100
237.775,118
237.800,162
237.825,218
237.850,264
237.875,294
237.900,315
237.925,344
237.950,388
237.975,439
238.000,478
238.025,490
238.050,475
238.075,445
238.100,419
238.125,405
238.150,400
238.175,390
238.200,364
238.225,322
238.250,274
238.275,238
238.300,221
238.325,217
238.350,213
238.375,195
238.400,157
238.425,103
238.450,39
238.475,-26
238.500,-85
238.525,-128
238.550,-145
238.575,-133
238.600,-97
238.625,-53
238.650,-18
238.675,0
238.700,3
238.725,0
238.750,3
238.775,16
238.800,38
238.825,63
238.850,87
238.875,107
238.900,124
238.925,140
238.950,159
238.975,186
239.000,217
239.025,244
239.050,258
239.075,257
239.100,250
239.125,252
239.150,270
239.175,299
239.200,329
239.225,349
239.250,354
239.275,344
239.300,318
239.325,277
239.350,229
239.375,186
239.400,162
239.425,163
239.450,178
239.475,194
239.500,203
239.525,203
239.550,202
239.575,199
239.600,191
239.625,173
239.650,149
239.675,131
239.700,134
239.725,160
239.750,198
239.775,228
239.800,237
239.825,225
239.850,202
239.875,182
239.900,169
239.925,161
239.950,153
239.975,148
240.000,145
240.025,148
240.050,152
240.075,155
240.100,158
240.125,156
240.150,145
240.175,124
240.200,98
240.225,86
240.250,100
240.275,139
240.300,181
240.325,206
240.350,208
240.375,200
240.400,194
240.425,190
240.450,180
240.475,163
240.500,147
240.525,143
240.550,145
240.575,141
240.600,124
240.625,101
240.650,88
240.675,84
240.700,80
240.725,67
240.750,53
240.775,55
240.800,82
240.825,122
240.850,156
240.875,174
240.900,181
240.925,184
240.950,185
240.975,177
241.000,166
241.025,160
241.050,167
241.075,179
241.100,182
241.125,171
241.150,154
241.175,143
241.200,140
241.225,134
241.250,119
241.275,108
241.300,118
241.325,158
241.350,215
241.375,266
241.400,294
241.425,303
241.450,308
241.475,316
241.500,328
241.525,338
241.550,347
241.575,357
241.600,373
241.625,395
241.650,418
241.675,438
241.700,457
241.725,478
241.750,502
241.775,525
241.800,544
241.825,564
241.850,592
241.875,628
241.900,661
241.925,671
241.950,651
241.975,611
242.000,570
242.025,528
242.050,472
242.075,381
242.100,255
242.125,114
242.150,-24
242.175,-159
242.200,-296
242.225,-429
242.250,-532
242.275,-584
242.300,-589
242.325,-573
242.350,-560
242.375,-552
242.400,-535
242.425,-509
242.450,-493
242.475,-503
242.500,-534
242.525,-567
242.550,-595
242.575,-629
242.600,-680
242.625,-729
242.650,-729
242.675,-649
242.700,-503
242.725,-334
242.750,-181
242.775,-44
242.800,92
242.825,237
242.850,381
242.875,514
242.900,642
242.925,778
242.950,909
242.975,1001
243.000,1023
243.025,984
243.050,926
243.075,883
243.100,858
243.125,828
243.150,780
243.175,728
243.200,694
243.225,683
243.250,676
243.275,657
243.300,632
243.325,619
243.350,623
243.375,625
243.400,604
243.425,558
243.450,506
243.475,468
243.500,444
243.525,421
243.550,390
243.575,353
243.600,315
243.625,269
243.650,204
243.675,119
243.700,35
243.725,-22
243.750,-48
243.775,-57
243.800,-72
243.825,-99
243.850,-133
243.875,-164
243.900,-192
243.925,-218
243.950,-236
243.975,-240
244.000,-230
244.025,-214
244.050,-199
244.075,-181
244.100,-148
244.125,-99
244.150,-50
244.175,-22
244.200,-19
244.225,-27
244.250,-27
244.275,-12
244.300,14
244.325,50
244.350,100
244.375,167
244.400,244
244.425,313
244.450,362
244.475,390
244.500,401
244.525,395
244.550,368
244.575,321
244.600,268
244.625,225
244.650,197
244.675,176
244.700,156
244.725,143
244.750,148
244.775,170
244.800,194
244.825,205
244.850,200
244.875,188
244.900,176
244.925,162
244.950,140
244.975,115
245.000,101
245.025,105
245.050,122
245.075,138
245.100,149
245.125,163
245.150,184
245.175,208
245.200,221
245.225,219
245.250,209
245.275,203
245.300,199
245.325,182
245.350,143
245.375,93
245.400,58
245.425,60
245.450,96
245.475,146
245.500,187
245.525,208
245.550,216
245.575,225
245.600,247
245.625,281
245.650,317
245.675,341
245.700,346
245.725,332
245.750,304
245.775,270
245.800,232
245.825,191
245.850,153
245.875,127
245.900,114
245.925,110
245.950,102
245.975,90
246.000,84
246.025,97
246.050,132
246.075,176
246.100,212
246.125,230
246.150,234
246.175,229
246.200,216
246.225,197
246.250,173
246.275,156
246.300,150
246.325,154
246.350,156
246.375,150
246.400,139
246.425,130
246.450,126
246.475,124
246.500,114
246.525,97
246.550,81
246.575,80
246.600,99
246.625,131
246.650,167
246.675,195
246.700,210
246.725,211
246.750,201
246.775,184
246.800,166
246.825,155
246.850,154
246.875,162
246.900,170
246.925,174
246.950,171
246.975,165
247.000,160
247.025,155
247.050,143
247.075,121
247.100,96
247.125,83
247.150,96
247.175,132
247.200,174
247.225,205
247.250,216
247.275,216
247.300,215
247.325,217
247.350,219
247.375,215
247.400,207
247.425,201
247.450,199
247.475,197
247.500,188
247.525,175
247.550,165
247.575,164
247.600,166
247.625,158
247.650,133
247.675,102
247.700,85
247.725,95
247.750,130
247.775,171
247.800,203
247.825,220
247.850,227
247.875,229
247.900,227
247.925,219
247.950,209
247.975,204
248.000,207
248.025,215
248.050,219
248.075,212
248.100,197
248.125,183
248.150,178
248.175,177
248.200,173
248.225,163
248.250,150
248.275,135
248.300,118
248.325,97
248.350,75
248.375,68
248.400,88
248.425,129
248.450,169
248.475,187
248.500,181
248.525,170
248.550,171
248.575,183
248.600,189
248.625,179
248.650,163
248.675,157
248.700,168
248.725,180
248.750,178
248.775,163
248.800,148
248.825,142
248.850,141
248.875,136
248.900,126
248.925,121
248.950,124
248.975,122
249.000,104
249.025,76
249.050,65
249.075,88
249.100,132
249.125,160
249.150,151
249.175,127
249.200,136
249.225,206
249.250,317
249.275,420
249.300,473
249.325,471
249.350,434
249.375,390
249.400,348
249.425,306
249.450,262
249.475,219
249.500,184
249.525,162
249.550,148
249.575,136
249.600,118
249.625,96
249.650,74
249.675,58
249.700,43
249.725,24
249.750,1
249.775,-14
249.800,-7
249.825,25
249.850,74
249.875,122
249.900,158
249.925,183
249.950,198
249.975,201
250.000,197
250.025,194
250.050,205
250.075,229
250.100,256
250.125,282
250.150,320
250.175,384
250.200,464
250.225,520
250.250,512
250.275,437
250.300,331
250.325,238
250.350,170
250.375,110
250.400,48
250.425,-1
250.450,-11
250.475,22
250.500,76
250.525,124
250.550,157
250.575,181
250.600,191
250.625,170
250.650,115
250.675,53
250.700,27
250.725,57
250.750,120
250.775,176
250.800,206
250.825,222
250.850,235
250.875,235
250.900,204
250.925,139
250.950,65
250.975,8
251.000,-29
251.025,-69
251.050,-121
251.075,-171
251.100,-192
251.125,-176
251.150,-136
251.175,-93
251.200,-54
251.225,-12
251.250,32
251.275,73
251.300,101
251.325,116
251.350,131
251.375,154
251.400,182
251.425,211
251.450,240
251.475,271
251.500,305
251.525,333
251.550,344
251.575,335
251.600,313
251.625,285
251.650,261
251.675,252
251.700,264
251.725,298
251.750,341
251.775,372
251.800,381
251.825,372
251.850,357
251.875,349
251.900,348
251.925,349
251.950,347
251.975,343
252.000,337
252.025,330
252.050,320
252.075,305
252.100,288
252.125,270
252.150,255
252.175,240
252.200,221
252.225,192
252.250,153
252.275,111
252.300,81
252.325,77
252.350,99
252.375,130
252.400,149
252.425,146
252.450,128
252.475,111
252.500,107
252.525,113
252.550,118
252.575,115
252.600,109
252.625,105
252.650,108
252.675,110
252.700,105
252.725,90
252.750,72
252.775,58
252.800,50
252.825,38
252.850,16
252.875,-11
252.900,-26
252.925,-10
252.950,35
252.975,94
253.000,144
253.025,176
253.050,191
253.075,199
253.100,204
253.125,207
253.150,208
253.175,211
253.200,219
253.225,226
253.250,227
253.275,221
253.300,213
253.325,207
253.350,202
253.375,191
253.400,177
253.425,165
253.450,157
253.475,147
253.500,126
253.525,100
253.550,89
253.575,109
253.600,157
253.625,208
253.650,240
253.675,249
253.700,249
253.725,250
253.750,250
253.775,243
253.800,230
253.825,222
253.850,225
253.875,235
253.900,239
253.925,232
253.950,222
253.975,215
254.000,211
254.025,201
254.050,185
254.075,167
254.100,153
254.125,138
254.150,112
254.175,75
254.200,46
254.225,45
254.250,77
254.275,122
254.300,155
254.325,169
254.350,173
254.375,176
254.400,178
254.425,172
254.450,160
254.475,151
254.500,153
254.525,162
254.550,167
254.575,162
254.600,152
254.625,147
254.650,144
254.675,139
254.700,127
254.725,117
254.750,115
254.775,116
254.800,107
254.825,83
254.850,59
254.875,58
254.900,93
254.925,149
254.950,199
254.975,226
255.000,233
255.025,231
255.050,228
255.075,225
255.100,219
255.125,217
255.150,221
255.175,232
255.200,241
255.225,243
255.250,238
255.275,228
255.300,217
255.325,204
255.350,190
255.375,178
255.400,170
255.425,161
255.450,144
255.475,125
255.500,119
255.525,137
255.550,176
255.575,217
255.600,242
255.625,250
255.650,251
255.675,252
255.700,254
255.725,251
255.750,245
255.775,245
255.800,254
255.825,266
255.850,270
255.875,264
255.900,253
255.925,246
255.950,242
255.975,234
256.000,221
256.025,209
256.050,202
256.075,192
256.100,173
256.125,147
256.150,131
256.175,143
256.200,177
256.225,213
256.250,228
256.275,217
256.300,191
256.325,163
256.350,133
256.375,99
256.400,63
256.425,34
256.450,15
256.475,-2
256.500,-28
256.525,-60
256.550,-82
256.575,-84
256.600,-74
256.625,-71
256.650,-85
256.675,-111
256.700,-135
256.725,-157
256.750,-184
256.775,-220
256.800,-246
256.825,-233
256.850,-165
256.875,-56
256.900,60
256.925,165
256.950,253
256.975,335
257.000,408
257.025,462
257.050,486
257.075,487
257.100,482
257.125,488
257.150,502
257.175,513
257.200,508
257.225,489
257.250,465
257.275,443
257.300,424
257.325,402
257.350,373
257.375,338
257.400,305
257.425,273
257.450,241
257.475,206
257.500,172
257.525,150
257.550,147
257.575,162
257.600,182
257.625,192
257.650,187
257.675,170
257.700,151
257.725,136
257.750,126
257.775,120
257.800,117
257.825,115
257.850,110
257.875,101
257.900,90
257.925,82
257.950,80
257.975,79
258.000,75
258.025,65
258.050,55
258.075,49
258.100,45
258.125,35
258.150,18
258.175,3
258.200,6
258.225,34
258.250,79
258.275,123
258.300,158
258.325,186
258.350,217
258.375,248
258.400,271
258.425,275
258.450,267
258.475,263
258.500,277
258.525,302
258.550,321
258.575,318
258.600,300
258.625,283
258.650,276
258.675,275
258.700,265
258.725,245
258.750,225
258.775,213
258.800,205
258.825,188
258.850,154
258.875,118
258.900,103
258.925,121
258.950,159
258.975,190
259.000,198
259.025,186
259.050,172
259.075,162
259.100,153
259.125,136
259.150,112
259.175,91
259.200,83
259.225,85
259.250,86
259.275,79
259.300,66
259.325,59
259.350,60
259.375,64
259.400,62
259.425,50
259.450,33
259.475,22
259.500,19
259.525,22
259.550,22
259.575,22
259.600,30
259.625,54
259.650,95
259.675,141
259.700,181
259.725,212
259.750,236
259.775,260
259.800,283
259.825,300
259.850,308
259.875,309
259.900,309
259.925,308
259.950,303
259.975,291
260.000,271
260.025,248
260.050,227
260.075,212
260.100,205
260.125,204
260.150,205
260.175,203
260.200,195
260.225,184
260.250,170
260.275,151
260.300,123
260.325,88
260.350,62
260.375,59
260.400,85
260.425,128
260.450,165
260.475,184
260.500,186
260.525,181
260.550,179
260.575,180
260.600,184
260.625,188
260.650,193
260.675,198
260.700,199
260.725,194
260.750,186
260.775,178
260.800,170
260.825,165
260.850,162
260.875,162
260.900,162
260.925,159
260.950,153
260.975,150
261.000,155
261.025,163
261.050,163
261.075,150
261.100,137
261.125,142
261.150,176
261.175,227
261.200,269
261.225,289
261.250,291
261.275,295
261.300,308
261.325,322
261.350,322
261.375,304
261.400,277
261.425,255
261.450,241
261.475,229
261.500,211
261.525,185
261.550,158
261.575,133
261.600,111
261.625,83
261.650,46
261.675,1
261.700,-41
261.725,-75
261.750,-102
261.775,-125
261.800,-145
261.825,-152
261.850,-131
261.875,-79
261.900,-6
261.925,61
261.950,107
261.975,131
262.000,146
262.025,165
262.050,191
262.075,217
262.100,236
262.125,248
262.150,255
262.175,263
262.200,274
262.225,287
262.250,298
262.275,303
262.300,301
262.325,296
262.350,294
262.375,294
262.400,288
262.425,269
262.450,244
262.475,231
262.500,246
262.525,287
262.550,335
262.575,370
262.600,386
262.625,388
262.650,379
262.675,359
262.700,325
262.725,287
262.750,260
262.775,248
262.800,245
262.825,234
262.850,213
262.875,192
262.900,182
262.925,178
262.950,164
262.975,130
263.000,83
263.025,46
263.050,37
263.075,54
263.100,78
263.125,94
263.150,100
263.175,103
263.200,108
263.225,110
263.250,101
263.275,78
263.300,49
263.325,29
263.350,27
263.375,39
263.400,52
263.425,57
263.450,58
263.475,63
263.500,76
263.525,84
263.550,72
263.575,35
263.600,-7
263.625,-29
263.650,-12
263.675,34
263.700,87
263.725,124
263.750,143
263.775,157
263.800,173
263.825,186
263.850,186
263.875,172
263.900,157
263.925,156
263.950,169
263.975,182
264.000,184
264.025,178
264.050,179
264.075,195
264.100,216
264.125,227
264.150,219
264.175,206
264.200,209
264.225,240
264.250,288
264.275,334
264.300,363
264.325,373
264.350,370
264.375,358
264.400,337
264.425,310
264.450,286
264.475,273
264.500,271
264.525,271
264.550,262
264.575,238
264.600,204
264.625,172
264.650,150
264.675,135
264.700,118
264.725,89
264.750,50
264.775,15
264.800,6
264.825,30
264.850,78
264.875,131
264.900,172
264.925,196
264.950,206
264.975,209
265.000,209
265.025,207
265.050,206
265.075,208
265.100,215
265.125,222
265.150,227
265.175,226
265.200,221
265.225,213
265.250,203
265.275,193
265.300,183
265.325,170
265.350,149
265.375,121
265.400,100
265.425,101
265.450,131
265.475,176
265.500,208
265.525,209
265.550,185
265.575,157
265.600,144
265.625,147
265.650,151
265.675,146
265.700,132
265.725,116
265.750,106
265.775,98
265.800,91
265.825,85
265.850,85
265.875,92
265.900,99
265.925,94
265.950,77
265.975,59
266.000,59
266.025,88
266.050,138
266.075,190
266.100,223
266.125,233
266.150,231
266.175,230
266.200,234
266.225,240
266.250,241
266.275,243
266.300,253
266.325,266
266.350,272
266.375,258
266.400,230
266.425,206
266.450,196
266.475,192
266.500,172
266.525,132
266.550,91
266.575,79
266.600,105
266.625,150
266.650,185
266.675,197
266.700,195
266.725,196
266.750,205
266.775,210
266.800,203
266.825,191
266.850,184
266.875,187
266.900,194
266.925,195
266.950,189
266.975,179
267.000,169
267.025,157
267.050,140
267.075,118
267.100,93
267.125,68
267.150,44
267.175,29
267.200,36
267.225,69
267.250,117
267.275,160
267.300,185
267.325,193
267.350,198
267.375,206
267.400,213
267.425,214
267.450,210
267.475,210
267.500,217
267.525,225
267.550,223
267.575,212
267.600,201
267.625,199
267.650,199
267.675,189
267.700,166
267.725,143
267.750,131
267.775,126
267.800,110
267.825,75
267.850,39
267.875,28
267.900,59
267.925,116
267.950,168
267.975,195
268.000,204
268.025,211
268.050,226
268.075,240
268.100,241
268.125,231
268.150,223
268.175,226
268.200,235
268.225,238
268.250,232
268.275,222
268.300,217
268.325,214
268.350,209
268.375,199
268.400,190
268.425,184
268.450,177
268.475,161
268.500,135
268.525,111
268.550,97
268.575,88
268.600,70
268.625,43
268.650,23
268.675,36
268.700,84
268.725,147
268.750,194
268.775,213
268.800,216
268.825,220
268.850,228
268.875,233
268.900,227
268.925,218
268.950,215
268.975,220
269.000,227
269.025,226
269.050,221
269.075,216
269.100,212
269.125,207
269.150,197
269.175,187
269.200,180
269.225,172
269.250,161
269.275,145
269.300,131
269.325,120
269.350,105
269.375,78
269.400,46
269.425,28
269.450,43
269.475,89
269.500,143
269.525,179
269.550,192
269.575,193
269.600,198
269.625,207
269.650,211
269.675,207
269.700,202
269.725,204
269.750,215
269.775,225
269.800,226
269.825,218
269.850,206
269.875,199
269.900,195
269.925,191
269.950,182
269.975,166
270.000,146
270.025,130
270.050,119
270.075,111
270.100,96
270.125,73
270.150,53
270.175,57
270.200,92
270.225,148
270.250,198
270.275,223
270.300,224
270.325,221
270.350,226
270.375,237
270.400,241
270.425,233
270.450,222
270.475,218
270.500,221
270.525,222
270.550,213
270.575,198
270.600,187
270.625,184
270.650,179
270.675,165
270.700,143
270.725,123
270.750,109
270.775,94
270.800,66
270.825,31
270.850,13
270.875,32
270.900,86
270.925,149
270.950,193
270.975,211
271.000,216
271.025,226
271.050,240
271.075,248
271.100,241
271.125,227
271.150,222
271.175,230
271.200,239
271.225,236
271.250,221
271.275,206
271.300,201
271.325,200
271.350,191
271.375,170
271.400,146
271.425,129
271.450,120
271.475,105
271.500,77
271.525,48
271.550,42
271.575,70
271.600,122
271.625,171
271.650,200
271.675,210
271.700,215
271.725,222
271.750,228
271.775,225
271.800,214
271.825,205
271.850,205
271.875,214
271.900,221
271.925,219
271.950,207
271.975,194
272.000,184
272.025,175
272.050,162
272.075,140
272.100,113
272.125,91
272.150,79
272.175,70
272.200,54
272.225,29
272.250,9
272.275,14
272.300,53
272.325,112
272.350,163
272.375,188
272.400,193
272.425,197
272.450,210
272.475,225
272.500,229
272.525,219
272.550,209
272.575,213
272.600,229
272.625,239
272.650,232
272.675,213
272.700,198
272.725,194
272.750,193
272.775,185
272.800,171
272.825,160
272.850,156
272.875,149
272.900,130
272.925,108
272.950,103
272.975,133
273.000,187
273.025,240
273.050,270
273.075,278
273.100,280
273.125,287
273.150,295
273.175,296
273.200,295
273.225,301
273.250,318
273.275,332
273.300,327
273.325,301
273.350,265
273.375,228
273.400,190
273.425,143
273.450,88
273.475,38
273.500,3
273.525,-22
273.550,-52
273.575,-84
273.600,-100
273.625,-79
273.650,-26
273.675,33
273.700,76
273.725,101
273.750,121
273.775,145
273.800,163
273.825,166
273.850,159
273.875,157
273.900,169
273.925,185
273.950,188
273.975,176
274.000,169
274.025,182
274.050,208
274.075,226
274.100,226
274.125,222
274.150,231
274.175,252
274.200,258
274.225,228
274.250,171
274.275,123
274.300,113
274.325,141
274.350,181
274.375,211
274.400,227
274.425,243
274.450,267
274.475,295
274.500,317
274.525,326
274.550,324
274.575,315
274.600,300
274.625,277
274.650,243
274.675,202
274.700,163
274.725,136
274.750,121
274.775,113
274.800,101
274.825,81
274.850,60
274.875,50
274.900,49
274.925,46
274.950,30
274.975,9
275.000,5
275.025,34
275.050,86
275.075,136
275.100,165
275.125,178
275.150,189
275.175,208
275.200,226
275.225,229
275.250,218
275.275,205
275.300,204
275.325,214
275.350,223
275.375,223
275.400,214
275.425,202
275.450,191
275.475,184
275.500,183
275.525,186
275.550,187
275.575,179
275.600,162
275.625,143
275.650,128
275.675,113
275.700,92
275.725,69
275.750,62
275.775,88
275.800,142
275.825,196
275.850,222
275.875,218
275.900,207
275.925,209
275.950,224
275.975,234
276.000,229
276.025,217
276.050,213
276.075,222
276.100,232
276.125,230
276.150,216
276.175,201
276.200,193
276.225,188
276.250,179
276.275,164
276.300,151
276.325,142
276.350,134
276.375,116
276.400,87
276.425,61
276.450,53
276.475,71
276.500,108
276.525,146
276.550,174
276.575,193
276.600,211
276.625,228
276.650,240
276.675,241
276.700,231
276.725,224
276.750,230
276.775,246
276.800,259
276.825,257
276.850,243
276.875,227
276.900,217
276.925,211
276.950,199
276.975,178
277.000,155
277.025,141
277.050,132
277.075,117
277.100,88
277.125,55
277.150,42
277.175,62
277.200,104
277.225,146
277.250,169
277.275,174
277.300,177
277.325,187
277.350,200
277.375,203
277.400,192
277.425,179
277.450,175
277.475,182
277.500,188
277.525,180
277.550,162
277.575,147
277.600,143
277.625,143
277.650,131
277.675,104
277.700,73
277.725,53
277.750,41
277.775,24
277.800,-7
277.825,-40
277.850,-47
277.875,-10
277.900,56
277.925,124
277.950,172
277.975,200
278.000,225
278.025,254
278.050,283
278.075,300
278.100,305
278.125,306
278.150,312
278.175,324
278.200,340
278.225,353
278.250,361
278.275,361
278.300,353
278.325,338
278.350,322
278.375,305
278.400,283
278.425,253
278.450,212
278.475,159
278.500,93
278.525,10
278.550,-84
278.575,-169
278.600,-211
278.625,-192
278.650,-121
278.675,-30
278.700,52
278.725,120
278.750,175
278.775,221
278.800,252
278.825,264
278.850,262
278.875,261
278.900,267
278.925,278
278.950,285
278.975,286
279.000,285
279.025,285
279.050,284
279.075,280
279.100,272
279.125,264
279.150,253
279.175,238
279.200,222
279.225,211
279.250,212
279.275,216
279.300,210
279.325,191
279.350,176
279.375,184
279.400,214
279.425,243
279.450,248
279.475,228
279.500,205
279.525,196
279.550,196
279.575,185
279.600,157
279.625,126
279.650,112
279.675,112
279.700,109
279.725,92
279.750,71
279.775,63
279.800,70
279.825,77
279.850,71
279.875,58
279.900,57
279.925,72
279.950,83
279.975,71
280.000,40
280.025,23
280.050,44
280.075,98
280.100,155
280.125,193
280.150,213
280.175,232
280.200,255
280.225,269
280.250,261
280.275,235
280.300,209
280.325,195
280.350,187
280.375,176
280.400,159
280.425,144
280.450,137
280.475,132
280.500,122
280.525,107
280.550,92
280.575,78
280.600,62
280.625,43
280.650,31
280.675,42
280.700,80
280.725,132
280.750,175
280.775,200
280.800,213
280.825,224
280.850,235
280.875,240
280.900,237
280.925,233
280.950,236
280.975,246
281.000,256
281.025,259
281.050,255
281.075,248
281.100,238
281.125,222
281.150,204
281.175,188
281.200,175
281.225,158
281.250,131
281.275,100
281.300,83
281.325,97
281.350,134
281.375,176
281.400,203
281.425,217
281.450,227
281.475,241
281.500,254
281.525,255
281.550,244
281.575,229
281.600,221
281.625,219
281.650,215
281.675,203
281.700,184
281.725,165
281.750,152
281.775,142
281.800,128
281.825,106
281.850,78
281.875,56
281.900,45
281.925,42
281.950,36
281.975,18
282.000,-1
282.025,-1
282.050,31
282.075,89
282.100,147
282.125,182
282.150,198
282.175,212
282.200,234
282.225,257
282.250,264
282.275,256
282.300,247
282.325,251
282.350,266
282.375,278
282.400,279
282.425,276
282.450,278
282.475,282
282.500,279
282.525,264
282.550,245
282.575,233
282.600,225
282.625,214
282.650,195
282.675,177
282.700,168
282.725,161
282.750,140
282.775,104
282.800,76
282.825,84
282.850,130
282.875,186
282.900,223
282.925,237
282.950,247
282.975,263
283.000,268
283.025,240
283.050,178
283.075,111
283.100,74
283.125,75
283.150,95
283.175,110
283.200,116
283.225,124
283.250,142
283.275,160
283.300,168
283.325,163
283.350,155
283.375,149
283.400,144
283.425,138
283.450,130
283.475,121
283.500,106
283.525,81
283.550,50
283.575,30
283.600,39
283.625,76
283.650,122
283.675,155
283.700,167
283.725,171
283.750,178
283.775,185
283.800,182
283.825,166
283.850,147
283.875,137
283.900,142
283.925,152
283.950,155
283.975,146
284.000,132
284.025,121
284.050,113
284.075,102
284.100,85
284.125,65
284.150,48
284.175,38
284.200,28
284.225,11
284.250,-10
284.275,-27
284.300,-20
284.325,15
284.350,71
284.375,126
284.400,167
284.425,194
284.450,217
284.475,244
284.500,270
284.525,285
284.550,289
284.575,292
284.600,305
284.625,328
284.650,349
284.675,356
284.700,351
284.725,346
284.750,353
284.775,367
284.800,378
284.825,377
284.850,368
284.875,362
284.900,363
284.925,367
284.950,362
284.975,351
285.000,348
285.025,365
285.050,402
285.075,439
285.100,457
285.125,452
285.150,438
285.175,434
285.200,439
285.225,442
285.250,426
285.275,390
285.300,342
285.325,293
285.350,246
285.375,195
285.400,136
285.425,72
285.450,8
285.475,-48
285.500,-93
285.525,-121
285.550,-138
285.575,-154
285.600,-182
285.625,-224
285.650,-259
285.675,-264
285.700,-229
285.725,-174
285.750,-128
285.775,-107
285.800,-100
285.825,-87
285.850,-60
285.875,-33
285.900,-19
285.925,-19
285.950,-18
285.975,-5
286.000,15
286.025,30
286.050,31
286.075,22
286.100,15
286.125,16
286.150,25
286.175,39
286.200,57
286.225,79
286.250,101
286.275,119
286.300,136
286.325,162
286.350,203
286.375,258
286.400,310
286.425,347
286.450,367
286.475,376
286.500,379
286.525,376
286.550,363
286.575,345
286.600,332
286.625,335
286.650,350
286.675,367
286.700,373
286.725,367
286.750,350
286.775,325
286.800,290
286.825,249
286.850,211
286.875,187
286.900,177
286.925,167
286.950,141
286.975,100
287.000,67
287.025,62
287.050,88
287.075,125
287.100,150
287.125,158
287.150,161
287.175,173
287.200,192
287.225,204
287.250,201
287.275,189
287.300,184
287.325,191
287.350,202
287.375,206
287.400,202
287.425,194
287.450,188
287.475,184
287.500,178
287.525,170
287.550,163
287.575,162
287.600,168
287.625,176
287.650,177
287.675,171
287.700,164
287.725,173
287.750,211
287.775,277
287.800,349
287.825,406
287.850,441
287.875,474
287.900,526
287.925,592
287.950,637
287.975,627
288.000,566
288.025,496
288.050,457
288.075,448
288.100,427
288.125,356
288.150,237
288.175,112
288.200,19
288.225,-34
288.250,-72
288.275,-110
288.300,-143
288.325,-159
288.350,-159
288.375,-166
288.400,-200
288.425,-260
288.450,-320
288.475,-349
288.500,-333
288.525,-279
288.550,-206
288.575,-133
288.600,-74
288.625,-31
288.650,-1
288.675,20
288.700,41
288.725,62
288.750,85
288.775,112
288.800,143
288.825,172
288.850,192
288.875,200
288.900,202
288.925,209
288.950,228
288.975,254
289.000,276
289.025,287
289.050,290
289.075,289
289.100,290
289.125,289
289.150,282
289.175,266
289.200,240
289.225,210
289.250,182
289.275,167
289.300,171
289.325,196
289.350,231
289.375,257
289.400,264
289.425,253
289.450,239
289.475,234
289.500,242
289.525,251
289.550,251
289.575,245
289.600,242
289.625,253
289.650,272
289.675,285
289.700,283
289.725,271
289.750,264
289.775,265
289.800,265
289.825,244
289.850,200
289.875,153
289.900,124
289.925,114
289.950,103
289.975,71
290.000,26
290.025,0
290.050,18
290.075,72
290.100,128
290.125,156
290.150,159
290.175,159
290.200,174
290.225,194
290.250,201
290.275,188
290.300,168
290.325,160
290.350,165
290.375,173
290.400,172
290.425,166
290.450,166
290.475,175
290.500,185
290.525,183
290.550,172
290.575,163
290.600,162
290.625,165
290.650,159
290.675,145
290.700,135
290.725,147
290.750,182
290.775,224
290.800,256
290.825,270
290.850,273
290.875,275
290.900,276
290.925,271
290.950,253
290.975,230
291.000,212
291.025,206
291.050,206
291.075,200
291.100,183
291.125,159
291.150,135
291.175,117
291.200,101
291.225,87
291.250,76
291.275,69
291.300,65
291.325,55
291.350,31
291.375,1
291.400,-17
291.425,-9
291.450,26
291.475,77
291.500,124
291.525,157
291.550,178
291.575,195
291.600,211
291.625,223
291.650,227
291.675,224
291.700,217
291.725,213
291.750,216
291.775,221
291.800,225
291.825,222
291.850,214
291.875,207
291.900,202
291.925,199
291.950,192
291.975,179
292.000,162
292.025,145
292.050,127
292.075,103
292.100,72
292.125,41
292.150,29
292.175,49
292.200,96
292.225,149
292.250,188
292.275,208
292.300,219
292.325,233
292.350,248
292.375,257
292.400,254
292.425,245
292.450,242
292.475,246
292.500,252
292.525,249
292.550,237
292.575,223
292.600,213
292.625,205
292.650,191
292.675,169
292.700,145
292.725,127
292.750,115
292.775,100
292.800,73
292.825,38
292.850,12
292.875,10
292.900,37
292.925,82
292.950,129
292.975,167
293.000,195
293.025,216
293.050,230
293.075,238
293.100,239
293.125,239
293.150,241
293.175,249
293.200,260
293.225,265
293.250,263
293.275,252
293.300,238
293.325,224
293.350,209
293.375,191
293.400,170
293.425,150
293.450,133
293.475,117
293.500,94
293.525,62
293.550,33
293.575,24
293.600,45
293.625,89
293.650,135
293.675,169
293.700,188
293.725,202
293.750,213
293.775,216
293.800,208
293.825,194
293.850,186
293.875,191
293.900,202
293.925,206
293.950,200
293.975,189
294.000,181
294.025,177
294.050,172
294.075,165
294.100,156
294.125,144
294.150,126
294.175,100
294.200,79
294.225,79
294.250,105
294.275,146
294.300,180
294.325,197
294.350,203
294.375,209
294.400,219
294.425,224
294.450,218
294.475,204
294.500,195
294.525,196
294.550,203
294.575,204
294.600,196
294.625,181
294.650,166
294.675,153
294.700,143
294.725,131
294.750,114
294.775,92
294.800,69
294.825,57
294.850,66
294.875,97
294.900,138
294.925,171
294.950,192
294.975,206
295.000,219
295.025,231
295.050,236
295.075,231
295.100,223
295.125,222
295.150,228
295.175,230
295.200,220
295.225,199
295.250,178
295.275,164
295.300,155
295.325,145
295.350,132
295.375,115
295.400,95
295.425,74
295.450,57
295.475,54
295.500,75
295.525,115
295.550,158
295.575,189
295.600,207
295.625,220
295.650,234
295.675,242
295.700,239
295.725,228
295.750,221
295.775,225
295.800,233
295.825,234
295.850,223
295.875,208
295.900,200
295.925,198
295.950,191
295.975,174
296.000,151
296.025,132
296.050,116
296.075,97
296.100,71
296.125,51
296.150,53
296.175,85
296.200,131
296.225,167
296.250,185
296.275,191
296.300,199
296.325,210
296.350,216
296.375,210
296.400,198
296.425,194
296.450,203
296.475,215
296.500,218
296.525,209
296.550,195
296.575,187
296.600,182
296.625,174
296.650,160
296.675,147
296.700,141
296.725,138
296.750,127
296.775,103
296.800,75
296.825,63
296.850,78
296.875,111
296.900,146
296.925,169
296.950,181
296.975,191
297.000,202
297.025,210
297.050,210
297.075,203
297.100,197
297.125,198
297.150,205
297.175,211
297.200,211
297.225,203
297.250,192
297.275,180
297.300,169
297.325,157
297.350,145
297.375,132
297.400,122
297.425,115
297.450,107
297.475,92
297.500,68
297.525,43
297.550,32
297.575,46
297.600,80
297.625,118
297.650,143
297.675,156
297.700,167
297.725,186
297.750,206
297.775,215
297.800,210
297.825,202
297.850,202
297.875,214
297.900,226
297.925,228
297.950,221
297.975,214
298.000,214
298.025,218
298.050,220
298.075,220
298.100,223
298.125,228
298.150,230
298.175,224
298.200,212
298.225,204
298.250,203
298.275,203
298.300,195
298.325,178
298.350,163
298.375,161
298.400,171
298.425,182
298.450,189
298.475,194
298.500,205
298.525,222
298.550,232
298.575,227
298.600,209
298.625,191
298.650,186
298.675,190
298.700,193
298.725,186
298.750,173
298.775,160
298.800,150
298.825,137
298.850,122
298.875,110
298.900,105
298.925,106
298.950,99
298.975,80
299.000,58
299.025,54
299.050,74
299.075,100
299.100,106
299.125,81
299.150,42
299.175,22
299.200,39
299.225,82
299.250,125
299.275,152
299.300,165
299.325,177
299.350,192
299.375,206
299.400,211
299.425,211
299.450,216
299.475,230
299.500,243
299.525,243
299.550,230
299.575,216
299.600,216
299.625,230
299.650,243
299.675,240
299.700,221
299.725,199
299.750,187
299.775,182
299.800,169
299.825,140
299.850,106
299.875,91
299.900,108
299.925,148
299.950,186
299.975,207
300.000,215
300.025,222
300.050,233
300.075,237
300.100,227
300.125,205
300.150,188
300.175,184
300.200,188
300.225,186
300.250,171
300.275,152
300.300,140
300.325,135
300.350,131
300.375,121
300.400,108
300.425,97
300.450,85
300.475,69
300.500,54
300.525,51
300.550,72
300.575,112
300.600,154
300.625,182
300.650,198
300.675,213
300.700,231
300.725,247
300.750,250
300.775,239
300.800,222
300.825,210
300.850,204
300.875,200
300.900,192
300.925,178
300.950,162
300.975,146
301.000,132
301.025,120
301.050,105
301.075,84
301.100,57
301.125,40
301.150,49
301.175,87
301.200,137
301.225,177
301.250,196
301.275,205
301.300,219
301.325,241
301.350,253
301.375,247
301.400,230
301.425,223
301.450,237
301.475,263
301.500,278
301.525,271
301.550,249
301.575,226
301.600,208
301.625,194
301.650,178
301.675,157
301.700,129
301.725,97
301.750,65
301.775,47
301.800,52
301.825,82
301.850,119
301.875,147
301.900,161
301.925,173
301.950,191
301.975,213
302.000,227
302.025,228
302.050,221
302.075,218
302.100,225
302.125,239
302.150,252
302.175,260
302.200,259
302.225,248
302.250,225
302.275,195
302.300,167
302.325,145
302.350,129
302.375,112
302.400,87
302.425,56
302.450,29
302.475,16
302.500,25
302.525,54
302.550,95
302.575,134
302.600,162
302.625,181
302.650,196
302.675,214
302.700,230
302.725,237
302.750,235
302.775,229
302.800,228
302.825,226
302.850,217
302.875,197
302.900,174
302.925,161
302.950,155
302.975,148
303.000,130
303.025,107
303.050,93
303.075,90
303.100,85
303.125,71
303.150,54
303.175,57
303.200,89
303.225,142
303.250,190
303.275,219
303.300,233
303.325,243
303.350,250
303.375,248
303.400,233
303.425,212
303.450,192
303.475,177
303.500,164
303.525,153
303.550,149
303.575,150
303.600,152
303.625,147
303.650,137
303.675,132
303.700,136
303.725,138
303.750,128
303.775,107
303.800,95
303.825,111
303.850,154
303.875,199
303.900,227
303.925,234
303.950,234
303.975,237
304.000,241
304.025,240
304.050,232
304.075,222
304.100,218
304.125,219
304.150,220
304.175,216
304.200,206
304.225,191
304.250,176
304.275,164
304.300,156
304.325,146
304.350,126
304.375,92
304.400,60
304.425,51
304.450,75
304.475,121
304.500,166
304.525,196
304.550,212
304.575,226
304.600,238
304.625,239
304.650,226
304.675,207
304.700,196
304.725,197
304.750,202
304.775,199
304.800,187
304.825,174
304.850,164
304.875,155
304.900,140
304.925,124
304.950,113
304.975,106
305.000,96
305.025,77
305.050,59
305.075,63
305.100,98
305.125,149
305.150,192
305.175,213
305.200,220
305.225,229
305.250,242
305.275,251
305.300,244
305.325,226
305.350,208
305.375,196
305.400,184
305.425,167
305.450,149
305.475,138
305.500,134
305.525,126
305.550,106
305.575,81
305.600,66
305.625,66
305.650,70
305.675,62
305.700,40
305.725,26
305.750,41
305.775,89
305.800,150
305.825,198
305.850,225
305.875,237
305.900,246
305.925,256
305.950,264
305.975,267
306.000,266
306.025,265
306.050,263
306.075,258
306.100,252
306.125,246
306.150,242
306.175,240
306.200,235
306.225,225
306.250,207
306.275,183
306.300,156
306.325,132
306.350,111
306.375,91
306.400,64
306.425,29
306.450,0
306.475,-6
306.500,20
306.525,71
306.550,123
306.575,158
306.600,174
306.625,184
306.650,196
306.675,211
306.700,218
306.725,216
306.750,211
306.775,211
306.800,217
306.825,224
306.850,226
306.875,223
306.900,221
306.925,224
306.950,229
306.975,233
307.000,230
307.025,224
307.050,219
307.075,219
307.100,223
307.125,222
307.150,207
307.175,180
307.200,154
307.225,147
307.250,162
307.275,186
307.300,198
307.325,187
307.350,161
307.375,138
307.400,126
307.425,118
307.450,101
307.475,74
307.500,54
307.525,57
307.550,83
307.575,115
307.600,134
307.625,137
307.650,133
307.675,133
307.700,138
307.725,143
307.750,143
307.775,144
307.800,147
307.825,148
307.850,139
307.875,123
307.900,113
307.925,127
307.950,168
307.975,218
308.000,254
308.025,268
308.050,266
308.075,265
308.100,268
308.125,270
308.150,263
308.175,247
308.200,230
308.225,215
308.250,205
308.275,195
308.300,187
308.325,180
308.350,170
308.375,154
308.400,136
308.425,126
308.450,128
308.475,132
308.500,118
308.525,78
308.550,28
308.575,0
308.600,14
308.625,58
308.650,105
308.675,137
308.700,154
308.725,168
308.750,183
308.775,191
308.800,189
308.825,186
308.850,194
308.875,212
308.900,227
308.925,231
308.950,225
308.975,219
309.000,216
309.025,204
309.050,178
309.075,142
309.100,115
309.125,101
309.150,87
309.175,61
309.200,26
309.225,7
309.250,23
309.275,64
309.300,106
309.325,126
309.350,129
309.375,132
309.400,144
309.425,158
309.450,163
309.475,158
309.500,154
309.525,158
309.550,167
309.575,171
309.600,165
309.625,154
309.650,145
309.675,139
309.700,134
309.725,129
309.750,129
309.775,136
309.800,144
309.825,145
309.850,139
309.875,134
309.900,147
309.925,183
309.950,239
309.975,301
310.000,358
310.025,407
310.050,447
310.075,478
310.100,497
310.125,501
310.150,497
310.175,493
310.200,495
310.225,502
310.250,498
310.275,471
310.300,421
310.325,366
310.350,320
310.375,282
310.400,237
310.425,175
310.450,102
310.475,38
310.500,-1
310.525,-26
310.550,-50
310.575,-78
310.600,-96
310.625,-89
310.650,-59
310.675,-24
310.700,-1
310.725,9
310.750,19
310.775,30
310.800,36
310.825,32
310.850,22
310.875,18
310.900,28
310.925,46
310.950,61
310.975,74
311.000,91
311.025,116
311.050,142
311.075,158
311.100,158
311.125,147
311.150,132
311.175,115
311.200,93
311.225,63
311.250,31
311.275,2
311.300,-16
311.325,-19
311.350,-2
311.375,35
311.400,86
311.425,131
311.450,160
311.475,174
311.500,185
311.525,200
311.550,217
311.575,230
311.600,238
311.625,248
311.650,263
311.675,280
311.700,291
311.725,294
311.750,295
311.775,297
311.800,297
311.825,292
311.850,280
311.875,268
311.900,261
311.925,253
311.950,235
311.975,209
312.000,189
312.025,191
312.050,218
312.075,255
312.100,285
312.125,301
312.150,310
312.175,320
312.200,329
312.225,332
312.250,329
312.275,328
312.300,331
312.325,331
312.350,318
312.375,286
312.400,241
312.425,191
312.450,142
312.475,97
312.500,59
312.525,33
312.550,17
312.575,1
312.600,-23
312.625,-57
312.650,-82
312.675,-80
312.700,-47
312.725,-2
312.750,31
312.775,48
312.800,57
312.825,73
312.850,96
312.875,116
312.900,125
312.925,131
312.950,148
312.975,181
313.000,218
313.025,245
313.050,258
313.075,266
313.100,276
313.125,281
313.150,269
313.175,239
313.200,206
313.225,190
313.250,188
313.275,180
313.300,147
313.325,95
313.350,53
313.375,49
313.400,82
313.425,130
313.450,169
313.475,190
313.500,205
313.525,224
313.550,243
313.575,254
313.600,251
313.625,239
313.650,231
313.675,231
313.700,239
313.725,246
313.750,244
313.775,233
313.800,215
313.825,199
313.850,187
313.875,175
313.900,155
313.925,126
313.950,95
313.975,71
314.000,55
314.025,39
314.050,17
314.075,-2
314.100,-5
314.125,20
314.150,62
314.175,100
314.200,123
314.225,140
314.250,166
314.275,205
314.300,244
314.325,268
314.350,275
314.375,274
314.400,276
314.425,280
314.450,282
314.475,277
314.500,268
314.525,256
314.550,239
314.575,216
314.600,192
314.625,173
314.650,159
314.675,142
314.700,117
314.725,85
314.750,54
314.775,29
314.800,4
314.825,-23
314.850,-45
314.875,-44
314.900,-16
314.925,29
314.950,70
314.975,97
315.000,115
315.025,139
315.050,169
315.075,193
315.100,200
315.125,197
315.150,197
315.175,209
315.200,227
315.225,239
315.250,239
315.275,233
315.300,232
315.325,236
315.350,240
315.375,239
315.400,239
315.425,243
315.450,252
315.475,257
315.500,253
315.525,244
315.550,241
315.575,248
315.600,262
315.625,274
315.650,279
315.675,278
315.700,279
315.725,288
315.750,304
315.775,322
315.800,336
315.825,340
315.850,334
315.875,319
315.900,300
315.925,281
315.950,264
315.975,248
316.000,232
316.025,216
316.050,195
316.075,166
316.100,128
316.125,87
316.150,50
316.175,21
316.200,-5
316.225,-35
316.250,-65
316.275,-85
316.300,-90
316.325,-87
316.350,-91
316.375,-108
316.400,-122
316.425,-107
316.450,-56
316.475,13
316.500,69
316.525,97
316.550,109
316.575,128
316.600,163
316.625,199
316.650,220
316.675,222
316.700,216
316.725,215
316.750,216
316.775,215
316.800,213
316.825,219
316.850,238
316.875,255
316.900,253
316.925,230
316.950,202
316.975,184
317.000,174
317.025,150
317.050,102
317.075,51
317.100,32
317.125,64
317.150,128
317.175,188
317.200,225
317.225,243
317.250,260
317.275,279
317.300,290
317.325,283
317.350,266
317.375,252
317.400,252
317.425,257
317.450,255
317.475,242
317.500,221
317.525,201
317.550,184
317.575,169
317.600,154
317.625,136
317.650,110
317.675,77
317.700,44
317.725,32
317.750,52
317.775,98
317.800,147
317.825,179
317.850,192
317.875,201
317.900,214
317.925,227
317.950,228
317.975,216
318.000,203
318.025,201
318.050,210
318.075,222
318.100,227
318.125,225
318.150,217
318.175,205
318.200,188
318.225,170
318.250,156
318.275,142
318.300,123
318.325,98
318.350,79
318.375,85
318.400,123
318.425,177
318.450,224
318.475,251
318.500,262
318.525,268
318.550,269
318.575,262
318.600,244
318.625,224
318.650,214
318.675,213
318.700,208
318.725,193
318.750,171
318.775,153
318.800,144
318.825,136
318.850,122
318.875,105
318.900,90
318.925,79
318.950,65
318.975,44
319.000,28
319.025,36
319.050,73
319.075,125
319.100,166
319.125,185
319.150,192
319.175,204
319.200,225
319.225,240
319.250,238
319.275,227
319.300,222
319.325,232
319.350,245
319.375,241
319.400,217
319.425,187
319.450,170
319.475,168
319.500,164
319.525,147
319.550,117
319.575,88
319.600,67
319.625,48
319.650,26
319.675,5
319.700,2
319.725,28
319.750,73
319.775,112
319.800,128
319.825,124
319.850,118
319.875,124
319.900,138
319.925,149
319.950,155
319.975,162
320.000,177
320.025,198
320.050,213
320.075,215
320.100,206
320.125,195
320.150,185
320.175,172
320.200,154
320.225,139
320.250,133
320.275,137
320.300,142
320.325,138
320.350,130
320.375,139
320.400,184
320.425,264
320.450,352
320.475,419
320.500,450
320.525,454
320.550,453
320.575,457
320.600,463
320.625,460
320.650,442
320.675,416
320.700,390
320.725,368
320.750,348
320.775,323
320.800,287
320.825,233
320.850,155
320.875,60
320.900,-32
320.925,-96
320.950,-120
320.975,-117
321.000,-117
321.025,-136
321.050,-168
321.075,-181
321.100,-156
321.125,-95
321.150,-22
321.175,39
321.200,84
321.225,120
321.250,153
321.275,180
321.300,196
321.325,199
321.350,197
321.375,199
321.400,204
321.425,208
321.450,206
321.475,199
321.500,194
321.525,195
321.550,199
321.575,196
321.600,180
321.625,153
321.650,126
321.675,108
321.700,102
321.725,101
321.750,95
321.775,82
321.800,70
321.825,73
321.850,100
321.875,148
321.900,204
321.925,253
321.950,288
321.975,313
322.000,334
322.025,352
322.050,362
322.075,359
322.100,346
322.125,330
322.150,318
322.175,311
322.200,301
322.225,282
322.250,252
322.275,216
322.300,176
322.325,137
322.350,102
322.375,75
322.400,58
322.425,44
322.450,24
322.475,-1
322.500,-21
322.525,-20
322.550,9
322.575,52
322.600,90
322.625,113
322.650,128
322.675,147
322.700,172
322.725,191
322.750,195
322.775,188
322.800,182
322.825,188
322.850,201
322.875,209
322.900,207
322.925,200
322.950,193
322.975,189
323.000,183
323.025,176
323.050,169
323.075,161
323.100,148
323.125,128
323.150,113
323.175,118
323.200,149
323.225,194
323.250,231
323.275,246
323.300,246
323.325,244
323.350,244
323.375,241
323.400,227
323.425,205
323.450,187
323.475,178
323.500,177
323.525,174
323.550,168
323.575,158
323.600,147
323.625,135
323.650,121
323.675,107
323.700,94
323.725,76
323.750,52
323.775,29
323.800,24
323.825,48
323.850,95
323.875,142
323.900,174
323.925,191
323.950,205
323.975,222
324.000,234
324.025,232
324.050,221
324.075,214
324.100,222
324.125,236
324.150,240
324.175,229
324.200,212
324.225,201
324.250,197
324.275,191
324.300,178
324.325,163
324.350,153
324.375,144
324.400,125
324.425,95
324.450,70
324.475,72
324.500,105
324.525,153
324.550,192
324.575,216
324.600,229
324.625,241
324.650,250
324.675,246
324.700,229
324.725,208
324.750,197
324.775,197
324.800,199
324.825,196
324.850,189
324.875,183
324.900,180
324.925,177
324.950,170
324.975,158
325.000,146
325.025,141
325.050,140
325.075,138
325.100,126
325.125,103
325.150,76
325.175,59
325.200,65
325.225,96
325.250,142
325.275,184
325.300,213
325.325,230
325.350,243
325.375,250
325.400,247
325.425,231
325.450,214
325.475,208
325.500,214
325.525,218
325.550,204
325.575,171
325.600,135
325.625,117
325.650,119
325.675,125
325.700,123
325.725,113
325.750,102
325.775,95
325.800,89
325.825,79
325.850,74
325.875,83
325.900,110
325.925,143
325.950,169
325.975,183
326.000,192
326.025,202
326.050,208
326.075,204
326.100,192
326.125,185
326.150,192
326.175,204
326.200,209
326.225,200
326.250,190
326.275,190
326.300,199
326.325,203
326.350,194
326.375,178
326.400,164
326.425,153
326.450,134
326.475,103
326.500,76
326.525,73
326.550,102
326.575,144
326.600,176
326.625,188
326.650,193
326.675,203
326.700,215
326.725,215
326.750,198
326.775,176
326.800,165
326.825,172
326.850,187
326.875,199
326.900,203
326.925,204
326.950,204
326.975,199
327.000,189
327.025,176
327.050,165
327.075,154
327.100,141
327.125,126
327.150,121
327.175,132
327.200,159
327.225,189
327.250,213
327.275,227
327.300,235
327.325,239
327.350,237
327.375,229
327.400,220
327.425,212
327.450,203
327.475,186
327.500,160
327.525,132
327.550,110
327.575,95
327.600,79
327.625,61
327.650,44
327.675,35
327.700,29
327.725,15
327.750,-6
327.775,-17
327.800,4
327.825,60
327.850,123
327.875,166
327.900,182
327.925,194
327.950,221
327.975,260
328.000,285
328.025,280
328.050,256
328.075,240
328.100,244
328.125,257
328.150,258
328.175,242
328.200,226
328.225,224
328.250,231
328.275,230
328.300,210
328.325,181
328.350,160
328.375,149
328.400,133
328.425,103
328.450,72
328.475,63
328.500,89
328.525,140
328.550,188
328.575,218
328.600,236
328.625,253
328.650,272
328.675,282
328.700,279
328.725,268
328.750,262
328.775,265
328.800,269
328.825,264
328.850,250
328.875,234
328.900,224
328.925,217
328.950,210
328.975,201
329.000,190
329.025,177
329.050,162
329.075,143
329.100,127
329.125,115
329.150,102
329.175,75
329.200,32
329.225,-10
329.250,-31
329.275,-15
329.300,25
329.325,69
329.350,98
329.375,112
329.400,122
329.425,134
329.450,146
329.475,152
329.500,157
329.525,169
329.550,190
329.575,213
329.600,227
329.625,225
329.650,214
329.675,203
329.700,195
329.725,186
329.750,173
329.775,156
329.800,143
329.825,137
329.850,132
329.875,123
329.900,110
329.925,99
329.950,94
329.975,89
330.000,76
330.025,54
330.050,39
330.075,48
330.100,87
330.125,142
330.150,188
330.175,215
330.200,230
330.225,246
330.250,266
330.275,281
330.300,284
330.325,278
330.350,274
330.375,278
330.400,284
330.425,285
330.450,278
330.475,269
330.500,261
330.525,254
330.550,245
330.575,234
330.600,223
330.625,210
330.650,192
330.675,170
330.700,149
330.725,136
330.750,124
330.775,103
330.800,70
330.825,40
330.850,33
330.875,58
330.900,99
330.925,133
330.950,149
330.975,158
331.000,170
331.025,186
331.050,195
331.075,189
331.100,178
331.125,174
331.150,183
331.175,197
331.200,201
331.225,192
331.250,181
331.275,177
331.300,181
331.325,184
331.350,178
331.375,162
331.400,145
331.425,133
331.450,127
331.475,119
331.500,102
331.525,73
331.550,45
331.575,32
331.600,45
331.625,78
331.650,117
331.675,150
331.700,174
331.725,194
331.750,212
331.775,224
331.800,227
331.825,223
331.850,221
331.875,228
331.900,241
331.925,249
331.950,244
331.975,227
332.000,210
332.025,201
332.050,201
332.075,199
332.100,186
332.125,164
332.150,141
332.175,126
332.200,121
332.225,113
332.250,92
332.275,60
332.300,36
332.325,39
332.350,74
332.375,125
332.400,169
332.425,195
332.450,211
332.475,230
332.500,255
332.525,274
332.550,277
332.575,267
332.600,257
332.625,259
332.650,272
332.675,283
332.700,282
332.725,271
332.750,257
332.775,246
332.800,236
332.825,224
332.850,204
332.875,175
332.900,141
332.925,109
332.950,84
332.975,66
333.000,44
333.025,13
333.050,-22
333.075,-41
333.100,-26
333.125,17
333.150,68
333.175,104
333.200,122
333.225,138
333.250,163
333.275,188
333.300,195
333.325,175
333.350,139
333.375,106
333.400,85
333.425,72
333.450,59
333.475,46
333.500,42
333.525,51
333.550,70
333.575,92
333.600,116
333.625,145
333.650,175
333.675,198
333.700,208
333.725,209
333.750,208
333.775,206
333.800,195
333.825,170
333.850,143
333.875,135
333.900,160
333.925,210
333.950,266
333.975,310
334.000,344
334.025,371
334.050,396
334.075,413
334.100,422
334.125,424
334.150,428
334.175,435
334.200,442
334.225,446
334.250,442
334.275,427
334.300,396
334.325,347
334.350,286
334.375,223
334.400,167
334.425,116
334.450,68
334.475,24
334.500,-7
334.525,-23
334.550,-31
334.575,-42
334.600,-58
334.625,-68
334.650,-56
334.675,-21
334.700,23
334.725,60
334.750,84
334.775,103
334.800,126
334.825,150
334.850,163
334.875,160
334.900,147
334.925,138
334.950,143
334.975,157
335.000,167
335.025,167
335.050,160
335.075,154
335.100,152
335.125,149
335.150,136
335.175,116
335.200,101
335.225,100
335.250,103
335.275,92
335.300,57
335.325,12
335.350,-8
335.375,15
335.400,75
335.425,135
335.450,169
335.475,176
335.500,176
335.525,180
335.550,184
335.575,173
335.600,151
335.625,135
335.650,142
335.675,167
335.700,189
335.725,188
335.750,164
335.775,139
335.800,132
335.825,147
335.850,172
335.875,192
335.900,200
335.925,202
335.950,204
335.975,205
336.000,197
336.025,176
336.050,149
336.075,139
336.100,161
336.125,208
336.150,258
336.175,287
336.200,292
336.225,293
336.250,308
336.275,333
336.300,349
336.325,345
336.350,326
336.375,313
336.400,314
336.425,317
336.450,306
336.475,277
336.500,246
336.525,227
336.550,218
336.575,207
336.600,184
336.625,156
336.650,134
336.675,120
336.700,101
336.725,68
336.750,28
336.775,1
336.800,2
336.825,29
336.850,64
336.875,92
336.900,110
336.925,124
336.950,139
336.975,151
337.000,154
337.025,149
337.050,143
337.075,143
337.100,150
337.125,159
337.150,164
337.175,163
337.200,155
337.225,142
337.250,127
337.275,114
337.300,110
337.325,116
337.350,125
337.375,124
337.400,108
337.425,87
337.450,77
337.475,88
337.500,115
337.525,142
337.550,158
337.575,166
337.600,177
337.625,197
337.650,218
337.675,232
337.700,233
337.725,228
337.750,227
337.775,235
337.800,248
337.825,256
337.850,254
337.875,242
337.900,228
337.925,217
337.950,209
337.975,198
338.000,182
338.025,161
338.050,142
338.075,130
338.100,121
338.125,107
338.150,85
338.175,65
338.200,64
338.225,89
338.250,130
338.275,165
338.300,183
338.325,190
338.350,201
338.375,221
338.400,237
338.425,236
338.450,216
338.475,193
338.500,186
338.525,197
338.550,213
338.575,218
338.600,206
338.625,187
338.650,170
338.675,161
338.700,159
338.725,158
338.750,152
338.775,138
338.800,117
338.825,94
338.850,73
338.875,58
338.900,49
338.925,49
338.950,61
338.975,93
339.000,141
339.025,194
339.050,240
339.075,272
339.100,297
339.125,317
339.150,330
339.175,332
339.200,324
339.225,314
339.250,311
339.275,310
339.300,299
339.325,272
339.350,234
339.375,198
339.400,173
339.425,155
339.450,137
339.475,115
339.500,86
339.525,47
339.550,-4
339.575,-64
339.600,-114
339.625,-138
339.650,-134
339.675,-114
339.700,-88
339.725,-51
339.750,10
339.775,101
339.800,198
339.825,272
339.850,309
339.875,324
339.900,336
339.925,354
339.950,365
339.975,357
340.000,332
340.025,301
340.050,271
340.075,239
340.100,202
340.125,164
340.150,135
340.175,113
340.200,87
340.225,51
340.250,17
340.275,7
340.300,35
340.325,87
340.350,137
340.375,166
340.400,178
340.425,188
340.450,203
340.475,214
340.500,215
340.525,206
340.550,195
340.575,188
340.600,184
340.625,177
340.650,169
340.675,163
340.700,162
340.725,160
340.750,154
340.775,147
340.800,144
340.825,142
340.850,134
340.875,113
340.900,88
340.925,77
340.950,94
340.975,133
341.000,177
341.025,208
341.050,225
341.075,240
341.100,259
341.125,278
341.150,286
341.175,278
341.200,262
341.225,250
341.250,247
341.275,248
341.300,247
341.325,239
341.350,228
341.375,217
341.400,203
341.425,183
341.450,156
341.475,131
341.500,114
341.525,102
341.550,84
341.575,53
341.600,18
341.625,-2
341.650,4
341.675,36
341.700,77
341.725,112
341.750,138
341.775,161
341.800,183
341.825,203
341.850,211
341.875,208
341.900,202
341.925,202
341.950,212
341.975,224
342.000,232
342.025,230
342.050,221
342.075,212
342.100,204
342.125,197
342.150,184
342.175,163
342.200,136
342.225,111
342.250,96
342.275,89
342.300,79
342.325,58
342.350,30
342.375,13
342.400,22
342.425,57
342.450,103
342.475,143
342.500,169
342.525,186
342.550,198
342.575,209
342.600,216
342.625,222
342.650,230
342.675,243
342.700,258
342.725,270
342.750,275
342.775,272
342.800,263
342.825,248
342.850,231
342.875,214
342.900,200
342.925,188
342.950,174
342.975,155
343.000,137
343.025,120
343.050,103
343.075,80
343.100,56
343.125,42
343.150,54
343.175,93
343.200,142
343.225,181
343.250,201
343.275,210
343.300,218
343.325,224
343.350,221
343.375,207
343.400,191
343.425,186
343.450,192
343.475,198
343.500,192
343.525,177
343.550,167
343.575,166
343.600,167
343.625,156
343.650,131
343.675,103
343.700,85
343.725,79
343.750,72
343.775,56
343.800,38
343.825,36
343.850,60
343.875,106
343.900,153
343.925,187
343.950,206
343.975,216
344.000,226
344.025,235
344.050,238
344.075,232
344.100,219
344.125,207
344.150,203
344.175,207
344.200,210
344.225,204
344.250,187
344.275,168
344.300,157
344.325,153
344.350,151
344.375,145
344.400,139
344.425,136
344.450,134
344.475,124
344.500,107
344.525,98
344.550,118
344.575,167
344.600,217
344.625,239
344.650,230
344.675,215
344.700,223
344.725,247
344.750,258
344.775,235
344.800,191
344.825,158
344.850,145
344.875,131
344.900,85
344.925,14
344.950,-40
344.975,-46
345.000,-6
345.025,40
345.050,65
345.075,72
345.100,79
345.125,96
345.150,111
345.175,117
345.200,125
345.225,158
345.250,218
345.275,281
345.300,321
345.325,331
345.350,329
345.375,328
345.400,328
345.425,317
345.450,296
345.475,277
345.500,271
345.525,270
345.550,262
345.575,245
345.600,230
345.625,222
345.650,215
345.675,195
345.700,162
345.725,132
345.750,114
345.775,101
345.800,76
345.825,39
345.850,9
345.875,9
345.900,41
345.925,84
345.950,117
345.975,139
346.000,159
346.025,182
346.050,198
346.075,199
346.100,188
346.125,179
346.150,178
346.175,176
346.200,169
346.225,163
346.250,167
346.275,177
346.300,177
346.325,155
346.350,123
346.375,103
346.400,103
346.425,103
346.450,81
346.475,39
346.500,10
346.525,20
346.550,68
346.575,124
346.600,163
346.625,186
346.650,205
346.675,227
346.700,242
346.725,243
346.750,235
346.775,233
346.800,241
346.825,249
346.850,246
346.875,234
346.900,223
346.925,216
346.950,206
346.975,185
347.000,158
347.025,135
347.050,121
347.075,108
347.100,93
347.125,86
347.150,101
347.175,140
347.200,183
347.225,209
347.250,213
347.275,211
347.300,215
347.325,224
347.350,227
347.375,219
347.400,207
347.425,202
347.450,202
347.475,198
347.500,185
347.525,170
347.550,160
347.575,154
347.600,143
347.625,128
347.650,112
347.675,101
347.700,90
347.725,72
347.750,52
347.775,47
347.800,70
347.825,112
347.850,155
347.875,185
347.900,207
347.925,230
347.950,254
347.975,267
348.000,260
348.025,244
348.050,234
348.075,237
348.100,240
348.125,230
348.150,206
348.175,183
348.200,168
348.225,156
348.250,135
348.275,104
348.300,75
348.325,57
348.350,44
348.375,22
348.400,-10
348.425,-36
348.450,-37
348.475,-6
348.500,40
348.525,85
348.550,124
348.575,161
348.600,203
348.625,243
348.650,273
348.675,288
348.700,296
348.725,306
348.750,322
348.775,340
348.800,353
348.825,358
348.850,356
348.875,348
348.900,335
348.925,313
348.950,282
348.975,246
349.000,213
349.025,185
349.050,158
349.075,125
349.100,86
349.125,49
349.150,27
349.175,16
349.200,0
349.225,-36
349.250,-87
349.275,-125
349.300,-120
349.325,-68
349.350,5
349.375,69
349.400,110
349.425,137
349.450,168
349.475,206
349.500,244
349.525,274
349.550,296
349.575,313
349.600,327
349.625,338
349.650,348
349.675,364
349.700,386
349.725,404
349.750,402
349.775,377
349.800,342
349.825,310
349.850,286
349.875,258
349.900,212
349.925,147
349.950,80
349.975,29
350.000,2
350.025,-12
350.050,-31
350.075,-58
350.100,-84
350.125,-94
350.150,-77
350.175,-37
350.200,8
350.225,47
350.250,79
350.275,112
350.300,151
350.325,190
350.350,214
350.375,219
350.400,217
350.425,223
350.450,241
350.475,259
350.500,263
350.525,252
350.550,241
350.575,240
350.600,247
350.625,247
350.650,235
350.675,216
350.700,200
350.725,190
350.750,178
350.775,157
350.800,135
350.825,118
350.850,106
350.875,90
350.900,63
350.925,35
350.950,22
350.975,38
351.000,78
351.025,126
351.050,169
351.075,204
351.100,230
351.125,244
351.150,246
351.175,240
351.200,237
351.225,244
351.250,257
351.275,267
351.300,269
351.325,263
351.350,256
351.375,248
351.400,240
351.425,230
351.450,218
351.475,205
351.500,190
351.525,174
351.550,159
351.575,145
351.600,128
351.625,101
351.650,65
351.675,39
351.700,40
351.725,72
351.750,117
351.775,152
351.800,169
351.825,180
351.850,196
351.875,213
351.900,217
351.925,200
351.950,176
351.975,165
352.000,171
352.025,179
352.050,173
352.075,153
352.100,134
352.125,126
352.150,122
352.175,111
352.200,91
352.225,78
352.250,80
352.275,86
352.300,78
352.325,51
352.350,25
352.375,28
352.400,67
352.425,126
352.450,178
352.475,212
352.500,235
352.525,256
352.550,276
352.575,284
352.600,276
352.625,260
352.650,250
352.675,251
352.700,256
352.725,254
352.750,241
352.775,226
352.800,215
352.825,206
352.850,195
352.875,177
352.900,156
352.925,138
352.950,123
352.975,104
353.000,76
353.025,46
353.050,33
353.075,49
353.100,92
353.125,140
353.150,174
353.175,191
353.200,201
353.225,218
353.250,236
353.275,244
353.300,233
353.325,214
353.350,203
353.375,206
353.400,215
353.425,214
353.450,200
353.475,184
353.500,174
353.525,168
353.550,157
353.575,137
353.600,114
353.625,98
353.650,86
353.675,68
353.700,40
353.725,16
353.750,19
353.775,60
353.800,121
353.825,175
353.850,205
353.875,217
353.900,228
353.925,245
353.950,258
353.975,258
354.000,247
354.025,239
354.050,241
354.075,246
354.100,241
354.125,224
354.150,203
354.175,187
354.200,174
354.225,154
354.250,124
354.275,96
354.300,78
354.325,69
354.350,53
354.375,26
354.400,0
354.425,1
354.450,35
354.475,87
354.500,131
354.525,158
354.550,175
354.575,195
354.600,216
354.625,226
354.650,222
354.675,212
354.700,209
354.725,216
354.750,225
354.775,228
354.800,228
354.825,229
354.850,231
354.875,227
354.900,215
354.925,199
354.950,187
354.975,176
355.000,157
355.025,132
355.050,114
355.075,123
355.100,163
355.125,216
355.150,261
355.175,292
355.200,316
355.225,344
355.250,373
355.275,394
355.300,401
355.325,397
355.350,387
355.375,362
355.400,305
355.425,205
355.450,76
355.475,-46
355.500,-129
355.525,-160
355.550,-155
355.575,-143
355.600,-145
355.625,-155
355.650,-151
355.675,-115
355.700,-50
355.725,19
355.750,71
355.775,103
355.800,126
355.825,152
355.850,179
355.875,197
355.900,201
355.925,199
355.950,203
355.975,215
356.000,227
356.025,232
356.050,232
356.075,233
356.100,234
356.125,229
356.150,215
356.175,200
356.200,189
356.225,177
356.250,155
356.275,121
356.300,93
356.325,93
356.350,125
356.375,168
356.400,200
356.425,217
356.450,233
356.475,259
356.500,288
356.525,301
356.550,291
356.575,273
356.600,265
356.625,273
356.650,285
356.675,285
356.700,275
356.725,261
356.750,250
356.775,235
356.800,210
356.825,176
356.850,138
356.875,101
356.900,61
356.925,20
356.950,-10
356.975,-14
357.000,12
357.025,56
357.050,97
357.075,123
357.100,137
357.125,151
357.150,168
357.175,181
357.200,184
357.225,175
357.250,164
357.275,160
357.300,166
357.325,179
357.350,189
357.375,188
357.400,179
357.425,166
357.450,158
357.475,152
357.500,141
357.525,121
357.550,98
357.575,85
357.600,85
357.625,85
357.650,69
357.675,38
357.700,16
357.725,29
357.750,82
357.775,153
357.800,214
357.825,250
357.850,273
357.875,297
357.900,327
357.925,353
357.950,365
357.975,366
358.000,368
358.025,376
358.050,386
358.075,391
358.100,384
358.125,367
358.150,345
358.175,323
358.200,297
358.225,266
358.250,228
358.275,185
358.300,143
358.325,109
358.350,84
358.375,64
358.400,39
358.425,7
358.450,-23
358.475,-39
358.500,-34
358.525,-12
358.550,11
358.575,31
358.600,45
358.625,53
358.650,56
358.675,50
358.700,37
358.725,28
358.750,33
358.775,56
358.800,91
358.825,128
358.850,155
358.875,171
358.900,179
358.925,184
358.950,189
358.975,188
359.000,176
359.025,152
359.050,124
359.075,101
359.100,88
359.125,78
359.150,66
359.175,54
359.200,54
359.225,75
359.250,114
359.275,153
359.300,176
359.325,185
359.350,197
359.375,224
359.400,263
359.425,297
359.450,312
359.475,308
359.500,296
359.525,282
359.550,268
359.575,250
359.600,230
359.625,209
359.650,189
359.675,163
359.700,131
359.725,99
359.750,74
359.775,60
359.800,47
359.825,26
359.850,1
359.875,-7
359.900,18
359.925,78
359.950,150
359.975,208
360.000,243
360.025,267
360.050,291
360.075,316
360.100,328
360.125,322
360.150,307
360.175,300
360.200,303
360.225,307
360.250,302
360.275,290
360.300,283
360.325,288
360.350,296
360.375,292
360.400,272
360.425,249
360.450,235
360.475,228
360.500,214
360.525,186
360.550,156
360.575,145
360.600,166
360.625,206
360.650,244
360.675,265
360.700,272
360.725,276
360.750,284
360.775,286
360.800,272
360.825,239
360.850,196
360.875,159
360.900,139
360.925,128
360.950,115
360.975,86
361.000,45
361.025,6
361.050,-18
361.075,-26
361.100,-29
361.125,-41
361.150,-63
361.175,-88
361.200,-110
361.225,-132
361.250,-155
361.275,-171
361.300,-161
361.325,-113
361.350,-36
361.375,44
361.400,108
361.425,151
361.450,185
361.475,219
361.500,245
361.525,255
361.550,251
361.575,249
361.600,263
361.625,289
361.650,309
361.675,307
361.700,287
361.725,261
361.750,240
361.775,225
361.800,211
361.825,192
361.850,169
361.875,145
361.900,118
361.925,86
361.950,50
361.975,21
362.000,12
362.025,32
362.050,78
362.075,138
362.100,195
362.125,238
362.150,266
362.175,286
362.200,300
362.225,305
362.250,294
362.275,271
362.300,251
362.325,246
362.350,252
362.375,256
362.400,244
362.425,220
362.450,201
362.475,194
362.500,190
362.525,178
362.550,153
362.575,129
362.600,114
362.625,104
362.650,88
362.675,64
362.700,50
362.725,70
362.750,130
362.775,212
362.800,289
362.825,343
362.850,374
362.875,389
362.900,394
362.925,390
362.950,376
362.975,355
363.000,325
363.025,288
363.050,251
363.075,225
363.100,213
363.125,206
363.150,191
363.175,161
363.200,128
363.225,105
363.250,97
363.275,91
363.300,80
363.325,69
363.350,75
363.375,101
363.400,133
363.425,150
363.450,147
363.475,135
363.500,130
363.525,132
363.550,128
363.575,110
363.600,82
363.625,59
363.650,44
363.675,32
363.700,14
363.725,-9
363.750,-27
363.775,-30
363.800,-19
363.825,-4
363.850,6
363.875,5
363.900,-3
363.925,-10
363.950,-1
363.975,38
364.000,107
364.025,189
364.050,258
364.075,298
364.100,309
364.125,306
364.150,301
364.175,299
364.200,297
364.225,297
364.250,299
364.275,303
364.300,302
364.325,288
364.350,265
364.375,242
364.400,227
364.425,214
364.450,190
364.475,145
364.500,87
364.525,37
364.550,16
364.575,27
364.600,56
364.625,85
364.650,102
364.675,105
364.700,100
364.725,94
364.750,89
364.775,88
364.800,88
364.825,91
364.850,96
364.875,106
364.900,123
364.925,144
364.950,161
364.975,170
365.000,175
365.025,185
365.050,198
365.075,201
365.100,181
365.125,151
365.150,145
365.175,198
365.200,306
365.225,421
365.250,484
365.275,470
365.300,409
365.325,356
365.350,355
365.375,410
365.400,492
365.425,560
365.450,579
365.475,535
365.500,442
365.525,337
365.550,261
365.575,233
365.600,239
365.625,251
365.650,247
365.675,221
365.700,180
365.725,128
365.750,69
365.775,18
365.800,-2
365.825,13
365.850,48
365.875,75
365.900,82
365.925,81
365.950,84
365.975,84
366.000,57
366.025,-5
366.050,-79
366.075,-125
366.100,-126
366.125,-102
366.150,-84
366.175,-85
366.200,-92
366.225,-91
366.250,-84
366.275,-85
366.300,-97
366.325,-106
366.350,-101
366.375,-86
366.400,-75
366.425,-69
366.450,-49
366.475,1
366.500,81
366.525,164
366.550,227
366.575,264
366.600,287
366.625,310
366.650,333
366.675,355
366.700,372
366.725,390
366.750,408
366.775,424
366.800,430
366.825,422
366.850,403
366.875,378
366.900,351
366.925,327
366.950,304
366.975,278
367.000,246
367.025,211
367.050,183
367.075,176
367.100,194
367.125,228
367.150,262
367.175,284
367.200,289
367.225,283
367.250,271
367.275,254
367.300,238
367.325,225
367.350,216
367.375,209
367.400,200
367.425,186
367.450,169
367.475,151
367.500,134
367.525,121
367.550,109
367.575,95
367.600,75
367.625,50
367.650,28
367.675,23
367.700,42
367.725,78
367.750,118
367.775,148
367.800,162
367.825,164
367.850,160
367.875,154
367.900,149
367.925,144
367.950,141
367.975,137
368.000,130
368.025,119
368.050,107
368.075,95
368.100,84
368.125,73
368.150,58
368.175,39
368.200,16
368.225,-7
368.250,-27
368.275,-31
368.300,-11
368.325,31
368.350,89
368.375,147
368.400,194
368.425,225
368.450,237
368.475,228
368.500,196
368.525,148
368.550,104
368.575,81
368.600,89
368.625,120
368.650,154
368.675,174
368.700,169
368.725,145
368.750,111
368.775,77
368.800,46
368.825,18
368.850,-2
368.875,0
368.900,50
368.925,154
368.950,296
368.975,440
369.000,560
369.025,647
369.050,706
369.075,737
369.100,735
369.125,700
369.150,655
369.175,631
369.200,639
369.225,654
369.250,633
369.275,550
369.300,416
369.325,265
369.350,130
369.375,27
369.400,-37
369.425,-62
369.450,-57
369.475,-50
369.500,-71
369.525,-132
369.550,-216
369.575,-291
369.600,-335
369.625,-347
369.650,-328
369.675,-275
369.700,-190
369.725,-101
369.750,-46
369.775,-49
369.800,-89
369.825,-109
369.850,-71
369.875,16
369.900,104
369.925,145
369.950,134
369.975,99
370.000,75
370.025,76
370.050,98
370.075,130
370.100,166
370.125,200
370.150,226
370.175,237
370.200,237
370.225,232
370.250,229
370.275,234
370.300,249
370.325,275
370.350,310
370.375,346
370.400,376
370.425,400
370.450,426
370.475,459
370.500,496
370.525,529
370.550,554
370.575,571
370.600,581
370.625,579
370.650,559
370.675,525
370.700,494
370.725,479
370.750,474
370.775,453
370.800,397
370.825,317
370.850,248
370.875,219
370.900,226
370.925,232
370.950,201
370.975,134
371.000,63
371.025,22
371.050,18
371.075,32
371.100,43
371.125,49
371.150,63
371.175,90
371.200,119
371.225,130
371.250,122
371.275,108
371.300,105
371.325,112
371.350,107
371.375,78
371.400,30
371.425,-15
371.450,-47
371.475,-78
371.500,-134
371.525,-230
371.550,-356
371.575,-483
371.600,-591
371.625,-673
371.650,-733
371.675,-773
371.700,-789
371.725,-772
371.750,-724
371.775,-648
371.800,-547
371.825,-421
371.850,-270
371.875,-103
371.900,68
371.925,238
371.950,407
371.975,573
372.000,722
372.025,833
372.050,891
372.075,896
372.100,867
372.125,829
372.150,796
372.175,769
372.200,742
372.225,707
372.250,659
372.275,598
372.300,524
372.325,443
372.350,367
372.375,314
372.400,292
372.425,301
372.450,331
372.475,369
372.500,404
372.525,433
372.550,453
372.575,467
372.600,474
372.625,477
372.650,477
372.675,472
372.700,453
372.725,407
372.750,330
372.775,229
372.800,133
372.825,68
372.850,40
372.875,30
372.900,10
372.925,-32
372.950,-85
372.975,-121
373.000,-132
373.025,-134
373.050,-149
373.075,-179
373.100,-198
373.125,-180
373.150,-121
373.175,-48
373.200,9
373.225,42
373.250,66
373.275,99
373.300,145
373.325,186
373.350,205
373.375,204
373.400,199
373.425,206
373.450,227
373.475,249
373.500,255
373.525,243
373.550,222
373.575,207
373.600,204
373.625,206
373.650,201
373.675,184
373.700,162
373.725,140
373.750,121
373.775,101
373.800,83
373.825,81
373.850,112
373.875,174
373.900,244
373.925,288
373.950,289
373.975,259
374.000,224
374.025,202
374.050,194
374.075,191
374.100,188
374.125,185
374.150,182
374.175,172
374.200,150
374.225,119
374.250,89
374.275,68
374.300,53
374.325,38
374.350,28
374.375,27
374.400,38
374.425,46
374.450,37
374.475,9
374.500,-14
374.525,-7
374.550,37
374.575,101
374.600,158
374.625,193
374.650,215
374.675,236
374.700,256
374.725,264
374.750,256
374.775,241
374.800,234
374.825,239
374.850,248
374.875,249
374.900,239
374.925,230
374.950,226
374.975,222
375.000,206
375.025,178
375.050,151
375.075,136
375.100,129
375.125,116
375.150,86
375.175,51
375.200,37
375.225,61
375.250,118
375.275,183
375.300,233
375.325,262
375.350,279
375.375,292
375.400,300
375.425,297
375.450,281
375.475,258
375.500,237
375.525,223
375.550,210
375.575,195
375.600,175
375.625,156
375.650,143
375.675,135
375.700,123
375.725,100
375.750,69
375.775,36
375.800,10
375.825,-14
375.850,-45
375.875,-83
375.900,-112
375.925,-108
375.950,-63
375.975,5
376.000,69
376.025,109
376.050,128
376.075,145
376.100,171
376.125,198
376.150,215
376.175,221
376.200,229
376.225,248
376.250,276
376.275,297
376.300,304
376.325,301
376.350,299
376.375,297
376.400,288
376.425,267
376.450,240
376.475,222
376.500,218
376.525,217
376.550,202
376.575,172
376.600,144
376.625,143
376.650,178
376.675,234
376.700,288
376.725,322
376.750,337
376.775,344
376.800,348
376.825,347
376.850,336
376.875,321
376.900,314
376.925,325
376.950,348
376.975,363
377.000,350
377.025,308
377.050,255
377.075,207
377.100,167
377.125,125
377.150,75
377.175,25
377.200,-14
377.225,-42
377.250,-71
377.275,-109
377.300,-142
377.325,-146
377.350,-108
377.375,-45
377.400,10
377.425,39
377.450,49
377.475,60
377.500,81
377.525,102
377.550,109
377.575,105
377.600,102
377.625,111
377.650,127
377.675,139
377.700,148
377.725,164
377.750,193
377.775,225
377.800,244
377.825,241
377.850,219
377.875,185
377.900,136
377.925,72
377.950,3
377.975,-42
378.000,-40
378.025,11
378.050,87
378.075,159
378.100,214
378.125,257
378.150,293
378.175,321
378.200,333
378.225,332
378.250,326
378.275,325
378.300,326
378.325,320
378.350,304
378.375,282
378.400,265
378.425,254
378.450,242
378.475,221
378.500,190
378.525,159
378.550,135
378.575,117
378.600,96
378.625,61
378.650,14
378.675,-25
378.700,-38
378.725,-16
378.750,29
378.775,76
378.800,107
378.825,123
378.850,132
378.875,146
378.900,160
378.925,170
378.950,172
378.975,169
379.000,167
379.025,165
379.050,158
379.075,148
379.100,141
379.125,142
379.150,148
379.175,150
379.200,142
379.225,129
379.250,120
379.275,121
379.300,128
379.325,137
379.350,147
379.375,161
379.400,181
379.425,199
379.450,211
379.475,218
379.500,229
379.525,255
379.550,295
379.575,338
379.600,369
379.625,388
379.650,402
379.675,421
379.700,442
379.725,450
379.750,434
379.775,399
379.800,371
379.825,376
379.850,416
379.875,460
379.900,472
379.925,436
379.950,366
379.975,291
380.000,222
380.025,148
380.050,55
380.075,-43
380.100,-110
380.125,-120
380.150,-81
380.175,-38
380.200,-31
380.225,-70
380.250,-134
380.275,-199
380.300,-253
380.325,-293
380.350,-305
380.375,-273
380.400,-198
380.425,-106
380.450,-32
380.475,7
380.500,29
380.525,62
380.550,115
380.575,172
380.600,209
380.625,225
380.650,235
380.675,254
380.700,278
380.725,291
380.750,287
380.775,276
380.800,273
380.825,281
380.850,289
380.875,285
380.900,271
380.925,255
380.950,241
380.975,224
381.000,199
381.025,170
381.050,147
381.075,133
381.100,118
381.125,88
381.150,46
381.175,11
381.200,9
381.225,45
381.250,101
381.275,154
381.300,188
381.325,208
381.350,220
381.375,229
381.400,228
381.425,216
381.450,197
381.475,181
381.500,178
381.525,183
381.550,185
381.575,179
381.600,166
381.625,153
381.650,149
381.675,151
381.700,151
381.725,145
381.750,134
381.775,127
381.800,128
381.825,133
381.850,135
381.875,131
381.900,129
381.925,139
381.950,173
381.975,234
382.000,316
382.025,407
382.050,492
382.075,560
382.100,608
382.125,645
382.150,682
382.175,720
382.200,743
382.225,722
382.250,639
382.275,507
382.300,360
382.325,237
382.350,151
382.375,95
382.400,47
382.425,-6
382.450,-66
382.475,-126
382.500,-175
382.525,-206
382.550,-216
382.575,-207
382.600,-185
382.625,-163
382.650,-148
382.675,-145
382.700,-145
382.725,-139
382.750,-117
382.775,-74
382.800,-21
382.825,30
382.850,74
382.875,115
382.900,166
382.925,234
382.950,308
382.975,366
383.000,390
383.025,381
383.050,356
383.075,336
383.100,325
383.125,314
383.150,286
383.175,233
383.200,158
383.225,76
383.250,4
383.275,-45
383.300,-71
383.325,-76
383.350,-69
383.375,-56
383.400,-44
383.425,-37
383.450,-40
383.475,-48
383.500,-48
383.525,-20
383.550,43
383.575,131
383.600,217
383.625,277
383.650,306
383.675,317
383.700,324
383.725,333
383.750,340
383.775,342
383.800,340
383.825,334
383.850,323
383.875,303
383.900,279
383.925,259
383.950,252
383.975,253
384.000,250
384.025,230
384.050,199
384.075,173
384.100,160
384.125,155
384.150,147
384.175,131
384.200,120
384.225,134
384.250,181
384.275,246
384.300,307
384.325,346
384.350,366
384.375,374
384.400,373
384.425,361
384.450,335
384.475,305
384.500,283
384.525,270
384.550,255
384.575,223
384.600,177
384.625,131
384.650,100
384.675,81
384.700,58
384.725,22
384.750,-18
384.775,-49
384.800,-68
384.825,-84
384.850,-106
384.875,-121
384.900,-105
384.925,-47
384.950,33
384.975,107
385.000,156
385.025,184
385.050,209
385.075,233
385.100,245
385.125,236
385.150,211
385.175,189
385.200,186
385.225,198
385.250,215
385.275,230
385.300,242
385.325,251
385.350,251
385.375,237
385.400,215
385.425,193
385.450,174
385.475,154
385.500,126
385.525,96
385.550,82
385.575,100
385.600,146
385.625,200
385.650,239
385.675,255
385.700,254
385.725,245
385.750,233
385.775,216
385.800,197
385.825,184
385.850,181
385.875,185
385.900,185
385.925,172
385.950,149
385.975,127
386.000,115
386.025,113
386.050,110
386.075,94
386.100,64
386.125,32
386.150,21
386.175,42
386.200,92
386.225,150
386.250,195
386.275,217
386.300,219
386.325,211
386.350,201
386.375,192
386.400,182
386.425,172
386.450,162
386.475,156
386.500,156
386.525,158
386.550,159
386.575,154
386.600,142
386.625,130
386.650,119
386.675,106
386.700,81
386.725,46
386.750,16
386.775,15
386.800,57
386.825,130
386.850,204
386.875,261
386.900,299
386.925,329
386.950,355
386.975,367
387.000,355
387.025,322
387.050,288
387.075,272
387.100,275
387.125,284
387.150,283
387.175,270
387.200,253
387.225,238
387.250,231
387.275,225
387.300,212
387.325,184
387.350,142
387.375,101
387.400,83
387.425,103
387.450,152
387.475,204
387.500,235
387.525,242
387.550,243
387.575,248
387.600,255
387.625,249
387.650,225
387.675,197
387.700,177
387.725,169
387.750,160
387.775,144
387.800,122
387.825,101
387.850,82
387.875,58
387.900,28
387.925,1
387.950,-16
387.975,-30
388.000,-53
388.025,-88
388.050,-116
388.075,-110
388.100,-62
388.125,6
388.150,66
388.175,106
388.200,134
388.225,163
388.250,185
388.275,190
388.300,174
388.325,156
388.350,153
388.375,167
388.400,179
388.425,175
388.450,158
388.475,147
388.500,150
388.525,157
388.550,154
388.575,137
388.600,119
388.625,112
388.650,109
388.675,97
388.700,74
388.725,56
388.750,65
388.775,109
388.800,173
388.825,233
388.850,275
388.875,302
388.900,322
388.925,336
388.950,336
388.975,321
389.000,299
389.025,288
389.050,295
389.075,311
389.100,318
389.125,306
389.150,281
389.175,258
389.200,243
389.225,230
389.250,210
389.275,181
389.300,154
389.325,136
389.350,121
389.375,100
389.400,71
389.425,50
389.450,57
389.475,96
389.500,150
389.525,196
389.550,223
389.575,237
389.600,248
389.625,255
389.650,249
389.675,229
389.700,207
389.725,200
389.750,206
389.775,211
389.800,198
389.825,172
389.850,150
389.875,145
389.900,148
389.925,140
389.950,112
389.975,77
390.000,50
390.025,37
390.050,22
390.075,-5
390.100,-39
390.125,-52
390.150,-24
390.175,39
390.200,113
390.225,172
390.250,209
390.275,232
390.300,248
390.325,258
390.350,255
390.375,243
390.400,233
390.425,233
390.450,241
390.475,243
390.500,234
390.525,218
390.550,203
390.575,193
390.600,181
390.625,159
390.650,130
390.675,101
390.700,78
390.725,55
390.750,23
390.775,-21
390.800,-63
390.825,-81
390.850,-61
390.875,-8
390.900,55
390.925,109
390.950,144
390.975,165
391.000,184
391.025,204
391.050,218
391.075,221
391.100,215
391.125,212
391.150,222
391.175,238
391.200,248
391.225,242
391.250,225
391.275,214
391.300,221
391.325,237
391.350,243
391.375,230
391.400,203
391.425,176
391.450,153
391.475,125
391.500,87
391.525,49
391.550,38
391.575,70
391.600,139
391.625,221
391.650,295
391.675,349
391.700,387
391.725,409
391.750,417
391.775,412
391.800,401
391.825,389
391.850,377
391.875,361
391.900,335
391.925,303
391.950,269
391.975,237
392.000,208
392.025,176
392.050,139
392.075,93
392.100,43
392.125,-2
392.150,-39
392.175,-67
392.200,-95
392.225,-128
392.250,-152
392.275,-142
392.300,-86
392.325,2
392.350,90
392.375,149
392.400,178
392.425,196
392.450,217
392.475,237
392.500,243
392.525,237
392.550,236
392.575,247
392.600,266
392.625,276
392.650,276
392.675,273
392.700,271
392.725,257
392.750,213
392.775,143
392.800,74
392.825,29
392.850,5
392.875,-21
392.900,-59
392.925,-85
392.950,-63
392.975,13
393.000,111
393.025,184
393.050,214
393.075,216
393.100,215
393.125,220
393.150,220
393.175,208
393.200,191
393.225,183
393.250,185
393.275,188
393.300,184
393.325,171
393.350,153
393.375,135
393.400,118
393.425,102
393.450,87
393.475,72
393.500,51
393.525,24
393.550,5
393.575,12
393.600,49
393.625,105
393.650,161
393.675,205
393.700,238
393.725,266
393.750,286
393.775,294
393.800,288
393.825,276
393.850,268
393.875,268
393.900,269
393.925,262
393.950,243
393.975,219
394.000,200
394.025,188
394.050,178
394.075,159
394.100,124
394.125,80
394.150,41
394.175,28
394.200,49
394.225,98
394.250,159
394.275,217
394.300,267
394.325,303
394.350,323
394.375,324
394.400,312
394.425,300
394.450,299
394.475,310
394.500,322
394.525,320
394.550,299
394.575,262
394.600,218
394.625,180
394.650,152
394.675,130
394.700,102
394.725,59
394.750,6
394.775,-35
394.800,-41
394.825,-3
394.850,60
394.875,122
394.900,165
394.925,193
394.950,211
394.975,221
395.000,214
395.025,191
395.050,164
395.075,146
395.100,142
395.125,143
395.150,138
395.175,122
395.200,101
395.225,79
395.250,63
395.275,54
395.300,50
395.325,43
395.350,22
395.375,-8
395.400,-26
395.425,-8
395.450,50
395.475,127
395.500,189
395.525,226
395.550,251
395.575,284
395.600,320
395.625,339
395.650,330
395.675,306
395.700,288
395.725,284
395.750,282
395.775,267
395.800,238
395.825,210
395.850,190
395.875,175
395.900,156
395.925,132
395.950,109
395.975,87
396.000,57
396.025,14
396.050,-26
396.075,-36
396.100,-1
396.125,66
396.150,138
396.175,192
396.200,229
396.225,259
396.250,285
396.275,298
396.300,293
396.325,274
396.350,255
396.375,248
396.400,247
396.425,244
396.450,232
396.475,215
396.500,197
396.525,180
396.550,158
396.575,127
396.600,94
396.625,66
396.650,48
396.675,31
396.700,6
396.725,-28
396.750,-57
396.775,-57
396.800,-15
396.825,57
396.850,135
396.875,193
396.900,227
396.925,249
396.950,271
396.975,291
397.000,298
397.025,288
397.050,271
397.075,265
397.100,273
397.125,287
397.150,293
397.175,286
397.200,274
397.225,266
397.250,264
397.275,260
397.300,243
397.325,212
397.350,172
397.375,132
397.400,94
397.425,56
397.450,13
397.475,-33
397.500,-71
397.525,-82
397.550,-56
397.575,0
397.600,66
397.625,124
397.650,170
397.675,208
397.700,243
397.725,267
397.750,273
397.775,262
397.800,248
397.825,244
397.850,253
397.875,260
397.900,255
397.925,235
397.950,211
397.975,192
398.000,180
398.025,172
398.050,163
398.075,149
398.100,126
398.125,97
398.150,66
398.175,40
398.200,16
398.225,-13
398.250,-54
398.275,-91
398.300,-98
398.325,-57
398.350,20
398.375,101
398.400,159
398.425,193
398.450,221
398.475,254
398.500,282
398.525,286
398.550,270
398.575,251
398.600,250
398.625,264
398.650,274
398.675,269
398.700,258
398.725,251
398.750,250
398.775,243
398.800,223
398.825,199
398.850,182
398.875,174
398.900,165
398.925,149
398.950,127
398.975,108
399.000,89
399.025,61
399.050,27
399.075,4
399.100,19
399.125,79
399.150,170
399.175,265
399.200,346
399.225,402
399.250,419
399.275,389
399.300,315
399.325,228
399.350,167
399.375,155
399.400,185
399.425,230
399.450,268
399.475,287
399.500,278
399.525,234
399.550,160
399.575,85
399.600,48
399.625,67
399.650,113
399.675,136
399.700,102
399.725,19
399.750,-75
399.775,-139
399.800,-154
399.825,-121
399.850,-57
399.875,17
399.900,82
399.925,125
399.950,152
399.975,176
400.000,206
400.025,232
400.050,239
400.075,223
400.100,202
400.125,196
400.150,208
400.175,223
400.200,223
400.225,209
400.250,193
400.275,182
400.300,172
400.325,154
400.350,131
400.375,113
400.400,108
400.425,105
400.450,89
400.475,58
400.500,30
400.525,28
400.550,64
400.575,128
400.600,200
400.625,262
400.650,311
400.675,349
400.700,381
400.725,403
400.750,412
400.775,409
400.800,398
400.825,390
400.850,387
400.875,381
400.900,363
400.925,328
400.950,284
400.975,245
401.000,218
401.025,198
401.050,180
401.075,153
401.100,114
401.125,56
401.150,-16
401.175,-88
401.200,-133
401.225,-130
401.250,-82
401.275,-18
401.300,31
401.325,61
401.350,86
401.375,121
401.400,162
401.425,188
401.450,185
401.475,165
401.500,150
401.525,151
401.550,157
401.575,155
401.600,140
401.625,126
401.650,125
401.675,132
401.700,132
401.725,119
401.750,101
401.775,91
401.800,91
401.825,84
401.850,62
401.875,31
401.900,19
401.925,46
401.950,106
401.975,171
402.000,215
402.025,235
402.050,249
402.075,275
402.100,307
402.125,324
402.150,308
402.175,266
402.200,227
402.225,209
402.250,211
402.275,209
402.300,187
402.325,151
402.350,121
402.375,107
402.400,103
402.425,98
402.450,87
402.475,75
402.500,65
402.525,51
402.550,29
402.575,10
402.600,19
402.625,70
402.650,150
402.675,228
402.700,281
402.725,310
402.750,333
402.775,357
402.800,375
402.825,374
402.850,356
402.875,337
402.900,330
402.925,330
402.950,326
402.975,311
403.000,288
403.025,262
403.050,235
403.075,202
403.100,163
403.125,125
403.150,89
403.175,49
403.200,0
403.225,-53
403.250,-85
403.275,-73
403.300,-17
403.325,56
403.350,118
403.375,151
403.400,165
403.425,173
403.450,181
403.475,181
403.500,168
403.525,149
403.550,137
403.575,143
403.600,159
403.625,167
403.650,155
403.675,129
403.700,106
403.725,95
403.750,90
403.775,79
403.800,53
403.825,21
403.850,2
403.875,11
403.900,48
403.925,105
403.950,168
403.975,226
404.000,269
404.025,291
404.050,297
404.075,294
404.100,287
404.125,273
404.150,250
404.175,223
404.200,204
404.225,202
404.250,211
404.275,213
404.300,202
404.325,184
404.350,172
404.375,165
404.400,148
404.425,113
404.450,80
404.475,80
404.500,129
404.525,208
404.550,279
404.575,319
404.600,337
404.625,353
404.650,371
404.675,377
404.700,363
404.725,336
404.750,311
404.775,293
404.800,269
404.825,230
404.850,174
404.875,110
404.900,41
404.925,-38
404.950,-129
404.975,-220
405.000,-298
405.025,-367
405.050,-437
405.075,-503
405.100,-535
405.125,-493
405.150,-373
405.175,-214
405.200,-74
405.225,19
405.250,85
405.275,164
405.300,271
405.325,384
405.350,467
405.375,501
405.400,496
405.425,480
405.450,473
405.475,475
405.500,474
405.525,458
405.550,428
405.575,397
405.600,379
405.625,369
405.650,350
405.675,309
405.700,263
405.725,247
405.750,287
405.775,370
405.800,454
405.825,499
405.850,506
405.875,500
405.900,501
405.925,501
405.950,476
405.975,417
406.000,341
406.025,272
406.050,221
406.075,184
406.100,159
406.125,144
406.150,132
406.175,97
406.200,17
406.225,-105
406.250,-236
406.275,-341
406.300,-407
406.325,-450
406.350,-477
406.375,-472
406.400,-411
406.425,-299
406.450,-174
406.475,-78
406.500,-17
406.525,35
406.550,104
406.575,180
406.600,230
406.625,231
406.650,201
406.675,186
406.700,219
406.725,292
406.750,364
406.775,398
406.800,387
406.825,354
406.850,329
406.875,322
406.900,323
406.925,312
406.950,283
406.975,246
407.000,217
407.025,199
407.050,185
407.075,168
407.100,157
407.125,173
407.150,226
407.175,306
407.200,389
407.225,449
407.250,478
407.275,480
407.300,459
407.325,416
407.350,349
407.375,264
407.400,172
407.425,87
407.450,23
407.475,-13
407.500,-25
407.525,-22
407.550,-21
407.575,-31
407.600,-48
407.625,-61
407.650,-66
407.675,-67
407.700,-69
407.725,-74
407.750,-76
407.775,-75
407.800,-78
407.825,-89
407.850,-96
407.875,-76
407.900,-17
407.925,71
407.950,160
407.975,225
408.000,263
408.025,287
408.050,304
408.075,313
408.100,308
408.125,295
408.150,287
408.175,293
408.200,310
408.225,321
408.250,318
408.275,303
408.300,286
408.325,272
408.350,259
408.375,240
408.400,213
408.425,183
408.450,160
408.475,142
408.500,119
408.525,82
408.550,35
408.575,5
408.600,17
408.625,76
408.650,158
408.675,227
408.700,264
408.725,276
408.750,281
408.775,288
408.800,290
408.825,281
408.850,265
408.875,255
408.900,253
408.925,253
408.950,244
408.975,223
409.000,199
409.025,175
409.050,150
409.075,121
409.100,91
409.125,65
409.150,37
409.175,-1
409.200,-47
409.225,-79
409.250,-71
409.275,-15
409.300,67
409.325,144
409.350,195
409.375,223
409.400,238
409.425,243
409.450,241
409.475,237
409.500,244
409.525,266
409.550,292
409.575,305
409.600,295
409.625,270
409.650,243
409.675,221
409.700,202
409.725,182
409.750,161
409.775,142
409.800,128
409.825,123
409.850,135
409.875,167
409.900,211
409.925,249
409.950,271
409.975,283
410.000,308
410.025,356
410.050,410
410.075,432
410.100,399
410.125,323
410.150,246
410.175,202
410.200,191
410.225,182
410.250,138
410.275,57
410.300,-31
410.325,-90
410.350,-109
410.375,-117
410.400,-147
410.425,-209
410.450,-270
410.475,-282
410.500,-222
410.525,-110
410.550,6
410.575,91
410.600,142
410.625,172
410.650,195
410.675,207
410.700,205
410.725,191
410.750,182
410.775,191
410.800,216
410.825,243
410.850,258
410.875,252
410.900,230
410.925,200
410.950,172
410.975,150
411.000,129
411.025,106
411.050,82
411.075,69
411.100,83
411.125,131
411.150,203
411.175,281
411.200,344
411.225,380
411.250,389
411.275,372
411.300,338
411.325,297
411.350,265
411.375,251
411.400,254
411.425,263
411.450,262
411.475,244
411.500,214
411.525,183
411.550,161
411.575,144
411.600,121
411.625,83
411.650,33
411.675,-7
411.700,-13
411.725,28
411.750,104
411.775,186
411.800,247
411.825,277
411.850,281
411.875,272
411.900,258
411.925,243
411.950,230
411.975,224
412.000,225
412.025,228
412.050,222
412.075,199
412.100,162
412.125,122
412.150,95
412.175,85
412.200,80
412.225,61
412.250,18
412.275,-34
412.300,-63
412.325,-43
412.350,23
412.375,107
412.400,176
412.425,217
412.450,236
412.475,244
412.500,246
412.525,239
412.550,228
412.575,221
412.600,223
412.625,228
412.650,225
412.675,209
412.700,186
412.725,164
412.750,148
412.775,135
412.800,119
412.825,95
412.850,63
412.875,24
412.900,-7
412.925,-12
412.950,23
412.975,91
413.000,163
413.025,216
413.050,242
413.075,254
413.100,265
413.125,274
413.150,272
413.175,259
413.200,245
413.225,242
413.250,245
413.275,242
413.300,228
413.325,210
413.350,194
413.375,178
413.400,157
413.425,133
413.450,114
413.475,103
413.500,88
413.525,55
413.550,11
413.575,-15
413.600,4
413.625,69
413.650,150
413.675,213
413.700,250
413.725,274
413.750,300
413.775,324
413.800,334
413.825,326
413.850,313
413.875,308
413.900,314
413.925,319
413.950,313
413.975,292
414.000,262
414.025,231
414.050,203
414.075,179
414.100,156
414.125,128
414.150,89
414.175,45
414.200,6
414.225,-19
414.250,-41
414.275,-68
414.300,-103
414.325,-127
414.350,-116
414.375,-63
414.400,11
414.425,79
414.450,125
414.475,156
414.500,186
414.525,214
414.550,229
414.575,224
414.600,206
414.625,195
414.650,201
414.675,214
414.700,222
414.725,219
414.750,213
414.775,210
414.800,212
414.825,211
414.850,203
414.875,192
414.900,183
414.925,174
414.950,158
414.975,132
415.000,103
415.025,82
415.050,68
415.075,51
415.100,22
415.125,-12
415.150,-28
415.175,-1
415.200,67
415.225,154
415.250,226
415.275,267
415.300,288
415.325,309
415.350,338
415.375,364
415.400,373
415.425,363
415.450,348
415.475,342
415.500,344
415.525,339
415.550,319
415.575,288
415.600,259
415.625,240
415.650,227
415.675,210
415.700,185
415.725,158
415.750,133
415.775,109
415.800,83
415.825,56
415.850,35
415.875,21
415.900,4
415.925,-26
415.950,-65
415.975,-85
416.000,-59
416.025,12
416.050,100
416.075,167
416.100,201
416.125,217
416.150,237
416.175,264
416.200,284
416.225,283
416.250,271
416.275,264
416.300,272
416.325,286
416.350,288
416.375,274
416.400,252
416.425,230
416.450,207
416.475,180
416.500,152
416.525,129
416.550,111
416.575,92
416.600,65
416.625,34
416.650,13
416.675,0
416.700,-17
416.725,-50
416.750,-84
416.775,-87
416.800,-35
416.825,59
416.850,157
416.875,226
416.900,263
416.925,283
416.950,298
416.975,304
417.000,295
417.025,279
417.050,271
417.075,276
417.100,283
417.125,278
417.150,262
417.175,245
417.200,233
417.225,219
417.250,197
417.275,169
417.300,146
417.325,132
417.350,117
417.375,93
417.400,64
417.425,39
417.450,20
417.475,-6
417.500,-47
417.525,-85
417.550,-84
417.575,-26
417.600,70
417.625,163
417.650,226
417.675,260
417.700,286
417.725,310
417.750,323
417.775,313
417.800,289
417.825,270
417.850,269
417.875,278
417.900,281
417.925,267
417.950,241
417.975,213
418.000,190
418.025,174
418.050,160
418.075,141
418.100,117
418.125,91
418.150,73
418.175,65
418.200,58
418.225,37
418.250,-2
418.275,-39
418.300,-39
418.325,15
418.350,109
418.375,204
418.400,266
418.425,297
418.450,317
418.475,341
418.500,361
418.525,366
418.550,352
418.575,332
418.600,319
418.625,310
418.650,289
418.675,246
418.700,190
418.725,141
418.750,112
418.775,95
418.800,71
418.825,28
418.850,-24
418.875,-67
418.900,-90
418.925,-105
418.950,-127
418.975,-158
419.000,-172
419.025,-138
419.050,-50
419.075,61
419.100,157
419.125,217
419.150,252
419.175,282
419.200,314
419.225,339
419.250,351
419.275,357
419.300,367
419.325,379
419.350,378
419.375,357
419.400,328
419.425,309
419.450,296
419.475,266
419.500,204
419.525,124
419.550,55
419.575,8
419.600,-39
419.625,-109
419.650,-181
419.675,-200
419.700,-122
419.725,33
419.750,193
419.775,296
419.800,334
419.825,354
419.850,393
419.875,454
419.900,504
419.925,521
419.950,507
419.975,474
420.000,425
420.025,362
420.050,290
420.075,228
420.100,189
420.125,167
420.150,143
420.175,106
420.200,60
420.225,14
420.250,-30
420.275,-76
420.300,-116
420.325,-126
420.350,-91
420.375,-18
420.400,62
420.425,124
420.450,165
420.475,199
420.500,233
420.525,259
420.550,261
420.575,241
420.600,219
420.625,215
420.650,229
420.675,247
420.700,255
420.725,250
420.750,234
420.775,202
420.800,147
420.825,70
420.850,-9
420.875,-67
420.900,-96
420.925,-116
420.950,-147
420.975,-190
421.000,-222
421.025,-211
421.050,-152
421.075,-66
421.100,16
421.125,79
421.150,128
421.175,177
421.200,229
421.225,277
421.250,307
421.275,316
421.300,314
421.325,314
421.350,324
421.375,336
421.400,340
421.425,330
421.450,310
421.475,290
421.500,276
421.525,264
421.550,245
421.575,217
421.600,187
421.625,161
421.650,140
421.675,114
421.700,78
421.725,46
421.750,40
421.775,79
421.800,152
421.825,232
421.850,290
421.875,324
421.900,348
421.925,380
421.950,417
421.975,444
422.000,449
422.025,438
422.050,430
422.075,437
422.100,450
422.125,449
422.150,417
422.175,354
422.200,273
422.225,180
422.250,72
422.275,-45
422.300,-156
422.325,-229
422.350,-250
422.375,-239
422.400,-230
422.425,-246
422.450,-269
422.475,-263
422.500,-205
422.525,-111
422.550,-16
422.575,54
422.600,108
422.625,161
422.650,220
422.675,267
422.700,288
422.725,286
422.750,285
422.775,299
422.800,324
422.825,342
422.850,338
422.875,319
422.900,295
422.925,272
422.950,248
422.975,219
423.000,192
423.025,179
423.050,191
423.075,225
423.100,262
423.125,275
423.150,242
423.175,165
423.200,75
423.225,16
423.250,18
423.275,78
423.300,163
423.325,241
423.350,303
423.375,356
423.400,399
423.425,412
423.450,373
423.475,282
423.500,176
423.525,105
423.550,93
423.575,122
423.600,158
423.625,174
423.650,166
423.675,145
423.700,118
423.725,83
423.750,39
423.775,-6
423.800,-42
423.825,-61
423.850,-67
423.875,-65
423.900,-61
423.925,-58
423.950,-65
423.975,-89
424.000,-124
424.025,-146
424.050,-129
424.075,-62
424.100,35
424.125,135
424.150,215
424.175,276
424.200,328
424.225,376
424.250,411
424.275,430
424.300,436
424.325,443
424.350,456
424.375,467
424.400,462
424.425,434
424.450,382
424.475,313
424.500,233
424.525,160
424.550,113
424.575,104
424.600,123
424.625,142
424.650,142
424.675,126
424.700,117
424.725,124
424.750,131
424.775,114
424.800,68
424.825,24
424.850,21
424.875,69
424.900,140
424.925,198
424.950,230
424.975,252
425.000,287
425.025,336
425.050,381
425.075,403
425.100,400
425.125,388
425.150,380
425.175,376
425.200,369
425.225,353
425.250,329
425.275,296
425.300,254
425.325,205
425.350,159
425.375,129
425.400,117
425.425,106
425.450,72
425.475,3
425.500,-80
425.525,-144
425.550,-166
425.575,-153
425.600,-134
425.625,-130
425.650,-135
425.675,-127
425.700,-93
425.725,-45
425.750,-11
425.775,-10
425.800,-31
425.825,-46
425.850,-27
425.875,33
425.900,119
425.925,197
425.950,239
425.975,229
426.000,180
426.025,120
426.050,82
426.075,82
426.100,109
426.125,138
426.150,143
426.175,115
426.200,69
426.225,31
426.250,32
426.275,87
426.300,185
426.325,289
426.350,361
426.375,384
426.400,377
426.425,369
426.450,378
426.475,390
426.500,385
426.525,357
426.550,322
426.575,292
426.600,265
426.625,223
426.650,160
426.675,95
426.700,52
426.725,33
426.750,21
426.775,-2
426.800,-28
426.825,-28
426.850,18
426.875,101
426.900,193
426.925,272
426.950,336
426.975,387
427.000,423
427.025,438
427.050,435
427.075,428
427.100,435
427.125,454
427.150,467
427.175,459
427.200,433
427.225,405
427.250,387
427.275,379
427.300,369
427.325,349
427.350,320
427.375,290
427.400,260
427.425,224
427.450,174
427.475,104
427.500,25
427.525,-47
427.550,-100
427.575,-138
427.600,-180
427.625,-237
427.650,-299
427.675,-327
427.700,-289
427.725,-184
427.750,-47
427.775,77
427.800,168
427.825,235
427.850,296
427.875,347
427.900,372
427.925,361
427.950,326
427.975,290
428.000,268
428.025,249
428.050,215
428.075,165
428.100,112
428.125,72
428.150,44
428.175,15
428.200,-24
428.225,-72
428.250,-114
428.275,-150
428.300,-187
428.325,-232
428.350,-276
428.375,-290
428.400,-249
428.425,-155
428.450,-35
428.475,73
428.500,149
428.525,193
428.550,218
428.575,244
428.600,279
428.625,322
428.650,364
428.675,396
428.700,411
428.725,413
428.750,410
428.775,404
428.800,393
428.825,368
428.850,330
428.875,288
428.900,251
428.925,212
428.950,161
428.975,97
429.000,41
429.025,26
429.050,70
429.075,154
429.100,243
429.125,310
429.150,350
429.175,373
429.200,384
429.225,374
429.250,341
429.275,300
429.300,273
429.325,270
429.350,276
429.375,268
429.400,240
429.425,202
429.450,171
429.475,152
429.500,131
429.525,94
429.550,37
429.575,-24
429.600,-73
429.625,-90
429.650,-65
429.675,1
429.700,94
429.725,190
429.750,264
429.775,305
429.800,312
429.825,297
429.850,270
429.875,243
429.900,225
429.925,220
429.950,223
429.975,220
430.000,200
430.025,164
430.050,124
430.075,91
430.100,64
430.125,32
430.150,-8
430.175,-45
430.200,-53
430.225,-16
430.250,60
430.275,152
430.300,228
430.325,272
430.350,281
430.375,266
430.400,237
430.425,206
430.450,181
430.475,167
430.500,160
430.525,151
430.550,130
430.575,100
430.600,70
430.625,51
430.650,43
430.675,31
430.700,2
430.725,-37
430.750,-65
430.775,-54
430.800,5
430.825,93
430.850,172
430.875,215
430.900,217
430.925,196
430.950,171
430.975,150
431.000,131
431.025,114
431.050,104
431.075,103
431.100,108
431.125,108
431.150,95
431.175,77
431.200,66
431.225,63
431.250,59
431.275,41
431.300,18
431.325,20
431.350,74
431.375,180
431.400,301
431.425,393
431.450,435
431.475,443
431.500,443
431.525,447
431.550,449
431.575,438
431.600,421
431.625,417
431.650,435
431.675,462
431.700,476
431.725,469
431.750,451
431.775,438
431.800,425
431.825,397
431.850,347
431.875,300
431.900,292
431.925,342
431.950,424
431.975,484
432.000,483
432.025,416
432.050,308
432.075,188
432.100,64
432.125,-59
432.150,-175
432.175,-264
432.200,-310
432.225,-312
432.250,-291
432.275,-267
432.300,-252
432.325,-247
432.350,-248
432.375,-254
432.400,-264
432.425,-274
432.450,-273
432.475,-246
432.500,-182
432.525,-84
432.550,21
432.575,106
432.600,148
432.625,149
432.650,133
432.675,120
432.700,119
432.725,120
432.750,113
432.775,99
432.800,84
432.825,73
432.850,64
432.875,60
432.900,68
432.925,91
432.950,117
432.975,125
433.000,107
433.025,87
433.050,105
433.075,187
433.100,313
433.125,435
433.150,512
433.175,536
433.200,526
433.225,501
433.250,472
433.275,445
433.300,436
433.325,463
433.350,524
433.375,597
433.400,648
433.425,655
433.450,620
433.475,556
433.500,473
433.525,379
433.550,285
433.575,217
433.600,199
433.625,240
433.650,319
433.675,403
433.700,458
433.725,473
433.750,458
433.775,429
433.800,393
433.825,343
433.850,261
433.875,141
433.900,-1
433.925,-136
433.950,-235
433.975,-287
434.000,-305
434.025,-310
434.050,-319
434.075,-339
434.100,-363
434.125,-378
434.150,-365
434.175,-311
434.200,-217
434.225,-105
434.250,-8
434.275,52
434.300,76
434.325,80
434.350,83
434.375,97
434.400,120
434.425,149
434.450,177
434.475,198
434.500,206
434.525,204
434.550,201
434.575,199
434.600,194
434.625,176
434.650,151
434.675,142
434.700,171
434.725,239
434.750,318
434.775,374
434.800,394
434.825,386
434.850,367
434.875,343
434.900,313
434.925,281
434.950,263
434.975,265
435.000,280
435.025,284
435.050,267
435.075,235
435.100,204
435.125,177
435.150,143
435.175,104
435.200,79
435.225,97
435.250,163
435.275,246
435.300,304
435.325,314
435.350,286
435.375,249
435.400,220
435.425,201
435.450,190
435.475,186
435.500,186
435.525,179
435.550,153
435.575,110
435.600,69
435.625,49
435.650,45
435.675,35
435.700,5
435.725,-29
435.750,-36
435.775,8
435.800,90
435.825,172
435.850,220
435.875,229
435.900,212
435.925,183
435.950,148
435.975,113
436.000,87
436.025,81
436.050,93
436.075,105
436.100,103
436.125,86
436.150,70
436.175,65
436.200,66
436.225,57
436.250,37
436.275,26
436.300,55
436.325,133
436.350,239
436.375,330
436.400,377
436.425,378
436.450,352
436.475,319
436.500,289
436.525,264
436.550,247
436.575,243
436.600,249
436.625,253
436.650,243
436.675,221
436.700,200
436.725,189
436.750,180
436.775,161
436.800,132
436.825,114
436.850,132
436.875,190
436.900,264
436.925,323
436.950,351
436.975,354
437.000,342
437.025,321
437.050,293
437.075,265
437.100,247
437.125,245
437.150,249
437.175,241
437.200,216
437.225,186
437.250,160
437.275,140
437.300,114
437.325,84
437.350,59
437.375,57
437.400,76
437.425,101
437.450,115
437.475,118
437.500,116
437.525,111
437.550,99
437.575,79
437.600,60
437.625,52
437.650,56
437.675,58
437.700,50
437.725,40
437.750,45
437.775,62
437.800,75
437.825,67
437.850,50
437.875,56
437.900,107
437.925,188
437.950,260
437.975,295
438.000,294
438.025,277
438.050,255
438.075,225
438.100,190
438.125,163
438.150,158
438.175,173
438.200,183
438.225,170
438.250,140
438.275,117
438.300,114
438.325,116
438.350,100
438.375,61
438.400,26
438.425,30
438.450,83
438.475,165
438.500,240
438.525,283
438.550,294
438.575,285
438.600,271
438.625,260
438.650,252
438.675,246
438.700,243
438.725,247
438.750,258
438.775,267
438.800,262
438.825,238
438.850,206
438.875,182
438.900,167
438.925,148
438.950,109
438.975,59
439.000,32
439.025,58
439.050,129
439.075,210
439.100,261
439.125,277
439.150,278
439.175,281
439.200,280
439.225,265
439.250,237
439.275,214
439.300,209
439.325,212
439.350,205
439.375,177
439.400,139
439.425,105
439.450,78
439.475,50
439.500,17
439.525,-15
439.550,-40
439.575,-62
439.600,-85
439.625,-111
439.650,-129
439.675,-136
439.700,-138
439.725,-140
439.750,-129
439.775,-76
439.800,33
439.825,180
439.850,320
439.875,421
439.900,481
439.925,521
439.950,554
439.975,575
440.000,571
440.025,544
440.050,512
440.075,489
440.100,473
440.125,451
440.150,416
440.175,373
440.200,334
440.225,304
440.250,280
440.275,255
440.300,227
440.325,194
440.350,161
440.375,128
440.400,96
440.425,64
440.450,28
440.475,-7
440.500,-38
440.525,-65
440.550,-94
440.575,-134
440.600,-177
440.625,-198
440.650,-174
440.675,-105
440.700,-19
440.725,48
440.750,85
440.775,103
440.800,119
440.825,134
440.850,139
440.875,131
440.900,124
440.925,137
440.950,171
440.975,208
441.000,226
441.025,224
441.050,218
441.075,224
441.100,244
441.125,265
441.150,272
441.175,263
441.200,243
441.225,223
441.250,204
441.275,184
441.300,157
441.325,125
441.350,91
441.375,63
441.400,39
441.425,8
441.450,-33
441.475,-78
441.500,-97
441.525,-65
441.550,16
441.575,117
441.600,201
441.625,251
441.650,280
441.675,305
441.700,334
441.725,358
441.750,369
441.775,374
441.800,383
441.825,400
441.850,417
441.875,423
441.900,417
441.925,407
441.950,401
441.975,399
442.000,394
442.025,381
442.050,361
442.075,340
442.100,323
442.125,308
442.150,289
442.175,260
442.200,220
442.225,169
442.250,110
442.275,42
442.300,-33
442.325,-108
442.350,-159
442.375,-165
442.400,-120
442.425,-49
442.450,10
442.475,39
442.500,46
442.525,54
442.550,78
442.575,107
442.600,128
442.625,136
442.650,144
442.675,161
442.700,180
442.725,189
442.750,185
442.775,178
442.800,178
442.825,181
442.850,173
442.875,152
442.900,127
442.925,109
442.950,94
442.975,72
443.000,43
443.025,18
443.050,7
443.075,0
443.100,-21
443.125,-57
443.150,-78
443.175,-47
443.200,39
443.225,151
443.250,243
443.275,295
443.300,319
443.325,331
443.350,334
443.375,326
443.400,311
443.425,304
443.450,312
443.475,322
443.500,317
443.525,295
443.550,272
443.575,265
443.600,267
443.625,260
443.650,238
443.675,213
443.700,200
443.725,194
443.750,176
443.775,137
443.800,93
443.825,67
443.850,55
443.875,35
443.900,-6
443.925,-46
443.950,-42
443.975,25
444.000,132
444.025,228
444.050,280
444.075,289
444.100,282
444.125,273
444.150,264
444.175,250
444.200,236
444.225,230
444.250,237
444.275,248
444.300,254
444.325,249
444.350,238
444.375,222
444.400,206
444.425,190
444.450,171
444.475,149
444.500,124
444.525,99
444.550,81
444.575,67
444.600,46
444.625,10
444.650,-29
444.675,-46
444.700,-13
444.725,65
444.750,159
444.775,232
444.800,268
444.825,274
444.850,264
444.875,245
444.900,221
444.925,201
444.950,196
444.975,208
445.000,220
445.025,219
445.050,205
445.075,191
445.100,185
445.125,180
445.150,164
445.175,141
445.200,123
445.225,115
445.250,104
445.275,72
445.300,27
445.325,1
445.350,26
445.375,99
445.400,186
445.425,247
445.450,271
445.475,272
445.500,265
445.525,252
445.550,231
445.575,209
445.600,197
445.625,203
445.650,218
445.675,225
445.700,215
445.725,194
445.750,172
445.775,157
445.800,147
445.825,135
445.850,117
445.875,89
445.900,59
445.925,42
445.950,59
445.975,114
446.000,191
446.025,258
446.050,291
446.075,288
446.100,268
446.125,246
446.150,228
446.175,211
446.200,197
446.225,189
446.250,190
446.275,194
446.300,189
446.325,169
446.350,140
446.375,114
446.400,99
446.425,87
446.450,69
446.475,40
446.500,13
446.525,12
446.550,52
446.575,125
446.600,201
446.625,251
446.650,264
446.675,255
446.700,246
446.725,243
446.750,235
446.775,216
446.800,194
446.825,183
446.850,187
446.875,193
446.900,184
446.925,162
446.950,139
446.975,123
447.000,103
447.025,68
447.050,23
447.075,-4
447.100,10
447.125,67
447.150,136
447.175,190
447.200,219
447.225,234
447.250,243
447.275,248
447.300,241
447.325,224
447.350,204
447.375,187
447.400,179
447.425,176
447.450,177
447.475,173
447.500,157
447.525,128
447.550,98
447.575,78
447.600,69
447.625,53
447.650,17
447.675,-26
447.700,-44
447.725,-8
447.750,70
447.775,155
447.800,217
447.825,256
447.850,292
447.875,335
447.900,368
447.925,374
447.950,357
447.975,342
448.000,347
448.025,368
448.050,382
448.075,379
448.100,366
448.125,354
448.150,347
448.175,336
448.200,315
448.225,290
448.250,265
448.275,239
448.300,204
448.325,160
448.350,113
448.375,70
448.400,31
448.425,0
448.450,-22
448.475,-37
448.500,-56
448.525,-95
448.550,-150
448.575,-189
448.600,-174
448.625,-99
448.650,3
448.675,86
448.700,127
448.725,145
448.750,168
448.775,201
448.800,230
448.825,239
448.850,234
448.875,235
448.900,251
448.925,273
448.950,288
448.975,291
449.000,287
449.025,282
449.050,273
449.075,260
449.100,245
449.125,231
449.150,217
449.175,197
449.200,172
449.225,148
449.250,131
449.275,115
449.300,93
449.325,64
449.350,40
449.375,22
449.400,0
449.425,-35
449.450,-75
449.475,-87
449.500,-44
449.525,44
449.550,138
449.575,203
449.600,236
449.625,261
449.650,293
449.675,325
449.700,338
449.725,329
449.750,317
449.775,318
449.800,331
449.825,340
449.850,335
449.875,321
449.900,309
449.925,300
449.950,287
449.975,268
450.000,247
450.025,228
450.050,211
450.075,190
450.100,163
450.125,137
450.150,113
450.175,89
450.200,62
450.225,35
450.250,14
450.275,-5
450.300,-33
450.325,-73
450.350,-105
450.375,-99
450.400,-41
450.425,47
450.450,127
450.475,175
450.500,201
450.525,224
450.550,254
450.575,278
450.600,284
450.625,275
450.650,269
450.675,275
450.700,288
450.725,297
450.750,299
450.775,295
450.800,291
450.825,283
450.850,268
450.875,247
450.900,228
450.925,211
450.950,194
450.975,172
451.000,149
451.025,130
451.050,112
451.075,88
451.100,52
451.125,11
451.150,-25
451.175,-55
451.200,-79
451.225,-92
451.250,-81
451.275,-34
451.300,44
451.325,129
451.350,192
451.375,224
451.400,239
451.425,253
451.450,269
451.475,278
451.500,277
451.525,273
451.550,278
451.575,292
451.600,301
451.625,295
451.650,276
451.675,260
451.700,255
451.725,254
451.750,242
451.775,217
451.800,188
451.825,167
451.850,155
451.875,141
451.900,119
451.925,91
451.950,69
451.975,56
452.000,41
452.025,14
452.050,-22
452.075,-50
452.100,-43
452.125,6
452.150,84
452.175,162
452.200,217
452.225,244
452.250,255
452.275,260
452.300,264
452.325,265
452.350,264
452.375,266
452.400,276
452.425,295
452.450,315
452.475,326
452.500,324
452.525,317
452.550,315
452.575,316
452.600,306
452.625,265
452.650,191
452.675,104
452.700,34
452.725,2
452.750,3
452.775,8
452.800,-3
452.825,-36
452.850,-69
452.875,-77
452.900,-48
452.925,15
452.950,97
452.975,179
453.000,245
453.025,283
453.050,292
453.075,280
453.100,265
453.125,260
453.150,266
453.175,278
453.200,285
453.225,284
453.250,272
453.275,249
453.300,215
453.325,177
453.350,146
453.375,130
453.400,121
453.425,106
453.450,76
453.475,39
453.500,12
453.525,4
453.550,4
453.575,-2
453.600,-17
453.625,-17
453.650,17
453.675,87
453.700,165
453.725,222
453.750,248
453.775,255
453.800,258
453.825,259
453.850,253
453.875,241
453.900,235
453.925,243
453.950,260
453.975,269
454.000,263
454.025,248
454.050,234
454.075,223
454.100,209
454.125,187
454.150,164
454.175,147
454.200,134
454.225,113
454.250,81
454.275,54
454.300,56
454.325,100
454.350,169
454.375,231
454.400,265
454.425,270
454.450,259
454.475,245
454.500,232
454.525,219
454.550,209
454.575,205
454.600,205
454.625,203
454.650,194
454.675,179
454.700,163
454.725,149
454.750,138
454.775,128
454.800,113
454.825,91
454.850,61
454.875,33
454.900,23
454.925,46
454.950,102
454.975,171
455.000,224
455.025,247
455.050,244
455.075,229
455.100,218
455.125,210
455.150,201
455.175,193
455.200,189
455.225,191
455.250,194
455.275,189
455.300,173
455.325,152
455.350,139
455.375,135
455.400,130
455.425,114
455.450,85
455.475,60
455.500,60
455.525,97
455.550,158
455.575,218
455.600,253
455.625,258
455.650,244
455.675,225
455.700,210
455.725,197
455.750,187
455.775,183
455.800,186
455.825,190
455.850,186
455.875,172
455.900,156
455.925,144
455.950,136
455.975,122
456.000,96
456.025,69
456.050,62
456.075,90
456.100,146
456.125,207
456.150,246
456.175,256
456.200,248
456.225,234
456.250,220
456.275,204
456.300,188
456.325,178
456.350,179
456.375,184
456.400,183
456.425,169
456.450,150
456.475,135
456.500,128
456.525,117
456.550,93
456.575,66
456.600,58
456.625,88
456.650,150
456.675,217
456.700,258
456.725,266
456.750,254
456.775,238
456.800,224
456.825,209
456.850,194
456.875,186
456.900,187
456.925,191
456.950,184
456.975,163
457.000,139
457.025,124
457.050,116
457.075,101
457.100,71
457.125,40
457.150,35
457.175,69
457.200,131
457.225,194
457.250,238
457.275,260
457.300,265
457.325,259
457.350,247
457.375,231
457.400,219
457.425,212
457.450,208
457.475,203
457.500,195
457.525,186
457.550,176
457.575,159
457.600,135
457.625,111
457.650,95
457.675,83
457.700,60
457.725,22
457.750,-11
457.775,-8
457.800,44
457.825,126
457.850,199
457.875,239
457.900,253
457.925,266
457.950,283
457.975,294
458.000,287
458.025,270
458.050,257
458.075,258
458.100,263
458.125,261
458.150,251
458.175,240
458.200,230
458.225,217
458.250,194
458.275,168
458.300,147
458.325,130
458.350,110
458.375,82
458.400,53
458.425,31
458.450,13
458.475,-12
458.500,-50
458.525,-75
458.550,-58
458.575,10
458.600,102
458.625,176
458.650,213
458.675,228
458.700,245
458.725,272
458.750,297
458.775,304
458.800,296
458.825,288
458.850,288
458.875,294
458.900,297
458.925,292
458.950,281
458.975,267
459.000,251
459.025,233
459.050,214
459.075,197
459.100,183
459.125,169
459.150,151
459.175,129
459.200,102
459.225,75
459.250,53
459.275,34
459.300,12
459.325,-18
459.350,-56
459.375,-80
459.400,-69
459.425,-14
459.450,66
459.475,143
459.500,195
459.525,223
459.550,245
459.575,270
459.600,289
459.625,292
459.650,280
459.675,268
459.700,269
459.725,284
459.750,301
459.775,307
459.800,299
459.825,284
459.850,267
459.875,253
459.900,241
459.925,227
459.950,211
459.975,190
460.000,168
460.025,145
460.050,123
460.075,99
460.100,74
460.125,53
460.150,38
460.175,23
460.200,-1
460.225,-39
460.250,-69
460.275,-64
460.300,-11
460.325,72
460.350,150
460.375,200
460.400,222
460.425,238
460.450,257
460.475,273
460.500,276
460.525,265
460.550,254
460.575,256
460.600,269
460.625,281
460.650,282
460.675,275
460.700,264
460.725,253
460.750,241
460.775,229
460.800,216
460.825,206
460.850,194
460.875,177
460.900,154
460.925,129
460.950,105
460.975,85
461.000,69
461.025,55
461.050,40
461.075,17
461.100,-12
461.125,-38
461.150,-39
461.175,0
461.200,71
461.225,149
461.250,205
461.275,232
461.300,240
461.325,246
461.350,252
461.375,253
461.400,247
461.425,240
461.450,240
461.475,248
461.500,255
461.525,253
461.550,245
461.575,240
461.600,240
461.625,238
461.650,228
461.675,210
461.700,192
461.725,181
461.750,171
461.775,156
461.800,132
461.825,110
461.850,94
461.875,82
461.900,63
461.925,33
461.950,5
461.975,0
462.000,31
462.025,92
462.050,155
462.075,201
462.100,221
462.125,225
462.150,224
462.175,222
462.200,219
462.225,215
462.250,213
462.275,217
462.300,226
462.325,233
462.350,232
462.375,224
462.400,213
462.425,204
462.450,197
462.475,189
462.500,176
462.525,160
462.550,143
462.575,130
462.600,117
462.625,98
462.650,72
462.675,50
462.700,50
462.725,82
462.750,138
462.775,194
462.800,231
462.825,242
462.850,237
462.875,228
462.900,219
462.925,209
462.950,200
462.975,197
463.000,203
463.025,210
463.050,209
463.075,198
463.100,185
463.125,176
463.150,168
463.175,153
463.200,133
463.225,118
463.250,111
463.275,106
463.300,88
463.325,56
463.350,32
463.375,43
463.400,97
463.425,170
463.450,227
463.475,252
463.500,253
463.525,247
463.550,241
463.575,230
463.600,214
463.625,201
463.650,197
463.675,203
463.700,207
463.725,203
463.750,192
463.775,182
463.800,171
463.825,155
463.850,133
463.875,113
463.900,101
463.925,91
463.950,68
463.975,35
464.000,13
464.025,31
464.050,94
464.075,175
464.100,237
464.125,264
464.150,266
464.175,264
464.200,264
464.225,259
464.250,242
464.275,224
464.300,219
464.325,228
464.350,235
464.375,227
464.400,206
464.425,188
464.450,178
464.475,169
464.500,150
464.525,122
464.550,97
464.575,81
464.600,63
464.625,32
464.650,-8
464.675,-30
464.700,-7
464.725,61
464.750,148
464.775,217
464.800,253
464.825,265
464.850,268
464.875,271
464.900,271
464.925,264
464.950,253
464.975,246
465.000,245
465.025,246
465.050,240
465.075,227
465.100,210
465.125,196
465.150,187
465.175,176
465.200,157
465.225,130
465.250,101
465.275,80
465.300,63
465.325,42
465.350,7
465.375,-30
465.400,-46
465.425,-15
465.450,59
465.475,148
465.500,217
465.525,252
465.550,265
465.575,274
465.600,283
465.625,286
465.650,278
465.675,264
465.700,257
465.725,259
465.750,262
465.775,259
465.800,250
465.825,238
465.850,226
465.875,211
465.900,193
465.925,173
465.950,153
465.975,133
466.000,110
466.025,86
466.050,66
466.075,48
466.100,23
466.125,-9
466.150,-38
466.175,-35
466.200,15
466.225,98
466.250,180
466.275,231
466.300,252
466.325,260
466.350,268
466.375,270
466.400,261
466.425,245
466.450,234
466.475,239
466.500,250
466.525,256
466.550,251
466.575,240
466.600,230
466.625,220
466.650,206
466.675,191
466.700,177
466.725,163
466.750,144
466.775,119
466.800,94
466.825,75
466.850,59
466.875,32
466.900,-4
466.925,-27
466.950,-10
466.975,55
467.000,140
467.025,207
467.050,238
467.075,244
467.100,244
467.125,247
467.150,246
467.175,236
467.200,224
467.225,222
467.250,228
467.275,235
467.300,232
467.325,224
467.350,216
467.375,211
467.400,205
467.425,194
467.450,180
467.475,167
467.500,150
467.525,127
467.550,103
467.575,84
467.600,74
467.625,63
467.650,42
467.675,20
467.700,19
467.725,59
467.750,130
467.775,202
467.800,246
467.825,257
467.850,250
467.875,241
467.900,233
467.925,223
467.950,212
467.975,204
468.000,206
468.025,214
468.050,220
468.075,219
468.100,214
468.125,206
468.150,200
468.175,194
468.200,188
468.225,177
468.250,161
468.275,142
468.300,125
468.325,114
468.350,103
468.375,83
468.400,55
468.425,36
468.450,49
468.475,101
468.500,171
468.525,227
468.550,250
468.575,246
468.600,233
468.625,223
468.650,213
468.675,201
468.700,190
468.725,189
468.750,198
468.775,205
468.800,202
468.825,192
468.850,185
468.875,182
468.900,178
468.925,166
468.950,149
468.975,135
469.000,124
469.025,107
469.050,82
469.075,61
469.100,64
469.125,102
469.150,163
469.175,218
469.200,247
469.225,249
469.250,236
469.275,221
469.300,208
469.325,198
469.350,192
469.375,191
469.400,195
469.425,200
469.450,201
469.475,193
469.500,179
469.525,160
469.550,144
469.575,136
469.600,132
469.625,120
469.650,94
469.675,62
469.700,44
469.725,61
469.750,113
469.775,178
469.800,229
469.825,254
469.850,253
469.875,240
469.900,221
469.925,202
469.950,188
469.975,184
470.000,188
470.025,196
470.050,198
470.075,193
470.100,180
470.125,162
470.150,141
470.175,123
470.200,110
470.225,98
470.250,77
470.275,43
470.300,8
470.325,0
470.350,32
470.375,99
470.400,167
470.425,210
470.450,228
470.475,236
470.500,242
470.525,242
470.550,231
470.575,212
470.600,202
470.625,207
470.650,218
470.675,220
470.700,209
470.725,193
470.750,181
470.775,172
470.800,159
470.825,144
470.850,131
470.875,117
470.900,97
470.925,68
470.950,45
470.975,53
471.000,103
471.025,178
471.050,247
471.075,288
471.100,307
471.125,324
471.150,346
471.175,362
471.200,362
471.225,347
471.250,333
471.275,333
471.300,344
471.325,348
471.350,335
471.375,302
471.400,262
471.425,223
471.450,186
471.475,145
471.500,93
471.525,34
471.550,-20
471.575,-63
471.600,-96
471.625,-130
471.650,-172
471.675,-210
471.700,-215
471.725,-166
471.750,-70
471.775,39
471.800,126
471.825,178
471.850,208
471.875,237
471.900,269
471.925,291
471.950,293
471.975,281
472.000,272
472.025,278
472.050,292
472.075,299
472.100,291
472.125,273
472.150,258
472.175,251
472.200,248
472.225,238
472.250,222
472.275,204
472.300,191
472.325,180
472.350,165
472.375,142
472.400,116
472.425,97
472.450,82
472.475,63
472.500,31
472.525,-4
472.550,-20
472.575,5
472.600,69
472.625,143
472.650,197
472.675,221
472.700,227
472.725,234
472.750,246
472.775,256
472.800,255
472.825,245
472.850,239
472.875,245
472.900,256
472.925,263
472.950,258
472.975,246
473.000,233
473.025,224
473.050,217
473.075,207
473.100,192
473.125,178
473.150,167
473.175,158
473.200,145
473.225,127
473.250,106
473.275,90
473.300,81
473.325,71
473.350,50
473.375,20
473.400,1
473.425,14
473.450,64
473.475,131
473.500,184
473.525,207
473.550,209
473.575,211
473.600,222
473.625,234
473.650,234
473.675,224
473.700,218
473.725,225
473.750,241
473.775,251
473.800,247
473.825,233
473.850,223
473.875,219
473.900,216
473.925,205
473.950,189
473.975,176
474.000,169
474.025,161
474.050,146
474.075,124
474.100,107
474.125,100
474.150,97
474.175,84
474.200,57
474.225,32
474.250,29
474.275,59
474.300,113
474.325,167
474.350,203
474.375,218
474.400,220
474.425,216
474.450,210
474.475,204
474.500,197
474.525,195
474.550,198
474.575,206
474.600,214
474.625,216
474.650,213
474.675,206
474.700,201
474.725,200
474.750,197
474.775,188
474.800,174
474.825,160
474.850,152
474.875,147
474.900,137
474.925,115
474.950,87
474.975,72
475.000,87
475.025,130
475.050,184
475.075,227
475.100,251
475.125,259
475.150,257
475.175,248
475.200,232
475.225,214
475.250,201
475.275,200
475.300,209
475.325,218
475.350,220
475.375,213
475.400,200
475.425,187
475.450,175
475.475,164
475.500,149
475.525,130
475.550,107
475.575,85
475.600,68
475.625,52
475.650,30
475.675,0
475.700,-26
475.725,-26
475.750,11
475.775,76
475.800,143
475.825,189
475.850,211
475.875,218
475.900,223
475.925,226
475.950,224
475.975,220
476.000,220
476.025,228
476.050,241
476.075,250
476.100,251
476.125,246
476.150,237
476.175,229
476.200,221
476.225,213
476.250,202
476.275,184
476.300,160
476.325,134
476.350,113
476.375,97
476.400,77
476.425,44
476.450,9
476.475,0
476.500,32
476.525,101
476.550,174
476.575,222
476.600,240
476.625,245
476.650,252
476.675,259
476.700,258
476.725,247
476.750,236
476.775,238
476.800,249
476.825,258
476.850,257
476.875,248
476.900,238
476.925,230
476.950,218
476.975,202
477.000,185
477.025,168
477.050,151
477.075,127
477.100,101
477.125,77
477.150,55
477.175,30
477.200,0
477.225,-25
477.250,-22
477.275,22
477.300,96
477.325,169
477.350,215
477.375,232
477.400,234
477.425,235
477.450,237
477.475,235
477.500,227
477.525,220
477.550,222
477.575,230
477.600,238
477.625,238
477.650,231
477.675,219
477.700,209
477.725,200
477.750,188
477.775,171
477.800,149
477.825,128
477.850,113
477.875,101
477.900,85
477.925,59
477.950,30
477.975,20
478.000,48
478.025,108
478.050,175
478.075,223
478.100,242
478.125,243
478.150,243
478.175,244
478.200,241
478.225,229
478.250,218
478.275,217
478.300,228
478.325,240
478.350,239
478.375,223
478.400,204
478.425,193
478.450,190
478.475,189
478.500,178
478.525,157
478.550,133
478.575,115
478.600,104
478.625,92
478.650,71
478.675,45
478.700,28
478.725,40
478.750,84
478.775,146
478.800,200
478.825,228
478.850,232
478.875,225
478.900,219
478.925,212
478.950,201
478.975,191
479.000,189
479.025,198
479.050,212
479.075,216
479.100,209
479.125,196
479.150,188
479.175,186
479.200,180
479.225,165
479.250,146
479.275,131
479.300,121
479.325,108
479.350,86
479.375,64
479.400,62
479.425,91
479.450,143
479.475,195
479.500,230
479.525,241
479.550,236
479.575,225
479.600,212
479.625,199
479.650,191
479.675,191
479.700,198
479.725,204
479.750,205
479.775,201
479.800,194
479.825,185
479.850,172
479.875,158
479.900,147
479.925,140
479.950,131
479.975,112
480.000,86
480.025,69
480.050,79
480.075,119
480.100,171
480.125,212
480.150,229
480.175,229
480.200,223
480.225,215
480.250,206
480.275,196
480.300,190
480.325,193
480.350,200
480.375,202
480.400,197
480.425,186
480.450,176
480.475,167
480.500,157
480.525,145
480.550,135
480.575,126
480.600,112
480.625,87
480.650,58
480.675,46
480.700,66
480.725,117
480.750,174
480.775,214
480.800,230
480.825,233
480.850,236
480.875,238
480.900,232
480.925,217
480.950,203
480.975,201
481.000,211
481.025,218
481.050,212
481.075,197
481.100,184
481.125,179
481.150,175
481.175,160
481.200,137
481.225,115
481.250,103
481.275,92
481.300,71
481.325,40
481.350,18
481.375,28
481.400,73
481.425,134
481.450,183
481.475,210
481.500,221
481.525,230
481.550,242
481.575,249
481.600,245
481.625,234
481.650,226
481.675,229
481.700,239
481.725,247
481.750,246
481.775,237
481.800,224
481.825,210
481.850,197
481.875,184
481.900,170
481.925,150
481.950,126
481.975,105
482.000,88
482.025,74
482.050,52
482.075,23
482.100,-3
482.125,-4
482.150,29
482.175,90
482.200,151
482.225,192
482.250,211
482.275,223
482.300,238
482.325,255
482.350,264
482.375,261
482.400,252
482.425,249
482.450,254
482.475,263
482.500,267
482.525,263
482.550,254
482.575,246
482.600,238
482.625,228
482.650,214
482.675,198
482.700,183
482.725,169
482.750,154
482.775,134
482.800,111
482.825,91
482.850,77
482.875,65
482.900,45
482.925,13
482.950,-18
482.975,-27
483.000,1
483.025,61
483.050,126
483.075,169
483.100,187
483.125,194
483.150,207
483.175,225
483.200,239
483.225,239
483.250,233
483.275,235
483.300,248
483.325,264
483.350,269
483.375,259
483.400,244
483.425,234
483.450,231
483.475,225
483.500,212
483.525,194
483.550,179
483.575,169
483.600,157
483.625,138
483.650,117
483.675,101
483.700,89
483.725,74
483.750,46
483.775,15
483.800,4
483.825,31
483.850,91
483.875,157
483.900,202
483.925,218
483.950,220
483.975,224
484.000,232
484.025,235
484.050,230
484.075,223
484.100,224
484.125,233
484.150,242
484.175,244
484.200,238
484.225,233
484.250,229
484.275,222
484.300,207
484.325,188
484.350,174
484.375,168
484.400,161
484.425,146
484.450,126
484.475,110
484.500,102
484.525,95
484.550,76
484.575,47
484.600,26
484.625,35
484.650,79
484.675,137
484.700,186
484.725,210
484.750,214
484.775,212
484.800,209
484.825,207
484.850,203
484.875,199
484.900,200
484.925,206
484.950,215
484.975,219
485.000,216
485.025,209
485.050,202
485.075,197
485.100,193
485.125,183
485.150,166
485.175,147
485.200,134
485.225,128
485.250,120
485.275,102
485.300,75
485.325,55
485.350,61
485.375,100
485.400,156
485.425,204
485.450,228
485.475,228
485.500,221
485.525,217
485.550,215
485.575,211
485.600,203
485.625,197
485.650,201
485.675,211
485.700,218
485.725,213
485.750,198
485.775,184
485.800,177
485.825,172
485.850,163
485.875,146
485.900,129
485.925,118
485.950,112
485.975,98
486.000,71
486.025,42
486.050,33
486.075,60
486.100,117
486.125,177
486.150,217
486.175,229
486.200,227
486.225,223
486.250,223
486.275,221
486.300,213
486.325,203
486.350,200
486.375,205
486.400,213
486.425,215
486.450,208
486.475,197
486.500,188
486.525,183
486.550,176
486.575,163
486.600,145
486.625,129
486.650,120
486.675,112
486.700,95
486.725,67
486.750,39
486.775,32
486.800,60
486.825,119
486.850,185
486.875,235
486.900,256
486.925,255
486.950,245
486.975,236
487.000,227
487.025,218
487.050,211
487.075,210
487.100,215
487.125,219
487.150,215
487.175,205
487.200,194
487.225,189
487.250,186
487.275,178
487.300,162
487.325,144
487.350,130
487.375,119
487.400,101
487.425,75
487.450,53
487.475,55
487.500,90
487.525,144
487.550,193
487.575,219
487.600,223
487.625,218
487.650,215
487.675,210
487.700,201
487.725,191
487.750,188
487.775,195
487.800,205
487.825,207
487.850,200
487.875,191
487.900,186
487.925,182
487.950,173
487.975,157
488.000,142
488.025,133
488.050,125
488.075,107
488.100,80
488.125,63
488.150,75
488.175,119
488.200,175
488.225,216
488.250,233
488.275,233
488.300,229
488.325,225
488.350,217
488.375,206
488.400,197
488.425,196
488.450,200
488.475,203
488.500,200
488.525,192
488.550,183
488.575,175
488.600,166
488.625,159
488.650,154
488.675,148
488.700,136
488.725,112
488.750,86
488.775,74
488.800,91
488.825,131
488.850,177
488.875,211
488.900,226
488.925,226
488.950,219
488.975,206
489.000,192
489.025,181
489.050,177
489.075,182
489.100,191
489.125,196
489.150,191
489.175,180
489.200,167
489.225,158
489.250,153
489.275,150
489.300,141
489.325,122
489.350,97
489.375,81
489.400,88
489.425,122
489.450,170
489.475,212
489.500,235
489.525,239
489.550,232
489.575,221
489.600,209
489.625,197
489.650,188
489.675,185
489.700,189
489.725,194
489.750,195
489.775,187
489.800,171
489.825,155
489.850,145
489.875,140
489.900,135
489.925,120
489.950,95
489.975,70
490.000,66
490.025,90
490.050,135
490.075,180
490.100,210
490.125,223
490.150,228
490.175,230
490.200,228
490.225,219
490.250,205
490.275,195
490.300,192
490.325,195
490.350,196
490.375,193
490.400,186
490.425,176
490.450,163
490.475,147
490.500,132
490.525,120
490.550,107
490.575,88
490.600,65
490.625,51
490.650,62
490.675,100
490.700,152
490.725,196
490.750,222
490.775,232
490.800,238
490.825,243
490.850,245
490.875,241
490.900,230
490.925,221
490.950,218
490.975,222
491.000,228
491.025,228
491.050,218
491.075,202
491.100,184
491.125,170
491.150,158
491.175,143
491.200,124
491.225,106
491.250,92
491.275,79
491.300,58
491.325,30
491.350,8
491.375,14
491.400,56
491.425,118
491.450,171
491.475,198
491.500,206
491.525,214
491.550,233
491.575,254
491.600,263
491.625,255
491.650,244
491.675,245
491.700,259
491.725,271
491.750,272
491.775,260
491.800,245
491.825,236
491.850,231
491.875,222
491.900,206
491.925,187
491.950,173
491.975,163
492.000,151
492.025,133
492.050,109
492.075,87
492.100,72
492.125,59
492.150,40
492.175,13
492.200,-9
492.225,-7
492.250,28
492.275,85
492.300,140
492.325,172
492.350,183
492.375,189
492.400,204
492.425,225
492.450,241
492.475,243
492.500,239
492.525,239
492.550,250
492.575,263
492.600,270
492.625,264
492.650,254
492.675,245
492.700,241
492.725,235
492.750,223
492.775,205
492.800,188
492.825,174
492.850,162
492.875,145
492.900,123
492.925,104
492.950,90
492.975,80
493.000,64
493.025,37
493.050,12
493.075,8
493.100,37
493.125,88
493.150,139
493.175,173
493.200,187
493.225,196
493.250,207
493.275,220
493.300,228
493.325,228
493.350,227
493.375,230
493.400,238
493.425,248
493.450,253
493.475,251
493.500,243
493.525,234
493.550,225
493.575,218
493.600,212
493.625,203
493.650,192
493.675,179
493.700,167
493.725,157
493.750,144
493.775,125
493.800,105
493.825,91
493.850,84
493.875,74
493.900,53
493.925,23
493.950,7
493.975,25
494.000,76
494.025,138
494.050,182
494.075,201
494.100,206
494.125,211
494.150,222
494.175,230
494.200,230
494.225,227
494.250,229
494.275,238
494.300,249
494.325,254
494.350,251
494.375,245
494.400,239
494.425,235
494.450,230
494.475,223
494.500,214
494.525,201
494.550,186
494.575,170
494.600,155
494.625,142
494.650,127
494.675,110
494.700,94
494.725,80
494.750,63
494.775,39
494.800,11
494.825,-2
494.850,13
494.875,60
494.900,115
494.925,152
494.950,161
494.975,157
495.000,156
495.025,164
495.050,170
495.075,165
495.100,155
495.125,152
495.150,162
495.175,176
495.200,179
495.225,169
495.250,155
495.275,147
495.300,145
495.325,141
495.350,132
495.375,120
495.400,111
495.425,103
495.450,92
495.475,78
495.500,65
495.525,59
495.550,55
495.575,47
495.600,31
495.625,13
495.650,8
495.675,30
495.700,79
495.725,145
495.750,209
495.775,257
495.800,285
495.825,301
495.850,318
495.875,340
495.900,365
495.925,388
495.950,408
495.975,436
496.000,477
496.025,523
496.050,550
496.075,542
496.100,503
496.125,461
496.150,438
496.175,436
496.200,441
496.225,442
496.250,436
496.275,422
496.300,387
496.325,320
496.350,225
496.375,135
496.400,81
496.425,68
496.450,65
496.475,42
496.500,-4
496.525,-51
496.550,-79
496.575,-94
496.600,-114
496.625,-146
496.650,-174
496.675,-182
496.700,-166
496.725,-136
496.750,-97
496.775,-49
496.800,0
496.825,34
496.850,41
496.875,33
496.900,32
496.925,42
496.950,39
496.975,5
497.000,-48
497.025,-93
497.050,-116
497.075,-129
497.100,-144
497.125,-148
497.150,-118
497.175,-60
497.200,-11
497.225,3
497.250,7
497.275,37
497.300,91
497.325,124
497.350,104
497.375,60
497.400,49
497.425,81
497.450,105
497.475,80
497.500,36
497.525,38
497.550,96
497.575,154
497.600,160
497.625,147
497.650,182
497.675,273
497.700,345
497.725,348
497.750,339
497.775,407
497.800,528
497.825,559
497.850,413
497.875,212
497.900,198
497.925,475
497.950,890
497.975,1221
498.000,1428
498.025,1666
498.050,2039
498.075,2426
498.100,2625
498.125,2659
498.150,2792
498.175,3195
498.200,3610
498.225,3484
498.250,2507
498.275,1007
498.300,-215
498.325,-496
498.350,219
498.375,1436
498.400,2550
498.425,3252
498.450,3610
498.475,3871
498.500,4216
498.525,4622
498.550,4883
498.575,4771
498.600,4249
498.625,3564
498.650,3099
498.675,3069
498.700,3329
498.725,3486
498.750,3223
498.775,2510
498.800,1562
498.825,635
498.850,-88
498.875,-489
498.900,-511
498.925,-249
498.950,-13
498.975,-225
499.000,-1156
499.025,-2734
499.050,-4589
499.075,-6273
499.100,-7501
499.125,-8258
499.150,-8753
499.175,-9250
499.200,-9885
499.225,-10602
499.250,-11304
499.275,-12088
499.300,-13216
499.325,-14724
499.350,-16046
499.375,-16223
499.400,-14731
499.425,-12140
499.450,-9749
499.475,-8336
499.500,-7272
499.525,-5095
499.550,-1124
499.575,3522
499.600,6718
499.625,7217
499.650,5746
499.675,4191
499.700,3792
499.725,4226
499.750,4387
499.775,3787
499.800,3001
499.825,2857
499.850,3524
499.875,4569
499.900,5728
499.925,7269
499.950,9437
499.975,11738
500.000,13067
500.025,12677
500.050,10918
500.075,8931
500.100,7645
500.125,7139
500.150,6914
500.175,6577
500.200,6141
500.225,5754
500.250,5358
500.275,4722
500.300,3722
500.325,2478
500.350,1210
500.375,77
500.400,-833
500.425,-1442
500.450,-1725
500.475,-1796
500.500,-1837
500.525,-1894
500.550,-1824
500.575,-1522
500.600,-1149
500.625,-1032
500.650,-1283
500.675,-1633
500.700,-1716
500.725,-1485
500.750,-1211
500.775,-1064
500.800,-823
500.825,-169
500.850,808
500.875,1585
500.900,1798
500.925,1755
500.950,2125
500.975,3076
501.000,3867
501.025,3500
501.050,1784
501.075,-358
501.100,-1728
501.125,-1914
501.150,-1501
501.175,-1303
501.200,-1570
501.225,-1963
501.250,-2126
501.275,-2066
501.300,-1959
501.325,-1787
501.350,-1372
501.375,-718
501.400,-154
501.425,-36
501.450,-364
501.475,-787
501.500,-981
501.525,-947
501.550,-920
501.575,-1057
501.600,-1317
501.625,-1638
501.650,-2094
501.675,-2832
501.700,-3884
501.725,-5142
501.750,-6476
501.775,-7721
501.800,-8512
501.825,-8258
501.850,-6523
501.875,-3539
501.900,-285
501.925,2113
501.950,3161
501.975,3204
502.000,2903
502.025,2568
502.050,2022
502.075,1044
502.100,-238
502.125,-1469
502.150,-2453
502.175,-3290
502.200,-4061
502.225,-4533
502.250,-4326
502.275,-3369
502.300,-2067
502.325,-941
502.350,-168
502.375,430
502.400,989
502.425,1361
502.450,1357
502.475,1080
502.500,859
502.525,830
502.550,751
502.575,334
502.600,-319
502.625,-809
502.650,-957
502.675,-1053
502.700,-1464
502.725,-2093
502.750,-2476
502.775,-2404
502.800,-2241
502.825,-2441
502.850,-2904
502.875,-3066
502.900,-2667
502.925,-2146
502.950,-2067
502.975,-2323
503.000,-2239
503.025,-1508
503.050,-679
503.075,-448
503.100,-674
503.125,-501
503.150,469
503.175,1563
503.200,1904
503.225,1668
503.250,1943
503.275,3255
503.300,4751
503.325,5285
503.350,5025
503.375,5348
503.400,7008
503.425,9049
503.450,10070
503.475,10223
503.500,11105
503.525,13497
503.550,16046
503.575,16936
503.600,16439
503.625,16691
503.650,18652
503.675,20423
503.700,19666
503.725,17207
503.750,16575
503.775,19300
503.800,22067
503.825,20313
503.850,14257
503.875,8940
503.900,6777
503.925,1935
503.950,-14147
503.975,-32768
504.000,-32768
504.025,-32768
504.050,-28202
504.075,3745
504.100,14226
504.125,-3105
504.150,-30296
504.175,-32768
504.200,-32768
504.225,-14271
504.250,-3682
504.275,-6807
504.300,-14385
504.325,-15749
504.350,-10067
504.375,-4400
504.400,-3724
504.425,-5837
504.450,-5809
504.475,-2647
504.500,277
504.525,354
504.550,-986
504.575,-704
504.600,1663
504.625,3691
504.650,3560
504.675,2377
504.700,2427
504.725,4071
504.750,5466
504.775,5191
504.800,4073
504.825,3894
504.850,4974
504.875,5888
504.900,5496
504.925,4419
504.950,4072
504.975,4747
505.000,5329
505.025,4893
505.050,3900
505.075,3477
505.100,3873
505.125,4214
505.150,3758
505.175,2881
505.200,2497
505.225,2802
505.250,3058
505.275,2623
505.300,1804
505.325,1411
505.350,1689
505.375,2058
505.400,1905
505.425,1345
505.450,967
505.475,1022
505.500,1162
505.525,975
505.550,549
505.575,297
505.600,376
505.625,499
505.650,359
505.675,39
505.700,-135
505.725,-47
505.750,75
505.775,-5
505.800,-227
505.825,-337
505.850,-243
505.875,-123
505.900,-161
505.925,-308
505.950,-367
505.975,-269
506.000,-151
506.025,-161
506.050,-260
506.075,-295
506.100,-211
506.125,-108
506.150,-101
506.175,-164
506.200,-184
506.225,-114
506.250,-29
506.275,-14
506.300,-54
506.325,-63
506.350,-8
506.375,57
506.400,71
506.425,46
506.450,41
506.475,77
506.500,117
506.525,117
506.550,85
506.575,60
506.600,70
506.625,103
506.650,129
506.675,130
506.700,120
506.725,118
506.750,128
506.775,136
506.800,135
506.825,131
506.850,132
506.875,135
506.900,136
506.925,137
506.950,142
506.975,144
507.000,140
507.025,135
507.050,136
507.075,145
507.100,151
507.125,147
507.150,138
507.175,136
507.200,145
507.225,152
507.250,146
507.275,130
507.300,117
507.325,115
507.350,124
507.375,132
507.400,135
507.425,132
507.450,130
507.475,131
507.500,134
507.525,132
507.550,127
507.575,127
507.600,132
507.625,137
507.650,134
507.675,128
507.700,125
507.725,131
507.750,139
507.775,141
507.800,134
507.825,127
507.850,129
507.875,139
507.900,145
507.925,143
507.950,135
507.975,132
508.000,136
508.025,142
508.050,142
508.075,137
508.100,132
508.125,133
508.150,136
508.175,136
508.200,133
508.225,130
508.250,130
508.275,133
508.300,135
508.325,134
508.350,135
508.375,137
508.400,141
508.425,141
508.450,137
508.475,133
508.500,132
508.525,132
508.550,131
508.575,127
508.600,125
508.625,127
508.650,131
508.675,135
508.700,136
508.725,134
508.750,134
508.775,135
508.800,135
508.825,133
508.850,131
508.875,132
508.900,135
508.925,137
508.950,135
508.975,132
509.000,132
509.025,136
509.050,140
509.075,142
509.100,140
509.125,139
509.150,138
509.175,138
509.200,138
509.225,138
509.250,139
509.275,138
509.300,135
509.325,128
509.350,123
509.375,123
509.400,129
509.425,138
509.450,142
509.475,140
509.500,133
509.525,129
509.550,129
509.575,132
509.600,135
509.625,136
509.650,134
509.675,130
509.700,128
509.725,128
509.750,130
509.775,130
509.800,129
509.825,128
509.850,127
509.875,130
509.900,134
509.925,137
509.950,136
509.975,134
510.000,134
510.025,135
510.050,138
510.075,138
510.100,137
510.125,136
510.150,137
510.175,136
510.200,135
510.225,132
510.250,133
510.275,136
510.300,141
510.325,144
510.350,145
510.375,144
510.400,141
510.425,136
510.450,130
510.475,126
510.500,127
510.525,133
510.550,140
510.575,141
510.600,137
510.625,132
510.650,129
510.675,131
510.700,134
510.725,135
510.750,134
510.775,131
510.800,129
510.825,129
510.850,130
510.875,132
510.900,133
510.925,133
510.950,133
510.975,134
511.000,135
511.025,135
511.050,134
511.075,134
511.100,135
511.125,137
511.150,138
511.175,136
511.200,134
511.225,135
511.250,140
511.275,144
511.300,143
511.325,136
511.350,130
511.375,133
511.400,142
511.425,149
511.450,145
511.475,134
511.500,128
511.525,132
511.550,140
511.575,143
511.600,137
511.625,128
511.650,125
511.675,131
511.700,141
511.725,145
511.750,142
511.775,134
511.800,127
511.825,125
511.850,127
511.875,132
511.900,134
511.925,131
511.950,125
511.975,122
512.000,126
512.025,133
512.050,138
512.075,137
512.100,132
512.125,132
512.150,136
512.175,141
512.200,141
512.225,137
512.250,134
512.275,134
512.300,136
512.325,135
512.350,132
512.375,131
512.400,134
512.425,136
512.450,131
512.475,124
512.500,122
512.525,131
512.550,143
512.575,148
512.600,142
512.625,134
512.650,132
512.675,136
512.700,137
512.725,132
512.750,125
512.775,124
512.800,131
512.825,139
512.850,140
512.875,136
512.900,133
512.925,136
512.950,141
512.975,143
513.000,140
513.025,136
513.050,136
513.075,139
513.100,141
513.125,141
513.150,140
513.175,140
513.200,140
513.225,138
513.250,137
513.275,137
513.300,138
513.325,136
513.350,130
513.375,124
513.400,123
513.425,127
513.450,133
513.475,135
513.500,135
513.525,133
513.550,133
513.575,132
513.600,130
513.625,127
513.650,127
513.675,130
513.700,133
513.725,133
513.750,132
513.775,132
513.800,134
513.825,137
513.850,137
513.875,134
513.900,132
513.925,133
513.950,135
513.975,136
514.000,135
514.025,135
514.050,137
514.075,140
514.100,140
514.125,137
514.150,134
514.175,134
514.200,136
514.225,137
514.250,136
514.275,137
514.300,140
514.325,144
514.350,143
514.375,137
514.400,132
514.425,132
514.450,136
514.475,137
514.500,134
514.525,130
514.550,130
514.575,135
514.600,138
514.625,137
514.650,132
514.675,129
514.700,132
514.725,137
514.750,138
514.775,135
514.800,131
514.825,131
514.850,134
514.875,137
514.900,137
514.925,134
514.950,130
514.975,130
515.000,133
515.025,137
515.050,140
515.075,140
515.100,138
515.125,137
515.150,137
515.175,137
515.200,136
515.225,135
515.250,136
515.275,138
515.300,140
515.325,140
515.350,136
515.375,132
515.400,130
515.425,129
515.450,129
515.475,128
515.500,131
515.525,139
515.550,147
515.575,149
515.600,142
515.625,131
515.650,124
515.675,125
515.700,129
515.725,130
515.750,129
515.775,129
515.800,134
515.825,140
515.850,140
515.875,135
515.900,129
515.925,128
515.950,132
515.975,135
516.000,135
516.025,134
516.050,134
516.075,135
516.100,136
516.125,135
516.150,135
516.175,136
516.200,138
516.225,137
516.250,134
516.275,132
516.300,133
516.325,134
516.350,134
516.375,133
516.400,132
516.425,134
516.450,137
516.475,138
516.500,137
516.525,137
516.550,139
516.575,141
516.600,140
516.625,135
516.650,131
516.675,131
516.700,134
516.725,135
516.750,134
516.775,133
516.800,136
516.825,140
516.850,143
516.875,141
516.900,138
516.925,134
516.950,133
516.975,133
517.000,133
517.025,134
517.050,136
517.075,137
517.100,137
517.125,136
517.150,136
517.175,138
517.200,139
517.225,136
517.250,132
517.275,132
517.300,136
517.325,140
517.350,139
517.375,136
517.400,135
517.425,137
517.450,136
517.475,129
517.500,118
517.525,114
517.550,122
517.575,137
517.600,145
517.625,141
517.650,131
517.675,126
517.700,130
517.725,136
517.750,136
517.775,130
517.800,126
517.825,129
517.850,135
517.875,140
517.900,139
517.925,135
517.950,134
517.975,136
518.000,139
518.025,140
518.050,138
518.075,135
518.100,133
518.125,133
518.150,136
518.175,139
518.200,140
518.225,138
518.250,136
518.275,138
518.300,141
518.325,143
518.350,140
518.375,135
518.400,133
518.425,136
518.450,139
518.475,139
518.500,136
518.525,134
518.550,137
518.575,140
518.600,137
518.625,130
518.650,128
518.675,134
518.700,145
518.725,147
518.750,137
518.775,123
518.800,118
518.825,125
518.850,136
518.875,139
518.900,133
518.925,125
518.950,126
518.975,134
519.000,139
519.025,138
519.050,133
519.075,130
519.100,133
519.125,137
519.150,138
519.175,137
519.200,136
519.225,137
519.250,139
519.275,139
519.300,136
519.325,132
519.350,130
519.375,130
519.400,131
519.425,133
519.450,135
519.475,138
519.500,140
519.525,138
519.550,136
519.575,134
519.600,135
519.625,138
519.650,141
519.675,141
519.700,139
519.725,135
519.750,132
519.775,131
519.800,132
519.825,133
519.850,134
519.875,135
519.900,135
519.925,135
519.950,135
519.975,134
520.000,132
520.025,132
520.050,132
520.075,132
520.100,132
520.125,132
520.150,132
520.175,134
520.200,136
520.225,138
520.250,138
520.275,135
520.300,131
520.325,128
520.350,131
520.375,140
520.400,150
520.425,155
520.450,152
520.475,144
520.500,137
520.525,136
520.550,137
520.575,136
520.600,131
520.625,126
520.650,128
520.675,135
520.700,141
520.725,138
520.750,129
520.775,124
520.800,127
520.825,135
520.850,139
520.875,135
520.900,129
520.925,128
520.950,135
520.975,142
521.000,141
521.025,134
521.050,128
521.075,130
521.100,137
521.125,141
521.150,138
521.175,132
521.200,131
521.225,135
521.250,138
521.275,137
521.300,133
521.325,131
521.350,134
521.375,138
521.400,140
521.425,138
521.450,135
521.475,135
521.500,136
521.525,137
521.550,136
521.575,135
521.600,136
521.625,137
521.650,136
521.675,134
521.700,132
521.725,131
521.750,131
521.775,130
521.800,129
521.825,130
521.850,132
521.875,135
521.900,137
521.925,137
521.950,138
521.975,138
522.000,138
522.025,136
522.050,133
522.075,134
522.100,138
522.125,142
522.150,142
522.175,136
522.200,130
522.225,128
522.250,131
522.275,134
522.300,134
522.325,132
522.350,131
522.375,132
522.400,135
522.425,137
522.450,137
522.475,136
522.500,137
522.525,139
522.550,142
522.575,142
522.600,140
522.625,137
522.650,135
522.675,135
522.700,138
522.725,139
522.750,138
522.775,134
522.800,131
522.825,133
522.850,137
522.875,140
522.900,139
522.925,133
522.950,128
522.975,129
523.000,135
523.025,139
523.050,138
523.075,133
523.100,130
523.125,131
523.150,137
523.175,142
523.200,142
523.225,137
523.250,131
523.275,130
523.300,132
523.325,136
523.350,137
523.375,137
523.400,137
523.425,139
523.450,140
523.475,137
523.500,132
523.525,128
523.550,129
523.575,134
523.600,139
523.625,139
523.650,135
523.675,131
523.700,131
523.725,135
523.750,138
523.775,138
523.800,135
523.825,133
523.850,134
523.875,139
523.900,142
523.925,141
523.950,136
523.975,131
524.000,130
524.025,132
524.050,136
524.075,138
524.100,136
524.125,130
524.150,126
524.175,127
524.200,132
524.225,138
524.250,139
524.275,135
524.300,130
524.325,129
524.350,132
524.375,136
524.400,136
524.425,132
524.450,128
524.475,129
524.500,136
524.525,143
524.550,145
524.575,140
524.600,134
524.625,132
524.650,135
524.675,140
524.700,142
524.725,139
524.750,134
524.775,133
524.800,136
524.825,141
524.850,144
524.875,141
524.900,137
524.925,134
524.950,135
524.975,137
