df_hash,22ZHK4.9B8R50
device,HZ2X61
project_hash,29R7
project_name,istanbul_aydin_university
person_hash,29R7.GK30
person_label,V50
date_time_start,2025-10-30_18-06-46.898000_+03
date_time_start_unix,1761833206.898
date_time_end,2025-10-30_18-15-02.207000_+03
length_difference_noticed,no

time,acc_mag
4.791,1.035
4.821,1.044
4.851,1.057
4.881,1.038
4.911,1.039
4.941,1.039
4.971,1.030
5.001,1.035
5.031,1.027
5.061,1.043
5.091,1.048
5.121,1.039
5.151,1.043
5.181,1.038
5.211,1.035
5.241,1.033
5.271,1.044
5.301,1.037
5.331,1.039
5.361,1.035
5.391,1.040
5.421,1.037
5.451,1.033
5.481,1.032
5.511,1.032
5.541,1.025
5.571,1.034
5.601,1.043
5.631,1.035
5.661,1.046
5.691,1.044
5.721,1.040
5.751,1.035
5.781,1.036
5.811,1.050
5.841,1.056
5.871,1.029
5.901,1.015
5.931,1.023
5.961,1.034
5.991,1.041
6.021,1.034
6.051,1.054
6.081,1.076
6.111,1.003
6.141,1.055
6.171,1.048
6.201,1.000
6.231,1.022
6.261,1.026
6.291,1.010
6.321,1.008
6.351,1.029
6.381,1.033
6.411,1.036
6.441,1.050
6.471,1.059
6.501,1.064
6.531,1.046
6.561,1.049
6.591,1.041
6.621,1.023
6.651,1.030
6.681,1.030
6.711,1.024
6.741,1.025
6.771,1.036
6.801,1.048
6.831,1.040
6.861,1.034
6.891,1.028
6.921,1.025
6.951,1.029
6.981,1.022
7.011,1.022
7.041,1.024
7.071,1.018
7.101,1.020
7.131,1.023
7.161,1.025
7.191,1.027
7.221,1.033
7.251,1.027
7.281,1.026
7.311,1.026
7.341,1.027
7.371,1.021
7.401,1.028
7.431,1.023
7.461,1.023
7.491,1.025
7.521,1.022
7.551,1.013
7.581,1.047
7.611,0.988
7.641,1.020
7.671,1.038
7.701,1.027
7.731,1.074
7.761,1.054
7.791,1.040
7.821,1.042
7.851,1.037
7.881,1.018
7.911,1.018
7.941,1.016
7.971,1.028
8.001,1.018
8.031,1.020
8.061,1.024
8.091,1.025
8.121,1.032
8.151,1.041
8.181,1.050
8.211,1.035
8.241,1.017
8.271,1.024
8.301,1.028
8.331,1.026
8.361,1.022
8.391,1.019
8.421,1.019
8.451,1.012
8.481,1.016
8.511,1.035
8.541,1.027
8.571,1.024
8.601,1.023
8.631,1.021
8.661,1.024
8.691,1.017
8.721,1.024
8.751,1.021
8.781,1.025
8.811,1.025
8.841,1.025
8.871,1.019
8.901,1.012
8.931,1.020
8.961,1.017
8.991,1.024
9.021,1.016
9.051,1.014
9.081,1.014
9.111,1.018
9.141,1.023
9.171,1.015
9.201,1.026
9.231,1.024
9.261,1.018
9.291,1.031
9.321,1.032
9.351,1.026
9.381,1.035
9.411,1.040
9.441,1.039
9.471,1.024
9.501,1.015
9.531,1.019
9.561,0.995
9.591,1.008
9.621,0.977
9.651,1.005
9.681,1.045
9.711,1.039
9.741,1.041
9.771,1.027
9.801,1.015
9.831,1.026
9.861,1.021
9.891,1.002
9.921,1.038
9.951,1.027
9.981,1.028
10.011,1.052
10.041,1.010
10.071,1.006
10.101,0.990
10.131,1.003
10.161,0.992
10.191,1.023
10.221,1.023
10.251,1.018
10.281,1.021
10.311,1.013
10.341,0.992
10.371,1.005
10.401,1.015
10.431,1.025
10.461,1.020
10.491,1.017
10.521,1.032
10.551,1.020
10.581,1.010
10.611,1.017
10.641,1.026
10.671,1.006
10.701,1.018
10.731,1.030
10.761,1.006
10.791,1.011
10.821,1.021
10.851,1.036
10.881,1.027
10.911,1.019
10.941,1.030
10.971,1.016
11.001,1.012
11.031,1.017
11.061,1.005
11.091,0.994
11.121,0.990
11.151,1.014
11.181,1.034
11.211,1.073
11.241,1.068
11.271,1.045
11.301,0.986
11.331,1.003
11.361,1.011
11.391,0.980
11.421,1.006
11.451,1.007
11.481,1.011
11.511,1.002
11.541,1.036
11.571,1.021
11.601,1.000
11.631,1.012
11.661,1.007
11.691,1.010
11.721,0.995
11.751,1.018
11.781,1.017
11.811,1.012
11.841,1.012
11.871,1.028
11.901,1.015
11.931,1.010
11.961,1.016
11.991,0.999
12.021,1.014
12.051,1.021
12.081,1.019
12.111,1.018
12.141,1.009
12.171,1.011
12.201,1.018
12.231,1.017
12.261,1.017
12.291,1.026
12.321,1.020
12.351,1.010
12.381,1.014
12.411,1.019
12.441,1.019
12.471,1.022
12.501,1.022
12.531,1.007
12.561,1.017
12.591,1.020
12.621,1.021
12.651,1.024
12.681,1.019
12.711,1.012
12.741,1.014
12.771,1.021
12.801,1.022
12.831,1.016
12.861,1.011
12.891,1.029
12.921,1.021
12.951,1.010
12.981,1.027
13.011,1.010
13.041,1.023
13.071,1.021
13.101,1.020
13.131,1.017
13.161,1.020
13.191,1.021
13.221,1.016
13.251,1.022
13.281,1.018
13.311,1.023
13.341,1.027
13.371,1.024
13.401,1.021
13.431,1.019
13.461,1.025
13.491,1.020
13.521,1.025
13.551,1.028
13.581,1.026
13.611,1.017
13.641,1.019
13.671,1.024
13.701,1.023
13.731,1.033
13.761,1.017
13.791,1.021
13.821,1.021
13.851,1.018
13.881,1.023
13.911,1.025
13.941,1.021
13.971,1.022
14.001,1.025
14.031,1.019
14.061,1.021
14.091,1.024
14.121,1.030
14.151,1.022
14.181,1.021
14.211,1.021
14.241,1.026
14.271,1.018
14.301,1.027
14.331,1.017
14.361,1.013
14.391,1.024
14.421,1.029
14.451,1.027
14.481,1.028
14.511,1.015
14.541,1.020
14.571,1.021
14.601,1.021
14.631,1.022
14.661,1.023
14.691,1.021
14.721,1.020
14.751,1.025
14.781,1.036
14.811,1.026
14.841,1.021
14.871,1.023
14.901,1.019
14.931,1.019
14.961,1.019
14.991,1.023
15.021,1.020
15.051,1.022
15.081,1.024
15.111,1.017
15.141,1.020
15.171,1.026
15.201,1.016
15.231,1.020
15.261,1.025
15.291,1.022
15.321,1.020
15.351,1.019
15.381,1.029
15.411,1.030
15.441,1.022
15.471,1.023
15.501,1.020
15.531,1.025
15.561,1.028
15.591,1.021
15.621,1.023
15.651,1.020
15.681,1.019
15.711,1.017
15.741,1.025
15.771,1.021
15.801,1.022
15.831,1.020
15.861,1.025
15.891,1.025
15.921,1.021
15.951,1.026
15.981,1.021
16.011,1.017
16.041,1.021
16.071,1.024
16.101,1.025
16.131,1.025
16.161,1.023
16.191,1.026
16.221,1.023
16.251,1.024
16.281,1.020
16.311,1.022
16.341,1.023
16.371,1.025
16.401,1.020
16.431,1.024
16.461,1.025
16.491,1.025
16.521,1.023
16.551,1.023
16.581,1.029
16.611,1.021
16.641,1.029
16.671,1.022
16.701,1.024
16.731,1.024
16.761,1.022
16.791,1.023
16.821,1.027
16.851,1.020
16.881,1.027
16.911,1.023
16.941,1.028
16.971,1.029
17.001,1.024
17.031,1.021
17.061,1.022
17.091,1.021
17.121,1.026
17.151,1.019
17.181,1.021
17.211,1.026
17.241,1.033
17.271,1.026
17.301,1.026
17.331,1.026
17.361,1.025
17.391,1.026
17.421,1.023
17.451,1.022
17.481,1.017
17.511,1.024
17.541,1.028
17.571,1.035
17.601,1.021
17.631,1.025
17.661,1.026
17.691,1.026
17.721,1.025
17.751,1.021
17.781,1.022
17.811,1.022
17.841,1.027
17.871,1.024
17.901,1.025
17.931,1.024
17.961,1.021
17.991,1.021
18.021,1.021
18.051,1.022
18.081,1.026
18.111,1.026
18.141,1.023
18.171,1.025
18.201,1.021
18.231,1.022
18.261,1.021
18.291,1.021
18.321,1.021
18.351,1.025
18.381,1.030
18.411,1.022
18.441,1.026
18.471,1.026
18.501,1.019
18.531,1.022
18.561,1.025
18.591,1.024
18.621,1.021
18.651,1.030
18.681,1.028
18.711,1.025
18.741,1.026
18.771,1.025
18.801,1.024
18.831,1.027
18.861,1.022
18.891,1.026
18.921,1.028
18.951,1.028
18.981,1.023
19.011,1.022
19.041,1.029
19.071,1.025
19.101,1.027
19.131,1.031
19.161,1.015
19.191,1.024
19.221,1.022
19.251,1.022
19.281,1.027
19.311,1.019
19.341,1.026
19.371,1.030
19.401,1.025
19.431,1.027
19.461,1.025
19.491,1.025
19.521,1.021
19.551,1.024
19.581,1.023
19.611,1.016
19.641,1.027
19.671,1.024
19.701,1.027
19.731,1.027
19.761,1.022
19.791,1.025
19.821,1.021
19.851,1.026
19.881,1.023
19.911,1.029
19.941,1.021
19.971,1.022
20.001,1.022
20.031,1.027
20.061,1.021
20.091,1.025
20.121,1.031
20.151,1.022
20.181,1.026
20.211,1.024
20.241,1.023
20.271,1.026
20.301,1.025
20.331,1.024
20.361,1.022
20.391,1.026
20.421,1.021
20.451,1.021
20.481,1.027
20.511,1.021
20.541,1.030
20.571,1.023
20.601,1.021
20.631,1.021
20.661,1.026
20.691,1.029
20.721,1.027
20.751,1.025
20.781,1.017
20.811,1.026
20.841,1.026
20.871,1.023
20.901,1.021
20.931,1.022
20.961,1.026
20.991,1.023
21.021,1.029
21.051,1.024
21.081,1.018
21.111,1.026
21.141,1.021
21.171,1.022
21.201,1.027
21.231,1.021
21.261,1.021
21.291,1.027
21.321,1.027
21.351,1.027
21.381,1.021
21.411,1.022
21.441,1.024
21.471,1.023
21.501,1.028
21.531,1.027
21.561,1.019
21.591,1.028
21.621,1.032
21.651,1.023
21.681,1.020
21.711,1.023
21.741,1.023
21.771,1.028
21.801,1.024
21.831,1.030
21.861,1.026
21.891,1.023
21.921,1.020
21.951,1.022
21.981,1.026
22.011,1.023
22.041,1.029
22.071,1.021
22.101,1.020
22.131,1.027
22.161,1.023
22.191,1.026
22.221,1.023
22.251,1.023
22.281,1.023
22.311,1.022
22.341,1.023
22.371,1.021
22.401,1.023
22.431,1.023
22.461,1.022
22.491,1.025
22.521,1.024
22.551,1.025
22.581,1.024
22.611,1.023
22.641,1.024
22.671,1.025
22.701,1.021
22.731,1.029
22.761,1.023
22.791,1.021
22.821,1.023
22.851,1.025
22.881,1.023
22.911,1.030
22.941,1.029
22.971,1.013
23.001,1.026
23.031,1.025
23.061,1.023
23.091,1.021
23.121,1.022
23.151,1.023
23.181,1.025
23.211,1.026
23.241,1.025
23.271,1.024
23.301,1.028
23.331,1.027
23.361,1.024
23.391,1.027
23.421,1.025
23.451,1.024
23.481,1.022
23.511,1.023
23.541,1.025
23.571,1.025
23.601,1.027
23.631,1.025
23.661,1.021
23.691,1.017
23.721,1.023
23.751,1.024
23.781,1.027
23.811,1.023
23.841,1.026
23.871,1.020
23.901,1.027
23.931,1.021
23.961,1.020
23.991,1.024
24.021,1.028
24.051,1.023
24.081,1.026
24.111,1.022
24.141,1.023
24.171,1.023
24.201,1.024
24.231,1.025
24.261,1.024
24.291,1.024
24.321,1.024
24.351,1.022
24.381,1.026
24.411,1.026
24.441,1.028
24.471,1.028
24.501,1.022
24.531,1.023
24.561,1.027
24.591,1.027
24.621,1.022
24.651,1.021
24.681,1.023
24.711,1.021
24.741,1.023
24.771,1.027
24.801,1.027
24.831,1.022
24.861,1.020
24.891,1.024
24.921,1.025
24.951,1.023
24.981,1.022
25.011,1.024
25.041,1.027
25.071,1.021
25.101,1.024
25.131,1.022
25.161,1.024
25.191,1.025
25.221,1.022
25.251,1.021
25.281,1.026
25.311,1.025
25.341,1.022
25.371,1.022
25.401,1.021
25.431,1.028
25.461,1.023
25.491,1.026
25.521,1.022
25.551,1.019
25.581,1.023
25.611,1.027
25.641,1.022
25.671,1.025
25.701,1.029
25.731,1.021
25.761,1.024
25.791,1.022
25.821,1.022
25.851,1.024
25.881,1.021
25.911,1.021
25.941,1.029
25.971,1.029
26.001,1.023
26.031,1.024
26.061,1.026
26.091,1.022
26.121,1.023
26.151,1.026
26.181,1.023
26.211,1.027
26.241,1.030
26.271,1.027
26.301,1.025
26.331,1.021
26.361,1.023
26.391,1.022
26.421,1.027
26.451,1.025
26.481,1.020
26.511,1.020
26.541,1.022
26.571,1.022
26.601,1.031
26.631,1.025
26.661,1.020
26.691,1.021
26.721,1.027
26.751,1.022
26.781,1.026
26.811,1.021
26.841,1.026
26.871,1.023
26.901,1.026
26.931,1.028
26.961,1.024
26.991,1.020
27.021,1.024
27.051,1.025
27.081,1.024
27.111,1.024
27.141,1.022
27.171,1.022
27.201,1.028
27.231,1.026
27.261,1.023
27.291,1.026
27.321,1.025
27.351,1.026
27.381,1.020
27.411,1.021
27.441,1.024
27.471,1.026
27.501,1.026
27.531,1.021
27.561,1.021
27.591,1.021
27.621,1.023
27.651,1.023
27.681,1.029
27.711,1.028
27.741,1.026
27.771,1.026
27.801,1.026
27.831,1.023
27.861,1.023
27.891,1.024
27.921,1.026
27.951,1.028
27.981,1.023
28.011,1.028
28.041,1.022
28.071,1.020
28.101,1.021
28.131,1.021
28.161,1.022
28.191,1.031
28.221,1.027
28.251,1.025
28.281,1.024
28.311,1.023
28.341,1.022
28.371,1.022
28.401,1.028
28.431,1.024
28.461,1.023
28.491,1.022
28.521,1.022
28.551,1.022
28.581,1.030
28.611,1.023
28.641,1.023
28.671,1.023
28.701,1.022
28.731,1.026
28.761,1.027
28.791,1.029
28.821,1.021
28.851,1.023
28.881,1.024
28.911,1.026
28.941,1.024
28.971,1.021
29.001,1.021
29.031,1.021
29.061,1.025
29.091,1.023
29.121,1.022
29.151,1.024
29.181,1.030
29.211,1.021
29.241,1.028
29.271,1.029
29.301,1.026
29.331,1.018
29.361,1.021
29.391,1.025
29.421,1.029
29.451,1.036
29.481,1.015
29.511,1.022
29.541,1.027
29.571,1.024
29.601,1.020
29.631,1.023
29.661,1.021
29.691,1.019
29.721,1.024
29.751,1.020
29.781,1.022
29.811,1.023
29.841,1.024
29.871,1.026
29.901,1.026
29.931,1.019
29.961,1.024
29.991,1.025
30.021,1.019
30.051,1.021
30.081,1.023
30.111,1.024
30.141,1.025
30.171,1.029
30.201,1.021
30.231,1.018
30.261,1.021
30.291,1.024
30.321,1.024
30.351,1.023
30.381,1.025
30.411,1.021
30.441,1.026
30.471,1.029
30.501,1.021
30.531,1.023
30.561,1.023
30.591,1.025
30.621,1.023
30.651,1.021
30.681,1.023
30.711,1.023
30.741,1.022
30.771,1.026
30.801,1.028
30.831,1.021
30.861,1.018
30.891,1.023
30.921,1.023
30.951,1.028
30.981,1.024
31.011,1.019
31.041,1.022
31.071,1.022
31.101,1.024
31.131,1.022
31.161,1.021
31.191,1.020
31.221,1.025
31.251,1.024
31.281,1.021
31.311,1.022
31.341,1.025
31.371,1.022
31.401,1.026
31.431,1.025
31.461,1.024
31.491,1.025
31.521,1.027
31.551,1.024
31.581,1.024
31.611,1.022
31.641,1.021
31.671,1.024
31.701,1.021
31.731,1.026
31.761,1.022
31.791,1.022
31.821,1.022
31.851,1.024
31.881,1.023
31.911,1.027
31.941,1.031
31.971,1.015
32.001,1.023
32.031,1.025
32.061,1.025
32.091,1.024
32.121,1.023
32.151,1.025
32.181,1.026
32.211,1.027
32.241,1.022
32.271,1.021
32.301,1.022
32.331,1.026
32.361,1.021
32.391,1.018
32.421,1.020
32.451,1.024
32.481,1.032
32.511,1.029
32.541,1.029
32.571,1.021
32.601,1.029
32.631,1.022
32.661,1.021
32.691,1.025
32.721,1.028
32.751,1.033
32.781,1.022
32.811,1.018
32.841,1.013
32.871,1.025
32.901,1.026
32.931,1.022
32.961,1.031
32.991,1.021
33.021,1.021
33.051,1.024
33.081,1.026
33.111,1.026
33.141,1.023
33.171,1.023
33.201,1.022
33.231,1.027
33.261,1.026
33.291,1.021
33.321,1.023
33.351,1.029
33.381,1.025
33.411,1.029
33.441,1.023
33.471,1.023
33.501,1.022
33.531,1.025
33.561,1.024
33.591,1.020
33.621,1.020
33.651,1.025
33.681,1.025
33.711,1.021
33.741,1.026
33.771,1.023
33.801,1.026
33.831,1.021
33.861,1.019
33.891,1.022
33.921,1.024
33.951,1.023
33.981,1.027
34.011,1.028
34.041,1.023
34.071,1.025
34.101,1.023
34.131,1.023
34.161,1.023
34.191,1.025
34.221,1.021
34.251,1.025
34.281,1.026
34.311,1.026
34.341,1.026
34.371,1.026
34.401,1.023
34.431,1.021
34.461,1.027
34.491,1.022
34.521,1.030
34.551,1.028
34.581,1.021
34.611,1.021
34.641,1.019
34.671,1.020
34.701,1.020
34.731,1.030
34.761,1.029
34.791,1.027
34.821,1.027
34.851,1.020
34.881,1.021
34.911,1.019
34.941,1.022
34.971,1.022
35.001,1.025
35.031,1.025
35.061,1.025
35.091,1.024
35.121,1.022
35.151,1.026
35.181,1.022
35.211,1.021
35.241,1.022
35.271,1.026
35.301,1.022
35.331,1.027
35.361,1.024
35.391,1.022
35.421,1.027
35.451,1.025
35.481,1.024
35.511,1.019
35.541,1.021
35.571,1.027
35.601,1.023
35.631,1.030
35.661,1.024
35.691,1.017
35.721,1.023
35.751,1.031
35.781,1.022
35.811,1.015
35.841,1.022
35.871,1.022
35.901,1.024
35.931,1.024
35.961,1.027
35.991,1.025
36.021,1.023
36.051,1.021
36.081,1.027
36.111,1.021
36.141,1.025
36.171,1.025
36.201,1.020
36.231,1.020
36.261,1.027
36.291,1.027
36.321,1.026
36.351,1.023
36.381,1.021
36.411,1.022
36.441,1.027
36.471,1.024
36.501,1.020
36.531,1.016
36.561,1.021
36.591,1.030
36.621,1.026
36.651,1.021
36.681,1.027
36.711,1.017
36.741,1.026
36.771,1.026
36.801,1.027
36.831,1.021
36.861,1.026
36.891,1.026
36.921,1.020
36.951,1.027
36.981,1.022
37.011,1.020
37.041,1.022
37.071,1.029
37.101,1.021
37.131,1.024
37.161,1.025
37.191,1.021
37.221,1.025
37.251,1.025
37.281,1.021
37.311,1.023
37.341,1.029
37.371,1.021
37.401,1.029
37.431,1.030
37.461,1.019
37.491,1.016
37.521,1.027
37.551,1.026
37.581,1.026
37.611,1.024
37.641,1.021
37.671,1.024
37.701,1.023
37.731,1.025
37.761,1.023
37.791,1.022
37.821,1.023
37.851,1.021
37.881,1.025
37.911,1.021
37.941,1.020
37.971,1.025
38.001,1.023
38.031,1.023
38.061,1.021
38.091,1.026
38.121,1.021
38.151,1.024
38.181,1.022
38.211,1.021
38.241,1.026
38.271,1.021
38.301,1.022
38.331,1.026
38.361,1.025
38.391,1.022
38.421,1.022
38.451,1.024
38.481,1.023
38.511,1.026
38.541,1.028
38.571,1.023
38.601,1.022
38.631,1.023
38.661,1.021
38.691,1.023
38.721,1.023
38.751,1.026
38.781,1.026
38.811,1.021
38.841,1.020
38.871,1.019
38.901,1.029
38.931,1.022
38.961,1.026
38.991,1.024
39.021,1.022
39.051,1.022
39.081,1.022
39.111,1.023
39.141,1.026
39.171,1.031
39.201,1.017
39.231,1.023
39.261,1.028
39.291,1.027
39.321,1.019
39.351,1.021
39.381,1.021
39.411,1.027
39.441,1.025
39.471,1.027
39.501,1.025
39.531,1.024
39.561,1.021
39.591,1.021
39.621,1.025
39.651,1.024
39.681,1.021
39.711,1.028
39.741,1.025
39.771,1.023
39.801,1.029
39.831,1.023
39.861,1.029
39.891,1.028
39.921,1.023
39.951,1.020
39.981,1.021
40.011,1.026
40.041,1.024
40.071,1.025
40.101,1.020
40.131,1.023
40.161,1.019
40.191,1.029
40.221,1.024
40.251,1.021
40.281,1.021
40.311,1.027
40.341,1.025
40.371,1.030
40.401,1.021
40.431,1.021
40.461,1.024
40.491,1.025
40.521,1.024
40.551,1.025
40.581,1.018
40.611,1.021
40.641,1.027
40.671,1.020
40.701,1.022
40.731,1.022
40.761,1.024
40.791,1.021
40.821,1.024
40.851,1.023
40.881,1.020
40.911,1.023
40.941,1.017
40.971,1.027
41.001,1.021
41.031,1.021
41.061,1.021
41.091,1.021
41.121,1.022
41.151,1.025
41.181,1.023
41.211,1.022
41.241,1.022
41.271,1.025
41.301,1.024
41.331,1.027
41.361,1.022
41.391,1.021
41.421,1.024
41.451,1.026
41.481,1.021
41.511,1.027
41.541,1.025
41.571,1.023
41.601,1.023
41.631,1.020
41.661,1.020
41.691,1.024
41.721,1.030
41.751,1.017
41.781,1.023
41.811,1.023
41.841,1.020
41.871,1.021
41.901,1.027
41.931,1.023
41.961,1.022
41.991,1.026
42.021,1.022
42.051,1.025
42.081,1.023
42.111,1.027
42.141,1.024
42.171,1.021
42.201,1.021
42.231,1.025
42.261,1.023
42.291,1.021
42.321,1.023
42.351,1.027
42.381,1.018
42.411,1.024
42.441,1.026
42.471,1.022
42.501,1.027
42.531,1.020
42.561,1.021
42.591,1.019
42.621,1.033
42.651,1.018
42.681,1.026
42.711,1.021
42.741,1.019
42.771,1.025
42.801,1.020
42.831,1.020
42.861,1.023
42.891,1.025
42.921,1.025
42.951,1.024
42.981,1.022
43.011,1.021
43.041,1.022
43.071,1.019
43.101,1.018
43.131,1.021
43.161,1.019
43.191,1.026
43.221,1.029
43.251,1.024
43.281,1.027
43.311,1.024
43.341,1.024
43.371,1.021
43.401,1.020
43.431,1.023
43.461,1.024
43.491,1.025
43.521,1.024
43.551,1.032
43.581,1.014
43.611,1.021
43.641,1.021
43.671,1.025
43.701,1.022
43.731,1.021
43.761,1.023
43.791,1.022
43.821,1.013
43.851,1.031
43.881,1.032
43.911,1.023
43.941,1.016
43.971,1.021
44.001,1.019
44.031,1.023
44.061,1.026
44.091,1.022
44.121,1.027
44.151,1.026
44.181,1.021
44.211,1.027
44.241,1.026
44.271,1.029
44.301,1.023
44.331,1.011
44.361,1.029
44.391,1.013
44.421,1.025
44.451,1.027
44.481,1.023
44.511,1.020
44.541,1.016
44.571,1.021
44.601,1.021
44.631,1.019
44.661,1.021
44.691,1.019
44.721,1.008
44.751,1.000
44.781,1.002
44.811,1.028
44.841,1.030
44.871,1.042
44.901,1.031
44.931,1.020
44.961,1.023
44.991,1.023
45.021,1.021
45.051,1.018
45.081,1.021
45.111,1.017
45.141,1.017
45.171,1.025
45.201,1.022
45.231,1.028
45.261,1.027
45.291,1.025
45.321,1.021
45.351,1.022
45.381,1.027
45.411,1.026
45.441,1.021
45.471,1.024
45.501,1.026
45.531,1.027
45.561,1.026
45.591,1.026
45.621,1.025
45.651,1.026
45.681,1.027
45.711,1.027
45.741,1.025
45.771,1.024
45.801,1.024
45.831,1.024
45.861,1.028
45.891,1.033
45.921,1.020
45.951,1.030
45.981,1.023
46.011,1.024
46.041,1.024
46.071,1.019
46.101,1.024
46.131,1.028
46.161,1.029
46.191,1.026
46.221,1.024
46.251,1.025
46.281,1.026
46.311,1.023
46.341,1.025
46.371,1.024
46.401,1.024
46.431,1.024
46.461,1.024
46.491,1.025
46.521,1.024
46.551,1.024
46.581,1.021
46.611,1.021
46.641,1.024
46.671,1.025
46.701,1.023
46.731,1.023
46.761,1.025
46.791,1.024
46.821,1.027
46.851,1.021
46.881,1.023
46.911,1.021
46.941,1.028
46.971,1.024
47.001,1.022
47.031,1.024
47.061,1.021
47.091,1.024
47.121,1.025
47.151,1.028
47.181,1.021
47.211,1.023
47.241,1.024
47.271,1.027
47.301,1.026
47.331,1.023
47.361,1.026
47.391,1.022
47.421,1.021
47.451,1.026
47.481,1.029
47.511,1.024
47.541,1.021
47.571,1.021
47.601,1.028
47.631,1.022
47.661,1.028
47.691,1.025
47.721,1.024
47.751,1.023
47.781,1.026
47.811,1.024
47.841,1.023
47.871,1.025
47.901,1.023
47.931,1.029
47.961,1.026
47.991,1.021
48.021,1.021
48.051,1.020
48.081,1.022
48.111,1.025
48.141,1.028
48.171,1.027
48.201,1.022
48.231,1.022
48.261,1.022
48.291,1.023
48.321,1.021
48.351,1.021
48.381,1.020
48.411,1.026
48.441,1.028
48.471,1.028
48.501,1.026
48.531,1.022
48.561,1.023
48.591,1.028
48.621,1.024
48.651,1.021
48.681,1.018
48.711,1.021
48.741,1.023
48.771,1.033
48.801,1.028
48.831,1.022
48.861,1.024
48.891,1.030
48.921,1.024
48.951,1.020
48.981,1.016
49.011,1.026
49.041,1.022
49.071,1.032
49.101,1.031
49.131,1.021
49.161,1.030
49.191,1.027
49.221,1.022
49.251,1.023
49.281,1.025
49.311,1.029
49.341,1.031
49.371,1.026
49.401,1.024
49.431,1.020
49.461,1.027
49.491,1.024
49.521,1.028
49.551,1.026
49.581,1.026
49.611,1.021
49.641,1.031
49.671,1.023
49.701,1.022
49.731,1.022
49.761,1.018
49.791,1.026
49.821,1.027
49.851,1.031
49.881,1.022
49.911,1.021
49.941,1.027
49.971,1.020
50.001,1.026
50.031,1.024
50.061,1.031
50.091,1.026
50.121,1.031
50.151,1.024
50.181,1.024
50.211,1.021
50.241,1.020
50.271,1.016
50.301,1.024
50.331,1.042
50.361,1.047
50.391,0.995
50.421,1.012
50.451,1.010
50.481,1.022
50.511,1.022
50.541,1.024
50.571,1.026
50.601,1.026
50.631,1.027
50.661,1.021
50.691,1.025
50.721,1.022
50.751,1.022
50.781,1.018
50.811,1.019
50.841,1.025
50.871,1.020
50.901,1.023
50.931,1.024
50.961,1.024
50.991,1.027
51.021,1.024
51.051,1.025
51.081,1.022
51.111,1.026
51.141,1.028
51.171,1.027
51.201,1.024
51.231,1.024
51.261,1.025
51.291,1.026
51.321,1.019
51.351,1.027
51.381,1.025
51.411,1.023
51.441,1.022
51.471,1.020
51.501,1.020
51.531,1.025
51.561,1.024
51.591,1.026
51.621,1.021
51.651,1.028
51.681,1.032
51.711,1.024
51.741,1.023
51.771,1.021
51.801,1.020
51.831,1.021
51.861,1.023
51.891,1.017
51.921,1.021
51.951,1.023
51.981,1.026
52.011,1.021
52.041,1.019
52.071,1.016
52.101,1.026
52.131,1.021
52.161,1.024
52.191,1.021
52.221,1.026
52.251,1.025
52.281,1.024
52.311,1.025
52.341,1.033
52.371,1.025
52.401,1.018
52.431,1.022
52.461,1.026
52.491,1.016
52.521,1.017
52.551,1.021
52.581,1.030
52.611,1.026
52.641,1.021
52.671,1.017
52.701,1.021
52.731,1.021
52.761,1.026
52.791,1.021
52.821,1.019
52.851,1.021
52.881,1.020
52.911,1.024
52.941,1.024
52.971,1.027
53.001,1.026
53.031,1.024
53.061,1.018
53.091,1.028
53.121,1.018
53.151,1.018
53.181,1.025
53.211,1.021
53.241,1.025
53.271,1.026
53.301,1.022
53.331,1.013
53.361,1.027
53.391,1.022
53.421,1.023
53.451,1.020
53.481,1.021
53.511,1.023
53.541,1.021
53.571,1.022
53.601,1.021
53.631,1.021
53.661,1.022
53.691,1.021
53.721,1.024
53.751,1.021
53.781,1.020
53.811,1.019
53.841,1.009
53.871,1.021
53.901,1.034
53.931,1.038
53.961,1.026
53.991,1.024
54.021,1.019
54.051,1.016
54.081,1.023
54.111,1.024
54.141,1.026
54.171,1.016
54.201,1.026
54.231,1.031
54.261,1.026
54.291,1.027
54.321,1.015
54.351,1.015
54.381,1.017
54.411,1.022
54.441,1.021
54.471,1.026
54.501,1.021
54.531,1.022
54.561,1.020
54.591,1.025
54.621,1.021
54.651,1.023
54.681,1.024
54.711,1.020
54.741,1.021
54.771,1.030
54.801,1.018
54.831,1.021
54.861,1.026
54.891,1.024
54.921,1.024
54.951,1.026
54.981,1.023
55.011,1.019
55.041,1.024
55.071,1.019
55.101,1.015
55.131,1.029
55.161,1.025
55.191,1.028
55.221,1.020
55.251,1.021
55.281,1.026
55.311,1.029
55.341,1.023
55.371,1.021
55.401,1.023
55.431,1.018
55.461,1.023
55.491,1.027
55.521,1.025
55.551,1.018
55.581,1.019
55.611,1.021
55.641,1.021
55.671,1.021
55.701,1.021
55.731,1.021
55.761,1.023
55.791,1.020
55.821,1.022
55.851,1.023
55.881,1.021
55.911,1.015
55.941,1.019
55.971,1.026
56.001,1.021
56.031,1.025
56.061,1.026
56.091,1.021
56.121,1.021
56.151,1.024
56.181,1.023
56.211,1.021
56.241,1.019
56.271,1.026
56.301,1.025
56.331,1.021
56.361,1.023
56.391,1.019
56.421,1.020
56.451,1.024
56.481,1.021
56.511,1.019
56.541,1.021
56.571,1.021
56.601,1.021
56.631,1.025
56.661,1.024
56.691,1.021
56.721,1.023
56.751,1.021
56.781,1.022
56.811,1.022
56.841,1.024
56.871,1.021
56.901,1.023
56.931,1.020
56.961,1.026
56.991,1.022
57.021,1.022
57.051,1.021
57.081,1.022
57.111,1.021
57.141,1.028
57.171,1.022
57.201,1.020
57.231,1.021
57.261,1.021
57.291,1.024
57.321,1.022
57.351,1.022
57.381,1.023
57.411,1.022
57.441,1.021
57.471,1.021
57.501,1.020
57.531,1.020
57.561,1.019
57.591,1.023
57.621,1.022
57.651,1.021
57.681,1.024
57.711,1.022
57.741,1.024
57.771,1.026
57.801,1.021
57.831,1.020
57.861,1.020
57.891,1.019
57.921,1.018
57.951,1.021
57.981,1.021
58.011,1.029
58.041,1.023
58.071,1.021
58.101,1.022
58.131,1.025
58.161,1.023
58.191,1.019
58.221,1.019
58.251,1.024
58.281,1.021
58.311,1.027
58.341,1.017
58.371,1.019
58.401,1.024
58.431,1.025
58.461,1.021
58.491,1.021
58.521,1.017
58.551,1.022
58.581,1.021
58.611,1.023
58.641,1.025
58.671,1.024
58.701,1.022
58.731,1.023
58.761,1.027
58.791,1.025
58.821,1.021
58.851,1.022
58.881,1.021
58.911,1.027
58.941,1.024
58.971,1.020
59.001,1.018
59.031,1.023
59.061,1.024
59.091,1.022
59.121,1.019
59.151,1.021
59.181,1.024
59.211,1.026
59.241,1.022
59.271,1.020
59.301,1.022
59.331,1.024
59.361,1.021
59.391,1.023
59.421,1.021
59.451,1.016
59.481,1.018
59.511,1.024
59.541,1.028
59.571,1.025
59.601,1.019
59.631,1.024
59.661,1.023
59.691,1.022
59.721,1.021
59.751,1.021
59.781,1.027
59.811,1.024
59.841,1.025
59.871,1.021
59.901,1.023
59.931,1.019
59.961,1.023
59.991,1.021
60.021,1.022
60.051,1.025
60.081,1.026
60.111,1.021
60.141,1.024
60.171,1.025
60.201,1.012
60.231,1.021
60.261,1.021
60.291,1.021
60.321,1.021
60.351,1.021
60.381,1.023
60.411,1.026
60.441,1.028
60.471,1.021
60.501,1.021
60.531,1.018
60.561,1.020
60.591,1.022
60.621,1.022
60.651,1.019
60.681,1.021
60.711,1.022
60.741,1.023
60.771,1.026
60.801,1.021
60.831,1.025
60.861,1.024
60.891,1.027
60.921,1.017
60.951,1.019
60.981,1.021
61.011,1.024
61.041,1.025
61.071,1.018
61.101,1.023
61.131,1.022
61.161,1.026
61.191,1.023
61.221,1.018
61.251,1.019
61.281,1.022
61.311,1.026
61.341,1.024
61.371,1.022
61.401,1.022
61.431,1.018
61.461,1.021
61.491,1.022
61.521,1.020
61.551,1.022
61.581,1.023
61.611,1.021
61.641,1.022
61.671,1.024
61.701,1.022
61.731,1.020
61.761,1.025
61.791,1.023
61.821,1.021
61.851,1.026
61.881,1.020
61.911,1.020
61.941,1.026
61.971,1.020
62.001,1.021
62.031,1.020
62.061,1.024
62.091,1.020
62.121,1.023
62.151,1.021
62.181,1.023
62.211,1.022
62.241,1.021
62.271,1.022
62.301,1.023
62.331,1.022
62.361,1.021
62.391,1.026
62.421,1.022
62.451,1.021
62.481,1.020
62.511,1.021
62.541,1.026
62.571,1.024
62.601,1.017
62.631,1.017
62.661,1.021
62.691,1.025
62.721,1.025
62.751,1.019
62.781,1.018
62.811,1.021
62.841,1.022
62.871,1.022
62.901,1.025
62.931,1.028
62.961,1.016
62.991,1.025
63.021,1.026
63.051,1.021
63.081,1.021
63.111,1.020
63.141,1.024
63.171,1.022
63.201,1.027
63.231,1.023
63.261,1.021
63.291,1.023
63.321,1.022
63.351,1.024
63.381,1.021
63.411,1.022
63.441,1.021
63.471,1.021
63.501,1.021
63.531,1.025
63.561,1.022
63.591,1.025
63.621,1.019
63.651,1.026
63.681,1.024
63.711,1.019
63.741,1.021
63.771,1.022
63.801,1.023
63.831,1.021
63.861,1.027
63.891,1.018
63.921,1.021
63.951,1.026
63.981,1.021
64.011,1.020
64.041,1.019
64.071,1.018
64.101,1.020
64.131,1.027
64.161,1.024
64.191,1.022
64.221,1.021
64.251,1.022
64.281,1.026
64.311,1.025
64.341,1.020
64.371,1.021
64.401,1.022
64.431,1.023
64.461,1.022
64.491,1.025
64.521,1.022
64.551,1.022
64.581,1.020
64.611,1.024
64.641,1.026
64.671,1.021
64.701,1.019
64.731,1.024
64.761,1.021
64.791,1.025
64.821,1.029
64.851,1.018
64.881,1.021
64.911,1.023
64.941,1.021
64.971,1.019
65.001,1.019
65.031,1.021
65.061,1.025
65.091,1.022
65.121,1.025
65.151,1.021
65.181,1.023
65.211,1.021
65.241,1.017
65.271,1.028
65.301,1.025
65.331,1.020
65.361,1.021
65.391,1.023
65.421,1.020
65.451,1.018
65.481,1.023
65.511,1.028
65.541,1.018
65.571,1.030
65.601,1.029
65.631,1.013
65.661,1.021
65.691,1.025
65.721,1.029
65.751,1.020
65.781,1.021
65.811,1.022
65.841,1.026
65.871,1.024
65.901,1.019
65.931,1.017
65.961,1.021
65.991,1.028
66.021,1.023
66.051,1.024
66.081,1.019
66.111,1.024
66.141,1.019
66.171,1.022
66.201,1.021
66.231,1.017
66.261,1.021
66.291,1.020
66.321,1.022
66.351,1.021
66.381,1.017
66.411,1.017
66.441,1.021
66.471,1.021
66.501,1.023
66.531,1.019
66.561,1.018
66.591,1.021
66.621,1.023
66.651,1.023
66.681,1.021
66.711,1.022
66.741,1.023
66.771,1.022
66.801,1.022
66.831,1.020
66.861,1.019
66.891,1.022
66.921,1.025
66.951,1.024
66.981,1.024
67.011,1.025
67.041,1.020
67.071,1.024
67.101,1.022
67.131,1.021
67.161,1.021
67.191,1.023
67.221,1.022
67.251,1.020
67.281,1.025
67.311,1.023
67.341,1.022
67.371,1.021
67.401,1.021
67.431,1.024
67.461,1.022
67.491,1.021
67.521,1.021
67.551,1.020
67.581,1.024
67.611,1.021
67.641,1.022
67.671,1.022
67.701,1.020
67.731,1.025
67.761,1.019
67.791,1.017
67.821,1.021
67.851,1.024
67.881,1.025
67.911,1.025
67.941,1.025
67.971,1.019
68.001,1.023
68.031,1.024
68.061,1.020
68.091,1.023
68.121,1.021
68.151,1.021
68.181,1.013
68.211,1.029
68.241,1.029
68.271,1.026
68.301,1.021
68.331,1.021
68.361,1.018
68.391,1.026
68.421,1.020
68.451,1.020
68.481,1.021
68.511,1.022
68.541,1.024
68.571,1.021
68.601,1.022
68.631,1.018
68.661,1.027
68.691,1.023
68.721,1.019
68.751,1.021
68.781,1.022
68.811,1.021
68.841,1.026
68.871,1.024
68.901,1.019
68.931,1.022
68.961,1.021
68.991,1.022
69.021,1.021
69.051,1.021
69.081,1.020
69.111,1.024
69.141,1.025
69.171,1.022
69.201,1.017
69.231,1.027
69.261,1.022
69.291,1.026
69.321,1.020
69.351,1.015
69.381,1.019
69.411,1.023
69.441,1.021
69.471,1.022
69.501,1.027
69.531,1.018
69.561,1.026
69.591,1.022
69.621,1.021
69.651,1.021
69.681,1.021
69.711,1.022
69.741,1.022
69.771,1.025
69.801,1.023
69.831,1.021
69.861,1.024
69.891,1.022
69.921,1.021
69.951,1.022
69.981,1.021
70.011,1.023
70.041,1.027
70.071,1.026
70.101,1.021
70.131,1.021
70.161,1.022
70.191,1.025
70.221,1.021
70.251,1.019
70.281,1.021
70.311,1.021
70.341,1.020
70.371,1.024
70.401,1.018
70.431,1.020
70.461,1.023
70.491,1.021
70.521,1.021
70.551,1.018
70.581,1.021
70.611,1.023
70.641,1.026
70.671,1.027
70.701,1.023
70.731,1.021
70.761,1.021
70.791,1.023
70.821,1.021
70.851,1.023
70.881,1.022
70.911,1.021
70.941,1.021
70.971,1.021
71.001,1.023
71.031,1.023
71.061,1.026
71.091,1.021
71.121,1.021
71.151,1.023
71.181,1.021
71.211,1.018
71.241,1.024
71.271,1.021
71.301,1.021
71.331,1.024
71.361,1.017
71.391,1.019
71.421,1.027
71.451,1.021
71.481,1.018
71.511,1.019
71.541,1.021
71.571,1.022
71.601,1.019
71.631,1.023
71.661,1.021
71.691,1.026
71.721,1.026
71.751,1.024
71.781,1.022
71.811,1.023
71.841,1.012
71.871,1.025
71.901,1.020
71.931,1.024
71.961,1.017
71.991,1.024
72.021,1.020
72.051,1.028
72.081,1.031
72.111,1.019
72.141,1.020
72.171,1.023
72.201,1.023
72.231,1.022
72.261,1.027
72.291,1.020
72.321,1.023
72.351,1.022
72.381,1.019
72.411,1.017
72.441,1.018
72.471,1.018
72.501,1.017
72.531,1.027
72.561,1.027
72.591,1.029
72.621,1.023
72.651,1.021
72.681,1.025
72.711,1.021
72.741,1.007
72.771,1.021
72.801,1.022
72.831,1.019
72.861,1.027
72.891,1.030
72.921,1.031
72.951,1.021
72.981,1.015
73.011,1.022
73.041,1.022
73.071,1.022
73.101,1.029
73.131,1.015
73.161,1.023
73.191,1.027
73.221,1.021
73.251,1.020
73.281,1.021
73.311,1.024
73.341,1.026
73.371,1.027
73.401,1.024
73.431,1.021
73.461,1.022
73.491,1.022
73.521,1.022
73.551,1.021
73.581,1.019
73.611,1.019
73.641,1.023
73.671,1.025
73.701,1.026
73.731,1.018
73.761,1.025
73.791,1.020
73.821,1.021
73.851,1.021
73.881,1.022
73.911,1.023
73.941,1.021
73.971,1.020
74.001,1.023
74.031,1.026
74.061,1.015
74.091,1.026
74.121,1.021
74.151,1.024
74.181,1.021
74.211,1.021
74.241,1.021
74.271,1.021
74.301,1.023
74.331,1.021
74.361,1.022
74.391,1.022
74.421,1.023
74.451,1.020
74.481,1.023
74.511,1.022
74.541,1.023
74.571,1.021
74.601,1.021
74.631,1.021
74.661,1.021
74.691,1.027
74.721,1.021
74.751,1.018
74.781,1.028
74.811,1.022
74.841,1.022
74.871,1.021
74.901,1.021
74.931,1.024
74.961,1.028
74.991,1.016
75.021,1.027
75.051,1.023
75.081,1.021
75.111,1.021
75.141,1.021
75.171,1.021
75.201,1.024
75.231,1.030
75.261,1.026
75.291,1.016
75.321,1.022
75.351,1.025
75.381,1.017
75.411,1.016
75.441,1.020
75.471,1.019
75.501,1.022
75.531,1.029
75.561,1.023
75.591,1.016
75.621,1.027
75.651,1.022
75.681,1.028
75.711,1.021
75.741,1.021
75.771,1.021
75.801,1.021
75.831,1.026
75.861,1.019
75.891,1.023
75.921,1.021
75.951,1.028
75.981,1.021
76.011,1.021
76.041,1.021
76.071,1.022
76.101,1.023
76.131,1.022
76.161,1.024
76.191,1.024
76.221,1.020
76.251,1.021
76.281,1.022
76.311,1.025
76.341,1.023
76.371,1.021
76.401,1.024
76.431,1.025
76.461,1.019
76.491,1.026
76.521,1.027
76.551,1.017
76.581,1.020
76.611,1.023
76.641,1.021
76.671,1.025
76.701,1.025
76.731,1.017
76.761,1.021
76.791,1.024
76.821,1.021
76.851,1.021
76.881,1.021
76.911,1.027
76.941,1.024
76.971,1.021
77.001,1.021
77.031,1.022
77.061,1.024
77.091,1.025
77.121,1.021
77.151,1.019
77.181,1.021
77.211,1.021
77.241,1.022
77.271,1.023
77.301,1.024
77.331,1.027
77.361,1.021
77.391,1.029
77.421,1.022
77.451,1.016
77.481,1.020
77.511,1.022
77.541,1.024
77.571,1.022
77.601,1.024
77.631,1.021
77.661,1.025
77.691,1.022
77.721,1.017
77.751,1.019
77.781,1.018
77.811,1.024
77.841,1.024
77.871,1.030
77.901,1.026
77.931,1.019
77.961,1.023
77.991,1.023
78.021,1.022
78.051,1.021
78.081,1.015
78.111,1.019
78.141,1.024
78.171,1.025
78.201,1.025
78.231,1.023
78.261,1.017
78.291,1.021
78.321,1.033
78.351,1.025
78.381,1.021
78.411,1.020
78.441,1.019
78.471,1.022
78.501,1.022
78.531,1.026
78.561,1.021
78.591,1.022
78.621,1.026
78.651,1.021
78.681,1.019
78.711,1.012
78.741,1.019
78.771,1.027
78.801,1.025
78.831,1.021
78.861,1.022
78.891,1.018
78.921,1.021
78.951,1.023
78.981,1.019
79.011,1.021
79.041,1.026
79.071,1.022
79.101,1.021
79.131,1.017
79.161,1.027
79.191,1.030
79.221,1.019
79.251,1.025
79.281,1.024
79.311,1.020
79.341,1.024
79.371,1.026
79.401,1.030
79.431,1.016
79.461,1.020
79.491,1.024
79.521,1.026
79.551,1.023
79.581,1.019
79.611,1.023
79.641,1.025
79.671,1.021
79.701,1.021
79.731,1.025
79.761,1.026
79.791,1.022
79.821,1.023
79.851,1.023
79.881,1.022
79.911,1.023
79.941,1.020
79.971,1.027
80.001,1.025
80.031,1.017
80.061,1.020
80.091,1.021
80.121,1.028
80.151,1.029
80.181,1.023
80.211,1.024
80.241,1.023
80.271,1.024
80.301,1.027
80.331,1.026
80.361,1.025
80.391,1.026
80.421,1.023
80.451,1.021
80.481,1.020
80.511,1.021
80.541,1.023
80.571,1.026
80.601,1.029
80.631,1.022
80.661,1.024
80.691,1.025
80.721,1.028
80.751,1.021
80.781,1.020
80.811,1.021
80.841,1.027
80.871,1.024
80.901,1.021
80.931,1.025
80.961,1.021
80.991,1.022
81.021,1.025
81.051,1.025
81.081,1.023
81.111,1.023
81.141,1.023
81.171,1.021
81.201,1.021
81.231,1.029
81.261,1.023
81.291,1.024
81.321,1.026
81.351,1.024
81.381,1.024
81.411,1.021
81.441,1.023
81.471,1.025
81.501,1.021
81.531,1.023
81.561,1.027
81.591,1.024
81.621,1.026
81.651,1.023
81.681,1.022
81.711,1.022
81.741,1.025
81.771,1.022
81.801,1.027
81.831,1.023
81.861,1.020
81.891,1.021
81.921,1.025
81.951,1.022
81.981,1.027
82.011,1.028
82.041,1.021
82.071,1.023
82.101,1.026
82.131,1.019
82.161,1.022
82.191,1.021
82.221,1.031
82.251,1.025
82.281,1.024
82.311,1.024
82.341,1.021
82.371,1.022
82.401,1.027
82.431,1.027
82.461,1.022
82.491,1.024
82.521,1.026
82.551,1.023
82.581,1.025
82.611,1.023
82.641,1.027
82.671,1.029
82.701,1.027
82.731,1.021
82.761,1.016
82.791,1.021
82.821,1.024
82.851,1.026
82.881,1.021
82.911,1.024
82.941,1.021
82.971,1.022
83.001,1.020
83.031,1.029
83.061,1.024
83.091,1.022
83.121,1.028
83.151,1.025
83.181,1.022
83.211,1.021
83.241,1.021
83.271,1.025
83.301,1.026
83.331,1.025
83.361,1.028
83.391,1.024
83.421,1.024
83.451,1.021
83.481,1.020
83.511,1.024
83.541,1.021
83.571,1.021
83.601,1.023
83.631,1.028
83.661,1.021
83.691,1.024
83.721,1.028
83.751,1.022
83.781,1.018
83.811,1.022
83.841,1.021
83.871,1.024
83.901,1.029
83.931,1.014
83.961,1.026
83.991,1.026
84.021,1.021
84.051,1.021
84.081,1.024
84.111,1.027
84.141,1.025
84.171,1.027
84.201,1.023
84.231,1.024
84.261,1.020
84.291,1.021
84.321,1.021
84.351,1.022
84.381,1.021
84.411,1.019
84.441,1.029
84.471,1.024
84.501,1.027
84.531,1.021
84.561,1.021
84.591,1.021
84.621,1.023
84.651,1.025
84.681,1.026
84.711,1.016
84.741,1.021
84.771,1.024
84.801,1.024
84.831,1.022
84.861,1.025
84.891,1.021
84.921,1.024
84.951,1.024
84.981,1.022
85.011,1.021
85.041,1.023
85.071,1.022
85.101,1.023
85.131,1.021
85.161,1.022
85.191,1.020
85.221,1.028
85.251,1.022
85.281,1.027
85.311,1.021
85.341,1.021
85.371,1.025
85.401,1.027
85.431,1.021
85.461,1.025
85.491,1.023
85.521,1.022
85.551,1.024
85.581,1.026
85.611,1.020
85.641,1.021
85.671,1.021
85.701,1.026
85.731,1.025
85.761,1.025
85.791,1.021
85.821,1.021
85.851,1.022
85.881,1.023
85.911,1.024
85.941,1.023
85.971,1.021
86.001,1.020
86.031,1.027
86.061,1.024
86.091,1.030
86.121,1.023
86.151,1.022
86.181,1.021
86.211,1.021
86.241,1.023
86.271,1.024
86.301,1.029
86.331,1.020
86.361,1.024
86.391,1.021
86.421,1.022
86.451,1.024
86.481,1.021
86.511,1.023
86.541,1.026
86.571,1.024
86.601,1.021
86.631,1.024
86.661,1.021
86.691,1.021
86.721,1.025
86.751,1.021
86.781,1.020
86.811,1.026
86.841,1.025
86.871,1.024
86.901,1.020
86.931,1.021
86.961,1.026
86.991,1.019
87.021,1.028
87.051,1.023
87.081,1.021
87.111,1.018
87.141,1.024
87.171,1.025
87.201,1.026
87.231,1.029
87.261,1.015
87.291,1.024
87.321,1.025
87.351,1.024
87.381,1.018
87.411,1.020
87.441,1.024
87.471,1.024
87.501,1.021
87.531,1.027
87.561,1.025
87.591,1.021
87.621,1.023
87.651,1.023
87.681,1.022
87.711,1.021
87.741,1.020
87.771,1.022
87.801,1.022
87.831,1.025
87.861,1.022
87.891,1.026
87.921,1.025
87.951,1.021
87.981,1.027
88.011,1.023
88.041,1.020
88.071,1.021
88.101,1.025
88.131,1.024
88.161,1.023
88.191,1.023
88.221,1.021
88.251,1.028
88.281,1.022
88.311,1.022
88.341,1.021
88.371,1.022
88.401,1.021
88.431,1.025
88.461,1.022
88.491,1.019
88.521,1.021
88.551,1.022
88.581,1.027
88.611,1.022
88.641,1.028
88.671,1.019
88.701,1.018
88.731,1.016
88.761,1.020
88.791,1.029
88.821,1.021
88.851,1.029
88.881,1.021
88.911,1.014
88.941,1.022
88.971,1.021
89.001,1.024
89.031,1.021
89.061,1.026
89.091,1.019
89.121,1.023
89.151,1.023
89.181,1.019
89.211,1.018
89.241,1.021
89.271,1.025
89.301,1.026
89.331,1.024
89.361,1.026
89.391,1.020
89.421,1.022
89.451,1.021
89.481,1.021
89.511,1.023
89.541,1.026
89.571,1.027
89.601,1.023
89.631,1.018
89.661,1.021
89.691,1.024
89.721,1.022
89.751,1.025
89.781,1.021
89.811,1.021
89.841,1.024
89.871,1.025
89.901,1.020
89.931,1.026
89.961,1.025
89.991,1.026
90.021,1.023
90.051,1.019
90.081,1.021
90.111,1.021
90.141,1.024
90.171,1.026
90.201,1.022
90.231,1.022
90.261,1.021
90.291,1.023
90.321,1.023
90.351,1.025
90.381,1.021
90.411,1.019
90.441,1.023
90.471,1.022
90.501,1.022
90.531,1.021
90.561,1.022
90.591,1.023
90.621,1.033
90.651,1.023
90.681,1.018
90.711,1.018
90.741,1.021
90.771,1.023
90.801,1.023
90.831,1.029
90.861,1.013
90.891,1.024
90.921,1.021
90.951,1.020
90.981,1.021
91.011,1.020
91.041,1.020
91.071,1.022
91.101,1.027
91.131,1.028
91.161,1.021
91.191,1.025
91.221,1.021
91.251,1.022
91.281,1.021
91.311,1.021
91.341,1.021
91.371,1.021
91.401,1.022
91.431,1.021
91.461,1.023
91.491,1.019
91.521,1.021
91.551,1.026
91.581,1.026
91.611,1.021
91.641,1.021
91.671,1.021
91.701,1.022
91.731,1.023
91.761,1.028
91.791,1.020
91.821,1.021
91.851,1.026
91.881,1.022
91.911,1.021
91.941,1.021
91.971,1.025
92.001,1.021
92.031,1.024
92.061,1.024
92.091,1.023
92.121,1.022
92.151,1.023
92.181,1.021
92.211,1.022
92.241,1.023
92.271,1.021
92.301,1.021
92.331,1.022
92.361,1.028
92.391,1.024
92.421,1.027
92.451,1.022
92.481,1.024
92.511,1.025
92.541,1.020
92.571,1.021
92.601,1.024
92.631,1.020
92.661,1.025
92.691,1.028
92.721,1.020
92.751,1.021
92.781,1.026
92.811,1.020
92.841,1.021
92.871,1.019
92.901,1.022
92.931,1.027
92.961,1.023
92.991,1.021
93.021,1.023
93.051,1.021
93.081,1.020
93.111,1.022
93.141,1.023
93.171,1.021
93.201,1.023
93.231,1.025
93.261,1.025
93.291,1.021
93.321,1.022
93.351,1.025
93.381,1.025
93.411,1.021
93.441,1.020
93.471,1.021
93.501,1.026
93.531,1.029
93.561,1.027
93.591,1.015
93.621,1.022
93.651,1.026
93.681,1.020
93.711,1.023
93.741,1.022
93.771,1.020
93.801,1.024
93.831,1.022
93.861,1.023
93.891,1.023
93.921,1.023
93.951,1.021
93.981,1.021
94.011,1.022
94.041,1.020
94.071,1.021
94.101,1.032
94.131,1.024
94.161,1.021
94.191,1.024
94.221,1.022
94.251,1.014
94.281,1.018
94.311,1.025
94.341,1.028
94.371,1.019
94.401,1.022
94.431,1.023
94.461,1.021
94.491,1.022
94.521,1.020
94.551,1.017
94.581,1.020
94.611,1.019
94.641,1.022
94.671,1.025
94.701,1.022
94.731,1.022
94.761,1.022
94.791,1.021
94.821,1.021
94.851,1.019
94.881,1.022
94.911,1.025
94.941,1.019
94.971,1.027
95.001,1.023
95.031,1.021
95.061,1.021
95.091,1.023
95.121,1.022
95.151,1.021
95.181,1.024
95.211,1.021
95.241,1.022
95.271,1.025
95.301,1.018
95.331,1.021
95.361,1.022
95.391,1.022
95.421,1.023
95.451,1.024
95.481,1.023
95.511,1.024
95.541,1.021
95.571,1.020
95.601,1.024
95.631,1.021
95.661,1.022
95.691,1.020
95.721,1.029
95.751,1.019
95.781,1.023
95.811,1.023
95.841,1.020
95.871,1.021
95.901,1.022
95.931,1.021
95.961,1.021
95.991,1.023
96.021,1.020
96.051,1.026
96.081,1.024
96.111,1.021
96.141,1.021
96.171,1.021
96.201,1.024
96.231,1.026
96.261,1.026
96.291,1.023
96.321,1.022
96.351,1.021
96.381,1.021
96.411,1.020
96.441,1.022
96.471,1.023
96.501,1.024
96.531,1.023
96.561,1.020
96.591,1.026
96.621,1.021
96.651,1.029
96.681,1.023
96.711,1.019
96.741,1.020
96.771,1.021
96.801,1.023
96.831,1.020
96.861,1.023
96.891,1.021
96.921,1.026
96.951,1.026
96.981,1.021
97.011,1.024
97.041,1.022
97.071,1.021
97.101,1.023
97.131,1.023
97.161,1.023
97.191,1.022
97.221,1.021
97.251,1.023
97.281,1.023
97.311,1.021
97.341,1.023
97.371,1.024
97.401,1.025
97.431,1.021
97.461,1.019
97.491,1.023
97.521,1.021
97.551,1.028
97.581,1.018
97.611,1.020
97.641,1.026
97.671,1.023
97.701,1.025
97.731,1.024
97.761,1.019
97.791,1.021
97.821,1.026
97.851,1.021
97.881,1.022
97.911,1.024
97.941,1.021
97.971,1.020
98.001,1.025
98.031,1.023
98.061,1.021
98.091,1.021
98.121,1.021
98.151,1.021
98.181,1.020
98.211,1.021
98.241,1.022
98.271,1.023
98.301,1.024
98.331,1.021
98.361,1.017
98.391,1.026
98.421,1.021
98.451,1.028
98.481,1.021
98.511,1.019
98.541,1.020
98.571,1.021
98.601,1.022
98.631,1.021
98.661,1.025
98.691,1.019
98.721,1.028
98.751,1.024
98.781,1.021
98.811,1.021
98.841,1.022
98.871,1.022
98.901,1.023
98.931,1.021
98.961,1.024
98.991,1.021
99.021,1.021
99.051,1.026
99.081,1.021
99.111,1.023
99.141,1.021
99.171,1.023
99.201,1.026
99.231,1.019
99.261,1.021
99.291,1.025
99.321,1.025
99.351,1.023
99.381,1.019
99.411,1.021
99.441,1.025
99.471,1.024
99.501,1.026
99.531,1.015
99.561,1.021
99.591,1.028
99.621,1.020
99.651,1.016
99.681,1.021
99.711,1.024
99.741,1.025
99.771,1.021
99.801,1.022
99.831,1.023
99.861,1.020
99.891,1.024
99.921,1.023
99.951,1.021
99.981,1.017
100.011,1.026
100.041,1.025
100.071,1.017
100.101,1.021
100.131,1.023
100.161,1.019
100.191,1.021
100.221,1.024
100.251,1.025
100.281,1.020
100.311,1.024
100.341,1.020
100.371,1.022
100.401,1.026
100.431,1.021
100.461,1.020
100.491,1.021
100.521,1.021
100.551,1.021
100.581,1.024
100.611,1.020
100.641,1.021
100.671,1.023
100.701,1.023
100.731,1.021
100.761,1.022
100.791,1.018
100.821,1.019
100.851,1.023
100.881,1.021
100.911,1.029
100.941,1.021
100.971,1.021
101.001,1.022
101.031,1.023
101.061,1.022
101.091,1.021
101.121,1.024
101.151,1.021
101.181,1.027
101.211,1.021
101.241,1.019
101.271,1.018
101.301,1.022
101.331,1.022
101.361,1.026
101.391,1.025
101.421,1.023
101.451,1.023
101.481,1.021
101.511,1.021
101.541,1.021
101.571,1.022
101.601,1.024
101.631,1.023
101.661,1.023
101.691,1.020
101.721,1.023
101.751,1.027
101.781,1.025
101.811,1.019
101.841,1.020
101.871,1.019
101.901,1.018
101.931,1.025
101.961,1.029
101.991,1.017
102.021,1.021
102.051,1.022
102.081,1.022
102.111,1.022
102.141,1.020
102.171,1.024
102.201,1.021
102.231,1.026
102.261,1.024
102.291,1.019
102.321,1.023
102.351,1.023
102.381,1.021
102.411,1.023
102.441,1.022
102.471,1.022
102.501,1.022
102.531,1.017
102.561,1.018
102.591,1.024
102.621,1.019
102.651,1.028
102.681,1.023
102.711,1.017
102.741,1.021
102.771,1.025
102.801,1.022
102.831,1.019
102.861,1.027
102.891,1.019
102.921,1.022
102.951,1.023
102.981,1.020
103.011,1.022
103.041,1.019
103.071,1.023
103.101,1.026
103.131,1.023
103.161,1.020
103.191,1.023
103.221,1.022
103.251,1.021
103.281,1.021
103.311,1.022
103.341,1.022
103.371,1.018
103.401,1.021
103.431,1.023
103.461,1.027
103.491,1.018
103.521,1.023
103.551,1.021
103.581,1.022
103.611,1.021
103.641,1.027
103.671,1.020
103.701,1.018
103.731,1.023
103.761,1.025
103.791,1.024
103.821,1.028
103.851,1.017
103.881,1.017
103.911,1.025
103.941,1.021
103.971,1.021
104.001,1.024
104.031,1.020
104.061,1.026
104.091,1.026
104.121,1.022
104.151,1.021
104.181,1.024
104.211,1.025
104.241,1.022
104.271,1.022
104.301,1.023
104.331,1.021
104.361,1.023
104.391,1.020
104.421,1.024
104.451,1.022
104.481,1.021
104.511,1.024
104.541,1.025
104.571,1.020
104.601,1.021
104.631,1.020
104.661,1.021
104.691,1.022
104.721,1.024
104.751,1.021
104.781,1.025
104.811,1.022
104.841,1.021
104.871,1.021
104.901,1.018
104.931,1.023
104.961,1.023
104.991,1.024
105.021,1.027
105.051,1.022
105.081,1.021
105.111,1.024
105.141,1.021
105.171,1.021
105.201,1.020
105.231,1.018
105.261,1.019
105.291,1.029
105.321,1.021
105.351,1.025
105.381,1.020
105.411,1.017
105.441,1.019
105.471,1.024
105.501,1.022
105.531,1.023
105.561,1.015
105.591,1.018
105.621,1.023
105.651,1.022
105.681,1.021
105.711,1.020
105.741,1.021
105.771,1.022
105.801,1.023
105.831,1.023
105.861,1.021
105.891,1.021
105.921,1.023
105.951,1.021
105.981,1.022
106.011,1.018
106.041,1.022
106.071,1.024
106.101,1.019
106.131,1.025
106.161,1.022
106.191,1.022
106.221,1.019
106.251,1.022
106.281,1.021
106.311,1.017
106.341,1.026
106.371,1.017
106.401,1.024
106.431,1.022
106.461,1.021
106.491,1.020
106.521,1.018
106.551,1.021
106.581,1.024
106.611,1.022
106.641,1.020
106.671,1.021
106.701,1.024
106.731,1.022
106.761,1.023
106.791,1.025
106.821,1.020
106.851,1.021
106.881,1.017
106.911,1.025
106.941,1.022
106.971,1.020
107.001,1.019
107.031,1.027
107.061,1.024
107.091,1.022
107.121,1.024
107.151,1.012
107.181,1.021
107.211,1.023
107.241,1.022
107.271,1.021
107.301,1.023
107.331,1.023
107.361,1.022
107.391,1.023
107.421,1.021
107.451,1.021
107.481,1.020
107.511,1.022
107.541,1.024
107.571,1.021
107.601,1.021
107.631,1.022
107.661,1.022
107.691,1.021
107.721,1.019
107.751,1.019
107.781,1.021
107.811,1.023
107.841,1.022
107.871,1.020
107.901,1.022
107.931,1.023
107.961,1.025
107.991,1.020
108.021,1.021
108.051,1.024
108.081,1.021
108.111,1.023
108.141,1.014
108.171,1.021
108.201,1.021
108.231,1.021
108.261,1.026
108.291,1.021
108.321,1.017
108.351,1.021
108.381,1.026
108.411,1.023
108.441,1.024
108.471,1.021
108.501,1.019
108.531,1.023
108.561,1.021
108.591,1.017
108.621,1.019
108.651,1.019
108.681,1.020
108.711,1.020
108.741,1.017
108.771,1.020
108.801,1.026
108.831,1.022
108.861,1.022
108.891,1.017
108.921,1.011
108.951,1.015
108.981,1.021
109.011,1.024
109.041,1.005
109.071,1.038
109.101,1.031
109.131,1.021
109.161,1.017
109.191,1.014
109.221,1.016
109.251,1.018
109.281,1.014
109.311,1.023
109.341,1.030
109.371,1.027
109.401,1.020
109.431,1.017
109.461,1.017
109.491,1.017
109.521,1.015
109.551,1.011
109.581,1.017
109.611,1.022
109.641,1.019
109.671,1.021
109.701,1.017
109.731,1.021
109.761,1.020
109.791,1.009
109.821,1.030
109.851,1.028
109.881,1.018
109.911,1.014
109.941,1.021
109.971,1.021
110.001,1.014
110.031,1.020
110.061,1.018
110.091,1.021
110.121,1.023
110.151,1.018
110.181,1.021
110.211,1.021
110.241,1.020
110.271,1.019
110.301,1.027
110.331,1.021
110.361,1.023
110.391,1.022
110.421,1.021
110.451,1.020
110.481,1.025
110.511,1.021
110.541,1.015
110.571,1.018
110.601,1.020
110.631,1.021
110.661,1.021
110.691,1.018
110.721,1.017
110.751,1.021
110.781,1.022
110.811,1.021
110.841,1.015
110.871,1.014
110.901,1.017
110.931,1.017
110.961,1.021
110.991,1.023
111.021,1.019
111.051,1.019
111.081,1.019
111.111,1.019
111.141,1.016
111.171,1.017
111.201,1.020
111.231,1.019
111.261,1.016
111.291,1.025
111.321,1.018
111.351,1.022
111.381,1.020
111.411,1.018
111.441,1.019
111.471,1.020
111.501,1.021
111.531,1.018
111.561,1.027
111.591,1.015
111.621,1.018
111.651,1.020
111.681,1.017
111.711,1.019
111.741,1.018
111.771,1.021
111.801,1.022
111.831,1.022
111.861,1.022
111.891,1.019
111.921,1.016
111.951,1.019
111.981,1.020
112.011,1.019
112.041,1.020
112.071,1.021
112.101,1.022
112.131,1.021
112.161,1.016
112.191,1.021
112.221,1.018
112.251,1.024
112.281,1.019
112.311,1.013
112.341,1.019
112.371,1.020
112.401,1.017
112.431,1.021
112.461,1.020
112.491,1.018
112.521,1.020
112.551,1.021
112.581,1.022
112.611,1.018
112.641,1.018
112.671,1.023
112.701,1.022
112.731,1.021
112.761,1.022
112.791,1.019
112.821,1.021
112.851,1.020
112.881,1.020
112.911,1.019
112.941,1.016
112.971,1.019
113.001,1.017
113.031,1.021
113.061,1.027
113.091,1.017
113.121,1.018
113.151,1.022
113.181,1.022
113.211,1.022
113.241,1.017
113.271,1.017
113.301,1.021
113.331,1.025
113.361,1.022
113.391,1.023
113.421,1.016
113.451,1.017
113.481,1.023
113.511,1.021
113.541,1.017
113.571,1.019
113.601,1.022
113.631,1.019
113.661,1.021
113.691,1.022
113.721,1.021
113.751,1.018
113.781,1.021
113.811,1.020
113.841,1.021
113.871,1.021
113.901,1.018
113.931,1.015
113.961,1.018
113.991,1.025
114.021,1.021
114.051,1.016
114.081,1.019
114.111,1.019
114.141,1.020
114.171,1.020
114.201,1.022
114.231,1.018
114.261,1.021
114.291,1.018
114.321,1.021
114.351,1.021
114.381,1.021
114.411,1.021
114.441,1.018
114.471,1.023
114.501,1.025
114.531,1.021
114.561,1.018
114.591,1.017
114.621,1.020
114.651,1.021
114.681,1.017
114.711,1.018
114.741,1.021
114.771,1.022
114.801,1.020
114.831,1.024
114.861,1.019
114.891,1.021
114.921,1.020
114.951,1.021
114.981,1.021
115.011,1.017
115.041,1.026
115.071,1.016
115.101,1.019
115.131,1.021
115.161,1.020
115.191,1.021
115.221,1.020
115.251,1.021
115.281,1.023
115.311,1.021
115.341,1.021
115.371,1.016
115.401,1.020
115.431,1.020
115.461,1.019
115.491,1.020
115.521,1.019
115.551,1.015
115.581,1.024
115.611,1.021
115.641,1.024
115.671,1.020
115.701,1.016
115.731,1.020
115.761,1.020
115.791,1.022
115.821,1.019
115.851,1.019
115.881,1.020
115.911,1.023
115.941,1.018
115.971,1.020
116.001,1.021
116.031,1.019
116.061,1.021
116.091,1.023
116.121,1.021
116.151,1.020
116.181,1.018
116.211,1.020
116.241,1.020
116.271,1.021
116.301,1.019
116.331,1.020
116.361,1.022
116.391,1.021
116.421,1.020
116.451,1.021
116.481,1.024
116.511,1.020
116.541,1.015
116.571,1.017
116.601,1.023
116.631,1.020
116.661,1.022
116.691,1.013
116.721,1.023
116.751,1.021
116.781,1.020
116.811,1.017
116.841,1.018
116.871,1.021
116.901,1.023
116.931,1.025
116.961,1.021
116.991,1.019
117.021,1.017
117.051,1.017
117.081,1.021
117.111,1.021
117.141,1.024
117.171,1.019
117.201,1.021
117.231,1.020
117.261,1.020
117.291,1.021
117.321,1.023
117.351,1.018
117.381,1.019
117.411,1.017
117.441,1.021
117.471,1.024
117.501,1.022
117.531,1.008
117.561,1.016
117.591,1.023
117.621,1.018
117.651,1.016
117.681,1.019
117.711,1.018
117.741,1.021
117.771,1.025
117.801,1.019
117.831,1.017
117.861,1.024
117.891,1.021
117.921,1.020
117.951,1.017
117.981,1.025
118.011,1.021
118.041,1.022
118.071,1.030
118.101,1.021
118.131,1.015
118.161,1.016
118.191,1.019
118.221,1.021
118.251,1.017
118.281,1.018
118.311,1.020
118.341,1.025
118.371,1.020
118.401,1.017
118.431,1.016
118.461,1.016
118.491,1.019
118.521,1.021
118.551,1.018
118.581,1.021
118.611,1.017
118.641,1.018
118.671,1.021
118.701,1.013
118.731,1.022
118.761,1.020
118.791,1.020
118.821,1.021
118.851,1.021
118.881,1.020
118.911,1.016
118.941,1.021
118.971,1.021
119.001,1.022
119.031,1.020
119.061,1.024
119.091,1.019
119.121,1.020
119.151,1.022
119.181,1.017
119.211,1.018
119.241,1.023
119.271,1.021
119.301,1.020
119.331,1.018
119.361,1.021
119.391,1.018
119.421,1.020
119.451,1.016
119.481,1.021
119.511,1.020
119.541,1.023
119.571,1.017
119.601,1.018
119.631,1.020
119.661,1.022
119.691,1.018
119.721,1.020
119.751,1.022
119.781,1.019
119.811,1.024
119.841,1.018
119.871,1.017
119.901,1.020
119.931,1.020
119.961,1.022
119.991,1.021
120.021,1.021
120.051,1.019
120.081,1.020
120.111,1.020
120.141,1.021
120.171,1.019
120.201,1.020
120.231,1.023
120.261,1.020
120.291,1.022
120.321,1.025
120.351,1.017
120.381,1.025
120.411,1.022
120.441,1.015
120.471,1.018
120.501,1.021
120.531,1.023
120.561,1.020
120.591,1.025
120.621,1.013
120.651,1.020
120.681,1.017
120.711,1.021
120.741,1.020
120.771,1.021
120.801,1.021
120.831,1.019
120.861,1.021
120.891,1.021
120.921,1.021
120.951,1.021
120.981,1.017
121.011,1.018
121.041,1.017
121.071,1.018
121.101,1.022
121.131,1.021
121.161,1.021
121.191,1.023
121.221,1.022
121.251,1.018
121.281,1.018
121.311,1.021
121.341,1.019
121.371,1.021
121.401,1.019
121.431,1.018
121.461,1.021
121.491,1.017
121.521,1.020
121.551,1.020
121.581,1.021
121.611,1.014
121.641,1.020
121.671,1.022
121.701,1.017
121.731,1.017
121.761,1.020
121.791,1.021
121.821,1.020
121.851,1.020
121.881,1.021
121.911,1.010
121.941,1.021
121.971,1.021
122.001,1.026
122.031,1.022
122.061,1.020
122.091,1.018
122.121,1.020
122.151,1.025
122.181,1.022
122.211,1.021
122.241,1.018
122.271,1.019
122.301,1.020
122.331,1.021
122.361,1.021
122.391,1.012
122.421,1.021
122.451,1.021
122.481,1.021
122.511,1.016
122.541,1.015
122.571,1.022
122.601,1.022
122.631,1.022
122.661,1.021
122.691,1.019
122.721,1.021
122.751,1.017
122.781,1.024
122.811,1.019
122.841,1.018
122.871,1.021
122.901,1.019
122.931,1.015
122.961,1.017
122.991,1.020
123.021,1.024
123.051,1.016
123.081,1.016
123.111,1.021
123.141,1.024
123.171,1.019
123.201,1.021
123.231,1.014
123.261,1.020
123.291,1.019
123.321,1.023
123.351,1.023
123.381,1.020
123.411,1.017
123.441,1.020
123.471,1.020
123.501,1.019
123.531,1.013
123.561,1.024
123.591,1.020
123.621,1.025
123.651,1.021
123.681,1.021
123.711,1.019
123.741,1.018
123.771,1.024
123.801,1.030
123.831,1.009
123.861,1.021
123.891,1.023
123.921,1.016
123.951,1.014
123.981,1.018
124.011,1.015
124.041,1.023
124.071,1.024
124.101,1.029
124.131,1.019
124.161,1.016
124.191,1.021
124.221,1.021
124.251,1.021
124.281,1.022
124.311,1.014
124.341,1.015
124.371,1.016
124.401,1.024
124.431,1.024
124.461,1.018
124.491,1.014
124.521,1.019
124.551,1.022
124.581,1.024
124.611,1.013
124.641,1.019
124.671,1.017
124.701,1.018
124.731,1.018
124.761,1.022
124.791,1.021
124.821,1.020
124.851,1.022
124.881,1.019
124.911,1.015
124.941,1.018
124.971,1.020
125.001,1.020
125.031,1.018
125.061,1.019
125.091,1.018
125.121,1.027
125.151,1.022
125.181,1.021
125.211,1.019
125.241,1.017
125.271,1.020
125.301,1.021
125.331,1.018
125.361,1.027
125.391,1.013
125.421,1.020
125.451,1.021
125.481,1.022
125.511,1.016
125.541,1.016
125.571,1.021
125.601,1.024
125.631,1.020
125.661,1.025
125.691,1.015
125.721,1.011
125.751,1.018
125.781,1.025
125.811,1.023
125.841,1.019
125.871,1.019
125.901,1.023
125.931,1.018
125.961,1.023
125.991,1.018
126.021,1.016
126.051,1.021
126.081,1.019
126.111,1.028
126.141,1.028
126.171,1.014
126.201,1.012
126.231,1.021
126.261,1.018
126.291,1.021
126.321,1.019
126.351,1.022
126.381,1.022
126.411,1.021
126.441,1.021
126.471,1.023
126.501,1.017
126.531,1.018
126.561,1.021
126.591,1.020
126.621,1.021
126.651,1.018
126.681,1.025
126.711,1.022
126.741,1.016
126.771,1.016
126.801,1.018
126.831,1.022
126.861,1.026
126.891,1.015
126.921,1.020
126.951,1.023
126.981,1.021
127.011,1.017
127.041,1.014
127.071,1.019
127.101,1.020
127.131,1.024
127.161,1.022
127.191,1.021
127.221,1.017
127.251,1.019
127.281,1.019
127.311,1.019
127.341,1.016
127.371,1.026
127.401,1.018
127.431,1.021
127.461,1.021
127.491,1.018
127.521,1.021
127.551,1.019
127.581,1.021
127.611,1.028
127.641,1.014
127.671,1.017
127.701,1.022
127.731,1.019
127.761,1.019
127.791,1.021
127.821,1.021
127.851,1.025
127.881,1.021
127.911,1.021
127.941,1.020
127.971,1.022
128.001,1.022
128.031,1.023
128.061,1.019
128.091,1.020
128.121,1.021
128.151,1.022
128.181,1.020
128.211,1.019
128.241,1.020
128.271,1.020
128.301,1.022
128.331,1.027
128.361,1.016
128.391,1.022
128.421,1.021
128.451,1.023
128.481,1.019
128.511,1.019
128.541,1.022
128.571,1.025
128.601,1.022
128.631,1.021
128.661,1.019
128.691,1.019
128.721,1.021
128.751,1.021
128.781,1.020
128.811,1.020
128.841,1.020
128.871,1.022
128.901,1.021
128.931,1.023
128.961,1.021
128.991,1.016
129.021,1.020
129.051,1.022
129.081,1.019
129.111,1.026
129.141,1.017
129.171,1.023
129.201,1.022
129.231,1.019
129.261,1.020
129.291,1.018
129.321,1.021
129.351,1.022
129.381,1.023
129.411,1.018
129.441,1.020
129.471,1.017
129.501,1.021
129.531,1.021
129.561,1.021
129.591,1.019
129.621,1.021
129.651,1.021
129.681,1.020
129.711,1.025
129.741,1.024
129.771,1.017
129.801,1.018
129.831,1.021
129.861,1.022
129.891,1.018
129.921,1.021
129.951,1.018
129.981,1.021
130.011,1.021
130.041,1.017
130.071,1.021
130.101,1.018
130.131,1.020
130.161,1.023
130.191,1.025
130.221,1.020
130.251,1.018
130.281,1.019
130.311,1.021
130.341,1.020
130.371,1.018
130.401,1.015
130.431,1.021
130.461,1.026
130.491,1.019
130.521,1.023
130.551,1.017
130.581,1.015
130.611,1.019
130.641,1.021
130.671,1.021
130.701,1.030
130.731,1.011
130.761,1.020
130.791,1.026
130.821,1.020
130.851,1.020
130.881,1.022
130.911,1.021
130.941,1.022
130.971,1.021
131.001,1.020
131.031,1.019
131.061,1.019
131.091,1.020
131.121,1.017
131.151,1.017
131.181,1.021
131.211,1.022
131.241,1.021
131.271,1.020
131.301,1.021
131.331,1.018
131.361,1.019
131.391,1.021
131.421,1.019
131.451,1.027
131.481,1.021
131.511,1.016
131.541,1.024
131.571,1.022
131.601,1.020
131.631,1.019
131.661,1.015
131.691,1.021
131.721,1.024
131.751,1.021
131.781,1.018
131.811,1.021
131.841,1.020
131.871,1.021
131.901,1.020
131.931,1.020
131.961,1.018
131.991,1.029
132.021,1.022
132.051,1.015
132.081,1.021
132.111,1.018
132.141,1.019
132.171,1.021
132.201,1.021
132.231,1.018
132.261,1.019
132.291,1.018
132.321,1.019
132.351,1.025
132.381,1.020
132.411,1.021
132.441,1.024
132.471,1.019
132.501,1.018
132.531,1.020
132.561,1.019
132.591,1.021
132.621,1.025
132.651,1.017
132.681,1.024
132.711,1.022
132.741,1.024
132.771,1.018
132.801,1.017
132.831,1.019
132.861,1.021
132.891,1.016
132.921,1.026
132.951,1.011
132.981,1.019
133.011,1.022
133.041,1.021
133.071,1.017
133.101,1.018
133.131,1.024
133.161,1.020
133.191,1.018
133.221,1.021
133.251,1.021
133.281,1.020
133.311,1.021
133.341,1.021
133.371,1.020
133.401,1.027
133.431,1.016
133.461,1.024
133.491,1.020
133.521,1.017
133.551,1.018
133.581,1.022
133.611,1.022
133.641,1.021
133.671,1.010
133.701,1.021
133.731,1.021
133.761,1.020
133.791,1.020
133.821,1.021
133.851,1.021
133.881,1.023
133.911,1.019
133.941,1.020
133.971,1.024
134.001,1.021
134.031,1.016
134.061,1.024
134.091,1.021
134.121,1.016
134.151,1.021
134.181,1.020
134.211,1.015
134.241,1.019
134.271,1.021
134.301,1.021
134.331,1.027
134.361,1.012
134.391,1.021
134.421,1.023
134.451,1.022
134.481,1.018
134.511,1.017
134.541,1.021
134.571,1.021
134.601,1.021
134.631,1.022
134.661,1.023
134.691,1.022
134.721,1.018
134.751,1.017
134.781,1.023
134.811,1.022
134.841,1.019
134.871,1.021
134.901,1.020
134.931,1.021
134.961,1.020
134.991,1.023
135.021,1.028
135.051,1.012
135.081,1.020
135.111,1.025
135.141,1.017
135.171,1.021
135.201,1.019
135.231,1.020
135.261,1.021
135.291,1.021
135.321,1.018
135.351,1.020
135.381,1.018
135.411,1.021
135.441,1.020
135.471,1.022
135.501,1.013
135.531,1.025
135.561,1.021
135.591,1.020
135.621,1.021
135.651,1.021
135.681,1.021
135.711,1.021
135.741,1.020
135.771,1.021
135.801,1.022
135.831,1.019
135.861,1.017
135.891,1.017
135.921,1.021
135.951,1.019
135.981,1.021
136.011,1.022
136.041,1.020
136.071,1.019
136.101,1.019
136.131,1.021
136.161,1.021
136.191,1.020
136.221,1.020
136.251,1.018
136.281,1.016
136.311,1.023
136.341,1.021
136.371,1.024
136.401,1.019
136.431,1.020
136.461,1.020
136.491,1.021
136.521,1.018
136.551,1.020
136.581,1.021
136.611,1.018
136.641,1.020
136.671,1.017
136.701,1.019
136.731,1.016
136.761,1.018
136.791,1.021
136.821,1.024
136.851,1.020
136.881,1.016
136.911,1.020
136.941,1.020
136.971,1.021
137.001,1.021
137.031,1.017
137.061,1.019
137.091,1.021
137.121,1.021
137.151,1.021
137.181,1.022
137.211,1.020
137.241,1.019
137.271,1.020
137.301,1.025
137.331,1.018
137.361,1.015
137.391,1.015
137.421,1.021
137.451,1.022
137.481,1.027
137.511,1.013
137.541,1.022
137.571,1.021
137.601,1.015
137.631,1.016
137.661,1.018
137.691,1.020
137.721,1.021
137.751,1.021
137.781,1.020
137.811,1.018
137.841,1.018
137.871,1.020
137.901,1.019
137.931,1.018
137.961,1.017
137.991,1.019
138.021,1.020
138.051,1.021
138.081,1.021
138.111,1.024
138.141,1.017
138.171,1.018
138.201,1.021
138.231,1.016
138.261,1.022
138.291,1.021
138.321,1.017
138.351,1.018
138.381,1.020
138.411,1.023
138.441,1.017
138.471,1.021
138.501,1.017
138.531,1.020
138.561,1.021
138.591,1.019
138.621,1.020
138.651,1.016
138.681,1.022
138.711,1.025
138.741,1.021
138.771,1.016
138.801,1.020
138.831,1.021
138.861,1.021
138.891,1.019
138.921,1.017
138.951,1.021
138.981,1.022
139.011,1.024
139.041,1.021
139.071,1.013
139.101,1.021
139.131,1.023
139.161,1.022
139.191,1.015
139.221,1.018
139.251,1.017
139.281,1.023
139.311,1.021
139.341,1.023
139.371,1.014
139.401,1.018
139.431,1.024
139.461,1.016
139.491,1.021
139.521,1.017
139.551,1.019
139.581,1.022
139.611,1.020
139.641,1.023
139.671,1.019
139.701,1.021
139.731,1.019
139.761,1.021
139.791,1.021
139.821,1.022
139.851,1.021
139.881,1.018
139.911,1.021
139.941,1.022
139.971,1.025
140.001,1.022
140.031,1.018
140.061,1.021
140.091,1.022
140.121,1.017
140.151,1.020
140.181,1.015
140.211,1.021
140.241,1.021
140.271,1.020
140.301,1.018
140.331,1.017
140.361,1.019
140.391,1.023
140.421,1.021
140.451,1.016
140.481,1.017
140.511,1.020
140.541,1.021
140.571,1.019
140.601,1.021
140.631,1.021
140.661,1.017
140.691,1.024
140.721,1.020
140.751,1.021
140.781,1.020
140.811,1.021
140.841,1.021
140.871,1.017
140.901,1.019
140.931,1.020
140.961,1.021
140.991,1.021
141.021,1.021
141.051,1.014
141.081,1.021
141.111,1.022
141.141,1.021
141.171,1.017
141.201,1.017
141.231,1.021
141.261,1.023
141.291,1.020
141.321,1.020
141.351,1.017
141.381,1.018
141.411,1.021
141.441,1.022
141.471,1.017
141.501,1.021
141.531,1.020
141.561,1.020
141.591,1.018
141.621,1.024
141.651,1.015
141.681,1.019
141.711,1.021
141.741,1.016
141.771,1.021
141.801,1.019
141.831,1.021
141.861,1.020
141.891,1.021
141.921,1.019
141.951,1.021
141.981,1.020
142.011,1.020
142.041,1.021
142.071,1.020
142.101,1.017
142.131,1.018
142.161,1.021
142.191,1.024
142.221,1.018
142.251,1.019
142.281,1.019
142.311,1.020
142.341,1.018
142.371,1.020
142.401,1.015
142.431,1.019
142.461,1.021
142.491,1.021
142.521,1.018
142.551,1.016
142.581,1.020
142.611,1.022
142.641,1.020
142.671,1.021
142.701,1.018
142.731,1.023
142.761,1.017
142.791,1.020
142.821,1.020
142.851,1.017
142.881,1.018
142.911,1.022
142.941,1.021
142.971,1.024
143.001,1.017
143.031,1.019
143.061,1.021
143.091,1.021
143.121,1.019
143.151,1.025
143.181,1.012
143.211,1.015
143.241,1.022
143.271,1.020
143.301,1.017
143.331,1.019
143.361,1.021
143.391,1.021
143.421,1.023
143.451,1.021
143.481,1.018
143.511,1.019
143.541,1.019
143.571,1.021
143.601,1.021
143.631,1.016
143.661,1.023
143.691,1.024
143.721,1.017
143.751,1.024
143.781,1.020
143.811,1.017
143.841,1.022
143.871,1.019
143.901,1.020
143.931,1.018
143.961,1.017
143.991,1.016
144.021,1.022
144.051,1.019
144.081,1.017
144.111,1.017
144.141,1.020
144.171,1.019
144.201,1.024
144.231,1.022
144.261,1.020
144.291,1.016
144.321,1.021
144.351,1.018
144.381,1.016
144.411,1.020
144.441,1.023
144.471,1.021
144.501,1.021
144.531,1.021
144.561,1.019
144.591,1.020
144.621,1.020
144.651,1.022
144.681,1.016
144.711,1.023
144.741,1.013
144.771,1.021
144.801,1.018
144.831,1.024
144.861,1.019
144.891,1.015
144.921,1.020
144.951,1.019
144.981,1.021
145.011,1.016
145.041,1.018
145.071,1.018
145.101,1.021
145.131,1.023
145.161,1.018
145.191,1.020
145.221,1.019
145.251,1.024
145.281,1.014
145.311,1.024
145.341,1.021
145.371,1.018
145.401,1.018
145.431,1.018
145.461,1.023
145.491,1.021
145.521,1.026
145.551,1.018
145.581,1.021
145.611,1.017
145.641,1.020
145.671,1.018
145.701,1.017
145.731,1.020
145.761,1.021
145.791,1.020
145.821,1.022
145.851,1.021
145.881,1.019
145.911,1.018
145.941,1.022
145.971,1.020
146.001,1.019
146.031,1.022
146.061,1.019
146.091,1.019
146.121,1.017
146.151,1.022
146.181,1.023
146.211,1.017
146.241,1.017
146.271,1.018
146.301,1.019
146.331,1.017
146.361,1.025
146.391,1.011
146.421,1.021
146.451,1.020
146.481,1.017
146.511,1.019
146.541,1.020
146.571,1.021
146.601,1.023
146.631,1.023
146.661,1.020
146.691,1.018
146.721,1.016
146.751,1.019
146.781,1.020
146.811,1.017
146.841,1.021
146.871,1.021
146.901,1.021
146.931,1.017
146.961,1.022
146.991,1.022
147.021,1.020
147.051,1.014
147.081,1.018
147.111,1.020
147.141,1.021
147.171,1.021
147.201,1.026
147.231,1.010
147.261,1.018
147.291,1.021
147.321,1.017
147.351,1.019
147.381,1.017
147.411,1.021
147.441,1.021
147.471,1.024
147.501,1.022
147.531,1.021
147.561,1.020
147.591,1.018
147.621,1.021
147.651,1.020
147.681,1.015
147.711,1.021
147.741,1.023
147.771,1.017
147.801,1.021
147.831,1.018
147.861,1.015
147.891,1.017
147.921,1.016
147.951,1.015
147.981,1.013
148.011,1.023
148.041,1.021
148.071,1.023
148.101,1.018
148.131,1.015
148.161,1.017
148.191,1.020
148.221,1.021
148.251,1.020
148.281,1.018
148.311,1.021
148.341,1.021
148.371,1.021
148.401,1.023
148.431,1.017
148.461,1.016
148.491,1.021
148.521,1.023
148.551,1.016
148.581,1.023
148.611,1.021
148.641,1.013
148.671,1.018
148.701,1.017
148.731,1.022
148.761,1.015
148.791,1.016
148.821,1.022
148.851,1.022
148.881,1.020
148.911,1.022
148.941,1.025
148.971,1.019
149.001,1.016
149.031,1.013
149.061,1.022
149.091,1.016
149.121,1.021
149.151,1.020
149.181,1.020
149.211,1.020
149.241,1.022
149.271,1.021
149.301,1.007
149.331,1.009
149.361,1.035
149.391,1.021
149.421,1.009
149.451,1.017
149.481,1.015
149.511,1.020
149.541,1.032
149.571,1.025
149.601,1.033
149.631,1.025
149.661,1.018
149.691,1.009
149.721,1.013
149.751,1.024
149.781,1.021
149.811,1.025
149.841,1.021
149.871,1.022
149.901,1.021
149.931,1.023
149.961,1.021
149.991,1.026
150.021,1.022
150.051,1.020
150.081,1.011
150.111,1.021
150.141,1.019
150.171,1.023
150.201,1.021
150.231,1.019
150.261,1.019
150.291,1.021
150.321,1.021
150.351,1.022
150.381,1.021
150.411,1.022
150.441,1.019
150.471,1.014
150.501,1.021
150.531,1.022
150.561,1.017
150.591,1.017
150.621,1.023
150.651,1.020
150.681,1.022
150.711,1.022
150.741,1.021
150.771,1.021
150.801,1.015
150.831,1.020
150.861,1.023
150.891,1.026
150.921,1.022
150.951,1.014
150.981,1.016
151.011,1.021
151.041,1.022
151.071,1.018
151.101,1.021
151.131,1.017
151.161,1.023
151.191,1.021
151.221,1.020
151.251,1.018
151.281,1.021
151.311,1.020
151.341,1.021
151.371,1.021
151.401,1.017
151.431,1.021
151.461,1.020
151.491,1.021
151.521,1.023
151.551,1.018
151.581,1.020
151.611,1.026
151.641,1.025
151.671,1.015
151.701,1.014
151.731,1.023
151.761,1.025
151.791,1.025
151.821,1.022
151.851,1.027
151.881,1.012
151.911,1.024
151.941,1.025
151.971,1.016
152.001,1.012
152.031,1.019
152.061,1.025
152.091,1.028
152.121,1.027
152.151,1.021
152.181,1.016
152.211,1.015
152.241,1.018
152.271,1.025
152.301,1.029
152.331,1.025
152.361,1.021
152.391,1.026
152.421,1.021
152.451,1.018
152.481,1.016
152.511,1.018
152.541,1.022
152.571,1.023
152.601,1.023
152.631,1.026
152.661,1.018
152.691,1.021
152.721,1.021
152.751,1.021
152.781,1.018
152.811,1.022
152.841,1.024
152.871,1.023
152.901,1.028
152.931,1.023
152.961,1.021
152.991,1.019
153.021,1.023
153.051,1.023
153.081,1.020
153.111,1.020
153.141,1.023
153.171,1.020
153.201,1.025
153.231,1.019
153.261,1.021
153.291,1.019
153.321,1.021
153.351,1.025
153.381,1.027
153.411,1.023
153.441,1.012
153.471,1.019
153.501,1.021
153.531,1.021
153.561,1.017
153.591,1.017
153.621,1.021
153.651,1.021
153.681,1.022
153.711,1.024
153.741,1.026
153.771,1.021
153.801,1.026
153.831,1.024
153.861,1.025
153.891,1.021
153.921,1.018
153.951,1.021
153.981,1.023
154.011,1.020
154.041,1.025
154.071,1.018
154.101,1.018
154.131,1.021
154.161,1.021
154.191,1.024
154.221,1.024
154.251,1.019
154.281,1.019
154.311,1.021
154.341,1.026
154.371,1.021
154.401,1.022
154.431,1.018
154.461,1.021
154.491,1.024
154.521,1.021
154.551,1.026
154.581,1.019
154.611,1.017
154.641,1.019
154.671,1.024
154.701,1.025
154.731,1.024
154.761,1.023
154.791,1.016
154.821,1.021
154.851,1.023
154.881,1.023
154.911,1.022
154.941,1.021
154.971,1.014
155.001,1.022
155.031,1.021
155.061,1.023
155.091,1.027
155.121,1.018
155.151,1.023
155.181,1.020
155.211,1.022
155.241,1.021
155.271,1.023
155.301,1.021
155.331,1.021
155.361,1.026
155.391,1.020
155.421,1.026
155.451,1.023
155.481,1.021
155.511,1.012
155.541,1.023
155.571,1.025
155.601,1.031
155.631,1.030
155.661,1.017
155.691,1.014
155.721,1.018
155.751,1.017
155.781,1.021
155.811,1.048
155.841,1.024
155.871,1.017
155.901,1.017
155.931,1.018
155.961,1.015
155.991,1.030
156.021,1.039
156.051,1.025
156.081,1.011
156.111,1.029
156.141,1.037
156.171,1.031
156.201,1.052
156.231,1.054
156.261,1.011
156.291,0.995
156.321,1.003
156.351,1.001
156.381,0.988
156.411,0.989
156.441,0.969
156.471,0.964
156.501,0.977
156.531,1.027
156.561,1.028
156.591,1.017
156.621,1.015
156.651,1.035
156.681,1.041
156.711,1.034
156.741,1.022
156.771,0.976
156.801,0.954
156.831,1.012
156.861,1.101
156.891,1.052
156.921,1.025
156.951,1.032
156.981,1.036
157.011,1.050
157.041,1.067
157.071,1.075
157.101,1.057
157.131,1.021
157.161,1.000
157.191,0.996
157.221,0.999
157.251,0.999
157.281,1.021
157.311,1.025
157.341,1.058
157.371,1.021
157.401,0.997
157.431,1.022
157.461,1.016
157.491,0.979
157.521,0.989
157.551,1.031
157.581,1.062
157.611,1.059
157.641,1.039
157.671,1.036
157.701,1.053
157.731,1.056
157.761,1.081
157.791,1.049
157.821,1.003
157.851,0.988
157.881,0.998
157.911,1.016
157.941,0.996
157.971,1.032
158.001,1.023
158.031,1.042
158.061,1.065
158.091,1.082
158.121,1.068
158.151,1.063
158.181,1.041
158.211,1.015
158.241,0.994
158.271,0.998
158.301,0.994
158.331,1.013
158.361,1.048
158.391,1.073
158.421,1.108
158.451,1.115
158.481,1.083
158.511,1.048
158.541,1.011
158.571,1.005
158.601,0.985
158.631,0.964
158.661,0.947
158.691,0.997
158.721,1.011
158.751,1.001
158.781,1.009
158.811,1.025
158.841,1.025
158.871,1.031
158.901,1.027
158.931,1.020
158.961,1.021
158.991,1.016
159.021,1.013
159.051,1.004
159.081,1.041
159.111,1.048
159.141,1.023
159.171,1.024
159.201,1.034
159.231,1.033
159.261,1.020
159.291,1.016
159.321,1.016
159.351,1.015
159.381,1.010
159.411,1.028
159.441,1.033
159.471,1.027
159.501,1.027
159.531,1.024
159.561,1.020
159.591,1.024
159.621,1.028
159.651,1.031
159.681,1.027
159.711,1.018
159.741,1.019
159.771,1.021
159.801,1.017
159.831,1.023
159.861,1.025
159.891,1.023
159.921,1.023
159.951,1.028
159.981,1.024
160.011,1.027
160.041,1.022
160.071,1.028
160.101,1.020
160.131,1.025
160.161,1.026
160.191,1.023
160.221,1.021
160.251,1.021
160.281,1.025
160.311,1.029
160.341,1.023
160.371,1.021
160.401,1.028
160.431,1.023
160.461,1.020
160.491,1.024
160.521,1.026
160.551,1.027
160.581,1.023
160.611,1.022
160.641,1.024
160.671,1.017
160.701,1.023
160.731,1.024
160.761,1.024
160.791,1.025
160.821,1.025
160.851,1.020
160.881,1.023
160.911,1.022
160.941,1.025
160.971,1.028
161.001,1.016
161.031,1.024
161.061,1.020
161.091,1.023
161.121,1.024
161.151,1.023
161.181,1.019
161.211,1.023
161.241,1.029
161.271,1.022
161.301,1.026
161.331,1.024
161.361,1.024
161.391,1.023
161.421,1.025
161.451,1.030
161.481,1.021
161.511,1.028
161.541,1.025
161.571,1.020
161.601,1.019
161.631,1.023
161.661,1.022
161.691,1.021
161.721,1.023
161.751,1.021
161.781,1.026
161.811,1.025
161.841,1.023
161.871,1.021
161.901,0.998
161.931,1.027
161.961,1.026
161.991,1.021
162.021,1.023
162.051,1.025
162.081,1.022
162.111,1.023
162.141,1.022
162.171,1.020
162.201,1.022
162.231,1.020
162.261,1.023
162.291,1.022
162.321,1.019
162.351,1.015
162.381,1.024
162.411,1.020
162.441,1.021
162.471,1.027
162.501,1.014
162.531,1.025
162.561,1.023
162.591,1.022
162.621,1.018
162.651,1.021
162.681,1.023
162.711,1.024
162.741,1.020
162.771,1.017
162.801,1.021
162.831,1.021
162.861,1.025
162.891,1.022
162.921,1.020
162.951,1.024
162.981,1.032
163.011,1.025
163.041,1.026
163.071,1.021
163.101,1.020
163.131,1.020
163.161,1.021
163.191,1.021
163.221,1.022
163.251,1.013
163.281,1.017
163.311,1.023
163.341,1.018
163.371,1.018
163.401,1.019
163.431,1.022
163.461,1.026
163.491,1.020
163.521,1.020
163.551,1.021
163.581,1.023
163.611,1.017
163.641,1.017
163.671,1.024
163.701,1.021
163.731,1.023
163.761,1.025
163.791,1.022
163.821,1.018
163.851,1.021
163.881,1.019
163.911,1.024
163.941,1.022
163.971,1.021
164.001,1.024
164.031,1.020
164.061,1.022
164.091,1.021
164.121,1.021
164.151,1.022
164.181,1.018
164.211,1.024
164.241,1.024
164.271,1.024
164.301,1.022
164.331,1.017
164.361,1.022
164.391,1.022
164.421,1.020
164.451,1.018
164.481,1.021
164.511,1.023
164.541,1.021
164.571,1.021
164.601,1.020
164.631,1.021
164.661,1.024
164.691,1.019
164.721,1.021
164.751,1.021
164.781,1.023
164.811,1.025
164.841,1.019
164.871,1.020
164.901,1.024
164.931,1.022
164.961,1.020
164.991,1.023
165.021,1.019
165.051,1.027
165.081,1.022
165.111,1.018
165.141,1.020
165.171,1.021
165.201,1.023
165.231,1.026
165.261,1.018
165.291,1.021
165.321,1.021
165.351,1.020
165.381,1.020
165.411,1.022
165.441,1.019
165.471,1.019
165.501,1.022
165.531,1.023
165.561,1.022
165.591,1.024
165.621,1.026
165.651,1.019
165.681,1.019
165.711,1.023
165.741,1.018
165.771,1.024
165.801,1.024
165.831,1.018
165.861,1.021
165.891,1.025
165.921,1.022
165.951,1.028
165.981,1.014
166.011,1.021
166.041,1.021
166.071,1.020
166.101,1.023
166.131,1.022
166.161,1.024
166.191,1.023
166.221,1.025
166.251,1.025
166.281,1.020
166.311,1.019
166.341,1.026
166.371,1.025
166.401,1.025
166.431,1.021
166.461,1.015
166.491,1.021
166.521,1.026
166.551,1.020
166.581,1.021
166.611,1.021
166.641,1.021
166.671,1.027
166.701,1.015
166.731,1.022
166.761,1.023
166.791,1.020
166.821,1.016
166.851,1.018
166.881,1.021
166.911,1.023
166.941,1.023
166.971,1.021
167.001,1.019
167.031,1.018
167.061,1.022
167.091,1.020
167.121,1.019
167.151,1.021
167.181,1.022
167.211,1.022
167.241,1.019
167.271,1.018
167.301,1.021
167.331,1.020
167.361,1.022
167.391,1.024
167.421,1.024
167.451,1.021
167.481,1.021
167.511,1.020
167.541,1.021
167.571,1.019
167.601,1.022
167.631,1.021
167.661,1.019
167.691,1.018
167.721,1.019
167.751,1.020
167.781,1.022
167.811,1.024
167.841,1.018
167.871,1.024
167.901,1.021
167.931,1.017
167.961,1.023
167.991,1.021
168.021,1.020
168.051,1.022
168.081,1.020
168.111,1.019
168.141,1.020
168.171,1.022
168.201,1.021
168.231,1.021
168.261,1.019
168.291,1.021
168.321,1.021
168.351,1.021
168.381,1.021
168.411,1.021
168.441,1.019
168.471,1.014
168.501,1.021
168.531,1.020
168.561,1.028
168.591,1.024
168.621,1.019
168.651,1.019
168.681,1.021
168.711,1.021
168.741,1.027
168.771,1.014
168.801,1.018
168.831,1.021
168.861,1.018
168.891,1.019
168.921,1.018
168.951,1.021
168.981,1.022
169.011,1.024
169.041,1.023
169.071,1.019
169.101,1.022
169.131,1.019
169.161,1.016
169.191,1.024
169.221,1.026
169.251,1.020
169.281,1.023
169.311,1.025
169.341,1.021
169.371,1.019
169.401,1.021
169.431,1.024
169.461,1.027
169.491,1.014
169.521,1.017
169.551,1.026
169.581,1.020
169.611,1.019
169.641,1.017
169.671,1.021
169.701,1.023
169.731,1.021
169.761,1.019
169.791,1.016
169.821,1.019
169.851,1.025
169.881,1.025
169.911,1.024
169.941,1.022
169.971,1.019
170.001,1.024
170.031,1.025
170.061,1.019
170.091,1.017
170.121,1.024
170.151,1.020
170.181,1.033
170.211,1.019
170.241,1.021
170.271,1.023
170.301,1.022
170.331,1.018
170.361,1.022
170.391,1.021
170.421,1.021
170.451,1.026
170.481,1.022
170.511,1.020
170.541,1.020
170.571,1.018
170.601,1.018
170.631,1.025
170.661,1.027
170.691,1.007
170.721,1.029
170.751,1.024
170.781,1.020
170.811,1.019
170.841,1.022
170.871,1.024
170.901,1.021
170.931,1.019
170.961,1.017
170.991,1.024
171.021,1.019
171.051,1.021
171.081,1.021
171.111,1.015
171.141,1.018
171.171,1.021
171.201,1.020
171.231,1.020
171.261,1.021
171.291,1.025
171.321,1.021
171.351,1.018
171.381,1.019
171.411,1.025
171.441,1.021
171.471,1.021
171.501,1.021
171.531,1.015
171.561,1.016
171.591,1.021
171.621,1.020
171.651,1.029
171.681,1.015
171.711,1.021
171.741,1.023
171.771,1.022
171.801,1.023
171.831,1.021
171.861,1.020
171.891,1.022
171.921,1.024
171.951,1.021
171.981,1.017
172.011,1.022
172.041,1.021
172.071,1.020
172.101,1.023
172.131,1.018
172.161,1.018
172.191,1.023
172.221,1.020
172.251,1.022
172.281,1.025
172.311,1.020
172.341,1.021
172.371,1.022
172.401,1.020
172.431,1.025
172.461,1.017
172.491,1.016
172.521,1.020
172.551,1.022
172.581,1.019
172.611,1.019
172.641,1.021
172.671,1.021
172.701,1.023
172.731,1.020
172.761,1.021
172.791,1.020
172.821,1.022
172.851,1.021
172.881,1.021
172.911,1.021
172.941,1.023
172.971,1.021
173.001,1.022
173.031,1.024
173.061,1.026
173.091,1.020
173.121,1.017
173.151,1.023
173.181,1.022
173.211,1.022
173.241,1.024
173.271,1.017
173.301,1.022
173.331,1.024
173.361,1.018
173.391,1.021
173.421,1.021
173.451,1.021
173.481,1.019
173.511,1.021
173.541,1.021
173.571,1.025
173.601,1.021
173.631,1.021
173.661,1.021
173.691,1.024
173.721,1.019
173.751,1.023
173.781,1.023
173.811,1.016
173.841,1.020
173.871,1.023
173.901,1.022
173.931,1.029
173.961,1.015
173.991,1.018
174.021,1.025
174.051,1.019
174.081,1.019
174.111,1.019
174.141,1.021
174.171,1.021
174.201,1.024
174.231,1.017
174.261,1.019
174.291,1.023
174.321,1.019
174.351,1.015
174.381,1.021
174.411,1.019
174.441,1.022
174.471,1.020
174.501,1.017
174.531,1.022
174.561,1.019
174.591,1.020
174.621,1.024
174.651,1.015
174.681,1.020
174.711,1.024
174.741,1.021
174.771,1.019
174.801,1.021
174.831,1.022
174.861,1.024
174.891,1.022
174.921,1.021
174.951,1.019
174.981,1.023
175.011,1.021
175.041,1.018
175.071,1.018
175.101,1.021
175.131,1.026
175.161,1.019
175.191,1.018
175.221,1.021
175.251,1.021
175.281,1.021
175.311,1.024
175.341,1.015
175.371,1.019
175.401,1.018
175.431,1.018
175.461,1.021
175.491,1.017
175.521,1.023
175.551,1.023
175.581,1.021
175.611,1.019
175.641,1.020
175.671,1.021
175.701,1.021
175.731,1.020
175.761,1.021
175.791,1.018
175.821,1.021
175.851,1.021
175.881,1.017
175.911,1.019
175.941,1.018
175.971,1.023
176.001,1.021
176.031,1.021
176.061,1.019
176.091,1.021
176.121,1.021
176.151,1.016
176.181,1.017
176.211,1.017
176.241,1.022
176.271,1.022
176.301,1.022
176.331,1.019
176.361,1.019
176.391,1.021
176.421,1.022
176.451,1.019
176.481,1.020
176.511,1.021
176.541,1.021
176.571,1.021
176.601,1.025
176.631,1.020
176.661,1.018
176.691,1.015
176.721,1.026
176.751,1.021
176.781,1.018
176.811,1.019
176.841,1.021
176.871,1.022
176.901,1.017
176.931,1.019
176.961,1.022
176.991,1.021
177.021,1.021
177.051,1.021
177.081,1.020
177.111,1.017
177.141,1.020
177.171,1.021
177.201,1.016
177.231,1.015
177.261,1.018
177.291,1.022
177.321,1.018
177.351,1.026
177.381,1.017
177.411,1.013
177.441,1.020
177.471,1.019
177.501,1.017
177.531,1.021
177.561,1.017
177.591,1.016
177.621,1.022
177.651,1.023
177.681,1.016
177.711,1.019
177.741,1.020
177.771,1.021
177.801,1.022
177.831,1.019
177.861,1.021
177.891,1.022
177.921,1.020
177.951,1.021
177.981,1.020
178.011,1.023
178.041,1.022
178.071,1.016
178.101,1.023
178.131,1.025
178.161,1.018
178.191,1.021
178.221,1.019
178.251,1.020
178.281,1.017
178.311,1.026
178.341,1.022
178.371,1.018
178.401,1.017
178.431,1.019
178.461,1.020
178.491,1.016
178.521,1.022
178.551,1.021
178.581,1.021
178.611,1.019
178.641,1.013
178.671,1.021
178.701,1.023
178.731,1.023
178.761,1.017
178.791,1.016
178.821,1.021
178.851,1.026
178.881,1.018
178.911,1.026
178.941,1.023
178.971,1.019
179.001,1.018
179.031,1.018
179.061,1.020
179.091,1.020
179.121,1.027
179.151,1.018
179.181,1.022
179.211,1.022
179.241,1.020
179.271,1.023
179.301,1.019
179.331,1.021
179.361,1.019
179.391,1.022
179.421,1.021
179.451,1.020
179.481,1.020
179.511,1.024
179.541,1.020
179.571,1.021
179.601,1.016
179.631,1.021
179.661,1.019
179.691,1.029
179.721,1.021
179.751,1.018
179.781,1.021
179.811,1.019
179.841,1.027
179.871,1.021
179.901,1.014
179.931,1.024
179.961,1.024
179.991,1.019
180.021,1.024
180.051,1.021
180.081,1.018
180.111,1.020
180.141,1.020
180.171,1.021
180.201,1.021
180.231,1.018
180.261,1.020
180.291,1.022
180.321,1.024
180.351,1.021
180.381,1.021
180.411,1.017
180.441,1.021
180.471,1.019
180.501,1.014
180.531,1.023
180.561,1.021
180.591,1.021
180.621,1.016
180.651,1.021
180.681,1.025
180.711,1.018
180.741,1.022
180.771,1.021
180.801,1.014
180.831,1.017
180.861,1.022
180.891,1.027
180.921,1.019
180.951,1.017
180.981,1.017
181.011,1.021
181.041,1.022
181.071,1.014
181.101,1.016
181.131,1.019
181.161,1.023
181.191,1.022
181.221,1.024
181.251,1.024
181.281,1.021
181.311,1.020
181.341,1.021
181.371,1.024
181.401,1.015
181.431,1.014
181.461,1.023
181.491,1.023
181.521,1.022
181.551,1.021
181.581,1.019
181.611,1.019
181.641,1.021
181.671,1.022
181.701,1.029
181.731,1.012
181.761,1.019
181.791,1.023
181.821,1.021
181.851,1.018
181.881,1.021
181.911,1.021
181.941,1.021
181.971,1.020
182.001,1.020
182.031,1.018
182.061,1.018
182.091,1.021
182.121,1.022
182.151,1.019
182.181,1.020
182.211,1.021
182.241,1.019
182.271,1.026
182.301,1.021
182.331,1.017
182.361,1.022
182.391,1.021
182.421,1.021
182.451,1.022
182.481,1.020
182.511,1.022
182.541,1.019
182.571,1.015
182.601,1.029
182.631,1.022
182.661,1.019
182.691,1.024
182.721,1.026
182.751,1.018
182.781,1.017
182.811,1.020
182.841,1.022
182.871,1.022
182.901,1.022
182.931,1.021
182.961,1.021
182.991,1.022
183.021,1.021
183.051,1.020
183.081,1.019
183.111,1.022
183.141,1.020
183.171,1.021
183.201,1.018
183.231,1.025
183.261,1.015
183.291,1.022
183.321,1.021
183.351,1.020
183.381,1.024
183.411,1.019
183.441,1.021
183.471,1.024
183.501,1.019
183.531,1.017
183.561,1.021
183.591,1.025
183.621,1.022
183.651,1.021
183.681,1.023
183.711,1.021
183.741,1.018
183.771,1.022
183.801,1.021
183.831,1.021
183.861,1.021
183.891,1.020
183.921,1.021
183.951,1.023
183.981,1.020
184.011,1.019
184.041,1.018
184.071,1.023
184.101,1.024
184.131,1.018
184.161,1.016
184.191,1.017
184.221,1.021
184.251,1.023
184.281,1.022
184.311,1.021
184.341,1.022
184.371,1.020
184.401,1.025
184.431,1.018
184.461,1.014
184.491,1.021
184.521,1.022
184.551,1.021
184.581,1.021
184.611,1.020
184.641,1.021
184.671,1.021
184.701,1.020
184.731,1.030
184.761,1.013
184.791,1.020
184.821,1.021
184.851,1.019
184.881,1.021
184.911,1.020
184.941,1.021
184.971,1.021
185.001,1.021
185.031,1.021
185.061,1.021
185.091,1.022
185.121,1.024
185.151,1.021
185.181,1.018
185.211,1.022
185.241,1.021
185.271,1.021
185.301,1.017
185.331,1.018
185.361,1.021
185.391,1.020
185.421,1.024
185.451,1.027
185.481,1.014
185.511,1.022
185.541,1.025
185.571,1.022
185.601,1.019
185.631,1.021
185.661,1.023
185.691,1.024
185.721,1.022
185.751,1.025
185.781,1.023
185.811,1.021
185.841,1.024
185.871,1.022
185.901,1.017
185.931,1.023
185.961,1.020
185.991,1.027
186.021,1.023
186.051,1.018
186.081,1.020
186.111,1.021
186.141,1.023
186.171,1.028
186.201,1.014
186.231,1.022
186.261,1.021
186.291,1.021
186.321,1.022
186.351,1.023
186.381,1.021
186.411,1.022
186.441,1.023
186.471,1.023
186.501,1.021
186.531,1.019
186.561,1.024
186.591,1.022
186.621,1.022
186.651,1.020
186.681,1.023
186.711,1.026
186.741,1.023
186.771,1.018
186.801,1.017
186.831,1.021
186.861,1.025
186.891,1.022
186.921,1.019
186.951,1.020
186.981,1.024
187.011,1.023
187.041,1.021
187.071,1.021
187.101,1.021
187.131,1.021
187.161,1.023
187.191,1.020
187.221,1.020
187.251,1.022
187.281,1.025
187.311,1.020
187.341,1.020
187.371,1.023
187.401,1.021
187.431,1.023
187.461,1.026
187.491,1.018
187.521,1.018
187.551,1.024
187.581,1.024
187.611,1.019
187.641,1.022
187.671,1.021
187.701,1.022
187.731,1.021
187.761,1.019
187.791,1.021
187.821,1.017
187.851,1.022
187.881,1.021
187.911,1.022
187.941,1.021
187.971,1.024
188.001,1.022
188.031,1.021
188.061,1.018
188.091,1.023
188.121,1.021
188.151,1.023
188.181,1.023
188.211,1.021
188.241,1.021
188.271,1.023
188.301,1.020
188.331,1.025
188.361,1.017
188.391,1.018
188.421,1.025
188.451,1.021
188.481,1.021
188.511,1.021
188.541,1.021
188.571,1.020
188.601,1.023
188.631,1.022
188.661,1.018
188.691,1.022
188.721,1.021
188.751,1.019
188.781,1.021
188.811,1.023
188.841,1.019
188.871,1.025
188.901,1.025
188.931,1.024
188.961,1.020
188.991,1.025
189.021,1.022
189.051,1.020
189.081,1.020
189.111,1.025
189.141,1.022
189.171,1.021
189.201,1.023
189.231,1.020
189.261,1.021
189.291,1.021
189.321,1.019
189.351,1.023
189.381,1.021
189.411,1.021
189.441,1.024
189.471,1.024
189.501,1.021
189.531,1.014
189.561,1.026
189.591,1.024
189.621,1.027
189.651,1.023
189.681,1.020
189.711,1.019
189.741,1.024
189.771,1.025
189.801,1.027
189.831,1.018
189.861,1.024
189.891,1.021
189.921,1.021
189.951,1.024
189.981,1.014
190.011,1.012
190.041,1.022
190.071,1.026
190.101,1.025
190.131,1.024
190.161,1.025
190.191,1.023
190.221,1.024
190.251,1.028
190.281,1.017
190.311,1.021
190.341,1.024
190.371,1.022
190.401,1.021
190.431,1.014
190.461,1.025
190.491,1.029
190.521,1.024
190.551,1.024
190.581,1.020
190.611,1.025
190.641,1.022
190.671,1.020
190.701,1.019
190.731,1.022
190.761,1.024
190.791,1.021
190.821,1.025
190.851,1.023
190.881,1.019
190.911,1.026
190.941,1.022
190.971,1.014
191.001,1.025
191.031,1.023
191.061,1.026
191.091,1.015
191.121,1.019
191.151,1.024
191.181,1.023
191.211,1.024
191.241,1.023
191.271,1.018
191.301,1.021
191.331,1.024
191.361,1.019
191.391,1.020
191.421,1.021
191.451,1.024
191.481,1.024
191.511,1.023
191.541,1.020
191.571,1.019
191.601,1.023
191.631,1.021
191.661,1.023
191.691,1.025
191.721,1.019
191.751,1.026
191.781,1.020
191.811,1.020
191.841,1.023
191.871,1.022
191.901,1.020
191.931,1.023
191.961,1.025
191.991,1.021
192.021,1.021
192.051,1.024
192.081,1.021
192.111,1.021
192.141,1.021
192.171,1.027
192.201,1.023
192.231,1.022
192.261,1.021
192.291,1.022
192.321,1.023
192.351,1.021
192.381,1.023
192.411,1.021
192.441,1.019
192.471,1.023
192.501,1.021
192.531,1.026
192.561,1.021
192.591,1.022
192.621,1.023
192.651,1.021
192.681,1.021
192.711,1.029
192.741,1.017
192.771,1.020
192.801,1.025
192.831,1.023
192.861,1.019
192.891,1.023
192.921,1.022
192.951,1.022
192.981,1.023
193.011,1.020
193.041,1.021
193.071,1.021
193.101,1.023
193.131,1.020
193.161,1.023
193.191,1.021
193.221,1.025
193.251,1.021
193.281,1.023
193.311,1.021
193.341,1.020
193.371,1.021
193.401,1.024
193.431,1.021
193.461,1.021
193.491,1.021
193.521,1.021
193.551,1.026
193.581,1.020
193.611,1.019
193.641,1.020
193.671,1.023
193.701,1.026
193.731,1.021
193.761,1.019
193.791,1.021
193.821,1.023
193.851,1.023
193.881,1.020
193.911,1.021
193.941,1.020
193.971,1.022
194.001,1.022
194.031,1.023
194.061,1.021
194.091,1.020
194.121,1.022
194.151,1.024
194.181,1.021
194.211,1.023
194.241,1.024
194.271,1.023
194.301,1.021
194.331,1.021
194.361,1.023
194.391,1.021
194.421,1.025
194.451,1.020
194.481,1.017
194.511,1.019
194.541,1.025
194.571,1.022
194.601,1.019
194.631,1.019
194.661,1.027
194.691,1.022
194.721,1.024
194.751,1.021
194.781,1.019
194.811,1.024
194.841,1.024
194.871,1.026
194.901,1.024
194.931,1.024
194.961,1.019
194.991,1.023
195.021,1.023
195.051,1.022
195.081,1.021
195.111,1.021
195.141,1.024
195.171,1.023
195.201,1.021
195.231,1.020
195.261,1.021
195.291,1.024
195.321,1.022
195.351,1.021
195.381,1.023
195.411,1.018
195.441,1.021
195.471,1.024
195.501,1.023
195.531,1.020
195.561,1.021
195.591,1.027
195.621,1.023
195.651,1.023
195.681,1.020
195.711,1.021
195.741,1.024
195.771,1.024
195.801,1.023
195.831,1.022
195.861,1.017
195.891,1.023
195.921,1.025
195.951,1.021
195.981,1.019
196.011,1.019
196.041,1.022
196.071,1.021
196.101,1.022
196.131,1.026
196.161,1.016
196.191,1.023
196.221,1.026
196.251,1.024
196.281,1.020
196.311,1.022
196.341,1.023
196.371,1.024
196.401,1.022
196.431,1.021
196.461,1.022
196.491,1.024
196.521,1.025
196.551,1.021
196.581,1.021
196.611,1.021
196.641,1.022
196.671,1.024
196.701,1.022
196.731,1.019
196.761,1.025
196.791,1.023
196.821,1.021
196.851,1.026
196.881,1.021
196.911,1.020
196.941,1.021
196.971,1.020
197.001,1.021
197.031,1.020
197.061,1.024
197.091,1.022
197.121,1.021
197.151,1.021
197.181,1.020
197.211,1.022
197.241,1.022
197.271,1.022
197.301,1.020
197.331,1.022
197.361,1.019
197.391,1.027
197.421,1.021
197.451,1.021
197.481,1.021
197.511,1.024
197.541,1.023
197.571,1.027
197.601,1.013
197.631,1.019
197.661,1.024
197.691,1.021
197.721,1.018
197.751,1.020
197.781,1.024
197.811,1.022
197.841,1.023
197.871,1.020
197.901,1.021
197.931,1.023
197.961,1.024
197.991,1.021
198.021,1.019
198.051,1.025
198.081,1.022
198.111,1.023
198.141,1.019
198.171,1.017
198.201,1.021
198.231,1.026
198.261,1.024
198.291,1.024
198.321,1.019
198.351,1.021
198.381,1.024
198.411,1.020
198.441,1.021
198.471,1.016
198.501,1.023
198.531,1.025
198.561,1.023
198.591,1.019
198.621,1.022
198.651,1.021
198.681,1.022
198.711,1.023
198.741,1.025
198.771,1.021
198.801,1.023
198.831,1.021
198.861,1.019
198.891,1.019
198.921,1.024
198.951,1.025
198.981,1.024
199.011,1.018
199.041,1.021
199.071,1.025
199.101,1.020
199.131,1.020
199.161,1.017
199.191,1.020
199.221,1.026
199.251,1.021
199.281,1.021
199.311,1.023
199.341,1.022
199.371,1.022
199.401,1.026
199.431,1.019
199.461,1.021
199.491,1.020
199.521,1.023
199.551,1.021
199.581,1.020
199.611,1.022
199.641,1.021
199.671,1.022
199.701,1.026
199.731,1.014
199.761,1.019
199.791,1.023
199.821,1.021
199.851,1.017
199.881,1.020
199.911,1.021
199.941,1.023
199.971,1.022
200.001,1.021
200.031,1.020
200.061,1.021
200.091,1.022
200.121,1.022
200.151,1.021
200.181,1.021
200.211,1.021
200.241,1.018
200.271,1.028
200.301,1.020
200.331,1.026
200.361,1.021
200.391,1.021
200.421,1.019
200.451,1.023
200.481,1.022
200.511,1.021
200.541,1.017
200.571,1.024
200.601,1.024
200.631,1.019
200.661,1.020
200.691,1.022
200.721,1.024
200.751,1.021
200.781,1.021
200.811,1.024
200.841,1.023
200.871,1.019
200.901,1.026
200.931,1.019
200.961,1.020
200.991,1.021
201.021,1.022
201.051,1.022
201.081,1.021
201.111,1.021
201.141,1.019
201.171,1.021
201.201,1.023
201.231,1.025
201.261,1.021
201.291,1.017
201.321,1.025
201.351,1.023
201.381,1.020
201.411,1.026
201.441,1.016
201.471,1.021
201.501,1.023
201.531,1.020
201.561,1.023
201.591,1.024
201.621,1.020
201.651,1.022
201.681,1.021
201.711,1.021
201.741,1.021
201.771,1.023
201.801,1.024
201.831,1.021
201.861,1.022
201.891,1.021
201.921,1.022
201.951,1.022
201.981,1.024
202.011,1.022
202.041,1.022
202.071,1.020
202.101,1.022
202.131,1.026
202.161,1.021
202.191,1.021
202.221,1.024
202.251,1.026
202.281,1.023
202.311,1.018
202.341,1.020
202.371,1.023
202.401,1.024
202.431,1.022
202.461,1.023
202.491,1.015
202.521,1.022
202.551,1.025
202.581,1.020
202.611,1.019
202.641,1.017
202.671,1.019
202.701,1.024
202.731,1.023
202.761,1.021
202.791,1.021
202.821,1.018
202.851,1.023
202.881,1.024
202.911,1.021
202.941,1.018
202.971,1.021
203.001,1.021
203.031,1.021
203.061,1.018
203.091,1.020
203.121,1.021
203.151,1.024
203.181,1.020
203.211,1.026
203.241,1.021
203.271,1.015
203.301,1.021
203.331,1.025
203.361,1.021
203.391,1.021
203.421,1.019
203.451,1.022
203.481,1.019
203.511,1.023
203.541,1.016
203.571,1.016
203.601,1.020
203.631,1.022
203.661,1.023
203.691,1.021
203.721,1.021
203.751,1.021
203.781,1.021
203.811,1.023
203.841,1.021
203.871,1.021
203.901,1.019
203.931,1.025
203.961,1.022
203.991,1.022
204.021,1.022
204.051,1.026
204.081,1.019
204.111,1.021
204.141,1.020
204.171,1.018
204.201,1.020
204.231,1.022
204.261,1.025
204.291,1.020
204.321,1.025
204.351,1.019
204.381,1.021
204.411,1.023
204.441,1.022
204.471,1.018
204.501,1.020
204.531,1.022
204.561,1.021
204.591,1.025
204.621,1.018
204.651,1.021
204.681,1.026
204.711,1.020
204.741,1.022
204.771,1.022
204.801,1.021
204.831,1.019
204.861,1.021
204.891,1.019
204.921,1.021
204.951,1.021
204.981,1.027
205.011,1.021
205.041,1.019
205.071,1.020
205.101,1.021
205.131,1.022
205.161,1.017
205.191,1.020
205.221,1.023
205.251,1.022
205.281,1.021
205.311,1.019
205.341,1.013
205.371,1.021
205.401,1.022
205.431,1.021
205.461,1.021
205.491,1.018
205.521,1.021
205.551,1.021
205.581,1.023
205.611,1.021
205.641,1.018
205.671,1.021
205.701,1.021
205.731,1.020
205.761,1.024
205.791,1.022
205.821,1.016
205.851,1.022
205.881,1.022
205.911,1.021
205.941,1.019
205.971,1.016
206.001,1.017
206.031,1.022
206.061,1.019
206.091,1.023
206.121,1.020
206.151,1.019
206.181,1.027
206.211,1.018
206.241,1.016
206.271,1.029
206.301,1.028
206.331,1.013
206.361,1.021
206.391,1.021
206.421,1.020
206.451,1.021
206.481,1.024
206.511,1.020
206.541,1.018
206.571,1.018
206.601,1.023
206.631,1.023
206.661,1.022
206.691,1.020
206.721,1.021
206.751,1.018
206.781,1.020
206.811,1.017
206.841,1.016
206.871,1.017
206.901,1.022
206.931,1.025
206.961,1.023
206.991,1.022
207.021,1.020
207.051,1.017
207.081,1.025
207.111,1.021
207.141,1.020
207.171,1.020
207.201,1.019
207.231,1.021
207.261,1.021
207.291,1.021
207.321,1.029
207.351,1.016
207.381,1.018
207.411,1.020
207.441,1.020
207.471,1.018
207.501,1.019
207.531,1.014
207.561,1.019
207.591,1.024
207.621,1.022
207.651,1.016
207.681,1.016
207.711,1.022
207.741,1.018
207.771,1.021
207.801,1.019
207.831,1.019
207.861,1.020
207.891,1.021
207.921,1.021
207.951,1.024
207.981,1.014
208.011,1.021
208.041,1.024
208.071,1.021
208.101,1.021
208.131,1.019
208.161,1.020
208.191,1.020
208.221,1.021
208.251,1.020
208.281,1.022
208.311,1.022
208.341,1.018
208.371,1.021
208.401,1.023
208.431,1.014
208.461,1.025
208.491,1.036
208.521,1.010
208.551,1.038
208.581,1.026
208.611,1.021
208.641,1.029
208.671,1.023
208.701,1.016
208.731,1.005
208.761,1.017
208.791,1.013
208.821,1.024
208.851,1.023
208.881,1.015
208.911,1.012
208.941,1.023
208.971,1.023
209.001,1.022
209.031,1.026
209.061,1.041
209.091,1.025
209.121,1.014
209.151,1.008
209.181,1.027
209.211,1.029
209.241,1.010
209.271,0.999
209.301,1.005
209.331,1.012
209.361,1.010
209.391,1.027
209.421,1.023
209.451,1.018
209.481,1.018
209.511,1.021
209.541,1.023
209.571,1.028
209.601,1.023
209.631,1.020
209.661,1.017
209.691,1.018
209.721,1.020
209.751,1.028
209.781,1.019
209.811,1.019
209.841,1.029
209.871,1.025
209.901,1.025
209.931,1.022
209.961,1.040
209.991,1.032
210.021,1.025
210.051,1.019
210.081,1.020
210.111,1.021
210.141,1.027
210.171,1.020
210.201,1.015
210.231,1.027
210.261,1.026
210.291,1.029
210.321,1.031
210.351,1.028
210.381,1.026
210.411,1.025
210.441,1.025
210.471,1.022
210.501,1.022
210.531,1.022
210.561,1.022
210.591,1.015
210.621,1.017
210.651,1.022
210.681,1.030
210.711,1.025
210.741,1.015
210.771,1.015
210.801,1.012
210.831,1.014
210.861,1.017
210.891,1.015
210.921,1.017
210.951,1.035
210.981,1.032
211.011,1.018
211.041,1.011
211.071,1.021
211.101,1.020
211.131,1.026
211.161,1.039
211.191,1.034
211.221,1.019
211.251,1.025
211.281,1.035
211.311,1.030
211.341,1.021
211.371,1.021
211.401,1.022
211.431,1.024
211.461,1.029
211.491,1.035
211.521,1.026
211.551,1.030
211.581,1.027
211.611,1.020
211.641,1.021
211.671,1.020
211.701,1.022
211.731,1.035
211.761,1.032
211.791,1.026
211.821,1.029
211.851,1.023
211.881,1.023
211.911,1.024
211.941,1.019
211.971,1.025
212.001,1.035
212.031,1.020
212.061,1.017
212.091,1.027
212.121,1.023
212.151,1.015
212.181,1.018
212.211,1.026
212.241,1.026
212.271,1.021
212.301,1.020
212.331,1.022
212.361,1.021
212.391,1.021
212.421,1.022
212.451,1.024
212.481,1.021
212.511,1.018
212.541,1.022
212.571,1.026
212.601,1.027
212.631,1.030
212.661,1.026
212.691,1.020
212.721,1.016
212.751,1.023
212.781,1.021
212.811,1.017
212.841,1.031
212.871,1.009
212.901,1.010
212.931,1.021
212.961,1.023
212.991,1.039
213.021,1.047
213.051,1.035
213.081,1.012
213.111,1.014
213.141,1.025
213.171,1.033
213.201,1.021
213.231,1.019
213.261,1.019
213.291,1.020
213.321,1.021
213.351,1.024
213.381,1.019
213.411,1.022
213.441,1.028
213.471,1.022
213.501,1.021
213.531,1.024
213.561,1.024
213.591,1.021
213.621,1.026
213.651,1.021
213.681,1.020
213.711,1.027
213.741,1.032
213.771,1.027
213.801,1.017
213.831,1.027
213.861,1.029
213.891,1.026
213.921,1.025
213.951,1.021
213.981,1.008
214.011,1.018
214.041,1.024
214.071,1.026
214.101,1.026
214.131,1.025
214.161,1.019
214.191,1.015
214.221,1.017
214.251,1.021
214.281,1.019
214.311,1.021
214.341,1.021
214.371,1.018
214.401,1.012
214.431,1.014
214.461,1.021
214.491,1.030
214.521,1.030
214.551,1.019
214.581,1.021
214.611,1.022
214.641,1.018
214.671,1.018
214.701,1.015
214.731,1.021
214.761,1.024
214.791,1.030
214.821,1.027
214.851,1.033
214.881,1.029
214.911,1.027
214.941,1.021
214.971,1.017
215.001,1.021
215.031,1.016
215.061,1.021
215.091,1.022
215.121,1.018
215.151,1.022
215.181,1.024
215.211,1.022
215.241,1.025
215.271,1.022
215.301,1.027
215.331,1.030
215.361,1.019
215.391,1.018
215.421,1.021
215.451,1.024
215.481,1.021
215.511,1.021
215.541,1.022
215.571,1.023
215.601,1.022
215.631,1.022
215.661,1.028
215.691,1.021
215.721,1.021
215.751,1.022
215.781,1.026
215.811,1.027
215.841,1.021
215.871,1.019
215.901,1.023
215.931,1.025
215.961,1.023
215.991,1.016
216.021,1.027
216.051,1.027
216.081,1.028
216.111,1.022
216.141,1.019
216.171,1.016
216.201,1.015
216.231,1.022
216.261,1.027
216.291,1.015
216.321,1.016
216.351,1.016
216.381,1.018
216.411,1.029
216.441,1.032
216.471,1.026
216.501,1.035
216.531,1.030
216.561,1.028
216.591,1.019
216.621,1.018
216.651,1.021
216.681,1.027
216.711,1.026
216.741,1.020
216.771,1.022
216.801,1.029
216.831,1.028
216.861,1.022
216.891,1.021
216.921,1.022
216.951,1.026
216.981,1.025
217.011,1.025
217.041,1.020
217.071,1.023
217.101,1.023
217.131,1.020
217.161,1.020
217.191,1.021
217.221,1.023
217.251,1.027
217.281,1.019
217.311,1.018
217.341,1.019
217.371,1.031
217.401,1.027
217.431,1.029
217.461,1.017
217.491,1.018
217.521,1.023
217.551,1.023
217.581,1.024
217.611,1.018
217.641,1.019
217.671,1.020
217.701,1.021
217.731,1.022
217.761,1.021
217.791,1.021
217.821,1.024
217.851,1.024
217.881,1.021
217.911,1.018
217.941,1.020
217.971,1.020
218.001,1.026
218.031,1.020
218.061,1.017
218.091,1.019
218.121,1.020
218.151,1.021
218.181,1.021
218.211,1.016
218.241,1.019
218.271,1.023
218.301,1.025
218.331,1.017
218.361,1.018
218.391,1.017
218.421,1.021
218.451,1.025
218.481,1.020
218.511,1.022
218.541,1.025
218.571,1.017
218.601,1.021
218.631,1.019
218.661,1.017
218.691,1.020
218.721,1.024
218.751,1.025
218.781,1.025
218.811,1.035
218.841,1.070
218.871,1.058
218.901,1.045
218.931,1.048
218.961,1.049
218.991,1.031
219.021,0.986
219.051,0.978
219.081,0.961
219.111,0.967
219.141,0.966
219.171,0.951
219.201,0.961
219.231,1.026
219.261,1.062
219.291,1.034
219.321,1.027
219.351,1.057
219.381,1.036
219.411,1.011
219.441,0.997
219.471,1.021
219.501,1.017
219.531,1.000
219.561,1.011
219.591,1.013
219.621,1.013
219.651,1.012
219.681,0.989
219.711,0.996
219.741,1.013
219.771,1.016
219.801,1.007
219.831,1.005
219.861,1.019
219.891,1.023
219.921,1.020
219.951,1.014
219.981,1.025
220.011,1.019
220.041,0.992
220.071,0.982
220.101,1.001
220.131,1.018
220.161,1.020
220.191,1.021
220.221,1.027
220.251,1.036
220.281,1.029
220.311,1.032
220.341,1.021
220.371,1.022
220.401,1.020
220.431,1.011
220.461,1.002
220.491,1.009
220.521,1.013
220.551,1.016
220.581,1.029
220.611,1.038
220.641,1.028
220.671,1.022
220.701,1.021
220.731,1.027
220.761,1.029
220.791,1.022
220.821,1.028
220.851,1.032
220.881,1.043
220.911,1.031
220.941,1.025
220.971,1.012
221.001,1.012
221.031,1.007
221.061,1.010
221.091,1.017
221.121,1.017
221.151,1.009
221.181,1.019
221.211,1.016
221.241,1.019
221.271,1.012
221.301,1.016
221.331,1.014
221.361,1.006
221.391,0.999
221.421,1.004
221.451,1.014
221.481,1.009
221.511,1.000
221.541,1.005
221.571,1.021
221.601,1.013
221.631,1.011
221.661,1.012
221.691,1.011
221.721,1.011
221.751,1.014
221.781,1.015
221.811,1.019
221.841,1.015
221.871,1.011
221.901,0.972
221.931,1.008
221.961,1.019
221.991,1.015
222.021,1.014
222.051,1.037
222.081,1.026
222.111,1.030
222.141,1.028
222.171,1.018
222.201,1.017
222.231,1.020
222.261,1.019
222.291,1.025
222.321,1.010
222.351,1.016
222.381,1.015
222.411,1.012
222.441,1.012
222.471,1.017
222.501,1.018
222.531,1.014
222.561,1.022
222.591,1.027
222.621,1.021
222.651,1.009
222.681,1.016
222.711,1.029
222.741,1.023
222.771,1.013
222.801,1.016
222.831,1.019
222.861,1.018
222.891,1.021
222.921,1.021
222.951,1.020
222.981,1.014
223.011,1.021
223.041,1.020
223.071,1.021
223.101,1.015
223.131,1.019
223.161,1.017
223.191,1.029
223.221,1.014
223.251,1.005
223.281,1.011
223.311,1.019
223.341,1.020
223.371,1.020
223.401,1.020
223.431,1.020
223.461,1.031
223.491,1.040
223.521,1.006
223.551,0.992
223.581,1.002
223.611,1.012
223.641,1.009
223.671,1.016
223.701,0.997
223.731,0.999
223.761,1.018
223.791,1.025
223.821,1.005
223.851,1.013
223.881,1.003
223.911,1.003
223.941,1.006
223.971,0.999
224.001,1.004
224.031,1.009
224.061,1.038
224.091,1.032
224.121,1.009
224.151,1.005
224.181,1.010
224.211,1.018
224.241,1.018
224.271,1.018
224.301,1.020
224.331,1.029
224.361,1.023
224.391,1.021
224.421,1.021
224.451,1.018
224.481,1.013
224.511,1.019
224.541,1.014
224.571,1.010
224.601,1.017
224.631,1.015
224.661,1.018
224.691,1.016
224.721,1.016
224.751,1.018
224.781,1.014
224.811,1.007
224.841,1.018
224.871,1.005
224.901,1.008
224.931,1.013
224.961,1.018
224.991,1.012
225.021,1.012
225.051,1.025
225.081,1.020
225.111,1.010
225.141,1.017
225.171,1.020
225.201,1.012
225.231,1.014
225.261,1.012
225.291,1.019
225.321,1.015
225.351,1.015
225.381,1.015
225.411,1.014
225.441,1.008
225.471,1.014
225.501,1.017
225.531,1.013
225.561,1.009
225.591,1.012
225.621,1.015
225.651,1.016
225.681,1.014
225.711,1.012
225.741,1.016
225.771,1.008
225.801,1.015
225.831,1.010
225.861,1.015
225.891,1.013
225.921,1.015
225.951,1.016
225.981,1.013
226.011,1.011
226.041,1.011
226.071,1.010
226.101,1.014
226.131,1.010
226.161,1.016
226.191,1.006
226.221,1.014
226.251,1.014
226.281,1.013
226.311,1.017
226.341,1.007
226.371,1.005
226.401,1.019
226.431,1.021
226.461,1.000
226.491,1.017
226.521,1.009
226.551,1.006
226.581,1.002
226.611,1.000
226.641,1.014
226.671,1.008
226.701,1.028
226.731,1.026
226.761,1.022
226.791,1.014
226.821,1.000
226.851,1.006
226.881,1.014
226.911,1.017
226.941,1.019
226.971,1.028
227.001,1.022
227.031,1.021
227.061,1.027
227.091,1.029
227.121,1.021
227.151,1.022
227.181,1.021
227.211,1.012
227.241,1.011
227.271,1.014
227.301,1.021
227.331,1.017
227.361,1.011
227.391,1.009
227.421,1.016
227.451,1.019
227.481,1.022
227.511,1.027
227.541,1.028
227.571,1.022
227.601,1.014
227.631,1.017
227.661,1.022
227.691,1.019
227.721,1.018
227.751,1.018
227.781,1.012
227.811,1.014
227.841,1.024
227.871,1.023
227.901,1.023
227.931,1.015
227.961,1.016
227.991,1.018
228.021,1.022
228.051,1.017
228.081,1.016
228.111,1.019
228.141,1.019
228.171,1.015
228.201,1.016
228.231,1.026
228.261,1.020
228.291,1.016
228.321,1.008
228.351,1.015
228.381,1.020
228.411,1.019
228.441,1.022
228.471,1.018
228.501,1.015
228.531,1.012
228.561,1.016
228.591,1.007
228.621,1.016
228.651,1.016
228.681,0.997
228.711,1.016
228.741,1.032
228.771,1.045
228.801,1.060
228.831,1.048
228.861,1.027
228.891,1.015
228.921,0.998
228.951,0.977
228.981,0.960
229.011,0.983
229.041,0.996
229.071,1.008
229.101,0.992
229.131,0.996
229.161,1.000
229.191,0.989
229.221,1.019
229.251,1.027
229.281,1.032
229.311,1.006
229.341,1.021
229.371,1.017
229.401,1.010
229.431,1.008
229.461,1.030
229.491,1.028
229.521,0.994
229.551,0.958
229.581,0.970
229.611,0.999
229.641,1.032
229.671,1.022
229.701,1.024
229.731,1.021
229.761,0.994
229.791,1.001
229.821,1.009
229.851,1.031
229.881,1.021
229.911,1.001
229.941,0.982
229.971,1.038
230.001,1.063
230.031,1.081
230.061,1.068
230.091,1.040
230.121,0.992
230.151,0.992
230.181,1.024
230.211,1.058
230.241,1.059
230.271,1.040
230.301,1.032
230.331,1.029
230.361,1.013
230.391,0.999
230.421,1.013
230.451,1.005
230.481,0.984
230.511,1.005
230.541,1.004
230.571,0.981
230.601,1.026
230.631,1.035
230.661,1.043
230.691,1.023
230.721,0.984
230.751,1.035
230.781,0.976
230.811,0.980
230.841,1.062
230.871,1.025
230.901,1.021
230.931,1.107
230.961,1.108
230.991,1.149
231.021,1.115
231.051,1.041
231.081,1.081
231.111,1.042
231.141,0.954
231.171,0.943
231.201,1.011
231.231,0.983
231.261,1.050
231.291,1.038
231.321,0.992
231.351,0.991
231.381,1.035
231.411,1.031
231.441,0.987
231.471,1.018
231.501,1.031
231.531,0.964
231.561,0.933
231.591,0.978
231.621,0.943
231.651,0.983
231.681,1.061
231.711,1.126
231.741,1.151
231.771,1.170
231.801,1.195
231.831,1.151
231.861,1.093
231.891,1.009
231.921,0.914
231.951,0.903
231.981,0.930
232.011,0.958
232.041,0.963
232.071,0.961
232.101,0.948
232.131,0.993
232.161,1.078
232.191,1.083
232.221,1.051
232.251,1.028
232.281,1.021
232.311,0.999
232.341,0.995
232.371,0.997
232.401,0.969
232.431,0.976
232.461,0.987
232.491,1.028
232.521,1.039
232.551,1.074
232.581,1.072
232.611,1.033
232.641,1.019
232.671,1.024
232.701,1.026
232.731,1.013
232.761,1.021
232.791,1.009
232.821,1.009
232.851,1.016
232.881,0.994
232.911,1.003
232.941,1.017
232.971,1.004
233.001,1.013
233.031,1.029
233.061,1.033
233.091,1.028
233.121,1.021
233.151,1.010
233.181,1.004
233.211,0.983
233.241,0.990
233.271,0.979
233.301,0.992
233.331,0.989
233.361,0.979
233.391,0.993
233.421,0.974
233.451,1.009
233.481,1.049
233.511,1.081
233.541,1.081
233.571,1.056
233.601,1.061
233.631,1.092
233.661,1.058
233.691,1.045
233.721,1.060
233.751,1.045
233.781,1.078
233.811,1.066
233.841,1.066
233.871,1.124
233.901,1.062
233.931,1.054
233.961,1.029
233.991,1.031
234.021,0.997
234.051,1.034
234.081,1.047
234.111,1.035
234.141,0.993
234.171,0.997
234.201,0.994
234.231,1.009
234.261,1.039
234.291,1.008
234.321,1.021
234.351,1.002
234.381,1.018
234.411,0.993
234.441,0.978
234.471,1.011
234.501,1.037
234.531,1.009
234.561,1.014
234.591,1.009
234.621,1.018
234.651,1.031
234.681,1.032
234.711,1.045
234.741,1.034
234.771,1.020
234.801,1.027
234.831,1.018
234.861,1.037
234.891,1.049
234.921,1.031
234.951,1.034
234.981,1.028
235.011,1.023
235.041,0.992
235.071,1.010
235.101,1.016
235.131,1.010
235.161,1.018
235.191,1.026
235.221,1.036
235.251,1.032
235.281,1.042
235.311,1.014
235.341,1.009
235.371,1.021
235.401,1.035
235.431,1.023
235.461,1.022
235.491,1.018
235.521,0.997
235.551,1.006
235.581,1.013
235.611,1.009
235.641,0.998
235.671,1.010
235.701,1.014
235.731,1.008
235.761,1.012
235.791,1.017
235.821,1.008
235.851,1.014
235.881,1.010
235.911,1.008
235.941,0.990
235.971,1.000
236.001,1.016
236.031,1.013
236.061,1.007
236.091,1.005
236.121,1.005
236.151,1.013
236.181,1.000
236.211,1.004
236.241,1.003
236.271,1.003
236.301,1.018
236.331,0.996
236.361,0.982
236.391,0.931
236.421,0.875
236.451,0.903
236.481,1.001
236.511,1.130
236.541,1.211
236.571,1.239
236.601,1.169
236.631,1.105
236.661,1.068
236.691,1.014
236.721,0.994
236.751,1.009
236.781,0.995
236.811,0.994
236.841,1.017
236.871,1.030
236.901,1.021
236.931,1.015
236.961,0.986
236.991,0.998
237.021,1.022
237.051,1.022
237.081,1.022
237.111,1.023
237.141,1.007
237.171,1.035
237.201,1.029
237.231,1.028
237.261,1.009
237.291,1.021
237.321,1.016
237.351,1.022
237.381,1.031
237.411,1.038
237.441,1.034
237.471,1.008
237.501,0.988
237.531,0.988
237.561,1.003
237.591,1.021
237.621,1.009
237.651,1.004
237.681,1.003
237.711,0.994
237.741,1.015
237.771,1.021
237.801,1.013
237.831,0.999
237.861,1.010
237.891,1.012
237.921,1.004
237.951,1.016
237.981,1.024
238.011,1.021
238.041,1.013
238.071,1.019
238.101,1.011
238.131,1.034
238.161,1.033
238.191,1.007
238.221,0.981
238.251,0.972
238.281,0.993
238.311,1.000
238.341,0.987
238.371,0.992
238.401,1.018
238.431,1.040
238.461,1.011
238.491,0.987
238.521,0.989
238.551,0.987
238.581,1.002
238.611,0.999
238.641,1.047
238.671,1.076
238.701,1.027
238.731,1.083
238.761,1.097
238.791,1.092
238.821,1.047
238.851,0.996
238.881,0.997
238.911,0.961
238.941,0.934
238.971,1.003
239.001,1.054
239.031,1.082
239.061,1.092
239.091,1.056
239.121,1.016
239.151,0.988
239.181,0.992
239.211,0.999
239.241,1.005
239.271,1.008
239.301,1.014
239.331,1.006
239.361,1.014
239.391,1.010
239.421,1.009
239.451,1.012
239.481,1.028
239.511,1.015
239.541,1.004
239.571,0.990
239.601,0.994
239.631,1.005
239.661,0.996
239.691,0.986
239.721,1.003
239.751,0.966
239.781,0.943
239.811,0.991
239.841,1.006
239.871,1.040
239.901,1.059
239.931,1.031
239.961,1.012
239.991,1.030
240.021,1.021
240.051,1.012
240.081,0.997
240.111,1.006
240.141,1.017
240.171,1.004
240.201,1.005
240.231,1.017
240.261,1.001
240.291,0.984
240.321,0.998
240.351,1.004
240.381,0.986
240.411,0.995
240.441,1.025
240.471,1.034
240.501,0.995
240.531,0.982
240.561,1.025
240.591,1.031
240.621,1.062
240.651,1.037
240.681,1.031
240.711,1.036
240.741,1.024
240.771,1.024
240.801,1.017
240.831,1.010
240.861,1.005
240.891,1.010
240.921,1.039
240.951,1.041
240.981,1.028
241.011,1.024
241.041,1.035
241.071,1.025
241.101,1.012
241.131,1.020
241.161,1.051
241.191,1.044
241.221,1.050
241.251,1.045
241.281,1.032
241.311,1.028
241.341,1.023
241.371,1.026
241.401,1.003
241.431,0.998
241.461,1.011
241.491,1.018
241.521,1.032
241.551,1.047
241.581,1.038
241.611,1.071
241.641,1.049
241.671,1.010
241.701,0.996
241.731,1.017
241.761,1.033
241.791,1.015
241.821,0.999
241.851,1.011
241.881,1.013
241.911,0.990
241.941,1.009
241.971,1.011
242.001,1.007
242.031,1.004
242.061,0.985
242.091,0.986
242.121,1.009
242.151,1.006
242.181,0.984
242.211,1.026
242.241,1.023
242.271,1.013
242.301,1.009
242.331,1.005
242.361,1.012
242.391,1.005
242.421,1.001
242.451,1.008
242.481,1.028
242.511,1.029
242.541,1.013
242.571,1.023
242.601,1.021
242.631,1.005
242.661,0.999
242.691,1.024
242.721,1.013
242.751,1.001
242.781,1.009
242.811,1.005
242.841,1.011
242.871,1.006
242.901,1.005
242.931,1.021
242.961,1.012
242.991,1.005
243.021,1.018
243.051,1.015
243.081,0.999
243.111,1.010
243.141,1.003
243.171,1.021
243.201,1.059
243.231,1.085
243.261,1.016
243.291,0.972
243.321,0.955
243.351,1.000
243.381,1.008
243.411,0.959
243.441,1.000
243.471,1.012
243.501,1.026
243.531,0.994
243.561,0.983
243.591,1.009
243.621,1.031
243.651,1.022
243.681,1.011
243.711,0.985
243.741,0.997
243.771,0.996
243.801,0.986
243.831,0.989
243.861,1.006
243.891,1.000
243.921,0.999
243.951,1.016
243.981,1.008
244.011,1.001
244.041,0.997
244.071,0.995
244.101,0.995
244.131,1.002
244.161,1.015
244.191,1.003
244.221,0.978
244.251,1.006
244.281,0.999
244.311,0.966
244.341,0.982
244.371,0.989
244.401,1.027
244.431,1.023
244.461,0.968
244.491,1.010
244.521,1.026
244.551,1.006
244.581,1.028
244.611,1.041
244.641,1.014
244.671,1.037
244.701,1.043
244.731,1.047
244.761,1.083
244.791,1.086
244.821,1.067
244.851,1.033
244.881,1.047
244.911,1.026
244.941,1.010
244.971,1.020
245.001,1.000
245.031,1.003
245.061,0.997
245.091,0.985
245.121,0.985
245.151,1.013
245.181,1.005
245.211,1.012
245.241,1.008
245.271,1.000
245.301,0.989
245.331,0.987
245.361,0.980
245.391,0.984
245.421,0.997
245.451,1.006
245.481,1.021
245.511,1.016
245.541,1.020
245.571,1.021
245.601,0.989
245.631,0.988
245.661,1.004
245.691,1.024
245.721,1.034
245.751,1.030
245.781,1.014
245.811,0.994
245.841,1.010
245.871,1.004
245.901,0.999
245.931,0.999
245.961,0.999
245.991,1.021
246.021,1.008
246.051,1.024
246.081,1.025
246.111,1.047
246.141,1.046
246.171,1.033
246.201,1.018
246.231,1.009
246.261,1.014
246.291,1.009
246.321,1.010
246.351,1.005
246.381,1.002
246.411,1.007
246.441,0.995
246.471,1.007
246.501,0.989
246.531,0.997
246.561,1.007
246.591,1.008
246.621,1.010
246.651,1.010
246.681,1.014
246.711,0.996
246.741,1.005
246.771,1.008
246.801,1.001
246.831,0.996
246.861,1.000
246.891,1.003
246.921,1.003
246.951,1.003
246.981,1.000
247.011,0.993
247.041,1.002
247.071,0.993
247.101,1.006
247.131,0.997
247.161,1.000
247.191,1.000
247.221,1.000
247.251,0.997
247.281,1.001
247.311,1.000
247.341,0.986
247.371,1.004
247.401,1.002
247.431,1.006
247.461,1.014
247.491,1.014
247.521,1.013
247.551,1.015
247.581,1.017
247.611,1.016
247.641,1.013
247.671,1.014
247.701,1.019
247.731,1.008
247.761,1.014
247.791,1.016
247.821,1.012
247.851,1.020
247.881,1.025
247.911,1.023
247.941,1.009
247.971,1.012
248.001,1.010
248.031,1.009
248.061,1.015
248.091,1.012
248.121,1.005
248.151,1.008
248.181,1.007
248.211,1.010
248.241,1.009
248.271,1.012
248.301,1.009
248.331,1.002
248.361,1.008
248.391,1.008
248.421,1.004
248.451,1.002
248.481,1.006
248.511,1.002
248.541,1.010
248.571,1.004
248.601,1.000
248.631,1.011
248.661,1.012
248.691,1.011
248.721,1.014
248.751,1.017
248.781,1.005
248.811,0.989
248.841,0.994
248.871,1.023
248.901,1.011
248.931,1.003
248.961,1.006
248.991,1.015
249.021,1.008
249.051,0.999
249.081,1.014
249.111,1.000
249.141,1.008
249.171,1.015
249.201,1.015
249.231,1.009
249.261,0.994
249.291,1.008
249.321,1.014
249.351,1.002
249.381,1.002
249.411,1.009
249.441,1.012
249.471,1.002
249.501,1.010
249.531,0.998
249.561,1.017
249.591,1.017
249.621,0.990
249.651,1.021
249.681,1.014
249.711,1.012
249.741,1.016
249.771,1.019
249.801,0.971
249.831,0.989
249.861,0.995
249.891,1.004
249.921,1.005
249.951,1.007
249.981,0.985
250.011,0.983
250.041,1.003
250.071,1.007
250.101,1.004
250.131,1.014
250.161,1.001
250.191,0.996
250.221,0.999
250.251,1.007
250.281,1.005
250.311,1.002
250.341,1.000
250.371,0.985
250.401,1.007
250.431,0.994
250.461,0.993
250.491,0.993
250.521,1.007
250.551,1.005
250.581,1.004
250.611,0.999
250.641,0.995
250.671,0.998
250.701,0.995
250.731,1.001
250.761,0.996
250.791,0.993
250.821,1.004
250.851,1.016
250.881,1.005
250.911,0.994
250.941,0.996
250.971,0.998
251.001,0.988
251.031,0.980
251.061,0.994
251.091,0.993
251.121,0.992
251.151,1.001
251.181,1.007
251.211,0.996
251.241,0.998
251.271,0.990
251.301,0.993
251.331,0.996
251.361,1.002
251.391,1.003
251.421,1.003
251.451,0.984
251.481,0.997
251.511,0.995
251.541,0.997
251.571,1.006
251.601,0.992
251.631,1.007
251.661,1.010
251.691,0.993
251.721,0.998
251.751,0.997
251.781,0.996
251.811,0.995
251.841,1.000
251.871,1.003
251.901,1.002
251.931,0.991
251.961,1.004
251.991,0.999
252.021,1.005
252.051,1.001
252.081,0.996
252.111,0.999
252.141,0.995
252.171,1.005
252.201,1.003
252.231,1.000
252.261,0.994
252.291,0.992
252.321,1.006
252.351,0.993
252.381,0.996
252.411,1.008
252.441,0.999
252.471,1.006
252.501,1.003
252.531,0.996
252.561,0.997
252.591,1.008
252.621,0.999
252.651,0.998
252.681,1.002
252.711,1.000
252.741,1.009
252.771,0.999
252.801,1.001
252.831,0.993
252.861,0.995
252.891,0.993
252.921,0.999
252.951,1.005
252.981,1.004
253.011,1.001
253.041,1.001
253.071,0.998
253.101,0.999
253.131,0.996
253.161,0.998
253.191,1.004
253.221,0.998
253.251,0.996
253.281,0.997
253.311,1.000
253.341,0.993
253.371,1.003
253.401,1.007
253.431,1.003
253.461,0.994
253.491,0.995
253.521,1.008
253.551,1.004
253.581,0.988
253.611,0.988
253.641,0.992
253.671,0.998
253.701,1.016
253.731,1.007
253.761,0.994
253.791,1.000
253.821,1.001
253.851,1.006
253.881,0.996
253.911,0.975
253.941,0.985
253.971,0.995
254.001,1.001
254.031,0.987
254.061,1.007
254.091,1.019
254.121,1.011
254.151,0.998
254.181,0.998
254.211,1.001
254.241,0.995
254.271,0.973
254.301,1.001
254.331,1.006
254.361,1.001
254.391,1.010
254.421,1.000
254.451,1.007
254.481,0.998
254.511,1.004
254.541,1.001
254.571,1.000
254.601,1.016
254.631,1.018
254.661,0.988
254.691,1.016
254.721,1.003
254.751,1.005
254.781,1.008
254.811,1.033
254.841,1.017
254.871,1.011
254.901,1.012
254.931,1.014
254.961,1.021
254.991,0.946
255.021,0.947
255.051,1.018
255.081,1.071
255.111,1.077
255.141,1.017
255.171,0.957
255.201,0.962
255.231,0.979
255.261,1.041
255.291,1.100
255.321,1.126
255.351,1.162
255.381,1.173
255.411,1.062
255.441,0.986
255.471,0.987
255.501,0.943
255.531,0.954
255.561,1.002
255.591,1.011
255.621,1.008
255.651,1.023
255.681,1.028
255.711,1.009
255.741,1.001
255.771,1.032
255.801,1.038
255.831,1.036
255.861,1.021
255.891,1.021
255.921,1.012
255.951,1.021
255.981,1.021
256.011,1.016
256.041,1.020
256.071,1.019
256.101,1.011
256.131,1.011
256.161,1.013
256.191,1.010
256.221,1.016
256.251,1.008
256.281,1.010
256.311,1.011
256.341,1.016
256.371,1.010
256.401,1.013
256.431,1.002
256.461,1.016
256.491,1.014
256.521,1.016
256.551,1.003
256.581,1.010
256.611,1.016
256.641,1.012
256.671,1.003
256.701,1.008
256.731,1.015
256.761,1.014
256.791,1.014
256.821,1.016
256.851,1.015
256.881,1.005
256.911,1.009
256.941,1.012
256.971,1.012
257.001,1.017
257.031,1.009
257.061,1.012
257.091,1.015
257.121,1.017
257.151,1.014
257.181,1.021
257.211,1.010
257.241,1.012
257.271,1.024
257.301,1.012
257.331,1.011
257.361,1.019
257.391,1.018
257.421,1.012
257.451,1.010
257.481,1.009
257.511,1.008
257.541,1.015
257.571,1.012
257.601,1.014
257.631,1.011
257.661,1.021
257.691,1.017
257.721,1.011
257.751,1.012
257.781,1.014
257.811,1.010
257.841,1.006
257.871,1.019
257.901,1.010
257.931,1.013
257.961,1.016
257.991,1.014
258.021,1.011
258.051,1.017
258.081,1.012
258.111,1.009
258.141,1.007
258.171,1.018
258.201,1.011
258.231,1.020
258.261,1.016
258.291,1.011
258.321,1.009
258.351,1.014
258.381,1.013
258.411,1.014
258.441,1.012
258.471,1.012
258.501,1.013
258.531,1.017
258.561,1.012
258.591,1.014
258.621,1.014
258.651,1.013
258.681,1.010
258.711,1.016
258.741,1.016
258.771,1.014
258.801,1.024
258.831,1.025
258.861,1.020
258.891,1.032
258.921,1.019
258.951,1.016
258.981,1.021
259.011,1.006
259.041,1.022
259.071,1.021
259.101,1.011
259.131,1.006
259.161,1.013
259.191,1.007
259.221,1.005
259.251,1.010
259.281,1.002
259.311,0.993
259.341,0.995
259.371,0.993
259.401,0.992
259.431,0.997
259.461,0.997
259.491,1.002
259.521,1.009
259.551,1.005
259.581,0.990
259.611,1.016
259.641,1.013
259.671,1.012
259.701,0.993
259.731,0.991
259.761,1.004
259.791,1.018
259.821,0.970
259.851,0.981
259.881,0.998
259.911,1.010
259.941,1.023
259.971,1.019
260.001,0.998
260.031,1.000
260.061,1.004
260.091,1.006
260.121,1.012
260.151,1.011
260.181,1.013
260.211,1.008
260.241,1.021
260.271,1.014
260.301,0.996
260.331,1.007
260.361,1.023
260.391,1.015
260.421,1.006
260.451,1.003
260.481,1.015
260.511,1.011
260.541,1.002
260.571,1.002
260.601,0.999
260.631,1.005
260.661,0.991
260.691,1.001
260.721,0.999
260.751,1.006
260.781,1.009
260.811,1.005
260.841,1.002
260.871,1.008
260.901,1.010
260.931,1.001
260.961,1.002
260.991,0.998
261.021,1.000
261.051,1.001
261.081,1.015
261.111,1.008
261.141,1.007
261.171,1.001
261.201,1.005
261.231,1.006
261.261,1.010
261.291,0.998
261.321,1.007
261.351,1.013
261.381,1.007
261.411,1.002
261.441,1.003
261.471,1.008
261.501,1.010
261.531,0.999
261.561,1.000
261.591,1.009
261.621,1.003
261.651,1.002
261.681,0.982
261.711,1.026
261.741,1.010
261.771,0.989
261.801,1.019
261.831,1.017
261.861,1.003
261.891,1.006
261.921,1.017
261.951,1.010
261.981,1.005
262.011,0.996
262.041,1.002
262.071,1.000
262.101,0.999
262.131,1.009
262.161,1.012
262.191,1.002
262.221,0.992
262.251,1.003
262.281,1.015
262.311,0.995
262.341,0.991
262.371,1.000
262.401,1.009
262.431,0.994
262.461,1.008
262.491,1.013
262.521,1.007
262.551,1.001
262.581,1.000
262.611,1.005
262.641,1.002
262.671,0.997
262.701,0.992
262.731,1.000
262.761,1.001
262.791,0.997
262.821,1.012
262.851,1.007
262.881,1.000
262.911,1.000
262.941,1.001
262.971,0.994
263.001,1.001
263.031,1.003
263.061,0.996
263.091,0.999
263.121,0.994
263.151,1.006
263.181,1.006
263.211,1.007
263.241,1.001
263.271,1.000
263.301,1.006
263.331,1.006
263.361,1.005
263.391,0.998
263.421,0.994
263.451,0.997
263.481,1.002
263.511,1.011
263.541,1.005
263.571,1.006
263.601,1.002
263.631,0.997
263.661,1.000
263.691,1.004
263.721,0.998
263.751,1.000
263.781,1.003
263.811,0.996
263.841,0.996
263.871,0.998
263.901,1.002
263.931,1.007
263.961,1.001
263.991,1.003
264.021,1.003
264.051,0.998
264.081,1.001
264.111,1.003
264.141,1.002
264.171,1.000
264.201,0.997
264.231,1.005
264.261,1.005
264.291,0.998
264.321,1.001
264.351,1.006
264.381,0.997
264.411,0.995
264.441,0.998
264.471,1.002
264.501,1.001
264.531,0.997
264.561,0.999
264.591,0.997
264.621,1.000
264.651,1.000
264.681,1.004
264.711,0.997
264.741,1.002
264.771,1.001
264.801,1.007
264.831,1.000
264.861,0.999
264.891,1.003
264.921,1.006
264.951,1.000
264.981,0.997
265.011,0.998
265.041,0.997
265.071,1.006
265.101,1.003
265.131,1.001
265.161,1.001
265.191,1.003
265.221,1.001
265.251,1.000
265.281,1.000
265.311,1.000
265.341,0.993
265.371,1.002
265.401,1.000
265.431,1.003
265.461,0.999
265.491,0.994
265.521,1.001
265.551,1.009
265.581,1.002
265.611,0.997
265.641,1.003
265.671,0.998
265.701,1.003
265.731,0.999
265.761,0.997
265.791,1.002
265.821,1.003
265.851,1.010
265.881,1.004
265.911,0.997
265.941,1.000
265.971,1.001
266.001,1.004
266.031,1.000
266.061,0.997
266.091,1.003
266.121,0.995
266.151,1.000
266.181,0.998
266.211,0.999
266.241,1.007
266.271,1.004
266.301,1.000
266.331,0.999
266.361,1.011
266.391,1.001
266.421,1.001
266.451,1.003
266.481,1.003
266.511,1.000
266.541,1.001
266.571,0.999
266.601,1.005
266.631,1.007
266.661,1.008
266.691,0.999
266.721,1.001
266.751,1.009
266.781,0.996
266.811,0.997
266.841,0.997
266.871,0.999
266.901,1.006
266.931,1.003
266.961,1.003
266.991,1.000
267.021,0.997
267.051,0.998
267.081,0.998
267.111,1.005
267.141,1.004
267.171,0.995
267.201,1.002
267.231,0.999
267.261,1.008
267.291,1.002
267.321,1.016
267.351,0.996
267.381,1.003
267.411,0.999
267.441,1.004
267.471,0.999
267.501,1.004
267.531,1.006
267.561,1.002
267.591,0.998
267.621,0.999
267.651,1.000
267.681,0.999
267.711,1.002
267.741,0.999
267.771,1.000
267.801,1.004
267.831,1.002
267.861,1.003
267.891,1.007
267.921,1.000
267.951,1.008
267.981,1.004
268.011,1.002
268.041,1.003
268.071,0.995
268.101,1.001
268.131,1.005
268.161,1.007
268.191,0.999
268.221,1.001
268.251,1.005
268.281,1.008
268.311,1.002
268.341,1.000
268.371,1.000
268.401,1.008
268.431,1.005
268.461,0.992
268.491,1.001
268.521,1.007
268.551,1.006
268.581,0.999
268.611,1.000
268.641,1.001
268.671,1.000
268.701,1.001
268.731,1.007
268.761,0.995
268.791,0.996
268.821,1.002
268.851,0.998
268.881,0.999
268.911,1.002
268.941,1.001
268.971,1.004
269.001,1.003
269.031,0.997
269.061,1.000
269.091,0.994
269.121,0.996
269.151,1.004
269.181,1.002
269.211,1.009
269.241,1.009
269.271,1.006
269.301,1.006
269.331,1.000
269.361,1.005
269.391,0.993
269.421,1.003
269.451,0.999
269.481,0.995
269.511,1.007
269.541,1.014
269.571,0.993
269.601,1.029
269.631,1.001
269.661,1.000
269.691,1.016
269.721,0.993
269.751,0.989
269.781,1.011
269.811,0.997
269.841,0.996
269.871,0.999
269.901,1.010
269.931,1.005
269.961,1.002
269.991,0.990
270.021,0.992
270.051,0.994
270.081,0.978
270.111,0.993
270.141,0.979
270.171,0.964
270.201,0.984
270.231,1.010
270.261,1.055
270.291,1.046
270.321,1.048
270.351,1.014
270.381,1.019
270.411,1.039
270.441,1.009
270.471,0.997
270.501,0.988
270.531,1.014
270.561,0.991
270.591,0.989
270.621,1.003
270.651,1.017
270.681,1.013
270.711,1.021
270.741,1.021
270.771,0.989
270.801,1.013
270.831,1.021
270.861,1.003
270.891,1.029
270.921,1.051
270.951,1.020
270.981,1.027
271.011,1.030
271.041,0.948
271.071,1.035
271.101,1.004
271.131,1.002
271.161,0.985
271.191,1.012
271.221,0.993
271.251,0.998
271.281,1.038
271.311,0.993
271.341,1.029
271.371,1.035
271.401,1.021
271.431,0.999
271.461,1.051
271.491,1.003
271.521,1.047
271.551,1.065
271.581,1.025
271.611,1.039
271.641,1.064
271.671,1.050
271.701,1.011
271.731,1.028
271.761,1.013
271.791,1.013
271.821,1.002
271.851,1.012
271.881,1.039
271.911,1.026
271.941,1.021
271.971,1.029
272.001,1.011
272.031,0.996
272.061,1.013
272.091,1.015
272.121,1.025
272.151,1.028
272.181,1.025
272.211,1.021
272.241,1.017
272.271,1.013
272.301,1.024
272.331,1.019
272.361,1.026
272.391,1.015
272.421,1.017
272.451,1.008
272.481,1.015
272.511,1.013
272.541,1.022
272.571,1.015
272.601,1.005
272.631,1.013
272.661,1.012
272.691,1.005
272.721,1.008
272.751,1.020
272.781,1.009
272.811,1.018
272.841,1.009
272.871,1.018
272.901,1.013
272.931,1.015
272.961,1.006
272.991,1.016
273.021,1.012
273.051,1.011
273.081,1.010
273.111,1.021
273.141,1.018
273.171,1.015
273.201,1.024
273.231,1.025
273.261,1.027
273.291,1.019
273.321,1.007
273.351,1.019
273.381,1.011
273.411,1.015
273.441,1.008
273.471,1.013
273.501,1.009
273.531,1.008
273.561,1.005
273.591,1.013
273.621,1.006
273.651,1.003
273.681,1.015
273.711,1.019
273.741,1.015
273.771,1.007
273.801,1.010
273.831,1.019
273.861,1.011
273.891,1.006
273.921,1.008
273.951,1.010
273.981,1.005
274.011,1.000
274.041,0.999
274.071,1.013
274.101,1.012
274.131,1.014
274.161,1.015
274.191,1.011
274.221,1.009
274.251,1.007
274.281,1.008
274.311,1.014
274.341,1.004
274.371,1.008
274.401,1.020
274.431,1.007
274.461,1.003
274.491,1.011
274.521,1.017
274.551,1.010
274.581,1.006
274.611,1.007
274.641,1.009
274.671,1.012
274.701,1.011
274.731,1.011
274.761,1.013
274.791,1.006
274.821,1.009
274.851,1.013
274.881,1.019
274.911,1.018
274.941,1.007
274.971,1.017
275.001,1.010
275.031,1.017
275.061,1.014
275.091,1.008
275.121,1.013
275.151,1.008
275.181,1.020
275.211,1.009
275.241,1.026
275.271,1.018
275.301,1.011
275.331,1.021
275.361,1.014
275.391,0.994
275.421,0.985
275.451,0.995
275.481,0.995
275.511,0.997
275.541,1.007
275.571,1.014
275.601,1.002
275.631,1.004
275.661,0.991
275.691,0.982
275.721,0.987
275.751,1.022
275.781,1.055
275.811,1.033
275.841,1.000
275.871,0.975
275.901,0.998
275.931,1.003
275.961,1.009
275.991,1.000
276.021,0.984
276.051,0.993
276.081,1.004
276.111,1.006
276.141,1.010
276.171,0.996
276.201,0.997
276.231,1.004
276.261,1.000
276.291,1.003
276.321,1.002
276.351,0.996
276.381,0.999
276.411,0.996
276.441,1.006
276.471,1.009
276.501,0.998
276.531,0.993
276.561,1.012
276.591,1.004
276.621,1.005
276.651,1.008
276.681,1.010
276.711,1.002
276.741,0.996
276.771,1.004
276.801,0.999
276.831,1.001
276.861,1.003
276.891,0.996
276.921,1.020
276.951,1.011
276.981,1.009
277.011,1.007
277.041,0.992
277.071,1.005
277.101,1.009
277.131,0.994
277.161,1.003
277.191,1.007
277.221,1.004
277.251,0.989
277.281,1.014
277.311,1.009
277.341,1.011
277.371,0.998
277.401,0.997
277.431,1.013
277.461,1.013
277.491,1.003
277.521,0.975
277.551,0.994
277.581,0.996
277.611,1.006
277.641,1.008
277.671,0.990
277.701,1.005
277.731,1.008
277.761,0.998
277.791,0.994
277.821,1.006
277.851,1.019
277.881,0.997
277.911,0.997
277.941,1.009
277.971,0.994
278.001,1.000
278.031,1.001
278.061,1.000
278.091,0.993
278.121,0.997
278.151,0.999
278.181,1.002
278.211,0.998
278.241,0.994
278.271,1.001
278.301,1.011
278.331,0.997
278.361,0.988
278.391,0.995
278.421,1.005
278.451,0.997
278.481,1.007
278.511,1.002
278.541,0.991
278.571,1.005
278.601,1.002
278.631,1.013
278.661,0.995
278.691,0.997
278.721,1.004
278.751,1.001
278.781,0.996
278.811,1.004
278.841,1.003
278.871,1.003
278.901,0.999
278.931,1.004
278.961,0.997
278.991,1.003
279.021,0.999
279.051,1.000
279.081,1.004
279.111,1.014
279.141,1.007
279.171,0.994
279.201,0.996
279.231,1.008
279.261,1.013
279.291,1.004
279.321,1.003
279.351,1.014
279.381,0.997
279.411,0.987
279.441,1.000
279.471,0.994
279.501,0.989
279.531,0.990
279.561,0.999
279.591,1.004
279.621,1.000
279.651,1.005
279.681,1.021
279.711,1.004
279.741,1.010
279.771,0.996
279.801,0.996
279.831,0.993
279.861,0.992
279.891,0.999
279.921,1.001
279.951,0.994
279.981,0.992
280.011,0.993
280.041,0.998
280.071,0.993
280.101,1.001
280.131,1.000
280.161,0.989
280.191,0.995
280.221,0.993
280.251,0.975
280.281,1.012
280.311,0.972
280.341,0.997
280.371,1.000
280.401,1.006
280.431,0.999
280.461,0.996
280.491,0.997
280.521,1.002
280.551,0.999
280.581,0.998
280.611,1.000
280.641,1.006
280.671,1.004
280.701,1.000
280.731,0.994
280.761,0.991
280.791,0.999
280.821,1.002
280.851,0.993
280.881,0.997
280.911,0.998
280.941,0.999
280.971,1.001
281.001,1.000
281.031,0.999
281.061,0.999
281.091,0.999
281.121,0.996
281.151,1.001
281.181,1.003
281.211,0.998
281.241,0.999
281.271,1.000
281.301,1.003
281.331,0.995
281.361,1.000
281.391,0.994
281.421,0.998
281.451,0.994
281.481,1.000
281.511,1.000
281.541,1.003
281.571,0.997
281.601,0.999
281.631,1.008
281.661,1.001
281.691,0.995
281.721,0.991
281.751,1.000
281.781,0.998
281.811,0.991
281.841,1.001
281.871,0.994
281.901,0.995
281.931,1.002
281.961,0.993
281.991,0.994
282.021,1.002
282.051,1.001
282.081,1.007
282.111,1.000
282.141,0.999
282.171,0.999
282.201,0.995
282.231,0.993
282.261,0.998
282.291,1.004
282.321,1.004
282.351,0.993
282.381,1.010
282.411,1.016
282.441,1.010
282.471,0.997
282.501,1.008
282.531,0.996
282.561,0.984
282.591,1.007
282.621,1.012
282.651,0.999
282.681,1.015
282.711,1.008
282.741,0.975
282.771,1.001
282.801,1.077
282.831,1.062
282.861,1.072
282.891,1.110
282.921,1.042
282.951,1.000
282.981,0.976
283.011,0.986
283.041,0.964
283.071,0.963
283.101,1.025
283.131,1.040
283.161,1.071
283.191,1.109
283.221,1.062
283.251,0.947
283.281,0.838
283.311,0.860
283.341,0.888
283.371,0.989
283.401,1.073
283.431,1.157
283.461,1.118
283.491,1.007
283.521,0.896
283.551,0.855
283.581,0.898
283.611,0.890
283.641,1.078
283.671,1.126
283.701,1.152
283.731,1.095
283.761,0.970
283.791,0.969
283.821,0.965
283.851,0.973
283.881,1.015
283.911,1.055
283.941,1.083
283.971,1.019
284.001,0.960
284.031,0.960
284.061,0.988
284.091,1.026
284.121,1.028
284.151,1.021
284.181,0.979
284.211,1.009
284.241,1.017
284.271,1.033
284.301,0.982
284.331,1.021
284.361,1.018
284.391,0.970
284.421,1.018
284.451,0.994
284.481,0.981
284.511,1.015
284.541,0.979
284.571,0.986
284.601,1.016
284.631,1.034
284.661,1.024
284.691,0.999
284.721,1.020
284.751,0.999
284.781,0.976
284.811,0.999
284.841,1.011
284.871,1.013
284.901,1.023
284.931,1.019
284.961,1.007
284.991,1.015
285.021,1.016
285.051,1.001
285.081,1.007
285.111,1.013
285.141,0.995
285.171,0.990
285.201,1.006
285.231,1.006
285.261,1.010
285.291,1.017
285.321,0.999
285.351,1.000
285.381,1.004
285.411,1.002
285.441,0.992
285.471,0.998
285.501,1.001
285.531,1.008
285.561,1.011
285.591,1.003
285.621,1.016
285.651,1.000
285.681,1.000
285.711,1.013
285.741,0.993
285.771,1.009
285.801,1.003
285.831,1.001
285.861,0.987
285.891,0.996
285.921,0.997
285.951,1.000
285.981,0.988
286.011,1.010
286.041,0.988
286.071,0.997
286.101,1.001
286.131,1.014
286.161,1.017
286.191,1.014
286.221,1.002
286.251,1.018
286.281,0.993
286.311,0.998
286.341,1.002
286.371,1.007
286.401,1.004
286.431,1.016
286.461,1.009
286.491,1.000
286.521,0.999
286.551,1.009
286.581,1.001
286.611,1.011
286.641,1.011
286.671,1.003
286.701,1.000
286.731,1.005
286.761,0.994
286.791,0.997
286.821,1.008
286.851,1.000
286.881,0.998
286.911,1.002
286.941,1.002
286.971,1.004
287.001,1.011
287.031,1.005
287.061,0.997
287.091,1.007
287.121,1.010
287.151,0.991
287.181,0.995
287.211,1.008
287.241,1.019
287.271,1.014
287.301,1.004
287.331,1.003
287.361,1.009
287.391,1.005
287.421,1.002
287.451,1.003
287.481,1.002
287.511,0.992
287.541,1.015
287.571,0.998
287.601,0.982
287.631,0.990
287.661,1.004
287.691,0.982
287.721,0.976
287.751,0.987
287.781,0.996
287.811,1.008
287.841,1.008
287.871,1.021
287.901,1.021
287.931,1.003
287.961,0.987
287.991,0.996
288.021,0.992
288.051,1.003
288.081,0.987
288.111,0.979
288.141,0.989
288.171,0.987
288.201,0.968
288.231,0.979
288.261,0.995
288.291,0.992
288.321,0.983
288.351,0.998
288.381,1.004
288.411,1.014
288.441,1.031
288.471,1.017
288.501,1.006
288.531,1.024
288.561,1.003
288.591,0.987
288.621,1.006
288.651,1.004
288.681,1.000
288.711,1.034
288.741,1.046
288.771,1.051
288.801,0.994
288.831,1.028
288.861,1.027
288.891,1.002
288.921,1.021
288.951,1.039
288.981,1.033
289.011,1.007
289.041,1.013
289.071,1.023
289.101,1.018
289.131,1.004
289.161,1.007
289.191,1.009
289.221,1.001
289.251,0.988
289.281,1.020
289.311,1.000
289.341,1.020
289.371,1.021
289.401,0.993
289.431,0.999
289.461,1.004
289.491,0.998
289.521,0.981
289.551,0.996
289.581,1.009
289.611,1.005
289.641,1.000
289.671,1.015
289.701,1.018
289.731,0.997
289.761,1.001
289.791,1.002
289.821,0.999
289.851,1.007
289.881,1.006
289.911,1.001
289.941,1.005
289.971,0.999
290.001,0.998
290.031,1.004
290.061,1.003
290.091,1.002
290.121,1.002
290.151,1.012
290.181,0.995
290.211,0.989
290.241,1.008
290.271,1.014
290.301,1.003
290.331,0.996
290.361,0.994
290.391,0.999
290.421,0.986
290.451,1.000
290.481,1.018
290.511,1.006
290.541,1.003
290.571,1.009
290.601,0.992
290.631,0.996
290.661,0.994
290.691,1.000
290.721,1.004
290.751,0.991
290.781,0.993
290.811,1.004
290.841,1.011
290.871,1.012
290.901,1.007
290.931,0.995
290.961,1.002
290.991,0.994
291.021,1.009
291.051,0.994
291.081,0.994
291.111,1.015
291.141,1.002
291.171,1.000
291.201,0.998
291.231,1.006
291.261,1.013
291.291,1.019
291.321,1.016
291.351,1.026
291.381,1.013
291.411,1.017
291.441,1.009
291.471,0.995
291.501,0.991
291.531,0.999
291.561,1.015
291.591,0.948
291.621,0.991
291.651,1.006
291.681,1.040
291.711,0.983
291.741,1.009
291.771,1.000
291.801,1.002
291.831,0.998
291.861,1.003
291.891,1.016
291.921,1.006
291.951,1.021
291.981,1.013
292.011,0.998
292.041,1.019
292.071,1.031
292.101,0.973
292.131,0.981
292.161,0.999
292.191,1.068
292.221,1.073
292.251,1.024
292.281,0.979
292.311,0.964
292.341,0.992
292.371,0.987
292.401,0.966
292.431,0.967
292.461,0.996
292.491,0.991
292.521,0.994
292.551,1.016
292.581,1.015
292.611,0.992
292.641,0.973
292.671,0.985
292.701,0.993
292.731,0.999
292.761,1.020
292.791,1.012
292.821,1.008
292.851,0.997
292.881,0.992
292.911,0.999
292.941,0.997
292.971,0.999
293.001,1.004
293.031,1.004
293.061,1.009
293.091,1.000
293.121,1.007
293.151,1.013
293.181,1.018
293.211,1.005
293.241,1.000
293.271,1.009
293.301,1.001
293.331,1.001
293.361,1.008
293.391,1.010
293.421,1.005
293.451,1.015
293.481,1.002
293.511,1.006
293.541,1.007
293.571,1.000
293.601,0.998
293.631,1.004
293.661,1.012
293.691,1.010
293.721,1.003
293.751,1.000
293.781,0.997
293.811,0.992
293.841,0.991
293.871,1.014
293.901,1.006
293.931,1.004
293.961,1.014
293.991,1.019
294.021,1.011
294.051,0.991
294.081,0.984
294.111,0.998
294.141,1.004
294.171,1.004
294.201,1.011
294.231,1.005
294.261,1.009
294.291,1.010
294.321,1.012
294.351,0.990
294.381,1.002
294.411,0.997
294.441,1.000
294.471,1.010
294.501,1.016
294.531,0.996
294.561,1.007
294.591,1.003
294.621,1.005
294.651,1.006
294.681,0.994
294.711,1.002
294.741,1.004
294.771,1.010
294.801,1.000
294.831,0.999
294.861,0.994
294.891,1.000
294.921,1.009
294.951,1.004
294.981,1.002
295.011,1.015
295.041,1.009
295.071,1.001
295.101,0.998
295.131,1.003
295.161,0.996
295.191,1.014
295.221,1.000
295.251,0.995
295.281,1.005
295.311,1.010
295.341,1.017
295.371,1.014
295.401,1.002
295.431,1.000
295.461,0.991
295.491,0.987
295.521,0.990
295.551,0.973
295.581,0.980
295.611,0.999
295.641,0.994
295.671,0.982
295.701,0.986
295.731,0.999
295.761,0.997
295.791,1.003
295.821,1.003
295.851,0.997
295.881,1.007
295.911,0.994
295.941,0.975
295.971,0.994
296.001,0.969
296.031,1.000
296.061,1.021
296.091,1.017
296.121,1.021
296.151,1.014
296.181,1.040
296.211,1.025
296.241,1.021
296.271,1.044
296.301,1.017
296.331,1.018
296.361,1.032
296.391,1.017
296.421,1.020
296.451,1.024
296.481,1.019
296.511,1.021
296.541,1.016
296.571,1.004
296.601,1.011
296.631,1.015
296.661,1.020
296.691,1.022
296.721,1.020
296.751,1.019
296.781,1.020
296.811,1.017
296.841,1.013
296.871,1.011
296.901,1.012
296.931,1.007
296.961,0.998
296.991,1.002
297.021,0.985
297.051,1.003
297.081,1.003
297.111,0.984
297.141,0.992
297.171,0.996
297.201,0.985
297.231,0.998
297.261,1.001
297.291,1.007
297.321,1.012
297.351,0.985
297.381,0.986
297.411,0.989
297.441,0.991
297.471,0.995
297.501,0.992
297.531,0.981
297.561,0.990
297.591,1.001
297.621,0.990
297.651,0.994
297.681,1.004
297.711,0.995
297.741,1.000
297.771,1.008
297.801,1.014
297.831,1.020
297.861,1.010
297.891,1.006
297.921,1.007
297.951,1.000
297.981,1.006
298.011,1.005
298.041,0.998
298.071,0.998
298.101,1.011
298.131,1.020
298.161,0.984
298.191,0.979
298.221,1.003
298.251,0.989
298.281,1.000
298.311,0.988
298.341,0.992
298.371,1.013
298.401,0.977
298.431,0.991
298.461,1.020
298.491,1.006
298.521,0.978
298.551,1.005
298.581,0.997
298.611,1.000
298.641,0.985
298.671,1.012
298.701,1.008
298.731,0.982
298.761,1.011
298.791,1.021
298.821,0.982
298.851,0.995
298.881,0.996
298.911,0.993
298.941,0.993
298.971,0.992
299.001,0.991
299.031,0.995
299.061,0.997
299.091,1.000
299.121,0.996
299.151,1.010
299.181,0.982
299.211,0.992
299.241,1.005
299.271,0.984
299.301,0.990
299.331,1.007
299.361,0.993
299.391,0.989
299.421,0.997
299.451,1.002
299.481,0.988
299.511,0.996
299.541,1.000
299.571,0.998
299.601,0.989
299.631,0.996
299.661,1.007
299.691,1.002
299.721,0.990
299.751,0.995
299.781,1.006
299.811,0.996
299.841,0.995
299.871,0.987
299.901,0.998
299.931,0.991
299.961,0.988
299.991,0.999
300.021,1.005
300.051,1.001
300.081,0.989
300.111,0.990
300.141,1.000
300.171,1.000
300.201,1.003
300.231,0.986
300.261,0.993
300.291,0.999
300.321,1.006
300.351,0.995
300.381,0.999
300.411,1.003
300.441,0.997
300.471,1.003
300.501,1.001
300.531,0.990
300.561,0.995
300.591,0.997
300.621,0.993
300.651,0.992
300.681,1.010
300.711,0.993
300.741,0.991
300.771,1.002
300.801,0.996
300.831,0.996
300.861,1.009
300.891,0.989
300.921,0.992
300.951,1.001
300.981,1.006
301.011,1.000
301.041,0.992
301.071,0.998
301.101,0.989
301.131,0.986
301.161,0.993
301.191,0.998
301.221,0.992
301.251,0.996
301.281,1.000
301.311,0.991
301.341,1.000
301.371,0.991
301.401,0.987
301.431,1.006
301.461,0.999
301.491,0.986
301.521,0.993
301.551,1.009
301.581,0.990
301.611,0.987
301.641,0.995
301.671,0.999
301.701,1.010
301.731,0.981
301.761,0.987
301.791,0.999
301.821,1.001
301.851,0.997
301.881,0.993
301.911,0.995
301.941,0.989
301.971,0.992
302.001,1.005
302.031,0.999
302.061,0.999
302.091,1.005
302.121,0.994
302.151,0.999
302.181,1.008
302.211,0.994
302.241,0.995
302.271,0.989
302.301,0.996
302.331,1.004
302.361,0.997
302.391,1.005
302.421,1.002
302.451,0.988
302.481,0.985
302.511,1.006
302.541,0.998
302.571,0.990
302.601,1.004
302.631,1.003
302.661,0.987
302.691,1.000
302.721,1.011
302.751,1.000
302.781,1.000
302.811,1.005
302.841,0.998
302.871,1.005
302.901,1.000
302.931,1.004
302.961,0.998
302.991,0.979
303.021,1.003
303.051,1.008
303.081,0.991
303.111,0.990
303.141,1.007
303.171,0.992
303.201,0.993
303.231,0.997
303.261,0.990
303.291,0.994
303.321,1.002
303.351,0.994
303.381,1.001
303.411,1.006
303.441,0.997
303.471,1.003
303.501,0.999
303.531,1.007
303.561,1.005
303.591,1.000
303.621,1.001
303.651,0.996
303.681,1.002
303.711,1.003
303.741,1.008
303.771,1.001
303.801,1.008
303.831,1.002
303.861,0.988
303.891,0.994
303.921,0.998
303.951,1.002
303.981,1.001
304.011,1.003
304.041,0.998
304.071,1.000
304.101,1.002
304.131,0.984
304.161,1.001
304.191,0.993
304.221,0.990
304.251,1.000
304.281,0.992
304.311,0.995
304.341,0.998
304.371,0.999
304.401,1.007
304.431,1.010
304.461,1.001
304.491,1.015
304.521,1.004
304.551,0.999
304.581,1.002
304.611,0.997
304.641,0.997
304.671,0.995
304.701,0.984
304.731,0.983
304.761,0.989
304.791,0.997
304.821,0.995
304.851,0.989
304.881,0.977
304.911,0.980
304.941,0.983
304.971,0.986
305.001,0.998
305.031,1.004
305.061,0.999
305.091,1.011
305.121,1.011
305.151,0.995
305.181,1.011
305.211,0.998
305.241,0.963
305.271,1.004
305.301,1.001
305.331,1.003
305.361,1.009
305.391,1.027
305.421,1.039
305.451,1.010
305.481,1.013
305.511,1.020
305.541,0.983
305.571,0.978
305.601,0.995
305.631,0.978
305.661,1.000
305.691,1.000
305.721,1.004
305.751,1.011
305.781,1.013
305.811,0.999
305.841,1.009
305.871,1.002
305.901,0.996
305.931,0.978
305.961,0.989
305.991,0.989
306.021,1.000
306.051,1.026
306.081,0.991
306.111,0.995
306.141,1.010
306.171,0.993
306.201,0.992
306.231,0.996
306.261,1.011
306.291,1.007
306.321,0.945
306.351,1.032
306.381,1.002
306.411,1.005
306.441,0.968
306.471,1.040
306.501,0.985
306.531,1.010
306.561,1.041
306.591,1.024
306.621,1.016
306.651,0.982
306.681,1.021
306.711,1.011
306.741,1.003
306.771,1.029
306.801,0.941
306.831,1.015
306.861,1.038
306.891,0.996
306.921,0.976
306.951,1.014
306.981,1.002
307.011,1.000
307.041,1.009
307.071,1.005
307.101,0.997
307.131,1.001
307.161,1.019
307.191,1.024
307.221,1.018
307.251,1.026
307.281,1.011
307.311,1.018
307.341,1.026
307.371,1.003
307.401,0.994
307.431,1.018
307.461,1.027
307.491,1.003
307.521,1.011
307.551,1.019
307.581,0.996
307.611,1.008
307.641,1.010
307.671,1.003
307.701,1.007
307.731,1.004
307.761,1.004
307.791,0.996
307.821,1.002
307.851,1.002
307.881,1.014
307.911,1.002
307.941,1.002
307.971,1.007
308.001,1.008
308.031,1.007
308.061,1.007
308.091,1.006
308.121,1.013
308.151,1.020
308.181,1.001
308.211,1.002
308.241,1.004
308.271,1.005
308.301,1.015
308.331,1.000
308.361,0.999
308.391,1.014
308.421,1.010
308.451,1.000
308.481,1.013
308.511,1.009
308.541,1.001
308.571,1.003
308.601,1.003
308.631,1.007
308.661,1.016
308.691,1.008
308.721,1.002
308.751,1.005
308.781,1.004
308.811,1.007
308.841,0.990
308.871,1.004
308.901,1.017
308.931,1.008
308.961,0.998
308.991,1.010
309.021,1.012
309.051,1.004
309.081,1.004
309.111,1.017
309.141,1.001
309.171,1.003
309.201,1.005
309.231,1.021
309.261,1.014
309.291,1.009
309.321,0.999
309.351,1.002
309.381,0.979
309.411,1.011
309.441,1.010
309.471,1.009
309.501,1.009
309.531,1.020
309.561,1.018
309.591,1.004
309.621,1.001
309.651,1.000
309.681,1.010
309.711,1.006
309.741,1.012
309.771,1.004
309.801,1.002
309.831,1.013
309.861,1.014
309.891,1.004
309.921,0.998
309.951,1.003
309.981,1.014
310.011,1.013
310.041,0.992
310.071,1.001
310.101,0.998
310.131,1.015
310.161,1.015
310.191,1.002
310.221,0.999
310.251,1.012
310.281,1.002
310.311,1.007
310.341,1.001
310.371,1.004
310.401,0.999
310.431,1.014
310.461,1.009
310.491,0.996
310.521,1.010
310.551,1.015
310.581,1.008
310.611,1.011
310.641,1.001
310.671,1.002
310.701,1.006
310.731,1.013
310.761,1.002
310.791,1.003
310.821,1.004
310.851,1.011
310.881,1.005
310.911,1.009
310.941,1.011
310.971,1.008
311.001,0.998
311.031,1.006
311.061,1.006
311.091,1.007
311.121,1.003
311.151,1.000
311.181,1.007
311.211,1.005
311.241,1.001
311.271,0.997
311.301,0.995
311.331,0.992
311.361,0.997
311.391,0.999
311.421,0.993
311.451,1.000
311.481,0.996
311.511,0.996
311.541,0.970
311.571,0.959
311.601,0.985
311.631,0.996
311.661,0.965
311.691,0.976
311.721,1.011
311.751,1.014
311.781,1.017
311.811,1.045
311.841,1.029
311.871,1.044
311.901,1.069
311.931,1.066
311.961,1.037
311.991,1.043
312.021,1.052
312.051,1.041
312.081,1.033
312.111,1.043
312.141,1.028
312.171,1.020
312.201,1.026
312.231,1.050
312.261,1.035
312.291,1.021
312.321,1.017
312.351,1.030
312.381,1.038
312.411,1.042
312.441,1.028
312.471,1.035
312.501,1.023
312.531,1.027
312.561,1.028
312.591,1.031
312.621,1.032
312.651,1.034
312.681,1.021
312.711,1.028
312.741,1.032
312.771,1.028
312.801,1.024
312.831,1.028
312.861,1.021
312.891,1.022
312.921,1.026
312.951,1.018
312.981,1.025
313.011,1.023
313.041,1.019
313.071,1.032
313.101,1.030
313.131,1.021
313.161,1.031
313.191,1.026
313.221,1.017
313.251,1.030
313.281,1.029
313.311,1.008
313.341,1.018
313.371,1.031
313.401,1.025
313.431,1.033
313.461,1.032
313.491,1.027
313.521,1.025
313.551,1.019
313.581,1.022
313.611,1.030
313.641,1.029
313.671,1.030
313.701,1.020
313.731,1.022
313.761,1.027
313.791,1.027
313.821,1.028
313.851,1.022
313.881,1.027
313.911,1.019
313.941,1.017
313.971,1.036
314.001,1.034
314.031,1.015
314.061,1.021
314.091,1.028
314.121,1.018
314.151,1.021
314.181,1.019
314.211,1.034
314.241,1.010
314.271,1.018
314.301,1.027
314.331,1.033
314.361,1.036
314.391,1.029
314.421,1.015
314.451,1.028
314.481,1.032
314.511,1.015
314.541,1.017
314.571,1.016
314.601,1.025
314.631,1.029
314.661,1.029
314.691,1.024
314.721,1.033
314.751,1.024
314.781,1.024
314.811,1.021
314.841,1.028
314.871,1.014
314.901,1.015
314.931,1.025
314.961,1.026
314.991,1.019
315.021,1.032
315.051,1.018
315.081,1.018
315.111,1.017
315.141,1.036
315.171,1.028
315.201,1.029
315.231,1.021
315.261,1.022
315.291,1.023
315.321,1.012
315.351,1.018
315.381,1.039
315.411,1.030
315.441,1.013
315.471,1.014
315.501,1.044
315.531,1.018
315.561,1.014
315.591,1.029
315.621,1.021
315.651,1.064
315.681,1.021
315.711,0.984
315.741,1.033
315.771,1.010
315.801,1.016
315.831,1.021
315.861,0.992
315.891,1.069
315.921,1.001
315.951,1.009
315.981,1.011
316.011,1.022
316.041,1.032
316.071,1.012
316.101,1.024
316.131,1.032
316.161,1.020
316.191,1.025
316.221,1.010
316.251,1.010
316.281,1.019
316.311,1.012
316.341,1.010
316.371,1.034
316.401,1.029
316.431,1.022
316.461,1.019
316.491,1.034
316.521,1.027
316.551,1.029
316.581,1.030
316.611,1.028
316.641,1.011
316.671,1.021
316.701,1.023
316.731,1.025
316.761,1.026
316.791,1.015
316.821,1.022
316.851,1.046
316.881,1.025
316.911,1.028
316.941,1.014
316.971,1.016
317.001,1.021
317.031,1.032
317.061,1.025
317.091,1.032
317.121,1.030
317.151,1.031
317.181,1.012
317.211,1.018
317.241,1.026
317.271,1.021
317.301,1.021
317.331,1.021
317.361,1.027
317.391,1.035
317.421,1.021
317.451,1.021
317.481,1.024
317.511,1.020
317.541,1.019
317.571,1.022
317.601,1.025
317.631,1.021
317.661,1.028
317.691,1.026
317.721,1.021
317.751,1.026
317.781,1.024
317.811,1.023
317.841,1.019
317.871,1.021
317.901,1.018
317.931,1.021
317.961,1.028
317.991,1.019
318.021,1.023
318.051,1.025
318.081,1.027
318.111,1.020
318.141,1.022
318.171,1.019
318.201,1.016
318.231,1.029
318.261,1.033
318.291,1.034
318.321,1.023
318.351,1.024
318.381,1.024
318.411,1.029
318.441,1.020
318.471,1.015
318.501,1.016
318.531,1.020
318.561,1.016
318.591,1.032
318.621,1.039
318.651,1.044
318.681,1.043
318.711,1.038
318.741,1.052
318.771,1.044
318.801,1.002
318.831,1.027
318.861,1.026
318.891,1.002
318.921,0.972
318.951,0.964
318.981,0.972
319.011,0.975
319.041,0.968
319.071,0.960
319.101,0.993
319.131,1.010
319.161,1.038
319.191,1.053
319.221,1.087
319.251,1.095
319.281,1.071
319.311,1.057
319.341,0.985
319.371,1.047
319.401,1.035
319.431,0.976
319.461,0.984
319.491,0.986
319.521,1.008
319.551,1.012
319.581,1.034
319.611,1.042
319.641,1.042
319.671,1.033
319.701,1.113
319.731,1.138
319.761,1.118
319.791,1.125
319.821,1.152
319.851,1.121
319.881,1.079
319.911,1.072
319.941,1.065
319.971,1.033
320.001,1.049
320.031,1.067
320.061,1.056
320.091,1.046
320.121,1.053
320.151,1.056
320.181,1.062
320.211,1.043
320.241,1.047
320.271,1.046
320.301,1.048
320.331,1.055
320.361,1.059
320.391,1.057
320.421,1.048
320.451,1.032
320.481,1.027
320.511,1.040
320.541,1.044
320.571,1.037
320.601,1.036
320.631,1.031
320.661,1.024
320.691,1.024
320.721,1.041
320.751,1.036
320.781,1.027
320.811,1.029
320.841,1.043
320.871,1.041
320.901,1.042
320.931,1.036
320.961,1.030
320.991,1.030
321.021,1.047
321.051,1.054
321.081,1.048
321.111,1.045
321.141,1.044
321.171,1.060
321.201,1.053
321.231,1.049
321.261,1.045
321.291,1.046
321.321,1.030
321.351,1.040
321.381,1.040
321.411,1.056
321.441,1.042
321.471,1.039
321.501,1.046
321.531,1.057
321.561,1.056
321.591,1.030
321.621,1.025
321.651,1.033
321.681,1.020
321.711,1.028
321.741,1.008
321.771,1.018
321.801,1.024
321.831,1.014
321.861,1.013
321.891,1.030
321.921,1.026
321.951,1.016
321.981,1.014
322.011,1.021
322.041,1.027
322.071,1.015
322.101,1.021
322.131,1.020
322.161,1.023
322.191,1.041
322.221,1.028
322.251,1.032
322.281,1.031
322.311,1.041
322.341,1.041
322.371,1.038
322.401,1.022
322.431,1.029
322.461,1.026
322.491,1.044
322.521,1.059
322.551,1.040
322.581,1.038
322.611,1.053
322.641,1.042
322.671,1.032
322.701,1.035
322.731,1.039
322.761,1.022
322.791,1.021
322.821,1.041
322.851,1.047
322.881,1.027
322.911,1.037
322.941,1.024
322.971,1.012
323.001,1.014
323.031,0.998
323.061,1.001
323.091,1.001
323.121,0.986
323.151,0.986
323.181,0.987
323.211,1.001
323.241,1.000
323.271,0.994
323.301,0.994
323.331,0.996
323.361,1.009
323.391,1.021
323.421,1.015
323.451,1.002
323.481,0.997
323.511,0.994
323.541,0.991
323.571,0.993
323.601,0.996
323.631,0.999
323.661,1.003
323.691,0.993
323.721,1.021
323.751,1.014
323.781,1.000
323.811,1.004
323.841,1.006
323.871,0.991
323.901,0.999
323.931,1.010
323.961,0.995
323.991,1.013
324.021,1.011
324.051,1.007
324.081,1.012
324.111,0.992
324.141,1.003
324.171,1.002
324.201,1.001
324.231,0.996
324.261,1.000
324.291,1.007
324.321,0.988
324.351,1.007
324.381,1.001
324.411,1.006
324.441,1.008
324.471,1.003
324.501,0.998
324.531,0.989
324.561,0.996
324.591,0.997
324.621,1.005
324.651,1.003
324.681,0.990
324.711,0.995
324.741,0.999
324.771,0.999
324.801,0.999
324.831,0.999
324.861,1.000
324.891,1.004
324.921,1.011
324.951,0.988
324.981,0.992
325.011,1.001
325.041,1.012
325.071,1.005
325.101,0.997
325.131,1.001
325.161,0.995
325.191,1.000
325.221,1.001
325.251,0.990
325.281,0.996
325.311,1.001
325.341,0.984
325.371,1.005
325.401,1.010
325.431,0.994
325.461,0.992
325.491,1.005
325.521,1.005
325.551,1.009
325.581,1.001
325.611,0.984
325.641,1.008
325.671,1.011
325.701,0.993
325.731,0.986
325.761,1.004
325.791,1.006
325.821,1.017
325.851,1.004
325.881,0.999
325.911,1.000
325.941,0.972
325.971,0.968
326.001,1.016
326.031,1.020
326.061,1.008
326.091,1.034
326.121,1.002
326.151,0.990
326.181,0.998
326.211,0.973
326.241,0.996
326.271,1.009
326.301,1.026
326.331,1.054
326.361,0.977
326.391,0.983
326.421,0.948
326.451,0.935
326.481,0.988
326.511,1.034
326.541,1.019
326.571,0.998
326.601,1.007
326.631,0.995
326.661,0.963
326.691,0.967
326.721,1.040
326.751,1.037
326.781,1.017
326.811,1.012
326.841,1.001
326.871,0.945
326.901,0.947
326.931,0.966
326.961,0.976
326.991,0.994
327.021,1.010
327.051,1.016
327.081,1.002
327.111,0.993
327.141,0.992
327.171,0.998
327.201,1.021
327.231,0.996
327.261,0.991
327.291,0.983
327.321,0.990
327.351,0.987
327.381,0.995
327.411,0.996
327.441,1.007
327.471,1.002
327.501,0.996
327.531,0.990
327.561,1.001
327.591,1.001
327.621,0.996
327.651,0.979
327.681,0.997
327.711,1.007
327.741,0.984
327.771,0.999
327.801,1.012
327.831,0.988
327.861,0.989
327.891,1.000
327.921,0.994
327.951,0.994
327.981,1.000
328.011,0.983
328.041,0.990
328.071,0.993
328.101,0.990
328.131,0.990
328.161,1.008
328.191,1.000
328.221,0.984
328.251,0.997
328.281,1.000
328.311,0.991
328.341,1.005
328.371,0.990
328.401,0.979
328.431,0.984
328.461,0.998
328.491,0.999
328.521,1.007
328.551,0.994
328.581,0.997
328.611,0.994
328.641,0.996
328.671,0.997
328.701,0.995
328.731,0.996
328.761,0.993
328.791,0.993
328.821,0.986
328.851,1.000
328.881,0.999
328.911,1.000
328.941,0.997
328.971,0.990
329.001,0.994
329.031,1.001
329.061,1.003
329.091,0.998
329.121,0.995
329.151,0.995
329.181,0.985
329.211,1.001
329.241,0.992
329.271,0.989
329.301,0.990
329.331,0.982
329.361,0.993
329.391,1.002
329.421,0.999
329.451,0.998
329.481,0.985
329.511,1.001
329.541,1.006
329.571,1.002
329.601,1.005
329.631,0.995
329.661,0.999
329.691,0.981
329.721,0.990
329.751,0.994
329.781,0.984
329.811,0.996
329.841,1.005
329.871,0.999
329.901,0.981
329.931,0.984
329.961,0.989
329.991,0.994
330.021,0.991
330.051,1.003
330.081,0.995
330.111,0.989
330.141,0.993
330.171,0.997
330.201,0.987
330.231,0.988
330.261,0.993
330.291,0.990
330.321,0.993
330.351,1.003
330.381,1.000
330.411,0.994
330.441,0.983
330.471,0.996
330.501,0.987
330.531,0.988
330.561,0.990
330.591,0.986
330.621,0.998
330.651,0.999
330.681,0.994
330.711,0.987
330.741,0.999
330.771,0.996
330.801,0.989
330.831,0.996
330.861,0.991
330.891,0.987
330.921,0.998
330.951,0.997
330.981,0.994
331.011,0.993
331.041,0.985
331.071,0.993
331.101,0.998
331.131,0.994
331.161,0.986
331.191,1.002
331.221,0.994
331.251,0.987
331.281,0.991
331.311,0.985
331.341,0.988
331.371,0.986
331.401,1.000
331.431,0.999
331.461,0.988
331.491,0.988
331.521,0.999
331.551,0.999
331.581,0.986
331.611,0.983
331.641,0.994
331.671,0.985
331.701,0.989
331.731,0.992
331.761,0.988
331.791,0.998
331.821,0.997
331.851,0.993
331.881,0.998
331.911,0.990
331.941,0.989
331.971,0.991
332.001,0.992
332.031,0.983
332.061,0.991
332.091,0.999
332.121,0.985
332.151,0.994
332.181,1.003
332.211,0.993
332.241,0.988
332.271,0.986
332.301,0.989
332.331,0.987
332.361,0.991
332.391,0.992
332.421,0.989
332.451,0.994
332.481,0.991
332.511,0.991
332.541,0.986
332.571,0.989
332.601,0.989
332.631,0.998
332.661,0.997
332.691,0.996
332.721,0.989
332.751,0.988
332.781,0.990
332.811,0.988
332.841,0.995
332.871,0.994
332.901,0.991
332.931,0.988
332.961,0.991
332.991,0.995
333.021,1.001
333.051,0.989
333.081,0.992
333.111,0.990
333.141,0.982
333.171,0.996
333.201,1.010
333.231,0.990
333.261,0.979
333.291,0.998
333.321,0.998
333.351,0.994
333.381,0.993
333.411,0.998
333.441,0.987
333.471,0.989
333.501,0.989
333.531,0.989
333.561,0.991
333.591,0.998
333.621,0.995
333.651,0.995
333.681,0.986
333.711,0.994
333.741,0.990
333.771,0.985
333.801,0.997
333.831,0.990
333.861,0.987
333.891,0.990
333.921,0.998
333.951,0.997
333.981,0.990
334.011,0.997
334.041,0.999
334.071,0.994
334.101,0.992
334.131,0.991
334.161,1.004
334.191,0.993
334.221,0.984
334.251,0.987
334.281,0.991
334.311,0.993
334.341,0.986
334.371,0.992
334.401,1.002
334.431,0.994
334.461,0.991
334.491,0.989
334.521,0.999
334.551,0.995
334.581,0.990
334.611,0.988
334.641,0.997
334.671,1.002
334.701,0.998
334.731,0.993
334.761,0.989
334.791,0.987
334.821,0.980
334.851,0.984
334.881,0.986
334.911,0.996
334.941,0.989
334.971,0.990
335.001,0.993
335.031,0.983
335.061,0.994
335.091,0.999
335.121,0.992
335.151,0.996
335.181,1.002
335.211,0.998
335.241,0.990
335.271,0.995
335.301,0.991
335.331,0.998
335.361,0.995
335.391,0.996
335.421,0.997
335.451,0.983
335.481,0.994
335.511,0.992
335.541,0.977
335.571,0.988
335.601,0.996
335.631,0.989
335.661,0.996
335.691,0.986
335.721,1.001
335.751,0.987
335.781,0.987
335.811,0.995
335.841,0.986
335.871,0.984
335.901,0.993
335.931,0.997
335.961,1.010
335.991,0.998
336.021,0.987
336.051,0.993
336.081,1.001
336.111,0.996
336.141,1.001
336.171,0.988
336.201,0.979
336.231,0.993
336.261,0.999
336.291,0.996
336.321,0.991
336.351,0.997
336.381,0.996
336.411,0.984
336.441,0.980
336.471,0.994
336.501,0.992
336.531,0.978
336.561,0.978
336.591,0.994
336.621,1.007
336.651,0.991
336.681,0.996
336.711,0.986
336.741,0.987
336.771,0.990
336.801,1.001
336.831,1.003
336.861,0.999
336.891,1.003
336.921,1.035
336.951,1.033
336.981,1.071
337.011,1.061
337.041,1.035
337.071,1.024
337.101,0.973
337.131,1.005
337.161,0.979
337.191,0.961
337.221,0.953
337.251,0.962
337.281,0.979
337.311,0.946
337.341,0.913
337.371,0.963
337.401,0.981
337.431,1.032
337.461,1.004
337.491,1.067
337.521,1.062
337.551,1.092
337.581,1.178
337.611,1.205
337.641,1.177
337.671,1.153
337.701,0.992
337.731,0.925
337.761,0.950
337.791,0.931
337.821,0.852
337.851,0.919
337.881,0.948
337.911,0.949
337.941,0.958
337.971,0.933
338.001,0.922
338.031,0.909
338.061,0.954
338.091,0.959
338.121,0.999
338.151,1.018
338.181,1.035
338.211,1.012
338.241,1.013
338.271,0.996
338.301,1.042
338.331,1.010
338.361,0.982
338.391,0.987
338.421,1.055
338.451,1.068
338.481,1.061
338.511,1.096
338.541,1.101
338.571,1.100
338.601,1.104
338.631,1.085
338.661,1.045
338.691,1.006
338.721,1.011
338.751,1.004
338.781,1.018
338.811,1.037
338.841,1.021
338.871,1.018
338.901,1.017
338.931,1.001
338.961,1.011
338.991,1.019
339.021,1.024
339.051,1.022
339.081,1.031
339.111,1.022
339.141,1.021
339.171,1.033
339.201,1.021
339.231,1.011
339.261,1.002
339.291,1.015
339.321,1.009
339.351,1.012
339.381,1.007
339.411,1.010
339.441,1.017
339.471,1.021
339.501,1.008
339.531,1.014
339.561,1.031
339.591,1.029
339.621,1.011
339.651,1.013
339.681,1.026
339.711,1.021
339.741,1.012
339.771,1.017
339.801,1.011
339.831,1.014
339.861,1.018
339.891,1.026
339.921,1.020
339.951,1.013
339.981,1.018
340.011,1.017
340.041,1.015
340.071,1.026
340.101,1.021
340.131,1.010
340.161,1.014
340.191,1.013
340.221,1.030
340.251,1.029
340.281,1.010
340.311,1.015
340.341,1.023
340.371,1.012
340.401,1.008
340.431,1.011
340.461,1.019
340.491,1.023
340.521,1.021
340.551,1.019
340.581,1.019
340.611,1.012
340.641,1.013
340.671,1.013
340.701,1.006
340.731,1.013
340.761,1.026
340.791,1.015
340.821,1.011
340.851,1.020
340.881,1.021
340.911,1.013
340.941,1.014
340.971,1.012
341.001,1.007
341.031,1.020
341.061,1.021
341.091,1.019
341.121,0.997
341.151,1.015
341.181,1.029
341.211,1.026
341.241,1.027
341.271,1.022
341.301,1.018
341.331,0.999
341.361,0.996
341.391,0.968
341.421,0.975
341.451,0.968
341.481,0.930
341.511,0.961
341.541,0.966
341.571,0.994
341.601,1.014
341.631,1.018
341.661,1.035
341.691,1.096
341.721,1.055
341.751,1.042
341.781,1.084
341.811,1.114
341.841,1.071
341.871,1.074
341.901,1.049
341.931,1.046
341.961,1.046
341.991,1.063
342.021,1.048
342.051,1.057
342.081,1.042
342.111,1.025
342.141,1.042
342.171,1.044
342.201,1.018
342.231,1.024
342.261,1.033
342.291,1.031
342.321,1.023
342.351,1.040
342.381,1.036
342.411,1.023
342.441,1.051
342.471,1.039
342.501,1.025
342.531,1.036
342.561,1.031
342.591,1.032
342.621,1.048
342.651,1.049
342.681,1.038
342.711,1.043
342.741,1.024
342.771,1.035
342.801,1.036
342.831,1.013
342.861,1.030
342.891,1.036
342.921,1.035
342.951,1.023
342.981,1.040
343.011,1.056
343.041,1.055
343.071,1.040
343.101,1.035
343.131,1.041
343.161,1.021
343.191,1.030
343.221,1.039
343.251,1.031
343.281,1.040
343.311,1.035
343.341,1.030
343.371,1.033
343.401,1.055
343.431,1.046
343.461,1.032
343.491,1.022
343.521,1.026
343.551,1.039
343.581,1.022
343.611,1.035
343.641,1.026
343.671,1.021
343.701,1.022
343.731,1.036
343.761,1.027
343.791,1.017
343.821,1.021
343.851,1.017
343.881,1.029
343.911,1.032
343.941,1.027
343.971,1.028
344.001,1.022
344.031,1.035
344.061,1.034
344.091,1.028
344.121,1.036
344.151,1.021
344.181,1.029
344.211,1.024
344.241,1.028
344.271,1.030
344.301,1.027
344.331,1.035
344.361,1.024
344.391,1.019
344.421,1.022
344.451,1.042
344.481,1.033
344.511,1.021
344.541,1.024
344.571,1.027
344.601,1.023
344.631,1.042
344.661,1.027
344.691,1.030
344.721,1.047
344.751,1.032
344.781,1.031
344.811,1.039
344.841,1.021
344.871,1.023
344.901,1.034
344.931,1.031
344.961,1.020
344.991,1.024
345.021,1.025
345.051,1.034
345.081,1.028
345.111,1.033
345.141,1.025
345.171,1.030
345.201,1.024
345.231,1.031
345.261,1.034
345.291,1.018
345.321,1.024
345.351,1.031
345.381,1.029
345.411,1.027
345.441,1.026
345.471,1.030
345.501,1.018
345.531,1.029
345.561,1.041
345.591,1.043
345.621,1.038
345.651,1.043
345.681,1.041
345.711,1.036
345.741,1.026
345.771,1.015
345.801,1.013
345.831,1.028
345.861,1.035
345.891,1.033
345.921,1.034
345.951,1.021
345.981,1.021
346.011,0.998
346.041,1.010
346.071,1.042
346.101,1.026
346.131,1.026
346.161,1.029
346.191,1.013
346.221,1.023
346.251,1.022
346.281,1.001
346.311,1.019
346.341,1.017
346.371,1.030
346.401,1.022
346.431,1.023
346.461,1.030
346.491,1.023
346.521,1.020
346.551,1.036
346.581,1.024
346.611,1.023
346.641,1.029
346.671,1.014
346.701,1.031
346.731,1.027
346.761,1.026
346.791,1.025
346.821,1.031
346.851,1.024
346.881,1.025
346.911,1.029
346.941,1.035
346.971,1.026
347.001,1.022
347.031,1.017
347.061,1.036
347.091,1.027
347.121,1.024
347.151,1.026
347.181,1.030
347.211,1.021
347.241,1.022
347.271,1.010
347.301,1.032
347.331,1.037
347.361,1.028
347.391,1.017
347.421,1.027
347.451,1.041
347.481,1.021
347.511,1.016
347.541,1.024
347.571,1.026
347.601,1.024
347.631,1.018
347.661,1.032
347.691,1.028
347.721,1.021
347.751,1.023
347.781,1.027
347.811,1.033
347.841,1.016
347.871,1.011
347.901,1.022
347.931,1.036
347.961,1.026
347.991,1.011
348.021,1.021
348.051,1.024
348.081,1.027
348.111,1.033
348.141,1.032
348.171,1.027
348.201,1.028
348.231,1.010
348.261,1.020
348.291,1.039
348.321,1.022
348.351,1.025
348.381,1.029
348.411,1.025
348.441,1.034
348.471,1.040
348.501,1.017
348.531,1.039
348.561,1.027
348.591,1.020
348.621,1.020
348.651,1.028
348.681,1.017
348.711,1.010
348.741,1.028
348.771,1.040
348.801,1.037
348.831,1.021
348.861,1.021
348.891,1.029
348.921,1.033
348.951,1.036
348.981,1.022
349.011,1.029
349.041,1.048
349.071,1.035
349.101,1.029
349.131,1.036
349.161,1.026
349.191,1.031
349.221,1.043
349.251,1.033
349.281,1.023
349.311,1.037
349.341,1.049
349.371,1.043
349.401,1.048
349.431,1.030
349.461,1.004
349.491,0.990
349.521,0.994
349.551,1.026
349.581,1.064
349.611,1.080
349.641,1.099
349.671,1.066
349.701,1.031
349.731,1.004
349.761,1.009
349.791,1.000
349.821,0.975
349.851,0.992
349.881,0.977
349.911,0.991
349.941,0.989
349.971,0.961
350.001,0.965
350.031,1.024
350.061,1.042
350.091,1.056
350.121,1.062
350.151,1.062
350.181,1.050
350.211,1.023
350.241,1.001
350.271,1.020
350.301,1.043
350.331,1.028
350.361,1.031
350.391,1.038
350.421,1.037
350.451,1.062
350.481,1.035
350.511,1.028
350.541,1.024
350.571,1.012
350.601,1.002
350.631,1.022
350.661,1.020
350.691,1.024
350.721,1.039
350.751,1.010
350.781,1.021
350.811,1.021
350.841,1.024
350.871,1.021
350.901,1.033
350.931,1.036
350.961,1.032
350.991,1.017
351.021,1.015
351.051,1.025
351.081,1.023
351.111,1.012
351.141,1.020
351.171,1.037
351.201,1.025
351.231,1.025
351.261,1.026
351.291,1.015
351.321,1.021
351.351,1.022
351.381,1.014
351.411,1.010
351.441,1.034
351.471,1.024
351.501,1.029
351.531,1.029
351.561,1.018
351.591,1.019
351.621,1.006
351.651,1.021
351.681,1.041
351.711,1.030
351.741,1.020
351.771,1.024
351.801,1.022
351.831,1.026
351.861,1.017
351.891,1.020
351.921,1.022
351.951,1.007
351.981,1.012
352.011,1.024
352.041,1.028
352.071,1.020
352.101,1.018
352.131,1.019
352.161,1.023
352.191,1.008
352.221,1.011
352.251,1.022
352.281,1.025
352.311,1.016
352.341,1.025
352.371,1.010
352.401,1.016
352.431,1.035
352.461,1.025
352.491,1.020
352.521,1.021
352.551,1.022
352.581,1.024
352.611,1.022
352.641,1.013
352.671,1.009
352.701,1.013
352.731,1.026
352.761,1.026
352.791,1.021
352.821,1.015
352.851,1.014
352.881,1.022
352.911,1.018
352.941,1.018
352.971,1.024
353.001,1.017
353.031,1.018
353.061,1.016
353.091,1.021
353.121,1.025
353.151,1.042
353.181,1.034
353.211,1.041
353.241,1.049
353.271,1.040
353.301,1.017
353.331,1.047
353.361,1.023
353.391,1.006
353.421,1.027
353.451,0.993
353.481,0.982
353.511,1.003
353.541,1.014
353.571,1.019
353.601,1.003
353.631,0.983
353.661,1.003
353.691,1.049
353.721,1.036
353.751,1.038
353.781,1.033
353.811,1.009
353.841,1.005
353.871,1.023
353.901,1.029
353.931,1.021
353.961,1.012
353.991,1.026
354.021,1.000
354.051,1.021
354.081,1.007
354.111,1.002
354.141,1.013
354.171,1.008
354.201,1.009
354.231,1.027
354.261,1.013
354.291,1.017
354.321,1.022
354.351,1.006
354.381,1.007
354.411,1.014
354.441,1.017
354.471,1.024
354.501,1.027
354.531,1.003
354.561,1.014
354.591,1.037
354.621,1.017
354.651,0.994
354.681,1.020
354.711,1.023
354.741,1.021
354.771,1.017
354.801,1.019
354.831,1.021
354.861,1.019
354.891,1.021
354.921,1.006
354.951,1.004
354.981,1.013
355.011,1.024
355.041,1.015
355.071,1.012
355.101,0.999
355.131,1.017
355.161,1.021
355.191,1.021
355.221,1.015
355.251,1.012
355.281,1.018
355.311,1.020
355.341,1.011
355.371,1.009
355.401,1.019
355.431,1.013
355.461,1.008
355.491,1.017
355.521,1.022
355.551,1.012
355.581,1.011
355.611,1.031
355.641,1.032
355.671,1.012
355.701,1.007
355.731,1.010
355.761,1.026
355.791,1.021
355.821,1.018
355.851,1.018
355.881,1.018
355.911,1.015
355.941,1.004
355.971,1.010
356.001,1.026
356.031,1.021
356.061,1.021
356.091,1.016
356.121,1.022
356.151,1.015
356.181,1.009
356.211,1.011
356.241,1.016
356.271,1.016
356.301,1.016
356.331,1.012
356.361,0.998
356.391,1.005
356.421,1.017
356.451,1.010
356.481,1.010
356.511,1.027
356.541,1.025
356.571,1.016
356.601,1.013
356.631,1.007
356.661,1.004
356.691,1.021
356.721,1.027
356.751,1.016
356.781,1.009
356.811,1.009
356.841,1.012
356.871,1.016
356.901,1.021
356.931,1.014
356.961,1.018
356.991,1.010
357.021,1.018
357.051,1.020
357.081,1.007
357.111,1.004
357.141,1.016
357.171,1.011
357.201,1.005
357.231,1.013
357.261,1.026
357.291,1.022
357.321,1.026
357.351,1.017
357.381,1.007
357.411,1.007
357.441,1.009
357.471,1.018
357.501,1.014
357.531,1.012
357.561,1.023
357.591,1.012
357.621,1.006
357.651,1.015
357.681,1.018
357.711,1.016
357.741,1.013
357.771,1.005
357.801,1.016
357.831,1.016
357.861,1.011
357.891,1.006
357.921,1.021
357.951,1.008
357.981,1.004
358.011,1.013
358.041,1.015
358.071,1.013
358.101,1.007
358.131,1.004
358.161,1.002
358.191,1.001
358.221,0.992
358.251,1.014
358.281,1.028
358.311,1.002
358.341,1.013
358.371,1.025
358.401,1.024
358.431,1.020
358.461,1.021
358.491,1.009
358.521,1.013
358.551,1.016
358.581,1.017
358.611,1.023
358.641,1.016
358.671,1.004
358.701,1.017
358.731,1.015
358.761,1.022
358.791,1.013
358.821,1.006
358.851,1.004
358.881,1.010
358.911,1.017
358.941,1.014
358.971,1.002
359.001,1.012
359.031,1.017
359.061,1.011
359.091,1.009
359.121,1.003
359.151,1.021
359.181,1.006
359.211,1.000
359.241,1.013
359.271,1.025
359.301,1.027
359.331,1.015
359.361,1.010
359.391,1.003
359.421,1.018
359.451,1.024
359.481,1.021
359.511,1.009
359.541,1.002
359.571,1.014
359.601,1.012
359.631,1.015
359.661,1.002
359.691,1.025
359.721,1.032
359.751,1.037
359.781,1.033
359.811,1.052
359.841,1.069
359.871,1.064
359.901,1.041
359.931,1.023
359.961,1.009
359.991,0.986
360.021,0.972
360.051,0.976
360.081,0.932
360.111,0.888
360.141,0.984
360.171,1.002
360.201,1.034
360.231,0.990
360.261,1.113
360.291,1.109
360.321,1.066
360.351,1.074
360.381,1.101
360.411,1.066
360.441,1.001
360.471,0.960
360.501,0.901
360.531,0.964
360.561,1.029
360.591,1.014
360.621,1.040
360.651,1.011
360.681,1.067
360.711,1.042
360.741,0.936
360.771,0.899
360.801,0.993
360.831,1.051
360.861,1.033
360.891,0.961
360.921,0.935
360.951,0.924
360.981,0.942
361.011,0.998
361.041,1.055
361.071,1.043
361.101,1.026
361.131,1.040
361.161,1.050
361.191,1.071
361.221,1.079
361.251,1.089
361.281,1.059
361.311,0.951
361.341,0.945
361.371,0.934
361.401,0.961
361.431,0.988
361.461,1.012
361.491,0.970
361.521,0.929
361.551,0.974
361.581,0.996
361.611,0.966
361.641,0.955
361.671,0.981
361.701,1.005
361.731,1.025
361.761,1.034
361.791,1.023
361.821,1.002
361.851,0.990
361.881,1.007
361.911,0.990
361.941,0.972
361.971,0.994
362.001,1.018
362.031,1.014
362.061,1.004
362.091,1.027
362.121,1.007
362.151,0.988
362.181,0.987
362.211,0.998
362.241,0.999
362.271,1.003
362.301,1.003
362.331,1.011
362.361,1.001
362.391,1.001
362.421,1.013
362.451,1.007
362.481,1.011
362.511,0.992
362.541,0.997
362.571,0.997
362.601,0.987
362.631,0.997
362.661,1.002
362.691,1.008
362.721,1.003
362.751,0.987
362.781,0.997
362.811,1.002
362.841,0.991
362.871,0.990
362.901,0.999
362.931,0.997
362.961,1.003
362.991,1.004
363.021,1.010
363.051,0.997
363.081,0.990
363.111,1.000
363.141,1.002
363.171,0.995
363.201,1.001
363.231,1.008
363.261,1.007
363.291,1.001
363.321,1.004
363.351,1.006
363.381,0.982
363.411,0.995
363.441,0.998
363.471,0.994
363.501,1.000
363.531,1.000
363.561,1.008
363.591,1.013
363.621,1.006
363.651,1.000
363.681,0.999
363.711,1.001
363.741,0.993
363.771,0.997
363.801,1.002
363.831,1.004
363.861,1.001
363.891,1.000
363.921,1.000
363.951,1.005
363.981,1.001
364.011,0.989
364.041,0.991
364.071,1.002
364.101,1.000
364.131,0.998
364.161,0.998
364.191,0.998
364.221,0.995
364.251,0.999
364.281,1.002
364.311,1.003
364.341,0.988
364.371,1.001
364.401,1.004
364.431,1.011
364.461,1.000
364.491,1.004
364.521,0.998
364.551,0.998
364.581,0.996
364.611,0.991
364.641,0.993
364.671,1.006
364.701,0.997
364.731,1.004
364.761,1.004
364.791,1.004
364.821,1.002
364.851,0.998
364.881,0.989
364.911,0.998
364.941,1.000
364.971,1.001
365.001,1.005
365.031,1.000
365.061,1.007
365.091,1.010
365.121,1.004
365.151,1.005
365.181,1.005
365.211,0.994
365.241,0.988
365.271,1.002
365.301,0.987
365.331,1.003
365.361,1.017
365.391,1.002
365.421,1.002
365.451,1.004
365.481,1.049
365.511,1.037
365.541,1.022
365.571,1.010
365.601,0.955
365.631,0.910
365.661,0.946
365.691,0.984
365.721,1.021
365.751,1.060
365.781,1.030
365.811,1.008
365.841,1.011
365.871,0.953
365.901,0.912
365.931,0.957
365.961,1.021
365.991,1.062
366.021,1.073
366.051,1.021
366.081,0.966
366.111,0.974
366.141,0.995
366.171,1.019
366.201,1.036
366.231,1.009
366.261,1.017
366.291,1.045
366.321,1.058
366.351,1.033
366.381,1.036
366.411,1.041
366.441,1.051
366.471,1.022
366.501,1.039
366.531,1.061
366.561,1.030
366.591,1.054
366.621,1.030
366.651,1.017
366.681,0.993
366.711,1.021
366.741,1.039
366.771,1.021
366.801,1.007
366.831,0.991
366.861,1.020
366.891,1.041
366.921,1.052
366.951,0.993
366.981,0.885
367.011,0.883
367.041,0.925
367.071,0.922
367.101,0.933
367.131,0.960
367.161,0.953
367.191,0.981
367.221,0.988
367.251,0.987
367.281,1.022
367.311,0.975
367.341,1.011
367.371,1.016
367.401,0.981
367.431,0.947
367.461,0.933
367.491,0.970
367.521,1.001
367.551,1.004
367.581,1.003
367.611,1.043
367.641,1.052
367.671,1.001
367.701,1.007
367.731,1.060
367.761,1.056
367.791,1.011
367.821,1.017
367.851,1.021
367.881,0.994
367.911,1.017
367.941,1.008
367.971,1.017
368.001,1.014
368.031,1.002
368.061,1.010
368.091,0.995
368.121,1.000
368.151,1.026
368.181,1.007
368.211,1.001
368.241,1.000
368.271,0.995
368.301,0.997
368.331,1.005
368.361,1.001
368.391,1.007
368.421,1.006
368.451,0.995
368.481,0.998
368.511,1.005
368.541,0.984
368.571,0.999
368.601,1.002
368.631,0.997
368.661,0.997
368.691,1.006
368.721,1.009
368.751,1.002
368.781,1.000
368.811,1.004
368.841,1.000
368.871,1.004
368.901,1.004
368.931,0.997
368.961,0.996
368.991,0.995
369.021,1.000
369.051,1.003
369.081,1.022
369.111,1.010
369.141,0.996
369.171,0.998
369.201,0.992
369.231,0.986
369.261,1.006
369.291,1.002
369.321,1.007
369.351,1.004
369.381,0.996
369.411,0.995
369.441,1.006
369.471,0.999
369.501,0.991
369.531,1.010
369.561,1.010
369.591,0.997
369.621,1.001
369.651,1.004
369.681,1.008
369.711,0.995
369.741,1.009
369.771,1.007
369.801,1.015
369.831,1.013
369.861,1.014
369.891,1.005
369.921,1.017
369.951,1.011
369.981,0.997
370.011,0.995
370.041,0.976
370.071,0.985
370.101,0.988
370.131,0.994
370.161,1.002
370.191,1.014
370.221,1.005
370.251,0.996
370.281,1.000
370.311,1.000
370.341,0.997
370.371,0.997
370.401,0.993
370.431,0.999
370.461,0.999
370.491,0.992
370.521,0.986
370.551,1.006
370.581,1.004
370.611,0.997
370.641,1.008
370.671,1.000
370.701,0.998
370.731,1.006
370.761,0.994
370.791,1.004
370.821,1.010
370.851,1.000
370.881,0.999
370.911,1.000
370.941,1.001
370.971,1.004
371.001,1.002
371.031,0.999
371.061,0.999
371.091,1.008
371.121,0.999
371.151,0.996
371.181,0.996
371.211,0.995
371.241,1.003
371.271,1.001
371.301,0.999
371.331,1.000
371.361,1.001
371.391,1.001
371.421,1.002
371.451,0.990
371.481,1.000
371.511,1.002
371.541,0.997
371.571,1.001
371.601,0.999
371.631,1.000
371.661,1.005
371.691,1.005
371.721,1.002
371.751,1.006
371.781,1.004
371.811,1.003
371.841,1.000
371.871,0.995
371.901,0.997
371.931,0.993
371.961,0.994
371.991,1.001
372.021,1.009
372.051,1.004
372.081,1.005
372.111,1.000
372.141,0.995
372.171,0.996
372.201,0.993
372.231,0.998
372.261,0.991
372.291,0.987
372.321,1.000
372.351,1.003
372.381,1.003
372.411,1.010
372.441,1.000
372.471,1.000
372.501,1.004
372.531,1.008
372.561,1.003
372.591,1.003
372.621,0.998
372.651,0.998
372.681,1.000
372.711,1.009
372.741,1.005
372.771,1.003
372.801,1.004
372.831,1.003
372.861,1.011
372.891,1.014
372.921,1.015
372.951,1.009
372.981,1.018
373.011,1.025
373.041,1.040
373.071,1.048
373.101,1.044
373.131,1.049
373.161,1.021
373.191,1.006
373.221,1.009
373.251,1.016
373.281,1.011
373.311,0.933
373.341,0.878
373.371,0.888
373.401,0.911
373.431,0.948
373.461,0.959
373.491,0.942
373.521,0.964
373.551,0.972
373.581,0.954
373.611,0.977
373.641,1.000
373.671,1.009
373.701,1.007
373.731,0.997
373.761,1.013
373.791,1.012
373.821,0.999
373.851,0.995
373.881,1.009
373.911,1.010
373.941,1.009
373.971,1.005
374.001,0.991
374.031,1.007
374.061,1.000
374.091,0.992
374.121,1.004
374.151,1.000
374.181,0.999
374.211,1.003
374.241,1.008
374.271,1.004
374.301,0.996
374.331,0.995
374.361,0.994
374.391,0.983
374.421,0.991
374.451,0.987
374.481,0.989
374.511,1.003
374.541,1.007
374.571,1.000
374.601,0.991
374.631,0.989
374.661,0.992
374.691,1.000
374.721,0.992
374.751,0.994
374.781,1.003
374.811,0.997
374.841,0.999
374.871,0.996
374.901,0.989
374.931,0.993
374.961,0.998
374.991,0.993
375.021,0.987
375.051,1.003
375.081,1.006
375.111,0.993
375.141,0.983
375.171,0.991
375.201,0.994
375.231,1.000
375.261,0.992
375.291,1.000
375.321,0.997
375.351,1.000
375.381,0.986
375.411,0.976
375.441,0.990
375.471,0.996
375.501,0.997
375.531,0.998
375.561,1.002
375.591,0.992
375.621,0.994
375.651,0.991
375.681,0.991
375.711,0.988
375.741,0.999
375.771,0.999
375.801,0.996
375.831,0.993
375.861,0.996
375.891,0.996
375.921,0.994
375.951,0.987
375.981,0.996
376.011,0.984
376.041,0.994
376.071,1.001
376.101,0.996
376.131,0.991
376.161,0.996
376.191,0.997
376.221,0.994
376.251,0.997
376.281,0.996
376.311,0.995
376.341,0.998
376.371,0.995
376.401,0.986
376.431,0.990
376.461,1.002
376.491,0.992
376.521,1.000
376.551,1.004
376.581,0.993
376.611,0.989
376.641,0.994
376.671,0.989
376.701,0.998
376.731,0.990
376.761,0.991
376.791,0.989
376.821,0.994
376.851,1.006
376.881,1.000
376.911,0.999
376.941,1.000
376.971,0.991
377.001,0.992
377.031,0.988
377.061,0.992
377.091,0.998
377.121,0.987
377.151,0.994
377.181,0.994
377.211,0.993
377.241,0.996
377.271,0.995
377.301,0.995
377.331,0.991
377.361,0.997
377.391,0.995
377.421,0.999
377.451,0.998
377.481,0.991
377.511,1.001
377.541,0.998
377.571,1.003
377.601,1.004
377.631,0.997
377.661,0.995
377.691,0.994
377.721,0.991
377.751,0.985
377.781,0.991
377.811,0.989
377.841,0.989
377.871,1.002
377.901,1.001
377.931,0.986
377.961,0.994
377.991,0.992
378.021,0.996
378.051,0.997
378.081,0.993
378.111,0.997
378.141,0.994
378.171,0.995
378.201,0.998
378.231,1.001
378.261,0.992
378.291,0.987
378.321,0.997
378.351,0.997
378.381,0.995
378.411,0.993
378.441,0.993
378.471,0.985
378.501,0.997
378.531,0.988
378.561,0.992
378.591,0.995
378.621,0.996
378.651,1.001
378.681,0.993
378.711,0.993
378.741,0.989
378.771,0.990
378.801,0.992
378.831,0.995
378.861,0.998
378.891,1.004
378.921,1.007
378.951,1.016
378.981,1.001
379.011,1.002
379.041,1.003
379.071,1.005
379.101,1.013
379.131,1.009
379.161,1.002
379.191,1.000
379.221,0.966
379.251,0.979
379.281,0.993
379.311,0.988
379.341,0.980
379.371,0.943
379.401,0.924
379.431,0.965
379.461,0.961
379.491,0.968
379.521,0.976
379.551,0.960
379.581,0.989
379.611,0.988
379.641,0.970
379.671,0.979
379.701,0.996
379.731,1.033
379.761,1.017
379.791,1.047
379.821,1.067
379.851,1.042
379.881,1.031
379.911,1.066
379.941,1.053
379.971,0.993
380.001,1.006
380.031,1.010
380.061,1.041
380.091,1.050
380.121,1.025
380.151,1.039
380.181,1.039
380.211,1.022
380.241,1.032
380.271,1.028
380.301,1.019
380.331,0.992
380.361,0.993
380.391,1.002
380.421,1.025
380.451,1.004
380.481,1.003
380.511,1.026
380.541,0.985
380.571,1.005
380.601,1.022
380.631,1.002
380.661,0.988
380.691,0.982
380.721,1.000
380.751,1.005
380.781,0.999
380.811,1.002
380.841,1.004
380.871,0.994
380.901,1.006
380.931,1.016
380.961,1.007
380.991,1.004
381.021,1.012
381.051,1.009
381.081,1.009
381.111,1.009
381.141,1.015
381.171,1.021
381.201,1.013
381.231,1.018
381.261,1.021
381.291,1.004
381.321,1.005
381.351,1.011
381.381,1.009
381.411,0.999
381.441,1.006
381.471,1.003
381.501,1.017
381.531,1.020
381.561,1.010
381.591,1.027
381.621,1.028
381.651,1.028
381.681,1.045
381.711,1.021
381.741,1.011
381.771,1.013
381.801,1.029
381.831,0.996
381.861,0.971
381.891,0.971
381.921,0.985
381.951,0.988
381.981,0.999
382.011,0.981
382.041,0.971
382.071,0.992
382.101,1.005
382.131,0.989
382.161,1.001
382.191,1.004
382.221,1.000
382.251,1.001
382.281,1.002
382.311,0.999
382.341,0.999
382.371,1.012
382.401,1.011
382.431,1.016
382.461,1.020
382.491,1.000
382.521,1.001
382.551,1.018
382.581,1.009
382.611,1.007
382.641,1.000
382.671,1.003
382.701,1.000
382.731,1.002
382.761,1.005
382.791,1.002
382.821,1.002
382.851,1.001
382.881,1.012
382.911,1.019
382.941,1.019
382.971,1.010
383.001,1.009
383.031,1.007
383.061,1.001
383.091,1.005
383.121,1.008
383.151,0.994
383.181,1.003
383.211,1.011
383.241,1.006
383.271,1.008
383.301,0.995
383.331,1.003
383.361,1.015
383.391,1.027
383.421,1.024
383.451,1.030
383.481,1.035
383.511,1.031
383.541,1.029
383.571,1.055
383.601,1.019
383.631,0.994
383.661,0.992
383.691,0.989
383.721,0.983
383.751,0.979
383.781,0.982
383.811,0.992
383.841,1.021
383.871,1.032
383.901,1.025
383.931,1.016
383.961,0.986
383.991,1.003
384.021,1.017
384.051,1.003
384.081,0.994
384.111,0.993
384.141,0.975
384.171,0.999
384.201,1.013
384.231,1.017
384.261,1.005
384.291,1.000
384.321,1.006
384.351,1.001
384.381,0.993
384.411,0.960
384.441,0.982
384.471,0.996
384.501,0.994
384.531,1.007
384.561,0.986
384.591,0.974
384.621,0.996
384.651,0.985
384.681,0.965
384.711,0.989
384.741,0.978
384.771,0.989
384.801,1.027
384.831,1.021
384.861,1.015
384.891,1.019
384.921,1.019
384.951,1.012
384.981,1.008
385.011,1.019
385.041,1.004
385.071,1.008
385.101,1.006
385.131,1.003
385.161,1.015
385.191,1.005
385.221,0.999
385.251,1.005
385.281,0.999
385.311,0.994
385.341,1.010
385.371,1.009
385.401,1.000
385.431,1.007
385.461,1.002
385.491,0.998
385.521,0.998
385.551,1.004
385.581,0.996
385.611,1.001
385.641,1.015
385.671,1.013
385.701,0.993
385.731,1.000
385.761,1.018
385.791,1.008
385.821,0.995
385.851,1.006
385.881,1.013
385.911,1.005
385.941,0.992
385.971,0.998
386.001,1.007
386.031,1.004
386.061,0.999
386.091,0.997
386.121,1.005
386.151,1.009
386.181,0.998
386.211,1.001
386.241,1.001
386.271,0.995
386.301,1.010
386.331,1.009
386.361,1.006
386.391,0.998
386.421,1.004
386.451,1.002
386.481,0.993
386.511,1.007
386.541,1.000
386.571,0.997
386.601,1.000
386.631,0.998
386.661,1.006
386.691,1.007
386.721,0.998
386.751,1.007
386.781,0.994
386.811,0.995
386.841,0.997
386.871,0.994
386.901,1.015
386.931,1.023
386.961,1.013
386.991,0.992
387.021,0.998
387.051,1.003
387.081,1.000
387.111,0.998
387.141,0.999
387.171,1.004
387.201,1.005
387.231,0.997
387.261,1.002
387.291,1.008
387.321,0.995
387.351,0.995
387.381,1.000
387.411,1.003
387.441,1.011
387.471,0.975
387.501,0.994
387.531,1.006
387.561,1.015
387.591,1.010
387.621,1.021
387.651,1.000
387.681,1.007
387.711,1.000
387.741,0.994
387.771,0.990
387.801,1.018
387.831,0.989
387.861,1.004
387.891,0.995
387.921,1.006
387.951,1.014
387.981,0.998
388.011,1.006
388.041,1.001
388.071,1.005
388.101,1.007
388.131,0.998
388.161,0.999
388.191,0.996
388.221,1.005
388.251,1.004
388.281,1.004
388.311,1.010
388.341,1.000
388.371,1.001
388.401,0.995
388.431,0.999
388.461,1.006
388.491,0.998
388.521,1.010
388.551,1.010
388.581,1.010
388.611,1.007
388.641,1.014
388.671,1.009
388.701,0.996
388.731,0.992
388.761,1.000
388.791,1.011
388.821,1.013
388.851,1.021
388.881,1.014
388.911,1.015
388.941,1.025
388.971,1.026
389.001,1.008
389.031,1.004
389.061,0.968
389.091,0.979
389.121,0.987
389.151,0.980
389.181,0.994
389.211,0.994
389.241,0.982
389.271,0.977
389.301,0.990
389.331,0.997
389.361,0.985
389.391,0.982
389.421,0.999
389.451,0.999
389.481,0.983
389.511,0.997
389.541,0.996
389.571,0.986
389.601,0.992
389.631,1.025
389.661,1.007
389.691,1.022
389.721,1.024
389.751,1.007
389.781,1.005
389.811,0.991
389.841,0.965
389.871,1.006
389.901,1.026
389.931,0.961
389.961,0.979
389.991,0.977
390.021,0.955
390.051,0.970
390.081,0.973
390.111,0.979
390.141,0.975
390.171,0.958
390.201,0.956
390.231,0.975
390.261,0.986
390.291,1.012
390.321,1.015
390.351,1.000
390.381,1.006
390.411,1.020
390.441,1.020
390.471,1.030
390.501,1.020
390.531,0.998
390.561,0.996
390.591,0.982
390.621,0.982
390.651,0.968
390.681,0.988
390.711,0.994
390.741,1.001
390.771,1.017
390.801,1.007
390.831,1.004
390.861,0.983
390.891,0.999
390.921,1.014
390.951,0.995
390.981,1.001
391.011,0.995
391.041,0.999
391.071,0.991
391.101,0.997
391.131,0.988
391.161,0.984
391.191,0.985
391.221,0.975
391.251,0.982
391.281,0.988
391.311,0.996
391.341,1.000
391.371,0.999
391.401,0.997
391.431,0.997
391.461,0.996
391.491,1.013
391.521,0.994
391.551,0.991
391.581,0.999
391.611,0.984
391.641,0.982
391.671,0.980
391.701,0.982
391.731,0.997
391.761,1.017
391.791,1.021
391.821,1.022
391.851,1.012
391.881,1.011
391.911,1.001
391.941,1.004
391.971,0.985
392.001,0.999
392.031,0.994
392.061,0.995
392.091,0.993
392.121,0.988
392.151,0.991
392.181,0.982
392.211,0.993
392.241,0.994
392.271,0.989
392.301,0.997
392.331,1.019
392.361,1.007
392.391,0.986
392.421,0.991
392.451,0.993
392.481,0.986
392.511,1.003
392.541,1.001
392.571,0.989
392.601,1.000
392.631,1.011
392.661,1.001
392.691,1.000
392.721,0.990
392.751,0.991
392.781,0.995
392.811,0.987
392.841,0.987
392.871,1.004
392.901,1.003
392.931,0.998
392.961,1.004
392.991,0.987
393.021,0.989
393.051,0.998
393.081,0.985
393.111,0.991
393.141,0.976
393.171,0.992
393.201,0.989
393.231,0.988
393.261,1.000
393.291,0.997
393.321,1.003
393.351,1.003
393.381,1.004
393.411,1.000
393.441,0.989
393.471,0.995
393.501,0.994
393.531,0.996
393.561,0.993
393.591,0.992
393.621,0.992
393.651,0.989
393.681,0.995
393.711,1.006
393.741,1.002
393.771,0.988
393.801,0.992
393.831,0.987
393.861,0.993
393.891,0.999
393.921,1.001
393.951,1.003
393.981,0.987
394.011,0.989
394.041,1.007
394.071,1.003
394.101,1.004
394.131,0.997
394.161,0.988
394.191,1.011
394.221,1.000
394.251,0.990
394.281,1.000
394.311,1.001
394.341,0.999
394.371,1.003
394.401,0.993
394.431,0.992
394.461,0.990
394.491,1.006
394.521,0.999
394.551,1.001
394.581,0.984
394.611,0.989
394.641,0.990
394.671,0.992
394.701,0.988
394.731,0.997
394.761,1.000
394.791,1.018
394.821,0.984
394.851,0.993
394.881,1.006
394.911,1.001
394.941,0.995
394.971,1.005
395.001,1.004
395.031,0.988
395.061,0.992
395.091,0.988
395.121,1.006
395.151,0.999
395.181,0.985
395.211,0.991
395.241,1.007
395.271,1.000
395.301,0.987
395.331,0.996
395.361,0.997
395.391,1.004
395.421,1.011
395.451,1.011
395.481,1.007
395.511,0.999
395.541,0.996
395.571,0.993
395.601,0.992
395.631,0.980
395.661,0.982
395.691,0.979
395.721,0.994
395.751,1.011
395.781,1.001
395.811,1.002
395.841,1.007
395.871,1.016
395.901,1.008
395.931,1.001
395.961,0.997
395.991,0.982
396.021,0.992
396.051,0.988
396.081,0.998
396.111,1.009
396.141,0.988
396.171,0.983
396.201,1.004
396.231,1.010
396.261,1.000
396.291,0.997
396.321,1.019
396.351,0.994
396.381,0.986
396.411,1.002
396.441,1.013
396.471,0.990
396.501,0.982
396.531,0.993
396.561,1.003
396.591,0.997
396.621,0.996
396.651,1.006
396.681,0.995
396.711,1.000
396.741,1.016
396.771,1.009
396.801,0.995
396.831,0.984
396.861,0.975
396.891,0.947
396.921,0.939
396.951,0.938
396.981,0.952
397.011,0.986
397.041,1.004
397.071,1.032
397.101,1.039
397.131,1.052
397.161,1.043
397.191,1.045
397.221,1.048
397.251,1.066
397.281,1.026
397.311,1.064
397.341,1.059
397.371,1.011
397.401,1.018
397.431,1.031
397.461,1.018
397.491,1.008
397.521,1.042
397.551,1.025
397.581,1.007
397.611,1.037
397.641,1.043
397.671,1.018
397.701,1.024
397.731,1.021
397.761,1.021
397.791,1.019
397.821,1.013
397.851,1.052
397.881,1.027
397.911,1.032
397.941,1.028
397.971,1.024
398.001,1.036
398.031,1.032
398.061,1.011
398.091,1.001
398.121,1.014
398.151,1.041
398.181,1.018
398.211,0.986
398.241,0.989
398.271,1.022
398.301,1.016
398.331,1.019
398.361,1.024
398.391,1.015
398.421,1.027
398.451,1.017
398.481,0.994
398.511,1.012
398.541,1.003
398.571,1.003
398.601,1.022
398.631,1.001
398.661,1.001
398.691,1.029
398.721,1.003
398.751,1.006
398.781,1.022
398.811,1.002
398.841,1.015
398.871,1.021
398.901,1.005
398.931,1.018
398.961,1.002
398.991,0.999
399.021,1.002
399.051,1.014
399.081,1.021
399.111,1.027
399.141,0.998
399.171,0.993
399.201,0.998
399.231,0.995
399.261,1.023
399.291,1.026
399.321,1.004
399.351,1.008
399.381,1.024
399.411,1.019
399.441,1.016
399.471,1.014
399.501,1.003
399.531,1.012
399.561,1.003
399.591,1.001
399.621,1.006
399.651,1.011
399.681,1.005
399.711,1.006
399.741,1.010
399.771,1.019
399.801,1.006
399.831,1.022
399.861,1.014
399.891,1.008
399.921,1.021
399.951,1.004
399.981,1.008
400.011,1.017
400.041,1.011
400.071,1.022
400.101,0.997
400.131,0.991
400.161,1.019
400.191,1.026
400.221,1.001
400.251,1.011
400.281,1.031
400.311,1.014
400.341,1.007
400.371,1.007
400.401,0.998
400.431,1.004
400.461,1.004
400.491,0.998
400.521,1.005
400.551,1.015
400.581,0.996
400.611,1.000
400.641,1.014
400.671,1.004
400.701,1.012
400.731,1.016
400.761,1.013
400.791,1.006
400.821,1.005
400.851,1.011
400.881,1.014
400.911,1.005
400.941,1.005
400.971,1.004
401.001,1.008
401.031,1.016
401.061,1.004
401.091,1.004
401.121,1.016
401.151,1.012
401.181,1.004
401.211,1.012
401.241,1.007
401.271,0.994
401.301,1.002
401.331,1.008
401.361,1.005
401.391,1.006
401.421,1.012
401.451,1.004
401.481,1.008
401.511,1.030
401.541,1.007
401.571,1.000
401.601,1.004
401.631,1.006
401.661,1.004
401.691,1.013
401.721,1.021
401.751,1.010
401.781,0.991
401.811,1.002
401.841,1.003
401.871,0.997
401.901,1.009
401.931,1.013
401.961,1.008
401.991,1.018
402.021,1.007
402.051,0.997
402.081,1.005
402.111,0.989
402.141,1.011
402.171,1.006
402.201,0.990
402.231,1.003
402.261,1.024
402.291,1.002
402.321,1.002
402.351,1.019
402.381,1.008
402.411,0.992
402.441,1.011
402.471,1.007
402.501,0.997
402.531,1.005
402.561,1.010
402.591,1.002
402.621,1.013
402.651,1.015
402.681,1.005
402.711,1.005
402.741,1.008
402.771,1.004
402.801,1.011
402.831,1.009
402.861,1.002
402.891,1.014
402.921,1.012
402.951,1.006
402.981,1.006
403.011,1.001
403.041,1.006
403.071,0.999
403.101,0.990
403.131,1.006
403.161,0.995
403.191,0.999
403.221,1.012
403.251,1.002
403.281,0.998
403.311,1.010
403.341,1.012
403.371,1.016
403.401,1.005
403.431,0.995
403.461,1.004
403.491,0.997
403.521,0.993
403.551,1.015
403.581,1.020
403.611,0.997
403.641,0.998
403.671,0.999
403.701,0.997
403.731,1.005
403.761,1.003
403.791,0.995
403.821,0.995
403.851,1.000
403.881,1.009
403.911,0.998
403.941,1.002
403.971,1.013
404.001,1.003
404.031,0.999
404.061,1.012
404.091,1.005
404.121,1.001
404.151,1.014
404.181,1.010
404.211,1.008
404.241,1.013
404.271,1.007
404.301,0.998
404.331,1.010
404.361,1.003
404.391,0.990
404.421,0.999
404.451,1.006
404.481,0.998
404.511,1.002
404.541,1.001
404.571,1.004
404.601,1.021
404.631,1.001
404.661,1.000
404.691,1.011
404.721,1.009
404.751,0.988
404.781,0.986
404.811,1.015
404.841,1.012
404.871,1.003
404.901,0.998
404.931,1.007
404.961,1.008
404.991,1.016
405.021,0.999
405.051,0.995
405.081,1.009
405.111,1.006
405.141,1.002
405.171,0.998
405.201,1.020
405.231,1.027
405.261,0.999
405.291,0.986
405.321,0.996
405.351,1.006
405.381,1.011
405.411,1.012
405.441,1.005
405.471,0.994
405.501,0.996
405.531,1.002
405.561,1.005
405.591,0.995
405.621,0.993
405.651,1.005
405.681,1.012
405.711,1.006
405.741,0.995
405.771,0.995
405.801,1.013
405.831,1.001
405.861,0.992
405.891,0.996
405.921,0.999
405.951,1.009
405.981,1.003
406.011,0.996
406.041,1.008
406.071,1.023
406.101,1.010
406.131,1.010
406.161,1.004
406.191,0.999
406.221,0.994
406.251,0.995
406.281,1.003
406.311,1.011
406.341,0.998
406.371,0.993
406.401,1.012
406.431,1.007
406.461,1.005
406.491,1.007
406.521,1.013
406.551,1.000
406.581,0.992
406.611,1.002
406.641,1.017
406.671,1.015
406.701,0.998
406.731,1.001
406.761,1.011
406.791,0.997
406.821,0.997
406.851,1.013
406.881,0.994
406.911,0.995
406.941,0.996
406.971,1.009
407.001,1.001
407.031,1.011
407.061,1.002
407.091,1.003
407.121,1.000
407.151,1.010
407.181,0.993
407.211,1.018
407.241,1.018
407.271,1.000
407.301,1.013
407.331,1.003
407.361,0.998
407.391,1.030
407.421,1.026
407.451,0.993
407.481,1.019
407.511,0.993
407.541,0.981
407.571,0.989
407.601,0.996
407.631,0.980
407.661,0.971
407.691,0.995
407.721,0.992
407.751,0.998
407.781,1.016
407.811,1.006
407.841,0.993
407.871,1.003
407.901,1.019
407.931,1.013
407.961,0.991
407.991,0.998
408.021,0.991
408.051,1.000
408.081,1.006
408.111,1.005
408.141,1.002
408.171,1.006
408.201,1.008
408.231,1.000
408.261,1.002
408.291,1.007
408.321,1.003
408.351,0.999
408.381,1.014
408.411,1.014
408.441,0.990
408.471,0.991
408.501,0.996
408.531,0.986
408.561,0.993
408.591,1.005
408.621,1.010
408.651,1.033
408.681,1.039
408.711,1.028
408.741,1.024
408.771,1.008
408.801,1.003
408.831,0.998
408.861,0.989
408.891,0.988
408.921,0.982
408.951,0.982
408.981,0.977
409.011,0.980
409.041,0.997
409.071,0.993
409.101,0.990
409.131,1.008
409.161,1.006
409.191,0.991
409.221,0.991
409.251,0.998
409.281,0.994
409.311,0.994
409.341,0.990
409.371,0.991
409.401,0.991
409.431,1.000
409.461,1.008
409.491,1.007
409.521,1.000
409.551,1.000
409.581,1.003
409.611,1.012
409.641,1.010
409.671,0.992
409.701,1.005
409.731,0.990
409.761,0.992
409.791,1.010
409.821,1.000
409.851,0.993
409.881,1.007
409.911,1.001
409.941,0.990
409.971,0.987
410.001,0.999
410.031,1.006
410.061,0.997
410.091,1.001
410.121,1.002
410.151,1.001
410.181,1.000
410.211,0.994
410.241,1.004
410.271,1.000
410.301,1.003
410.331,1.000
410.361,0.996
410.391,0.989
410.421,0.998
410.451,0.999
410.481,0.996
410.511,0.994
410.541,0.997
410.571,1.003
410.601,0.995
410.631,1.002
410.661,1.008
410.691,1.002
410.721,1.000
410.751,0.999
410.781,0.997
410.811,0.995
410.841,0.997
410.871,1.001
410.901,1.000
410.931,0.992
410.961,0.998
410.991,0.999
411.021,0.992
411.051,0.990
411.081,1.003
411.111,1.011
411.141,0.998
411.171,0.995
411.201,1.002
411.231,0.999
411.261,1.000
411.291,0.993
411.321,0.997
411.351,0.999
411.381,0.993
411.411,0.998
411.441,0.989
411.471,0.997
411.501,1.000
411.531,1.004
411.561,1.004
411.591,0.995
411.621,0.990
411.651,1.002
411.681,1.001
411.711,0.999
411.741,1.000
411.771,0.995
411.801,1.006
411.831,1.001
411.861,1.004
411.891,0.996
411.921,0.996
411.951,0.991
411.981,0.996
412.011,0.999
412.041,0.998
412.071,0.996
412.101,0.997
412.131,1.003
412.161,0.996
412.191,0.986
412.221,0.997
412.251,0.989
412.281,0.997
412.311,1.007
412.341,1.011
412.371,1.004
412.401,0.993
412.431,1.003
412.461,1.004
412.491,1.009
412.521,1.017
412.551,1.007
412.581,1.042
412.611,1.023
412.641,1.043
412.671,1.059
412.701,1.097
412.731,1.092
412.761,1.090
412.791,1.025
412.821,1.006
412.851,1.002
412.881,0.955
412.911,0.969
412.941,0.934
412.971,0.969
413.001,0.940
413.031,0.951
413.061,0.953
413.091,0.939
413.121,0.927
413.151,0.935
413.181,0.961
413.211,1.043
413.241,1.002
413.271,0.925
413.301,0.955
413.331,0.958
413.361,0.937
413.391,0.988
413.421,1.012
413.451,0.989
413.481,0.992
413.511,1.009
413.541,0.965
413.571,1.008
413.601,1.005
413.631,0.970
413.661,0.998
413.691,1.002
413.721,0.993
413.751,1.014
413.781,1.012
413.811,1.028
413.841,1.030
413.871,0.992
413.901,1.007
413.931,1.020
413.961,0.993
413.991,0.978
414.021,0.992
414.051,0.989
414.081,1.000
414.111,1.006
414.141,1.008
414.171,0.989
414.201,1.003
414.231,0.992
414.261,0.971
414.291,0.982
414.321,1.002
414.351,0.995
414.381,0.983
414.411,0.998
414.441,0.995
414.471,0.995
414.501,0.990
414.531,1.003
414.561,0.988
414.591,0.986
414.621,0.999
414.651,0.990
414.681,0.997
414.711,0.994
414.741,1.005
414.771,0.981
414.801,0.990
414.831,0.998
414.861,0.994
414.891,0.990
414.921,0.987
414.951,0.990
414.981,0.977
415.011,1.000
415.041,1.005
415.071,1.003
415.101,0.997
415.131,0.993
415.161,0.993
415.191,0.994
415.221,0.986
415.251,0.997
415.281,0.994
415.311,0.996
415.341,0.994
415.371,0.994
415.401,0.994
415.431,0.988
415.461,0.986
415.491,1.004
415.521,0.989
415.551,0.992
415.581,0.980
415.611,0.987
415.641,0.998
415.671,0.978
415.701,0.987
415.731,1.007
415.761,0.989
415.791,0.987
415.821,0.996
415.851,1.007
415.881,0.992
415.911,0.982
415.941,0.994
415.971,0.996
416.001,0.987
416.031,0.988
416.061,1.004
416.091,0.993
416.121,0.991
416.151,0.989
416.181,0.986
416.211,0.987
416.241,0.975
416.271,0.991
416.301,0.998
416.331,0.992
416.361,0.987
416.391,0.998
416.421,0.994
416.451,0.996
416.481,0.987
416.511,0.984
416.541,0.991
416.571,0.993
416.601,0.987
416.631,0.986
416.661,0.998
416.691,0.988
416.721,0.990
416.751,1.011
416.781,0.988
416.811,0.974
416.841,0.990
416.871,0.983
416.901,0.991
416.931,0.991
416.961,0.972
416.991,0.991
417.021,0.989
417.051,0.992
417.081,0.987
417.111,0.992
417.141,0.992
417.171,0.991
417.201,0.996
417.231,0.988
417.261,0.990
417.291,0.995
417.321,0.990
417.351,0.993
417.381,0.989
417.411,0.978
417.441,0.995
417.471,0.995
417.501,0.985
417.531,0.987
417.561,0.993
417.591,0.997
417.621,1.000
417.651,0.986
417.681,0.992
417.711,0.981
417.741,0.982
417.771,0.989
417.801,1.006
417.831,0.991
417.861,0.988
417.891,1.001
417.921,0.992
417.951,0.994
417.981,0.978
418.011,0.984
418.041,0.994
418.071,0.986
418.101,0.993
418.131,0.993
418.161,1.002
418.191,0.995
418.221,0.999
418.251,0.993
418.281,0.979
418.311,0.980
418.341,0.989
418.371,0.984
418.401,0.986
418.431,0.995
418.461,0.994
418.491,1.002
418.521,0.995
418.551,0.992
418.581,0.995
418.611,0.987
418.641,0.992
418.671,0.987
418.701,0.996
418.731,0.994
418.761,0.991
418.791,0.995
418.821,0.988
418.851,0.987
418.881,1.000
418.911,0.988
418.941,0.975
418.971,0.994
419.001,0.992
419.031,0.988
419.061,0.998
419.091,0.988
419.121,0.990
419.151,1.002
419.181,0.995
419.211,0.993
419.241,1.002
419.271,1.009
419.301,1.001
419.331,0.978
419.361,0.979
419.391,0.980
419.421,0.979
419.451,0.986
419.481,0.995
419.511,0.997
419.541,0.990
419.571,0.993
419.601,0.998
419.631,1.001
419.661,0.993
419.691,0.985
419.721,0.995
419.751,0.994
419.781,0.992
419.811,0.990
419.841,0.988
419.871,0.982
419.901,0.986
419.931,0.998
419.961,0.997
419.991,0.984
420.021,0.988
420.051,0.996
420.081,0.984
420.111,0.993
420.141,1.021
420.171,0.989
420.201,0.961
420.231,0.983
420.261,0.985
420.291,0.986
420.321,1.018
420.351,1.020
420.381,1.036
420.411,1.037
420.441,1.017
420.471,0.990
420.501,0.963
420.531,0.982
420.561,0.965
420.591,0.971
420.621,1.015
420.651,1.024
420.681,1.004
420.711,0.988
420.741,0.983
420.771,0.985
420.801,0.962
420.831,0.955
420.861,0.963
420.891,0.984
420.921,1.000
420.951,1.002
420.981,0.982
421.011,0.987
421.041,0.976
421.071,0.979
421.101,0.996
421.131,0.992
421.161,1.001
421.191,0.990
421.221,0.988
421.251,0.988
421.281,0.983
421.311,1.004
421.341,0.993
421.371,0.976
421.401,0.981
421.431,0.971
421.461,0.971
421.491,1.009
421.521,1.003
421.551,0.976
421.581,0.992
421.611,1.027
421.641,1.001
421.671,0.986
421.701,0.981
421.731,0.978
421.761,0.983
421.791,0.981
421.821,0.996
421.851,0.994
421.881,1.002
421.911,0.995
421.941,0.980
421.971,1.007
422.001,0.995
422.031,0.993
422.061,1.000
422.091,0.991
422.121,0.990
422.151,0.993
422.181,0.993
422.211,0.995
422.241,0.994
422.271,0.990
422.301,0.986
422.331,0.992
422.361,0.986
422.391,0.990
422.421,1.001
422.451,0.995
422.481,0.994
422.511,1.010
422.541,1.009
422.571,1.013
422.601,1.045
422.631,1.083
422.661,1.125
422.691,1.084
422.721,1.039
422.751,1.039
422.781,1.052
422.811,1.081
422.841,1.053
422.871,1.036
422.901,1.027
422.931,1.020
422.961,1.009
422.991,0.983
423.021,0.973
423.051,0.879
423.081,0.895
423.111,0.924
423.141,0.912
423.171,0.941
423.201,0.971
423.231,0.935
423.261,0.896
423.291,0.979
423.321,0.968
423.351,0.908
423.381,0.962
423.411,1.019
423.441,0.979
423.471,0.999
423.501,0.995
423.531,0.953
423.561,0.943
423.591,1.021
423.621,0.978
423.651,0.989
423.681,0.966
423.711,0.988
423.741,1.013
423.771,1.019
423.801,1.008
423.831,1.015
423.861,0.996
423.891,0.956
423.921,0.975
423.951,0.989
423.981,1.028
424.011,1.052
424.041,1.063
424.071,1.020
424.101,1.045
424.131,1.044
424.161,1.029
424.191,0.998
424.221,0.988
424.251,0.960
424.281,0.904
424.311,0.971
424.341,0.933
424.371,0.940
424.401,1.004
424.431,1.022
424.461,0.947
424.491,0.953
424.521,0.984
424.551,1.013
424.581,0.967
424.611,1.041
424.641,1.048
424.671,1.020
424.701,1.033
424.731,1.080
424.761,1.111
424.791,1.073
424.821,1.052
424.851,1.091
424.881,1.063
424.911,1.069
424.941,1.029
424.971,1.033
425.001,1.022
425.031,1.010
425.061,1.033
425.091,1.056
425.121,1.071
425.151,1.039
425.181,1.004
425.211,1.005
425.241,1.007
425.271,1.014
425.301,1.018
425.331,1.054
425.361,1.089
425.391,1.029
425.421,1.017
425.451,1.049
425.481,1.026
425.511,0.994
425.541,1.024
425.571,1.022
425.601,0.996
425.631,1.032
425.661,1.010
425.691,1.022
425.721,0.969
425.751,0.995
425.781,1.039
425.811,1.026
425.841,1.030
425.871,0.989
425.901,0.969
425.931,0.982
425.961,0.949
425.991,0.929
426.021,0.985
426.051,1.023
426.081,1.105
426.111,1.102
426.141,1.088
426.171,1.085
426.201,1.006
426.231,0.992
426.261,1.099
426.291,1.120
426.321,1.073
426.351,1.014
426.381,1.013
426.411,0.954
426.441,0.978
426.471,0.958
426.501,0.932
426.531,0.973
426.561,1.029
426.591,1.007
426.621,0.982
426.651,0.984
426.681,1.017
426.711,1.013
426.741,0.988
426.771,0.970
426.801,0.996
426.831,0.989
426.861,0.972
426.891,0.987
426.921,0.971
426.951,0.995
426.981,1.021
427.011,0.979
427.041,0.967
427.071,0.988
427.101,1.002
427.131,0.998
427.161,1.023
427.191,1.036
427.221,1.075
427.251,1.054
427.281,1.025
427.311,0.976
427.341,0.938
427.371,0.984
427.401,0.963
427.431,0.999
427.461,1.018
427.491,0.975
427.521,0.980
427.551,0.990
427.581,1.012
427.611,0.990
427.641,0.944
427.671,0.905
427.701,0.800
427.731,0.796
427.761,0.881
427.791,0.955
427.821,1.150
427.851,1.324
427.881,1.263
427.911,1.163
427.941,1.066
427.971,1.098
428.001,1.081
428.031,1.103
428.061,1.088
428.091,1.040
428.121,1.115
428.151,1.104
428.181,1.014
428.211,1.009
428.241,0.957
428.271,1.007
428.301,1.066
428.331,1.074
428.361,1.139
428.391,1.134
428.421,1.070
428.451,0.960
428.481,1.049
428.511,1.053
428.541,1.046
428.571,1.056
428.601,0.969
428.631,1.045
428.661,1.014
428.691,1.089
428.721,1.153
428.751,1.136
428.781,1.273
428.811,1.289
428.841,1.219
428.871,1.163
428.901,1.157
428.931,1.063
428.961,0.994
428.991,0.943
429.021,0.952
429.051,0.961
429.081,0.953
429.111,0.937
429.141,0.946
429.171,0.923
429.201,0.945
429.231,0.975
429.261,0.991
429.291,0.979
429.321,0.983
429.351,0.961
429.381,0.977
429.411,0.969
429.441,0.935
429.471,0.969
429.501,0.979
429.531,0.997
429.561,1.019
429.591,0.975
429.621,0.967
429.651,1.073
429.681,1.025
429.711,1.010
429.741,0.997
429.771,1.050
429.801,1.081
429.831,1.035
429.861,1.032
429.891,1.021
429.921,0.984
429.951,1.018
429.981,1.054
430.011,0.978
430.041,1.023
430.071,1.010
430.101,1.042
430.131,0.964
430.161,0.958
430.191,0.991
430.221,0.966
430.251,0.976
430.281,0.962
430.311,0.979
430.341,0.961
430.371,0.956
430.401,0.976
430.431,0.990
430.461,1.003
430.491,1.035
430.521,1.049
430.551,1.028
430.581,1.021
430.611,1.023
430.641,1.015
430.671,1.046
430.701,1.018
430.731,1.005
430.761,0.964
430.791,0.990
430.821,0.998
430.851,1.008
430.881,1.002
430.911,0.958
430.941,0.981
430.971,1.005
431.001,1.012
431.031,1.019
431.061,1.022
431.091,1.019
431.121,0.973
431.151,1.031
431.181,1.042
431.211,1.010
431.241,1.000
431.271,0.992
431.301,0.980
431.331,0.994
431.361,1.017
431.391,1.016
431.421,0.998
431.451,1.004
431.481,1.008
431.511,0.998
431.541,1.011
431.571,1.002
431.601,0.990
431.631,1.007
431.661,1.018
431.691,0.984
431.721,0.989
431.751,1.004
431.781,1.027
431.811,1.028
431.841,1.011
431.871,0.982
431.901,0.995
431.931,1.002
431.961,1.013
431.991,0.992
432.021,0.987
432.051,0.988
432.081,0.999
432.111,1.007
432.141,1.008
432.171,1.000
432.201,1.009
432.231,1.002
432.261,0.997
432.291,0.993
432.321,0.993
432.351,1.018
432.381,1.014
432.411,1.006
432.441,1.004
432.471,0.989
432.501,0.983
432.531,1.014
432.561,1.010
432.591,1.002
432.621,1.009
432.651,1.012
432.681,0.998
432.711,0.992
432.741,1.010
432.771,1.006
432.801,1.009
432.831,1.014
432.861,1.013
432.891,1.017
432.921,1.017
432.951,1.008
432.981,1.016
433.011,1.014
433.041,0.995
433.071,0.997
433.101,0.993
433.131,1.003
433.161,1.020
433.191,1.018
433.221,1.008
433.251,1.014
433.281,1.009
433.311,1.013
433.341,1.003
433.371,1.005
433.401,1.007
433.431,1.002
433.461,1.003
433.491,1.019
433.521,1.020
433.551,1.027
433.581,1.024
433.611,1.007
433.641,1.001
433.671,0.997
433.701,0.987
433.731,1.005
433.761,1.015
433.791,1.015
433.821,1.012
433.851,1.009
433.881,1.010
433.911,1.004
433.941,1.017
433.971,1.014
434.001,1.003
434.031,0.993
434.061,1.013
434.091,1.022
434.121,1.006
434.151,1.003
434.181,1.003
434.211,1.005
434.241,1.004
434.271,0.998
434.301,1.009
434.331,1.016
434.361,1.016
434.391,1.000
434.421,0.994
434.451,0.997
434.481,1.022
434.511,1.017
434.541,1.006
434.571,1.011
434.601,1.005
434.631,1.009
434.661,1.004
434.691,1.018
434.721,1.011
434.751,1.005
434.781,1.008
434.811,1.017
434.841,1.021
434.871,1.027
434.901,1.006
434.931,1.001
434.961,1.011
434.991,1.014
435.021,1.007
435.051,1.035
435.081,1.021
435.111,0.995
435.141,1.020
435.171,1.026
435.201,1.040
435.231,1.040
435.261,1.023
435.291,1.000
435.321,0.989
435.351,1.016
435.381,1.024
435.411,1.021
435.441,1.008
435.471,1.008
435.501,1.006
435.531,1.013
435.561,1.011
435.591,1.015
435.621,1.010
435.651,1.021
435.681,1.015
435.711,1.022
435.741,1.012
435.771,1.010
435.801,0.996
435.831,1.016
435.861,1.008
435.891,1.013
435.921,1.016
435.951,1.013
435.981,1.022
436.011,1.019
436.041,1.018
436.071,1.020
436.101,1.018
436.131,1.008
436.161,0.994
436.191,1.000
436.221,1.020
436.251,1.021
436.281,1.015
436.311,1.021
436.341,1.014
436.371,1.006
436.401,1.010
436.431,1.005
436.461,1.014
436.491,1.021
436.521,1.021
436.551,1.016
436.581,1.013
436.611,1.011
436.641,1.010
436.671,1.014
436.701,1.011
436.731,1.006
436.761,1.011
436.791,1.012
436.821,1.019
436.851,1.006
436.881,1.010
436.911,1.013
436.941,1.013
436.971,1.018
437.001,1.004
437.031,1.066
437.061,1.055
437.091,1.016
437.121,1.000
437.151,1.014
437.181,1.008
437.211,1.032
437.241,0.999
437.271,1.012
437.301,0.989
437.331,0.976
437.361,1.007
437.391,0.991
437.421,1.000
437.451,1.003
437.481,1.020
437.511,1.019
437.541,0.996
437.571,1.001
437.601,0.996
437.631,1.001
437.661,1.023
437.691,1.039
437.721,1.045
437.751,1.020
437.781,1.005
437.811,0.998
437.841,0.998
437.871,1.017
437.901,1.013
437.931,1.021
437.961,1.008
437.991,1.018
438.021,1.014
438.051,1.017
438.081,1.016
438.111,1.007
438.141,1.019
438.171,1.021
438.201,1.028
438.231,1.026
438.261,1.014
438.291,1.011
438.321,1.007
438.351,1.009
438.381,1.015
438.411,1.016
438.441,1.007
438.471,1.002
438.501,1.012
438.531,1.018
438.561,1.019
438.591,1.015
438.621,1.012
438.651,1.019
438.681,1.020
438.711,1.017
438.741,1.013
438.771,1.014
438.801,1.015
438.831,1.008
438.861,1.003
438.891,0.993
438.921,0.998
438.951,1.009
438.981,1.006
439.011,1.010
439.041,1.018
439.071,1.018
439.101,1.010
439.131,1.008
439.161,1.005
439.191,1.012
439.221,1.008
439.251,1.004
439.281,1.013
439.311,1.003
439.341,1.001
439.371,1.010
439.401,1.016
439.431,1.031
439.461,1.022
439.491,1.012
439.521,1.018
439.551,0.997
439.581,1.002
439.611,1.005
439.641,1.009
439.671,1.021
439.701,1.021
439.731,1.021
439.761,1.014
439.791,1.020
439.821,1.018
439.851,1.015
439.881,1.013
439.911,1.006
439.941,1.015
439.971,1.014
440.001,1.021
440.031,1.012
440.061,1.014
440.091,1.012
440.121,1.013
440.151,1.017
440.181,1.019
440.211,1.020
440.241,1.017
440.271,1.016
440.301,1.011
440.331,1.011
440.361,1.014
440.391,1.018
440.421,1.015
440.451,1.018
440.481,1.017
440.511,1.015
440.541,1.010
440.571,1.008
440.601,1.008
440.631,1.016
440.661,1.018
440.691,1.018
440.721,1.017
440.751,1.009
440.781,1.010
440.811,1.016
440.841,1.012
440.871,1.017
440.901,1.013
440.931,1.014
440.961,1.021
440.991,1.016
441.021,1.010
441.051,1.018
441.081,1.018
441.111,1.010
441.141,1.018
441.171,1.012
441.201,1.015
441.231,1.012
441.261,1.014
441.291,1.018
441.321,1.011
441.351,1.010
441.381,1.014
441.411,1.014
441.441,1.010
441.471,1.016
441.501,1.018
441.531,1.015
441.561,1.011
441.591,1.016
441.621,1.007
441.651,1.011
441.681,1.016
441.711,1.012
441.741,1.009
441.771,1.015
441.801,1.015
441.831,1.018
441.861,1.008
441.891,1.013
441.921,1.013
441.951,1.010
441.981,1.010
442.011,1.012
442.041,1.012
442.071,1.016
442.101,1.013
442.131,1.012
442.161,1.017
442.191,1.012
442.221,1.015
442.251,1.011
442.281,1.012
442.311,1.012
442.341,1.019
442.371,1.016
442.401,1.012
442.431,1.016
442.461,1.016
442.491,1.013
442.521,1.018
442.551,1.015
442.581,1.017
442.611,1.017
442.641,1.011
442.671,1.013
442.701,1.012
442.731,1.009
442.761,1.013
442.791,1.014
442.821,1.012
442.851,1.013
442.881,1.016
442.911,1.012
442.941,1.016
442.971,1.014
443.001,1.007
443.031,1.013
443.061,1.020
443.091,1.007
443.121,1.018
443.151,1.017
443.181,1.008
443.211,1.011
443.241,1.020
443.271,1.014
443.301,1.016
443.331,1.010
443.361,1.010
443.391,1.012
443.421,1.012
443.451,1.013
443.481,1.010
443.511,1.018
443.541,1.015
443.571,1.012
443.601,1.013
443.631,1.013
443.661,1.010
443.691,1.005
443.721,1.013
443.751,1.017
443.781,1.015
443.811,1.016
443.841,1.008
443.871,1.012
443.901,1.017
443.931,1.014
443.961,1.009
443.991,1.017
444.021,1.019
444.051,1.013
444.081,1.017
444.111,1.014
444.141,1.014
444.171,1.012
444.201,1.016
444.231,1.011
444.261,1.017
444.291,1.014
444.321,1.015
444.351,1.013
444.381,1.014
444.411,1.014
444.441,1.012
444.471,1.014
444.501,1.016
444.531,1.013
444.561,1.013
444.591,1.008
444.621,1.009
444.651,1.011
444.681,1.010
444.711,1.016
444.741,1.015
444.771,1.013
444.801,1.012
444.831,1.009
444.861,1.012
444.891,1.015
444.921,1.011
444.951,1.014
444.981,1.013
445.011,1.017
445.041,1.013
445.071,1.016
445.101,1.016
445.131,1.011
445.161,1.017
445.191,1.014
445.221,1.008
445.251,1.011
445.281,1.012
445.311,1.011
445.341,1.019
445.371,1.011
445.401,1.013
445.431,1.013
445.461,1.011
445.491,1.010
445.521,1.009
445.551,1.009
445.581,1.013
445.611,1.013
445.641,1.012
445.671,1.011
445.701,1.011
445.731,1.011
445.761,1.012
445.791,1.013
445.821,1.007
445.851,1.009
445.881,1.010
445.911,1.019
445.941,1.013
445.971,1.007
446.001,1.012
446.031,1.014
446.061,1.013
446.091,1.019
446.121,1.005
446.151,1.013
446.181,1.011
446.211,1.010
446.241,1.008
446.271,1.009
446.301,1.016
446.331,1.013
446.361,1.015
446.391,1.014
446.421,1.011
446.451,1.014
446.481,1.008
446.511,1.013
446.541,1.011
446.571,1.011
446.601,1.006
446.631,1.007
446.661,1.007
446.691,1.013
446.721,1.014
446.751,1.011
446.781,1.008
446.811,1.012
446.841,1.014
446.871,1.014
446.901,1.010
446.931,1.013
446.961,1.014
446.991,1.022
447.021,1.016
447.051,1.014
447.081,1.011
447.111,1.008
447.141,1.000
447.171,1.007
447.201,1.014
447.231,1.012
447.261,1.015
447.291,1.015
447.321,1.010
447.351,1.016
447.381,1.015
447.411,1.013
447.441,1.014
447.471,1.016
447.501,1.011
447.531,1.003
447.561,1.017
447.591,1.011
447.621,1.007
447.651,1.010
447.681,1.014
447.711,1.009
447.741,1.014
447.771,1.013
447.801,1.007
447.831,1.014
447.861,1.011
447.891,1.013
447.921,1.016
447.951,1.008
447.981,1.013
448.011,1.007
448.041,1.013
448.071,1.013
448.101,1.015
448.131,1.011
448.161,1.012
448.191,1.008
448.221,1.010
448.251,1.009
448.281,1.014
448.311,1.011
448.341,1.006
448.371,1.007
448.401,1.012
448.431,1.015
448.461,1.017
448.491,1.011
448.521,1.007
448.551,1.006
448.581,1.011
448.611,1.015
448.641,1.015
448.671,1.013
448.701,1.014
448.731,1.006
448.761,1.010
448.791,1.011
448.821,1.012
448.851,1.007
448.881,1.016
448.911,1.017
448.941,1.011
448.971,1.013
449.001,1.015
449.031,1.011
449.061,1.008
449.091,1.012
449.121,1.018
449.151,1.013
449.181,1.009
449.211,1.011
449.241,1.000
449.271,1.015
449.301,1.013
449.331,1.014
449.361,1.018
449.391,1.008
449.421,1.012
449.451,1.012
449.481,1.009
449.511,1.014
449.541,1.010
449.571,1.018
449.601,1.012
449.631,1.003
449.661,1.009
449.691,1.014
449.721,1.014
449.751,1.002
449.781,1.010
449.811,1.013
449.841,1.013
449.871,1.014
449.901,1.015
449.931,1.011
449.961,1.015
449.991,1.008
450.021,1.013
450.051,1.014
450.081,1.012
450.111,1.011
450.141,1.017
450.171,1.014
450.201,1.006
450.231,1.014
450.261,1.009
450.291,1.008
450.321,1.007
450.351,1.013
450.381,1.018
450.411,1.016
450.441,1.013
450.471,1.015
450.501,1.006
450.531,1.011
450.561,1.016
450.591,1.011
450.621,1.013
450.651,1.015
450.681,1.009
450.711,1.017
450.741,1.014
450.771,1.011
450.801,1.015
450.831,1.014
450.861,1.011
450.891,1.016
450.921,1.006
450.951,1.012
450.981,1.007
451.011,1.015
451.041,1.013
451.071,1.013
451.101,1.012
451.131,1.014
451.161,1.017
451.191,1.013
451.221,1.012
451.251,1.010
451.281,1.013
451.311,1.007
451.341,1.015
451.371,1.010
451.401,1.021
451.431,1.014
451.461,1.021
451.491,1.005
451.521,1.013
451.551,1.010
451.581,1.005
451.611,1.007
451.641,1.012
451.671,1.014
451.701,1.010
451.731,1.009
451.761,1.010
451.791,1.010
451.821,1.008
451.851,1.011
451.881,1.020
451.911,1.021
451.941,1.015
451.971,1.018
452.001,1.012
452.031,1.010
452.061,1.001
452.091,1.014
452.121,1.012
452.151,1.006
452.181,1.015
452.211,1.008
452.241,1.013
452.271,1.014
452.301,1.006
452.331,1.014
452.361,1.018
452.391,1.010
452.421,1.012
452.451,1.008
452.481,1.016
452.511,1.012
452.541,1.010
452.571,1.014
452.601,1.015
452.631,1.016
452.661,1.018
452.691,1.017
452.721,1.006
452.751,1.015
452.781,1.011
452.811,1.009
452.841,1.011
452.871,1.009
452.901,1.014
452.931,1.024
452.961,1.011
452.991,1.010
453.021,1.013
453.051,1.007
453.081,1.012
453.111,1.015
453.141,1.007
453.171,1.010
453.201,1.015
453.231,1.010
453.261,1.020
453.291,1.012
453.321,1.007
453.351,1.004
453.381,1.016
453.411,1.021
453.441,1.011
453.471,1.006
453.501,1.006
453.531,1.010
453.561,1.014
453.591,1.011
453.621,1.013
453.651,1.014
453.681,1.009
453.711,1.009
453.741,1.012
453.771,1.009
453.801,1.014
453.831,1.011
453.861,1.011
453.891,1.007
453.921,1.014
453.951,1.014
453.981,1.008
454.011,1.014
454.041,1.012
454.071,1.008
454.101,1.014
454.131,1.010
454.161,1.010
454.191,1.018
454.221,1.009
454.251,1.011
454.281,1.012
454.311,1.012
454.341,1.007
454.371,1.008
454.401,1.009
454.431,1.013
454.461,1.012
454.491,1.012
454.521,1.013
454.551,1.016
454.581,1.012
454.611,1.011
454.641,1.012
454.671,1.027
454.701,1.010
454.731,1.005
454.761,1.007
454.791,1.004
454.821,1.011
454.851,1.021
454.881,1.012
454.911,1.011
454.941,1.014
454.971,1.010
455.001,1.011
455.031,1.010
455.061,1.009
455.091,1.014
455.121,1.013
455.151,1.014
455.181,1.011
455.211,1.010
455.241,1.010
455.271,1.016
455.301,1.014
455.331,1.010
455.361,1.007
455.391,1.006
455.421,1.012
455.451,1.013
455.481,1.014
455.511,1.014
455.541,1.015
455.571,1.016
455.601,1.012
455.631,1.016
455.661,1.007
455.691,1.015
455.721,1.014
455.751,1.013
455.781,1.011
455.811,1.013
455.841,1.007
455.871,1.010
455.901,1.013
455.931,1.006
455.961,1.013
455.991,1.017
456.021,1.011
456.051,1.009
456.081,1.011
456.111,1.015
456.141,0.997
456.171,1.008
456.201,1.017
456.231,1.019
456.261,1.021
456.291,1.021
456.321,1.015
456.351,1.013
456.381,1.010
456.411,1.009
456.441,1.015
456.471,1.014
456.501,1.016
456.531,1.017
456.561,1.016
456.591,1.003
456.621,1.008
456.651,1.003
456.681,1.004
456.711,1.015
456.741,1.009
456.771,1.010
456.801,1.015
456.831,1.012
456.861,1.016
456.891,1.015
456.921,1.014
456.951,1.005
456.981,1.007
457.011,1.012
457.041,1.010
457.071,1.012
457.101,1.014
457.131,1.017
457.161,1.012
457.191,1.014
457.221,1.010
457.251,1.003
457.281,1.014
457.311,1.015
457.341,1.017
457.371,1.019
457.401,1.011
457.431,1.014
457.461,1.028
457.491,1.029
457.521,1.011
457.551,0.999
457.581,1.004
457.611,1.006
457.641,1.011
457.671,1.009
457.701,1.005
457.731,1.005
457.761,1.013
457.791,1.012
457.821,1.013
457.851,1.024
457.881,1.017
457.911,1.006
457.941,1.008
457.971,1.021
458.001,1.028
458.031,1.020
458.061,1.024
458.091,1.011
458.121,1.012
458.151,1.009
458.181,1.018
458.211,1.021
458.241,1.023
458.271,1.006
458.301,1.013
458.331,1.018
458.361,1.014
458.391,1.003
458.421,1.010
458.451,1.008
458.481,1.008
458.511,1.027
458.541,1.011
458.571,0.984
458.601,1.014
458.631,1.013
458.661,1.003
458.691,1.002
458.721,1.020
458.751,1.036
458.781,0.988
458.811,1.016
458.841,1.028
458.871,1.000
458.901,1.014
458.931,1.010
458.961,1.010
458.991,1.018
459.021,1.016
459.051,0.992
459.081,0.983
459.111,1.011
459.141,1.029
459.171,1.020
459.201,1.022
459.231,1.021
459.261,1.025
459.291,1.021
459.321,1.019
459.351,1.013
459.381,1.010
459.411,1.016
459.441,1.018
459.471,1.003
459.501,1.008
459.531,1.013
459.561,1.009
459.591,1.012
459.621,1.011
459.651,1.007
459.681,1.011
459.711,1.010
459.741,1.014
459.771,1.013
459.801,1.007
459.831,1.016
459.861,1.010
459.891,0.999
459.921,1.002
459.951,1.009
459.981,1.014
460.011,1.018
460.041,1.009
460.071,1.002
460.101,1.018
460.131,1.013
460.161,1.022
460.191,1.022
460.221,1.010
460.251,1.010
460.281,1.004
460.311,1.015
460.341,1.018
460.371,1.013
460.401,1.017
460.431,1.019
460.461,1.016
460.491,1.016
460.521,1.009
460.551,1.018
460.581,1.011
460.611,1.014
460.641,1.014
460.671,1.013
460.701,1.006
460.731,1.005
460.761,1.017
460.791,1.016
460.821,1.018
460.851,1.015
460.881,1.018
460.911,1.016
460.941,1.016
460.971,1.017
461.001,1.021
461.031,1.013
461.061,1.015
461.091,1.016
461.121,1.016
461.151,1.019
461.181,1.014
461.211,1.015
461.241,1.009
461.271,1.015
461.301,1.017
461.331,1.018
461.361,1.014
461.391,1.012
461.421,1.014
461.451,1.009
461.481,1.019
461.511,1.013
461.541,1.011
461.571,1.013
461.601,1.013
461.631,1.014
461.661,1.012
461.691,1.020
461.721,1.014
461.751,1.017
461.781,1.018
461.811,1.018
461.841,1.009
461.871,1.014
461.901,1.012
461.931,1.017
461.961,1.012
461.991,1.019
462.021,1.014
462.051,1.013
462.081,1.015
462.111,1.014
462.141,1.014
462.171,1.015
462.201,1.012
462.231,1.012
462.261,1.015
462.291,1.008
462.321,1.014
462.351,1.017
462.381,1.014
462.411,1.018
462.441,1.010
462.471,1.012
462.501,1.012
462.531,1.010
462.561,1.012
462.591,1.009
462.621,1.019
462.651,1.016
462.681,1.017
462.711,1.016
462.741,1.011
462.771,1.012
462.801,1.016
462.831,1.012
462.861,1.019
462.891,1.015
462.921,1.012
462.951,1.013
462.981,1.016
463.011,1.015
463.041,1.016
463.071,1.014
463.101,1.014
463.131,1.014
463.161,1.012
463.191,1.009
463.221,1.016
463.251,1.015
463.281,1.019
463.311,1.012
463.341,1.011
463.371,1.017
463.401,1.016
463.431,1.012
463.461,1.020
463.491,1.009
463.521,1.013
463.551,1.012
463.581,1.013
463.611,1.012
463.641,1.013
463.671,1.015
463.701,1.013
463.731,1.017
463.761,1.015
463.791,1.012
463.821,1.012
463.851,1.012
463.881,1.015
463.911,1.014
463.941,1.015
463.971,1.015
464.001,1.019
464.031,1.013
464.061,1.009
464.091,1.016
464.121,1.015
464.151,1.014
464.181,1.015
464.211,1.011
464.241,1.016
464.271,1.011
464.301,1.017
464.331,1.020
464.361,1.012
464.391,1.010
464.421,1.015
464.451,1.013
464.481,1.013
464.511,1.012
464.541,1.015
464.571,1.015
464.601,1.013
464.631,1.012
464.661,1.016
464.691,1.011
464.721,1.012
464.751,1.013
464.781,1.016
464.811,1.017
464.841,1.012
464.871,1.015
464.901,1.019
464.931,1.018
464.961,1.009
464.991,1.016
465.021,1.021
465.051,1.012
465.081,1.013
465.111,1.013
465.141,1.012
465.171,1.013
465.201,1.011
465.231,1.013
465.261,1.019
465.291,1.014
465.321,1.008
465.351,1.016
465.381,1.017
465.411,1.017
465.441,1.017
465.471,1.012
465.501,1.009
465.531,1.012
465.561,1.012
465.591,1.014
465.621,1.014
465.651,1.014
465.681,1.011
465.711,1.011
465.741,1.013
465.771,1.018
465.801,1.017
465.831,1.015
465.861,1.012
465.891,1.010
465.921,1.012
465.951,1.015
465.981,1.016
466.011,1.012
466.041,1.015
466.071,1.014
466.101,1.014
466.131,1.015
466.161,1.015
466.191,1.014
466.221,1.016
466.251,1.019
466.281,1.015
466.311,1.015
466.341,1.014
466.371,1.010
466.401,1.013
466.431,1.014
466.461,1.012
466.491,1.010
466.521,1.016
466.551,1.009
466.581,1.021
466.611,1.019
466.641,1.013
466.671,1.012
466.701,1.012
466.731,1.010
466.761,1.012
466.791,1.015
466.821,1.015
466.851,1.017
466.881,1.013
466.911,1.010
466.941,1.012
466.971,1.012
467.001,1.016
467.031,1.014
467.061,1.016
467.091,1.026
467.121,1.014
467.151,1.003
467.181,1.007
467.211,1.007
467.241,1.016
467.271,1.017
467.301,1.016
467.331,1.011
467.361,1.020
467.391,1.018
467.421,1.013
467.451,1.013
467.481,1.014
467.511,1.009
467.541,1.008
467.571,1.016
467.601,1.014
467.631,1.019
467.661,1.016
467.691,1.011
467.721,1.014
467.751,1.014
467.781,1.019
467.811,1.018
467.841,1.015
467.871,1.013
467.901,1.018
467.931,1.016
467.961,1.015
467.991,1.015
468.021,1.009
468.051,1.009
468.081,1.013
468.111,1.018
468.141,1.019
468.171,1.009
468.201,1.007
468.231,1.013
468.261,1.014
468.291,1.015
468.321,1.021
468.351,1.011
468.381,1.009
468.411,1.012
468.441,1.007
468.471,1.007
468.501,1.007
468.531,1.006
468.561,1.010
468.591,1.015
468.621,1.019
468.651,1.014
468.681,1.010
468.711,1.012
468.741,1.011
468.771,1.013
468.801,1.007
468.831,1.017
468.861,1.015
468.891,1.009
468.921,1.008
468.951,1.010
468.981,1.010
469.011,1.012
469.041,1.019
469.071,1.011
469.101,1.013
469.131,1.014
469.161,1.007
469.191,1.011
469.221,1.014
469.251,1.015
469.281,1.016
469.311,1.017
469.341,1.014
469.371,1.015
469.401,1.015
469.431,1.013
469.461,1.014
469.491,1.012
469.521,1.015
469.551,1.008
469.581,1.017
469.611,1.013
469.641,1.009
469.671,1.013
469.701,1.016
469.731,1.017
469.761,1.014
469.791,1.015
469.821,1.013
469.851,1.012
469.881,1.011
469.911,1.015
469.941,1.016
469.971,1.014
470.001,1.014
470.031,1.016
470.061,1.016
470.091,1.012
470.121,1.010
470.151,1.012
470.181,1.014
470.211,1.011
470.241,1.012
470.271,1.005
470.301,1.012
470.331,1.017
470.361,1.009
470.391,1.017
470.421,1.015
470.451,1.011
470.481,1.010
470.511,1.011
470.541,1.010
470.571,1.013
470.601,1.014
470.631,1.014
470.661,1.010
470.691,1.006
470.721,1.013
470.751,1.014
470.781,1.010
470.811,1.011
470.841,1.014
470.871,1.015
470.901,1.018
470.931,1.012
470.961,1.010
470.991,1.011
471.021,1.015
471.051,1.010
471.081,1.015
471.111,1.019
471.141,1.017
471.171,1.015
471.201,1.013
471.231,1.017
471.261,1.011
471.291,1.011
471.321,1.016
471.351,1.017
471.381,1.016
471.411,1.011
471.441,1.013
471.471,1.011
471.501,1.015
471.531,1.014
471.561,1.012
471.591,1.014
471.621,1.014
471.651,1.017
471.681,1.020
471.711,1.014
471.741,1.014
471.771,1.014
471.801,1.014
471.831,1.014
471.861,1.014
471.891,1.006
471.921,1.014
471.951,1.014
471.981,1.008
472.011,1.015
472.041,1.012
472.071,1.010
472.101,1.012
472.131,1.011
472.161,1.012
472.191,1.017
472.221,1.014
472.251,1.010
472.281,1.017
472.311,1.015
472.341,1.013
472.371,1.011
472.401,1.012
472.431,1.011
472.461,1.010
472.491,1.012
472.521,1.015
472.551,1.014
472.581,1.013
472.611,1.014
472.641,1.012
472.671,1.011
472.701,1.006
472.731,1.012
472.761,1.018
472.791,1.013
472.821,1.013
472.851,1.012
472.881,1.011
472.911,1.015
472.941,1.009
472.971,1.012
473.001,1.012
473.031,1.014
473.061,1.010
473.091,1.013
473.121,1.014
473.151,1.007
473.181,1.015
473.211,1.011
473.241,1.015
473.271,1.014
473.301,1.013
473.331,1.014
473.361,1.012
473.391,1.014
473.421,1.013
473.451,1.013
473.481,1.014
473.511,1.010
473.541,1.010
473.571,1.013
473.601,1.011
473.631,1.013
473.661,1.014
473.691,1.013
473.721,1.014
473.751,1.014
473.781,1.014
473.811,1.019
473.841,1.011
473.871,1.011
473.901,1.019
473.931,1.009
473.961,1.011
473.991,1.012
474.021,1.013
474.051,1.014
474.081,1.014
474.111,1.014
474.141,1.012
474.171,1.010
474.201,1.011
474.231,1.016
474.261,1.014
474.291,1.017
474.321,1.014
474.351,1.009
474.381,1.015
474.411,1.017
474.441,1.012
474.471,1.010
474.501,1.015
474.531,1.014
474.561,1.016
474.591,1.019
474.621,1.014
474.651,1.014
474.681,1.014
474.711,1.010
474.741,1.013
474.771,1.013
474.801,1.013
474.831,1.015
474.861,1.016
474.891,1.014
474.921,1.010
474.951,1.015
474.981,1.015
475.011,1.015
475.041,1.009
475.071,1.010
475.101,1.011
475.131,1.005
475.161,1.016
475.191,1.014
475.221,1.018
475.251,1.016
475.281,1.017
475.311,1.009
475.341,1.015
475.371,1.007
475.401,1.010
475.431,1.015
475.461,1.016
475.491,1.012
475.521,1.012
475.551,1.012
475.581,1.018
475.611,1.016
475.641,1.013
475.671,1.010
475.701,1.013
475.731,1.015
475.761,1.009
475.791,1.010
475.821,1.020
475.851,1.016
475.881,1.011
475.911,1.018
475.941,1.011
475.971,1.016
476.001,1.013
476.031,1.010
476.061,1.005
476.091,1.017
476.121,1.021
476.151,1.016
476.181,1.011
476.211,1.009
476.241,1.011
476.271,1.014
476.301,1.013
476.331,1.016
476.361,1.014
476.391,1.013
476.421,1.012
476.451,1.013
476.481,1.012
476.511,1.016
476.541,1.011
476.571,1.011
476.601,1.009
476.631,1.017
476.661,1.015
476.691,1.019
476.721,1.012
476.751,1.013
476.781,1.012
476.811,1.013
476.841,1.017
476.871,1.014
476.901,1.012
476.931,1.005
476.961,1.012
476.991,1.014
477.021,1.010
477.051,1.014
477.081,1.012
477.111,1.011
477.141,1.017
477.171,1.017
477.201,1.013
477.231,1.014
477.261,1.007
477.291,1.011
477.321,1.014
477.351,1.011
477.381,1.019
477.411,1.017
477.441,1.008
477.471,1.013
477.501,1.014
477.531,1.009
477.561,1.013
477.591,1.012
477.621,1.012
477.651,1.008
477.681,1.016
477.711,1.009
477.741,1.008
477.771,1.013
477.801,1.012
477.831,1.011
477.861,1.008
477.891,1.014
477.921,1.014
477.951,1.016
477.981,1.010
478.011,1.009
478.041,1.015
478.071,1.013
478.101,1.015
478.131,1.016
478.161,1.013
478.191,1.012
478.221,1.018
478.251,1.020
478.281,1.018
478.311,1.007
478.341,1.004
478.371,1.012
478.401,1.007
478.431,1.009
478.461,1.017
478.491,1.005
478.521,1.017
478.551,1.016
478.581,1.013
478.611,1.013
478.641,1.017
478.671,1.010
478.701,1.014
478.731,1.015
478.761,1.015
478.791,1.010
478.821,1.017
478.851,1.014
478.881,1.016
478.911,1.012
478.941,1.004
478.971,1.012
479.001,1.014
479.031,1.015
479.061,1.012
479.091,1.012
479.121,1.014
479.151,1.012
479.181,1.014
479.211,1.021
479.241,1.008
479.271,1.011
479.301,1.016
479.331,1.008
479.361,1.006
479.391,1.011
479.421,1.010
479.451,1.016
479.481,1.017
479.511,1.016
479.541,1.010
479.571,1.009
479.601,1.010
479.631,1.021
479.661,1.016
479.691,1.012
479.721,1.009
479.751,1.015
479.781,1.016
479.811,1.010
479.841,1.012
479.871,1.012
479.901,1.016
479.931,1.019
479.961,1.016
479.991,1.004
480.021,1.005
480.051,1.016
480.081,1.011
480.111,0.997
480.141,1.011
480.171,1.016
480.201,1.012
480.231,1.021
480.261,1.030
480.291,1.017
480.321,0.998
480.351,1.009
480.381,1.012
480.411,1.024
480.441,1.021
480.471,1.026
480.501,1.019
480.531,1.012
480.561,1.012
480.591,1.016
480.621,1.028
480.651,1.032
480.681,1.039
480.711,1.028
480.741,1.007
480.771,1.002
480.801,1.014
480.831,1.003
480.861,1.009
480.891,1.009
480.921,1.021
480.951,0.983
480.981,1.021
481.011,1.056
481.041,1.046
481.071,1.017
481.101,1.014
481.131,1.005
481.161,1.003
481.191,1.000
481.221,1.006
481.251,1.018
481.281,1.025
481.311,1.022
481.341,1.006
481.371,1.011
481.401,1.009
481.431,1.012
481.461,1.013
481.491,1.016
481.521,1.008
481.551,1.006
481.581,1.014
481.611,1.014
481.641,1.023
481.671,1.015
481.701,1.005
481.731,1.010
481.761,1.023
481.791,1.012
481.821,1.012
481.851,1.013
481.881,1.018
481.911,1.012
481.941,1.018
481.971,1.019
482.001,1.011
482.031,1.009
482.061,1.018
482.091,1.013
482.121,1.012
482.151,1.017
482.181,1.015
482.211,1.016
482.241,1.016
482.271,1.012
482.301,1.016
482.331,1.006
482.361,1.014
482.391,1.014
482.421,1.007
482.451,1.025
482.481,1.022
482.511,1.014
482.541,1.014
482.571,1.011
482.601,1.018
482.631,1.018
482.661,1.016
482.691,1.009
482.721,1.011
482.751,1.011
482.781,1.013
482.811,1.007
482.841,1.014
482.871,1.012
482.901,1.016
482.931,1.016
482.961,1.018
482.991,1.010
483.021,1.020
483.051,1.009
483.081,1.005
483.111,1.016
483.141,1.008
483.171,1.006
483.201,1.015
483.231,1.015
483.261,1.008
483.291,1.016
483.321,1.016
483.351,1.011
483.381,1.011
483.411,1.015
483.441,1.010
483.471,1.016
483.501,1.010
483.531,1.017
483.561,1.008
483.591,1.014
483.621,1.014
483.651,1.015
483.681,1.017
483.711,1.010
483.741,1.011
483.771,1.017
483.801,1.015
483.831,1.012
483.861,1.019
483.891,1.024
483.921,1.030
483.951,1.049
483.981,1.009
484.011,1.023
484.041,1.027
484.071,1.008
484.101,0.996
484.131,0.993
484.161,0.993
484.191,1.019
484.221,0.999
484.251,0.994
484.281,0.999
484.311,0.986
484.341,0.997
484.371,0.992
484.401,0.983
484.431,1.003
484.461,1.015
484.491,1.012
484.521,1.010
484.551,0.997
484.581,1.016
484.611,1.014
484.641,1.024
484.671,1.023
484.701,1.017
484.731,1.014
484.761,1.019
484.791,1.016
484.821,1.012
484.851,1.014
484.881,1.015
484.911,1.009
484.941,1.013
484.971,1.021
485.001,1.021
485.031,1.011
485.061,1.015
485.091,1.011
485.121,1.009
485.151,1.017
485.181,1.012
485.211,1.016
485.241,1.011
485.271,1.002
485.301,1.002
485.331,0.985
485.361,0.997
485.391,1.018
485.421,1.046
485.451,1.049
485.481,1.062
485.511,1.069
485.541,1.057
485.571,1.021
485.601,0.995
485.631,0.989
485.661,0.989
485.691,0.981
485.721,0.986
485.751,0.993
485.781,1.017
485.811,1.024
485.841,1.022
485.871,1.016
485.901,1.010
485.931,1.014
485.961,1.010
485.991,1.001
486.021,1.004
486.051,1.010
486.081,0.997
486.111,1.009
486.141,1.002
486.171,1.002
486.201,1.016
486.231,1.007
486.261,0.998
486.291,1.003
486.321,0.997
486.351,1.003
486.381,0.992
486.411,0.987
486.441,0.997
486.471,0.995
486.501,1.004
486.531,0.997
486.561,1.000
486.591,1.000
486.621,1.003
486.651,0.987
486.681,1.004
486.711,1.003
486.741,1.010
486.771,1.009
486.801,1.004
486.831,1.007
486.861,1.001
486.891,0.986
486.921,0.983
486.951,0.998
486.981,1.015
487.011,1.000
487.041,1.000
487.071,1.002
487.101,1.001
487.131,0.986
487.161,0.993
487.191,1.009
487.221,1.006
487.251,1.012
487.281,0.981
487.311,1.014
487.341,1.010
487.371,1.011
487.401,1.007
487.431,0.982
487.461,0.992
487.491,0.975
487.521,0.980
487.551,0.991
487.581,0.995
487.611,1.005
487.641,1.005
487.671,1.015
487.701,1.021
487.731,1.009
487.761,1.012
487.791,1.011
487.821,1.002
487.851,0.997
487.881,0.980
487.911,0.977
487.941,0.994
487.971,0.994
488.001,1.003
488.031,0.992
488.061,0.988
488.091,0.988
488.121,0.980
488.151,0.996
488.181,1.001
488.211,0.996
488.241,1.004
488.271,1.001
488.301,1.003
488.331,1.012
488.361,1.005
488.391,0.992
488.421,0.997
488.451,1.006
488.481,1.006
488.511,1.001
488.541,1.013
488.571,0.996
488.601,1.002
488.631,0.988
488.661,1.008
488.691,0.998
488.721,1.003
488.751,1.000
488.781,0.997
488.811,1.013
488.841,1.005
488.871,1.016
488.901,1.002
488.931,1.010
488.961,1.011
488.991,0.989
489.021,1.010
489.051,1.002
489.081,1.006
489.111,1.001
489.141,1.010
489.171,0.999
489.201,1.015
489.231,1.017
489.261,1.007
489.291,0.993
489.321,1.022
489.351,1.024
489.381,1.018
489.411,0.998
489.441,1.034
489.471,0.993
489.501,1.011
489.531,0.999
489.561,1.014
489.591,1.016
489.621,1.010
489.651,0.993
489.681,1.013
489.711,0.993
489.741,0.987
489.771,0.974
489.801,0.991
489.831,1.005
489.861,1.021
489.891,1.003
489.921,0.996
489.951,1.001
489.981,1.011
490.011,0.993
490.041,0.897
490.071,0.970
490.101,1.013
490.131,0.979
490.161,1.009
490.191,0.989
490.221,0.994
490.251,0.986
490.281,0.987
490.311,1.023
490.341,0.990
490.371,0.971
490.401,0.986
490.431,1.006
490.461,1.000
490.491,1.001
490.521,0.997
490.551,0.987
490.581,0.987
490.611,0.972
490.641,0.994
490.671,0.984
490.701,0.983
490.731,1.010
490.761,1.030
490.791,1.024
490.821,0.995
490.851,0.966
490.881,1.004
490.911,1.016
490.941,1.010
490.971,1.013
491.001,1.009
491.031,0.987
491.061,0.980
491.091,0.989
491.121,1.000
491.151,1.021
491.181,1.015
491.211,0.993
491.241,1.017
491.271,1.023
491.301,0.999
491.331,0.995
491.361,1.012
491.391,1.019
491.421,1.007
491.451,1.005
491.481,1.010
491.511,1.017
491.541,1.001
491.571,0.999
491.601,1.002
491.631,0.994
491.661,1.008
491.691,1.015
491.721,1.011
491.751,1.005
491.781,1.013
491.811,1.010
491.841,1.023
491.871,1.038
491.901,1.030
491.931,1.002
491.961,0.996
491.991,0.994
492.021,0.986
492.051,0.989
492.081,0.987
492.111,1.006
492.141,1.004
492.171,1.000
492.201,0.996
492.231,0.991
492.261,0.989
492.291,0.991
492.321,0.992
492.351,0.989
492.381,0.990
492.411,0.997
492.441,0.995
492.471,0.988
492.501,1.000
492.531,1.000
492.561,0.993
492.591,1.007
492.621,0.987
492.651,0.987
492.681,0.989
492.711,0.999
492.741,1.001
492.771,0.999
492.801,0.988
492.831,1.004
492.861,1.004
492.891,1.006
492.921,1.008
492.951,0.997
492.981,0.982
493.011,1.000
