df_hash,22ZHK4.M833G2
device,HZ2X61
project_hash,29R7
project_name,istanbul_aydin_university
person_hash,29R7.3VJX
person_label,V59
date_time_start,2025-10-31_15-29-03.527000_+03
date_time_start_unix,1761910143.527
date_time_end,2025-10-31_15-37-19.121000_+03
length_difference_noticed,no

time,acc_mag
24.973,1.042
25.003,1.039
25.033,1.043
25.063,1.045
25.093,1.039
25.123,1.043
25.153,1.040
25.183,1.033
25.213,1.036
25.243,1.050
25.273,1.048
25.303,1.043
25.333,1.039
25.363,1.038
25.393,1.041
25.423,1.040
25.453,1.040
25.483,1.046
25.513,1.045
25.543,1.044
25.573,1.042
25.603,1.043
25.633,1.040
25.663,1.038
25.693,1.042
25.723,1.044
25.753,1.050
25.783,1.040
25.813,1.048
25.843,1.048
25.873,1.038
25.903,1.041
25.933,1.048
25.963,1.039
25.993,1.041
26.023,1.041
26.053,1.043
26.083,1.037
26.113,1.054
26.143,1.046
26.173,1.032
26.203,1.032
26.233,1.039
26.263,1.046
26.293,1.048
26.323,1.053
26.353,1.048
26.383,1.038
26.413,1.044
26.443,1.044
26.473,1.052
26.503,1.049
26.533,1.039
26.563,1.038
26.593,1.040
26.623,1.041
26.653,1.051
26.683,1.042
26.713,1.040
26.743,1.041
26.773,1.045
26.803,1.043
26.833,1.042
26.863,1.044
26.893,1.044
26.923,1.044
26.953,1.037
26.983,1.048
27.013,1.050
27.043,1.034
27.073,1.039
27.103,1.048
27.133,1.040
27.163,1.043
27.193,1.045
27.223,1.044
27.253,1.044
27.283,1.042
27.313,1.042
27.343,1.041
27.373,1.038
27.403,1.044
27.433,1.039
27.463,1.041
27.493,1.043
27.523,1.045
27.553,1.042
27.583,1.055
27.613,1.050
27.643,1.043
27.673,1.043
27.703,1.046
27.733,1.039
27.763,1.051
27.793,1.038
27.823,1.040
27.853,1.043
27.883,1.049
27.913,1.049
27.943,1.036
27.973,1.035
28.003,1.042
28.033,1.053
28.063,1.048
28.093,1.040
28.123,1.035
28.153,1.041
28.183,1.039
28.213,1.042
28.243,1.051
28.273,1.050
28.303,1.043
28.333,1.039
28.363,1.041
28.393,1.043
28.423,1.045
28.453,1.039
28.483,1.041
28.513,1.044
28.543,1.046
28.573,1.043
28.603,1.047
28.633,1.045
28.663,1.035
28.693,1.040
28.723,1.047
28.753,1.042
28.783,1.045
28.813,1.045
28.843,1.038
28.873,1.040
28.903,1.046
28.933,1.048
28.963,1.044
28.993,1.046
29.023,1.040
29.053,1.045
29.083,1.046
29.113,1.039
29.143,1.045
29.173,1.047
29.203,1.044
29.233,1.039
29.263,1.047
29.293,1.043
29.323,1.041
29.353,1.046
29.383,1.040
29.413,1.040
29.443,1.039
29.473,1.047
29.503,1.052
29.533,1.047
29.563,1.045
29.593,1.042
29.623,1.042
29.653,1.043
29.683,1.045
29.713,1.046
29.743,1.046
29.773,1.039
29.803,1.039
29.833,1.046
29.863,1.048
29.893,1.047
29.923,1.042
29.953,1.045
29.983,1.042
30.013,1.036
30.043,1.045
30.073,1.046
30.103,1.046
30.133,1.043
30.163,1.036
30.193,1.046
30.223,1.046
30.253,1.044
30.283,1.039
30.313,1.046
30.343,1.040
30.373,1.042
30.403,1.045
30.433,1.043
30.463,1.046
30.493,1.042
30.523,1.043
30.553,1.042
30.583,1.041
30.613,1.049
30.643,1.039
30.673,1.041
30.703,1.048
30.733,1.042
30.763,1.040
30.793,1.048
30.823,1.048
30.853,1.041
30.883,1.042
30.913,1.041
30.943,1.037
30.973,1.045
31.003,1.045
31.033,1.045
31.063,1.049
31.093,1.041
31.123,1.041
31.153,1.043
31.183,1.040
31.213,1.048
31.243,1.042
31.273,1.045
31.303,1.048
31.333,1.043
31.363,1.043
31.393,1.043
31.423,1.041
31.453,1.048
31.483,1.045
31.513,1.041
31.543,1.045
31.573,1.052
31.603,1.045
31.633,1.042
31.663,1.044
31.693,1.043
31.723,1.044
31.753,1.043
31.783,1.048
31.813,1.052
31.843,1.045
31.873,1.038
31.903,1.039
31.933,1.048
31.963,1.044
31.993,1.045
32.023,1.043
32.053,1.043
32.083,1.044
32.113,1.048
32.143,1.046
32.173,1.043
32.203,1.043
32.233,1.042
32.263,1.042
32.293,1.043
32.323,1.044
32.353,1.049
32.383,1.046
32.413,1.046
32.443,1.040
32.473,1.045
32.503,1.043
32.533,1.045
32.563,1.044
32.593,1.046
32.623,1.038
32.653,1.039
32.683,1.053
32.713,1.046
32.743,1.042
32.773,1.044
32.803,1.048
32.833,1.045
32.863,1.043
32.893,1.046
32.923,1.049
32.953,1.046
32.983,1.043
33.013,1.043
33.043,1.042
33.073,1.046
33.103,1.043
33.133,1.048
33.163,1.046
33.193,1.046
33.223,1.043
33.253,1.043
33.283,1.049
33.313,1.042
33.343,1.048
33.373,1.049
33.403,1.046
33.433,1.046
33.463,1.042
33.493,1.043
33.523,1.046
33.553,1.044
33.583,1.044
33.613,1.044
33.643,1.042
33.673,1.043
33.703,1.043
33.733,1.043
33.763,1.047
33.793,1.047
33.823,1.043
33.853,1.039
33.883,1.045
33.913,1.048
33.943,1.047
33.973,1.043
34.003,1.043
34.033,1.046
34.063,1.041
34.093,1.049
34.123,1.049
34.153,1.040
34.183,1.039
34.213,1.043
34.243,1.039
34.273,1.042
34.303,1.038
34.333,1.040
34.363,1.053
34.393,1.056
34.423,1.039
34.453,1.036
34.483,1.054
34.513,1.050
34.543,1.041
34.573,1.050
34.603,1.053
34.633,1.051
34.663,1.043
34.693,1.046
34.723,1.053
34.753,1.050
34.783,1.040
34.813,1.037
34.843,1.044
34.873,1.045
34.903,1.048
34.933,1.044
34.963,1.048
34.993,1.048
35.023,1.047
35.053,1.049
35.083,1.046
35.113,1.040
35.143,1.047
35.173,1.046
35.203,1.039
35.233,1.039
35.263,1.043
35.293,1.046
35.323,1.049
35.353,1.044
35.383,1.047
35.413,1.046
35.443,1.042
35.473,1.043
35.503,1.045
35.533,1.047
35.563,1.048
35.593,1.043
35.623,1.049
35.653,1.054
35.683,1.044
35.713,1.048
35.743,1.046
35.773,1.043
35.803,1.045
35.833,1.046
35.863,1.043
35.893,1.049
35.923,1.043
35.953,1.047
35.983,1.048
36.013,1.042
36.043,1.040
36.073,1.047
36.103,1.048
36.133,1.048
36.163,1.051
36.193,1.046
36.223,1.058
36.253,1.053
36.283,1.044
36.313,1.045
36.343,1.039
36.373,1.042
36.403,1.044
36.433,1.044
36.463,1.046
36.493,1.041
36.523,1.042
36.553,1.044
36.583,1.041
36.613,1.041
36.643,1.042
36.673,1.038
36.703,1.042
36.733,1.040
36.763,1.042
36.793,1.053
36.823,1.045
36.853,1.047
36.883,1.045
36.913,1.048
36.943,1.045
36.973,1.042
37.003,1.042
37.033,1.052
37.063,1.050
37.093,1.048
37.123,1.042
37.153,1.048
37.183,1.045
37.213,1.041
37.243,1.048
37.273,1.047
37.303,1.040
37.333,1.037
37.363,1.048
37.393,1.046
37.423,1.045
37.453,1.049
37.483,1.043
37.513,1.042
37.543,1.044
37.573,1.041
37.603,1.046
37.633,1.050
37.663,1.050
37.693,1.045
37.723,1.051
37.753,1.048
37.783,1.045
37.813,1.045
37.843,1.050
37.873,1.042
37.903,1.042
37.933,1.052
37.963,1.050
37.993,1.051
38.023,1.048
38.053,1.040
38.083,1.044
38.113,1.046
38.143,1.047
38.173,1.054
38.203,1.051
38.233,1.041
38.263,1.042
38.293,1.044
38.323,1.048
38.353,1.047
38.383,1.046
38.413,1.045
38.443,1.041
38.473,1.047
38.503,1.046
38.533,1.046
38.563,1.051
38.593,1.045
38.623,1.040
38.653,1.044
38.683,1.039
38.713,1.045
38.743,1.045
38.773,1.048
38.803,1.044
38.833,1.046
38.863,1.047
38.893,1.042
38.923,1.045
38.953,1.049
38.983,1.040
39.013,1.045
39.043,1.049
39.073,1.049
39.103,1.052
39.133,1.046
39.163,1.043
39.193,1.041
39.223,1.041
39.253,1.047
39.283,1.050
39.313,1.048
39.343,1.048
39.373,1.043
39.403,1.044
39.433,1.045
39.463,1.045
39.493,1.054
39.523,1.045
39.553,1.043
39.583,1.050
39.613,1.046
39.643,1.049
39.673,1.048
39.703,1.041
39.733,1.041
39.763,1.042
39.793,1.050
39.823,1.048
39.853,1.044
39.883,1.039
39.913,1.050
39.943,1.047
39.973,1.042
40.003,1.043
40.033,1.048
40.063,1.046
40.093,1.049
40.123,1.048
40.153,1.042
40.183,1.042
40.213,1.049
40.243,1.048
40.273,1.048
40.303,1.048
40.333,1.043
40.363,1.045
40.393,1.048
40.423,1.045
40.453,1.045
40.483,1.048
40.513,1.041
40.543,1.039
40.573,1.045
40.603,1.044
40.633,1.041
40.663,1.045
40.693,1.057
40.723,1.045
40.753,1.042
40.783,1.049
40.813,1.043
40.843,1.046
40.873,1.044
40.903,1.040
40.933,1.045
40.963,1.049
40.993,1.050
41.023,1.046
41.053,1.043
41.083,1.050
41.113,1.046
41.143,1.050
41.173,1.049
41.203,1.049
41.233,1.045
41.263,1.044
41.293,1.049
41.323,1.046
41.353,1.052
41.383,1.047
41.413,1.046
41.443,1.046
41.473,1.042
41.503,1.046
41.533,1.049
41.563,1.050
41.593,1.044
41.623,1.028
41.653,1.048
41.683,1.054
41.713,1.042
41.743,1.052
41.773,1.048
41.803,1.047
41.833,1.044
41.863,1.042
41.893,1.048
41.923,1.044
41.953,1.040
41.983,1.045
42.013,1.045
42.043,1.051
42.073,1.048
42.103,1.048
42.133,1.045
42.163,1.045
42.193,1.045
42.223,1.051
42.253,1.050
42.283,1.047
42.313,1.042
42.343,1.049
42.373,1.048
42.403,1.045
42.433,1.049
42.463,1.048
42.493,1.045
42.523,1.043
42.553,1.043
42.583,1.047
42.613,1.045
42.643,1.046
42.673,1.043
42.703,1.046
42.733,1.050
42.763,1.046
42.793,1.049
42.823,1.042
42.853,1.046
42.883,1.046
42.913,1.043
42.943,1.051
42.973,1.046
43.003,1.039
43.033,1.039
43.063,1.041
43.093,1.047
43.123,1.047
43.153,1.046
43.183,1.047
43.213,1.047
43.243,1.044
43.273,1.050
43.303,1.050
43.333,1.044
43.363,1.036
43.393,1.052
43.423,1.050
43.453,1.047
43.483,1.047
43.513,1.044
43.543,1.045
43.573,1.042
43.603,1.051
43.633,1.051
43.663,1.048
43.693,1.047
43.723,1.043
43.753,1.046
43.783,1.048
43.813,1.051
43.843,1.044
43.873,1.042
43.903,1.045
43.933,1.057
43.963,1.047
43.993,1.044
44.023,1.048
44.053,1.041
44.083,1.046
44.113,1.045
44.143,1.047
44.173,1.048
44.203,1.049
44.233,1.046
44.263,1.047
44.293,1.043
44.323,1.044
44.353,1.045
44.383,1.054
44.413,1.044
44.443,1.041
44.473,1.054
44.503,1.048
44.533,1.052
44.563,1.047
44.593,1.041
44.623,1.044
44.653,1.044
44.683,1.048
44.713,1.048
44.743,1.051
44.773,1.045
44.803,1.040
44.833,1.046
44.863,1.051
44.893,1.046
44.923,1.044
44.953,1.041
44.983,1.040
45.013,1.046
45.043,1.049
45.073,1.051
45.103,1.051
45.133,1.041
45.163,1.043
45.193,1.048
45.223,1.046
45.253,1.054
45.283,1.058
45.313,1.055
45.343,1.051
45.373,1.050
45.403,1.038
45.433,1.029
45.463,1.039
45.493,1.050
45.523,1.047
45.553,1.042
45.583,1.039
45.613,1.034
45.643,1.039
45.673,1.054
45.703,1.055
45.733,1.054
45.763,1.044
45.793,1.046
45.823,1.063
45.853,1.040
45.883,1.029
45.913,1.043
45.943,1.052
45.973,1.058
46.003,1.044
46.033,1.052
46.063,1.061
46.093,1.037
46.123,1.042
46.153,1.048
46.183,1.044
46.213,1.043
46.243,1.038
46.273,1.043
46.303,1.048
46.333,1.054
46.363,1.051
46.393,1.049
46.423,1.043
46.453,1.052
46.483,1.055
46.513,1.055
46.543,1.062
46.573,1.064
46.603,1.053
46.633,1.037
46.663,1.030
46.693,1.045
46.723,1.053
46.753,1.051
46.783,1.065
46.813,1.061
46.843,1.032
46.873,1.049
46.903,1.032
46.933,1.000
46.963,1.044
46.993,1.060
47.023,1.061
47.053,1.052
47.083,1.038
47.113,1.044
47.143,1.041
47.173,1.034
47.203,1.035
47.233,1.044
47.263,1.048
47.293,1.041
47.323,1.045
47.353,1.056
47.383,1.049
47.413,1.052
47.443,1.052
47.473,1.054
47.503,1.042
47.533,1.038
47.563,1.039
47.593,1.047
47.623,1.051
47.653,1.051
47.683,1.052
47.713,1.045
47.743,1.038
47.773,1.045
47.803,1.047
47.833,1.046
47.863,1.045
47.893,1.044
47.923,1.049
47.953,1.057
47.983,1.043
48.013,1.049
48.043,1.052
48.073,1.048
48.103,1.045
48.133,1.042
48.163,1.044
48.193,1.055
48.223,1.052
48.253,1.040
48.283,1.041
48.313,1.050
48.343,1.050
48.373,1.044
48.403,1.059
48.433,1.056
48.463,1.045
48.493,1.044
48.523,1.043
48.553,1.049
48.583,1.054
48.613,1.050
48.643,1.043
48.673,1.046
48.703,1.046
48.733,1.053
48.763,1.049
48.793,1.044
48.823,1.038
48.853,1.057
48.883,1.050
48.913,1.047
48.943,1.042
48.973,1.042
49.003,1.044
49.033,1.042
49.063,1.038
49.093,1.046
49.123,1.045
49.153,1.042
49.183,1.051
49.213,1.049
49.243,1.046
49.273,1.051
49.303,1.059
49.333,1.043
49.363,1.038
49.393,1.053
49.423,1.044
49.453,1.038
49.483,1.050
49.513,1.050
49.543,1.048
49.573,1.050
49.603,1.051
49.633,1.047
49.663,1.045
49.693,1.047
49.723,1.048
49.753,1.048
49.783,1.050
49.813,1.053
49.843,1.048
49.873,1.048
49.903,1.059
49.933,1.053
49.963,1.046
49.993,1.052
50.023,1.051
50.053,1.047
50.083,1.046
50.113,1.046
50.143,1.054
50.173,1.050
50.203,1.046
50.233,1.049
50.263,1.045
50.293,1.049
50.323,1.053
50.353,1.050
50.383,1.050
50.413,1.040
50.443,1.045
50.473,1.046
50.503,1.055
50.533,1.063
50.563,1.055
50.593,1.042
50.623,1.033
50.653,1.038
50.683,1.040
50.713,1.052
50.743,1.049
50.773,1.044
50.803,1.049
50.833,1.048
50.863,1.047
50.893,1.044
50.923,1.047
50.953,1.046
50.983,1.053
51.013,1.043
51.043,1.044
51.073,1.052
51.103,1.046
51.133,1.045
51.163,1.043
51.193,1.043
51.223,1.049
51.253,1.049
51.283,1.052
51.313,1.047
51.343,1.045
51.373,1.046
51.403,1.043
51.433,1.047
51.463,1.053
51.493,1.043
51.523,1.050
51.553,1.049
51.583,1.044
51.613,1.050
51.643,1.050
51.673,1.043
51.703,1.045
51.733,1.043
51.763,1.053
51.793,1.053
51.823,1.047
51.853,1.044
51.883,1.048
51.913,1.045
51.943,1.051
51.973,1.048
52.003,1.052
52.033,1.049
52.063,1.050
52.093,1.050
52.123,1.049
52.153,1.048
52.183,1.047
52.213,1.044
52.243,1.046
52.273,1.051
52.303,1.045
52.333,1.050
52.363,1.049
52.393,1.044
52.423,1.044
52.453,1.047
52.483,1.048
52.513,1.045
52.543,1.053
52.573,1.049
52.603,1.045
52.633,1.054
52.663,1.048
52.693,1.042
52.723,1.049
52.753,1.051
52.783,1.047
52.813,1.045
52.843,1.048
52.873,1.050
52.903,1.049
52.933,1.047
52.963,1.045
52.993,1.049
53.023,1.046
53.053,1.046
53.083,1.049
53.113,1.052
53.143,1.045
53.173,1.050
53.203,1.049
53.233,1.045
53.263,1.050
53.293,1.049
53.323,1.042
53.353,1.049
53.383,1.046
53.413,1.052
53.443,1.047
53.473,1.049
53.503,1.042
53.533,1.044
53.563,1.047
53.593,1.051
53.623,1.050
53.653,1.049
53.683,1.053
53.713,1.043
53.743,1.053
53.773,1.052
53.803,1.048
53.833,1.051
53.863,1.047
53.893,1.046
53.923,1.046
53.953,1.046
53.983,1.050
54.013,1.049
54.043,1.048
54.073,1.047
54.103,1.047
54.133,1.046
54.163,1.044
54.193,1.052
54.223,1.051
54.253,1.044
54.283,1.044
54.313,1.055
54.343,1.049
54.373,1.048
54.403,1.048
54.433,1.045
54.463,1.048
54.493,1.050
54.523,1.047
54.553,1.053
54.583,1.052
54.613,1.043
54.643,1.049
54.673,1.049
54.703,1.050
54.733,1.052
54.763,1.049
54.793,1.054
54.823,1.046
54.853,1.050
54.883,1.053
54.913,1.047
54.943,1.050
54.973,1.050
55.003,1.045
55.033,1.051
55.063,1.044
55.093,1.045
55.123,1.048
55.153,1.051
55.183,1.047
55.213,1.045
55.243,1.050
55.273,1.051
55.303,1.054
55.333,1.048
55.363,1.049
55.393,1.043
55.423,1.050
55.453,1.052
55.483,1.048
55.513,1.047
55.543,1.044
55.573,1.046
55.603,1.047
55.633,1.047
55.663,1.051
55.693,1.051
55.723,1.045
55.753,1.048
55.783,1.050
55.813,1.047
55.843,1.044
55.873,1.051
55.903,1.053
55.933,1.047
55.963,1.047
55.993,1.056
56.023,1.047
56.053,1.048
56.083,1.054
56.113,1.042
56.143,1.043
56.173,1.051
56.203,1.051
56.233,1.050
56.263,1.049
56.293,1.048
56.323,1.047
56.353,1.046
56.383,1.044
56.413,1.051
56.443,1.051
56.473,1.055
56.503,1.042
56.533,1.048
56.563,1.048
56.593,1.048
56.623,1.051
56.653,1.048
56.683,1.047
56.713,1.045
56.743,1.044
56.773,1.051
56.803,1.049
56.833,1.051
56.863,1.049
56.893,1.047
56.923,1.052
56.953,1.049
56.983,1.051
57.013,1.048
57.043,1.048
57.073,1.046
57.103,1.053
57.133,1.048
57.163,1.050
57.193,1.053
57.223,1.047
57.253,1.044
57.283,1.047
57.313,1.051
57.343,1.048
57.373,1.047
57.403,1.046
57.433,1.047
57.463,1.051
57.493,1.051
57.523,1.050
57.553,1.053
57.583,1.047
57.613,1.038
57.643,1.051
57.673,1.048
57.703,1.049
57.733,1.052
57.763,1.046
57.793,1.047
57.823,1.050
57.853,1.052
57.883,1.055
57.913,1.043
57.943,1.044
57.973,1.046
58.003,1.050
58.033,1.044
58.063,1.050
58.093,1.053
58.123,1.049
58.153,1.042
58.183,1.054
58.213,1.049
58.243,1.046
58.273,1.051
58.303,1.052
58.333,1.044
58.363,1.044
58.393,1.045
58.423,1.053
58.453,1.052
58.483,1.050
58.513,1.046
58.543,1.048
58.573,1.049
58.603,1.048
58.633,1.051
58.663,1.052
58.693,1.045
58.723,1.044
58.753,1.050
58.783,1.049
58.813,1.049
58.843,1.051
58.873,1.047
58.903,1.047
58.933,1.050
58.963,1.049
58.993,1.047
59.023,1.047
59.053,1.048
59.083,1.045
59.113,1.048
59.143,1.049
59.173,1.047
59.203,1.049
59.233,1.051
59.263,1.047
59.293,1.045
59.323,1.057
59.353,1.049
59.383,1.044
59.413,1.053
59.443,1.045
59.473,1.048
59.503,1.051
59.533,1.050
59.563,1.051
59.593,1.046
59.623,1.051
59.653,1.047
59.683,1.048
59.713,1.045
59.743,1.048
59.773,1.050
59.803,1.044
59.833,1.046
59.863,1.042
59.893,1.053
59.923,1.054
59.953,1.048
59.983,1.047
60.013,1.043
60.043,1.045
60.073,1.049
60.103,1.048
60.133,1.053
60.163,1.051
60.193,1.045
60.223,1.045
60.253,1.047
60.283,1.045
60.313,1.048
60.343,1.051
60.373,1.054
60.403,1.041
60.433,1.043
60.463,1.057
60.493,1.048
60.523,1.047
60.553,1.050
60.583,1.044
60.613,1.049
60.643,1.046
60.673,1.044
60.703,1.052
60.733,1.051
60.763,1.048
60.793,1.045
60.823,1.051
60.853,1.045
60.883,1.054
60.913,1.054
60.943,1.049
60.973,1.040
61.003,1.052
61.033,1.053
61.063,1.054
61.093,1.055
61.123,1.046
61.153,1.045
61.183,1.044
61.213,1.043
61.243,1.053
61.273,1.050
61.303,1.052
61.333,1.048
61.363,1.050
61.393,1.049
61.423,1.053
61.453,1.053
61.483,1.044
61.513,1.050
61.543,1.043
61.573,1.054
61.603,1.054
61.633,1.047
61.663,1.048
61.693,1.045
61.723,1.042
61.753,1.049
61.783,1.049
61.813,1.055
61.843,1.052
61.873,1.049
61.903,1.044
61.933,1.043
61.963,1.047
61.993,1.044
62.023,1.049
62.053,1.054
62.083,1.047
62.113,1.042
62.143,1.047
62.173,1.042
62.203,1.055
62.233,1.050
62.263,1.049
62.293,1.049
62.323,1.049
62.353,1.050
62.383,1.054
62.413,1.052
62.443,1.045
62.473,1.050
62.503,1.050
62.533,1.045
62.563,1.053
62.593,1.047
62.623,1.044
62.653,1.044
62.683,1.056
62.713,1.058
62.743,1.051
62.773,1.053
62.803,1.047
62.833,1.042
62.863,1.038
62.893,1.054
62.923,1.062
62.953,1.051
62.983,1.049
63.013,1.042
63.043,1.046
63.073,1.054
63.103,1.053
63.133,1.047
63.163,1.048
63.193,1.041
63.223,1.049
63.253,1.056
63.283,1.045
63.313,1.048
63.343,1.055
63.373,1.053
63.403,1.050
63.433,1.046
63.463,1.053
63.493,1.052
63.523,1.047
63.553,1.045
63.583,1.050
63.613,1.050
63.643,1.047
63.673,1.056
63.703,1.050
63.733,1.042
63.763,1.054
63.793,1.050
63.823,1.052
63.853,1.050
63.883,1.050
63.913,1.048
63.943,1.046
63.973,1.046
64.003,1.053
64.033,1.054
64.063,1.056
64.093,1.058
64.123,1.046
64.153,1.050
64.183,1.060
64.213,1.060
64.243,1.061
64.273,1.057
64.303,1.052
64.333,1.043
64.363,1.040
64.393,1.049
64.423,1.047
64.453,1.041
64.483,1.042
64.513,1.043
64.543,1.048
64.573,1.047
64.603,1.050
64.633,1.052
64.663,1.053
64.693,1.058
64.723,1.050
64.753,1.025
64.783,1.034
64.813,1.044
64.843,1.066
64.873,1.059
64.903,1.023
64.933,1.055
64.963,1.041
64.993,1.036
65.023,1.044
65.053,1.057
65.083,1.056
65.113,1.050
65.143,1.052
65.173,1.070
65.203,1.052
65.233,1.035
65.263,1.044
65.293,1.041
65.323,1.040
65.353,1.059
65.383,1.060
65.413,1.050
65.443,1.049
65.473,1.057
65.503,1.046
65.533,1.038
65.563,1.043
65.593,1.050
65.623,1.049
65.653,1.053
65.683,1.058
65.713,1.058
65.743,1.046
65.773,1.043
65.803,1.046
65.833,1.047
65.863,1.054
65.893,1.049
65.923,1.053
65.953,1.055
65.983,1.051
66.013,1.046
66.043,1.045
66.073,1.046
66.103,1.062
66.133,1.052
66.163,1.044
66.193,1.050
66.223,1.050
66.253,1.048
66.283,1.046
66.313,1.054
66.343,1.049
66.373,1.040
66.403,1.051
66.433,1.032
66.463,1.063
66.493,1.063
66.523,1.042
66.553,1.045
66.583,1.051
66.613,1.049
66.643,1.044
66.673,1.052
66.703,1.064
66.733,1.052
66.763,1.050
66.793,1.050
66.823,1.054
66.853,1.051
66.883,1.046
66.913,1.046
66.943,1.059
66.973,1.050
67.003,1.045
67.033,1.048
67.063,1.044
67.093,1.044
67.123,1.047
67.153,1.052
67.183,1.056
67.213,1.040
67.243,1.042
67.273,1.040
67.303,1.043
67.333,1.050
67.363,1.048
67.393,1.049
67.423,1.054
67.453,1.048
67.483,1.052
67.513,1.049
67.543,1.049
67.573,1.054
67.603,1.054
67.633,1.048
67.663,1.049
67.693,1.051
67.723,1.053
67.753,1.053
67.783,1.050
67.813,1.050
67.843,1.056
67.873,1.051
67.903,1.054
67.933,1.060
67.963,1.046
67.993,1.044
68.023,1.053
68.053,1.052
68.083,1.053
68.113,1.052
68.143,1.047
68.173,1.046
68.203,1.052
68.233,1.053
68.263,1.057
68.293,1.058
68.323,1.050
68.353,1.048
68.383,1.054
68.413,1.053
68.443,1.053
68.473,1.059
68.503,1.047
68.533,1.047
68.563,1.058
68.593,1.057
68.623,1.051
68.653,1.051
68.683,1.048
68.713,1.048
68.743,1.052
68.773,1.051
68.803,1.056
68.833,1.053
68.863,1.053
68.893,1.047
68.923,1.049
68.953,1.057
68.983,1.055
69.013,1.050
69.043,1.055
69.073,1.046
69.103,1.050
69.133,1.056
69.163,1.050
69.193,1.056
69.223,1.057
69.253,1.049
69.283,1.052
69.313,1.045
69.343,1.050
69.373,1.053
69.403,1.052
69.433,1.053
69.463,1.051
69.493,1.051
69.523,1.049
69.553,1.049
69.583,1.056
69.613,1.052
69.643,1.039
69.673,1.052
69.703,1.054
69.733,1.053
69.763,1.059
69.793,1.054
69.823,1.045
69.853,1.048
69.883,1.052
69.913,1.054
69.943,1.053
69.973,1.057
70.003,1.052
70.033,1.054
70.063,1.047
70.093,1.052
70.123,1.054
70.153,1.057
70.183,1.056
70.213,1.049
70.243,1.053
70.273,1.055
70.303,1.053
70.333,1.055
70.363,1.050
70.393,1.047
70.423,1.053
70.453,1.053
70.483,1.053
70.513,1.051
70.543,1.052
70.573,1.054
70.603,1.048
70.633,1.052
70.663,1.058
70.693,1.050
70.723,1.054
70.753,1.052
70.783,1.044
70.813,1.051
70.843,1.051
70.873,1.052
70.903,1.054
70.933,1.052
70.963,1.050
70.993,1.053
71.023,1.051
71.053,1.052
71.083,1.051
71.113,1.052
71.143,1.054
71.173,1.052
71.203,1.054
71.233,1.059
71.263,1.053
71.293,1.051
71.323,1.052
71.353,1.047
71.383,1.056
71.413,1.055
71.443,1.051
71.473,1.058
71.503,1.051
71.533,1.051
71.563,1.052
71.593,1.050
71.623,1.054
71.653,1.051
71.683,1.049
71.713,1.056
71.743,1.054
71.773,1.055
71.803,1.050
71.833,1.051
71.863,1.048
71.893,1.047
71.923,1.050
71.953,1.057
71.983,1.053
72.013,1.048
72.043,1.055
72.073,1.053
72.103,1.048
72.133,1.048
72.163,1.053
72.193,1.054
72.223,1.055
72.253,1.053
72.283,1.050
72.313,1.050
72.343,1.051
72.373,1.054
72.403,1.053
72.433,1.053
72.463,1.052
72.493,1.047
72.523,1.059
72.553,1.054
72.583,1.050
72.613,1.056
72.643,1.054
72.673,1.052
72.703,1.054
72.733,1.055
72.763,1.055
72.793,1.050
72.823,1.053
72.853,1.049
72.883,1.050
72.913,1.056
72.943,1.055
72.973,1.055
73.003,1.052
73.033,1.050
73.063,1.045
73.093,1.053
73.123,1.053
73.153,1.054
73.183,1.061
73.213,1.047
73.243,1.051
73.273,1.054
73.303,1.058
73.333,1.055
73.363,1.049
73.393,1.048
73.423,1.050
73.453,1.053
73.483,1.054
73.513,1.052
73.543,1.049
73.573,1.057
73.603,1.059
73.633,1.049
73.663,1.054
73.693,1.053
73.723,1.052
73.753,1.056
73.783,1.054
73.813,1.049
73.843,1.048
73.873,1.049
73.903,1.056
73.933,1.057
73.963,1.052
73.993,1.051
74.023,1.052
74.053,1.049
74.083,1.046
74.113,1.060
74.143,1.062
74.173,1.052
74.203,1.048
74.233,1.056
74.263,1.050
74.293,1.051
74.323,1.054
74.353,1.050
74.383,1.055
74.413,1.061
74.443,1.054
74.473,1.062
74.503,1.051
74.533,1.040
74.563,1.054
74.593,1.051
74.623,1.048
74.653,1.051
74.683,1.050
74.713,1.056
74.743,1.047
74.773,1.054
74.803,1.054
74.833,1.043
74.863,1.058
74.893,1.052
74.923,1.050
74.953,1.055
74.983,1.056
75.013,1.059
75.043,1.058
75.073,1.050
75.103,1.050
75.133,1.049
75.163,1.057
75.193,1.055
75.223,1.050
75.253,1.053
75.283,1.049
75.313,1.054
75.343,1.061
75.373,1.052
75.403,1.052
75.433,1.054
75.463,1.055
75.493,1.050
75.523,1.044
75.553,1.051
75.583,1.055
75.613,1.056
75.643,1.053
75.673,1.053
75.703,1.053
75.733,1.045
75.763,1.054
75.793,1.058
75.823,1.055
75.853,1.048
75.883,1.059
75.913,1.050
75.943,1.052
75.973,1.054
76.003,1.057
76.033,1.048
76.063,1.050
76.093,1.049
76.123,1.059
76.153,1.057
76.183,1.052
76.213,1.054
76.243,1.054
76.273,1.054
76.303,1.052
76.333,1.050
76.363,1.048
76.393,1.050
76.423,1.062
76.453,1.056
76.483,1.048
76.513,1.054
76.543,1.055
76.573,1.052
76.603,1.053
76.633,1.055
76.663,1.054
76.693,1.054
76.723,1.055
76.753,1.055
76.783,1.050
76.813,1.050
76.843,1.050
76.873,1.053
76.903,1.051
76.933,1.047
76.963,1.059
76.993,1.056
77.023,1.048
77.053,1.055
77.083,1.053
77.113,1.052
77.143,1.054
77.173,1.046
77.203,1.053
77.233,1.054
77.263,1.056
77.293,1.053
77.323,1.051
77.353,1.050
77.383,1.053
77.413,1.054
77.443,1.057
77.473,1.050
77.503,1.050
77.533,1.050
77.563,1.051
77.593,1.056
77.623,1.056
77.653,1.056
77.683,1.054
77.713,1.052
77.743,1.057
77.773,1.056
77.803,1.056
77.833,1.056
77.863,1.047
77.893,1.049
77.923,1.055
77.953,1.053
77.983,1.053
78.013,1.059
78.043,1.051
78.073,1.052
78.103,1.055
78.133,1.051
78.163,1.056
78.193,1.058
78.223,1.051
78.253,1.048
78.283,1.054
78.313,1.056
78.343,1.056
78.373,1.054
78.403,1.051
78.433,1.053
78.463,1.049
78.493,1.054
78.523,1.057
78.553,1.051
78.583,1.050
78.613,1.051
78.643,1.056
78.673,1.062
78.703,1.055
78.733,1.061
78.763,1.052
78.793,1.050
78.823,1.050
78.853,1.055
78.883,1.053
78.913,1.054
78.943,1.052
78.973,1.056
79.003,1.050
79.033,1.047
79.063,1.054
79.093,1.054
79.123,1.057
79.153,1.061
79.183,1.054
79.213,1.051
79.243,1.059
79.273,1.051
79.303,1.053
79.333,1.052
79.363,1.052
79.393,1.050
79.423,1.053
79.453,1.054
79.483,1.056
79.513,1.058
79.543,1.051
79.573,1.050
79.603,1.051
79.633,1.058
79.663,1.053
79.693,1.051
79.723,1.053
79.753,1.044
79.783,1.061
79.813,1.060
79.843,1.050
79.873,1.054
79.903,1.050
79.933,1.051
79.963,1.055
79.993,1.048
80.023,1.054
80.053,1.055
80.083,1.051
80.113,1.050
80.143,1.055
80.173,1.055
80.203,1.054
80.233,1.057
80.263,1.057
80.293,1.048
80.323,1.051
80.353,1.059
80.383,1.049
80.413,1.052
80.443,1.057
80.473,1.053
80.503,1.053
80.533,1.049
80.563,1.055
80.593,1.057
80.623,1.055
80.653,1.054
80.683,1.054
80.713,1.053
80.743,1.053
80.773,1.054
80.803,1.057
80.833,1.052
80.863,1.052
80.893,1.055
80.923,1.052
80.953,1.056
80.983,1.058
81.013,1.051
81.043,1.050
81.073,1.053
81.103,1.055
81.133,1.058
81.163,1.055
81.193,1.051
81.223,1.051
81.253,1.058
81.283,1.051
81.313,1.058
81.343,1.057
81.373,1.055
81.403,1.050
81.433,1.052
81.463,1.057
81.493,1.054
81.523,1.058
81.553,1.054
81.583,1.054
81.613,1.053
81.643,1.047
81.673,1.044
81.703,1.064
81.733,1.054
81.763,1.052
81.793,1.050
81.823,1.055
81.853,1.052
81.883,1.048
81.913,1.057
81.943,1.057
81.973,1.050
82.003,1.057
82.033,1.056
82.063,1.047
82.093,1.056
82.123,1.058
82.153,1.050
82.183,1.053
82.213,1.051
82.243,1.054
82.273,1.063
82.303,1.064
82.333,1.052
82.363,1.050
82.393,1.052
82.423,1.046
82.453,1.057
82.483,1.059
82.513,1.052
82.543,1.054
82.573,1.058
82.603,1.057
82.633,1.053
82.663,1.059
82.693,1.051
82.723,1.050
82.753,1.055
82.783,1.059
82.813,1.057
82.843,1.049
82.873,1.055
82.903,1.059
82.933,1.054
82.963,1.058
82.993,1.057
83.023,1.056
83.053,1.049
83.083,1.053
83.113,1.059
83.143,1.058
83.173,1.061
83.203,1.055
83.233,1.047
83.263,1.053
83.293,1.055
83.323,1.055
83.353,1.060
83.383,1.057
83.413,1.053
83.443,1.049
83.473,1.053
83.503,1.051
83.533,1.054
83.563,1.058
83.593,1.050
83.623,1.059
83.653,1.061
83.683,1.049
83.713,1.058
83.743,1.053
83.773,1.047
83.803,1.052
83.833,1.055
83.863,1.060
83.893,1.058
83.923,1.054
83.953,1.055
83.983,1.052
84.013,1.055
84.043,1.058
84.073,1.055
84.103,1.056
84.133,1.049
84.163,1.055
84.193,1.054
84.223,1.052
84.253,1.057
84.283,1.058
84.313,1.059
84.343,1.045
84.373,1.050
84.403,1.057
84.433,1.053
84.463,1.058
84.493,1.060
84.523,1.055
84.553,1.053
84.583,1.054
84.613,1.054
84.643,1.051
84.673,1.057
84.703,1.061
84.733,1.057
84.763,1.056
84.793,1.053
84.823,1.052
84.853,1.052
84.883,1.053
84.913,1.056
84.943,1.051
84.973,1.054
85.003,1.058
85.033,1.055
85.063,1.053
85.093,1.051
85.123,1.052
85.153,1.054
85.183,1.055
85.213,1.060
85.243,1.052
85.273,1.052
85.303,1.056
85.333,1.050
85.363,1.052
85.393,1.049
85.423,1.056
85.453,1.058
85.483,1.054
85.513,1.052
85.543,1.054
85.573,1.054
85.603,1.053
85.633,1.056
85.663,1.056
85.693,1.050
85.723,1.054
85.753,1.060
85.783,1.057
85.813,1.059
85.843,1.052
85.873,1.049
85.903,1.050
85.933,1.050
85.963,1.057
85.993,1.053
86.023,1.054
86.053,1.053
86.083,1.056
86.113,1.055
86.143,1.051
86.173,1.054
86.203,1.056
86.233,1.051
86.263,1.051
86.293,1.062
86.323,1.056
86.353,1.056
86.383,1.056
86.413,1.052
86.443,1.053
86.473,1.051
86.503,1.054
86.533,1.051
86.563,1.054
86.593,1.057
86.623,1.053
86.653,1.054
86.683,1.055
86.713,1.054
86.743,1.057
86.773,1.057
86.803,1.053
86.833,1.047
86.863,1.051
86.893,1.059
86.923,1.056
86.953,1.062
86.983,1.054
87.013,1.048
87.043,1.052
87.073,1.054
87.103,1.053
87.133,1.057
87.163,1.054
87.193,1.051
87.223,1.053
87.253,1.054
87.283,1.058
87.313,1.060
87.343,1.055
87.373,1.054
87.403,1.053
87.433,1.044
87.463,1.052
87.493,1.067
87.523,1.056
87.553,1.060
87.583,1.055
87.613,1.050
87.643,1.053
87.673,1.055
87.703,1.056
87.733,1.056
87.763,1.052
87.793,1.048
87.823,1.050
87.853,1.050
87.883,1.054
87.913,1.054
87.943,1.055
87.973,1.054
88.003,1.053
88.033,1.049
88.063,1.058
88.093,1.056
88.123,1.052
88.153,1.054
88.183,1.054
88.213,1.049
88.243,1.056
88.273,1.050
88.303,1.052
88.333,1.057
88.363,1.056
88.393,1.056
88.423,1.054
88.453,1.054
88.483,1.054
88.513,1.050
88.543,1.054
88.573,1.048
88.603,1.055
88.633,1.062
88.663,1.055
88.693,1.050
88.723,1.056
88.753,1.055
88.783,1.057
88.813,1.056
88.843,1.056
88.873,1.062
88.903,1.055
88.933,1.052
88.963,1.052
88.993,1.052
89.023,1.059
89.053,1.058
89.083,1.055
89.113,1.053
89.143,1.046
89.173,1.053
89.203,1.062
89.233,1.061
89.263,1.056
89.293,1.054
89.323,1.052
89.353,1.056
89.383,1.055
89.413,1.054
89.443,1.052
89.473,1.057
89.503,1.054
89.533,1.049
89.563,1.055
89.593,1.054
89.623,1.053
89.653,1.058
89.683,1.058
89.713,1.048
89.743,1.051
89.773,1.060
89.803,1.053
89.833,1.052
89.863,1.056
89.893,1.053
89.923,1.056
89.953,1.057
89.983,1.055
90.013,1.054
90.043,1.056
90.073,1.053
90.103,1.053
90.133,1.055
90.163,1.054
90.193,1.055
90.223,1.055
90.253,1.055
90.283,1.051
90.313,1.050
90.343,1.054
90.373,1.059
90.403,1.061
90.433,1.060
90.463,1.048
90.493,1.050
90.523,1.056
90.553,1.047
90.583,1.058
90.613,1.056
90.643,1.051
90.673,1.053
90.703,1.050
90.733,1.053
90.763,1.056
90.793,1.051
90.823,1.052
90.853,1.063
90.883,1.061
90.913,1.044
90.943,1.050
90.973,1.051
91.003,1.054
91.033,1.057
91.063,1.050
91.093,1.058
91.123,1.055
91.153,1.052
91.183,1.054
91.213,1.054
91.243,1.055
91.273,1.053
91.303,1.054
91.333,1.057
91.363,1.053
91.393,1.053
91.423,1.055
91.453,1.050
91.483,1.049
91.513,1.062
91.543,1.055
91.573,1.056
91.603,1.054
91.633,1.053
91.663,1.056
91.693,1.052
91.723,1.059
91.753,1.060
91.783,1.054
91.813,1.055
91.843,1.055
91.873,1.051
91.903,1.056
91.933,1.056
91.963,1.056
91.993,1.057
92.023,1.050
92.053,1.049
92.083,1.059
92.113,1.055
92.143,1.058
92.173,1.055
92.203,1.050
92.233,1.050
92.263,1.054
92.293,1.056
92.323,1.059
92.353,1.055
92.383,1.053
92.413,1.059
92.443,1.055
92.473,1.053
92.503,1.056
92.533,1.053
92.563,1.053
92.593,1.053
92.623,1.059
92.653,1.057
92.683,1.056
92.713,1.059
92.743,1.053
92.773,1.052
92.803,1.052
92.833,1.051
92.863,1.056
92.893,1.055
92.923,1.055
92.953,1.053
92.983,1.051
93.013,1.055
93.043,1.058
93.073,1.055
93.103,1.057
93.133,1.053
93.163,1.048
93.193,1.056
93.223,1.059
93.253,1.056
93.283,1.055
93.313,1.052
93.343,1.052
93.373,1.056
93.403,1.055
93.433,1.053
93.463,1.054
93.493,1.053
93.523,1.054
93.553,1.052
93.583,1.052
93.613,1.062
93.643,1.057
93.673,1.057
93.703,1.049
93.733,1.057
93.763,1.056
93.793,1.055
93.823,1.058
93.853,1.052
93.883,1.049
93.913,1.055
93.943,1.051
93.973,1.057
94.003,1.059
94.033,1.058
94.063,1.052
94.093,1.053
94.123,1.052
94.153,1.051
94.183,1.057
94.213,1.054
94.243,1.054
94.273,1.048
94.303,1.060
94.333,1.059
94.363,1.055
94.393,1.056
94.423,1.049
94.453,1.051
94.483,1.056
94.513,1.052
94.543,1.058
94.573,1.053
94.603,1.054
94.633,1.049
94.663,1.056
94.693,1.055
94.723,1.052
94.753,1.056
94.783,1.056
94.813,1.050
94.843,1.050
94.873,1.060
94.903,1.053
94.933,1.056
94.963,1.058
94.993,1.053
95.023,1.054
95.053,1.055
95.083,1.051
95.113,1.057
95.143,1.056
95.173,1.052
95.203,1.050
95.233,1.055
95.263,1.057
95.293,1.054
95.323,1.055
95.353,1.060
95.383,1.054
95.413,1.051
95.443,1.060
95.473,1.051
95.503,1.056
95.533,1.055
95.563,1.055
95.593,1.055
95.623,1.053
95.653,1.057
95.683,1.057
95.713,1.055
95.743,1.055
95.773,1.051
95.803,1.053
95.833,1.055
95.863,1.058
95.893,1.055
95.923,1.057
95.953,1.047
95.983,1.058
96.013,1.055
96.043,1.055
96.073,1.060
96.103,1.054
96.133,1.047
96.163,1.052
96.193,1.049
96.223,1.057
96.253,1.058
96.283,1.053
96.313,1.054
96.343,1.054
96.373,1.056
96.403,1.054
96.433,1.052
96.463,1.056
96.493,1.053
96.523,1.053
96.553,1.057
96.583,1.054
96.613,1.052
96.643,1.061
96.673,1.055
96.703,1.056
96.733,1.052
96.763,1.055
96.793,1.057
96.823,1.056
96.853,1.051
96.883,1.052
96.913,1.054
96.943,1.054
96.973,1.058
97.003,1.058
97.033,1.048
97.063,1.056
97.093,1.053
97.123,1.056
97.153,1.054
97.183,1.053
97.213,1.062
97.243,1.054
97.273,1.050
97.303,1.051
97.333,1.053
97.363,1.059
97.393,1.060
97.423,1.056
97.453,1.055
97.483,1.051
97.513,1.054
97.543,1.056
97.573,1.057
97.603,1.056
97.633,1.062
97.663,1.050
97.693,1.054
97.723,1.059
97.753,1.052
97.783,1.055
97.813,1.053
97.843,1.051
97.873,1.056
97.903,1.053
97.933,1.055
97.963,1.056
97.993,1.059
98.023,1.054
98.053,1.053
98.083,1.057
98.113,1.060
98.143,1.055
98.173,1.054
98.203,1.058
98.233,1.052
98.263,1.052
98.293,1.065
98.323,1.058
98.353,1.054
98.383,1.059
98.413,1.052
98.443,1.051
98.473,1.055
98.503,1.055
98.533,1.059
98.563,1.055
98.593,1.053
98.623,1.054
98.653,1.059
98.683,1.056
98.713,1.051
98.743,1.053
98.773,1.058
98.803,1.049
98.833,1.052
98.863,1.060
98.893,1.052
98.923,1.058
98.953,1.051
98.983,1.051
99.013,1.060
99.043,1.057
99.073,1.055
99.103,1.055
99.133,1.053
99.163,1.053
99.193,1.056
99.223,1.056
99.253,1.050
99.283,1.052
99.313,1.052
99.343,1.055
99.373,1.053
99.403,1.061
99.433,1.056
99.463,1.053
99.493,1.058
99.523,1.056
99.553,1.053
99.583,1.055
99.613,1.046
99.643,1.051
99.673,1.053
99.703,1.059
99.733,1.057
99.763,1.056
99.793,1.054
99.823,1.056
99.853,1.058
99.883,1.061
99.913,1.054
99.943,1.046
99.973,1.053
100.003,1.051
100.033,1.057
100.063,1.062
100.093,1.052
100.123,1.048
100.153,1.051
100.183,1.055
100.213,1.057
100.243,1.052
100.273,1.054
100.303,1.050
100.333,1.053
100.363,1.056
100.393,1.052
100.423,1.060
100.453,1.057
100.483,1.049
100.513,1.050
100.543,1.059
100.573,1.054
100.603,1.058
100.633,1.058
100.663,1.051
100.693,1.050
100.723,1.056
100.753,1.057
100.783,1.058
100.813,1.054
100.843,1.056
100.873,1.054
100.903,1.058
100.933,1.058
100.963,1.054
100.993,1.054
101.023,1.057
101.053,1.047
101.083,1.057
101.113,1.056
101.143,1.054
101.173,1.062
101.203,1.058
101.233,1.051
101.263,1.056
101.293,1.049
101.323,1.056
101.353,1.055
101.383,1.055
101.413,1.056
101.443,1.055
101.473,1.055
101.503,1.057
101.533,1.051
101.563,1.055
101.593,1.057
101.623,1.055
101.653,1.055
101.683,1.049
101.713,1.052
101.743,1.061
101.773,1.055
101.803,1.051
101.833,1.048
101.863,1.054
101.893,1.056
101.923,1.050
101.953,1.049
101.983,1.053
102.013,1.055
102.043,1.052
102.073,1.058
102.103,1.057
102.133,1.054
102.163,1.047
102.193,1.059
102.223,1.050
102.253,1.055
102.283,1.057
102.313,1.053
102.343,1.055
102.373,1.057
102.403,1.053
102.433,1.057
102.463,1.056
102.493,1.050
102.523,1.055
102.553,1.055
102.583,1.054
102.613,1.054
102.643,1.054
102.673,1.056
102.703,1.054
102.733,1.060
102.763,1.057
102.793,1.048
102.823,1.055
102.853,1.052
102.883,1.053
102.913,1.051
102.943,1.052
102.973,1.050
103.003,1.056
103.033,1.057
103.063,1.060
103.093,1.052
103.123,1.049
103.153,1.051
103.183,1.057
103.213,1.059
103.243,1.058
103.273,1.056
103.303,1.053
103.333,1.048
103.363,1.054
103.393,1.057
103.423,1.055
103.453,1.048
103.483,1.042
103.513,1.056
103.543,1.061
103.573,1.068
103.603,1.041
103.633,1.008
103.663,1.008
103.693,1.008
103.723,1.062
103.753,1.142
103.783,1.114
103.813,1.079
103.843,1.042
103.873,1.028
103.903,1.040
103.933,1.028
103.963,1.041
103.993,1.043
104.023,1.043
104.053,1.054
104.083,1.099
104.113,1.128
104.143,1.078
104.173,1.046
104.203,1.042
104.233,1.028
104.263,1.047
104.293,1.071
104.323,1.059
104.353,1.042
104.383,1.049
104.413,1.029
104.443,1.010
104.473,1.028
104.503,1.033
104.533,1.049
104.563,1.056
104.593,1.018
104.623,1.033
104.653,1.020
104.683,1.023
104.713,1.032
104.743,1.042
104.773,1.029
104.803,1.051
104.833,1.036
104.863,1.005
104.893,1.023
104.923,1.026
104.953,1.024
104.983,1.092
105.013,1.082
105.043,1.038
105.073,1.118
105.103,1.180
105.133,1.128
105.163,1.063
105.193,1.065
105.223,1.050
105.253,1.011
105.283,0.979
105.313,1.018
105.343,1.035
105.373,0.977
105.403,0.971
105.433,0.983
105.463,0.981
105.493,1.013
105.523,1.048
105.553,1.072
105.583,1.072
105.613,1.081
105.643,1.087
105.673,1.104
105.703,1.099
105.733,1.069
105.763,1.025
105.793,0.988
105.823,0.991
105.853,1.013
105.883,1.029
105.913,1.021
105.943,1.005
105.973,1.045
106.003,1.050
106.033,1.041
106.063,1.033
106.093,1.047
106.123,1.072
106.153,1.088
106.183,1.095
106.213,1.079
106.243,1.043
106.273,1.020
106.303,1.029
106.333,1.044
106.363,1.030
106.393,1.011
106.423,1.017
106.453,1.043
106.483,1.078
106.513,1.062
106.543,1.048
106.573,1.063
106.603,1.059
106.633,1.048
106.663,1.050
106.693,1.034
106.723,1.029
106.753,1.023
106.783,1.038
106.813,1.051
106.843,1.048
106.873,1.041
106.903,1.040
106.933,1.049
106.963,1.057
106.993,1.041
107.023,1.046
107.053,1.052
107.083,1.052
107.113,1.052
107.143,1.036
107.173,1.041
107.203,1.053
107.233,1.049
107.263,1.053
107.293,1.036
107.323,1.022
107.353,1.040
107.383,1.053
107.413,1.059
107.443,1.063
107.473,1.051
107.503,1.051
107.533,1.044
107.563,1.062
107.593,1.064
107.623,1.069
107.653,1.020
107.683,1.033
107.713,1.045
107.743,1.060
107.773,1.080
107.803,1.044
107.833,1.011
107.863,0.967
107.893,0.995
107.923,1.028
107.953,1.058
107.983,1.071
108.013,1.052
108.043,1.036
108.073,1.056
108.103,1.050
108.133,1.039
108.163,1.048
108.193,1.030
108.223,1.050
108.253,1.045
108.283,1.029
108.313,1.035
108.343,1.047
108.373,1.043
108.403,1.042
108.433,1.048
108.463,1.056
108.493,1.053
108.523,1.053
108.553,1.036
108.583,1.042
108.613,1.050
108.643,1.038
108.673,1.047
108.703,1.029
108.733,1.037
108.763,1.053
108.793,1.045
108.823,1.041
108.853,1.050
108.883,1.061
108.913,1.051
108.943,1.041
108.973,1.046
109.003,1.050
109.033,1.055
109.063,1.037
109.093,1.034
109.123,1.043
109.153,1.045
109.183,1.044
109.213,1.038
109.243,1.049
109.273,1.042
109.303,1.050
109.333,1.057
109.363,1.054
109.393,1.040
109.423,1.039
109.453,1.046
109.483,1.049
109.513,1.046
109.543,1.042
109.573,1.037
109.603,1.046
109.633,1.056
109.663,1.045
109.693,1.047
109.723,1.043
109.753,1.047
109.783,1.049
109.813,1.048
109.843,1.044
109.873,1.045
109.903,1.046
109.933,1.046
109.963,1.050
109.993,1.046
110.023,1.046
110.053,1.044
110.083,1.044
110.113,1.049
110.143,1.046
110.173,1.044
110.203,1.044
110.233,1.045
110.263,1.047
110.293,1.046
110.323,1.043
110.353,1.048
110.383,1.050
110.413,1.047
110.443,1.044
110.473,1.044
110.503,1.049
110.533,1.045
110.563,1.048
110.593,1.044
110.623,1.039
110.653,1.058
110.683,1.048
110.713,1.040
110.743,1.049
110.773,1.041
110.803,1.047
110.833,1.046
110.863,1.041
110.893,1.051
110.923,1.047
110.953,1.047
110.983,1.047
111.013,1.045
111.043,1.043
111.073,1.049
111.103,1.051
111.133,1.040
111.163,1.041
111.193,1.053
111.223,1.046
111.253,1.046
111.283,1.045
111.313,1.044
111.343,1.043
111.373,1.045
111.403,1.052
111.433,1.053
111.463,1.050
111.493,1.044
111.523,1.042
111.553,1.046
111.583,1.048
111.613,1.048
111.643,1.049
111.673,1.036
111.703,1.048
111.733,1.054
111.763,1.042
111.793,1.052
111.823,1.050
111.853,1.042
111.883,1.043
111.913,1.042
111.943,1.051
111.973,1.056
112.003,1.046
112.033,1.040
112.063,1.042
112.093,1.046
112.123,1.050
112.153,1.046
112.183,1.051
112.213,1.043
112.243,1.041
112.273,1.058
112.303,1.047
112.333,1.041
112.363,1.048
112.393,1.047
112.423,1.049
112.453,1.039
112.483,1.047
112.513,1.053
112.543,1.049
112.573,1.049
112.603,1.038
112.633,1.046
112.663,1.049
112.693,1.048
112.723,1.046
112.753,1.042
112.783,1.043
112.813,1.055
112.843,1.045
112.873,1.041
112.903,1.052
112.933,1.049
112.963,1.043
112.993,1.041
113.023,1.050
113.053,1.055
113.083,1.053
113.113,1.046
113.143,1.042
113.173,1.042
113.203,1.045
113.233,1.052
113.263,1.048
113.293,1.049
113.323,1.048
113.353,1.046
113.383,1.051
113.413,1.043
113.443,1.048
113.473,1.052
113.503,1.045
113.533,1.041
113.563,1.052
113.593,1.051
113.623,1.050
113.653,1.047
113.683,1.045
113.713,1.044
113.743,1.047
113.773,1.048
113.803,1.055
113.833,1.050
113.863,1.043
113.893,1.040
113.923,1.053
113.953,1.048
113.983,1.045
114.013,1.050
114.043,1.046
114.073,1.048
114.103,1.044
114.133,1.049
114.163,1.048
114.193,1.048
114.223,1.046
114.253,1.038
114.283,1.051
114.313,1.051
114.343,1.045
114.373,1.049
114.403,1.047
114.433,1.037
114.463,1.044
114.493,1.059
114.523,1.047
114.553,1.045
114.583,1.047
114.613,1.042
114.643,1.044
114.673,1.047
114.703,1.055
114.733,1.054
114.763,1.052
114.793,1.045
114.823,1.046
114.853,1.045
114.883,1.046
114.913,1.049
114.943,1.055
114.973,1.050
115.003,1.052
115.033,1.047
115.063,1.048
115.093,1.047
115.123,1.048
115.153,1.047
115.183,1.050
115.213,1.046
115.243,1.050
115.273,1.052
115.303,1.049
115.333,1.044
115.363,1.050
115.393,1.051
115.423,1.042
115.453,1.043
115.483,1.045
115.513,1.042
115.543,1.051
115.573,1.051
115.603,1.046
115.633,1.053
115.663,1.050
115.693,1.045
115.723,1.048
115.753,1.042
115.783,1.047
115.813,1.051
115.843,1.044
115.873,1.044
115.903,1.051
115.933,1.054
115.963,1.053
115.993,1.053
116.023,1.048
116.053,1.041
116.083,1.051
116.113,1.048
116.143,1.048
116.173,1.051
116.203,1.045
116.233,1.050
116.263,1.042
116.293,1.043
116.323,1.051
116.353,1.053
116.383,1.048
116.413,1.043
116.443,1.048
116.473,1.047
116.503,1.048
116.533,1.053
116.563,1.048
116.593,1.044
116.623,1.047
116.653,1.051
116.683,1.049
116.713,1.052
116.743,1.052
116.773,1.042
116.803,1.038
116.833,1.044
116.863,1.057
116.893,1.053
116.923,1.048
116.953,1.044
116.983,1.045
117.013,1.044
117.043,1.052
117.073,1.052
117.103,1.058
117.133,1.052
117.163,1.045
117.193,1.042
117.223,1.075
117.253,1.073
117.283,1.031
117.313,1.009
117.343,1.034
117.373,1.046
117.403,1.051
117.433,1.056
117.463,1.078
117.493,1.066
117.523,1.043
117.553,1.049
117.583,1.035
117.613,1.022
117.643,1.029
117.673,1.041
117.703,1.074
117.733,1.040
117.763,1.028
117.793,1.047
117.823,1.067
117.853,1.069
117.883,1.059
117.913,1.056
117.943,1.059
117.973,1.047
118.003,1.036
118.033,1.034
118.063,1.031
118.093,1.023
118.123,1.024
118.153,1.034
118.183,1.057
118.213,1.080
118.243,1.067
118.273,1.078
118.303,1.090
118.333,1.056
118.363,1.030
118.393,1.021
118.423,1.023
118.453,1.006
118.483,1.051
118.513,1.073
118.543,1.066
118.573,1.065
118.603,1.062
118.633,1.032
118.663,1.023
118.693,1.026
118.723,1.037
118.753,1.062
118.783,1.084
118.813,1.058
118.843,1.052
118.873,1.032
118.903,1.019
118.933,1.044
118.963,1.063
118.993,1.058
119.023,1.035
119.053,1.053
119.083,1.038
119.113,1.047
119.143,1.056
119.173,1.041
119.203,1.050
119.233,1.067
119.263,1.037
119.293,1.030
119.323,1.048
119.353,1.052
119.383,1.044
119.413,1.035
119.443,1.058
119.473,1.059
119.503,1.039
119.533,1.024
119.563,1.032
119.593,1.066
119.623,1.083
119.653,1.061
119.683,1.036
119.713,1.028
119.743,1.043
119.773,1.043
119.803,1.048
119.833,1.044
119.863,1.049
119.893,1.056
119.923,1.051
119.953,1.043
119.983,1.037
120.013,1.038
120.043,1.053
120.073,1.053
120.103,1.043
120.133,1.043
120.163,1.059
120.193,1.054
120.223,1.044
120.253,1.054
120.283,1.046
120.313,1.047
120.343,1.047
120.373,1.048
120.403,1.048
120.433,1.054
120.463,1.049
120.493,1.049
120.523,1.047
120.553,1.045
120.583,1.042
120.613,1.047
120.643,1.048
120.673,1.051
120.703,1.044
120.733,1.049
120.763,1.052
120.793,1.043
120.823,1.047
120.853,1.044
120.883,1.057
120.913,1.058
120.943,1.054
120.973,1.049
121.003,1.040
121.033,1.040
121.063,1.051
121.093,1.052
121.123,1.047
121.153,1.048
121.183,1.042
121.213,1.048
121.243,1.049
121.273,1.048
121.303,1.058
121.333,1.051
121.363,1.040
121.393,1.045
121.423,1.047
121.453,1.054
121.483,1.049
121.513,1.044
121.543,1.048
121.573,1.048
121.603,1.050
121.633,1.054
121.663,1.047
121.693,1.046
121.723,1.047
121.753,1.052
121.783,1.048
121.813,1.044
121.843,1.054
121.873,1.049
121.903,1.040
121.933,1.046
121.963,1.056
121.993,1.047
122.023,1.045
122.053,1.042
122.083,1.049
122.113,1.049
122.143,1.049
122.173,1.044
122.203,1.048
122.233,1.046
122.263,1.048
122.293,1.050
122.323,1.051
122.353,1.040
122.383,1.046
122.413,1.057
122.443,1.050
122.473,1.048
122.503,1.055
122.533,1.046
122.563,1.051
122.593,1.045
122.623,1.046
122.653,1.054
122.683,1.056
122.713,1.044
122.743,1.048
122.773,1.048
122.803,1.049
122.833,1.049
122.863,1.050
122.893,1.051
122.923,1.053
122.953,1.042
122.983,1.046
123.013,1.041
123.043,1.044
123.073,1.052
123.103,1.056
123.133,1.048
123.163,1.045
123.193,1.040
123.223,1.046
123.253,1.050
123.283,1.050
123.313,1.049
123.343,1.047
123.373,1.049
123.403,1.051
123.433,1.046
123.463,1.052
123.493,1.052
123.523,1.046
123.553,1.039
123.583,1.054
123.613,1.051
123.643,1.052
123.673,1.052
123.703,1.049
123.733,1.048
123.763,1.045
123.793,1.050
123.823,1.051
123.853,1.051
123.883,1.048
123.913,1.043
123.943,1.048
123.973,1.049
124.003,1.047
124.033,1.042
124.063,1.051
124.093,1.051
124.123,1.044
124.153,1.045
124.183,1.056
124.213,1.053
124.243,1.047
124.273,1.051
124.303,1.053
124.333,1.045
124.363,1.043
124.393,1.042
124.423,1.056
124.453,1.052
124.483,1.049
124.513,1.045
124.543,1.051
124.573,1.051
124.603,1.053
124.633,1.044
124.663,1.049
124.693,1.052
124.723,1.053
124.753,1.049
124.783,1.046
124.813,1.057
124.843,1.049
124.873,1.047
124.903,1.051
124.933,1.049
124.963,1.043
124.993,1.047
125.023,1.048
125.053,1.054
125.083,1.048
125.113,1.044
125.143,1.047
125.173,1.050
125.203,1.051
125.233,1.047
125.263,1.043
125.293,1.049
125.323,1.057
125.353,1.046
125.383,1.042
125.413,1.056
125.443,1.046
125.473,1.053
125.503,1.047
125.533,1.042
125.563,1.049
125.593,1.044
125.623,1.054
125.653,1.052
125.683,1.051
125.713,1.044
125.743,1.050
125.773,1.051
125.803,1.043
125.833,1.049
125.863,1.051
125.893,1.050
125.923,1.041
125.953,1.054
125.983,1.056
126.013,1.044
126.043,1.049
126.073,1.050
126.103,1.050
126.133,1.044
126.163,1.049
126.193,1.055
126.223,1.051
126.253,1.048
126.283,1.050
126.313,1.049
126.343,1.047
126.373,1.048
126.403,1.051
126.433,1.055
126.463,1.047
126.493,1.042
126.523,1.054
126.553,1.049
126.583,1.052
126.613,1.050
126.643,1.044
126.673,1.048
126.703,1.046
126.733,1.051
126.763,1.055
126.793,1.048
126.823,1.050
126.853,1.047
126.883,1.045
126.913,1.047
126.943,1.052
126.973,1.048
127.003,1.048
127.033,1.040
127.063,1.050
127.093,1.055
127.123,1.048
127.153,1.050
127.183,1.051
127.213,1.041
127.243,1.049
127.273,1.047
127.303,1.052
127.333,1.053
127.363,1.054
127.393,1.051
127.423,1.042
127.453,1.046
127.483,1.046
127.513,1.049
127.543,1.052
127.573,1.052
127.603,1.038
127.633,1.047
127.663,1.058
127.693,1.049
127.723,1.055
127.753,1.048
127.783,1.046
127.813,1.048
127.843,1.047
127.873,1.048
127.903,1.050
127.933,1.051
127.963,1.048
127.993,1.047
128.023,1.047
128.053,1.049
128.083,1.053
128.113,1.052
128.143,1.048
128.173,1.041
128.203,1.048
128.233,1.056
128.263,1.047
128.293,1.050
128.323,1.051
128.353,1.043
128.383,1.046
128.413,1.047
128.443,1.051
128.473,1.054
128.503,1.050
128.533,1.046
128.563,1.045
128.593,1.051
128.623,1.047
128.653,1.049
128.683,1.052
128.713,1.052
128.743,1.048
128.773,1.040
128.803,1.049
128.833,1.054
128.863,1.047
128.893,1.055
128.923,1.048
128.953,1.040
128.983,1.042
129.013,1.051
129.043,1.055
129.073,1.052
129.103,1.045
129.133,1.046
129.163,1.050
129.193,1.049
129.223,1.050
129.253,1.049
129.283,1.043
129.313,1.047
129.343,1.052
129.373,1.046
129.403,1.046
129.433,1.056
129.463,1.045
129.493,1.046
129.523,1.048
129.553,1.048
129.583,1.048
129.613,1.045
129.643,1.049
129.673,1.055
129.703,1.051
129.733,1.045
129.763,1.048
129.793,1.048
129.823,1.052
129.853,1.047
129.883,1.050
129.913,1.048
129.943,1.051
129.973,1.047
130.003,1.046
130.033,1.059
130.063,1.047
130.093,1.048
130.123,1.052
130.153,1.045
130.183,1.048
130.213,1.048
130.243,1.051
130.273,1.050
130.303,1.050
130.333,1.043
130.363,1.045
130.393,1.048
130.423,1.049
130.453,1.047
130.483,1.053
130.513,1.050
130.543,1.048
130.573,1.041
130.603,1.051
130.633,1.051
130.663,1.045
130.693,1.053
130.723,1.051
130.753,1.044
130.783,1.046
130.813,1.047
130.843,1.049
130.873,1.048
130.903,1.049
130.933,1.048
130.963,1.049
130.993,1.049
131.023,1.053
131.053,1.052
131.083,1.049
131.113,1.049
131.143,1.049
131.173,1.037
131.203,1.051
131.233,1.055
131.263,1.048
131.293,1.050
131.323,1.049
131.353,1.042
131.383,1.047
131.413,1.052
131.443,1.050
131.473,1.049
131.503,1.047
131.533,1.053
131.563,1.049
131.593,1.047
131.623,1.052
131.653,1.045
131.683,1.049
131.713,1.051
131.743,1.050
131.773,1.045
131.803,1.041
131.833,1.050
131.863,1.050
131.893,1.047
131.923,1.048
131.953,1.048
131.983,1.041
132.013,1.047
132.043,1.051
132.073,1.051
132.103,1.054
132.133,1.053
132.163,1.047
132.193,1.045
132.223,1.045
132.253,1.053
132.283,1.049
132.313,1.046
132.343,1.055
132.373,1.048
132.403,1.040
132.433,1.047
132.463,1.057
132.493,1.049
132.523,1.042
132.553,1.046
132.583,1.048
132.613,1.046
132.643,1.052
132.673,1.044
132.703,1.052
132.733,1.051
132.763,1.051
132.793,1.044
132.823,1.050
132.853,1.050
132.883,1.046
132.913,1.047
132.943,1.046
132.973,1.053
133.003,1.043
133.033,1.046
133.063,1.048
133.093,1.047
133.123,1.051
133.153,1.049
133.183,1.047
133.213,1.042
133.243,1.050
133.273,1.054
133.303,1.049
133.333,1.047
133.363,1.048
133.393,1.047
133.423,1.049
133.453,1.048
133.483,1.048
133.513,1.052
133.543,1.056
133.573,1.044
133.603,1.043
133.633,1.054
133.663,1.051
133.693,1.050
133.723,1.050
133.753,1.046
133.783,1.045
133.813,1.045
133.843,1.053
133.873,1.049
133.903,1.047
133.933,1.049
133.963,1.047
133.993,1.050
134.023,1.047
134.053,1.047
134.083,1.051
134.113,1.048
134.143,1.049
134.173,1.042
134.203,1.049
134.233,1.051
134.263,1.048
134.293,1.053
134.323,1.049
134.353,1.042
134.383,1.046
134.413,1.046
134.443,1.051
134.473,1.048
134.503,1.046
134.533,1.046
134.563,1.047
134.593,1.050
134.623,1.048
134.653,1.052
134.683,1.048
134.713,1.047
134.743,1.045
134.773,1.044
134.803,1.055
134.833,1.050
134.863,1.045
134.893,1.048
134.923,1.050
134.953,1.044
134.983,1.043
135.013,1.046
135.043,1.057
135.073,1.052
135.103,1.048
135.133,1.047
135.163,1.045
135.193,1.046
135.223,1.050
135.253,1.050
135.283,1.050
135.313,1.051
135.343,1.049
135.373,1.048
135.403,1.053
135.433,1.047
135.463,1.046
135.493,1.054
135.523,1.045
135.553,1.043
135.583,1.043
135.613,1.052
135.643,1.053
135.673,1.050
135.703,1.049
135.733,1.043
135.763,1.048
135.793,1.050
135.823,1.048
135.853,1.048
135.883,1.052
135.913,1.049
135.943,1.041
135.973,1.045
136.003,1.054
136.033,1.048
136.063,1.051
136.093,1.048
136.123,1.044
136.153,1.046
136.183,1.048
136.213,1.051
136.243,1.053
136.273,1.048
136.303,1.049
136.333,1.049
136.363,1.045
136.393,1.049
136.423,1.047
136.453,1.047
136.483,1.045
136.513,1.049
136.543,1.045
136.573,1.053
136.603,1.048
136.633,1.047
136.663,1.047
136.693,1.046
136.723,1.047
136.753,1.049
136.783,1.044
136.813,1.052
136.843,1.048
136.873,1.047
136.903,1.047
136.933,1.046
136.963,1.045
136.993,1.053
137.023,1.051
137.053,1.050
137.083,1.050
137.113,1.045
137.143,1.044
137.173,1.054
137.203,1.047
137.233,1.047
137.263,1.051
137.293,1.044
137.323,1.042
137.353,1.047
137.383,1.051
137.413,1.054
137.443,1.046
137.473,1.046
137.503,1.047
137.533,1.050
137.563,1.046
137.593,1.045
137.623,1.050
137.653,1.052
137.683,1.051
137.713,1.044
137.743,1.044
137.773,1.059
137.803,1.050
137.833,1.045
137.863,1.053
137.893,1.049
137.923,1.047
137.953,1.047
137.983,1.045
138.013,1.053
138.043,1.043
138.073,1.043
138.103,1.044
138.133,1.054
138.163,1.054
138.193,1.052
138.223,1.044
138.253,1.043
138.283,1.054
138.313,1.054
138.343,1.048
138.373,1.042
138.403,1.052
138.433,1.045
138.463,1.041
138.493,1.052
138.523,1.055
138.553,1.051
138.583,1.049
138.613,1.049
138.643,1.051
138.673,1.047
138.703,1.044
138.733,1.045
138.763,1.049
138.793,1.050
138.823,1.048
138.853,1.049
138.883,1.051
138.913,1.048
138.943,1.045
138.973,1.041
139.003,1.052
139.033,1.052
139.063,1.044
139.093,1.046
139.123,1.048
139.153,1.045
139.183,1.050
139.213,1.045
139.243,1.041
139.273,1.051
139.303,1.051
139.333,1.062
139.363,1.059
139.393,1.051
139.423,1.053
139.453,1.015
139.483,1.000
139.513,1.054
139.543,1.054
139.573,1.062
139.603,1.068
139.633,1.061
139.663,1.037
139.693,1.028
139.723,1.023
139.753,1.033
139.783,1.041
139.813,1.043
139.843,1.051
139.873,1.054
139.903,1.020
139.933,1.031
139.963,1.069
139.993,1.062
140.023,1.026
140.053,1.033
140.083,1.047
140.113,1.039
140.143,1.041
140.173,1.054
140.203,1.054
140.233,1.042
140.263,1.041
140.293,1.041
140.323,1.044
140.353,1.040
140.383,1.047
140.413,1.061
140.443,1.057
140.473,1.042
140.503,1.036
140.533,1.046
140.563,1.082
140.593,1.044
140.623,1.029
140.653,1.055
140.683,1.032
140.713,1.017
140.743,1.006
140.773,1.014
140.803,1.021
140.833,1.011
140.863,1.023
140.893,1.059
140.923,1.065
140.953,1.056
140.983,1.065
141.013,1.056
141.043,1.054
141.073,1.049
141.103,1.057
141.133,1.055
141.163,1.033
141.193,1.039
141.223,1.035
141.253,1.061
141.283,1.062
141.313,1.049
141.343,1.018
141.373,1.030
141.403,1.056
141.433,1.055
141.463,1.038
141.493,1.022
141.523,1.044
141.553,1.060
141.583,1.044
141.613,1.040
141.643,1.048
141.673,1.054
141.703,1.050
141.733,1.043
141.763,1.031
141.793,1.044
141.823,1.041
141.853,1.039
141.883,1.047
141.913,1.057
141.943,1.045
141.973,1.043
142.003,1.044
142.033,1.046
142.063,1.039
142.093,1.037
142.123,1.043
142.153,1.053
142.183,1.053
142.213,1.059
142.243,1.070
142.273,1.058
142.303,1.035
142.333,1.042
142.363,1.052
142.393,1.057
142.423,1.062
142.453,1.048
142.483,1.043
142.513,1.034
142.543,1.046
142.573,1.061
142.603,1.041
142.633,1.026
142.663,1.018
142.693,1.030
142.723,1.054
142.753,1.058
142.783,1.055
142.813,1.043
142.843,1.038
142.873,1.046
142.903,1.048
142.933,1.051
142.963,1.059
142.993,1.060
143.023,1.065
143.053,1.058
143.083,1.048
143.113,1.039
143.143,1.030
143.173,1.033
143.203,1.035
143.233,1.030
143.263,1.048
143.293,1.084
143.323,1.032
143.353,1.034
143.383,1.055
143.413,1.044
143.443,1.059
143.473,1.037
143.503,1.022
143.533,1.019
143.563,1.031
143.593,1.063
143.623,1.101
143.653,1.072
143.683,1.050
143.713,1.046
143.743,1.070
143.773,1.044
143.803,1.038
143.833,1.063
143.863,1.061
143.893,1.075
143.923,1.060
143.953,1.062
143.983,1.058
144.013,1.060
144.043,1.066
144.073,1.062
144.103,1.065
144.133,1.054
144.163,1.052
144.193,1.060
144.223,1.050
144.253,1.053
144.283,1.060
144.313,1.061
144.343,1.054
144.373,1.046
144.403,1.051
144.433,1.056
144.463,1.053
144.493,1.050
144.523,1.068
144.553,1.069
144.583,1.062
144.613,1.055
144.643,1.046
144.673,1.054
144.703,1.053
144.733,1.050
144.763,1.052
144.793,1.052
144.823,1.062
144.853,1.063
144.883,1.052
144.913,1.055
144.943,1.061
144.973,1.053
145.003,1.048
145.033,1.057
145.063,1.058
145.093,1.061
145.123,1.058
145.153,1.055
145.183,1.057
145.213,1.050
145.243,1.055
145.273,1.052
145.303,1.058
145.333,1.058
145.363,1.055
145.393,1.062
145.423,1.058
145.453,1.056
145.483,1.056
145.513,1.057
145.543,1.053
145.573,1.058
145.603,1.053
145.633,1.052
145.663,1.062
145.693,1.051
145.723,1.054
145.753,1.056
145.783,1.047
145.813,1.058
145.843,1.062
145.873,1.056
145.903,1.048
145.933,1.045
145.963,1.054
145.993,1.061
146.023,1.063
146.053,1.057
146.083,1.056
146.113,1.056
146.143,1.051
146.173,1.052
146.203,1.055
146.233,1.064
146.263,1.057
146.293,1.057
146.323,1.058
146.353,1.061
146.383,1.062
146.413,1.062
146.443,1.034
146.473,1.042
146.503,1.049
146.533,1.062
146.563,1.065
146.593,1.061
146.623,1.053
146.653,1.053
146.683,1.055
146.713,1.057
146.743,1.054
146.773,1.058
146.803,1.059
146.833,1.060
146.863,1.059
146.893,1.064
146.923,1.053
146.953,1.044
146.983,1.058
147.013,1.061
147.043,1.062
147.073,1.057
147.103,1.044
147.133,1.043
147.163,1.048
147.193,1.062
147.223,1.071
147.253,1.051
147.283,1.045
147.313,1.057
147.343,1.065
147.373,1.098
147.403,1.067
147.433,1.047
147.463,1.040
147.493,1.040
147.523,1.047
147.553,1.056
147.583,1.059
147.613,1.057
147.643,1.055
147.673,1.060
147.703,1.059
147.733,1.050
147.763,1.051
147.793,1.065
147.823,1.065
147.853,1.059
147.883,1.053
147.913,1.052
147.943,1.049
147.973,1.053
148.003,1.064
148.033,1.059
148.063,1.058
148.093,1.062
148.123,1.051
148.153,1.056
148.183,1.053
148.213,1.062
148.243,1.059
148.273,1.053
148.303,1.058
148.333,1.057
148.363,1.053
148.393,1.054
148.423,1.061
148.453,1.057
148.483,1.058
148.513,1.048
148.543,1.059
148.573,1.065
148.603,1.052
148.633,1.059
148.663,1.058
148.693,1.053
148.723,1.056
148.753,1.054
148.783,1.057
148.813,1.057
148.843,1.056
148.873,1.062
148.903,1.057
148.933,1.054
148.963,1.057
148.993,1.056
149.023,1.058
149.053,1.050
149.083,1.062
149.113,1.060
149.143,1.053
149.173,1.056
149.203,1.057
149.233,1.057
149.263,1.050
149.293,1.052
149.323,1.055
149.353,1.057
149.383,1.059
149.413,1.053
149.443,1.052
149.473,1.059
149.503,1.059
149.533,1.059
149.563,1.057
149.593,1.050
149.623,1.057
149.653,1.055
149.683,1.059
149.713,1.062
149.743,1.056
149.773,1.050
149.803,1.057
149.833,1.050
149.863,1.058
149.893,1.061
149.923,1.054
149.953,1.052
149.983,1.057
150.013,1.058
150.043,1.053
150.073,1.056
150.103,1.060
150.133,1.055
150.163,1.046
150.193,1.052
150.223,1.055
150.253,1.063
150.283,1.060
150.313,1.050
150.343,1.049
150.373,1.056
150.403,1.060
150.433,1.056
150.463,1.055
150.493,1.058
150.523,1.055
150.553,1.056
150.583,1.056
150.613,1.057
150.643,1.056
150.673,1.057
150.703,1.054
150.733,1.051
150.763,1.063
150.793,1.054
150.823,1.057
150.853,1.054
150.883,1.052
150.913,1.055
150.943,1.056
150.973,1.059
151.003,1.060
151.033,1.054
151.063,1.057
151.093,1.055
151.123,1.055
151.153,1.057
151.183,1.059
151.213,1.062
151.243,1.058
151.273,1.052
151.303,1.053
151.333,1.062
151.363,1.057
151.393,1.053
151.423,1.057
151.453,1.054
151.483,1.050
151.513,1.056
151.543,1.058
151.573,1.059
151.603,1.054
151.633,1.051
151.663,1.049
151.693,1.052
151.723,1.058
151.753,1.060
151.783,1.058
151.813,1.058
151.843,1.051
151.873,1.048
151.903,1.058
151.933,1.058
151.963,1.058
151.993,1.057
152.023,1.054
152.053,1.056
152.083,1.054
152.113,1.057
152.143,1.062
152.173,1.057
152.203,1.050
152.233,1.049
152.263,1.053
152.293,1.056
152.323,1.056
152.353,1.052
152.383,1.059
152.413,1.053
152.443,1.058
152.473,1.057
152.503,1.054
152.533,1.058
152.563,1.055
152.593,1.052
152.623,1.054
152.653,1.051
152.683,1.061
152.713,1.055
152.743,1.056
152.773,1.059
152.803,1.058
152.833,1.050
152.863,1.053
152.893,1.059
152.923,1.060
152.953,1.051
152.983,1.056
153.013,1.064
153.043,1.048
153.073,1.058
153.103,1.056
153.133,1.054
153.163,1.047
153.193,1.052
153.223,1.057
153.253,1.060
153.283,1.055
153.313,1.052
153.343,1.054
153.373,1.056
153.403,1.051
153.433,1.058
153.463,1.062
153.493,1.056
153.523,1.053
153.553,1.062
153.583,1.052
153.613,1.060
153.643,1.056
153.673,1.050
153.703,1.054
153.733,1.056
153.763,1.057
153.793,1.057
153.823,1.052
153.853,1.054
153.883,1.052
153.913,1.054
153.943,1.058
153.973,1.052
154.003,1.056
154.033,1.057
154.063,1.054
154.093,1.057
154.123,1.055
154.153,1.054
154.183,1.054
154.213,1.050
154.243,1.050
154.273,1.058
154.303,1.057
154.333,1.061
154.363,1.056
154.393,1.049
154.423,1.055
154.453,1.052
154.483,1.055
154.513,1.058
154.543,1.056
154.573,1.058
154.603,1.052
154.633,1.059
154.663,1.055
154.693,1.055
154.723,1.054
154.753,1.056
154.783,1.050
154.813,1.049
154.843,1.057
154.873,1.066
154.903,1.058
154.933,1.046
154.963,1.053
154.993,1.055
155.023,1.061
155.053,1.057
155.083,1.051
155.113,1.053
155.143,1.054
155.173,1.047
155.203,1.060
155.233,1.059
155.263,1.055
155.293,1.057
155.323,1.052
155.353,1.049
155.383,1.055
155.413,1.060
155.443,1.059
155.473,1.056
155.503,1.053
155.533,1.055
155.563,1.062
155.593,1.057
155.623,1.058
155.653,1.054
155.683,1.055
155.713,1.054
155.743,1.055
155.773,1.050
155.803,1.046
155.833,1.060
155.863,1.064
155.893,1.062
155.923,1.056
155.953,1.046
155.983,1.050
156.013,1.053
156.043,1.052
156.073,1.054
156.103,1.055
156.133,1.056
156.163,1.050
156.193,1.054
156.223,1.056
156.253,1.059
156.283,1.051
156.313,1.047
156.343,1.044
156.373,1.054
156.403,1.052
156.433,1.052
156.463,1.062
156.493,1.081
156.523,1.058
156.553,1.048
156.583,1.054
156.613,1.055
156.643,1.050
156.673,1.051
156.703,1.056
156.733,1.059
156.763,1.056
156.793,1.053
156.823,1.056
156.853,1.049
156.883,1.052
156.913,1.055
156.943,1.052
156.973,1.056
157.003,1.055
157.033,1.049
157.063,1.049
157.093,1.055
157.123,1.060
157.153,1.062
157.183,1.049
157.213,1.051
157.243,1.054
157.273,1.057
157.303,1.057
157.333,1.058
157.363,1.058
157.393,1.054
157.423,1.053
157.453,1.059
157.483,1.052
157.513,1.056
157.543,1.056
157.573,1.051
157.603,1.048
157.633,1.052
157.663,1.055
157.693,1.059
157.723,1.053
157.753,1.050
157.783,1.053
157.813,1.053
157.843,1.052
157.873,1.058
157.903,1.056
157.933,1.056
157.963,1.048
157.993,1.051
158.023,1.061
158.053,1.054
158.083,1.055
158.113,1.053
158.143,1.051
158.173,1.052
158.203,1.054
158.233,1.055
158.263,1.058
158.293,1.053
158.323,1.051
158.353,1.050
158.383,1.055
158.413,1.055
158.443,1.053
158.473,1.055
158.503,1.055
158.533,1.054
158.563,1.050
158.593,1.058
158.623,1.059
158.653,1.053
158.683,1.055
158.713,1.055
158.743,1.050
158.773,1.053
158.803,1.050
158.833,1.061
158.863,1.056
158.893,1.056
158.923,1.051
158.953,1.054
158.983,1.060
159.013,1.054
159.043,1.055
159.073,1.055
159.103,1.053
159.133,1.053
159.163,1.054
159.193,1.058
159.223,1.061
159.253,1.051
159.283,1.058
159.313,1.049
159.343,1.052
159.373,1.054
159.403,1.051
159.433,1.058
159.463,1.058
159.493,1.052
159.523,1.057
159.553,1.058
159.583,1.052
159.613,1.053
159.643,1.058
159.673,1.059
159.703,1.050
159.733,1.048
159.763,1.053
159.793,1.062
159.823,1.053
159.853,1.050
159.883,1.054
159.913,1.051
159.943,1.050
159.973,1.054
160.003,1.055
160.033,1.059
160.063,1.056
160.093,1.049
160.123,1.049
160.153,1.054
160.183,1.053
160.213,1.055
160.243,1.055
160.273,1.054
160.303,1.053
160.333,1.055
160.363,1.061
160.393,1.049
160.423,1.053
160.453,1.057
160.483,1.051
160.513,1.053
160.543,1.054
160.573,1.057
160.603,1.059
160.633,1.052
160.663,1.054
160.693,1.051
160.723,1.054
160.753,1.052
160.783,1.057
160.813,1.057
160.843,1.059
160.873,1.051
160.903,1.050
160.933,1.062
160.963,1.056
160.993,1.058
161.023,1.055
161.053,1.048
161.083,1.048
161.113,1.053
161.143,1.056
161.173,1.061
161.203,1.057
161.233,1.051
161.263,1.047
161.293,1.056
161.323,1.055
161.353,1.054
161.383,1.057
161.413,1.062
161.443,1.054
161.473,1.047
161.503,1.057
161.533,1.053
161.563,1.058
161.593,1.054
161.623,1.049
161.653,1.049
161.683,1.051
161.713,1.056
161.743,1.062
161.773,1.051
161.803,1.051
161.833,1.053
161.863,1.056
161.893,1.050
161.923,1.054
161.953,1.056
161.983,1.056
162.013,1.054
162.043,1.050
162.073,1.056
162.103,1.057
162.133,1.052
162.163,1.057
162.193,1.053
162.223,1.046
162.253,1.048
162.283,1.053
162.313,1.060
162.343,1.059
162.373,1.060
162.403,1.048
162.433,1.050
162.463,1.054
162.493,1.054
162.523,1.054
162.553,1.058
162.583,1.052
162.613,1.050
162.643,1.058
162.673,1.059
162.703,1.053
162.733,1.054
162.763,1.054
162.793,1.049
162.823,1.054
162.853,1.049
162.883,1.070
162.913,1.072
162.943,1.071
162.973,1.074
163.003,1.069
163.033,1.048
163.063,1.033
163.093,1.044
163.123,1.043
163.153,1.032
163.183,1.038
163.213,1.053
163.243,1.057
163.273,1.042
163.303,1.053
163.333,1.063
163.363,1.059
163.393,1.054
163.423,1.045
163.453,1.049
163.483,1.049
163.513,1.045
163.543,1.057
163.573,1.062
163.603,1.056
163.633,1.048
163.663,1.046
163.693,1.047
163.723,1.059
163.753,1.053
163.783,1.062
163.813,1.061
163.843,1.061
163.873,1.066
163.903,1.039
163.933,1.042
163.963,1.052
163.993,1.042
164.023,1.057
164.053,1.059
164.083,1.046
164.113,1.051
164.143,1.055
164.173,1.056
164.203,1.056
164.233,1.054
164.263,1.059
164.293,1.057
164.323,1.047
164.353,1.055
164.383,1.061
164.413,1.065
164.443,1.067
164.473,1.062
164.503,1.063
164.533,1.056
164.563,1.033
164.593,1.042
164.623,1.059
164.653,1.057
164.683,1.051
164.713,1.035
164.743,1.021
164.773,1.039
164.803,1.055
164.833,1.075
164.863,1.090
164.893,1.087
164.923,1.061
164.953,1.054
164.983,1.036
165.013,1.043
165.043,1.047
165.073,1.054
165.103,1.061
165.133,1.065
165.163,1.061
165.193,1.046
165.223,1.046
165.253,1.052
165.283,1.059
165.313,1.064
165.343,1.060
165.373,1.060
165.403,1.054
165.433,1.044
165.463,1.045
165.493,1.061
165.523,1.054
165.553,1.057
165.583,1.056
165.613,1.047
165.643,1.044
165.673,1.047
165.703,1.061
165.733,1.059
165.763,1.056
165.793,1.051
165.823,1.053
165.853,1.055
165.883,1.051
165.913,1.049
165.943,1.054
165.973,1.059
166.003,1.050
166.033,1.055
166.063,1.054
166.093,1.052
166.123,1.059
166.153,1.062
166.183,1.055
166.213,1.052
166.243,1.049
166.273,1.052
166.303,1.056
166.333,1.058
166.363,1.055
166.393,1.055
166.423,1.052
166.453,1.053
166.483,1.057
166.513,1.053
166.543,1.053
166.573,1.051
166.603,1.061
166.633,1.057
166.663,1.048
166.693,1.060
166.723,1.055
166.753,1.050
166.783,1.054
166.813,1.051
166.843,1.055
166.873,1.056
166.903,1.055
166.933,1.050
166.963,1.053
166.993,1.056
167.023,1.053
167.053,1.054
167.083,1.054
167.113,1.048
167.143,1.050
167.173,1.057
167.203,1.054
167.233,1.053
167.263,1.056
167.293,1.052
167.323,1.047
167.353,1.049
167.383,1.052
167.413,1.060
167.443,1.057
167.473,1.056
167.503,1.051
167.533,1.051
167.563,1.057
167.593,1.057
167.623,1.055
167.653,1.053
167.683,1.053
167.713,1.047
167.743,1.056
167.773,1.060
167.803,1.053
167.833,1.050
167.863,1.053
167.893,1.053
167.923,1.052
167.953,1.050
167.983,1.061
168.013,1.054
168.043,1.054
168.073,1.052
168.103,1.055
168.133,1.055
168.163,1.050
168.193,1.053
168.223,1.055
168.253,1.051
168.283,1.048
168.313,1.059
168.343,1.054
168.373,1.051
168.403,1.053
168.433,1.052
168.463,1.049
168.493,1.049
168.523,1.055
168.553,1.059
168.583,1.051
168.613,1.051
168.643,1.051
168.673,1.055
168.703,1.054
168.733,1.050
168.763,1.055
168.793,1.052
168.823,1.054
168.853,1.047
168.883,1.056
168.913,1.058
168.943,1.054
168.973,1.056
169.003,1.055
169.033,1.049
169.063,1.050
169.093,1.052
169.123,1.055
169.153,1.058
169.183,1.055
169.213,1.049
169.243,1.055
169.273,1.055
169.303,1.052
169.333,1.057
169.363,1.054
169.393,1.050
169.423,1.052
169.453,1.058
169.483,1.054
169.513,1.052
169.543,1.054
169.573,1.049
169.603,1.050
169.633,1.047
169.663,1.052
169.693,1.055
169.723,1.056
169.753,1.052
169.783,1.050
169.813,1.054
169.843,1.056
169.873,1.051
169.903,1.054
169.933,1.057
169.963,1.052
169.993,1.053
170.023,1.060
170.053,1.051
170.083,1.056
170.113,1.058
170.143,1.050
170.173,1.051
170.203,1.054
170.233,1.056
170.263,1.060
170.293,1.052
170.323,1.054
170.353,1.055
170.383,1.053
170.413,1.053
170.443,1.056
170.473,1.053
170.503,1.057
170.533,1.052
170.563,1.049
170.593,1.059
170.623,1.053
170.653,1.054
170.683,1.055
170.713,1.045
170.743,1.052
170.773,1.055
170.803,1.058
170.833,1.061
170.863,1.051
170.893,1.056
170.923,1.076
170.953,1.069
170.983,1.065
171.013,1.045
171.043,1.021
171.073,1.024
171.103,1.054
171.133,1.047
171.163,0.984
171.193,1.003
171.223,1.012
171.253,1.012
171.283,0.989
171.313,1.030
171.343,1.096
171.373,1.062
171.403,1.041
171.433,1.035
171.463,1.030
171.493,1.034
171.523,1.037
171.553,1.030
171.583,1.034
171.613,1.040
171.643,1.002
171.673,1.002
171.703,1.021
171.733,1.051
171.763,1.032
171.793,1.031
171.823,1.022
171.853,1.025
171.883,1.025
171.913,1.082
171.943,1.050
171.973,0.992
172.003,1.007
172.033,1.014
172.063,1.004
172.093,1.030
172.123,1.031
172.153,1.036
172.183,1.014
172.213,1.048
172.243,1.003
172.273,1.035
172.303,1.071
172.333,1.058
172.363,1.047
172.393,1.045
172.423,1.026
172.453,1.056
172.483,1.067
172.513,1.059
172.543,1.035
172.573,1.024
172.603,1.034
172.633,1.030
172.663,1.038
172.693,1.044
172.723,1.022
172.753,1.037
172.783,1.042
172.813,1.033
172.843,1.033
172.873,1.034
172.903,1.043
172.933,1.046
172.963,1.072
172.993,1.063
173.023,1.044
173.053,1.044
173.083,1.058
173.113,1.059
173.143,1.046
173.173,1.051
173.203,1.055
173.233,1.066
173.263,1.062
173.293,1.059
173.323,1.064
173.353,1.078
173.383,1.066
173.413,1.058
173.443,1.064
173.473,1.049
173.503,1.051
173.533,1.053
173.563,1.050
173.593,1.060
173.623,1.066
173.653,1.062
173.683,1.064
173.713,1.065
173.743,1.068
173.773,1.068
173.803,1.065
173.833,1.056
173.863,1.062
173.893,1.057
173.923,1.063
173.953,1.054
173.983,1.061
174.013,1.067
174.043,1.060
174.073,1.062
174.103,1.070
174.133,1.061
174.163,1.056
174.193,1.056
174.223,1.060
174.253,1.062
174.283,1.062
174.313,1.061
174.343,1.062
174.373,1.058
174.403,1.062
174.433,1.063
174.463,1.062
174.493,1.057
174.523,1.062
174.553,1.055
174.583,1.067
174.613,1.066
174.643,1.057
174.673,1.060
174.703,1.066
174.733,1.067
174.763,1.094
174.793,1.087
174.823,1.058
174.853,1.053
174.883,1.044
174.913,1.027
174.943,1.041
174.973,1.055
175.003,1.049
175.033,1.044
175.063,1.063
175.093,1.070
175.123,1.073
175.153,1.059
175.183,1.070
175.213,1.075
175.243,1.045
175.273,1.044
175.303,1.056
175.333,1.060
175.363,1.060
175.393,1.066
175.423,1.062
175.453,1.061
175.483,1.054
175.513,1.058
175.543,1.062
175.573,1.062
175.603,1.059
175.633,1.056
175.663,1.059
175.693,1.062
175.723,1.062
175.753,1.058
175.783,1.056
175.813,1.062
175.843,1.060
175.873,1.058
175.903,1.064
175.933,1.056
175.963,1.054
175.993,1.056
176.023,1.058
176.053,1.062
176.083,1.063
176.113,1.063
176.143,1.054
176.173,1.061
176.203,1.063
176.233,1.062
176.263,1.056
176.293,1.066
176.323,1.060
176.353,1.055
176.383,1.062
176.413,1.061
176.443,1.062
176.473,1.062
176.503,1.057
176.533,1.058
176.563,1.059
176.593,1.059
176.623,1.062
176.653,1.062
176.683,1.060
176.713,1.057
176.743,1.062
176.773,1.057
176.803,1.061
176.833,1.066
176.863,1.058
176.893,1.060
176.923,1.056
176.953,1.067
176.983,1.062
177.013,1.054
177.043,1.058
177.073,1.060
177.103,1.060
177.133,1.055
177.163,1.057
177.193,1.058
177.223,1.062
177.253,1.059
177.283,1.059
177.313,1.057
177.343,1.059
177.373,1.060
177.403,1.059
177.433,1.062
177.463,1.062
177.493,1.059
177.523,1.057
177.553,1.061
177.583,1.062
177.613,1.060
177.643,1.064
177.673,1.057
177.703,1.057
177.733,1.055
177.763,1.060
177.793,1.063
177.823,1.060
177.853,1.057
177.883,1.060
177.913,1.056
177.943,1.062
177.973,1.062
178.003,1.062
178.033,1.064
178.063,1.062
178.093,1.051
178.123,1.058
178.153,1.064
178.183,1.059
178.213,1.056
178.243,1.057
178.273,1.059
178.303,1.061
178.333,1.061
178.363,1.068
178.393,1.065
178.423,1.063
178.453,1.060
178.483,1.057
178.513,1.061
178.543,1.057
178.573,1.059
178.603,1.065
178.633,1.070
178.663,1.053
178.693,1.051
178.723,1.064
178.753,1.063
178.783,1.057
178.813,1.066
178.843,1.052
178.873,1.059
178.903,1.060
178.933,1.059
178.963,1.063
178.993,1.063
179.023,1.061
179.053,1.061
179.083,1.059
179.113,1.058
179.143,1.067
179.173,1.064
179.203,1.067
179.233,1.058
179.263,1.054
179.293,1.061
179.323,1.057
179.353,1.054
179.383,1.063
179.413,1.061
179.443,1.059
179.473,1.060
179.503,1.062
179.533,1.061
179.563,1.061
179.593,1.061
179.623,1.062
179.653,1.062
179.683,1.060
179.713,1.059
179.743,1.062
179.773,1.065
179.803,1.059
179.833,1.061
179.863,1.061
179.893,1.062
179.923,1.060
179.953,1.062
179.983,1.060
180.013,1.059
180.043,1.059
180.073,1.060
180.103,1.065
180.133,1.065
180.163,1.062
180.193,1.062
180.223,1.059
180.253,1.056
180.283,1.060
180.313,1.061
180.343,1.065
180.373,1.062
180.403,1.049
180.433,1.063
180.463,1.063
180.493,1.062
180.523,1.064
180.553,1.055
180.583,1.054
180.613,1.057
180.643,1.059
180.673,1.061
180.703,1.065
180.733,1.056
180.763,1.055
180.793,1.062
180.823,1.062
180.853,1.064
180.883,1.062
180.913,1.057
180.943,1.059
180.973,1.060
181.003,1.066
181.033,1.067
181.063,1.059
181.093,1.056
181.123,1.061
181.153,1.056
181.183,1.057
181.213,1.059
181.243,1.065
181.273,1.062
181.303,1.060
181.333,1.062
181.363,1.063
181.393,1.061
181.423,1.057
181.453,1.061
181.483,1.062
181.513,1.060
181.543,1.056
181.573,1.068
181.603,1.062
181.633,1.058
181.663,1.060
181.693,1.060
181.723,1.062
181.753,1.057
181.783,1.058
181.813,1.067
181.843,1.062
181.873,1.059
181.903,1.057
181.933,1.056
181.963,1.055
181.993,1.062
182.023,1.062
182.053,1.062
182.083,1.051
182.113,1.065
182.143,1.063
182.173,1.060
182.203,1.058
182.233,1.062
182.263,1.061
182.293,1.058
182.323,1.057
182.353,1.061
182.383,1.064
182.413,1.062
182.443,1.056
182.473,1.056
182.503,1.062
182.533,1.062
182.563,1.063
182.593,1.062
182.623,1.062
182.653,1.057
182.683,1.064
182.713,1.062
182.743,1.062
182.773,1.062
182.803,1.056
182.833,1.060
182.863,1.061
182.893,1.061
182.923,1.067
182.953,1.061
182.983,1.059
183.013,1.059
183.043,1.062
183.073,1.061
183.103,1.064
183.133,1.062
183.163,1.060
183.193,1.051
183.223,1.054
183.253,1.065
183.283,1.065
183.313,1.062
183.343,1.061
183.373,1.059
183.403,1.057
183.433,1.056
183.463,1.059
183.493,1.065
183.523,1.064
183.553,1.060
183.583,1.058
183.613,1.056
183.643,1.062
183.673,1.060
183.703,1.062
183.733,1.065
183.763,1.061
183.793,1.047
183.823,1.047
183.853,1.056
183.883,1.062
183.913,1.062
183.943,1.059
183.973,1.062
184.003,1.067
184.033,1.067
184.063,1.068
184.093,1.064
184.123,1.062
184.153,1.062
184.183,1.056
184.213,1.058
184.243,1.054
184.273,1.060
184.303,1.065
184.333,1.053
184.363,1.054
184.393,1.055
184.423,1.063
184.453,1.073
184.483,1.070
184.513,1.068
184.543,1.069
184.573,1.061
184.603,1.060
184.633,1.059
184.663,1.059
184.693,1.056
184.723,1.056
184.753,1.058
184.783,1.063
184.813,1.061
184.843,1.048
184.873,1.056
184.903,1.061
184.933,1.068
184.963,1.070
184.993,1.063
185.023,1.058
185.053,1.073
185.083,1.069
185.113,1.054
185.143,1.051
185.173,1.053
185.203,1.057
185.233,1.062
185.263,1.062
185.293,1.058
185.323,1.053
185.353,1.050
185.383,1.056
185.413,1.064
185.443,1.068
185.473,1.067
185.503,1.064
185.533,1.064
185.563,1.063
185.593,1.057
185.623,1.061
185.653,1.061
185.683,1.050
185.713,1.055
185.743,1.057
185.773,1.056
185.803,1.057
185.833,1.065
185.863,1.069
185.893,1.063
185.923,1.058
185.953,1.057
185.983,1.059
186.013,1.055
186.043,1.057
186.073,1.063
186.103,1.065
186.133,1.065
186.163,1.063
186.193,1.057
186.223,1.057
186.253,1.061
186.283,1.063
186.313,1.071
186.343,1.062
186.373,1.055
186.403,1.074
186.433,1.051
186.463,1.046
186.493,1.041
186.523,1.033
186.553,1.032
186.583,1.042
186.613,1.040
186.643,1.044
186.673,1.056
186.703,1.058
186.733,1.043
186.763,1.054
186.793,1.066
186.823,1.073
186.853,1.077
186.883,1.080
186.913,1.068
186.943,1.062
186.973,1.066
187.003,1.062
187.033,1.062
187.063,1.079
187.093,1.077
187.123,1.056
187.153,1.051
187.183,1.046
187.213,1.048
187.243,1.058
187.273,1.061
187.303,1.047
187.333,1.067
187.363,1.066
187.393,1.059
187.423,1.056
187.453,1.047
187.483,1.055
187.513,1.059
187.543,1.069
187.573,1.066
187.603,1.063
187.633,1.073
187.663,1.061
187.693,1.060
187.723,1.062
187.753,1.062
187.783,1.060
187.813,1.072
187.843,1.069
187.873,1.055
187.903,1.034
187.933,1.069
187.963,1.091
187.993,1.068
188.023,1.056
188.053,1.060
188.083,1.066
188.113,1.072
188.143,1.067
188.173,1.067
188.203,1.065
188.233,1.057
188.263,1.059
188.293,1.061
188.323,1.058
188.353,1.057
188.383,1.060
188.413,1.054
188.443,1.054
188.473,1.063
188.503,1.066
188.533,1.067
188.563,1.062
188.593,1.061
188.623,1.064
188.653,1.066
188.683,1.049
188.713,1.063
188.743,1.066
188.773,1.072
188.803,1.056
188.833,1.057
188.863,1.057
188.893,1.063
188.923,1.062
188.953,1.066
188.983,1.066
189.013,1.067
189.043,1.060
189.073,1.056
189.103,1.063
189.133,1.069
189.163,1.067
189.193,1.058
189.223,1.062
189.253,1.077
189.283,1.069
189.313,1.055
189.343,1.061
189.373,1.057
189.403,1.053
189.433,1.048
189.463,1.056
189.493,1.058
189.523,1.059
189.553,1.060
189.583,1.052
189.613,1.054
189.643,1.061
189.673,1.063
189.703,1.061
189.733,1.057
189.763,1.055
189.793,1.064
189.823,1.057
189.853,1.062
189.883,1.063
189.913,1.062
189.943,1.064
189.973,1.061
190.003,1.057
190.033,1.056
190.063,1.061
190.093,1.069
190.123,1.064
190.153,1.065
190.183,1.059
190.213,1.060
190.243,1.067
190.273,1.066
190.303,1.064
190.333,1.051
190.363,1.052
190.393,1.063
190.423,1.065
190.453,1.049
190.483,1.052
190.513,1.058
190.543,1.071
190.573,1.071
190.603,1.057
190.633,1.072
190.663,1.073
190.693,1.072
190.723,1.062
190.753,1.056
190.783,1.051
190.813,1.055
190.843,1.056
190.873,1.060
190.903,1.059
190.933,1.063
190.963,1.060
190.993,1.055
191.023,1.053
191.053,1.070
191.083,1.062
191.113,1.060
191.143,1.060
191.173,1.062
191.203,1.054
191.233,1.064
191.263,1.072
191.293,1.060
191.323,1.060
191.353,1.066
191.383,1.055
191.413,1.057
191.443,1.070
191.473,1.071
191.503,1.066
191.533,1.057
191.563,1.055
191.593,1.063
191.623,1.067
191.653,1.065
191.683,1.060
191.713,1.057
191.743,1.063
191.773,1.065
191.803,1.061
191.833,1.053
191.863,1.063
191.893,1.072
191.923,1.055
191.953,1.062
191.983,1.062
192.013,1.061
192.043,1.056
192.073,1.058
192.103,1.062
192.133,1.065
192.163,1.062
192.193,1.061
192.223,1.063
192.253,1.065
192.283,1.058
192.313,1.059
192.343,1.063
192.373,1.059
192.403,1.063
192.433,1.064
192.463,1.062
192.493,1.053
192.523,1.061
192.553,1.068
192.583,1.061
192.613,1.062
192.643,1.059
192.673,1.067
192.703,1.062
192.733,1.052
192.763,1.060
192.793,1.070
192.823,1.063
192.853,1.065
192.883,1.063
192.913,1.061
192.943,1.058
192.973,1.064
193.003,1.065
193.033,1.062
193.063,1.070
193.093,1.066
193.123,1.058
193.153,1.055
193.183,1.064
193.213,1.066
193.243,1.062
193.273,1.058
193.303,1.062
193.333,1.056
193.363,1.057
193.393,1.064
193.423,1.065
193.453,1.062
193.483,1.055
193.513,1.057
193.543,1.057
193.573,1.053
193.603,1.063
193.633,1.067
193.663,1.062
193.693,1.062
193.723,1.067
193.753,1.059
193.783,1.061
193.813,1.059
193.843,1.050
193.873,1.063
193.903,1.068
193.933,1.062
193.963,1.063
193.993,1.063
194.023,1.062
194.053,1.057
194.083,1.057
194.113,1.062
194.143,1.061
194.173,1.058
194.203,1.059
194.233,1.062
194.263,1.062
194.293,1.065
194.323,1.056
194.353,1.057
194.383,1.064
194.413,1.062
194.443,1.058
194.473,1.063
194.503,1.061
194.533,1.057
194.563,1.067
194.593,1.067
194.623,1.063
194.653,1.063
194.683,1.064
194.713,1.059
194.743,1.056
194.773,1.061
194.803,1.065
194.833,1.063
194.863,1.060
194.893,1.062
194.923,1.054
194.953,1.068
194.983,1.064
195.013,1.062
195.043,1.060
195.073,1.058
195.103,1.055
195.133,1.057
195.163,1.063
195.193,1.065
195.223,1.064
195.253,1.062
195.283,1.065
195.313,1.061
195.343,1.058
195.373,1.062
195.403,1.065
195.433,1.063
195.463,1.057
195.493,1.059
195.523,1.060
195.553,1.063
195.583,1.062
195.613,1.061
195.643,1.062
195.673,1.061
195.703,1.059
195.733,1.057
195.763,1.059
195.793,1.065
195.823,1.064
195.853,1.060
195.883,1.059
195.913,1.060
195.943,1.057
195.973,1.061
196.003,1.060
196.033,1.063
196.063,1.064
196.093,1.063
196.123,1.055
196.153,1.058
196.183,1.066
196.213,1.061
196.243,1.060
196.273,1.057
196.303,1.055
196.333,1.061
196.363,1.060
196.393,1.064
196.423,1.063
196.453,1.061
196.483,1.062
196.513,1.061
196.543,1.058
196.573,1.062
196.603,1.062
196.633,1.063
196.663,1.062
196.693,1.061
196.723,1.063
196.753,1.061
196.783,1.057
196.813,1.064
196.843,1.064
196.873,1.059
196.903,1.062
196.933,1.056
196.963,1.058
196.993,1.060
197.023,1.061
197.053,1.062
197.083,1.062
197.113,1.060
197.143,1.061
197.173,1.061
197.203,1.063
197.233,1.063
197.263,1.059
197.293,1.061
197.323,1.063
197.353,1.061
197.383,1.060
197.413,1.058
197.443,1.065
197.473,1.063
197.503,1.060
197.533,1.063
197.563,1.061
197.593,1.061
197.623,1.059
197.653,1.062
197.683,1.063
197.713,1.063
197.743,1.057
197.773,1.061
197.803,1.056
197.833,1.061
197.863,1.061
197.893,1.062
197.923,1.059
197.953,1.065
197.983,1.062
198.013,1.058
198.043,1.062
198.073,1.060
198.103,1.055
198.133,1.062
198.163,1.066
198.193,1.060
198.223,1.056
198.253,1.062
198.283,1.061
198.313,1.068
198.343,1.067
198.373,1.059
198.403,1.053
198.433,1.057
198.463,1.062
198.493,1.066
198.523,1.061
198.553,1.065
198.583,1.058
198.613,1.058
198.643,1.060
198.673,1.066
198.703,1.062
198.733,1.057
198.763,1.064
198.793,1.063
198.823,1.055
198.853,1.061
198.883,1.057
198.913,1.058
198.943,1.061
198.973,1.062
199.003,1.061
199.033,1.057
199.063,1.062
199.093,1.062
199.123,1.062
199.153,1.064
199.183,1.060
199.213,1.061
199.243,1.056
199.273,1.062
199.303,1.064
199.333,1.060
199.363,1.063
199.393,1.062
199.423,1.054
199.453,1.060
199.483,1.063
199.513,1.065
199.543,1.067
199.573,1.063
199.603,1.060
199.633,1.057
199.663,1.058
199.693,1.062
199.723,1.062
199.753,1.064
199.783,1.061
199.813,1.059
199.843,1.054
199.873,1.057
199.903,1.065
199.933,1.062
199.963,1.062
199.993,1.060
200.023,1.056
200.053,1.054
200.083,1.062
200.113,1.068
200.143,1.063
200.173,1.060
200.203,1.058
200.233,1.059
200.263,1.062
200.293,1.063
200.323,1.062
200.353,1.063
200.383,1.061
200.413,1.062
200.443,1.060
200.473,1.060
200.503,1.067
200.533,1.062
200.563,1.062
200.593,1.063
200.623,1.058
200.653,1.055
200.683,1.060
200.713,1.063
200.743,1.064
200.773,1.062
200.803,1.059
200.833,1.062
200.863,1.056
200.893,1.063
200.923,1.062
200.953,1.062
200.983,1.064
201.013,1.066
201.043,1.058
201.073,1.062
201.103,1.067
201.133,1.061
201.163,1.062
201.193,1.062
201.223,1.057
201.253,1.061
201.283,1.056
201.313,1.061
201.343,1.062
201.373,1.065
201.403,1.061
201.433,1.062
201.463,1.058
201.493,1.064
201.523,1.061
201.553,1.059
201.583,1.062
201.613,1.062
201.643,1.065
201.673,1.062
201.703,1.054
201.733,1.056
201.763,1.061
201.793,1.057
201.823,1.057
201.853,1.059
201.883,1.061
201.913,1.065
201.943,1.060
201.973,1.061
202.003,1.055
202.033,1.056
202.063,1.062
202.093,1.062
202.123,1.060
202.153,1.063
202.183,1.059
202.213,1.058
202.243,1.068
202.273,1.066
202.303,1.061
202.333,1.058
202.363,1.060
202.393,1.061
202.423,1.059
202.453,1.061
202.483,1.060
202.513,1.062
202.543,1.062
202.573,1.063
202.603,1.054
202.633,1.057
202.663,1.060
202.693,1.060
202.723,1.065
202.753,1.061
202.783,1.054
202.813,1.060
202.843,1.065
202.873,1.060
202.903,1.064
202.933,1.059
202.963,1.055
202.993,1.061
203.023,1.062
203.053,1.063
203.083,1.063
203.113,1.061
203.143,1.059
203.173,1.068
203.203,1.071
203.233,1.064
203.263,1.068
203.293,1.072
203.323,1.067
203.353,1.060
203.383,1.068
203.413,1.059
203.443,1.047
203.473,1.051
203.503,1.050
203.533,1.053
203.563,1.061
203.593,1.059
203.623,1.047
203.653,1.056
203.683,1.051
203.713,1.047
203.743,1.046
203.773,1.047
203.803,1.041
203.833,1.036
203.863,1.029
203.893,1.045
203.923,1.053
203.953,1.048
203.983,1.042
204.013,1.059
204.043,1.050
204.073,1.038
204.103,1.040
204.133,1.042
204.163,1.044
204.193,1.050
204.223,1.034
204.253,1.022
204.283,1.026
204.313,1.038
204.343,1.048
204.373,1.070
204.403,1.051
204.433,1.029
204.463,1.029
204.493,1.034
204.523,1.036
204.553,1.040
204.583,1.029
204.613,1.026
204.643,1.047
204.673,1.045
204.703,1.033
204.733,1.033
204.763,1.044
204.793,1.036
204.823,1.035
204.853,1.043
204.883,1.063
204.913,1.062
204.943,1.041
204.973,1.035
205.003,1.047
205.033,1.018
205.063,1.052
205.093,1.059
205.123,1.047
205.153,1.028
205.183,1.028
205.213,1.041
205.243,1.058
205.273,1.034
205.303,1.040
205.333,1.046
205.363,1.046
205.393,1.050
205.423,1.044
205.453,1.035
205.483,1.065
205.513,1.064
205.543,1.028
205.573,1.035
205.603,1.036
205.633,1.025
205.663,1.027
205.693,1.011
205.723,1.044
205.753,1.052
205.783,1.025
205.813,1.026
205.843,1.045
205.873,1.044
205.903,1.008
205.933,1.016
205.963,1.038
205.993,1.046
206.023,1.043
206.053,1.035
206.083,1.027
206.113,1.044
206.143,1.036
206.173,1.045
206.203,1.051
206.233,1.030
206.263,1.040
206.293,1.045
206.323,1.054
206.353,1.042
206.383,1.027
206.413,1.038
206.443,1.039
206.473,1.040
206.503,1.031
206.533,1.051
206.563,1.072
206.593,1.041
206.623,1.021
206.653,1.041
206.683,1.045
206.713,1.006
206.743,1.031
206.773,1.057
206.803,1.029
206.833,1.028
206.863,1.031
206.893,1.035
206.923,1.027
206.953,1.038
206.983,1.030
207.013,1.033
207.043,1.042
207.073,1.056
207.103,1.037
207.133,1.077
207.163,1.051
207.193,1.032
207.223,1.055
207.253,1.044
207.283,1.054
207.313,1.006
207.343,1.038
207.373,1.078
207.403,1.052
207.433,0.918
207.463,0.886
207.493,0.985
207.523,1.051
207.553,1.077
207.583,1.104
207.613,1.104
207.643,1.097
207.673,1.056
207.703,1.046
207.733,1.085
207.763,1.026
207.793,1.059
207.823,1.083
207.853,1.063
207.883,1.046
207.913,1.061
207.943,1.087
207.973,1.064
208.003,1.047
208.033,1.075
208.063,1.056
208.093,1.055
208.123,1.051
208.153,1.034
208.183,1.054
208.213,1.086
208.243,1.047
208.273,1.049
208.303,1.070
208.333,1.059
208.363,1.070
208.393,1.026
208.423,1.009
208.453,1.053
208.483,1.030
208.513,1.046
208.543,1.042
208.573,1.020
208.603,1.062
208.633,1.093
208.663,1.062
208.693,0.995
208.723,1.051
208.753,1.072
208.783,1.066
208.813,1.056
208.843,1.025
208.873,1.045
208.903,1.052
208.933,1.033
208.963,1.052
208.993,1.064
209.023,1.043
209.053,1.135
209.083,1.098
209.113,1.152
209.143,1.153
209.173,1.139
209.203,1.105
209.233,1.058
209.263,1.021
209.293,1.033
209.323,1.020
209.353,1.035
209.383,1.049
209.413,1.021
209.443,1.023
209.473,1.023
209.503,1.048
209.533,1.072
209.563,1.055
209.593,1.059
209.623,1.069
209.653,1.060
209.683,1.047
209.713,1.032
209.743,1.033
209.773,1.076
209.803,1.079
209.833,1.060
209.863,1.045
209.893,1.042
209.923,1.054
209.953,1.062
209.983,1.058
210.013,1.056
210.043,1.059
210.073,1.066
210.103,1.066
210.133,1.053
210.163,1.062
210.193,1.054
210.223,1.052
210.253,1.064
210.283,1.055
210.313,1.055
210.343,1.056
210.373,1.055
210.403,1.058
210.433,1.061
210.463,1.058
210.493,1.062
210.523,1.058
210.553,1.057
210.583,1.058
210.613,1.058
210.643,1.052
210.673,1.057
210.703,1.068
210.733,1.058
210.763,1.060
210.793,1.064
210.823,1.058
210.853,1.051
210.883,1.054
210.913,1.053
210.943,1.053
210.973,1.056
211.003,1.062
211.033,1.061
211.063,1.058
211.093,1.062
211.123,1.059
211.153,1.060
211.183,1.060
211.213,1.058
211.243,1.051
211.273,1.063
211.303,1.062
211.333,1.059
211.363,1.065
211.393,1.060
211.423,1.053
211.453,1.058
211.483,1.063
211.513,1.052
211.543,1.058
211.573,1.068
211.603,1.070
211.633,1.077
211.663,1.085
211.693,1.051
211.723,1.047
211.753,1.043
211.783,1.043
211.813,1.038
211.843,1.037
211.873,1.034
211.903,1.051
211.933,1.048
211.963,1.055
211.993,1.052
212.023,1.045
212.053,1.047
212.083,1.052
212.113,1.048
212.143,1.053
212.173,1.055
212.203,1.049
212.233,1.043
212.263,1.048
212.293,1.065
212.323,1.077
212.353,1.066
212.383,1.060
212.413,1.060
212.443,1.072
212.473,1.068
212.503,1.061
212.533,1.057
212.563,1.057
212.593,1.054
212.623,1.055
212.653,1.059
212.683,1.054
212.713,1.057
212.743,1.058
212.773,1.058
212.803,1.056
212.833,1.059
212.863,1.065
212.893,1.059
212.923,1.054
212.953,1.057
212.983,1.051
213.013,1.061
213.043,1.062
213.073,1.054
213.103,1.062
213.133,1.060
213.163,1.058
213.193,1.058
213.223,1.060
213.253,1.044
213.283,1.068
213.313,1.083
213.343,1.073
213.373,1.055
213.403,1.054
213.433,1.058
213.463,1.040
213.493,1.032
213.523,1.038
213.553,1.039
213.583,1.047
213.613,1.053
213.643,1.052
213.673,1.057
213.703,1.056
213.733,1.047
213.763,1.046
213.793,1.055
213.823,1.048
213.853,1.057
213.883,1.052
213.913,1.054
213.943,1.056
213.973,1.057
214.003,1.052
214.033,1.052
214.063,1.066
214.093,1.069
214.123,1.077
214.153,1.092
214.183,1.089
214.213,1.059
214.243,1.061
214.273,1.045
214.303,1.045
214.333,1.061
214.363,1.070
214.393,1.060
214.423,1.052
214.453,1.047
214.483,1.067
214.513,1.058
214.543,1.061
214.573,1.062
214.603,1.052
214.633,1.047
214.663,1.059
214.693,1.059
214.723,1.060
214.753,1.060
214.783,1.057
214.813,1.056
214.843,1.059
214.873,1.051
214.903,1.033
214.933,1.057
214.963,1.052
214.993,1.053
215.023,1.046
215.053,1.043
215.083,1.050
215.113,1.054
215.143,1.045
215.173,1.053
215.203,1.052
215.233,1.044
215.263,1.043
215.293,1.051
215.323,1.052
215.353,1.054
215.383,1.062
215.413,1.053
215.443,1.050
215.473,1.057
215.503,1.059
215.533,1.059
215.563,1.055
215.593,1.054
215.623,1.056
215.653,1.049
215.683,1.054
215.713,1.051
215.743,1.067
215.773,1.067
215.803,1.048
215.833,1.060
215.863,1.050
215.893,1.047
215.923,1.053
215.953,1.060
215.983,1.045
216.013,1.051
216.043,1.051
216.073,1.063
216.103,1.055
216.133,1.058
216.163,1.053
216.193,1.046
216.223,1.045
216.253,1.051
216.283,1.058
216.313,1.073
216.343,1.058
216.373,1.061
216.403,1.064
216.433,1.062
216.463,1.057
216.493,1.061
216.523,1.066
216.553,1.055
216.583,1.030
216.613,1.033
216.643,1.045
216.673,1.050
216.703,1.058
216.733,1.056
216.763,1.062
216.793,1.060
216.823,1.066
216.853,1.073
216.883,1.053
216.913,1.067
216.943,1.051
216.973,1.064
217.003,1.061
217.033,1.044
217.063,1.058
217.093,1.055
217.123,1.052
217.153,1.049
217.183,1.032
217.213,1.023
217.243,1.057
217.273,1.046
217.303,1.043
217.333,1.047
217.363,1.044
217.393,1.038
217.423,1.053
217.453,1.062
217.483,1.035
217.513,1.039
217.543,1.072
217.573,1.042
217.603,1.033
217.633,1.049
217.663,1.076
217.693,1.054
217.723,1.038
217.753,1.049
217.783,1.063
217.813,1.045
217.843,1.046
217.873,1.043
217.903,1.036
217.933,1.061
217.963,1.059
217.993,1.039
218.023,1.037
218.053,1.062
218.083,1.069
218.113,1.036
218.143,1.019
218.173,1.055
218.203,1.080
218.233,1.054
218.263,1.036
218.293,1.027
218.323,1.038
218.353,1.050
218.383,1.005
218.413,0.999
218.443,1.034
218.473,1.038
218.503,0.936
218.533,1.048
218.563,1.145
218.593,1.124
218.623,1.122
218.653,0.938
218.683,1.057
218.713,1.190
218.743,1.062
218.773,1.058
218.803,1.104
218.833,1.075
218.863,1.028
218.893,0.979
218.923,1.077
218.953,1.110
218.983,1.125
219.013,1.134
219.043,1.081
219.073,1.104
219.103,1.104
219.133,1.042
219.163,1.033
219.193,1.081
219.223,1.090
219.253,1.108
219.283,1.065
219.313,1.036
219.343,1.005
219.373,1.062
219.403,1.079
219.433,1.059
219.463,1.026
219.493,1.038
219.523,1.043
219.553,1.040
219.583,1.052
219.613,1.090
219.643,1.063
219.673,1.032
219.703,1.038
219.733,1.083
219.763,1.064
219.793,1.046
219.823,1.001
219.853,1.062
219.883,1.040
219.913,1.045
219.943,1.052
219.973,1.050
220.003,1.038
220.033,1.038
220.063,1.047
220.093,1.037
220.123,1.027
220.153,1.064
220.183,1.063
220.213,1.035
220.243,1.015
220.273,1.014
220.303,1.013
220.333,1.043
220.363,1.069
220.393,1.080
220.423,1.110
220.453,1.083
220.483,1.041
220.513,1.064
220.543,1.117
220.573,1.066
220.603,1.062
220.633,1.077
220.663,1.050
220.693,1.050
220.723,1.072
220.753,1.024
220.783,1.026
220.813,1.058
220.843,1.026
220.873,1.028
220.903,1.038
220.933,1.057
220.963,1.063
220.993,1.059
221.023,1.049
221.053,1.034
221.083,1.076
221.113,1.072
221.143,1.026
221.173,1.051
221.203,1.091
221.233,1.027
221.263,1.027
221.293,1.081
221.323,1.104
221.353,1.084
221.383,0.983
221.413,1.018
221.443,1.062
221.473,1.039
221.503,1.042
221.533,1.090
221.563,1.111
221.593,1.094
221.623,1.030
221.653,1.021
221.683,1.048
221.713,1.042
221.743,1.002
221.773,1.059
221.803,1.095
221.833,1.035
221.863,1.032
221.893,1.031
221.923,1.037
221.953,1.079
221.983,1.074
222.013,1.062
222.043,1.054
222.073,1.048
222.103,1.008
222.133,1.026
222.163,1.068
222.193,1.087
222.223,1.068
222.253,1.039
222.283,1.055
222.313,1.039
222.343,1.031
222.373,1.062
222.403,1.057
222.433,1.059
222.463,1.029
222.493,1.005
222.523,1.027
222.553,1.028
222.583,1.132
222.613,1.133
222.643,1.017
222.673,1.037
222.703,1.064
222.733,1.055
222.763,1.029
222.793,1.053
222.823,1.049
222.853,1.045
222.883,1.065
222.913,1.065
222.943,1.030
222.973,1.054
223.003,1.062
223.033,1.051
223.063,1.009
223.093,0.998
223.123,1.034
223.153,1.020
223.183,1.035
223.213,1.024
223.243,1.052
223.273,1.061
223.303,1.009
223.333,1.032
223.363,1.082
223.393,1.044
223.423,1.040
223.453,1.044
223.483,1.035
223.513,1.033
223.543,1.058
223.573,1.050
223.603,1.052
223.633,1.098
223.663,1.100
223.693,1.088
223.723,1.079
223.753,1.083
223.783,1.079
223.813,1.123
223.843,1.116
223.873,1.100
223.903,1.101
223.933,1.112
223.963,1.123
223.993,1.118
224.023,1.107
224.053,1.040
224.083,1.016
224.113,1.043
224.143,1.057
224.173,1.076
224.203,1.102
224.233,1.087
224.263,1.075
224.293,1.091
224.323,1.073
224.353,1.073
224.383,1.069
224.413,1.070
224.443,1.084
224.473,1.069
224.503,1.069
224.533,1.072
224.563,1.071
224.593,1.079
224.623,1.082
224.653,1.075
224.683,1.083
224.713,1.069
224.743,1.070
224.773,1.073
224.803,1.109
224.833,1.117
224.863,1.077
224.893,1.085
224.923,1.105
224.953,1.101
224.983,1.082
225.013,1.050
225.043,1.046
225.073,1.095
225.103,1.110
225.133,1.099
225.163,1.097
225.193,1.104
225.223,1.089
225.253,1.045
225.283,1.073
225.313,1.111
225.343,1.099
225.373,1.062
225.403,1.017
225.433,1.027
225.463,1.002
225.493,1.019
225.523,1.112
225.553,1.096
225.583,1.064
225.613,1.039
225.643,1.023
225.673,1.062
225.703,1.066
225.733,1.037
225.763,0.992
225.793,0.991
225.823,1.034
225.853,1.011
225.883,1.007
225.913,1.030
225.943,1.010
225.973,0.985
226.003,1.013
226.033,1.044
226.063,1.051
226.093,1.044
226.123,1.038
226.153,1.066
226.183,1.050
226.213,1.081
226.243,1.036
226.273,1.064
226.303,1.079
226.333,1.043
226.363,1.030
226.393,1.072
226.423,1.075
226.453,1.031
226.483,1.062
226.513,1.086
226.543,1.070
226.573,1.067
226.603,1.048
226.633,1.026
226.663,1.065
226.693,1.055
226.723,1.039
226.753,1.055
226.783,1.032
226.813,1.038
226.843,1.051
226.873,1.034
226.903,1.020
226.933,1.050
226.963,1.066
226.993,1.039
227.023,1.049
227.053,1.063
227.083,1.042
227.113,1.036
227.143,1.034
227.173,1.046
227.203,1.050
227.233,1.065
227.263,1.046
227.293,1.070
227.323,1.045
227.353,1.037
227.383,1.039
227.413,1.040
227.443,1.024
227.473,1.047
227.503,1.068
227.533,1.064
227.563,1.055
227.593,1.068
227.623,1.067
227.653,1.062
227.683,1.046
227.713,1.063
227.743,1.044
227.773,1.048
227.803,1.050
227.833,1.048
227.863,1.060
227.893,1.056
227.923,1.047
227.953,1.062
227.983,1.053
228.013,1.030
228.043,1.044
228.073,1.056
228.103,1.057
228.133,1.060
228.163,1.054
228.193,1.041
228.223,1.046
228.253,1.051
228.283,1.045
228.313,1.052
228.343,1.060
228.373,1.046
228.403,1.050
228.433,1.051
228.463,1.052
228.493,1.051
228.523,1.059
228.553,1.046
228.583,1.047
228.613,1.053
228.643,1.071
228.673,1.056
228.703,1.040
228.733,1.051
228.763,1.060
228.793,1.052
228.823,1.054
228.853,1.057
228.883,1.049
228.913,1.056
228.943,1.054
228.973,1.047
229.003,1.050
229.033,1.053
229.063,1.056
229.093,1.057
229.123,1.047
229.153,1.039
229.183,1.060
229.213,1.060
229.243,1.071
229.273,1.085
229.303,1.070
229.333,1.056
229.363,1.038
229.393,1.037
229.423,1.026
229.453,1.024
229.483,1.025
229.513,1.035
229.543,1.032
229.573,1.043
229.603,1.053
229.633,1.049
229.663,0.999
229.693,1.042
229.723,1.089
229.753,1.069
229.783,1.062
229.813,1.087
229.843,1.065
229.873,1.055
229.903,1.062
229.933,1.058
229.963,1.025
229.993,1.050
230.023,1.038
230.053,1.048
230.083,1.063
230.113,1.053
230.143,1.044
230.173,1.036
230.203,1.058
230.233,1.043
230.263,1.032
230.293,1.064
230.323,1.080
230.353,1.065
230.383,1.043
230.413,1.046
230.443,1.054
230.473,1.027
230.503,1.046
230.533,1.088
230.563,1.092
230.593,1.092
230.623,1.113
230.653,1.105
230.683,1.058
230.713,1.048
230.743,1.053
230.773,1.067
230.803,1.090
230.833,1.062
230.863,1.062
230.893,1.106
230.923,1.125
230.953,1.110
230.983,1.108
231.013,1.096
231.043,1.090
231.073,1.076
231.103,1.072
231.133,1.061
231.163,1.083
231.193,1.100
231.223,1.093
231.253,1.077
231.283,1.082
231.313,1.089
231.343,1.090
231.373,1.081
231.403,1.088
231.433,1.088
231.463,1.084
231.493,1.087
231.523,1.096
231.553,1.085
231.583,1.075
231.613,1.074
231.643,1.076
231.673,1.082
231.703,1.073
231.733,1.087
231.763,1.102
231.793,1.066
231.823,1.077
231.853,1.091
231.883,1.075
231.913,1.073
231.943,1.085
231.973,1.069
232.003,1.069
232.033,1.097
232.063,1.092
232.093,1.076
232.123,1.080
232.153,1.081
232.183,1.063
232.213,1.074
232.243,1.089
232.273,1.067
232.303,1.052
232.333,1.097
232.363,1.085
232.393,1.074
232.423,1.077
232.453,1.109
232.483,1.090
232.513,1.079
232.543,1.052
232.573,1.074
232.603,1.082
232.633,1.072
232.663,1.073
232.693,1.061
232.723,1.083
232.753,1.081
232.783,1.074
232.813,1.068
232.843,1.099
232.873,1.089
232.903,1.058
232.933,1.062
232.963,1.081
232.993,1.076
233.023,1.075
233.053,1.073
233.083,1.076
233.113,1.075
233.143,1.074
233.173,1.064
233.203,1.065
233.233,1.084
233.263,1.075
233.293,1.075
233.323,1.071
233.353,1.076
233.383,1.078
233.413,1.068
233.443,1.070
233.473,1.082
233.503,1.078
233.533,1.073
233.563,1.060
233.593,1.064
233.623,1.077
233.653,1.077
233.683,1.073
233.713,1.080
233.743,1.075
233.773,1.080
233.803,1.072
233.833,1.071
233.863,1.064
233.893,1.091
233.923,1.083
233.953,1.088
233.983,1.083
234.013,1.065
234.043,1.083
234.073,1.062
234.103,1.049
234.133,1.079
234.163,1.081
234.193,1.067
234.223,1.077
234.253,1.076
234.283,1.054
234.313,1.061
234.343,1.067
234.373,1.067
234.403,1.065
234.433,1.082
234.463,1.063
234.493,1.060
234.523,1.070
234.553,1.064
234.583,1.062
234.613,1.070
234.643,1.068
234.673,1.062
234.703,1.074
234.733,1.071
234.763,1.071
234.793,1.072
234.823,1.066
234.853,1.071
234.883,1.074
234.913,1.069
234.943,1.072
234.973,1.071
235.003,1.069
235.033,1.070
235.063,1.068
235.093,1.067
235.123,1.087
235.153,1.082
235.183,1.065
235.213,1.077
235.243,1.065
235.273,1.067
235.303,1.064
235.333,1.056
235.363,1.057
235.393,1.054
235.423,1.062
235.453,1.062
235.483,1.085
235.513,1.075
235.543,1.063
235.573,1.068
235.603,1.066
235.633,1.076
235.663,1.084
235.693,1.059
235.723,1.060
235.753,1.073
235.783,1.069
235.813,1.071
235.843,1.073
235.873,1.069
235.903,1.063
235.933,1.068
235.963,1.056
235.993,1.075
236.023,1.085
236.053,1.081
236.083,1.074
236.113,1.070
236.143,1.072
236.173,1.068
236.203,1.067
236.233,1.080
236.263,1.070
236.293,1.082
236.323,1.076
236.353,1.065
236.383,1.063
236.413,1.082
236.443,1.080
236.473,1.073
236.503,1.067
236.533,1.073
236.563,1.073
236.593,1.069
236.623,1.074
236.653,1.072
236.683,1.069
236.713,1.077
236.743,1.068
236.773,1.073
236.803,1.075
236.833,1.081
236.863,1.070
236.893,1.068
236.923,1.076
236.953,1.066
236.983,1.069
237.013,1.064
237.043,1.074
237.073,1.076
237.103,1.082
237.133,1.076
237.163,1.067
237.193,1.069
237.223,1.070
237.253,1.069
237.283,1.073
237.313,1.076
237.343,1.078
237.373,1.074
237.403,1.071
237.433,1.069
237.463,1.072
237.493,1.068
237.523,1.081
237.553,1.082
237.583,1.068
237.613,1.065
237.643,1.078
237.673,1.076
237.703,1.069
237.733,1.074
237.763,1.072
237.793,1.074
237.823,1.085
237.853,1.077
237.883,1.069
237.913,1.078
237.943,1.080
237.973,1.076
238.003,1.069
238.033,1.075
238.063,1.072
238.093,1.075
238.123,1.081
238.153,1.074
238.183,1.071
238.213,1.083
238.243,1.082
238.273,1.070
238.303,1.076
238.333,1.074
238.363,1.075
238.393,1.066
238.423,1.075
238.453,1.078
238.483,1.074
238.513,1.075
238.543,1.074
238.573,1.076
238.603,1.069
238.633,1.079
238.663,1.078
238.693,1.063
238.723,1.075
238.753,1.086
238.783,1.068
238.813,1.080
238.843,1.076
238.873,1.071
238.903,1.079
238.933,1.080
238.963,1.077
238.993,1.080
239.023,1.078
239.053,1.067
239.083,1.069
239.113,1.066
239.143,1.075
239.173,1.088
239.203,1.085
239.233,1.075
239.263,1.073
239.293,1.082
239.323,1.086
239.353,1.078
239.383,1.076
239.413,1.068
239.443,1.079
239.473,1.077
239.503,1.068
239.533,1.069
239.563,1.067
239.593,1.071
239.623,1.062
239.653,1.060
239.683,1.073
239.713,1.074
239.743,1.066
239.773,1.062
239.803,1.084
239.833,1.085
239.863,1.075
239.893,1.077
239.923,1.079
239.953,1.075
239.983,1.077
240.013,1.062
240.043,1.079
240.073,1.076
240.103,1.074
240.133,1.068
240.163,1.061
240.193,1.070
240.223,1.077
240.253,1.075
240.283,1.076
240.313,1.070
240.343,1.078
240.373,1.076
240.403,1.079
240.433,1.080
240.463,1.067
240.493,1.065
240.523,1.069
240.553,1.075
240.583,1.075
240.613,1.072
240.643,1.074
240.673,1.075
240.703,1.072
240.733,1.069
240.763,1.064
240.793,1.062
240.823,1.071
240.853,1.083
240.883,1.078
240.913,1.079
240.943,1.077
240.973,1.070
241.003,1.067
241.033,1.077
241.063,1.066
241.093,1.057
241.123,1.058
241.153,1.059
241.183,1.045
241.213,1.061
241.243,1.087
241.273,1.081
241.303,1.089
241.333,1.095
241.363,1.089
241.393,1.061
241.423,1.076
241.453,1.056
241.483,1.050
241.513,1.071
241.543,1.083
241.573,1.089
241.603,1.091
241.633,1.095
241.663,1.068
241.693,1.057
241.723,1.080
241.753,1.081
241.783,1.062
241.813,1.063
241.843,1.071
241.873,1.078
241.903,1.074
241.933,1.078
241.963,1.085
241.993,1.077
242.023,1.062
242.053,1.067
242.083,1.074
242.113,1.072
242.143,1.088
242.173,1.099
242.203,1.110
242.233,1.092
242.263,1.090
242.293,1.085
242.323,1.073
242.353,1.077
242.383,1.086
242.413,1.084
242.443,1.085
242.473,1.086
242.503,1.071
242.533,1.114
242.563,1.113
242.593,1.065
242.623,1.061
242.653,1.082
242.683,1.096
242.713,1.078
242.743,1.064
242.773,1.057
242.803,1.064
242.833,1.074
242.863,1.086
242.893,1.092
242.923,1.062
242.953,1.052
242.983,1.060
243.013,1.064
243.043,1.073
243.073,1.072
243.103,1.087
243.133,1.085
243.163,1.077
243.193,1.069
243.223,1.067
243.253,1.082
243.283,1.072
243.313,1.078
243.343,1.080
243.373,1.082
243.403,1.085
243.433,1.080
243.463,1.082
243.493,1.081
243.523,1.077
243.553,1.086
243.583,1.087
243.613,1.078
243.643,1.076
243.673,1.073
243.703,1.069
243.733,1.088
243.763,1.081
243.793,1.063
243.823,1.078
243.853,1.099
243.883,1.091
243.913,1.074
243.943,1.082
243.973,1.094
244.003,1.071
244.033,1.063
244.063,1.075
244.093,1.091
244.123,1.070
244.153,1.075
244.183,1.075
244.213,1.083
244.243,1.083
244.273,1.084
244.303,1.088
244.333,1.071
244.363,1.066
244.393,1.082
244.423,1.084
244.453,1.071
244.483,1.087
244.513,1.084
244.543,1.081
244.573,1.075
244.603,1.068
244.633,1.082
244.663,1.083
244.693,1.084
244.723,1.072
244.753,1.069
244.783,1.078
244.813,1.076
244.843,1.075
244.873,1.081
244.903,1.085
244.933,1.080
244.963,1.071
244.993,1.078
245.023,1.088
245.053,1.077
245.083,1.082
245.113,1.072
245.143,1.062
245.173,1.076
245.203,1.086
245.233,1.071
245.263,1.084
245.293,1.104
245.323,1.084
245.353,1.056
245.383,1.072
245.413,1.085
245.443,1.084
245.473,1.071
245.503,1.073
245.533,1.084
245.563,1.078
245.593,1.078
245.623,1.087
245.653,1.073
245.683,1.068
245.713,1.068
245.743,1.082
245.773,1.081
245.803,1.083
245.833,1.072
245.863,1.077
245.893,1.081
245.923,1.075
245.953,1.078
245.983,1.080
246.013,1.076
246.043,1.083
246.073,1.087
246.103,1.086
246.133,1.076
246.163,1.078
246.193,1.078
246.223,1.072
246.253,1.072
246.283,1.082
246.313,1.089
246.343,1.084
246.373,1.062
246.403,1.074
246.433,1.086
246.463,1.067
246.493,1.075
246.523,1.085
246.553,1.076
246.583,1.065
246.613,1.078
246.643,1.088
246.673,1.084
246.703,1.070
246.733,1.084
246.763,1.079
246.793,1.068
246.823,1.090
246.853,1.096
246.883,1.076
246.913,1.084
246.943,1.076
246.973,1.058
247.003,1.074
247.033,1.092
247.063,1.082
247.093,1.067
247.123,1.084
247.153,1.079
247.183,1.072
247.213,1.067
247.243,1.073
247.273,1.070
247.303,1.072
247.333,1.089
247.363,1.094
247.393,1.087
247.423,1.075
247.453,1.091
247.483,1.074
247.513,1.071
247.543,1.080
247.573,1.077
247.603,1.088
247.633,1.091
247.663,1.074
247.693,1.067
247.723,1.062
247.753,1.054
247.783,1.073
247.813,1.087
247.843,1.088
247.873,1.083
247.903,1.079
247.933,1.076
247.963,1.066
247.993,1.067
248.023,1.068
248.053,1.073
248.083,1.077
248.113,1.075
248.143,1.085
248.173,1.097
248.203,1.085
248.233,1.075
248.263,1.077
248.293,1.079
248.323,1.071
248.353,1.070
248.383,1.076
248.413,1.071
248.443,1.080
248.473,1.081
248.503,1.070
248.533,1.080
248.563,1.086
248.593,1.076
248.623,1.076
248.653,1.072
248.683,1.071
248.713,1.069
248.743,1.088
248.773,1.082
248.803,1.082
248.833,1.080
248.863,1.086
248.893,1.076
248.923,1.085
248.953,1.077
248.983,1.065
249.013,1.068
249.043,1.094
249.073,1.084
249.103,1.073
249.133,1.081
249.163,1.082
249.193,1.066
249.223,1.072
249.253,1.080
249.283,1.075
249.313,1.071
249.343,1.085
249.373,1.084
249.403,1.086
249.433,1.072
249.463,1.077
249.493,1.083
249.523,1.077
249.553,1.071
249.583,1.086
249.613,1.076
249.643,1.074
249.673,1.075
249.703,1.084
249.733,1.078
249.763,1.071
249.793,1.066
249.823,1.085
249.853,1.082
249.883,1.072
249.913,1.076
249.943,1.079
249.973,1.079
250.003,1.069
250.033,1.081
250.063,1.082
250.093,1.079
250.123,1.078
250.153,1.087
250.183,1.081
250.213,1.086
250.243,1.076
250.273,1.075
250.303,1.067
250.333,1.070
250.363,1.078
250.393,1.084
250.423,1.087
250.453,1.079
250.483,1.075
250.513,1.077
250.543,1.070
250.573,1.073
250.603,1.083
250.633,1.085
250.663,1.081
250.693,1.080
250.723,1.077
250.753,1.086
250.783,1.084
250.813,1.078
250.843,1.084
250.873,1.071
250.903,1.070
250.933,1.074
250.963,1.080
250.993,1.077
251.023,1.093
251.053,1.092
251.083,1.081
251.113,1.067
251.143,1.063
251.173,1.077
251.203,1.072
251.233,1.052
251.263,1.072
251.293,1.091
251.323,1.087
251.353,1.077
251.383,1.069
251.413,1.069
251.443,1.079
251.473,1.091
251.503,1.084
251.533,1.056
251.563,1.083
251.593,1.105
251.623,1.095
251.653,1.072
251.683,1.065
251.713,1.085
251.743,1.090
251.773,1.069
251.803,1.054
251.833,1.066
251.863,1.059
251.893,1.069
251.923,1.080
251.953,1.071
251.983,1.087
252.013,1.085
252.043,1.080
252.073,1.102
252.103,1.094
252.133,1.084
252.163,1.087
252.193,1.080
252.223,1.072
252.253,1.073
252.283,1.065
252.313,1.071
252.343,1.076
252.373,1.098
252.403,1.082
252.433,1.069
252.463,1.082
252.493,1.088
252.523,1.068
252.553,1.070
252.583,1.091
252.613,1.084
252.643,1.078
252.673,1.092
252.703,1.081
252.733,1.074
252.763,1.079
252.793,1.084
252.823,1.072
252.853,1.076
252.883,1.086
252.913,1.081
252.943,1.083
252.973,1.080
253.003,1.080
253.033,1.090
253.063,1.083
253.093,1.064
253.123,1.077
253.153,1.085
253.183,1.081
253.213,1.080
253.243,1.084
253.273,1.090
253.303,1.082
253.333,1.064
253.363,1.085
253.393,1.091
253.423,1.077
253.453,1.070
253.483,1.084
253.513,1.089
253.543,1.083
253.573,1.076
253.603,1.075
253.633,1.088
253.663,1.082
253.693,1.072
253.723,1.078
253.753,1.091
253.783,1.089
253.813,1.067
253.843,1.085
253.873,1.077
253.903,1.065
253.933,1.073
253.963,1.065
253.993,1.061
254.023,1.076
254.053,1.082
254.083,1.087
254.113,1.083
254.143,1.067
254.173,1.062
254.203,1.075
254.233,1.067
254.263,1.075
254.293,1.081
254.323,1.084
254.353,1.072
254.383,1.063
254.413,1.078
254.443,1.092
254.473,1.087
254.503,1.071
254.533,1.067
254.563,1.078
254.593,1.066
254.623,1.073
254.653,1.081
254.683,1.081
254.713,1.073
254.743,1.074
254.773,1.068
254.803,1.075
254.833,1.087
254.863,1.078
254.893,1.068
254.923,1.074
254.953,1.083
254.983,1.076
255.013,1.058
255.043,1.070
255.073,1.057
255.103,1.055
255.133,1.066
255.163,1.062
255.193,1.083
255.223,1.085
255.253,1.079
255.283,1.064
255.313,1.071
255.343,1.090
255.373,1.077
255.403,1.081
255.433,1.067
255.463,1.062
255.493,1.069
255.523,1.077
255.553,1.078
255.583,1.074
255.613,1.079
255.643,1.075
255.673,1.063
255.703,1.062
255.733,1.080
255.763,1.082
255.793,1.072
255.823,1.064
255.853,1.071
255.883,1.067
255.913,1.064
255.943,1.067
255.973,1.057
256.003,1.046
256.033,1.057
256.063,1.062
256.093,1.053
256.123,1.056
256.153,1.065
256.183,1.075
256.213,1.064
256.243,1.073
256.273,1.086
256.303,1.088
256.333,1.073
256.363,1.073
256.393,1.084
256.423,1.072
256.453,1.071
256.483,1.100
256.513,1.086
256.543,1.087
256.573,1.080
256.603,1.078
256.633,1.059
256.663,1.068
256.693,1.077
256.723,1.088
256.753,1.104
256.783,1.082
256.813,1.102
256.843,1.099
256.873,1.083
256.903,1.065
256.933,1.046
256.963,1.076
256.993,1.080
257.023,1.072
257.053,1.062
257.083,1.076
257.113,1.113
257.143,1.087
257.173,1.085
257.203,1.091
257.233,1.092
257.263,1.091
257.293,1.080
257.323,1.074
257.353,1.069
257.383,1.072
257.413,1.079
257.443,1.077
257.473,1.093
257.503,1.086
257.533,1.071
257.563,1.080
257.593,1.079
257.623,1.085
257.653,1.073
257.683,1.088
257.713,1.083
257.743,1.079
257.773,1.079
257.803,1.082
257.833,1.077
257.863,1.077
257.893,1.083
257.923,1.073
257.953,1.081
257.983,1.083
258.013,1.079
258.043,1.071
258.073,1.081
258.103,1.081
258.133,1.081
258.163,1.069
258.193,1.068
258.223,1.078
258.253,1.079
258.283,1.073
258.313,1.089
258.343,1.092
258.373,1.087
258.403,1.082
258.433,1.068
258.463,1.072
258.493,1.064
258.523,1.078
258.553,1.085
258.583,1.093
258.613,1.079
258.643,1.073
258.673,1.078
258.703,1.073
258.733,1.072
258.763,1.087
258.793,1.081
258.823,1.080
258.853,1.078
258.883,1.082
258.913,1.084
258.943,1.080
258.973,1.069
259.003,1.078
259.033,1.081
259.063,1.081
259.093,1.073
259.123,1.090
259.153,1.082
259.183,1.077
259.213,1.078
259.243,1.069
259.273,1.081
259.303,1.086
259.333,1.081
259.363,1.076
259.393,1.066
259.423,1.096
259.453,1.094
259.483,1.075
259.513,1.070
259.543,1.076
259.573,1.077
259.603,1.070
259.633,1.075
259.663,1.091
259.693,1.081
259.723,1.082
259.753,1.076
259.783,1.070
259.813,1.078
259.843,1.081
259.873,1.075
259.903,1.080
259.933,1.078
259.963,1.092
259.993,1.086
260.023,1.082
260.053,1.084
260.083,1.071
260.113,1.072
260.143,1.070
260.173,1.067
260.203,1.077
260.233,1.091
260.263,1.089
260.293,1.072
260.323,1.076
260.353,1.082
260.383,1.086
260.413,1.070
260.443,1.080
260.473,1.091
260.503,1.083
260.533,1.072
260.563,1.078
260.593,1.087
260.623,1.083
260.653,1.070
260.683,1.084
260.713,1.081
260.743,1.059
260.773,1.081
260.803,1.086
260.833,1.078
260.863,1.075
260.893,1.073
260.923,1.082
260.953,1.082
260.983,1.073
261.013,1.076
261.043,1.083
261.073,1.086
261.103,1.066
261.133,1.063
261.163,1.095
261.193,1.093
261.223,1.074
261.253,1.066
261.283,1.080
261.313,1.086
261.343,1.080
261.373,1.077
261.403,1.076
261.433,1.084
261.463,1.080
261.493,1.070
261.523,1.076
261.553,1.076
261.583,1.074
261.613,1.088
261.643,1.066
261.673,1.071
261.703,1.087
261.733,1.072
261.763,1.081
261.793,1.075
261.823,1.081
261.853,1.087
261.883,1.078
261.913,1.062
261.943,1.073
261.973,1.086
262.003,1.082
262.033,1.088
262.063,1.087
262.093,1.081
262.123,1.076
262.153,1.078
262.183,1.091
262.213,1.082
262.243,1.074
262.273,1.079
262.303,1.074
262.333,1.072
262.363,1.083
262.393,1.094
262.423,1.085
262.453,1.080
262.483,1.068
262.513,1.071
262.543,1.089
262.573,1.074
262.603,1.084
262.633,1.086
262.663,1.082
262.693,1.079
262.723,1.073
262.753,1.079
262.783,1.085
262.813,1.079
262.843,1.084
262.873,1.078
262.903,1.070
262.933,1.093
262.963,1.089
262.993,1.076
263.023,1.069
263.053,1.078
263.083,1.082
263.113,1.073
263.143,1.079
263.173,1.081
263.203,1.088
263.233,1.087
263.263,1.075
263.293,1.080
263.323,1.082
263.353,1.083
263.383,1.080
263.413,1.082
263.443,1.076
263.473,1.085
263.503,1.082
263.533,1.081
263.563,1.083
263.593,1.081
263.623,1.081
263.653,1.073
263.683,1.070
263.713,1.087
263.743,1.088
263.773,1.073
263.803,1.077
263.833,1.082
263.863,1.075
263.893,1.074
263.923,1.081
263.953,1.090
263.983,1.095
264.013,1.074
264.043,1.079
264.073,1.087
264.103,1.087
264.133,1.074
264.163,1.069
264.193,1.080
264.223,1.072
264.253,1.082
264.283,1.086
264.313,1.085
264.343,1.086
264.373,1.080
264.403,1.069
264.433,1.077
264.463,1.079
264.493,1.091
264.523,1.090
264.553,1.062
264.583,1.077
264.613,1.096
264.643,1.087
264.673,1.100
264.703,1.109
264.733,1.109
264.763,1.117
264.793,1.110
264.823,1.102
264.853,1.071
264.883,1.079
264.913,1.091
264.943,1.093
264.973,1.062
265.003,1.050
265.033,1.055
265.063,1.051
265.093,1.030
265.123,1.021
265.153,1.038
265.183,1.024
265.213,1.015
265.243,1.022
265.273,1.047
265.303,1.069
265.333,1.048
265.363,1.079
265.393,1.092
265.423,1.081
265.453,1.085
265.483,1.075
265.513,1.083
265.543,1.095
265.573,1.090
265.603,1.070
265.633,1.082
265.663,1.085
265.693,1.114
265.723,1.115
265.753,1.126
265.783,1.131
265.813,1.092
265.843,1.077
265.873,1.059
265.903,1.049
265.933,1.062
265.963,1.056
265.993,1.062
266.023,1.073
266.053,1.088
266.083,1.083
266.113,1.068
266.143,1.062
266.173,1.078
266.203,1.083
266.233,1.061
266.263,1.082
266.293,1.090
266.323,1.099
266.353,1.074
266.383,1.058
266.413,1.042
266.443,1.052
266.473,1.062
266.503,1.064
266.533,1.059
266.563,1.060
266.593,1.090
266.623,1.082
266.653,1.072
266.683,1.066
266.713,1.052
266.743,1.057
266.773,1.055
266.803,1.068
266.833,1.072
266.863,1.068
266.893,1.062
266.923,1.062
266.953,1.062
266.983,1.060
267.013,1.072
267.043,1.068
267.073,1.063
267.103,1.073
267.133,1.068
267.163,1.056
267.193,1.048
267.223,1.074
267.253,1.070
267.283,1.063
267.313,1.069
267.343,1.069
267.373,1.064
267.403,1.066
267.433,1.068
267.463,1.070
267.493,1.077
267.523,1.068
267.553,1.065
267.583,1.069
267.613,1.080
267.643,1.068
267.673,1.077
267.703,1.074
267.733,1.071
267.763,1.073
267.793,1.063
267.823,1.062
267.853,1.074
267.883,1.073
267.913,1.071
267.943,1.063
267.973,1.062
268.003,1.082
268.033,1.075
268.063,1.072
268.093,1.070
268.123,1.063
268.153,1.064
268.183,1.071
268.213,1.081
268.243,1.071
268.273,1.070
268.303,1.067
268.333,1.072
268.363,1.066
268.393,1.063
268.423,1.070
268.453,1.070
268.483,1.065
268.513,1.081
268.543,1.063
268.573,1.068
268.603,1.080
268.633,1.075
268.663,1.067
268.693,1.066
268.723,1.070
268.753,1.072
268.783,1.073
268.813,1.076
268.843,1.080
268.873,1.063
268.903,1.064
268.933,1.078
268.963,1.067
268.993,1.063
269.023,1.069
269.053,1.077
269.083,1.083
269.113,1.063
269.143,1.066
269.173,1.093
269.203,1.071
269.233,1.068
269.263,1.063
269.293,1.069
269.323,1.073
269.353,1.078
269.383,1.070
269.413,1.068
269.443,1.072
269.473,1.079
269.503,1.071
269.533,1.082
269.563,1.080
269.593,1.080
269.623,1.082
269.653,1.115
269.683,1.126
269.713,1.123
269.743,1.106
269.773,1.087
269.803,1.074
269.833,1.082
269.863,1.063
269.893,1.067
269.923,1.060
269.953,1.075
269.983,1.078
270.013,1.064
270.043,1.052
270.073,1.049
270.103,1.040
270.133,1.039
270.163,1.050
270.193,1.044
270.223,1.044
270.253,1.048
270.283,1.053
270.313,1.036
270.343,1.048
270.373,1.049
270.403,1.054
270.433,1.068
270.463,1.075
270.493,1.062
270.523,1.046
270.553,1.050
270.583,1.060
270.613,1.067
270.643,1.055
270.673,1.035
270.703,1.029
270.733,1.041
270.763,1.042
270.793,1.041
270.823,1.058
270.853,1.053
270.883,1.046
270.913,1.058
270.943,1.053
270.973,1.067
271.003,1.065
271.033,1.067
271.063,1.083
271.093,1.058
271.123,1.043
271.153,1.080
271.183,1.075
271.213,1.066
271.243,1.086
271.273,1.101
271.303,1.107
271.333,1.095
271.363,1.080
271.393,1.086
271.423,1.077
271.453,1.064
271.483,1.073
271.513,1.074
271.543,1.089
271.573,1.072
271.603,1.064
271.633,1.069
271.663,1.078
271.693,1.061
271.723,1.064
271.753,1.066
271.783,1.073
271.813,1.065
271.843,1.069
271.873,1.065
271.903,1.081
271.933,1.082
271.963,1.070
271.993,1.059
272.023,1.064
272.053,1.073
272.083,1.071
272.113,1.065
272.143,1.065
272.173,1.060
272.203,1.067
272.233,1.079
272.263,1.066
272.293,1.071
272.323,1.071
272.353,1.058
272.383,1.072
272.413,1.072
272.443,1.075
272.473,1.073
272.503,1.065
272.533,1.072
272.563,1.075
272.593,1.067
272.623,1.073
272.653,1.072
272.683,1.070
272.713,1.068
272.743,1.072
272.773,1.064
272.803,1.064
272.833,1.076
272.863,1.071
272.893,1.058
272.923,1.069
272.953,1.076
272.983,1.074
273.013,1.060
273.043,1.076
273.073,1.084
273.103,1.054
273.133,1.064
273.163,1.071
273.193,1.062
273.223,1.078
273.253,1.072
273.283,1.064
273.313,1.070
273.343,1.072
273.373,1.069
273.403,1.068
273.433,1.069
273.463,1.074
273.493,1.067
273.523,1.075
273.553,1.077
273.583,1.073
273.613,1.066
273.643,1.055
273.673,1.062
273.703,1.075
273.733,1.073
273.763,1.072
273.793,1.072
273.823,1.075
273.853,1.072
273.883,1.073
273.913,1.067
273.943,1.075
273.973,1.066
274.003,1.066
274.033,1.080
274.063,1.068
274.093,1.073
274.123,1.060
274.153,1.066
274.183,1.074
274.213,1.074
274.243,1.072
274.273,1.073
274.303,1.070
274.333,1.057
274.363,1.074
274.393,1.080
274.423,1.062
274.453,1.067
274.483,1.078
274.513,1.061
274.543,1.062
274.573,1.067
274.603,1.083
274.633,1.086
274.663,1.054
274.693,1.068
274.723,1.069
274.753,1.058
274.783,1.085
274.813,1.071
274.843,1.053
274.873,1.060
274.903,1.063
274.933,1.080
274.963,1.061
274.993,1.064
275.023,1.077
275.053,1.083
275.083,1.058
275.113,1.058
275.143,1.070
275.173,1.055
275.203,1.083
275.233,1.069
275.263,1.051
275.293,1.065
275.323,1.051
275.353,1.038
275.383,1.072
275.413,1.075
275.443,1.055
275.473,1.058
275.503,1.070
275.533,1.059
275.563,1.074
275.593,1.093
275.623,1.094
275.653,1.076
275.683,1.082
275.713,1.088
275.743,1.078
275.773,1.080
275.803,1.075
275.833,1.100
275.863,1.094
275.893,1.087
275.923,1.080
275.953,1.079
275.983,1.065
276.013,1.076
276.043,1.084
276.073,1.083
276.103,1.079
276.133,1.074
276.163,1.074
276.193,1.073
276.223,1.073
276.253,1.080
276.283,1.083
276.313,1.074
276.343,1.068
276.373,1.081
276.403,1.078
276.433,1.062
276.463,1.081
276.493,1.075
276.523,1.073
276.553,1.079
276.583,1.073
276.613,1.074
276.643,1.083
276.673,1.069
276.703,1.062
276.733,1.078
276.763,1.071
276.793,1.072
276.823,1.079
276.853,1.076
276.883,1.080
276.913,1.063
276.943,1.065
276.973,1.077
277.003,1.080
277.033,1.067
277.063,1.084
277.093,1.075
277.123,1.073
277.153,1.068
277.183,1.071
277.213,1.073
277.243,1.078
277.273,1.077
277.303,1.073
277.333,1.072
277.363,1.076
277.393,1.069
277.423,1.075
277.453,1.079
277.483,1.078
277.513,1.078
277.543,1.068
277.573,1.068
277.603,1.084
277.633,1.069
277.663,1.076
277.693,1.078
277.723,1.072
277.753,1.065
277.783,1.068
277.813,1.083
277.843,1.077
277.873,1.069
277.903,1.075
277.933,1.073
277.963,1.063
277.993,1.076
278.023,1.073
278.053,1.064
278.083,1.079
278.113,1.082
278.143,1.073
278.173,1.082
278.203,1.081
278.233,1.073
278.263,1.073
278.293,1.074
278.323,1.079
278.353,1.071
278.383,1.065
278.413,1.075
278.443,1.072
278.473,1.077
278.503,1.080
278.533,1.072
278.563,1.067
278.593,1.077
278.623,1.074
278.653,1.076
278.683,1.074
278.713,1.083
278.743,1.077
278.773,1.092
278.803,1.100
278.833,1.096
278.863,1.105
278.893,1.107
278.923,1.102
278.953,1.100
278.983,1.086
279.013,1.084
279.043,1.080
279.073,1.069
279.103,1.086
279.133,1.078
279.163,1.077
279.193,1.071
279.223,1.069
279.253,1.063
279.283,1.058
279.313,1.059
279.343,1.061
279.373,1.055
279.403,1.057
279.433,1.051
279.463,1.047
279.493,1.043
279.523,1.051
279.553,1.068
279.583,1.061
279.613,1.062
279.643,1.050
279.673,1.049
279.703,1.054
279.733,1.062
279.763,1.094
279.793,1.086
279.823,1.046
279.853,1.027
279.883,1.047
279.913,1.071
279.943,1.093
279.973,1.075
280.003,1.062
280.033,1.056
280.063,1.045
280.093,1.073
280.123,1.069
280.153,1.064
280.183,1.068
280.213,1.070
280.243,1.065
280.273,1.074
280.303,1.066
280.333,1.065
280.363,1.085
280.393,1.082
280.423,1.074
280.453,1.069
280.483,1.067
280.513,1.073
280.543,1.066
280.573,1.053
280.603,1.056
280.633,1.068
280.663,1.083
280.693,1.061
280.723,1.059
280.753,1.073
280.783,1.079
280.813,1.055
280.843,1.045
280.873,1.052
280.903,1.069
280.933,1.079
280.963,1.079
280.993,1.062
281.023,1.067
281.053,1.078
281.083,1.073
281.113,1.067
281.143,1.086
281.173,1.079
281.203,1.076
281.233,1.087
281.263,1.085
281.293,1.074
281.323,1.068
281.353,1.067
281.383,1.071
281.413,1.070
281.443,1.078
281.473,1.073
281.503,1.072
281.533,1.075
281.563,1.074
281.593,1.091
281.623,1.084
281.653,1.068
281.683,1.084
281.713,1.059
281.743,1.067
281.773,1.081
281.803,1.076
281.833,1.062
281.863,1.068
281.893,1.075
281.923,1.073
281.953,1.077
281.983,1.075
282.013,1.064
282.043,1.066
282.073,1.077
282.103,1.076
282.133,1.073
282.163,1.076
282.193,1.083
282.223,1.069
282.253,1.069
282.283,1.073
282.313,1.077
282.343,1.076
282.373,1.088
282.403,1.086
282.433,1.070
282.463,1.070
282.493,1.069
282.523,1.082
282.553,1.082
282.583,1.060
282.613,1.041
282.643,1.062
282.673,1.089
282.703,1.082
282.733,1.097
282.763,1.074
282.793,1.062
282.823,1.062
282.853,1.060
282.883,1.049
282.913,1.048
282.943,1.080
282.973,1.070
283.003,1.040
283.033,1.072
283.063,1.070
283.093,1.069
283.123,1.060
283.153,1.028
283.183,1.026
283.213,1.076
283.243,1.103
283.273,1.079
283.303,1.010
283.333,1.000
283.363,0.984
283.393,1.050
283.423,1.081
283.453,1.076
283.483,1.046
283.513,1.019
283.543,1.070
283.573,1.081
283.603,1.085
283.633,1.130
283.663,1.117
283.693,1.067
283.723,1.061
283.753,1.044
283.783,1.055
283.813,1.057
283.843,1.040
283.873,1.055
283.903,1.069
283.933,1.055
283.963,1.060
283.993,1.064
284.023,1.048
284.053,1.066
284.083,1.063
284.113,1.062
284.143,1.061
284.173,1.049
284.203,1.050
284.233,1.033
284.263,1.040
284.293,1.050
284.323,1.060
284.353,1.077
284.383,1.062
284.413,1.051
284.443,1.046
284.473,1.050
284.503,1.055
284.533,1.051
284.563,1.060
284.593,1.057
284.623,1.053
284.653,1.066
284.683,1.061
284.713,1.047
284.743,1.055
284.773,1.052
284.803,1.055
284.833,1.060
284.863,1.057
284.893,1.062
284.923,1.061
284.953,1.050
284.983,1.061
285.013,1.047
285.043,1.045
285.073,1.067
285.103,1.052
285.133,1.047
285.163,1.063
285.193,1.067
285.223,1.068
285.253,1.051
285.283,1.043
285.313,1.062
285.343,1.052
285.373,1.043
285.403,1.060
285.433,1.066
285.463,1.062
285.493,1.053
285.523,1.042
285.553,1.036
285.583,1.050
285.613,1.062
285.643,1.059
285.673,1.058
285.703,1.054
285.733,1.040
285.763,1.048
285.793,1.062
285.823,1.055
285.853,1.064
285.883,1.058
285.913,1.050
285.943,1.054
285.973,1.053
286.003,1.061
286.033,1.050
286.063,1.054
286.093,1.059
286.123,1.055
286.153,1.063
286.183,1.061
286.213,1.043
286.243,1.048
286.273,1.055
286.303,1.058
286.333,1.059
286.363,1.060
286.393,1.061
286.423,1.059
286.453,1.063
286.483,1.047
286.513,1.036
286.543,1.056
286.573,1.062
286.603,1.050
286.633,1.059
286.663,1.060
286.693,1.042
286.723,1.059
286.753,1.052
286.783,1.050
286.813,1.062
286.843,1.053
286.873,1.047
286.903,1.048
286.933,1.056
286.963,1.058
286.993,1.063
287.023,1.059
287.053,1.053
287.083,1.061
287.113,1.059
287.143,1.056
287.173,1.065
287.203,1.075
287.233,1.052
287.263,1.050
287.293,1.055
287.323,1.044
287.353,1.044
287.383,1.060
287.413,1.059
287.443,1.072
287.473,1.047
287.503,1.052
287.533,1.054
287.563,1.049
287.593,1.053
287.623,1.054
287.653,1.062
287.683,1.046
287.713,1.050
287.743,1.070
287.773,1.063
287.803,1.054
287.833,1.056
287.863,1.044
287.893,1.050
287.923,1.063
287.953,1.063
287.983,1.075
288.013,1.049
288.043,1.045
288.073,1.051
288.103,1.049
288.133,1.056
288.163,1.060
288.193,1.070
288.223,1.056
288.253,1.046
288.283,1.059
288.313,1.063
288.343,1.089
288.373,1.103
288.403,1.107
288.433,1.062
288.463,1.062
288.493,1.053
288.523,1.026
288.553,1.014
288.583,1.024
288.613,1.041
288.643,1.031
288.673,1.049
288.703,1.037
288.733,1.016
288.763,1.043
288.793,1.062
288.823,1.055
288.853,1.037
288.883,1.060
288.913,1.068
288.943,1.051
288.973,1.047
289.003,1.063
289.033,1.055
289.063,1.047
289.093,1.065
289.123,1.054
289.153,1.047
289.183,1.060
289.213,1.063
289.243,1.043
289.273,1.056
289.303,1.056
289.333,1.050
289.363,1.068
289.393,1.064
289.423,1.062
289.453,1.068
289.483,1.058
289.513,1.058
289.543,1.062
289.573,1.051
289.603,1.047
289.633,1.060
289.663,1.064
289.693,1.060
289.723,1.055
289.753,1.054
289.783,1.051
289.813,1.066
289.843,1.052
289.873,1.040
289.903,1.059
289.933,1.069
289.963,1.042
289.993,1.060
290.023,1.053
290.053,1.056
290.083,1.064
290.113,1.056
290.143,1.054
290.173,1.067
290.203,1.070
290.233,1.066
290.263,1.077
290.293,1.083
290.323,1.063
290.353,1.061
290.383,1.073
290.413,1.061
290.443,1.050
290.473,1.059
290.503,1.055
290.533,1.070
290.563,1.062
290.593,1.028
290.623,1.055
290.653,1.050
290.683,1.051
290.713,1.058
290.743,1.061
290.773,1.058
290.803,1.023
290.833,1.042
290.863,1.054
290.893,1.052
290.923,1.044
290.953,1.056
290.983,1.067
291.013,1.055
291.043,1.051
291.073,1.066
291.103,1.058
291.133,1.061
291.163,1.075
291.193,1.072
291.223,1.067
291.253,1.061
291.283,1.067
291.313,1.079
291.343,1.071
291.373,1.061
291.403,1.059
291.433,1.069
291.463,1.057
291.493,1.059
291.523,1.070
291.553,1.059
291.583,1.054
291.613,1.055
291.643,1.067
291.673,1.055
291.703,1.058
291.733,1.062
291.763,1.063
291.793,1.071
291.823,1.050
291.853,1.067
291.883,1.062
291.913,1.070
291.943,1.066
291.973,1.062
292.003,1.064
292.033,1.064
292.063,1.060
292.093,1.053
292.123,1.057
292.153,1.059
292.183,1.063
292.213,1.062
292.243,1.067
292.273,1.053
292.303,1.063
292.333,1.070
292.363,1.070
292.393,1.062
292.423,1.051
292.453,1.052
292.483,1.058
292.513,1.055
292.543,1.062
292.573,1.072
292.603,1.078
292.633,1.066
292.663,1.066
292.693,1.049
292.723,1.056
292.753,1.062
292.783,1.061
292.813,1.058
292.843,1.064
292.873,1.056
292.903,1.063
292.933,1.063
292.963,1.060
292.993,1.069
293.023,1.059
293.053,1.051
293.083,1.061
293.113,1.066
293.143,1.057
293.173,1.051
293.203,1.053
293.233,1.060
293.263,1.068
293.293,1.069
293.323,1.027
293.353,1.030
293.383,1.057
293.413,1.051
293.443,1.058
293.473,1.066
293.503,1.054
293.533,1.043
293.563,1.058
293.593,1.062
293.623,1.057
293.653,1.038
293.683,1.057
293.713,1.066
293.743,1.058
293.773,1.057
293.803,1.053
293.833,1.057
293.863,1.059
293.893,1.091
293.923,1.069
293.953,1.023
293.983,1.027
294.013,1.049
294.043,1.058
294.073,1.057
294.103,1.066
294.133,1.112
294.163,1.096
294.193,1.077
294.223,1.137
294.253,1.160
294.283,1.107
294.313,1.107
294.343,1.121
294.373,1.123
294.403,1.129
294.433,1.090
294.463,1.064
294.493,1.055
294.523,1.007
294.553,1.011
294.583,1.044
294.613,1.030
294.643,0.984
294.673,0.972
294.703,1.002
294.733,1.075
294.763,1.078
294.793,1.057
294.823,1.052
294.853,1.068
294.883,1.098
294.913,1.137
294.943,1.104
294.973,1.052
295.003,1.039
295.033,1.010
295.063,1.013
295.093,1.035
295.123,1.052
295.153,1.062
295.183,1.068
295.213,1.077
295.243,1.082
295.273,1.071
295.303,1.067
295.333,1.053
295.363,1.057
295.393,1.081
295.423,1.079
295.453,1.072
295.483,1.083
295.513,1.067
295.543,1.040
295.573,1.080
295.603,1.085
295.633,1.073
295.663,1.057
295.693,1.087
295.723,1.089
295.753,1.057
295.783,1.063
295.813,1.064
295.843,1.070
295.873,1.069
295.903,1.069
295.933,1.072
295.963,1.066
295.993,1.073
296.023,1.062
296.053,1.048
296.083,1.063
296.113,1.069
296.143,1.067
296.173,1.074
296.203,1.072
296.233,1.075
296.263,1.056
296.293,1.054
296.323,1.067
296.353,1.059
296.383,1.063
296.413,1.052
296.443,1.062
296.473,1.069
296.503,1.063
296.533,1.068
296.563,1.065
296.593,1.053
296.623,1.055
296.653,1.064
296.683,1.080
296.713,1.073
296.743,1.067
296.773,1.063
296.803,1.070
296.833,1.074
296.863,1.051
296.893,1.076
296.923,1.078
296.953,1.070
296.983,1.073
297.013,1.071
297.043,1.054
297.073,1.068
297.103,1.081
297.133,1.081
297.163,1.066
297.193,1.054
297.223,1.058
297.253,1.065
297.283,1.068
297.313,1.069
297.343,1.065
297.373,1.067
297.403,1.085
297.433,1.074
297.463,1.058
297.493,1.060
297.523,1.070
297.553,1.059
297.583,1.082
297.613,1.078
297.643,1.067
297.673,1.076
297.703,1.067
297.733,1.058
297.763,1.059
297.793,1.065
297.823,1.071
297.853,1.068
297.883,1.065
297.913,1.068
297.943,1.053
297.973,1.068
298.003,1.077
298.033,1.051
298.063,1.064
298.093,1.078
298.123,1.052
298.153,1.045
298.183,1.077
298.213,1.077
298.243,1.062
298.273,1.071
298.303,1.073
298.333,1.074
298.363,1.058
298.393,1.062
298.423,1.057
298.453,1.057
298.483,1.076
298.513,1.077
298.543,1.054
298.573,1.064
298.603,1.063
298.633,1.064
298.663,1.063
298.693,1.082
298.723,1.065
298.753,1.057
298.783,1.064
298.813,1.074
298.843,1.064
298.873,1.069
298.903,1.082
298.933,1.070
298.963,1.069
298.993,1.058
299.023,1.053
299.053,1.071
299.083,1.057
299.113,1.054
299.143,1.088
299.173,1.067
299.203,1.055
299.233,1.062
299.263,1.072
299.293,1.062
299.323,1.071
299.353,1.062
299.383,1.064
299.413,1.075
299.443,1.056
299.473,1.055
299.503,1.063
299.533,1.072
299.563,1.065
299.593,1.063
299.623,1.058
299.653,1.057
299.683,1.079
299.713,1.072
299.743,1.055
299.773,1.066
299.803,1.061
299.833,1.050
299.863,1.067
299.893,1.067
299.923,1.072
299.953,1.072
299.983,1.078
300.013,1.077
300.043,1.067
300.073,1.061
300.103,1.062
300.133,1.067
300.163,1.060
300.193,1.052
300.223,1.076
300.253,1.073
300.283,1.063
300.313,1.060
300.343,1.068
300.373,1.067
300.403,1.062
300.433,1.062
300.463,1.064
300.493,1.067
300.523,1.065
300.553,1.066
300.583,1.074
300.613,1.060
300.643,1.066
300.673,1.063
300.703,1.065
300.733,1.065
300.763,1.066
300.793,1.077
300.823,1.067
300.853,1.055
300.883,1.052
300.913,1.056
300.943,1.067
300.973,1.069
301.003,1.066
301.033,1.068
301.063,1.068
301.093,1.069
301.123,1.067
301.153,1.068
301.183,1.058
301.213,1.064
301.243,1.077
301.273,1.074
301.303,1.066
301.333,1.062
301.363,1.070
301.393,1.068
301.423,1.072
301.453,1.069
301.483,1.059
301.513,1.053
301.543,1.075
301.573,1.066
301.603,1.061
301.633,1.060
301.663,1.074
301.693,1.071
301.723,1.067
301.753,1.076
301.783,1.064
301.813,1.065
301.843,1.064
301.873,1.062
301.903,1.077
301.933,1.076
301.963,1.074
301.993,1.062
302.023,1.060
302.053,1.077
302.083,1.063
302.113,1.054
302.143,1.071
302.173,1.078
302.203,1.054
302.233,1.067
302.263,1.069
302.293,1.062
302.323,1.062
302.353,1.064
302.383,1.061
302.413,1.069
302.443,1.068
302.473,1.066
302.503,1.065
302.533,1.077
302.563,1.073
302.593,1.062
302.623,1.063
302.653,1.055
302.683,1.061
302.713,1.071
302.743,1.068
302.773,1.064
302.803,1.063
302.833,1.069
302.863,1.069
302.893,1.064
302.923,1.065
302.953,1.075
302.983,1.060
303.013,1.064
303.043,1.074
303.073,1.063
303.103,1.062
303.133,1.070
303.163,1.067
303.193,1.071
303.223,1.068
303.253,1.066
303.283,1.070
303.313,1.070
303.343,1.057
303.373,1.065
303.403,1.085
303.433,1.078
303.463,1.076
303.493,1.074
303.523,1.068
303.553,1.069
303.583,1.063
303.613,1.057
303.643,1.058
303.673,1.063
303.703,1.091
303.733,1.078
303.763,1.055
303.793,1.056
303.823,1.066
303.853,1.087
303.883,1.094
303.913,1.071
303.943,1.053
303.973,1.052
304.003,1.054
304.033,1.072
304.063,1.073
304.093,1.075
304.123,1.075
304.153,1.083
304.183,1.085
304.213,1.074
304.243,1.060
304.273,1.074
304.303,1.092
304.333,1.072
304.363,1.065
304.393,1.070
304.423,1.066
304.453,1.044
304.483,1.056
304.513,1.066
304.543,1.045
304.573,1.027
304.603,1.038
304.633,1.043
304.663,1.051
304.693,1.039
304.723,1.021
304.753,1.018
304.783,1.024
304.813,1.033
304.843,1.040
304.873,1.017
304.903,1.051
304.933,1.074
304.963,1.040
304.993,1.053
305.023,1.082
305.053,1.061
305.083,1.032
305.113,1.032
305.143,1.053
305.173,1.162
305.203,1.138
305.233,1.080
305.263,1.061
305.293,1.062
305.323,1.082
305.353,1.107
305.383,1.104
305.413,1.092
305.443,1.069
305.473,1.081
305.503,1.058
305.533,1.075
305.563,1.073
305.593,1.071
305.623,1.074
305.653,1.078
305.683,1.104
305.713,1.089
305.743,1.062
305.773,1.078
305.803,1.104
305.833,1.108
305.863,1.083
305.893,1.103
305.923,1.102
305.953,1.140
305.983,1.139
306.013,1.100
306.043,1.091
306.073,1.118
306.103,1.107
306.133,1.062
306.163,1.049
306.193,1.113
306.223,1.113
306.253,1.079
306.283,1.069
306.313,1.042
306.343,1.045
306.373,1.052
306.403,1.047
306.433,1.041
306.463,1.064
306.493,1.040
306.523,1.044
306.553,1.045
306.583,1.036
306.613,1.078
306.643,1.075
306.673,1.064
306.703,1.062
306.733,1.077
306.763,1.083
306.793,1.055
306.823,1.015
306.853,1.024
306.883,1.043
306.913,1.053
306.943,1.054
306.973,1.071
307.003,1.100
307.033,1.057
307.063,1.012
307.093,1.045
307.123,1.049
307.153,1.016
307.183,1.002
307.213,0.985
307.243,1.123
307.273,1.171
307.303,1.148
307.333,1.210
307.363,1.323
307.393,1.302
307.423,1.199
307.453,1.098
307.483,1.103
307.513,1.126
307.543,1.089
307.573,1.101
307.603,1.091
307.633,1.106
307.663,1.105
307.693,1.035
307.723,0.997
307.753,1.016
307.783,1.070
307.813,1.085
307.843,1.015
307.873,0.925
307.903,0.993
307.933,1.091
307.963,1.060
307.993,1.033
308.023,1.047
308.053,1.074
308.083,1.074
308.113,1.079
308.143,1.064
308.173,1.054
308.203,1.069
308.233,1.104
308.263,1.095
308.293,1.099
308.323,1.057
308.353,1.036
308.383,1.047
308.413,1.036
308.443,1.026
308.473,1.043
308.503,1.068
308.533,1.068
308.563,1.075
308.593,1.060
308.623,1.069
308.653,1.118
308.683,1.144
308.713,1.126
308.743,1.096
308.773,1.076
308.803,1.076
308.833,1.063
308.863,1.065
308.893,1.087
308.923,1.090
308.953,1.069
308.983,1.064
309.013,1.078
309.043,1.077
309.073,1.050
309.103,1.065
309.133,1.082
309.163,1.086
309.193,1.065
309.223,1.060
309.253,1.061
309.283,1.072
309.313,1.079
309.343,1.071
309.373,1.078
309.403,1.086
309.433,1.090
309.463,1.099
309.493,1.090
309.523,1.056
309.553,1.063
309.583,1.072
309.613,1.078
309.643,1.078
309.673,1.071
309.703,1.090
309.733,1.101
309.763,1.068
309.793,1.066
309.823,1.089
309.853,1.078
309.883,1.074
309.913,1.050
309.943,1.065
309.973,1.071
310.003,1.062
310.033,1.058
310.063,1.046
310.093,1.041
310.123,1.047
310.153,1.075
310.183,1.087
310.213,1.099
310.243,1.092
310.273,1.084
310.303,1.075
310.333,1.082
310.363,1.076
310.393,1.072
310.423,1.066
310.453,1.085
310.483,1.117
310.513,1.134
310.543,1.123
310.573,1.109
310.603,1.128
310.633,1.131
310.663,1.116
310.693,1.106
310.723,1.106
310.753,1.105
310.783,1.092
310.813,1.094
310.843,1.070
310.873,1.068
310.903,1.094
310.933,1.096
310.963,1.057
310.993,1.067
311.023,1.070
311.053,1.053
311.083,1.056
311.113,1.058
311.143,1.066
311.173,1.052
311.203,1.045
311.233,1.056
311.263,1.067
311.293,1.043
311.323,1.041
311.353,1.049
311.383,1.019
311.413,1.069
311.443,1.082
311.473,1.066
311.503,1.025
311.533,1.032
311.563,1.065
311.593,1.028
311.623,0.999
311.653,0.929
311.683,0.887
311.713,0.947
311.743,1.027
311.773,1.099
311.803,1.136
311.833,1.126
311.863,1.042
311.893,1.112
311.923,1.191
311.953,1.197
311.983,1.151
312.013,1.222
312.043,1.277
312.073,1.169
312.103,1.105
312.133,1.170
312.163,1.151
312.193,1.204
312.223,1.193
312.253,1.090
312.283,1.042
312.313,1.031
312.343,0.971
312.373,1.006
312.403,1.039
312.433,1.034
312.463,1.017
312.493,0.982
312.523,1.020
312.553,1.056
312.583,1.060
312.613,1.050
312.643,1.045
312.673,1.045
312.703,1.041
312.733,1.048
312.763,1.054
312.793,1.062
312.823,1.060
312.853,1.037
312.883,1.019
312.913,1.038
312.943,1.057
312.973,1.054
313.003,1.061
313.033,1.078
313.063,1.091
313.093,1.097
313.123,1.073
313.153,1.075
313.183,1.073
313.213,1.078
313.243,1.086
313.273,1.107
313.303,1.080
313.333,1.070
313.363,1.102
313.393,1.091
313.423,1.077
313.453,1.118
313.483,1.117
313.513,1.080
313.543,1.086
313.573,1.123
313.603,1.110
313.633,1.070
313.663,1.081
313.693,1.105
313.723,1.095
313.753,1.084
313.783,1.089
313.813,1.102
313.843,1.093
313.873,1.086
313.903,1.097
313.933,1.094
313.963,1.102
313.993,1.101
314.023,1.084
314.053,1.092
314.083,1.098
314.113,1.090
314.143,1.090
314.173,1.089
314.203,1.096
314.233,1.080
314.263,1.089
314.293,1.092
314.323,1.080
314.353,1.095
314.383,1.099
314.413,1.089
314.443,1.103
314.473,1.085
314.503,1.094
314.533,1.080
314.563,1.070
314.593,1.093
314.623,1.098
314.653,1.096
314.683,1.094
314.713,1.087
314.743,1.081
314.773,1.078
314.803,1.071
314.833,1.089
314.863,1.088
314.893,1.094
314.923,1.082
314.953,1.088
314.983,1.092
315.013,1.077
315.043,1.076
315.073,1.094
315.103,1.080
315.133,1.091
315.163,1.097
315.193,1.099
315.223,1.086
315.253,1.085
315.283,1.085
315.313,1.088
315.343,1.090
315.373,1.096
315.403,1.099
315.433,1.087
315.463,1.091
315.493,1.087
315.523,1.084
315.553,1.087
315.583,1.081
315.613,1.079
315.643,1.104
315.673,1.094
315.703,1.082
315.733,1.079
315.763,1.080
315.793,1.092
315.823,1.103
315.853,1.077
315.883,1.082
315.913,1.091
315.943,1.091
315.973,1.086
316.003,1.082
316.033,1.084
316.063,1.093
316.093,1.092
316.123,1.099
316.153,1.085
316.183,1.080
316.213,1.099
316.243,1.095
316.273,1.083
316.303,1.086
316.333,1.076
316.363,1.090
316.393,1.095
316.423,1.075
316.453,1.090
316.483,1.078
316.513,1.100
316.543,1.084
316.573,1.075
316.603,1.105
316.633,1.105
316.663,1.079
316.693,1.063
316.723,1.077
316.753,1.131
316.783,1.102
316.813,1.087
316.843,1.095
316.873,1.089
316.903,1.078
316.933,1.070
316.963,1.061
316.993,1.086
317.023,1.093
317.053,1.084
317.083,1.092
317.113,1.102
317.143,1.077
317.173,1.074
317.203,1.096
317.233,1.090
317.263,1.081
317.293,1.098
317.323,1.088
317.353,1.077
317.383,1.097
317.413,1.092
317.443,1.097
317.473,1.081
317.503,1.070
317.533,1.090
317.563,1.081
317.593,1.080
317.623,1.103
317.653,1.098
317.683,1.086
317.713,1.061
317.743,1.072
317.773,1.098
317.803,1.082
317.833,1.092
317.863,1.096
317.893,1.083
317.923,1.096
317.953,1.083
317.983,1.062
318.013,1.099
318.043,1.088
318.073,1.079
318.103,1.092
318.133,1.089
318.163,1.095
318.193,1.077
318.223,1.084
318.253,1.093
318.283,1.093
318.313,1.082
318.343,1.095
318.373,1.086
318.403,1.086
318.433,1.085
318.463,1.094
318.493,1.104
318.523,1.101
318.553,1.104
318.583,1.085
318.613,1.065
318.643,1.066
318.673,1.071
318.703,1.081
318.733,1.095
318.763,1.102
318.793,1.083
318.823,1.079
318.853,1.088
318.883,1.084
318.913,1.073
318.943,1.079
318.973,1.093
319.003,1.087
319.033,1.083
319.063,1.080
319.093,1.088
319.123,1.092
319.153,1.088
319.183,1.091
319.213,1.089
319.243,1.083
319.273,1.085
319.303,1.087
319.333,1.091
319.363,1.079
319.393,1.092
319.423,1.091
319.453,1.090
319.483,1.081
319.513,1.083
319.543,1.086
319.573,1.089
319.603,1.088
319.633,1.080
319.663,1.085
319.693,1.092
319.723,1.084
319.753,1.081
319.783,1.089
319.813,1.092
319.843,1.083
319.873,1.080
319.903,1.095
319.933,1.094
319.963,1.086
319.993,1.095
320.023,1.080
320.053,1.078
320.083,1.089
320.113,1.090
320.143,1.089
320.173,1.089
320.203,1.081
320.233,1.082
320.263,1.080
320.293,1.092
320.323,1.080
320.353,1.079
320.383,1.090
320.413,1.084
320.443,1.080
320.473,1.095
320.503,1.097
320.533,1.086
320.563,1.089
320.593,1.088
320.623,1.088
320.653,1.073
320.683,1.083
320.713,1.080
320.743,1.094
320.773,1.092
320.803,1.089
320.833,1.086
320.863,1.085
320.893,1.079
320.923,1.080
320.953,1.099
320.983,1.084
321.013,1.089
321.043,1.091
321.073,1.085
321.103,1.082
321.133,1.094
321.163,1.086
321.193,1.082
321.223,1.084
321.253,1.094
321.283,1.083
321.313,1.084
321.343,1.093
321.373,1.081
321.403,1.077
321.433,1.094
321.463,1.103
321.493,1.083
321.523,1.083
321.553,1.093
321.583,1.102
321.613,1.094
321.643,1.070
321.673,1.078
321.703,1.087
321.733,1.089
321.763,1.090
321.793,1.090
321.823,1.097
321.853,1.084
321.883,1.075
321.913,1.086
321.943,1.091
321.973,1.102
322.003,1.083
322.033,1.067
322.063,1.081
322.093,1.081
322.123,1.100
322.153,1.084
322.183,1.083
322.213,1.086
322.243,1.079
322.273,1.074
322.303,1.081
322.333,1.089
322.363,1.088
322.393,1.088
322.423,1.093
322.453,1.088
322.483,1.082
322.513,1.081
322.543,1.087
322.573,1.100
322.603,1.087
322.633,1.102
322.663,1.109
322.693,1.103
322.723,1.130
322.753,1.092
322.783,1.084
322.813,1.115
322.843,1.104
322.873,1.098
322.903,1.078
322.933,1.085
322.963,1.105
322.993,1.089
323.023,1.092
323.053,1.080
323.083,1.068
323.113,1.061
323.143,1.038
323.173,1.064
323.203,1.074
323.233,1.068
323.263,1.058
323.293,1.071
323.323,1.098
323.353,1.088
323.383,1.082
323.413,1.093
323.443,1.086
323.473,1.089
323.503,1.090
323.533,1.087
323.563,1.096
323.593,1.086
323.623,1.073
323.653,1.071
323.683,1.104
323.713,1.089
323.743,1.084
323.773,1.079
323.803,1.088
323.833,1.092
323.863,1.084
323.893,1.057
323.923,1.082
323.953,1.103
323.983,1.097
324.013,1.089
324.043,1.075
324.073,1.078
324.103,1.099
324.133,1.070
324.163,1.080
324.193,1.084
324.223,1.095
324.253,1.083
324.283,1.086
324.313,1.088
324.343,1.089
324.373,1.064
324.403,1.087
324.433,1.108
324.463,1.084
324.493,1.070
324.523,1.085
324.553,1.096
324.583,1.078
324.613,1.096
324.643,1.084
324.673,1.084
324.703,1.086
324.733,1.081
324.763,1.082
324.793,1.072
324.823,1.099
324.853,1.104
324.883,1.081
324.913,1.078
324.943,1.078
324.973,1.090
325.003,1.092
325.033,1.075
325.063,1.088
325.093,1.071
325.123,1.080
325.153,1.104
325.183,1.094
325.213,1.063
325.243,1.086
325.273,1.104
325.303,1.086
325.333,1.083
325.363,1.077
325.393,1.086
325.423,1.106
325.453,1.071
325.483,1.078
325.513,1.085
325.543,1.093
325.573,1.103
325.603,1.096
325.633,1.088
325.663,1.069
325.693,1.095
325.723,1.104
325.753,1.074
325.783,1.072
325.813,1.091
325.843,1.083
325.873,1.078
325.903,1.095
325.933,1.090
325.963,1.082
325.993,1.079
326.023,1.089
326.053,1.100
326.083,1.084
326.113,1.069
326.143,1.097
326.173,1.101
326.203,1.079
326.233,1.077
326.263,1.089
326.293,1.088
326.323,1.080
326.353,1.079
326.383,1.086
326.413,1.089
326.443,1.077
326.473,1.101
326.503,1.099
326.533,1.065
326.563,1.093
326.593,1.087
326.623,1.070
326.653,1.088
326.683,1.090
326.713,1.097
326.743,1.088
326.773,1.078
326.803,1.074
326.833,1.084
326.863,1.089
326.893,1.088
326.923,1.076
326.953,1.087
326.983,1.089
327.013,1.095
327.043,1.089
327.073,1.086
327.103,1.096
327.133,1.081
327.163,1.089
327.193,1.093
327.223,1.076
327.253,1.087
327.283,1.091
327.313,1.082
327.343,1.084
327.373,1.077
327.403,1.087
327.433,1.077
327.463,1.092
327.493,1.099
327.523,1.084
327.553,1.072
327.583,1.086
327.613,1.076
327.643,1.080
327.673,1.090
327.703,1.090
327.733,1.098
327.763,1.092
327.793,1.076
327.823,1.075
327.853,1.088
327.883,1.082
327.913,1.087
327.943,1.086
327.973,1.074
328.003,1.080
328.033,1.100
328.063,1.094
328.093,1.084
328.123,1.078
328.153,1.082
328.183,1.105
328.213,1.089
328.243,1.088
328.273,1.083
328.303,1.079
328.333,1.085
328.363,1.088
328.393,1.089
328.423,1.087
328.453,1.095
328.483,1.076
328.513,1.087
328.543,1.085
328.573,1.075
328.603,1.076
328.633,1.090
328.663,1.064
328.693,1.062
328.723,1.082
328.753,1.094
328.783,1.071
328.813,1.094
328.843,1.095
328.873,1.069
328.903,1.093
328.933,1.106
328.963,1.073
328.993,1.067
329.023,1.076
329.053,1.105
329.083,1.086
329.113,1.076
329.143,1.075
329.173,1.082
329.203,1.062
329.233,1.091
329.263,1.111
329.293,1.083
329.323,1.071
329.353,1.091
329.383,1.094
329.413,1.064
329.443,1.078
329.473,1.089
329.503,1.094
329.533,1.062
329.563,1.074
329.593,1.083
329.623,1.070
329.653,1.079
329.683,1.087
329.713,1.071
329.743,1.085
329.773,1.099
329.803,1.075
329.833,1.088
329.863,1.091
329.893,1.089
329.923,1.087
329.953,1.067
329.983,1.082
330.013,1.098
330.043,1.086
330.073,1.079
330.103,1.092
330.133,1.096
330.163,1.095
330.193,1.079
330.223,1.071
330.253,1.073
330.283,1.100
330.313,1.085
330.343,1.078
330.373,1.102
330.403,1.090
330.433,1.078
330.463,1.095
330.493,1.084
330.523,1.074
330.553,1.083
330.583,1.089
330.613,1.085
330.643,1.096
330.673,1.104
330.703,1.076
330.733,1.074
330.763,1.091
330.793,1.086
330.823,1.078
330.853,1.076
330.883,1.091
330.913,1.092
330.943,1.082
330.973,1.076
331.003,1.083
331.033,1.079
331.063,1.060
331.093,1.112
331.123,1.139
331.153,1.116
331.183,1.069
331.213,1.057
331.243,1.056
331.273,1.090
331.303,1.135
331.333,1.104
331.363,1.058
331.393,1.064
331.423,1.071
331.453,1.082
331.483,1.071
331.513,1.065
331.543,1.096
331.573,1.094
331.603,1.072
331.633,1.081
331.663,1.077
331.693,1.082
331.723,1.094
331.753,1.084
331.783,1.096
331.813,1.097
331.843,1.085
331.873,1.085
331.903,1.096
331.933,1.080
331.963,1.071
331.993,1.087
332.023,1.101
332.053,1.081
332.083,1.074
332.113,1.096
332.143,1.097
332.173,1.072
332.203,1.085
332.233,1.102
332.263,1.096
332.293,1.076
332.323,1.088
332.353,1.089
332.383,1.081
332.413,1.085
332.443,1.094
332.473,1.088
332.503,1.082
332.533,1.080
332.563,1.086
332.593,1.080
332.623,1.091
332.653,1.096
332.683,1.089
332.713,1.077
332.743,1.099
332.773,1.104
332.803,1.090
332.833,1.077
332.863,1.074
332.893,1.074
332.923,1.073
332.953,1.080
332.983,1.085
333.013,1.085
333.043,1.096
333.073,1.084
333.103,1.090
333.133,1.085
333.163,1.078
333.193,1.086
333.223,1.075
333.253,1.080
333.283,1.105
333.313,1.096
333.343,1.083
333.373,1.086
333.403,1.080
333.433,1.082
333.463,1.087
333.493,1.081
333.523,1.098
333.553,1.091
333.583,1.089
333.613,1.084
333.643,1.087
333.673,1.083
333.703,1.076
333.733,1.087
333.763,1.090
333.793,1.092
333.823,1.082
333.853,1.090
333.883,1.095
333.913,1.077
333.943,1.077
333.973,1.087
334.003,1.085
334.033,1.082
334.063,1.094
334.093,1.090
334.123,1.085
334.153,1.085
334.183,1.080
334.213,1.087
334.243,1.088
334.273,1.078
334.303,1.075
334.333,1.103
334.363,1.098
334.393,1.095
334.423,1.079
334.453,1.083
334.483,1.086
334.513,1.079
334.543,1.082
334.573,1.089
334.603,1.089
334.633,1.095
334.663,1.086
334.693,1.080
334.723,1.096
334.753,1.089
334.783,1.084
334.813,1.074
334.843,1.081
334.873,1.092
334.903,1.104
334.933,1.090
334.963,1.080
334.993,1.077
335.023,1.076
335.053,1.077
335.083,1.102
335.113,1.091
335.143,1.085
335.173,1.083
335.203,1.086
335.233,1.089
335.263,1.081
335.293,1.092
335.323,1.104
335.353,1.094
335.383,1.072
335.413,1.081
335.443,1.092
335.473,1.086
335.503,1.081
335.533,1.089
335.563,1.081
335.593,1.082
335.623,1.087
335.653,1.090
335.683,1.092
335.713,1.076
335.743,1.085
335.773,1.079
335.803,1.082
335.833,1.094
335.863,1.087
335.893,1.095
335.923,1.084
335.953,1.082
335.983,1.093
336.013,1.082
336.043,1.074
336.073,1.081
336.103,1.092
336.133,1.084
336.163,1.087
336.193,1.090
336.223,1.094
336.253,1.079
336.283,1.076
336.313,1.082
336.343,1.090
336.373,1.087
336.403,1.087
336.433,1.090
336.463,1.088
336.493,1.083
336.523,1.087
336.553,1.084
336.583,1.080
336.613,1.085
336.643,1.089
336.673,1.086
336.703,1.097
336.733,1.094
336.763,1.082
336.793,1.073
336.823,1.078
336.853,1.091
336.883,1.094
336.913,1.082
336.943,1.091
336.973,1.084
337.003,1.091
337.033,1.083
337.063,1.075
337.093,1.089
337.123,1.084
337.153,1.084
337.183,1.093
337.213,1.091
337.243,1.090
337.273,1.086
337.303,1.081
337.333,1.097
337.363,1.088
337.393,1.076
337.423,1.086
337.453,1.089
337.483,1.087
337.513,1.080
337.543,1.087
337.573,1.087
337.603,1.088
337.633,1.085
337.663,1.081
337.693,1.089
337.723,1.086
337.753,1.092
337.783,1.081
337.813,1.081
337.843,1.088
337.873,1.087
337.903,1.089
337.933,1.082
337.963,1.087
337.993,1.080
338.023,1.091
338.053,1.104
338.083,1.080
338.113,1.085
338.143,1.096
338.173,1.075
338.203,1.081
338.233,1.079
338.263,1.079
338.293,1.090
338.323,1.092
338.353,1.091
338.383,1.090
338.413,1.090
338.443,1.083
338.473,1.080
338.503,1.081
338.533,1.081
338.563,1.092
338.593,1.080
338.623,1.092
338.653,1.093
338.683,1.088
338.713,1.087
338.743,1.087
338.773,1.094
338.803,1.080
338.833,1.076
338.863,1.085
338.893,1.090
338.923,1.094
338.953,1.093
338.983,1.090
339.013,1.086
339.043,1.074
339.073,1.067
339.103,1.089
339.133,1.097
339.163,1.086
339.193,1.081
339.223,1.085
339.253,1.077
339.283,1.073
339.313,1.087
339.343,1.095
339.373,1.094
339.403,1.089
339.433,1.088
339.463,1.090
339.493,1.078
339.523,1.076
339.553,1.087
339.583,1.090
339.613,1.076
339.643,1.096
339.673,1.089
339.703,1.091
339.733,1.081
339.763,1.073
339.793,1.081
339.823,1.094
339.853,1.085
339.883,1.092
339.913,1.084
339.943,1.088
339.973,1.093
340.003,1.090
340.033,1.080
340.063,1.079
340.093,1.075
340.123,1.085
340.153,1.089
340.183,1.090
340.213,1.092
340.243,1.094
340.273,1.075
340.303,1.083
340.333,1.081
340.363,1.078
340.393,1.072
340.423,1.094
340.453,1.099
340.483,1.085
340.513,1.092
340.543,1.088
340.573,1.089
340.603,1.089
340.633,1.065
340.663,1.077
340.693,1.079
340.723,1.094
340.753,1.089
340.783,1.087
340.813,1.100
340.843,1.087
340.873,1.075
340.903,1.090
340.933,1.093
340.963,1.081
340.993,1.081
341.023,1.089
341.053,1.091
341.083,1.112
341.113,1.126
341.143,1.112
341.173,1.125
341.203,1.141
341.233,1.130
341.263,1.131
341.293,1.139
341.323,1.142
341.353,1.100
341.383,1.078
341.413,1.073
341.443,1.078
341.473,1.057
341.503,1.023
341.533,1.011
341.563,1.040
341.593,1.042
341.623,1.022
341.653,1.021
341.683,1.000
341.713,1.023
341.743,1.022
341.773,0.998
341.803,1.016
341.833,1.024
341.863,1.037
341.893,1.031
341.923,1.008
341.953,1.067
341.983,1.062
342.013,1.073
342.043,1.064
342.073,1.066
342.103,1.084
342.133,1.151
342.163,1.116
342.193,1.088
342.223,1.133
342.253,1.141
342.283,1.110
342.313,1.111
342.343,1.145
342.373,1.134
342.403,1.096
342.433,1.111
342.463,1.100
342.493,1.106
342.523,1.101
342.553,1.112
342.583,1.095
342.613,1.083
342.643,1.093
342.673,1.104
342.703,1.082
342.733,1.080
342.763,1.083
342.793,1.071
342.823,1.077
342.853,1.108
342.883,1.085
342.913,1.071
342.943,1.084
342.973,1.086
343.003,1.070
343.033,1.077
343.063,1.101
343.093,1.087
343.123,1.086
343.153,1.098
343.183,1.090
343.213,1.071
343.243,1.078
343.273,1.098
343.303,1.086
343.333,1.084
343.363,1.084
343.393,1.077
343.423,1.092
343.453,1.070
343.483,1.073
343.513,1.085
343.543,1.101
343.573,1.093
343.603,1.083
343.633,1.081
343.663,1.077
343.693,1.097
343.723,1.081
343.753,1.071
343.783,1.079
343.813,1.081
343.843,1.094
343.873,1.093
343.903,1.107
343.933,1.092
343.963,1.087
343.993,1.094
344.023,1.085
344.053,1.093
344.083,1.068
344.113,1.081
344.143,1.087
344.173,1.075
344.203,1.069
344.233,1.077
344.263,1.079
344.293,1.087
344.323,1.072
344.353,1.071
344.383,1.100
344.413,1.098
344.443,1.096
344.473,1.080
344.503,1.085
344.533,1.103
344.563,1.096
344.593,1.086
344.623,1.088
344.653,1.097
344.683,1.075
344.713,1.076
344.743,1.100
344.773,1.082
344.803,1.071
344.833,1.081
344.863,1.096
344.893,1.091
344.923,1.094
344.953,1.108
344.983,1.103
345.013,1.104
345.043,1.111
345.073,1.084
345.103,1.087
345.133,1.077
345.163,1.072
345.193,1.058
345.223,1.071
345.253,1.015
345.283,1.052
345.313,1.085
345.343,1.072
345.373,1.050
345.403,1.050
345.433,1.044
345.463,1.021
345.493,1.021
345.523,1.052
345.553,1.026
345.583,1.039
345.613,1.047
345.643,1.054
345.673,1.063
345.703,1.073
345.733,1.117
345.763,1.118
345.793,1.120
345.823,1.095
345.853,1.080
345.883,1.064
345.913,1.085
345.943,1.102
345.973,1.096
346.003,1.099
346.033,1.103
346.063,1.076
346.093,1.082
346.123,1.097
346.153,1.062
346.183,1.073
346.213,1.059
346.243,1.060
346.273,1.102
346.303,1.072
346.333,1.075
346.363,1.066
346.393,1.058
346.423,1.079
346.453,1.083
346.483,1.070
346.513,1.062
346.543,1.077
346.573,1.065
346.603,1.067
346.633,1.078
346.663,1.087
346.693,1.078
346.723,1.068
346.753,1.070
346.783,1.073
346.813,1.082
346.843,1.075
346.873,1.071
346.903,1.067
346.933,1.058
346.963,1.080
346.993,1.081
347.023,1.074
347.053,1.086
347.083,1.069
347.113,1.064
347.143,1.075
347.173,1.072
347.203,1.076
347.233,1.072
347.263,1.082
347.293,1.076
347.323,1.069
347.353,1.056
347.383,1.060
347.413,1.081
347.443,1.086
347.473,1.084
347.503,1.071
347.533,1.077
347.563,1.075
347.593,1.063
347.623,1.062
347.653,1.069
347.683,1.071
347.713,1.077
347.743,1.075
347.773,1.064
347.803,1.061
347.833,1.070
347.863,1.089
347.893,1.075
347.923,1.076
347.953,1.069
347.983,1.068
348.013,1.060
348.043,1.072
348.073,1.075
348.103,1.063
348.133,1.074
348.163,1.081
348.193,1.084
348.223,1.063
348.253,1.069
348.283,1.059
348.313,1.064
348.343,1.068
348.373,1.069
348.403,1.064
348.433,1.064
348.463,1.076
348.493,1.078
348.523,1.070
348.553,1.067
348.583,1.074
348.613,1.071
348.643,1.081
348.673,1.072
348.703,1.081
348.733,1.093
348.763,1.066
348.793,1.064
348.823,1.080
348.853,1.068
348.883,1.077
348.913,1.086
348.943,1.081
348.973,1.074
349.003,1.078
349.033,1.080
349.063,1.084
349.093,1.087
349.123,1.085
349.153,1.074
349.183,1.077
349.213,1.066
349.243,1.083
349.273,1.095
349.303,1.080
349.333,1.073
349.363,1.083
349.393,1.123
349.423,1.116
349.453,1.061
349.483,1.072
349.513,1.093
349.543,1.069
349.573,1.061
349.603,1.064
349.633,1.058
349.663,1.053
349.693,1.063
349.723,1.080
349.753,1.065
349.783,1.069
349.813,1.064
349.843,1.064
349.873,1.057
349.903,1.038
349.933,1.052
349.963,1.062
349.993,1.048
350.023,1.054
350.053,1.068
350.083,1.046
350.113,1.049
350.143,1.072
350.173,1.074
350.203,1.048
350.233,1.064
350.263,1.096
350.293,1.091
350.323,1.071
350.353,1.071
350.383,1.090
350.413,1.076
350.443,1.075
350.473,1.074
350.503,1.047
350.533,1.052
350.563,1.075
350.593,1.080
350.623,1.073
350.653,1.061
350.683,1.071
350.713,1.065
350.743,1.075
350.773,1.071
350.803,1.082
350.833,1.076
350.863,1.074
350.893,1.069
350.923,1.065
350.953,1.075
350.983,1.078
351.013,1.084
351.043,1.083
351.073,1.073
351.103,1.063
351.133,1.071
351.163,1.078
351.193,1.085
351.223,1.076
351.253,1.068
351.283,1.094
351.313,1.120
351.343,1.095
351.373,1.082
351.403,1.104
351.433,1.096
351.463,1.057
351.493,1.039
351.523,1.074
351.553,1.074
351.583,1.052
351.613,1.041
351.643,1.042
351.673,1.060
351.703,1.058
351.733,1.053
351.763,1.044
351.793,1.092
351.823,1.092
351.853,1.071
351.883,1.056
351.913,1.057
351.943,1.081
351.973,1.089
352.003,1.071
352.033,1.052
352.063,1.068
352.093,1.068
352.123,1.064
352.153,1.076
352.183,1.076
352.213,1.061
352.243,1.060
352.273,1.063
352.303,1.096
352.333,1.077
352.363,1.060
352.393,1.064
352.423,1.062
352.453,1.071
352.483,1.050
352.513,1.066
352.543,1.082
352.573,1.067
352.603,1.064
352.633,1.052
352.663,1.061
352.693,1.040
352.723,1.057
352.753,1.100
352.783,1.095
352.813,1.135
352.843,1.191
352.873,1.161
352.903,1.115
352.933,1.150
352.963,1.188
352.993,1.136
353.023,1.047
353.053,1.098
353.083,1.149
353.113,1.072
353.143,1.004
353.173,1.073
353.203,1.104
353.233,1.033
353.263,1.108
353.293,1.089
353.323,1.054
353.353,1.054
353.383,1.053
353.413,1.087
353.443,1.058
353.473,1.026
353.503,1.012
353.533,0.999
353.563,1.010
353.593,1.065
353.623,1.079
353.653,1.042
353.683,1.044
353.713,1.041
353.743,1.011
353.773,1.045
353.803,1.093
353.833,1.124
353.863,1.113
353.893,1.071
353.923,1.057
353.953,1.062
353.983,1.067
354.013,1.037
354.043,1.046
354.073,1.059
354.103,1.053
354.133,1.054
354.163,1.090
354.193,1.102
354.223,1.111
354.253,1.104
354.283,1.060
354.313,1.037
354.343,1.055
354.373,1.084
354.403,1.104
354.433,1.100
354.463,1.083
354.493,1.066
354.523,1.062
354.553,1.037
354.583,1.061
354.613,1.090
354.643,1.102
354.673,1.086
354.703,1.086
354.733,1.084
354.763,1.093
354.793,1.101
354.823,1.086
354.853,1.087
354.883,1.099
354.913,1.102
354.943,1.091
354.973,1.075
355.003,1.079
355.033,1.082
355.063,1.076
355.093,1.078
355.123,1.093
355.153,1.087
355.183,1.069
355.213,1.063
355.243,1.074
355.273,1.083
355.303,1.063
355.333,1.073
355.363,1.104
355.393,1.085
355.423,1.068
355.453,1.079
355.483,1.087
355.513,1.074
355.543,1.064
355.573,1.073
355.603,1.074
355.633,1.079
355.663,1.081
355.693,1.082
355.723,1.083
355.753,1.079
355.783,1.096
355.813,1.083
355.843,1.077
355.873,1.072
355.903,1.086
355.933,1.095
355.963,1.076
355.993,1.071
356.023,1.074
356.053,1.078
356.083,1.078
356.113,1.077
356.143,1.087
356.173,1.076
356.203,1.074
356.233,1.068
356.263,1.077
356.293,1.073
356.323,1.079
356.353,1.078
356.383,1.093
356.413,1.081
356.443,1.078
356.473,1.101
356.503,1.091
356.533,1.075
356.563,1.084
356.593,1.054
356.623,1.069
356.653,1.089
356.683,1.064
356.713,1.077
356.743,1.090
356.773,1.086
356.803,1.078
356.833,1.059
356.863,1.064
356.893,1.104
356.923,1.085
356.953,1.080
356.983,1.080
357.013,1.088
357.043,1.078
357.073,1.069
357.103,1.054
357.133,1.088
357.163,1.085
357.193,1.076
357.223,1.081
357.253,1.083
357.283,1.081
357.313,1.067
357.343,1.085
357.373,1.072
357.403,1.062
357.433,1.077
357.463,1.085
357.493,1.064
357.523,1.064
357.553,1.082
357.583,1.101
357.613,1.086
357.643,1.101
357.673,1.064
357.703,1.025
357.733,1.031
357.763,1.063
357.793,1.034
357.823,0.978
357.853,1.016
357.883,0.976
357.913,1.002
357.943,1.020
357.973,1.072
358.003,1.117
358.033,1.114
358.063,1.130
358.093,1.145
358.123,1.121
358.153,1.140
358.183,1.116
358.213,1.098
358.243,1.102
358.273,1.102
358.303,1.079
358.333,1.091
358.363,1.074
358.393,1.062
358.423,1.074
358.453,1.092
358.483,1.071
358.513,1.075
358.543,1.108
358.573,1.105
358.603,1.092
358.633,1.066
358.663,1.065
358.693,1.091
358.723,1.088
358.753,1.080
358.783,1.105
358.813,1.105
358.843,1.077
358.873,1.078
358.903,1.106
358.933,1.098
358.963,1.087
358.993,1.090
359.023,1.093
359.053,1.079
359.083,1.080
359.113,1.088
359.143,1.074
359.173,1.062
359.203,1.068
359.233,1.085
359.263,1.073
359.293,1.074
359.323,1.103
359.353,1.087
359.383,1.066
359.413,1.097
359.443,1.100
359.473,1.072
359.503,1.078
359.533,1.092
359.563,1.087
359.593,1.084
359.623,1.071
359.653,1.082
359.683,1.097
359.713,1.075
359.743,1.065
359.773,1.081
359.803,1.087
359.833,1.060
359.863,1.072
359.893,1.086
359.923,1.084
359.953,1.074
359.983,1.067
360.013,1.070
360.043,1.093
360.073,1.097
360.103,1.084
360.133,1.108
360.163,1.107
360.193,1.084
360.223,1.093
360.253,1.097
360.283,1.068
360.313,1.065
360.343,1.084
360.373,1.092
360.403,1.073
360.433,1.093
360.463,1.086
360.493,1.093
360.523,1.100
360.553,1.090
360.583,1.114
360.613,1.142
360.643,1.111
360.673,1.124
360.703,1.127
360.733,1.084
360.763,1.080
360.793,1.125
360.823,1.107
360.853,1.073
360.883,1.088
360.913,1.127
360.943,1.087
360.973,1.040
361.003,1.075
361.033,1.102
361.063,1.109
361.093,1.049
361.123,1.046
361.153,1.075
361.183,1.057
361.213,1.034
361.243,1.037
361.273,1.056
361.303,1.045
361.333,1.021
361.363,1.021
361.393,1.023
361.423,1.017
361.453,1.002
361.483,1.014
361.513,1.025
361.543,1.019
361.573,1.034
361.603,1.078
361.633,1.081
361.663,1.069
361.693,1.093
361.723,1.128
361.753,1.106
361.783,1.076
361.813,1.066
361.843,1.088
361.873,1.091
361.903,1.092
361.933,1.081
361.963,1.072
361.993,1.070
362.023,1.081
362.053,1.093
362.083,1.080
362.113,1.082
362.143,1.105
362.173,1.108
362.203,1.095
362.233,1.079
362.263,1.101
362.293,1.106
362.323,1.088
362.353,1.069
362.383,1.072
362.413,1.085
362.443,1.090
362.473,1.100
362.503,1.120
362.533,1.111
362.563,1.110
362.593,1.117
362.623,1.128
362.653,1.129
362.683,1.141
362.713,1.117
362.743,1.081
362.773,1.112
362.803,1.100
362.833,1.073
362.863,1.065
362.893,1.096
362.923,1.112
362.953,1.068
362.983,1.021
363.013,0.986
363.043,1.012
363.073,1.015
363.103,1.012
363.133,1.001
363.163,1.013
363.193,1.032
363.223,1.008
363.253,1.026
363.283,1.046
363.313,1.068
363.343,1.072
363.373,1.052
363.403,1.058
363.433,1.062
363.463,1.064
363.493,1.062
363.523,1.054
363.553,1.057
363.583,1.036
363.613,1.012
363.643,1.003
363.673,1.001
363.703,1.007
363.733,1.017
363.763,1.013
363.793,1.024
363.823,1.036
363.853,1.017
363.883,1.029
363.913,1.040
363.943,1.051
363.973,1.056
364.003,1.024
364.033,1.036
364.063,1.091
364.093,1.096
364.123,1.088
364.153,1.081
364.183,1.100
364.213,1.133
364.243,1.143
364.273,1.135
364.303,1.171
364.333,1.195
364.363,1.168
364.393,1.150
364.423,1.169
364.453,1.157
364.483,1.156
364.513,1.114
364.543,1.094
364.573,1.101
364.603,1.104
364.633,1.099
364.663,1.107
364.693,1.096
364.723,1.065
364.753,1.035
364.783,1.014
364.813,1.020
364.843,1.024
364.873,1.016
364.903,1.029
364.933,1.037
364.963,1.071
364.993,1.055
365.023,1.104
365.053,1.099
365.083,1.068
365.113,1.050
365.143,1.084
365.173,1.096
365.203,1.093
365.233,1.079
365.263,1.090
365.293,1.110
365.323,1.107
365.353,1.058
365.383,1.057
365.413,1.150
365.443,1.115
365.473,1.023
365.503,1.041
365.533,1.051
365.563,1.033
365.593,1.047
365.623,1.030
365.653,1.064
365.683,1.078
365.713,0.991
365.743,1.014
365.773,1.055
365.803,0.981
365.833,1.015
365.863,1.071
365.893,1.081
365.923,1.065
365.953,1.104
365.983,1.120
366.013,1.146
366.043,1.113
366.073,1.056
366.103,1.189
366.133,1.231
366.163,1.155
366.193,1.085
366.223,1.062
366.253,1.071
366.283,1.050
366.313,1.062
366.343,1.107
366.373,1.105
366.403,1.064
366.433,1.050
366.463,1.064
366.493,1.066
366.523,1.051
366.553,1.035
366.583,1.037
366.613,1.068
366.643,1.050
366.673,1.041
366.703,1.043
366.733,1.040
366.763,1.029
366.793,1.033
366.823,1.016
366.853,1.055
366.883,1.081
366.913,1.034
366.943,1.004
366.973,1.026
367.003,1.035
367.033,1.039
367.063,1.012
367.093,1.042
367.123,1.098
367.153,1.085
367.183,1.082
367.213,1.104
367.243,1.096
367.273,1.101
367.303,1.104
367.333,1.081
367.363,1.076
367.393,1.082
367.423,1.094
367.453,1.079
367.483,1.074
367.513,1.053
367.543,1.059
367.573,1.066
367.603,1.084
367.633,1.066
367.663,1.064
367.693,1.053
367.723,1.054
367.753,1.054
367.783,1.074
367.813,1.076
367.843,1.056
367.873,1.069
367.903,1.062
367.933,1.051
367.963,1.051
367.993,1.043
368.023,1.079
368.053,1.101
368.083,1.050
368.113,1.056
368.143,1.102
368.173,1.097
368.203,1.088
368.233,1.097
368.263,1.079
368.293,1.092
368.323,1.093
368.353,1.045
368.383,1.036
368.413,1.011
368.443,1.013
368.473,1.035
368.503,1.087
368.533,1.093
368.563,1.095
368.593,1.029
368.623,0.984
368.653,1.015
368.683,1.015
368.713,0.991
368.743,0.990
368.773,1.013
368.803,1.062
368.833,1.053
368.863,1.059
368.893,1.067
368.923,1.032
368.953,1.038
368.983,1.088
369.013,1.115
369.043,1.078
369.073,1.009
369.103,1.049
369.133,1.091
369.163,1.114
369.193,1.088
369.223,1.031
369.253,1.016
369.283,1.029
369.313,1.040
369.343,1.026
369.373,1.040
369.403,1.039
369.433,1.054
369.463,1.078
369.493,1.083
369.523,1.066
369.553,1.038
369.583,1.045
369.613,1.087
369.643,1.096
369.673,1.082
369.703,1.066
369.733,1.063
369.763,1.089
369.793,1.062
369.823,1.055
369.853,1.041
369.883,1.032
369.913,1.019
369.943,1.007
369.973,1.019
370.003,1.063
370.033,1.069
370.063,1.065
370.093,1.090
370.123,1.085
370.153,1.061
370.183,1.005
370.213,0.987
370.243,1.003
370.273,1.002
370.303,0.994
370.333,0.983
370.363,1.021
370.393,1.053
370.423,1.040
370.453,1.048
370.483,1.058
370.513,1.048
370.543,1.045
370.573,1.057
370.603,1.033
370.633,1.019
370.663,1.031
370.693,1.033
370.723,1.040
370.753,1.061
370.783,1.046
370.813,1.034
370.843,1.057
370.873,1.042
370.903,1.033
370.933,1.021
370.963,1.044
370.993,1.059
371.023,1.042
371.053,1.037
371.083,1.038
371.113,1.038
371.143,1.021
371.173,1.044
371.203,1.053
371.233,1.041
371.263,1.046
371.293,1.044
371.323,1.036
371.353,1.053
371.383,1.058
371.413,1.042
371.443,1.037
371.473,1.042
371.503,1.051
371.533,1.053
371.563,1.037
371.593,1.022
371.623,1.038
371.653,1.054
371.683,1.082
371.713,1.104
371.743,1.115
371.773,1.113
371.803,1.103
371.833,1.105
371.863,1.118
371.893,1.152
371.923,1.098
371.953,0.971
371.983,1.041
372.013,1.086
372.043,1.091
372.073,1.037
372.103,1.067
372.133,1.073
372.163,1.056
372.193,1.087
372.223,1.031
372.253,1.020
372.283,1.035
372.313,1.037
372.343,1.077
372.373,1.071
372.403,1.027
372.433,1.018
372.463,1.051
372.493,1.036
372.523,1.024
372.553,1.021
372.583,1.016
372.613,1.011
372.643,1.052
372.673,1.034
372.703,1.043
372.733,1.047
372.763,1.044
372.793,1.016
372.823,1.043
372.853,1.055
372.883,1.050
372.913,1.028
372.943,1.048
372.973,1.056
373.003,1.029
373.033,1.025
373.063,1.024
373.093,1.017
373.123,1.029
373.153,1.044
373.183,1.031
373.213,1.020
373.243,1.065
373.273,1.099
373.303,1.043
373.333,0.995
373.363,1.047
373.393,1.101
373.423,1.053
373.453,1.104
373.483,1.112
373.513,1.073
373.543,1.060
373.573,1.095
373.603,1.079
373.633,1.106
373.663,1.134
373.693,1.087
373.723,1.068
373.753,1.107
373.783,1.113
373.813,1.090
373.843,1.104
373.873,1.091
373.903,1.105
373.933,1.087
373.963,1.085
373.993,1.100
374.023,1.118
374.053,1.103
374.083,1.046
374.113,1.068
374.143,1.111
374.173,1.104
374.203,1.079
374.233,1.090
374.263,1.110
374.293,1.097
374.323,1.104
374.353,1.102
374.383,1.058
374.413,1.073
374.443,1.102
374.473,1.095
374.503,1.093
374.533,1.098
374.563,1.088
374.593,1.083
374.623,1.080
374.653,1.072
374.683,1.100
374.713,1.086
374.743,1.074
374.773,1.078
374.803,1.081
374.833,1.076
374.863,1.093
374.893,1.089
374.923,1.093
374.953,1.095
374.983,1.079
375.013,1.073
375.043,1.094
375.073,1.087
375.103,1.079
375.133,1.080
375.163,1.084
375.193,1.094
375.223,1.089
375.253,1.093
375.283,1.079
375.313,1.076
375.343,1.094
375.373,1.085
375.403,1.083
375.433,1.090
375.463,1.096
375.493,1.088
375.523,1.069
375.553,1.080
375.583,1.088
375.613,1.078
375.643,1.090
375.673,1.080
375.703,1.088
375.733,1.091
375.763,1.092
375.793,1.084
375.823,1.085
375.853,1.087
375.883,1.073
375.913,1.076
375.943,1.093
375.973,1.088
376.003,1.081
376.033,1.083
376.063,1.090
376.093,1.089
376.123,1.067
376.153,1.086
376.183,1.090
376.213,1.078
376.243,1.083
376.273,1.089
376.303,1.099
376.333,1.091
376.363,1.074
376.393,1.089
376.423,1.088
376.453,1.086
376.483,1.095
376.513,1.092
376.543,1.079
376.573,1.083
376.603,1.088
376.633,1.088
376.663,1.093
376.693,1.088
376.723,1.101
376.753,1.100
376.783,1.085
376.813,1.104
376.843,1.100
376.873,1.087
376.903,1.098
376.933,1.125
376.963,1.128
376.993,1.145
377.023,1.103
377.053,1.087
377.083,1.094
377.113,1.074
377.143,1.057
377.173,1.068
377.203,1.063
377.233,1.061
377.263,1.093
377.293,1.074
377.323,1.044
377.353,1.060
377.383,1.075
377.413,1.045
377.443,1.044
377.473,1.066
377.503,1.064
377.533,1.064
377.563,1.059
377.593,1.043
377.623,1.040
377.653,1.059
377.683,1.073
377.713,1.063
377.743,1.076
377.773,1.081
377.803,1.054
377.833,1.055
377.863,1.081
377.893,1.087
377.923,1.084
377.953,1.064
377.983,1.058
378.013,1.093
378.043,1.065
378.073,1.071
378.103,1.089
378.133,1.104
378.163,1.093
378.193,1.097
378.223,1.100
378.253,1.102
378.283,1.073
378.313,1.079
378.343,1.093
378.373,1.085
378.403,1.068
378.433,1.077
378.463,1.086
378.493,1.076
378.523,1.089
378.553,1.088
378.583,1.082
378.613,1.063
378.643,1.067
378.673,1.073
378.703,1.068
378.733,1.066
378.763,1.070
378.793,1.073
378.823,1.070
378.853,1.075
378.883,1.082
378.913,1.072
378.943,1.054
378.973,1.059
379.003,1.062
379.033,1.078
379.063,1.073
379.093,1.089
379.123,1.087
379.153,1.085
379.183,1.078
379.213,1.074
379.243,1.072
379.273,1.075
379.303,1.082
379.333,1.085
379.363,1.080
379.393,1.091
379.423,1.070
379.453,1.061
379.483,1.049
379.513,1.034
379.543,1.050
379.573,1.062
379.603,1.059
379.633,1.033
379.663,1.064
379.693,1.054
379.723,1.056
379.753,1.062
379.783,1.046
379.813,1.024
379.843,1.076
379.873,1.108
379.903,1.079
379.933,1.079
379.963,1.095
379.993,1.070
380.023,1.058
380.053,1.087
380.083,1.104
380.113,1.076
380.143,1.056
380.173,1.081
380.203,1.058
380.233,1.062
380.263,1.042
380.293,1.016
380.323,1.035
380.353,1.063
380.383,1.077
380.413,1.045
380.443,1.018
380.473,1.042
380.503,1.092
380.533,1.101
380.563,1.082
380.593,1.054
380.623,1.060
380.653,1.070
380.683,1.068
380.713,1.066
380.743,1.049
380.773,1.040
380.803,1.044
380.833,1.049
380.863,1.053
380.893,1.063
380.923,1.085
380.953,1.095
380.983,1.095
381.013,1.077
381.043,1.084
381.073,1.085
381.103,1.069
381.133,1.059
381.163,1.063
381.193,1.057
381.223,1.057
381.253,1.062
381.283,1.062
381.313,1.072
381.343,1.067
381.373,1.062
381.403,1.061
381.433,1.058
381.463,1.059
381.493,1.046
381.523,1.060
381.553,1.070
381.583,1.067
381.613,1.068
381.643,1.053
381.673,1.051
381.703,1.053
381.733,1.061
381.763,1.063
381.793,1.059
381.823,1.061
381.853,1.065
381.883,1.061
381.913,1.060
381.943,1.057
381.973,1.053
382.003,1.065
382.033,1.058
382.063,1.057
382.093,1.069
382.123,1.065
382.153,1.062
382.183,1.054
382.213,1.054
382.243,1.064
382.273,1.063
382.303,1.055
382.333,1.054
382.363,1.062
382.393,1.061
382.423,1.064
382.453,1.069
382.483,1.051
382.513,1.067
382.543,1.065
382.573,1.057
382.603,1.068
382.633,1.062
382.663,1.059
382.693,1.056
382.723,1.058
382.753,1.066
382.783,1.063
382.813,1.062
382.843,1.064
382.873,1.064
382.903,1.061
382.933,1.061
382.963,1.061
382.993,1.044
383.023,1.062
383.053,1.062
383.083,1.075
383.113,1.064
383.143,1.051
383.173,1.048
383.203,1.054
383.233,1.059
383.263,1.067
383.293,1.066
383.323,1.065
383.353,1.059
383.383,1.059
383.413,1.057
383.443,1.062
383.473,1.057
383.503,1.066
383.533,1.074
383.563,1.058
383.593,1.061
383.623,1.062
383.653,1.057
383.683,1.057
383.713,1.054
383.743,1.060
383.773,1.065
383.803,1.063
383.833,1.065
383.863,1.053
383.893,1.056
383.923,1.060
383.953,1.064
383.983,1.055
384.013,1.056
384.043,1.062
384.073,1.072
384.103,1.060
384.133,1.057
384.163,1.062
384.193,1.044
384.223,1.058
384.253,1.065
384.283,1.062
384.313,1.061
384.343,1.055
384.373,1.057
384.403,1.065
384.433,1.059
384.463,1.057
384.493,1.045
384.523,1.066
384.553,1.075
384.583,1.063
384.613,1.047
384.643,1.061
384.673,1.062
384.703,1.058
384.733,1.055
384.763,1.068
384.793,1.076
384.823,1.061
384.853,1.046
384.883,1.060
384.913,1.068
384.943,1.055
384.973,1.051
385.003,1.055
385.033,1.072
385.063,1.073
385.093,1.052
385.123,1.051
385.153,1.063
385.183,1.067
385.213,1.052
385.243,1.055
385.273,1.065
385.303,1.062
385.333,1.061
385.363,1.062
385.393,1.060
385.423,1.063
385.453,1.059
385.483,1.060
385.513,1.056
385.543,1.065
385.573,1.070
385.603,1.060
385.633,1.054
385.663,1.057
385.693,1.057
385.723,1.063
385.753,1.068
385.783,1.053
385.813,1.062
385.843,1.066
385.873,1.054
385.903,1.067
385.933,1.065
385.963,1.054
385.993,1.042
386.023,1.064
386.053,1.062
386.083,1.067
386.113,1.060
386.143,1.060
386.173,1.061
386.203,1.046
386.233,1.050
386.263,1.068
386.293,1.062
386.323,1.064
386.353,1.058
386.383,1.062
386.413,1.054
386.443,1.070
386.473,1.075
386.503,1.050
386.533,1.050
386.563,1.073
386.593,1.076
386.623,1.049
386.653,1.050
386.683,1.058
386.713,1.066
386.743,1.062
386.773,1.062
386.803,1.060
386.833,1.062
386.863,1.051
386.893,1.048
386.923,1.070
386.953,1.061
386.983,1.061
387.013,1.051
387.043,1.063
387.073,1.072
387.103,1.068
387.133,1.047
387.163,1.054
387.193,1.064
387.223,1.069
387.253,1.066
387.283,1.066
387.313,1.056
387.343,1.060
387.373,1.062
387.403,1.060
387.433,1.056
387.463,1.059
387.493,1.054
387.523,1.059
387.553,1.072
387.583,1.058
387.613,1.054
387.643,1.055
387.673,1.051
387.703,1.059
387.733,1.038
387.763,1.075
387.793,1.090
387.823,1.076
387.853,1.055
387.883,1.050
387.913,1.064
387.943,1.111
387.973,1.108
388.003,1.064
388.033,1.063
388.063,1.048
388.093,1.057
388.123,1.014
388.153,1.022
388.183,1.066
388.213,1.067
388.243,1.059
388.273,1.021
388.303,1.039
388.333,1.060
388.363,1.051
388.393,1.058
388.423,1.059
388.453,1.097
388.483,1.104
388.513,1.045
388.543,1.043
388.573,1.074
388.603,1.086
388.633,1.051
388.663,1.058
388.693,1.061
388.723,1.063
388.753,1.077
388.783,1.078
388.813,1.066
388.843,1.052
388.873,1.099
388.903,1.076
388.933,1.058
388.963,1.078
388.993,1.098
389.023,1.070
389.053,1.077
389.083,1.086
389.113,1.088
389.143,1.073
389.173,1.072
389.203,1.087
389.233,1.085
389.263,1.068
389.293,1.065
389.323,1.094
389.353,1.099
389.383,1.083
389.413,1.071
389.443,1.062
389.473,1.075
389.503,1.075
389.533,1.078
389.563,1.085
389.593,1.089
389.623,1.075
389.653,1.062
389.683,1.067
389.713,1.082
389.743,1.081
389.773,1.069
389.803,1.081
389.833,1.100
389.863,1.076
389.893,1.056
389.923,1.070
389.953,1.073
389.983,1.071
390.013,1.072
390.043,1.077
390.073,1.076
390.103,1.076
390.133,1.072
390.163,1.074
390.193,1.071
390.223,1.065
390.253,1.080
390.283,1.081
390.313,1.079
390.343,1.079
390.373,1.070
390.403,1.064
390.433,1.079
390.463,1.080
390.493,1.066
390.523,1.077
390.553,1.091
390.583,1.076
390.613,1.066
390.643,1.079
390.673,1.074
390.703,1.073
390.733,1.068
390.763,1.071
390.793,1.070
390.823,1.080
390.853,1.077
390.883,1.088
390.913,1.143
390.943,1.078
390.973,1.053
391.003,1.073
391.033,1.097
391.063,1.080
391.093,1.064
391.123,1.064
391.153,1.074
391.183,1.066
391.213,1.056
391.243,1.071
391.273,1.061
391.303,1.081
391.333,1.074
391.363,1.039
391.393,1.062
391.423,1.073
391.453,1.089
391.483,1.093
391.513,1.065
391.543,1.077
391.573,1.086
391.603,1.052
391.633,1.049
391.663,1.066
391.693,1.076
391.723,1.083
391.753,1.070
391.783,1.073
391.813,1.086
391.843,1.070
391.873,1.069
391.903,1.101
391.933,1.090
391.963,1.069
391.993,1.070
392.023,1.084
392.053,1.084
392.083,1.081
392.113,1.093
392.143,1.058
392.173,1.070
392.203,1.082
392.233,1.080
392.263,1.078
392.293,1.074
392.323,1.056
392.353,1.058
392.383,1.087
392.413,1.091
392.443,1.067
392.473,1.069
392.503,1.072
392.533,1.057
392.563,1.073
392.593,1.076
392.623,1.083
392.653,1.075
392.683,1.070
392.713,1.064
392.743,1.079
392.773,1.079
392.803,1.082
392.833,1.075
392.863,1.075
392.893,1.075
392.923,1.085
392.953,1.072
392.983,1.075
393.013,1.072
393.043,1.076
393.073,1.080
393.103,1.084
393.133,1.074
393.163,1.068
393.193,1.060
393.223,1.060
393.253,1.065
393.283,1.084
393.313,1.082
393.343,1.074
393.373,1.068
393.403,1.074
393.433,1.088
393.463,1.070
393.493,1.087
393.523,1.110
393.553,1.103
393.583,1.096
393.613,1.150
393.643,1.178
393.673,1.162
393.703,1.127
393.733,1.168
393.763,1.176
393.793,1.104
393.823,1.068
393.853,1.047
393.883,1.091
393.913,1.066
393.943,1.062
393.973,1.038
394.003,1.043
394.033,1.034
394.063,1.046
394.093,1.056
394.123,1.040
394.153,1.023
394.183,1.019
394.213,1.035
394.243,1.017
394.273,1.027
394.303,1.040
394.333,1.041
394.363,1.053
394.393,1.050
394.423,1.048
394.453,1.059
394.483,1.037
394.513,1.052
394.543,1.050
394.573,1.046
394.603,1.036
394.633,1.028
394.663,1.036
394.693,1.039
394.723,1.044
394.753,1.025
394.783,1.020
394.813,1.033
394.843,1.067
394.873,1.072
394.903,1.033
394.933,1.038
394.963,1.059
394.993,1.062
395.023,1.043
395.053,1.031
395.083,1.024
395.113,1.034
395.143,1.049
395.173,1.069
395.203,1.051
395.233,1.064
395.263,1.098
395.293,1.081
395.323,1.066
395.353,1.079
395.383,1.083
395.413,1.046
395.443,1.138
395.473,1.188
395.503,1.179
395.533,1.186
395.563,1.183
395.593,1.177
395.623,1.198
395.653,1.166
395.683,1.116
395.713,1.070
395.743,1.075
395.773,1.106
395.803,1.072
395.833,1.042
395.863,1.009
395.893,1.030
395.923,1.066
395.953,1.069
395.983,1.052
396.013,1.040
396.043,1.031
396.073,0.990
396.103,0.999
396.133,1.012
396.163,1.023
396.193,1.074
396.223,1.075
396.253,1.132
396.283,1.099
396.313,1.042
396.343,1.031
396.373,1.020
396.403,1.053
396.433,1.069
396.463,1.073
396.493,1.021
396.523,1.035
396.553,1.023
396.583,1.012
396.613,1.034
396.643,1.013
396.673,1.061
396.703,1.099
396.733,1.108
396.763,1.098
396.793,1.101
396.823,1.087
396.853,1.115
396.883,1.104
396.913,1.120
396.943,1.126
396.973,1.092
397.003,1.090
397.033,1.072
397.063,1.072
397.093,1.071
397.123,1.024
397.153,1.037
397.183,1.085
397.213,1.028
397.243,1.024
397.273,1.102
397.303,1.117
397.333,1.085
397.363,1.087
397.393,1.086
397.423,1.097
397.453,1.104
397.483,1.096
397.513,1.117
397.543,1.134
397.573,1.100
397.603,1.072
397.633,1.098
397.663,1.098
397.693,1.085
397.723,1.105
397.753,1.090
397.783,1.081
397.813,1.097
397.843,1.067
397.873,1.050
397.903,1.115
397.933,1.123
397.963,1.065
397.993,1.079
398.023,1.084
398.053,1.068
398.083,1.088
398.113,1.089
398.143,1.080
398.173,1.084
398.203,1.085
398.233,1.090
398.263,1.092
398.293,1.088
398.323,1.076
398.353,1.072
398.383,1.086
398.413,1.096
398.443,1.095
398.473,1.093
398.503,1.103
398.533,1.092
398.563,1.082
398.593,1.077
398.623,1.070
398.653,1.069
398.683,1.099
398.713,1.104
398.743,1.075
398.773,1.077
398.803,1.091
398.833,1.077
398.863,1.075
398.893,1.092
398.923,1.092
398.953,1.089
398.983,1.078
399.013,1.075
399.043,1.089
399.073,1.086
399.103,1.065
399.133,1.100
399.163,1.086
399.193,1.082
399.223,1.090
399.253,1.083
399.283,1.078
399.313,1.083
399.343,1.095
399.373,1.076
399.403,1.091
399.433,1.099
399.463,1.076
399.493,1.081
399.523,1.099
399.553,1.080
399.583,1.071
399.613,1.090
399.643,1.099
399.673,1.088
399.703,1.084
399.733,1.075
399.763,1.082
399.793,1.071
399.823,1.101
399.853,1.084
399.883,1.083
399.913,1.096
399.943,1.088
399.973,1.068
400.003,1.104
400.033,1.090
400.063,1.058
400.093,1.075
400.123,1.087
400.153,1.080
400.183,1.096
400.213,1.098
400.243,1.077
400.273,1.043
400.303,1.091
400.333,1.091
400.363,1.072
400.393,1.101
400.423,1.126
400.453,1.098
400.483,1.120
400.513,1.150
400.543,1.160
400.573,1.182
400.603,1.155
400.633,1.150
400.663,1.134
400.693,1.115
400.723,1.077
400.753,1.028
400.783,1.021
400.813,1.027
400.843,1.012
400.873,1.024
400.903,1.046
400.933,1.041
400.963,1.048
400.993,1.047
401.023,1.037
401.053,1.030
401.083,1.064
401.113,1.071
401.143,1.060
401.173,1.062
401.203,1.070
401.233,1.053
401.263,1.066
401.293,1.092
401.323,1.068
401.353,1.054
401.383,1.085
401.413,1.077
401.443,1.064
401.473,1.071
401.503,1.095
401.533,1.079
401.563,1.048
401.593,1.092
401.623,1.098
401.653,1.078
401.683,1.093
401.713,1.104
401.743,1.093
401.773,1.065
401.803,1.098
401.833,1.109
401.863,1.101
401.893,1.112
401.923,1.118
401.953,1.122
401.983,1.117
402.013,1.110
402.043,1.104
402.073,1.099
402.103,1.096
402.133,1.080
402.163,1.092
402.193,1.103
402.223,1.103
402.253,1.087
402.283,1.086
402.313,1.103
402.343,1.091
402.373,1.074
402.403,1.068
402.433,1.082
402.463,1.079
402.493,1.069
402.523,1.072
402.553,1.084
402.583,1.062
402.613,1.059
402.643,1.062
402.673,1.061
402.703,1.072
402.733,1.046
402.763,1.027
402.793,1.068
402.823,1.061
402.853,1.021
402.883,1.021
402.913,1.004
402.943,1.032
402.973,1.023
403.003,1.016
403.033,1.051
403.063,1.053
403.093,1.024
403.123,1.092
403.153,1.104
403.183,1.059
403.213,1.057
403.243,1.055
403.273,1.079
403.303,1.104
403.333,1.125
403.363,1.119
403.393,1.104
403.423,1.094
403.453,1.064
403.483,1.051
403.513,1.038
403.543,1.058
403.573,1.078
403.603,1.067
403.633,1.051
403.663,1.089
403.693,1.084
403.723,1.105
403.753,1.117
403.783,1.222
403.813,1.237
403.843,1.136
403.873,1.137
403.903,1.127
403.933,1.076
403.963,1.006
403.993,0.991
404.023,0.993
404.053,1.058
404.083,1.087
404.113,1.029
404.143,1.001
404.173,1.031
404.203,1.043
404.233,1.012
404.263,1.047
404.293,1.077
404.323,0.999
404.353,0.975
404.383,0.934
404.413,0.919
404.443,1.004
404.473,1.105
404.503,1.069
404.533,1.017
404.563,1.047
404.593,1.055
404.623,1.080
404.653,1.107
404.683,1.167
404.713,1.164
404.743,1.101
404.773,1.092
404.803,1.104
404.833,1.071
404.863,1.076
404.893,1.102
404.923,1.067
404.953,1.076
404.983,1.111
405.013,1.096
405.043,1.061
405.073,1.084
405.103,1.107
405.133,1.079
405.163,1.056
405.193,1.054
405.223,1.089
405.253,1.085
405.283,1.066
405.313,1.064
405.343,1.051
405.373,1.072
405.403,1.076
405.433,1.091
405.463,1.082
405.493,1.060
405.523,1.080
405.553,1.066
405.583,1.080
405.613,1.090
405.643,1.076
405.673,1.069
405.703,1.077
405.733,1.091
405.763,1.087
405.793,1.090
405.823,1.089
405.853,1.088
405.883,1.080
405.913,1.051
405.943,1.067
405.973,1.075
406.003,1.070
406.033,1.074
406.063,1.098
406.093,1.084
406.123,1.056
406.153,1.069
406.183,1.084
406.213,1.070
406.243,1.065
406.273,1.069
406.303,1.083
406.333,1.086
406.363,1.062
406.393,1.060
406.423,1.072
406.453,1.078
406.483,1.091
406.513,1.065
406.543,1.071
406.573,1.091
406.603,1.106
406.633,1.073
406.663,1.086
406.693,1.107
406.723,1.100
406.753,1.090
406.783,1.079
406.813,1.056
406.843,1.065
406.873,1.075
406.903,1.084
406.933,1.079
406.963,1.060
406.993,1.049
407.023,1.050
407.053,1.071
407.083,1.086
407.113,1.073
407.143,1.046
407.173,1.068
407.203,1.102
407.233,1.092
407.263,1.065
407.293,1.078
407.323,1.098
407.353,1.077
407.383,1.070
407.413,1.087
407.443,1.077
407.473,1.074
407.503,1.072
407.533,1.081
407.563,1.088
407.593,1.086
407.623,1.080
407.653,1.083
407.683,1.063
407.713,1.064
407.743,1.086
407.773,1.086
407.803,1.066
407.833,1.065
407.863,1.075
407.893,1.083
407.923,1.093
407.953,1.085
407.983,1.064
408.013,1.077
408.043,1.100
408.073,1.091
408.103,1.075
408.133,1.082
408.163,1.084
408.193,1.070
408.223,1.082
408.253,1.088
408.283,1.061
408.313,1.050
408.343,1.062
408.373,1.069
408.403,1.081
408.433,1.081
408.463,1.067
408.493,1.088
408.523,1.091
408.553,1.083
408.583,1.086
408.613,1.097
408.643,1.129
408.673,1.142
408.703,1.158
408.733,1.196
408.763,1.208
408.793,1.200
408.823,1.224
408.853,1.224
408.883,1.217
408.913,1.195
408.943,1.190
408.973,1.201
409.003,1.193
409.033,1.209
409.063,1.165
409.093,1.138
409.123,1.096
409.153,1.064
409.183,1.051
409.213,0.997
409.243,0.886
409.273,0.837
409.303,0.842
409.333,0.784
409.363,0.693
409.393,0.671
409.423,0.662
409.453,0.593
409.483,0.617
409.513,0.714
409.543,0.775
409.573,0.919
409.603,1.210
409.633,1.181
409.663,1.178
409.693,1.388
409.723,1.327
409.753,1.207
409.783,1.354
409.813,1.270
409.843,1.177
409.873,1.275
409.903,1.247
409.933,1.174
409.963,1.207
409.993,1.135
410.023,1.093
410.053,1.177
410.083,1.153
410.113,1.069
410.143,1.130
410.173,1.075
410.203,1.050
410.233,0.980
410.263,0.941
410.293,1.024
410.323,1.101
410.353,1.027
410.383,1.053
410.413,1.062
410.443,1.001
410.473,0.997
410.503,0.971
410.533,1.022
410.563,1.001
410.593,1.010
410.623,1.028
410.653,1.032
410.683,1.048
410.713,1.022
410.743,1.002
410.773,1.008
410.803,1.020
410.833,1.011
410.863,1.003
410.893,1.036
410.923,1.053
410.953,1.040
410.983,1.034
411.013,1.089
411.043,1.069
411.073,1.034
411.103,1.021
411.133,1.056
411.163,1.039
411.193,1.035
411.223,1.071
411.253,1.055
411.283,1.021
411.313,1.017
411.343,1.028
411.373,1.044
411.403,1.065
411.433,1.062
411.463,1.034
411.493,1.041
411.523,1.051
411.553,1.050
411.583,1.044
411.613,1.048
411.643,1.067
411.673,1.071
411.703,1.014
411.733,1.020
411.763,1.029
411.793,1.047
411.823,1.055
411.853,1.050
411.883,1.040
411.913,1.027
411.943,1.025
411.973,1.060
412.003,1.096
412.033,1.087
412.063,1.046
412.093,1.027
412.123,1.040
412.153,1.033
412.183,1.004
412.213,0.977
412.243,1.010
412.273,1.023
412.303,1.033
412.333,1.062
412.363,1.081
412.393,1.088
412.423,1.086
412.453,1.120
412.483,1.135
412.513,1.090
412.543,1.043
412.573,1.050
412.603,1.035
412.633,1.062
412.663,1.071
412.693,1.032
412.723,1.029
412.753,1.071
412.783,1.095
412.813,1.046
412.843,1.025
412.873,1.063
412.903,1.079
412.933,1.031
412.963,0.975
412.993,1.022
413.023,1.054
413.053,1.028
413.083,1.027
413.113,1.019
413.143,1.027
413.173,1.054
413.203,1.035
413.233,1.027
413.263,1.021
413.293,1.056
413.323,1.061
413.353,1.037
413.383,1.035
413.413,1.036
413.443,1.062
413.473,1.055
413.503,1.059
413.533,1.086
413.563,1.048
413.593,1.050
413.623,1.051
413.653,1.036
413.683,1.077
413.713,1.044
413.743,1.062
413.773,1.067
413.803,1.062
413.833,1.057
413.863,1.088
413.893,1.102
413.923,1.147
413.953,1.109
413.983,1.099
414.013,1.074
414.043,1.025
414.073,0.986
414.103,0.958
414.133,0.955
414.163,1.051
414.193,1.055
414.223,1.061
414.253,1.064
414.283,1.026
414.313,1.041
414.343,1.070
414.373,1.075
414.403,1.000
414.433,1.038
414.463,1.042
414.493,1.053
414.523,1.058
414.553,1.071
414.583,1.055
414.613,1.055
414.643,1.072
414.673,1.038
414.703,1.052
414.733,1.062
414.763,1.065
414.793,1.055
414.823,1.042
414.853,1.049
414.883,1.055
414.913,1.047
414.943,1.081
414.973,1.051
415.003,1.036
415.033,1.057
415.063,1.026
415.093,0.974
415.123,1.033
415.153,1.038
415.183,1.062
415.213,1.030
415.243,0.948
415.273,1.054
415.303,1.027
415.333,1.021
415.363,1.068
415.393,1.081
415.423,1.025
415.453,0.989
415.483,1.066
415.513,1.071
415.543,1.046
415.573,1.056
415.603,0.953
415.633,1.009
415.663,1.045
415.693,1.039
415.723,1.009
415.753,0.999
415.783,1.012
415.813,1.026
415.843,1.033
415.873,1.006
415.903,1.023
415.933,1.011
415.963,1.030
415.993,1.032
416.023,1.018
416.053,1.031
416.083,1.018
416.113,1.055
416.143,1.088
416.173,1.012
416.203,0.997
416.233,0.977
416.263,0.989
416.293,1.022
416.323,1.035
416.353,1.011
416.383,1.058
416.413,1.049
416.443,1.027
416.473,1.053
416.503,1.069
416.533,1.040
416.563,1.064
416.593,1.134
416.623,1.083
416.653,0.999
416.683,1.112
416.713,1.124
416.743,1.033
416.773,1.042
416.803,0.961
416.833,0.952
416.863,1.021
416.893,0.995
416.923,0.995
416.953,1.032
416.983,1.048
417.013,1.057
417.043,1.104
417.073,1.139
417.103,1.080
417.133,1.005
417.163,1.047
417.193,1.109
417.223,1.076
417.253,1.055
417.283,1.062
417.313,1.052
417.343,1.041
417.373,1.048
417.403,1.031
417.433,1.033
417.463,1.024
417.493,1.026
417.523,1.023
417.553,1.036
417.583,1.046
417.613,1.028
417.643,1.044
417.673,1.047
417.703,1.057
417.733,1.089
417.763,1.133
417.793,1.094
417.823,1.053
417.853,1.067
417.883,1.093
417.913,1.146
417.943,1.004
417.973,1.031
418.003,0.993
418.033,1.029
418.063,1.026
418.093,1.004
418.123,1.037
418.153,1.085
418.183,1.054
418.213,1.054
418.243,1.148
418.273,1.140
418.303,1.087
418.333,1.059
418.363,1.089
418.393,1.110
418.423,1.063
418.453,1.025
418.483,1.014
418.513,1.026
418.543,1.003
418.573,1.030
418.603,1.088
418.633,1.024
418.663,1.071
418.693,1.068
418.723,1.033
418.753,1.069
418.783,1.070
418.813,1.061
418.843,1.066
418.873,1.096
418.903,1.055
418.933,1.043
418.963,1.048
418.993,1.038
419.023,1.053
419.053,1.062
419.083,1.066
419.113,1.073
419.143,1.071
419.173,1.062
419.203,1.070
419.233,1.072
419.263,1.064
419.293,1.053
419.323,1.050
419.353,1.039
419.383,1.045
419.413,1.054
419.443,1.062
419.473,1.067
419.503,1.092
419.533,1.080
419.563,1.087
419.593,1.058
419.623,1.056
419.653,1.071
419.683,1.056
419.713,1.065
419.743,1.064
419.773,1.055
419.803,1.052
419.833,1.062
419.863,1.068
419.893,1.070
419.923,1.064
419.953,1.049
419.983,1.067
420.013,1.070
420.043,1.058
420.073,1.068
420.103,1.065
420.133,1.062
420.163,1.056
420.193,1.059
420.223,1.065
420.253,1.062
420.283,1.062
420.313,1.064
420.343,1.064
420.373,1.069
420.403,1.059
420.433,1.055
420.463,1.069
420.493,1.068
420.523,1.058
420.553,1.067
420.583,1.071
420.613,1.067
420.643,1.068
420.673,1.066
420.703,1.079
420.733,1.082
420.763,1.076
420.793,1.068
420.823,1.056
420.853,1.059
420.883,1.049
420.913,1.023
420.943,1.037
420.973,1.056
421.003,1.054
421.033,1.062
421.063,1.084
421.093,1.089
421.123,1.071
421.153,1.069
421.183,1.061
421.213,1.073
421.243,1.093
421.273,1.095
421.303,1.089
421.333,1.084
421.363,1.070
421.393,1.017
421.423,0.998
421.453,1.027
421.483,1.060
421.513,1.068
421.543,1.085
421.573,1.090
421.603,1.059
421.633,1.048
421.663,1.040
421.693,1.039
421.723,1.047
421.753,1.076
421.783,1.077
421.813,1.041
421.843,1.039
421.873,1.049
421.903,1.062
421.933,1.077
421.963,1.078
421.993,1.080
422.023,1.060
422.053,1.049
422.083,1.049
422.113,1.029
422.143,1.039
422.173,1.046
422.203,1.048
422.233,1.063
422.263,1.070
422.293,1.061
422.323,1.053
422.353,1.067
422.383,1.078
422.413,1.077
422.443,1.062
422.473,1.067
422.503,1.081
422.533,1.074
422.563,1.063
422.593,1.057
422.623,1.044
422.653,1.027
422.683,1.049
422.713,1.063
422.743,1.066
422.773,1.070
422.803,1.069
422.833,1.073
422.863,1.062
422.893,1.048
422.923,1.049
422.953,1.058
422.983,1.063
423.013,1.069
423.043,1.074
423.073,1.059
423.103,1.055
423.133,1.062
423.163,1.059
423.193,1.072
423.223,1.065
423.253,1.064
423.283,1.062
423.313,1.062
423.343,1.059
423.373,1.057
423.403,1.059
423.433,1.057
423.463,1.068
423.493,1.069
423.523,1.065
423.553,1.065
423.583,1.061
423.613,1.058
423.643,1.068
423.673,1.062
423.703,1.058
423.733,1.075
423.763,1.074
423.793,1.063
423.823,1.034
423.853,1.052
423.883,1.076
423.913,1.062
423.943,1.059
423.973,1.059
424.003,1.061
424.033,1.054
424.063,1.053
424.093,1.065
424.123,1.076
424.153,1.053
424.183,1.059
424.213,1.063
424.243,1.062
424.273,1.050
424.303,1.055
424.333,1.066
424.363,1.065
424.393,1.063
424.423,1.058
424.453,1.068
424.483,1.064
424.513,1.053
424.543,1.057
424.573,1.061
424.603,1.063
424.633,1.057
424.663,1.062
424.693,1.064
424.723,1.054
424.753,1.053
424.783,1.059
424.813,1.079
424.843,1.087
424.873,1.084
424.903,1.055
424.933,1.028
424.963,1.028
424.993,1.050
425.023,1.069
425.053,1.074
425.083,1.074
425.113,1.073
425.143,1.063
425.173,1.054
425.203,1.058
425.233,1.058
425.263,1.062
425.293,1.059
425.323,1.057
425.353,1.060
425.383,1.063
425.413,1.056
425.443,1.072
425.473,1.068
425.503,1.059
425.533,1.058
425.563,1.062
425.593,1.064
425.623,1.065
425.653,1.062
425.683,1.062
425.713,1.063
425.743,1.052
425.773,1.055
425.803,1.065
425.833,1.060
425.863,1.062
425.893,1.069
425.923,1.067
425.953,1.063
425.983,1.062
426.013,1.054
426.043,1.055
426.073,1.062
426.103,1.063
426.133,1.060
426.163,1.061
426.193,1.062
426.223,1.063
426.253,1.061
426.283,1.058
426.313,1.062
426.343,1.057
426.373,1.069
426.403,1.067
426.433,1.075
426.463,1.066
426.493,1.059
426.523,1.060
426.553,1.060
426.583,1.073
426.613,1.071
426.643,1.068
426.673,1.061
426.703,1.063
426.733,1.058
426.763,1.061
426.793,1.062
426.823,1.058
426.853,1.066
426.883,1.065
426.913,1.060
426.943,1.064
426.973,1.062
427.003,1.062
427.033,1.059
427.063,1.060
427.093,1.069
427.123,1.062
427.153,1.061
427.183,1.064
427.213,1.062
427.243,1.062
427.273,1.063
427.303,1.062
427.333,1.056
427.363,1.078
427.393,1.069
427.423,1.059
427.453,1.063
427.483,1.062
427.513,1.064
427.543,1.068
427.573,1.062
427.603,1.063
427.633,1.062
427.663,1.063
427.693,1.062
427.723,1.063
427.753,1.068
427.783,1.065
427.813,1.056
427.843,1.059
427.873,1.075
427.903,1.066
427.933,1.066
427.963,1.060
427.993,1.056
428.023,1.058
428.053,1.064
428.083,1.072
428.113,1.073
428.143,1.062
428.173,1.057
428.203,1.055
428.233,1.062
428.263,1.066
428.293,1.067
428.323,1.058
428.353,1.071
428.383,1.064
428.413,1.062
428.443,1.064
428.473,1.066
428.503,1.067
428.533,1.053
428.563,1.060
428.593,1.069
428.623,1.066
428.653,1.068
428.683,1.064
428.713,1.064
428.743,1.060
428.773,1.062
428.803,1.062
428.833,1.065
428.863,1.069
428.893,1.064
428.923,1.068
428.953,1.063
428.983,1.062
429.013,1.059
429.043,1.059
429.073,1.064
429.103,1.065
429.133,1.063
429.163,1.066
429.193,1.062
429.223,1.062
429.253,1.067
429.283,1.067
429.313,1.052
429.343,1.062
429.373,1.066
429.403,1.062
429.433,1.069
429.463,1.064
429.493,1.058
429.523,1.057
429.553,1.062
429.583,1.066
429.613,1.068
429.643,1.062
429.673,1.063
429.703,1.064
429.733,1.057
429.763,1.066
429.793,1.071
429.823,1.064
429.853,1.062
429.883,1.066
429.913,1.060
429.943,1.064
429.973,1.067
430.003,1.062
430.033,1.054
430.063,1.059
430.093,1.073
430.123,1.070
430.153,1.063
430.183,1.061
430.213,1.055
430.243,1.056
430.273,1.071
430.303,1.078
430.333,1.077
430.363,1.055
430.393,1.068
430.423,1.064
430.453,1.059
430.483,1.057
430.513,1.061
430.543,1.065
430.573,1.058
430.603,1.056
430.633,1.072
430.663,1.071
430.693,1.061
430.723,1.069
430.753,1.064
430.783,1.062
430.813,1.062
430.843,1.061
430.873,1.063
430.903,1.076
430.933,1.060
430.963,1.061
430.993,1.066
431.023,1.063
431.053,1.066
431.083,1.063
431.113,1.069
431.143,1.068
431.173,1.056
431.203,1.057
431.233,1.059
431.263,1.063
431.293,1.068
431.323,1.071
431.353,1.062
431.383,1.054
431.413,1.067
431.443,1.062
431.473,1.066
431.503,1.064
431.533,1.056
431.563,1.066
431.593,1.087
431.623,1.085
431.653,1.067
431.683,1.053
431.713,1.065
431.743,1.088
431.773,1.106
431.803,1.093
431.833,1.066
431.863,1.055
431.893,1.022
431.923,1.018
431.953,1.035
431.983,1.053
432.013,1.062
432.043,1.071
432.073,1.066
432.103,1.060
432.133,1.062
432.163,1.057
432.193,1.064
432.223,1.085
432.253,1.081
432.283,1.031
432.313,1.054
432.343,1.053
432.373,1.027
432.403,1.042
432.433,1.054
432.463,1.070
432.493,1.070
432.523,1.055
432.553,1.060
432.583,1.063
432.613,1.067
432.643,1.068
432.673,1.072
432.703,1.097
432.733,1.062
432.763,1.047
432.793,1.047
432.823,1.044
432.853,1.041
432.883,1.052
432.913,1.062
432.943,1.070
432.973,1.062
433.003,1.067
433.033,1.082
433.063,1.054
433.093,1.032
433.123,1.049
433.153,1.066
433.183,1.071
433.213,1.067
433.243,1.056
433.273,1.060
433.303,1.075
433.333,1.067
433.363,1.047
433.393,1.042
433.423,1.047
433.453,1.080
433.483,1.063
433.513,1.057
433.543,1.053
433.573,1.055
433.603,1.049
433.633,1.062
433.663,1.064
433.693,1.060
433.723,1.075
433.753,1.062
433.783,1.061
433.813,1.049
433.843,1.049
433.873,1.050
433.903,1.054
433.933,1.045
433.963,1.047
433.993,1.053
434.023,1.069
434.053,1.049
434.083,1.039
434.113,1.068
434.143,1.066
434.173,1.029
434.203,1.036
434.233,1.062
434.263,1.073
434.293,1.073
434.323,1.066
434.353,1.075
434.383,1.075
434.413,1.094
434.443,1.091
434.473,1.071
434.503,1.056
434.533,1.057
434.563,1.059
434.593,1.052
434.623,1.051
434.653,1.039
434.683,1.066
434.713,1.070
434.743,1.043
434.773,1.059
434.803,1.067
434.833,1.084
434.863,1.071
434.893,1.067
434.923,1.072
434.953,1.057
434.983,1.071
435.013,1.064
435.043,1.063
435.073,1.048
435.103,1.047
435.133,1.065
435.163,1.073
435.193,1.065
435.223,1.053
435.253,1.060
435.283,1.058
435.313,1.058
435.343,1.066
435.373,1.070
435.403,1.069
435.433,1.062
435.463,1.057
435.493,1.074
435.523,1.064
435.553,1.066
435.583,1.065
435.613,1.062
435.643,1.062
435.673,1.061
435.703,1.062
435.733,1.067
435.763,1.064
435.793,1.071
435.823,1.076
435.853,1.068
435.883,1.049
435.913,1.054
435.943,1.062
435.973,1.072
436.003,1.066
436.033,1.058
436.063,1.065
436.093,1.051
436.123,1.049
436.153,1.053
436.183,1.055
436.213,1.061
436.243,1.057
436.273,1.063
436.303,1.063
436.333,1.065
436.363,1.084
436.393,1.074
436.423,1.046
436.453,1.048
436.483,1.050
436.513,1.041
436.543,1.059
436.573,1.071
436.603,1.051
436.633,1.055
436.663,1.066
436.693,1.079
436.723,1.059
436.753,1.053
436.783,1.065
436.813,1.076
436.843,1.070
436.873,1.068
436.903,1.068
436.933,1.072
436.963,1.059
436.993,1.056
437.023,1.064
437.053,1.080
437.083,1.058
437.113,1.062
437.143,1.083
437.173,1.080
437.203,1.054
437.233,1.052
437.263,1.062
437.293,1.062
437.323,1.066
437.353,1.058
437.383,1.062
437.413,1.054
437.443,1.048
437.473,1.061
437.503,1.062
437.533,1.065
437.563,1.059
437.593,1.058
437.623,1.056
437.653,1.048
437.683,1.055
437.713,1.059
437.743,1.058
437.773,1.044
437.803,1.050
437.833,1.072
437.863,1.072
437.893,1.082
437.923,1.048
437.953,1.056
437.983,1.063
438.013,1.044
438.043,1.044
438.073,1.062
438.103,1.048
438.133,1.044
438.163,1.057
438.193,1.055
438.223,1.059
438.253,1.068
438.283,1.071
438.313,1.066
438.343,1.056
438.373,1.053
438.403,1.059
438.433,1.058
438.463,1.061
438.493,1.056
438.523,1.051
438.553,1.068
438.583,1.067
438.613,1.068
438.643,1.065
438.673,1.066
438.703,1.059
438.733,1.060
438.763,1.065
438.793,1.058
438.823,1.073
438.853,1.061
438.883,1.058
438.913,1.058
438.943,1.065
438.973,1.057
439.003,1.062
439.033,1.065
439.063,1.071
439.093,1.065
439.123,1.061
439.153,1.065
439.183,1.062
439.213,1.060
439.243,1.066
439.273,1.062
439.303,1.066
439.333,1.060
439.363,1.066
439.393,1.062
439.423,1.064
439.453,1.061
439.483,1.062
439.513,1.070
439.543,1.063
439.573,1.060
439.603,1.059
439.633,1.066
439.663,1.063
439.693,1.062
439.723,1.062
439.753,1.059
439.783,1.062
439.813,1.062
439.843,1.068
439.873,1.062
439.903,1.065
439.933,1.062
439.963,1.056
439.993,1.060
440.023,1.066
440.053,1.059
440.083,1.066
440.113,1.062
440.143,1.065
440.173,1.065
440.203,1.059
440.233,1.058
440.263,1.069
440.293,1.062
440.323,1.059
440.353,1.061
440.383,1.058
440.413,1.062
440.443,1.057
440.473,1.068
440.503,1.071
440.533,1.062
440.563,1.058
440.593,1.062
440.623,1.062
440.653,1.059
440.683,1.068
440.713,1.063
440.743,1.062
440.773,1.064
440.803,1.057
440.833,1.067
440.863,1.063
440.893,1.057
440.923,1.056
440.953,1.059
440.983,1.072
441.013,1.067
441.043,1.056
441.073,1.052
441.103,1.063
441.133,1.064
441.163,1.059
441.193,1.068
441.223,1.066
441.253,1.066
441.283,1.062
441.313,1.061
441.343,1.064
441.373,1.057
441.403,1.062
441.433,1.061
441.463,1.069
441.493,1.062
441.523,1.059
441.553,1.065
441.583,1.066
441.613,1.061
441.643,1.062
441.673,1.064
441.703,1.060
441.733,1.051
441.763,1.033
441.793,1.086
441.823,1.070
441.853,1.066
441.883,1.066
441.913,1.061
441.943,1.079
441.973,1.053
442.003,1.024
442.033,1.065
442.063,1.084
442.093,1.089
442.123,1.062
442.153,1.061
442.183,1.061
442.213,1.062
442.243,1.051
442.273,1.054
442.303,1.072
442.333,1.095
442.363,1.077
442.393,1.059
442.423,1.060
442.453,1.062
442.483,1.047
442.513,1.065
442.543,1.064
442.573,1.060
442.603,1.052
442.633,1.061
442.663,1.071
442.693,1.081
442.723,1.077
442.753,1.057
442.783,1.048
442.813,1.058
442.843,1.062
442.873,1.073
442.903,1.056
442.933,1.068
442.963,1.060
442.993,1.055
443.023,1.059
443.053,1.058
443.083,1.065
443.113,1.067
443.143,1.063
443.173,1.076
443.203,1.066
443.233,1.062
443.263,1.062
443.293,1.069
443.323,1.051
443.353,1.049
443.383,1.056
443.413,1.077
443.443,1.072
443.473,1.062
443.503,1.062
443.533,1.062
443.563,1.063
443.593,1.059
443.623,1.062
443.653,1.064
443.683,1.065
443.713,1.070
443.743,1.062
443.773,1.062
443.803,1.061
443.833,1.062
443.863,1.067
443.893,1.071
443.923,1.060
443.953,1.067
443.983,1.058
444.013,1.061
444.043,1.065
444.073,1.061
444.103,1.059
444.133,1.050
444.163,1.061
444.193,1.074
444.223,1.070
444.253,1.062
444.283,1.067
444.313,1.058
444.343,1.056
444.373,1.060
444.403,1.062
444.433,1.056
444.463,1.070
444.493,1.064
444.523,1.062
444.553,1.068
444.583,1.065
444.613,1.061
444.643,1.058
444.673,1.063
444.703,1.063
444.733,1.063
444.763,1.063
444.793,1.065
444.823,1.062
444.853,1.062
444.883,1.066
444.913,1.062
444.943,1.056
444.973,1.070
445.003,1.062
445.033,1.064
445.063,1.068
445.093,1.055
445.123,1.061
445.153,1.064
445.183,1.066
445.213,1.064
445.243,1.062
445.273,1.062
445.303,1.064
445.333,1.066
445.363,1.063
445.393,1.057
445.423,1.062
445.453,1.055
445.483,1.067
445.513,1.071
445.543,1.068
445.573,1.064
445.603,1.060
445.633,1.058
445.663,1.058
445.693,1.068
445.723,1.069
445.753,1.065
445.783,1.059
445.813,1.062
445.843,1.066
445.873,1.067
445.903,1.068
445.933,1.062
445.963,1.059
445.993,1.070
446.023,1.062
446.053,1.062
446.083,1.070
446.113,1.062
446.143,1.058
446.173,1.055
446.203,1.069
446.233,1.070
446.263,1.066
446.293,1.062
446.323,1.063
446.353,1.061
446.383,1.059
446.413,1.064
446.443,1.066
446.473,1.059
446.503,1.070
446.533,1.061
446.563,1.063
446.593,1.068
446.623,1.059
446.653,1.056
446.683,1.059
446.713,1.065
446.743,1.064
446.773,1.062
446.803,1.058
446.833,1.062
446.863,1.061
446.893,1.063
446.923,1.068
446.953,1.063
446.983,1.060
447.013,1.069
447.043,1.054
447.073,1.041
447.103,1.071
447.133,1.067
447.163,1.071
447.193,1.071
447.223,1.068
447.253,1.066
447.283,1.065
447.313,1.060
447.343,1.061
447.373,1.068
447.403,1.062
447.433,1.062
447.463,1.060
447.493,1.059
447.523,1.064
447.553,1.064
447.583,1.064
447.613,1.070
447.643,1.060
447.673,1.059
447.703,1.057
447.733,1.065
447.763,1.070
447.793,1.064
447.823,1.062
447.853,1.064
447.883,1.066
447.913,1.062
447.943,1.063
447.973,1.066
448.003,1.056
448.033,1.067
448.063,1.065
448.093,1.068
448.123,1.067
448.153,1.063
448.183,1.057
448.213,1.055
448.243,1.063
448.273,1.066
448.303,1.067
448.333,1.063
448.363,1.065
448.393,1.065
448.423,1.058
448.453,1.064
448.483,1.067
448.513,1.054
448.543,1.066
448.573,1.068
448.603,1.058
448.633,1.067
448.663,1.063
448.693,1.062
448.723,1.057
448.753,1.062
448.783,1.068
448.813,1.068
448.843,1.060
448.873,1.062
448.903,1.062
448.933,1.062
448.963,1.061
448.993,1.066
449.023,1.060
449.053,1.063
449.083,1.062
449.113,1.057
449.143,1.064
449.173,1.062
449.203,1.062
449.233,1.058
449.263,1.063
449.293,1.070
449.323,1.069
449.353,1.060
449.383,1.062
449.413,1.063
449.443,1.062
449.473,1.064
449.503,1.066
449.533,1.060
449.563,1.063
449.593,1.065
449.623,1.064
449.653,1.065
449.683,1.064
449.713,1.057
449.743,1.058
449.773,1.062
449.803,1.069
449.833,1.066
449.863,1.068
449.893,1.060
449.923,1.061
449.953,1.061
449.983,1.067
450.013,1.063
450.043,1.066
450.073,1.060
450.103,1.072
450.133,1.064
450.163,1.065
450.193,1.064
450.223,1.058
450.253,1.057
450.283,1.063
450.313,1.066
450.343,1.067
450.373,1.068
450.403,1.060
450.433,1.062
450.463,1.066
450.493,1.061
450.523,1.062
450.553,1.069
450.583,1.060
450.613,1.062
450.643,1.067
450.673,1.063
450.703,1.064
450.733,1.063
450.763,1.062
450.793,1.062
450.823,1.059
450.853,1.062
450.883,1.065
450.913,1.068
450.943,1.062
450.973,1.062
451.003,1.062
451.033,1.059
451.063,1.066
451.093,1.067
451.123,1.058
451.153,1.063
451.183,1.063
451.213,1.068
451.243,1.070
451.273,1.063
451.303,1.056
451.333,1.057
451.363,1.061
451.393,1.067
451.423,1.065
451.453,1.062
451.483,1.061
451.513,1.069
451.543,1.062
451.573,1.062
451.603,1.067
451.633,1.060
451.663,1.054
451.693,1.070
451.723,1.065
451.753,1.062
451.783,1.067
451.813,1.062
451.843,1.057
451.873,1.059
451.903,1.067
451.933,1.064
451.963,1.063
451.993,1.065
452.023,1.066
452.053,1.063
452.083,1.062
452.113,1.065
452.143,1.065
452.173,1.065
452.203,1.061
452.233,1.067
452.263,1.061
452.293,1.061
452.323,1.064
452.353,1.061
452.383,1.063
452.413,1.054
452.443,1.061
452.473,1.064
452.503,1.071
452.533,1.065
452.563,1.063
452.593,1.060
452.623,1.060
452.653,1.067
452.683,1.066
452.713,1.059
452.743,1.065
452.773,1.070
452.803,1.062
452.833,1.063
452.863,1.061
452.893,1.057
452.923,1.057
452.953,1.062
452.983,1.067
453.013,1.067
453.043,1.061
453.073,1.056
453.103,1.062
453.133,1.062
453.163,1.067
453.193,1.066
453.223,1.063
453.253,1.054
453.283,1.067
453.313,1.063
453.343,1.062
453.373,1.069
453.403,1.065
453.433,1.055
453.463,1.062
453.493,1.062
453.523,1.062
453.553,1.064
453.583,1.069
453.613,1.062
453.643,1.057
453.673,1.070
453.703,1.069
453.733,1.063
453.763,1.057
453.793,1.048
453.823,1.063
453.853,1.065
453.883,1.063
453.913,1.065
453.943,1.066
453.973,1.062
454.003,1.056
454.033,1.062
454.063,1.067
454.093,1.064
454.123,1.062
454.153,1.061
454.183,1.061
454.213,1.063
454.243,1.061
454.273,1.068
454.303,1.071
454.333,1.061
454.363,1.063
454.393,1.062
454.423,1.062
454.453,1.064
454.483,1.068
454.513,1.057
454.543,1.055
454.573,1.059
454.603,1.066
454.633,1.069
454.663,1.066
454.693,1.060
454.723,1.059
454.753,1.065
454.783,1.064
454.813,1.067
454.843,1.062
454.873,1.058
454.903,1.054
454.933,1.070
454.963,1.068
454.993,1.067
455.023,1.066
455.053,1.060
455.083,1.057
455.113,1.062
455.143,1.066
455.173,1.069
455.203,1.068
455.233,1.062
455.263,1.062
455.293,1.059
455.323,1.063
455.353,1.067
455.383,1.063
455.413,1.067
455.443,1.061
455.473,1.053
455.503,1.072
455.533,1.060
455.563,1.057
455.593,1.063
455.623,1.056
455.653,1.062
455.683,1.062
455.713,1.065
455.743,1.071
455.773,1.066
455.803,1.062
455.833,1.062
455.863,1.063
455.893,1.070
455.923,1.061
455.953,1.063
455.983,1.067
456.013,1.060
456.043,1.070
456.073,1.069
456.103,1.062
456.133,1.067
456.163,1.064
456.193,1.066
456.223,1.061
456.253,1.062
456.283,1.065
456.313,1.065
456.343,1.068
456.373,1.067
456.403,1.064
456.433,1.059
456.463,1.060
456.493,1.070
456.523,1.066
456.553,1.063
456.583,1.063
456.613,1.067
456.643,1.066
456.673,1.068
456.703,1.062
456.733,1.066
456.763,1.050
456.793,1.067
456.823,1.074
456.853,1.074
456.883,1.066
456.913,1.066
456.943,1.064
456.973,1.052
457.003,1.054
457.033,1.072
457.063,1.078
457.093,1.062
457.123,1.079
457.153,1.063
457.183,1.046
457.213,1.055
457.243,1.066
457.273,1.061
457.303,1.047
457.333,1.061
457.363,1.072
457.393,1.073
457.423,1.057
457.453,1.062
457.483,1.062
457.513,1.051
457.543,1.058
457.573,1.083
457.603,1.065
457.633,1.052
457.663,1.072
457.693,1.060
457.723,1.039
457.753,1.056
457.783,1.045
457.813,1.055
457.843,1.039
457.873,1.065
457.903,1.043
457.933,1.021
457.963,1.068
457.993,1.053
458.023,1.022
458.053,1.016
458.083,1.037
458.113,1.065
458.143,1.067
458.173,1.048
458.203,1.026
458.233,1.062
458.263,1.049
458.293,1.043
458.323,1.080
458.353,1.046
458.383,1.030
458.413,1.056
458.443,1.064
458.473,1.054
458.503,1.050
458.533,1.062
458.563,1.060
458.593,1.064
458.623,1.056
458.653,1.054
458.683,1.056
458.713,1.050
458.743,1.048
458.773,1.059
458.803,1.055
458.833,1.064
458.863,1.057
458.893,1.047
458.923,1.050
458.953,1.058
458.983,1.065
459.013,1.061
459.043,1.049
459.073,1.054
459.103,1.054
459.133,1.062
459.163,1.062
459.193,1.068
459.223,1.053
459.253,1.041
459.283,1.060
459.313,1.057
459.343,1.063
459.373,1.059
459.403,1.051
459.433,1.050
459.463,1.069
459.493,1.051
459.523,1.054
459.553,1.053
459.583,1.064
459.613,1.058
459.643,1.071
459.673,1.066
459.703,1.059
459.733,1.059
459.763,1.064
459.793,1.063
459.823,1.054
459.853,1.056
459.883,1.070
459.913,1.056
459.943,1.049
459.973,1.062
460.003,1.076
460.033,1.062
460.063,1.058
460.093,1.066
460.123,1.070
460.153,1.057
460.183,1.050
460.213,1.064
460.243,1.063
460.273,1.062
460.303,1.060
460.333,1.055
460.363,1.068
460.393,1.062
460.423,1.044
460.453,1.067
460.483,1.074
460.513,1.065
460.543,1.061
460.573,1.052
460.603,1.045
460.633,1.060
460.663,1.067
460.693,1.057
460.723,1.066
460.753,1.079
460.783,1.075
460.813,1.069
460.843,1.061
460.873,1.062
460.903,1.057
460.933,1.059
460.963,1.062
460.993,1.068
461.023,1.067
461.053,1.067
461.083,1.067
461.113,1.063
461.143,1.060
461.173,1.064
461.203,1.062
461.233,1.058
461.263,1.058
461.293,1.057
461.323,1.053
461.353,1.057
461.383,1.059
461.413,1.067
461.443,1.056
461.473,1.067
461.503,1.065
461.533,1.062
461.563,1.064
461.593,1.069
461.623,1.059
461.653,1.054
461.683,1.060
461.713,1.066
461.743,1.060
461.773,1.070
461.803,1.063
461.833,1.061
461.863,1.065
461.893,1.055
461.923,1.059
461.953,1.062
461.983,1.062
462.013,1.067
462.043,1.067
462.073,1.060
462.103,1.062
462.133,1.062
462.163,1.056
462.193,1.063
462.223,1.065
462.253,1.068
462.283,1.057
462.313,1.068
462.343,1.065
462.373,1.065
462.403,1.064
462.433,1.060
462.463,1.058
462.493,1.063
462.523,1.058
462.553,1.066
462.583,1.066
462.613,1.062
462.643,1.054
462.673,1.062
462.703,1.057
462.733,1.059
462.763,1.064
462.793,1.069
462.823,1.053
462.853,1.068
462.883,1.066
462.913,1.056
462.943,1.068
462.973,1.063
463.003,1.058
463.033,1.057
463.063,1.062
463.093,1.067
463.123,1.067
463.153,1.068
463.183,1.062
463.213,1.055
463.243,1.056
463.273,1.065
463.303,1.074
463.333,1.067
463.363,1.060
463.393,1.056
463.423,1.070
463.453,1.063
463.483,1.066
463.513,1.069
463.543,1.057
463.573,1.049
463.603,1.059
463.633,1.066
463.663,1.066
463.693,1.068
463.723,1.062
463.753,1.058
463.783,1.057
463.813,1.065
463.843,1.063
463.873,1.066
463.903,1.062
463.933,1.062
463.963,1.056
463.993,1.071
464.023,1.064
464.053,1.064
464.083,1.062
464.113,1.057
464.143,1.058
464.173,1.059
464.203,1.065
464.233,1.070
464.263,1.064
464.293,1.058
464.323,1.059
464.353,1.062
464.383,1.065
464.413,1.065
464.443,1.066
464.473,1.062
464.503,1.058
464.533,1.054
464.563,1.070
464.593,1.067
464.623,1.061
464.653,1.068
464.683,1.060
464.713,1.062
464.743,1.062
464.773,1.062
464.803,1.070
464.833,1.065
464.863,1.057
464.893,1.058
464.923,1.066
464.953,1.062
464.983,1.063
465.013,1.067
465.043,1.060
465.073,1.057
465.103,1.059
465.133,1.073
465.163,1.066
465.193,1.065
465.223,1.063
465.253,1.060
465.283,1.057
465.313,1.057
465.343,1.070
465.373,1.070
465.403,1.062
465.433,1.060
465.463,1.059
465.493,1.063
465.523,1.063
465.553,1.065
465.583,1.062
465.613,1.062
465.643,1.062
465.673,1.061
465.703,1.064
465.733,1.066
465.763,1.063
465.793,1.063
465.823,1.055
465.853,1.056
465.883,1.067
465.913,1.065
465.943,1.066
465.973,1.062
466.003,1.058
466.033,1.056
466.063,1.060
466.093,1.062
466.123,1.065
466.153,1.067
466.183,1.064
466.213,1.059
466.243,1.056
466.273,1.069
466.303,1.066
466.333,1.066
466.363,1.061
466.393,1.059
466.423,1.053
466.453,1.058
466.483,1.066
466.513,1.064
466.543,1.062
466.573,1.062
466.603,1.061
466.633,1.060
466.663,1.060
466.693,1.065
466.723,1.067
466.753,1.062
466.783,1.061
466.813,1.062
466.843,1.060
466.873,1.064
466.903,1.063
466.933,1.059
466.963,1.062
466.993,1.056
467.023,1.065
467.053,1.068
467.083,1.063
467.113,1.059
467.143,1.062
467.173,1.062
467.203,1.061
467.233,1.065
467.263,1.065
467.293,1.059
467.323,1.066
467.353,1.065
467.383,1.062
467.413,1.065
467.443,1.061
467.473,1.062
467.503,1.059
467.533,1.061
467.563,1.064
467.593,1.065
467.623,1.062
467.653,1.060
467.683,1.062
467.713,1.062
467.743,1.064
467.773,1.067
467.803,1.063
467.833,1.062
467.863,1.065
467.893,1.063
467.923,1.069
467.953,1.062
467.983,1.058
468.013,1.059
468.043,1.055
468.073,1.070
468.103,1.066
468.133,1.062
468.163,1.060
468.193,1.061
468.223,1.060
468.253,1.066
468.283,1.068
468.313,1.061
468.343,1.058
468.373,1.063
468.403,1.062
468.433,1.067
468.463,1.069
468.493,1.060
468.523,1.055
468.553,1.061
468.583,1.066
468.613,1.064
468.643,1.063
468.673,1.062
468.703,1.061
468.733,1.061
468.763,1.062
468.793,1.065
468.823,1.067
468.853,1.053
468.883,1.064
468.913,1.062
468.943,1.062
468.973,1.068
469.003,1.057
469.033,1.058
469.063,1.062
469.093,1.066
469.123,1.066
469.153,1.066
469.183,1.062
469.213,1.059
469.243,1.063
469.273,1.064
469.303,1.064
469.333,1.067
469.363,1.068
469.393,1.053
469.423,1.065
469.453,1.064
469.483,1.068
469.513,1.063
469.543,1.062
469.573,1.058
469.603,1.059
469.633,1.065
469.663,1.071
469.693,1.065
469.723,1.062
469.753,1.055
469.783,1.062
469.813,1.064
469.843,1.062
469.873,1.067
469.903,1.066
469.933,1.057
469.963,1.062
469.993,1.060
470.023,1.061
470.053,1.062
470.083,1.061
470.113,1.062
470.143,1.062
470.173,1.062
470.203,1.068
470.233,1.065
470.263,1.061
470.293,1.061
470.323,1.059
470.353,1.060
470.383,1.063
470.413,1.062
470.443,1.061
470.473,1.057
470.503,1.068
470.533,1.067
470.563,1.062
470.593,1.062
470.623,1.059
470.653,1.062
470.683,1.061
470.713,1.063
470.743,1.066
470.773,1.062
470.803,1.062
470.833,1.060
470.863,1.060
470.893,1.062
470.923,1.064
470.953,1.064
470.983,1.068
471.013,1.057
471.043,1.062
471.073,1.066
471.103,1.062
471.133,1.065
471.163,1.061
471.193,1.055
471.223,1.061
471.253,1.060
471.283,1.070
471.313,1.069
471.343,1.060
471.373,1.063
471.403,1.057
471.433,1.062
471.463,1.063
471.493,1.066
471.523,1.065
471.553,1.065
471.583,1.059
471.613,1.058
471.643,1.066
471.673,1.062
471.703,1.067
471.733,1.065
471.763,1.057
471.793,1.055
471.823,1.061
471.853,1.065
471.883,1.067
471.913,1.063
471.943,1.065
471.973,1.062
472.003,1.057
472.033,1.066
472.063,1.061
472.093,1.063
472.123,1.063
472.153,1.065
472.183,1.058
472.213,1.062
472.243,1.068
472.273,1.060
472.303,1.067
472.333,1.059
472.363,1.057
472.393,1.057
472.423,1.063
472.453,1.071
472.483,1.064
472.513,1.064
472.543,1.063
472.573,1.057
472.603,1.063
472.633,1.064
472.663,1.065
472.693,1.062
472.723,1.061
472.753,1.069
472.783,1.069
472.813,1.073
472.843,1.107
472.873,1.125
472.903,1.135
472.933,1.116
472.963,1.124
472.993,1.060
473.023,1.035
473.053,1.024
473.083,0.976
473.113,0.952
473.143,0.952
473.173,0.923
473.203,0.980
473.233,0.983
473.263,1.028
473.293,1.041
473.323,1.026
473.353,1.026
473.383,1.021
473.413,1.017
473.443,1.030
473.473,1.048
473.503,1.043
473.533,1.041
473.563,1.031
473.593,1.022
473.623,1.025
473.653,1.014
473.683,1.008
473.713,1.009
473.743,1.033
473.773,1.015
473.803,1.005
473.833,1.032
473.863,1.054
473.893,1.030
473.923,0.996
473.953,1.012
473.983,1.029
474.013,1.029
474.043,1.020
474.073,1.031
474.103,1.040
474.133,0.995
474.163,1.028
474.193,1.026
474.223,1.019
474.253,1.005
474.283,1.019
474.313,1.020
474.343,1.031
474.373,1.049
474.403,1.036
474.433,1.004
474.463,1.029
474.493,1.059
474.523,1.055
474.553,0.994
474.583,0.992
474.613,1.044
474.643,1.051
474.673,1.038
474.703,1.056
474.733,1.034
474.763,1.025
474.793,1.023
474.823,0.999
474.853,0.980
474.883,1.029
474.913,1.104
474.943,1.053
474.973,1.028
475.003,1.023
475.033,1.023
475.063,0.937
475.093,0.928
475.123,1.010
475.153,1.020
475.183,1.012
475.213,1.094
475.243,1.082
475.273,1.048
475.303,1.052
475.333,1.043
475.363,1.025
475.393,1.076
475.423,1.058
475.453,1.029
475.483,1.059
475.513,1.060
475.543,1.017
475.573,1.011
475.603,1.040
475.633,1.051
475.663,1.059
475.693,1.049
475.723,1.066
475.753,1.043
475.783,1.034
475.813,1.025
475.843,1.050
475.873,1.018
475.903,0.989
475.933,1.060
475.963,1.082
475.993,1.046
476.023,1.089
476.053,1.067
476.083,1.029
476.113,1.046
476.143,1.018
476.173,1.041
476.203,1.088
476.233,1.051
476.263,1.031
476.293,1.056
476.323,1.045
476.353,1.026
476.383,1.069
476.413,1.063
476.443,1.029
476.473,1.030
476.503,1.113
476.533,1.065
476.563,1.059
476.593,1.046
476.623,1.050
476.653,1.126
476.683,1.051
476.713,1.046
476.743,1.043
476.773,1.007
476.803,1.062
476.833,1.040
476.863,1.000
476.893,1.032
476.923,1.047
476.953,1.025
476.983,1.039
477.013,1.050
477.043,1.063
477.073,1.037
477.103,0.984
477.133,1.015
477.163,1.040
477.193,1.033
477.223,1.034
477.253,1.033
477.283,1.044
477.313,1.030
477.343,1.024
477.373,1.018
477.403,1.062
477.433,1.069
477.463,1.052
477.493,1.073
477.523,1.065
477.553,1.070
477.583,1.046
477.613,1.021
477.643,1.087
477.673,1.008
477.703,1.026
477.733,1.085
477.763,1.045
477.793,1.072
477.823,1.051
477.853,1.056
477.883,1.020
477.913,1.042
477.943,1.060
477.973,1.021
478.003,1.049
478.033,1.090
478.063,1.056
478.093,1.009
478.123,1.012
478.153,1.049
478.183,1.039
478.213,1.008
478.243,1.019
478.273,1.054
478.303,1.052
478.333,1.040
478.363,1.037
478.393,1.048
478.423,1.055
478.453,1.042
478.483,1.045
478.513,1.048
478.543,1.061
478.573,1.059
478.603,1.053
478.633,1.059
478.663,1.056
478.693,1.052
478.723,1.054
478.753,1.042
478.783,1.043
478.813,1.048
478.843,1.050
478.873,1.055
478.903,1.053
478.933,1.060
478.963,1.066
478.993,1.065
479.023,1.051
479.053,1.045
479.083,1.051
479.113,1.060
479.143,1.066
479.173,1.064
479.203,1.055
479.233,1.053
479.263,1.058
479.293,1.052
479.323,1.051
479.353,1.064
479.383,1.053
479.413,1.048
479.443,1.062
479.473,1.065
479.503,1.060
479.533,1.043
479.563,1.048
479.593,1.051
479.623,1.070
479.653,1.074
479.683,1.055
479.713,1.044
479.743,1.053
479.773,1.062
479.803,1.056
479.833,1.041
479.863,1.042
479.893,1.057
479.923,1.058
479.953,1.059
479.983,1.050
480.013,1.065
480.043,1.066
480.073,1.053
480.103,1.051
480.133,1.055
480.163,1.056
480.193,1.057
480.223,1.054
480.253,1.053
480.283,1.048
480.313,1.052
480.343,1.069
480.373,1.060
480.403,1.034
480.433,1.048
480.463,1.086
480.493,1.072
480.523,1.048
480.553,1.040
480.583,1.053
480.613,1.054
480.643,1.049
480.673,1.048
480.703,1.046
480.733,1.043
480.763,1.053
480.793,1.053
480.823,1.043
480.853,1.042
480.883,1.043
480.913,1.048
480.943,1.058
480.973,1.061
481.003,1.046
481.033,1.037
481.063,1.039
481.093,1.051
481.123,1.056
481.153,1.039
481.183,1.038
481.213,1.049
481.243,1.058
481.273,1.050
481.303,1.045
481.333,1.045
481.363,1.037
481.393,1.049
481.423,1.069
481.453,1.048
481.483,1.033
481.513,1.043
481.543,1.052
481.573,1.055
481.603,1.037
481.633,1.035
481.663,1.044
481.693,1.046
481.723,1.046
481.753,1.053
481.783,1.057
481.813,1.043
481.843,1.036
481.873,1.045
481.903,1.047
481.933,1.047
481.963,1.050
481.993,1.039
482.023,1.048
482.053,1.047
482.083,1.041
482.113,1.046
482.143,1.047
482.173,1.053
482.203,1.052
482.233,1.039
482.263,1.046
482.293,1.044
482.323,1.036
482.353,1.052
482.383,1.048
482.413,1.051
482.443,1.046
482.473,1.034
482.503,1.046
482.533,0.995
482.563,0.976
482.593,1.074
482.623,1.146
482.653,1.152
482.683,1.095
482.713,1.035
482.743,0.971
482.773,0.973
482.803,1.016
482.833,1.024
482.863,1.076
482.893,1.068
482.923,1.097
482.953,1.073
482.983,0.974
483.013,0.933
483.043,1.060
483.073,1.078
483.103,1.056
483.133,1.032
483.163,1.021
483.193,1.039
483.223,1.036
483.253,1.013
483.283,1.035
483.313,1.040
483.343,1.020
483.373,1.043
483.403,1.066
483.433,1.045
483.463,1.037
483.493,1.076
483.523,1.107
483.553,1.093
483.583,1.054
483.613,1.033
483.643,1.051
483.673,0.989
483.703,1.021
483.733,1.036
483.763,1.040
483.793,1.042
483.823,1.019
483.853,1.001
483.883,1.028
483.913,1.047
483.943,1.046
483.973,1.025
484.003,1.019
484.033,1.058
484.063,1.072
484.093,1.058
484.123,1.004
484.153,0.995
484.183,1.049
484.213,1.006
484.243,0.974
484.273,1.062
484.303,1.127
484.333,1.162
484.363,1.099
484.393,1.012
484.423,1.025
484.453,1.032
484.483,1.034
484.513,1.030
484.543,1.063
484.573,1.078
484.603,1.009
484.633,0.910
484.663,0.982
484.693,1.086
484.723,1.031
484.753,1.008
484.783,1.062
484.813,1.172
484.843,1.159
484.873,1.159
484.903,1.045
484.933,0.964
484.963,0.942
484.993,0.975
485.023,0.967
485.053,0.994
485.083,1.114
485.113,1.199
485.143,1.118
485.173,1.061
485.203,1.012
485.233,1.034
485.263,1.138
485.293,1.169
485.323,1.137
485.353,1.086
485.383,1.046
485.413,1.001
485.443,1.005
485.473,1.032
485.503,1.012
485.533,0.964
485.563,1.003
485.593,1.024
485.623,0.979
485.653,0.971
485.683,0.967
485.713,0.980
485.743,1.067
485.773,1.077
485.803,0.993
485.833,1.020
485.863,1.009
485.893,1.005
485.923,1.036
485.953,1.050
485.983,1.000
486.013,1.006
486.043,1.038
486.073,1.020
486.103,0.978
486.133,1.017
486.163,1.106
486.193,1.093
486.223,1.016
486.253,1.061
486.283,1.081
486.313,1.081
486.343,1.021
486.373,1.056
486.403,1.033
486.433,1.018
486.463,1.078
486.493,1.034
486.523,1.049
486.553,1.075
486.583,1.045
486.613,1.053
486.643,1.087
486.673,1.068
486.703,1.047
486.733,1.036
486.763,1.017
486.793,0.994
486.823,1.058
486.853,1.032
486.883,1.061
486.913,1.066
486.943,1.059
486.973,1.056
487.003,1.044
487.033,1.058
487.063,1.041
487.093,1.036
487.123,1.054
487.153,1.024
487.183,1.034
487.213,1.042
487.243,1.026
487.273,1.043
487.303,1.040
487.333,1.037
487.363,1.058
487.393,1.081
487.423,1.056
487.453,1.057
487.483,1.072
487.513,1.048
487.543,1.060
487.573,1.066
487.603,1.059
487.633,1.062
487.663,1.058
487.693,1.049
487.723,1.061
487.753,1.043
487.783,1.035
487.813,1.048
487.843,1.041
487.873,1.041
487.903,1.060
487.933,1.045
487.963,1.040
487.993,1.043
488.023,1.034
488.053,1.043
488.083,1.056
488.113,1.045
488.143,1.050
488.173,1.055
488.203,1.038
488.233,1.042
488.263,1.048
488.293,1.052
488.323,1.051
488.353,1.053
488.383,1.039
488.413,1.048
488.443,1.051
488.473,1.045
488.503,1.048
488.533,1.058
488.563,1.038
488.593,1.045
488.623,1.053
488.653,1.057
488.683,1.042
488.713,1.048
488.743,1.057
488.773,1.042
488.803,1.044
488.833,1.056
488.863,1.044
488.893,1.048
488.923,1.053
488.953,1.042
488.983,1.042
489.013,1.051
489.043,1.044
489.073,1.046
489.103,1.050
489.133,1.057
489.163,1.044
489.193,1.047
489.223,1.048
489.253,1.048
489.283,1.050
489.313,1.050
489.343,1.047
489.373,1.041
489.403,1.050
489.433,1.054
489.463,1.045
489.493,1.037
489.523,1.057
489.553,1.061
489.583,1.041
489.613,1.038
489.643,1.053
489.673,1.043
489.703,1.045
489.733,1.052
489.763,1.047
489.793,1.043
489.823,1.055
489.853,1.043
489.883,1.046
489.913,1.051
489.943,1.049
489.973,1.051
490.003,1.053
490.033,1.042
490.063,1.046
490.093,1.060
490.123,1.043
490.153,1.038
490.183,1.051
490.213,1.045
490.243,1.037
490.273,1.060
490.303,1.056
490.333,1.051
490.363,1.042
490.393,1.047
490.423,1.063
490.453,1.106
490.483,1.098
490.513,1.121
490.543,1.104
490.573,1.063
490.603,1.086
490.633,1.104
490.663,1.085
490.693,1.076
490.723,1.040
490.753,1.073
490.783,1.089
490.813,1.057
490.843,1.013
490.873,1.049
490.903,1.118
490.933,1.102
490.963,1.014
490.993,1.045
491.023,1.123
491.053,1.001
491.083,0.925
491.113,0.978
491.143,1.049
491.173,1.033
491.203,0.999
491.233,1.023
491.263,1.003
491.293,1.001
491.323,1.053
491.353,1.039
491.383,0.998
491.413,1.026
491.443,1.004
491.473,1.005
491.503,1.004
491.533,1.044
491.563,1.056
491.593,1.021
491.623,1.025
491.653,1.069
491.683,1.056
491.713,1.022
491.743,1.029
491.773,1.044
491.803,1.050
491.833,1.054
491.863,1.044
491.893,1.021
491.923,1.062
491.953,1.056
491.983,1.035
492.013,1.023
492.043,1.048
492.073,1.057
492.103,1.044
492.133,1.054
492.163,1.059
492.193,1.065
492.223,1.062
492.253,1.032
492.283,1.028
492.313,1.050
492.343,1.052
492.373,1.034
492.403,1.047
492.433,1.049
492.463,1.033
492.493,1.036
492.523,1.046
492.553,1.054
492.583,1.036
492.613,1.034
492.643,1.032
492.673,1.029
492.703,1.047
492.733,1.040
492.763,1.041
492.793,1.041
492.823,1.033
492.853,1.032
492.883,1.042
492.913,1.026
492.943,1.021
