df_hash,22ZHK4.W0890N
device,HZ2X61
project_hash,29R7
project_name,istanbul_aydin_university
person_hash,29R7.T31E
person_label,V42
date_time_start,2025-10-27_14-12-39.001000_+03
date_time_start_unix,1761559959.001
date_time_end,2025-10-27_14-20-55.956000_+03
length_difference_noticed,no

time,ppg_med
16.151,497
16.176,571
16.201,689
16.226,753
16.251,728
16.276,702
16.301,770
16.326,895
16.351,942
16.376,866
16.401,784
16.426,827
16.451,942
16.476,949
16.501,785
16.526,610
16.551,601
16.576,686
16.601,624
16.626,331
16.651,24
16.676,-62
16.701,-23
16.726,-178
16.751,-635
16.776,-1105
16.801,-1283
16.826,-1290
16.851,-1544
16.876,-2181
16.901,-2824
16.926,-3080
16.951,-3105
16.976,-3432
17.001,-4234
17.026,-5028
17.051,-5310
17.076,-5281
17.101,-5617
17.126,-6531
17.151,-7412
17.176,-7627
17.201,-7426
17.226,-7660
17.251,-8595
17.276,-9463
17.301,-9472
17.326,-8937
17.351,-8921
17.376,-9755
17.401,-10483
17.426,-10116
17.451,-9050
17.476,-8611
17.501,-9214
17.526,-9670
17.551,-8744
17.576,-6932
17.601,-5895
17.626,-6158
17.651,-6235
17.676,-4576
17.701,-1802
17.726,-14
17.751,111
17.776,454
17.801,2990
17.826,6934
17.851,9583
17.876,10039
17.901,10726
17.926,14244
17.951,19586
17.976,23154
18.001,23693
18.026,24453
18.051,29046
18.076,32767
18.101,32767
18.126,32767
18.151,32767
18.176,32767
18.201,32767
18.226,32767
18.251,32767
18.276,32767
18.301,32767
18.326,32767
18.351,32767
18.376,32767
18.401,13290
18.426,-32768
18.451,-32768
18.476,-32768
18.501,-32768
18.526,-32768
18.551,-32768
18.576,-32768
18.601,-32768
18.626,-32768
18.651,-32768
18.676,-32768
18.701,-32768
18.726,-32768
18.751,-31599
18.776,-25444
18.801,-23346
18.826,-23254
18.851,-21006
18.876,-15957
18.901,-11375
18.926,-9748
18.951,-9636
18.976,-7973
19.001,-4242
19.026,-886
19.051,181
19.076,31
19.101,1030
19.126,3612
19.151,5893
19.176,6369
19.201,5867
19.226,6262
19.251,7935
19.276,9432
19.301,9559
19.326,8934
19.351,8999
19.376,10019
19.401,10826
19.426,10493
19.451,9551
19.476,9180
19.501,9602
19.526,9885
19.551,9289
19.576,8241
19.601,7682
19.626,7777
19.651,7773
19.676,7079
19.701,6043
19.726,5417
19.751,5325
19.776,5165
19.801,4487
19.826,3603
19.851,3132
19.876,3162
19.901,3169
19.926,2741
19.951,2089
19.976,1700
20.001,1667
20.026,1610
20.051,1225
20.076,681
20.101,359
20.126,338
20.151,324
20.176,75
20.201,-293
20.226,-500
20.251,-487
20.276,-470
20.301,-633
20.326,-891
20.351,-1027
20.376,-977
20.401,-872
20.426,-836
20.451,-821
20.476,-716
20.501,-521
20.526,-363
20.551,-325
20.576,-350
20.601,-327
20.626,-240
20.651,-172
20.676,-177
20.701,-207
20.726,-183
20.751,-104
20.776,-46
20.801,-59
20.826,-100
20.851,-97
20.876,-50
20.901,-24
20.926,-64
20.951,-120
20.976,-116
21.001,-60
21.026,47
21.051,168
21.076,271
21.101,340
21.126,383
21.151,407
21.176,414
21.201,403
21.226,379
21.251,350
21.276,325
21.301,309
21.326,296
21.351,277
21.376,244
21.401,200
21.426,154
21.451,113
21.476,76
21.501,32
21.526,-25
21.551,-86
21.576,-119
21.601,-94
21.626,-8
21.651,112
21.676,223
21.701,301
21.726,345
21.751,370
21.776,386
21.801,387
21.826,370
21.851,341
21.876,316
21.901,302
21.926,294
21.951,275
21.976,241
22.001,201
22.026,167
22.051,142
22.076,114
22.101,65
22.126,-2
22.151,-66
22.176,-92
22.201,-57
22.226,30
22.251,140
22.276,236
22.301,299
22.326,332
22.351,349
22.376,353
22.401,344
22.426,319
22.451,289
22.476,270
22.501,264
22.526,259
22.551,237
22.576,196
22.601,151
22.626,117
22.651,89
22.676,47
22.701,-15
22.726,-76
22.751,-93
22.776,-41
22.801,62
22.826,175
22.851,260
22.876,312
22.901,347
22.926,374
22.951,386
22.976,373
23.001,339
23.026,304
23.051,285
23.076,277
23.101,261
23.126,228
23.151,185
23.176,147
23.201,115
23.226,72
23.251,9
23.276,-60
23.301,-97
23.326,-70
23.351,19
23.376,137
23.401,241
23.426,310
23.451,350
23.476,377
23.501,394
23.526,392
23.551,369
23.576,335
23.601,309
23.626,298
23.651,288
23.676,261
23.701,216
23.726,167
23.751,129
23.776,98
23.801,55
23.826,-9
23.851,-80
23.876,-120
23.901,-99
23.926,-18
23.951,91
23.976,197
24.001,277
24.026,334
24.051,374
24.076,399
24.101,405
24.126,390
24.151,361
24.176,333
24.201,313
24.226,300
24.251,285
24.276,256
24.301,213
24.326,166
24.351,126
24.376,90
24.401,45
24.426,-18
24.451,-85
24.476,-120
24.501,-94
24.526,-5
24.551,114
24.576,222
24.601,298
24.626,345
24.651,377
24.676,399
24.701,405
24.726,391
24.751,364
24.776,340
24.801,325
24.826,314
24.851,295
24.876,262
24.901,220
24.926,180
24.951,149
24.976,122
25.001,85
25.026,28
25.051,-43
25.076,-107
25.101,-127
25.126,-84
25.151,14
25.176,132
25.201,232
25.226,296
25.251,332
25.276,354
25.301,371
25.326,376
25.351,363
25.376,336
25.401,311
25.426,296
25.451,287
25.476,271
25.501,240
25.526,198
25.551,158
25.576,127
25.601,98
25.626,56
25.651,-2
25.676,-60
25.701,-83
25.726,-47
25.751,43
25.776,156
25.801,251
25.826,310
25.851,339
25.876,355
25.901,362
25.926,356
25.951,332
25.976,301
26.001,279
26.026,270
26.051,264
26.076,244
26.101,207
26.126,164
26.151,128
26.176,96
26.201,52
26.226,-10
26.251,-75
26.276,-105
26.301,-73
26.326,15
26.351,129
26.376,229
26.401,298
26.426,338
26.451,363
26.476,377
26.501,374
26.526,353
26.551,323
26.576,299
26.601,284
26.626,270
26.651,246
26.676,210
26.701,170
26.726,135
26.751,98
26.776,47
26.801,-19
26.826,-81
26.851,-101
26.876,-54
26.901,46
26.926,162
26.951,257
26.976,315
27.001,349
27.026,374
27.051,394
27.076,397
27.101,377
27.126,343
27.151,314
27.176,299
27.201,289
27.226,267
27.251,227
27.276,180
27.301,139
27.326,107
27.351,66
27.376,6
27.401,-63
27.426,-107
27.451,-93
27.476,-14
27.501,100
27.526,211
27.551,292
27.576,342
27.601,372
27.626,389
27.651,393
27.676,381
27.701,356
27.726,330
27.751,311
27.776,298
27.801,281
27.826,251
27.851,210
27.876,168
27.901,131
27.926,95
27.951,48
27.976,-13
28.001,-77
28.026,-110
28.051,-86
28.076,-3
28.101,112
28.126,221
28.151,297
28.176,339
28.201,361
28.226,373
28.251,374
28.276,359
28.301,332
28.326,306
28.351,293
28.376,287
28.401,274
28.426,243
28.451,201
28.476,160
28.501,129
28.526,96
28.551,48
28.576,-15
28.601,-70
28.626,-82
28.651,-32
28.676,65
28.701,174
28.726,261
28.751,314
28.776,341
28.801,355
28.826,357
28.851,344
28.876,319
28.901,293
28.926,277
28.951,270
28.976,258
29.001,230
29.026,190
29.051,152
29.076,123
29.101,95
29.126,49
29.151,-12
29.176,-64
29.201,-67
29.226,-8
29.251,94
29.276,199
29.301,275
29.326,319
29.351,345
29.376,360
29.401,361
29.426,341
29.451,310
29.476,282
29.501,267
29.526,259
29.551,239
29.576,203
29.601,159
29.626,122
29.651,87
29.676,41
29.701,-16
29.726,-65
29.751,-67
29.776,-8
29.801,93
29.826,195
29.851,268
29.876,314
29.901,348
29.926,378
29.951,390
29.976,375
30.001,339
30.026,304
30.051,286
30.076,274
30.101,251
30.126,212
30.151,170
30.176,137
30.201,106
30.226,59
30.251,-10
30.276,-77
30.301,-101
30.326,-59
30.351,35
30.376,145
30.401,237
30.426,301
30.451,345
30.476,377
30.501,397
30.526,397
30.551,375
30.576,342
30.601,313
30.626,296
30.651,286
30.676,267
30.701,230
30.726,183
30.751,139
30.776,106
30.801,72
30.826,20
30.851,-48
30.876,-106
30.901,-114
30.926,-54
30.951,52
30.976,165
31.001,254
31.026,314
31.051,355
31.076,385
31.101,398
31.126,390
31.151,367
31.176,343
31.201,325
31.226,310
31.251,294
31.276,272
31.301,243
31.326,207
31.351,164
31.376,122
31.401,85
31.426,49
31.451,0
31.476,-61
31.501,-114
31.526,-123
31.551,-64
31.576,45
31.601,163
31.626,254
31.651,313
31.676,354
31.701,386
31.726,403
31.751,397
31.776,375
31.801,353
31.826,341
31.851,335
31.876,322
31.901,298
31.926,269
31.951,236
31.976,197
32.001,151
32.026,106
32.051,68
32.076,32
32.101,-16
32.126,-76
32.151,-122
32.176,-117
32.201,-44
32.226,68
32.251,180
32.276,259
32.301,306
32.326,337
32.351,362
32.376,374
32.401,366
32.426,343
32.451,321
32.476,308
32.501,303
32.526,296
32.551,278
32.576,249
32.601,210
32.626,170
32.651,135
32.676,102
32.701,63
32.726,13
32.751,-37
32.776,-62
32.801,-33
32.826,50
32.851,158
32.876,250
32.901,304
32.926,327
32.951,338
32.976,343
33.001,337
33.026,315
33.051,288
33.076,273
33.101,273
33.126,274
33.151,255
33.176,216
33.201,171
33.226,139
33.251,115
33.276,81
33.301,26
33.326,-33
33.351,-63
33.376,-34
33.401,49
33.426,155
33.451,243
33.476,298
33.501,327
33.526,345
33.551,354
33.576,347
33.601,322
33.626,290
33.651,269
33.676,261
33.701,251
33.726,226
33.751,187
33.776,148
33.801,116
33.826,81
33.851,29
33.876,-34
33.901,-73
33.926,-53
33.951,27
33.976,136
34.001,228
34.026,287
34.051,321
34.076,347
34.101,363
34.126,361
34.151,337
34.176,306
34.201,284
34.226,273
34.251,258
34.276,228
34.301,187
34.326,150
34.351,119
34.376,79
34.401,19
34.426,-46
34.451,-78
34.476,-47
34.501,41
34.526,152
34.551,245
34.576,305
34.601,344
34.626,375
34.651,393
34.676,387
34.701,357
34.726,321
34.751,297
34.776,286
34.801,269
34.826,236
34.851,191
34.876,150
34.901,118
34.926,82
34.951,27
34.976,-40
35.001,-91
35.026,-90
35.051,-28
35.076,72
35.101,177
35.126,261
35.151,320
35.176,362
35.201,389
35.226,398
35.251,386
35.276,357
35.301,325
35.326,304
35.351,293
35.376,282
35.401,256
35.426,213
35.451,167
35.476,129
35.501,99
35.526,59
35.551,0
35.576,-69
35.601,-111
35.626,-95
35.651,-19
35.676,86
35.701,187
35.726,263
35.751,318
35.776,360
35.801,387
35.826,394
35.851,380
35.876,355
35.901,331
35.926,315
35.951,304
35.976,288
36.001,263
36.026,228
36.051,187
36.076,149
36.101,114
36.126,79
36.151,33
36.176,-25
36.201,-82
36.226,-104
36.251,-68
36.276,19
36.301,130
36.326,225
36.351,289
36.376,328
36.401,357
36.426,376
36.451,379
36.476,363
36.501,337
36.526,315
36.551,304
36.576,297
36.601,283
36.626,253
36.651,213
36.676,171
36.701,135
36.726,106
36.751,74
36.776,30
36.801,-23
36.826,-67
36.851,-71
36.876,-21
36.901,71
36.926,174
36.951,256
36.976,306
37.001,335
37.026,354
37.051,364
37.076,357
37.101,334
37.126,309
37.151,295
37.176,292
37.201,287
37.226,265
37.251,226
37.276,183
37.301,150
37.326,128
37.351,99
37.376,52
37.401,-8
37.426,-56
37.451,-60
37.476,-7
37.501,85
37.526,184
37.551,261
37.576,308
37.601,334
37.626,348
37.651,350
37.676,337
37.701,314
37.726,293
37.751,283
37.776,279
37.801,268
37.826,239
37.851,199
37.876,163
37.901,137
37.926,108
37.951,62
37.976,2
38.001,-45
38.026,-50
38.051,1
38.076,91
38.101,183
38.126,253
38.151,299
38.176,329
38.201,347
38.226,349
38.251,331
38.276,302
38.301,276
38.326,265
38.351,259
38.376,244
38.401,214
38.426,178
38.451,146
38.476,114
38.501,67
38.526,5
38.551,-47
38.576,-53
38.601,2
38.626,98
38.651,190
38.676,253
38.701,291
38.726,323
38.751,352
38.776,364
38.801,346
38.826,310
38.851,279
38.876,268
38.901,261
38.926,239
38.951,198
38.976,156
39.001,125
39.026,93
39.051,40
39.076,-30
39.101,-80
39.126,-69
39.151,8
39.176,117
39.201,212
39.226,275
39.251,319
39.276,358
39.301,387
39.326,389
39.351,361
39.376,322
39.401,296
39.426,285
39.451,271
39.476,240
39.501,196
39.526,155
39.551,122
39.576,82
39.601,23
39.626,-43
39.651,-83
39.676,-66
39.701,10
39.726,114
39.751,210
39.776,280
39.801,332
39.826,375
39.851,404
39.876,406
39.901,377
39.926,332
39.951,298
39.976,285
40.001,279
40.026,257
40.051,211
40.076,158
40.101,118
40.126,90
40.151,53
40.176,-8
40.201,-78
40.226,-116
40.251,-90
40.276,-6
40.301,100
40.326,197
40.351,274
40.376,339
40.401,391
40.426,421
40.451,419
40.476,390
40.501,355
40.526,330
40.551,314
40.576,300
40.601,280
40.626,250
40.651,211
40.676,165
40.701,119
40.726,80
40.751,47
40.776,8
40.801,-48
40.826,-110
40.851,-144
40.876,-117
40.901,-28
40.926,89
40.951,198
40.976,281
41.001,346
41.026,401
41.051,441
41.076,454
41.101,438
41.126,409
41.151,387
41.176,377
41.201,372
41.226,359
41.251,333
41.276,299
41.301,262
41.326,228
41.351,195
41.376,159
41.401,119
41.426,76
41.451,36
41.476,4
41.501,-25
41.526,-67
41.551,-124
41.576,-176
41.601,-185
41.626,-126
41.651,-13
41.676,111
41.701,212
41.726,281
41.751,333
41.776,380
41.801,417
41.826,429
41.851,417
41.876,396
41.901,384
41.926,382
41.951,382
41.976,373
42.001,354
42.026,327
42.051,293
42.076,255
42.101,216
42.126,179
42.151,145
42.176,108
42.201,69
42.226,33
42.251,2
42.276,-32
42.301,-79
42.326,-131
42.351,-158
42.376,-128
42.401,-38
42.426,80
42.451,185
42.476,257
42.501,306
42.526,349
42.551,388
42.576,409
42.601,403
42.626,381
42.651,364
42.676,361
42.701,363
42.726,353
42.751,326
42.776,293
42.801,263
42.826,236
42.851,201
42.876,155
42.901,110
42.926,77
42.951,53
42.976,18
43.001,-38
43.026,-102
43.051,-136
43.076,-107
43.101,-19
43.126,94
43.151,192
43.176,259
43.201,307
43.226,348
43.251,383
43.276,398
43.301,390
43.326,370
43.351,356
43.376,352
43.401,346
43.426,328
43.451,300
43.476,271
43.501,243
43.526,209
43.551,166
43.576,122
43.601,85
43.626,52
43.651,6
43.676,-54
43.701,-108
43.726,-116
43.751,-58
43.776,43
43.801,150
43.826,230
43.851,283
43.876,323
43.901,359
43.926,380
43.951,378
43.976,357
44.001,335
44.026,323
44.051,320
44.076,314
44.101,294
44.126,262
44.151,222
44.176,184
44.201,150
44.226,116
44.251,75
44.276,19
44.301,-39
44.326,-75
44.351,-59
44.376,15
44.401,121
44.426,220
44.451,285
44.476,320
44.501,341
44.526,357
44.551,362
44.576,346
44.601,317
44.626,294
44.651,287
44.676,287
44.701,274
44.726,240
44.751,195
44.776,156
44.801,128
44.826,94
44.851,39
44.876,-28
44.901,-78
44.926,-73
44.951,-4
44.976,104
45.001,209
45.026,281
45.051,321
45.076,342
45.101,355
45.126,354
45.151,337
45.176,308
45.201,286
45.226,277
45.251,272
45.276,252
45.301,212
45.326,169
45.351,136
45.376,107
45.401,61
45.426,-8
45.451,-73
45.476,-86
45.501,-25
45.526,85
45.551,194
45.576,268
45.601,309
45.626,340
45.651,366
45.676,373
45.701,350
45.726,309
45.751,276
45.776,265
45.801,261
45.826,243
45.851,206
45.876,166
45.901,133
45.926,94
45.951,33
45.976,-39
46.001,-86
46.026,-65
46.051,22
46.076,135
46.101,226
46.126,282
46.151,320
46.176,358
46.201,386
46.226,383
46.251,348
46.276,304
46.301,277
46.326,269
46.351,259
46.376,230
46.401,188
46.426,148
46.451,111
46.476,62
46.501,-5
46.526,-68
46.551,-82
46.576,-24
46.601,82
46.626,190
46.651,266
46.676,312
46.701,350
46.726,388
46.751,408
46.776,393
46.801,350
46.826,306
46.851,280
46.876,267
46.901,247
46.926,211
46.951,169
46.976,130
47.001,90
47.026,35
47.051,-34
47.076,-90
47.101,-94
47.126,-31
47.151,74
47.176,183
47.201,265
47.226,320
47.251,361
47.276,390
47.301,397
47.326,377
47.351,339
47.376,304
47.401,285
47.426,273
47.451,251
47.476,214
47.501,171
47.526,134
47.551,100
47.576,55
47.601,-10
47.626,-79
47.651,-113
47.676,-83
47.701,6
47.726,121
47.751,219
47.776,285
47.801,328
47.826,363
47.851,388
47.876,391
47.901,366
47.926,327
47.951,297
47.976,283
48.001,275
48.026,251
48.051,210
48.076,164
48.101,128
48.126,97
48.151,52
48.176,-14
48.201,-83
48.226,-113
48.251,-79
48.276,13
48.301,128
48.326,229
48.351,300
48.376,349
48.401,386
48.426,412
48.451,416
48.476,394
48.501,358
48.526,326
48.551,311
48.576,306
48.601,290
48.626,251
48.651,195
48.676,140
48.701,95
48.726,52
48.751,0
48.776,-64
48.801,-113
48.826,-116
48.851,-57
48.876,42
48.901,147
48.926,230
48.951,286
48.976,326
49.001,359
49.026,381
49.051,384
49.076,369
49.101,348
49.126,331
49.151,320
49.176,306
49.201,280
49.226,244
49.251,205
49.276,171
49.301,136
49.326,91
49.351,30
49.376,-32
49.401,-69
49.426,-51
49.451,26
49.476,139
49.501,246
49.526,319
49.551,354
49.576,364
49.601,359
49.626,338
49.651,299
49.676,252
49.701,217
49.726,208
49.751,216
49.776,221
49.801,202
49.826,161
49.851,115
49.876,76
49.901,38
49.926,-6
49.951,-57
49.976,-90
50.001,-74
50.026,0
50.051,109
50.076,216
50.101,289
50.126,327
50.151,345
50.176,355
50.201,357
50.226,344
50.251,319
50.276,297
50.301,286
50.326,281
50.351,267
50.376,237
50.401,200
50.426,166
50.451,132
50.476,84
50.501,23
50.526,-24
50.551,-22
50.576,43
50.601,145
50.626,239
50.651,298
50.676,326
50.701,339
50.726,343
50.751,334
50.776,311
50.801,286
50.826,269
50.851,261
50.876,247
50.901,222
50.926,192
50.951,166
50.976,136
51.001,90
51.026,31
51.051,-10
51.076,-3
51.101,59
51.126,151
51.151,232
51.176,284
51.201,309
51.226,315
51.251,304
51.276,279
51.301,251
51.326,233
51.351,229
51.376,226
51.401,211
51.426,186
51.451,159
51.476,131
51.501,91
51.526,37
51.551,-11
51.576,-19
51.601,30
51.626,120
51.651,211
51.676,274
51.701,307
51.726,321
51.751,323
51.776,313
51.801,292
51.826,270
51.851,251
51.876,233
51.901,212
51.926,188
51.951,168
51.976,145
52.001,106
52.026,46
52.051,-9
52.076,-24
52.101,24
52.126,118
52.151,212
52.176,274
52.201,304
52.226,320
52.251,332
52.276,333
52.301,317
52.326,290
52.351,266
52.376,249
52.401,230
52.426,205
52.451,177
52.476,148
52.501,111
52.526,53
52.551,-12
52.576,-48
52.601,-18
52.626,76
52.651,193
52.676,280
52.701,321
52.726,335
52.751,343
52.776,348
52.801,338
52.826,310
52.851,278
52.876,256
52.901,241
52.926,220
52.951,189
52.976,155
53.001,126
53.026,92
53.051,42
53.076,-17
53.101,-52
53.126,-29
53.151,55
53.176,163
53.201,253
53.226,306
53.251,333
53.276,350
53.301,359
53.326,351
53.351,327
53.376,301
53.401,287
53.426,280
53.451,264
53.476,230
53.501,188
53.526,154
53.551,128
53.576,94
53.601,41
53.626,-19
53.651,-50
53.676,-24
53.701,54
53.726,154
53.751,240
53.776,297
53.801,331
53.826,352
53.851,358
53.876,348
53.901,323
53.926,298
53.951,282
53.976,276
54.001,264
54.026,239
54.051,203
54.076,171
54.101,145
54.126,116
54.151,69
54.176,6
54.201,-43
54.226,-46
54.251,8
54.276,100
54.301,191
54.326,255
54.351,290
54.376,310
54.401,322
54.426,322
54.451,306
54.476,281
54.501,263
54.526,255
54.551,247
54.576,226
54.601,191
54.626,155
54.651,128
54.676,100
54.701,57
54.726,-2
54.751,-50
54.776,-50
54.801,9
54.826,106
54.851,200
54.876,266
54.901,305
54.926,330
54.951,346
54.976,346
55.001,328
55.026,301
55.051,280
55.076,268
55.101,256
55.126,233
55.151,199
55.176,162
55.201,127
55.226,87
55.251,35
55.276,-20
55.301,-54
55.326,-40
55.351,25
55.376,120
55.401,213
55.426,282
55.451,327
55.476,357
55.501,376
55.526,378
55.551,359
55.576,329
55.601,305
55.626,292
55.651,282
55.676,259
55.701,217
55.726,171
55.751,135
55.776,105
55.801,64
55.826,2
55.851,-61
55.876,-86
55.901,-49
55.926,40
55.951,145
55.976,230
56.001,290
56.026,334
56.051,368
56.076,388
56.101,384
56.126,362
56.151,335
56.176,317
56.201,305
56.226,293
56.251,272
56.276,241
56.301,203
56.326,164
56.351,126
56.376,92
56.401,54
56.426,4
56.451,-54
56.476,-100
56.501,-101
56.526,-41
56.551,64
56.576,175
56.601,258
56.626,309
56.651,344
56.676,373
56.701,390
56.726,385
56.751,363
56.776,340
56.801,326
56.826,317
56.851,302
56.876,279
56.901,252
56.926,226
56.951,194
56.976,153
57.001,107
57.026,68
57.051,35
57.076,-5
57.101,-61
57.126,-108
57.151,-109
57.176,-41
57.201,72
57.226,185
57.251,263
57.276,308
57.301,337
57.326,361
57.351,375
57.376,369
57.401,351
57.426,334
57.451,325
57.476,318
57.501,303
57.526,282
57.551,259
57.576,233
57.601,200
57.626,158
57.651,117
57.676,84
57.701,52
57.726,6
57.751,-52
57.776,-94
57.801,-82
57.826,-6
57.851,106
57.876,210
57.901,280
57.926,317
57.951,339
57.976,355
58.001,360
58.026,350
58.051,332
58.076,316
58.101,308
58.126,304
58.151,295
58.176,275
58.201,245
58.226,210
58.251,174
58.276,141
58.301,109
58.326,71
58.351,22
58.376,-26
58.401,-48
58.426,-20
58.451,57
58.476,159
58.501,245
58.526,295
58.551,315
58.576,322
58.601,324
58.626,318
58.651,302
58.676,282
58.701,271
58.726,269
58.751,266
58.776,249
58.801,216
58.826,180
58.851,153
58.876,128
58.901,91
58.926,34
58.951,-23
58.976,-45
59.001,-8
59.026,78
59.051,180
59.076,259
59.101,303
59.126,321
59.151,327
59.176,324
59.201,308
59.226,282
59.251,259
59.276,248
59.301,243
59.326,230
59.351,203
59.376,170
59.401,141
59.426,111
59.451,66
59.476,7
59.501,-35
59.526,-29
59.551,35
59.576,131
59.601,215
59.626,269
59.651,300
59.676,325
59.701,342
59.726,338
59.751,310
59.776,276
59.801,254
59.826,244
59.851,232
59.876,207
59.901,175
59.926,143
59.951,107
59.976,55
60.001,-6
60.026,-44
60.051,-25
60.076,53
60.101,155
60.126,238
60.151,289
60.176,324
60.201,356
60.226,375
60.251,364
60.276,326
60.301,288
60.326,270
60.351,266
60.376,253
60.401,219
60.426,176
60.451,141
60.476,107
60.501,58
60.526,-7
60.551,-56
60.576,-45
60.601,33
60.626,143
60.651,233
60.676,287
60.701,319
60.726,350
60.751,377
60.776,379
60.801,349
60.826,306
60.851,276
60.876,263
60.901,251
60.926,222
60.951,179
60.976,138
61.001,104
61.026,63
61.051,4
61.076,-57
61.101,-90
61.126,-65
61.151,12
61.176,112
61.201,203
61.226,270
61.251,318
61.276,355
61.301,379
61.326,381
61.351,361
61.376,330
61.401,301
61.426,285
61.451,276
61.476,261
61.501,231
61.526,188
61.551,145
61.576,112
61.601,82
61.626,42
61.651,-14
61.676,-72
61.701,-96
61.726,-61
61.751,26
61.776,134
61.801,229
61.826,297
61.851,349
61.876,392
61.901,424
61.926,433
61.951,418
61.976,395
62.001,378
62.026,372
62.051,365
62.076,350
62.101,324
62.126,295
62.151,265
62.176,233
62.201,200
62.226,164
62.251,128
62.276,90
62.301,48
62.326,11
62.351,-17
62.376,-40
62.401,-71
62.426,-119
62.451,-165
62.476,-175
62.501,-123
62.526,-19
62.551,99
62.576,194
62.601,260
62.626,312
62.651,364
62.676,405
62.701,420
62.726,409
62.751,389
62.776,382
62.801,389
62.826,397
62.851,389
62.876,366
62.901,337
62.926,310
62.951,282
62.976,251
63.001,218
63.026,187
63.051,156
63.076,121
63.101,84
63.126,52
63.151,25
63.176,-4
63.201,-50
63.226,-105
63.251,-141
63.276,-126
63.301,-52
63.326,55
63.351,157
63.376,230
63.401,277
63.426,315
63.451,350
63.476,375
63.501,381
63.526,370
63.551,354
63.576,346
63.601,347
63.626,343
63.651,328
63.676,302
63.701,275
63.726,251
63.751,224
63.776,188
63.801,144
63.826,103
63.851,74
63.876,52
63.901,19
63.926,-30
63.951,-79
63.976,-93
64.001,-50
64.026,38
64.051,137
64.076,214
64.101,265
64.126,304
64.151,339
64.176,365
64.201,370
64.226,358
64.251,344
64.276,338
64.301,338
64.326,330
64.351,310
64.376,284
64.401,258
64.426,228
64.451,192
64.476,151
64.501,116
64.526,86
64.551,52
64.576,5
64.601,-44
64.626,-66
64.651,-34
64.676,46
64.701,144
64.726,224
64.751,276
64.776,308
64.801,332
64.826,346
64.851,344
64.876,328
64.901,307
64.926,296
64.951,294
64.976,291
65.001,276
65.026,245
65.051,207
65.076,172
65.101,144
65.126,116
65.151,75
65.176,20
65.201,-29
65.226,-48
65.251,-12
65.276,70
65.301,167
65.326,245
65.351,289
65.376,311
65.401,327
65.426,338
65.451,336
65.476,316
65.501,289
65.526,272
65.551,266
65.576,257
65.601,232
65.626,192
65.651,153
65.676,123
65.701,91
65.726,42
65.751,-19
65.776,-65
65.801,-61
65.826,3
65.851,103
65.876,197
65.901,262
65.926,301
65.951,332
65.976,358
66.001,371
66.026,359
66.051,329
66.076,299
66.101,280
66.126,268
66.151,249
66.176,216
66.201,179
66.226,147
66.251,115
66.276,70
66.301,8
66.326,-51
66.351,-74
66.376,-41
66.401,39
66.426,134
66.451,215
66.476,274
66.501,319
66.526,355
66.551,379
66.576,382
66.601,364
66.626,334
66.651,309
66.676,295
66.701,285
66.726,268
66.751,236
66.776,195
66.801,155
66.826,123
66.851,88
66.876,39
66.901,-23
66.926,-75
66.951,-83
66.976,-31
67.001,62
67.026,161
67.051,239
67.076,292
67.101,331
67.126,364
67.151,383
67.176,381
67.201,360
67.226,335
67.251,317
67.276,305
67.301,291
67.326,272
67.351,250
67.376,223
67.401,188
67.426,145
67.451,100
67.476,63
67.501,30
67.526,-10
67.551,-62
67.576,-103
67.601,-98
67.626,-30
67.651,79
67.676,187
67.701,263
67.726,306
67.751,338
67.776,369
67.801,390
67.826,388
67.851,367
67.876,347
67.901,342
67.926,344
67.951,337
67.976,312
68.001,280
68.026,254
68.051,232
68.076,201
68.101,155
68.126,105
68.151,69
68.176,51
68.201,30
68.226,-14
68.251,-77
68.276,-122
68.301,-110
68.326,-31
68.351,81
68.376,183
68.401,251
68.426,293
68.451,325
68.476,355
68.501,370
68.526,364
68.551,345
68.576,332
68.601,331
68.626,331
68.651,320
68.676,298
68.701,274
68.726,251
68.751,224
68.776,186
68.801,144
68.826,109
68.851,84
68.876,55
68.901,8
68.926,-46
68.951,-76
68.976,-50
69.001,29
69.026,131
69.051,217
69.076,274
69.101,306
69.126,325
69.151,335
69.176,332
69.201,320
69.226,305
69.251,295
69.276,288
69.301,280
69.326,266
69.351,245
69.376,219
69.401,187
69.426,155
69.451,124
69.476,93
69.501,52
69.526,0
69.551,-51
69.576,-70
69.601,-35
69.626,49
69.651,153
69.676,242
69.701,297
69.726,325
69.751,340
69.776,348
69.801,349
69.826,339
69.851,322
69.876,306
69.901,295
69.926,286
69.951,273
69.976,247
70.001,209
70.026,167
70.051,131
70.076,100
70.101,63
70.126,11
70.151,-46
70.176,-80
70.201,-62
70.226,12
70.251,119
70.276,219
70.301,288
70.326,326
70.351,347
70.376,359
70.401,363
70.426,355
70.451,336
70.476,315
70.501,297
70.526,285
70.551,273
70.576,255
70.601,226
70.626,188
70.651,148
70.676,112
70.701,80
70.726,39
70.751,-14
70.776,-66
70.801,-84
70.826,-44
70.851,49
70.876,159
70.901,248
70.926,302
70.951,333
70.976,355
71.001,370
71.026,371
71.051,356
71.076,335
71.101,319
71.126,309
71.151,299
71.176,282
71.201,257
71.226,227
71.251,189
71.276,148
71.301,110
71.326,77
71.351,41
71.376,-9
71.401,-66
71.426,-97
71.451,-67
71.476,26
71.501,147
71.526,245
71.551,300
71.576,328
71.601,350
71.626,371
71.651,374
71.676,355
71.701,330
71.726,318
71.751,320
71.776,319
71.801,301
71.826,270
71.851,238
71.876,208
71.901,172
71.926,129
71.951,87
71.976,53
72.001,20
72.026,-27
72.051,-83
72.076,-109
72.101,-72
72.126,26
72.151,144
72.176,232
72.201,279
72.226,305
72.251,331
72.276,353
72.301,355
72.326,337
72.351,317
72.376,314
72.401,321
72.426,320
72.451,301
72.476,273
72.501,247
72.526,221
72.551,182
72.576,133
72.601,88
72.626,57
72.651,29
72.676,-13
72.701,-64
72.726,-90
72.751,-52
72.776,45
72.801,162
72.826,253
72.851,302
72.876,326
72.901,344
72.926,357
72.951,356
72.976,341
73.001,325
73.026,318
73.051,317
73.076,311
73.101,294
73.126,270
73.151,244
73.176,212
73.201,172
73.226,132
73.251,103
73.276,80
73.301,48
73.326,-4
73.351,-58
73.376,-74
73.401,-26
73.426,73
73.451,181
73.476,260
73.501,303
73.526,326
73.551,341
73.576,344
73.601,333
73.626,312
73.651,296
73.676,291
73.701,292
73.726,286
73.751,268
73.776,243
73.801,217
73.826,189
73.851,158
73.876,123
73.901,85
73.926,42
73.951,-2
73.976,-36
74.001,-35
74.026,17
74.051,110
74.076,211
74.101,283
74.126,315
74.151,320
74.176,319
74.201,320
74.226,315
74.251,300
74.276,281
74.301,268
74.326,264
74.351,258
74.376,238
74.401,205
74.426,168
74.451,137
74.476,109
74.501,72
74.526,21
74.551,-29
74.576,-52
74.601,-24
74.626,55
74.651,159
74.676,250
74.701,306
74.726,330
74.751,340
74.776,348
74.801,351
74.826,340
74.851,315
74.876,288
74.901,272
74.926,264
74.951,249
74.976,218
75.001,178
75.026,143
75.051,117
75.076,86
75.101,36
75.126,-22
75.151,-63
75.176,-54
75.201,7
75.226,100
75.251,190
75.276,258
75.301,301
75.326,327
75.351,342
75.376,347
75.401,342
75.426,328
75.451,310
75.476,293
75.501,281
75.526,269
75.551,250
75.576,218
75.601,177
75.626,138
75.651,107
75.676,75
75.701,31
75.726,-24
75.751,-66
75.776,-63
75.801,-1
75.826,98
75.851,196
75.876,265
75.901,307
75.926,335
75.951,358
75.976,370
76.001,364
76.026,344
76.051,322
76.076,307
76.101,296
76.126,284
76.151,266
76.176,241
76.201,209
76.226,172
76.251,133
76.276,99
76.301,68
76.326,30
76.351,-18
76.376,-63
76.401,-72
76.426,-20
76.451,79
76.476,186
76.501,265
76.526,309
76.551,335
76.576,357
76.601,371
76.626,367
76.651,348
76.676,327
76.701,317
76.726,315
76.751,308
76.776,290
76.801,264
76.826,234
76.851,201
76.876,163
76.901,127
76.926,97
76.951,70
76.976,31
77.001,-19
77.026,-62
77.051,-60
77.076,1
77.101,103
77.126,203
77.151,269
77.176,300
77.201,314
77.226,325
77.251,329
77.276,322
77.301,305
77.326,290
77.351,284
77.376,282
77.401,273
77.426,255
77.451,231
77.476,204
77.501,177
77.526,148
77.551,114
77.576,74
77.601,29
77.626,-12
77.651,-34
77.676,-15
77.701,48
77.726,140
77.751,225
77.776,279
77.801,303
77.826,313
77.851,318
77.876,318
77.901,305
77.926,284
77.951,267
77.976,262
78.001,262
78.026,251
78.051,221
78.076,182
78.101,149
78.126,125
78.151,97
78.176,51
78.201,-6
78.226,-47
78.251,-45
78.276,9
78.301,97
78.326,188
78.351,258
78.376,301
78.401,326
78.426,342
78.451,349
78.476,343
78.501,324
78.526,301
78.551,285
78.576,278
78.601,269
78.626,248
78.651,211
78.676,172
78.701,140
78.726,112
78.751,72
78.776,15
78.801,-40
78.826,-62
78.851,-27
78.876,55
78.901,152
78.926,231
78.951,282
78.976,314
79.001,338
79.026,355
79.051,358
79.076,344
79.101,321
79.126,298
79.151,283
79.176,274
79.201,263
79.226,242
79.251,211
79.276,175
79.301,141
79.326,109
79.351,72
79.376,24
79.401,-29
79.426,-64
79.451,-54
79.476,10
79.501,106
79.526,200
79.551,267
79.576,309
79.601,340
79.626,365
79.651,377
79.676,370
79.701,349
79.726,330
79.751,319
79.776,311
79.801,297
79.826,276
79.851,252
79.876,227
79.901,194
79.926,154
79.951,114
79.976,82
80.001,55
80.026,18
80.051,-32
80.076,-77
80.101,-79
80.126,-23
80.151,73
80.176,172
80.201,243
80.226,287
80.251,315
80.276,338
80.301,352
80.326,354
80.351,347
80.376,336
80.401,326
80.426,312
80.451,296
80.476,278
80.501,259
80.526,235
80.551,201
80.576,161
80.601,127
80.626,102
80.651,75
80.676,33
80.701,-16
80.726,-47
80.751,-28
80.776,42
80.801,138
80.826,221
80.851,273
80.876,300
80.901,314
80.926,322
80.951,319
80.976,306
81.001,290
81.026,279
81.051,276
81.076,274
81.101,263
81.126,240
81.151,210
81.176,179
81.201,152
81.226,129
81.251,100
81.276,59
81.301,10
81.326,-23
81.351,-16
81.376,40
81.401,130
81.426,215
81.451,272
81.476,298
81.501,311
81.526,320
81.551,322
81.576,311
81.601,290
81.626,271
81.651,265
81.676,263
81.701,251
81.726,220
81.751,181
81.776,148
81.801,122
81.826,92
81.851,45
81.876,-10
81.901,-48
81.926,-39
81.951,22
81.976,115
82.001,206
82.026,269
82.051,303
82.076,324
82.101,339
82.126,347
82.151,339
82.176,316
82.201,291
82.226,276
82.251,268
82.276,256
82.301,226
82.326,185
82.351,147
82.376,117
82.401,84
82.426,35
82.451,-23
82.476,-61
82.501,-48
82.526,19
82.551,117
82.576,208
82.601,274
82.626,315
82.651,344
82.676,364
82.701,371
82.726,361
82.751,340
82.776,318
82.801,303
82.826,292
82.851,277
82.876,253
82.901,218
82.926,181
82.951,146
82.976,115
83.001,75
83.026,21
83.051,-37
83.076,-73
83.101,-58
83.126,11
83.151,111
83.176,204
83.201,269
83.226,308
83.251,335
83.276,355
83.301,364
83.326,355
83.351,336
83.376,316
83.401,303
83.426,293
83.451,279
83.476,261
83.501,236
83.526,205
83.551,166
83.576,127
83.601,94
83.626,66
83.651,30
83.676,-21
83.701,-71
83.726,-82
83.751,-30
83.776,70
83.801,177
83.826,251
83.851,292
83.876,320
83.901,350
83.926,373
83.951,372
83.976,351
84.001,329
84.026,321
84.051,321
84.076,312
84.101,288
84.126,260
84.151,237
84.176,212
84.201,177
84.226,133
84.251,94
84.276,68
84.301,42
84.326,0
84.351,-51
84.376,-78
84.401,-46
84.426,43
84.451,153
84.476,239
84.501,287
84.526,310
84.551,324
84.576,333
84.601,329
84.626,316
84.651,301
84.676,295
84.701,294
84.726,290
84.751,276
84.776,253
84.801,225
84.826,195
84.851,166
84.876,139
84.901,112
84.926,78
84.951,34
84.976,-13
85.001,-38
85.026,-17
85.051,50
85.076,143
85.101,228
85.126,284
85.151,312
85.176,324
85.201,328
85.226,324
85.251,311
85.276,293
85.301,277
85.326,271
85.351,270
85.376,266
85.401,249
85.426,218
85.451,178
85.476,140
85.501,106
85.526,71
85.551,25
85.576,-26
85.601,-60
85.626,-49
85.651,16
85.676,117
85.701,214
85.726,278
85.751,307
85.776,321
85.801,333
85.826,343
85.851,339
85.876,320
85.901,297
85.926,283
85.951,281
85.976,274
86.001,250
86.026,212
86.051,173
86.076,144
86.101,119
86.126,80
86.151,24
86.176,-30
86.201,-55
86.226,-28
86.251,44
86.276,137
86.301,221
86.326,281
86.351,317
86.376,338
86.401,350
86.426,351
86.451,341
86.476,322
86.501,301
86.526,286
86.551,277
86.576,267
86.601,247
86.626,214
86.651,174
86.676,138
86.701,107
86.726,72
86.751,26
86.776,-26
86.801,-60
86.826,-49
86.851,12
86.876,105
86.901,197
86.926,266
86.951,306
86.976,328
87.001,341
87.026,347
87.051,344
87.076,332
87.101,315
87.126,299
87.151,286
87.176,274
87.201,256
87.226,229
87.251,194
87.276,158
87.301,130
87.326,104
87.351,70
87.376,20
87.401,-33
87.426,-58
87.451,-29
87.476,51
87.501,152
87.526,236
87.551,287
87.576,314
87.601,333
87.626,346
87.651,349
87.676,337
87.701,318
87.726,303
87.751,297
87.776,291
87.801,278
87.826,254
87.851,222
87.876,189
87.901,157
87.926,128
87.951,98
87.976,62
88.001,18
88.026,-21
88.051,-32
88.076,4
88.101,85
88.126,180
88.151,253
88.176,292
88.201,304
88.226,309
88.251,313
88.276,311
88.301,297
88.326,279
88.351,268
88.376,267
88.401,263
88.426,246
88.451,216
88.476,184
88.501,159
88.526,136
88.551,104
88.576,56
88.601,4
88.626,-26
88.651,-14
88.676,43
88.701,128
88.726,210
88.751,267
88.776,296
88.801,309
88.826,317
88.851,321
88.876,314
88.901,295
88.926,274
88.951,262
88.976,259
89.001,251
89.026,225
89.051,186
89.076,149
89.101,123
89.126,99
89.151,60
89.176,6
89.201,-37
89.226,-40
89.251,10
89.276,97
89.301,184
89.326,249
89.351,288
89.376,313
89.401,332
89.426,343
89.451,341
89.476,327
89.501,306
89.526,288
89.551,277
89.576,268
89.601,253
89.626,225
89.651,187
89.676,151
89.701,123
89.726,94
89.751,52
89.776,-1
89.801,-47
89.826,-52
89.851,-1
89.876,88
89.901,182
89.926,250
89.951,291
89.976,320
90.001,346
90.026,363
90.051,361
90.076,343
90.101,322
90.126,307
90.151,298
90.176,287
90.201,267
90.226,241
90.251,212
90.276,181
90.301,148
90.326,116
90.351,85
90.376,49
90.401,3
90.426,-46
90.451,-71
90.476,-46
90.501,31
90.526,134
90.551,222
90.576,277
90.601,308
90.626,332
90.651,355
90.676,365
90.701,357
90.726,339
90.751,326
90.776,324
90.801,320
90.826,305
90.851,279
90.876,253
90.901,229
90.926,201
90.951,164
90.976,123
91.001,89
91.026,64
91.051,33
91.076,-13
91.101,-64
91.126,-85
91.151,-49
91.176,37
91.201,139
91.226,220
91.251,269
91.276,299
91.301,324
91.326,344
91.351,350
91.376,341
91.401,327
91.426,320
91.451,317
91.476,311
91.501,295
91.526,275
91.551,256
91.576,234
91.601,204
91.626,165
91.651,127
91.676,99
91.701,76
91.726,40
91.751,-10
91.776,-53
91.801,-53
91.826,2
91.851,95
91.876,186
91.901,250
91.926,286
91.951,308
91.976,325
92.001,332
92.026,326
92.051,313
92.076,302
92.101,297
92.126,294
92.151,286
92.176,271
92.201,251
92.226,224
92.251,190
92.276,153
92.301,122
92.326,95
92.351,64
92.376,18
92.401,-30
92.426,-55
92.451,-30
92.476,43
92.501,134
92.526,212
92.551,262
92.576,295
92.601,320
92.626,338
92.651,341
92.676,330
92.701,315
92.726,306
92.751,303
92.776,298
92.801,285
92.826,263
92.851,235
92.876,203
92.901,170
92.926,136
92.951,102
92.976,62
93.001,12
93.026,-36
93.051,-59
93.076,-35
93.101,37
93.126,132
93.151,215
93.176,270
93.201,301
93.226,321
93.251,337
93.276,344
93.301,336
93.326,319
93.351,302
93.376,292
93.401,285
93.426,274
93.451,252
93.476,222
93.501,188
93.526,156
93.551,125
93.576,88
93.601,40
93.626,-13
93.651,-53
93.676,-53
93.701,-3
93.726,81
93.751,173
93.776,245
93.801,290
93.826,318
93.851,338
93.876,349
93.901,347
93.926,335
93.951,319
93.976,306
94.001,297
94.026,286
94.051,269
94.076,243
94.101,211
94.126,179
94.151,148
94.176,116
94.201,79
94.226,34
94.251,-10
94.276,-35
94.301,-21
94.326,39
94.351,129
94.376,216
94.401,276
94.426,305
94.451,318
94.476,325
94.501,329
94.526,323
94.551,306
94.576,288
94.601,278
94.626,275
94.651,268
94.676,248
94.701,216
94.726,183
94.751,157
94.776,134
94.801,101
94.826,54
94.851,3
94.876,-24
94.901,-6
94.926,56
94.951,142
94.976,219
95.001,271
95.026,298
95.051,311
95.076,319
95.101,319
95.126,306
95.151,285
95.176,268
95.201,260
95.226,257
95.251,246
95.276,222
95.301,191
95.326,165
95.351,142
95.376,110
95.401,60
95.426,2
95.451,-36
95.476,-27
95.501,30
95.526,116
95.551,196
95.576,251
95.601,285
95.626,308
95.651,324
95.676,328
95.701,316
95.726,294
95.751,275
95.776,268
95.801,266
95.826,255
95.851,230
95.876,198
95.901,167
95.926,140
95.951,105
95.976,54
96.001,0
96.026,-33
96.051,-22
96.076,35
96.101,117
96.126,195
96.151,251
96.176,288
96.201,317
96.226,341
96.251,351
96.276,339
96.301,311
96.326,284
96.351,271
96.376,268
96.401,257
96.426,229
96.451,191
96.476,159
96.501,136
96.526,109
96.551,60
96.576,-2
96.601,-49
96.626,-47
96.651,8
96.676,93
96.701,175
96.726,236
96.751,282
96.776,323
96.801,356
96.826,372
96.851,365
96.876,344
96.901,319
96.926,301
96.951,288
96.976,275
97.001,256
97.026,228
97.051,192
97.076,151
97.101,114
97.126,83
97.151,49
97.176,2
97.201,-49
97.226,-79
97.251,-58
97.276,15
97.301,113
97.326,198
97.351,255
97.376,294
97.401,332
97.426,366
97.451,382
97.476,370
97.501,345
97.526,327
97.551,323
97.576,319
97.601,302
97.626,273
97.651,244
97.676,219
97.701,190
97.726,151
97.751,107
97.776,72
97.801,47
97.826,16
97.851,-30
97.876,-78
97.901,-93
97.926,-49
97.951,41
97.976,143
98.001,223
98.026,276
98.051,315
98.076,350
98.101,377
98.126,384
98.151,372
98.176,353
98.201,341
98.226,339
98.251,334
98.276,317
98.301,291
98.326,265
98.351,242
98.376,217
98.401,182
98.426,140
98.451,98
98.476,68
98.501,45
98.526,16
98.551,-30
98.576,-82
98.601,-111
98.626,-89
98.651,-14
98.676,87
98.701,182
98.726,250
98.751,296
98.776,333
98.801,365
98.826,385
98.851,388
98.876,378
98.901,365
98.926,357
98.951,353
98.976,347
99.001,334
99.026,314
99.051,289
99.076,261
99.101,230
99.126,197
99.151,163
99.176,129
99.201,95
99.226,64
99.251,36
99.276,6
99.301,-33
99.326,-81
99.351,-117
99.376,-111
99.401,-49
99.426,53
99.451,160
99.476,238
99.501,282
99.526,309
99.551,336
99.576,362
99.601,373
99.626,365
99.651,347
99.676,336
99.701,336
99.726,335
99.751,322
99.776,297
99.801,269
99.826,246
99.851,222
99.876,187
99.901,144
99.926,103
99.951,76
99.976,54
100.001,21
100.026,-29
100.051,-78
100.076,-89
100.101,-41
100.126,53
100.151,155
100.176,231
100.201,276
100.226,304
100.251,331
100.276,355
100.301,367
100.326,361
100.351,346
100.376,335
100.401,330
100.426,324
100.451,311
100.476,291
100.501,264
100.526,231
100.551,193
100.576,154
100.601,122
100.626,96
100.651,65
100.676,19
100.701,-32
100.726,-60
100.751,-38
100.776,36
100.801,136
100.826,220
100.851,272
100.876,296
100.901,312
100.926,326
100.951,333
100.976,325
101.001,305
101.026,287
101.051,278
101.076,277
101.101,270
101.126,249
101.151,216
101.176,182
101.201,154
101.226,126
101.251,88
101.276,37
101.301,-11
101.326,-33
101.351,-5
101.376,67
101.401,159
101.426,237
101.451,285
101.476,308
101.501,319
101.526,324
101.551,319
101.576,301
101.601,279
101.626,264
101.651,258
101.676,251
101.701,231
101.726,198
101.751,165
101.776,139
101.801,112
101.826,70
101.851,13
101.876,-33
101.901,-34
101.926,21
101.951,114
101.976,204
102.001,265
102.026,297
102.051,317
102.076,332
102.101,338
102.126,325
102.151,299
102.176,275
102.201,262
102.226,254
102.251,239
102.276,209
102.301,173
102.326,141
102.351,113
102.376,74
102.401,21
102.426,-29
102.451,-43
102.476,-1
102.501,84
102.526,178
102.551,248
102.576,288
102.601,313
102.626,336
102.651,352
102.676,350
102.701,326
102.726,294
102.751,274
102.776,269
102.801,264
102.826,243
102.851,207
102.876,170
102.901,139
102.926,108
102.951,62
102.976,4
103.001,-41
103.026,-44
103.051,7
103.076,92
103.101,179
103.126,246
103.151,291
103.176,323
103.201,347
103.226,358
103.251,354
103.276,337
103.301,317
103.326,300
103.351,287
103.376,275
103.401,257
103.426,231
103.451,196
103.476,158
103.501,124
103.526,94
103.551,60
103.576,13
103.601,-38
103.626,-69
103.651,-51
103.676,22
103.701,122
103.726,212
103.751,269
103.776,302
103.801,327
103.826,349
103.851,361
103.876,353
103.901,334
103.926,318
103.951,313
103.976,308
104.001,293
104.026,267
104.051,239
104.076,214
104.101,186
104.126,152
104.151,114
104.176,82
104.201,54
104.226,17
104.251,-31
104.276,-72
104.301,-71
104.326,-12
104.351,86
104.376,183
104.401,249
104.426,286
104.451,314
104.476,342
104.501,359
104.526,353
104.551,333
104.576,317
104.601,317
104.626,323
104.651,316
104.676,295
104.701,268
104.726,247
104.751,226
104.776,195
104.801,155
104.826,119
104.851,96
104.876,75
104.901,40
104.926,-11
104.951,-52
104.976,-46
105.001,13
105.026,105
105.051,189
105.076,247
105.101,280
105.126,301
105.151,315
105.176,318
105.201,309
105.226,297
105.251,289
105.276,286
105.301,283
105.326,275
105.351,259
105.376,237
105.401,209
105.426,178
105.451,149
105.476,127
105.501,105
105.526,72
105.551,26
105.576,-13
105.601,-17
105.626,29
105.651,113
105.676,200
105.701,260
105.726,287
105.751,298
105.776,307
105.801,315
105.826,312
105.851,297
105.876,276
105.901,263
105.926,260
105.951,255
105.976,237
106.001,206
106.026,172
106.051,145
106.076,123
106.101,96
106.126,52
106.151,-2
106.176,-42
106.201,-41
106.226,8
106.251,91
106.276,177
106.301,242
106.326,281
106.351,305
106.376,325
106.401,340
106.426,343
106.451,331
106.476,311
106.501,295
106.526,287
106.551,279
106.576,260
106.601,226
106.626,189
106.651,159
106.676,137
106.701,109
106.726,62
106.751,3
106.776,-39
106.801,-37
106.826,16
106.851,101
106.876,186
106.901,251
106.926,298
106.951,334
106.976,362
107.001,378
107.026,378
107.051,365
107.076,349
107.101,333
107.126,319
107.151,303
107.176,286
107.201,265
107.226,238
107.251,203
107.276,166
107.301,132
107.326,99
107.351,57
107.376,3
107.401,-43
107.426,-51
107.451,-3
107.476,87
107.501,181
107.526,247
107.551,285
107.576,312
107.601,338
107.626,356
107.651,353
107.676,333
107.701,309
107.726,293
107.751,283
107.776,265
107.801,238
107.826,206
107.851,175
107.876,141
107.901,101
107.926,58
107.951,20
107.976,-12
108.001,-50
108.026,-101
108.051,-148
108.076,-158
108.101,-111
108.126,-19
108.151,78
108.176,150
108.201,191
108.226,216
108.251,236
108.276,250
108.301,252
108.326,246
108.351,245
108.376,259
108.401,283
108.426,304
108.451,312
108.476,305
108.501,290
108.526,272
108.551,255
108.576,240
108.601,224
108.626,203
108.651,176
108.676,155
108.701,159
108.726,201
108.751,273
108.776,350
108.801,408
108.826,439
108.851,451
108.876,454
108.901,445
108.926,420
108.951,382
108.976,345
109.001,319
109.026,301
109.051,277
109.076,238
109.101,191
109.126,149
109.151,118
109.176,88
109.201,44
109.226,-16
109.251,-76
109.276,-105
109.301,-84
109.326,-20
109.351,62
109.376,136
109.401,185
109.426,212
109.451,227
109.476,234
109.501,234
109.526,225
109.551,213
109.576,205
109.601,204
109.626,203
109.651,192
109.676,170
109.701,143
109.726,117
109.751,90
109.776,52
109.801,5
109.826,-29
109.851,-26
109.876,26
109.901,111
109.926,193
109.951,250
109.976,284
110.001,308
110.026,330
110.051,343
110.076,337
110.101,316
110.126,295
110.151,285
110.176,278
110.201,262
110.226,231
110.251,195
110.276,165
110.301,140
110.326,107
110.351,60
110.376,14
110.401,-2
110.426,28
110.451,98
110.476,177
110.501,239
110.526,280
110.551,307
110.576,328
110.601,340
110.626,338
110.651,324
110.676,310
110.701,303
110.726,297
110.751,280
110.776,247
110.801,208
110.826,175
110.851,151
110.876,120
110.901,72
110.926,12
110.951,-31
110.976,-33
111.001,12
111.026,88
111.051,165
111.076,227
111.101,272
111.126,304
111.151,326
111.176,336
111.201,333
111.226,320
111.251,303
111.276,287
111.301,274
111.326,260
111.351,244
111.376,222
111.401,192
111.426,155
111.451,119
111.476,88
111.501,56
111.526,14
111.551,-35
111.576,-72
111.601,-68
111.626,-12
111.651,78
111.676,167
111.701,232
111.726,274
111.751,310
111.776,347
111.801,372
111.826,375
111.851,358
111.876,341
111.901,337
111.926,341
111.951,336
111.976,316
112.001,288
112.026,262
112.051,239
112.076,207
112.101,166
112.126,125
112.151,96
112.176,74
112.201,42
112.226,-9
112.251,-61
112.276,-80
112.301,-42
112.326,41
112.351,135
112.376,210
112.401,258
112.426,290
112.451,317
112.476,339
112.501,348
112.526,341
112.551,326
112.576,315
112.601,311
112.626,309
112.651,301
112.676,284
112.701,261
112.726,238
112.751,214
112.776,186
112.801,153
112.826,118
112.851,88
112.876,60
112.901,26
112.926,-21
112.951,-69
112.976,-91
113.001,-62
113.026,15
113.051,112
113.076,193
113.101,246
113.126,279
113.151,307
113.176,331
113.201,342
113.226,337
113.251,324
113.276,317
113.301,317
113.326,316
113.351,304
113.376,285
113.401,266
113.426,248
113.451,223
113.476,187
113.501,151
113.526,123
113.551,102
113.576,72
113.601,27
113.626,-16
113.651,-29
113.676,9
113.701,88
113.726,172
113.751,235
113.776,271
113.801,293
113.826,309
113.851,316
113.876,312
113.901,299
113.926,287
113.951,285
113.976,288
114.001,286
114.026,271
114.051,244
114.076,212
114.101,180
114.126,154
114.151,131
114.176,102
114.201,64
114.226,19
114.251,-13
114.276,-11
114.301,35
114.326,113
114.351,195
114.376,256
114.401,289
114.426,302
114.451,308
114.476,308
114.501,302
114.526,290
114.551,277
114.576,271
114.601,271
114.626,265
114.651,246
114.676,215
114.701,181
114.726,152
114.751,126
114.776,92
114.801,44
114.826,-8
114.851,-41
114.876,-33
114.901,22
114.926,106
114.951,188
114.976,246
115.001,279
115.026,300
115.051,319
115.076,334
115.101,336
115.126,320
115.151,297
115.176,281
115.201,275
115.226,270
115.251,252
115.276,220
115.301,185
115.326,157
115.351,131
115.376,94
115.401,39
115.426,-17
115.451,-47
115.476,-27
115.501,38
115.526,123
115.551,199
115.576,253
115.601,287
115.626,312
115.651,328
115.676,334
115.701,328
115.726,314
115.751,300
115.776,289
115.801,280
115.826,268
115.851,246
115.876,216
115.901,185
115.926,158
115.951,131
115.976,95
116.001,45
116.026,-6
116.051,-36
116.076,-22
116.101,34
116.126,117
116.151,196
116.176,254
116.201,291
116.226,314
116.251,331
116.276,340
116.301,338
116.326,328
116.351,313
116.376,300
116.401,291
116.426,282
116.451,267
116.476,243
116.501,209
116.526,174
116.551,142
116.576,110
116.601,70
116.626,19
116.651,-30
116.676,-51
116.701,-26
116.726,40
116.751,126
116.776,201
116.801,253
116.826,286
116.851,309
116.876,323
116.901,324
116.926,315
116.951,300
116.976,290
117.001,286
117.026,283
117.051,275
117.076,259
117.101,234
117.126,204
117.151,173
117.176,143
117.201,113
117.226,76
117.251,31
117.276,-9
117.301,-24
117.326,3
117.351,71
117.376,153
117.401,222
117.426,266
117.451,287
117.476,298
117.501,304
117.526,302
117.551,293
117.576,282
117.601,275
117.626,273
117.651,269
117.676,257
117.701,236
117.726,209
117.751,183
117.776,159
117.801,134
117.826,100
117.851,56
117.876,12
117.901,-8
117.926,9
117.951,69
117.976,148
118.001,218
118.026,261
118.051,281
118.076,291
118.101,298
118.126,299
118.151,289
118.176,275
118.201,265
118.226,264
118.251,262
118.276,249
118.301,221
118.326,190
118.351,165
118.376,146
118.401,118
118.426,74
118.451,21
118.476,-13
118.501,-9
118.526,38
118.551,114
118.576,191
118.601,248
118.626,279
118.651,294
118.676,304
118.701,311
118.726,312
118.751,302
118.776,287
118.801,274
118.826,268
118.851,261
118.876,243
118.901,211
118.926,177
118.951,149
118.976,125
119.001,91
119.026,42
119.051,-7
119.076,-30
119.101,-5
119.126,58
119.151,135
119.176,200
119.201,248
119.226,283
119.251,310
119.276,327
119.301,329
119.326,319
119.351,305
119.376,294
119.401,286
119.426,276
119.451,257
119.476,232
119.501,205
119.526,179
119.551,155
119.576,128
119.601,90
119.626,41
119.651,-6
119.676,-32
119.701,-15
119.726,45
119.751,126
119.776,200
119.801,252
119.826,287
119.851,318
119.876,344
119.901,358
119.926,353
119.951,333
119.976,313
120.001,299
120.026,291
120.051,280
120.076,265
120.101,244
120.126,218
120.151,187
120.176,151
120.201,118
120.226,89
120.251,59
120.276,19
120.301,-25
120.326,-51
120.351,-33
120.376,32
120.401,122
120.426,200
120.451,250
120.476,280
120.501,308
120.526,333
120.551,345
120.576,336
120.601,317
120.626,308
120.651,314
120.676,321
120.701,311
120.726,284
120.751,254
120.776,233
120.801,216
120.826,189
120.851,149
120.876,111
120.901,86
120.926,67
120.951,36
120.976,-13
121.001,-59
121.026,-66
121.051,-17
121.076,68
121.101,154
121.126,216
121.151,254
121.176,282
121.201,305
121.226,319
121.251,317
121.276,308
121.301,302
121.326,302
121.351,302
121.376,293
121.401,277
121.426,259
121.451,243
121.476,222
121.501,193
121.526,160
121.551,131
121.576,105
121.601,75
121.626,35
121.651,0
121.676,-6
121.701,31
121.726,105
121.751,185
121.776,245
121.801,277
121.826,289
121.851,294
121.876,294
121.901,290
121.926,282
121.951,275
121.976,273
122.001,272
122.026,267
122.051,253
122.076,232
122.101,207
122.126,183
122.151,162
122.176,136
122.201,101
122.226,57
122.251,18
122.276,6
122.301,35
122.326,99
122.351,175
122.376,239
122.401,279
122.426,301
122.451,313
122.476,319
122.501,313
122.526,296
122.551,276
122.576,265
122.601,263
122.626,260
122.651,244
122.676,214
122.701,182
122.726,156
122.751,133
122.776,102
122.801,55
122.826,4
122.851,-23
122.876,-6
122.901,52
122.926,133
122.951,206
122.976,257
123.001,286
123.026,303
123.051,312
123.076,312
123.101,299
123.126,279
123.151,262
123.176,254
123.201,249
123.226,239
123.251,218
123.276,190
123.301,163
123.326,137
123.351,103
123.376,55
123.401,4
123.426,-24
123.451,-8
123.476,52
123.501,137
123.526,213
123.551,262
123.576,289
123.601,308
123.626,326
123.651,336
123.676,328
123.701,304
123.726,279
123.751,268
123.776,269
123.801,264
123.826,241
123.851,203
123.876,166
123.901,138
123.926,110
123.951,67
123.976,11
124.001,-34
124.026,-40
124.051,5
124.076,84
124.101,167
124.126,231
124.151,275
124.176,306
124.201,328
124.226,340
124.251,340
124.276,330
124.301,315
124.326,301
124.351,289
124.376,277
124.401,262
124.426,239
124.451,208
124.476,172
124.501,138
124.526,107
124.551,72
124.576,25
124.601,-22
124.626,-46
124.651,-22
124.676,46
124.701,134
124.726,207
124.751,256
124.776,290
124.801,320
124.826,344
124.851,351
124.876,340
124.901,324
124.926,316
124.951,315
124.976,309
125.001,291
125.026,266
125.051,242
125.076,218
125.101,186
125.126,146
125.151,109
125.176,81
125.201,54
125.226,13
125.251,-35
125.276,-63
125.301,-40
125.326,35
125.351,130
125.376,204
125.401,246
125.426,274
125.451,305
125.476,334
125.501,344
125.526,332
125.551,313
125.576,303
125.601,305
125.626,304
125.651,288
125.676,262
125.701,236
125.726,214
125.751,188
125.776,155
125.801,123
125.826,95
125.851,66
125.876,26
125.901,-21
125.926,-49
125.951,-31
125.976,35
126.001,122
126.026,195
126.051,240
126.076,269
126.101,295
126.126,318
126.151,328
126.176,322
126.201,309
126.226,301
126.251,299
126.276,295
126.301,285
126.326,270
126.351,254
126.376,233
126.401,203
126.426,167
126.451,135
126.476,109
126.501,81
126.526,41
126.551,-3
126.576,-27
126.601,-8
126.626,53
126.651,135
126.676,207
126.701,255
126.726,285
126.751,304
126.776,313
126.801,314
126.826,307
126.851,298
126.876,291
126.901,286
126.926,280
126.951,273
126.976,261
127.001,243
127.026,216
127.051,184
127.076,155
127.101,130
127.126,104
127.151,66
127.176,23
127.201,-1
127.226,14
127.251,73
127.276,153
127.301,221
127.326,260
127.351,278
127.376,287
127.401,293
127.426,294
127.451,284
127.476,270
127.501,260
127.526,258
127.551,258
127.576,250
127.601,231
127.626,205
127.651,179
127.676,156
127.701,129
127.726,93
127.751,48
127.776,6
127.801,-11
127.826,8
127.851,67
127.876,144
127.901,215
127.926,261
127.951,286
127.976,298
128.001,304
128.026,303
128.051,292
128.076,275
128.101,263
128.126,261
128.151,261
128.176,251
128.201,225
128.226,193
128.251,165
128.276,141
128.301,110
128.326,64
128.351,14
128.376,-14
128.401,0
128.426,59
128.451,138
128.476,207
128.501,254
128.526,282
128.551,304
128.576,321
128.601,327
128.626,317
128.651,297
128.676,279
128.701,269
128.726,261
128.751,247
128.776,224
128.801,196
128.826,170
128.851,144
128.876,108
128.901,58
128.926,8
128.951,-18
128.976,-2
129.001,55
129.026,133
129.051,205
129.076,256
129.101,287
129.126,310
129.151,327
129.176,335
129.201,327
129.226,305
129.251,283
129.276,270
129.301,264
129.326,252
129.351,226
129.376,192
129.401,160
129.426,133
129.451,102
129.476,57
129.501,4
129.526,-31
129.551,-25
129.576,26
129.601,105
129.626,182
129.651,241
129.676,283
129.701,314
129.726,336
129.751,345
129.776,339
129.801,322
129.826,305
129.851,293
129.876,284
129.901,274
129.926,255
129.951,225
129.976,190
130.001,157
130.026,129
130.051,98
130.076,56
130.101,2
130.126,-42
130.151,-52
130.176,-10
130.201,68
130.226,156
130.251,225
130.276,271
130.301,302
130.326,326
130.351,341
130.376,341
130.401,329
130.426,315
130.451,304
130.476,295
130.501,283
130.526,265
130.551,242
130.576,215
130.601,182
130.626,145
130.651,111
130.676,82
130.701,49
130.726,5
130.751,-39
130.776,-61
130.801,-33
130.826,44
130.851,141
130.876,220
130.901,268
130.926,296
130.951,320
130.976,341
131.001,347
131.026,337
131.051,320
131.076,311
131.101,311
131.126,307
131.151,292
131.176,269
131.201,244
131.226,219
131.251,187
131.276,149
131.301,112
131.326,82
131.351,51
131.376,9
131.401,-38
131.426,-64
131.451,-40
131.476,35
131.501,131
131.526,209
131.551,256
131.576,284
131.601,311
131.626,336
131.651,346
131.676,335
131.701,314
131.726,300
131.751,296
131.776,293
131.801,282
131.826,265
131.851,249
131.876,231
131.901,203
131.926,164
131.951,122
131.976,91
132.001,67
132.026,36
132.051,-9
132.076,-50
132.101,-54
132.126,-2
132.151,87
132.176,178
132.201,244
132.226,283
132.251,310
132.276,328
132.301,335
132.326,328
132.351,314
132.376,306
132.401,307
132.426,309
132.451,302
132.476,285
132.501,264
132.526,242
132.551,214
132.576,181
132.601,150
132.626,124
132.651,100
132.676,65
132.701,20
132.726,-13
132.751,-8
132.776,46
132.801,135
132.826,222
132.851,283
132.876,314
132.901,325
132.926,326
132.951,319
132.976,303
133.001,283
133.026,264
133.051,248
133.076,232
133.101,215
133.126,194
133.151,172
133.176,152
133.201,133
133.226,118
133.251,101
133.276,77
133.301,43
133.326,10
133.351,-1
133.376,26
133.401,94
133.426,180
133.451,252
133.476,296
133.501,314
133.526,319
133.551,317
133.576,308
133.601,290
133.626,272
133.651,260
133.676,258
133.701,255
133.726,241
133.751,215
133.776,184
133.801,157
133.826,132
133.851,99
133.876,53
133.901,6
133.926,-16
133.951,3
133.976,66
134.001,151
134.026,227
134.051,277
134.076,302
134.101,314
134.126,319
134.151,318
134.176,308
134.201,292
134.226,280
134.251,274
134.276,266
134.301,246
134.326,216
134.351,185
134.376,159
134.401,130
134.426,84
134.451,24
134.476,-25
134.501,-32
134.526,15
134.551,98
134.576,180
134.601,237
134.626,272
134.651,299
134.676,320
134.701,329
134.726,319
134.751,299
134.776,282
134.801,276
134.826,272
134.851,257
134.876,228
134.901,198
134.926,176
134.951,154
134.976,118
135.001,60
135.026,-2
135.051,-38
135.076,-23
135.101,38
135.126,121
135.151,196
135.176,249
135.201,283
135.226,307
135.251,326
135.276,333
135.301,324
135.326,302
135.351,279
135.376,265
135.401,258
135.426,246
135.451,222
135.476,188
135.501,155
135.526,126
135.551,94
135.576,46
135.601,-11
135.626,-52
135.651,-48
135.676,9
135.701,99
135.726,188
135.751,254
135.776,295
135.801,324
135.826,345
135.851,355
135.876,352
135.901,337
135.926,320
135.951,308
135.976,298
136.001,287
136.026,270
136.051,244
136.076,209
136.101,168
136.126,130
136.151,95
136.176,59
136.201,14
136.226,-35
136.251,-66
136.276,-49
136.301,21
136.326,125
136.351,221
136.376,286
136.401,324
136.426,352
136.451,378
136.476,392
136.501,387
136.526,369
136.551,356
136.576,354
136.601,353
136.626,338
136.651,308
136.676,272
136.701,239
136.726,200
136.751,145
136.776,77
136.801,16
136.826,-23
136.851,-50
136.876,-80
136.901,-119
136.926,-143
136.951,-119
136.976,-41
137.001,65
137.026,162
137.051,229
137.076,273
137.101,310
137.126,343
137.151,362
137.176,358
137.201,341
137.226,328
137.251,327
137.276,329
137.301,322
137.326,303
137.351,279
137.376,257
137.401,235
137.426,205
137.451,164
137.476,125
137.501,96
137.526,72
137.551,38
137.576,-10
137.601,-54
137.626,-60
137.651,-10
137.676,80
137.701,176
137.726,246
137.751,288
137.776,313
137.801,334
137.826,348
137.851,348
137.876,336
137.901,324
137.926,321
137.951,320
137.976,313
138.001,295
138.026,272
138.051,251
138.076,227
138.101,196
138.126,159
138.151,123
138.176,95
138.201,66
138.226,24
138.251,-26
138.276,-63
138.301,-56
138.326,4
138.351,96
138.376,185
138.401,247
138.426,283
138.451,304
138.476,314
138.501,314
138.526,304
138.551,291
138.576,284
138.601,286
138.626,289
138.651,285
138.676,269
138.701,245
138.726,216
138.751,186
138.776,159
138.801,132
138.826,98
138.851,57
138.876,15
138.901,-7
138.926,9
138.951,71
138.976,158
139.001,239
139.026,292
139.051,314
139.076,319
139.101,320
139.126,318
139.151,310
139.176,298
139.201,289
139.226,289
139.251,292
139.276,285
139.301,255
139.326,205
139.351,149
139.376,99
139.401,57
139.426,16
139.451,-27
139.476,-61
139.501,-64
139.526,-19
139.551,65
139.576,163
139.601,244
139.626,295
139.651,320
139.676,331
139.701,335
139.726,327
139.751,307
139.776,279
139.801,253
139.826,234
139.851,218
139.876,199
139.901,175
139.926,154
139.951,136
139.976,114
140.001,77
140.026,26
140.051,-22
140.076,-41
140.101,-13
140.126,57
140.151,150
140.176,234
140.201,294
140.226,328
140.251,343
140.276,350
140.301,350
140.326,342
140.351,328
140.376,312
140.401,303
140.426,297
140.451,286
140.476,262
140.501,226
140.526,188
140.551,155
140.576,121
140.601,78
140.626,24
140.651,-22
140.676,-33
140.701,4
140.726,81
140.751,167
140.776,237
140.801,280
140.826,303
140.851,317
140.876,326
140.901,329
140.926,322
140.951,307
140.976,289
141.001,276
141.026,267
141.051,259
141.076,240
141.101,208
141.126,171
141.151,139
141.176,112
141.201,79
141.226,28
141.251,-31
141.276,-69
141.301,-57
141.326,6
141.351,97
141.376,180
141.401,239
141.426,279
141.451,310
141.476,334
141.501,344
141.526,339
141.551,326
141.576,315
141.601,308
141.626,303
141.651,293
141.676,277
141.701,253
141.726,220
141.751,179
141.776,139
141.801,105
141.826,74
141.851,36
141.876,-8
141.901,-40
141.926,-37
141.951,13
141.976,95
142.001,179
142.026,243
142.051,283
142.076,307
142.101,319
142.126,320
142.151,313
142.176,304
142.201,300
142.226,300
142.251,297
142.276,287
142.301,270
142.326,249
142.351,222
142.376,190
142.401,158
142.426,130
142.451,104
142.476,72
142.501,29
142.526,-8
142.551,-17
142.576,19
142.601,92
142.626,172
142.651,235
142.676,273
142.701,294
142.726,305
142.751,305
142.776,294
142.801,279
142.826,270
142.851,272
142.876,277
142.901,273
142.926,256
142.951,228
142.976,198
143.001,170
143.026,144
143.051,115
143.076,78
143.101,34
143.126,-5
143.151,-21
143.176,2
143.201,66
143.226,148
143.251,218
143.276,260
143.301,279
143.326,287
143.351,294
143.376,297
143.401,289
143.426,275
143.451,265
143.476,263
143.501,262
143.526,249
143.551,221
143.576,188
143.601,160
143.626,137
143.651,105
143.676,58
143.701,6
143.726,-24
143.751,-12
143.776,43
143.801,122
143.826,198
143.851,256
143.876,294
143.901,321
143.926,339
143.951,348
143.976,345
144.001,331
144.026,314
144.051,302
144.076,294
144.101,285
144.126,266
144.151,235
144.176,199
144.201,167
144.226,138
144.251,101
144.276,48
144.301,-10
144.326,-47
144.351,-37
144.376,20
144.401,102
144.426,179
144.451,236
144.476,275
144.501,306
144.526,330
144.551,339
144.576,332
144.601,314
144.626,298
144.651,288
144.676,280
144.701,267
144.726,249
144.751,226
144.776,199
144.801,169
144.826,136
144.851,102
144.876,67
144.901,24
144.926,-24
144.951,-62
144.976,-63
145.001,-13
145.026,74
145.051,166
145.076,235
145.101,278
145.126,309
145.151,336
145.176,353
145.201,352
145.226,336
145.251,321
145.276,315
145.301,313
145.326,302
145.351,281
145.376,257
145.401,235
145.426,211
145.451,176
145.476,133
145.501,94
145.526,63
145.551,32
145.576,-10
145.601,-55
145.626,-73
145.651,-38
145.676,43
145.701,141
145.726,221
145.751,273
145.776,307
145.801,333
145.826,349
145.851,350
145.876,340
145.901,331
145.926,327
145.951,325
145.976,315
146.001,296
146.026,274
146.051,250
146.076,223
146.101,190
146.126,156
146.151,130
146.176,106
146.201,70
146.226,19
146.251,-28
146.276,-41
146.301,0
146.326,79
146.351,164
146.376,227
146.401,263
146.426,282
146.451,294
146.476,298
146.501,293
146.526,283
146.551,278
146.576,279
146.601,281
146.626,275
146.651,260
146.676,239
146.701,214
146.726,188
146.751,162
146.776,136
146.801,106
146.826,67
146.851,24
146.876,-8
146.901,-5
146.926,42
146.951,122
146.976,204
147.001,261
147.026,288
147.051,299
147.076,306
147.101,311
147.126,306
147.151,291
147.176,274
147.201,264
147.226,263
147.251,260
147.276,247
147.301,220
147.326,188
147.351,158
147.376,132
147.401,99
147.426,55
147.451,5
147.476,-27
147.501,-19
147.526,33
147.551,115
147.576,195
147.601,253
147.626,287
147.651,307
147.676,319
147.701,322
147.726,314
147.751,298
147.776,283
147.801,275
147.826,269
147.851,256
147.876,232
147.901,202
147.926,173
147.951,147
147.976,113
148.001,65
148.026,11
148.051,-28
148.076,-28
148.101,17
148.126,95
148.151,176
148.176,239
148.201,276
148.226,299
148.251,315
148.276,326
148.301,324
148.326,308
148.351,286
148.376,270
148.401,263
148.426,253
148.451,232
148.476,199
148.501,165
148.526,137
148.551,108
148.576,67
148.601,16
148.626,-24
148.651,-29
148.676,11
148.701,84
148.726,164
148.751,230
148.776,278
148.801,311
148.826,333
148.851,345
148.876,346
148.901,336
148.926,318
148.951,298
148.976,280
149.001,266
149.026,252
149.051,235
149.076,210
149.101,180
149.126,145
149.151,107
149.176,61
149.201,12
149.226,-25
149.251,-33
149.276,1
149.301,72
149.326,155
149.351,226
149.376,273
149.401,302
149.426,320
149.451,330
149.476,333
149.501,325
149.526,311
149.551,296
149.576,285
149.601,277
149.626,264
149.651,242
149.676,212
149.701,178
149.726,148
149.751,120
149.776,85
149.801,40
149.826,-6
149.851,-33
149.876,-22
149.901,28
149.926,102
149.951,173
149.976,226
150.001,260
150.026,282
150.051,296
150.076,304
150.101,302
150.126,294
150.151,284
150.176,277
150.201,273
150.226,267
150.251,254
150.276,232
150.301,203
150.326,175
150.351,150
150.376,124
150.401,88
150.426,43
150.451,8
150.476,3
150.501,40
150.526,105
150.551,173
150.576,226
150.601,265
150.626,295
150.651,318
150.676,329
150.701,323
150.726,308
150.751,296
150.776,291
150.801,287
150.826,275
150.851,255
150.876,232
150.901,206
150.926,176
150.951,144
150.976,115
151.001,92
151.026,66
151.051,28
151.076,-18
151.101,-49
151.126,-36
151.151,23
151.176,106
151.201,178
151.226,227
151.251,261
151.276,293
151.301,323
151.326,337
151.351,332
151.376,318
151.401,310
151.426,310
151.451,308
151.476,296
151.501,277
151.526,260
151.551,244
151.576,221
151.601,185
151.626,146
151.651,116
151.676,97
151.701,74
151.726,34
151.751,-14
151.776,-47
151.801,-39
151.826,11
151.851,83
151.876,152
151.901,206
151.926,248
151.951,284
151.976,314
152.001,332
152.026,335
152.051,329
152.076,322
152.101,321
152.126,321
152.151,315
152.176,300
152.201,278
152.226,256
152.251,235
152.276,210
152.301,180
152.326,147
152.351,119
152.376,96
152.401,71
152.426,34
152.451,-11
152.476,-45
152.501,-45
152.526,-1
152.551,70
152.576,144
152.601,201
152.626,240
152.651,270
152.676,300
152.701,326
152.726,340
152.751,338
152.776,330
152.801,324
152.826,323
152.851,322
152.876,312
152.901,294
152.926,272
152.951,251
152.976,229
153.001,203
153.026,171
153.051,139
153.076,113
153.101,89
153.126,60
153.151,19
153.176,-28
153.201,-59
153.226,-51
153.251,0
153.276,76
153.301,151
153.326,208
153.351,247
153.376,279
153.401,307
153.426,327
153.451,332
153.476,324
153.501,316
153.526,317
153.551,322
153.576,319
153.601,303
153.626,278
153.651,256
153.676,239
153.701,222
153.726,195
153.751,160
153.776,129
153.801,106
153.826,82
153.851,45
153.876,-2
153.901,-35
153.926,-28
153.951,25
153.976,104
154.001,177
154.026,228
154.051,261
154.076,284
154.101,300
154.126,303
154.151,295
154.176,287
154.201,286
154.226,292
154.251,292
154.276,279
154.301,258
154.326,237
154.351,217
154.376,194
154.401,163
154.426,131
154.451,104
154.476,78
154.501,42
154.526,-2
154.551,-35
154.576,-29
154.601,27
154.626,112
154.651,192
154.676,247
154.701,281
154.726,308
154.751,331
154.776,343
154.801,341
154.826,332
154.851,324
154.876,322
154.901,316
154.926,302
154.951,282
154.976,261
155.001,239
155.026,212
155.051,179
155.076,146
155.101,117
155.126,87
155.151,49
155.176,8
155.201,-14
155.226,-1
155.251,45
155.276,102
155.301,144
155.326,170
155.351,197
155.376,236
155.401,278
155.426,305
155.451,307
155.476,296
155.501,292
155.526,298
155.551,303
155.576,297
155.601,279
155.626,256
155.651,233
155.676,206
155.701,173
155.726,139
155.751,111
155.776,85
155.801,52
155.826,5
155.851,-39
155.876,-53
155.901,-16
155.926,62
155.951,150
155.976,220
156.001,263
156.026,295
156.051,325
156.076,352
156.101,363
156.126,353
156.151,336
156.176,324
156.201,323
156.226,321
156.251,309
156.276,287
156.301,261
156.326,237
156.351,211
156.376,178
156.401,143
156.426,113
156.451,88
156.476,55
156.501,7
156.526,-45
156.551,-72
156.576,-50
156.601,19
156.626,108
156.651,185
156.676,236
156.701,269
156.726,293
156.751,309
156.776,313
156.801,308
156.826,302
156.851,300
156.876,300
156.901,295
156.926,284
156.951,269
156.976,249
157.001,223
157.026,190
157.051,158
157.076,134
157.101,114
157.126,85
157.151,41
157.176,1
157.201,-6
157.226,32
157.251,104
157.276,179
157.301,233
157.326,267
157.351,291
157.376,308
157.401,315
157.426,308
157.451,294
157.476,285
157.501,282
157.526,280
157.551,271
157.576,254
157.601,231
157.626,205
157.651,178
157.676,151
157.701,125
157.726,96
157.751,58
157.776,13
157.801,-23
157.826,-27
157.851,15
157.876,93
157.901,176
157.926,239
157.951,274
157.976,293
158.001,306
158.026,316
158.051,319
158.076,314
158.101,303
158.126,294
158.151,287
158.176,280
158.201,268
158.226,247
158.251,216
158.276,183
158.301,153
158.326,127
158.351,94
158.376,46
158.401,-11
158.426,-53
158.451,-51
158.476,0
158.501,83
158.526,166
158.551,229
158.576,271
158.601,302
158.626,322
158.651,330
158.676,324
158.701,310
158.726,297
158.751,289
158.776,281
158.801,270
158.826,253
158.851,230
158.876,203
158.901,174
158.926,145
158.951,116
158.976,80
159.001,36
159.026,-5
159.051,-23
159.076,1
159.101,66
159.126,146
159.151,215
159.176,261
159.201,291
159.226,314
159.251,330
159.276,333
159.301,323
159.326,310
159.351,303
159.376,302
159.401,297
159.426,284
159.451,264
159.476,240
159.501,212
159.526,182
159.551,151
159.576,124
159.601,96
159.626,59
159.651,15
159.676,-18
159.701,-17
159.726,29
159.751,105
159.776,181
159.801,234
159.826,264
159.851,282
159.876,293
159.901,298
159.926,295
159.951,288
159.976,283
160.001,281
160.026,279
160.051,270
160.076,255
160.101,232
160.126,205
160.151,175
160.176,147
160.201,122
160.226,94
160.251,59
160.276,19
160.301,-4
160.326,6
160.351,59
160.376,133
160.401,201
160.426,246
160.451,270
160.476,287
160.501,303
160.526,312
160.551,311
160.576,304
160.601,302
160.626,308
160.651,315
160.676,311
160.701,288
160.726,253
160.751,213
160.776,175
160.801,135
160.826,89
160.851,34
160.876,-17
160.901,-51
160.926,-50
160.951,-11
160.976,51
161.001,117
161.026,169
161.051,204
161.076,226
161.101,244
161.126,261
161.151,278
161.176,293
161.201,306
161.226,314
161.251,313
161.276,303
161.301,286
161.326,266
161.351,245
161.376,220
161.401,188
161.426,145
161.451,91
161.476,28
161.501,-28
161.526,-60
161.551,-45
161.576,19
161.601,118
161.626,220
161.651,301
161.676,354
161.701,387
161.726,403
161.751,402
161.776,381
161.801,346
161.826,311
161.851,287
161.876,269
161.901,249
161.926,218
161.951,181
161.976,147
162.001,119
162.026,93
162.051,62
162.076,24
162.101,-10
162.126,-26
162.151,-11
162.176,35
162.201,102
162.226,169
162.251,220
162.276,252
162.301,271
162.326,284
162.351,293
162.376,295
162.401,289
162.426,279
162.451,271
162.476,265
162.501,254
162.526,235
162.551,210
162.576,185
162.601,161
162.626,132
162.651,95
162.676,55
162.701,31
162.726,41
162.751,87
162.776,152
162.801,213
162.826,258
162.851,285
162.876,303
162.901,313
162.926,314
162.951,304
162.976,287
163.001,273
163.026,264
163.051,255
163.076,242
163.101,221
163.126,198
163.151,175
163.176,151
163.201,117
163.226,72
163.251,29
163.276,6
163.301,19
163.326,65
163.351,128
163.376,186
163.401,229
163.426,255
163.451,273
163.476,284
163.501,289
163.526,285
163.551,274
163.576,264
163.601,258
163.626,256
163.651,248
163.676,230
163.701,205
163.726,179
163.751,157
163.776,133
163.801,101
163.826,63
163.851,33
163.876,32
163.901,67
163.926,128
163.951,192
163.976,240
164.001,267
164.026,279
164.051,284
164.076,284
164.101,279
164.126,269
164.151,259
164.176,253
164.201,247
164.226,237
164.251,219
164.276,195
164.301,170
164.326,146
164.351,118
164.376,83
164.401,44
164.426,18
164.451,21
164.476,60
164.501,123
164.526,186
164.551,232
164.576,258
164.601,274
164.626,287
164.651,296
164.676,296
164.701,284
164.726,268
164.751,255
164.776,247
164.801,237
164.826,218
164.851,193
164.876,167
164.901,143
164.926,112
164.951,70
164.976,26
165.001,2
165.026,17
165.051,71
165.076,140
165.101,199
165.126,239
165.151,267
165.176,290
165.201,309
165.226,316
165.251,307
165.276,291
165.301,279
165.326,271
165.351,262
165.376,242
165.401,216
165.426,190
165.451,169
165.476,146
165.501,111
165.526,64
165.551,20
165.576,0
165.601,18
165.626,67
165.651,130
165.676,189
165.701,235
165.726,269
165.751,294
165.776,312
165.801,318
165.826,311
165.851,296
165.876,281
165.901,273
165.926,269
165.951,260
165.976,238
166.001,208
166.026,180
166.051,157
166.076,134
166.101,100
166.126,55
166.151,14
166.176,2
166.201,32
166.226,95
166.251,168
166.276,226
166.301,262
166.326,283
166.351,298
166.376,310
166.401,314
166.426,306
166.451,291
166.476,277
166.501,271
166.526,265
166.551,252
166.576,226
166.601,193
166.626,162
166.651,139
166.676,115
166.701,81
166.726,39
166.751,4
166.776,0
166.801,32
166.826,94
166.851,163
166.876,218
166.901,255
166.926,277
166.951,292
166.976,298
167.001,295
167.026,285
167.051,274
167.076,267
167.101,263
167.126,257
167.151,244
167.176,222
167.201,196
167.226,172
167.251,148
167.276,120
167.301,81
167.326,38
167.351,6
167.376,8
167.401,51
167.426,123
167.451,196
167.476,248
167.501,273
167.526,284
167.551,293
167.576,301
167.601,300
167.626,287
167.651,270
167.676,258
167.701,252
167.726,245
167.751,228
167.776,202
167.801,175
167.826,150
167.851,121
167.876,81
167.901,34
167.926,0
167.951,-3
167.976,33
168.001,98
168.026,167
168.051,221
168.076,258
168.101,283
168.126,303
168.151,315
168.176,315
168.201,302
168.226,284
168.251,270
168.276,264
168.301,259
168.326,245
168.351,219
168.376,189
168.401,164
168.426,143
168.451,115
168.476,73
168.501,26
168.526,-2
168.551,5
168.576,51
168.601,119
168.626,186
168.651,238
168.676,275
168.701,300
168.726,315
168.751,319
168.776,313
168.801,301
168.826,290
168.851,283
168.876,278
168.901,270
168.926,252
168.951,224
168.976,191
169.001,161
169.026,136
169.051,111
169.076,76
169.101,32
169.126,-5
169.151,-13
169.176,19
169.201,83
169.226,155
169.251,213
169.276,251
169.301,276
169.326,296
169.351,309
169.376,312
169.401,303
169.426,290
169.451,280
169.476,274
169.501,267
169.526,253
169.551,231
169.576,206
169.601,182
169.626,159
169.651,132
169.676,96
169.701,53
169.726,17
169.751,8
169.776,37
169.801,96
169.826,166
169.851,224
169.876,261
169.901,280
169.926,290
169.951,297
169.976,297
170.001,289
170.026,279
170.051,272
170.076,268
170.101,261
170.126,243
170.151,216
170.176,187
170.201,163
170.226,139
170.251,107
170.276,63
170.301,19
170.326,-3
170.351,11
170.376,63
170.401,133
170.426,199
170.451,247
170.476,277
170.501,296
170.526,308
170.551,310
170.576,303
170.601,288
170.626,275
170.651,266
170.676,258
170.701,242
170.726,217
170.751,187
170.776,161
170.801,138
170.826,110
170.851,68
170.876,20
170.901,-12
170.926,-9
170.951,36
170.976,107
171.001,178
171.026,232
171.051,266
171.076,289
171.101,306
171.126,315
171.151,312
171.176,298
171.201,282
171.226,272
171.251,266
171.276,257
171.301,237
171.326,207
171.351,178
171.376,153
171.401,129
171.426,95
171.451,50
171.476,9
171.501,-3
171.526,25
171.551,89
171.576,163
171.601,225
171.626,267
171.651,296
171.676,318
171.701,330
171.726,328
171.751,314
171.776,297
171.801,287
171.826,283
171.851,276
171.876,258
171.901,232
171.926,205
171.951,182
171.976,158
172.001,124
172.026,77
172.051,29
172.076,0
172.101,5
172.126,43
172.151,103
172.176,167
172.201,223
172.226,265
172.251,292
172.276,303
172.301,301
172.326,291
172.351,279
172.376,270
172.401,265
172.426,260
172.451,248
172.476,228
172.501,204
172.526,180
172.551,160
172.576,138
172.601,106
172.626,64
172.651,26
172.676,12
172.701,37
172.726,94
172.751,163
172.776,221
172.801,258
172.826,278
172.851,290
172.876,295
172.901,290
172.926,277
172.951,263
172.976,255
173.001,254
173.026,247
173.051,226
173.076,195
173.101,165
173.126,144
173.151,125
173.176,94
173.201,50
173.226,9
173.251,-1
173.276,30
173.301,96
173.326,169
173.351,226
173.376,261
173.401,283
173.426,301
173.451,313
173.476,312
173.501,299
173.526,282
173.551,272
173.576,268
173.601,260
173.626,240
173.651,211
173.676,182
173.701,159
173.726,135
173.751,100
173.776,51
173.801,8
173.826,-6
173.851,20
173.876,80
173.901,149
173.926,208
173.951,250
173.976,280
174.001,302
174.026,317
174.051,321
174.076,316
174.101,304
174.126,290
174.151,279
174.176,268
174.201,254
174.226,233
174.251,205
174.276,175
174.301,148
174.326,122
174.351,87
174.376,41
174.401,-4
174.426,-27
174.451,-7
174.476,53
174.501,130
174.526,195
174.551,241
174.576,274
174.601,304
174.626,330
174.651,339
174.676,330
174.701,312
174.726,300
174.751,297
174.776,294
174.801,282
174.826,260
174.851,235
174.876,209
174.901,179
174.926,145
174.951,113
174.976,88
175.001,66
175.026,34
175.051,-10
175.076,-47
175.101,-45
175.126,7
175.151,94
175.176,177
175.201,233
175.226,267
175.251,296
175.276,328
175.301,350
175.326,351
175.351,335
175.376,319
175.401,317
175.426,321
175.451,316
175.476,298
175.501,275
175.526,256
175.551,237
175.576,208
175.601,169
175.626,131
175.651,106
175.676,86
175.701,55
175.726,7
175.751,-35
175.776,-42
175.801,1
175.826,78
175.851,154
175.876,206
175.901,238
175.926,264
175.951,289
175.976,305
176.001,307
176.026,296
176.051,285
176.076,278
176.101,275
176.126,270
176.151,259
176.176,243
176.201,221
176.226,194
176.251,163
176.276,134
176.301,110
176.326,85
176.351,52
176.376,13
176.401,-13
176.426,-6
176.451,41
176.476,114
176.501,182
176.526,229
176.551,254
176.576,267
176.601,274
176.626,275
176.651,270
176.676,262
176.701,257
176.726,259
176.751,263
176.776,259
176.801,243
176.826,219
176.851,195
176.876,176
176.901,158
176.926,133
176.951,97
176.976,59
177.001,38
177.026,52
177.051,103
177.076,178
177.101,251
177.126,306
177.151,339
177.176,358
177.201,369
177.226,370
177.251,358
177.276,335
177.301,311
177.326,292
177.351,280
177.376,266
177.401,241
177.426,205
177.451,166
177.476,130
177.501,93
177.526,51
177.551,7
177.576,-20
177.601,-10
177.626,42
177.651,122
177.676,198
177.701,249
177.726,275
177.751,290
177.776,303
177.801,308
177.826,297
177.851,273
177.876,249
177.901,235
177.926,229
177.951,218
177.976,194
178.001,163
178.026,134
178.051,106
178.076,68
178.101,19
178.126,-22
178.151,-26
178.176,22
178.201,107
178.226,192
178.251,251
178.276,285
178.301,308
178.326,326
178.351,330
178.376,309
178.401,272
178.426,242
178.451,230
178.476,230
178.501,218
178.526,186
178.551,142
178.576,105
178.601,77
178.626,49
178.651,10
178.676,-29
178.701,-45
178.726,-15
178.751,54
178.776,140
178.801,217
178.826,273
178.851,309
178.876,334
178.901,350
178.926,355
178.951,349
178.976,338
179.001,327
179.026,318
179.051,307
179.076,287
179.101,256
179.126,219
179.151,188
179.176,165
179.201,142
179.226,107
179.251,55
179.276,1
179.301,-25
179.326,-4
179.351,62
179.376,149
179.401,228
179.426,284
179.451,318
179.476,339
179.501,348
179.526,344
179.551,330
179.576,314
179.601,301
179.626,291
179.651,278
179.676,260
179.701,235
179.726,207
179.751,176
179.776,143
179.801,111
179.826,81
179.851,49
179.876,10
179.901,-32
179.926,-58
179.951,-44
179.976,16
180.001,106
180.026,192
180.051,252
180.076,288
180.101,315
180.126,339
180.151,354
180.176,351
180.201,335
180.226,321
180.251,318
180.276,320
180.301,314
180.326,293
180.351,265
180.376,238
180.401,210
180.426,175
180.451,136
180.476,99
180.501,70
180.526,44
180.551,8
180.576,-34
180.601,-64
180.626,-53
180.651,8
180.676,100
180.701,189
180.726,252
180.751,292
180.776,321
180.801,343
180.826,353
180.851,348
180.876,333
180.901,321
180.926,317
180.951,315
180.976,304
181.001,282
181.026,255
181.051,231
181.076,206
181.101,176
181.126,140
181.151,107
181.176,84
181.201,63
181.226,31
181.251,-13
181.276,-51
181.301,-53
181.326,-2
181.351,84
181.376,172
181.401,237
181.426,276
181.451,300
181.476,322
181.501,337
181.526,339
181.551,330
181.576,321
181.601,319
181.626,319
181.651,312
181.676,293
181.701,268
181.726,245
181.751,225
181.776,199
181.801,163
181.826,126
181.851,96
181.876,74
181.901,48
181.926,8
181.951,-36
181.976,-58
182.001,-34
182.026,35
182.051,125
182.076,206
182.101,260
182.126,294
182.151,316
182.176,330
182.201,333
182.226,326
182.251,317
182.276,316
182.301,320
182.326,318
182.351,302
182.376,275
182.401,250
182.426,230
182.451,209
182.476,181
182.501,147
182.526,116
182.551,92
182.576,64
182.601,25
182.626,-17
182.651,-37
182.676,-8
182.701,66
182.726,159
182.751,238
182.776,289
182.801,318
182.826,334
182.851,342
182.876,338
182.901,328
182.926,320
182.951,318
182.976,313
183.001,294
183.026,261
183.051,225
183.076,193
183.101,167
183.126,138
183.151,109
183.176,84
183.201,66
183.226,44
183.251,10
183.276,-27
183.301,-40
183.326,-5
183.351,76
183.376,173
183.401,250
183.426,293
183.451,308
183.476,312
183.501,314
183.526,311
183.551,303
183.576,294
183.601,291
183.626,292
183.651,291
183.676,281
183.701,260
183.726,230
183.751,198
183.776,168
183.801,140
183.826,109
183.851,70
183.876,27
183.901,-4
183.926,-1
183.951,47
183.976,130
184.001,216
184.026,279
184.051,310
184.076,319
184.101,322
184.126,320
184.151,311
184.176,293
184.201,276
184.226,268
184.251,268
184.276,263
184.301,242
184.326,209
184.351,173
184.376,145
184.401,119
184.426,83
184.451,33
184.476,-16
184.501,-42
184.526,-24
184.551,38
184.576,126
184.601,211
184.626,272
184.651,305
184.676,317
184.701,319
184.726,317
184.751,310
184.776,299
184.801,286
184.826,276
184.851,270
184.876,262
184.901,243
184.926,214
184.951,180
184.976,149
185.001,119
185.026,83
185.051,36
185.076,-13
185.101,-40
185.126,-22
185.151,41
185.176,131
185.201,214
185.226,270
185.251,299
185.276,313
185.301,321
185.326,325
185.351,321
185.376,308
185.401,293
185.426,283
185.451,277
185.476,268
185.501,248
185.526,216
185.551,182
185.576,151
185.601,123
185.626,89
185.651,44
185.676,-2
185.701,-27
185.726,-12
185.751,47
185.776,132
185.801,212
185.826,269
185.851,301
185.876,318
185.901,329
185.926,334
185.951,327
185.976,311
186.001,292
186.026,281
186.051,278
186.076,273
186.101,256
186.126,225
186.151,190
186.176,160
186.201,135
186.226,105
186.251,61
186.276,12
186.301,-22
186.326,-20
186.351,24
186.376,99
186.401,179
186.426,244
186.451,284
186.476,304
186.501,310
186.526,308
186.551,302
186.576,294
186.601,287
186.626,284
186.651,282
186.676,276
186.701,262
186.726,237
186.751,206
186.776,175
186.801,148
186.826,121
186.851,87
186.876,47
186.901,11
186.926,-2
186.951,23
186.976,86
187.001,167
187.026,239
187.051,285
187.076,304
187.101,307
187.126,303
187.151,297
187.176,287
187.201,274
187.226,264
187.251,260
187.276,259
187.301,250
187.326,227
187.351,195
187.376,163
187.401,138
187.426,116
187.451,84
187.476,39
187.501,-5
187.526,-23
187.551,2
187.576,67
187.601,149
187.626,219
187.651,266
187.676,292
187.701,304
187.726,310
187.751,311
187.776,306
187.801,297
187.826,287
187.851,277
187.876,268
187.901,257
187.926,240
187.951,213
187.976,180
188.001,148
188.026,121
188.051,92
188.076,53
188.101,7
188.126,-28
188.151,-26
188.176,23
188.201,104
188.226,186
188.251,247
188.276,284
188.301,308
188.326,325
188.351,332
188.376,326
188.401,313
188.426,302
188.451,298
188.476,295
188.501,286
188.526,271
188.551,251
188.576,227
188.601,196
188.626,159
188.651,124
188.676,94
188.701,62
188.726,22
188.751,-18
188.776,-37
188.801,-9
188.826,63
188.851,151
188.876,222
188.901,264
188.926,292
188.951,317
188.976,337
189.001,341
189.026,327
189.051,310
189.076,304
189.101,307
189.126,304
189.151,286
189.176,261
189.201,236
189.226,213
189.251,185
189.276,152
189.301,119
189.326,92
189.351,63
189.376,22
189.401,-24
189.426,-49
189.451,-27
189.476,44
189.501,136
189.526,215
189.551,266
189.576,297
189.601,316
189.626,325
189.651,322
189.676,309
189.701,297
189.726,292
189.751,292
189.776,289
189.801,279
189.826,263
189.851,243
189.876,214
189.901,179
189.926,146
189.951,121
189.976,100
190.001,69
190.026,25
190.051,-14
190.076,-20
190.101,22
190.126,101
190.151,185
190.176,250
190.201,289
190.226,311
190.251,321
190.276,320
190.301,310
190.326,297
190.351,287
190.376,283
190.401,280
190.426,273
190.451,258
190.476,236
190.501,208
190.526,176
190.551,145
190.576,116
190.601,85
190.626,47
190.651,4
190.676,-24
190.701,-17
190.726,36
190.751,121
190.776,210
190.801,274
190.826,308
190.851,319
190.876,319
190.901,316
190.926,310
190.951,301
190.976,291
191.001,284
191.026,278
191.051,268
191.076,248
191.101,218
191.126,183
191.151,152
191.176,125
191.201,95
191.226,53
191.251,3
191.276,-36
191.301,-39
191.326,8
191.351,93
191.376,183
191.401,253
191.426,293
191.451,314
191.476,324
191.501,327
191.526,322
191.551,309
191.576,295
191.601,286
191.626,281
191.651,274
191.676,259
191.701,233
191.726,201
191.751,168
191.776,138
191.801,108
191.826,74
191.851,30
191.876,-15
191.901,-41
191.926,-26
191.951,32
191.976,118
192.001,202
192.026,263
192.051,299
192.076,318
192.101,329
192.126,333
192.151,326
192.176,312
192.201,297
192.226,286
192.251,278
192.276,269
192.301,254
192.326,231
192.351,202
192.376,172
192.401,143
192.426,113
192.451,74
192.476,29
192.501,-10
192.526,-20
192.551,13
192.576,86
192.601,174
192.626,250
192.651,301
192.676,329
192.701,343
192.726,347
192.751,342
192.776,331
192.801,318
192.826,308
192.851,299
192.876,286
192.901,265
192.926,235
192.951,201
192.976,166
193.001,136
193.026,109
193.051,83
193.076,50
193.101,9
193.126,-27
193.151,-35
193.176,0
193.201,77
193.226,166
193.251,236
193.276,274
193.301,288
193.326,294
193.351,298
193.376,296
193.401,286
193.426,272
193.451,264
193.476,264
193.501,267
193.526,260
193.551,239
193.576,208
193.601,179
193.626,154
193.651,130
193.676,98
193.701,55
193.726,15
193.751,1
193.776,27
193.801,93
193.826,175
193.851,248
193.876,292
193.901,309
193.926,311
193.951,307
193.976,302
194.001,294
194.026,283
194.051,272
194.076,266
194.101,261
194.126,250
194.151,226
194.176,193
194.201,159
194.226,132
194.251,108
194.276,78
194.301,36
194.326,-5
194.351,-23
194.376,0
194.401,65
194.426,147
194.451,221
194.476,272
194.501,303
194.526,320
194.551,328
194.576,325
194.601,314
194.626,298
194.651,287
194.676,281
194.701,277
194.726,265
194.751,243
194.776,212
194.801,179
194.826,148
194.851,120
194.876,89
194.901,50
194.926,5
194.951,-26
194.976,-23
195.001,25
195.026,106
195.051,191
195.076,255
195.101,293
195.126,315
195.151,328
195.176,335
195.201,333
195.226,324
195.251,312
195.276,299
195.301,284
195.326,267
195.351,249
195.376,234
195.401,217
195.426,191
195.451,155
195.476,117
195.501,85
195.526,54
195.551,17
195.576,-24
195.601,-48
195.626,-26
195.651,44
195.676,139
195.701,217
195.726,264
195.751,288
195.776,309
195.801,331
195.826,344
195.851,338
195.876,321
195.901,307
195.926,302
195.951,299
195.976,287
196.001,269
196.026,249
196.051,230
196.076,203
196.101,167
196.126,129
196.151,98
196.176,73
196.201,43
196.226,1
196.251,-39
196.276,-48
196.301,-5
196.326,79
196.351,171
196.376,241
196.401,281
196.426,305
196.451,324
196.476,338
196.501,341
196.526,332
196.551,319
196.576,313
196.601,313
196.626,311
196.651,298
196.676,277
196.701,254
196.726,229
196.751,201
196.776,168
196.801,134
196.826,107
196.851,85
196.876,55
196.901,13
196.926,-28
196.951,-42
196.976,-9
197.001,65
197.026,154
197.051,225
197.076,269
197.101,292
197.126,306
197.151,312
197.176,308
197.201,297
197.226,288
197.251,289
197.276,294
197.301,294
197.326,282
197.351,261
197.376,236
197.401,208
197.426,177
197.451,148
197.476,123
197.501,100
197.526,70
197.551,29
197.576,-7
197.601,-14
197.626,23
197.651,100
197.676,185
197.701,250
197.726,288
197.751,306
197.776,314
197.801,316
197.826,310
197.851,301
197.876,294
197.901,290
197.926,283
197.951,271
197.976,253
198.001,234
198.026,212
198.051,185
198.076,152
198.101,120
198.126,91
198.151,58
198.176,16
198.201,-27
198.226,-47
198.251,-18
198.276,55
198.301,146
198.326,219
198.351,265
198.376,291
198.401,312
198.426,327
198.451,329
198.476,319
198.501,307
198.526,303
198.551,303
198.576,298
198.601,283
198.626,262
198.651,240
198.676,214
198.701,180
198.726,142
198.751,107
198.776,79
198.801,47
198.826,6
198.851,-29
198.876,-33
198.901,12
198.926,97
198.951,186
198.976,250
199.001,286
199.026,307
199.051,324
199.076,334
199.101,331
199.126,319
199.151,308
199.176,303
199.201,298
199.226,286
199.251,268
199.276,249
199.301,230
199.326,204
199.351,168
199.376,133
199.401,105
199.426,83
199.451,52
199.476,9
199.501,-25
199.526,-20
199.551,35
199.576,123
199.601,207
199.626,264
199.651,295
199.676,312
199.701,320
199.726,318
199.751,306
199.776,292
199.801,286
199.826,285
199.851,283
199.876,273
199.901,258
199.926,244
199.951,227
199.976,200
200.001,166
200.026,134
200.051,109
200.076,83
200.101,45
200.126,3
200.151,-19
200.176,3
200.201,73
200.226,161
200.251,232
200.276,271
200.301,288
200.326,297
200.351,303
200.376,303
200.401,293
200.426,280
200.451,274
200.476,276
200.501,278
200.526,271
200.551,251
200.576,224
200.601,196
200.626,170
200.651,146
200.676,118
200.701,81
200.726,41
200.751,13
200.776,15
200.801,58
200.826,131
200.851,207
200.876,262
200.901,287
200.926,294
200.951,296
200.976,296
201.001,292
201.026,279
201.051,265
201.076,255
201.101,251
201.126,247
201.151,232
201.176,206
201.201,175
201.226,149
201.251,125
201.276,97
201.301,57
201.326,12
201.351,-16
201.376,-6
201.401,47
201.426,128
201.451,207
201.476,262
201.501,290
201.526,306
201.551,317
201.576,323
201.601,316
201.626,298
201.651,278
201.676,267
201.701,264
201.726,257
201.751,236
201.776,204
201.801,172
201.826,147
201.851,123
201.876,86
201.901,36
201.926,-9
201.951,-24
201.976,5
202.001,71
202.026,151
202.051,220
202.076,267
202.101,295
202.126,312
202.151,326
202.176,331
202.201,324
202.226,307
202.251,287
202.276,276
202.301,271
202.326,262
202.351,239
202.376,204
202.401,167
202.426,136
202.451,107
202.476,67
202.501,19
202.526,-18
202.551,-19
202.576,27
202.601,105
202.626,187
202.651,248
202.676,285
202.701,307
202.726,323
202.751,332
202.776,330
202.801,318
202.826,301
202.851,288
202.876,280
202.901,272
202.926,258
202.951,232
202.976,198
203.001,165
203.026,137
203.051,110
203.076,73
203.101,24
203.126,-20
203.151,-36
203.176,-7
203.201,59
203.226,137
203.251,203
203.276,248
203.301,280
203.326,307
203.351,329
203.376,338
203.401,331
203.426,312
203.451,294
203.476,282
203.501,276
203.526,268
203.551,251
203.576,224
203.601,190
203.626,160
203.651,133
203.676,106
203.701,70
203.726,25
203.751,-11
203.776,-17
203.801,18
203.826,87
203.851,163
203.876,224
203.901,264
203.926,292
203.951,314
203.976,327
204.001,328
204.026,315
204.051,299
204.076,289
204.101,286
204.126,281
204.151,268
204.176,244
204.201,216
204.226,189
204.251,166
204.276,142
204.301,109
204.326,67
204.351,28
204.376,7
204.401,21
204.426,69
204.451,137
204.476,201
204.501,247
204.526,273
204.551,287
204.576,296
204.601,298
204.626,293
204.651,282
204.676,272
204.701,266
204.726,262
204.751,250
204.776,226
204.801,196
204.826,169
204.851,147
204.876,124
204.901,91
204.926,48
204.951,9
204.976,-3
205.001,18
205.026,71
205.051,138
205.076,199
205.101,246
205.126,278
205.151,298
205.176,309
205.201,313
205.226,308
205.251,298
205.276,286
205.301,276
205.326,268
205.351,258
205.376,240
205.401,212
205.426,180
205.451,150
205.476,125
205.501,98
205.526,61
205.551,18
205.576,-10
205.601,-6
205.626,39
205.651,108
205.676,176
205.701,228
205.726,266
205.751,298
205.776,324
205.801,338
205.826,334
205.851,319
205.876,304
205.901,296
205.926,289
205.951,276
205.976,257
206.001,235
206.026,212
206.051,186
206.076,155
206.101,124
206.126,95
206.151,63
206.176,24
206.201,-17
206.226,-41
206.251,-23
206.276,35
206.301,115
206.326,185
206.351,235
206.376,273
206.401,310
206.426,343
206.451,357
206.476,349
206.501,332
206.526,322
206.551,323
206.576,321
206.601,303
206.626,275
206.651,249
206.676,230
206.701,209
206.726,176
206.751,138
206.776,105
206.801,81
206.826,55
206.851,16
206.876,-25
206.901,-42
206.926,-14
206.951,55
206.976,136
207.001,203
207.026,252
207.051,289
207.076,319
207.101,338
207.126,341
207.151,330
207.176,319
207.201,312
207.226,308
207.251,300
207.276,286
207.301,268
207.326,246
207.351,219
207.376,187
207.401,158
207.426,134
207.451,111
207.476,77
207.501,33
207.526,-4
207.551,-8
207.576,30
207.601,100
207.626,172
207.651,231
207.676,272
207.701,302
207.726,324
207.751,333
207.776,328
207.801,317
207.826,306
207.851,298
207.876,290
207.901,279
207.926,263
207.951,243
207.976,218
208.001,189
208.026,159
208.051,128
208.076,95
208.101,56
208.126,15
208.151,-10
208.176,0
208.201,48
208.226,120
208.251,187
208.276,233
208.301,260
208.326,276
208.351,284
208.376,280
208.401,262
208.426,239
208.451,225
208.476,222
208.501,221
208.526,209
208.551,185
208.576,157
208.601,135
208.626,117
208.651,93
208.676,55
208.701,11
208.726,-16
208.751,-8
208.776,41
208.801,117
208.826,194
208.851,255
208.876,296
208.901,325
208.926,347
208.951,359
208.976,354
209.001,335
209.026,314
209.051,306
209.076,306
209.101,301
209.126,277
209.151,239
209.176,202
209.201,175
209.226,151
209.251,112
209.276,57
209.301,3
209.326,-18
209.351,6
209.376,69
209.401,143
209.426,206
209.451,250
209.476,283
209.501,310
209.526,328
209.551,330
209.576,317
209.601,294
209.626,275
209.651,262
209.676,252
209.701,238
209.726,217
209.751,192
209.776,169
209.801,142
209.826,102
209.851,49
209.876,-5
209.901,-35
209.926,-21
209.951,36
209.976,116
210.001,193
210.026,252
210.051,294
210.076,325
210.101,344
210.126,346
210.151,329
210.176,302
210.201,279
210.226,267
210.251,262
210.276,253
210.301,237
210.326,216
210.351,198
210.376,185
210.401,172
210.426,150
210.451,115
210.476,77
210.501,53
210.526,55
210.551,85
210.576,131
210.601,176
210.626,210
210.651,230
210.676,238
210.701,238
210.726,229
210.751,212
210.776,197
210.801,191
210.826,197
210.851,208
210.876,212
210.901,200
210.926,173
210.951,137
210.976,95
211.001,49
211.026,5
211.051,-25
211.076,-29
211.101,0
211.126,55
211.151,123
211.176,188
211.201,245
211.226,296
211.251,340
211.276,372
211.301,386
211.326,385
211.351,376
211.376,366
211.401,354
211.426,333
211.451,300
211.476,258
211.501,217
211.526,182
211.551,144
211.576,96
211.601,44
211.626,15
211.651,38
211.676,118
211.701,227
211.726,324
211.751,384
211.776,410
211.801,421
211.826,424
211.851,408
211.876,360
211.901,286
211.926,214
211.951,169
211.976,151
212.001,138
212.026,112
212.051,74
212.076,39
212.101,15
212.126,-4
212.151,-35
212.176,-70
212.201,-83
212.226,-51
212.251,22
212.276,111
212.301,185
212.326,233
212.351,263
212.376,285
212.401,297
212.426,294
212.451,280
212.476,267
212.501,266
212.526,270
212.551,264
212.576,242
212.601,210
212.626,183
212.651,162
212.676,134
212.701,89
212.726,38
212.751,8
212.776,26
212.801,90
212.826,174
212.851,247
212.876,296
212.901,324
212.926,342
212.951,350
212.976,343
213.001,321
213.026,295
213.051,277
213.076,269
213.101,261
213.126,243
213.151,215
213.176,185
213.201,155
213.226,118
213.251,69
213.276,16
213.301,-12
213.326,6
213.351,71
213.376,154
213.401,224
213.426,266
213.451,287
213.476,300
213.501,304
213.526,295
213.551,273
213.576,253
213.601,243
213.626,240
213.651,230
213.676,205
213.701,172
213.726,143
213.751,117
213.776,83
213.801,36
213.826,-3
213.851,-8
213.876,39
213.901,122
213.926,205
213.951,262
213.976,292
214.001,310
214.026,322
214.051,321
214.076,305
214.101,280
214.126,261
214.151,253
214.176,245
214.201,224
214.226,190
214.251,156
214.276,129
214.301,100
214.326,57
214.351,5
214.376,-27
214.401,-11
214.426,56
214.451,150
214.476,232
214.501,285
214.526,313
214.551,331
214.576,341
214.601,338
214.626,319
214.651,294
214.676,277
214.701,271
214.726,264
214.751,243
214.776,209
214.801,175
214.826,149
214.851,125
214.876,88
214.901,36
214.926,-10
214.951,-20
214.976,24
215.001,109
215.026,202
215.051,272
215.076,312
215.101,333
215.126,347
215.151,355
215.176,350
215.201,333
215.226,311
215.251,297
215.276,292
215.301,286
215.326,265
215.351,226
215.376,176
215.401,126
215.426,78
215.451,25
215.476,-32
215.501,-82
215.526,-100
215.551,-66
215.576,17
215.601,125
215.626,221
215.651,283
215.676,311
215.701,322
215.726,329
215.751,335
215.776,334
215.801,322
215.826,305
215.851,292
215.876,283
215.901,272
215.926,249
215.951,215
215.976,182
216.001,153
216.026,125
216.051,87
216.076,37
216.101,-9
216.126,-24
216.151,9
216.176,86
216.201,177
216.226,252
216.251,296
216.276,313
216.301,316
216.326,312
216.351,301
216.376,285
216.401,267
216.426,255
216.451,251
216.476,246
216.501,231
216.526,202
216.551,169
216.576,142
216.601,120
216.626,96
216.651,57
216.676,8
216.701,-30
216.726,-35
216.751,3
216.776,79
216.801,167
216.826,242
216.851,293
216.876,320
216.901,329
216.926,327
216.951,316
216.976,298
217.001,280
217.026,269
217.051,266
217.076,264
217.101,251
217.126,222
217.151,184
217.176,147
217.201,118
217.226,88
217.251,49
217.276,7
217.301,-16
217.326,3
217.351,74
217.376,175
217.401,270
217.426,334
217.451,362
217.476,368
217.501,365
217.526,360
217.551,350
217.576,333
217.601,313
217.626,296
217.651,282
217.676,268
217.701,249
217.726,221
217.751,188
217.776,154
217.801,120
217.826,85
217.851,42
217.876,-6
217.901,-48
217.926,-63
217.951,-33
217.976,38
218.001,127
218.026,202
218.051,246
218.076,260
218.101,259
218.126,253
218.151,247
218.176,239
218.201,232
218.226,229
218.251,232
218.276,233
218.301,225
218.326,205
218.351,181
218.376,167
218.401,169
218.426,179
218.451,181
218.476,164
218.501,136
218.526,115
218.551,124
218.576,168
218.601,238
218.626,310
218.651,362
218.676,384
218.701,381
218.726,364
218.751,344
218.776,324
218.801,305
218.826,287
218.851,271
218.876,259
218.901,245
218.926,223
218.951,188
218.976,146
219.001,106
219.026,73
219.051,41
219.076,0
219.101,-51
219.126,-98
219.151,-113
219.176,-79
219.201,-1
219.226,92
219.251,173
219.276,226
219.301,253
219.326,269
219.351,283
219.376,294
219.401,295
219.426,287
219.451,276
219.476,269
219.501,261
219.526,242
219.551,210
219.576,171
219.601,142
219.626,130
219.651,124
219.676,105
219.701,61
219.726,11
219.751,-12
219.776,14
219.801,90
219.826,186
219.851,267
219.876,318
219.901,345
219.926,359
219.951,369
219.976,371
220.001,365
220.026,352
220.051,341
220.076,330
220.101,317
220.126,293
220.151,259
220.176,222
220.201,188
220.226,160
220.251,129
220.276,89
220.301,41
220.326,2
220.351,-10
220.376,14
220.401,72
220.426,144
220.451,211
220.476,261
220.501,293
220.526,314
220.551,324
220.576,326
220.601,319
220.626,306
220.651,293
220.676,282
220.701,273
220.726,257
220.751,232
220.776,200
220.801,169
220.826,139
220.851,108
220.876,71
220.901,26
220.926,-11
220.951,-25
220.976,0
221.001,57
221.026,130
221.051,195
221.076,237
221.101,260
221.126,270
221.151,273
221.176,270
221.201,260
221.226,248
221.251,240
221.276,238
221.301,235
221.326,223
221.351,201
221.376,174
221.401,150
221.426,128
221.451,101
221.476,65
221.501,32
221.526,22
221.551,49
221.576,108
221.601,176
221.626,234
221.651,274
221.676,304
221.701,328
221.726,341
221.751,336
221.776,315
221.801,294
221.826,285
221.851,284
221.876,276
221.901,251
221.926,216
221.951,185
221.976,163
222.001,140
222.026,105
222.051,61
222.076,34
222.101,45
222.126,95
222.151,162
222.176,220
222.201,258
222.226,282
222.251,299
222.276,310
222.301,308
222.326,293
222.351,272
222.376,254
222.401,240
222.426,225
222.451,203
222.476,177
222.501,150
222.526,124
222.551,92
222.576,48
222.601,1
222.626,-30
222.651,-27
222.676,12
222.701,77
222.726,143
222.751,196
222.776,234
222.801,262
222.826,279
222.851,282
222.876,272
222.901,257
222.926,251
222.951,257
222.976,265
223.001,258
223.026,232
223.051,197
223.076,163
223.101,132
223.126,95
223.151,50
223.176,12
223.201,1
223.226,29
223.251,86
223.276,155
223.301,219
223.326,274
223.351,320
223.376,354
223.401,370
223.426,366
223.451,349
223.476,331
223.501,320
223.526,314
223.551,305
223.576,287
223.601,259
223.626,227
223.651,199
223.676,176
223.701,153
223.726,119
223.751,73
223.776,26
223.801,0
223.826,8
223.851,53
223.876,119
223.901,185
223.926,241
223.951,281
223.976,309
224.001,324
224.026,329
224.051,324
224.076,314
224.101,302
224.126,288
224.151,273
224.176,257
224.201,239
224.226,216
224.251,188
224.276,158
224.301,131
224.326,105
224.351,76
224.376,37
224.401,-1
224.426,-17
224.451,4
224.476,61
224.501,130
224.526,187
224.551,224
224.576,252
224.601,276
224.626,292
224.651,293
224.676,278
224.701,258
224.726,245
224.751,239
224.776,229
224.801,208
224.826,178
224.851,150
224.876,129
224.901,112
224.926,90
224.951,57
224.976,17
225.001,-16
225.026,-29
225.051,-10
225.076,42
225.101,114
225.126,181
225.151,227
225.176,250
225.201,265
225.226,280
225.251,294
225.276,299
225.301,292
225.326,283
225.351,280
225.376,280
225.401,271
225.426,248
225.451,220
225.476,197
225.501,180
225.526,154
225.551,113
225.576,68
225.601,46
225.626,64
225.651,115
225.676,176
225.701,228
225.726,271
225.751,312
225.776,351
225.801,378
225.826,384
225.851,378
225.876,377
225.901,387
225.926,401
225.951,403
225.976,388
226.001,360
226.026,327
226.051,287
226.076,233
226.101,160
226.126,82
226.151,20
226.176,-7
226.201,1
226.226,36
226.251,85
226.276,139
226.301,194
226.326,244
226.351,278
226.376,289
226.401,277
226.426,257
226.451,241
226.476,233
226.501,225
226.526,203
226.551,165
226.576,122
226.601,86
226.626,57
226.651,24
226.676,-23
226.701,-77
226.726,-110
226.751,-98
226.776,-43
226.801,31
226.826,100
226.851,155
226.876,200
226.901,241
226.926,268
226.951,270
226.976,250
227.001,227
227.026,219
227.051,226
227.076,231
227.101,221
227.126,196
227.151,172
227.176,154
227.201,133
227.226,105
227.251,82
227.276,88
227.301,140
227.326,225
227.351,310
227.376,373
227.401,409
227.426,429
227.451,438
227.476,433
227.501,411
227.526,377
227.551,346
227.576,319
227.601,289
227.626,247
227.651,199
227.676,156
227.701,117
227.726,69
227.751,2
227.776,-71
227.801,-117
227.826,-112
227.851,-61
227.876,6
227.901,65
227.926,108
227.951,145
227.976,180
228.001,208
228.026,223
228.051,234
228.076,256
228.101,289
228.126,319
228.151,327
228.176,307
228.201,269
228.226,225
228.251,175
228.276,114
228.301,48
228.326,-4
228.351,-22
228.376,0
228.401,56
228.426,137
228.451,239
228.476,351
228.501,453
228.526,517
228.551,528
228.576,498
228.601,457
228.626,430
228.651,417
228.676,401
228.701,369
228.726,327
228.751,287
228.776,256
228.801,220
228.826,167
228.851,97
228.876,31
228.901,-2
228.926,7
228.951,56
228.976,124
229.001,193
229.026,249
229.051,279
229.076,273
229.101,227
229.126,155
229.151,80
229.176,24
229.201,-13
229.226,-46
229.251,-86
229.276,-128
229.301,-155
229.326,-155
229.351,-133
229.376,-108
229.401,-97
229.426,-93
229.451,-78
229.476,-27
229.501,69
229.526,205
229.551,355
229.576,492
229.601,590
229.626,640
229.651,643
229.676,617
229.701,579
229.726,541
229.751,507
229.776,470
229.801,426
229.826,371
229.851,308
229.876,244
229.901,185
229.926,130
229.951,76
229.976,23
230.001,-16
230.026,-21
230.051,17
230.076,88
230.101,163
230.126,216
230.151,244
230.176,260
230.201,275
230.226,286
230.251,285
230.276,273
230.301,265
230.326,269
230.351,276
230.376,271
230.401,249
230.426,227
230.451,220
230.476,224
230.501,210
230.526,159
230.551,89
230.576,39
230.601,39
230.626,84
230.651,139
230.676,173
230.701,180
230.726,168
230.751,148
230.776,121
230.801,93
230.826,72
230.851,64
230.876,61
230.901,47
230.926,23
230.951,1
230.976,-5
231.001,-6
231.026,-18
231.051,-48
231.076,-69
231.101,-49
231.126,23
231.151,123
231.176,210
231.201,265
231.226,293
231.251,309
231.276,317
231.301,314
231.326,301
231.351,290
231.376,288
231.401,285
231.426,271
231.451,246
231.476,223
231.501,208
231.526,188
231.551,149
231.576,99
231.601,70
231.626,92
231.651,164
231.676,255
231.701,337
231.726,402
231.751,465
231.776,534
231.801,600
231.826,646
231.851,660
231.876,643
231.901,598
231.926,531
231.951,448
231.976,358
232.001,262
232.026,153
232.051,27
232.076,-97
232.101,-182
232.126,-200
232.151,-158
232.176,-92
232.201,-32
232.226,19
232.251,78
232.276,145
232.301,201
232.326,224
232.351,216
232.376,202
232.401,198
232.426,200
232.451,191
232.476,166
232.501,135
232.526,109
232.551,81
232.576,39
232.601,-7
232.626,-33
232.651,-13
232.676,50
232.701,129
232.726,194
232.751,236
232.776,261
232.801,276
232.826,280
232.851,276
232.876,267
232.901,259
232.926,252
232.951,243
232.976,230
233.001,216
233.026,198
233.051,170
233.076,128
233.101,82
233.126,57
233.151,70
233.176,115
233.201,172
233.226,222
233.251,259
233.276,284
233.301,299
233.326,299
233.351,289
233.376,276
233.401,265
233.426,254
233.451,236
233.476,212
233.501,189
233.526,166
233.551,136
233.576,93
233.601,53
233.626,44
233.651,82
233.676,155
233.701,230
233.726,283
233.751,314
233.776,335
233.801,351
233.826,357
233.851,345
233.876,325
233.901,309
233.926,300
233.951,292
233.976,276
234.001,250
234.026,218
234.051,180
234.076,137
234.101,98
234.126,81
234.151,100
234.176,151
234.201,211
234.226,259
234.251,285
234.276,288
234.301,271
234.326,240
234.351,203
234.376,170
234.401,146
234.426,123
234.451,92
234.476,51
234.501,7
234.526,-35
234.551,-83
234.576,-136
234.601,-176
234.626,-171
234.651,-101
234.676,13
234.701,124
234.726,191
234.751,207
234.776,200
234.801,197
234.826,210
234.851,230
234.876,249
234.901,269
234.926,295
234.951,325
234.976,348
235.001,342
235.026,295
235.051,205
235.076,96
235.101,11
235.126,-8
235.151,44
235.176,144
235.201,241
235.226,302
235.251,328
235.276,340
235.301,356
235.326,378
235.351,398
235.376,417
235.401,441
235.426,465
235.451,468
235.476,430
235.501,355
235.526,271
235.551,215
235.576,195
235.601,184
235.626,146
235.651,66
235.676,-22
235.701,-69
235.726,-37
235.751,61
235.776,183
235.801,282
235.826,340
235.851,367
235.876,377
235.901,378
235.926,369
235.951,352
235.976,336
236.001,318
236.026,286
236.051,226
236.076,143
236.101,65
236.126,23
236.151,25
236.176,53
236.201,82
236.226,99
236.251,107
236.276,112
236.301,115
236.326,116
236.351,116
236.376,121
236.401,129
236.426,135
236.451,136
236.476,129
236.501,117
236.526,97
236.551,71
236.576,49
236.601,51
236.626,89
236.651,156
236.676,228
236.701,282
236.726,309
236.751,317
236.776,315
236.801,303
236.826,282
236.851,259
236.876,237
236.901,219
236.926,199
236.951,174
236.976,147
237.001,118
237.026,84
237.051,41
237.076,-4
237.101,-38
237.126,-42
237.151,-11
237.176,40
237.201,93
237.226,128
237.251,139
237.276,134
237.301,133
237.326,157
237.351,215
237.376,288
237.401,340
237.426,346
237.451,317
237.476,287
237.501,278
237.526,279
237.551,263
237.576,220
237.601,175
237.626,164
237.651,194
237.676,243
237.701,279
237.726,299
237.751,318
237.776,346
237.801,373
237.826,379
237.851,359
237.876,324
237.901,286
237.926,248
237.951,208
237.976,171
238.001,145
238.026,126
238.051,98
238.076,56
238.101,9
238.126,-31
238.151,-71
238.176,-124
238.201,-180
238.226,-187
238.251,-85
238.276,124
238.301,370
238.326,553
238.351,632
238.376,642
238.401,644
238.426,650
238.451,618
238.476,516
238.501,367
238.526,240
238.551,177
238.576,155
238.601,120
238.626,52
238.651,-12
238.676,-24
238.701,25
238.726,102
238.751,161
238.776,193
238.801,215
238.826,236
238.851,248
238.876,238
238.901,217
238.926,208
238.951,220
238.976,237
239.001,238
239.026,220
239.051,199
239.076,186
239.101,169
239.126,130
239.151,73
239.176,30
239.201,33
239.226,81
239.251,143
239.276,183
239.301,194
239.326,189
239.351,183
239.376,174
239.401,156
239.426,131
239.451,114
239.476,114
239.501,121
239.526,122
239.551,110
239.576,95
239.601,83
239.626,68
239.651,42
239.676,11
239.701,0
239.726,28
239.751,96
239.776,178
239.801,244
239.826,284
239.851,307
239.876,319
239.901,323
239.926,317
239.951,307
239.976,299
240.001,296
240.026,288
240.051,267
240.076,239
240.101,214
240.126,193
240.151,164
240.176,118
240.201,69
240.226,48
240.251,78
240.276,150
240.301,230
240.326,290
240.351,322
240.376,334
240.401,336
240.426,329
240.451,318
240.476,312
240.501,318
240.526,332
240.551,339
240.576,331
240.601,314
240.626,297
240.651,279
240.676,253
240.701,219
240.726,195
240.751,199
240.776,226
240.801,248
240.826,238
240.851,203
240.876,171
240.901,161
240.926,162
240.951,148
240.976,111
241.001,74
241.026,64
241.051,80
241.076,94
241.101,85
241.126,61
241.151,39
241.176,21
241.201,-9
241.226,-60
241.251,-108
241.276,-111
241.301,-48
241.326,53
241.351,151
241.376,227
241.401,294
241.426,366
241.451,426
241.476,442
241.501,405
241.526,346
241.551,306
241.576,296
241.601,289
241.626,258
241.651,209
241.676,162
241.701,118
241.726,60
241.751,-18
241.776,-80
241.801,-70
241.826,27
241.851,166
241.876,273
241.901,319
241.926,335
241.951,368
241.976,426
242.001,476
242.026,488
242.051,471
242.076,450
242.101,429
242.126,383
242.151,291
242.176,168
242.201,57
242.226,-16
242.251,-59
242.276,-92
242.301,-112
242.326,-92
242.351,-20
242.376,86
242.401,188
242.426,256
242.451,289
242.476,302
242.501,303
242.526,298
242.551,292
242.576,292
242.601,299
242.626,300
242.651,285
242.676,256
242.701,222
242.726,182
242.751,122
242.776,37
242.801,-50
242.826,-94
242.851,-67
242.876,18
242.901,118
242.926,194
242.951,239
242.976,267
243.001,288
243.026,297
243.051,285
243.076,257
243.101,228
243.126,212
243.151,210
243.176,214
243.201,212
243.226,196
243.251,166
243.276,129
243.301,107
243.326,115
243.351,159
243.376,222
243.401,281
243.426,319
243.451,335
243.476,334
243.501,321
243.526,299
243.551,271
243.576,244
243.601,222
243.626,204
243.651,188
243.676,173
243.701,156
243.726,133
243.751,102
243.776,69
243.801,56
243.826,86
243.851,158
243.876,246
243.901,317
243.926,353
243.951,362
243.976,361
244.001,359
244.026,349
244.051,326
244.076,291
244.101,254
244.126,223
244.151,196
244.176,167
244.201,130
244.226,85
244.251,38
244.276,-3
244.301,-25
244.326,-16
244.351,24
244.376,81
244.401,131
244.426,159
244.451,163
244.476,154
244.501,143
244.526,135
244.551,128
244.576,118
244.601,102
244.626,81
244.651,59
244.676,35
244.701,10
244.726,-17
244.751,-45
244.776,-64
244.801,-58
244.826,-18
244.851,46
244.876,115
244.901,163
244.926,184
244.951,189
244.976,194
245.001,205
245.026,217
245.051,229
245.076,251
245.101,303
245.126,387
245.151,483
245.176,551
245.201,565
245.226,525
245.251,463
245.276,417
245.301,409
245.326,437
245.351,485
245.376,529
245.401,553
245.426,545
245.451,504
245.476,441
245.501,374
245.526,319
245.551,288
245.576,275
245.601,268
245.626,254
245.651,223
245.676,172
245.701,110
245.726,51
245.751,14
245.776,10
245.801,38
245.826,81
245.851,118
245.876,136
245.901,134
245.926,118
245.951,96
245.976,69
246.001,39
246.026,8
246.051,-16
246.076,-28
246.101,-30
246.126,-32
246.151,-46
246.176,-78
246.201,-115
246.226,-135
246.251,-116
246.276,-58
246.301,22
246.326,104
246.351,171
246.376,217
246.401,245
246.426,259
246.451,262
246.476,258
246.501,250
246.526,241
246.551,230
246.576,218
246.601,205
246.626,188
246.651,162
246.676,126
246.701,86
246.726,63
246.751,74
246.776,122
246.801,193
246.826,266
246.851,326
246.876,368
246.901,390
246.926,396
246.951,396
246.976,403
247.001,427
247.026,457
247.051,472
247.076,454
247.101,411
247.126,363
247.151,324
247.176,286
247.201,233
247.226,169
247.251,124
247.276,128
247.301,179
247.326,245
247.351,290
247.376,305
247.401,301
247.426,293
247.451,280
247.476,253
247.501,215
247.526,179
247.551,152
247.576,131
247.601,103
247.626,65
247.651,29
247.676,1
247.701,-28
247.726,-71
247.751,-121
247.776,-146
247.801,-116
247.826,-31
247.851,72
247.876,159
247.901,217
247.926,258
247.951,295
247.976,323
248.001,328
248.026,313
248.051,298
248.076,298
248.101,305
248.126,298
248.151,267
248.176,224
248.201,190
248.226,167
248.251,136
248.276,90
248.301,48
248.326,42
248.351,88
248.376,161
248.401,222
248.426,251
248.451,261
248.476,273
248.501,293
248.526,307
248.551,305
248.576,291
248.601,276
248.626,265
248.651,249
248.676,225
248.701,197
248.726,173
248.751,151
248.776,122
248.801,87
248.826,63
248.851,70
248.876,115
248.901,183
248.926,248
248.951,295
248.976,323
249.001,335
249.026,331
249.051,312
249.076,286
249.101,261
249.126,245
249.151,234
249.176,223
249.201,209
249.226,188
249.251,154
249.276,103
249.301,42
249.326,-4
249.351,-13
249.376,21
249.401,86
249.426,157
249.451,216
249.476,259
249.501,285
249.526,293
249.551,285
249.576,267
249.601,247
249.626,229
249.651,214
249.676,202
249.701,191
249.726,176
249.751,147
249.776,101
249.801,50
249.826,18
249.851,28
249.876,77
249.901,143
249.926,201
249.951,245
249.976,281
250.001,311
250.026,329
250.051,322
250.076,290
250.101,247
250.126,208
250.151,183
250.176,168
250.201,156
250.226,139
250.251,112
250.276,77
250.301,44
250.326,34
250.351,59
250.376,117
250.401,189
250.426,255
250.451,301
250.476,327
250.501,336
250.526,333
250.551,320
250.576,298
250.601,272
250.626,244
250.651,218
250.676,197
250.701,180
250.726,160
250.751,125
250.776,73
250.801,21
250.826,0
250.851,23
250.876,85
250.901,157
250.926,217
250.951,261
250.976,294
251.001,320
251.026,333
251.051,329
251.076,311
251.101,286
251.126,261
251.151,236
251.176,213
251.201,189
251.226,159
251.251,116
251.276,63
251.301,19
251.326,7
251.351,42
251.376,111
251.401,188
251.426,252
251.451,296
251.476,326
251.501,342
251.526,342
251.551,327
251.576,302
251.601,278
251.626,258
251.651,242
251.676,224
251.701,200
251.726,166
251.751,118
251.776,65
251.801,25
251.826,22
251.851,65
251.876,138
251.901,215
251.926,271
251.951,304
251.976,317
252.001,318
252.026,308
252.051,291
252.076,270
252.101,247
252.126,223
252.151,197
252.176,169
252.201,137
252.226,96
252.251,45
252.276,-4
252.301,-33
252.326,-22
252.351,29
252.376,100
252.401,168
252.426,221
252.451,261
252.476,290
252.501,306
252.526,301
252.551,279
252.576,250
252.601,223
252.626,201
252.651,184
252.676,169
252.701,150
252.726,119
252.751,67
252.776,8
252.801,-25
252.826,-6
252.851,65
252.876,160
252.901,242
252.926,295
252.951,329
252.976,353
253.001,367
253.026,362
253.051,340
253.076,316
253.101,296
253.126,278
253.151,254
253.176,224
253.201,195
253.226,166
253.251,127
253.276,71
253.301,16
253.326,-1
253.351,35
253.376,110
253.401,185
253.426,239
253.451,273
253.476,303
253.501,329
253.526,337
253.551,319
253.576,289
253.601,268
253.626,264
253.651,260
253.676,241
253.701,208
253.726,171
253.751,134
253.776,87
253.801,31
253.826,-14
253.851,-17
253.876,36
253.901,125
253.926,209
253.951,267
253.976,300
254.001,325
254.026,343
254.051,344
254.076,323
254.101,291
254.126,265
254.151,249
254.176,232
254.201,203
254.226,168
254.251,136
254.276,108
254.301,74
254.326,26
254.351,-20
254.376,-37
254.401,-5
254.426,66
254.451,144
254.476,205
254.501,247
254.526,281
254.551,308
254.576,316
254.601,298
254.626,267
254.651,243
254.676,235
254.701,231
254.726,215
254.751,183
254.776,150
254.801,126
254.826,103
254.851,66
254.876,16
254.901,-14
254.926,3
254.951,73
254.976,164
255.001,240
255.026,288
255.051,319
255.076,346
255.101,365
255.126,363
255.151,342
255.176,316
255.201,300
255.226,290
255.251,272
255.276,239
255.301,203
255.326,177
255.351,152
255.376,114
255.401,61
255.426,17
255.451,16
255.476,67
255.501,145
255.526,213
255.551,256
255.576,283
255.601,308
255.626,327
255.651,328
255.676,308
255.701,283
255.726,268
255.751,261
255.776,244
255.801,211
255.826,170
255.851,135
255.876,104
255.901,65
255.926,10
255.951,-40
255.976,-52
256.001,-10
256.026,71
256.051,157
256.076,225
256.101,273
256.126,312
256.151,344
256.176,358
256.201,351
256.226,331
256.251,313
256.276,302
256.301,289
256.326,265
256.351,230
256.376,197
256.401,173
256.426,148
256.451,108
256.476,53
256.501,3
256.526,-7
256.551,32
256.576,110
256.601,193
256.626,256
256.651,295
256.676,322
256.701,346
256.726,363
256.751,362
256.776,341
256.801,310
256.826,285
256.851,268
256.876,252
256.901,225
256.926,190
256.951,153
256.976,116
257.001,71
257.026,14
257.051,-41
257.076,-69
257.101,-44
257.126,24
257.151,106
257.176,168
257.201,205
257.226,230
257.251,253
257.276,263
257.301,248
257.326,212
257.351,175
257.376,154
257.401,144
257.426,126
257.451,90
257.476,45
257.501,9
257.526,-20
257.551,-59
257.576,-117
257.601,-177
257.626,-210
257.651,-198
257.676,-145
257.701,-59
257.726,64
257.751,233
257.776,432
257.801,612
257.826,717
257.851,727
257.876,677
257.901,621
257.926,596
257.951,593
257.976,586
258.001,557
258.026,514
258.051,471
258.076,433
258.101,394
258.126,344
258.151,289
258.176,243
258.201,221
258.226,223
258.251,239
258.276,254
258.301,255
258.326,237
258.351,205
258.376,169
258.401,136
258.426,110
258.451,89
258.476,71
258.501,55
258.526,40
258.551,27
258.576,14
258.601,-1
258.626,-28
258.651,-73
258.676,-126
258.701,-165
258.726,-165
258.751,-117
258.776,-36
258.801,48
258.826,118
258.851,173
258.876,223
258.901,267
258.926,294
258.951,296
258.976,280
259.001,264
259.026,258
259.051,256
259.076,249
259.101,233
259.126,209
259.151,175
259.176,126
259.201,67
259.226,20
259.251,16
259.276,65
259.301,145
259.326,224
259.351,283
259.376,325
259.401,359
259.426,382
259.451,380
259.476,353
259.501,317
259.526,292
259.551,281
259.576,268
259.601,241
259.626,202
259.651,165
259.676,131
259.701,92
259.726,44
259.751,2
259.776,-4
259.801,36
259.826,110
259.851,187
259.876,248
259.901,293
259.926,332
259.951,360
259.976,368
260.001,349
260.026,316
260.051,286
260.076,265
260.101,246
260.126,219
260.151,188
260.176,162
260.201,140
260.226,109
260.251,61
260.276,8
260.301,-18
260.326,2
260.351,65
260.376,144
260.401,212
260.426,265
260.451,311
260.476,349
260.501,369
260.526,362
260.551,336
260.576,310
260.601,294
260.626,280
260.651,256
260.676,222
260.701,191
260.726,167
260.751,140
260.776,92
260.801,29
260.826,-18
260.851,-18
260.876,32
260.901,105
260.926,166
260.951,207
260.976,242
261.001,279
261.026,310
261.051,318
261.076,302
261.101,281
261.126,272
261.151,271
261.176,264
261.201,243
261.226,215
261.251,189
261.276,161
261.301,117
261.326,62
261.351,21
261.376,20
261.401,63
261.426,124
261.451,176
261.476,212
261.501,241
261.526,267
261.551,281
261.576,271
261.601,243
261.626,216
261.651,204
261.676,197
261.701,181
261.726,156
261.751,136
261.776,132
261.801,130
261.826,109
261.851,71
261.876,45
261.901,66
261.926,134
261.951,218
261.976,282
262.001,316
262.026,334
262.051,347
262.076,349
262.101,330
262.126,292
262.151,254
262.176,228
262.201,209
262.226,184
262.251,152
262.276,124
262.301,103
262.326,80
262.351,41
262.376,-1
262.401,-16
262.426,24
262.451,112
262.476,209
262.501,283
262.526,327
262.551,357
262.576,378
262.601,383
262.626,360
262.651,319
262.676,282
262.701,261
262.726,248
262.751,228
262.776,199
262.801,169
262.826,141
262.851,106
262.876,54
262.901,0
262.926,-23
262.951,5
262.976,76
263.001,152
263.026,208
263.051,245
263.076,278
263.101,308
263.126,321
263.151,307
263.176,277
263.201,253
263.226,243
263.251,238
263.276,220
263.301,191
263.326,161
263.351,135
263.376,101
263.401,51
263.426,1
263.451,-14
263.476,24
263.501,103
263.526,184
263.551,242
263.576,278
263.601,307
263.626,335
263.651,348
263.676,335
263.701,307
263.726,282
263.751,270
263.776,261
263.801,241
263.826,210
263.851,177
263.876,148
263.901,110
263.926,56
263.951,0
263.976,-26
264.001,0
264.026,73
264.051,158
264.076,225
264.101,269
264.126,303
264.151,335
264.176,356
264.201,353
264.226,327
264.251,296
264.276,276
264.301,265
264.326,249
264.351,220
264.376,184
264.401,152
264.426,124
264.451,89
264.476,41
264.501,-5
264.526,-22
264.551,12
264.576,89
264.601,176
264.626,244
264.651,285
264.676,312
264.701,335
264.726,348
264.751,338
264.776,304
264.801,264
264.826,241
264.851,237
264.876,234
264.901,213
264.926,175
264.951,134
264.976,100
265.001,67
265.026,21
265.051,-29
265.076,-54
265.101,-26
265.126,52
265.151,150
265.176,231
265.201,284
265.226,320
265.251,353
265.276,375
265.301,372
265.326,341
265.351,303
265.376,279
265.401,271
265.426,262
265.451,236
265.476,197
265.501,161
265.526,137
265.551,111
265.576,67
265.601,9
265.626,-30
265.651,-22
265.676,38
265.701,123
265.726,201
265.751,255
265.776,292
265.801,324
265.826,347
265.851,350
265.876,329
265.901,299
265.926,278
265.951,269
265.976,261
266.001,239
266.026,207
266.051,175
266.076,151
266.101,124
266.126,81
266.151,27
266.176,-9
266.201,0
266.226,57
266.251,139
266.276,208
266.301,250
266.326,273
266.351,293
266.376,310
266.401,310
266.426,288
266.451,256
266.476,233
266.501,224
266.526,219
266.551,201
266.576,173
266.601,148
266.626,132
266.651,114
266.676,75
266.701,18
266.726,-23
266.751,-15
266.776,51
266.801,148
266.826,234
266.851,291
266.876,327
266.901,360
266.926,393
266.951,408
266.976,395
267.001,365
267.026,339
267.051,327
267.076,316
267.101,289
267.126,243
267.151,192
267.176,148
267.201,107
267.226,54
267.251,-6
267.276,-50
267.301,-43
267.326,20
267.351,113
267.376,196
267.401,248
267.426,278
267.451,301
267.476,319
267.501,318
267.526,292
267.551,254
267.576,225
267.601,212
267.626,204
267.651,184
267.676,153
267.701,121
267.726,95
267.751,64
267.776,15
267.801,-41
267.826,-73
267.851,-49
267.876,28
267.901,128
267.926,210
267.951,261
267.976,297
268.001,330
268.026,356
268.051,360
268.076,340
268.101,315
268.126,302
268.151,302
268.176,296
268.201,272
268.226,238
268.251,212
268.276,194
268.301,163
268.326,104
268.351,34
268.376,-4
268.401,19
268.426,93
268.451,175
268.476,234
268.501,269
268.526,300
268.551,333
268.576,349
268.601,333
268.626,289
268.651,246
268.676,224
268.701,217
268.726,205
268.751,179
268.776,148
268.801,120
268.826,89
268.851,43
268.876,-8
268.901,-33
268.926,-4
268.951,72
268.976,163
269.001,237
269.026,287
269.051,326
269.076,357
269.101,370
269.126,356
269.151,324
269.176,296
269.201,283
269.226,274
269.251,255
269.276,226
269.301,194
269.326,161
269.351,117
269.376,58
269.401,5
269.426,-6
269.451,37
269.476,116
269.501,190
269.526,237
269.551,264
269.576,290
269.601,314
269.626,322
269.651,303
269.676,269
269.701,238
269.726,217
269.751,195
269.776,166
269.801,136
269.826,109
269.851,80
269.876,35
269.901,-19
269.926,-52
269.951,-32
269.976,41
270.001,134
270.026,208
270.051,254
270.076,289
270.101,325
270.126,353
270.151,359
270.176,343
270.201,322
270.226,308
270.251,297
270.276,272
270.301,232
270.326,189
270.351,150
270.376,111
270.401,61
270.426,12
270.451,-5
270.476,31
270.501,112
270.526,199
270.551,263
270.576,300
270.601,326
270.626,347
270.651,354
270.676,338
270.701,307
270.726,278
270.751,260
270.776,243
270.801,215
270.826,178
270.851,143
270.876,112
270.901,71
270.926,14
270.951,-42
270.976,-60
271.001,-17
271.026,69
271.051,161
271.076,228
271.101,269
271.126,301
271.151,330
271.176,345
271.201,334
271.226,306
271.251,281
271.276,270
271.301,262
271.326,241
271.351,208
271.376,175
271.401,151
271.426,123
271.451,79
271.476,26
271.501,-5
271.526,15
271.551,84
271.576,168
271.601,234
271.626,273
271.651,302
271.676,328
271.701,342
271.726,331
271.751,299
271.776,265
271.801,247
271.826,240
271.851,226
271.876,199
271.901,167
271.926,142
271.951,116
271.976,74
272.001,17
272.026,-24
272.051,-17
272.076,45
272.101,136
272.126,213
272.151,262
272.176,294
272.201,321
272.226,340
272.251,337
272.276,312
272.301,281
272.326,263
272.351,255
272.376,244
272.401,219
272.426,187
272.451,155
272.476,122
272.501,78
272.526,28
272.551,-2
272.576,13
272.601,78
272.626,162
272.651,234
272.676,283
272.701,319
272.726,349
272.751,365
272.776,356
272.801,325
272.826,290
272.851,266
272.876,250
272.901,230
272.926,202
272.951,173
272.976,148
273.001,116
273.026,68
273.051,10
273.076,-24
273.101,-8
273.126,57
273.151,141
273.176,210
273.201,255
273.226,287
273.251,317
273.276,335
273.301,329
273.326,303
273.351,276
273.376,263
273.401,258
273.426,244
273.451,213
273.476,177
273.501,148
273.526,122
273.551,84
273.576,28
273.601,-21
273.626,-31
273.651,13
273.676,95
273.701,178
273.726,237
273.751,275
273.776,302
273.801,320
273.826,321
273.851,302
273.876,274
273.901,251
273.926,238
273.951,225
273.976,199
274.001,164
274.026,130
274.051,101
274.076,64
274.101,9
274.126,-53
274.151,-93
274.176,-82
274.201,-23
274.226,57
274.251,130
274.276,187
274.301,238
274.326,287
274.351,322
274.376,330
274.401,314
274.426,296
274.451,296
274.476,313
274.501,329
274.526,330
274.551,320
274.576,309
274.601,294
274.626,265
274.651,219
274.676,177
274.701,167
274.726,196
274.751,243
274.776,281
274.801,305
274.826,330
274.851,366
274.876,396
274.901,393
274.926,350
274.951,293
274.976,252
275.001,236
275.026,225
275.051,200
275.076,161
275.101,119
275.126,80
275.151,32
275.176,-26
275.201,-78
275.226,-88
275.251,-43
275.276,39
275.301,126
275.326,191
275.351,235
275.376,267
275.401,288
275.426,294
275.451,285
275.476,266
275.501,236
275.526,188
275.551,121
275.576,62
275.601,41
275.626,65
275.651,96
275.676,83
275.701,16
275.726,-62
275.751,-92
275.776,-50
275.801,34
275.826,115
275.851,172
275.876,217
275.901,264
275.926,304
275.951,319
275.976,309
276.001,291
276.026,286
276.051,293
276.076,298
276.101,294
276.126,291
276.151,293
276.176,291
276.201,267
276.226,218
276.251,172
276.276,164
276.301,211
276.326,297
276.351,391
276.376,460
276.401,485
276.426,464
276.451,408
276.476,348
276.501,309
276.526,297
276.551,288
276.576,254
276.601,190
276.626,120
276.651,72
276.676,45
276.701,15
276.726,-35
276.751,-90
276.776,-111
276.801,-76
276.826,1
276.851,86
276.876,149
276.901,188
276.926,221
276.951,259
276.976,300
277.001,331
277.026,345
277.051,339
277.076,316
277.101,278
277.126,226
277.151,155
277.176,67
277.201,-27
277.226,-110
277.251,-157
277.276,-155
277.301,-107
277.326,-31
277.351,56
277.376,145
277.401,228
277.426,293
277.451,332
277.476,344
277.501,337
277.526,323
277.551,310
277.576,297
277.601,285
277.626,274
277.651,262
277.676,240
277.701,202
277.726,153
277.751,116
277.776,115
277.801,158
277.826,231
277.851,312
277.876,384
277.901,440
277.926,478
277.951,494
277.976,485
278.001,453
278.026,405
278.051,352
278.076,302
278.101,260
278.126,222
278.151,177
278.176,117
278.201,44
278.226,-21
278.251,-51
278.276,-30
278.301,31
278.326,109
278.351,176
278.376,221
278.401,244
278.426,248
278.451,237
278.476,212
278.501,177
278.526,141
278.551,111
278.576,89
278.601,70
278.626,43
278.651,0
278.676,-61
278.701,-120
278.726,-153
278.751,-143
278.776,-95
278.801,-30
278.826,32
278.851,83
278.876,123
278.901,150
278.926,165
278.951,170
278.976,186
279.001,231
279.026,309
279.051,399
279.076,471
279.101,503
279.126,494
279.151,452
279.176,387
279.201,309
279.226,241
279.251,206
279.276,221
279.301,275
279.326,338
279.351,383
279.376,400
279.401,395
279.426,378
279.451,356
279.476,330
279.501,303
279.526,278
279.551,255
279.576,228
279.601,189
279.626,134
279.651,70
279.676,15
279.701,-10
279.726,3
279.751,52
279.776,117
279.801,175
279.826,213
279.851,231
279.876,237
279.901,236
279.926,225
279.951,203
279.976,177
280.001,158
280.026,150
280.051,144
280.076,126
280.101,86
280.126,35
280.151,-7
280.176,-20
280.201,3
280.226,57
280.251,124
280.276,184
280.301,227
280.326,252
280.351,267
280.376,274
280.401,274
280.426,265
280.451,249
280.476,234
280.501,225
280.526,218
280.551,198
280.576,157
280.601,103
280.626,61
280.651,54
280.676,89
280.701,151
280.726,217
280.751,268
280.776,302
280.801,321
280.826,329
280.851,324
280.876,304
280.901,274
280.926,246
280.951,228
280.976,216
281.001,198
281.026,160
281.051,106
281.076,56
281.101,31
281.126,47
281.151,99
281.176,170
281.201,240
281.226,294
281.251,328
281.276,343
281.301,340
281.326,322
281.351,291
281.376,255
281.401,225
281.426,207
281.451,196
281.476,177
281.501,135
281.526,75
281.551,20
281.576,0
281.601,24
281.626,85
281.651,158
281.676,223
281.701,273
281.726,310
281.751,334
281.776,339
281.801,322
281.826,285
281.851,241
281.876,205
281.901,185
281.926,177
281.951,164
281.976,131
282.001,77
282.026,21
282.051,-6
282.076,11
282.101,69
282.126,141
282.151,207
282.176,259
282.201,301
282.226,330
282.251,338
282.276,321
282.301,290
282.326,265
282.351,254
282.376,250
282.401,238
282.426,215
282.451,184
282.476,147
282.501,98
282.526,41
282.551,-1
282.576,-4
282.601,43
282.626,119
282.651,186
282.676,227
282.701,248
282.726,265
282.751,279
282.776,278
282.801,258
282.826,233
282.851,220
282.876,218
282.901,213
282.926,194
282.951,167
282.976,145
283.001,125
283.026,96
283.051,54
283.076,21
283.101,28
283.126,81
283.151,155
283.176,218
283.201,260
283.226,293
283.251,327
283.276,351
283.301,347
283.326,313
283.351,272
283.376,245
283.401,232
283.426,221
283.451,203
283.476,184
283.501,168
283.526,146
283.551,105
283.576,55
283.601,25
283.626,43
283.651,106
283.676,184
283.701,247
283.726,289
283.751,322
283.776,350
283.801,366
283.826,361
283.851,339
283.876,311
283.901,287
283.926,262
283.951,235
283.976,210
284.001,190
284.026,166
284.051,122
284.076,58
284.101,2
284.126,-10
284.151,28
284.176,97
284.201,162
284.226,209
284.251,246
284.276,282
284.301,307
284.326,305
284.351,278
284.376,242
284.401,217
284.426,203
284.451,187
284.476,163
284.501,137
284.526,113
284.551,84
284.576,40
284.601,-8
284.626,-29
284.651,0
284.676,76
284.701,163
284.726,232
284.751,278
284.776,317
284.801,352
284.826,371
284.851,360
284.876,325
284.901,289
284.926,266
284.951,253
284.976,235
285.001,207
285.026,173
285.051,135
285.076,88
285.101,32
285.126,-11
285.151,-14
285.176,34
285.201,113
285.226,189
285.251,243
285.276,283
285.301,321
285.326,353
285.351,361
285.376,341
285.401,307
285.426,280
285.451,263
285.476,246
285.501,220
285.526,188
285.551,157
285.576,121
285.601,71
285.626,14
285.651,-18
285.676,1
285.701,73
285.726,163
285.751,233
285.776,277
285.801,311
285.826,344
285.851,364
285.876,353
285.901,313
285.926,270
285.951,243
285.976,229
286.001,208
286.026,173
286.051,135
286.076,106
286.101,80
286.126,41
286.151,-7
286.176,-34
286.201,-11
286.226,63
286.251,154
286.276,226
286.301,273
286.326,308
286.351,341
286.376,360
286.401,351
286.426,316
286.451,278
286.476,254
286.501,243
286.526,225
286.551,193
286.576,156
286.601,125
286.626,93
286.651,48
286.676,-4
286.701,-37
286.726,-18
286.751,55
286.776,154
286.801,243
286.826,308
286.851,357
286.876,396
286.901,416
286.926,407
286.951,371
286.976,330
287.001,301
287.026,284
287.051,263
287.076,231
287.101,195
287.126,166
287.151,134
287.176,85
287.201,20
287.226,-31
287.251,-35
287.276,19
287.301,107
287.326,189
287.351,247
287.376,285
287.401,316
287.426,335
287.451,330
287.476,301
287.501,265
287.526,237
287.551,217
287.576,196
287.601,167
287.626,140
287.651,119
287.676,97
287.701,59
287.726,7
287.751,-29
287.776,-20
287.801,40
287.826,124
287.851,196
287.876,245
287.901,279
287.926,307
287.951,327
287.976,325
288.001,301
288.026,269
288.051,243
288.076,227
288.101,215
288.126,201
288.151,184
288.176,160
288.201,124
288.226,76
288.251,35
288.276,26
288.301,63
288.326,136
288.351,212
288.376,269
288.401,301
288.426,319
288.451,330
288.476,333
288.501,322
288.526,300
288.551,273
288.576,249
288.601,232
288.626,216
288.651,194
288.676,161
288.701,118
288.726,76
288.751,54
288.776,70
288.801,124
288.826,197
288.851,266
288.876,315
288.901,344
288.926,362
288.951,371
288.976,367
289.001,343
289.026,304
289.051,264
289.076,234
289.101,217
289.126,199
289.151,164
289.176,106
289.201,42
289.226,2
289.251,9
289.276,63
289.301,141
289.326,212
289.351,260
289.376,286
289.401,300
289.426,302
289.451,288
289.476,254
289.501,210
289.526,170
289.551,140
289.576,113
289.601,77
289.626,24
289.651,-39
289.676,-100
289.701,-143
289.726,-156
289.751,-128
289.776,-57
289.801,43
289.826,145
289.851,223
289.876,265
289.901,282
289.926,290
289.951,295
289.976,291
290.001,271
290.026,242
290.051,215
290.076,194
290.101,171
290.126,136
290.151,94
290.176,62
290.201,61
290.226,94
290.251,153
290.276,226
290.301,306
290.326,386
290.351,449
290.376,480
290.401,476
290.426,448
290.451,415
290.476,385
290.501,356
290.526,323
290.551,289
290.576,257
290.601,222
290.626,172
290.651,106
290.676,45
290.701,19
290.726,45
290.751,109
290.776,181
290.801,239
290.826,280
290.851,310
290.876,330
290.901,335
290.926,321
290.951,293
290.976,259
291.001,228
291.026,205
291.051,189
291.076,169
291.101,134
291.126,77
291.151,11
291.176,-35
291.201,-36
291.226,10
291.251,86
291.276,160
291.301,216
291.326,254
291.351,278
291.376,289
291.401,280
291.426,251
291.451,213
291.476,179
291.501,157
291.526,141
291.551,124
291.576,98
291.601,58
291.626,9
291.651,-31
291.676,-44
291.701,-16
291.726,50
291.751,133
291.776,210
291.801,269
291.826,309
291.851,334
291.876,344
291.901,335
291.926,310
291.951,277
291.976,245
292.001,222
292.026,208
292.051,196
292.076,174
292.101,132
292.126,75
292.151,24
292.176,6
292.201,34
292.226,98
292.251,175
292.276,243
292.301,296
292.326,333
292.351,358
292.376,368
292.401,362
292.426,346
292.451,325
292.476,302
292.501,280
292.526,261
292.551,242
292.576,214
292.601,167
292.626,104
292.651,49
292.676,32
292.701,63
292.726,124
292.751,184
292.776,228
292.801,260
292.826,287
292.851,307
292.876,306
292.901,280
292.926,239
292.951,203
292.976,182
293.001,171
293.026,162
293.051,148
293.076,126
293.101,94
293.126,55
293.151,24
293.176,22
293.201,61
293.226,129
293.251,204
293.276,265
293.301,308
293.326,336
293.351,349
293.376,344
293.401,321
293.426,288
293.451,253
293.476,223
293.501,197
293.526,173
293.551,148
293.576,113
293.601,66
293.626,12
293.651,-23
293.676,-19
293.701,30
293.726,107
293.751,182
293.776,239
293.801,279
293.826,308
293.851,324
293.876,320
293.901,295
293.926,258
293.951,221
293.976,190
294.001,164
294.026,148
294.051,139
294.076,127
294.101,96
294.126,41
294.151,-11
294.176,-26
294.201,14
294.226,94
294.251,175
294.276,234
294.301,274
294.326,307
294.351,332
294.376,335
294.401,311
294.426,274
294.451,246
294.476,233
294.501,225
294.526,210
294.551,187
294.576,157
294.601,123
294.626,82
294.651,45
294.676,34
294.701,66
294.726,135
294.751,213
294.776,276
294.801,322
294.826,359
294.851,389
294.876,401
294.901,384
294.926,346
294.951,305
294.976,273
295.001,247
295.026,222
295.051,195
295.076,167
295.101,131
295.126,79
295.151,18
295.176,-24
295.201,-19
295.226,37
295.251,120
295.276,194
295.301,245
295.326,281
295.351,314
295.376,335
295.401,333
295.426,306
295.451,271
295.476,243
295.501,224
295.526,204
295.551,178
295.576,149
295.601,118
295.626,79
295.651,26
295.676,-25
295.701,-45
295.726,-15
295.751,56
295.776,135
295.801,197
295.826,245
295.851,289
295.876,331
295.901,351
295.926,337
295.951,302
295.976,273
296.001,263
296.026,261
296.051,247
296.076,218
296.101,185
296.126,159
296.151,130
296.176,90
296.201,47
296.226,32
296.251,68
296.276,144
296.301,226
296.326,284
296.351,316
296.376,339
296.401,359
296.426,366
296.451,351
296.476,319
296.501,286
296.526,259
296.551,231
296.576,195
296.601,154
296.626,119
296.651,87
296.676,44
296.701,-13
296.726,-65
296.751,-78
296.776,-34
296.801,47
296.826,133
296.851,202
296.876,254
296.901,297
296.926,326
296.951,329
296.976,308
297.001,280
297.026,263
297.051,257
297.076,246
297.101,226
297.126,201
297.151,179
297.176,149
297.201,99
297.226,36
297.251,-7
297.276,1
297.301,62
297.326,146
297.351,218
297.376,269
297.401,307
297.426,338
297.451,353
297.476,342
297.501,312
297.526,282
297.551,263
297.576,249
297.601,229
297.626,203
297.651,178
297.676,154
297.701,119
297.726,69
297.751,23
297.776,13
297.801,57
297.826,135
297.851,212
297.876,265
297.901,296
297.926,317
297.951,330
297.976,328
298.001,308
298.026,280
298.051,255
298.076,238
298.101,221
298.126,199
298.151,170
298.176,131
298.201,81
298.226,25
298.251,-16
298.276,-19
298.301,25
298.326,101
298.351,178
298.376,236
298.401,272
298.426,296
298.451,310
298.476,308
298.501,289
298.526,258
298.551,226
298.576,200
298.601,182
298.626,169
298.651,155
298.676,131
298.701,91
298.726,46
298.751,18
298.776,30
298.801,87
298.826,167
298.851,241
298.876,298
298.901,339
298.926,372
298.951,390
298.976,388
299.001,366
299.026,335
299.051,306
299.076,281
299.101,252
299.126,213
299.151,163
299.176,103
299.201,34
299.226,-30
299.251,-68
299.276,-56
299.301,5
299.326,95
299.351,180
299.376,242
299.401,286
299.426,319
299.451,339
299.476,338
299.501,315
299.526,281
299.551,251
299.576,232
299.601,220
299.626,208
299.651,187
299.676,150
299.701,93
299.726,26
299.751,-22
299.776,-24
299.801,24
299.826,105
299.851,184
299.876,245
299.901,287
299.926,318
299.951,335
299.976,331
300.001,307
300.026,277
300.051,254
300.076,238
300.101,222
300.126,203
300.151,184
300.176,159
300.201,115
300.226,50
300.251,-12
300.276,-32
300.301,14
300.326,108
300.351,203
300.376,268
300.401,305
300.426,335
300.451,361
300.476,368
300.501,343
300.526,297
300.551,256
300.576,233
300.601,219
300.626,197
300.651,168
300.676,138
300.701,109
300.726,67
300.751,10
300.776,-36
300.801,-38
300.826,17
300.851,105
300.876,186
300.901,241
300.926,280
300.951,318
300.976,347
301.001,347
301.026,315
301.051,270
301.076,239
301.101,225
301.126,216
301.151,196
301.176,168
301.201,142
301.226,113
301.251,75
301.276,30
301.301,8
301.326,39
301.351,123
301.376,230
301.401,322
301.426,384
301.451,421
301.476,444
301.501,453
301.526,445
301.551,425
301.576,401
301.601,369
301.626,315
301.651,235
301.676,147
301.701,76
301.726,33
301.751,4
301.776,-24
301.801,-46
301.826,-36
301.851,19
301.876,106
301.901,189
301.926,248
301.951,288
301.976,320
302.001,342
302.026,342
302.051,316
302.076,277
302.101,242
302.126,215
302.151,187
302.176,153
302.201,121
302.226,95
302.251,65
302.276,14
302.301,-53
302.326,-104
302.351,-101
302.376,-41
302.401,44
302.426,121
302.451,175
302.476,220
302.501,266
302.526,303
302.551,315
302.576,306
302.601,292
302.626,287
302.651,283
302.676,267
302.701,236
302.726,204
302.751,178
302.776,145
302.801,94
302.826,35
302.851,4
302.876,30
302.901,108
302.926,201
302.951,274
302.976,321
303.001,355
303.026,383
303.051,398
303.076,389
303.101,360
303.126,326
303.151,298
303.176,272
303.201,243
303.226,210
303.251,179
303.276,144
303.301,93
303.326,24
303.351,-38
303.376,-60
303.401,-20
303.426,64
303.451,156
303.476,222
303.501,258
303.526,272
303.551,272
303.576,257
303.601,233
303.626,211
303.651,199
303.676,192
303.701,175
303.726,144
303.751,115
303.776,104
303.801,107
303.826,101
303.851,68
303.876,28
303.901,24
303.926,81
303.951,183
303.976,283
304.001,345
304.026,370
304.051,383
304.076,398
304.101,405
304.126,391
304.151,361
304.176,333
304.201,318
304.226,306
304.251,282
304.276,244
304.301,208
304.326,180
304.351,150
304.376,106
304.401,54
304.426,27
304.451,51
304.476,121
304.501,204
304.526,270
304.551,312
304.576,341
304.601,360
304.626,361
304.651,337
304.676,301
304.701,272
304.726,252
304.751,228
304.776,189
304.801,140
304.826,95
304.851,53
304.876,0
304.901,-73
304.926,-139
304.951,-158
304.976,-107
305.001,-9
305.026,92
305.051,167
305.076,218
305.101,259
305.126,293
305.151,309
305.176,301
305.201,280
305.226,260
305.251,248
305.276,237
305.301,221
305.326,198
305.351,168
305.376,127
305.401,74
305.426,27
305.451,10
305.476,40
305.501,108
305.526,186
305.551,250
305.576,291
305.601,314
305.626,323
305.651,318
305.676,300
305.701,275
305.726,250
305.751,228
305.776,206
305.801,182
305.826,155
305.851,120
305.876,72
305.901,17
305.926,-26
305.951,-31
305.976,10
306.001,81
306.026,157
306.051,224
306.076,285
306.101,341
306.126,385
306.151,402
306.176,388
306.201,358
306.226,329
306.251,307
306.276,287
306.301,265
306.326,239
306.351,204
306.376,154
306.401,89
306.426,33
306.451,18
306.476,60
306.501,139
306.526,218
306.551,272
306.576,304
306.601,323
306.626,333
306.651,326
306.676,301
306.701,270
306.726,245
306.751,231
306.776,218
306.801,202
306.826,180
306.851,152
306.876,110
306.901,53
306.926,2
306.951,-7
306.976,39
307.001,128
307.026,216
307.051,273
307.076,296
307.101,301
307.126,299
307.151,288
307.176,266
307.201,242
307.226,223
307.251,208
307.276,189
307.301,163
307.326,134
307.351,105
307.376,66
307.401,8
307.426,-53
307.451,-84
307.476,-57
307.501,21
307.526,117
307.551,195
307.576,248
307.601,289
307.626,322
307.651,341
307.676,338
307.701,321
307.726,305
307.751,297
307.776,287
307.801,269
307.826,244
307.851,216
307.876,181
307.901,129
307.926,67
307.951,22
307.976,29
308.001,92
308.026,183
308.051,264
308.076,316
308.101,344
308.126,357
308.151,354
308.176,335
308.201,304
308.226,275
308.251,252
308.276,232
308.301,207
308.326,178
308.351,146
308.376,105
308.401,49
308.426,-12
308.451,-52
308.476,-41
308.501,25
308.526,118
308.551,198
308.576,247
308.601,274
308.626,293
308.651,306
308.676,304
308.701,285
308.726,257
308.751,232
308.776,217
308.801,207
308.826,193
308.851,165
308.876,120
308.901,65
308.926,19
308.951,6
308.976,39
309.001,112
309.026,198
309.051,271
309.076,318
309.101,340
309.126,348
309.151,344
309.176,326
309.201,296
309.226,262
309.251,232
309.276,213
309.301,199
309.326,180
309.351,144
309.376,88
309.401,28
309.426,-9
309.451,-1
309.476,52
309.501,133
309.526,210
309.551,266
309.576,299
309.601,316
309.626,319
309.651,307
309.676,281
309.701,248
309.726,219
309.751,200
309.776,186
309.801,171
309.826,144
309.851,102
309.876,50
309.901,4
309.926,-12
309.951,15
309.976,84
310.001,173
310.026,256
310.051,316
310.076,351
310.101,368
310.126,370
310.151,361
310.176,342
310.201,317
310.226,291
310.251,267
310.276,248
310.301,228
310.326,197
310.351,147
310.376,85
310.401,32
310.426,16
310.451,50
310.476,120
310.501,201
310.526,266
310.551,307
310.576,325
310.601,327
310.626,315
310.651,295
310.676,269
310.701,242
310.726,213
310.751,186
310.776,164
310.801,146
310.826,122
310.851,81
310.876,25
310.901,-19
310.926,-24
310.951,20
310.976,97
311.001,175
311.026,229
311.051,255
311.076,261
311.101,254
311.126,237
311.151,213
311.176,183
311.201,151
311.226,122
311.251,99
311.276,84
311.301,68
311.326,37
311.351,-10
311.376,-58
311.401,-68
311.426,-10
311.451,111
311.476,258
311.501,384
311.526,465
311.551,502
311.576,508
311.601,493
311.626,463
311.651,426
311.676,390
311.701,355
311.726,317
311.751,272
311.776,224
311.801,178
311.826,128
311.851,68
311.876,5
311.901,-33
311.926,-20
311.951,47
311.976,144
312.001,230
312.026,286
312.051,314
312.076,328
312.101,331
312.126,321
312.151,297
312.176,264
312.201,230
312.226,196
312.251,161
312.276,122
312.301,80
312.326,35
312.351,-3
312.376,-26
312.401,-16
312.426,32
312.451,109
312.476,190
312.501,250
312.526,282
312.551,296
312.576,301
312.601,302
312.626,294
312.651,274
312.676,249
312.701,230
312.726,220
312.751,213
312.776,194
312.801,152
312.826,95
312.851,47
312.876,34
312.901,66
312.926,127
312.951,191
312.976,240
313.001,272
313.026,296
313.051,311
313.076,314
313.101,304
313.126,287
313.151,273
313.176,261
313.201,245
313.226,221
313.251,193
313.276,165
313.301,133
313.326,91
313.351,43
313.376,15
313.401,30
313.426,92
313.451,173
313.476,244
313.501,288
313.526,311
313.551,322
313.576,319
313.601,299
313.626,268
313.651,237
313.676,214
313.701,197
313.726,179
313.751,158
313.776,134
313.801,104
313.826,62
313.851,11
313.876,-27
313.901,-26
313.926,24
313.951,106
313.976,186
314.001,244
314.026,277
314.051,295
314.076,305
314.101,305
314.126,295
314.151,277
314.176,258
314.201,243
314.226,233
314.251,222
314.276,201
314.301,163
314.326,109
314.351,58
314.376,36
314.401,60
314.426,127
314.451,209
314.476,278
314.501,320
314.526,338
314.551,341
314.576,336
314.601,322
314.626,298
314.651,270
314.676,244
314.701,224
314.726,205
314.751,178
314.776,136
314.801,80
314.826,20
314.851,-19
314.876,-21
314.901,22
314.926,95
314.951,174
314.976,237
315.001,278
315.026,300
315.051,307
315.076,301
315.101,279
315.126,247
315.151,213
315.176,187
315.201,172
315.226,163
315.251,148
315.276,116
315.301,72
315.326,33
315.351,23
315.376,55
315.401,121
315.426,199
315.451,266
315.476,312
315.501,338
315.526,350
315.551,350
315.576,339
315.601,315
315.626,287
315.651,262
315.676,244
315.701,230
315.726,210
315.751,175
315.776,123
315.801,67
315.826,33
315.851,40
315.876,89
315.901,162
315.926,235
315.951,292
315.976,331
316.001,354
316.026,361
316.051,352
316.076,333
316.101,311
316.126,290
316.151,265
316.176,231
316.201,188
316.226,141
316.251,92
316.276,37
316.301,-21
316.326,-67
316.351,-74
316.376,-32
316.401,42
316.426,116
316.451,162
316.476,177
316.501,178
316.526,183
316.551,199
316.576,218
316.601,231
316.626,230
316.651,215
316.676,195
316.701,177
316.726,157
316.751,128
316.776,87
316.801,53
316.826,58
316.851,117
316.876,210
316.901,293
316.926,339
316.951,355
316.976,369
317.001,390
317.026,397
317.051,361
317.076,287
317.101,215
317.126,183
317.151,197
317.176,232
317.201,256
317.226,258
317.251,234
317.276,186
317.301,116
317.326,46
317.351,10
317.376,28
317.401,88
317.426,157
317.451,208
317.476,240
317.501,266
317.526,284
317.551,285
317.576,262
317.601,230
317.626,209
317.651,203
317.676,202
317.701,197
317.726,190
317.751,188
317.776,186
317.801,166
317.826,128
317.851,97
317.876,106
317.901,164
317.926,247
317.951,319
317.976,361
318.001,380
318.026,386
318.051,380
318.076,353
318.101,307
318.126,253
318.151,206
318.176,169
318.201,138
318.226,106
318.251,71
318.276,30
318.301,-10
318.326,-41
318.351,-44
318.376,-7
318.401,58
318.426,131
318.451,186
318.476,217
318.501,227
318.526,222
318.551,202
318.576,169
318.601,137
318.626,121
318.651,124
318.676,133
318.701,133
318.726,116
318.751,86
318.776,43
318.801,-8
318.826,-58
318.851,-81
318.876,-54
318.901,25
318.926,131
318.951,226
318.976,289
319.001,325
319.026,350
319.051,374
319.076,394
319.101,402
319.126,395
319.151,379
319.176,360
319.201,339
319.226,314
319.251,277
319.276,229
319.301,174
319.326,127
319.351,106
319.376,120
319.401,165
319.426,227
319.451,288
319.476,335
319.501,363
319.526,373
319.551,369
319.576,357
319.601,337
319.626,312
319.651,283
319.676,258
319.701,244
319.726,236
319.751,220
319.776,182
319.801,125
319.826,73
319.851,54
319.876,81
319.901,138
319.926,200
319.951,251
319.976,285
320.001,303
320.026,305
320.051,292
320.076,268
320.101,243
320.126,220
320.151,196
320.176,164
320.201,123
320.226,73
320.251,18
320.276,-39
320.301,-89
320.326,-112
320.351,-94
320.376,-36
320.401,41
320.426,116
320.451,176
320.476,219
320.501,247
320.526,258
320.551,249
320.576,227
320.601,203
320.626,189
320.651,183
320.676,179
320.701,166
320.726,137
320.751,91
320.776,39
320.801,3
320.826,4
320.851,49
320.876,125
320.901,204
320.926,267
320.951,312
320.976,345
321.001,364
321.026,363
321.051,341
321.076,307
321.101,278
321.126,256
321.151,237
321.176,211
321.201,179
321.226,141
321.251,96
321.276,45
321.301,1
321.326,-4
321.351,49
321.376,156
321.401,279
321.426,375
321.451,429
321.476,450
321.501,450
321.526,433
321.551,399
321.576,355
321.601,319
321.626,303
321.651,299
321.676,291
321.701,267
321.726,225
321.751,167
321.776,90
321.801,5
321.826,-63
321.851,-81
321.876,-36
321.901,49
321.926,140
321.951,210
321.976,259
322.001,297
322.026,322
322.051,321
322.076,290
322.101,246
322.126,211
322.151,194
322.176,186
322.201,173
322.226,152
322.251,128
322.276,100
322.301,59
322.326,3
322.351,-44
322.376,-50
322.401,0
322.426,89
322.451,180
322.476,248
322.501,293
322.526,325
322.551,344
322.576,342
322.601,316
322.626,284
322.651,262
322.676,251
322.701,237
322.726,206
322.751,166
322.776,133
322.801,109
322.826,79
322.851,35
322.876,-4
322.901,-8
322.926,43
322.951,131
322.976,216
323.001,274
323.026,309
323.051,338
323.076,364
323.101,371
323.126,350
323.151,314
323.176,286
323.201,271
323.226,258
323.251,230
323.276,188
323.301,145
323.326,107
323.351,64
323.376,7
323.401,-45
323.426,-60
323.451,-16
323.476,70
323.501,161
323.526,226
323.551,267
323.576,300
323.601,331
323.626,345
323.651,332
323.676,303
323.701,281
323.726,277
323.751,280
323.776,270
323.801,242
323.826,209
323.851,182
323.876,152
323.901,107
323.926,51
323.951,15
323.976,29
324.001,95
324.026,186
324.051,269
324.076,328
324.101,370
324.126,400
324.151,413
324.176,398
324.201,361
324.226,321
324.251,294
324.276,278
324.301,255
324.326,214
324.351,166
324.376,126
324.401,100
324.426,73
324.451,29
324.476,-27
324.501,-66
324.526,-55
324.551,11
324.576,107
324.601,196
324.626,256
324.651,289
324.676,308
324.701,318
324.726,312
324.751,286
324.776,248
324.801,217
324.826,201
324.851,190
324.876,168
324.901,127
324.926,78
324.951,36
324.976,4
325.001,-32
325.026,-85
325.051,-142
325.076,-171
325.101,-145
325.126,-66
325.151,30
325.176,113
325.201,174
325.226,227
325.251,279
325.276,319
325.301,331
325.326,318
325.351,307
325.376,326
325.401,373
325.426,420
325.451,437
325.476,420
325.501,393
325.526,372
325.551,348
325.576,300
325.601,225
325.626,152
325.651,122
325.676,151
325.701,219
325.726,287
325.751,331
325.776,352
325.801,360
325.826,357
325.851,338
325.876,303
325.901,266
325.926,242
325.951,233
325.976,223
326.001,198
326.026,161
326.051,128
326.076,104
326.101,77
326.126,33
326.151,-22
326.176,-57
326.201,-40
326.226,28
326.251,119
326.276,194
326.301,239
326.326,265
326.351,288
326.376,305
326.401,304
326.426,280
326.451,247
326.476,224
326.501,215
326.526,204
326.551,176
326.576,132
326.601,88
326.626,51
326.651,11
326.676,-39
326.701,-91
326.726,-113
326.751,-83
326.776,-6
326.801,87
326.826,166
326.851,225
326.876,270
326.901,307
326.926,332
326.951,336
326.976,324
327.001,310
327.026,303
327.051,299
327.076,288
327.101,268
327.126,247
327.151,231
327.176,213
327.201,182
327.226,138
327.251,98
327.276,89
327.301,123
327.326,192
327.351,276
327.376,355
327.401,415
327.426,445
327.451,438
327.476,395
327.501,333
327.526,277
327.551,243
327.576,229
327.601,217
327.626,193
327.651,159
327.676,127
327.701,103
327.726,82
327.751,48
327.776,-1
327.801,-47
327.826,-61
327.851,-24
327.876,50
327.901,133
327.926,198
327.951,241
327.976,272
328.001,296
328.026,306
328.051,294
328.076,264
328.101,234
328.126,218
328.151,211
328.176,200
328.201,177
328.226,151
328.251,130
328.276,109
328.301,73
328.326,21
328.351,-20
328.376,-17
328.401,41
328.426,130
328.451,210
328.476,262
328.501,296
328.526,325
328.551,349
328.576,351
328.601,325
328.626,289
328.651,264
328.676,255
328.701,246
328.726,224
328.751,194
328.776,169
328.801,148
328.826,115
328.851,65
328.876,17
328.901,7
328.926,53
328.951,136
328.976,216
329.001,271
329.026,304
329.051,329
329.076,347
329.101,346
329.126,323
329.151,291
329.176,268
329.201,254
329.226,237
329.251,208
329.276,177
329.301,152
329.326,130
329.351,91
329.376,31
329.401,-21
329.426,-28
329.451,27
329.476,119
329.501,205
329.526,265
329.551,305
329.576,342
329.601,373
329.626,381
329.651,359
329.676,324
329.701,296
329.726,279
329.751,260
329.776,229
329.801,189
329.826,154
329.851,121
329.876,72
329.901,4
329.926,-57
329.951,-73
329.976,-26
330.001,62
330.026,151
330.051,216
330.076,263
330.101,307
330.126,347
330.151,365
330.176,350
330.201,317
330.226,288
330.251,275
330.276,265
330.301,243
330.326,210
330.351,177
330.376,149
330.401,112
330.426,56
330.451,-8
330.476,-45
330.501,-25
330.526,47
330.551,141
330.576,220
330.601,270
330.626,302
330.651,326
330.676,338
330.701,330
330.726,302
330.751,267
330.776,240
330.801,224
330.826,207
330.851,180
330.876,147
330.901,114
330.926,83
330.951,43
330.976,-10
331.001,-66
331.026,-97
331.051,-80
331.076,-15
331.101,68
331.126,142
331.151,193
331.176,229
331.201,263
331.226,299
331.251,326
331.276,335
331.301,330
331.326,324
331.351,331
331.376,350
331.401,367
331.426,369
331.451,349
331.476,308
331.501,247
331.526,170
331.551,93
331.576,42
331.601,40
331.626,89
331.651,169
331.676,254
331.701,323
331.726,370
331.751,391
331.776,384
331.801,349
331.826,302
331.851,266
331.876,251
331.901,244
331.926,226
331.951,193
331.976,162
332.001,148
332.026,146
332.051,129
332.076,81
332.101,22
332.126,-5
332.151,24
332.176,99
332.201,177
332.226,231
332.251,261
332.276,284
332.301,303
332.326,306
332.351,284
332.376,247
332.401,216
332.426,199
332.451,186
332.476,166
332.501,137
332.526,107
332.551,80
332.576,43
332.601,-9
332.626,-59
332.651,-75
332.676,-35
332.701,47
332.726,136
332.751,203
332.776,247
332.801,281
332.826,310
332.851,324
332.876,315
332.901,293
332.926,279
332.951,282
332.976,287
333.001,271
333.026,228
333.051,175
333.076,128
333.101,88
333.126,43
333.151,-10
333.176,-51
333.201,-51
333.226,0
333.251,82
333.276,165
333.301,227
333.326,268
333.351,297
333.376,315
333.401,317
333.426,302
333.451,280
333.476,265
333.501,260
333.526,255
333.551,243
333.576,228
333.601,216
333.626,206
333.651,185
333.676,146
333.701,95
333.726,63
333.751,75
333.776,135
333.801,217
333.826,291
333.851,340
333.876,369
333.901,387
333.926,395
333.951,386
333.976,356
334.001,314
334.026,274
334.051,243
334.076,216
334.101,185
334.126,147
334.151,106
334.176,61
334.201,8
334.226,-55
334.251,-115
334.276,-143
334.301,-116
334.326,-41
334.351,50
334.376,126
334.401,175
334.426,212
334.451,252
334.476,292
334.501,314
334.526,308
334.551,284
334.576,262
334.601,253
334.626,253
334.651,249
334.676,238
334.701,225
334.726,209
334.751,185
334.776,149
334.801,116
334.826,112
334.851,153
334.876,226
334.901,301
334.926,352
334.951,380
334.976,398
335.001,410
335.026,407
335.051,380
335.076,338
335.101,300
335.126,275
335.151,256
335.176,229
335.201,194
335.226,156
335.251,116
335.276,60
335.301,-16
335.326,-95
335.351,-131
335.376,-98
335.401,-10
335.426,86
335.451,153
335.476,186
335.501,206
335.526,228
335.551,244
335.576,240
335.601,219
335.626,195
335.651,182
335.676,178
335.701,173
335.726,159
335.751,137
335.776,107
335.801,66
335.826,19
335.851,-9
335.876,7
335.901,74
335.926,167
335.951,249
335.976,302
336.001,332
336.026,353
336.051,365
336.076,362
336.101,343
336.126,321
336.151,305
336.176,292
336.201,269
336.226,235
336.251,197
336.276,163
336.301,126
336.326,76
336.351,21
336.376,-6
336.401,20
336.426,101
336.451,205
336.476,296
336.501,359
336.526,400
336.551,423
336.576,425
336.601,404
336.626,371
336.651,339
336.676,311
336.701,282
336.726,245
336.751,206
336.776,167
336.801,122
336.826,58
336.851,-17
336.876,-71
336.901,-72
336.926,-15
336.951,68
336.976,141
337.001,189
337.026,221
337.051,246
337.076,259
337.101,253
337.126,234
337.151,215
337.176,205
337.201,194
337.226,174
337.251,150
337.276,132
337.301,118
337.326,88
337.351,35
337.376,-14
337.401,-20
337.426,36
337.451,131
337.476,215
337.501,261
337.526,278
337.551,288
337.576,295
337.601,290
337.626,269
337.651,244
337.676,232
337.701,232
337.726,230
337.751,216
337.776,192
337.801,164
337.826,126
337.851,72
337.876,14
337.901,-17
337.926,3
337.951,73
337.976,162
338.001,240
338.026,299
338.051,344
338.076,379
338.101,398
338.126,399
338.151,386
338.176,370
338.201,351
338.226,323
338.251,283
338.276,234
338.301,184
338.326,129
338.351,67
338.376,7
338.401,-22
338.426,-1
338.451,64
338.476,146
338.501,215
338.526,259
338.551,284
338.576,297
338.601,297
338.626,284
338.651,262
338.676,240
338.701,222
338.726,207
338.751,195
338.776,184
338.801,167
338.826,132
338.851,76
338.876,19
338.901,-1
338.926,32
338.951,114
338.976,207
339.001,280
339.026,327
339.051,353
339.076,365
339.101,359
339.126,334
339.151,299
339.176,268
339.201,245
339.226,226
339.251,202
339.276,172
339.301,135
339.326,87
339.351,31
339.376,-17
339.401,-33
339.426,0
339.451,72
339.476,150
339.501,209
339.526,244
339.551,263
339.576,273
339.601,274
339.626,263
339.651,247
339.676,235
339.701,227
339.726,216
339.751,199
339.776,174
339.801,143
339.826,100
339.851,47
339.876,2
339.901,-6
339.926,37
339.951,124
339.976,219
340.001,294
340.026,345
340.051,376
340.076,390
340.101,382
340.126,354
340.151,321
340.176,296
340.201,277
340.226,252
340.251,215
340.276,175
340.301,142
340.326,110
340.351,65
340.376,8
340.401,-29
340.426,-15
340.451,58
340.476,157
340.501,238
340.526,284
340.551,307
340.576,324
340.601,335
340.626,332
340.651,312
340.676,288
340.701,267
340.726,246
340.751,218
340.776,186
340.801,158
340.826,136
340.851,103
340.876,52
340.901,-2
340.926,-24
340.951,9
340.976,86
341.001,169
341.026,232
341.051,274
341.076,307
341.101,330
341.126,332
341.151,309
341.176,279
341.201,262
341.226,258
341.251,250
341.276,226
341.301,193
341.326,166
341.351,144
341.376,109
341.401,54
341.426,2
341.451,-6
341.476,44
341.501,132
341.526,214
341.551,266
341.576,297
341.601,324
341.626,346
341.651,345
341.676,317
341.701,278
341.726,256
341.751,258
341.776,265
341.801,255
341.826,224
341.851,181
341.876,131
341.901,69
341.926,-3
341.951,-64
341.976,-81
342.001,-41
342.026,35
342.051,111
342.076,163
342.101,196
342.126,222
342.151,242
342.176,243
342.201,224
342.226,200
342.251,190
342.276,195
342.301,194
342.326,175
342.351,147
342.376,134
342.401,143
342.426,156
342.451,149
342.476,124
342.501,113
342.526,145
342.551,214
342.576,288
342.601,336
342.626,355
342.651,357
342.676,351
342.701,331
342.726,294
342.751,254
342.776,232
342.801,235
342.826,243
342.851,234
342.876,201
342.901,159
342.926,122
342.951,87
342.976,48
343.001,11
343.026,3
343.051,44
343.076,129
343.101,227
343.126,312
343.151,378
343.176,429
343.201,466
343.226,481
343.251,473
343.276,452
343.301,437
343.326,431
343.351,421
343.376,398
343.401,362
343.426,325
343.451,288
343.476,240
343.501,172
343.526,94
343.551,30
343.576,-2
343.601,-5
343.626,3
343.651,11
343.676,13
343.701,13
343.726,15
343.751,21
343.776,35
343.801,54
343.826,72
343.851,76
343.876,68
343.901,60
343.926,68
343.951,87
343.976,95
344.001,77
344.026,48
344.051,42
344.076,80
344.101,150
344.126,217
344.151,255
344.176,265
344.201,263
344.226,258
344.251,246
344.276,225
344.301,198
344.326,179
344.351,169
344.376,163
344.401,152
344.426,132
344.451,103
344.476,67
344.501,26
344.526,-2
344.551,1
344.576,53
344.601,139
344.626,234
344.651,309
344.676,359
344.701,389
344.726,406
344.751,412
344.776,405
344.801,387
344.826,363
344.851,334
344.876,301
344.901,265
344.926,232
344.951,200
344.976,160
345.001,105
345.026,50
345.051,23
345.076,43
345.101,105
345.126,182
345.151,252
345.176,313
345.201,371
345.226,421
345.251,448
345.276,440
345.301,406
345.326,365
345.351,332
345.376,301
345.401,265
345.426,223
345.451,179
345.476,134
345.501,78
345.526,14
345.551,-37
345.576,-49
345.601,-7
345.626,67
345.651,143
345.676,198
345.701,232
345.726,256
345.751,270
345.776,268
345.801,247
345.826,216
345.851,188
345.876,171
345.901,161
345.926,150
345.951,130
345.976,97
346.001,56
346.026,16
346.051,-4
346.076,10
346.101,62
346.126,132
346.151,200
346.176,252
346.201,289
346.226,314
346.251,327
346.276,323
346.301,302
346.326,272
346.351,243
346.376,219
346.401,199
346.426,179
346.451,151
346.476,110
346.501,57
346.526,8
346.551,-10
346.576,14
346.601,78
346.626,157
346.651,228
346.676,284
346.701,331
346.726,365
346.751,377
346.776,359
346.801,323
346.826,289
346.851,268
346.876,252
346.901,229
346.926,198
346.951,163
346.976,124
347.001,74
347.026,13
347.051,-35
347.076,-39
347.101,15
347.126,102
347.151,181
347.176,232
347.201,263
347.226,291
347.251,314
347.276,316
347.301,289
347.326,250
347.351,223
347.376,214
347.401,209
347.426,191
347.451,161
347.476,130
347.501,100
347.526,64
347.551,20
347.576,-7
347.601,6
347.626,67
347.651,150
347.676,221
347.701,270
347.726,307
347.751,343
347.776,368
347.801,367
347.826,341
347.851,309
347.876,292
347.901,285
347.926,270
347.951,238
347.976,197
348.001,159
348.026,119
348.051,65
348.076,5
348.101,-31
348.126,-15
348.151,50
348.176,133
348.201,198
348.226,239
348.251,273
348.276,311
348.301,339
348.326,338
348.351,307
348.376,266
348.401,237
348.426,220
348.451,200
348.476,170
348.501,137
348.526,111
348.551,87
348.576,52
348.601,5
348.626,-28
348.651,-19
348.676,42
348.701,135
348.726,226
348.751,296
348.776,346
348.801,385
348.826,409
348.851,408
348.876,383
348.901,348
348.926,319
348.951,302
348.976,285
349.001,257
349.026,220
349.051,183
349.076,149
349.101,112
349.126,62
349.151,6
349.176,-30
349.201,-21
349.226,38
349.251,123
349.276,201
349.301,255
349.326,290
349.351,322
349.376,353
349.401,364
349.426,341
349.451,289
349.476,235
349.501,203
349.526,195
349.551,193
349.576,180
349.601,153
349.626,119
349.651,78
349.676,26
349.701,-23
349.726,-41
349.751,3
349.776,108
349.801,233
349.826,333
349.851,393
349.876,436
349.901,480
349.926,514
349.951,509
349.976,460
350.001,400
350.026,372
350.051,383
350.076,394
350.101,361
350.126,280
350.151,186
350.176,104
350.201,24
350.226,-83
350.251,-220
350.276,-342
350.301,-394
350.326,-360
350.351,-272
350.376,-177
350.401,-95
350.426,-19
350.451,49
350.476,91
350.501,84
350.526,35
350.551,-17
350.576,-40
350.601,-34
350.626,-23
350.651,-24
350.676,-28
350.701,-17
350.726,7
350.751,29
350.776,39
350.801,63
350.826,140
350.851,276
350.876,429
350.901,534
350.926,568
350.951,565
350.976,579
351.001,634
351.026,701
351.051,734
351.076,714
351.101,663
351.126,612
351.151,570
351.176,525
351.201,469
351.226,408
351.251,350
351.276,289
351.301,212
351.326,122
351.351,48
351.376,23
351.401,53
351.426,111
351.451,160
351.476,187
351.501,203
351.526,219
351.551,233
351.576,233
351.601,216
351.626,190
351.651,168
351.676,153
351.701,141
351.726,135
351.751,139
351.776,147
351.801,141
351.826,108
351.851,62
351.876,35
351.901,52
351.926,107
351.951,169
351.976,205
352.001,210
352.026,198
352.051,185
352.076,175
352.101,165
352.126,153
352.151,141
352.176,129
352.201,113
352.226,94
352.251,75
352.276,52
352.301,19
352.326,-28
352.351,-81
352.376,-110
352.401,-90
352.426,-21
352.451,71
352.476,158
352.501,226
352.526,274
352.551,309
352.576,329
352.601,337
352.626,335
352.651,331
352.676,326
352.701,315
352.726,292
352.751,259
352.776,218
352.801,170
352.826,113
352.851,57
352.876,25
352.901,37
352.926,93
352.951,170
352.976,239
353.001,283
353.026,304
353.051,312
353.076,311
353.101,300
353.126,281
353.151,257
353.176,233
353.201,212
353.226,192
353.251,172
353.276,149
353.301,115
353.326,72
353.351,33
353.376,18
353.401,42
353.426,100
353.451,173
353.476,241
353.501,295
353.526,334
353.551,355
353.576,352
353.601,328
353.626,295
353.651,268
353.676,250
353.701,233
353.726,213
353.751,195
353.776,183
353.801,167
353.826,133
353.851,80
353.876,35
353.901,28
353.926,72
353.951,144
353.976,210
354.001,251
354.026,266
354.051,265
354.076,254
354.101,236
354.126,217
354.151,205
354.176,203
354.201,206
354.226,210
354.251,216
354.276,223
354.301,218
354.326,185
354.351,128
354.376,81
354.401,83
354.426,139
354.451,219
354.476,282
354.501,314
354.526,332
354.551,353
354.576,369
354.601,360
354.626,325
354.651,287
354.676,267
354.701,259
354.726,239
354.751,194
354.776,138
354.801,93
354.826,59
354.851,19
354.876,-31
354.901,-70
354.926,-63
354.951,-2
354.976,86
355.001,165
355.026,216
355.051,246
355.076,267
355.101,281
355.126,282
355.151,268
355.176,245
355.201,216
355.226,179
355.251,137
355.276,103
355.301,84
355.326,68
355.351,34
355.376,-21
355.401,-72
355.426,-81
355.451,-32
355.476,49
355.501,129
355.526,189
355.551,232
355.576,267
355.601,290
355.626,298
355.651,295
355.676,291
355.701,291
355.726,285
355.751,262
355.776,231
355.801,207
355.826,192
355.851,169
355.876,125
355.901,76
355.926,60
355.951,102
355.976,187
356.001,278
356.026,350
356.051,407
356.076,459
356.101,501
356.126,511
356.151,482
356.176,431
356.201,382
356.226,339
356.251,292
356.276,237
356.301,185
356.326,150
356.351,124
356.376,83
356.401,21
356.426,-34
356.451,-46
356.476,1
356.501,83
356.526,163
356.551,219
356.576,254
356.601,276
356.626,282
356.651,272
356.676,249
356.701,228
356.726,214
356.751,199
356.776,176
356.801,147
356.826,119
356.851,89
356.876,46
356.901,-10
356.926,-57
356.951,-63
356.976,-17
357.001,61
357.026,139
357.051,200
357.076,245
357.101,280
357.126,302
357.151,306
357.176,293
357.201,275
357.226,259
357.251,241
357.276,220
357.301,204
357.326,197
357.351,190
357.376,158
357.401,90
357.426,10
357.451,-33
357.476,-12
357.501,59
357.526,139
357.551,198
357.576,234
357.601,265
357.626,291
357.651,303
357.676,295
357.701,278
357.726,272
357.751,279
357.776,287
357.801,283
357.826,267
357.851,244
357.876,212
357.901,164
357.926,106
357.951,62
357.976,62
358.001,108
358.026,174
358.051,231
358.076,271
358.101,307
358.126,345
358.151,378
358.176,390
358.201,379
358.226,356
358.251,333
358.276,310
358.301,277
358.326,230
358.351,177
358.376,121
358.401,63
358.426,1
358.451,-54
358.476,-80
358.501,-59
358.526,6
358.551,94
358.576,179
358.601,244
358.626,282
358.651,291
358.676,275
358.701,245
358.726,214
358.751,191
358.776,172
358.801,149
358.826,120
358.851,92
358.876,68
358.901,43
358.926,10
358.951,-24
358.976,-42
359.001,-22
359.026,39
359.051,130
359.076,231
359.101,326
359.126,402
359.151,449
359.176,458
359.201,439
359.226,412
359.251,395
359.276,387
359.301,371
359.326,340
359.351,302
359.376,269
359.401,237
359.426,186
359.451,108
359.476,28
359.501,-13
359.526,7
359.551,77
359.576,160
359.601,226
359.626,270
359.651,296
359.676,305
359.701,290
359.726,255
359.751,217
359.776,189
359.801,169
359.826,140
359.851,97
359.876,54
359.901,26
359.926,15
359.951,5
359.976,-13
360.001,-35
360.026,-42
360.051,-23
360.076,19
360.101,78
360.126,152
360.151,232
360.176,300
360.201,328
360.226,305
360.251,254
360.276,210
360.301,193
360.326,194
360.351,194
360.376,189
360.401,188
360.426,199
360.451,207
360.476,193
360.501,161
360.526,138
360.551,150
360.576,196
360.601,251
360.626,292
360.651,317
360.676,339
360.701,363
360.726,377
360.751,369
360.776,337
360.801,297
360.826,262
360.851,238
360.876,220
360.901,203
360.926,182
360.951,146
360.976,92
361.001,35
361.026,1
361.051,11
361.076,62
361.101,130
361.126,193
361.151,247
361.176,299
361.201,346
361.226,372
361.251,364
361.276,333
361.301,302
361.326,288
361.351,282
361.376,266
361.401,238
361.426,207
361.451,183
361.476,157
361.501,115
361.526,64
361.551,30
361.576,41
361.601,95
361.626,166
361.651,226
361.676,266
361.701,291
361.726,304
361.751,303
361.776,286
361.801,266
361.826,253
361.851,249
361.876,239
361.901,216
361.926,188
361.951,163
361.976,142
362.001,107
362.026,53
362.051,2
362.076,-9
362.101,35
362.126,118
362.151,203
362.176,266
362.201,310
362.226,346
362.251,373
362.276,376
362.301,347
362.326,296
362.351,249
362.376,215
362.401,186
362.426,144
362.451,84
362.476,14
362.501,-53
362.526,-116
362.551,-178
362.576,-237
362.601,-279
362.626,-281
362.651,-231
362.676,-142
362.701,-51
362.726,7
362.751,18
362.776,4
362.801,3
362.826,40
362.851,117
362.876,208
362.901,288
362.926,340
362.951,360
362.976,353
363.001,326
363.026,293
363.051,276
363.076,289
363.101,332
363.126,389
363.151,445
363.176,492
363.201,531
363.226,566
363.251,595
363.276,612
363.301,607
363.326,573
363.351,513
363.376,442
363.401,388
363.426,374
363.451,393
363.476,413
363.501,404
363.526,360
363.551,299
363.576,239
363.601,175
363.626,94
363.651,3
363.676,-64
363.701,-77
363.726,-36
363.751,25
363.776,74
363.801,103
363.826,128
363.851,157
363.876,177
363.901,171
363.926,144
363.951,115
363.976,99
364.001,93
364.026,85
364.051,73
364.076,64
364.101,54
364.126,27
364.151,-29
364.176,-94
364.201,-126
364.226,-93
364.251,-7
364.276,92
364.301,172
364.326,225
364.351,260
364.376,281
364.401,285
364.426,273
364.451,254
364.476,239
364.501,228
364.526,211
364.551,186
364.576,159
364.601,134
364.626,104
364.651,61
364.676,16
364.701,0
364.726,35
364.751,117
364.776,210
364.801,282
364.826,325
364.851,349
364.876,365
364.901,369
364.926,354
364.951,326
364.976,297
365.001,275
365.026,252
365.051,224
365.076,188
365.101,151
365.126,114
365.151,76
365.176,44
365.201,38
365.226,76
365.251,155
365.276,248
365.301,323
365.326,366
365.351,385
365.376,393
365.401,392
365.426,378
365.451,351
365.476,318
365.501,288
365.526,263
365.551,240
365.576,213
365.601,181
365.626,142
365.651,99
365.676,61
365.701,43
365.726,59
365.751,106
365.776,171
365.801,235
365.826,291
365.851,335
365.876,364
365.901,370
365.926,350
365.951,316
365.976,280
366.001,248
366.026,211
366.051,163
366.076,110
366.101,63
366.126,20
366.151,-35
366.176,-107
366.201,-173
366.226,-189
366.251,-133
366.276,-30
366.301,66
366.326,119
366.351,131
366.376,135
366.401,150
366.426,170
366.451,177
366.476,172
366.501,172
366.526,191
366.551,220
366.576,236
366.601,227
366.626,202
366.651,176
366.676,154
366.701,131
366.726,109
366.751,107
366.776,143
366.801,213
366.826,294
366.851,361
366.876,409
366.901,442
366.926,461
366.951,459
366.976,432
367.001,393
367.026,359
367.051,341
367.076,325
367.101,296
367.126,253
367.151,206
367.176,160
367.201,106
367.226,38
367.251,-34
367.276,-78
367.301,-70
367.326,-14
367.351,57
367.376,120
367.401,167
367.426,205
367.451,232
367.476,237
367.501,212
367.526,171
367.551,140
367.576,131
367.601,131
367.626,119
367.651,89
367.676,53
367.701,27
367.726,8
367.751,-18
367.776,-58
367.801,-91
367.826,-86
367.851,-27
367.876,71
367.901,181
367.926,278
367.951,354
367.976,410
368.001,443
368.026,450
368.051,432
368.076,406
368.101,387
368.126,381
368.151,385
368.176,392
368.201,403
368.226,420
368.251,432
368.276,418
368.301,369
368.326,302
368.351,261
368.376,273
368.401,334
368.426,409
368.451,468
368.476,508
368.501,540
368.526,562
368.551,553
368.576,501
368.601,419
368.626,340
368.651,278
368.676,215
368.701,124
368.726,1
368.751,-120
368.776,-209
368.801,-266
368.826,-319
368.851,-389
368.876,-461
368.901,-496
368.926,-473
368.951,-407
368.976,-334
369.001,-274
369.026,-217
369.051,-150
369.076,-73
369.101,-6
369.126,33
369.151,50
369.176,67
369.201,101
369.226,157
369.251,226
369.276,292
369.301,343
369.326,371
369.351,372
369.376,350
369.401,322
369.426,310
369.451,326
369.476,367
369.501,417
369.526,461
369.551,496
369.576,530
369.601,565
369.626,591
369.651,593
369.676,565
369.701,515
369.726,457
369.751,402
369.776,348
369.801,296
369.826,246
369.851,199
369.876,149
369.901,84
369.926,10
369.951,-45
369.976,-52
370.001,-2
370.026,75
370.051,142
370.076,182
370.101,204
370.126,224
370.151,242
370.176,245
370.201,229
370.226,206
370.251,192
370.276,186
370.301,174
370.326,144
370.351,103
370.376,58
370.401,14
370.426,-29
370.451,-65
370.476,-67
370.501,-22
370.526,59
370.551,145
370.576,212
370.601,257
370.626,294
370.651,322
370.676,328
370.701,305
370.726,268
370.751,239
370.776,225
370.801,214
370.826,193
370.851,163
370.876,133
370.901,104
370.926,62
370.951,9
370.976,-29
371.001,-21
371.026,41
371.051,130
371.076,208
371.101,262
371.126,307
371.151,351
371.176,382
371.201,381
371.226,349
371.251,313
371.276,295
371.301,294
371.326,289
371.351,267
371.376,233
371.401,198
371.426,156
371.451,101
371.476,39
371.501,-1
371.526,6
371.551,64
371.576,144
371.601,220
371.626,284
371.651,334
371.676,359
371.701,343
371.726,287
371.751,219
371.776,175
371.801,167
371.826,174
371.851,169
371.876,146
371.901,125
371.926,117
371.951,108
371.976,78
372.001,30
372.026,0
372.051,21
372.076,95
372.101,190
372.126,270
372.151,324
372.176,360
372.201,385
372.226,390
372.251,370
372.276,334
372.301,300
372.326,277
372.351,256
372.376,227
372.401,189
372.426,155
372.451,129
372.476,98
372.501,45
372.526,-20
372.551,-67
372.576,-62
372.601,-1
372.626,86
372.651,169
372.676,233
372.701,284
372.726,323
372.751,344
372.776,339
372.801,315
372.826,291
372.851,279
372.876,273
372.901,260
372.926,236
372.951,212
372.976,194
373.001,172
373.026,131
373.051,70
373.076,16
373.101,2
373.126,40
373.151,110
373.176,183
373.201,241
373.226,284
373.251,318
373.276,340
373.301,340
373.326,320
373.351,293
373.376,272
373.401,256
373.426,233
373.451,192
373.476,141
373.501,94
373.526,57
373.551,23
373.576,-17
373.601,-66
373.626,-102
373.651,-102
373.676,-52
373.701,37
373.726,146
373.751,249
373.776,327
373.801,375
373.826,396
373.851,396
373.876,387
373.901,372
373.926,354
373.951,328
373.976,293
374.001,249
374.026,205
374.051,168
374.076,138
374.101,103
374.126,54
374.151,-3
374.176,-47
374.201,-50
374.226,-3
374.251,76
374.276,158
374.301,220
374.326,261
374.351,290
374.376,312
374.401,326
374.426,330
374.451,326
374.476,321
374.501,315
374.526,302
374.551,282
374.576,261
374.601,245
374.626,227
374.651,196
374.676,150
374.701,111
374.726,107
374.751,146
374.776,209
374.801,268
374.826,313
374.851,352
374.876,390
374.901,415
374.926,409
374.951,372
374.976,326
375.001,295
375.026,281
375.051,266
375.076,233
375.101,181
375.126,115
375.151,35
375.176,-62
375.201,-163
375.226,-230
375.251,-230
375.276,-164
375.301,-66
375.326,23
375.351,91
375.376,146
375.401,194
375.426,225
375.451,227
375.476,204
375.501,180
375.526,171
375.551,172
375.576,167
375.601,147
375.626,123
375.651,101
375.676,74
375.701,32
375.726,-14
375.751,-32
375.776,4
375.801,94
375.826,200
375.851,288
375.876,348
375.901,391
375.926,424
375.951,439
375.976,427
376.001,393
376.026,357
376.051,333
376.076,317
376.101,300
376.126,275
376.151,247
376.176,218
376.201,184
376.226,141
376.251,100
376.276,79
376.301,92
376.326,136
376.351,192
376.376,246
376.401,296
376.426,346
376.451,387
376.476,405
376.501,390
376.526,353
376.551,319
376.576,300
376.601,290
376.626,270
376.651,232
376.676,182
376.701,135
376.726,95
376.751,49
376.776,-12
376.801,-77
376.826,-114
376.851,-98
376.876,-33
376.901,53
376.926,129
376.951,182
376.976,219
377.001,248
377.026,265
377.051,261
377.076,238
377.101,212
377.126,198
377.151,197
377.176,196
377.201,182
377.226,159
377.251,140
377.276,125
377.301,100
377.326,54
377.351,-2
377.376,-39
377.401,-26
377.426,36
377.451,126
377.476,214
377.501,287
377.526,347
377.551,395
377.576,424
377.601,426
377.626,406
377.651,379
377.676,353
377.701,328
377.726,293
377.751,246
377.776,199
377.801,163
377.826,139
377.851,108
377.876,57
377.901,-11
377.926,-71
377.951,-90
377.976,-53
378.001,26
378.026,120
378.051,203
378.076,265
378.101,311
378.126,346
378.151,368
378.176,374
378.201,366
378.226,352
378.251,341
378.276,330
378.301,310
378.326,278
378.351,237
378.376,195
378.401,154
378.426,102
378.451,34
378.476,-35
378.501,-75
378.526,-63
378.551,-1
378.576,85
378.601,175
378.626,260
378.651,343
378.676,416
378.701,459
378.726,461
378.751,440
378.776,428
378.801,436
378.826,440
378.851,404
378.876,321
378.901,226
378.926,161
378.951,130
378.976,95
379.001,18
379.026,-91
379.051,-185
379.076,-215
379.101,-179
379.126,-105
379.151,-25
379.176,50
379.201,124
379.226,189
379.251,225
379.276,222
379.301,193
379.326,165
379.351,151
379.376,145
379.401,135
379.426,121
379.451,113
379.476,115
379.501,119
379.526,108
379.551,77
379.576,41
379.601,24
379.626,43
379.651,98
379.676,176
379.701,260
379.726,334
379.751,388
379.776,419
379.801,429
379.826,420
379.851,399
379.876,372
379.901,348
379.926,333
379.951,327
379.976,319
380.001,300
380.026,268
380.051,228
380.076,179
380.101,118
380.126,49
380.151,-4
380.176,-11
380.201,39
380.226,127
380.251,213
380.276,272
380.301,310
380.326,341
380.351,367
380.376,370
380.401,341
380.426,296
380.451,262
380.476,251
380.501,243
380.526,217
380.551,174
380.576,131
380.601,101
380.626,69
380.651,21
380.676,-32
380.701,-56
380.726,-21
380.751,60
380.776,150
380.801,218
380.826,263
380.851,299
380.876,329
380.901,340
380.926,325
380.951,296
380.976,272
381.001,257
381.026,239
381.051,208
381.076,173
381.101,144
381.126,118
381.151,76
381.176,14
381.201,-40
381.226,-50
381.251,0
381.276,82
381.301,159
381.326,213
381.351,253
381.376,289
381.401,314
381.426,311
381.451,283
381.476,251
381.501,234
381.526,232
381.551,226
381.576,205
381.601,169
381.626,123
381.651,70
381.676,11
381.701,-36
381.726,-46
381.751,-2
381.776,81
381.801,172
381.826,241
381.851,279
381.876,294
381.901,294
381.926,286
381.951,279
381.976,281
382.001,292
382.026,299
382.051,286
382.076,251
382.101,200
382.126,142
382.151,79
382.176,17
382.201,-23
382.226,-22
382.251,29
382.276,113
382.301,202
382.326,284
382.351,355
382.376,417
382.401,457
382.426,462
382.451,435
382.476,392
382.501,353
382.526,321
382.551,290
382.576,256
382.601,218
382.626,174
382.651,115
382.676,43
382.701,-15
382.726,-29
382.751,13
382.776,91
382.801,171
382.826,234
382.851,284
382.876,327
382.901,352
382.926,342
382.951,302
382.976,257
383.001,231
383.026,221
383.051,206
383.076,173
383.101,129
383.126,87
383.151,47
383.176,0
383.201,-50
383.226,-72
383.251,-41
383.276,33
383.301,117
383.326,180
383.351,221
383.376,256
383.401,288
383.426,301
383.451,284
383.476,249
383.501,219
383.526,207
383.551,196
383.576,172
383.601,134
383.626,98
383.651,66
383.676,25
383.701,-30
383.726,-83
383.751,-97
383.776,-54
383.801,28
383.826,123
383.851,217
383.876,312
383.901,404
383.926,469
383.951,484
383.976,459
384.001,435
384.026,442
384.051,465
384.076,464
384.101,416
384.126,342
384.151,280
384.176,240
384.201,194
384.226,119
384.251,31
384.276,-21
384.301,-5
384.326,63
384.351,139
384.376,190
384.401,219
384.426,242
384.451,266
384.476,277
384.501,266
384.526,241
384.551,217
384.576,199
384.601,182
384.626,160
384.651,141
384.676,129
384.701,113
384.726,74
384.751,6
384.776,-60
384.801,-84
384.826,-45
384.851,40
384.876,135
384.901,218
384.926,286
384.951,345
384.976,386
385.001,392
385.026,361
385.051,312
385.076,273
385.101,254
385.126,242
385.151,222
385.176,192
385.201,161
385.226,129
385.251,85
385.276,22
385.301,-46
385.326,-85
385.351,-66
385.376,6
385.401,104
385.426,193
385.451,260
385.476,307
385.501,338
385.526,349
385.551,336
385.576,305
385.601,275
385.626,258
385.651,253
385.676,248
385.701,235
385.726,208
385.751,169
385.776,118
385.801,54
385.826,-11
385.851,-59
385.876,-65
385.901,-25
385.926,47
385.951,130
385.976,207
386.001,280
386.026,356
386.051,433
386.076,500
386.101,542
386.126,552
386.151,534
386.176,494
386.201,443
386.226,387
386.251,326
386.276,258
386.301,172
386.326,66
396.729,490
396.754,562
396.779,679
396.804,741
396.829,717
396.854,692
396.879,759
396.904,882
396.929,929
396.954,853
396.979,773
397.004,815
397.029,929
397.054,936
397.079,774
397.104,602
397.129,592
397.154,677
397.179,615
397.204,327
397.229,24
397.254,-61
397.279,-22
397.304,-175
397.329,-625
397.354,-1088
397.379,-1264
397.404,-1271
397.429,-1521
397.454,-2148
397.479,-2782
397.504,-3034
397.529,-3059
397.554,-3381
397.579,-4171
397.604,-4953
397.629,-5232
397.654,-5204
397.679,-5534
397.704,-6434
397.729,-7303
397.754,-7515
397.779,-7317
397.804,-7548
397.829,-8468
397.854,-9323
397.879,-9333
397.904,-8807
397.929,-8790
397.954,-9611
397.979,-10329
398.004,-9969
398.029,-8919
398.054,-8486
398.079,-9080
398.104,-9529
398.129,-8618
398.154,-6834
398.179,-5811
398.204,-6070
398.229,-6145
398.254,-4513
398.279,-1781
398.304,-19
398.329,106
398.354,444
398.379,2940
398.404,6824
398.429,9435
398.454,9887
398.479,10564
398.504,14027
398.529,19288
398.554,22805
398.579,23339
398.604,24089
398.629,28610
398.654,32767
398.679,32767
398.704,32767
398.729,32767
398.754,32767
398.779,32767
398.804,32767
398.829,32767
398.854,32767
398.879,32767
398.904,32767
398.929,32767
398.954,32767
398.979,13100
399.004,-32768
399.029,-32768
399.054,-32768
399.079,-32768
399.104,-32768
399.129,-32768
399.154,-32768
399.179,-32768
399.204,-32768
399.229,-32768
399.254,-32768
399.279,-32768
399.304,-32768
399.329,-31377
399.354,-25301
399.379,-23185
399.404,-23043
399.429,-20783
399.454,-15760
399.479,-11194
399.504,-9555
399.529,-9442
399.554,-7826
399.579,-4170
399.604,-864
399.629,203
399.654,73
399.679,1066
399.704,3613
399.729,5865
399.754,6339
399.779,5849
399.804,6244
399.829,7904
399.854,9384
399.879,9497
399.904,8854
399.929,8895
399.954,9902
399.979,10717
400.004,10397
400.029,9443
400.054,9029
400.079,9408
400.104,9676
400.129,9085
400.154,8032
400.179,7444
400.204,7516
400.229,7525
400.254,6865
400.279,5843
400.304,5190
400.329,5076
400.354,4959
400.379,4395
400.404,3629
400.429,3206
400.454,3206
400.479,3165
400.504,2726
400.529,2096
400.554,1716
400.579,1660
400.604,1575
400.629,1198
400.654,700
400.679,422
400.704,406
400.729,368
400.754,99
400.779,-272
400.804,-485
400.829,-500
400.854,-518
400.879,-675
400.904,-856
400.929,-867
400.954,-701
400.979,-543
401.004,-522
401.029,-565
401.054,-529
401.079,-406
401.104,-319
401.129,-348
401.154,-420
401.179,-416
401.204,-328
401.229,-258
401.254,-275
401.279,-333
401.304,-338
401.329,-284
401.354,-246
401.379,-278
401.404,-332
401.429,-315
401.454,-199
401.479,-46
401.504,71
401.529,153
401.554,227
401.579,272
401.604,304
401.629,321
401.654,317
401.679,297
401.704,274
401.729,258
401.754,248
401.779,235
401.804,210
401.829,176
401.854,141
401.879,105
401.904,59
401.929,-1
401.954,-61
401.979,-86
402.004,-53
402.029,31
402.054,130
402.079,211
402.104,264
402.129,305
402.154,344
402.179,370
402.204,365
402.229,331
402.254,291
402.279,268
402.304,261
402.329,250
402.354,218
402.379,172
402.404,133
402.429,103
402.454,69
402.479,21
402.504,-24
402.529,-30
402.554,23
402.579,120
402.604,219
402.629,292
402.654,341
402.679,382
402.704,418
402.729,435
402.754,420
402.779,382
402.804,345
402.829,323
402.854,307
402.879,282
402.904,245
402.929,205
402.954,168
402.979,127
403.004,70
403.029,5
403.054,-34
403.079,-21
403.104,44
403.129,132
403.154,209
403.179,263
403.204,304
403.229,339
403.254,361
403.279,360
403.304,334
403.329,299
403.354,268
403.379,242
403.404,211
403.429,173
403.454,137
403.479,109
403.504,79
403.529,31
403.554,-33
403.579,-88
403.604,-97
403.629,-47
403.654,37
403.679,119
403.704,178
403.729,217
403.754,251
403.779,279
403.804,287
403.829,271
403.854,248
403.879,237
403.904,245
403.929,255
403.954,248
403.979,222
404.004,189
404.029,157
404.054,120
404.079,70
404.104,20
404.129,0
404.154,30
404.179,107
404.204,199
404.229,275
404.254,330
404.279,371
404.304,401
404.329,412
404.354,394
404.379,352
404.404,303
404.429,262
404.454,230
404.479,198
404.504,158
404.529,110
404.554,58
404.579,4
404.604,-43
404.629,-66
404.654,-48
404.679,14
404.704,104
404.729,193
404.754,260
404.779,303
404.804,326
404.829,329
404.854,308
404.879,269
404.904,226
404.929,197
404.954,184
404.979,174
405.004,158
405.029,140
405.054,131
405.079,131
405.104,124
405.129,99
405.154,62
405.179,42
405.204,64
405.229,131
405.254,225
405.279,324
405.304,416
405.329,490
405.354,535
405.379,539
405.404,502
405.429,445
405.454,394
405.479,359
405.504,331
405.529,300
405.554,264
405.579,232
405.604,202
405.629,158
405.654,88
405.679,7
405.704,-53
405.729,-62
405.754,-19
405.779,51
405.804,124
405.829,186
405.854,237
405.879,272
405.904,277
405.929,249
405.954,204
405.979,167
406.004,153
406.029,154
406.054,154
406.079,145
406.104,129
406.129,104
406.154,65
406.179,7
406.204,-52
406.229,-82
406.254,-61
406.279,3
406.304,80
406.329,142
406.354,184
406.379,216
406.404,241
406.429,248
406.454,229
406.479,189
406.504,148
406.529,116
406.554,88
406.579,52
406.604,6
406.629,-43
406.654,-91
406.679,-138
406.704,-187
406.729,-219
406.754,-202
406.779,-113
406.804,36
406.829,211
406.854,372
406.879,503
406.904,610
406.929,697
406.954,757
406.979,779
407.004,768
407.029,743
407.054,716
407.079,682
407.104,624
407.129,538
407.154,441
407.179,351
407.204,272
407.229,191
407.254,103
407.279,26
407.304,-11
407.329,3
407.354,55
407.379,112
407.404,157
407.429,190
407.454,216
407.479,231
407.504,225
407.529,198
407.554,166
407.579,146
407.604,138
407.629,130
407.654,111
407.679,83
407.704,53
407.729,23
407.754,-15
407.779,-61
407.804,-97
407.829,-98
407.854,-56
407.879,15
407.904,93
407.929,163
407.954,221
407.979,261
408.004,277
408.029,265
408.054,238
408.079,216
408.104,208
408.129,206
408.154,195
408.179,173
408.204,145
408.229,115
408.254,76
408.279,24
408.304,-22
408.329,-32
408.354,11
408.379,93
408.404,175
408.429,233
408.454,271
408.479,306
408.504,339
408.529,354
408.554,340
408.579,306
408.604,274
408.629,255
408.654,241
408.679,223
408.704,203
408.729,187
408.754,169
408.779,131
408.804,71
408.829,17
408.854,12
408.879,69
408.904,161
408.929,243
408.954,293
408.979,323
409.004,357
409.029,398
409.054,435
409.079,458
409.104,473
409.129,490
409.154,502
409.179,495
409.204,465
409.229,419
409.254,365
409.279,296
409.304,207
409.329,113
409.354,52
409.379,50
409.404,96
409.429,145
409.454,164
409.479,162
409.504,164
409.529,177
409.554,178
409.579,141
409.604,73
409.629,13
409.654,-14
409.679,-20
409.704,-28
409.729,-50
409.754,-70
409.779,-76
409.804,-79
409.829,-103
409.854,-139
409.879,-148
409.904,-88
409.929,39
409.954,180
409.979,277
410.004,309
410.029,303
410.054,296
410.079,302
410.104,312
410.129,309
410.154,293
410.179,273
410.204,264
410.229,267
410.254,272
410.279,264
410.304,228
410.329,167
410.354,106
410.379,79
410.404,105
410.429,179
410.454,271
410.479,350
410.504,401
410.529,421
410.554,416
410.579,393
410.604,366
410.629,345
410.654,335
410.679,326
410.704,306
410.729,273
410.754,237
410.779,206
410.804,171
410.829,117
410.854,45
410.879,-14
410.904,-28
410.929,16
410.954,95
410.979,167
411.004,208
411.029,221
411.054,221
411.079,219
411.104,218
411.129,216
411.154,212
411.179,206
411.204,193
411.229,169
411.254,137
411.279,103
411.304,70
411.329,35
411.354,-2
411.379,-32
411.404,-36
411.429,1
411.454,75
411.479,163
411.504,242
411.529,298
411.554,326
411.579,332
411.604,323
411.629,310
411.654,301
411.679,295
411.704,284
411.729,261
411.754,227
411.779,186
411.804,141
411.829,95
411.854,51
411.879,21
411.904,21
411.929,58
411.954,122
411.979,193
412.004,255
412.029,299
412.054,322
412.079,325
412.104,312
412.129,292
412.154,272
412.179,256
412.204,242
412.229,227
412.254,211
412.279,192
412.304,163
412.329,117
412.354,64
412.379,30
412.404,43
412.429,110
412.454,204
412.479,286
412.504,333
412.529,349
412.554,348
412.579,338
412.604,317
412.629,283
412.654,243
412.679,209
412.704,186
412.729,165
412.754,134
412.779,92
412.804,50
412.829,22
412.854,19
412.879,43
412.904,89
412.929,151
412.954,220
412.979,286
413.004,340
413.029,374
413.054,384
413.079,373
413.104,349
413.129,321
413.154,296
413.179,279
413.204,266
413.229,252
413.254,231
413.279,192
413.304,133
413.329,63
413.354,5
413.379,-15
413.404,12
413.429,76
413.454,150
413.479,210
413.504,244
413.529,254
413.554,246
413.579,223
413.604,188
413.629,145
413.654,101
413.679,63
413.704,36
413.729,19
413.754,7
413.779,-10
413.804,-44
413.829,-89
413.854,-125
413.879,-125
413.904,-74
413.929,15
413.954,118
413.979,207
414.004,272
414.029,311
414.054,332
414.079,339
414.104,337
414.129,330
414.154,323
414.179,316
414.204,312
414.229,311
414.254,312
414.279,307
414.304,290
414.329,268
414.354,260
414.379,286
414.404,342
414.429,407
414.454,453
414.479,471
414.504,469
414.529,454
414.554,424
414.579,371
414.604,298
414.629,226
414.654,169
414.679,126
414.704,81
414.729,23
414.754,-45
414.779,-109
414.804,-157
414.829,-181
414.854,-170
414.879,-115
414.904,-18
414.929,91
414.954,177
414.979,216
415.004,221
415.029,221
415.054,234
415.079,254
415.104,265
415.129,258
415.154,242
415.179,226
415.204,209
415.229,184
415.254,148
415.279,107
415.304,77
415.329,70
415.354,96
415.379,156
415.404,240
415.429,325
415.454,385
415.479,406
415.504,396
415.529,377
415.554,363
415.579,350
415.604,331
415.629,305
415.654,279
415.679,255
415.704,216
415.729,147
415.754,54
415.779,-30
415.804,-67
415.829,-40
415.854,32
415.879,114
415.904,178
415.929,218
415.954,240
415.979,252
416.004,256
416.029,251
416.054,240
416.079,226
416.104,214
416.129,209
416.154,208
416.179,204
416.204,185
416.229,146
416.254,97
416.279,62
416.304,65
416.329,113
416.354,189
416.379,264
416.404,317
416.429,340
416.454,342
416.479,334
416.504,321
416.529,304
416.554,280
416.579,253
416.604,228
416.629,207
416.654,187
416.679,157
416.704,112
416.729,55
416.754,7
416.779,-9
416.804,19
416.829,84
416.854,161
416.879,226
416.904,262
416.929,272
416.954,265
416.979,253
417.004,237
417.029,218
417.054,192
417.079,164
417.104,140
417.129,121
417.154,100
417.179,65
417.204,14
417.229,-38
417.254,-67
417.279,-51
417.304,7
417.329,88
417.354,161
417.379,209
417.404,232
417.429,241
417.454,248
417.479,255
417.504,261
417.529,260
417.554,251
417.579,241
417.604,235
417.629,232
417.654,220
417.679,186
417.704,137
417.729,97
417.754,98
417.779,150
417.804,235
417.829,320
417.854,384
417.879,424
417.904,446
417.929,453
417.954,446
417.979,429
418.004,413
418.029,404
418.054,401
418.079,399
418.104,394
418.129,388
418.154,375
418.179,345
418.204,293
418.229,233
418.254,189
418.279,178
418.304,196
418.329,217
418.354,220
418.379,200
418.404,166
418.429,126
418.454,87
418.479,52
418.504,25
418.529,7
418.554,-9
418.579,-28
418.604,-46
418.629,-57
418.654,-63
418.679,-76
418.704,-102
418.729,-125
418.754,-118
418.779,-61
418.804,33
418.829,133
418.854,212
418.879,265
418.904,300
418.929,321
418.954,325
418.979,311
419.004,290
419.029,275
419.054,270
419.079,264
419.104,248
419.129,220
419.154,184
419.179,143
419.204,98
419.229,61
419.254,49
419.279,81
419.304,153
419.329,243
419.354,317
419.379,360
419.404,370
419.429,361
419.454,342
419.479,316
419.504,283
419.529,246
419.554,213
419.579,189
419.604,173
419.629,154
419.654,121
419.679,71
419.704,19
419.729,-8
419.754,4
419.779,60
419.804,141
419.829,221
419.854,284
419.879,323
419.904,337
419.929,333
419.954,316
419.979,293
420.004,270
420.029,248
420.054,227
420.079,213
420.104,208
420.129,209
420.154,199
420.179,168
420.204,126
420.229,102
420.254,121
420.279,183
420.304,256
420.329,303
420.354,311
420.379,298
420.404,285
420.429,278
420.454,264
420.479,234
420.504,195
420.529,168
420.554,158
420.579,152
420.604,125
420.629,71
420.654,10
420.679,-26
420.704,-16
420.729,38
420.754,119
420.779,205
420.804,280
420.829,334
420.854,360
420.879,358
420.904,334
420.929,301
420.954,269
420.979,243
421.004,225
421.029,211
421.054,197
421.079,172
421.104,128
421.129,68
421.154,13
421.179,-6
421.204,21
421.229,90
421.254,174
421.279,248
421.304,304
421.329,341
421.354,360
421.379,360
421.404,342
421.429,310
421.454,275
421.479,242
421.504,212
421.529,185
421.554,160
421.579,130
421.604,84
421.629,25
421.654,-27
421.679,-41
421.704,2
421.729,87
421.754,176
421.779,239
421.804,275
421.829,297
421.854,312
421.879,312
421.904,292
421.929,262
421.954,241
421.979,234
422.004,228
422.029,207
422.054,169
422.079,130
422.104,98
422.129,64
422.154,17
422.179,-36
422.204,-67
422.229,-48
422.254,17
422.279,103
422.304,179
422.329,233
422.354,273
422.379,304
422.404,321
422.429,316
422.454,294
422.479,274
422.504,275
422.529,298
422.554,328
422.579,343
422.604,330
422.629,296
422.654,254
422.679,216
422.704,181
422.729,137
422.754,80
422.779,22
422.804,-13
422.829,-4
422.854,51
422.879,134
422.904,217
422.929,282
422.954,325
422.979,350
423.004,363
423.029,367
423.054,362
423.079,348
423.104,325
423.129,298
423.154,273
423.179,258
423.204,248
423.229,230
423.254,194
423.279,145
423.304,100
423.329,67
423.354,40
423.379,2
423.404,-48
423.429,-91
423.454,-91
423.479,-37
423.504,53
423.529,146
423.554,218
423.579,264
423.604,294
423.629,316
423.654,326
423.679,322
423.704,309
423.729,298
423.754,294
423.779,293
423.804,287
423.829,266
423.854,234
423.879,201
423.904,177
423.929,157
423.954,131
423.979,87
424.004,33
424.029,-4
424.054,0
424.079,51
424.104,131
424.129,206
424.154,261
424.179,298
424.204,328
424.229,348
424.254,350
424.279,329
424.304,302
424.329,283
424.354,276
424.379,264
424.404,235
424.429,193
424.454,156
424.479,131
424.504,102
424.529,55
424.554,-2
424.579,-38
424.604,-20
424.629,47
424.654,133
424.679,205
424.704,251
424.729,279
424.754,297
424.779,304
424.804,297
424.829,281
424.854,264
424.879,250
424.904,234
424.929,212
424.954,186
424.979,164
425.004,141
425.029,104
425.054,46
425.079,-12
425.104,-36
425.129,-3
425.154,73
425.179,162
425.204,232
425.229,280
425.254,314
425.279,338
425.304,346
425.329,332
425.354,306
425.379,284
425.404,271
425.429,258
425.454,239
425.479,215
425.504,193
425.529,168
425.554,126
425.579,61
425.604,0
425.629,-23
425.654,16
425.679,101
425.704,194
425.729,264
425.754,309
425.779,342
425.804,368
425.829,376
425.854,357
425.879,321
425.904,290
425.929,272
425.954,259
425.979,236
426.004,199
426.029,159
426.054,122
426.079,81
426.104,23
426.129,-44
426.154,-92
426.179,-88
426.204,-24
426.229,72
426.254,163
426.279,227
426.304,268
426.329,302
426.354,329
426.379,341
426.404,329
426.429,302
426.454,278
426.479,267
426.504,263
426.529,249
426.554,218
426.579,179
426.604,145
426.629,117
426.654,81
426.679,24
426.704,-40
426.729,-79
426.754,-62
426.779,12
426.804,118
426.829,219
426.854,294
426.879,347
426.904,389
426.929,423
426.954,440
426.979,433
427.004,410
427.029,387
427.054,377
427.079,374
427.104,363
427.129,336
427.154,295
427.179,255
427.204,223
427.229,193
427.254,154
427.279,105
427.304,58
427.329,23
427.354,-2
427.379,-38
427.404,-95
427.429,-156
427.454,-182
427.479,-144
427.504,-47
427.529,72
427.554,176
427.579,250
427.604,303
427.629,346
427.654,379
427.679,395
427.704,392
427.729,383
427.754,378
427.779,378
427.804,377
427.829,367
427.854,350
427.879,328
427.904,300
427.929,268
427.954,231
427.979,194
428.004,158
428.029,122
428.054,85
428.079,50
428.104,17
428.129,-19
428.154,-67
428.179,-117
428.204,-139
428.229,-104
428.254,-12
428.279,104
428.304,201
428.329,259
428.354,291
428.379,316
428.404,340
428.429,351
428.454,344
428.479,330
428.504,323
428.529,326
428.554,327
428.579,317
428.604,295
428.629,271
428.654,245
428.679,212
428.704,174
428.729,138
428.754,109
428.779,79
428.804,34
428.829,-23
428.854,-65
428.879,-59
428.904,3
428.929,98
428.954,186
428.979,248
429.004,287
429.029,315
429.054,337
429.079,347
429.104,342
429.129,328
429.154,315
429.179,306
429.204,298
429.229,286
429.254,268
429.279,244
429.304,212
429.329,175
429.354,138
429.379,105
429.404,69
429.429,24
429.454,-25
429.479,-55
429.504,-39
429.529,26
429.554,118
429.579,200
429.604,253
429.629,284
429.654,308
429.679,328
429.704,336
429.729,326
429.754,305
429.779,288
429.804,282
429.829,280
429.854,266
429.879,236
429.904,199
429.929,169
429.954,147
429.979,123
430.004,83
430.029,27
430.054,-24
430.079,-42
430.104,-7
430.129,72
430.154,166
430.179,240
430.204,281
430.229,300
430.254,313
430.279,327
430.304,332
430.329,321
430.354,298
430.379,279
430.404,271
430.429,268
430.454,254
430.479,223
430.504,187
430.529,157
430.554,133
430.579,98
430.604,45
430.629,-11
430.654,-40
430.679,-15
430.704,57
430.729,149
430.754,227
430.779,279
430.804,309
430.829,325
430.854,332
430.879,328
430.904,315
430.929,302
430.954,296
430.979,295
431.004,288
431.029,266
431.054,232
431.079,195
431.104,164
431.129,135
431.154,99
431.179,50
431.204,2
431.229,-19
431.254,4
431.279,71
431.304,157
431.329,233
431.354,283
431.379,309
431.404,319
431.429,321
431.454,312
431.479,294
431.504,274
431.529,261
431.554,255
431.579,247
431.604,227
431.629,196
431.654,167
431.679,147
431.704,127
431.729,93
431.754,42
431.779,-7
431.804,-23
431.829,12
431.854,88
431.879,173
431.904,238
431.929,275
431.954,296
431.979,309
432.004,313
432.029,304
432.054,286
432.079,272
432.104,269
432.129,271
432.154,264
432.179,238
432.204,201
432.229,168
432.254,146
432.279,121
432.304,81
432.329,28
432.354,-13
432.379,-15
432.404,31
432.429,109
432.454,187
432.479,243
432.504,276
432.529,295
432.554,307
432.579,308
432.604,297
432.629,279
432.654,265
432.679,260
432.704,257
432.729,243
432.754,215
432.779,180
432.804,150
432.829,124
432.854,89
432.879,39
432.904,-10
432.929,-30
432.954,0
432.979,75
433.004,161
433.029,227
433.054,266
433.079,292
433.104,317
433.129,336
433.154,337
433.179,317
433.204,292
433.229,281
433.254,282
433.279,277
433.304,252
433.329,215
433.354,180
433.379,155
433.404,126
433.429,76
433.454,15
433.479,-27
433.504,-22
433.529,33
433.554,114
433.579,190
433.604,249
433.629,292
433.654,325
433.679,344
433.704,345
433.729,331
433.754,312
433.779,297
433.804,287
433.829,278
433.854,264
433.879,242
433.904,212
433.929,177
433.954,142
433.979,111
434.004,78
434.029,35
434.054,-17
434.079,-60
434.104,-65
434.129,-18
434.154,65
434.179,152
434.204,218
434.229,263
434.254,300
434.279,333
434.304,354
434.329,352
434.354,336
434.379,322
434.404,320
434.429,323
434.454,316
434.479,298
434.504,275
434.529,249
434.554,217
434.579,174
434.604,129
434.629,93
434.654,65
434.679,30
434.704,-20
434.729,-69
434.754,-81
434.779,-36
434.804,53
434.829,147
434.854,217
434.879,262
434.904,297
434.929,328
434.954,348
434.979,346
435.004,331
435.029,319
435.054,319
435.079,321
435.104,314
435.129,295
435.154,269
435.179,243
435.204,218
435.229,189
435.254,159
435.279,128
435.304,91
435.329,42
435.354,-10
435.379,-45
435.404,-37
435.429,22
435.454,110
435.479,193
435.504,249
435.529,278
435.554,295
435.579,306
435.604,309
435.629,302
435.654,287
435.679,276
435.704,272
435.729,272
435.754,266
435.779,247
435.804,216
435.829,183
435.854,155
435.879,131
435.904,102
435.929,59
435.954,10
435.979,-19
436.004,-3
436.029,60
436.054,151
436.079,231
436.104,279
436.129,301
436.154,312
436.179,323
436.204,325
436.229,311
436.254,286
436.279,265
436.304,257
436.329,256
436.354,244
436.379,215
436.404,178
436.429,146
436.454,119
436.479,85
436.504,33
436.529,-22
436.554,-52
436.579,-32
436.604,37
436.629,128
436.654,208
436.679,260
436.704,290
436.729,310
436.754,325
436.779,328
436.804,316
436.829,295
436.854,279
436.879,273
436.904,268
436.929,252
436.954,223
436.979,190
437.004,161
437.029,132
437.054,91
437.079,35
437.104,-16
437.129,-35
437.154,-4
437.179,65
437.204,150
437.229,224
437.254,280
437.279,318
437.304,342
437.329,353
437.354,351
437.379,339
437.404,322
437.429,306
437.454,292
437.479,281
437.504,267
437.529,242
437.554,204
437.579,162
437.604,125
437.629,95
437.654,61
437.679,14
437.704,-39
437.729,-69
437.754,-49
437.779,23
437.804,118
437.829,203
437.854,263
437.879,302
437.904,331
437.929,351
437.954,354
437.979,342
438.004,325
438.029,314
438.054,307
438.079,300
438.104,287
438.129,267
438.154,240
438.179,205
438.204,165
438.229,129
438.254,99
438.279,69
438.304,27
438.329,-26
438.354,-68
438.379,-66
438.404,-7
438.429,87
438.454,180
438.479,246
438.504,284
438.529,310
438.554,330
438.579,340
438.604,337
438.629,324
438.654,309
438.679,300
438.704,293
438.729,284
438.754,270
438.779,248
438.804,218
438.829,184
438.854,151
438.879,122
438.904,90
438.929,47
438.954,-6
438.979,-47
439.004,-45
439.029,11
439.054,102
439.079,192
439.104,254
439.129,288
439.154,310
439.179,327
439.204,335
439.229,329
439.254,312
439.279,296
439.304,288
439.329,284
439.354,272
439.379,250
439.404,218
439.429,185
439.454,154
439.479,126
439.504,94
439.529,54
439.554,8
439.579,-30
439.604,-41
439.629,-8
439.654,65
439.679,154
439.704,231
439.729,279
439.754,306
439.779,322
439.804,332
439.829,332
439.854,319
439.879,302
439.904,292
439.929,293
439.954,293
439.979,280
440.004,251
440.029,216
440.054,185
440.079,160
440.104,130
440.129,85
440.154,29
440.179,-14
440.204,-23
440.229,15
440.254,90
440.279,175
440.304,243
440.329,284
440.354,303
440.379,310
440.404,308
440.429,299
440.454,282
440.479,266
440.504,258
440.529,258
440.554,255
440.579,240
440.604,212
440.629,183
440.654,158
440.679,132
440.704,95
440.729,44
440.754,-1
440.779,-15
440.804,17
440.829,90
440.854,173
440.879,241
440.904,282
440.929,301
440.954,306
440.979,303
441.004,293
441.029,277
441.054,264
441.079,256
441.104,250
441.129,239
441.154,217
441.179,189
441.204,164
441.229,142
441.254,114
441.279,69
441.304,18
441.329,-12
441.354,4
441.379,70
441.404,159
441.429,234
441.454,278
441.479,297
441.504,307
441.529,312
441.554,308
441.579,291
441.604,270
441.629,258
441.654,255
441.679,249
441.704,228
441.729,196
441.754,166
441.779,143
441.804,114
441.829,67
441.854,10
441.879,-24
441.904,-8
441.929,58
441.954,145
441.979,216
442.004,261
442.029,288
442.054,309
442.079,320
442.104,314
442.129,293
442.154,275
442.179,271
442.204,275
442.229,268
442.254,241
442.279,203
442.304,170
442.329,147
442.354,118
442.379,71
442.404,15
442.429,-21
442.454,-14
442.479,38
442.504,116
442.529,191
442.554,249
442.579,288
442.604,316
442.629,336
442.654,346
442.679,342
442.704,324
442.729,301
442.754,280
442.779,263
442.804,244
442.829,218
442.854,187
442.879,158
442.904,137
442.929,115
442.954,78
442.979,26
443.004,-19
443.029,-29
443.054,11
443.079,86
443.104,167
443.129,231
443.154,275
443.179,309
443.204,334
443.229,346
443.254,343
443.279,330
443.304,317
443.329,309
443.354,303
443.379,294
443.404,276
443.429,249
443.454,217
443.479,182
443.504,151
443.529,123
443.554,92
443.579,49
443.604,-2
443.629,-41
443.654,-41
443.679,6
443.704,83
443.729,159
443.754,215
443.779,253
443.804,282
443.829,305
443.854,318
443.879,316
443.904,306
443.929,296
443.954,290
443.979,284
444.004,273
444.029,257
444.054,235
444.079,208
444.104,177
444.129,149
444.154,125
444.179,101
444.204,68
444.229,24
444.254,-10
444.279,-10
444.304,35
444.329,110
444.354,183
444.379,233
444.404,263
444.429,286
444.454,304
444.479,312
444.504,305
444.529,292
444.554,284
444.579,286
444.604,286
444.629,274
444.654,250
444.679,223
444.704,198
444.729,173
444.754,145
444.779,115
444.804,83
444.829,45
444.854,4
444.879,-26
444.904,-24
444.929,21
444.954,98
444.979,176
445.004,232
445.029,267
445.054,294
445.079,321
445.104,339
445.129,338
445.154,322
445.179,305
445.204,298
445.229,296
445.254,286
445.279,264
445.304,237
445.329,210
445.354,184
445.379,156
445.404,123
445.429,87
445.454,48
445.479,7
445.504,-27
445.529,-40
445.554,-13
445.579,50
445.604,129
445.629,199
445.654,248
445.679,284
445.704,316
445.729,341
445.754,350
445.779,342
445.804,329
445.829,326
445.854,332
445.879,331
445.904,313
445.929,282
445.954,253
445.979,230
446.004,206
446.029,171
446.054,130
446.079,97
446.104,76
446.129,55
446.154,18
446.179,-34
446.204,-75
446.229,-75
446.254,-24
446.279,57
446.304,139
446.329,203
446.354,251
446.379,291
446.404,327
446.429,353
446.454,364
446.479,361
446.504,354
446.529,350
446.554,350
446.579,347
446.604,337
446.629,317
446.654,291
446.679,264
446.704,238
446.729,209
446.754,174
446.779,136
446.804,102
446.829,75
446.854,46
446.879,3
446.904,-49
446.929,-86
446.954,-79
446.979,-18
447.004,70
447.029,152
447.054,208
447.079,248
447.104,284
447.129,317
447.154,334
447.179,330
447.204,317
447.229,314
447.254,325
447.279,333
447.304,323
447.329,300
447.354,276
447.379,255
447.404,224
447.429,172
447.454,110
447.479,58
447.504,29
447.529,8
447.554,-21
447.579,-54
447.604,-60
447.629,-15
447.654,73
447.679,168
447.704,240
447.729,281
447.754,309
447.779,334
447.804,355
447.829,363
447.854,358
447.879,348
447.904,339
447.929,327
447.954,308
447.979,280
448.004,248
448.029,215
448.054,181
448.079,144
448.104,108
448.129,72
448.154,33
448.179,-11
448.204,-48
448.229,-54
448.254,-11
448.279,72
448.304,164
448.329,237
448.354,282
448.379,310
448.404,336
448.429,360
448.454,372
448.479,369
448.504,359
448.529,351
448.554,347
448.579,339
448.604,318
448.629,285
448.654,245
448.679,209
448.704,180
448.729,152
448.754,116
448.779,68
448.804,14
448.829,-25
448.854,-29
448.879,10
448.904,80
448.929,152
448.954,204
448.979,233
449.004,246
449.029,256
449.054,265
449.079,271
449.104,272
449.129,270
449.154,269
449.179,268
449.204,263
449.229,252
449.254,232
449.279,203
449.304,165
449.329,119
449.354,65
449.379,5
449.404,-55
449.429,-103
449.454,-118
449.479,-87
449.504,-15
449.529,73
449.554,150
449.579,199
449.604,229
449.629,256
449.654,287
449.679,313
449.704,325
449.729,323
449.754,325
449.779,340
449.804,362
449.829,372
449.854,357
449.879,323
449.904,283
449.929,248
449.954,212
449.979,163
450.004,106
450.029,61
450.054,55
450.079,96
450.104,168
450.129,239
450.154,286
450.179,305
450.204,310
450.229,311
450.254,307
450.279,292
450.304,267
450.329,245
450.354,234
450.379,231
450.404,224
450.429,201
450.454,169
450.479,137
450.504,110
450.529,77
450.554,31
450.579,-16
450.604,-41
450.629,-19
450.654,45
450.679,126
450.704,198
450.729,248
450.754,282
450.779,305
450.804,314
450.829,304
450.854,281
450.879,259
450.904,248
450.929,241
450.954,227
450.979,200
451.004,168
451.029,143
451.054,123
451.079,96
451.104,55
451.129,15
451.154,3
451.179,35
451.204,104
451.229,181
451.254,242
451.279,280
451.304,305
451.329,323
451.354,331
451.379,324
451.404,306
451.429,288
451.454,278
451.479,271
451.504,254
451.529,224
451.554,191
451.579,167
451.604,145
451.629,111
451.654,55
451.679,-5
451.704,-39
451.729,-20
451.754,43
451.779,124
451.804,195
451.829,248
451.854,287
451.879,317
451.904,338
451.929,343
451.954,335
451.979,319
452.004,300
452.029,283
452.054,269
452.079,256
452.104,239
452.129,212
452.154,177
452.179,141
452.204,111
452.229,83
452.254,44
452.279,-8
452.304,-58
452.329,-71
452.354,-26
452.379,62
452.404,157
452.429,227
452.454,272
452.479,309
452.504,351
452.529,388
452.554,404
452.579,393
452.604,369
452.629,352
452.654,346
452.679,343
452.704,332
452.729,311
452.754,283
452.779,253
452.804,221
452.829,190
452.854,157
452.879,122
452.904,86
452.929,54
452.954,27
452.979,1
453.004,-34
453.029,-81
453.054,-121
453.079,-125
453.104,-76
453.129,13
453.154,112
453.179,191
453.204,244
453.229,285
453.254,324
453.279,357
453.304,373
453.329,372
453.354,365
453.379,362
453.404,364
453.429,363
453.454,355
453.479,340
453.504,321
453.529,299
453.554,274
453.579,247
453.604,218
453.629,187
453.654,154
453.679,119
453.704,91
453.729,68
453.754,43
453.779,4
453.804,-42
453.829,-69
453.854,-51
453.879,17
453.904,112
453.929,199
453.954,258
453.979,293
454.004,318
454.029,335
454.054,336
454.079,319
454.104,295
454.129,279
454.154,276
454.179,279
454.204,276
454.229,262
454.254,243
454.279,226
454.304,213
454.329,198
454.354,175
454.379,144
454.404,111
454.429,83
454.454,60
454.479,35
454.504,2
454.529,-34
454.554,-59
454.579,-50
454.604,2
454.629,85
454.654,171
454.679,237
454.704,279
454.729,309
454.754,336
454.779,359
454.804,366
454.829,358
454.854,344
454.879,338
454.904,341
454.929,342
454.954,329
454.979,303
455.004,275
455.029,249
455.054,223
455.079,192
455.104,155
455.129,122
455.154,95
455.179,67
455.204,28
455.229,-19
455.254,-54
455.279,-48
455.304,5
455.329,89
455.354,168
455.379,222
455.404,256
455.429,283
455.454,308
455.479,325
455.504,326
455.529,315
455.554,307
455.579,309
455.604,313
455.629,310
455.654,294
455.679,271
455.704,249
455.729,225
455.754,196
455.779,164
455.804,136
455.829,113
455.854,86
455.879,44
455.904,-6
455.929,-39
455.954,-29
455.979,25
456.004,106
456.029,182
456.054,238
456.079,276
456.104,301
456.129,315
456.154,319
456.179,316
456.204,310
456.229,306
456.254,301
456.279,293
456.304,281
456.329,265
456.354,245
456.379,218
456.404,187
456.429,158
456.454,132
456.479,105
456.504,68
456.529,24
456.554,-7
456.579,-5
456.604,38
456.629,110
456.654,181
456.679,232
456.704,264
456.729,283
456.754,294
456.779,295
456.804,283
456.829,266
456.854,253
456.879,250
456.904,252
456.929,247
456.954,231
456.979,207
457.004,180
457.029,155
457.054,130
457.079,97
457.104,54
457.129,11
457.154,-13
457.179,-2
457.204,48
457.229,124
457.254,199
457.279,252
457.304,281
457.329,296
457.354,307
457.379,315
457.404,314
457.429,303
457.454,292
457.479,288
457.504,288
457.529,284
457.554,264
457.579,233
457.604,197
457.629,164
457.654,128
457.679,84
457.704,39
457.729,12
457.754,21
457.779,69
457.804,142
457.829,219
457.854,288
457.879,347
457.904,396
457.929,428
457.954,436
457.979,420
458.004,387
458.029,350
458.054,314
458.079,272
458.104,219
458.129,160
458.154,111
458.179,82
458.204,65
458.229,38
458.254,-11
458.279,-75
458.304,-122
458.329,-121
458.354,-64
458.379,25
458.404,113
458.429,176
458.454,212
458.479,236
458.504,257
458.529,271
458.554,273
458.579,264
458.604,253
458.629,249
458.654,249
458.679,244
458.704,227
458.729,206
458.754,189
458.779,176
458.804,156
458.829,121
458.854,81
458.879,60
458.904,77
458.929,130
458.954,195
458.979,249
459.004,283
459.029,306
459.054,322
459.079,329
459.104,322
459.129,304
459.154,289
459.179,285
459.204,284
459.229,275
459.254,252
459.279,224
459.304,199
459.329,178
459.354,150
459.379,110
459.404,67
459.429,41
459.454,47
459.479,85
459.504,140
459.529,195
459.554,237
459.579,265
459.604,280
459.629,287
459.654,284
459.679,274
459.704,260
459.729,246
459.754,236
459.779,229
459.804,217
459.829,198
459.854,174
459.879,151
459.904,130
459.929,105
459.954,67
459.979,25
460.004,0
460.029,10
460.054,60
460.079,129
460.104,192
460.129,236
460.154,265
460.179,287
460.204,302
460.229,305
460.254,295
460.279,283
460.304,279
460.329,281
460.354,281
460.379,270
460.404,250
460.429,224
460.454,198
460.479,172
460.504,146
460.529,119
460.554,89
460.579,54
460.604,21
460.629,5
460.654,25
460.679,80
460.704,154
460.729,219
460.754,263
460.779,288
460.804,306
460.829,319
460.854,320
460.879,311
460.904,299
460.929,295
460.954,297
460.979,293
461.004,277
461.029,254
461.054,230
461.079,208
461.104,181
461.129,147
461.154,116
461.179,93
461.204,75
461.229,46
461.254,6
461.279,-23
461.304,-15
461.329,36
461.354,109
461.379,174
461.404,218
461.429,249
461.454,278
461.479,303
461.504,311
461.529,302
461.554,289
461.579,286
461.604,292
461.629,293
461.654,282
461.679,261
461.704,240
461.729,220
461.754,197
461.779,168
461.804,140
461.829,114
461.854,83
461.879,42
461.904,0
461.929,-18
461.954,11
461.979,80
462.004,158
462.029,216
462.054,251
462.079,278
462.104,306
462.129,327
462.154,329
462.179,316
462.204,303
462.229,301
462.254,304
462.279,298
462.304,278
462.329,250
462.354,225
462.379,201
462.404,174
462.429,144
462.454,116
462.479,91
462.504,56
462.529,9
462.554,-32
462.579,-37
462.604,11
462.629,95
462.654,177
462.679,232
462.704,266
462.729,298
462.754,333
462.779,356
462.804,354
462.829,333
462.854,313
462.879,307
462.904,306
462.929,295
462.954,271
462.979,245
463.004,222
463.029,198
463.054,164
463.079,123
463.104,89
463.129,62
463.154,32
463.179,-11
463.204,-57
463.229,-72
463.254,-33
463.279,49
463.304,138
463.329,202
463.354,242
463.379,275
463.404,312
463.429,341
463.454,347
463.479,333
463.504,317
463.529,314
463.554,320
463.579,318
463.604,302
463.629,279
463.654,257
463.679,233
463.704,200
463.729,159
463.754,122
463.779,95
463.804,69
463.829,29
463.854,-19
463.879,-51
463.904,-37
463.929,26
463.954,115
463.979,193
464.004,246
464.029,282
464.054,316
464.079,345
464.104,358
464.129,348
464.154,327
464.179,315
464.204,316
464.229,321
464.254,315
464.279,293
464.304,266
464.329,241
464.354,217
464.379,187
464.404,151
464.429,117
464.454,93
464.479,70
464.504,35
464.529,-15
464.554,-61
464.579,-70
464.604,-25
464.629,57
464.654,143
464.679,207
464.704,249
464.729,281
464.754,311
464.779,333
464.804,336
464.829,324
464.854,312
464.879,309
464.904,310
464.929,305
464.954,290
464.979,273
465.004,257
465.029,240
465.054,212
465.079,175
465.104,138
465.129,110
465.154,82
465.179,45
465.204,0
465.229,-26
465.254,-12
465.279,47
465.304,129
465.329,201
465.354,248
465.379,275
465.404,292
465.429,304
465.454,308
465.479,303
465.504,296
465.529,291
465.554,289
465.579,284
465.604,274
465.629,256
465.654,232
465.679,204
465.704,174
465.729,147
465.754,122
465.779,96
465.804,61
465.829,22
465.854,-2
465.879,8
465.904,60
465.929,135
465.954,206
465.979,254
466.004,279
466.029,291
466.054,296
466.079,295
466.104,287
466.129,275
466.154,267
466.179,264
466.204,261
466.229,253
466.254,234
466.279,210
466.304,185
466.329,162
466.354,138
466.379,106
466.404,64
466.429,24
466.454,7
466.479,28
466.504,88
466.529,165
466.554,231
466.579,271
466.604,290
466.629,300
466.654,306
466.679,302
466.704,288
466.729,269
466.754,257
466.779,255
466.804,251
466.829,234
466.854,204
466.879,175
466.904,154
466.929,131
466.954,95
466.979,46
467.004,9
467.029,10
467.054,56
467.079,128
467.104,196
467.129,245
467.154,278
467.179,302
467.204,317
467.229,316
467.254,298
467.279,274
467.304,258
467.329,255
467.354,255
467.379,243
467.404,217
467.429,185
467.454,157
467.479,128
467.504,91
467.529,45
467.554,4
467.579,-4
467.604,29
467.629,96
467.654,168
467.679,224
467.704,259
467.729,286
467.754,309
467.779,323
467.804,319
467.829,298
467.854,276
467.879,263
467.904,258
467.929,248
467.954,223
467.979,189
468.004,158
468.029,131
468.054,97
468.079,47
468.104,-8
468.129,-41
468.154,-29
468.179,27
468.204,104
468.229,176
468.254,231
468.279,272
468.304,306
468.329,330
468.354,339
468.379,329
468.404,308
468.429,288
468.454,278
468.479,275
468.504,269
468.529,249
468.554,215
468.579,176
468.604,143
468.629,115
468.654,84
468.679,41
468.704,-5
468.729,-31
468.754,-16
468.779,41
468.804,119
468.829,194
468.854,252
468.879,299
468.904,340
468.929,371
468.954,385
468.979,382
469.004,369
469.029,361
469.054,358
469.079,353
469.104,340
469.129,319
469.154,295
469.179,269
469.204,242
469.229,212
469.254,179
469.279,146
469.304,113
469.329,82
469.354,53
469.379,26
469.404,-5
469.429,-46
469.454,-91
469.479,-117
469.504,-101
469.529,-36
469.554,54
469.579,140
469.604,203
469.629,250
469.654,294
469.679,336
469.704,364
469.729,369
469.754,359
469.779,353
469.804,356
469.829,363
469.854,359
469.879,344
469.904,325
469.929,307
469.954,285
469.979,258
470.004,226
470.029,197
470.054,173
470.079,148
470.104,117
470.129,84
470.154,56
470.179,33
470.204,3
470.229,-38
470.254,-76
470.279,-83
470.304,-41
470.329,37
470.354,122
470.379,187
470.404,230
470.429,266
470.454,302
470.479,334
470.504,349
470.529,346
470.554,337
470.579,333
470.604,336
470.629,339
470.654,331
470.679,312
470.704,286
470.729,262
470.754,240
470.779,216
470.804,187
470.829,153
470.854,121
470.879,96
470.904,75
470.929,46
470.954,6
470.979,-34
471.004,-50
471.029,-25
471.054,37
471.079,111
471.104,171
471.129,212
471.154,244
471.179,274
471.204,297
471.229,306
471.254,299
471.279,287
471.304,281
471.329,285
471.354,288
471.379,284
471.404,271
471.429,253
471.454,230
471.479,203
471.504,177
471.529,154
471.554,133
471.579,106
471.604,70
471.629,38
471.654,31
471.679,64
471.704,129
471.729,202
471.754,263
471.779,304
471.804,329
471.829,345
471.854,351
471.879,344
471.904,328
471.929,311
471.954,299
471.979,290
472.004,281
472.029,267
472.054,246
472.079,217
472.104,185
472.129,156
472.154,130
472.179,104
472.204,70
472.229,30
472.254,0
472.279,3
472.304,47
472.329,119
472.354,189
472.379,237
472.404,263
472.429,280
472.454,294
472.479,305
472.504,303
472.529,290
472.554,274
472.579,262
472.604,252
472.629,234
472.654,205
472.679,172
472.704,146
472.729,133
472.754,123
472.779,101
472.804,57
472.829,2
472.854,-37
472.879,-38
472.904,10
472.929,90
472.954,173
472.979,235
473.004,272
473.029,293
473.054,303
473.079,298
473.104,272
473.129,231
473.154,192
473.179,170
473.204,163
473.229,158
473.254,141
473.279,116
473.304,97
473.329,90
473.354,86
473.379,69
473.404,34
473.429,-1
473.454,-9
473.479,29
473.504,111
473.529,210
473.554,297
473.579,360
473.604,401
473.629,431
473.654,453
473.679,464
473.704,455
473.729,431
473.754,403
473.779,382
473.804,368
473.829,349
473.854,314
473.879,264
473.904,211
473.929,164
473.954,120
473.979,72
474.004,22
474.029,-15
474.054,-19
474.079,16
474.104,78
474.129,142
474.154,193
474.179,227
474.204,253
474.229,269
474.254,273
474.279,261
474.304,241
474.329,228
474.354,229
474.379,234
474.404,227
474.429,201
474.454,167
474.479,139
474.504,120
474.529,100
474.554,66
474.579,27
474.604,3
474.629,17
474.654,67
474.679,135
474.704,197
474.729,241
474.754,270
474.779,286
474.804,290
474.829,280
474.854,260
474.879,239
474.904,228
474.929,224
474.954,220
474.979,209
475.004,192
475.029,173
475.054,153
475.079,128
475.104,93
475.129,48
475.154,9
475.179,-4
475.204,19
475.229,81
475.254,163
475.279,239
475.304,292
475.329,317
475.354,322
475.379,319
475.404,315
475.429,310
475.454,306
475.479,303
475.504,297
475.529,287
475.554,269
475.579,247
475.604,227
475.629,209
475.654,184
475.679,142
475.704,90
475.729,51
475.754,52
475.779,100
475.804,178
475.829,254
475.854,309
475.879,346
475.904,371
475.929,389
475.954,397
475.979,395
476.004,391
476.029,393
476.054,395
476.079,384
476.104,347
476.129,284
476.154,208
476.179,128
476.204,45
476.229,-39
476.254,-118
476.279,-175
476.304,-195
476.329,-176
476.354,-127
476.379,-62
476.404,12
476.429,90
476.454,160
476.479,212
476.504,238
476.529,242
476.554,240
476.579,244
476.604,257
476.629,271
476.654,276
476.679,265
476.704,243
476.729,220
476.754,199
476.779,178
476.804,149
476.829,113
476.854,85
476.879,83
476.904,117
476.929,174
476.954,230
476.979,265
477.004,275
477.029,272
477.054,263
477.079,250
477.104,228
477.129,202
477.154,181
477.179,167
477.204,159
477.229,148
477.254,134
477.279,123
477.304,115
477.329,104
477.354,81
477.379,51
477.404,35
477.429,52
477.454,107
477.479,182
477.504,252
477.529,306
477.554,343
477.579,368
477.604,381
477.629,379
477.654,364
477.679,340
477.704,311
477.729,278
477.754,242
477.779,209
477.804,177
477.829,145
477.854,113
477.879,87
477.904,79
477.929,87
477.954,100
477.979,111
478.004,129
478.029,176
478.054,254
478.079,335
478.104,378
478.129,369
478.154,331
478.179,297
478.204,278
478.229,261
478.254,233
478.279,206
478.304,196
478.329,205
478.354,213
478.379,204
478.404,185
478.429,164
478.454,134
478.479,78
478.504,-2
478.529,-71
478.554,-92
478.579,-59
478.604,-2
478.629,52
478.654,110
478.679,180
478.704,251
478.729,294
478.754,298
478.779,289
478.804,296
478.829,315
478.854,321
478.879,315
478.904,337
478.929,407
478.954,486
478.979,507
479.004,462
479.029,426
479.054,461
479.079,524
479.104,511
479.129,407
479.154,350
479.179,474
479.204,688
479.229,670
479.254,165
479.279,-698
479.304,-1420
479.329,-1528
479.354,-985
479.379,-207
479.404,314
479.429,412
479.454,281
479.479,200
479.504,251
479.529,323
479.554,306
479.579,223
479.604,170
479.629,181
479.654,199
479.679,163
479.704,92
479.729,55
479.754,84
479.779,137
479.804,158
479.829,134
479.854,105
479.879,108
479.904,155
479.929,242
479.954,363
479.979,496
480.004,589
480.029,583
480.054,471
480.079,319
480.104,223
480.129,229
480.154,297
480.179,353
480.204,352
480.229,305
480.254,242
480.279,171
480.304,75
480.329,-37
480.354,-106
480.379,-55
480.404,140
480.429,403
480.454,594
480.479,598
480.504,415
480.529,152
480.554,-49
480.579,-108
480.604,-40
480.629,74
480.654,152
480.679,157
480.704,108
480.729,56
480.754,43
480.779,69
480.804,94
480.829,76
480.854,10
480.879,-57
480.904,-72
480.929,-13
480.954,100
480.979,245
481.004,413
481.029,589
481.054,708
481.079,675
481.104,457
481.129,158
481.154,-34
481.179,5
481.204,237
481.229,497
481.254,650
481.279,679
481.304,653
481.329,617
481.354,561
481.379,464
481.404,343
481.429,227
481.454,100
481.479,-85
481.504,-337
481.529,-569
481.554,-664
481.579,-578
481.604,-385
481.629,-213
481.654,-146
481.679,-196
481.704,-327
481.729,-474
481.754,-563
481.779,-529
481.804,-379
481.829,-208
481.854,-135
481.879,-185
481.904,-270
481.929,-290
481.954,-230
481.979,-138
482.004,-18
482.029,199
482.054,556
482.079,965
482.104,1276
482.129,1435
482.154,1518
482.179,1583
482.204,1550
482.229,1289
482.254,859
482.279,544
482.304,608
482.329,1009
482.354,1458
482.379,1784
482.404,2147
482.429,2802
482.454,3668
482.479,4255
482.504,4118
482.529,3358
482.554,2584
482.579,2348
482.604,2675
482.629,3161
482.654,3449
482.679,3517
482.704,3525
482.729,3529
482.754,3471
482.779,3377
482.804,3426
482.829,3736
482.854,4196
482.879,4598
482.904,4940
482.929,5433
482.954,6165
482.979,6828
483.004,6918
483.029,6222
483.054,5008
483.079,3701
483.104,2433
483.129,1030
483.154,-606
483.179,-2243
483.204,-3532
483.229,-4402
483.254,-5128
483.279,-5995
483.304,-7017
483.329,-8038
483.354,-9026
483.379,-10129
483.404,-11454
483.429,-12905
483.454,-14298
483.479,-15540
483.504,-16580
483.529,-17276
483.554,-17501
483.579,-17451
483.604,-17605
483.629,-18097
483.654,-18089
483.679,-16104
483.704,-11327
483.729,-4664
483.754,1660
483.779,5738
483.804,7248
483.829,7216
483.854,6753
483.879,6297
483.904,5989
483.929,6296
483.954,7765
483.979,10097
484.004,11864
484.029,11551
484.054,8953
484.079,5408
484.104,2621
484.129,1387
484.154,1480
484.179,2473
484.204,4242
484.229,6575
484.254,8727
484.279,9804
484.304,9669
484.329,9130
484.354,8961
484.379,8863
484.404,7740
484.429,5101
484.454,1957
484.479,7
484.504,-101
484.529,499
484.554,55
484.579,-1990
484.604,-4422
484.629,-5439
484.654,-4301
484.679,-1826
484.704,483
484.729,1629
484.754,1561
484.779,863
484.804,248
484.829,260
484.854,1106
484.879,2525
484.904,3870
484.929,4523
484.954,4356
484.979,3775
485.004,3288
485.029,3029
485.054,2758
485.079,2242
485.104,1550
485.129,937
485.154,529
485.179,218
485.204,-153
485.229,-587
485.254,-968
485.279,-1232
485.304,-1440
485.329,-1660
485.354,-1863
485.379,-1975
485.404,-1999
485.429,-2027
485.454,-2125
485.479,-2241
485.504,-2278
485.529,-2219
485.554,-2146
485.579,-2131
485.604,-2151
485.629,-2126
485.654,-2031
485.679,-1924
485.704,-1867
485.729,-1844
485.754,-1792
485.779,-1688
485.804,-1573
485.829,-1493
485.854,-1442
485.879,-1372
485.904,-1266
485.929,-1153
485.954,-1067
485.979,-1003
486.004,-926
486.029,-823
486.054,-719
486.079,-641
486.104,-585
486.129,-523
486.154,-444
486.179,-366
486.204,-310
486.229,-272
486.254,-231
486.279,-175
486.304,-119
486.329,-77
486.354,-49
486.379,-19
486.404,19
486.429,55
486.454,77
486.479,88
486.504,103
486.529,125
486.554,145
486.579,154
486.604,154
486.629,153
486.654,157
486.679,162
486.704,159
486.729,152
486.754,146
486.779,142
486.804,136
486.829,124
486.854,108
486.879,94
486.904,85
486.929,80
486.954,76
486.979,74
487.004,72
487.029,73
487.054,73
487.079,71
487.104,67
487.129,64
487.154,63
487.179,63
487.204,61
487.229,57
487.254,56
487.279,56
487.304,57
487.329,55
487.354,53
487.379,52
487.404,52
487.429,52
487.454,50
487.479,47
487.504,45
487.529,44
487.554,45
487.579,45
487.604,44
487.629,43
487.654,44
487.679,47
487.704,47
487.729,42
487.754,30
487.779,18
487.804,11
487.829,12
487.854,18
487.879,24
487.904,27
487.929,25
487.954,16
487.979,0
488.004,-19
488.029,-37
488.054,-46
488.079,-43
488.104,-37
488.129,-35
488.154,-39
488.179,-43
488.204,-39
488.229,-25
488.254,-8
488.279,2
488.304,7
488.329,11
488.354,19
488.379,27
488.404,30
488.429,22
488.454,9
488.479,0
488.504,2
488.529,14
488.554,27
488.579,35
488.604,38
488.629,40
488.654,44
488.679,48
488.704,50
488.729,47
488.754,41
488.779,36
488.804,34
488.829,32
488.854,30
488.879,26
488.904,25
488.929,32
488.954,40
488.979,39
489.004,19
489.029,-10
489.054,-29
489.079,-22
489.104,7
489.129,38
489.154,47
489.179,34
489.204,15
489.229,10
489.254,16
489.279,22
489.304,16
489.329,3
489.354,0
489.379,11
489.404,28
489.429,35
489.454,27
489.479,13
489.504,10
489.529,20
489.554,35
489.579,40
489.604,33
489.629,23
489.654,20
489.679,25
489.704,30
489.729,24
489.754,8
489.779,-10
489.804,-20
489.829,-15
489.854,0
489.879,18
489.904,28
489.929,29
489.954,24
489.979,23
490.004,27
490.029,32
490.054,26
490.079,7
490.104,-18
490.129,-34
490.154,-28
490.179,-6
490.204,16
490.229,26
490.254,23
490.279,16
490.304,14
490.329,15
490.354,14
490.379,8
490.404,6
490.429,14
490.454,27
490.479,36
490.504,33
490.529,27
490.554,27
490.579,31
490.604,27
490.629,4
490.654,-28
490.679,-49
490.704,-41
490.729,-7
490.754,27
490.779,44
490.804,42
490.829,33
490.854,30
490.879,35
490.904,39
490.929,37
490.954,33
490.979,31
491.004,31
491.029,31
491.054,29
491.079,26
491.104,24
491.129,25
491.154,25
491.179,24
491.204,21
491.229,20
491.254,20
491.279,20
491.304,18
491.329,16
491.354,15
491.379,16
491.404,17
491.429,16
491.454,16
491.479,16
491.504,16
491.529,15
491.554,13
491.579,11
491.604,11
491.629,12
491.654,12
491.679,13
491.704,14
491.729,15
491.754,16
491.779,16
491.804,14
491.829,13
491.854,13
491.879,14
491.904,15
491.929,13
491.954,11
491.979,11
492.004,12
492.029,14
492.054,14
492.079,14
492.104,13
