df_hash,22ZHK4.RJ56NA
device,HZ2X61
project_hash,29R7
project_name,istanbul_aydin_university
person_hash,29R7.Z1J9
person_label,V85(2)
date_time_start,2025-11-04_14-29-31.433000_+03
date_time_start_unix,1762252171.433
date_time_end,2025-11-04_14-37-48.767000_+03
length_difference_noticed,no

time,acc_mag
4.325,1.051
4.355,1.043
4.385,1.048
4.415,1.046
4.445,1.048
4.475,1.054
4.505,1.050
4.535,1.043
4.565,1.048
4.595,1.051
4.625,1.053
4.655,1.047
4.685,1.040
4.715,1.051
4.745,1.051
4.775,1.047
4.805,1.050
4.835,1.048
4.865,1.050
4.895,1.047
4.925,1.051
4.955,1.048
4.985,1.050
5.015,1.047
5.045,1.043
5.075,1.050
5.105,1.053
5.135,1.044
5.165,1.058
5.195,1.053
5.225,1.044
5.255,1.047
5.285,1.051
5.315,1.053
5.345,1.050
5.375,1.050
5.405,1.046
5.435,1.046
5.465,1.057
5.495,1.053
5.525,1.048
5.555,1.048
5.585,1.050
5.615,1.050
5.645,1.051
5.675,1.047
5.705,1.047
5.735,1.047
5.765,1.050
5.795,1.047
5.825,1.053
5.855,1.047
5.885,1.047
5.915,1.051
5.945,1.050
5.975,1.048
6.005,1.047
6.035,1.047
6.065,1.050
6.095,1.050
6.125,1.051
6.155,1.053
6.185,1.047
6.215,1.048
6.245,1.053
6.275,1.051
6.305,1.048
6.335,1.051
6.365,1.048
6.395,1.044
6.425,1.050
6.455,1.056
6.485,1.053
6.515,1.044
6.545,1.046
6.575,1.050
6.605,1.051
6.635,1.054
6.665,1.050
6.695,1.047
6.725,1.051
6.755,1.050
6.785,1.048
6.815,1.047
6.845,1.051
6.875,1.048
6.905,1.048
6.935,1.051
6.965,1.050
6.995,1.050
7.025,1.048
7.055,1.047
7.085,1.048
7.115,1.047
7.145,1.051
7.175,1.048
7.205,1.047
7.235,1.048
7.265,1.051
7.295,1.050
7.325,1.048
7.355,1.051
7.385,1.050
7.415,1.046
7.445,1.058
7.475,1.048
7.505,1.046
7.535,1.047
7.565,1.051
7.595,1.051
7.625,1.048
7.655,1.048
7.685,1.053
7.715,1.051
7.745,1.050
7.775,1.050
7.805,1.047
7.835,1.048
7.865,1.043
7.895,1.051
7.925,1.051
7.955,1.050
7.985,1.056
8.015,1.047
8.045,1.046
8.075,1.047
8.105,1.048
8.135,1.055
8.165,1.054
8.195,1.046
8.225,1.046
8.255,1.050
8.285,1.053
8.315,1.047
8.345,1.047
8.375,1.047
8.405,1.051
8.435,1.050
8.465,1.051
8.495,1.050
8.525,1.051
8.555,1.048
8.585,1.051
8.615,1.048
8.645,1.043
8.675,1.048
8.705,1.047
8.735,1.050
8.765,1.057
8.795,1.051
8.825,1.046
8.855,1.051
8.885,1.051
8.915,1.050
8.945,1.054
8.975,1.047
9.005,1.044
9.035,1.051
9.065,1.054
9.095,1.047
9.125,1.046
9.155,1.054
9.185,1.047
9.215,1.050
9.245,1.053
9.275,1.050
9.305,1.047
9.335,1.050
9.365,1.051
9.395,1.048
9.425,1.043
9.455,1.050
9.485,1.050
9.515,1.044
9.545,1.055
9.575,1.046
9.605,1.047
9.635,1.051
9.665,1.048
9.695,1.048
9.725,1.054
9.755,1.050
9.785,1.047
9.815,1.047
9.845,1.056
9.875,1.054
9.905,1.046
9.935,1.050
9.965,1.050
9.995,1.047
10.025,1.054
10.055,1.048
10.085,1.047
10.115,1.048
10.145,1.050
10.175,1.050
10.205,1.047
10.235,1.048
10.265,1.050
10.295,1.050
10.325,1.047
10.355,1.048
10.385,1.050
10.415,1.050
10.445,1.051
10.475,1.048
10.505,1.047
10.535,1.046
10.565,1.048
10.595,1.054
10.625,1.051
10.655,1.051
10.685,1.043
10.715,1.044
10.745,1.057
10.775,1.050
10.805,1.046
10.835,1.048
10.865,1.053
10.895,1.046
10.925,1.051
10.955,1.053
10.985,1.051
11.015,1.050
11.045,1.048
11.075,1.051
11.105,1.051
11.135,1.046
11.165,1.048
11.195,1.053
11.225,1.051
11.255,1.050
11.285,1.054
11.315,1.055
11.345,1.046
11.375,1.043
11.405,1.050
11.435,1.055
11.465,1.050
11.495,1.048
11.525,1.051
11.555,1.048
11.585,1.051
11.615,1.048
11.645,1.048
11.675,1.047
11.705,1.046
11.735,1.048
11.765,1.054
11.795,1.050
11.825,1.047
11.855,1.050
11.885,1.054
11.915,1.051
11.945,1.050
11.975,1.051
12.005,1.050
12.035,1.046
12.065,1.053
12.095,1.051
12.125,1.046
12.155,1.054
12.185,1.050
12.215,1.044
12.245,1.047
12.275,1.050
12.305,1.053
12.335,1.047
12.365,1.053
12.395,1.046
12.425,1.046
12.455,1.057
12.485,1.050
12.515,1.044
12.545,1.050
12.575,1.048
12.605,1.047
12.635,1.055
12.665,1.051
12.695,1.051
12.725,1.048
12.755,1.048
12.785,1.051
12.815,1.047
12.845,1.047
12.875,1.051
12.905,1.054
12.935,1.050
12.965,1.050
12.995,1.048
13.025,1.048
13.055,1.048
13.085,1.060
13.115,1.051
13.145,1.047
13.175,1.047
13.205,1.050
13.235,1.050
13.265,1.054
13.295,1.046
13.325,1.046
13.355,1.048
13.385,1.054
13.415,1.051
13.445,1.047
13.475,1.047
13.505,1.051
13.535,1.054
13.565,1.054
13.595,1.053
13.625,1.047
13.655,1.054
13.685,1.051
13.715,1.050
13.745,1.051
13.775,1.048
13.805,1.046
13.835,1.054
13.865,1.051
13.895,1.048
13.925,1.051
13.955,1.054
13.985,1.047
14.015,1.053
14.045,1.051
14.075,1.047
14.105,1.046
14.135,1.050
14.165,1.053
14.195,1.048
14.225,1.050
14.255,1.047
14.285,1.051
14.315,1.056
14.345,1.050
14.375,1.050
14.405,1.043
14.435,1.050
14.465,1.053
14.495,1.047
14.525,1.048
14.555,1.051
14.585,1.048
14.615,1.051
14.645,1.051
14.675,1.050
14.705,1.047
14.735,1.051
14.765,1.051
14.795,1.054
14.825,1.054
14.855,1.054
14.885,1.048
14.915,1.046
14.945,1.051
14.975,1.050
15.005,1.051
15.035,1.051
15.065,1.051
15.095,1.044
15.125,1.054
15.155,1.051
15.185,1.053
15.215,1.048
15.245,1.051
15.275,1.051
15.305,1.054
15.335,1.051
15.365,1.047
15.395,1.051
15.425,1.053
15.455,1.046
15.485,1.050
15.515,1.050
15.545,1.047
15.575,1.051
15.605,1.050
15.635,1.048
15.665,1.057
15.695,1.050
15.725,1.044
15.755,1.048
15.785,1.053
15.815,1.048
15.845,1.053
15.875,1.053
15.905,1.044
15.935,1.053
15.965,1.053
15.995,1.048
16.025,1.050
16.055,1.050
16.085,1.053
16.115,1.050
16.145,1.050
16.175,1.053
16.205,1.050
16.235,1.050
16.265,1.051
16.295,1.050
16.325,1.048
16.355,1.050
16.385,1.051
16.415,1.051
16.445,1.048
16.475,1.051
16.505,1.050
16.535,1.046
16.565,1.053
16.595,1.050
16.625,1.048
16.655,1.055
16.685,1.048
16.715,1.048
16.745,1.047
16.775,1.050
16.805,1.054
16.835,1.053
16.865,1.048
16.895,1.040
16.925,1.054
16.955,1.058
16.985,1.051
17.015,1.046
17.045,1.050
17.075,1.054
17.105,1.051
17.135,1.054
17.165,1.053
17.195,1.047
17.225,1.050
17.255,1.053
17.285,1.050
17.315,1.048
17.345,1.051
17.375,1.053
17.405,1.051
17.435,1.053
17.465,1.051
17.495,1.050
17.525,1.054
17.555,1.048
17.585,1.051
17.615,1.050
17.645,1.050
17.675,1.051
17.705,1.054
17.735,1.048
17.765,1.047
17.795,1.047
17.825,1.055
17.855,1.053
17.885,1.053
17.915,1.053
17.945,1.044
17.975,1.051
18.005,1.058
18.035,1.048
18.065,1.044
18.095,1.051
18.125,1.053
18.155,1.046
18.185,1.053
18.215,1.054
18.245,1.050
18.275,1.051
18.305,1.053
18.335,1.047
18.365,1.051
18.395,1.053
18.425,1.047
18.455,1.050
18.485,1.050
18.515,1.051
18.545,1.050
18.575,1.053
18.605,1.054
18.635,1.048
18.665,1.048
18.695,1.048
18.725,1.051
18.755,1.053
18.785,1.055
18.815,1.050
18.845,1.040
18.875,1.053
18.905,1.058
18.935,1.050
18.965,1.047
18.995,1.047
19.025,1.054
19.055,1.048
19.085,1.051
19.115,1.056
19.145,1.053
19.175,1.053
19.205,1.051
19.235,1.050
19.265,1.050
19.295,1.047
19.325,1.050
19.355,1.053
19.385,1.051
19.415,1.050
19.445,1.051
19.475,1.053
19.505,1.054
19.535,1.047
19.565,1.053
19.595,1.053
19.625,1.046
19.655,1.047
19.685,1.050
19.715,1.050
19.745,1.057
19.775,1.053
19.805,1.050
19.835,1.047
19.865,1.053
19.895,1.050
19.925,1.051
19.955,1.047
19.985,1.051
20.015,1.050
20.045,1.051
20.075,1.051
20.105,1.050
20.135,1.053
20.165,1.054
20.195,1.051
20.225,1.051
20.255,1.048
20.285,1.053
20.315,1.053
20.345,1.050
20.375,1.051
20.405,1.048
20.435,1.051
20.465,1.048
20.495,1.051
20.525,1.050
20.555,1.051
20.585,1.047
20.615,1.057
20.645,1.053
20.675,1.048
20.705,1.048
20.735,1.060
20.765,1.050
20.795,1.047
20.825,1.051
20.855,1.054
20.885,1.043
20.915,1.058
20.945,1.051
20.975,1.048
21.005,1.046
21.035,1.046
21.065,1.058
21.095,1.050
21.125,1.050
21.155,1.050
21.185,1.050
21.215,1.054
21.245,1.046
21.275,1.051
21.305,1.047
21.335,1.054
21.365,1.055
21.395,1.053
21.425,1.054
21.455,1.047
21.485,1.050
21.515,1.053
21.545,1.053
21.575,1.048
21.605,1.053
21.635,1.051
21.665,1.054
21.695,1.053
21.725,1.053
21.755,1.050
21.785,1.051
21.815,1.047
21.845,1.055
21.875,1.053
21.905,1.050
21.935,1.051
21.965,1.040
21.995,1.057
22.025,1.054
22.055,1.050
22.085,1.048
22.115,1.047
22.145,1.050
22.175,1.050
22.205,1.051
22.235,1.054
22.265,1.048
22.295,1.053
22.325,1.054
22.355,1.048
22.385,1.054
22.415,1.046
22.445,1.050
22.475,1.057
22.505,1.054
22.535,1.050
22.565,1.050
22.595,1.055
22.625,1.050
22.655,1.053
22.685,1.057
22.715,1.048
22.745,1.043
22.775,1.054
22.805,1.051
22.835,1.053
22.865,1.051
22.895,1.053
22.925,1.053
22.955,1.051
22.985,1.053
23.015,1.053
23.045,1.044
23.075,1.047
23.105,1.057
23.135,1.051
23.165,1.054
23.195,1.048
23.225,1.054
23.255,1.053
23.285,1.051
23.315,1.053
23.345,1.051
23.375,1.054
23.405,1.051
23.435,1.050
23.465,1.053
23.495,1.051
23.525,1.055
23.555,1.050
23.585,1.046
23.615,1.061
23.645,1.048
23.675,1.050
23.705,1.050
23.735,1.044
23.765,1.058
23.795,1.054
23.825,1.050
23.855,1.053
23.885,1.046
23.915,1.048
23.945,1.061
23.975,1.051
24.005,1.048
24.035,1.050
24.065,1.051
24.095,1.053
24.125,1.054
24.155,1.051
24.185,1.053
24.215,1.054
24.245,1.051
24.275,1.050
24.305,1.053
24.335,1.051
24.365,1.053
24.395,1.054
24.425,1.055
24.455,1.050
24.485,1.050
24.515,1.051
24.545,1.057
24.575,1.046
24.605,1.054
24.635,1.051
24.665,1.048
24.695,1.054
24.725,1.051
24.755,1.048
24.785,1.050
24.815,1.050
24.845,1.057
24.875,1.053
24.905,1.054
24.935,1.048
24.965,1.048
24.995,1.058
25.025,1.053
25.055,1.048
25.085,1.048
25.115,1.050
25.145,1.054
25.175,1.051
25.205,1.054
25.235,1.053
25.265,1.046
25.295,1.050
25.325,1.054
25.355,1.050
25.385,1.051
25.415,1.051
25.445,1.053
25.475,1.053
25.505,1.048
25.535,1.051
25.565,1.051
25.595,1.051
25.625,1.055
25.655,1.055
25.685,1.048
25.715,1.051
25.745,1.051
25.775,1.055
25.805,1.053
25.835,1.046
25.865,1.050
25.895,1.054
25.925,1.051
25.955,1.058
25.985,1.047
26.015,1.044
26.045,1.054
26.075,1.055
26.105,1.053
26.135,1.048
26.165,1.048
26.195,1.054
26.225,1.050
26.255,1.053
26.285,1.054
26.315,1.050
26.345,1.054
26.375,1.053
26.405,1.050
26.435,1.050
26.465,1.047
26.495,1.048
26.525,1.051
26.555,1.057
26.585,1.047
26.615,1.048
26.645,1.051
26.675,1.051
26.705,1.053
26.735,1.054
26.765,1.054
26.795,1.050
26.825,1.044
26.855,1.050
26.885,1.053
26.915,1.053
26.945,1.055
26.975,1.047
27.005,1.048
27.035,1.051
27.065,1.054
27.095,1.051
27.125,1.048
27.155,1.048
27.185,1.054
27.215,1.046
27.245,1.051
27.275,1.054
27.305,1.054
27.335,1.048
27.365,1.054
27.395,1.054
27.425,1.047
27.455,1.051
27.485,1.053
27.515,1.051
27.545,1.051
27.575,1.051
27.605,1.054
27.635,1.051
27.665,1.055
27.695,1.055
27.725,1.046
27.755,1.047
27.785,1.053
27.815,1.053
27.845,1.051
27.875,1.053
27.905,1.053
27.935,1.048
27.965,1.055
27.995,1.058
28.025,1.051
28.055,1.050
28.085,1.048
28.115,1.054
28.145,1.054
28.175,1.054
28.205,1.051
28.235,1.053
28.265,1.051
28.295,1.050
28.325,1.053
28.355,1.048
28.385,1.051
28.415,1.050
28.445,1.050
28.475,1.053
28.505,1.054
28.535,1.051
28.565,1.048
28.595,1.054
28.625,1.051
28.655,1.053
28.685,1.055
28.715,1.054
28.745,1.053
28.775,1.044
28.805,1.054
28.835,1.054
28.865,1.051
28.895,1.054
28.925,1.053
28.955,1.046
28.985,1.057
29.015,1.053
29.045,1.054
29.075,1.051
29.105,1.050
29.135,1.053
29.165,1.054
29.195,1.053
29.225,1.051
29.255,1.053
29.285,1.053
29.315,1.048
29.345,1.051
29.375,1.051
29.405,1.048
29.435,1.054
29.465,1.053
29.495,1.054
29.525,1.050
29.555,1.051
29.585,1.047
29.615,1.051
29.645,1.053
29.675,1.047
29.705,1.058
29.735,1.051
29.765,1.044
29.795,1.050
29.825,1.054
29.855,1.054
29.885,1.050
29.915,1.053
29.945,1.051
29.975,1.047
30.005,1.057
30.035,1.050
30.065,1.047
30.095,1.051
30.125,1.051
30.155,1.051
30.185,1.051
30.215,1.056
30.245,1.057
30.275,1.050
30.305,1.053
30.335,1.053
30.365,1.051
30.395,1.048
30.425,1.051
30.455,1.054
30.485,1.048
30.515,1.050
30.545,1.051
30.575,1.050
30.605,1.053
30.635,1.043
30.665,1.048
30.695,1.051
30.725,1.053
30.755,1.051
30.785,1.054
30.815,1.050
30.845,1.044
30.875,1.053
30.905,1.057
30.935,1.051
30.965,1.051
30.995,1.047
31.025,1.051
31.055,1.054
31.085,1.054
31.115,1.050
31.145,1.054
31.175,1.051
31.205,1.050
31.235,1.055
31.265,1.051
31.295,1.044
31.325,1.053
31.355,1.055
31.385,1.047
31.415,1.053
31.445,1.050
31.475,1.051
31.505,1.054
31.535,1.058
31.565,1.050
31.595,1.048
31.625,1.050
31.655,1.053
31.685,1.055
31.715,1.053
31.745,1.047
31.775,1.050
31.805,1.053
31.835,1.057
31.865,1.053
31.895,1.050
31.925,1.048
31.955,1.051
31.985,1.050
32.015,1.058
32.045,1.055
32.075,1.050
32.105,1.048
32.135,1.050
32.165,1.050
32.195,1.050
32.225,1.048
32.255,1.053
32.285,1.053
32.315,1.057
32.345,1.047
32.375,1.051
32.405,1.053
32.435,1.054
32.465,1.054
32.495,1.054
32.525,1.051
32.555,1.047
32.585,1.050
32.615,1.055
32.645,1.053
32.675,1.054
32.705,1.051
32.735,1.047
32.765,1.057
32.795,1.058
32.825,1.046
32.855,1.051
32.885,1.053
32.915,1.050
32.945,1.053
32.975,1.051
33.005,1.055
33.035,1.051
33.065,1.050
33.095,1.053
33.125,1.050
33.155,1.050
33.185,1.056
33.215,1.050
33.245,1.053
33.275,1.054
33.305,1.051
33.335,1.050
33.365,1.058
33.395,1.053
33.425,1.047
33.455,1.048
33.485,1.054
33.515,1.054
33.545,1.054
33.575,1.048
33.605,1.054
33.635,1.047
33.665,1.057
33.695,1.055
33.725,1.048
33.755,1.050
33.785,1.051
33.815,1.051
33.845,1.051
33.875,1.054
33.905,1.053
33.935,1.053
33.965,1.053
33.995,1.047
34.025,1.050
34.055,1.054
34.085,1.051
34.115,1.051
34.145,1.054
34.175,1.050
34.205,1.051
34.235,1.053
34.265,1.053
34.295,1.057
34.325,1.054
34.355,1.047
34.385,1.048
34.415,1.053
34.445,1.055
34.475,1.056
34.505,1.046
34.535,1.050
34.565,1.051
34.595,1.062
34.625,1.051
34.655,1.048
34.685,1.051
34.715,1.054
34.745,1.050
34.775,1.055
34.805,1.050
34.835,1.050
34.865,1.054
34.895,1.051
34.925,1.051
34.955,1.048
34.985,1.050
35.015,1.053
35.045,1.056
35.075,1.051
35.105,1.054
35.135,1.053
35.165,1.051
35.195,1.053
35.225,1.060
35.255,1.051
35.285,1.046
35.315,1.051
35.345,1.054
35.375,1.051
35.405,1.054
35.435,1.051
35.465,1.046
35.495,1.048
35.525,1.062
35.555,1.053
35.585,1.048
35.615,1.050
35.645,1.055
35.675,1.050
35.705,1.058
35.735,1.054
35.765,1.053
35.795,1.054
35.825,1.048
35.855,1.054
35.885,1.051
35.915,1.047
35.945,1.051
35.975,1.051
36.005,1.054
36.035,1.053
36.065,1.047
36.095,1.051
36.125,1.050
36.155,1.053
36.185,1.054
36.215,1.057
36.245,1.050
36.275,1.046
36.305,1.047
36.335,1.054
36.365,1.055
36.395,1.048
36.425,1.048
36.455,1.044
36.485,1.053
36.515,1.060
36.545,1.051
36.575,1.051
36.605,1.047
36.635,1.054
36.665,1.050
36.695,1.048
36.725,1.053
36.755,1.053
36.785,1.053
36.815,1.050
36.845,1.051
36.875,1.050
36.905,1.051
36.935,1.050
36.965,1.048
36.995,1.053
37.025,1.057
37.055,1.048
37.085,1.054
37.115,1.051
37.145,1.050
37.175,1.048
37.205,1.050
37.235,1.054
37.265,1.055
37.295,1.048
37.325,1.050
37.355,1.050
37.385,1.060
37.415,1.051
37.445,1.050
37.475,1.053
37.505,1.050
37.535,1.051
37.565,1.058
37.595,1.053
37.625,1.047
37.655,1.057
37.685,1.051
37.715,1.054
37.745,1.051
37.775,1.049
37.805,1.056
37.835,1.051
37.865,1.057
37.895,1.054
37.925,1.051
37.955,1.053
37.985,1.051
38.015,1.058
38.045,1.050
38.075,1.051
38.105,1.051
38.135,1.053
38.165,1.057
38.195,1.050
38.225,1.055
38.255,1.053
38.285,1.044
38.315,1.058
38.345,1.056
38.375,1.046
38.405,1.048
38.435,1.051
38.465,1.055
38.495,1.053
38.525,1.054
38.555,1.054
38.585,1.051
38.615,1.054
38.645,1.055
38.675,1.054
38.705,1.050
38.735,1.050
38.765,1.056
38.795,1.050
38.825,1.054
38.855,1.054
38.885,1.047
38.915,1.047
38.945,1.056
38.975,1.051
39.005,1.051
39.035,1.054
39.065,1.048
39.095,1.050
39.125,1.047
39.155,1.053
39.185,1.055
39.215,1.053
39.245,1.047
39.275,1.049
39.305,1.051
39.335,1.054
39.365,1.051
39.395,1.050
39.425,1.050
39.455,1.053
39.485,1.051
39.515,1.056
39.545,1.056
39.575,1.051
39.605,1.053
39.635,1.054
39.665,1.050
39.695,1.054
39.725,1.050
39.755,1.053
39.785,1.053
39.815,1.053
39.845,1.051
39.875,1.054
39.905,1.051
39.935,1.047
39.965,1.053
39.995,1.054
40.025,1.056
40.055,1.050
40.085,1.050
40.115,1.053
40.145,1.051
40.175,1.055
40.205,1.050
40.235,1.054
40.265,1.053
40.295,1.047
40.325,1.057
40.355,1.056
40.385,1.051
40.415,1.049
40.445,1.053
40.475,1.053
40.505,1.050
40.535,1.051
40.565,1.056
40.595,1.053
40.625,1.051
40.655,1.056
40.685,1.046
40.715,1.054
40.745,1.054
40.775,1.049
40.805,1.050
40.835,1.057
40.865,1.057
40.895,1.046
40.925,1.064
40.955,1.051
40.985,1.049
41.015,1.050
41.045,1.051
41.075,1.056
41.105,1.054
41.135,1.050
41.165,1.053
41.195,1.051
41.225,1.057
41.255,1.050
41.285,1.053
41.315,1.046
41.345,1.054
41.375,1.050
41.405,1.053
41.435,1.051
41.465,1.050
41.495,1.057
41.525,1.053
41.555,1.050
41.585,1.049
41.615,1.051
41.645,1.053
41.675,1.053
41.705,1.049
41.735,1.053
41.765,1.057
41.795,1.050
41.825,1.057
41.855,1.053
41.885,1.051
41.915,1.051
41.945,1.053
41.975,1.053
42.005,1.050
42.035,1.054
42.065,1.056
42.095,1.048
42.125,1.057
42.155,1.058
42.185,1.053
42.215,1.049
42.245,1.057
42.275,1.051
42.305,1.055
42.335,1.056
42.365,1.051
42.395,1.056
42.425,1.053
42.455,1.051
42.485,1.050
42.515,1.051
42.545,1.054
42.575,1.053
42.605,1.057
42.635,1.050
42.665,1.049
42.695,1.057
42.725,1.051
42.755,1.047
42.785,1.060
42.815,1.051
42.845,1.050
42.875,1.050
42.905,1.051
42.935,1.054
42.965,1.054
42.995,1.051
43.025,1.049
43.055,1.051
43.085,1.058
43.115,1.053
43.145,1.050
43.175,1.047
43.205,1.054
43.235,1.053
43.265,1.051
43.295,1.053
43.325,1.053
43.355,1.050
43.385,1.054
43.415,1.048
43.445,1.051
43.475,1.051
43.505,1.053
43.535,1.051
43.565,1.054
43.595,1.051
43.625,1.050
43.655,1.054
43.685,1.051
43.715,1.051
43.745,1.057
43.775,1.056
43.805,1.047
43.835,1.050
43.865,1.053
43.895,1.050
43.925,1.051
43.955,1.051
43.985,1.050
44.015,1.048
44.045,1.061
44.075,1.055
44.105,1.047
44.135,1.051
44.165,1.053
44.195,1.053
44.225,1.051
44.255,1.054
44.285,1.054
44.315,1.051
44.345,1.056
44.375,1.051
44.405,1.050
44.435,1.050
44.465,1.049
44.495,1.048
44.525,1.054
44.555,1.057
44.585,1.047
44.615,1.060
44.645,1.048
44.675,1.049
44.705,1.051
44.735,1.051
44.765,1.057
44.795,1.050
44.825,1.049
44.855,1.047
44.885,1.050
44.915,1.058
44.945,1.050
44.975,1.053
45.005,1.051
45.035,1.051
45.065,1.054
45.095,1.054
45.125,1.053
45.155,1.057
45.185,1.053
45.215,1.053
45.245,1.051
45.275,1.053
45.305,1.053
45.335,1.053
45.365,1.056
45.395,1.051
45.425,1.050
45.455,1.056
45.485,1.054
45.515,1.050
45.545,1.050
45.575,1.050
45.605,1.051
45.635,1.053
45.665,1.058
45.695,1.051
45.725,1.047
45.755,1.055
45.785,1.057
45.815,1.054
45.845,1.051
45.875,1.050
45.905,1.055
45.935,1.051
45.965,1.053
45.995,1.054
46.025,1.053
46.055,1.053
46.085,1.051
46.115,1.053
46.145,1.050
46.175,1.053
46.205,1.054
46.235,1.053
46.265,1.054
46.295,1.053
46.325,1.050
46.355,1.057
46.385,1.056
46.415,1.051
46.445,1.050
46.475,1.051
46.505,1.051
46.535,1.051
46.565,1.054
46.595,1.050
46.625,1.048
46.655,1.057
46.685,1.058
46.715,1.050
46.745,1.050
46.775,1.047
46.805,1.054
46.835,1.054
46.865,1.050
46.895,1.053
46.925,1.057
46.955,1.056
46.985,1.054
47.015,1.051
47.045,1.051
47.075,1.051
47.105,1.056
47.135,1.054
47.165,1.049
47.195,1.054
47.225,1.050
47.255,1.053
47.285,1.054
47.315,1.053
47.345,1.046
47.375,1.048
47.405,1.060
47.435,1.051
47.465,1.054
47.495,1.056
47.525,1.046
47.555,1.062
47.585,1.053
47.615,1.046
47.645,1.053
47.675,1.054
47.705,1.051
47.735,1.056
47.765,1.056
47.795,1.048
47.825,1.056
47.855,1.054
47.885,1.046
47.915,1.054
47.945,1.053
47.975,1.046
48.005,1.051
48.035,1.053
48.065,1.053
48.095,1.051
48.125,1.058
48.155,1.054
48.185,1.050
48.215,1.048
48.245,1.054
48.275,1.057
48.305,1.055
48.335,1.054
48.365,1.044
48.395,1.053
48.425,1.058
48.455,1.048
48.485,1.048
48.515,1.053
48.545,1.053
48.575,1.056
48.605,1.054
48.635,1.053
48.665,1.051
48.695,1.054
48.725,1.054
48.755,1.050
48.785,1.051
48.815,1.053
48.845,1.053
48.875,1.049
48.905,1.051
48.935,1.051
48.965,1.048
48.995,1.047
49.025,1.058
49.055,1.056
49.085,1.051
49.115,1.048
49.145,1.053
49.175,1.053
49.205,1.054
49.235,1.051
49.265,1.049
49.295,1.050
49.325,1.058
49.355,1.050
49.385,1.050
49.415,1.053
49.445,1.054
49.475,1.055
49.505,1.053
49.535,1.057
49.565,1.054
49.595,1.056
49.625,1.053
49.655,1.050
49.685,1.054
49.715,1.048
49.745,1.054
49.775,1.057
49.805,1.049
49.835,1.053
49.865,1.053
49.895,1.046
49.925,1.054
49.955,1.061
49.985,1.050
50.015,1.054
50.045,1.051
50.075,1.047
50.105,1.053
50.135,1.053
50.165,1.058
50.195,1.051
50.225,1.046
50.255,1.060
50.285,1.057
50.315,1.047
50.345,1.051
50.375,1.050
50.405,1.054
50.435,1.053
50.465,1.054
50.495,1.056
50.525,1.053
50.555,1.051
50.585,1.053
50.615,1.056
50.645,1.046
50.675,1.050
50.705,1.056
50.735,1.048
50.765,1.050
50.795,1.058
50.825,1.053
50.855,1.051
50.885,1.051
50.915,1.053
50.945,1.056
50.975,1.054
51.005,1.051
51.035,1.050
51.065,1.047
51.095,1.058
51.125,1.056
51.155,1.048
51.185,1.053
51.215,1.056
51.245,1.048
51.275,1.048
51.305,1.060
51.335,1.054
51.365,1.051
51.395,1.053
51.425,1.051
51.455,1.051
51.485,1.051
51.515,1.051
51.545,1.051
51.575,1.053
51.605,1.053
51.635,1.050
51.665,1.056
51.695,1.058
51.725,1.054
51.755,1.048
51.785,1.048
51.815,1.060
51.845,1.053
51.875,1.053
51.905,1.056
51.935,1.050
51.965,1.053
51.995,1.058
52.025,1.054
52.055,1.048
52.085,1.054
52.115,1.053
52.145,1.051
52.175,1.055
52.205,1.050
52.235,1.054
52.265,1.050
52.295,1.054
52.325,1.054
52.355,1.050
52.385,1.053
52.415,1.057
52.445,1.053
52.475,1.053
52.505,1.048
52.535,1.054
52.565,1.050
52.595,1.053
52.625,1.061
52.655,1.048
52.685,1.056
52.715,1.048
52.745,1.048
52.775,1.060
52.805,1.054
52.835,1.054
52.865,1.053
52.895,1.051
52.925,1.060
52.955,1.051
52.985,1.051
53.015,1.051
53.045,1.051
53.075,1.050
53.105,1.057
53.135,1.051
53.165,1.051
53.195,1.056
53.225,1.054
53.255,1.053
53.285,1.054
53.315,1.048
53.345,1.048
53.375,1.054
53.405,1.057
53.435,1.053
53.465,1.056
53.495,1.056
53.525,1.054
53.555,1.048
53.585,1.056
53.615,1.055
53.645,1.050
53.675,1.050
53.705,1.054
53.735,1.047
53.765,1.058
53.795,1.054
53.825,1.050
53.855,1.051
53.885,1.053
53.915,1.053
53.945,1.053
53.975,1.053
54.005,1.051
54.035,1.051
54.065,1.053
54.095,1.054
54.125,1.047
54.155,1.050
54.185,1.051
54.215,1.050
54.245,1.055
54.275,1.060
54.305,1.053
54.335,1.051
54.365,1.051
54.395,1.055
54.425,1.055
54.455,1.056
54.485,1.051
54.515,1.048
54.545,1.058
54.575,1.057
54.605,1.046
54.635,1.051
54.665,1.054
54.695,1.051
54.725,1.054
54.755,1.057
54.785,1.054
54.815,1.053
54.845,1.055
54.875,1.051
54.905,1.053
54.935,1.053
54.965,1.051
54.995,1.051
55.025,1.054
55.055,1.054
55.085,1.053
55.115,1.053
55.145,1.057
55.175,1.054
55.205,1.051
55.235,1.048
55.265,1.047
55.295,1.055
55.325,1.051
55.355,1.053
55.385,1.051
55.415,1.050
55.445,1.061
55.475,1.056
55.505,1.048
55.535,1.048
55.565,1.056
55.595,1.057
55.625,1.054
55.655,1.057
55.685,1.054
55.715,1.053
55.745,1.057
55.775,1.050
55.805,1.051
55.835,1.054
55.865,1.051
55.895,1.055
55.925,1.057
55.955,1.054
55.985,1.056
56.015,1.054
56.045,1.051
56.075,1.054
56.105,1.053
56.135,1.054
56.165,1.056
56.195,1.051
56.225,1.051
56.255,1.050
56.285,1.054
56.315,1.057
56.345,1.056
56.375,1.051
56.405,1.048
56.435,1.058
56.465,1.057
56.495,1.051
56.525,1.053
56.555,1.053
56.585,1.056
56.615,1.050
56.645,1.057
56.675,1.053
56.705,1.050
56.735,1.054
56.765,1.051
56.795,1.053
56.825,1.055
56.855,1.053
56.885,1.051
56.915,1.048
56.945,1.060
56.975,1.058
57.005,1.051
57.035,1.057
57.065,1.053
57.095,1.050
57.125,1.051
57.155,1.055
57.185,1.055
57.215,1.054
57.245,1.053
57.275,1.049
57.305,1.054
57.335,1.061
57.365,1.050
57.395,1.047
57.425,1.056
57.455,1.053
57.485,1.053
57.515,1.057
57.545,1.053
57.575,1.051
57.605,1.055
57.635,1.056
57.665,1.053
57.695,1.053
57.725,1.054
57.755,1.051
57.785,1.047
57.815,1.051
57.845,1.055
57.875,1.056
57.905,1.057
57.935,1.050
57.965,1.051
57.995,1.050
58.025,1.057
58.055,1.057
58.085,1.054
58.115,1.058
58.145,1.047
58.175,1.053
58.205,1.060
58.235,1.054
58.265,1.050
58.295,1.050
58.325,1.055
58.355,1.054
58.385,1.051
58.415,1.057
58.445,1.053
58.475,1.053
58.505,1.056
58.535,1.050
58.565,1.051
58.595,1.057
58.625,1.054
58.655,1.057
58.685,1.054
58.715,1.053
58.745,1.056
58.775,1.050
58.805,1.053
58.835,1.050
58.865,1.050
58.895,1.051
58.925,1.057
58.955,1.055
58.985,1.050
59.015,1.050
59.045,1.056
59.075,1.054
59.105,1.054
59.135,1.056
59.165,1.049
59.195,1.050
59.225,1.061
59.255,1.050
59.285,1.053
59.315,1.053
59.345,1.054
59.375,1.055
59.405,1.056
59.435,1.053
59.465,1.053
59.495,1.055
59.525,1.056
59.555,1.051
59.585,1.053
59.615,1.053
59.645,1.051
59.675,1.054
59.705,1.051
59.735,1.051
59.765,1.054
59.795,1.053
59.825,1.053
59.855,1.060
59.885,1.058
59.915,1.053
59.945,1.054
59.975,1.053
60.005,1.054
60.035,1.051
60.065,1.055
60.095,1.048
60.125,1.053
60.155,1.054
60.185,1.058
60.215,1.051
60.245,1.050
60.275,1.051
60.305,1.054
60.335,1.051
60.365,1.058
60.395,1.056
60.425,1.051
60.455,1.057
60.485,1.057
60.515,1.053
60.545,1.054
60.575,1.050
60.605,1.053
60.635,1.053
60.665,1.058
60.695,1.057
60.725,1.050
60.755,1.049
60.785,1.054
60.815,1.054
60.845,1.053
60.875,1.057
60.905,1.059
60.935,1.046
60.965,1.057
60.995,1.057
61.025,1.050
61.055,1.056
61.085,1.053
61.115,1.050
61.145,1.047
61.175,1.048
61.205,1.050
61.235,1.056
61.265,1.057
61.295,1.061
61.325,1.056
61.355,1.063
61.385,1.057
61.415,1.047
61.445,1.047
61.475,1.062
61.505,1.054
61.535,1.049
61.565,1.046
61.595,1.053
61.625,1.047
61.655,1.047
61.685,1.059
61.715,1.061
61.745,1.062
61.775,1.054
61.805,1.060
61.835,1.056
61.865,1.050
61.895,1.056
61.925,1.056
61.955,1.053
61.985,1.051
62.015,1.056
62.045,1.053
62.075,1.054
62.105,1.050
62.135,1.056
62.165,1.060
62.195,1.056
62.225,1.053
62.255,1.056
62.285,1.054
62.315,1.054
62.345,1.062
62.375,1.051
62.405,1.053
62.435,1.061
62.465,1.056
62.495,1.047
62.525,1.056
62.555,1.053
62.585,1.050
62.615,1.052
62.645,1.056
62.675,1.059
62.705,1.061
62.735,1.043
62.765,1.049
62.795,1.066
62.825,1.064
62.855,1.047
62.885,1.046
62.915,1.050
62.945,1.049
62.975,1.056
63.005,1.061
63.035,1.056
63.065,1.053
63.095,1.053
63.125,1.053
63.155,1.053
63.185,1.051
63.215,1.053
63.245,1.050
63.275,1.049
63.305,1.053
63.335,1.046
63.365,1.046
63.395,1.050
63.425,1.056
63.455,1.061
63.485,1.060
63.515,1.050
63.545,1.046
63.575,1.054
63.605,1.059
63.635,1.050
63.665,1.047
63.695,1.053
63.725,1.050
63.755,1.054
63.785,1.053
63.815,1.054
63.845,1.056
63.875,1.058
63.905,1.054
63.935,1.058
63.965,1.047
63.995,1.049
64.025,1.048
64.055,1.056
64.085,1.051
64.115,1.050
64.145,1.053
64.175,1.050
64.205,1.053
64.235,1.060
64.265,1.053
64.295,1.049
64.325,1.053
64.355,1.054
64.385,1.053
64.415,1.051
64.445,1.050
64.475,1.049
64.505,1.049
64.535,1.053
64.565,1.054
64.595,1.053
64.625,1.050
64.655,1.054
64.685,1.051
64.715,1.046
64.745,1.056
64.775,1.054
64.805,1.053
64.835,1.054
64.865,1.053
64.895,1.050
64.925,1.057
64.955,1.057
64.985,1.050
65.015,1.047
65.045,1.054
65.075,1.054
65.105,1.054
65.135,1.050
65.165,1.051
65.195,1.053
65.225,1.056
65.255,1.050
65.285,1.049
65.315,1.053
65.345,1.050
65.375,1.050
65.405,1.051
65.435,1.053
65.465,1.051
65.495,1.051
65.525,1.050
65.555,1.054
65.585,1.049
65.615,1.051
65.645,1.053
65.675,1.049
65.705,1.049
65.735,1.054
65.765,1.057
65.795,1.050
65.825,1.053
65.855,1.051
65.885,1.050
65.915,1.051
65.945,1.056
65.975,1.051
66.005,1.053
66.035,1.056
66.065,1.049
66.095,1.047
66.125,1.058
66.155,1.049
66.185,1.051
66.215,1.054
66.245,1.053
66.275,1.054
66.305,1.053
66.335,1.046
66.365,1.053
66.395,1.054
66.425,1.051
66.455,1.051
66.485,1.050
66.515,1.053
66.545,1.057
66.575,1.050
66.605,1.050
66.635,1.051
66.665,1.049
66.695,1.047
66.725,1.056
66.755,1.056
66.785,1.051
66.815,1.056
66.845,1.046
66.875,1.054
66.905,1.056
66.935,1.047
66.965,1.047
66.995,1.049
67.025,1.056
67.055,1.050
67.085,1.049
67.115,1.056
67.145,1.049
67.175,1.051
67.205,1.051
67.235,1.050
67.265,1.054
67.295,1.050
67.325,1.049
67.355,1.050
67.385,1.057
67.415,1.051
67.445,1.059
67.475,1.049
67.505,1.047
67.535,1.050
67.565,1.053
67.595,1.051
67.625,1.054
67.655,1.049
67.685,1.050
67.715,1.053
67.745,1.053
67.775,1.051
67.805,1.047
67.835,1.049
67.865,1.052
67.895,1.053
67.925,1.047
67.955,1.050
67.985,1.050
68.015,1.050
68.045,1.054
68.075,1.049
68.105,1.050
68.135,1.046
68.165,1.047
68.195,1.059
68.225,1.053
68.255,1.053
68.285,1.051
68.315,1.050
68.345,1.050
68.375,1.053
68.405,1.051
68.435,1.054
68.465,1.050
68.495,1.049
68.525,1.052
68.555,1.049
68.585,1.050
68.615,1.053
68.645,1.050
68.675,1.046
68.705,1.052
68.735,1.054
68.765,1.053
68.795,1.050
68.825,1.050
68.855,1.051
68.885,1.046
68.915,1.049
68.945,1.054
68.975,1.050
69.005,1.050
69.035,1.053
69.065,1.049
69.095,1.046
69.125,1.052
69.155,1.045
69.185,1.052
69.215,1.056
69.245,1.049
69.275,1.057
69.305,1.050
69.335,1.040
69.365,1.053
69.395,1.052
69.425,1.051
69.455,1.054
69.485,1.049
69.515,1.047
69.545,1.052
69.575,1.052
69.605,1.052
69.635,1.047
69.665,1.042
69.695,1.052
69.725,1.053
69.755,1.052
69.785,1.049
69.815,1.048
69.845,1.062
69.875,1.052
69.905,1.046
69.935,1.047
69.965,1.053
69.995,1.047
70.025,1.049
70.055,1.059
70.085,1.053
70.115,1.047
70.145,1.053
70.175,1.053
70.205,1.054
70.235,1.046
70.265,1.043
70.295,1.053
70.325,1.044
70.355,1.057
70.385,1.050
70.415,1.050
70.445,1.052
70.475,1.049
70.505,1.053
70.535,1.052
70.565,1.050
70.595,1.050
70.625,1.050
70.655,1.053
70.685,1.049
70.715,1.047
70.745,1.053
70.775,1.052
70.805,1.052
70.835,1.050
70.865,1.045
70.895,1.049
70.925,1.052
70.955,1.052
70.985,1.057
71.015,1.050
71.045,1.047
71.075,1.047
71.105,1.054
71.135,1.053
71.165,1.054
71.195,1.052
71.225,1.046
71.255,1.053
71.285,1.056
71.315,1.052
71.345,1.045
71.375,1.049
71.405,1.054
71.435,1.050
71.465,1.053
71.495,1.053
71.525,1.050
71.555,1.049
71.585,1.051
71.615,1.051
71.645,1.047
71.675,1.050
71.705,1.052
71.735,1.052
71.765,1.050
71.795,1.049
71.825,1.050
71.855,1.049
71.885,1.046
71.915,1.052
71.945,1.052
71.975,1.056
72.005,1.047
72.035,1.050
72.065,1.050
72.095,1.049
72.125,1.050
72.155,1.056
72.185,1.050
72.215,1.044
72.245,1.049
72.275,1.057
72.305,1.049
72.335,1.043
72.365,1.056
72.395,1.051
72.425,1.046
72.455,1.052
72.485,1.050
72.515,1.050
72.545,1.053
72.575,1.050
72.605,1.049
72.635,1.049
72.665,1.050
72.695,1.053
72.725,1.052
72.755,1.047
72.785,1.049
72.815,1.053
72.845,1.052
72.875,1.056
72.905,1.049
72.935,1.052
72.965,1.050
72.995,1.050
73.025,1.051
73.055,1.052
73.085,1.049
73.115,1.046
73.145,1.053
73.175,1.057
73.205,1.049
73.235,1.050
73.265,1.050
73.295,1.050
73.325,1.051
73.355,1.053
73.385,1.052
73.415,1.050
73.445,1.051
73.475,1.052
73.505,1.054
73.535,1.050
73.565,1.049
73.595,1.050
73.625,1.046
73.655,1.052
73.685,1.054
73.715,1.052
73.745,1.053
73.775,1.050
73.805,1.047
73.835,1.056
73.865,1.056
73.895,1.053
73.925,1.053
73.955,1.046
73.985,1.050
74.015,1.058
74.045,1.049
74.075,1.051
74.105,1.050
74.135,1.044
74.165,1.050
74.195,1.054
74.225,1.054
74.255,1.047
74.285,1.052
74.315,1.056
74.345,1.047
74.375,1.054
74.405,1.051
74.435,1.049
74.465,1.054
74.495,1.054
74.525,1.050
74.555,1.046
74.585,1.050
74.615,1.054
74.645,1.049
74.675,1.058
74.705,1.050
74.735,1.046
74.765,1.053
74.795,1.050
74.825,1.053
74.855,1.053
74.885,1.051
74.915,1.050
74.945,1.049
74.975,1.058
75.005,1.054
75.035,1.046
75.065,1.051
75.095,1.054
75.125,1.051
75.155,1.056
75.185,1.056
75.215,1.047
75.245,1.051
75.275,1.056
75.305,1.050
75.335,1.050
75.365,1.050
75.395,1.054
75.425,1.050
75.455,1.051
75.485,1.053
75.515,1.050
75.545,1.051
75.575,1.050
75.605,1.058
75.635,1.051
75.665,1.049
75.695,1.051
75.725,1.054
75.755,1.053
75.785,1.054
75.815,1.058
75.845,1.050
75.875,1.046
75.905,1.058
75.935,1.054
75.965,1.051
75.995,1.050
76.025,1.051
76.055,1.051
76.085,1.051
76.115,1.054
76.145,1.056
76.175,1.050
76.205,1.051
76.235,1.054
76.265,1.054
76.295,1.050
76.325,1.051
76.355,1.057
76.385,1.054
76.415,1.053
76.445,1.049
76.475,1.050
76.505,1.056
76.535,1.053
76.565,1.056
76.595,1.053
76.625,1.053
76.655,1.047
76.685,1.050
76.715,1.055
76.745,1.058
76.775,1.048
76.805,1.048
76.835,1.054
76.865,1.057
76.895,1.053
76.925,1.048
76.955,1.053
76.985,1.056
77.015,1.054
77.045,1.053
77.075,1.054
77.105,1.056
77.135,1.054
77.165,1.054
77.195,1.053
77.225,1.051
77.255,1.051
77.285,1.048
77.315,1.051
77.345,1.057
77.375,1.048
77.405,1.053
77.435,1.057
77.465,1.048
77.495,1.048
77.525,1.057
77.555,1.054
77.585,1.054
77.615,1.054
77.645,1.054
77.675,1.048
77.705,1.054
77.735,1.060
77.765,1.048
77.795,1.047
77.825,1.053
77.855,1.051
77.885,1.054
77.915,1.054
77.945,1.051
77.975,1.054
78.005,1.053
78.035,1.053
78.065,1.051
78.095,1.047
78.125,1.053
78.155,1.054
78.185,1.049
78.215,1.061
78.245,1.054
78.275,1.048
78.305,1.048
78.335,1.053
78.365,1.053
78.395,1.051
78.425,1.057
78.455,1.054
78.485,1.047
78.515,1.061
78.545,1.054
78.575,1.047
78.605,1.051
78.635,1.053
78.665,1.053
78.695,1.055
78.725,1.058
78.755,1.053
78.785,1.048
78.815,1.053
78.845,1.051
78.875,1.047
78.905,1.053
78.935,1.053
78.965,1.054
78.995,1.054
79.025,1.048
79.055,1.056
79.085,1.057
79.115,1.054
79.145,1.051
79.175,1.055
79.205,1.054
79.235,1.050
79.265,1.054
79.295,1.046
79.325,1.050
79.355,1.060
79.385,1.050
79.415,1.053
79.445,1.048
79.475,1.048
79.505,1.054
79.535,1.057
79.565,1.051
79.595,1.053
79.625,1.055
79.655,1.053
79.685,1.051
79.715,1.050
79.745,1.054
79.775,1.053
79.805,1.050
79.835,1.051
79.865,1.058
79.895,1.053
79.925,1.050
79.955,1.057
79.985,1.058
80.015,1.051
80.045,1.048
80.075,1.054
80.105,1.055
80.135,1.054
80.165,1.051
80.195,1.046
80.225,1.048
80.255,1.061
80.285,1.056
80.315,1.051
80.345,1.057
80.375,1.050
80.405,1.050
80.435,1.058
80.465,1.056
80.495,1.050
80.525,1.054
80.555,1.056
80.585,1.056
80.615,1.050
80.645,1.048
80.675,1.048
80.705,1.054
80.735,1.057
80.765,1.050
80.795,1.057
80.825,1.053
80.855,1.046
80.885,1.053
80.915,1.056
80.945,1.058
80.975,1.053
81.005,1.050
81.035,1.050
81.065,1.054
81.095,1.054
81.125,1.046
81.155,1.050
81.185,1.056
81.215,1.048
81.245,1.054
81.275,1.053
81.305,1.053
81.335,1.054
81.365,1.050
81.395,1.054
81.425,1.056
81.455,1.046
81.485,1.057
81.515,1.057
81.545,1.047
81.575,1.046
81.605,1.056
81.635,1.053
81.665,1.056
81.695,1.054
81.725,1.049
81.755,1.051
81.785,1.060
81.815,1.051
81.845,1.054
81.875,1.054
81.905,1.051
81.935,1.053
81.965,1.054
81.995,1.053
82.025,1.054
82.055,1.055
82.085,1.051
82.115,1.050
82.145,1.051
82.175,1.051
82.205,1.054
82.235,1.056
82.265,1.054
82.295,1.047
82.325,1.050
82.355,1.051
82.385,1.057
82.415,1.053
82.445,1.051
82.475,1.046
82.505,1.056
82.535,1.054
82.565,1.050
82.595,1.051
82.625,1.050
82.655,1.056
82.685,1.054
82.715,1.056
82.745,1.051
82.775,1.050
82.805,1.055
82.835,1.053
82.865,1.050
82.895,1.048
82.925,1.053
82.955,1.056
82.985,1.053
83.015,1.057
83.045,1.048
83.075,1.048
83.105,1.050
83.135,1.058
83.165,1.051
83.195,1.056
83.225,1.053
83.255,1.047
83.285,1.057
83.315,1.054
83.345,1.054
83.375,1.053
83.405,1.048
83.435,1.054
83.465,1.056
83.495,1.053
83.525,1.054
83.555,1.048
83.585,1.054
83.615,1.053
83.645,1.051
83.675,1.050
83.705,1.051
83.735,1.051
83.765,1.054
83.795,1.053
83.825,1.058
83.855,1.054
83.885,1.051
83.915,1.050
83.945,1.053
83.975,1.054
84.005,1.054
84.035,1.051
84.065,1.047
84.095,1.048
84.125,1.058
84.155,1.051
84.185,1.049
84.215,1.054
84.245,1.051
84.275,1.053
84.305,1.050
84.335,1.054
84.365,1.051
84.395,1.051
84.425,1.054
84.455,1.050
84.485,1.046
84.515,1.056
84.545,1.056
84.575,1.057
84.605,1.057
84.635,1.057
84.665,1.049
84.695,1.053
84.725,1.054
84.755,1.054
84.785,1.056
84.815,1.049
84.845,1.043
84.875,1.058
84.905,1.060
84.935,1.048
84.965,1.051
84.995,1.053
85.025,1.049
85.055,1.051
85.085,1.054
85.115,1.053
85.145,1.056
85.175,1.057
85.205,1.053
85.235,1.050
85.265,1.051
85.295,1.050
85.325,1.056
85.355,1.058
85.385,1.044
85.415,1.048
85.445,1.050
85.475,1.050
85.505,1.054
85.535,1.056
85.565,1.050
85.595,1.049
85.625,1.058
85.655,1.050
85.685,1.050
85.715,1.048
85.745,1.058
85.775,1.047
85.805,1.048
85.835,1.060
85.865,1.051
85.895,1.050
85.925,1.054
85.955,1.054
85.985,1.050
86.015,1.048
86.045,1.053
86.075,1.056
86.105,1.053
86.135,1.054
86.165,1.057
86.195,1.046
86.225,1.050
86.255,1.051
86.285,1.051
86.315,1.056
86.345,1.049
86.375,1.050
86.405,1.051
86.435,1.058
86.465,1.054
86.495,1.046
86.525,1.054
86.555,1.047
86.585,1.054
86.615,1.058
86.645,1.050
86.675,1.053
86.705,1.054
86.735,1.051
86.765,1.054
86.795,1.053
86.825,1.051
86.855,1.056
86.885,1.051
86.915,1.050
86.945,1.053
86.975,1.050
87.005,1.054
87.035,1.054
87.065,1.053
87.095,1.051
87.125,1.057
87.155,1.053
87.185,1.054
87.215,1.051
87.245,1.046
87.275,1.060
87.305,1.055
87.335,1.054
87.365,1.048
87.395,1.051
87.425,1.051
87.455,1.054
87.485,1.053
87.515,1.053
87.545,1.055
87.575,1.053
87.605,1.050
87.635,1.057
87.665,1.051
87.695,1.053
87.725,1.057
87.755,1.053
87.785,1.051
87.815,1.055
87.845,1.054
87.875,1.058
87.905,1.058
87.935,1.057
87.965,1.048
87.995,1.050
88.025,1.050
88.055,1.048
88.085,1.057
88.115,1.051
88.145,1.044
88.175,1.055
88.205,1.058
88.235,1.047
88.265,1.050
88.295,1.055
88.325,1.051
88.355,1.050
88.385,1.060
88.415,1.060
88.445,1.054
88.475,1.055
88.505,1.050
88.535,1.053
88.565,1.054
88.595,1.048
88.625,1.051
88.655,1.051
88.685,1.057
88.715,1.051
88.745,1.058
88.775,1.056
88.805,1.050
88.835,1.048
88.865,1.054
88.895,1.054
88.925,1.054
88.955,1.053
88.985,1.047
89.015,1.053
89.045,1.056
89.075,1.051
89.105,1.051
89.135,1.050
89.165,1.049
89.195,1.056
89.225,1.051
89.255,1.053
89.285,1.058
89.315,1.051
89.345,1.051
89.375,1.054
89.405,1.051
89.435,1.053
89.465,1.050
89.495,1.053
89.525,1.056
89.555,1.053
89.585,1.056
89.615,1.051
89.645,1.051
89.675,1.051
89.705,1.053
89.735,1.053
89.765,1.054
89.795,1.057
89.825,1.049
89.855,1.051
89.885,1.054
89.915,1.051
89.945,1.051
89.975,1.051
90.005,1.050
90.035,1.056
90.065,1.063
90.095,1.049
90.125,1.043
90.155,1.050
90.185,1.058
90.215,1.055
90.245,1.053
90.275,1.047
90.305,1.050
90.335,1.050
90.365,1.056
90.395,1.053
90.425,1.051
90.455,1.052
90.485,1.050
90.515,1.066
90.545,1.054
90.575,1.045
90.605,1.035
90.635,1.045
90.665,1.054
90.695,1.050
90.725,1.053
90.755,1.042
90.785,1.045
90.815,1.048
90.845,1.048
90.875,1.048
90.905,1.055
90.935,1.050
90.965,1.048
90.995,1.053
91.025,1.048
91.055,1.045
91.085,1.056
91.115,1.048
91.145,1.047
91.175,1.048
91.205,1.052
91.235,1.054
91.265,1.056
91.295,1.052
91.325,1.047
91.355,1.052
91.385,1.056
91.415,1.053
91.445,1.049
91.475,1.050
91.505,1.049
91.535,1.052
91.565,1.053
91.595,1.049
91.625,1.052
91.655,1.053
91.685,1.045
91.715,1.049
91.745,1.053
91.775,1.056
91.805,1.054
91.835,1.050
91.865,1.049
91.895,1.054
91.925,1.056
91.955,1.053
91.985,1.048
92.015,1.052
92.045,1.050
92.075,1.049
92.105,1.050
92.135,1.049
92.165,1.047
92.195,1.049
92.225,1.053
92.255,1.055
92.285,1.053
92.315,1.053
92.345,1.046
92.375,1.046
92.405,1.046
92.435,1.059
92.465,1.052
92.495,1.047
92.525,1.052
92.555,1.050
92.585,1.050
92.615,1.054
92.645,1.047
92.675,1.050
92.705,1.052
92.735,1.050
92.765,1.050
92.795,1.052
92.825,1.047
92.855,1.043
92.885,1.053
92.915,1.055
92.945,1.052
92.975,1.050
93.005,1.050
93.035,1.050
93.065,1.046
93.095,1.054
93.125,1.054
93.155,1.045
93.185,1.045
93.215,1.056
93.245,1.055
93.275,1.045
93.305,1.055
93.335,1.049
93.365,1.050
93.395,1.053
93.425,1.049
93.455,1.052
93.485,1.053
93.515,1.046
93.545,1.053
93.575,1.053
93.605,1.052
93.635,1.048
93.665,1.053
93.695,1.057
93.725,1.050
93.755,1.052
93.785,1.049
93.815,1.047
93.845,1.047
93.875,1.050
93.905,1.055
93.935,1.050
93.965,1.048
93.995,1.053
94.025,1.050
94.055,1.049
94.085,1.052
94.115,1.050
94.145,1.050
94.175,1.053
94.205,1.052
94.235,1.047
94.265,1.053
94.295,1.054
94.325,1.053
94.355,1.047
94.385,1.053
94.415,1.055
94.445,1.040
94.475,1.047
94.505,1.053
94.535,1.050
94.565,1.053
94.595,1.053
94.625,1.043
94.655,1.053
94.685,1.054
94.715,1.050
94.745,1.043
94.775,1.049
94.805,1.049
94.835,1.050
94.865,1.053
94.895,1.048
94.925,1.049
94.955,1.055
94.985,1.050
95.015,1.049
95.045,1.050
95.075,1.050
95.105,1.052
95.135,1.054
95.165,1.055
95.195,1.045
95.225,1.049
95.255,1.056
95.285,1.050
95.315,1.049
95.345,1.052
95.375,1.049
95.405,1.048
95.435,1.052
95.465,1.052
95.495,1.052
95.525,1.046
95.555,1.052
95.585,1.050
95.615,1.050
95.645,1.050
95.675,1.052
95.705,1.050
95.735,1.050
95.765,1.049
95.795,1.049
95.825,1.053
95.855,1.049
95.885,1.050
95.915,1.052
95.945,1.049
95.975,1.048
96.005,1.050
96.035,1.050
96.065,1.057
96.095,1.052
96.125,1.045
96.155,1.052
96.185,1.049
96.215,1.054
96.245,1.056
96.275,1.045
96.305,1.052
96.335,1.055
96.365,1.052
96.395,1.050
96.425,1.049
96.455,1.050
96.485,1.050
96.515,1.050
96.545,1.056
96.575,1.053
96.605,1.046
96.635,1.050
96.665,1.053
96.695,1.050
96.725,1.047
96.755,1.047
96.785,1.054
96.815,1.048
96.845,1.053
96.875,1.053
96.905,1.045
96.935,1.047
96.965,1.052
96.995,1.047
97.025,1.053
97.055,1.049
97.085,1.045
97.115,1.048
97.145,1.055
97.175,1.053
97.205,1.046
97.235,1.048
97.265,1.053
97.295,1.053
97.325,1.046
97.355,1.050
97.385,1.054
97.415,1.050
97.445,1.052
97.475,1.049
97.505,1.053
97.535,1.052
97.565,1.055
97.595,1.052
97.625,1.049
97.655,1.046
97.685,1.052
97.715,1.053
97.745,1.053
97.775,1.052
97.805,1.045
97.835,1.049
97.865,1.062
97.895,1.049
97.925,1.046
97.955,1.053
97.985,1.047
98.015,1.045
98.045,1.052
98.075,1.052
98.105,1.049
98.135,1.053
98.165,1.052
98.195,1.052
98.225,1.050
98.255,1.046
98.285,1.053
98.315,1.057
98.345,1.050
98.375,1.052
98.405,1.047
98.435,1.053
98.465,1.053
98.495,1.053
98.525,1.049
98.555,1.046
98.585,1.055
98.615,1.057
98.645,1.045
98.675,1.049
98.705,1.053
98.735,1.047
98.765,1.050
98.795,1.052
98.825,1.052
98.855,1.049
98.885,1.049
98.915,1.049
98.945,1.054
98.975,1.049
99.005,1.050
99.035,1.055
99.065,1.049
99.095,1.050
99.125,1.053
99.155,1.057
99.185,1.050
99.215,1.043
99.245,1.052
99.275,1.054
99.305,1.050
99.335,1.050
99.365,1.048
99.395,1.049
99.425,1.055
99.455,1.052
99.485,1.049
99.515,1.047
99.545,1.053
99.575,1.052
99.605,1.049
99.635,1.053
99.665,1.050
99.695,1.050
99.725,1.052
99.755,1.047
99.785,1.052
99.815,1.047
99.845,1.052
99.875,1.055
99.905,1.047
99.935,1.050
99.965,1.052
99.995,1.050
100.025,1.054
100.055,1.053
100.085,1.050
100.115,1.048
100.145,1.047
100.175,1.056
100.205,1.053
100.235,1.050
100.265,1.048
100.295,1.050
100.325,1.052
100.355,1.048
100.385,1.043
100.415,1.050
100.445,1.052
100.475,1.052
100.505,1.051
100.535,1.050
100.565,1.048
100.595,1.058
100.625,1.049
100.655,1.043
100.685,1.046
100.715,1.050
100.745,1.052
100.775,1.050
100.805,1.053
100.835,1.050
100.865,1.049
100.895,1.046
100.925,1.050
100.955,1.053
100.985,1.050
101.015,1.053
101.045,1.045
101.075,1.052
101.105,1.055
101.135,1.048
101.165,1.049
101.195,1.050
101.225,1.049
101.255,1.052
101.285,1.049
101.315,1.052
101.345,1.052
101.375,1.053
101.405,1.053
101.435,1.048
101.465,1.050
101.495,1.056
101.525,1.048
101.555,1.057
101.585,1.055
101.615,1.045
101.645,1.048
101.675,1.048
101.705,1.049
101.735,1.056
101.765,1.048
101.795,1.043
101.825,1.045
101.855,1.056
101.885,1.056
101.915,1.045
101.945,1.051
101.975,1.056
102.005,1.045
102.035,1.050
102.065,1.055
102.095,1.048
102.125,1.047
102.155,1.053
102.185,1.049
102.215,1.053
102.245,1.049
102.275,1.046
102.305,1.048
102.335,1.049
102.365,1.053
102.395,1.052
102.425,1.051
102.455,1.052
102.485,1.043
102.515,1.051
102.545,1.050
102.575,1.050
102.605,1.051
102.635,1.044
102.665,1.052
102.695,1.058
102.725,1.049
102.755,1.048
102.785,1.052
102.815,1.049
102.845,1.050
102.875,1.053
102.905,1.052
102.935,1.046
102.965,1.048
102.995,1.053
103.025,1.048
103.055,1.048
103.085,1.055
103.115,1.048
103.145,1.049
103.175,1.052
103.205,1.046
103.235,1.050
103.265,1.059
103.295,1.051
103.325,1.051
103.355,1.046
103.385,1.049
103.415,1.053
103.445,1.052
103.475,1.050
103.505,1.045
103.535,1.051
103.565,1.058
103.595,1.046
103.625,1.046
103.655,1.051
103.685,1.051
103.715,1.051
103.745,1.052
103.775,1.053
103.805,1.049
103.835,1.053
103.865,1.048
103.895,1.051
103.925,1.049
103.955,1.046
103.985,1.049
104.015,1.052
104.045,1.048
104.075,1.049
104.105,1.049
104.135,1.048
104.165,1.049
104.195,1.054
104.225,1.047
104.255,1.051
104.285,1.044
104.315,1.049
104.345,1.057
104.375,1.049
104.405,1.043
104.435,1.047
104.465,1.054
104.495,1.050
104.525,1.048
104.555,1.050
104.585,1.052
104.615,1.052
104.645,1.048
104.675,1.048
104.705,1.052
104.735,1.049
104.765,1.051
104.795,1.051
104.825,1.049
104.855,1.042
104.885,1.053
104.915,1.051
104.945,1.044
104.975,1.056
105.005,1.051
105.035,1.045
105.065,1.049
105.095,1.051
105.125,1.049
105.155,1.051
105.185,1.049
105.215,1.045
105.245,1.047
105.275,1.055
105.305,1.048
105.335,1.050
105.365,1.047
105.395,1.050
105.425,1.048
105.455,1.052
105.485,1.048
105.515,1.050
105.545,1.054
105.575,1.050
105.605,1.047
105.635,1.052
105.665,1.047
105.695,1.038
105.725,1.055
105.755,1.051
105.785,1.049
105.815,1.058
105.845,1.048
105.875,1.047
105.905,1.049
105.935,1.051
105.965,1.051
105.995,1.052
106.025,1.048
106.055,1.040
106.085,1.054
106.115,1.059
106.145,1.049
106.175,1.048
106.205,1.049
106.235,1.048
106.265,1.048
106.295,1.049
106.325,1.051
106.355,1.048
106.385,1.048
106.415,1.048
106.445,1.047
106.475,1.051
106.505,1.048
106.535,1.047
106.565,1.050
106.595,1.051
106.625,1.050
106.655,1.047
106.685,1.047
106.715,1.051
106.745,1.057
106.775,1.054
106.805,1.045
106.835,1.047
106.865,1.054
106.895,1.051
106.925,1.048
106.955,1.052
106.985,1.052
107.015,1.038
107.045,1.058
107.075,1.048
107.105,1.051
107.135,1.050
107.165,1.044
107.195,1.052
107.225,1.050
107.255,1.048
107.285,1.053
107.315,1.052
107.345,1.041
107.375,1.045
107.405,1.048
107.435,1.054
107.465,1.048
107.495,1.046
107.525,1.051
107.555,1.048
107.585,1.049
107.615,1.051
107.645,1.045
107.675,1.052
107.705,1.052
107.735,1.051
107.765,1.052
107.795,1.050
107.825,1.047
107.855,1.048
107.885,1.054
107.915,1.051
107.945,1.052
107.975,1.050
108.005,1.043
108.035,1.052
108.065,1.057
108.095,1.048
108.125,1.045
108.155,1.045
108.185,1.052
108.215,1.045
108.245,1.054
108.275,1.048
108.305,1.051
108.335,1.049
108.365,1.048
108.395,1.045
108.425,1.049
108.455,1.050
108.485,1.047
108.515,1.048
108.545,1.047
108.575,1.051
108.605,1.048
108.635,1.050
108.665,1.055
108.695,1.044
108.725,1.047
108.755,1.048
108.785,1.047
108.815,1.051
108.845,1.049
108.875,1.052
108.905,1.044
108.935,1.051
108.965,1.052
108.995,1.047
109.025,1.048
109.055,1.045
109.085,1.051
109.115,1.051
109.145,1.050
109.175,1.050
109.205,1.050
109.235,1.048
109.265,1.051
109.295,1.044
109.325,1.046
109.355,1.048
109.385,1.047
109.415,1.051
109.445,1.055
109.475,1.047
109.505,1.045
109.535,1.051
109.565,1.045
109.595,1.053
109.625,1.050
109.655,1.048
109.685,1.043
109.715,1.051
109.745,1.057
109.775,1.046
109.805,1.041
109.835,1.050
109.865,1.049
109.895,1.047
109.925,1.053
109.955,1.048
109.985,1.047
110.015,1.048
110.045,1.051
110.075,1.047
110.105,1.044
110.135,1.049
110.165,1.050
110.195,1.047
110.225,1.053
110.255,1.050
110.285,1.046
110.315,1.044
110.345,1.045
110.375,1.054
110.405,1.047
110.435,1.055
110.465,1.047
110.495,1.040
110.525,1.057
110.555,1.054
110.585,1.047
110.615,1.048
110.645,1.050
110.675,1.046
110.705,1.051
110.735,1.054
110.765,1.048
110.795,1.054
110.825,1.047
110.855,1.047
110.885,1.051
110.915,1.048
110.945,1.046
110.975,1.053
111.005,1.050
111.035,1.048
111.065,1.048
111.095,1.051
111.125,1.044
111.155,1.051
111.185,1.054
111.215,1.047
111.245,1.044
111.275,1.052
111.305,1.052
111.335,1.043
111.365,1.050
111.395,1.050
111.425,1.046
111.455,1.050
111.485,1.050
111.515,1.044
111.545,1.053
111.575,1.051
111.605,1.046
111.635,1.054
111.665,1.050
111.695,1.047
111.725,1.047
111.755,1.048
111.785,1.052
111.815,1.051
111.845,1.047
111.875,1.045
111.905,1.053
111.935,1.051
111.965,1.047
111.995,1.050
112.025,1.047
112.055,1.051
112.085,1.047
112.115,1.055
112.145,1.051
112.175,1.047
112.205,1.048
112.235,1.057
112.265,1.047
112.295,1.049
112.325,1.047
112.355,1.044
112.385,1.049
112.415,1.058
112.445,1.051
112.475,1.044
112.505,1.048
112.535,1.049
112.565,1.049
112.595,1.052
112.625,1.051
112.655,1.048
112.685,1.048
112.715,1.044
112.745,1.049
112.775,1.055
112.805,1.046
112.835,1.044
112.865,1.054
112.895,1.050
112.925,1.045
112.955,1.057
112.985,1.048
113.015,1.045
113.045,1.048
113.075,1.047
113.105,1.051
113.135,1.054
113.165,1.047
113.195,1.043
113.225,1.047
113.255,1.055
113.285,1.050
113.315,1.047
113.345,1.047
113.375,1.048
113.405,1.049
113.435,1.050
113.465,1.050
113.495,1.052
113.525,1.050
113.555,1.048
113.585,1.053
113.615,1.047
113.645,1.047
113.675,1.054
113.705,1.046
113.735,1.044
113.765,1.058
113.795,1.051
113.825,1.047
113.855,1.044
113.885,1.048
113.915,1.054
113.945,1.047
113.975,1.047
114.005,1.047
114.035,1.045
114.065,1.050
114.095,1.051
114.125,1.048
114.155,1.048
114.185,1.048
114.215,1.048
114.245,1.054
114.275,1.052
114.305,1.053
114.335,1.047
114.365,1.049
114.395,1.049
114.425,1.045
114.455,1.051
114.485,1.048
114.515,1.047
114.545,1.050
114.575,1.047
114.605,1.048
114.635,1.055
114.665,1.045
114.695,1.047
114.725,1.050
114.755,1.045
114.785,1.049
114.815,1.052
114.845,1.052
114.875,1.040
114.905,1.054
114.935,1.054
114.965,1.048
114.995,1.047
115.025,1.047
115.055,1.051
115.085,1.052
115.115,1.045
115.145,1.048
115.175,1.052
115.205,1.048
115.235,1.048
115.265,1.051
115.295,1.045
115.325,1.048
115.355,1.051
115.385,1.051
115.415,1.054
115.445,1.047
115.475,1.044
115.505,1.051
115.535,1.047
115.565,1.057
115.595,1.048
115.625,1.043
115.655,1.048
115.685,1.049
115.715,1.048
115.745,1.054
115.775,1.050
115.805,1.038
115.835,1.052
115.865,1.054
115.895,1.047
115.925,1.047
115.955,1.048
115.985,1.050
116.015,1.047
116.045,1.051
116.075,1.047
116.105,1.047
116.135,1.050
116.165,1.045
116.195,1.048
116.225,1.050
116.255,1.044
116.285,1.048
116.315,1.055
116.345,1.051
116.375,1.051
116.405,1.051
116.435,1.044
116.465,1.045
116.495,1.045
116.525,1.055
116.555,1.048
116.585,1.047
116.615,1.045
116.645,1.047
116.675,1.057
116.705,1.051
116.735,1.050
116.765,1.048
116.795,1.048
116.825,1.045
116.855,1.052
116.885,1.049
116.915,1.047
116.945,1.052
116.975,1.051
117.005,1.051
117.035,1.049
117.065,1.051
117.095,1.047
117.125,1.051
117.155,1.050
117.185,1.055
117.215,1.054
117.245,1.049
117.275,1.046
117.305,1.045
117.335,1.054
117.365,1.042
117.395,1.055
117.425,1.060
117.455,1.052
117.485,1.059
117.515,1.055
117.545,1.055
117.575,1.049
117.605,1.051
117.635,1.048
117.665,1.056
117.695,1.050
117.725,1.052
117.755,1.055
117.785,1.049
117.815,1.050
117.845,1.054
117.875,1.055
117.905,1.055
117.935,1.056
117.965,1.053
117.995,1.049
118.025,1.044
118.055,1.046
118.085,1.055
118.115,1.051
118.145,1.053
118.175,1.059
118.205,1.052
118.235,1.056
118.265,1.056
118.295,1.050
118.325,1.054
118.355,1.050
118.385,1.056
118.415,1.058
118.445,1.055
118.475,1.056
118.505,1.049
118.535,1.053
118.565,1.056
118.595,1.054
118.625,1.053
118.655,1.054
118.685,1.056
118.715,1.056
118.745,1.057
118.775,1.056
118.805,1.054
118.835,1.055
118.865,1.055
118.895,1.059
118.925,1.061
118.955,1.054
118.985,1.054
119.015,1.059
119.045,1.062
119.075,1.061
119.105,1.056
119.135,1.052
119.165,1.054
119.195,1.055
119.225,1.058
119.255,1.053
119.285,1.054
119.315,1.059
119.345,1.056
119.375,1.059
119.405,1.059
119.435,1.055
119.465,1.057
119.495,1.060
119.525,1.057
119.555,1.058
119.585,1.057
119.615,1.061
119.645,1.057
119.675,1.056
119.705,1.050
119.735,1.058
119.765,1.058
119.795,1.051
119.825,1.057
119.855,1.057
119.885,1.057
119.915,1.057
119.945,1.065
119.975,1.053
120.005,1.053
120.035,1.064
120.065,1.061
120.095,1.054
120.125,1.052
120.155,1.060
120.185,1.059
120.215,1.058
120.245,1.062
120.275,1.055
120.305,1.052
120.335,1.053
120.365,1.057
120.395,1.060
120.425,1.053
120.455,1.063
120.485,1.058
120.515,1.057
120.545,1.057
120.575,1.055
120.605,1.062
120.635,1.058
120.665,1.054
120.695,1.055
120.725,1.057
120.755,1.055
120.785,1.063
120.815,1.057
120.845,1.055
120.875,1.056
120.905,1.055
120.935,1.058
120.965,1.050
120.995,1.048
121.025,1.070
121.055,1.059
121.085,1.066
121.115,1.067
121.145,1.073
121.175,1.057
121.205,1.048
121.235,1.038
121.265,1.036
121.295,1.049
121.325,1.066
121.355,1.076
121.385,1.069
121.415,1.055
121.445,1.046
121.475,1.042
121.505,1.051
121.535,1.060
121.565,1.071
121.595,1.072
121.625,1.059
121.655,1.043
121.685,1.047
121.715,1.056
121.745,1.061
121.775,1.063
121.805,1.062
121.835,1.055
121.865,1.048
121.895,1.051
121.925,1.058
121.955,1.062
121.985,1.066
122.015,1.062
122.045,1.049
122.075,1.046
122.105,1.058
122.135,1.058
122.165,1.065
122.195,1.062
122.225,1.055
122.255,1.059
122.285,1.054
122.315,1.050
122.345,1.060
122.375,1.059
122.405,1.060
122.435,1.057
122.465,1.054
122.495,1.062
122.525,1.056
122.555,1.062
122.585,1.060
122.615,1.054
122.645,1.053
122.675,1.053
122.705,1.058
122.735,1.058
122.765,1.060
122.795,1.054
122.825,1.056
122.855,1.064
122.885,1.059
122.915,1.052
122.945,1.053
122.975,1.050
123.005,1.049
123.035,1.054
123.065,1.057
123.095,1.062
123.125,1.054
123.155,1.059
123.185,1.064
123.215,1.068
123.245,1.061
123.275,1.056
123.305,1.054
123.335,1.051
123.365,1.056
123.395,1.056
123.425,1.054
123.455,1.048
123.485,1.040
123.515,1.048
123.545,1.062
123.575,1.063
123.605,1.063
123.635,1.062
123.665,1.051
123.695,1.050
123.725,1.045
123.755,1.046
123.785,1.058
123.815,1.055
123.845,1.058
123.875,1.062
123.905,1.057
123.935,1.055
123.965,1.053
123.995,1.055
124.025,1.056
124.055,1.058
124.085,1.059
124.115,1.058
124.145,1.056
124.175,1.047
124.205,1.050
124.235,1.062
124.265,1.061
124.295,1.057
124.325,1.054
124.355,1.051
124.385,1.051
124.415,1.063
124.445,1.053
124.475,1.059
124.505,1.057
124.535,1.048
124.565,1.059
124.595,1.061
124.625,1.053
124.655,1.054
124.685,1.057
124.715,1.056
124.745,1.054
124.775,1.060
124.805,1.053
124.835,1.051
124.865,1.060
124.895,1.054
124.925,1.060
124.955,1.062
124.985,1.056
125.015,1.059
125.045,1.059
125.075,1.056
125.105,1.058
125.135,1.057
125.165,1.054
125.195,1.059
125.225,1.058
125.255,1.056
125.285,1.057
125.315,1.057
125.345,1.060
125.375,1.060
125.405,1.059
125.435,1.045
125.465,1.062
125.495,1.063
125.525,1.052
125.555,1.052
125.585,1.054
125.615,1.061
125.645,1.058
125.675,1.061
125.705,1.061
125.735,1.054
125.765,1.058
125.795,1.054
125.825,1.051
125.855,1.054
125.885,1.053
125.915,1.060
125.945,1.054
125.975,1.062
126.005,1.054
126.035,1.053
126.065,1.057
126.095,1.057
126.125,1.062
126.155,1.058
126.185,1.053
126.215,1.053
126.245,1.056
126.275,1.055
126.305,1.059
126.335,1.061
126.365,1.053
126.395,1.048
126.425,1.060
126.455,1.061
126.485,1.055
126.515,1.052
126.545,1.058
126.575,1.058
126.605,1.053
126.635,1.061
126.665,1.061
126.695,1.055
126.725,1.055
126.755,1.058
126.785,1.055
126.815,1.058
126.845,1.057
126.875,1.059
126.905,1.058
126.935,1.059
126.965,1.056
126.995,1.057
127.025,1.059
127.055,1.056
127.085,1.064
127.115,1.058
127.145,1.054
127.175,1.052
127.205,1.058
127.235,1.057
127.265,1.058
127.295,1.057
127.325,1.049
127.355,1.058
127.385,1.062
127.415,1.055
127.445,1.056
127.475,1.058
127.505,1.055
127.535,1.055
127.565,1.060
127.595,1.059
127.625,1.055
127.655,1.054
127.685,1.062
127.715,1.056
127.745,1.056
127.775,1.056
127.805,1.056
127.835,1.057
127.865,1.056
127.895,1.053
127.925,1.055
127.955,1.060
127.985,1.058
128.015,1.059
128.045,1.057
128.075,1.057
128.105,1.056
128.135,1.052
128.165,1.063
128.195,1.060
128.225,1.055
128.255,1.053
128.285,1.060
128.315,1.062
128.345,1.057
128.375,1.057
128.405,1.058
128.435,1.058
128.465,1.055
128.495,1.056
128.525,1.060
128.555,1.054
128.585,1.060
128.615,1.056
128.645,1.055
128.675,1.058
128.705,1.051
128.735,1.060
128.765,1.061
128.795,1.059
128.825,1.056
128.855,1.057
128.885,1.051
128.915,1.057
128.945,1.057
128.975,1.056
129.005,1.057
129.035,1.058
129.065,1.053
129.095,1.053
129.125,1.061
129.155,1.056
129.185,1.048
129.215,1.058
129.245,1.061
129.275,1.058
129.305,1.056
129.335,1.058
129.365,1.058
129.395,1.059
129.425,1.054
129.455,1.054
129.485,1.057
129.515,1.056
129.545,1.057
129.575,1.059
129.605,1.052
129.635,1.054
129.665,1.061
129.695,1.057
129.725,1.057
129.755,1.056
129.785,1.053
129.815,1.053
129.845,1.060
129.875,1.058
129.905,1.050
129.935,1.056
129.965,1.058
129.995,1.055
130.025,1.058
130.055,1.060
130.085,1.062
130.115,1.057
130.145,1.058
130.175,1.056
130.205,1.054
130.235,1.059
130.265,1.058
130.295,1.062
130.325,1.054
130.355,1.054
130.385,1.051
130.415,1.060
130.445,1.058
130.475,1.058
130.505,1.056
130.535,1.047
130.565,1.057
130.595,1.062
130.625,1.053
130.655,1.050
130.685,1.058
130.715,1.057
130.745,1.060
130.775,1.058
130.805,1.055
130.835,1.060
130.865,1.060
130.895,1.051
130.925,1.058
130.955,1.059
130.985,1.056
131.015,1.059
131.045,1.054
131.075,1.056
131.105,1.059
131.135,1.056
131.165,1.057
131.195,1.062
131.225,1.049
131.255,1.057
131.285,1.054
131.315,1.056
131.345,1.055
131.375,1.062
131.405,1.057
131.435,1.047
131.465,1.060
131.495,1.062
131.525,1.054
131.555,1.054
131.585,1.060
131.615,1.057
131.645,1.060
131.675,1.057
131.705,1.058
131.735,1.061
131.765,1.055
131.795,1.058
131.825,1.058
131.855,1.057
131.885,1.054
131.915,1.057
131.945,1.057
131.975,1.053
132.005,1.055
132.035,1.058
132.065,1.054
132.095,1.059
132.125,1.057
132.155,1.055
132.185,1.060
132.215,1.054
132.245,1.057
132.275,1.058
132.305,1.061
132.335,1.055
132.365,1.052
132.395,1.057
132.425,1.060
132.455,1.059
132.485,1.058
132.515,1.058
132.545,1.057
132.575,1.054
132.605,1.061
132.635,1.057
132.665,1.055
132.695,1.057
132.725,1.055
132.755,1.053
132.785,1.058
132.815,1.055
132.845,1.058
132.875,1.055
132.905,1.056
132.935,1.059
132.965,1.054
132.995,1.059
133.025,1.058
133.055,1.056
133.085,1.057
133.115,1.056
133.145,1.058
133.175,1.057
133.205,1.055
133.235,1.057
133.265,1.055
133.295,1.055
133.325,1.052
133.355,1.061
133.385,1.056
133.415,1.052
133.445,1.056
133.475,1.057
133.505,1.058
133.535,1.059
133.565,1.062
133.595,1.058
133.625,1.054
133.655,1.062
133.685,1.056
133.715,1.049
133.745,1.055
133.775,1.057
133.805,1.056
133.835,1.058
133.865,1.061
133.895,1.055
133.925,1.059
133.955,1.061
133.985,1.054
134.015,1.059
134.045,1.057
134.075,1.051
134.105,1.057
134.135,1.057
134.165,1.053
134.195,1.057
134.225,1.061
134.255,1.062
134.285,1.055
134.315,1.051
134.345,1.054
134.375,1.057
134.405,1.055
134.435,1.058
134.465,1.057
134.495,1.053
134.525,1.056
134.555,1.062
134.585,1.060
134.615,1.057
134.645,1.050
134.675,1.058
134.705,1.054
134.735,1.057
134.765,1.054
134.795,1.057
134.825,1.062
134.855,1.052
134.885,1.057
134.915,1.058
134.945,1.054
134.975,1.056
135.005,1.057
135.035,1.054
135.065,1.061
135.095,1.059
135.125,1.055
135.155,1.053
135.185,1.051
135.215,1.057
135.245,1.060
135.275,1.052
135.305,1.061
135.335,1.057
135.365,1.051
135.395,1.058
135.425,1.065
135.455,1.051
135.485,1.056
135.515,1.054
135.545,1.055
135.575,1.060
135.605,1.055
135.635,1.055
135.665,1.057
135.695,1.055
135.725,1.057
135.755,1.055
135.785,1.056
135.815,1.057
135.845,1.056
135.875,1.057
135.905,1.057
135.935,1.057
135.965,1.054
135.995,1.062
136.025,1.057
136.055,1.054
136.085,1.058
136.115,1.058
136.145,1.055
136.175,1.058
136.205,1.055
136.235,1.055
136.265,1.049
136.295,1.058
136.325,1.059
136.355,1.058
136.385,1.058
136.415,1.056
136.445,1.050
136.475,1.061
136.505,1.060
136.535,1.053
136.565,1.055
136.595,1.054
136.625,1.060
136.655,1.055
136.685,1.058
136.715,1.060
136.745,1.060
136.775,1.057
136.805,1.052
136.835,1.060
136.865,1.051
136.895,1.056
136.925,1.060
136.955,1.057
136.985,1.057
137.015,1.054
137.045,1.057
137.075,1.063
137.105,1.054
137.135,1.053
137.165,1.060
137.195,1.056
137.225,1.054
137.255,1.058
137.285,1.060
137.315,1.053
137.345,1.058
137.375,1.057
137.405,1.055
137.435,1.058
137.465,1.059
137.495,1.053
137.525,1.049
137.555,1.057
137.585,1.061
137.615,1.054
137.645,1.054
137.675,1.055
137.705,1.055
137.735,1.058
137.765,1.062
137.795,1.054
137.825,1.051
137.855,1.057
137.885,1.056
137.915,1.056
137.945,1.053
137.975,1.058
138.005,1.055
138.035,1.055
138.065,1.061
138.095,1.055
138.125,1.057
138.155,1.055
138.185,1.053
138.215,1.057
138.245,1.060
138.275,1.054
138.305,1.063
138.335,1.057
138.365,1.053
138.395,1.055
138.425,1.060
138.455,1.060
138.485,1.056
138.515,1.060
138.545,1.058
138.575,1.053
138.605,1.055
138.635,1.062
138.665,1.053
138.695,1.053
138.725,1.055
138.755,1.054
138.785,1.058
138.815,1.057
138.845,1.053
138.875,1.058
138.905,1.057
138.935,1.054
138.965,1.051
138.995,1.056
139.025,1.057
139.055,1.054
139.085,1.054
139.115,1.053
139.145,1.058
139.175,1.062
139.205,1.054
139.235,1.047
139.265,1.059
139.295,1.058
139.325,1.055
139.355,1.057
139.385,1.058
139.415,1.057
139.445,1.053
139.475,1.060
139.505,1.059
139.535,1.058
139.565,1.053
139.595,1.055
139.625,1.056
139.655,1.061
139.685,1.058
139.715,1.052
139.745,1.056
139.775,1.061
139.805,1.057
139.835,1.054
139.865,1.053
139.895,1.057
139.925,1.059
139.955,1.057
139.985,1.060
140.015,1.060
140.045,1.054
140.075,1.051
140.105,1.054
140.135,1.061
140.165,1.055
140.195,1.060
140.225,1.057
140.255,1.050
140.285,1.060
140.315,1.058
140.345,1.053
140.375,1.054
140.405,1.050
140.435,1.058
140.465,1.055
140.495,1.058
140.525,1.054
140.555,1.057
140.585,1.060
140.615,1.058
140.645,1.057
140.675,1.057
140.705,1.056
140.735,1.051
140.765,1.057
140.795,1.057
140.825,1.060
140.855,1.054
140.885,1.063
140.915,1.056
140.945,1.053
140.975,1.057
141.005,1.058
141.035,1.055
141.065,1.060
141.095,1.056
141.125,1.049
141.155,1.055
141.185,1.066
141.215,1.055
141.245,1.054
141.275,1.054
141.305,1.055
141.335,1.058
141.365,1.058
141.395,1.053
141.425,1.058
141.455,1.057
141.485,1.054
141.515,1.056
141.545,1.054
141.575,1.055
141.605,1.060
141.635,1.057
141.665,1.059
141.695,1.057
141.725,1.061
141.755,1.055
141.785,1.054
141.815,1.057
141.845,1.061
141.875,1.051
141.905,1.060
141.935,1.054
141.965,1.054
141.995,1.054
142.025,1.061
142.055,1.055
142.085,1.058
142.115,1.062
142.145,1.054
142.175,1.050
142.205,1.061
142.235,1.060
142.265,1.055
142.295,1.055
142.325,1.062
142.355,1.055
142.385,1.055
142.415,1.061
142.445,1.055
142.475,1.054
142.505,1.061
142.535,1.054
142.565,1.054
142.595,1.060
142.625,1.051
142.655,1.053
142.685,1.062
142.715,1.057
142.745,1.057
142.775,1.058
142.805,1.058
142.835,1.048
142.865,1.057
142.895,1.062
142.925,1.054
142.955,1.061
142.985,1.057
143.015,1.054
143.045,1.052
143.075,1.058
143.105,1.059
143.135,1.058
143.165,1.055
143.195,1.061
143.225,1.051
143.255,1.062
143.285,1.060
143.315,1.053
143.345,1.054
143.375,1.060
143.405,1.055
143.435,1.055
143.465,1.062
143.495,1.062
143.525,1.054
143.555,1.055
143.585,1.061
143.615,1.058
143.645,1.051
143.675,1.050
143.705,1.057
143.735,1.061
143.765,1.051
143.795,1.061
143.825,1.062
143.855,1.052
143.885,1.056
143.915,1.062
143.945,1.056
143.975,1.051
144.005,1.057
144.035,1.060
144.065,1.052
144.095,1.065
144.125,1.060
144.155,1.051
144.185,1.053
144.215,1.057
144.245,1.058
144.275,1.055
144.305,1.057
144.335,1.057
144.365,1.057
144.395,1.057
144.425,1.054
144.455,1.059
144.485,1.059
144.515,1.059
144.545,1.053
144.575,1.056
144.605,1.057
144.635,1.055
144.665,1.060
144.695,1.058
144.725,1.053
144.755,1.054
144.785,1.057
144.815,1.057
144.845,1.060
144.875,1.057
144.905,1.053
144.935,1.056
144.965,1.055
144.995,1.058
145.025,1.056
145.055,1.051
145.085,1.051
145.115,1.061
145.145,1.060
145.175,1.054
145.205,1.056
145.235,1.058
145.265,1.060
145.295,1.060
145.325,1.057
145.355,1.056
145.385,1.057
145.415,1.057
145.445,1.053
145.475,1.060
145.505,1.055
145.535,1.056
145.565,1.054
145.595,1.056
145.625,1.058
145.655,1.054
145.685,1.061
145.715,1.057
145.745,1.057
145.775,1.051
145.805,1.057
145.835,1.060
145.865,1.058
145.895,1.058
145.925,1.057
145.955,1.050
145.985,1.058
146.015,1.062
146.045,1.058
146.075,1.059
146.105,1.054
146.135,1.058
146.165,1.055
146.195,1.058
146.225,1.053
146.255,1.060
146.285,1.057
146.315,1.055
146.345,1.062
146.375,1.056
146.405,1.054
146.435,1.059
146.465,1.057
146.495,1.055
146.525,1.060
146.555,1.054
146.585,1.057
146.615,1.061
146.645,1.058
146.675,1.053
146.705,1.057
146.735,1.059
146.765,1.051
146.795,1.060
146.825,1.061
146.855,1.053
146.885,1.054
146.915,1.054
146.945,1.061
146.975,1.057
147.005,1.058
147.035,1.057
147.065,1.058
147.095,1.055
147.125,1.061
147.155,1.058
147.185,1.053
147.215,1.050
147.245,1.059
147.275,1.059
147.305,1.064
147.335,1.056
147.365,1.060
147.395,1.058
147.425,1.055
147.455,1.057
147.485,1.054
147.515,1.056
147.545,1.057
147.575,1.057
147.605,1.055
147.635,1.055
147.665,1.057
147.695,1.058
147.725,1.057
147.755,1.058
147.785,1.053
147.815,1.053
147.845,1.060
147.875,1.055
147.905,1.057
147.935,1.054
147.965,1.054
147.995,1.060
148.025,1.058
148.055,1.055
148.085,1.055
148.115,1.056
148.145,1.050
148.175,1.053
148.205,1.066
148.235,1.055
148.265,1.051
148.295,1.056
148.325,1.058
148.355,1.056
148.385,1.057
148.415,1.059
148.445,1.054
148.475,1.057
148.505,1.060
148.535,1.058
148.565,1.051
148.595,1.056
148.625,1.060
148.655,1.060
148.685,1.054
148.715,1.056
148.745,1.060
148.775,1.055
148.805,1.058
148.835,1.060
148.865,1.056
148.895,1.054
148.925,1.053
148.955,1.064
148.985,1.058
149.015,1.057
149.045,1.056
149.075,1.048
149.105,1.061
149.135,1.060
149.165,1.055
149.195,1.054
149.225,1.055
149.255,1.058
149.285,1.054
149.315,1.058
149.345,1.054
149.375,1.057
149.405,1.058
149.435,1.057
149.465,1.057
149.495,1.052
149.525,1.054
149.555,1.060
149.585,1.057
149.615,1.056
149.645,1.054
149.675,1.056
149.705,1.053
149.735,1.058
149.765,1.055
149.795,1.061
149.825,1.057
149.855,1.053
149.885,1.055
149.915,1.061
149.945,1.052
149.975,1.060
150.005,1.060
150.035,1.056
150.065,1.051
150.095,1.063
150.125,1.058
150.155,1.057
150.185,1.057
150.215,1.053
150.245,1.056
150.275,1.059
150.305,1.059
150.335,1.054
150.365,1.061
150.395,1.055
150.425,1.058
150.455,1.059
150.485,1.053
150.515,1.055
150.545,1.061
150.575,1.055
150.605,1.054
150.635,1.056
150.665,1.060
150.695,1.055
150.725,1.054
150.755,1.058
150.785,1.058
150.815,1.053
150.845,1.062
150.875,1.058
150.905,1.051
150.935,1.054
150.965,1.060
150.995,1.060
151.025,1.058
151.055,1.060
151.085,1.059
151.115,1.050
151.145,1.061
151.175,1.058
151.205,1.055
151.235,1.053
151.265,1.054
151.295,1.058
151.325,1.057
151.355,1.060
151.385,1.054
151.415,1.054
151.445,1.060
151.475,1.054
151.505,1.053
151.535,1.060
151.565,1.056
151.595,1.056
151.625,1.061
151.655,1.055
151.685,1.053
151.715,1.057
151.745,1.060
151.775,1.056
151.805,1.057
151.835,1.061
151.865,1.058
151.895,1.061
151.925,1.061
151.955,1.056
151.985,1.053
152.015,1.058
152.045,1.059
152.075,1.055
152.105,1.058
152.135,1.054
152.165,1.054
152.195,1.061
152.225,1.058
152.255,1.053
152.285,1.053
152.315,1.054
152.345,1.058
152.375,1.058
152.405,1.056
152.435,1.061
152.465,1.057
152.495,1.053
152.525,1.061
152.555,1.056
152.585,1.054
152.615,1.054
152.645,1.056
152.675,1.060
152.705,1.056
152.735,1.054
152.765,1.056
152.795,1.061
152.825,1.055
152.855,1.062
152.885,1.059
152.915,1.051
152.945,1.058
152.975,1.062
153.005,1.058
153.035,1.057
153.065,1.057
153.095,1.056
153.125,1.057
153.155,1.066
153.185,1.054
153.215,1.051
153.245,1.059
153.275,1.057
153.305,1.058
153.335,1.059
153.365,1.055
153.395,1.060
153.425,1.062
153.455,1.057
153.485,1.055
153.515,1.057
153.545,1.050
153.575,1.058
153.605,1.060
153.635,1.056
153.665,1.054
153.695,1.063
153.725,1.052
153.755,1.060
153.785,1.057
153.815,1.051
153.845,1.054
153.875,1.057
153.905,1.057
153.935,1.058
153.965,1.058
153.995,1.060
154.025,1.050
154.055,1.062
154.085,1.062
154.115,1.056
154.145,1.054
154.175,1.058
154.205,1.059
154.235,1.054
154.265,1.062
154.295,1.057
154.325,1.055
154.355,1.057
154.385,1.060
154.415,1.056
154.445,1.054
154.475,1.057
154.505,1.057
154.535,1.057
154.565,1.056
154.595,1.062
154.625,1.057
154.655,1.057
154.685,1.054
154.715,1.058
154.745,1.055
154.775,1.058
154.805,1.060
154.835,1.057
154.865,1.053
154.895,1.061
154.925,1.062
154.955,1.060
154.985,1.061
155.015,1.057
155.045,1.051
155.075,1.058
155.105,1.058
155.135,1.057
155.165,1.056
155.195,1.053
155.225,1.059
155.255,1.057
155.285,1.058
155.315,1.060
155.345,1.052
155.375,1.061
155.405,1.058
155.435,1.055
155.465,1.055
155.495,1.060
155.525,1.054
155.555,1.057
155.585,1.058
155.615,1.060
155.645,1.058
155.675,1.057
155.705,1.058
155.735,1.058
155.765,1.054
155.795,1.055
155.825,1.063
155.855,1.060
155.885,1.054
155.915,1.056
155.945,1.055
155.975,1.058
156.005,1.057
156.035,1.059
156.065,1.055
156.095,1.054
156.125,1.058
156.155,1.061
156.185,1.061
156.215,1.054
156.245,1.055
156.275,1.059
156.305,1.052
156.335,1.061
156.365,1.061
156.395,1.054
156.425,1.059
156.455,1.058
156.485,1.056
156.515,1.053
156.545,1.052
156.575,1.061
156.605,1.060
156.635,1.057
156.665,1.054
156.695,1.054
156.725,1.058
156.755,1.061
156.785,1.060
156.815,1.048
156.845,1.055
156.875,1.055
156.905,1.055
156.935,1.060
156.965,1.059
156.995,1.054
157.025,1.051
157.055,1.056
157.085,1.058
157.115,1.061
157.145,1.056
157.175,1.054
157.205,1.058
157.235,1.061
157.265,1.058
157.295,1.058
157.325,1.056
157.355,1.059
157.385,1.058
157.415,1.055
157.445,1.058
157.475,1.057
157.505,1.058
157.535,1.058
157.565,1.058
157.595,1.058
157.625,1.055
157.655,1.061
157.685,1.055
157.715,1.049
157.745,1.057
157.775,1.058
157.805,1.054
157.835,1.060
157.865,1.058
157.895,1.059
157.925,1.050
157.955,1.057
157.985,1.059
158.015,1.053
158.045,1.060
158.075,1.061
158.105,1.054
158.135,1.053
158.165,1.060
158.195,1.054
158.225,1.057
158.255,1.055
158.285,1.055
158.315,1.062
158.345,1.055
158.375,1.062
158.405,1.057
158.435,1.054
158.465,1.048
158.495,1.052
158.525,1.053
158.555,1.058
158.585,1.057
158.615,1.060
158.645,1.055
158.675,1.057
158.705,1.062
158.735,1.054
158.765,1.065
158.795,1.059
158.825,1.048
158.855,1.045
158.885,1.069
158.915,1.076
158.945,1.059
158.975,1.056
159.005,1.050
159.035,1.052
159.065,1.062
159.095,1.058
159.125,1.057
159.155,1.054
159.185,1.057
159.215,1.052
159.245,1.053
159.275,1.057
159.305,1.056
159.335,1.062
159.365,1.057
159.395,1.062
159.425,1.053
159.455,1.049
159.485,1.053
159.515,1.056
159.545,1.053
159.575,1.059
159.605,1.063
159.635,1.052
159.665,1.059
159.695,1.060
159.725,1.056
159.755,1.056
159.785,1.058
159.815,1.053
159.845,1.058
159.875,1.060
159.905,1.061
159.935,1.058
159.965,1.056
159.995,1.061
160.025,1.055
160.055,1.057
160.085,1.057
160.115,1.050
160.145,1.057
160.175,1.063
160.205,1.061
160.235,1.060
160.265,1.050
160.295,1.053
160.325,1.068
160.355,1.059
160.385,1.048
160.415,1.062
160.445,1.039
160.475,1.059
160.505,1.074
160.535,1.043
160.565,1.045
160.595,1.068
160.625,1.050
160.655,1.056
160.685,1.068
160.715,1.044
160.745,1.060
160.775,1.061
160.805,1.037
160.835,1.060
160.865,1.052
160.895,1.040
160.925,1.051
160.955,1.044
160.985,1.042
161.015,1.062
161.045,1.062
161.075,1.058
161.105,1.052
161.135,1.048
161.165,1.049
161.195,1.049
161.225,1.054
161.255,1.054
161.285,1.055
161.315,1.053
161.345,1.048
161.375,1.041
161.405,1.047
161.435,1.052
161.465,1.058
161.495,1.062
161.525,1.052
161.555,1.044
161.585,1.054
161.615,1.052
161.645,1.052
161.675,1.052
161.705,1.052
161.735,1.055
161.765,1.053
161.795,1.053
161.825,1.053
161.855,1.047
161.885,1.053
161.915,1.054
161.945,1.051
161.975,1.050
162.005,1.056
162.035,1.051
162.065,1.053
162.095,1.056
162.125,1.051
162.155,1.056
162.185,1.056
162.215,1.054
162.245,1.054
162.275,1.048
162.305,1.050
162.335,1.056
162.365,1.058
162.395,1.060
162.425,1.053
162.455,1.053
162.485,1.053
162.515,1.051
162.545,1.054
162.575,1.060
162.605,1.053
162.635,1.048
162.665,1.051
162.695,1.060
162.725,1.054
162.755,1.055
162.785,1.054
162.815,1.051
162.845,1.053
162.875,1.058
162.905,1.053
162.935,1.053
162.965,1.056
162.995,1.055
163.025,1.054
163.055,1.053
163.085,1.051
163.115,1.054
163.145,1.057
163.175,1.053
163.205,1.055
163.235,1.055
163.265,1.050
163.295,1.054
163.325,1.058
163.355,1.054
163.385,1.054
163.415,1.055
163.445,1.056
163.475,1.054
163.505,1.056
163.535,1.060
163.565,1.053
163.595,1.055
163.625,1.050
163.655,1.048
163.685,1.057
163.715,1.054
163.745,1.054
163.775,1.050
163.805,1.054
163.835,1.054
163.865,1.055
163.895,1.057
163.925,1.051
163.955,1.057
163.985,1.057
164.015,1.054
164.045,1.048
164.075,1.055
164.105,1.055
164.135,1.055
164.165,1.051
164.195,1.054
164.225,1.060
164.255,1.057
164.285,1.053
164.315,1.055
164.345,1.055
164.375,1.051
164.405,1.061
164.435,1.058
164.465,1.051
164.495,1.055
164.525,1.053
164.555,1.057
164.585,1.055
164.615,1.055
164.645,1.055
164.675,1.051
164.705,1.054
164.735,1.058
164.765,1.055
164.795,1.051
164.825,1.051
164.855,1.055
164.885,1.058
164.915,1.055
164.945,1.054
164.975,1.058
165.005,1.055
165.035,1.054
165.065,1.055
165.095,1.055
165.125,1.051
165.155,1.055
165.185,1.055
165.215,1.058
165.245,1.053
165.275,1.055
165.305,1.058
165.335,1.053
165.365,1.058
165.395,1.057
165.425,1.048
165.455,1.053
165.485,1.046
165.515,1.054
165.545,1.060
165.575,1.053
165.605,1.053
165.635,1.050
165.665,1.054
165.695,1.058
165.725,1.053
165.755,1.054
165.785,1.054
165.815,1.054
165.845,1.054
165.875,1.055
165.905,1.058
165.935,1.056
165.965,1.054
165.995,1.055
166.025,1.055
166.055,1.054
166.085,1.054
166.115,1.051
166.145,1.054
166.175,1.058
166.205,1.057
166.235,1.055
166.265,1.055
166.295,1.054
166.325,1.053
166.355,1.053
166.385,1.058
166.415,1.058
166.445,1.054
166.475,1.054
166.505,1.051
166.535,1.062
166.565,1.055
166.595,1.043
166.625,1.054
166.655,1.057
166.685,1.057
166.715,1.053
166.745,1.054
166.775,1.058
166.805,1.048
166.835,1.051
166.865,1.060
166.895,1.054
166.925,1.046
166.955,1.051
166.985,1.056
167.015,1.057
167.045,1.050
167.075,1.060
167.105,1.054
167.135,1.050
167.165,1.053
167.195,1.056
167.225,1.057
167.255,1.054
167.285,1.053
167.315,1.054
167.345,1.050
167.375,1.057
167.405,1.057
167.435,1.051
167.465,1.049
167.495,1.051
167.525,1.054
167.555,1.057
167.585,1.054
167.615,1.054
167.645,1.053
167.675,1.049
167.705,1.057
167.735,1.050
167.765,1.051
167.795,1.057
167.825,1.050
167.855,1.054
167.885,1.047
167.915,1.054
167.945,1.057
167.975,1.056
168.005,1.052
168.035,1.050
168.065,1.056
168.095,1.056
168.125,1.053
168.155,1.054
168.185,1.053
168.215,1.050
168.245,1.052
168.275,1.061
168.305,1.054
168.335,1.049
168.365,1.050
168.395,1.054
168.425,1.057
168.455,1.054
168.485,1.050
168.515,1.053
168.545,1.054
168.575,1.057
168.605,1.054
168.635,1.052
168.665,1.057
168.695,1.053
168.725,1.050
168.755,1.057
168.785,1.056
168.815,1.050
168.845,1.051
168.875,1.053
168.905,1.057
168.935,1.056
168.965,1.063
168.995,1.052
169.025,1.047
169.055,1.056
169.085,1.056
169.115,1.050
169.145,1.054
169.175,1.057
169.205,1.053
169.235,1.050
169.265,1.053
169.295,1.059
169.325,1.057
169.355,1.046
169.385,1.051
169.415,1.059
169.445,1.050
169.475,1.052
169.505,1.057
169.535,1.054
169.565,1.054
169.595,1.056
169.625,1.053
169.655,1.050
169.685,1.050
169.715,1.053
169.745,1.053
169.775,1.056
169.805,1.052
169.835,1.056
169.865,1.049
169.895,1.049
169.925,1.054
169.955,1.056
169.985,1.053
170.015,1.053
170.045,1.055
170.075,1.050
170.105,1.059
170.135,1.060
170.165,1.047
170.195,1.052
170.225,1.054
170.255,1.056
170.285,1.049
170.315,1.053
170.345,1.056
170.375,1.054
170.405,1.050
170.435,1.056
170.465,1.053
170.495,1.049
170.525,1.056
170.555,1.057
170.585,1.049
170.615,1.053
170.645,1.060
170.675,1.053
170.705,1.054
170.735,1.053
170.765,1.052
170.795,1.053
170.825,1.054
170.855,1.057
170.885,1.053
170.915,1.045
170.945,1.057
170.975,1.059
171.005,1.050
171.035,1.050
171.065,1.053
171.095,1.054
171.125,1.053
171.155,1.053
171.185,1.053
171.215,1.056
171.245,1.056
171.275,1.052
171.305,1.052
171.335,1.059
171.365,1.050
171.395,1.053
171.425,1.054
171.455,1.056
171.485,1.053
171.515,1.050
171.545,1.053
171.575,1.049
171.605,1.053
171.635,1.060
171.665,1.050
171.695,1.047
171.725,1.056
171.755,1.057
171.785,1.050
171.815,1.056
171.845,1.050
171.875,1.050
171.905,1.055
171.935,1.056
171.965,1.050
171.995,1.056
172.025,1.049
172.055,1.047
172.085,1.052
172.115,1.059
172.145,1.057
172.175,1.049
172.205,1.050
172.235,1.060
172.265,1.053
172.295,1.052
172.325,1.052
172.355,1.052
172.385,1.054
172.415,1.056
172.445,1.052
172.475,1.054
172.505,1.052
172.535,1.053
172.565,1.052
172.595,1.053
172.625,1.054
172.655,1.050
172.685,1.060
172.715,1.056
172.745,1.050
172.775,1.052
172.805,1.054
172.835,1.053
172.865,1.053
172.895,1.052
172.925,1.050
172.955,1.052
172.985,1.057
173.015,1.056
173.045,1.050
173.075,1.052
173.105,1.057
173.135,1.053
173.165,1.052
173.195,1.053
173.225,1.056
173.255,1.050
173.285,1.052
173.315,1.053
173.345,1.049
173.375,1.049
173.405,1.057
173.435,1.057
173.465,1.050
173.495,1.049
173.525,1.056
173.555,1.053
173.585,1.049
173.615,1.053
173.645,1.050
173.675,1.046
173.705,1.046
173.735,1.057
173.765,1.054
173.795,1.052
173.825,1.054
173.855,1.056
173.885,1.046
173.915,1.057
173.945,1.050
173.975,1.047
174.005,1.050
174.035,1.052
174.065,1.056
174.095,1.056
174.125,1.055
174.155,1.056
174.185,1.055
174.215,1.052
174.245,1.052
174.275,1.046
174.305,1.048
174.335,1.055
174.365,1.053
174.395,1.060
174.425,1.053
174.455,1.049
174.485,1.056
174.515,1.054
174.545,1.054
174.575,1.053
174.605,1.055
174.635,1.048
174.665,1.047
174.695,1.056
174.725,1.056
174.755,1.050
174.785,1.050
174.815,1.053
174.845,1.050
174.875,1.059
174.905,1.056
174.935,1.053
174.965,1.052
174.995,1.050
175.025,1.052
175.055,1.052
175.085,1.052
175.115,1.052
175.145,1.052
175.175,1.059
175.205,1.054
175.235,1.056
175.265,1.052
175.295,1.050
175.325,1.049
175.355,1.053
175.385,1.050
175.415,1.053
175.445,1.056
175.475,1.046
175.505,1.055
175.535,1.055
175.565,1.053
175.595,1.050
175.625,1.050
175.655,1.050
175.685,1.053
175.715,1.057
175.745,1.053
175.775,1.056
175.805,1.052
175.835,1.052
175.865,1.054
175.895,1.050
175.925,1.050
175.955,1.056
175.985,1.050
176.015,1.053
176.045,1.056
176.075,1.046
176.105,1.052
176.135,1.056
176.165,1.050
176.195,1.050
176.225,1.053
176.255,1.046
176.285,1.054
176.315,1.056
176.345,1.054
176.375,1.056
176.405,1.045
176.435,1.055
176.465,1.059
176.495,1.050
176.525,1.050
176.555,1.053
176.585,1.052
176.615,1.053
176.645,1.057
176.675,1.050
176.705,1.053
176.735,1.057
176.765,1.052
176.795,1.050
176.825,1.054
176.855,1.049
176.885,1.050
176.915,1.052
176.945,1.050
176.975,1.055
177.005,1.049
177.035,1.053
177.065,1.056
177.095,1.049
177.125,1.053
177.155,1.052
177.185,1.046
177.215,1.049
177.245,1.056
177.275,1.053
177.305,1.043
177.335,1.062
177.365,1.058
177.395,1.048
177.425,1.053
177.455,1.050
177.485,1.049
177.515,1.050
177.545,1.054
177.575,1.053
177.605,1.056
177.635,1.060
177.665,1.056
177.695,1.046
177.725,1.046
177.755,1.054
177.785,1.050
177.815,1.052
177.845,1.059
177.875,1.050
177.905,1.052
177.935,1.052
177.965,1.052
177.995,1.057
178.025,1.056
178.055,1.052
178.085,1.049
178.115,1.053
178.145,1.057
178.175,1.053
178.205,1.046
178.235,1.049
178.265,1.057
178.295,1.057
178.325,1.053
178.355,1.057
178.385,1.059
178.415,1.052
178.445,1.056
178.475,1.052
178.505,1.052
178.535,1.053
178.565,1.052
178.595,1.057
178.625,1.057
178.655,1.050
178.685,1.048
178.715,1.052
178.745,1.050
178.775,1.055
178.805,1.055
178.835,1.049
178.865,1.046
178.895,1.056
178.925,1.056
178.955,1.048
178.985,1.053
179.015,1.053
179.045,1.050
179.075,1.052
179.105,1.050
179.135,1.055
179.165,1.050
179.195,1.055
179.225,1.053
179.255,1.050
179.285,1.055
179.315,1.053
179.345,1.048
179.375,1.055
179.405,1.055
179.435,1.050
179.465,1.050
179.495,1.052
179.525,1.053
179.555,1.057
179.585,1.052
179.615,1.049
179.645,1.050
179.675,1.057
179.705,1.053
179.735,1.050
179.765,1.050
179.795,1.050
179.825,1.045
179.855,1.056
179.885,1.055
179.915,1.050
179.945,1.046
179.975,1.049
180.005,1.053
180.035,1.053
180.065,1.055
180.095,1.052
180.125,1.053
180.155,1.052
180.185,1.053
180.215,1.050
180.245,1.052
180.275,1.052
180.305,1.055
180.335,1.056
180.365,1.052
180.395,1.045
180.425,1.052
180.455,1.052
180.485,1.052
180.515,1.060
180.545,1.047
180.575,1.052
180.605,1.052
180.635,1.053
180.665,1.054
180.695,1.057
180.725,1.050
180.755,1.052
180.785,1.056
180.815,1.055
180.845,1.053
180.875,1.050
180.905,1.047
180.935,1.049
180.965,1.053
180.995,1.060
181.025,1.048
181.055,1.049
181.085,1.059
181.115,1.057
181.145,1.048
181.175,1.047
181.205,1.053
181.235,1.050
181.265,1.050
181.295,1.062
181.325,1.052
181.355,1.048
181.385,1.052
181.415,1.055
181.445,1.053
181.475,1.052
181.505,1.055
181.535,1.049
181.565,1.050
181.595,1.062
181.625,1.055
181.655,1.053
181.685,1.048
181.715,1.059
181.745,1.050
181.775,1.052
181.805,1.050
181.835,1.055
181.865,1.059
181.895,1.052
181.925,1.043
181.955,1.055
181.985,1.053
182.015,1.045
182.045,1.057
182.075,1.059
182.105,1.052
182.135,1.045
182.165,1.055
182.195,1.057
182.225,1.052
182.255,1.053
182.285,1.060
182.315,1.045
182.345,1.053
182.375,1.056
182.405,1.053
182.435,1.046
182.465,1.050
182.495,1.050
182.525,1.056
182.555,1.055
182.585,1.053
182.615,1.056
182.645,1.056
182.675,1.056
182.705,1.054
182.735,1.050
182.765,1.052
182.795,1.052
182.825,1.056
182.855,1.060
182.885,1.056
182.915,1.040
182.945,1.052
182.975,1.062
183.005,1.049
183.035,1.049
183.065,1.051
183.095,1.052
183.125,1.049
183.155,1.057
183.185,1.059
183.215,1.050
183.245,1.050
183.275,1.056
183.305,1.053
183.335,1.052
183.365,1.056
183.395,1.052
183.425,1.053
183.455,1.053
183.485,1.050
183.515,1.055
183.545,1.054
183.575,1.052
183.605,1.052
183.635,1.050
183.665,1.052
183.695,1.055
183.725,1.050
183.755,1.055
183.785,1.054
183.815,1.049
183.845,1.050
183.875,1.057
183.905,1.060
183.935,1.049
183.965,1.052
183.995,1.053
184.025,1.049
184.055,1.053
184.085,1.053
184.115,1.052
184.145,1.050
184.175,1.052
184.205,1.059
184.235,1.059
184.265,1.053
184.295,1.050
184.325,1.047
184.355,1.056
184.385,1.056
184.415,1.053
184.445,1.053
184.475,1.053
184.505,1.053
184.535,1.052
184.565,1.049
184.595,1.052
184.625,1.050
184.655,1.056
184.685,1.055
184.715,1.055
184.745,1.049
184.775,1.058
184.805,1.055
184.835,1.053
184.865,1.062
184.895,1.053
184.925,1.045
184.955,1.050
184.985,1.055
185.015,1.050
185.045,1.056
185.075,1.053
185.105,1.052
185.135,1.053
185.165,1.057
185.195,1.054
185.225,1.048
185.255,1.053
185.285,1.052
185.315,1.052
185.345,1.057
185.375,1.052
185.405,1.052
185.435,1.059
185.465,1.053
185.495,1.049
185.525,1.052
185.555,1.049
185.585,1.050
185.615,1.055
185.645,1.057
185.675,1.057
185.705,1.050
185.735,1.050
185.765,1.055
185.795,1.052
185.825,1.055
185.855,1.056
185.885,1.053
185.915,1.049
185.945,1.053
185.975,1.053
186.005,1.047
186.035,1.050
186.065,1.053
186.095,1.056
186.125,1.055
186.155,1.053
186.185,1.052
186.215,1.056
186.245,1.053
186.275,1.055
186.305,1.052
186.335,1.046
186.365,1.053
186.395,1.057
186.425,1.056
186.455,1.056
186.485,1.046
186.515,1.050
186.545,1.053
186.575,1.054
186.605,1.059
186.635,1.054
186.665,1.050
186.695,1.047
186.725,1.057
186.755,1.062
186.785,1.050
186.815,1.047
186.845,1.053
186.875,1.053
186.905,1.056
186.935,1.057
186.965,1.049
186.995,1.052
187.025,1.052
187.055,1.054
187.085,1.053
187.115,1.052
187.145,1.049
187.175,1.052
187.205,1.053
187.235,1.055
187.265,1.052
187.295,1.048
187.325,1.056
187.355,1.053
187.385,1.049
187.415,1.059
187.445,1.052
187.475,1.048
187.505,1.050
187.535,1.054
187.565,1.053
187.595,1.056
187.625,1.056
187.655,1.049
187.685,1.050
187.715,1.059
187.745,1.053
187.775,1.055
187.805,1.052
187.835,1.046
187.865,1.052
187.895,1.059
187.925,1.052
187.955,1.048
187.985,1.055
188.015,1.053
188.045,1.050
188.075,1.053
188.105,1.049
188.135,1.048
188.165,1.053
188.195,1.053
188.225,1.055
188.255,1.048
188.285,1.053
188.315,1.052
188.345,1.056
188.375,1.053
188.405,1.050
188.435,1.054
188.465,1.052
188.495,1.055
188.525,1.053
188.555,1.052
188.585,1.050
188.615,1.049
188.645,1.054
188.675,1.053
188.705,1.055
188.735,1.051
188.765,1.049
188.795,1.060
188.825,1.052
188.855,1.049
188.885,1.052
188.915,1.049
188.945,1.054
188.975,1.053
189.005,1.055
189.035,1.053
189.065,1.049
189.095,1.053
189.125,1.057
189.155,1.050
189.185,1.050
189.215,1.057
189.245,1.053
189.275,1.050
189.305,1.050
189.335,1.053
189.365,1.049
189.395,1.057
189.425,1.055
189.455,1.046
189.485,1.049
189.515,1.055
189.545,1.053
189.575,1.056
189.605,1.051
189.635,1.051
189.665,1.050
189.695,1.050
189.725,1.053
189.755,1.056
189.785,1.053
189.815,1.051
189.845,1.045
189.875,1.058
189.905,1.053
189.935,1.044
189.965,1.050
189.995,1.058
190.025,1.053
190.055,1.049
190.085,1.058
190.115,1.051
190.145,1.052
190.175,1.055
190.205,1.048
190.235,1.052
190.265,1.052
190.295,1.053
190.325,1.051
190.355,1.049
190.385,1.055
190.415,1.052
190.445,1.049
190.475,1.056
190.505,1.054
190.535,1.049
190.565,1.045
190.595,1.049
190.625,1.057
190.655,1.055
190.685,1.051
190.715,1.053
190.745,1.051
190.775,1.053
190.805,1.053
190.835,1.048
190.865,1.053
190.895,1.053
190.925,1.049
190.955,1.056
190.985,1.049
191.015,1.049
191.045,1.057
191.075,1.053
191.105,1.050
191.135,1.049
191.165,1.050
191.195,1.051
191.225,1.050
191.255,1.050
191.285,1.056
191.315,1.053
191.345,1.050
191.375,1.057
191.405,1.055
191.435,1.049
191.465,1.052
191.495,1.050
191.525,1.052
191.555,1.057
191.585,1.050
191.615,1.049
191.645,1.049
191.675,1.059
191.705,1.055
191.735,1.048
191.765,1.050
191.795,1.049
191.825,1.053
191.855,1.059
191.885,1.052
191.915,1.049
191.945,1.053
191.975,1.054
192.005,1.050
192.035,1.049
192.065,1.052
192.095,1.053
192.125,1.053
192.155,1.056
192.185,1.055
192.215,1.053
192.245,1.052
192.275,1.048
192.305,1.053
192.335,1.050
192.365,1.055
192.395,1.052
192.425,1.058
192.455,1.049
192.485,1.050
192.515,1.056
192.545,1.053
192.575,1.055
192.605,1.052
192.635,1.049
192.665,1.056
192.695,1.052
192.725,1.050
192.755,1.055
192.785,1.049
192.815,1.052
192.845,1.059
192.875,1.051
192.905,1.051
192.935,1.059
192.965,1.055
192.995,1.052
193.025,1.055
193.055,1.056
193.085,1.049
193.115,1.050
193.145,1.052
193.175,1.052
193.205,1.049
193.235,1.053
193.265,1.053
193.295,1.053
193.325,1.056
193.355,1.049
193.385,1.049
193.415,1.050
193.445,1.050
193.475,1.059
193.505,1.056
193.535,1.052
193.565,1.053
193.595,1.051
193.625,1.055
193.655,1.058
193.685,1.049
193.715,1.051
193.745,1.052
193.775,1.049
193.805,1.048
193.835,1.052
193.865,1.052
193.895,1.049
193.925,1.056
193.955,1.050
193.985,1.049
194.015,1.050
194.045,1.049
194.075,1.054
194.105,1.055
194.135,1.053
194.165,1.055
194.195,1.052
194.225,1.045
194.255,1.051
194.285,1.055
194.315,1.052
194.345,1.052
194.375,1.053
194.405,1.045
194.435,1.055
194.465,1.055
194.495,1.051
194.525,1.049
194.555,1.054
194.585,1.050
194.615,1.052
194.645,1.053
194.675,1.051
194.705,1.048
194.735,1.053
194.765,1.056
194.795,1.055
194.825,1.049
194.855,1.048
194.885,1.053
194.915,1.052
194.945,1.052
194.975,1.060
195.005,1.051
195.035,1.049
195.065,1.048
195.095,1.053
195.125,1.053
195.155,1.049
195.185,1.053
195.215,1.049
195.245,1.045
195.275,1.060
195.305,1.056
195.335,1.049
195.365,1.051
195.395,1.055
195.425,1.050
195.455,1.053
195.485,1.055
195.515,1.052
195.545,1.049
195.575,1.058
195.605,1.053
195.635,1.048
195.665,1.053
195.695,1.053
195.725,1.055
195.755,1.055
195.785,1.052
195.815,1.052
195.845,1.050
195.875,1.055
195.905,1.055
195.935,1.049
195.965,1.056
195.995,1.050
196.025,1.046
196.055,1.055
196.085,1.056
196.115,1.051
196.145,1.048
196.175,1.046
196.205,1.052
196.235,1.053
196.265,1.055
196.295,1.053
196.325,1.049
196.355,1.046
196.385,1.058
196.415,1.058
196.445,1.053
196.475,1.048
196.505,1.050
196.535,1.052
196.565,1.049
196.595,1.055
196.625,1.055
196.655,1.049
196.685,1.053
196.715,1.050
196.745,1.048
196.775,1.052
196.805,1.052
196.835,1.052
196.865,1.056
196.895,1.049
196.925,1.050
196.955,1.057
196.985,1.055
197.015,1.055
197.045,1.050
197.075,1.053
197.105,1.056
197.135,1.049
197.165,1.057
197.195,1.058
197.225,1.048
197.255,1.052
197.285,1.053
197.315,1.050
197.345,1.053
197.375,1.056
197.405,1.050
197.435,1.045
197.465,1.056
197.495,1.059
197.525,1.049
197.555,1.051
197.585,1.052
197.615,1.052
197.645,1.053
197.675,1.055
197.705,1.052
197.735,1.056
197.765,1.053
197.795,1.052
197.825,1.053
197.855,1.048
197.885,1.048
197.915,1.056
197.945,1.056
197.975,1.051
198.005,1.048
198.035,1.056
198.065,1.052
198.095,1.053
198.125,1.060
198.155,1.052
198.185,1.046
198.215,1.049
198.245,1.053
198.275,1.055
198.305,1.053
198.335,1.052
198.365,1.051
198.395,1.048
198.425,1.060
198.455,1.055
198.485,1.044
198.515,1.052
198.545,1.058
198.575,1.048
198.605,1.058
198.635,1.052
198.665,1.051
198.695,1.056
198.725,1.053
198.755,1.050
198.785,1.052
198.815,1.048
198.845,1.053
198.875,1.052
198.905,1.049
198.935,1.048
198.965,1.053
198.995,1.049
199.025,1.055
199.055,1.059
199.085,1.048
199.115,1.045
199.145,1.052
199.175,1.052
199.205,1.056
199.235,1.055
199.265,1.048
199.295,1.049
199.325,1.052
199.355,1.058
199.385,1.054
199.415,1.045
199.445,1.051
199.475,1.052
199.505,1.049
199.535,1.053
199.565,1.056
199.595,1.054
199.625,1.051
199.655,1.056
199.685,1.053
199.715,1.049
199.745,1.049
199.775,1.056
199.805,1.055
199.835,1.052
199.865,1.055
199.895,1.053
199.925,1.053
199.955,1.054
199.985,1.054
200.015,1.052
200.045,1.049
200.075,1.058
200.105,1.051
200.135,1.049
200.165,1.051
200.195,1.052
200.225,1.056
200.255,1.052
200.285,1.046
200.315,1.059
200.345,1.049
200.375,1.061
200.405,1.055
200.435,1.049
200.465,1.060
200.495,1.050
200.525,1.036
200.555,1.043
200.585,1.050
200.615,1.058
200.645,1.051
200.675,1.058
200.705,1.060
200.735,1.051
200.765,1.046
200.795,1.050
200.825,1.048
200.855,1.052
200.885,1.057
200.915,1.053
200.945,1.051
200.975,1.047
201.005,1.049
201.035,1.053
201.065,1.053
201.095,1.060
201.125,1.056
201.155,1.052
201.185,1.050
201.215,1.062
201.245,1.052
201.275,1.047
201.305,1.036
201.335,1.051
201.365,1.052
201.395,1.054
201.425,1.058
201.455,1.059
201.485,1.049
201.515,1.059
201.545,1.048
201.575,1.041
201.605,1.049
201.635,1.052
201.665,1.050
201.695,1.051
201.725,1.051
201.755,1.051
201.785,1.055
201.815,1.056
201.845,1.055
201.875,1.056
201.905,1.052
201.935,1.062
201.965,1.057
201.995,1.049
202.025,1.060
202.055,1.060
202.085,1.059
202.115,1.055
202.145,1.060
202.175,1.056
202.205,1.044
202.235,1.047
202.265,1.054
202.295,1.050
202.325,1.047
202.355,1.047
202.385,1.055
202.415,1.051
202.445,1.060
202.475,1.058
202.505,1.055
202.535,1.055
202.565,1.056
202.595,1.058
202.625,1.062
202.655,1.055
202.685,1.051
202.715,1.063
202.745,1.069
202.775,1.065
202.805,1.055
202.835,1.058
202.865,1.054
202.895,1.051
202.925,1.056
202.955,1.055
202.985,1.047
203.015,1.048
203.045,1.054
203.075,1.057
203.105,1.058
203.135,1.059
203.165,1.061
203.195,1.062
203.225,1.045
203.255,1.045
203.285,1.049
203.315,1.052
203.345,1.047
203.375,1.054
203.405,1.061
203.435,1.035
203.465,1.046
203.495,1.062
203.525,1.057
203.555,1.053
203.585,1.048
203.615,1.044
203.645,1.049
203.675,1.068
203.705,1.051
203.735,1.061
203.765,1.047
203.795,1.019
203.825,1.046
203.855,1.062
203.885,1.059
203.915,1.068
203.945,1.058
203.975,1.033
204.005,1.053
204.035,1.049
204.065,1.043
204.095,1.035
204.125,1.045
204.155,1.046
204.185,1.045
204.215,1.056
204.245,1.056
204.275,1.043
204.305,1.045
204.335,1.052
204.365,1.053
204.395,1.038
204.425,1.041
204.455,1.053
204.485,1.042
204.515,1.041
204.545,1.051
204.575,1.058
204.605,1.055
204.635,1.046
204.665,1.046
204.695,1.057
204.725,1.058
204.755,1.047
204.785,1.040
204.815,1.036
204.845,1.043
204.875,1.049
204.905,1.048
204.935,1.042
204.965,1.035
204.995,1.045
205.025,1.050
205.055,1.054
205.085,1.054
205.115,1.049
205.145,1.042
205.175,1.042
205.205,1.049
205.235,1.044
205.265,1.032
205.295,1.037
205.325,1.039
205.355,1.039
205.385,1.046
205.415,1.053
205.445,1.043
205.475,1.044
205.505,1.045
205.535,1.045
205.565,1.044
205.595,1.042
205.625,1.043
205.655,1.044
205.685,1.043
205.715,1.047
205.745,1.045
205.775,1.046
205.805,1.047
205.835,1.040
205.865,1.039
205.895,1.048
205.925,1.052
205.955,1.053
205.985,1.047
206.015,1.045
206.045,1.044
206.075,1.046
206.105,1.041
206.135,1.042
206.165,1.041
206.195,1.043
206.225,1.046
206.255,1.043
206.285,1.043
206.315,1.044
206.345,1.051
206.375,1.050
206.405,1.045
206.435,1.052
206.465,1.044
206.495,1.044
206.525,1.039
206.555,1.042
206.585,1.046
206.615,1.045
206.645,1.049
206.675,1.046
206.705,1.042
206.735,1.040
206.765,1.043
206.795,1.045
206.825,1.048
206.855,1.046
206.885,1.041
206.915,1.049
206.945,1.045
206.975,1.038
207.005,1.043
207.035,1.045
207.065,1.044
207.095,1.044
207.125,1.043
207.155,1.049
207.185,1.044
207.215,1.044
207.245,1.036
207.275,1.046
207.305,1.039
207.335,1.048
207.365,1.048
207.395,1.039
207.425,1.044
207.455,1.046
207.485,1.045
207.515,1.045
207.545,1.047
207.575,1.042
207.605,1.039
207.635,1.046
207.665,1.042
207.695,1.044
207.725,1.049
207.755,1.045
207.785,1.044
207.815,1.041
207.845,1.046
207.875,1.043
207.905,1.042
207.935,1.047
207.965,1.053
207.995,1.042
208.025,1.050
208.055,1.048
208.085,1.040
208.115,1.040
208.145,1.044
208.175,1.048
208.205,1.044
208.235,1.050
208.265,1.039
208.295,1.042
208.325,1.047
208.355,1.050
208.385,1.039
208.415,1.044
208.445,1.044
208.475,1.043
208.505,1.043
208.535,1.044
208.565,1.046
208.595,1.046
208.625,1.044
208.655,1.043
208.685,1.050
208.715,1.046
208.745,1.040
208.775,1.044
208.805,1.047
208.835,1.047
208.865,1.048
208.895,1.047
208.925,1.037
208.955,1.045
208.985,1.047
209.015,1.045
209.045,1.044
209.075,1.041
209.105,1.047
209.135,1.044
209.165,1.044
209.195,1.047
209.225,1.050
209.255,1.042
209.285,1.045
209.315,1.043
209.345,1.045
209.375,1.045
209.405,1.041
209.435,1.049
209.465,1.044
209.495,1.045
209.525,1.041
209.555,1.042
209.585,1.049
209.615,1.046
209.645,1.047
209.675,1.042
209.705,1.041
209.735,1.049
209.765,1.045
209.795,1.038
209.825,1.044
209.855,1.044
209.885,1.044
209.915,1.044
209.945,1.050
209.975,1.046
210.005,1.042
210.035,1.043
210.065,1.046
210.095,1.049
210.125,1.043
210.155,1.050
210.185,1.046
210.215,1.044
210.245,1.045
210.275,1.050
210.305,1.044
210.335,1.046
210.365,1.051
210.395,1.049
210.425,1.042
210.455,1.045
210.485,1.047
210.515,1.050
210.545,1.046
210.575,1.041
210.605,1.046
210.635,1.046
210.665,1.049
210.695,1.048
210.725,1.045
210.755,1.041
210.785,1.048
210.815,1.046
210.845,1.049
210.875,1.052
210.905,1.045
210.935,1.050
210.965,1.046
210.995,1.045
211.025,1.047
211.055,1.044
211.085,1.047
211.115,1.047
211.145,1.050
211.175,1.046
211.205,1.039
211.235,1.047
211.265,1.048
211.295,1.048
211.325,1.049
211.355,1.044
211.385,1.040
211.415,1.048
211.445,1.044
211.475,1.046
211.505,1.049
211.535,1.036
211.565,1.048
211.595,1.051
211.625,1.040
211.655,1.046
211.685,1.049
211.715,1.042
211.745,1.045
211.775,1.049
211.805,1.040
211.835,1.046
211.865,1.053
211.895,1.047
211.925,1.043
211.955,1.047
211.985,1.045
212.015,1.047
212.045,1.046
212.075,1.049
212.105,1.051
212.135,1.037
212.165,1.043
212.195,1.052
212.225,1.046
212.255,1.049
212.285,1.047
212.315,1.046
212.345,1.040
212.375,1.047
212.405,1.047
212.435,1.046
212.465,1.042
212.495,1.046
212.525,1.044
212.555,1.048
212.585,1.043
212.615,1.043
212.645,1.052
212.675,1.049
212.705,1.042
212.735,1.045
212.765,1.048
212.795,1.047
212.825,1.046
212.855,1.053
212.885,1.046
212.915,1.040
212.945,1.046
212.975,1.048
213.005,1.049
213.035,1.051
213.065,1.047
213.095,1.039
213.125,1.047
213.155,1.053
213.185,1.042
213.215,1.046
213.245,1.047
213.275,1.043
213.305,1.043
213.335,1.051
213.365,1.048
213.395,1.049
213.425,1.046
213.455,1.048
213.485,1.044
213.515,1.043
213.545,1.048
213.575,1.047
213.605,1.044
213.635,1.046
213.665,1.051
213.695,1.047
213.725,1.044
213.755,1.044
213.785,1.048
213.815,1.048
213.845,1.046
213.875,1.041
213.905,1.040
213.935,1.044
213.965,1.054
213.995,1.050
214.025,1.044
214.055,1.044
214.085,1.049
214.115,1.043
214.145,1.049
214.175,1.048
214.205,1.044
214.235,1.046
214.265,1.048
214.295,1.045
214.325,1.041
214.355,1.048
214.385,1.049
214.415,1.048
214.445,1.048
214.475,1.042
214.505,1.047
214.535,1.048
214.565,1.054
214.595,1.039
214.625,1.039
214.655,1.061
214.685,1.045
214.715,1.041
214.745,1.051
214.775,1.049
214.805,1.040
214.835,1.048
214.865,1.055
214.895,1.045
214.925,1.044
214.955,1.047
214.985,1.042
215.015,1.051
215.045,1.048
215.075,1.044
215.105,1.047
215.135,1.051
215.165,1.048
215.195,1.044
215.225,1.048
215.255,1.042
215.285,1.046
215.315,1.051
215.345,1.048
215.375,1.043
215.405,1.047
215.435,1.047
215.465,1.048
215.495,1.049
215.525,1.048
215.555,1.043
215.585,1.044
215.615,1.052
215.645,1.048
215.675,1.045
215.705,1.050
215.735,1.047
215.765,1.044
215.795,1.052
215.825,1.047
215.855,1.045
215.885,1.042
215.915,1.044
215.945,1.051
215.975,1.050
216.005,1.048
216.035,1.048
216.065,1.047
216.095,1.048
216.125,1.051
216.155,1.045
216.185,1.045
216.215,1.043
216.245,1.052
216.275,1.048
216.305,1.043
216.335,1.054
216.365,1.044
216.395,1.040
216.425,1.047
216.455,1.049
216.485,1.049
216.515,1.051
216.545,1.042
216.575,1.041
216.605,1.053
216.635,1.052
216.665,1.043
216.695,1.048
216.725,1.047
216.755,1.044
216.785,1.052
216.815,1.047
216.845,1.048
216.875,1.048
216.905,1.045
216.935,1.047
216.965,1.051
216.995,1.048
217.025,1.045
217.055,1.044
217.085,1.051
217.115,1.051
217.145,1.046
217.175,1.054
217.205,1.051
217.235,1.042
217.265,1.045
217.295,1.048
217.325,1.052
217.355,1.048
217.385,1.045
217.415,1.045
217.445,1.048
217.475,1.052
217.505,1.048
217.535,1.047
217.565,1.045
217.595,1.045
217.625,1.045
217.655,1.048
217.685,1.048
217.715,1.045
217.745,1.051
217.775,1.048
217.805,1.043
217.835,1.045
217.865,1.045
217.895,1.045
217.925,1.048
217.955,1.048
217.985,1.049
218.015,1.045
218.045,1.046
218.075,1.049
218.105,1.055
218.135,1.069
218.165,1.059
218.195,1.072
218.225,1.062
218.255,1.047
218.285,1.048
218.315,1.041
218.345,1.042
218.375,1.044
218.405,1.044
218.435,1.047
218.465,1.049
218.495,1.045
218.525,1.042
218.555,1.039
218.585,1.042
218.615,1.052
218.645,1.060
218.675,1.061
218.705,1.053
218.735,1.056
218.765,1.048
218.795,1.045
218.825,1.048
218.855,1.053
218.885,1.055
218.915,1.046
218.945,1.051
218.975,1.057
219.005,1.056
219.035,1.049
219.065,1.059
219.095,1.060
219.125,1.055
219.155,1.052
219.185,1.049
219.215,1.049
219.245,1.053
219.275,1.056
219.305,1.059
219.335,1.060
219.365,1.050
219.395,1.051
219.425,1.059
219.455,1.054
219.485,1.053
219.515,1.055
219.545,1.057
219.575,1.051
219.605,1.055
219.635,1.060
219.665,1.057
219.695,1.053
219.725,1.057
219.755,1.058
219.785,1.055
219.815,1.055
219.845,1.055
219.875,1.057
219.905,1.056
219.935,1.060
219.965,1.052
219.995,1.053
220.025,1.055
220.055,1.057
220.085,1.053
220.115,1.056
220.145,1.057
220.175,1.057
220.205,1.051
220.235,1.060
220.265,1.061
220.295,1.056
220.325,1.053
220.355,1.061
220.385,1.059
220.415,1.054
220.445,1.057
220.475,1.056
220.505,1.054
220.535,1.055
220.565,1.055
220.595,1.056
220.625,1.055
220.655,1.054
220.685,1.056
220.715,1.055
220.745,1.057
220.775,1.061
220.805,1.062
220.835,1.056
220.865,1.056
220.895,1.056
220.925,1.056
220.955,1.060
220.985,1.062
221.015,1.056
221.045,1.053
221.075,1.062
221.105,1.062
221.135,1.059
221.165,1.052
221.195,1.056
221.225,1.066
221.255,1.060
221.285,1.049
221.315,1.062
221.345,1.062
221.375,1.059
221.405,1.061
221.435,1.062
221.465,1.058
221.495,1.056
221.525,1.065
221.555,1.063
221.585,1.057
221.615,1.066
221.645,1.063
221.675,1.055
221.705,1.055
221.735,1.058
221.765,1.058
221.795,1.055
221.825,1.055
221.855,1.055
221.885,1.058
221.915,1.058
221.945,1.056
221.975,1.061
222.005,1.059
222.035,1.062
222.065,1.062
222.095,1.057
222.125,1.059
222.155,1.064
222.185,1.055
222.215,1.060
222.245,1.062
222.275,1.059
222.305,1.062
222.335,1.056
222.365,1.055
222.395,1.057
222.425,1.062
222.455,1.061
222.485,1.063
222.515,1.060
222.545,1.054
222.575,1.060
222.605,1.060
222.635,1.062
222.665,1.062
222.695,1.065
222.725,1.057
222.755,1.058
222.785,1.058
222.815,1.058
222.845,1.063
222.875,1.063
222.905,1.057
222.935,1.057
222.965,1.065
222.995,1.057
223.025,1.065
223.055,1.060
223.085,1.061
223.115,1.061
223.145,1.058
223.175,1.062
223.205,1.066
223.235,1.061
223.265,1.057
223.295,1.054
223.325,1.067
223.355,1.061
223.385,1.050
223.415,1.056
223.445,1.063
223.475,1.057
223.505,1.061
223.535,1.065
223.565,1.052
223.595,1.055
223.625,1.062
223.655,1.061
223.685,1.061
223.715,1.062
223.745,1.062
223.775,1.057
223.805,1.062
223.835,1.063
223.865,1.058
223.895,1.058
223.925,1.057
223.955,1.057
223.985,1.058
224.015,1.057
224.045,1.065
224.075,1.060
224.105,1.057
224.135,1.063
224.165,1.063
224.195,1.059
224.225,1.061
224.255,1.062
224.285,1.058
224.315,1.056
224.345,1.062
224.375,1.057
224.405,1.055
224.435,1.060
224.465,1.065
224.495,1.062
224.525,1.069
224.555,1.069
224.585,1.061
224.615,1.055
224.645,1.064
224.675,1.068
224.705,1.065
224.735,1.063
224.765,1.062
224.795,1.061
224.825,1.055
224.855,1.048
224.885,1.061
224.915,1.066
224.945,1.065
224.975,1.065
225.005,1.062
225.035,1.059
225.065,1.053
225.095,1.057
225.125,1.059
225.155,1.067
225.185,1.074
225.215,1.069
225.245,1.061
225.275,1.059
225.305,1.059
225.335,1.059
225.365,1.064
225.395,1.063
225.425,1.060
225.455,1.064
225.485,1.062
225.515,1.047
225.545,1.071
225.575,1.059
225.605,1.071
225.635,1.086
225.665,1.075
225.695,1.078
225.725,1.067
225.755,1.030
225.785,1.017
225.815,1.037
225.845,1.060
225.875,1.066
225.905,1.062
225.935,1.062
225.965,1.052
225.995,1.058
226.025,1.062
226.055,1.064
226.085,1.070
226.115,1.073
226.145,1.077
226.175,1.082
226.205,1.089
226.235,1.096
226.265,1.063
226.295,1.027
226.325,1.035
226.355,1.052
226.385,1.063
226.415,1.085
226.445,1.096
226.475,1.077
226.505,1.055
226.535,1.053
226.565,1.039
226.595,1.042
226.625,1.045
226.655,1.068
226.685,1.073
226.715,1.071
226.745,1.079
226.775,1.064
226.805,1.055
226.835,1.051
226.865,1.041
226.895,1.039
226.925,1.044
226.955,1.028
226.985,1.065
227.015,1.039
227.045,1.028
227.075,1.052
227.105,1.057
227.135,1.054
227.165,1.056
227.195,1.058
227.225,1.045
227.255,1.049
227.285,1.052
227.315,1.035
227.345,1.043
227.375,1.057
227.405,1.079
227.435,1.099
227.465,1.090
227.495,1.071
227.525,1.053
227.555,1.044
227.585,1.050
227.615,1.045
227.645,1.044
227.675,1.053
227.705,1.060
227.735,1.067
227.765,1.067
227.795,1.072
227.825,1.065
227.855,1.075
227.885,1.082
227.915,1.057
227.945,1.035
227.975,1.044
228.005,1.079
228.035,1.021
228.065,1.125
228.095,1.059
228.125,1.054
228.155,1.086
228.185,1.047
228.215,1.066
228.245,1.070
228.275,1.113
228.305,1.062
228.335,1.056
228.365,1.056
228.395,1.047
228.425,1.064
228.455,1.064
228.485,1.063
228.515,1.063
228.545,1.060
228.575,1.065
228.605,1.062
228.635,1.074
228.665,1.057
228.695,1.061
228.725,1.062
228.755,1.062
228.785,1.060
228.815,1.079
228.845,1.080
228.875,1.070
228.905,1.074
228.935,1.070
228.965,1.078
228.995,1.066
229.025,1.057
229.055,1.083
229.085,1.057
229.115,1.045
229.145,1.067
229.175,1.062
229.205,1.047
229.235,1.061
229.265,1.060
229.295,1.058
229.325,1.060
229.355,1.064
229.385,1.067
229.415,1.065
229.445,1.067
229.475,1.065
229.505,1.080
229.535,1.074
229.565,1.059
229.595,1.079
229.625,1.065
229.655,1.053
229.685,1.059
229.715,1.069
229.745,1.069
229.775,1.069
229.805,1.077
229.835,1.062
229.865,1.068
229.895,1.065
229.925,1.071
229.955,1.076
229.985,1.069
230.015,1.063
230.045,1.055
230.075,1.068
230.105,1.066
230.135,1.078
230.165,1.075
230.195,1.075
230.225,1.087
230.255,1.082
230.285,1.084
230.315,1.090
230.345,1.075
230.375,1.073
230.405,1.081
230.435,1.089
230.465,1.083
230.495,1.084
230.525,1.079
230.555,1.080
230.585,1.083
230.615,1.072
230.645,1.081
230.675,1.066
230.705,1.071
230.735,1.062
230.765,1.074
230.795,1.062
230.825,1.061
230.855,1.050
230.885,1.065
230.915,1.089
230.945,1.073
230.975,1.070
231.005,1.076
231.035,1.074
231.065,1.079
231.095,1.079
231.125,1.077
231.155,1.072
231.185,1.072
231.215,1.055
231.245,1.064
231.275,1.071
231.305,1.064
231.335,1.066
231.365,1.068
231.395,1.073
231.425,1.072
231.455,1.069
231.485,1.071
231.515,1.062
231.545,1.077
231.575,1.077
231.605,1.074
231.635,1.073
231.665,1.075
231.695,1.066
231.725,1.064
231.755,1.067
231.785,1.064
231.815,1.062
231.845,1.069
231.875,1.075
231.905,1.071
231.935,1.074
231.965,1.067
231.995,1.075
232.025,1.074
232.055,1.068
232.085,1.085
232.115,1.077
232.145,1.072
232.175,1.092
232.205,1.084
232.235,1.073
232.265,1.073
232.295,1.079
232.325,1.090
232.355,1.078
232.385,1.077
232.415,1.085
232.445,1.088
232.475,1.080
232.505,1.082
232.535,1.080
232.565,1.085
232.595,1.082
232.625,1.083
232.655,1.080
232.685,1.079
232.715,1.082
232.745,1.083
232.775,1.078
232.805,1.074
232.835,1.076
232.865,1.082
232.895,1.074
232.925,1.076
232.955,1.073
232.985,1.073
233.015,1.077
233.045,1.081
233.075,1.082
233.105,1.074
233.135,1.078
233.165,1.081
233.195,1.077
233.225,1.086
233.255,1.083
233.285,1.077
233.315,1.075
233.345,1.061
233.375,1.054
233.405,1.058
233.435,1.063
233.465,1.085
233.495,1.093
233.525,1.093
233.555,1.094
233.585,1.076
233.615,1.076
233.645,1.083
233.675,1.071
233.705,1.078
233.735,1.077
233.765,1.080
233.795,1.065
233.825,1.052
233.855,1.055
233.885,1.061
233.915,1.052
233.945,1.053
233.975,1.083
234.005,1.069
234.035,1.065
234.065,1.073
234.095,1.083
234.125,1.082
234.155,1.083
234.185,1.070
234.215,1.074
234.245,1.075
234.275,1.071
234.305,1.073
234.335,1.067
234.365,1.073
234.395,1.079
234.425,1.081
234.455,1.087
234.485,1.104
234.515,1.096
234.545,1.084
234.575,1.090
234.605,1.088
234.635,1.081
234.665,1.091
234.695,1.082
234.725,1.078
234.755,1.083
234.785,1.076
234.815,1.086
234.845,1.077
234.875,1.076
234.905,1.084
234.935,1.093
234.965,1.090
234.995,1.084
235.025,1.084
235.055,1.081
235.085,1.084
235.115,1.091
235.145,1.087
235.175,1.086
235.205,1.100
235.235,1.091
235.265,1.095
235.295,1.092
235.325,1.084
235.355,1.084
235.385,1.078
235.415,1.084
235.445,1.082
235.475,1.086
235.505,1.090
235.535,1.092
235.565,1.090
235.595,1.086
235.625,1.089
235.655,1.098
235.685,1.085
235.715,1.088
235.745,1.091
235.775,1.086
235.805,1.087
235.835,1.090
235.865,1.089
235.895,1.087
235.925,1.091
235.955,1.099
235.985,1.084
236.015,1.081
236.045,1.086
236.075,1.092
236.105,1.086
236.135,1.092
236.165,1.090
236.195,1.087
236.225,1.091
236.255,1.089
236.285,1.087
236.315,1.088
236.345,1.088
236.375,1.081
236.405,1.088
236.435,1.095
236.465,1.086
236.495,1.092
236.525,1.087
236.555,1.089
236.585,1.088
236.615,1.088
236.645,1.087
236.675,1.090
236.705,1.085
236.735,1.090
236.765,1.086
236.795,1.085
236.825,1.087
236.855,1.090
236.885,1.093
236.915,1.087
236.945,1.087
236.975,1.090
237.005,1.088
237.035,1.087
237.065,1.085
237.095,1.085
237.125,1.088
237.155,1.091
237.185,1.089
237.215,1.089
237.245,1.088
237.275,1.087
237.305,1.087
237.335,1.083
237.365,1.091
237.395,1.085
237.425,1.093
237.455,1.091
237.485,1.098
237.515,1.084
237.545,1.084
237.575,1.086
237.605,1.081
237.635,1.090
237.665,1.090
237.695,1.089
237.725,1.097
237.755,1.084
237.785,1.080
237.815,1.093
237.845,1.089
237.875,1.090
237.905,1.089
237.935,1.103
237.965,1.091
237.995,1.097
238.025,1.094
238.055,1.083
238.085,1.083
238.115,1.089
238.145,1.085
238.175,1.097
238.205,1.086
238.235,1.083
238.265,1.089
238.295,1.079
238.325,1.074
238.355,1.088
238.385,1.084
238.415,1.080
238.445,1.086
238.475,1.076
238.505,1.079
238.535,1.090
238.565,1.094
238.595,1.082
238.625,1.086
238.655,1.090
238.685,1.083
238.715,1.088
238.745,1.083
238.775,1.089
238.805,1.088
238.835,1.084
238.865,1.087
238.895,1.088
238.925,1.084
238.955,1.073
238.985,1.084
239.015,1.085
239.045,1.083
239.075,1.080
239.105,1.083
239.135,1.085
239.165,1.086
239.195,1.088
239.225,1.091
239.255,1.084
239.285,1.086
239.315,1.090
239.345,1.082
239.375,1.089
239.405,1.089
239.435,1.090
239.465,1.089
239.495,1.086
239.525,1.091
239.555,1.090
239.585,1.088
239.615,1.084
239.645,1.089
239.675,1.089
239.705,1.090
239.735,1.091
239.765,1.085
239.795,1.088
239.825,1.085
239.855,1.086
239.885,1.085
239.915,1.091
239.945,1.090
239.975,1.091
240.005,1.084
240.035,1.089
240.065,1.092
240.095,1.086
240.125,1.082
240.155,1.085
240.185,1.091
240.215,1.093
240.245,1.092
240.275,1.088
240.305,1.088
240.335,1.093
240.365,1.086
240.395,1.084
240.425,1.090
240.455,1.088
240.485,1.084
240.515,1.089
240.545,1.085
240.575,1.082
240.605,1.086
240.635,1.091
240.665,1.089
240.695,1.089
240.725,1.084
240.755,1.092
240.785,1.088
240.815,1.088
240.845,1.091
240.875,1.083
240.905,1.088
240.935,1.089
240.965,1.089
240.995,1.092
241.025,1.094
241.055,1.086
241.085,1.087
241.115,1.089
241.145,1.087
241.175,1.090
241.205,1.089
241.235,1.086
241.265,1.084
241.295,1.089
241.325,1.090
241.355,1.085
241.385,1.088
241.415,1.088
241.445,1.088
241.475,1.084
241.505,1.087
241.535,1.087
241.565,1.088
241.595,1.093
241.625,1.092
241.655,1.091
241.685,1.095
241.715,1.088
241.745,1.086
241.775,1.085
241.805,1.090
241.835,1.092
241.865,1.083
241.895,1.091
241.925,1.096
241.955,1.093
241.985,1.085
242.015,1.081
242.045,1.091
242.075,1.094
242.105,1.087
242.135,1.094
242.165,1.097
242.195,1.097
242.225,1.093
242.255,1.086
242.285,1.082
242.315,1.077
242.345,1.081
242.375,1.085
242.405,1.081
242.435,1.083
242.465,1.096
242.495,1.093
242.525,1.092
242.555,1.092
242.585,1.088
242.615,1.091
242.645,1.082
242.675,1.083
242.705,1.087
242.735,1.087
242.765,1.085
242.795,1.092
242.825,1.087
242.855,1.091
242.885,1.091
242.915,1.093
242.945,1.093
242.975,1.092
243.005,1.089
243.035,1.093
243.065,1.090
243.095,1.089
243.125,1.090
243.155,1.091
243.185,1.086
243.215,1.086
243.245,1.085
243.275,1.095
243.305,1.090
243.335,1.090
243.365,1.091
243.395,1.093
243.425,1.089
243.455,1.086
243.485,1.091
243.515,1.091
243.545,1.086
243.575,1.090
243.605,1.088
243.635,1.092
243.665,1.094
243.695,1.084
243.725,1.092
243.755,1.088
243.785,1.089
243.815,1.089
243.845,1.088
243.875,1.092
243.905,1.091
243.935,1.093
243.965,1.093
243.995,1.088
244.025,1.089
244.055,1.085
244.085,1.090
244.115,1.087
244.145,1.086
244.175,1.093
244.205,1.090
244.235,1.094
244.265,1.093
244.295,1.091
244.325,1.095
244.355,1.089
244.385,1.086
244.415,1.087
244.445,1.087
244.475,1.088
244.505,1.083
244.535,1.086
244.565,1.092
244.595,1.096
244.625,1.093
244.655,1.074
244.685,1.084
244.715,1.078
244.745,1.078
244.775,1.078
244.805,1.088
244.835,1.086
244.865,1.098
244.895,1.086
244.925,1.098
244.955,1.097
244.985,1.088
245.015,1.090
245.045,1.083
245.075,1.076
245.105,1.080
245.135,1.086
245.165,1.090
245.195,1.093
245.225,1.083
245.255,1.086
245.285,1.088
245.315,1.087
245.345,1.083
245.375,1.081
245.405,1.086
245.435,1.090
245.465,1.086
245.495,1.084
245.525,1.092
245.555,1.084
245.585,1.085
245.615,1.091
245.645,1.092
245.675,1.089
245.705,1.085
245.735,1.085
245.765,1.085
245.795,1.084
245.825,1.089
245.855,1.083
245.885,1.085
245.915,1.086
245.945,1.091
245.975,1.082
246.005,1.089
246.035,1.089
246.065,1.088
246.095,1.086
246.125,1.094
246.155,1.089
246.185,1.086
246.215,1.085
246.245,1.085
246.275,1.088
246.305,1.090
246.335,1.090
246.365,1.082
246.395,1.087
246.425,1.088
246.455,1.086
246.485,1.091
246.515,1.082
246.545,1.083
246.575,1.084
246.605,1.086
246.635,1.089
246.665,1.083
246.695,1.090
246.725,1.086
246.755,1.091
246.785,1.085
246.815,1.088
246.845,1.089
246.875,1.086
246.905,1.088
246.935,1.085
246.965,1.087
246.995,1.084
247.025,1.086
247.055,1.089
247.085,1.086
247.115,1.090
247.145,1.090
247.175,1.081
247.205,1.088
247.235,1.090
247.265,1.085
247.295,1.089
247.325,1.094
247.355,1.088
247.385,1.086
247.415,1.087
247.445,1.084
247.475,1.089
247.505,1.088
247.535,1.086
247.565,1.086
247.595,1.087
247.625,1.087
247.655,1.088
247.685,1.083
247.715,1.090
247.745,1.090
247.775,1.084
247.805,1.094
247.835,1.088
247.865,1.095
247.895,1.093
247.925,1.089
247.955,1.073
247.985,1.079
248.015,1.087
248.045,1.087
248.075,1.083
248.105,1.090
248.135,1.089
248.165,1.077
248.195,1.081
248.225,1.078
248.255,1.082
248.285,1.082
248.315,1.081
248.345,1.076
248.375,1.078
248.405,1.084
248.435,1.079
248.465,1.091
248.495,1.088
248.525,1.084
248.555,1.082
248.585,1.086
248.615,1.082
248.645,1.084
248.675,1.083
248.705,1.084
248.735,1.088
248.765,1.088
248.795,1.093
248.825,1.085
248.855,1.088
248.885,1.088
248.915,1.084
248.945,1.085
248.975,1.084
249.005,1.088
249.035,1.084
249.065,1.086
249.095,1.095
249.125,1.086
249.155,1.086
249.185,1.086
249.215,1.080
249.245,1.089
249.275,1.087
249.305,1.087
249.335,1.086
249.365,1.084
249.395,1.083
249.425,1.086
249.455,1.090
249.485,1.083
249.515,1.082
249.545,1.088
249.575,1.089
249.605,1.082
249.635,1.089
249.665,1.087
249.695,1.087
249.725,1.084
249.755,1.091
249.785,1.083
249.815,1.084
249.845,1.086
249.875,1.087
249.905,1.086
249.935,1.090
249.965,1.081
249.995,1.082
250.025,1.088
250.055,1.081
250.085,1.085
250.115,1.086
250.145,1.090
250.175,1.084
250.205,1.080
250.235,1.084
250.265,1.087
250.295,1.083
250.325,1.090
250.355,1.087
250.385,1.080
250.415,1.092
250.445,1.088
250.475,1.086
250.505,1.087
250.535,1.089
250.565,1.084
250.595,1.083
250.625,1.090
250.655,1.082
250.685,1.085
250.715,1.091
250.745,1.089
250.775,1.090
250.805,1.092
250.835,1.087
250.865,1.074
250.895,1.084
250.925,1.079
250.955,1.081
250.985,1.076
251.015,1.075
251.045,1.085
251.075,1.076
251.105,1.074
251.135,1.075
251.165,1.062
251.195,1.076
251.225,1.065
251.255,1.063
251.285,1.062
251.315,1.069
251.345,1.068
251.375,1.073
251.405,1.070
251.435,1.068
251.465,1.068
251.495,1.071
251.525,1.077
251.555,1.080
251.585,1.084
251.615,1.091
251.645,1.078
251.675,1.102
251.705,1.112
251.735,1.097
251.765,1.091
251.795,1.098
251.825,1.092
251.855,1.086
251.885,1.096
251.915,1.087
251.945,1.094
251.975,1.096
252.005,1.094
252.035,1.093
252.065,1.105
252.095,1.095
252.125,1.083
252.155,1.096
252.185,1.083
252.215,1.077
252.245,1.083
252.275,1.078
252.305,1.087
252.335,1.087
252.365,1.081
252.395,1.087
252.425,1.088
252.455,1.089
252.485,1.086
252.515,1.079
252.545,1.078
252.575,1.079
252.605,1.082
252.635,1.083
252.665,1.083
252.695,1.083
252.725,1.084
252.755,1.085
252.785,1.081
252.815,1.078
252.845,1.078
252.875,1.085
252.905,1.082
252.935,1.085
252.965,1.084
252.995,1.084
253.025,1.083
253.055,1.082
253.085,1.081
253.115,1.080
253.145,1.080
253.175,1.076
253.205,1.082
253.235,1.079
253.265,1.086
253.295,1.085
253.325,1.082
253.355,1.075
253.385,1.084
253.415,1.080
253.445,1.078
253.475,1.086
253.505,1.085
253.535,1.085
253.565,1.083
253.595,1.086
253.625,1.083
253.655,1.082
253.685,1.089
253.715,1.077
253.745,1.081
253.775,1.090
253.805,1.092
253.835,1.085
253.865,1.083
253.895,1.090
253.925,1.103
253.955,1.103
253.985,1.107
254.015,1.103
254.045,1.087
254.075,1.077
254.105,1.087
254.135,1.097
254.165,1.098
254.195,1.104
254.225,1.098
254.255,1.093
254.285,1.080
254.315,1.087
254.345,1.072
254.375,1.077
254.405,1.079
254.435,1.064
254.465,1.062
254.495,1.059
254.525,1.054
254.555,1.074
254.585,1.072
254.615,1.061
254.645,1.046
254.675,1.045
254.705,1.028
254.735,1.037
254.765,1.028
254.795,1.033
254.825,1.040
254.855,1.059
254.885,1.068
254.915,1.076
254.945,1.097
254.975,1.089
255.005,1.095
255.035,1.079
255.065,1.080
255.095,1.086
255.125,1.076
255.155,1.067
255.185,1.090
255.215,1.081
255.245,1.064
255.275,1.047
255.305,1.049
255.335,1.049
255.365,1.057
255.395,1.069
255.425,1.079
255.455,1.070
255.485,1.070
255.515,1.077
255.545,1.074
255.575,1.083
255.605,1.071
255.635,1.072
255.665,1.066
255.695,1.059
255.725,1.068
255.755,1.067
255.785,1.070
255.815,1.072
255.845,1.073
255.875,1.069
255.905,1.069
255.935,1.071
255.965,1.068
255.995,1.065
256.025,1.069
256.055,1.070
256.085,1.070
256.115,1.071
256.145,1.066
256.175,1.074
256.205,1.072
256.235,1.074
256.265,1.077
256.295,1.076
256.325,1.072
256.355,1.067
256.385,1.068
256.415,1.068
256.445,1.070
256.475,1.070
256.505,1.075
256.535,1.078
256.565,1.073
256.595,1.079
256.625,1.063
256.655,1.073
256.685,1.076
256.715,1.075
256.745,1.073
256.775,1.067
256.805,1.069
256.835,1.070
256.865,1.077
256.895,1.072
256.925,1.070
256.955,1.077
256.985,1.075
257.015,1.072
257.045,1.074
257.075,1.073
257.105,1.075
257.135,1.071
257.165,1.069
257.195,1.068
257.225,1.070
257.255,1.075
257.285,1.076
257.315,1.070
257.345,1.070
257.375,1.072
257.405,1.076
257.435,1.077
257.465,1.070
257.495,1.069
257.525,1.076
257.555,1.074
257.585,1.073
257.615,1.068
257.645,1.073
257.675,1.072
257.705,1.071
257.735,1.076
257.765,1.074
257.795,1.072
257.825,1.074
257.855,1.071
257.885,1.074
257.915,1.070
257.945,1.078
257.975,1.079
258.005,1.075
258.035,1.076
258.065,1.077
258.095,1.071
258.125,1.073
258.155,1.075
258.185,1.083
258.215,1.076
258.245,1.084
258.275,1.085
258.305,1.083
258.335,1.085
258.365,1.084
258.395,1.085
258.425,1.089
258.455,1.077
258.485,1.085
258.515,1.081
258.545,1.078
258.575,1.088
258.605,1.086
258.635,1.082
258.665,1.083
258.695,1.073
258.725,1.071
258.755,1.068
258.785,1.071
258.815,1.068
258.845,1.072
258.875,1.077
258.905,1.081
258.935,1.078
258.965,1.078
258.995,1.091
259.025,1.082
259.055,1.091
259.085,1.085
259.115,1.076
259.145,1.052
259.175,1.069
259.205,1.064
259.235,1.045
259.265,1.048
259.295,1.044
259.325,1.043
259.355,1.083
259.385,1.081
259.415,1.080
259.445,1.076
259.475,1.041
259.505,1.031
259.535,1.044
259.565,1.032
259.595,1.010
259.625,0.984
259.655,0.987
259.685,0.947
259.715,0.969
259.745,1.003
259.775,1.089
259.805,1.101
259.835,1.104
259.865,1.095
259.895,1.060
259.925,1.083
259.955,1.072
259.985,1.104
260.015,1.062
260.045,1.061
260.075,1.091
260.105,1.093
260.135,1.088
260.165,1.098
260.195,1.104
260.225,1.102
260.255,1.095
260.285,1.078
260.315,1.085
260.345,1.091
260.375,1.095
260.405,1.088
260.435,1.081
260.465,1.073
260.495,1.058
260.525,1.072
260.555,1.092
260.585,1.100
260.615,1.093
260.645,1.084
260.675,1.084
260.705,1.089
260.735,1.095
260.765,1.091
260.795,1.082
260.825,1.086
260.855,1.079
260.885,1.086
260.915,1.090
260.945,1.077
260.975,1.086
261.005,1.085
261.035,1.084
261.065,1.085
261.095,1.083
261.125,1.081
261.155,1.082
261.185,1.075
261.215,1.081
261.245,1.091
261.275,1.085
261.305,1.082
261.335,1.088
261.365,1.083
261.395,1.077
261.425,1.085
261.455,1.081
261.485,1.089
261.515,1.095
261.545,1.082
261.575,1.089
261.605,1.082
261.635,1.081
261.665,1.082
261.695,1.070
261.725,1.082
261.755,1.087
261.785,1.078
261.815,1.087
261.845,1.088
261.875,1.085
261.905,1.078
261.935,1.083
261.965,1.086
261.995,1.077
262.025,1.083
262.055,1.081
262.085,1.080
262.115,1.083
262.145,1.087
262.175,1.080
262.205,1.083
262.235,1.091
262.265,1.088
262.295,1.080
262.325,1.084
262.355,1.082
262.385,1.082
262.415,1.080
262.445,1.081
262.475,1.090
262.505,1.084
262.535,1.090
262.565,1.085
262.595,1.084
262.625,1.092
262.655,1.086
262.685,1.080
262.715,1.086
262.745,1.086
262.775,1.086
262.805,1.088
262.835,1.088
262.865,1.077
262.895,1.085
262.925,1.077
262.955,1.077
262.985,1.080
263.015,1.077
263.045,1.084
263.075,1.080
263.105,1.083
263.135,1.092
263.165,1.093
263.195,1.088
263.225,1.093
263.255,1.097
263.285,1.098
263.315,1.089
263.345,1.091
263.375,1.087
263.405,1.090
263.435,1.087
263.465,1.092
263.495,1.084
263.525,1.062
263.555,1.069
263.585,1.071
263.615,1.069
263.645,1.071
263.675,1.069
263.705,1.074
263.735,1.074
263.765,1.083
263.795,1.073
263.825,1.077
263.855,1.083
263.885,1.076
263.915,1.083
263.945,1.085
263.975,1.087
264.005,1.089
264.035,1.084
264.065,1.087
264.095,1.088
264.125,1.086
264.155,1.088
264.185,1.075
264.215,1.080
264.245,1.085
264.275,1.085
264.305,1.080
264.335,1.084
264.365,1.078
264.395,1.085
264.425,1.087
264.455,1.082
264.485,1.085
264.515,1.078
264.545,1.084
264.575,1.081
264.605,1.081
264.635,1.082
264.665,1.083
264.695,1.088
264.725,1.080
264.755,1.085
264.785,1.085
264.815,1.091
264.845,1.086
264.875,1.082
264.905,1.088
264.935,1.090
264.965,1.081
264.995,1.082
265.025,1.079
265.055,1.082
265.085,1.085
265.115,1.090
265.145,1.089
265.175,1.086
265.205,1.083
265.235,1.091
265.265,1.094
265.295,1.088
265.325,1.083
265.355,1.080
265.385,1.076
265.415,1.077
265.445,1.082
265.475,1.081
265.505,1.077
265.535,1.087
265.565,1.086
265.595,1.086
265.625,1.089
265.655,1.090
265.685,1.090
265.715,1.089
265.745,1.090
265.775,1.083
265.805,1.090
265.835,1.088
265.865,1.084
265.895,1.079
265.925,1.080
265.955,1.074
265.985,1.078
266.015,1.074
266.045,1.077
266.075,1.079
266.105,1.084
266.135,1.096
266.165,1.099
266.195,1.091
266.225,1.084
266.255,1.094
266.285,1.100
266.315,1.113
266.345,1.120
266.375,1.112
266.405,1.115
266.435,1.109
266.465,1.119
266.495,1.110
266.525,1.109
266.555,1.099
266.585,1.106
266.615,1.081
266.645,1.087
266.675,1.095
266.705,1.074
266.735,1.069
266.765,1.082
266.795,1.071
266.825,1.086
266.855,1.076
266.885,1.063
266.915,1.058
266.945,1.058
266.975,1.053
267.005,1.056
267.035,1.048
267.065,1.070
267.095,1.060
267.125,1.055
267.155,1.058
267.185,1.065
267.215,1.046
267.245,1.053
267.275,1.060
267.305,1.051
267.335,1.061
267.365,1.066
267.395,1.061
267.425,1.068
267.455,1.059
267.485,1.074
267.515,1.066
267.545,1.080
267.575,1.076
267.605,1.084
267.635,1.077
267.665,1.089
267.695,1.070
267.725,1.082
267.755,1.078
267.785,1.076
267.815,1.087
267.845,1.075
267.875,1.086
267.905,1.084
267.935,1.077
267.965,1.084
267.995,1.098
268.025,1.089
268.055,1.099
268.085,1.092
268.115,1.093
268.145,1.091
268.175,1.088
268.205,1.084
268.235,1.091
268.265,1.083
268.295,1.089
268.325,1.080
268.355,1.073
268.385,1.075
268.415,1.079
268.445,1.076
268.475,1.080
268.505,1.082
268.535,1.090
268.565,1.078
268.595,1.091
268.625,1.085
268.655,1.089
268.685,1.080
268.715,1.086
268.745,1.088
268.775,1.082
268.805,1.088
268.835,1.089
268.865,1.074
268.895,1.081
268.925,1.081
268.955,1.077
268.985,1.093
269.015,1.076
269.045,1.079
269.075,1.080
269.105,1.081
269.135,1.088
269.165,1.089
269.195,1.084
269.225,1.085
269.255,1.085
269.285,1.086
269.315,1.088
269.345,1.079
269.375,1.081
269.405,1.083
269.435,1.087
269.465,1.081
269.495,1.087
269.525,1.080
269.555,1.083
269.585,1.080
269.615,1.080
269.645,1.083
269.675,1.084
269.705,1.081
269.735,1.081
269.765,1.085
269.795,1.081
269.825,1.087
269.855,1.078
269.885,1.081
269.915,1.083
269.945,1.080
269.975,1.081
270.005,1.087
270.035,1.084
270.065,1.083
270.095,1.079
270.125,1.081
270.155,1.083
270.185,1.089
270.215,1.083
270.245,1.082
270.275,1.082
270.305,1.084
270.335,1.081
270.365,1.081
270.395,1.080
270.425,1.082
270.455,1.080
270.485,1.081
270.515,1.078
270.545,1.082
270.575,1.088
270.605,1.084
270.635,1.082
270.665,1.082
270.695,1.077
270.725,1.084
270.755,1.080
270.785,1.081
270.815,1.086
270.845,1.074
270.875,1.092
270.905,1.084
270.935,1.078
270.965,1.081
270.995,1.079
271.025,1.090
271.055,1.085
271.085,1.078
271.115,1.081
271.145,1.082
271.175,1.083
271.205,1.081
271.235,1.088
271.265,1.080
271.295,1.085
271.325,1.087
271.355,1.081
271.385,1.081
271.415,1.086
271.445,1.079
271.475,1.083
271.505,1.080
271.535,1.083
271.565,1.081
271.595,1.079
271.625,1.086
271.655,1.076
271.685,1.080
271.715,1.089
271.745,1.076
271.775,1.078
271.805,1.079
271.835,1.080
271.865,1.078
271.895,1.081
271.925,1.090
271.955,1.086
271.985,1.081
272.015,1.088
272.045,1.087
272.075,1.079
272.105,1.086
272.135,1.083
272.165,1.081
272.195,1.079
272.225,1.079
272.255,1.084
272.285,1.076
272.315,1.084
272.345,1.080
272.375,1.084
272.405,1.082
272.435,1.085
272.465,1.086
272.495,1.088
272.525,1.084
272.555,1.089
272.585,1.085
272.615,1.090
272.645,1.091
272.675,1.085
272.705,1.089
272.735,1.092
272.765,1.085
272.795,1.077
272.825,1.087
272.855,1.099
272.885,1.123
272.915,1.127
272.945,1.153
272.975,1.105
273.005,1.138
273.035,1.127
273.065,1.086
273.095,1.066
273.125,1.081
273.155,1.063
273.185,1.083
273.215,1.080
273.245,1.067
273.275,1.058
273.305,1.058
273.335,1.067
273.365,1.069
273.395,1.066
273.425,1.062
273.455,1.062
273.485,1.067
273.515,1.060
273.545,1.054
273.575,1.065
273.605,1.057
273.635,1.056
273.665,1.055
273.695,1.068
273.725,1.084
273.755,1.088
273.785,1.077
273.815,1.076
273.845,1.079
273.875,1.074
273.905,1.065
273.935,1.072
273.965,1.070
273.995,1.078
274.025,1.070
274.055,1.069
274.085,1.081
274.115,1.085
274.145,1.084
274.175,1.084
274.205,1.088
274.235,1.086
274.265,1.081
274.295,1.084
274.325,1.075
274.355,1.088
274.385,1.092
274.415,1.092
274.445,1.095
274.475,1.091
274.505,1.098
274.535,1.089
274.565,1.083
274.595,1.090
274.625,1.089
274.655,1.092
274.685,1.093
274.715,1.076
274.745,1.088
274.775,1.087
274.805,1.088
274.835,1.081
274.865,1.087
274.895,1.082
274.925,1.086
274.955,1.092
274.985,1.089
275.015,1.089
275.045,1.083
275.075,1.087
275.105,1.086
275.135,1.086
275.165,1.087
275.195,1.086
275.225,1.084
275.255,1.085
275.285,1.091
275.315,1.090
275.345,1.083
275.375,1.081
275.405,1.090
275.435,1.081
275.465,1.081
275.495,1.081
275.525,1.085
275.555,1.084
275.585,1.087
275.615,1.087
275.645,1.093
275.675,1.085
275.705,1.084
275.735,1.084
275.765,1.086
275.795,1.079
275.825,1.084
275.855,1.085
275.885,1.085
275.915,1.085
275.945,1.079
275.975,1.089
276.005,1.083
276.035,1.087
276.065,1.091
276.095,1.083
276.125,1.092
276.155,1.089
276.185,1.084
276.215,1.082
276.245,1.081
276.275,1.086
276.305,1.079
276.335,1.093
276.365,1.087
276.395,1.078
276.425,1.082
276.455,1.083
276.485,1.084
276.515,1.084
276.545,1.091
276.575,1.097
276.605,1.095
276.635,1.092
276.665,1.081
276.695,1.093
276.725,1.092
276.755,1.079
276.785,1.091
276.815,1.099
276.845,1.094
276.875,1.101
276.905,1.098
276.935,1.109
276.965,1.111
276.995,1.118
277.025,1.121
277.055,1.116
277.085,1.108
277.115,1.111
277.145,1.104
277.175,1.101
277.205,1.101
277.235,1.083
277.265,1.085
277.295,1.084
277.325,1.076
277.355,1.084
277.385,1.072
277.415,1.065
277.445,1.062
277.475,1.063
277.505,1.058
277.535,1.065
277.565,1.060
277.595,1.052
277.625,1.058
277.655,1.045
277.685,1.017
277.715,1.040
277.745,1.034
277.775,1.025
277.805,1.045
277.835,1.028
277.865,1.062
277.895,1.044
277.925,1.055
277.955,1.055
277.985,1.066
278.015,1.055
278.045,1.073
278.075,1.082
278.105,1.074
278.135,1.055
278.165,1.095
278.195,1.092
278.225,1.089
278.255,1.088
278.285,1.079
278.315,1.072
278.345,1.070
278.375,1.076
278.405,1.080
278.435,1.070
278.465,1.083
278.495,1.072
278.525,1.070
278.555,1.075
278.585,1.075
278.615,1.072
278.645,1.068
278.675,1.076
278.705,1.075
278.735,1.076
278.765,1.077
278.795,1.070
278.825,1.073
278.855,1.075
278.885,1.074
278.915,1.071
278.945,1.079
278.975,1.072
279.005,1.068
279.035,1.073
279.065,1.071
279.095,1.066
279.125,1.069
279.155,1.065
279.185,1.073
279.215,1.078
279.245,1.065
279.275,1.078
279.305,1.073
279.335,1.072
279.365,1.077
279.395,1.067
279.425,1.073
279.455,1.072
279.485,1.065
279.515,1.072
279.545,1.077
279.575,1.067
279.605,1.076
279.635,1.076
279.665,1.073
279.695,1.070
279.725,1.069
279.755,1.069
279.785,1.073
279.815,1.070
279.845,1.072
279.875,1.069
279.905,1.076
279.935,1.080
279.965,1.070
279.995,1.070
280.025,1.076
280.055,1.075
280.085,1.074
280.115,1.069
280.145,1.074
280.175,1.073
280.205,1.069
280.235,1.083
280.265,1.074
280.295,1.087
280.325,1.125
280.355,1.142
280.385,1.209
280.415,1.226
280.445,1.168
280.475,1.046
280.505,1.030
280.535,1.045
280.565,0.990
280.595,0.954
280.625,1.012
280.655,1.047
280.685,1.019
280.715,1.067
280.745,1.096
280.775,1.088
280.805,1.073
280.835,1.090
280.865,1.048
280.895,1.054
280.925,1.062
280.955,1.048
280.985,1.044
281.015,1.020
281.045,1.068
281.075,1.136
281.105,1.164
281.135,1.141
281.165,1.067
281.195,1.033
281.225,1.034
281.255,1.053
281.285,1.056
281.315,1.064
281.345,1.061
281.375,1.089
281.405,1.066
281.435,1.146
281.465,1.136
281.495,1.189
281.525,1.218
281.555,1.282
281.585,1.255
281.615,1.164
281.645,1.160
281.675,1.126
281.705,1.068
281.735,1.021
281.765,1.012
281.795,0.961
281.825,1.024
281.855,1.004
281.885,0.948
281.915,0.993
281.945,0.937
281.975,0.921
282.005,0.983
282.035,0.990
282.065,1.005
282.095,1.039
282.125,1.050
282.155,1.073
282.185,1.061
282.215,1.085
282.245,1.087
282.275,1.099
282.305,1.128
282.335,1.137
282.365,1.146
282.395,1.131
282.425,1.091
282.455,1.077
282.485,1.070
282.515,1.055
282.545,1.092
282.575,1.093
282.605,1.083
282.635,1.112
282.665,1.125
282.695,1.102
282.725,1.084
282.755,1.092
282.785,1.093
282.815,1.091
282.845,1.103
282.875,1.102
282.905,1.102
282.935,1.096
282.965,1.098
282.995,1.088
283.025,1.077
283.055,1.065
283.085,1.057
283.115,1.063
283.145,1.068
283.175,1.067
283.205,1.084
283.235,1.086
283.265,1.097
283.295,1.093
283.325,1.090
283.355,1.097
283.385,1.092
283.415,1.084
283.445,1.085
283.475,1.082
283.505,1.091
283.535,1.083
283.565,1.086
283.595,1.091
283.625,1.093
283.655,1.105
283.685,1.091
283.715,1.082
283.745,1.074
283.775,1.080
283.805,1.066
283.835,1.082
283.865,1.086
283.895,1.092
283.925,1.106
283.955,1.110
283.985,1.113
284.015,1.102
284.045,1.093
284.075,1.089
284.105,1.085
284.135,1.078
284.165,1.072
284.195,1.082
284.225,1.091
284.255,1.070
284.285,1.071
284.315,1.076
284.345,1.057
284.375,1.032
284.405,1.019
284.435,1.010
284.465,1.025
284.495,1.055
284.525,1.058
284.555,1.082
284.585,1.094
284.615,1.082
284.645,1.083
284.675,1.081
284.705,1.071
284.735,1.060
284.765,1.060
284.795,1.070
284.825,1.082
284.855,1.080
284.885,1.092
284.915,1.097
284.945,1.103
284.975,1.102
285.005,1.095
285.035,1.091
285.065,1.095
285.095,1.092
285.125,1.092
285.155,1.103
285.185,1.105
285.215,1.103
285.245,1.101
285.275,1.094
285.305,1.077
285.335,1.084
285.365,1.085
285.395,1.081
285.425,1.075
285.455,1.087
285.485,1.090
285.515,1.093
285.545,1.097
285.575,1.086
285.605,1.088
285.635,1.084
285.665,1.077
285.695,1.085
285.725,1.074
285.755,1.075
285.785,1.080
285.815,1.080
285.845,1.091
285.875,1.090
285.905,1.097
285.935,1.103
285.965,1.102
285.995,1.094
286.025,1.091
286.055,1.085
286.085,1.085
286.115,1.084
286.145,1.082
286.175,1.095
286.205,1.087
286.235,1.090
286.265,1.089
286.295,1.091
286.325,1.089
286.355,1.080
286.385,1.081
286.415,1.075
286.445,1.082
286.475,1.080
286.505,1.082
286.535,1.091
286.565,1.091
286.595,1.094
286.625,1.092
286.655,1.090
286.685,1.087
286.715,1.085
286.745,1.091
286.775,1.081
286.805,1.079
286.835,1.087
286.865,1.088
286.895,1.089
286.925,1.088
286.955,1.087
286.985,1.079
287.015,1.086
287.045,1.088
287.075,1.077
287.105,1.084
287.135,1.083
287.165,1.073
287.195,1.088
287.225,1.085
287.255,1.090
287.285,1.100
287.315,1.093
287.345,1.097
287.375,1.091
287.405,1.081
287.435,1.086
287.465,1.083
287.495,1.081
287.525,1.089
287.555,1.075
287.585,1.080
287.615,1.089
287.645,1.088
287.675,1.091
287.705,1.088
287.735,1.083
287.765,1.083
287.795,1.090
287.825,1.091
287.855,1.090
287.885,1.083
287.915,1.091
287.945,1.087
287.975,1.089
288.005,1.083
288.035,1.075
288.065,1.086
288.095,1.093
288.125,1.085
288.155,1.086
288.185,1.085
288.215,1.081
288.245,1.090
288.275,1.083
288.305,1.090
288.335,1.082
288.365,1.080
288.395,1.082
288.425,1.084
288.455,1.089
288.485,1.091
288.515,1.082
288.545,1.090
288.575,1.091
288.605,1.097
288.635,1.092
288.665,1.084
288.695,1.091
288.725,1.078
288.755,1.078
288.785,1.088
288.815,1.082
288.845,1.087
288.875,1.087
288.905,1.078
288.935,1.091
288.965,1.094
288.995,1.086
289.025,1.073
289.055,1.081
289.085,1.094
289.115,1.075
289.145,1.091
289.175,1.085
289.205,1.076
289.235,1.084
289.265,1.091
289.295,1.087
289.325,1.093
289.355,1.096
289.385,1.088
289.415,1.090
289.445,1.091
289.475,1.085
289.505,1.080
289.535,1.074
289.565,1.080
289.595,1.076
289.625,1.083
289.655,1.089
289.685,1.075
289.715,1.092
289.745,1.089
289.775,1.086
289.805,1.088
289.835,1.080
289.865,1.078
289.895,1.089
289.925,1.087
289.955,1.092
289.985,1.082
290.015,1.091
290.045,1.083
290.075,1.083
290.105,1.094
290.135,1.088
290.165,1.088
290.195,1.097
290.225,1.113
290.255,1.111
290.285,1.124
290.315,1.130
290.345,1.153
290.375,1.145
290.405,1.112
290.435,1.108
290.465,1.080
290.495,1.060
290.525,1.051
290.555,1.048
290.585,1.044
290.615,1.057
290.645,1.063
290.675,1.054
290.705,1.053
290.735,1.063
290.765,1.072
290.795,1.096
290.825,1.089
290.855,1.113
290.885,1.100
290.915,1.097
290.945,1.085
290.975,1.070
291.005,1.065
291.035,1.050
291.065,1.065
291.095,1.068
291.125,1.064
291.155,1.069
291.185,1.063
291.215,1.070
291.245,1.070
291.275,1.093
291.305,1.099
291.335,1.104
291.365,1.119
291.395,1.121
291.425,1.119
291.455,1.107
291.485,1.099
291.515,1.097
291.545,1.092
291.575,1.101
291.605,1.095
291.635,1.088
291.665,1.073
291.695,1.067
291.725,1.063
291.755,1.048
291.785,1.047
291.815,1.055
291.845,1.066
291.875,1.078
291.905,1.087
291.935,1.089
291.965,1.095
291.995,1.111
292.025,1.112
292.055,1.117
292.085,1.113
292.115,1.097
292.145,1.091
292.175,1.087
292.205,1.087
292.235,1.078
292.265,1.085
292.295,1.087
292.325,1.091
292.355,1.095
292.385,1.092
292.415,1.090
292.445,1.091
292.475,1.084
292.505,1.086
292.535,1.089
292.565,1.078
292.595,1.083
292.625,1.090
292.655,1.082
292.685,1.094
292.715,1.095
292.745,1.082
292.775,1.087
292.805,1.088
292.835,1.086
292.865,1.079
292.895,1.089
292.925,1.082
292.955,1.089
292.985,1.090
293.015,1.082
293.045,1.094
293.075,1.086
293.105,1.083
293.135,1.079
293.165,1.074
293.195,1.082
293.225,1.092
293.255,1.082
293.285,1.089
293.315,1.090
293.345,1.079
293.375,1.091
293.405,1.088
293.435,1.087
293.465,1.087
293.495,1.084
293.525,1.078
293.555,1.087
293.585,1.085
293.615,1.084
293.645,1.092
293.675,1.090
293.705,1.087
293.735,1.096
293.765,1.084
293.795,1.087
293.825,1.077
293.855,1.079
293.885,1.077
293.915,1.076
293.945,1.083
293.975,1.083
294.005,1.082
294.035,1.091
294.065,1.086
294.095,1.093
294.125,1.089
294.155,1.079
294.185,1.084
294.215,1.095
294.245,1.087
294.275,1.081
294.305,1.087
294.335,1.080
294.365,1.087
294.395,1.093
294.425,1.081
294.455,1.084
294.485,1.091
294.515,1.084
294.545,1.087
294.575,1.088
294.605,1.084
294.635,1.083
294.665,1.080
294.695,1.085
294.725,1.085
294.755,1.084
294.785,1.087
294.815,1.082
294.845,1.093
294.875,1.089
294.905,1.093
294.935,1.093
294.965,1.085
294.995,1.087
295.025,1.084
295.055,1.087
295.085,1.092
295.115,1.085
295.145,1.084
295.175,1.079
295.205,1.084
295.235,1.087
295.265,1.087
295.295,1.087
295.325,1.081
295.355,1.089
295.385,1.086
295.415,1.088
295.445,1.082
295.475,1.072
295.505,1.083
295.535,1.093
295.565,1.081
295.595,1.092
295.625,1.089
295.655,1.087
295.685,1.089
295.715,1.086
295.745,1.083
295.775,1.085
295.805,1.090
295.835,1.088
295.865,1.087
295.895,1.084
295.925,1.086
295.955,1.087
295.985,1.085
296.015,1.080
296.045,1.077
296.075,1.100
296.105,1.097
296.135,1.095
296.165,1.104
296.195,1.106
296.225,1.105
296.255,1.127
296.285,1.119
296.315,1.112
296.345,1.104
296.375,1.094
296.405,1.079
296.435,1.081
296.465,1.078
296.495,1.070
296.525,1.072
296.555,1.079
296.585,1.085
296.615,1.092
296.645,1.092
296.675,1.078
296.705,1.070
296.735,1.073
296.765,1.045
296.795,1.046
296.825,1.044
296.855,1.027
296.885,1.000
296.915,0.997
296.945,1.018
296.975,1.038
297.005,1.074
297.035,1.083
297.065,1.086
297.095,1.090
297.125,1.098
297.155,1.101
297.185,1.086
297.215,1.089
297.245,1.105
297.275,1.096
297.305,1.104
297.335,1.111
297.365,1.097
297.395,1.103
297.425,1.101
297.455,1.094
297.485,1.109
297.515,1.099
297.545,1.093
297.575,1.094
297.605,1.096
297.635,1.117
297.665,1.122
297.695,1.117
297.725,1.101
297.755,1.080
297.785,1.065
297.815,1.049
297.845,1.041
297.875,1.025
297.905,1.049
297.935,1.060
297.965,1.082
297.995,1.092
298.025,1.087
298.055,1.077
298.085,1.084
298.115,1.099
298.145,1.094
298.175,1.083
298.205,1.076
298.235,1.065
298.265,1.058
298.295,1.066
298.325,1.085
298.355,1.097
298.385,1.101
298.415,1.108
298.445,1.091
298.475,1.093
298.505,1.091
298.535,1.079
298.565,1.082
298.595,1.080
298.625,1.077
298.655,1.070
298.685,1.081
298.715,1.070
298.745,1.077
298.775,1.081
298.805,1.070
298.835,1.072
298.865,1.085
298.895,1.094
298.925,1.096
298.955,1.089
298.985,1.089
299.015,1.078
299.045,1.067
299.075,1.072
299.105,1.080
299.135,1.087
299.165,1.089
299.195,1.082
299.225,1.091
299.255,1.083
299.285,1.077
299.315,1.089
299.345,1.082
299.375,1.080
299.405,1.083
299.435,1.081
299.465,1.083
299.495,1.079
299.525,1.079
299.555,1.084
299.585,1.080
299.615,1.084
299.645,1.094
299.675,1.086
299.705,1.082
299.735,1.085
299.765,1.088
299.795,1.081
299.825,1.084
299.855,1.081
299.885,1.080
299.915,1.084
299.945,1.083
299.975,1.081
300.005,1.084
300.035,1.090
300.065,1.087
300.095,1.088
300.125,1.087
300.155,1.082
300.185,1.078
300.215,1.082
300.245,1.086
300.275,1.080
300.305,1.085
300.335,1.084
300.365,1.090
300.395,1.086
300.425,1.083
300.455,1.090
300.485,1.086
300.515,1.086
300.545,1.079
300.575,1.072
300.605,1.084
300.635,1.083
300.665,1.081
300.695,1.083
300.725,1.075
300.755,1.092
300.785,1.097
300.815,1.086
300.845,1.087
300.875,1.078
300.905,1.084
300.935,1.092
300.965,1.089
300.995,1.080
301.025,1.074
301.055,1.080
301.085,1.080
301.115,1.082
301.145,1.087
301.175,1.081
301.205,1.083
301.235,1.088
301.265,1.091
301.295,1.093
301.325,1.090
301.355,1.087
301.385,1.090
301.415,1.074
301.445,1.077
301.475,1.085
301.505,1.073
301.535,1.081
301.565,1.079
301.595,1.094
301.625,1.092
301.655,1.083
301.685,1.091
301.715,1.078
301.745,1.083
301.775,1.082
301.805,1.075
301.835,1.084
301.865,1.088
301.895,1.086
301.925,1.091
301.955,1.084
301.985,1.077
302.015,1.084
302.045,1.086
302.075,1.081
302.105,1.086
302.135,1.078
302.165,1.085
302.195,1.080
302.225,1.088
302.255,1.088
302.285,1.082
302.315,1.091
302.345,1.078
302.375,1.079
302.405,1.078
302.435,1.091
302.465,1.086
302.495,1.086
302.525,1.093
302.555,1.088
302.585,1.091
302.615,1.083
302.645,1.082
302.675,1.087
302.705,1.101
302.735,1.104
302.765,1.112
302.795,1.113
302.825,1.099
302.855,1.097
302.885,1.085
302.915,1.079
302.945,1.063
302.975,1.047
303.005,1.063
303.035,1.065
303.065,1.063
303.095,1.071
303.125,1.089
303.155,1.085
303.185,1.093
303.215,1.094
303.245,1.089
303.275,1.089
303.305,1.088
303.335,1.095
303.365,1.111
303.395,1.133
303.425,1.159
303.455,1.178
303.485,1.188
303.515,1.188
303.545,1.154
303.575,1.109
303.605,1.089
303.635,1.067
303.665,1.054
303.695,1.039
303.725,1.016
303.755,1.032
303.785,1.040
303.815,1.040
303.845,1.018
303.875,1.000
303.905,1.010
303.935,1.011
303.965,0.996
303.995,1.016
304.025,1.045
304.055,1.041
304.085,1.051
304.115,1.069
304.145,1.063
304.175,1.064
304.205,1.067
304.235,1.076
304.265,1.087
304.295,1.083
304.325,1.101
304.355,1.114
304.385,1.114
304.415,1.114
304.445,1.111
304.475,1.099
304.505,1.111
304.535,1.127
304.565,1.127
304.595,1.138
304.625,1.145
304.655,1.145
304.685,1.145
304.715,1.147
304.745,1.149
304.775,1.117
304.805,1.097
304.835,1.093
304.865,1.079
304.895,1.078
304.925,1.066
304.955,1.045
304.985,1.040
305.015,1.048
305.045,1.041
305.075,1.004
305.105,0.980
305.135,0.966
305.165,0.929
305.195,0.987
305.225,1.011
305.255,0.975
305.285,1.043
305.315,1.097
305.345,1.070
305.375,1.039
305.405,1.105
305.435,1.141
305.465,1.137
305.495,1.157
305.525,1.173
305.555,1.143
305.585,1.104
305.615,1.071
305.645,1.044
305.675,1.012
305.705,1.036
305.735,1.045
305.765,1.011
305.795,1.010
305.825,1.024
305.855,1.013
305.885,1.013
305.915,1.038
305.945,1.054
305.975,1.059
306.005,1.075
306.035,1.078
306.065,1.078
306.095,1.104
306.125,1.095
306.155,1.104
306.185,1.084
306.215,1.078
306.245,1.064
306.275,1.074
306.305,1.079
306.335,1.076
306.365,1.098
306.395,1.118
306.425,1.117
306.455,1.119
306.485,1.114
306.515,1.098
306.545,1.097
306.575,1.093
306.605,1.083
306.635,1.077
306.665,1.066
306.695,1.072
306.725,1.074
306.755,1.076
306.785,1.070
306.815,1.083
306.845,1.073
306.875,1.069
306.905,1.085
306.935,1.068
306.965,1.085
306.995,1.081
307.025,1.062
307.055,1.071
307.085,1.067
307.115,1.067
307.145,1.081
307.175,1.088
307.205,1.079
307.235,1.081
307.265,1.083
307.295,1.077
307.325,1.071
307.355,1.078
307.385,1.080
307.415,1.080
307.445,1.079
307.475,1.082
307.505,1.079
307.535,1.082
307.565,1.075
307.595,1.079
307.625,1.074
307.655,1.069
307.685,1.070
307.715,1.069
307.745,1.079
307.775,1.077
307.805,1.087
307.835,1.102
307.865,1.096
307.895,1.084
307.925,1.077
307.955,1.069
307.985,1.075
308.015,1.084
308.045,1.098
308.075,1.116
308.105,1.120
308.135,1.108
308.165,1.105
308.195,1.094
308.225,1.068
308.255,1.065
308.285,1.059
308.315,1.055
308.345,1.047
308.375,1.053
308.405,1.057
308.435,1.056
308.465,1.051
308.495,1.046
308.525,1.060
308.555,1.060
308.585,1.051
308.615,1.037
308.645,1.042
308.675,1.051
308.705,1.067
308.735,1.062
308.765,1.090
308.795,1.091
308.825,1.086
308.855,1.092
308.885,1.098
308.915,1.094
308.945,1.091
308.975,1.100
309.005,1.096
309.035,1.089
309.065,1.098
309.095,1.108
309.125,1.122
309.155,1.127
309.185,1.106
309.215,1.112
309.245,1.092
309.275,1.090
309.305,1.094
309.335,1.086
309.365,1.081
309.395,1.085
309.425,1.076
309.455,1.078
309.485,1.078
309.515,1.089
309.545,1.087
309.575,1.087
309.605,1.085
309.635,1.081
309.665,1.085
309.695,1.083
309.725,1.089
309.755,1.092
309.785,1.090
309.815,1.087
309.845,1.091
309.875,1.087
309.905,1.082
309.935,1.081
309.965,1.077
309.995,1.085
310.025,1.085
310.055,1.075
310.085,1.081
310.115,1.084
310.145,1.088
310.175,1.079
310.205,1.088
310.235,1.098
310.265,1.089
310.295,1.092
310.325,1.092
310.355,1.077
310.385,1.086
310.415,1.089
310.445,1.087
310.475,1.087
310.505,1.086
310.535,1.085
310.565,1.089
310.595,1.086
310.625,1.085
310.655,1.086
310.685,1.083
310.715,1.086
310.745,1.089
310.775,1.091
310.805,1.080
310.835,1.079
310.865,1.085
310.895,1.087
310.925,1.083
310.955,1.089
310.985,1.082
311.015,1.084
311.045,1.083
311.075,1.081
311.105,1.078
311.135,1.083
311.165,1.088
311.195,1.094
311.225,1.080
311.255,1.080
311.285,1.087
311.315,1.085
311.345,1.091
311.375,1.087
311.405,1.089
311.435,1.084
311.465,1.080
311.495,1.083
311.525,1.087
311.555,1.086
311.585,1.077
311.615,1.085
311.645,1.090
311.675,1.089
311.705,1.089
311.735,1.092
311.765,1.091
311.795,1.093
311.825,1.086
311.855,1.082
311.885,1.084
311.915,1.081
311.945,1.083
311.975,1.085
312.005,1.088
312.035,1.083
312.065,1.086
312.095,1.083
312.125,1.089
312.155,1.097
312.185,1.085
312.215,1.086
312.245,1.084
312.275,1.082
312.305,1.090
312.335,1.077
312.365,1.078
312.395,1.081
312.425,1.089
312.455,1.090
312.485,1.089
312.515,1.093
312.545,1.090
312.575,1.083
312.605,1.086
312.635,1.089
312.665,1.086
312.695,1.089
312.725,1.079
312.755,1.085
312.785,1.089
312.815,1.079
312.845,1.081
312.875,1.090
312.905,1.086
312.935,1.085
312.965,1.096
312.995,1.084
313.025,1.097
313.055,1.090
313.085,1.081
313.115,1.080
313.145,1.084
313.175,1.084
313.205,1.086
313.235,1.082
313.265,1.084
313.295,1.091
313.325,1.089
313.355,1.088
313.385,1.080
313.415,1.088
313.445,1.087
313.475,1.085
313.505,1.084
313.535,1.087
313.565,1.085
313.595,1.087
313.625,1.088
313.655,1.082
313.685,1.082
313.715,1.084
313.745,1.084
313.775,1.083
313.805,1.075
313.835,1.082
313.865,1.085
313.895,1.089
313.925,1.095
313.955,1.084
313.985,1.091
314.015,1.089
314.045,1.083
314.075,1.094
314.105,1.092
314.135,1.079
314.165,1.081
314.195,1.072
314.225,1.087
314.255,1.086
314.285,1.081
314.315,1.079
314.345,1.095
314.375,1.089
314.405,1.094
314.435,1.077
314.465,1.081
314.495,1.106
314.525,1.119
314.555,1.128
314.585,1.124
314.615,1.114
314.645,1.108
314.675,1.104
314.705,1.129
314.735,1.123
314.765,1.115
314.795,1.123
314.825,1.114
314.855,1.109
314.885,1.117
314.915,1.107
314.945,1.115
314.975,1.132
315.005,1.108
315.035,1.123
315.065,1.119
315.095,1.111
315.125,1.107
315.155,1.092
315.185,1.075
315.215,1.062
315.245,1.039
315.275,1.035
315.305,1.024
315.335,1.014
315.365,1.021
315.395,1.045
315.425,1.031
315.455,1.025
315.485,1.033
315.515,1.032
315.545,1.030
315.575,1.020
315.605,1.023
315.635,1.025
315.665,1.021
315.695,1.045
315.725,1.078
315.755,1.096
315.785,1.116
315.815,1.116
315.845,1.106
315.875,1.121
315.905,1.111
315.935,1.099
315.965,1.116
315.995,1.117
316.025,1.115
316.055,1.121
316.085,1.111
316.115,1.100
316.145,1.097
316.175,1.081
316.205,1.072
316.235,1.075
316.265,1.073
316.295,1.074
316.325,1.072
316.355,1.059
316.385,1.065
316.415,1.068
316.445,1.072
316.475,1.089
316.505,1.102
316.535,1.103
316.565,1.099
316.595,1.090
316.625,1.082
316.655,1.083
316.685,1.082
316.715,1.082
316.745,1.088
316.775,1.083
316.805,1.078
316.835,1.083
316.865,1.081
316.895,1.077
316.925,1.074
316.955,1.084
316.985,1.085
317.015,1.077
317.045,1.086
317.075,1.081
317.105,1.081
317.135,1.089
317.165,1.097
317.195,1.095
317.225,1.099
317.255,1.098
317.285,1.090
317.315,1.085
317.345,1.087
317.375,1.078
317.405,1.094
317.435,1.089
317.465,1.090
317.495,1.083
317.525,1.078
317.555,1.076
317.585,1.075
317.615,1.083
317.645,1.080
317.675,1.077
317.705,1.079
317.735,1.082
317.765,1.083
317.795,1.077
317.825,1.081
317.855,1.074
317.885,1.075
317.915,1.085
317.945,1.084
317.975,1.081
318.005,1.079
318.035,1.089
318.065,1.088
318.095,1.085
318.125,1.089
318.155,1.077
318.185,1.078
318.215,1.078
318.245,1.077
318.275,1.079
318.305,1.077
318.335,1.084
318.365,1.084
318.395,1.078
318.425,1.084
318.455,1.092
318.485,1.089
318.515,1.083
318.545,1.081
318.575,1.078
318.605,1.078
318.635,1.089
318.665,1.074
318.695,1.075
318.725,1.085
318.755,1.079
318.785,1.083
318.815,1.082
318.845,1.081
318.875,1.078
318.905,1.082
318.935,1.082
318.965,1.080
318.995,1.077
319.025,1.075
319.055,1.080
319.085,1.087
319.115,1.083
319.145,1.087
319.175,1.088
319.205,1.090
319.235,1.089
319.265,1.074
319.295,1.082
319.325,1.082
319.355,1.081
319.385,1.080
319.415,1.078
319.445,1.082
319.475,1.082
319.505,1.093
319.535,1.092
319.565,1.069
319.595,1.085
319.625,1.071
319.655,1.080
319.685,1.091
319.715,1.071
319.745,1.075
319.775,1.088
319.805,1.095
319.835,1.085
319.865,1.080
319.895,1.090
319.925,1.107
319.955,1.126
319.985,1.142
320.015,1.133
320.045,1.135
320.075,1.142
320.105,1.137
320.135,1.131
320.165,1.118
320.195,1.104
320.225,1.091
320.255,1.077
320.285,1.080
320.315,1.076
320.345,1.037
320.375,1.002
320.405,0.997
320.435,0.991
320.465,0.981
320.495,0.997
320.525,0.992
320.555,1.005
320.585,1.018
320.615,1.022
320.645,1.046
320.675,1.050
320.705,1.056
320.735,1.066
320.765,1.068
320.795,1.081
320.825,1.071
320.855,1.090
320.885,1.090
320.915,1.100
320.945,1.107
320.975,1.103
321.005,1.102
321.035,1.098
321.065,1.099
321.095,1.109
321.125,1.102
321.155,1.107
321.185,1.112
321.215,1.106
321.245,1.103
321.275,1.099
321.305,1.085
321.335,1.085
321.365,1.091
321.395,1.076
321.425,1.083
321.455,1.091
321.485,1.080
321.515,1.084
321.545,1.087
321.575,1.086
321.605,1.081
321.635,1.083
321.665,1.094
321.695,1.082
321.725,1.075
321.755,1.075
321.785,1.073
321.815,1.068
321.845,1.076
321.875,1.077
321.905,1.075
321.935,1.087
321.965,1.086
321.995,1.087
322.025,1.089
322.055,1.080
322.085,1.082
322.115,1.083
322.145,1.070
322.175,1.075
322.205,1.076
322.235,1.067
322.265,1.082
322.295,1.088
322.325,1.082
322.355,1.075
322.385,1.077
322.415,1.076
322.445,1.091
322.475,1.081
322.505,1.078
322.535,1.071
322.565,1.073
322.595,1.081
322.625,1.077
322.655,1.078
322.685,1.062
322.715,1.075
322.745,1.085
322.775,1.081
322.805,1.080
322.835,1.069
322.865,1.072
322.895,1.085
322.925,1.074
322.955,1.084
322.985,1.080
323.015,1.075
323.045,1.077
323.075,1.075
323.105,1.079
323.135,1.076
323.165,1.078
323.195,1.079
323.225,1.084
323.255,1.080
323.285,1.079
323.315,1.091
323.345,1.101
323.375,1.089
323.405,1.080
323.435,1.078
323.465,1.078
323.495,1.070
323.525,1.067
323.555,1.068
323.585,1.069
323.615,1.073
323.645,1.077
323.675,1.082
323.705,1.078
323.735,1.084
323.765,1.078
323.795,1.068
323.825,1.077
323.855,1.061
323.885,1.064
323.915,1.076
323.945,1.074
323.975,1.094
324.005,1.106
324.035,1.103
324.065,1.111
324.095,1.147
324.125,1.152
324.155,1.196
324.185,1.188
324.215,1.183
324.245,1.184
324.275,1.111
324.305,1.125
324.335,1.103
324.365,1.054
324.395,1.031
324.425,1.024
324.455,1.020
324.485,1.048
324.515,1.033
324.545,1.019
324.575,1.039
324.605,1.016
324.635,0.972
324.665,0.988
324.695,0.992
324.725,1.007
324.755,1.011
324.785,1.002
324.815,1.044
324.845,1.041
324.875,1.026
324.905,1.042
324.935,1.054
324.965,1.076
324.995,1.085
325.025,1.088
325.055,1.105
325.085,1.104
325.115,1.098
325.145,1.107
325.175,1.121
325.205,1.124
325.235,1.112
325.265,1.096
325.295,1.086
325.325,1.094
325.355,1.088
325.385,1.084
325.415,1.066
325.445,1.060
325.475,1.058
325.505,1.060
325.535,1.053
325.565,1.060
325.595,1.070
325.625,1.063
325.655,1.077
325.685,1.081
325.715,1.071
325.745,1.062
325.775,1.060
325.805,1.047
325.835,1.030
325.865,1.013
325.895,1.007
325.925,1.006
325.955,1.033
325.985,1.041
326.015,1.054
326.045,1.085
326.075,1.116
326.105,1.129
326.135,1.138
326.165,1.125
326.195,1.117
326.225,1.111
326.255,1.106
326.285,1.095
326.315,1.093
326.345,1.076
326.375,1.077
326.405,1.071
326.435,1.073
326.465,1.082
326.495,1.085
326.525,1.086
326.555,1.082
326.585,1.072
326.615,1.070
326.645,1.073
326.675,1.079
326.705,1.072
326.735,1.069
326.765,1.085
326.795,1.073
326.825,1.075
326.855,1.087
326.885,1.082
326.915,1.072
326.945,1.070
326.975,1.070
327.005,1.073
327.035,1.066
327.065,1.077
327.095,1.075
327.125,1.079
327.155,1.086
327.185,1.072
327.215,1.076
327.245,1.091
327.275,1.080
327.305,1.110
327.335,1.125
327.365,1.129
327.395,1.155
327.425,1.183
327.455,1.228
327.485,1.241
327.515,1.254
327.545,1.232
327.575,1.199
327.605,1.167
327.635,1.139
327.665,1.100
327.695,1.058
327.725,1.043
327.755,1.015
327.785,1.015
327.815,1.011
327.845,1.017
327.875,1.025
327.905,1.029
327.935,1.024
327.965,1.022
327.995,1.005
328.025,1.006
328.055,0.998
328.085,0.964
328.115,0.966
328.145,0.985
328.175,1.013
328.205,1.011
328.235,1.003
328.265,0.987
328.295,0.966
328.325,0.978
328.355,0.974
328.385,0.966
328.415,0.990
328.445,1.029
328.475,1.019
328.505,1.041
328.535,1.074
328.565,1.059
328.595,1.046
328.625,1.060
328.655,1.074
328.685,1.124
328.715,1.144
328.745,1.148
328.775,1.141
328.805,1.135
328.835,1.129
328.865,1.102
328.895,1.104
328.925,1.103
328.955,1.091
328.985,1.073
329.015,1.065
329.045,1.059
329.075,1.052
329.105,1.065
329.135,1.070
329.165,1.061
329.195,1.080
329.225,1.095
329.255,1.106
329.285,1.136
329.315,1.136
329.345,1.130
329.375,1.114
329.405,1.101
329.435,1.103
329.465,1.109
329.495,1.096
329.525,1.086
329.555,1.088
329.585,1.084
329.615,1.070
329.645,1.070
329.675,1.071
329.705,1.075
329.735,1.082
329.765,1.065
329.795,1.066
329.825,1.056
329.855,1.055
329.885,1.064
329.915,1.063
329.945,1.058
329.975,1.050
330.005,1.049
330.035,1.047
330.065,1.056
330.095,1.052
330.125,1.054
330.155,1.081
330.185,1.093
330.215,1.094
330.245,1.101
330.275,1.099
330.305,1.083
330.335,1.087
330.365,1.093
330.395,1.098
330.425,1.099
330.455,1.084
330.485,1.081
330.515,1.089
330.545,1.091
330.575,1.094
330.605,1.088
330.635,1.081
330.665,1.086
330.695,1.086
330.725,1.086
330.755,1.083
330.785,1.070
330.815,1.068
330.845,1.060
330.875,1.067
330.905,1.078
330.935,1.076
330.965,1.078
330.995,1.078
331.025,1.083
331.055,1.068
331.085,1.066
331.115,1.079
331.145,1.076
331.175,1.086
331.205,1.087
331.235,1.076
331.265,1.074
331.295,1.072
331.325,1.068
331.355,1.076
331.385,1.084
331.415,1.076
331.445,1.092
331.475,1.085
331.505,1.079
331.535,1.079
331.565,1.073
331.595,1.070
331.625,1.067
331.655,1.075
331.685,1.088
331.715,1.087
331.745,1.088
331.775,1.079
331.805,1.075
331.835,1.082
331.865,1.068
331.895,1.064
331.925,1.061
331.955,1.062
331.985,1.071
332.015,1.079
332.045,1.073
332.075,1.079
332.105,1.072
332.135,1.072
332.165,1.071
332.195,1.069
332.225,1.070
332.255,1.071
332.285,1.062
332.315,1.075
332.345,1.082
332.375,1.074
332.405,1.084
332.435,1.081
332.465,1.073
332.495,1.073
332.525,1.067
332.555,1.067
332.585,1.065
332.615,1.075
332.645,1.076
332.675,1.071
332.705,1.073
332.735,1.077
332.765,1.082
332.795,1.078
332.825,1.082
332.855,1.079
332.885,1.091
332.915,1.103
332.945,1.117
332.975,1.123
333.005,1.127
333.035,1.113
333.065,1.081
333.095,1.071
333.125,1.054
333.155,1.045
333.185,1.041
333.215,1.010
333.245,1.007
333.275,1.027
333.305,1.036
333.335,1.042
333.365,1.062
333.395,1.069
333.425,1.077
333.455,1.090
333.485,1.082
333.515,1.095
333.545,1.090
333.575,1.069
333.605,1.076
333.635,1.099
333.665,1.105
333.695,1.079
333.725,1.076
333.755,1.079
333.785,1.066
333.815,1.071
333.845,1.075
333.875,1.067
333.905,1.061
333.935,1.058
333.965,1.059
333.995,1.048
334.025,1.049
334.055,1.045
334.085,1.039
334.115,1.069
334.145,1.064
334.175,1.078
334.205,1.087
334.235,1.082
334.265,1.102
334.295,1.113
334.325,1.125
334.355,1.132
334.385,1.124
334.415,1.111
334.445,1.109
334.475,1.106
334.505,1.098
334.535,1.085
334.565,1.071
334.595,1.076
334.625,1.068
334.655,1.067
334.685,1.069
334.715,1.062
334.745,1.069
334.775,1.076
334.805,1.082
334.835,1.079
334.865,1.076
334.895,1.080
334.925,1.080
334.955,1.082
334.985,1.080
335.015,1.074
335.045,1.078
335.075,1.071
335.105,1.076
335.135,1.075
335.165,1.072
335.195,1.070
335.225,1.076
335.255,1.083
335.285,1.080
335.315,1.080
335.345,1.073
335.375,1.075
335.405,1.073
335.435,1.070
335.465,1.080
335.495,1.080
335.525,1.080
335.555,1.076
335.585,1.074
335.615,1.072
335.645,1.078
335.675,1.081
335.705,1.086
335.735,1.074
335.765,1.078
335.795,1.073
335.825,1.074
335.855,1.073
335.885,1.079
335.915,1.074
335.945,1.075
335.975,1.080
336.005,1.081
336.035,1.079
336.065,1.082
336.095,1.074
336.125,1.074
336.155,1.081
336.185,1.071
336.215,1.075
336.245,1.080
336.275,1.076
336.305,1.075
336.335,1.073
336.365,1.078
336.395,1.076
336.425,1.074
336.455,1.072
336.485,1.080
336.515,1.079
336.545,1.074
336.575,1.072
336.605,1.066
336.635,1.076
336.665,1.082
336.695,1.080
336.725,1.081
336.755,1.080
336.785,1.077
336.815,1.087
336.845,1.081
336.875,1.069
336.905,1.068
336.935,1.065
336.965,1.072
336.995,1.068
337.025,1.070
337.055,1.072
337.085,1.079
337.115,1.080
337.145,1.083
337.175,1.090
337.205,1.099
337.235,1.102
337.265,1.094
337.295,1.092
337.325,1.095
337.355,1.082
337.385,1.082
337.415,1.073
337.445,1.083
337.475,1.070
337.505,1.053
337.535,1.061
337.565,1.057
337.595,1.060
337.625,1.047
337.655,1.046
337.685,1.044
337.715,1.057
337.745,1.077
337.775,1.075
337.805,1.080
337.835,1.080
337.865,1.082
337.895,1.078
337.925,1.083
337.955,1.079
337.985,1.075
338.015,1.070
338.045,1.072
338.075,1.067
338.105,1.070
338.135,1.073
338.165,1.075
338.195,1.080
338.225,1.076
338.255,1.073
338.285,1.077
338.315,1.076
338.345,1.093
338.375,1.091
338.405,1.090
338.435,1.095
338.465,1.089
338.495,1.085
338.525,1.079
338.555,1.069
338.585,1.064
338.615,1.074
338.645,1.067
338.675,1.070
338.705,1.081
338.735,1.078
338.765,1.074
338.795,1.080
338.825,1.079
338.855,1.079
338.885,1.085
338.915,1.088
338.945,1.084
338.975,1.085
339.005,1.076
339.035,1.076
339.065,1.072
339.095,1.080
339.125,1.078
339.155,1.082
339.185,1.082
339.215,1.083
339.245,1.076
339.275,1.070
339.305,1.075
339.335,1.072
339.365,1.075
339.395,1.074
339.425,1.080
339.455,1.074
339.485,1.073
339.515,1.076
339.545,1.078
339.575,1.077
339.605,1.082
339.635,1.080
339.665,1.068
339.695,1.082
339.725,1.077
339.755,1.085
339.785,1.082
339.815,1.071
339.845,1.081
339.875,1.084
339.905,1.080
339.935,1.072
339.965,1.079
339.995,1.075
340.025,1.078
340.055,1.078
340.085,1.084
340.115,1.084
340.145,1.070
340.175,1.073
340.205,1.080
340.235,1.076
340.265,1.081
340.295,1.078
340.325,1.069
340.355,1.082
340.385,1.071
340.415,1.071
340.445,1.074
340.475,1.074
340.505,1.083
340.535,1.081
340.565,1.074
340.595,1.078
340.625,1.082
340.655,1.084
340.685,1.078
340.715,1.086
340.745,1.079
340.775,1.075
340.805,1.069
340.835,1.070
340.865,1.072
340.895,1.079
340.925,1.081
340.955,1.086
340.985,1.082
341.015,1.081
341.045,1.081
341.075,1.081
341.105,1.081
341.135,1.072
341.165,1.079
341.195,1.076
341.225,1.074
341.255,1.079
341.285,1.078
341.315,1.075
341.345,1.068
341.375,1.074
341.405,1.086
341.435,1.085
341.465,1.085
341.495,1.077
341.525,1.068
341.555,1.078
341.585,1.071
341.615,1.075
341.645,1.079
341.675,1.074
341.705,1.078
341.735,1.074
341.765,1.072
341.795,1.072
341.825,1.076
341.855,1.077
341.885,1.081
341.915,1.079
341.945,1.074
341.975,1.075
342.005,1.072
342.035,1.071
342.065,1.085
342.095,1.070
342.125,1.078
342.155,1.082
342.185,1.083
342.215,1.075
342.245,1.081
342.275,1.083
342.305,1.076
342.335,1.080
342.365,1.069
342.395,1.078
342.425,1.075
342.455,1.078
342.485,1.084
342.515,1.074
342.545,1.074
342.575,1.068
342.605,1.075
342.635,1.078
342.665,1.073
342.695,1.076
342.725,1.067
342.755,1.075
342.785,1.077
342.815,1.070
342.845,1.084
342.875,1.083
342.905,1.083
342.935,1.082
342.965,1.081
342.995,1.084
343.025,1.078
343.055,1.077
343.085,1.071
343.115,1.082
343.145,1.064
343.175,1.070
343.205,1.075
343.235,1.075
343.265,1.076
343.295,1.066
343.325,1.080
343.355,1.097
343.385,1.095
343.415,1.094
343.445,1.101
343.475,1.102
343.505,1.113
343.535,1.126
343.565,1.147
343.595,1.159
343.625,1.187
343.655,1.211
343.685,1.204
343.715,1.164
343.745,1.150
343.775,1.148
343.805,1.104
343.835,1.100
343.865,1.077
343.895,1.045
343.925,1.020
343.955,1.016
343.985,0.996
344.015,0.995
344.045,0.995
344.075,0.999
344.105,1.015
344.135,1.039
344.165,1.072
344.195,1.070
344.225,1.089
344.255,1.080
344.285,1.077
344.315,1.105
344.345,1.139
344.375,1.164
344.405,1.193
344.435,1.205
344.465,1.164
344.495,1.098
344.525,1.055
344.555,1.016
344.585,1.003
344.615,0.986
344.645,0.978
344.675,0.931
344.705,0.920
344.735,0.901
344.765,0.887
344.795,0.911
344.825,0.961
344.855,0.986
344.885,1.020
344.915,1.076
344.945,1.058
344.975,1.090
345.005,1.126
345.035,1.107
345.065,1.113
345.095,1.126
345.125,1.126
345.155,1.118
345.185,1.114
345.215,1.111
345.245,1.104
345.275,1.126
345.305,1.120
345.335,1.122
345.365,1.106
345.395,1.106
345.425,1.102
345.455,1.088
345.485,1.086
345.515,1.077
345.545,1.075
345.575,1.080
345.605,1.080
345.635,1.071
345.665,1.063
345.695,1.065
345.725,1.062
345.755,1.057
345.785,1.055
345.815,1.057
345.845,1.054
345.875,1.050
345.905,1.066
345.935,1.070
345.965,1.085
345.995,1.101
346.025,1.115
346.055,1.109
346.085,1.111
346.115,1.102
346.145,1.099
346.175,1.091
346.205,1.081
346.235,1.075
346.265,1.070
346.295,1.058
346.325,1.060
346.355,1.060
346.385,1.060
346.415,1.052
346.445,1.053
346.475,1.060
346.505,1.062
346.535,1.087
346.565,1.081
346.595,1.096
346.625,1.102
346.655,1.092
346.685,1.104
346.715,1.115
346.745,1.102
346.775,1.097
346.805,1.100
346.835,1.093
346.865,1.085
346.895,1.087
346.925,1.076
346.955,1.083
346.985,1.087
347.015,1.096
347.045,1.085
347.075,1.078
347.105,1.084
347.135,1.082
347.165,1.084
347.195,1.085
347.225,1.077
347.255,1.073
347.285,1.082
347.315,1.087
347.345,1.082
347.375,1.094
347.405,1.082
347.435,1.078
347.465,1.073
347.495,1.076
347.525,1.069
347.555,1.073
347.585,1.075
347.615,1.077
347.645,1.086
347.675,1.087
347.705,1.090
347.735,1.093
347.765,1.082
347.795,1.078
347.825,1.088
347.855,1.084
347.885,1.097
347.915,1.088
347.945,1.081
347.975,1.081
348.005,1.085
348.035,1.075
348.065,1.065
348.095,1.075
348.125,1.070
348.155,1.062
348.185,1.064
348.215,1.063
348.245,1.072
348.275,1.065
348.305,1.073
348.335,1.072
348.365,1.078
348.395,1.096
348.425,1.089
348.455,1.090
348.485,1.086
348.515,1.071
348.545,1.075
348.575,1.072
348.605,1.066
348.635,1.068
348.665,1.055
348.695,1.059
348.725,1.056
348.755,1.064
348.785,1.063
348.815,1.069
348.845,1.071
348.875,1.069
348.905,1.075
348.935,1.081
348.965,1.084
348.995,1.098
349.025,1.099
349.055,1.085
349.085,1.085
349.115,1.095
349.145,1.087
349.175,1.085
349.205,1.091
349.235,1.089
349.265,1.081
349.295,1.076
349.325,1.080
349.355,1.070
349.385,1.079
349.415,1.091
349.445,1.081
349.475,1.066
349.505,1.074
349.535,1.074
349.565,1.076
349.595,1.071
349.625,1.076
349.655,1.080
349.685,1.074
349.715,1.075
349.745,1.072
349.775,1.081
349.805,1.072
349.835,1.074
349.865,1.076
349.895,1.079
349.925,1.070
349.955,1.080
349.985,1.077
350.015,1.077
350.045,1.076
350.075,1.077
350.105,1.072
350.135,1.068
350.165,1.078
350.195,1.072
350.225,1.077
350.255,1.079
350.285,1.070
350.315,1.083
350.345,1.081
350.375,1.077
350.405,1.074
350.435,1.070
350.465,1.075
350.495,1.068
350.525,1.077
350.555,1.072
350.585,1.067
350.615,1.077
350.645,1.069
350.675,1.069
350.705,1.081
350.735,1.075
350.765,1.078
350.795,1.072
350.825,1.079
350.855,1.079
350.885,1.077
350.915,1.075
350.945,1.066
350.975,1.069
351.005,1.073
351.035,1.074
351.065,1.069
351.095,1.081
351.125,1.073
351.155,1.068
351.185,1.078
351.215,1.080
351.245,1.074
351.275,1.076
351.305,1.077
351.335,1.074
351.365,1.075
351.395,1.066
351.425,1.071
351.455,1.077
351.485,1.073
351.515,1.074
351.545,1.081
351.575,1.077
351.605,1.073
351.635,1.077
351.665,1.075
351.695,1.077
351.725,1.069
351.755,1.072
351.785,1.077
351.815,1.077
351.845,1.069
351.875,1.071
351.905,1.067
351.935,1.071
351.965,1.073
351.995,1.074
352.025,1.074
352.055,1.074
352.085,1.073
352.115,1.077
352.145,1.071
352.175,1.073
352.205,1.072
352.235,1.082
352.265,1.076
352.295,1.078
352.325,1.078
352.355,1.079
352.385,1.077
352.415,1.085
352.445,1.076
352.475,1.066
352.505,1.067
352.535,1.069
352.565,1.082
352.595,1.075
352.625,1.073
352.655,1.073
352.685,1.077
352.715,1.078
352.745,1.077
352.775,1.079
352.805,1.078
352.835,1.075
352.865,1.081
352.895,1.075
352.925,1.080
352.955,1.075
352.985,1.071
353.015,1.069
353.045,1.076
353.075,1.071
353.105,1.072
353.135,1.073
353.165,1.077
353.195,1.073
353.225,1.076
353.255,1.084
353.285,1.071
353.315,1.070
353.345,1.078
353.375,1.074
353.405,1.070
353.435,1.063
353.465,1.076
353.495,1.070
353.525,1.081
353.555,1.071
353.585,1.072
353.615,1.076
353.645,1.073
353.675,1.080
353.705,1.083
353.735,1.069
353.765,1.069
353.795,1.072
353.825,1.078
353.855,1.083
353.885,1.072
353.915,1.069
353.945,1.070
353.975,1.080
354.005,1.080
354.035,1.072
354.065,1.078
354.095,1.074
354.125,1.073
354.155,1.079
354.185,1.077
354.215,1.068
354.245,1.076
354.275,1.065
354.305,1.060
354.335,1.075
354.365,1.079
354.395,1.075
354.425,1.069
354.455,1.082
354.485,1.094
354.515,1.107
354.545,1.104
354.575,1.101
354.605,1.080
354.635,1.065
354.665,1.036
354.695,1.036
354.725,1.053
354.755,1.075
354.785,1.062
354.815,1.076
354.845,1.081
354.875,1.080
354.905,1.078
354.935,1.074
354.965,1.083
354.995,1.082
355.025,1.075
355.055,1.077
355.085,1.075
355.115,1.077
355.145,1.076
355.175,1.069
355.205,1.076
355.235,1.079
355.265,1.079
355.295,1.075
355.325,1.073
355.355,1.069
355.385,1.082
355.415,1.078
355.445,1.076
355.475,1.072
355.505,1.077
355.535,1.082
355.565,1.076
355.595,1.076
355.625,1.062
355.655,1.076
355.685,1.076
355.715,1.074
355.745,1.074
355.775,1.072
355.805,1.075
355.835,1.080
355.865,1.081
355.895,1.076
355.925,1.071
355.955,1.073
355.985,1.080
356.015,1.066
356.045,1.072
356.075,1.079
356.105,1.077
356.135,1.077
356.165,1.067
356.195,1.069
356.225,1.071
356.255,1.081
356.285,1.078
356.315,1.073
356.345,1.073
356.375,1.071
356.405,1.071
356.435,1.077
356.465,1.070
356.495,1.075
356.525,1.070
356.555,1.070
356.585,1.074
356.615,1.077
356.645,1.090
356.675,1.074
356.705,1.069
356.735,1.076
356.765,1.071
356.795,1.077
356.825,1.070
356.855,1.073
356.885,1.076
356.915,1.071
356.945,1.077
356.975,1.076
357.005,1.080
357.035,1.075
357.065,1.064
357.095,1.073
357.125,1.076
357.155,1.072
357.185,1.076
357.215,1.074
357.245,1.063
357.275,1.079
357.305,1.097
357.335,1.076
357.365,1.062
357.395,1.076
357.425,1.085
357.455,1.082
357.485,1.082
357.515,1.073
357.545,1.070
357.575,1.060
357.605,1.068
357.635,1.067
357.665,1.064
357.695,1.062
357.725,1.082
357.755,1.088
357.785,1.078
357.815,1.073
357.845,1.066
357.875,1.075
357.905,1.076
357.935,1.081
357.965,1.074
357.995,1.086
358.025,1.081
358.055,1.070
358.085,1.073
358.115,1.068
358.145,1.081
358.175,1.088
358.205,1.084
358.235,1.078
358.265,1.077
358.295,1.083
358.325,1.127
358.355,1.095
358.385,1.050
358.415,1.057
358.445,1.084
358.475,1.101
358.505,1.105
358.535,1.104
358.565,1.091
358.595,1.093
358.625,1.096
358.655,1.089
358.685,1.100
358.715,1.081
358.745,1.072
358.775,1.074
358.805,1.080
358.835,1.083
358.865,1.073
358.895,1.079
358.925,1.076
358.955,1.085
358.985,1.099
359.015,1.122
359.045,1.104
359.075,1.101
359.105,1.099
359.135,1.101
359.165,1.088
359.195,1.079
359.225,1.068
359.255,1.038
359.285,1.034
359.315,1.018
359.345,1.013
359.375,1.005
359.405,1.003
359.435,1.001
359.465,0.989
359.495,0.989
359.525,0.992
359.555,1.013
359.585,1.030
359.615,1.043
359.645,1.043
359.675,1.055
359.705,1.067
359.735,1.074
359.765,1.083
359.795,1.071
359.825,1.083
359.855,1.074
359.885,1.077
359.915,1.078
359.945,1.064
359.975,1.073
360.005,1.075
360.035,1.091
360.065,1.085
360.095,1.085
360.125,1.095
360.155,1.095
360.185,1.095
360.215,1.093
360.245,1.097
360.275,1.103
360.305,1.103
360.335,1.098
360.365,1.078
360.395,1.087
360.425,1.081
360.455,1.089
360.485,1.089
360.515,1.087
360.545,1.081
360.575,1.101
360.605,1.105
360.635,1.104
360.665,1.102
360.695,1.095
360.725,1.104
360.755,1.111
360.785,1.108
360.815,1.115
360.845,1.121
360.875,1.134
360.905,1.144
360.935,1.143
360.965,1.104
360.995,1.094
361.025,1.062
361.055,1.013
361.085,0.985
361.115,0.983
361.145,0.995
361.175,1.031
361.205,1.060
361.235,1.058
361.265,1.050
361.295,1.051
361.325,1.069
361.355,1.097
361.385,1.123
361.415,1.132
361.445,1.140
361.475,1.110
361.505,1.078
361.535,1.076
361.565,1.089
361.595,1.077
361.625,1.082
361.655,1.088
361.685,1.090
361.715,1.099
361.745,1.098
361.775,1.123
361.805,1.111
361.835,1.106
361.865,1.122
361.895,1.121
361.925,1.110
361.955,1.088
361.985,1.054
362.015,1.033
362.045,1.034
362.075,1.034
362.105,1.055
362.135,1.067
362.165,1.075
362.195,1.090
362.225,1.088
362.255,1.079
362.285,1.081
362.315,1.079
362.345,1.083
362.375,1.103
362.405,1.106
362.435,1.104
362.465,1.089
362.495,1.091
362.525,1.089
362.555,1.087
362.585,1.097
362.615,1.086
362.645,1.088
362.675,1.094
362.705,1.104
362.735,1.095
362.765,1.075
362.795,1.075
362.825,1.074
362.855,1.062
362.885,1.062
362.915,1.056
362.945,1.068
362.975,1.078
363.005,1.078
363.035,1.084
363.065,1.089
363.095,1.094
363.125,1.097
363.155,1.104
363.185,1.095
363.215,1.079
363.245,1.074
363.275,1.081
363.305,1.084
363.335,1.076
363.365,1.074
363.395,1.084
363.425,1.092
363.455,1.078
363.485,1.078
363.515,1.085
363.545,1.082
363.575,1.093
363.605,1.090
363.635,1.077
363.665,1.086
363.695,1.090
363.725,1.076
363.755,1.078
363.785,1.083
363.815,1.092
363.845,1.087
363.875,1.078
363.905,1.080
363.935,1.080
363.965,1.093
363.995,1.091
364.025,1.089
364.055,1.088
364.085,1.084
364.115,1.080
364.145,1.085
364.175,1.079
364.205,1.079
364.235,1.070
364.265,1.077
364.295,1.074
364.325,1.072
364.355,1.076
364.385,1.076
364.415,1.085
364.445,1.080
364.475,1.073
364.505,1.077
364.535,1.078
364.565,1.089
364.595,1.093
364.625,1.091
364.655,1.086
364.685,1.086
364.715,1.085
364.745,1.078
364.775,1.083
364.805,1.102
364.835,1.095
364.865,1.080
364.895,1.078
364.925,1.076
364.955,1.081
364.985,1.081
365.015,1.077
365.045,1.086
365.075,1.079
365.105,1.085
365.135,1.087
365.165,1.082
365.195,1.078
365.225,1.079
365.255,1.081
365.285,1.082
365.315,1.083
365.345,1.082
365.375,1.081
365.405,1.091
365.435,1.087
365.465,1.079
365.495,1.080
365.525,1.083
365.555,1.089
365.585,1.093
365.615,1.078
365.645,1.078
365.675,1.082
365.705,1.085
365.735,1.087
365.765,1.084
365.795,1.078
365.825,1.078
365.855,1.075
365.885,1.077
365.915,1.086
365.945,1.083
365.975,1.086
366.005,1.089
366.035,1.081
366.065,1.083
366.095,1.086
366.125,1.084
366.155,1.083
366.185,1.089
366.215,1.088
366.245,1.091
366.275,1.071
366.305,1.080
366.335,1.082
366.365,1.083
366.395,1.086
366.425,1.079
366.455,1.083
366.485,1.084
366.515,1.090
366.545,1.084
366.575,1.088
366.605,1.084
366.635,1.069
366.665,1.084
366.695,1.083
366.725,1.077
366.755,1.083
366.785,1.073
366.815,1.089
366.845,1.084
366.875,1.085
366.905,1.095
366.935,1.094
366.965,1.097
366.995,1.095
367.025,1.097
367.055,1.104
367.085,1.105
367.115,1.102
367.145,1.106
367.175,1.114
367.205,1.122
367.235,1.113
367.265,1.104
367.295,1.099
367.325,1.102
367.355,1.101
367.385,1.078
367.415,1.067
367.445,1.061
367.475,1.069
367.505,1.069
367.535,1.060
367.565,1.072
367.595,1.085
367.625,1.074
367.655,1.078
367.685,1.082
367.715,1.081
367.745,1.072
367.775,1.081
367.805,1.099
367.835,1.091
367.865,1.086
367.895,1.118
367.925,1.129
367.955,1.135
367.985,1.134
368.015,1.130
368.045,1.115
368.075,1.119
368.105,1.123
368.135,1.117
368.165,1.134
368.195,1.123
368.225,1.114
368.255,1.089
368.285,1.077
368.315,1.060
368.345,1.034
368.375,1.031
368.405,1.013
368.435,0.997
368.465,0.997
368.495,0.968
368.525,0.971
368.555,0.976
368.585,0.993
368.615,1.013
368.645,1.040
368.675,1.061
368.705,1.081
368.735,1.085
368.765,1.060
368.795,1.063
368.825,1.081
368.855,1.098
368.885,1.095
368.915,1.116
368.945,1.112
368.975,1.100
369.005,1.099
369.035,1.104
369.065,1.096
369.095,1.096
369.125,1.108
369.155,1.101
369.185,1.083
369.215,1.086
369.245,1.080
369.275,1.080
369.305,1.092
369.335,1.113
369.365,1.112
369.395,1.093
369.425,1.105
369.455,1.085
369.485,1.076
369.515,1.092
369.545,1.097
369.575,1.105
369.605,1.135
369.635,1.145
369.665,1.159
369.695,1.166
369.725,1.156
369.755,1.139
369.785,1.095
369.815,1.087
369.845,1.092
369.875,1.076
369.905,1.058
369.935,1.064
369.965,1.038
369.995,1.026
370.025,1.023
370.055,1.038
370.085,1.046
370.115,1.026
370.145,1.021
370.175,1.049
370.205,1.091
370.235,1.097
370.265,1.099
370.295,1.105
370.325,1.084
370.355,1.053
370.385,1.034
370.415,1.002
370.445,0.992
370.475,1.028
370.505,1.009
370.535,1.033
370.565,1.064
370.595,1.063
370.625,1.083
370.655,1.078
370.685,1.104
370.715,1.125
370.745,1.115
370.775,1.071
370.805,1.062
370.835,1.059
370.865,1.045
370.895,1.065
370.925,1.077
370.955,1.080
370.985,1.079
371.015,1.081
371.045,1.082
371.075,1.064
371.105,1.058
371.135,1.060
371.165,1.070
371.195,1.056
371.225,1.033
371.255,1.032
371.285,1.023
371.315,1.023
371.345,1.037
371.375,1.060
371.405,1.062
371.435,1.081
371.465,1.074
371.495,1.088
371.525,1.100
371.555,1.074
371.585,1.068
371.615,1.066
371.645,1.065
371.675,1.055
371.705,1.049
371.735,1.060
371.765,1.073
371.795,1.062
371.825,1.066
371.855,1.079
371.885,1.078
371.915,1.101
371.945,1.100
371.975,1.111
372.005,1.124
372.035,1.103
372.065,1.085
372.095,1.091
372.125,1.106
372.155,1.080
372.185,1.117
372.215,1.102
372.245,1.066
372.275,1.108
372.305,1.126
372.335,1.101
372.365,1.091
372.395,1.095
372.425,1.080
372.455,1.082
372.485,1.079
372.515,1.097
372.545,1.083
372.575,1.108
372.605,1.074
372.635,1.109
372.665,1.103
372.695,1.122
372.725,1.114
372.755,1.113
372.785,1.090
372.815,1.104
372.845,1.094
372.875,1.082
372.905,1.094
372.935,1.089
372.965,1.092
372.995,1.087
373.025,1.090
373.055,1.087
373.085,1.085
373.115,1.085
373.145,1.077
373.175,1.074
373.205,1.075
373.235,1.082
373.265,1.078
373.295,1.094
373.325,1.082
373.355,1.078
373.385,1.089
373.415,1.100
373.445,1.095
373.475,1.102
373.505,1.082
373.535,1.086
373.565,1.081
373.595,1.072
373.625,1.083
373.655,1.088
373.685,1.083
373.715,1.089
373.745,1.083
373.775,1.074
373.805,1.082
373.835,1.088
373.865,1.093
373.895,1.078
373.925,1.084
373.955,1.097
373.985,1.095
374.015,1.088
374.045,1.095
374.075,1.095
374.105,1.082
374.135,1.073
374.165,1.066
374.195,1.079
374.225,1.087
374.255,1.086
374.285,1.100
374.315,1.120
374.345,1.146
374.375,1.158
374.405,1.180
374.435,1.185
374.465,1.173
374.495,1.156
374.525,1.138
374.555,1.125
374.585,1.129
374.615,1.126
374.645,1.106
374.675,1.104
374.705,1.094
374.735,1.082
374.765,1.094
374.795,1.071
374.825,1.079
374.855,1.076
374.885,1.060
374.915,1.045
374.945,1.019
374.975,0.995
375.005,0.958
375.035,0.929
375.065,0.955
375.095,0.982
375.125,1.010
375.155,0.999
375.185,1.021
375.215,1.028
375.245,1.033
375.275,1.046
375.305,1.054
375.335,1.059
375.365,1.051
375.395,1.068
375.425,1.094
375.455,1.095
375.485,1.104
375.515,1.100
375.545,1.093
375.575,1.075
375.605,1.088
375.635,1.083
375.665,1.088
375.695,1.090
375.725,1.105
375.755,1.129
375.785,1.120
375.815,1.133
375.845,1.146
375.875,1.132
375.905,1.112
375.935,1.094
375.965,1.099
375.995,1.098
376.025,1.093
376.055,1.097
376.085,1.098
376.115,1.105
376.145,1.110
376.175,1.106
376.205,1.092
376.235,1.096
376.265,1.099
376.295,1.100
376.325,1.099
376.355,1.083
376.385,1.086
376.415,1.062
376.445,1.057
376.475,1.048
376.505,1.033
376.535,1.051
376.565,1.056
376.595,1.067
376.625,1.079
376.655,1.068
376.685,1.063
376.715,1.061
376.745,1.045
376.775,1.053
376.805,1.063
376.835,1.074
376.865,1.080
376.895,1.097
376.925,1.103
376.955,1.103
376.985,1.092
377.015,1.111
377.045,1.098
377.075,1.092
377.105,1.097
377.135,1.099
377.165,1.090
377.195,1.093
377.225,1.110
377.255,1.106
377.285,1.100
377.315,1.101
377.345,1.086
377.375,1.085
377.405,1.088
377.435,1.067
377.465,1.082
377.495,1.080
377.525,1.101
377.555,1.089
377.585,1.093
377.615,1.089
377.645,1.078
377.675,1.081
377.705,1.075
377.735,1.090
377.765,1.084
377.795,1.084
377.825,1.079
377.855,1.083
377.885,1.089
377.915,1.088
377.945,1.093
377.975,1.087
378.005,1.089
378.035,1.085
378.065,1.091
378.095,1.088
378.125,1.089
378.155,1.086
378.185,1.082
378.215,1.092
378.245,1.085
378.275,1.089
378.305,1.084
378.335,1.081
378.365,1.081
378.395,1.078
378.425,1.076
378.455,1.076
378.485,1.076
378.515,1.077
378.545,1.080
378.575,1.088
378.605,1.086
378.635,1.089
378.665,1.086
378.695,1.092
378.725,1.095
378.755,1.083
378.785,1.084
378.815,1.093
378.845,1.083
378.875,1.078
378.905,1.083
378.935,1.086
378.965,1.095
378.995,1.074
379.025,1.071
379.055,1.082
379.085,1.081
379.115,1.076
379.145,1.070
379.175,1.079
379.205,1.075
379.235,1.084
379.265,1.088
379.295,1.080
379.325,1.082
379.355,1.079
379.385,1.081
379.415,1.084
379.445,1.087
379.475,1.082
379.505,1.083
379.535,1.075
379.565,1.077
379.595,1.080
379.625,1.086
379.655,1.091
379.685,1.090
379.715,1.080
379.745,1.090
379.775,1.080
379.805,1.075
379.835,1.081
379.865,1.071
379.895,1.077
379.925,1.074
379.955,1.068
379.985,1.079
380.015,1.090
380.045,1.087
380.075,1.083
380.105,1.085
380.135,1.092
380.165,1.089
380.195,1.081
380.225,1.087
380.255,1.077
380.285,1.077
380.315,1.085
380.345,1.090
380.375,1.104
380.405,1.122
380.435,1.121
380.465,1.126
380.495,1.110
380.525,1.078
380.555,1.089
380.585,1.079
380.615,1.067
380.645,1.054
380.675,1.064
380.705,1.073
380.735,1.078
380.765,1.098
380.795,1.100
380.825,1.101
380.855,1.099
380.885,1.085
380.915,1.065
380.945,1.067
380.975,1.064
381.005,1.066
381.035,1.065
381.065,1.070
381.095,1.064
381.125,1.078
381.155,1.080
381.185,1.073
381.215,1.082
381.245,1.082
381.275,1.088
381.305,1.080
381.335,1.094
381.365,1.091
381.395,1.094
381.425,1.088
381.455,1.082
381.485,1.081
381.515,1.073
381.545,1.072
381.575,1.077
381.605,1.092
381.635,1.079
381.665,1.074
381.695,1.082
381.725,1.077
381.755,1.074
381.785,1.080
381.815,1.094
381.845,1.089
381.875,1.082
381.905,1.098
381.935,1.100
381.965,1.100
381.995,1.083
382.025,1.068
382.055,1.077
382.085,1.078
382.115,1.086
382.145,1.080
382.175,1.073
382.205,1.079
382.235,1.090
382.265,1.095
382.295,1.087
382.325,1.084
382.355,1.091
382.385,1.088
382.415,1.081
382.445,1.091
382.475,1.089
382.505,1.089
382.535,1.085
382.565,1.086
382.595,1.089
382.625,1.087
382.655,1.091
382.685,1.076
382.715,1.080
382.745,1.078
382.775,1.080
382.805,1.081
382.835,1.073
382.865,1.089
382.895,1.082
382.925,1.089
382.955,1.090
382.985,1.077
383.015,1.083
383.045,1.083
383.075,1.084
383.105,1.083
383.135,1.086
383.165,1.096
383.195,1.106
383.225,1.130
383.255,1.187
383.285,1.233
383.315,1.206
383.345,1.174
383.375,1.148
383.405,1.110
383.435,1.097
383.465,1.096
383.495,1.077
383.525,1.071
383.555,1.064
383.585,1.060
383.615,1.048
383.645,1.032
383.675,1.033
383.705,1.034
383.735,1.040
383.765,1.030
383.795,1.052
383.825,1.073
383.855,1.069
383.885,1.082
383.915,1.097
383.945,1.129
383.975,1.166
384.005,1.195
384.035,1.193
384.065,1.179
384.095,1.195
384.125,1.189
384.155,1.171
384.185,1.120
384.215,1.066
384.245,1.040
384.275,0.987
384.305,0.971
384.335,0.963
384.365,0.913
384.395,0.898
384.425,0.924
384.455,0.914
384.485,0.934
384.515,0.974
384.545,1.012
384.575,0.996
384.605,1.040
384.635,1.060
384.665,1.083
384.695,1.099
384.725,1.148
384.755,1.168
384.785,1.197
384.815,1.196
384.845,1.202
384.875,1.200
384.905,1.189
384.935,1.165
384.965,1.127
384.995,1.088
385.025,1.048
385.055,1.031
385.085,1.038
385.115,1.039
385.145,1.054
385.175,1.051
385.205,1.039
385.235,1.052
385.265,1.071
385.295,1.075
385.325,1.104
385.355,1.103
385.385,1.099
385.415,1.108
385.445,1.104
385.475,1.098
385.505,1.100
385.535,1.095
385.565,1.104
385.595,1.084
385.625,1.080
385.655,1.086
385.685,1.082
385.715,1.088
385.745,1.098
385.775,1.096
385.805,1.090
385.835,1.086
385.865,1.073
385.895,1.068
385.925,1.054
385.955,1.059
385.985,1.062
386.015,1.054
386.045,1.060
386.075,1.060
386.105,1.070
386.135,1.072
386.165,1.070
386.195,1.068
386.225,1.049
386.255,1.052
386.285,1.065
386.315,1.071
386.345,1.069
386.375,1.089
386.405,1.091
386.435,1.076
386.465,1.072
386.495,1.051
386.525,1.062
386.555,1.064
386.585,1.074
386.615,1.081
386.645,1.091
386.675,1.104
386.705,1.102
386.735,1.109
386.765,1.098
386.795,1.091
386.825,1.086
386.855,1.067
386.885,1.076
386.915,1.082
386.945,1.077
386.975,1.077
387.005,1.069
387.035,1.068
387.065,1.084
387.095,1.091
387.125,1.080
387.155,1.070
387.185,1.076
387.215,1.070
387.245,1.070
387.275,1.087
387.305,1.086
387.335,1.077
387.365,1.080
387.395,1.082
387.425,1.081
387.455,1.093
387.485,1.082
387.515,1.072
387.545,1.081
387.575,1.078
387.605,1.079
387.635,1.081
387.665,1.094
387.695,1.086
387.725,1.082
387.755,1.075
387.785,1.075
387.815,1.071
387.845,1.069
387.875,1.063
387.905,1.078
387.935,1.078
387.965,1.080
387.995,1.085
388.025,1.077
388.055,1.069
388.085,1.082
388.115,1.076
388.145,1.076
388.175,1.082
388.205,1.066
388.235,1.069
388.265,1.081
388.295,1.078
388.325,1.084
388.355,1.089
388.385,1.071
388.415,1.078
388.445,1.077
388.475,1.078
388.505,1.085
388.535,1.079
388.565,1.083
388.595,1.080
388.625,1.080
388.655,1.082
388.685,1.079
388.715,1.079
388.745,1.077
388.775,1.074
388.805,1.088
388.835,1.085
388.865,1.079
388.895,1.082
388.925,1.076
388.955,1.071
388.985,1.085
389.015,1.078
389.045,1.071
389.075,1.081
389.105,1.072
389.135,1.065
389.165,1.078
389.195,1.078
389.225,1.078
389.255,1.083
389.285,1.088
389.315,1.100
389.345,1.109
389.375,1.111
389.405,1.099
389.435,1.090
389.465,1.083
389.495,1.081
389.525,1.083
389.555,1.083
389.585,1.069
389.615,1.065
389.645,1.064
389.675,1.072
389.705,1.079
389.735,1.065
389.765,1.042
389.795,1.032
389.825,1.016
389.855,1.018
389.885,1.031
389.915,1.045
389.945,1.062
389.975,1.077
390.005,1.099
390.035,1.106
390.065,1.102
390.095,1.103
390.125,1.111
390.155,1.096
390.185,1.100
390.215,1.110
390.245,1.102
390.275,1.090
390.305,1.087
390.335,1.086
390.365,1.086
390.395,1.086
390.425,1.089
390.455,1.087
390.485,1.070
390.515,1.076
390.545,1.083
390.575,1.099
390.605,1.095
390.635,1.090
390.665,1.090
390.695,1.092
390.725,1.110
390.755,1.109
390.785,1.106
390.815,1.087
390.845,1.067
390.875,1.066
390.905,1.062
390.935,1.074
390.965,1.098
390.995,1.118
391.025,1.142
391.055,1.149
391.085,1.161
391.115,1.167
391.145,1.171
391.175,1.172
391.205,1.187
391.235,1.184
391.265,1.184
391.295,1.190
391.325,1.210
391.355,1.211
391.385,1.189
391.415,1.178
391.445,1.152
391.475,1.146
391.505,1.083
391.535,1.068
391.565,1.054
391.595,1.026
391.625,0.990
391.655,0.975
391.685,0.973
391.715,0.938
391.745,0.949
391.775,0.959
391.805,0.983
391.835,0.976
391.865,1.003
391.895,0.997
391.925,1.021
391.955,1.029
391.985,1.015
392.015,1.021
392.045,1.021
392.075,1.007
392.105,1.039
392.135,1.044
392.165,1.057
392.195,1.073
392.225,1.087
392.255,1.045
392.285,1.075
392.315,1.060
392.345,1.069
392.375,1.037
392.405,1.045
392.435,1.026
392.465,1.048
392.495,1.102
392.525,1.119
392.555,1.085
392.585,1.114
392.615,1.146
392.645,1.122
392.675,1.100
392.705,1.119
392.735,1.134
392.765,1.121
392.795,1.107
392.825,1.116
392.855,1.116
392.885,1.101
392.915,1.112
392.945,1.119
392.975,1.099
393.005,1.094
393.035,1.104
393.065,1.104
393.095,1.097
393.125,1.100
393.155,1.090
393.185,1.082
393.215,1.087
393.245,1.098
393.275,1.095
393.305,1.090
393.335,1.085
393.365,1.089
393.395,1.098
393.425,1.094
393.455,1.097
393.485,1.090
393.515,1.085
393.545,1.093
393.575,1.096
393.605,1.084
393.635,1.090
393.665,1.092
393.695,1.083
393.725,1.088
393.755,1.095
393.785,1.095
393.815,1.088
393.845,1.086
393.875,1.082
393.905,1.087
393.935,1.086
393.965,1.088
393.995,1.098
394.025,1.083
394.055,1.089
394.085,1.094
394.115,1.079
394.145,1.092
394.175,1.091
394.205,1.087
394.235,1.085
394.265,1.078
394.295,1.082
394.325,1.090
394.355,1.097
394.385,1.100
394.415,1.096
394.445,1.085
394.475,1.084
394.505,1.081
394.535,1.096
394.565,1.090
394.595,1.092
394.625,1.086
394.655,1.084
394.685,1.092
394.715,1.086
394.745,1.078
394.775,1.083
394.805,1.082
394.835,1.090
394.865,1.085
394.895,1.079
394.925,1.086
394.955,1.089
394.985,1.093
395.015,1.100
395.045,1.088
395.075,1.090
395.105,1.080
395.135,1.081
395.165,1.084
395.195,1.089
395.225,1.090
395.255,1.091
395.285,1.085
395.315,1.090
395.345,1.088
395.375,1.088
395.405,1.085
395.435,1.089
395.465,1.093
395.495,1.091
395.525,1.087
395.555,1.081
395.585,1.088
395.615,1.085
395.645,1.087
395.675,1.085
395.705,1.084
395.735,1.085
395.765,1.082
395.795,1.080
395.825,1.086
395.855,1.089
395.885,1.086
395.915,1.092
395.945,1.091
395.975,1.092
396.005,1.088
396.035,1.088
396.065,1.080
396.095,1.082
396.125,1.087
396.155,1.088
396.185,1.084
396.215,1.083
396.245,1.091
396.275,1.093
396.305,1.086
396.335,1.087
396.365,1.080
396.395,1.087
396.425,1.078
396.455,1.078
396.485,1.083
396.515,1.092
396.545,1.099
396.575,1.094
396.605,1.081
396.635,1.080
396.665,1.084
396.695,1.082
396.725,1.087
396.755,1.086
396.785,1.089
396.815,1.078
396.845,1.080
396.875,1.084
396.905,1.090
396.935,1.091
396.965,1.089
396.995,1.081
397.025,1.088
397.055,1.081
397.085,1.081
397.115,1.080
397.145,1.080
397.175,1.087
397.205,1.087
397.235,1.087
397.265,1.080
397.295,1.091
397.325,1.087
397.355,1.083
397.385,1.086
397.415,1.084
397.445,1.087
397.475,1.093
397.505,1.087
397.535,1.092
397.565,1.088
397.595,1.089
397.625,1.096
397.655,1.080
397.685,1.077
397.715,1.085
397.745,1.083
397.775,1.077
397.805,1.083
397.835,1.079
397.865,1.086
397.895,1.089
397.925,1.086
397.955,1.088
397.985,1.082
398.015,1.084
398.045,1.084
398.075,1.077
398.105,1.083
398.135,1.090
398.165,1.085
398.195,1.089
398.225,1.082
398.255,1.085
398.285,1.082
398.315,1.083
398.345,1.083
398.375,1.081
398.405,1.083
398.435,1.086
398.465,1.092
398.495,1.090
398.525,1.077
398.555,1.079
398.585,1.085
398.615,1.082
398.645,1.086
398.675,1.088
398.705,1.088
398.735,1.078
398.765,1.083
398.795,1.089
398.825,1.082
398.855,1.088
398.885,1.086
398.915,1.080
398.945,1.088
398.975,1.089
399.005,1.079
399.035,1.085
399.065,1.078
399.095,1.077
399.125,1.074
399.155,1.080
399.185,1.080
399.215,1.074
399.245,1.077
399.275,1.083
399.305,1.084
399.335,1.087
399.365,1.094
399.395,1.100
399.425,1.083
399.455,1.079
399.485,1.095
399.515,1.098
399.545,1.080
399.575,1.091
399.605,1.095
399.635,1.084
399.665,1.083
399.695,1.074
399.725,1.075
399.755,1.087
399.785,1.080
399.815,1.073
399.845,1.080
399.875,1.077
399.905,1.074
399.935,1.088
399.965,1.093
399.995,1.081
400.025,1.089
400.055,1.085
400.085,1.077
400.115,1.090
400.145,1.093
400.175,1.093
400.205,1.086
400.235,1.087
400.265,1.080
400.295,1.081
400.325,1.083
400.355,1.083
400.385,1.087
400.415,1.091
400.445,1.077
400.475,1.079
400.505,1.086
400.535,1.084
400.565,1.090
400.595,1.091
400.625,1.084
400.655,1.081
400.685,1.092
400.715,1.088
400.745,1.080
400.775,1.079
400.805,1.078
400.835,1.081
400.865,1.086
400.895,1.087
400.925,1.082
400.955,1.075
400.985,1.084
401.015,1.091
401.045,1.087
401.075,1.087
401.105,1.085
401.135,1.084
401.165,1.085
401.195,1.079
401.225,1.076
401.255,1.078
401.285,1.084
401.315,1.087
401.345,1.092
401.375,1.093
401.405,1.084
401.435,1.088
401.465,1.088
401.495,1.083
401.525,1.076
401.555,1.082
401.585,1.082
401.615,1.082
401.645,1.082
401.675,1.085
401.705,1.091
401.735,1.091
401.765,1.085
401.795,1.084
401.825,1.074
401.855,1.089
401.885,1.085
401.915,1.078
401.945,1.084
401.975,1.088
402.005,1.088
402.035,1.084
402.065,1.081
402.095,1.086
402.125,1.087
402.155,1.085
402.185,1.082
402.215,1.084
402.245,1.075
402.275,1.087
402.305,1.086
402.335,1.078
402.365,1.085
402.395,1.093
402.425,1.085
402.455,1.085
402.485,1.080
402.515,1.080
402.545,1.084
402.575,1.082
402.605,1.080
402.635,1.080
402.665,1.082
402.695,1.090
402.725,1.088
402.755,1.087
402.785,1.080
402.815,1.086
402.845,1.083
402.875,1.081
402.905,1.079
402.935,1.087
402.965,1.082
402.995,1.089
403.025,1.081
403.055,1.078
403.085,1.085
403.115,1.082
403.145,1.086
403.175,1.085
403.205,1.075
403.235,1.086
403.265,1.084
403.295,1.078
403.325,1.082
403.355,1.082
403.385,1.078
403.415,1.095
403.445,1.093
403.475,1.079
403.505,1.081
403.535,1.079
403.565,1.078
403.595,1.078
403.625,1.080
403.655,1.087
403.685,1.091
403.715,1.078
403.745,1.085
403.775,1.090
403.805,1.087
403.835,1.088
403.865,1.095
403.895,1.088
403.925,1.073
403.955,1.081
403.985,1.075
404.015,1.080
404.045,1.084
404.075,1.086
404.105,1.095
404.135,1.092
404.165,1.070
404.195,1.073
404.225,1.092
404.255,1.085
404.285,1.070
404.315,1.079
404.345,1.085
404.375,1.088
404.405,1.089
404.435,1.087
404.465,1.085
404.495,1.080
404.525,1.090
404.555,1.094
404.585,1.078
404.615,1.076
404.645,1.084
404.675,1.086
404.705,1.080
404.735,1.082
404.765,1.083
404.795,1.085
404.825,1.081
404.855,1.081
404.885,1.081
404.915,1.090
404.945,1.082
404.975,1.086
405.005,1.086
405.035,1.085
405.065,1.084
405.095,1.082
405.125,1.080
405.155,1.086
405.185,1.095
405.215,1.086
405.245,1.084
405.275,1.084
405.305,1.086
405.335,1.087
405.365,1.078
405.395,1.076
405.425,1.073
405.455,1.084
405.485,1.085
405.515,1.083
405.545,1.089
405.575,1.090
405.605,1.086
405.635,1.082
405.665,1.080
405.695,1.085
405.725,1.080
405.755,1.077
405.785,1.095
405.815,1.084
405.845,1.088
405.875,1.091
405.905,1.080
405.935,1.070
405.965,1.075
405.995,1.080
406.025,1.080
406.055,1.081
406.085,1.078
406.115,1.087
406.145,1.088
406.175,1.087
406.205,1.089
406.235,1.091
406.265,1.089
406.295,1.087
406.325,1.080
406.355,1.076
406.385,1.082
406.415,1.087
406.445,1.099
406.475,1.096
406.505,1.096
406.535,1.107
406.565,1.106
406.595,1.115
406.625,1.114
406.655,1.092
406.685,1.076
406.715,1.091
406.745,1.087
406.775,1.091
406.805,1.100
406.835,1.104
406.865,1.094
406.895,1.097
406.925,1.081
406.955,1.068
406.985,1.068
407.015,1.064
407.045,1.050
407.075,1.042
407.105,1.040
407.135,1.039
407.165,1.035
407.195,1.028
407.225,1.032
407.255,1.031
407.285,1.023
407.315,1.057
407.345,1.065
407.375,1.063
407.405,1.062
407.435,1.063
407.465,1.066
407.495,1.076
407.525,1.083
407.555,1.089
407.585,1.097
407.615,1.097
407.645,1.093
407.675,1.092
407.705,1.108
407.735,1.119
407.765,1.107
407.795,1.110
407.825,1.111
407.855,1.114
407.885,1.116
407.915,1.118
407.945,1.113
407.975,1.111
408.005,1.101
408.035,1.100
408.065,1.092
408.095,1.103
408.125,1.092
408.155,1.088
408.185,1.088
408.215,1.091
408.245,1.096
408.275,1.092
408.305,1.104
408.335,1.088
408.365,1.079
408.395,1.087
408.425,1.097
408.455,1.102
408.485,1.102
408.515,1.082
408.545,1.093
408.575,1.094
408.605,1.081
408.635,1.094
408.665,1.090
408.695,1.091
408.725,1.099
408.755,1.091
408.785,1.087
408.815,1.093
408.845,1.092
408.875,1.101
408.905,1.100
408.935,1.091
408.965,1.091
408.995,1.091
409.025,1.088
409.055,1.092
409.085,1.076
409.115,1.080
409.145,1.087
409.175,1.086
409.205,1.085
409.235,1.079
409.265,1.073
409.295,1.077
409.325,1.091
409.355,1.104
409.385,1.101
409.415,1.087
409.445,1.087
409.475,1.080
409.505,1.075
409.535,1.081
409.565,1.089
409.595,1.082
409.625,1.087
409.655,1.080
409.685,1.075
409.715,1.086
409.745,1.086
409.775,1.089
409.805,1.090
409.835,1.084
409.865,1.095
409.895,1.094
409.925,1.087
409.955,1.090
409.985,1.093
410.015,1.093
410.045,1.100
410.075,1.096
410.105,1.091
410.135,1.087
410.165,1.078
410.195,1.076
410.225,1.085
410.255,1.096
410.285,1.095
410.315,1.097
410.345,1.088
410.375,1.079
410.405,1.087
410.435,1.083
410.465,1.088
410.495,1.091
410.525,1.093
410.555,1.086
410.585,1.087
410.615,1.081
410.645,1.077
410.675,1.090
410.705,1.096
410.735,1.091
410.765,1.079
410.795,1.075
410.825,1.080
410.855,1.084
410.885,1.084
410.915,1.085
410.945,1.090
410.975,1.090
411.005,1.080
411.035,1.088
411.065,1.091
411.095,1.084
411.125,1.089
411.155,1.081
411.185,1.080
411.215,1.084
411.245,1.090
411.275,1.083
411.305,1.087
411.335,1.086
411.365,1.092
411.395,1.097
411.425,1.090
411.455,1.085
411.485,1.089
411.515,1.083
411.545,1.082
411.575,1.091
411.605,1.096
411.635,1.096
411.665,1.094
411.695,1.090
411.725,1.079
411.755,1.073
411.785,1.075
411.815,1.082
411.845,1.078
411.875,1.085
411.905,1.088
411.935,1.084
411.965,1.084
411.995,1.095
412.025,1.094
412.055,1.104
412.085,1.091
412.115,1.077
412.145,1.084
412.175,1.078
412.205,1.082
412.235,1.076
412.265,1.080
412.295,1.088
412.325,1.096
412.355,1.095
412.385,1.107
412.415,1.087
412.445,1.089
412.475,1.088
412.505,1.085
412.535,1.093
412.565,1.084
412.595,1.077
412.625,1.071
412.655,1.083
412.685,1.088
412.715,1.081
412.745,1.081
412.775,1.074
412.805,1.084
412.835,1.093
412.865,1.096
412.895,1.091
412.925,1.083
412.955,1.096
412.985,1.086
413.015,1.088
413.045,1.094
413.075,1.084
413.105,1.085
413.135,1.087
413.165,1.080
413.195,1.084
413.225,1.088
413.255,1.092
413.285,1.095
413.315,1.092
413.345,1.097
413.375,1.095
413.405,1.094
413.435,1.089
413.465,1.083
413.495,1.076
413.525,1.076
413.555,1.080
413.585,1.082
413.615,1.079
413.645,1.073
413.675,1.090
413.705,1.094
413.735,1.091
413.765,1.094
413.795,1.083
413.825,1.079
413.855,1.094
413.885,1.091
413.915,1.084
413.945,1.081
413.975,1.092
414.005,1.101
414.035,1.106
414.065,1.104
414.095,1.097
414.125,1.093
414.155,1.128
414.185,1.152
414.215,1.166
414.245,1.161
414.275,1.167
414.305,1.183
414.335,1.193
414.365,1.194
414.395,1.177
414.425,1.150
414.455,1.088
414.485,1.116
414.515,1.085
414.545,1.096
414.575,1.086
414.605,1.103
414.635,1.096
414.665,1.096
414.695,1.063
414.725,1.054
414.755,0.992
414.785,0.970
414.815,0.934
414.845,0.957
414.875,1.019
414.905,1.034
414.935,1.021
414.965,1.026
414.995,1.024
415.025,1.021
415.055,1.028
415.085,1.042
415.115,1.026
415.145,1.056
415.175,1.067
415.205,1.071
415.235,1.053
415.265,1.071
415.295,1.038
415.325,1.008
415.355,1.039
415.385,1.047
415.415,1.047
415.445,1.065
415.475,1.054
415.505,1.053
415.535,1.037
415.565,1.051
415.595,1.054
415.625,1.062
415.655,1.068
415.685,1.070
415.715,1.064
415.745,1.065
415.775,1.072
415.805,1.066
415.835,1.064
415.865,1.070
415.895,1.081
415.925,1.077
415.955,1.081
415.985,1.076
416.015,1.074
416.045,1.073
416.075,1.073
416.105,1.070
416.135,1.086
416.165,1.083
416.195,1.076
416.225,1.076
416.255,1.066
416.285,1.077
416.315,1.086
416.345,1.086
416.375,1.098
416.405,1.095
416.435,1.100
416.465,1.093
416.495,1.096
416.525,1.058
416.555,1.060
416.585,1.069
416.615,1.075
416.645,1.051
416.675,1.059
416.705,1.062
416.735,1.072
416.765,1.064
416.795,1.068
416.825,1.090
416.855,1.081
416.885,1.088
416.915,1.091
416.945,1.051
416.975,1.041
417.005,1.076
417.035,1.076
417.065,1.073
417.095,1.073
417.125,1.062
417.155,1.072
417.185,1.034
417.215,1.029
417.245,1.026
417.275,1.035
417.305,1.068
417.335,1.096
417.365,1.123
417.395,1.068
417.425,1.099
417.455,1.099
417.485,1.102
417.515,1.109
417.545,1.106
417.575,1.009
417.605,1.033
417.635,1.060
417.665,1.095
417.695,1.080
417.725,1.034
417.755,1.041
417.785,1.086
417.815,1.094
417.845,1.081
417.875,1.082
417.905,1.070
417.935,1.087
417.965,1.072
417.995,1.104
418.025,1.087
418.055,1.031
418.085,1.023
418.115,1.036
418.145,1.035
418.175,1.055
418.205,1.083
418.235,1.088
418.265,1.080
418.295,1.076
418.325,1.091
418.355,1.087
418.385,1.089
418.415,1.097
418.445,1.115
418.475,1.084
418.505,1.064
418.535,1.077
418.565,1.057
418.595,1.054
418.625,1.043
418.655,1.039
418.685,1.063
418.715,1.053
418.745,1.083
418.775,1.070
418.805,1.079
418.835,1.066
418.865,1.043
418.895,1.071
418.925,1.060
418.955,1.069
418.985,1.067
419.015,1.068
419.045,1.062
419.075,1.076
419.105,1.073
419.135,1.086
419.165,1.093
419.195,1.082
419.225,1.062
419.255,1.078
419.285,1.076
419.315,1.062
419.345,1.069
419.375,1.078
419.405,1.076
419.435,1.064
419.465,1.062
419.495,1.070
419.525,1.080
419.555,1.039
419.585,1.042
419.615,1.050
419.645,1.086
419.675,1.106
419.705,1.108
419.735,1.106
419.765,1.072
419.795,1.042
419.825,1.022
419.855,1.068
419.885,1.091
419.915,1.064
419.945,1.031
419.975,1.052
420.005,1.104
420.035,1.046
420.065,1.048
420.095,1.019
420.125,1.018
420.155,0.981
420.185,0.986
420.215,0.810
420.245,0.991
420.275,1.054
420.305,1.098
420.335,1.158
420.365,1.153
420.395,1.097
420.425,1.073
420.455,1.034
420.485,0.982
420.515,0.997
420.545,0.986
420.575,0.952
420.605,0.972
420.635,0.972
420.665,0.970
420.695,0.983
420.725,0.984
420.755,1.080
420.785,1.098
420.815,1.127
420.845,1.114
420.875,1.096
420.905,1.104
420.935,1.169
420.965,1.199
420.995,1.170
421.025,1.185
421.055,1.358
421.085,1.396
421.115,1.409
421.145,1.283
421.175,1.018
421.205,0.923
421.235,0.900
421.265,0.977
421.295,1.052
421.325,1.115
421.355,1.153
421.385,1.104
421.415,1.075
421.445,1.027
421.475,1.032
421.505,1.024
421.535,1.047
421.565,1.089
421.595,1.098
421.625,1.100
421.655,1.103
421.685,1.041
421.715,1.035
421.745,1.035
421.775,1.029
421.805,1.049
421.835,1.063
421.865,1.076
421.895,1.083
421.925,1.076
421.955,1.063
421.985,1.057
422.015,1.059
422.045,1.051
422.075,1.071
422.105,1.060
422.135,1.072
422.165,1.065
422.195,1.067
422.225,1.070
422.255,1.060
422.285,1.053
422.315,1.061
422.345,1.058
422.375,1.074
422.405,1.069
422.435,1.072
422.465,1.074
422.495,1.069
422.525,1.058
422.555,1.035
422.585,1.050
422.615,1.066
422.645,1.060
422.675,1.060
422.705,1.054
422.735,1.065
422.765,1.054
422.795,1.057
422.825,1.044
422.855,1.045
422.885,1.051
422.915,1.085
422.945,1.060
422.975,1.044
423.005,1.042
423.035,1.058
423.065,1.062
423.095,1.069
423.125,1.054
423.155,1.054
423.185,1.076
423.215,1.063
423.245,1.061
423.275,1.061
423.305,1.096
423.335,1.109
423.365,1.122
423.395,1.076
423.425,1.026
423.455,1.013
423.485,0.999
423.515,1.000
423.545,0.995
423.575,1.029
423.605,1.016
423.635,1.030
423.665,1.019
423.695,1.032
423.725,1.057
423.755,1.041
423.785,1.037
423.815,1.050
423.845,1.027
423.875,1.052
423.905,1.074
423.935,1.045
423.965,1.034
423.995,1.081
424.025,1.064
424.055,1.074
424.085,1.118
424.115,1.097
424.145,1.140
424.175,1.063
424.205,1.004
424.235,1.007
424.265,1.035
424.295,1.075
424.325,1.076
424.355,1.078
424.385,1.069
424.415,1.044
424.445,1.044
424.475,1.049
424.505,1.064
424.535,1.076
424.565,1.061
424.595,1.048
424.625,1.069
424.655,1.067
424.685,1.041
424.715,1.060
424.745,1.047
424.775,1.068
424.805,1.056
424.835,1.043
424.865,1.075
424.895,1.052
424.925,1.052
424.955,1.108
424.985,1.081
425.015,1.102
425.045,1.056
425.075,1.042
425.105,1.062
425.135,1.100
425.165,1.128
425.195,1.075
425.225,1.056
425.255,1.021
425.285,1.041
425.315,1.010
425.345,1.001
425.375,1.022
425.405,1.043
425.435,1.042
425.465,1.066
425.495,1.089
425.525,1.082
425.555,1.070
425.585,1.081
425.615,1.087
425.645,1.080
425.675,1.084
425.705,1.092
425.735,1.086
425.765,1.086
425.795,1.065
425.825,1.065
425.855,1.057
425.885,1.053
425.915,1.046
425.945,1.054
425.975,1.049
426.005,1.046
426.035,1.056
426.065,1.062
426.095,1.072
426.125,1.085
426.155,1.075
426.185,1.069
426.215,1.070
426.245,1.066
426.275,1.062
426.305,1.065
426.335,1.073
426.365,1.069
426.395,1.069
426.425,1.063
426.455,1.062
426.485,1.067
426.515,1.064
426.545,1.063
426.575,1.065
426.605,1.063
426.635,1.062
426.665,1.067
426.695,1.067
426.725,1.064
426.755,1.061
426.785,1.062
426.815,1.067
426.845,1.066
426.875,1.066
426.905,1.064
426.935,1.062
426.965,1.062
426.995,1.075
427.025,1.064
427.055,1.063
427.085,1.065
427.115,1.066
427.145,1.069
427.175,1.069
427.205,1.059
427.235,1.066
427.265,1.062
427.295,1.072
427.325,1.063
427.355,1.059
427.385,1.066
427.415,1.064
427.445,1.067
427.475,1.064
427.505,1.067
427.535,1.063
427.565,1.073
427.595,1.069
427.625,1.062
427.655,1.067
427.685,1.063
427.715,1.064
427.745,1.063
427.775,1.063
427.805,1.067
427.835,1.068
427.865,1.064
427.895,1.062
427.925,1.069
427.955,1.066
427.985,1.065
428.015,1.062
428.045,1.070
428.075,1.068
428.105,1.062
428.135,1.079
428.165,1.072
428.195,1.064
428.225,1.064
428.255,1.061
428.285,1.062
428.315,1.058
428.345,1.061
428.375,1.066
428.405,1.058
428.435,1.064
428.465,1.077
428.495,1.077
428.525,1.074
428.555,1.069
428.585,1.064
428.615,1.059
428.645,1.072
428.675,1.067
428.705,1.059
428.735,1.058
428.765,1.061
428.795,1.065
428.825,1.068
428.855,1.074
428.885,1.071
428.915,1.063
428.945,1.066
428.975,1.068
429.005,1.062
429.035,1.063
429.065,1.062
429.095,1.064
429.125,1.064
429.155,1.066
429.185,1.072
429.215,1.069
429.245,1.064
429.275,1.063
429.305,1.064
429.335,1.073
429.365,1.068
429.395,1.067
429.425,1.061
429.455,1.065
429.485,1.068
429.515,1.062
429.545,1.072
429.575,1.070
429.605,1.067
429.635,1.070
429.665,1.066
429.695,1.063
429.725,1.064
429.755,1.073
429.785,1.062
429.815,1.067
429.845,1.070
429.875,1.065
429.905,1.064
429.935,1.062
429.965,1.072
429.995,1.069
430.025,1.067
430.055,1.065
430.085,1.061
430.115,1.066
430.145,1.064
430.175,1.069
430.205,1.070
430.235,1.070
430.265,1.066
430.295,1.073
430.325,1.069
430.355,1.069
430.385,1.063
430.415,1.064
430.445,1.070
430.475,1.068
430.505,1.066
430.535,1.072
430.565,1.066
430.595,1.062
430.625,1.070
430.655,1.068
430.685,1.070
430.715,1.066
430.745,1.063
430.775,1.064
430.805,1.069
430.835,1.071
430.865,1.068
430.895,1.069
430.925,1.063
430.955,1.072
430.985,1.072
431.015,1.065
431.045,1.066
431.075,1.066
431.105,1.066
431.135,1.073
431.165,1.065
431.195,1.068
431.225,1.072
431.255,1.066
431.285,1.067
431.315,1.067
431.345,1.069
431.375,1.064
431.405,1.071
431.435,1.063
431.465,1.072
431.495,1.069
431.525,1.066
431.555,1.071
431.585,1.068
431.615,1.069
431.645,1.074
431.675,1.068
431.705,1.069
431.735,1.068
431.765,1.074
431.795,1.068
431.825,1.067
431.855,1.068
431.885,1.069
431.915,1.071
431.945,1.072
431.975,1.068
432.005,1.074
432.035,1.066
432.065,1.067
432.095,1.068
432.125,1.072
432.155,1.067
432.185,1.064
432.215,1.074
432.245,1.069
432.275,1.068
432.305,1.067
432.335,1.067
432.365,1.066
432.395,1.066
432.425,1.068
432.455,1.073
432.485,1.069
432.515,1.064
432.545,1.073
432.575,1.066
432.605,1.066
432.635,1.068
432.665,1.073
432.695,1.070
432.725,1.067
432.755,1.065
432.785,1.072
432.815,1.066
432.845,1.068
432.875,1.063
432.905,1.064
432.935,1.075
432.965,1.069
432.995,1.071
433.025,1.066
433.055,1.067
433.085,1.064
433.115,1.069
433.145,1.073
433.175,1.068
433.205,1.069
433.235,1.066
433.265,1.077
433.295,1.078
433.325,1.065
433.355,1.062
433.385,1.050
433.415,1.048
433.445,1.048
433.475,1.067
433.505,1.053
433.535,1.049
433.565,1.063
433.595,1.065
433.625,1.077
433.655,1.075
433.685,1.070
433.715,1.062
433.745,1.066
433.775,1.057
433.805,1.048
433.835,1.034
433.865,1.042
433.895,1.050
433.925,1.045
433.955,1.067
433.985,1.090
434.015,1.087
434.045,1.082
434.075,1.074
434.105,1.070
434.135,1.060
434.165,1.052
434.195,1.063
434.225,1.067
434.255,1.066
434.285,1.062
434.315,1.064
434.345,1.050
434.375,1.045
434.405,1.054
434.435,1.052
434.465,1.053
434.495,1.058
434.525,1.057
434.555,1.062
434.585,1.055
434.615,1.058
434.645,1.065
434.675,1.056
434.705,1.052
434.735,1.056
434.765,1.053
434.795,1.053
434.825,1.060
434.855,1.057
434.885,1.061
434.915,1.062
434.945,1.054
434.975,1.056
435.005,1.052
435.035,1.056
435.065,1.055
435.095,1.055
435.125,1.059
435.155,1.055
435.185,1.046
435.215,1.054
435.245,1.059
435.275,1.047
435.305,1.053
435.335,1.051
435.365,1.052
435.395,1.056
435.425,0.954
435.455,1.127
435.485,1.087
435.515,1.062
435.545,1.074
435.575,1.054
435.605,1.071
435.635,1.073
435.665,1.100
435.695,1.065
435.725,1.043
435.755,1.056
435.785,1.033
435.815,1.066
435.845,1.073
435.875,1.058
435.905,1.055
435.935,1.057
435.965,1.057
435.995,1.059
436.025,1.058
436.055,1.057
436.085,1.062
436.115,1.056
436.145,1.048
436.175,1.087
436.205,1.053
436.235,1.059
436.265,1.047
436.295,1.061
436.325,1.062
436.355,1.062
436.385,1.062
436.415,1.060
436.445,1.040
436.475,1.053
436.505,1.061
436.535,1.049
436.565,1.053
436.595,1.062
436.625,1.055
436.655,1.052
436.685,1.050
436.715,1.054
436.745,1.060
436.775,1.057
436.805,1.058
436.835,1.062
436.865,1.060
436.895,1.062
436.925,1.057
436.955,1.058
436.985,1.062
437.015,1.062
437.045,1.058
437.075,1.060
437.105,1.060
437.135,1.062
437.165,1.066
437.195,1.069
437.225,1.060
437.255,1.062
437.285,1.083
437.315,1.062
437.345,1.068
437.375,1.060
437.405,1.059
437.435,1.050
437.465,1.053
437.495,1.056
437.525,1.059
437.555,1.058
437.585,1.067
437.615,1.069
437.645,1.069
437.675,1.064
437.705,1.066
437.735,1.065
437.765,1.062
437.795,1.064
437.825,1.066
437.855,1.075
437.885,1.064
437.915,1.069
437.945,1.074
437.975,1.070
438.005,1.069
438.035,1.069
438.065,1.060
438.095,1.067
438.125,1.071
438.155,1.069
438.185,1.072
438.215,1.060
438.245,1.057
438.275,1.060
438.305,1.064
438.335,1.061
438.365,1.060
438.395,1.059
438.425,1.065
438.455,1.055
438.485,1.058
438.515,1.063
438.545,1.067
438.575,1.067
438.605,1.068
438.635,1.061
438.665,1.054
438.695,1.075
438.725,1.080
438.755,1.072
438.785,1.062
438.815,1.056
438.845,1.064
438.875,1.069
438.905,1.069
438.935,1.063
438.965,1.054
438.995,1.057
439.025,1.059
439.055,1.060
439.085,1.068
439.115,1.072
439.145,1.069
439.175,1.068
439.205,1.076
439.235,1.063
439.265,1.060
439.295,1.066
439.325,1.066
439.355,1.070
439.385,1.071
439.415,1.077
439.445,1.074
439.475,1.064
439.505,1.056
439.535,1.065
439.565,1.069
439.595,1.065
439.625,1.067
439.655,1.068
439.685,1.069
439.715,1.069
439.745,1.067
439.775,1.069
439.805,1.071
439.835,1.067
439.865,1.064
439.895,1.067
439.925,1.069
439.955,1.066
439.985,1.070
440.015,1.067
440.045,1.070
440.075,1.066
440.105,1.069
440.135,1.066
440.165,1.071
440.195,1.065
440.225,1.066
440.255,1.071
440.285,1.063
440.315,1.062
440.345,1.079
440.375,1.067
440.405,1.062
440.435,1.070
440.465,1.072
440.495,1.069
440.525,1.064
440.555,1.065
440.585,1.068
440.615,1.067
440.645,1.066
440.675,1.069
440.705,1.069
440.735,1.068
440.765,1.063
440.795,1.067
440.825,1.072
440.855,1.064
440.885,1.062
440.915,1.068
440.945,1.067
440.975,1.074
441.005,1.068
441.035,1.064
441.065,1.062
441.095,1.069
441.125,1.070
441.155,1.072
441.185,1.068
441.215,1.075
441.245,1.067
441.275,1.062
441.305,1.068
441.335,1.072
441.365,1.072
441.395,1.064
441.425,1.068
441.455,1.068
441.485,1.067
441.515,1.064
441.545,1.065
441.575,1.077
441.605,1.072
441.635,1.062
441.665,1.065
441.695,1.061
441.725,1.073
441.755,1.067
441.785,1.066
441.815,1.063
441.845,1.065
441.875,1.066
441.905,1.070
441.935,1.066
441.965,1.069
441.995,1.065
442.025,1.065
442.055,1.070
442.085,1.068
442.115,1.065
442.145,1.064
442.175,1.066
442.205,1.066
442.235,1.066
442.265,1.065
442.295,1.065
442.325,1.071
442.355,1.071
442.385,1.069
442.415,1.072
442.445,1.066
442.475,1.064
442.505,1.071
442.535,1.068
442.565,1.067
442.595,1.067
442.625,1.064
442.655,1.061
442.685,1.065
442.715,1.069
442.745,1.075
442.775,1.071
442.805,1.062
442.835,1.069
442.865,1.072
442.895,1.070
442.925,1.067
442.955,1.066
442.985,1.068
443.015,1.063
443.045,1.068
443.075,1.069
443.105,1.068
443.135,1.067
443.165,1.070
443.195,1.069
443.225,1.070
443.255,1.068
443.285,1.062
443.315,1.072
443.345,1.072
443.375,1.067
443.405,1.064
443.435,1.063
443.465,1.068
443.495,1.067
443.525,1.071
443.555,1.069
443.585,1.066
443.615,1.064
443.645,1.064
443.675,1.067
443.705,1.067
443.735,1.072
443.765,1.067
443.795,1.067
443.825,1.071
443.855,1.071
443.885,1.064
443.915,1.067
443.945,1.068
443.975,1.067
444.005,1.067
444.035,1.073
444.065,1.066
444.095,1.067
444.125,1.069
444.155,1.070
444.185,1.071
444.215,1.066
444.245,1.068
444.275,1.069
444.305,1.068
444.335,1.069
444.365,1.071
444.395,1.067
444.425,1.068
444.455,1.063
444.485,1.078
444.515,1.069
444.545,1.073
444.575,1.068
444.605,1.066
444.635,1.066
444.665,1.068
444.695,1.066
444.725,1.070
444.755,1.059
444.785,1.061
444.815,1.074
444.845,1.062
444.875,1.067
444.905,1.065
444.935,1.057
444.965,1.066
444.995,1.056
445.025,1.057
445.055,1.065
445.085,1.059
445.115,1.058
445.145,1.053
445.175,1.057
445.205,1.074
445.235,1.090
445.265,1.085
445.295,1.069
445.325,1.064
445.355,1.074
445.385,1.076
445.415,1.073
445.445,1.076
445.475,1.078
445.505,1.072
445.535,1.062
445.565,1.064
445.595,1.063
445.625,1.068
445.655,1.069
445.685,1.066
445.715,1.057
445.745,1.062
445.775,1.066
445.805,1.068
445.835,1.076
445.865,1.070
445.895,1.066
445.925,1.068
445.955,1.049
445.985,1.069
446.015,1.070
446.045,1.067
446.075,1.062
446.105,1.049
446.135,1.073
446.165,1.075
446.195,1.073
446.225,1.061
446.255,1.064
446.285,1.062
446.315,1.065
446.345,1.063
446.375,1.069
446.405,1.073
446.435,1.071
446.465,1.061
446.495,1.062
446.525,1.066
446.555,1.062
446.585,1.056
446.615,1.063
446.645,1.053
446.675,1.076
446.705,1.071
446.735,1.068
446.765,1.060
446.795,1.061
446.825,1.056
446.855,1.064
446.885,1.065
446.915,1.066
446.945,1.067
446.975,1.062
447.005,1.070
447.035,1.070
447.065,1.071
447.095,1.069
447.125,1.070
447.155,1.063
447.185,1.061
447.215,1.066
447.245,1.072
447.275,1.074
447.305,1.073
447.335,1.079
447.365,1.053
447.395,1.074
447.425,1.072
447.455,1.067
447.485,1.062
447.515,1.058
447.545,1.067
447.575,1.071
447.605,1.067
447.635,1.080
447.665,1.064
447.695,1.064
447.725,1.086
447.755,1.071
447.785,1.055
447.815,1.065
447.845,1.065
447.875,1.069
447.905,1.059
447.935,1.049
447.965,1.067
447.995,1.070
448.025,1.060
448.055,1.075
448.085,1.083
448.115,1.077
448.145,1.080
448.175,1.072
448.205,1.065
448.235,1.067
448.265,1.069
448.295,1.070
448.325,1.077
448.355,1.074
448.385,1.072
448.415,1.072
448.445,1.069
448.475,1.076
448.505,1.067
448.535,1.063
448.565,1.081
448.595,1.084
448.625,1.075
448.655,1.077
448.685,1.070
448.715,1.069
448.745,1.070
448.775,1.075
448.805,1.069
448.835,1.071
448.865,1.072
448.895,1.076
448.925,1.078
448.955,1.073
448.985,1.074
449.015,1.073
449.045,1.076
449.075,1.076
449.105,1.069
449.135,1.071
449.165,1.070
449.195,1.079
449.225,1.076
449.255,1.073
449.285,1.074
449.315,1.078
449.345,1.067
449.375,1.066
449.405,1.073
449.435,1.073
449.465,1.077
449.495,1.064
449.525,1.072
449.555,1.071
449.585,1.075
449.615,1.069
449.645,1.070
449.675,1.076
449.705,1.074
449.735,1.072
449.765,1.078
449.795,1.074
449.825,1.071
449.855,1.068
449.885,1.072
449.915,1.075
449.945,1.069
449.975,1.077
450.005,1.075
450.035,1.070
450.065,1.069
450.095,1.073
450.125,1.073
450.155,1.070
450.185,1.072
450.215,1.073
450.245,1.077
450.275,1.079
450.305,1.075
450.335,1.079
450.365,1.066
450.395,1.073
450.425,1.076
450.455,1.067
450.485,1.073
450.515,1.070
450.545,1.072
450.575,1.075
450.605,1.073
450.635,1.071
450.665,1.073
450.695,1.078
450.725,1.076
450.755,1.074
450.785,1.069
450.815,1.071
450.845,1.069
450.875,1.070
450.905,1.078
450.935,1.072
450.965,1.072
450.995,1.070
451.025,1.079
451.055,1.078
451.085,1.073
451.115,1.071
451.145,1.069
451.175,1.069
451.205,1.073
451.235,1.071
451.265,1.076
451.295,1.071
451.325,1.075
451.355,1.067
451.385,1.080
451.415,1.069
451.445,1.070
451.475,1.068
451.505,1.074
451.535,1.072
451.565,1.072
451.595,1.073
451.625,1.075
451.655,1.075
451.685,1.076
451.715,1.073
451.745,1.073
451.775,1.072
451.805,1.068
451.835,1.075
451.865,1.078
451.895,1.069
451.925,1.075
451.955,1.069
451.985,1.071
452.015,1.075
452.045,1.077
452.075,1.073
452.105,1.073
452.135,1.077
452.165,1.069
452.195,1.075
452.225,1.075
452.255,1.071
452.285,1.074
452.315,1.075
452.345,1.074
452.375,1.075
452.405,1.072
452.435,1.072
452.465,1.071
452.495,1.075
452.525,1.074
452.555,1.072
452.585,1.070
452.615,1.072
452.645,1.073
452.675,1.068
452.705,1.077
452.735,1.076
452.765,1.077
452.795,1.073
452.825,1.074
452.855,1.071
452.885,1.074
452.915,1.073
452.945,1.075
452.975,1.076
453.005,1.075
453.035,1.073
453.065,1.077
453.095,1.071
453.125,1.073
453.155,1.068
453.185,1.075
453.215,1.074
453.245,1.073
453.275,1.077
453.305,1.072
453.335,1.075
453.365,1.075
453.395,1.075
453.425,1.073
453.455,1.073
453.485,1.072
453.515,1.073
453.545,1.074
453.575,1.072
453.605,1.076
453.635,1.074
453.665,1.074
453.695,1.071
453.725,1.073
453.755,1.074
453.785,1.078
453.815,1.071
453.845,1.071
453.875,1.073
453.905,1.072
453.935,1.074
453.965,1.078
453.995,1.076
454.025,1.075
454.055,1.068
454.085,1.078
454.115,1.075
454.145,1.072
454.175,1.072
454.205,1.068
454.235,1.075
454.265,1.076
454.295,1.074
454.325,1.073
454.355,1.075
454.385,1.074
454.415,1.072
454.445,1.075
454.475,1.072
454.505,1.071
454.535,1.071
454.565,1.072
454.595,1.073
454.625,1.077
454.655,1.071
454.685,1.073
454.715,1.073
454.745,1.073
454.775,1.077
454.805,1.076
454.835,1.076
454.865,1.070
454.895,1.073
454.925,1.074
454.955,1.072
454.985,1.074
455.015,1.075
455.045,1.068
455.075,1.070
455.105,1.077
455.135,1.079
455.165,1.074
455.195,1.073
455.225,1.071
455.255,1.075
455.285,1.080
455.315,1.070
455.345,1.071
455.375,1.076
455.405,1.069
455.435,1.073
455.465,1.079
455.495,1.070
455.525,1.072
455.555,1.072
455.585,1.073
455.615,1.077
455.645,1.077
455.675,1.071
455.705,1.070
455.735,1.076
455.765,1.069
455.795,1.080
455.825,1.069
455.855,1.074
455.885,1.069
455.915,1.073
455.945,1.077
455.975,1.073
456.005,1.073
456.035,1.071
456.065,1.065
456.095,1.071
456.125,1.066
456.155,1.074
456.185,1.072
456.215,1.072
456.245,1.067
456.275,1.075
456.305,1.071
456.335,1.072
456.365,1.066
456.395,1.075
456.425,1.075
456.455,1.067
456.485,1.065
456.515,1.066
456.545,1.071
456.575,1.076
456.605,1.067
456.635,1.069
456.665,1.070
456.695,1.063
456.725,1.071
456.755,1.072
456.785,1.071
456.815,1.068
456.845,1.066
456.875,1.067
456.905,1.069
456.935,1.076
456.965,1.073
456.995,1.069
457.025,1.069
457.055,1.070
457.085,1.068
457.115,1.066
457.145,1.067
457.175,1.073
457.205,1.072
457.235,1.068
457.265,1.068
457.295,1.068
457.325,1.076
457.355,1.074
457.385,1.075
457.415,1.068
457.445,1.067
457.475,1.072
457.505,1.070
457.535,1.072
457.565,1.072
457.595,1.075
457.625,1.072
457.655,1.069
457.685,1.074
457.715,1.071
457.745,1.067
457.775,1.067
457.805,1.075
457.835,1.071
457.865,1.071
457.895,1.068
457.925,1.070
457.955,1.073
457.985,1.075
458.015,1.068
458.045,1.069
458.075,1.070
458.105,1.070
458.135,1.070
458.165,1.074
458.195,1.067
458.225,1.072
458.255,1.072
458.285,1.071
458.315,1.071
458.345,1.067
458.375,1.074
458.405,1.071
458.435,1.071
458.465,1.068
458.495,1.068
458.525,1.075
458.555,1.074
458.585,1.072
458.615,1.071
458.645,1.070
458.675,1.069
458.705,1.069
458.735,1.075
458.765,1.072
458.795,1.072
458.825,1.066
458.855,1.074
458.885,1.072
458.915,1.070
458.945,1.072
458.975,1.070
459.005,1.072
459.035,1.074
459.065,1.071
459.095,1.071
459.125,1.070
459.155,1.070
459.185,1.070
459.215,1.074
459.245,1.069
459.275,1.072
459.305,1.071
459.335,1.077
459.365,1.068
459.395,1.073
459.425,1.077
459.455,1.075
459.485,1.066
459.515,1.072
459.545,1.069
459.575,1.072
459.605,1.074
459.635,1.073
459.665,1.069
459.695,1.068
459.725,1.068
459.755,1.075
459.785,1.075
459.815,1.070
459.845,1.068
459.875,1.078
459.905,1.071
459.935,1.070
459.965,1.077
459.995,1.071
460.025,1.072
460.055,1.074
460.085,1.071
460.115,1.071
460.145,1.071
460.175,1.072
460.205,1.073
460.235,1.072
460.265,1.069
460.295,1.073
460.325,1.074
460.355,1.069
460.385,1.070
460.415,1.065
460.445,1.069
460.475,1.074
460.505,1.072
460.535,1.073
460.565,1.071
460.595,1.071
460.625,1.072
460.655,1.070
460.685,1.073
460.715,1.072
460.745,1.071
460.775,1.071
460.805,1.073
460.835,1.071
460.865,1.075
460.895,1.072
460.925,1.072
460.955,1.075
460.985,1.070
461.015,1.073
461.045,1.071
461.075,1.068
461.105,1.070
461.135,1.069
461.165,1.076
461.195,1.073
461.225,1.075
461.255,1.070
461.285,1.070
461.315,1.073
461.345,1.072
461.375,1.073
461.405,1.075
461.435,1.070
461.465,1.072
461.495,1.072
461.525,1.076
461.555,1.074
461.585,1.069
461.615,1.072
461.645,1.076
461.675,1.072
461.705,1.071
461.735,1.069
461.765,1.075
461.795,1.075
461.825,1.071
461.855,1.071
461.885,1.068
461.915,1.067
461.945,1.071
461.975,1.071
462.005,1.071
462.035,1.073
462.065,1.072
462.095,1.071
462.125,1.077
462.155,1.069
462.185,1.072
462.215,1.069
462.245,1.068
462.275,1.075
462.305,1.072
462.335,1.073
462.365,1.075
462.395,1.073
462.425,1.077
462.455,1.071
462.485,1.072
462.515,1.074
462.545,1.068
462.575,1.070
462.605,1.074
462.635,1.073
462.665,1.073
462.695,1.072
462.725,1.069
462.755,1.073
462.785,1.072
462.815,1.069
462.845,1.073
462.875,1.069
462.905,1.069
462.935,1.070
462.965,1.074
462.995,1.076
463.025,1.069
463.055,1.073
463.085,1.073
463.115,1.076
463.145,1.067
463.175,1.072
463.205,1.073
463.235,1.073
463.265,1.075
463.295,1.069
463.325,1.066
463.355,1.068
463.385,1.074
463.415,1.071
463.445,1.070
463.475,1.076
463.505,1.069
463.535,1.072
463.565,1.073
463.595,1.076
463.625,1.066
463.655,1.069
463.685,1.068
463.715,1.074
463.745,1.073
463.775,1.074
463.805,1.070
463.835,1.073
463.865,1.073
463.895,1.073
463.925,1.073
463.955,1.070
463.985,1.070
464.015,1.072
464.045,1.073
464.075,1.070
464.105,1.070
464.135,1.074
464.165,1.076
464.195,1.075
464.225,1.072
464.255,1.070
464.285,1.075
464.315,1.071
464.345,1.075
464.375,1.071
464.405,1.068
464.435,1.071
464.465,1.075
464.495,1.075
464.525,1.074
464.555,1.075
464.585,1.072
464.615,1.068
464.645,1.076
464.675,1.070
464.705,1.073
464.735,1.072
464.765,1.070
464.795,1.076
464.825,1.073
464.855,1.074
464.885,1.072
464.915,1.072
464.945,1.076
464.975,1.071
465.005,1.074
465.035,1.073
465.065,1.072
465.095,1.069
465.125,1.071
465.155,1.071
465.185,1.070
465.215,1.072
465.245,1.067
465.275,1.075
465.305,1.075
465.335,1.072
465.365,1.071
465.395,1.066
465.425,1.072
465.455,1.073
465.485,1.069
465.515,1.073
465.545,1.073
465.575,1.069
465.605,1.069
465.635,1.069
465.665,1.073
465.695,1.068
465.725,1.066
465.755,1.072
465.785,1.073
465.815,1.070
465.845,1.073
465.875,1.075
465.905,1.077
465.935,1.073
465.965,1.071
465.995,1.067
466.025,1.076
466.055,1.075
466.085,1.070
466.115,1.076
466.145,1.071
466.175,1.069
466.205,1.073
466.235,1.073
466.265,1.072
466.295,1.075
466.325,1.069
466.355,1.068
466.385,1.067
466.415,1.075
466.445,1.076
466.475,1.069
466.505,1.073
466.535,1.077
466.565,1.070
466.595,1.072
466.625,1.068
466.655,1.074
466.685,1.076
466.715,1.075
466.745,1.072
466.775,1.069
466.805,1.071
466.835,1.077
466.865,1.072
466.895,1.070
466.925,1.066
466.955,1.072
466.985,1.069
467.015,1.072
467.045,1.071
467.075,1.073
467.105,1.072
467.135,1.066
467.165,1.069
467.195,1.076
467.225,1.072
467.255,1.069
467.285,1.071
467.315,1.073
467.345,1.072
467.375,1.076
467.405,1.072
467.435,1.075
467.465,1.073
467.495,1.073
467.525,1.074
467.555,1.070
467.585,1.067
467.615,1.070
467.645,1.072
467.675,1.080
467.705,1.075
467.735,1.069
467.765,1.068
467.795,1.072
467.825,1.069
467.855,1.068
467.885,1.074
467.915,1.072
467.945,1.064
467.975,1.073
468.005,1.074
468.035,1.074
468.065,1.071
468.095,1.069
468.125,1.072
468.155,1.076
468.185,1.074
468.215,1.071
468.245,1.072
468.275,1.072
468.305,1.076
468.335,1.070
468.365,1.073
468.395,1.072
468.425,1.071
468.455,1.072
468.485,1.071
468.515,1.065
468.545,1.072
468.575,1.074
468.605,1.077
468.635,1.074
468.665,1.072
468.695,1.072
468.725,1.071
468.755,1.071
468.785,1.067
468.815,1.075
468.845,1.071
468.875,1.070
468.905,1.071
468.935,1.074
468.965,1.074
468.995,1.072
469.025,1.070
469.055,1.068
469.085,1.072
469.115,1.075
469.145,1.067
469.175,1.068
469.205,1.073
469.235,1.074
469.265,1.074
469.295,1.069
469.325,1.074
469.355,1.073
469.385,1.074
469.415,1.073
469.445,1.072
469.475,1.069
469.505,1.070
469.535,1.073
469.565,1.071
469.595,1.070
469.625,1.070
469.655,1.075
469.685,1.076
469.715,1.072
469.745,1.072
469.775,1.069
469.805,1.071
469.835,1.073
469.865,1.074
469.895,1.072
469.925,1.071
469.955,1.069
469.985,1.073
470.015,1.074
470.045,1.074
470.075,1.068
470.105,1.070
470.135,1.075
470.165,1.074
470.195,1.067
470.225,1.071
470.255,1.070
470.285,1.075
470.315,1.076
470.345,1.070
470.375,1.076
470.405,1.070
470.435,1.068
470.465,1.073
470.495,1.074
470.525,1.071
470.555,1.073
470.585,1.070
470.615,1.073
470.645,1.071
470.675,1.074
470.705,1.076
470.735,1.073
470.765,1.074
470.795,1.068
470.825,1.068
470.855,1.075
470.885,1.069
470.915,1.072
470.945,1.069
470.975,1.072
471.005,1.076
471.035,1.070
471.065,1.068
471.095,1.074
471.125,1.072
471.155,1.071
471.185,1.071
471.215,1.069
471.245,1.069
471.275,1.071
471.305,1.070
471.335,1.075
471.365,1.072
471.395,1.074
471.425,1.071
471.455,1.070
471.485,1.068
471.515,1.072
471.545,1.075
471.575,1.072
471.605,1.072
471.635,1.071
471.665,1.069
471.695,1.074
471.725,1.070
471.755,1.068
471.785,1.072
471.815,1.070
471.845,1.070
471.875,1.073
471.905,1.074
471.935,1.070
471.965,1.072
471.995,1.074
472.025,1.071
472.055,1.072
472.085,1.069
472.115,1.069
472.145,1.072
472.175,1.072
472.205,1.073
472.235,1.071
472.265,1.070
472.295,1.072
472.325,1.071
472.355,1.072
472.385,1.072
472.415,1.072
472.445,1.068
472.475,1.071
472.505,1.073
472.535,1.073
472.565,1.071
472.595,1.074
472.625,1.069
472.655,1.068
472.685,1.071
472.715,1.074
472.745,1.069
472.775,1.068
472.805,1.067
472.835,1.070
472.865,1.074
472.895,1.069
472.925,1.069
472.955,1.075
472.985,1.071
473.015,1.072
473.045,1.071
473.075,1.071
473.105,1.072
473.135,1.072
473.165,1.074
473.195,1.072
473.225,1.067
473.255,1.072
473.285,1.077
473.315,1.073
473.345,1.068
473.375,1.067
473.405,1.073
473.435,1.072
473.465,1.070
473.495,1.068
473.525,1.073
473.555,1.070
473.585,1.069
473.615,1.076
473.645,1.071
473.675,1.066
473.705,1.071
473.735,1.072
473.765,1.077
473.795,1.070
473.825,1.069
473.855,1.073
473.885,1.072
473.915,1.070
473.945,1.074
473.975,1.069
474.005,1.067
474.035,1.069
474.065,1.072
474.095,1.075
474.125,1.075
474.155,1.073
474.185,1.072
474.215,1.073
474.245,1.069
474.275,1.069
474.305,1.072
474.335,1.072
474.365,1.070
474.395,1.070
474.425,1.066
474.455,1.074
474.485,1.075
474.515,1.069
474.545,1.069
474.575,1.070
474.605,1.070
474.635,1.073
474.665,1.071
474.695,1.070
474.725,1.074
474.755,1.070
474.785,1.069
474.815,1.073
474.845,1.070
474.875,1.066
474.905,1.074
474.935,1.072
474.965,1.072
474.995,1.070
475.025,1.073
475.055,1.068
475.085,1.073
475.115,1.071
475.145,1.069
475.175,1.074
475.205,1.073
475.235,1.068
475.265,1.072
475.295,1.069
475.325,1.075
475.355,1.070
475.385,1.074
475.415,1.070
475.445,1.073
475.475,1.075
475.505,1.072
475.535,1.073
475.565,1.072
475.595,1.071
475.625,1.070
475.655,1.070
475.685,1.067
475.715,1.069
475.745,1.071
475.775,1.073
475.805,1.072
475.835,1.062
475.865,1.067
475.895,1.071
475.925,1.075
475.955,1.087
475.985,1.083
476.015,1.062
476.045,1.060
476.075,1.072
476.105,1.084
476.135,1.075
476.165,1.084
476.195,1.099
476.225,1.087
476.255,1.087
476.285,1.103
476.315,1.115
476.345,1.111
476.375,1.106
476.405,1.090
476.435,1.096
476.465,1.066
476.495,1.042
476.525,1.014
476.555,1.003
476.585,1.017
476.615,1.028
476.645,1.035
476.675,1.045
476.705,1.048
476.735,1.050
476.765,1.056
476.795,1.048
476.825,1.044
476.855,1.037
476.885,1.036
476.915,1.032
476.945,1.049
476.975,1.040
477.005,1.036
477.035,1.046
477.065,1.073
477.095,1.064
477.125,1.057
477.155,1.067
477.185,1.031
477.215,1.038
477.245,1.046
477.275,1.028
477.305,1.051
477.335,1.010
477.365,1.018
477.395,1.037
477.425,1.025
477.455,1.006
477.485,1.010
477.515,1.035
477.545,1.061
477.575,1.111
477.605,1.101
477.635,1.087
477.665,1.146
477.695,1.186
477.725,1.132
477.755,1.149
477.785,1.163
477.815,1.176
477.845,1.143
477.875,1.118
477.905,1.087
477.935,1.102
477.965,1.086
477.995,1.057
478.025,1.025
478.055,1.019
478.085,0.990
478.115,0.981
478.145,1.001
478.175,1.010
478.205,1.007
478.235,1.034
478.265,1.033
478.295,1.048
478.325,1.073
478.355,1.062
478.385,1.086
478.415,1.070
478.445,1.055
478.475,1.033
478.505,1.027
478.535,1.033
478.565,1.052
478.595,1.106
478.625,1.112
478.655,1.152
478.685,1.175
478.715,1.208
478.745,1.247
478.775,1.241
478.805,1.234
478.835,1.199
478.865,1.151
478.895,1.089
478.925,1.051
478.955,0.982
478.985,0.942
479.015,0.935
479.045,0.948
479.075,0.918
479.105,0.947
479.135,0.965
479.165,0.984
479.195,0.998
479.225,1.008
479.255,1.023
479.285,1.015
479.315,1.047
479.345,1.040
479.375,1.045
479.405,1.073
479.435,1.077
479.465,1.071
479.495,1.033
479.525,1.036
479.555,1.078
479.585,1.077
479.615,1.023
479.645,0.959
479.675,1.029
479.705,0.993
479.735,1.010
479.765,1.025
479.795,1.037
479.825,1.030
479.855,1.050
479.885,1.066
479.915,1.078
479.945,1.037
479.975,1.040
480.005,1.051
480.035,1.044
480.065,1.056
480.095,1.068
480.125,1.079
480.155,1.068
480.185,1.103
480.215,1.081
480.245,1.066
480.275,1.064
480.305,1.060
480.335,1.076
480.365,1.082
480.395,1.089
480.425,1.094
480.455,1.069
480.485,1.065
480.515,1.088
480.545,1.062
480.575,1.070
480.605,1.083
480.635,1.068
480.665,1.068
480.695,1.069
480.725,1.079
480.755,1.076
480.785,1.066
480.815,1.062
480.845,1.060
480.875,1.062
480.905,1.058
480.935,1.067
480.965,1.076
480.995,1.076
481.025,1.088
481.055,1.082
481.085,1.069
481.115,1.040
481.145,1.044
481.175,1.070
481.205,1.077
481.235,1.081
481.265,1.078
481.295,1.072
481.325,1.061
481.355,1.058
481.385,1.050
481.415,1.054
481.445,1.062
481.475,1.066
481.505,1.066
481.535,1.062
481.565,1.064
481.595,1.055
481.625,1.061
481.655,1.070
481.685,1.065
481.715,1.066
481.745,1.061
481.775,1.046
481.805,1.053
481.835,1.059
481.865,1.064
481.895,1.070
481.925,1.076
481.955,1.070
481.985,1.069
482.015,1.055
482.045,1.057
482.075,1.057
482.105,1.052
482.135,1.058
482.165,1.062
482.195,1.062
482.225,1.064
482.255,1.070
482.285,1.071
482.315,1.071
482.345,1.067
482.375,1.064
482.405,1.066
482.435,1.066
482.465,1.069
482.495,1.075
482.525,1.075
482.555,1.062
482.585,1.057
482.615,1.060
482.645,1.062
482.675,1.066
482.705,1.067
482.735,1.067
482.765,1.063
482.795,1.066
482.825,1.068
482.855,1.066
482.885,1.062
482.915,1.070
482.945,1.067
482.975,1.069
483.005,1.065
483.035,1.062
483.065,1.062
483.095,1.056
483.125,1.062
483.155,1.066
483.185,1.063
483.215,1.055
483.245,1.062
483.275,1.067
483.305,1.068
483.335,1.069
483.365,1.063
483.395,1.066
483.425,1.068
483.455,1.063
483.485,1.063
483.515,1.068
483.545,1.062
483.575,1.066
483.605,1.061
483.635,1.061
483.665,1.058
483.695,1.055
483.725,1.054
483.755,1.072
483.785,1.088
483.815,1.090
483.845,1.080
483.875,1.080
483.905,1.067
483.935,1.068
483.965,1.072
483.995,1.064
484.025,1.067
484.055,1.073
484.085,1.077
484.115,1.068
484.145,1.080
484.175,1.081
484.205,1.061
484.235,1.055
484.265,1.055
484.295,1.034
484.325,1.022
484.355,1.024
484.385,1.004
484.415,1.014
484.445,1.030
484.475,1.045
484.505,1.036
484.535,1.067
484.565,1.071
484.595,1.090
484.625,1.039
484.655,1.072
484.685,1.075
484.715,1.073
484.745,1.107
484.775,1.112
484.805,1.127
484.835,1.117
484.865,1.077
484.895,1.058
484.925,1.062
484.955,1.071
484.985,1.077
485.015,1.083
485.045,1.082
485.075,1.089
485.105,1.104
485.135,1.090
485.165,1.070
485.195,1.064
485.225,1.053
485.255,1.031
485.285,1.021
485.315,1.049
485.345,1.017
485.375,1.032
485.405,1.050
485.435,1.039
485.465,1.066
485.495,1.092
485.525,1.077
485.555,1.072
485.585,1.071
485.615,1.038
485.645,1.008
485.675,1.013
485.705,1.043
485.735,1.053
485.765,1.067
485.795,1.078
485.825,1.065
485.855,1.063
485.885,1.073
485.915,1.072
485.945,1.034
485.975,1.045
486.005,1.057
486.035,1.074
486.065,1.064
486.095,1.038
486.125,1.056
486.155,1.055
486.185,1.066
486.215,1.073
486.245,1.039
486.275,1.043
486.305,1.065
486.335,1.071
486.365,1.070
486.395,1.088
486.425,1.078
486.455,1.050
486.485,1.046
486.515,1.057
486.545,1.060
486.575,1.060
486.605,1.072
486.635,1.064
486.665,1.069
486.695,1.071
486.725,1.064
486.755,1.062
486.785,1.068
486.815,1.070
486.845,1.065
486.875,1.064
486.905,1.058
486.935,1.052
486.965,1.047
486.995,1.052
487.025,1.059
487.055,1.068
487.085,1.065
487.115,1.039
487.145,1.043
487.175,1.058
487.205,1.056
487.235,1.080
487.265,1.089
487.295,1.094
487.325,1.046
487.355,1.061
487.385,1.060
487.415,1.070
487.445,1.049
487.475,1.051
487.505,1.076
487.535,1.081
487.565,1.079
487.595,1.061
487.625,1.054
487.655,1.068
487.685,1.061
487.715,1.078
487.745,1.054
487.775,1.086
487.805,1.051
487.835,1.061
487.865,1.062
487.895,1.072
487.925,1.063
487.955,1.088
487.985,1.090
488.015,1.095
488.045,1.102
488.075,1.085
488.105,1.098
488.135,1.090
488.165,1.090
488.195,1.089
488.225,1.092
488.255,1.099
488.285,1.089
488.315,1.054
488.345,1.067
488.375,1.072
488.405,1.081
488.435,1.053
488.465,1.055
488.495,1.097
488.525,1.033
488.555,1.087
488.585,1.095
488.615,1.077
488.645,1.099
488.675,1.093
488.705,1.081
488.735,1.087
488.765,1.092
488.795,1.081
488.825,1.079
488.855,1.077
488.885,1.086
488.915,1.076
488.945,1.071
488.975,1.069
489.005,1.067
489.035,1.069
489.065,1.062
489.095,1.059
489.125,1.054
489.155,1.064
489.185,1.078
489.215,1.068
489.245,1.091
489.275,1.080
489.305,1.062
489.335,1.038
489.365,1.043
489.395,1.039
489.425,1.057
489.455,1.067
489.485,1.067
489.515,1.081
489.545,1.081
489.575,1.079
489.605,1.081
489.635,1.079
489.665,1.056
489.695,1.056
489.725,1.062
489.755,1.042
489.785,1.039
489.815,1.047
489.845,1.043
489.875,1.057
489.905,1.063
489.935,1.049
489.965,1.058
489.995,1.065
490.025,1.066
490.055,1.065
490.085,1.063
490.115,1.069
490.145,1.060
490.175,1.071
490.205,1.064
490.235,1.070
490.265,1.069
490.295,1.067
490.325,1.071
490.355,1.067
490.385,1.071
490.415,1.069
490.445,1.059
490.475,1.062
490.505,1.063
490.535,1.066
490.565,1.073
490.595,1.057
490.625,1.059
490.655,1.062
490.685,1.059
490.715,1.067
490.745,1.069
490.775,1.064
490.805,1.064
490.835,1.063
490.865,1.062
490.895,1.067
490.925,1.065
490.955,1.068
490.985,1.064
491.015,1.062
491.045,1.069
491.075,1.071
491.105,1.066
491.135,1.067
491.165,1.055
491.195,1.060
491.225,1.065
491.255,1.061
491.285,1.064
491.315,1.068
491.345,1.059
491.375,1.067
491.405,1.067
491.435,1.062
491.465,1.064
491.495,1.064
491.525,1.060
491.555,1.064
491.585,1.067
491.615,1.063
491.645,1.055
491.675,1.064
491.705,1.067
491.735,1.063
491.765,1.060
491.795,1.062
491.825,1.061
491.855,1.063
491.885,1.067
491.915,1.069
491.945,1.069
491.975,1.071
492.005,1.068
492.035,1.059
492.065,1.059
492.095,1.054
492.125,1.059
492.155,1.060
492.185,1.061
492.215,1.062
492.245,1.062
492.275,1.066
492.305,1.054
492.335,1.054
492.365,1.036
492.395,1.040
492.425,1.036
492.455,1.038
492.485,1.064
492.515,1.057
492.545,1.078
492.575,1.092
492.605,1.077
492.635,1.053
492.665,1.061
492.695,1.053
492.725,1.045
492.755,1.039
492.785,1.029
492.815,1.017
492.845,1.007
492.875,1.035
492.905,1.048
492.935,1.062
492.965,1.054
492.995,1.062
493.025,1.061
493.055,1.075
493.085,1.076
493.115,1.056
493.145,1.026
493.175,1.023
493.205,1.012
493.235,1.031
493.265,1.057
493.295,1.039
493.325,1.048
493.355,1.035
493.385,1.058
493.415,1.044
493.445,1.031
493.475,1.050
493.505,1.035
493.535,1.085
493.565,1.047
493.595,1.042
493.625,1.077
493.655,1.059
493.685,1.038
493.715,0.945
493.745,1.030
493.775,1.024
493.805,1.011
493.835,1.031
493.865,1.016
493.895,1.044
493.925,1.029
493.955,1.052
493.985,1.037
494.015,1.049
494.045,1.049
494.075,1.056
494.105,1.014
494.135,1.008
494.165,1.022
494.195,1.037
494.225,1.039
494.255,1.037
494.285,1.021
494.315,1.023
494.345,1.031
494.375,1.024
494.405,1.028
494.435,1.028
494.465,1.034
494.495,1.029
494.525,1.023
494.555,1.012
494.585,1.019
494.615,1.013
494.645,1.016
494.675,0.998
494.705,1.048
